# Blender 4.2.3 LTS
# www.blender.org
mtllib SM_SolarPanel_T3.mtl
o SM_SolarPanel_T3_Base
v 1.150000 0.000000 -1.500000
v -1.150000 0.000000 -1.500000
v -1.150000 0.000000 1.500000
v 1.150000 0.000000 1.500000
v -1.500000 0.000000 -1.300000
v -1.500000 0.000000 1.300000
v 1.500000 0.000000 1.300000
v 1.500000 0.000000 -1.300000
v -1.150000 0.000000 -1.300000
v -1.150000 0.000000 1.300000
v 1.150000 0.000000 -1.300000
v 1.150000 0.000000 1.300000
v -1.391911 0.000000 1.500000
v -1.500000 0.000000 1.391911
v -1.500000 0.000000 -1.391911
v -1.391911 0.000000 -1.500000
v 1.500000 0.000000 1.391911
v 1.391911 0.000000 1.500000
v 1.391911 0.000000 -1.500000
v 1.500000 0.000000 -1.391911
v -1.150000 0.843750 -1.500000
v 1.150000 0.843750 -1.500000
v 1.150000 0.843750 1.500000
v 1.335962 0.905231 -1.364929
v -1.150000 0.843750 1.500000
v -1.500000 0.843750 1.300000
v -1.500000 0.843750 -1.300000
v 1.500000 0.843750 -1.300000
v 1.500000 0.843750 1.300000
v -1.395880 0.914766 1.348783
v -1.500000 0.843750 1.391911
v -1.348783 0.914766 1.395880
v -1.391911 0.843750 1.500000
v -1.348783 0.914766 -1.395880
v -1.391911 0.843750 -1.500000
v -1.395880 0.914766 -1.348784
v -1.500000 0.843750 -1.391911
v 1.348783 0.914766 1.395880
v 1.391911 0.843750 1.500000
v 1.395880 0.914766 1.348783
v 1.500000 0.843750 1.391911
v 1.395880 0.914766 -1.348783
v 1.500000 0.843750 -1.391911
v 1.348783 0.914766 -1.395880
v 1.391911 0.843750 -1.500000
v 1.150000 0.000000 -1.490049
v -1.150000 0.000000 -1.490049
v -1.150000 0.000000 1.490049
v 1.150000 0.000000 1.490049
v -1.490049 0.000000 -1.300000
v -1.490049 0.000000 1.300000
v 1.490049 0.000000 1.300000
v 1.490049 0.000000 -1.300000
v -1.150000 0.839943 -1.490807
v -1.126293 0.905235 -1.401469
v 1.126293 0.905235 -1.401469
v 1.150000 0.839943 -1.490807
v 1.150000 0.839943 1.490807
v 1.157245 0.914766 1.395883
v -1.126293 0.905235 1.401469
v -1.150000 0.839943 1.490807
v -1.490807 0.839943 1.300000
v -1.401469 0.905233 1.276293
v -1.401469 0.905233 -1.276293
v -1.490807 0.839943 -1.300000
v 1.490807 0.839943 -1.300000
v 1.401469 0.905233 -1.276293
v 1.401469 0.905233 1.276293
v 1.490807 0.839943 1.300000
v -1.359495 0.914766 1.421740
v -1.421740 0.914766 1.359495
v -1.421740 0.914766 -1.359495
v -1.359495 0.914766 -1.421740
v 1.359495 0.914766 -1.421740
v 1.421739 0.914766 -1.359495
v 1.421739 0.914766 1.359495
v 1.359495 0.914766 1.421740
v -1.421740 0.914766 1.307245
v -1.157245 0.914766 1.421740
v -1.157245 0.914766 -1.421740
v -1.421740 0.914766 -1.307245
v 1.421739 0.914766 1.307245
v 1.157245 0.914766 1.421740
v 1.421739 0.914766 -1.307245
v 1.157245 0.914766 -1.421740
v 1.126293 0.905235 -1.364935
v -1.157245 0.914766 1.395888
v -1.150000 0.905234 -1.388639
v -1.157245 0.914766 -1.395884
v 1.157245 0.914766 -1.395886
v -1.395882 0.914766 -1.307245
v -1.364918 0.905233 1.276293
v -1.395880 0.914766 1.307245
v -1.335963 0.905231 -1.364929
v -1.364933 0.905233 -1.276293
v 1.364925 0.905233 -1.276293
v 1.395878 0.914766 -1.307245
v -1.364929 0.905231 -1.335962
v -1.364918 0.905231 1.335973
v -1.335962 0.905231 1.364929
v 1.126293 0.905235 1.401469
v -1.150000 0.905234 1.388654
v 1.395879 0.914766 1.307245
v 1.364923 0.905233 1.276293
v 1.364923 0.905231 1.335968
v 1.335963 0.905231 1.364929
v 1.150000 0.905234 1.388638
v 1.364925 0.905231 -1.335966
v 1.150000 0.905234 -1.425176
v -1.425176 0.905234 -1.300000
v 1.425176 0.905234 1.300000
v 1.150000 0.905234 -1.388642
v 1.388632 0.905234 -1.300000
v 1.425176 0.905234 -1.300000
v -1.388625 0.905234 1.300000
v -1.425176 0.905234 1.300000
v 1.388632 0.905230 -1.345786
v 1.345783 0.905230 -1.388636
v -1.388625 0.905230 1.345793
v -1.345783 0.905230 1.388636
v 1.388630 0.905230 1.345788
v 1.388630 0.905234 1.300000
v -1.150000 0.905234 -1.425176
v -1.126293 0.905235 -1.364932
v -1.388638 0.905234 -1.300000
v -1.388635 0.905230 -1.345783
v -1.126293 0.905235 1.364949
v -1.345783 0.905230 -1.388636
v -1.150000 0.905234 1.425176
v 1.345783 0.905230 1.388636
v 1.126293 0.905235 1.364931
v 1.150000 0.905234 1.425176
v 1.150000 0.889070 1.300000
v 1.126293 0.889070 1.364931
v 1.150000 0.889070 -1.300000
v -1.126293 0.889070 -1.364932
v -1.150000 0.889070 -1.300000
v 1.126293 0.889070 -1.364935
v -1.364933 0.889069 -1.276293
v -1.126293 0.889070 1.364949
v -1.150000 0.889070 1.300000
v 1.364925 0.889069 -1.276293
v -1.364918 0.889069 1.276293
v 1.364923 0.889069 1.276293
v 1.126293 0.889070 -1.401469
v -1.401469 0.889068 -1.276293
v 1.401469 0.889068 1.276293
v 1.401469 0.889068 -1.276293
v -1.401469 0.889068 1.276293
v 1.364925 0.889066 -1.335966
v 1.335962 0.889067 -1.364929
v -1.364918 0.889066 1.335973
v -1.335962 0.889067 1.364929
v 1.364923 0.889066 1.335968
v -1.126293 0.889070 -1.401469
v -1.364929 0.889066 -1.335962
v -1.335963 0.889067 -1.364929
v -1.126293 0.889070 1.401469
v 1.335963 0.889067 1.364929
v 1.126293 0.889070 1.401469
v -1.362496 0.914766 1.428984
v -1.428984 0.914766 1.362496
v -1.428984 0.914766 -1.362496
v -1.362496 0.914766 -1.428984
v 1.362495 0.914766 -1.428984
v 1.428984 0.914766 -1.362496
v 1.428984 0.914766 1.362496
v 1.362495 0.914766 1.428984
v -1.428984 0.914766 1.300000
v -1.150000 0.914766 1.428984
v -1.150000 0.914766 -1.428984
v -1.428984 0.914766 -1.300000
v 1.428984 0.914766 1.300000
v 1.150000 0.914766 1.428984
v 1.428984 0.914766 -1.300000
v 1.150000 0.914766 -1.428984
v 1.150000 0.914766 -1.388642
v 1.388633 0.914766 -1.300000
v -1.150000 0.914766 1.388643
v -1.388635 0.914766 1.300000
v -1.345783 0.914766 1.388636
v -1.388635 0.914766 1.345783
v -1.388635 0.914766 -1.345783
v -1.345783 0.914766 -1.388636
v 1.345783 0.914766 -1.388636
v 1.388635 0.914766 -1.345783
v 1.388635 0.914766 1.345783
v 1.345783 0.914766 1.388636
v 1.388634 0.914766 1.300000
v 1.150000 0.914766 1.388638
v -1.150000 0.914766 -1.388639
v -1.388638 0.914766 -1.300000
v -1.359495 0.912727 1.421740
v -1.348783 0.912727 1.395880
v -1.395880 0.912727 1.348783
v -1.421740 0.912727 1.359495
v -1.421740 0.912727 -1.359495
v -1.395880 0.912727 -1.348784
v -1.348783 0.912727 -1.395880
v -1.359495 0.912727 -1.421740
v 1.359495 0.912727 -1.421740
v 1.348783 0.912727 -1.395880
v 1.395880 0.912727 -1.348783
v 1.421739 0.912727 -1.359495
v 1.421739 0.912727 1.359495
v 1.395880 0.912727 1.348783
v 1.348783 0.912727 1.395880
v 1.359495 0.912727 1.421740
v -1.421740 0.912727 1.307245
v -1.157245 0.912727 1.421740
v -1.157245 0.912727 -1.421740
v -1.421740 0.912727 -1.307245
v 1.421739 0.912727 1.307245
v 1.157245 0.912727 1.421740
v 1.421739 0.912727 -1.307245
v 1.157245 0.912727 -1.421740
v 1.157245 0.912727 -1.395886
v 1.395878 0.912727 -1.307245
v -1.157245 0.912727 1.395888
v -1.395880 0.912727 1.307245
v 1.395879 0.912727 1.307245
v 1.157245 0.912727 1.395883
v -1.157245 0.912727 -1.395884
v -1.395882 0.912727 -1.307245
v 1.150000 0.052255 1.500000
v 1.150000 0.074304 1.500000
v -1.150000 0.052255 1.500000
v -1.150000 0.074304 1.500000
v -1.150000 0.052255 -1.500000
v -1.150000 0.074304 -1.500000
v 1.150000 0.052255 -1.500000
v 1.150000 0.074304 -1.500000
v 1.500000 0.052255 -1.300000
v 1.500000 0.052255 1.300000
v -1.500000 0.052255 1.300000
v -1.500000 0.052255 -1.300000
v -1.500000 0.052255 1.391911
v -1.391911 0.052255 1.500000
v -1.391911 0.074304 1.500000
v -1.500000 0.052255 -1.391911
v -1.391911 0.074304 -1.500000
v -1.391911 0.052255 -1.500000
v 1.391911 0.052255 -1.500000
v 1.391911 0.074304 -1.500000
v 1.500000 0.052255 -1.391911
v 1.500000 0.052255 1.391911
v 1.391911 0.074304 1.500000
v 1.391911 0.052255 1.500000
v -1.391911 0.818895 -1.500000
v -1.391911 0.810842 -1.500000
v -1.150000 0.818894 -1.500000
v -1.150000 0.810842 -1.500000
v 1.150000 0.810842 -1.500000
v 1.150000 0.818894 -1.500000
v 1.391911 0.810842 -1.500000
v 1.391911 0.818895 -1.500000
v 1.150000 0.810842 1.500000
v 1.150000 0.818894 1.500000
v -1.150000 0.818894 1.500000
v -1.150000 0.810842 1.500000
v 1.391911 0.818895 1.500000
v 1.391911 0.810842 1.500000
v -1.391911 0.810842 1.500000
v -1.391911 0.818895 1.500000
v -1.500000 0.818894 1.300000
v -1.500000 0.818894 -1.300000
v -1.500000 0.818895 1.391911
v -1.500000 0.818895 -1.391911
v 1.500000 0.818894 -1.300000
v 1.500000 0.818894 1.300000
v 1.500000 0.818895 -1.391911
v 1.500000 0.818895 1.391911
v 1.132939 0.091365 1.490049
v 1.150000 0.052255 1.490049
v -1.150000 0.052255 1.490049
v -1.132939 0.091365 1.490049
v -1.132939 0.091365 -1.490049
v -1.150000 0.052255 -1.490049
v 1.132939 0.091365 -1.490049
v 1.150000 0.052255 -1.490049
v 1.468176 0.140767 -1.220746
v 1.490049 0.052255 -1.300000
v 1.468176 0.140767 1.220746
v 1.490049 0.052255 1.300000
v -1.468176 0.140767 1.220746
v -1.490049 0.052255 1.300000
v -1.468176 0.140767 -1.220746
v -1.490049 0.052255 -1.300000
v -1.150000 0.818894 -1.490171
v -1.132939 0.793781 -1.490049
v 1.150000 0.818894 -1.490171
v 1.132939 0.793781 -1.490049
v 1.150000 0.818894 1.490171
v 1.132939 0.793781 1.490049
v -1.132939 0.793781 1.490049
v -1.150000 0.818894 1.490171
v -1.490171 0.818894 1.300000
v -1.462625 0.736231 1.225389
v -1.490171 0.818894 -1.300000
v -1.462625 0.736231 -1.225389
v 1.490171 0.818894 -1.300000
v 1.462625 0.736231 -1.225389
v 1.490171 0.818894 1.300000
v 1.462625 0.736231 1.225389
v -1.471055 0.142728 0.848000
v -1.490049 0.074304 0.770408
v -1.490049 0.074304 -0.770408
v -1.471055 0.142728 -0.848000
v 1.471055 0.142728 -0.848000
v 1.471055 0.142728 0.848000
v -1.401469 0.905230 1.265238
v -1.401469 0.905232 1.273291
v -1.401469 0.905232 -1.273291
v -1.401469 0.905230 -1.265238
v -1.490807 0.839943 -1.273291
v -1.490807 0.839943 -1.265238
v -1.490807 0.839943 1.265238
v -1.490807 0.839943 1.273291
v 1.401469 0.905230 -1.265238
v 1.401469 0.905232 -1.273291
v 1.401469 0.905232 1.273291
v 1.401469 0.905230 1.265238
v 1.490807 0.839943 1.273291
v 1.490807 0.839943 1.265238
v 1.490807 0.839943 -1.265238
v 1.490807 0.839943 -1.273291
v -1.490171 0.818894 1.273291
v -1.490171 0.818893 1.265238
v -1.468176 0.731589 0.846039
v -1.490171 0.818894 -1.273291
v -1.468176 0.731589 -0.846039
v -1.490171 0.818893 -1.265238
v 1.490171 0.818894 -1.273291
v 1.490171 0.818893 -1.265238
v 1.490049 0.810842 -0.770408
v 1.468176 0.731589 -0.846039
v 1.490171 0.818894 1.273291
v 1.468176 0.731589 0.846039
v 1.490049 0.810842 0.770408
v 1.490171 0.818893 1.265238
v -1.002430 0.091365 -1.490049
v -0.977316 0.074304 -1.490049
v 0.977316 0.074304 -1.490049
v 1.002430 0.091365 -1.490049
v 1.002430 0.091365 1.490049
v 0.977316 0.074304 1.490049
v -0.977316 0.074304 1.490049
v -1.002430 0.091365 1.490049
v -0.977316 0.905231 -1.401469
v -0.985369 0.905231 -1.401469
v 0.985369 0.905231 -1.401469
v 0.977316 0.905231 -1.401469
v 0.985369 0.839943 -1.490807
v 0.977316 0.839943 -1.490807
v -0.977316 0.839943 -1.490807
v -0.985369 0.839943 -1.490807
v -0.985369 0.839943 1.490807
v -0.977316 0.839943 1.490807
v 0.977316 0.839943 1.490807
v 0.985369 0.839943 1.490807
v 0.985369 0.818894 1.490171
v 0.977316 0.818893 1.490171
v 0.977316 0.810842 1.490049
v 1.002430 0.793781 1.490049
v -0.985369 0.818894 1.490171
v -1.002430 0.793781 1.490049
v -0.977316 0.810842 1.490049
v -0.977316 0.818893 1.490171
v -0.985369 0.818894 -1.490171
v -0.977316 0.818893 -1.490171
v -0.977316 0.810842 -1.490049
v -1.002430 0.793781 -1.490049
v 0.985369 0.818894 -1.490171
v 1.002430 0.793781 -1.490049
v 0.977316 0.810842 -1.490049
v 0.977316 0.818893 -1.490171
v 0.977316 0.905231 1.401469
v 0.985369 0.905231 1.401469
v -0.985369 0.905231 1.401469
v -0.977316 0.905231 1.401469
v 0.977316 0.905230 -1.425176
v 0.985369 0.905230 -1.425176
v -1.425176 0.905230 -1.265238
v -1.425176 0.905231 -1.273291
v 1.425176 0.905230 1.265238
v 1.425176 0.905231 1.273291
v -1.425176 0.905231 1.273291
v -1.425176 0.905230 1.265238
v 1.425176 0.905231 -1.273291
v 1.425176 0.905230 -1.265238
v -0.977316 0.905230 1.425176
v -0.985369 0.905230 1.425176
v -0.985369 0.905230 -1.425176
v -0.977316 0.905230 -1.425176
v 0.985369 0.905230 1.425176
v 0.977316 0.905230 1.425176
v -1.401469 0.889067 -1.273291
v -1.401469 0.889066 -1.265238
v -1.401469 0.889066 1.265238
v -1.401469 0.889067 1.273291
v 1.401469 0.889066 -1.265238
v 1.401469 0.889067 -1.273291
v 1.401469 0.889067 1.273291
v 1.401469 0.889066 1.265238
v 0.985369 0.889066 -1.401469
v 0.977316 0.889066 -1.401469
v 0.977316 0.889066 1.401469
v 0.985369 0.889066 1.401469
v -0.977316 0.889066 -1.401469
v -0.985369 0.889066 -1.401469
v -0.985369 0.889066 1.401469
v -0.977316 0.889066 1.401469
v -1.481623 0.074304 0.779575
v -1.481623 0.074304 0.770408
v -1.481623 0.074304 -0.779575
v -1.481623 0.074304 -0.770408
v 1.481623 0.074304 -0.779575
v 1.481623 0.074304 -0.770408
v 1.481623 0.074304 0.779575
v 1.481623 0.074304 0.770408
v -1.481623 0.810927 0.779575
v -1.481746 0.819064 1.273291
v -1.481746 0.819063 1.265238
v -1.481623 0.810927 0.770408
v -1.481746 0.819063 -1.265238
v -1.481746 0.819064 -1.273291
v -1.481623 0.810927 -0.779575
v -1.481623 0.810927 -0.770408
v 1.481623 0.810927 -0.779575
v 1.481746 0.819064 -1.273291
v 1.481746 0.819063 -1.265238
v 1.481623 0.810927 -0.770408
v 1.481746 0.819063 1.265238
v 1.481746 0.819064 1.273291
v 1.481623 0.810927 0.779575
v 1.481623 0.810927 0.770408
v -0.985369 0.074304 -1.481623
v -0.977316 0.074304 -1.481623
v 0.985369 0.074304 -1.481623
v 0.977316 0.074304 -1.481623
v 0.985369 0.074304 1.481623
v 0.977316 0.074304 1.481623
v -0.985369 0.074304 1.481623
v -0.977316 0.074304 1.481623
v 0.985369 0.810927 1.481623
v 0.985369 0.819064 1.481746
v 0.977316 0.819063 1.481746
v 0.977316 0.810927 1.481623
v -0.977316 0.819063 1.481746
v -0.985369 0.819064 1.481746
v -0.985369 0.810927 1.481623
v -0.977316 0.810927 1.481623
v -0.985369 0.810927 -1.481623
v -0.985369 0.819064 -1.481746
v -0.977316 0.819063 -1.481746
v -0.977316 0.810927 -1.481623
v 0.977316 0.819063 -1.481746
v 0.985369 0.819064 -1.481746
v 0.985369 0.810927 -1.481623
v 0.977316 0.810927 -1.481623
v -1.409896 0.889067 -1.273291
v -1.409896 0.889066 -1.265238
v -1.409896 0.889066 1.265238
v -1.409896 0.889067 1.273291
v 1.409896 0.889066 -1.265238
v 1.409896 0.889067 -1.273291
v 1.409896 0.889067 1.273291
v 1.409896 0.889066 1.265238
v 0.985369 0.889066 -1.409896
v 0.977316 0.889066 -1.409896
v 0.977316 0.889066 1.409896
v 0.985369 0.889066 1.409896
v -0.977316 0.889066 -1.409896
v -0.985369 0.889066 -1.409896
v -0.985369 0.889066 1.409896
v -0.977316 0.889066 1.409896
v -1.158427 0.818894 1.491573
v -1.158427 0.810842 1.491573
v -1.158386 0.810970 1.481583
v -1.158467 0.819021 1.481786
v -1.158427 0.066251 -1.491573
v -1.158427 0.074304 -1.491573
v -1.158427 0.074304 -1.481623
v -1.158427 0.066251 -1.481623
v 1.158427 0.074304 1.481623
v 1.158427 0.066251 1.481623
v 1.158427 0.066251 1.491573
v 1.158427 0.074304 1.491573
v -1.491573 0.074304 1.388421
v -1.491573 0.066251 1.388421
v -1.388421 0.066251 1.491573
v -1.388421 0.074304 1.491573
v -1.491573 0.066251 -1.388421
v -1.491573 0.074304 -1.388421
v -1.388421 0.074304 -1.491573
v -1.388421 0.066251 -1.491573
v 1.388421 0.066251 -1.491573
v 1.388421 0.074304 -1.491573
v 1.491573 0.074304 -1.388421
v 1.491573 0.066251 -1.388421
v 1.491573 0.066251 1.388421
v 1.491573 0.074304 1.388421
v 1.388421 0.074304 1.491573
v 1.388421 0.066251 1.491573
v -1.491573 0.074304 1.308427
v -1.491573 0.066251 1.308427
v -1.158427 0.066251 1.491573
v -1.158427 0.074304 1.491573
v -1.491573 0.066251 -1.308427
v -1.491573 0.074304 -1.308427
v 1.491573 0.066251 1.308427
v 1.491573 0.074304 1.308427
v 1.158427 0.066251 -1.491573
v 1.158427 0.074304 -1.491573
v 1.491573 0.074304 -1.308427
v 1.491573 0.066251 -1.308427
v 1.158427 0.810842 1.491573
v 1.158427 0.818894 1.491573
v 1.158467 0.819021 1.481786
v 1.158386 0.810970 1.481583
v -1.158427 0.066251 1.481623
v -1.158427 0.074304 1.481623
v 1.491573 0.818895 -1.388421
v 1.491573 0.810842 -1.388421
v 1.388421 0.810842 -1.491573
v 1.388421 0.818895 -1.491573
v 1.388421 0.818895 1.491573
v 1.388421 0.810842 1.491573
v 1.491573 0.810842 1.388421
v 1.491573 0.818895 1.388421
v -1.388421 0.818895 -1.491573
v -1.388421 0.810842 -1.491573
v -1.491573 0.810842 -1.388421
v -1.491573 0.818895 -1.388421
v -1.491573 0.810842 -1.308427
v -1.491573 0.818894 -1.308427
v 1.158427 0.810842 -1.491573
v 1.158427 0.818894 -1.491573
v -1.491573 0.810842 1.388421
v -1.491573 0.818895 1.388421
v -1.491573 0.818894 1.308427
v -1.491573 0.810842 1.308427
v 1.491573 0.818894 -1.308427
v 1.491573 0.810842 -1.308427
v 1.491573 0.810842 1.308427
v 1.491573 0.818894 1.308427
v -1.158427 0.818894 -1.491573
v -1.158427 0.810842 -1.491573
v -1.388421 0.810842 1.491573
v -1.388421 0.818895 1.491573
v -1.481623 0.074304 -1.308427
v -1.481623 0.066251 -1.308427
v 1.481623 0.074304 1.308427
v 1.481623 0.066251 1.308427
v 1.158427 0.074304 -1.481623
v 1.158427 0.066251 -1.481623
v -1.481786 0.819021 -1.308467
v 1.158467 0.819021 -1.481786
v 1.158386 0.810970 -1.481583
v 1.481786 0.819021 1.308467
v 1.481583 0.810970 1.308386
v -1.481786 0.819021 1.308467
v -1.158467 0.819021 -1.481786
v -1.158386 0.810970 -1.481583
v -1.481623 0.074304 1.308427
v -1.481623 0.066251 1.308427
v 1.481623 0.074304 -1.308427
v 1.481623 0.066251 -1.308427
v 1.481786 0.819021 -1.308467
v 1.481583 0.810970 -1.308386
v 1.421699 0.896804 -1.273292
v 1.421699 0.896804 -1.265239
v 1.482274 0.836545 -1.265239
v 1.482274 0.836545 -1.273291
v 1.421699 0.896804 1.265239
v 1.421699 0.896804 1.273292
v 1.482274 0.836545 1.273291
v 1.482274 0.836545 1.265239
v -1.421699 0.896804 1.273292
v -1.421699 0.896804 1.265239
v -1.482274 0.836545 1.265239
v -1.482274 0.836545 1.273291
v -1.421699 0.896804 -1.265239
v -1.421699 0.896804 -1.273292
v -1.482274 0.836545 -1.273291
v -1.482274 0.836545 -1.265239
v 0.985369 0.896804 -1.409896
v 0.977316 0.896804 -1.409896
v -0.977316 0.896804 -1.409896
v -0.985369 0.896804 -1.409896
v 1.409896 0.896804 -1.265239
v 1.409895 0.896805 -1.273292
v -1.409895 0.896805 -1.273292
v -1.409896 0.896804 -1.265239
v -1.409896 0.896804 1.265239
v -1.409895 0.896805 1.273292
v 0.985369 0.896804 1.421699
v 0.977316 0.896804 1.421699
v 0.977316 0.836545 1.482274
v 0.985369 0.836545 1.482274
v -0.977316 0.896804 1.421699
v -0.985369 0.896804 1.421699
v -0.985369 0.836545 1.482274
v -0.977316 0.836545 1.482274
v -0.985369 0.896804 -1.421699
v -0.977316 0.896804 -1.421699
v -0.977316 0.836545 -1.482274
v -0.985369 0.836545 -1.482274
v 0.977316 0.896804 -1.421699
v 0.985369 0.896804 -1.421699
v 0.985369 0.836545 -1.482274
v 0.977316 0.836545 -1.482274
v 1.409895 0.896805 1.273292
v 1.409896 0.896804 1.265239
v -0.985369 0.896804 1.409896
v -0.977316 0.896804 1.409896
v 0.977316 0.896804 1.409896
v 0.985369 0.896804 1.409896
v -1.500000 0.074304 1.391911
v -1.500000 0.074304 1.300000
v -1.500000 0.074304 -1.300000
v -1.500000 0.074304 -1.391911
v 1.500000 0.074304 1.300000
v 1.500000 0.074304 1.391911
v 1.500000 0.074304 -1.391911
v 1.500000 0.074304 -1.300000
v -1.500000 0.810842 -1.391911
v -1.500000 0.810842 -1.300000
v -1.500000 0.810842 1.300000
v -1.500000 0.810842 1.391911
v 1.500000 0.810842 -1.300000
v 1.500000 0.810842 -1.391911
v 1.500000 0.810842 1.391911
v 1.500000 0.810842 1.300000
v 0.985369 0.074304 -1.490049
v 1.150000 0.074304 -1.490049
v -0.985369 0.074304 1.490049
v -1.150000 0.074304 1.490049
v -1.150000 0.810842 1.490049
v -0.985369 0.810842 1.490049
v 1.150000 0.810842 -1.490049
v 0.985369 0.810842 -1.490049
v -1.150000 0.074304 -1.490049
v -0.985369 0.074304 -1.490049
v 1.150000 0.074304 1.490049
v 0.985369 0.074304 1.490049
v 0.985369 0.810842 1.490049
v 1.150000 0.810842 1.490049
v -0.985369 0.810842 -1.490049
v -1.150000 0.810842 -1.490049
v 1.010934 0.099869 -1.483754
v 1.124434 0.099869 -1.483754
v -1.010935 0.099869 1.483754
v -1.124434 0.099869 1.483754
v -1.124434 0.785277 1.483754
v -1.010935 0.785277 1.483754
v 1.124434 0.785277 -1.483754
v 1.010934 0.785277 -1.483754
v -1.124434 0.099869 -1.483754
v -1.010935 0.099869 -1.483754
v 1.124434 0.099869 1.483754
v 1.010934 0.099869 1.483754
v 1.010934 0.785277 1.483754
v 1.124434 0.785277 1.483754
v -1.010935 0.785277 -1.483754
v -1.124434 0.785277 -1.483754
v 1.002430 0.091365 -1.483754
v 1.132939 0.091365 -1.483754
v -1.002430 0.091365 1.483754
v -1.132939 0.091365 1.483754
v -1.132939 0.793781 1.483754
v -1.002430 0.793781 1.483754
v 1.132939 0.793781 -1.483754
v 1.002430 0.793781 -1.483754
v -1.132939 0.091365 -1.483754
v -1.002430 0.091365 -1.483754
v 1.132939 0.091365 1.483754
v 1.002430 0.091365 1.483754
v 1.002430 0.793781 1.483754
v 1.132939 0.793781 1.483754
v -1.002430 0.793781 -1.483754
v -1.132939 0.793781 -1.483754
v 1.010934 0.785277 -1.490535
v 1.124434 0.785277 -1.490535
v -1.010935 0.785277 1.490535
v -1.124434 0.785277 1.490535
v -1.124434 0.099869 1.490535
v -1.010935 0.099869 1.490535
v 1.124434 0.099869 -1.490535
v 1.010934 0.099869 -1.490535
v -1.010935 0.609377 -1.483754
v -1.010935 0.619850 -1.483754
v 1.010934 0.619850 -1.483754
v 1.010934 0.609377 -1.483754
v 1.010934 0.609377 1.483754
v 1.010934 0.619850 1.483754
v -1.010935 0.619850 1.483754
v -1.010935 0.609377 1.483754
v 1.124434 0.619850 1.483754
v 1.124434 0.609377 1.483754
v -1.124434 0.609377 1.483754
v -1.124434 0.619850 1.483754
v -1.124434 0.619850 -1.483754
v -1.124434 0.609377 -1.483754
v 1.124434 0.609377 -1.483754
v 1.124434 0.619850 -1.483754
v -1.124434 0.099869 -1.490535
v -1.010935 0.099869 -1.490535
v 1.124434 0.099869 1.490535
v 1.010934 0.099869 1.490535
v 1.010934 0.785277 1.490535
v 1.124434 0.785277 1.490535
v -1.010935 0.785277 -1.490535
v -1.124434 0.785277 -1.490535
v -1.124434 0.619850 -1.490535
v -1.010935 0.619850 -1.490535
v -1.010935 0.609377 -1.490535
v -1.124434 0.609377 -1.490535
v 1.124434 0.619850 1.490535
v 1.010934 0.619850 1.490535
v 1.010934 0.609377 1.490535
v 1.124434 0.609377 1.490535
v -1.010935 0.619850 1.490535
v -1.124434 0.619850 1.490535
v -1.124434 0.609377 1.490535
v -1.010935 0.609377 1.490535
v 1.010934 0.619850 -1.490535
v 1.124434 0.619850 -1.490535
v 1.124434 0.609377 -1.490535
v 1.010934 0.609377 -1.490535
v -1.124434 0.702563 -1.490535
v 1.067684 0.619850 1.490535
v -1.067684 0.785277 -1.490535
v 1.067684 0.785277 -1.490535
v -1.067684 0.619850 1.490535
v 1.067684 0.785277 1.490535
v -1.067684 0.785277 1.490535
v -1.010935 0.702563 -1.490535
v -1.067684 0.619850 -1.490535
v 1.067684 0.619850 -1.490535
v 1.010934 0.702563 -1.490535
v 1.124434 0.702563 -1.490535
v 1.124434 0.702563 1.490535
v 1.010934 0.702563 1.490535
v -1.010935 0.702563 1.490535
v -1.124434 0.702563 1.490535
v -1.067684 0.702563 -1.490535
v -1.067684 0.702563 1.490535
v 1.067684 0.702563 -1.490535
v 1.067684 0.702563 1.490535
v 1.061314 0.708934 1.490535
v 1.061314 0.778906 1.490535
v 1.017305 0.778906 1.490535
v 1.017305 0.708934 1.490535
v 1.074055 0.708934 -1.490535
v 1.074055 0.778906 -1.490535
v 1.118064 0.778906 -1.490535
v 1.118064 0.708934 -1.490535
v -1.074055 0.708934 1.490535
v -1.074055 0.778906 1.490535
v -1.118064 0.778906 1.490535
v -1.118064 0.708934 1.490535
v -1.061314 0.708934 -1.490535
v -1.061314 0.778906 -1.490535
v -1.017305 0.778906 -1.490535
v -1.017305 0.708934 -1.490535
v -1.061314 0.626221 -1.490535
v -1.061314 0.696193 -1.490535
v -1.017305 0.696193 -1.490535
v -1.017305 0.626221 -1.490535
v -1.118064 0.626221 -1.490535
v -1.118064 0.696193 -1.490535
v -1.074055 0.696193 -1.490535
v -1.074055 0.626221 -1.490535
v -1.118064 0.708934 -1.490535
v -1.118064 0.778906 -1.490535
v -1.074055 0.778906 -1.490535
v -1.074055 0.708934 -1.490535
v -1.074055 0.626221 1.490535
v -1.074055 0.696193 1.490535
v -1.118064 0.696193 1.490535
v -1.118064 0.626221 1.490535
v -1.017305 0.626221 1.490535
v -1.017305 0.696193 1.490535
v -1.061314 0.696193 1.490535
v -1.061314 0.626221 1.490535
v -1.017305 0.708934 1.490535
v -1.017305 0.778906 1.490535
v -1.061314 0.778906 1.490535
v -1.061314 0.708934 1.490535
v 1.074055 0.626221 -1.490535
v 1.074055 0.696193 -1.490535
v 1.118064 0.696193 -1.490535
v 1.118064 0.626221 -1.490535
v 1.017305 0.626221 -1.490535
v 1.017305 0.696193 -1.490535
v 1.061314 0.696193 -1.490535
v 1.061314 0.626221 -1.490535
v 1.017305 0.708934 -1.490535
v 1.017305 0.778906 -1.490535
v 1.061314 0.778906 -1.490535
v 1.061314 0.708934 -1.490535
v 1.061314 0.626221 1.490535
v 1.061314 0.696193 1.490535
v 1.017305 0.696193 1.490535
v 1.017305 0.626221 1.490535
v 1.118064 0.626221 1.490535
v 1.118064 0.696193 1.490535
v 1.074055 0.696193 1.490535
v 1.074055 0.626221 1.490535
v 1.118064 0.708934 1.490535
v 1.118064 0.778906 1.490535
v 1.074055 0.778906 1.490535
v 1.074055 0.708934 1.490535
v 1.061314 0.778906 1.487901
v 1.061314 0.708934 1.487901
v 1.017305 0.708934 1.487901
v 1.017305 0.778906 1.487901
v 1.074055 0.778906 -1.487901
v 1.074055 0.708934 -1.487901
v 1.118064 0.708934 -1.487901
v 1.118064 0.778906 -1.487901
v -1.074055 0.778906 1.487901
v -1.074055 0.708934 1.487901
v -1.118064 0.708934 1.487901
v -1.118064 0.778906 1.487901
v -1.061314 0.778906 -1.487901
v -1.061314 0.708934 -1.487901
v -1.017305 0.708934 -1.487901
v -1.017305 0.778906 -1.487901
v -1.061314 0.696193 -1.487901
v -1.061314 0.626221 -1.487901
v -1.017305 0.626221 -1.487901
v -1.017305 0.696193 -1.487901
v -1.118064 0.626221 -1.487901
v -1.118064 0.696193 -1.487901
v -1.074055 0.626221 -1.487901
v -1.074055 0.696193 -1.487901
v -1.118064 0.708934 -1.487901
v -1.118064 0.778906 -1.487901
v -1.074055 0.708934 -1.487901
v -1.074055 0.778906 -1.487901
v -1.074055 0.696193 1.487901
v -1.074055 0.626221 1.487901
v -1.118064 0.626221 1.487901
v -1.118064 0.696193 1.487901
v -1.017305 0.696193 1.487901
v -1.017305 0.626221 1.487901
v -1.061314 0.626221 1.487901
v -1.061314 0.696193 1.487901
v -1.017305 0.778906 1.487901
v -1.017305 0.708934 1.487901
v -1.061314 0.708934 1.487901
v -1.061314 0.778906 1.487901
v 1.074055 0.696193 -1.487901
v 1.074055 0.626221 -1.487901
v 1.118064 0.626221 -1.487901
v 1.118064 0.696193 -1.487901
v 1.017305 0.696193 -1.487901
v 1.017305 0.626221 -1.487901
v 1.061314 0.626221 -1.487901
v 1.061314 0.696193 -1.487901
v 1.017305 0.778906 -1.487901
v 1.017305 0.708934 -1.487901
v 1.061314 0.708934 -1.487901
v 1.061314 0.778906 -1.487901
v 1.061314 0.696193 1.487901
v 1.061314 0.626221 1.487901
v 1.017305 0.626221 1.487901
v 1.017305 0.696193 1.487901
v 1.118064 0.626221 1.487901
v 1.118064 0.696193 1.487901
v 1.074055 0.626221 1.487901
v 1.074055 0.696193 1.487901
v 1.118064 0.708934 1.487901
v 1.118064 0.778906 1.487901
v 1.074055 0.708934 1.487901
v 1.074055 0.778906 1.487901
v 0.500000 0.074304 -1.490049
v -0.500000 0.074304 1.490049
v -0.500000 0.810842 1.490049
v 0.500000 0.810842 -1.490049
v -0.501203 0.052255 1.490049
v -0.519025 0.093349 1.490049
v -0.519025 0.791817 1.490049
v -0.958291 0.791817 1.490049
v -0.958291 0.093349 1.490049
v 0.519025 0.093349 -1.490049
v 0.519025 0.791817 -1.490049
v 0.958291 0.791817 -1.490049
v 0.958291 0.093349 -1.490049
v -0.519025 0.791817 1.483340
v -0.519025 0.093349 1.483340
v -0.958291 0.093349 1.483340
v -0.958291 0.791817 1.483340
v 0.519025 0.791817 -1.483340
v 0.519025 0.093349 -1.483340
v 0.958291 0.093349 -1.483340
v 0.958291 0.791817 -1.483340
v -0.524392 0.098715 1.483340
v -0.524392 0.786450 1.483340
v -0.952924 0.786450 1.483340
v -0.952924 0.098715 1.483340
v 0.524392 0.098715 -1.483340
v 0.524392 0.786450 -1.483340
v 0.952924 0.786450 -1.483340
v 0.952924 0.098715 -1.483340
v -0.524392 0.786450 1.500192
v -0.524392 0.098715 1.500192
v -0.952924 0.098715 1.500192
v -0.952924 0.786450 1.500192
v 0.524392 0.786450 -1.500192
v 0.524392 0.098715 -1.500192
v 0.952924 0.098715 -1.500192
v 0.952924 0.786450 -1.500192
v -0.537353 0.111676 1.500192
v -0.537353 0.773489 1.500192
v -0.939963 0.773489 1.500192
v -0.939963 0.111676 1.500192
v 0.537353 0.111676 -1.500192
v 0.537353 0.773489 -1.500192
v 0.939963 0.773489 -1.500192
v 0.939963 0.111676 -1.500192
v -0.537353 0.773489 1.495655
v -0.537353 0.111676 1.495655
v -0.939963 0.111676 1.495655
v -0.939963 0.773489 1.495655
v 0.537353 0.773489 -1.495655
v 0.537353 0.111676 -1.495655
v 0.939963 0.111676 -1.495655
v 0.939963 0.773489 -1.495655
v -0.544821 0.119145 1.495655
v -0.544821 0.766021 1.495655
v -0.932495 0.766021 1.495655
v -0.932495 0.119145 1.495655
v 0.544821 0.119145 -1.495655
v 0.544821 0.766021 -1.495655
v 0.932495 0.766021 -1.495655
v 0.932495 0.119145 -1.495655
v -0.544821 0.766021 1.491669
v -0.544821 0.119145 1.491669
v -0.932495 0.119145 1.491669
v -0.932495 0.766021 1.491669
v 0.544821 0.766021 -1.491669
v 0.544821 0.119145 -1.491669
v 0.932495 0.119145 -1.491669
v 0.932495 0.766021 -1.491669
v 0.961655 0.089965 1.490049
v 0.961655 0.795181 1.490049
v -0.961655 0.089965 -1.462665
v -0.961655 0.795181 -1.462665
v 0.484339 0.089965 -1.462665
v 0.484339 0.795181 -1.462665
v -0.484339 0.089965 1.462665
v 0.484339 0.795181 -1.490049
v -0.484339 0.795181 1.462665
v 0.484339 0.089965 -1.490049
v -0.484339 0.089965 1.490049
v -0.484339 0.795181 1.490049
v -0.961655 0.795181 -1.490049
v -0.961655 0.089965 -1.490049
v 0.961655 0.089965 1.462665
v 0.961655 0.795181 1.462665
v -0.948086 0.103533 -1.462665
v -0.948086 0.781613 -1.462665
v 0.470770 0.781613 -1.462665
v 0.470770 0.103533 -1.462665
v 0.948086 0.103533 1.462665
v 0.948086 0.781613 1.462665
v -0.470770 0.781613 1.462665
v -0.470770 0.103533 1.462665
v 0.470770 0.581166 -1.462665
v 0.470770 0.600379 -1.462665
v 0.948086 0.679966 1.462665
v -0.470770 0.205180 1.462665
v -0.470770 0.284767 1.462665
v -0.948086 0.402779 -1.462665
v 0.948086 0.402779 1.462665
v -0.948086 0.482367 -1.462665
v -0.948086 0.284767 -1.462665
v -0.948086 0.205180 -1.462665
v 0.948086 0.205180 1.462665
v -0.470770 0.106380 1.462665
v -0.948086 0.581166 -1.462665
v 0.948086 0.581166 1.462665
v 0.948086 0.501579 1.462665
v -0.470770 0.581166 1.462665
v 0.470770 0.303980 -1.462665
v -0.948086 0.699178 -1.462665
v 0.470770 0.778766 -1.462665
v -0.470770 0.699178 1.462665
v 0.948086 0.106380 1.462665
v -0.948086 0.106380 -1.462665
v -0.948086 0.185967 -1.462665
v 0.470770 0.185967 -1.462665
v -0.948086 0.303980 -1.462665
v 0.470770 0.383567 -1.462665
v 0.948086 0.383567 1.462665
v -0.948086 0.778766 -1.462665
v -0.470770 0.383567 1.462665
v -0.948086 0.383567 -1.462665
v 0.948086 0.185967 1.462665
v -0.948086 0.600379 -1.462665
v -0.948086 0.679966 -1.462665
v 0.470770 0.501579 -1.462665
v 0.948086 0.482367 1.462665
v -0.470770 0.185967 1.462665
v 0.470770 0.402779 -1.462665
v 0.470770 0.482367 -1.462665
v -0.470770 0.482367 1.462665
v -0.470770 0.402779 1.462665
v 0.470770 0.284767 -1.462665
v 0.470770 0.205180 -1.462665
v 0.948086 0.284767 1.462665
v -0.470770 0.679966 1.462665
v -0.470770 0.600379 1.462665
v 0.948086 0.600379 1.462665
v -0.948086 0.501579 -1.462665
v -0.470770 0.501579 1.462665
v -0.470770 0.303980 1.462665
v 0.948086 0.303980 1.462665
v 0.948086 0.699178 1.462665
v 0.948086 0.778766 1.462665
v -0.470770 0.778766 1.462665
v 0.470770 0.699178 -1.462665
v 0.470770 0.679966 -1.462665
v 0.470770 0.106380 -1.462665
v 0.948086 0.383567 1.468015
v -0.470770 0.383567 1.468015
v -0.948086 0.303980 -1.488852
v -0.948086 0.383567 -1.468015
v -0.948086 0.185967 -1.468015
v 0.470770 0.185967 -1.468015
v 0.948086 0.106380 1.488852
v 0.948086 0.185967 1.468015
v -0.948086 0.600379 -1.488852
v -0.948086 0.679966 -1.468015
v 0.470770 0.581166 -1.468015
v 0.470770 0.501579 -1.488852
v 0.470770 0.383567 -1.468015
v -0.948086 0.106380 -1.488852
v 0.948086 0.402779 1.488852
v 0.948086 0.482367 1.468015
v -0.470770 0.185967 1.468015
v 0.470770 0.600379 -1.488852
v -0.470770 0.284767 1.468015
v -0.470770 0.205180 1.488852
v 0.470770 0.402779 -1.488852
v -0.948086 0.402779 -1.488852
v 0.470770 0.482367 -1.468015
v -0.470770 0.482367 1.468015
v -0.470770 0.402779 1.488852
v -0.948086 0.205180 -1.488852
v -0.948086 0.284767 -1.468015
v 0.470770 0.284767 -1.468015
v 0.470770 0.205180 -1.488852
v 0.948086 0.205180 1.488852
v 0.948086 0.284767 1.468015
v -0.470770 0.679966 1.468015
v -0.470770 0.600379 1.488852
v 0.948086 0.600379 1.488852
v -0.948086 0.501579 -1.488852
v -0.948086 0.581166 -1.468015
v 0.948086 0.501579 1.488852
v 0.948086 0.581166 1.468015
v -0.470770 0.581166 1.468015
v -0.470770 0.501579 1.488852
v -0.470770 0.303980 1.488852
v 0.948086 0.303980 1.488852
v 0.948086 0.699178 1.488852
v 0.948086 0.778766 1.468015
v -0.470770 0.778766 1.468015
v -0.470770 0.699178 1.488852
v 0.470770 0.778766 -1.468015
v 0.470770 0.699178 -1.488852
v -0.948086 0.699178 -1.488852
v 0.470770 0.303980 -1.488852
v -0.470770 0.106380 1.488852
v 0.470770 0.679966 -1.468015
v 0.948086 0.679966 1.468015
v 0.470770 0.106380 -1.488852
v -0.948086 0.482367 -1.468015
v -0.948086 0.778766 -1.468015
v -1.029200 0.118135 1.490535
v -1.029200 0.591112 1.490535
v -1.106169 0.591112 1.490535
v -1.106169 0.118135 1.490535
v 1.029200 0.118135 -1.490535
v 1.029200 0.591112 -1.490535
v 1.106169 0.591112 -1.490535
v 1.106169 0.118135 -1.490535
v -1.029200 0.591112 1.484497
v -1.029200 0.118135 1.484497
v -1.106169 0.118135 1.484497
v -1.106169 0.591112 1.484497
v 1.029200 0.591112 -1.484497
v 1.029200 0.118135 -1.484497
v 1.106169 0.118135 -1.484497
v 1.106169 0.591112 -1.484497
v 0.500002 0.074304 -1.481623
v -0.503990 0.066251 1.481623
v -1.490049 0.074304 -0.779575
v -1.490049 0.074304 -1.300000
v 1.490049 0.074304 0.779575
v 1.490049 0.074304 1.300000
v -1.490049 0.810842 -1.300000
v -1.490049 0.810842 -0.779575
v 1.490049 0.810842 1.300000
v 1.490049 0.810842 0.779575
v -1.490049 0.074304 1.300000
v -1.490049 0.074304 0.779575
v 1.490049 0.074304 -1.300000
v 1.490049 0.074304 -0.779575
v -1.490049 0.810842 0.779575
v -1.490049 0.810842 1.300000
v 1.490049 0.810842 -0.779575
v 1.490049 0.810842 -1.300000
v -1.481619 0.114848 -0.820120
v -1.484498 0.116809 -1.244704
v 1.481619 0.114848 0.820120
v 1.484498 0.116809 1.244704
v -1.490049 0.776485 -1.265643
v -1.484498 0.755546 -0.822081
v 1.490049 0.776485 1.265643
v 1.484498 0.755546 0.822081
v -1.484498 0.116809 1.244704
v -1.481619 0.114848 0.820120
v 1.484498 0.116809 -1.244704
v 1.481619 0.114848 -0.820120
v -1.484498 0.755546 0.822081
v -1.490049 0.776485 1.265643
v 1.484498 0.755546 -0.822081
v 1.490049 0.776485 -1.265643
v -1.490049 0.108661 -0.813933
v -1.490049 0.108661 -1.265643
v 1.490049 0.108661 0.813933
v 1.490049 0.108661 1.265643
v -1.490049 0.108661 1.265643
v -1.490049 0.108661 0.813933
v 1.490049 0.108661 -1.265643
v 1.490049 0.108661 -0.813933
v 1.490049 0.776485 -0.813933
v 1.490049 0.776485 0.813933
v -1.490049 0.776485 0.813933
v -1.490049 0.776485 -0.813933
v -1.462625 0.148915 -0.854187
v -1.462625 0.148915 -1.225389
v 1.462625 0.148915 0.854187
v 1.462625 0.148915 1.225389
v -1.462625 0.148915 1.225389
v -1.462625 0.148915 0.854187
v 1.462625 0.148915 -1.225389
v 1.462625 0.148915 -0.854187
v 1.462625 0.736231 -0.854187
v 1.462625 0.736231 0.854187
v -1.462625 0.736231 0.854187
v -1.462625 0.736231 -0.854187
v -1.478551 0.114053 -0.819324
v -1.467987 0.141933 -0.847204
v 1.478551 0.114053 0.819324
v 1.467987 0.141933 0.847204
v -1.467987 0.141933 0.847204
v -1.478551 0.114053 0.819324
v 1.467987 0.141933 -0.847204
v 1.478551 0.114053 -0.819324
v -1.481597 0.115305 -1.244704
v 1.481597 0.115305 1.244704
v -1.481597 0.115305 1.244704
v 1.481597 0.115305 -1.244704
v 1.481597 0.755546 -0.820576
v 1.481597 0.755546 0.820576
v -1.481597 0.755546 0.820576
v -1.481597 0.755546 -0.820576
v -1.465275 0.139262 -1.220746
v 1.465275 0.139262 1.220746
v -1.465275 0.139262 1.220746
v 1.465275 0.139262 -1.220746
v 1.465275 0.731589 -0.844534
v 1.465275 0.731589 0.844534
v -1.465275 0.731589 0.844534
v -1.465275 0.731589 -0.844534
v 1.490049 0.074304 -0.770408
v 1.490049 0.074304 0.770408
v -1.490049 0.810842 -0.770408
v -1.490049 0.810842 0.770408
v -1.417717 0.110799 1.474194
v -1.417717 0.774347 1.474194
v -1.474194 0.774347 1.417717
v -1.474194 0.110799 1.417717
v 1.474194 0.774347 -1.417717
v 1.474194 0.110799 -1.417717
v 1.417717 0.110799 -1.474194
v 1.417717 0.774347 -1.474194
v -1.417717 0.774347 -1.474194
v -1.417717 0.110799 -1.474194
v -1.474194 0.110799 -1.417717
v -1.474194 0.774347 -1.417717
v 1.417717 0.774347 1.474194
v 1.417717 0.110799 1.474194
v 1.474194 0.110799 1.417717
v 1.474194 0.774347 1.417717
v -1.410498 0.774347 1.466975
v -1.410498 0.110799 1.466975
v -1.466975 0.110799 1.410498
v -1.466975 0.774347 1.410498
v 1.466975 0.110799 -1.410498
v 1.466975 0.774347 -1.410498
v 1.410498 0.774347 -1.466975
v 1.410498 0.110799 -1.466975
v -1.410498 0.110799 -1.466975
v -1.410498 0.774347 -1.466975
v -1.466975 0.774347 -1.410498
v -1.466975 0.110799 -1.410498
v 1.410498 0.110799 1.466975
v 1.410498 0.774347 1.466975
v 1.466975 0.774347 1.410498
v 1.466975 0.110799 1.410498
v -1.416113 0.118740 1.461360
v -1.416113 0.766406 1.461360
v -1.461360 0.766406 1.416113
v -1.461360 0.118740 1.416113
v 1.461360 0.766406 -1.416113
v 1.461360 0.118740 -1.416113
v 1.416113 0.118740 -1.461360
v 1.416113 0.766406 -1.461360
v -1.416113 0.766406 -1.461360
v -1.416113 0.118740 -1.461360
v -1.461360 0.118740 -1.416113
v -1.461360 0.766406 -1.416113
v 1.416113 0.766406 1.461360
v 1.416113 0.118740 1.461360
v 1.461360 0.118740 1.416113
v 1.461360 0.766406 1.416113
v -1.412364 0.766406 1.457610
v -1.412364 0.118740 1.457610
v -1.457610 0.118740 1.412364
v -1.457610 0.766406 1.412364
v 1.457610 0.118740 -1.412364
v 1.457610 0.766406 -1.412364
v 1.412364 0.766406 -1.457610
v 1.412364 0.118740 -1.457610
v -1.412364 0.118740 -1.457610
v -1.412364 0.766406 -1.457610
v -1.457610 0.766406 -1.412364
v -1.457610 0.118740 -1.412364
v 1.412364 0.118740 1.457610
v 1.412364 0.766406 1.457610
v 1.457610 0.766406 1.412364
v 1.457610 0.118740 1.412364
v 1.461176 0.111414 -0.213307
v 1.461176 0.111414 0.213307
v 1.461176 0.773732 0.213307
v 1.461176 0.773732 -0.213307
v -1.461176 0.773732 -0.213307
v -1.461176 0.111414 -0.213307
v -1.461176 0.773732 0.213307
v -1.461176 0.111414 0.213307
v 1.461176 0.128356 0.197042
v 1.461176 0.128356 -0.197042
v 1.461176 0.756790 -0.197042
v 1.461176 0.756790 0.197042
v -1.461176 0.756790 -0.197042
v -1.461176 0.128356 -0.197042
v -1.461176 0.128356 0.197042
v -1.461176 0.756790 0.197042
v 1.478492 0.128356 0.197042
v 1.478492 0.756790 0.197042
v -1.478492 0.756790 0.197042
v -1.478492 0.128356 0.197042
v 1.478492 0.168965 0.080080
v 1.478492 0.250192 0.158058
v 1.478492 0.250192 -0.158058
v 1.478492 0.168965 -0.080080
v 1.478492 0.128392 -0.197008
v 1.478492 0.716181 -0.080080
v 1.478492 0.634954 -0.158058
v 1.478492 0.756754 -0.197008
v 1.478492 0.634954 0.158058
v 1.478492 0.716181 0.080080
v -1.478492 0.634954 -0.158058
v -1.478492 0.716181 -0.080080
v -1.478492 0.756754 -0.197008
v -1.478492 0.168965 -0.080080
v -1.478492 0.250192 -0.158058
v -1.478492 0.128392 -0.197008
v -1.478492 0.250192 0.158058
v -1.478492 0.168965 0.080080
v -1.478492 0.716181 0.080080
v -1.478492 0.634954 0.158058
v 1.445944 0.168965 -0.080080
v 1.445944 0.250192 -0.158058
v 1.445944 0.250192 0.158058
v 1.445944 0.168965 0.080080
v 1.445944 0.716181 0.080080
v 1.445944 0.634954 0.158058
v 1.445944 0.634954 -0.158058
v 1.445944 0.716181 -0.080080
v -1.445944 0.716181 -0.080080
v -1.445944 0.634954 -0.158058
v -1.445944 0.250192 -0.158058
v -1.445944 0.168965 -0.080080
v -1.445944 0.634954 0.158058
v -1.445944 0.716181 0.080080
v -1.445944 0.168965 0.080080
v -1.445944 0.250192 0.158058
v 1.445944 0.257238 0.141730
v 1.445944 0.185973 0.073316
v 1.445944 0.185973 -0.073316
v 1.445944 0.257238 -0.141730
v 1.445944 0.627908 -0.141730
v 1.445944 0.699173 -0.073316
v 1.445944 0.699173 0.073316
v 1.445944 0.627908 0.141730
v -1.445944 0.699173 -0.073316
v -1.445944 0.627908 -0.141730
v -1.445944 0.257238 -0.141730
v -1.445944 0.185973 -0.073316
v -1.445944 0.185973 0.073316
v -1.445944 0.257238 0.141730
v -1.445944 0.627908 0.141730
v -1.445944 0.699173 0.073316
v 1.437412 0.185973 0.073316
v 1.437412 0.257238 0.141730
v 1.437412 0.627908 0.141730
v 1.437412 0.185973 -0.073316
v 1.437412 0.257238 -0.141730
v 1.437412 0.627908 -0.141730
v 1.437412 0.699173 -0.073316
v 1.437412 0.699173 0.073316
v -1.437412 0.627908 -0.141730
v -1.437412 0.699173 -0.073316
v -1.437412 0.699173 0.073316
v -1.437412 0.257238 -0.141730
v -1.437412 0.185973 -0.073316
v -1.437412 0.185973 0.073316
v -1.437412 0.257238 0.141730
v -1.437412 0.627908 0.141730
v 1.472954 0.111414 0.213307
v 1.490049 0.094319 0.229719
v 1.490049 0.094319 -0.229718
v 1.472954 0.111414 -0.213307
v 1.490049 0.790827 -0.229718
v 1.472954 0.773732 -0.213307
v 1.472954 0.773732 0.213307
v 1.490049 0.790827 0.229719
v -1.472954 0.773732 -0.213307
v -1.490049 0.790827 -0.229718
v -1.490049 0.094319 -0.229718
v -1.472954 0.111414 -0.213307
v -1.490049 0.094319 0.229719
v -1.472954 0.111414 0.213307
v -1.472954 0.773732 0.213307
v -1.490049 0.790827 0.229719
v -0.000000 1.136287 -0.939097
v -1.282138 0.848322 -1.062018
v -1.282138 0.848322 1.062018
v 1.282138 0.848322 1.062018
v 0.469548 1.136287 -0.813282
v 1.282138 0.848322 -1.062018
v -1.012414 0.848322 1.325000
v 0.813282 1.136287 -0.469548
v 1.012414 0.848322 1.325000
v 0.939097 1.136287 -0.000000
v 1.012414 0.848322 -1.325000
v -1.012415 0.848322 -1.325000
v 1.274244 0.952972 1.273570
v 0.813282 1.136287 0.469548
v 1.274244 0.941292 1.273570
v 1.205841 0.941292 1.319679
v 0.469548 1.136287 0.813282
v 1.205841 0.952972 1.319679
v 0.000000 1.136287 0.939097
v -1.012414 0.848322 1.032780
v 1.012414 0.848322 1.032780
v -0.469548 1.136287 0.813282
v -1.012414 0.848322 -1.032780
v 1.012414 0.848322 -1.032780
v -1.005334 0.848322 1.307212
v -0.813282 1.136287 0.469548
v 1.005334 0.848322 1.307212
v 1.005334 0.848322 -1.307212
v -0.939097 1.136287 0.000000
v -1.005334 0.848322 -1.307212
v -1.141466 1.123907 -1.032780
v -0.813282 1.136287 -0.469548
v 1.141466 1.123907 1.032780
v -1.005334 0.848322 1.032780
v -0.469548 1.136287 -0.813282
v 1.005334 0.848322 1.032780
v -1.005334 0.848322 -1.032780
v 1.005334 0.848322 -1.032780
v 1.017615 0.941292 -1.320430
v 1.017615 0.952972 -1.320430
v -1.017615 0.941292 1.320430
v -1.017615 0.952972 1.320430
v 1.017615 0.952972 1.320430
v 1.017615 0.941292 1.320430
v -1.010534 0.941292 1.302642
v -1.010534 0.952972 1.302642
v 1.010534 0.952972 1.302642
v 1.010534 0.941292 1.302642
v -1.017615 0.952972 -1.320430
v -1.017615 0.941292 -1.320430
v 1.282138 0.848322 1.275774
v 1.209111 0.848322 1.325000
v -1.209111 0.848322 1.325000
v -1.282138 0.848322 1.275774
v 1.209111 0.848322 -1.325000
v 1.282138 0.848322 -1.275774
v -1.282138 0.848322 -1.275774
v -1.209111 0.848322 -1.325000
v 1.010534 0.941292 -1.302642
v 1.010534 0.952972 -1.302642
v -1.010534 0.952972 -1.302642
v -1.010534 0.941292 -1.302642
v -1.273594 0.952972 -1.066368
v -1.273594 0.952972 -1.057668
v -1.273594 0.941292 -1.062018
v -1.273594 0.941292 1.062018
v -1.273594 0.952972 1.057669
v -1.273594 0.952972 1.066368
v 1.273594 0.952972 1.066368
v 1.273594 0.952972 1.057669
v 1.273594 0.941292 1.062018
v 1.273594 0.941292 -1.062018
v 1.273594 0.952972 -1.057668
v 1.273594 0.952972 -1.066368
v 1.012414 1.066870 1.325000
v 1.017619 1.104383 1.289312
v -1.017619 1.104383 1.289312
v -1.012414 1.066870 1.325000
v -1.012414 1.066870 -1.325000
v -1.017620 1.104383 -1.289312
v 1.017619 1.104383 -1.289312
v 1.012414 1.066870 -1.325000
v 1.010538 1.104383 1.270820
v 1.005334 1.066870 1.307212
v -1.005334 1.066870 1.307212
v -1.010538 1.104383 1.270820
v -1.010538 1.104383 -1.270820
v -1.005334 1.066870 -1.307212
v 1.005334 1.066870 -1.307212
v 1.010538 1.104383 -1.270820
v 1.193762 1.104383 1.289431
v 1.209111 1.066870 1.325000
v 1.233972 1.104383 1.262326
v 1.282138 1.066870 1.275774
v -1.233972 1.104383 1.262326
v -1.282138 1.066870 1.275774
v -1.193762 1.104383 1.289431
v -1.209111 1.066870 1.325000
v 1.233972 1.104383 -1.262325
v 1.282138 1.066870 -1.275774
v 1.193761 1.104383 -1.289430
v 1.209111 1.066870 -1.325000
v -1.193762 1.104383 -1.289430
v -1.209111 1.066870 -1.325000
v -1.233972 1.104383 -1.262325
v -1.282138 1.066870 -1.275774
v -1.141466 1.123907 1.032780
v -1.193091 1.128846 -0.981603
v -1.193091 1.104383 -1.032780
v 1.141466 1.123907 -1.032780
v 1.193090 1.128846 -0.981603
v 1.193090 1.104383 -1.032780
v -1.193091 1.128846 0.981603
v -1.193091 1.104383 1.032780
v 1.193091 1.128846 0.981603
v 1.193091 1.104383 1.032780
v -1.127138 1.145068 -1.032780
v -1.193091 1.151107 -0.981603
v -1.101670 1.168118 -1.032780
v -1.130858 1.231893 -0.999823
v 1.101670 1.168118 -1.032780
v 1.130858 1.231893 -0.999823
v 1.127138 1.145068 -1.032780
v 1.193090 1.151107 -0.981603
v -1.101670 1.168118 1.032780
v -1.130858 1.231893 0.999823
v -1.127138 1.145068 1.032780
v -1.193091 1.151107 0.981603
v 1.127138 1.145068 1.032780
v 1.193091 1.151107 0.981603
v 1.101670 1.168118 1.032780
v 1.130858 1.231893 0.999823
v -1.193091 1.104383 -1.057668
v 1.193090 1.104383 -1.057668
v -1.193091 1.104383 1.057669
v 1.193091 1.104383 1.057669
v 1.282138 0.952972 -1.057668
v 1.282138 0.924895 -1.062018
v 1.282138 0.952972 -1.066368
v 1.282138 0.952972 1.057669
v 1.282138 0.952972 1.066368
v 1.282138 0.924895 1.062018
v -1.282138 0.952972 1.057669
v -1.282138 0.924895 1.062018
v -1.282138 0.952972 1.066368
v -1.282138 0.952972 -1.057668
v -1.282138 0.952972 -1.066368
v -1.282138 0.924895 -1.062018
v -1.012415 0.924895 -1.325000
v -1.012415 0.952972 -1.325000
v 1.012414 0.952972 -1.325000
v 1.012414 0.924895 -1.325000
v 1.012414 0.924895 1.325000
v 1.012414 0.952972 1.325000
v -1.012414 0.952972 1.325000
v -1.012414 0.924895 1.325000
v 1.005334 0.924895 1.307212
v 1.005334 0.952972 1.307212
v -1.005334 0.952972 1.307212
v -1.005334 0.924895 1.307212
v -1.005334 0.924895 -1.307212
v -1.005334 0.952972 -1.307212
v 1.005334 0.952972 -1.307212
v 1.005334 0.924895 -1.307212
v 1.209111 0.952972 1.325000
v 1.209111 0.924895 1.325000
v 1.282138 0.924895 1.275774
v 1.282138 0.952972 1.275774
v -1.209111 0.924895 1.325000
v -1.209111 0.952972 1.325000
v -1.282138 0.952972 1.275774
v -1.282138 0.924895 1.275774
v -1.282138 0.924895 -1.275774
v -1.282138 0.952972 -1.275774
v -1.209111 0.952972 -1.325000
v -1.209111 0.924895 -1.325000
v 1.209111 0.924895 -1.325000
v 1.209111 0.952972 -1.325000
v 1.282138 0.952972 -1.275774
v 1.282138 0.924895 -1.275774
v -1.282138 1.066870 1.057669
v -1.282138 1.066870 1.066368
v -1.233972 1.104383 1.077301
v -1.240690 1.104383 1.057669
v -1.240690 1.104383 -1.057668
v -1.233972 1.104383 -1.077301
v -1.282138 1.066870 -1.066368
v -1.282138 1.066870 -1.057668
v 1.282138 1.066870 -1.057668
v 1.282138 1.066870 -1.066368
v 1.233972 1.104383 -1.077301
v 1.240690 1.104383 -1.057668
v 1.240690 1.104383 1.057669
v 1.233972 1.104383 1.077301
v 1.282138 1.066870 1.066368
v 1.282138 1.066870 1.057669
v -1.205841 0.941292 1.319679
v -1.205841 0.952972 1.319679
v -1.274244 0.952972 1.273570
v -1.274244 0.941292 1.273570
v -1.274244 0.941292 -1.273570
v -1.274244 0.952972 -1.273570
v -1.205841 0.952972 -1.319679
v -1.205841 0.941292 -1.319679
v 1.205841 0.941292 -1.319679
v 1.205841 0.952972 -1.319679
v 1.274244 0.952972 -1.273570
v 1.274244 0.941292 -1.273570
v -1.274244 1.063911 1.057669
v -1.274244 1.063911 1.066368
v -1.237420 1.097239 1.066368
v -1.237420 1.097239 1.057669
v -1.237420 1.097239 -1.057668
v -1.237420 1.097239 -1.066368
v -1.274244 1.063911 -1.066368
v -1.274244 1.063911 -1.057668
v 1.274244 1.063911 -1.057668
v 1.274244 1.063911 -1.066368
v 1.237420 1.097239 -1.066368
v 1.237420 1.097239 -1.057668
v 1.237420 1.097239 1.057669
v 1.237420 1.097239 1.066368
v 1.274244 1.063911 1.066368
v 1.274244 1.063911 1.057669
v 0.984432 0.874955 1.307212
v 0.984432 0.898262 1.307212
v -0.984432 0.898262 1.307212
v -0.984432 0.874955 1.307212
v -0.984432 0.874955 -1.307212
v -0.984432 0.898262 -1.307212
v 0.984432 0.898262 -1.307212
v 0.984432 0.874955 -1.307212
v 0.984432 0.898262 1.305162
v 0.984432 0.874955 1.305162
v -0.984432 0.874955 1.305162
v -0.984432 0.898262 1.305162
v -0.984432 0.898262 -1.305162
v -0.984432 0.874955 -1.305162
v 0.984432 0.874955 -1.305162
v 0.984432 0.898262 -1.305162
v 0.981244 0.877840 1.305162
v 0.981244 0.895378 1.305162
v -0.981244 0.895378 1.305162
v -0.981244 0.877840 1.305162
v -0.981244 0.877840 -1.305162
v -0.981244 0.895378 -1.305162
v 0.981244 0.895378 -1.305162
v 0.981244 0.877840 -1.305162
v 0.981244 0.895378 1.303933
v 0.981244 0.877840 1.303933
v -0.981244 0.877840 1.303933
v -0.981244 0.895378 1.303933
v -0.981244 0.895378 -1.303932
v -0.981244 0.877840 -1.303932
v 0.981244 0.877840 -1.303932
v 0.981244 0.895378 -1.303932
v -1.205826 1.104383 1.096273
v -1.205826 1.104383 1.254467
v -1.182115 1.104383 1.270450
v -1.039428 1.104383 1.270354
v -1.032341 1.104383 1.251848
v 1.032341 1.104383 1.251848
v 1.039428 1.104383 1.270354
v 1.182115 1.104383 1.270450
v 1.205826 1.104383 1.254467
v 1.205826 1.104383 1.096273
v 1.205826 1.104383 -1.096273
v 1.205826 1.104383 -1.254467
v 1.182115 1.104383 -1.270450
v 1.039428 1.104383 -1.270354
v 1.032341 1.104383 -1.251847
v -1.032341 1.104383 -1.251847
v -1.039428 1.104383 -1.270354
v -1.182115 1.104383 -1.270450
v -1.205826 1.104383 -1.254467
v -1.205826 1.104383 -1.096273
v -1.155388 1.130751 1.119476
v -1.155388 1.130751 1.228303
v -1.137781 1.130751 1.237472
v -1.017835 1.130751 1.237410
v -1.011523 1.130751 1.224676
v 1.011523 1.130751 1.224676
v 1.017835 1.130751 1.237410
v 1.137781 1.130751 1.237472
v 1.155388 1.130751 1.228303
v 1.155388 1.130751 1.119476
v -1.155388 1.130751 -1.119476
v 1.155388 1.130751 -1.119476
v 1.155388 1.130751 -1.228302
v 1.137781 1.130751 -1.237472
v 1.017835 1.130751 -1.237409
v 1.011523 1.130751 -1.224676
v -1.011523 1.130751 -1.224676
v -1.017835 1.130751 -1.237409
v -1.137781 1.130751 -1.237472
v -1.155388 1.130751 -1.228302
v -1.005334 1.104383 1.275349
v -1.012414 1.104383 1.293837
v 1.005334 1.104383 -1.275349
v 1.012414 1.104383 -1.293837
v 1.012414 1.104383 1.293837
v 1.005334 1.104383 1.275349
v -1.012414 1.104383 -1.293837
v -1.005334 1.104383 -1.275349
v 1.240690 1.104383 1.264201
v 1.196541 1.104383 1.293961
v -1.196541 1.104383 1.293961
v -1.240690 1.104383 1.264201
v -1.240690 1.104383 -1.264201
v -1.196542 1.104383 -1.293961
v 1.196541 1.104383 -1.293961
v 1.240690 1.104383 -1.264201
v -1.240690 1.104383 -1.066368
v 1.240690 1.104383 -1.066368
v -1.240690 1.104383 1.066368
v 1.240690 1.104383 1.066368
v -1.199108 1.104383 1.094398
v -1.199108 1.104383 1.252591
v -1.179335 1.104383 1.265920
v -1.044633 1.104383 1.265829
v -1.037544 1.104383 1.247319
v 1.037544 1.104383 1.247319
v 1.044633 1.104383 1.265829
v 1.179335 1.104383 1.265920
v 1.199108 1.104383 1.252591
v 1.199108 1.104383 1.094398
v 1.199108 1.104383 -1.094398
v 1.199108 1.104383 -1.252591
v 1.179335 1.104383 -1.265920
v 1.044633 1.104383 -1.265829
v 1.037544 1.104383 -1.247319
v -1.037544 1.104383 -1.247319
v -1.044633 1.104383 -1.265829
v -1.179335 1.104383 -1.265920
v -1.199108 1.104383 -1.252591
v -1.199108 1.104383 -1.094398
v -1.233972 1.102532 1.262326
v -1.205826 1.102532 1.254467
v -1.193762 1.102532 1.289431
v -1.182115 1.102532 1.270450
v -1.017619 1.102532 1.289312
v -1.039428 1.102532 1.270354
v -1.010538 1.102532 1.270820
v -1.032341 1.102532 1.251848
v 1.010538 1.102532 1.270820
v 1.032341 1.102532 1.251848
v 1.017619 1.102532 1.289312
v 1.039428 1.102532 1.270354
v 1.193762 1.102532 1.289431
v 1.182115 1.102532 1.270450
v 1.233972 1.102532 1.262326
v 1.205826 1.102532 1.254467
v 1.233972 1.102532 -1.262325
v 1.205826 1.102532 -1.254467
v 1.193761 1.102532 -1.289430
v 1.182115 1.102532 -1.270450
v 1.017619 1.102532 -1.289312
v 1.039428 1.102532 -1.270354
v 1.010538 1.102532 -1.270820
v 1.032341 1.102532 -1.251847
v -1.010538 1.102532 -1.270820
v -1.032341 1.102532 -1.251847
v -1.017620 1.102532 -1.289312
v -1.039428 1.102532 -1.270354
v -1.193762 1.102532 -1.289430
v -1.182115 1.102532 -1.270450
v -1.233972 1.102532 -1.262325
v -1.205826 1.102532 -1.254467
v -1.233972 1.102532 -1.077301
v 1.233972 1.102532 -1.077301
v -1.233972 1.102532 1.077301
v 1.233972 1.102532 1.077301
v -1.205826 1.102532 1.096273
v 1.205826 1.102532 1.096273
v 1.205826 1.102532 -1.096273
v -1.205826 1.102532 -1.096273
v -1.193091 1.104383 -0.999823
v -1.193091 1.175569 -0.999823
v -1.193091 1.175569 0.999823
v -1.193091 1.104383 0.999823
v 1.193090 1.175569 -0.999823
v 1.193090 1.104383 -0.999823
v 1.193091 1.104383 0.999823
v 1.193091 1.175569 0.999823
v -1.190819 1.132813 -0.978648
v -1.190819 1.147139 -0.978648
v -1.190819 1.147139 0.978648
v -1.190819 1.132813 0.978648
v 1.190818 1.147139 -0.978648
v 1.190818 1.132813 -0.978648
v 1.190818 1.132813 0.978648
v 1.190818 1.147139 0.978648
v -1.190819 1.128846 -0.981603
v -1.190819 1.151107 -0.981603
v -1.190819 1.151107 0.981603
v -1.190819 1.128846 0.981603
v 1.190818 1.151107 -0.981603
v 1.190818 1.128846 -0.981603
v 1.190818 1.128846 0.981603
v 1.190818 1.151107 0.981603
v -1.189546 1.132813 -0.978648
v -1.189546 1.147139 -0.978648
v -1.189546 1.147139 0.978648
v -1.189546 1.132813 0.978648
v 1.189546 1.147139 -0.978648
v 1.189546 1.132813 -0.978648
v 1.189546 1.132813 0.978648
v 1.189546 1.147139 0.978648
v -1.144198 1.157240 1.032780
v -1.110606 1.187642 1.032780
v -1.110606 1.187642 -1.032780
v -1.144198 1.157240 -1.032780
v 1.110606 1.187642 1.032780
v 1.144198 1.157240 1.032780
v 1.144198 1.157240 -1.032780
v 1.110606 1.187642 -1.032780
v 1.179988 1.104383 -1.032780
v -1.179988 1.104383 -1.032780
v -1.179988 1.104383 1.032780
v 1.179988 1.104383 1.032780
v -1.127138 1.145068 1.027641
v -1.101670 1.168118 1.027641
v -1.101670 1.168118 -1.027641
v -1.127138 1.145068 -1.027641
v 1.101670 1.168118 1.027641
v 1.127138 1.145068 1.027641
v 1.127138 1.145068 -1.027641
v 1.101670 1.168118 -1.027641
v 1.141466 1.123907 -1.027641
v -1.141466 1.123907 -1.027641
v -1.141466 1.123907 1.027641
v 1.141466 1.123907 1.027641
v 0.847955 1.231893 0.489567
v 0.813282 1.193220 0.469548
v 0.680862 1.193220 0.601968
v 0.709889 1.231893 0.627633
v 0.939097 1.193220 -0.000000
v 0.979134 1.231893 -0.000000
v -0.000000 1.193220 -0.939097
v -0.000000 1.231893 -0.979134
v 0.469548 1.193220 -0.813282
v 0.489567 1.231893 -0.847955
v -0.469548 1.193220 -0.813282
v -0.489567 1.231893 -0.847955
v 0.813282 1.193220 -0.469548
v 0.847955 1.231893 -0.489567
v -0.680862 1.193220 -0.601968
v -0.709890 1.231893 -0.627633
v 0.000000 1.193220 0.939097
v 0.000000 1.231893 0.979134
v 0.469548 1.193220 0.813282
v 0.489567 1.231893 0.847955
v -0.469548 1.193220 0.813282
v -0.489567 1.231893 0.847955
v -0.813282 1.193220 0.469548
v -0.847955 1.231893 0.489567
v -0.813282 1.193220 -0.469548
v -0.847955 1.231893 -0.489567
v -0.979134 1.231893 0.000000
v -0.939097 1.193220 0.000000
vn -0.0000 -0.0000 -1.0000
vn 0.7071 -0.0000 0.7071
vn 1.0000 -0.0000 -0.0000
vn -0.0000 -0.0000 1.0000
vn -0.0000 -1.0000 -0.0000
vn 0.7071 -0.0000 -0.7071
vn -1.0000 -0.0000 -0.0000
vn -0.0000 1.0000 -0.0000
vn -0.7071 -0.0000 -0.7071
vn -0.5000 0.7071 0.5000
vn -0.5000 0.7071 -0.5000
vn 0.5000 0.7071 -0.5000
vn 0.5000 0.7071 0.5000
vn -0.7071 0.7071 -0.0000
vn -0.0000 0.7071 0.7071
vn -0.0000 0.7071 -0.7071
vn 0.7071 0.7071 -0.0000
vn -0.7071 -0.0000 0.7071
vn -0.0000 -0.0302 0.9995
vn -0.9995 -0.0302 -0.0000
vn 0.9995 -0.0302 -0.0000
vn -0.0000 -0.0302 -0.9995
vn 0.7053 0.7089 0.0001
vn -0.7053 0.7089 -0.0001
vn -0.7053 0.7090 -0.0000
vn 0.7053 0.7090 -0.0000
vn 0.0001 -0.0006 -1.0000
vn 1.0000 0.0011 -0.0000
vn 1.0000 -0.0000 0.0001
vn -1.0000 0.0002 -0.0000
vn -1.0000 0.0005 -0.0000
vn -0.0000 0.7089 0.7053
vn -0.0000 0.7089 -0.7053
vn -0.0000 0.7090 0.7053
vn -0.0000 0.7090 -0.7053
vn 0.0001 -0.0000 -1.0000
vn 0.0001 1.0000 -0.0002
vn -0.7053 0.7089 0.0001
vn 0.7053 0.7089 -0.0001
vn -0.0000 1.0000 0.0001
vn -0.0000 1.0000 -0.0001
vn -0.0001 1.0000 -0.0002
vn 0.0001 1.0000 0.0002
vn -0.0001 1.0000 0.0001
vn 0.0001 1.0000 -0.0001
vn 0.0001 1.0000 0.0001
vn -0.0001 1.0000 -0.0001
vn -0.0001 1.0000 0.0002
vn -1.0000 -0.0000 -0.0001
vn 0.0101 0.9999 -0.0000
vn -0.0201 -0.9998 -0.0000
vn -0.0012 1.0000 0.0064
vn 0.0126 0.9999 -0.0000
vn -0.0180 -0.9998 0.0007
vn 0.0011 -1.0000 -0.0064
vn -0.0101 0.9999 -0.0000
vn 0.0201 -0.9998 -0.0000
vn 0.8567 0.5158 -0.0000
vn 0.0001 0.0001 -1.0000
vn 0.0180 -0.9998 -0.0007
vn -0.0001 -0.0000 1.0000
vn -0.0000 0.5158 -0.8567
vn -0.0000 0.5158 0.8567
vn -0.8567 0.5158 -0.0000
vn 0.0064 1.0000 -0.0012
vn -0.0064 -1.0000 0.0011
vn -0.0064 -1.0000 -0.0011
vn 0.0064 1.0000 0.0012
vn 0.6058 0.5158 0.6058
vn -0.0012 1.0000 -0.0064
vn 0.0011 -1.0000 0.0064
vn 0.6058 0.5158 -0.6058
vn 0.0064 -1.0000 -0.0011
vn 0.0012 1.0000 -0.0064
vn -0.6058 0.5158 -0.6058
vn -0.0011 -1.0000 0.0064
vn 0.0064 -1.0000 0.0011
vn -0.0000 0.9999 -0.0101
vn -0.6058 0.5158 0.6058
vn -0.0000 -0.9998 0.0201
vn 0.0001 0.9999 -0.0125
vn 0.0001 -0.9998 0.0177
vn -0.0180 -0.9998 -0.0007
vn -0.0000 0.9999 0.0101
vn -0.0001 0.9999 -0.0125
vn -0.0000 -0.9998 -0.0201
vn -0.0001 0.9999 0.0125
vn -0.0001 -0.9998 0.0177
vn -0.0001 -0.9998 -0.0177
vn 0.0001 0.9999 0.0125
vn 0.0001 -0.9998 -0.0177
vn -0.0011 -1.0000 -0.0064
vn 0.9999 -0.0162 -0.0000
vn -0.0000 -0.0159 0.9999
vn -0.0000 -0.0158 -0.9999
vn 1.0000 0.0050 0.0001
vn -1.0000 0.0050 0.0001
vn 1.0000 0.0050 -0.0001
vn -0.9264 0.3764 -0.0000
vn -1.0000 0.0050 -0.0001
vn 0.0001 0.0050 1.0000
vn 0.0001 0.0050 -1.0000
vn -1.0000 -0.0000 0.0001
vn 1.0000 -0.0000 -0.0001
vn -0.0000 0.0001 -1.0000
vn -0.0000 -0.0001 1.0000
vn -0.0000 0.0001 1.0000
vn -0.0000 -0.0001 -1.0000
vn -0.0000 1.0000 0.0002
vn -0.0000 1.0000 -0.0002
vn -0.0001 -0.0000 -1.0000
vn 0.0001 0.0001 1.0000
vn -0.0001 0.0001 1.0000
vn 0.0001 -0.0000 1.0000
vn -0.0001 0.0001 -1.0000
vn 0.0012 1.0000 0.0064
vn 0.0180 -0.9998 0.0007
vn -0.0000 0.2533 0.9674
vn -0.0000 0.2533 -0.9674
vn 0.3598 -0.0020 0.9330
vn 0.2945 -0.7686 -0.5679
vn -0.8264 -0.5630 -0.0000
vn 0.8264 -0.5630 -0.0000
vn -0.3596 -0.0007 -0.9331
vn 0.3599 -0.9330 0.0031
vn -0.2945 -0.7686 0.5679
vn -0.3594 0.9332 0.0010
vn -0.3599 -0.9330 -0.0031
vn 0.2946 -0.5679 -0.7686
vn 0.8264 -0.0000 0.5630
vn 0.8264 -0.0000 -0.5630
vn -0.8264 -0.0000 -0.5630
vn -0.8264 -0.0000 0.5630
vn -0.7179 0.6961 0.0039
vn 0.7179 0.6961 -0.0039
vn -0.7179 0.6961 -0.0039
vn 0.7179 0.6961 0.0039
vn 0.7172 -0.0026 -0.6968
vn 0.7172 -0.0026 0.6968
vn -0.7172 -0.0026 0.6968
vn -0.7172 -0.0026 -0.6968
vn -0.7176 0.6964 -0.0046
vn 0.7176 0.6964 0.0046
vn -0.7176 0.6964 0.0046
vn 0.7176 0.6964 -0.0046
vn 0.7170 0.0029 -0.6971
vn 0.7170 0.0029 0.6971
vn -0.7170 0.0029 0.6971
vn -0.7170 0.0029 -0.6971
vn -0.8264 0.5630 -0.0000
vn 0.8264 0.5630 -0.0000
vn -0.8877 0.4604 -0.0004
vn 0.8877 0.4604 0.0004
vn -0.8877 0.4604 0.0004
vn 0.8877 0.4604 -0.0004
vn 0.8877 0.0003 -0.4604
vn 0.8877 0.0003 0.4604
vn -0.8877 0.0003 0.4604
vn -0.8877 0.0003 -0.4604
vn -0.3596 -0.0007 0.9331
vn -0.2945 -0.5679 -0.7686
vn 0.3598 -0.0020 -0.9330
vn 0.3595 -0.0007 0.9331
vn 0.2946 -0.5679 0.7686
vn -0.3598 -0.0020 -0.9330
vn 0.3595 -0.0007 -0.9331
vn -0.2945 -0.7686 -0.5679
vn 0.3594 0.9332 0.0010
vn -0.3598 -0.0020 0.9330
vn -0.3599 -0.9330 0.0031
vn 0.2945 -0.7686 0.5679
vn -0.3594 0.9332 -0.0010
vn -0.2946 -0.5679 0.7686
vn 0.3599 -0.9330 -0.0031
vn 0.3594 0.9332 -0.0010
vn 0.0010 1.0000 -0.0000
vn -0.0010 -1.0000 -0.0000
vn -0.0020 -0.0000 -1.0000
vn 0.0020 -0.0000 -1.0000
vn 0.0010 -1.0000 -0.0000
vn -0.0010 1.0000 -0.0000
vn -0.0000 -0.6925 -0.7214
vn -0.0000 0.6925 -0.7214
vn -0.0000 0.6925 0.7214
vn -0.0000 -0.6925 0.7214
vn 0.6925 -0.0000 -0.7214
vn 0.6925 -0.0000 0.7214
vn 0.7071 -0.7071 -0.0000
vn -0.6925 -0.0000 0.7214
vn -0.7071 -0.7071 -0.0000
vn -0.6925 -0.0000 -0.7214
vn -0.6710 0.7414 -0.0000
vn -0.0000 0.6892 0.7246
vn 0.9291 -0.0000 0.3698
vn -0.9291 -0.0000 0.3698
vn 0.9291 -0.0000 -0.3698
vn -0.5589 -0.0000 0.8292
vn -0.9291 -0.0000 -0.3698
vn 0.5589 -0.0000 0.8292
vn -0.5589 -0.0000 -0.8292
vn 0.5589 -0.0000 -0.8292
vn 0.6710 0.7414 -0.0000
vn 0.8909 0.2922 0.3478
vn -0.8909 0.2922 -0.3478
vn -0.8909 0.2922 0.3478
vn -0.0000 0.6474 0.7622
vn 0.8909 0.2922 -0.3478
vn -0.0000 0.6474 -0.7622
vn 0.4210 0.6578 0.6245
vn -0.4210 0.6578 0.6245
vn -0.4210 0.6578 -0.6245
vn 0.4210 0.6578 -0.6245
vn -0.0003 0.6382 0.7698
vn 0.0003 0.6382 0.7698
vn -0.0003 0.6382 -0.7698
vn 0.0003 0.6382 -0.7698
vn -0.0000 0.6892 -0.7246
vn 0.6710 -0.7414 -0.0000
vn -0.3886 0.4294 0.8153
vn -0.3886 0.4294 -0.8153
vn 0.3886 0.4294 0.8153
vn 0.3886 0.4294 -0.8153
vn -0.6860 0.1979 -0.7002
vn -0.6860 0.1979 0.7002
vn -0.0000 0.5973 0.8020
vn -0.0000 0.5973 -0.8020
vn 0.6860 0.1979 -0.7002
vn 0.6860 0.1979 0.7002
vn -0.8633 0.3696 -0.3437
vn -0.0019 0.2887 0.9574
vn 0.8940 0.4480 -0.0014
vn 0.8633 0.3696 0.3436
vn 0.0019 0.2887 0.9574
vn -0.8633 0.3696 0.3436
vn 0.5224 0.3557 -0.7750
vn -0.0000 0.2685 0.9633
vn -0.5224 0.3557 -0.7750
vn 0.8633 0.3696 -0.3436
vn 0.0040 -0.0000 1.0000
vn 1.0000 0.0006 -0.0031
vn -0.0040 -0.0000 1.0000
vn -1.0000 0.0006 -0.0031
vn 0.0040 -0.0000 -1.0000
vn 1.0000 0.0006 0.0031
vn -1.0000 0.0006 0.0031
vn -0.0040 -0.0000 -1.0000
vn -1.0000 -0.0059 -0.0000
vn 1.0000 -0.0059 -0.0000
vn -0.8940 0.4480 -0.0014
vn -0.8868 0.4621 -0.0000
vn 0.0019 0.2887 -0.9574
vn 0.8868 0.4621 -0.0000
vn 0.8940 0.4480 0.0014
vn 0.5224 0.3557 0.7750
vn -0.8940 0.4480 0.0014
vn -0.0019 0.2887 -0.9574
vn -0.0000 0.2685 -0.9633
vn -0.5224 0.3557 0.7750
vn 0.9339 -0.0000 0.3577
vn -0.9339 -0.0000 -0.3576
vn -0.0007 -0.0000 1.0000
vn 0.0007 -0.0000 1.0000
vn -0.0007 -0.0000 -1.0000
vn 0.0007 -0.0000 -1.0000
vn -0.9339 -0.0000 0.3576
vn -0.5590 -0.0000 -0.8292
vn 0.8091 -0.4743 0.3470
vn -0.2625 0.8607 -0.4362
vn 0.5165 0.8563 -0.0000
vn -0.0000 0.6515 0.7587
vn -0.5165 0.8563 -0.0000
vn 0.2625 0.8607 -0.4362
vn -0.8091 -0.4743 0.3470
vn -0.0004 0.7330 -0.6802
vn -0.0004 0.7330 0.6802
vn -0.8091 -0.4743 -0.3470
vn 0.2625 0.8607 0.4362
vn -0.0000 0.6515 -0.7587
vn -0.2625 0.8607 0.4362
vn 0.8091 -0.4743 -0.3470
vn 0.0004 0.7330 0.6802
vn 0.0004 0.7330 -0.6802
vn 0.9339 -0.0000 -0.3576
vn 0.5590 -0.0000 -0.8292
vn -0.9339 -0.0000 0.3577
vn 0.9339 -0.0000 0.3576
vn -0.8280 -0.5607 -0.0000
vn -0.6710 -0.7414 -0.0000
vn 0.8280 -0.5607 -0.0000
vn -0.9659 -0.0000 -0.2588
vn -0.9659 -0.0000 0.2588
vn 0.2588 -0.0000 0.9659
vn 0.2588 -0.0000 -0.9659
vn 0.9659 -0.0000 -0.2588
vn 0.9659 -0.0000 0.2588
vn -0.2588 -0.0000 -0.9659
vn -0.2588 -0.0000 0.9659
vn 0.1830 0.7071 0.6830
vn -0.1830 0.7071 0.6830
vn -0.6830 0.7071 0.1830
vn -0.6830 0.7071 -0.1830
vn 0.6830 0.7071 0.1830
vn -0.1830 0.7071 -0.6830
vn 0.1830 0.7071 -0.6830
vn 0.6830 0.7071 -0.1830
vt 0.432823 0.416667
vt 0.601131 0.416667
vt 0.601131 0.474265
vt 0.432823 0.474265
vt 0.607246 0.775735
vt 0.602775 0.775735
vt 0.602775 0.704963
vt 0.607246 0.704963
vt 0.607246 0.916667
vt 0.602775 0.916667
vt 0.602885 0.916667
vt 0.601131 0.916667
vt 0.432823 0.916667
vt 0.602775 0.083333
vt 0.607246 0.083333
vt 0.602885 0.083333
vt 0.607246 0.333333
vt 0.625000 0.333333
vt 0.428643 0.166667
vt 0.375000 0.166667
vt 0.375000 0.083333
vt 0.208333 0.583333
vt 0.208333 0.666667
vt 0.375000 0.583333
vt 0.428643 0.583333
vt 0.602775 0.333333
vt 0.602885 0.333333
vt 0.428643 0.833333
vt 0.428643 0.886630
vt 0.428643 0.916667
vt 0.375000 0.916667
vt 0.375000 0.833333
vt 0.607246 0.666667
vt 0.602775 0.666667
vt 0.602885 0.666667
vt 0.607246 0.166667
vt 0.602775 0.166667
vt 0.602885 0.166667
vt 0.607246 0.545037
vt 0.602775 0.545037
vt 0.602775 0.474265
vt 0.607246 0.474265
vt 0.607246 0.583333
vt 0.641908 0.583333
vt 0.441162 0.221860
vt 0.592791 0.221860
vt 0.375000 0.666667
vt 0.291667 0.666667
vt 0.291667 0.583333
vt 0.375000 0.275735
vt 0.428643 0.275735
vt 0.428643 0.333333
vt 0.375000 0.333333
vt 0.125000 0.666667
vt 0.208333 0.750000
vt 0.150735 0.750000
vt 0.125000 0.704963
vt 0.602775 0.045037
vt 0.607246 0.045037
vt 0.602775 0.083333
vt 0.291667 0.500000
vt 0.349265 0.500000
vt 0.375000 0.545037
vt 0.375000 0.416667
vt 0.428643 0.416667
vt 0.428643 0.474265
vt 0.375000 0.474265
vt 0.125000 0.545037
vt 0.150735 0.500000
vt 0.208333 0.500000
vt 0.125000 0.583333
vt 0.625000 0.166667
vt 0.375000 0.704963
vt 0.349265 0.750000
vt 0.291667 0.750000
vt 0.602775 0.583333
vt 0.602885 0.583333
vt 0.441162 0.758838
vt 0.441162 0.721860
vt 0.441162 0.491161
vt 0.592791 0.491161
vt 0.441162 0.258839
vt 0.607246 0.275735
vt 0.602775 0.275735
vt 0.602775 0.204963
vt 0.607246 0.204963
vt 0.375000 0.204963
vt 0.428643 0.204963
vt 0.428643 0.775735
vt 0.375000 0.775735
vt 0.428643 0.704963
vt 0.428643 0.545037
vt 0.607246 0.974265
vt 0.602775 0.974265
vt 0.432823 0.275735
vt 0.601131 0.275735
vt 0.601131 0.333333
vt 0.432823 0.333333
vt 0.791667 0.529590
vt 0.791667 0.546400
vt 0.791667 0.545277
vt 0.625000 0.008667
vt 0.625000 0.036370
vt 0.607246 0.000000
vt 0.625000 0.218582
vt 0.625000 0.262116
vt 0.625000 0.487884
vt 0.625000 0.531418
vt 0.625000 0.718582
vt 0.625000 0.762116
vt 0.625000 0.057294
vt 0.625000 0.083333
vt 0.625000 0.916667
vt 0.625000 0.967261
vt 0.625000 0.282739
vt 0.625000 0.192706
vt 0.641909 0.666667
vt 0.641908 0.692706
vt 0.607246 0.833333
vt 0.625000 0.782739
vt 0.625000 0.833333
vt 0.641908 0.557293
vt 0.607246 0.416667
vt 0.625000 0.416667
vt 0.625000 0.467261
vt 0.858091 0.666667
vt 0.848484 0.666667
vt 0.849268 0.666667
vt 0.602775 0.833333
vt 0.602885 0.833333
vt 0.602775 0.000000
vt 0.601131 0.166667
vt 0.432823 0.166667
vt 0.601131 0.166667
vt 0.428643 0.974265
vt 0.375000 0.974265
vt 0.432823 0.416667
vt 0.432823 0.083333
vt 0.601131 0.083333
vt 0.601131 0.083333
vt 0.432823 0.583333
vt 0.601131 0.583333
vt 0.601131 0.666667
vt 0.432823 0.666667
vt 0.766963 0.539768
vt 0.733042 0.539768
vt 0.736227 0.529590
vt 0.763773 0.529590
vt 0.375000 0.000000
vt 0.428643 0.000000
vt 0.428643 0.045037
vt 0.375000 0.045037
vt 0.432823 0.833333
vt 0.601131 0.833333
vt 0.432823 0.833333
vt 0.428643 0.083333
vt 0.602885 0.833333
vt 0.607246 0.860448
vt 0.602885 0.860448
vt 0.843440 0.673509
vt 0.836169 0.690931
vt 0.602885 0.083333
vt 0.607246 0.107472
vt 0.602885 0.107472
vt 0.714056 0.666667
vt 0.663444 0.666667
vt 0.602885 0.583333
vt 0.607246 0.607472
vt 0.602885 0.607472
vt 0.656453 0.583333
vt 0.663444 0.583333
vt 0.449872 0.145988
vt 0.584081 0.145988
vt 0.584081 0.163206
vt 0.449872 0.163206
vt 0.449872 0.645989
vt 0.584081 0.645988
vt 0.584081 0.663206
vt 0.449872 0.663206
vt 0.597232 0.357638
vt 0.436721 0.357638
vt 0.597232 0.413857
vt 0.436721 0.413857
vt 0.602884 0.361227
vt 0.607246 0.361227
vt 0.607246 0.388773
vt 0.602885 0.388773
vt 0.602885 0.861227
vt 0.607246 0.861227
vt 0.607246 0.888773
vt 0.602885 0.888773
vt 0.602885 0.111319
vt 0.607246 0.111319
vt 0.607246 0.138681
vt 0.602885 0.138681
vt 0.602885 0.611319
vt 0.607246 0.611319
vt 0.607246 0.638681
vt 0.602885 0.638681
vt 0.656453 0.666667
vt 0.602885 0.333333
vt 0.607246 0.360448
vt 0.602885 0.360448
vt 0.428643 0.666667
vt 0.428643 0.545037
vt 0.651516 0.583333
vt 0.650730 0.583333
vt 0.602775 0.166667
vt 0.428643 0.704963
vt 0.428643 0.045037
vt 0.601131 0.974265
vt 0.432823 0.974265
vt 0.708333 0.720410
vt 0.708333 0.703599
vt 0.708333 0.704721
vt 0.602775 0.416667
vt 0.602885 0.416667
vt 0.432823 0.775735
vt 0.601131 0.775735
vt 0.852369 0.642528
vt 0.852369 0.645241
vt 0.647631 0.611319
vt 0.647631 0.607472
vt 0.647631 0.604759
vt 0.656453 0.583333
vt 0.708333 0.583333
vt 0.708333 0.666667
vt 0.656453 0.645241
vt 0.647631 0.645241
vt 0.647631 0.642528
vt 0.647631 0.638681
vt 0.641909 0.583333
vt 0.641909 0.607472
vt 0.625000 0.107472
vt 0.449872 0.586794
vt 0.584081 0.586794
vt 0.584081 0.604012
vt 0.449872 0.604011
vt 0.449872 0.086794
vt 0.584081 0.086794
vt 0.584081 0.104012
vt 0.449872 0.104012
vt 0.432823 0.638681
vt 0.601131 0.638681
vt 0.661718 0.703598
vt 0.602885 0.142528
vt 0.607246 0.142528
vt 0.602885 0.166667
vt 0.625000 0.111319
vt 0.625000 0.138681
vt 0.641909 0.638681
vt 0.641909 0.611319
vt 0.764441 0.723383
vt 0.703473 0.810260
vt 0.852369 0.604759
vt 0.852369 0.607472
vt 0.602885 0.642528
vt 0.607246 0.642528
vt 0.649791 0.669685
vt 0.649790 0.686993
vt 0.643633 0.691456
vt 0.643633 0.669685
vt 0.793392 0.706620
vt 0.838996 0.706617
vt 0.856367 0.558544
vt 0.856367 0.580315
vt 0.850210 0.686993
vt 0.850209 0.669685
vt 0.793392 0.532609
vt 0.841546 0.532609
vt 0.661004 0.706617
vt 0.841546 0.717391
vt 0.793392 0.717391
vt 0.661718 0.546402
vt 0.708333 0.546399
vt 0.708333 0.546399
vt 0.838282 0.546402
vt 0.848485 0.564257
vt 0.848484 0.564257
vt 0.661004 0.543383
vt 0.649790 0.563007
vt 0.651516 0.564256
vt 0.651515 0.564257
vt 0.000000 0.000000
vt 0.848485 0.685743
vt 0.838282 0.703598
vt 0.791667 0.704730
vt 0.791667 0.703601
vt 0.791667 0.720410
vt 0.849275 0.583333
vt 0.848485 0.583333
vt 0.858091 0.583333
vt 0.708333 0.545276
vt 0.708333 0.529590
vt 0.856367 0.669685
vt 0.856367 0.691456
vt 0.765337 0.713010
vt 0.760573 0.725095
vt 0.850209 0.563007
vt 0.838996 0.543383
vt 0.852369 0.638681
vt 0.852369 0.611319
vt 0.858091 0.611319
vt 0.858091 0.638681
vt 0.650730 0.583333
vt 0.651515 0.685743
vt 0.651517 0.685745
vt 0.650730 0.666667
vt 0.651516 0.666667
vt 0.650730 0.666667
vt 0.836556 0.583333
vt 0.843548 0.583333
vt 0.843634 0.659359
vt 0.766963 0.539768
vt 0.732307 0.710232
vt 0.711579 0.710231
vt 0.625000 0.860448
vt 0.607246 0.860448
vt 0.625000 0.889552
vt 0.607246 0.889552
vt 0.625000 0.360448
vt 0.607246 0.360448
vt 0.436721 0.392362
vt 0.521324 0.888224
vt 0.521324 0.875549
vt 0.597232 0.336143
vt 0.596783 0.888224
vt 0.602885 0.889552
vt 0.607246 0.889552
vt 0.602885 0.916667
vt 0.625000 0.861227
vt 0.625000 0.888773
vt 0.607246 0.888773
vt 0.602885 0.389552
vt 0.607246 0.389552
vt 0.602885 0.416667
vt 0.625000 0.361227
vt 0.625000 0.388773
vt 0.843550 0.604759
vt 0.714056 0.583333
vt 0.711073 0.694544
vt 0.711074 0.555454
vt 0.711579 0.539768
vt 0.785944 0.583333
vt 0.641908 0.666667
vt 0.641908 0.642528
vt 0.625000 0.389552
vt 0.607246 0.389552
vt 0.625000 0.142528
vt 0.708333 0.529590
vt 0.852369 0.642528
vt 0.858091 0.642528
vt 0.641908 0.607472
vt 0.661073 0.583333
vt 0.788925 0.555455
vt 0.788419 0.539768
vt 0.849271 0.583333
vt 0.849271 0.583333
vt 0.838927 0.583333
vt 0.661073 0.666667
vt 0.732306 0.539768
vt 0.732306 0.539768
vt 0.767698 0.539768
vt 0.764552 0.529590
vt 0.766962 0.710232
vt 0.733042 0.710232
vt 0.766962 0.710232
vt 0.735448 0.720410
vt 0.708333 0.720410
vt 0.791667 0.583333
vt 0.791667 0.666667
vt 0.767698 0.539768
vt 0.735448 0.529590
vt 0.763773 0.720410
vt 0.736227 0.720410
vt 0.858091 0.607472
vt 0.858092 0.692706
vt 0.842261 0.720410
vt 0.842261 0.529590
vt 0.858091 0.557293
vt 0.658454 0.532609
vt 0.643633 0.558544
vt 0.657739 0.529590
vt 0.658454 0.717391
vt 0.657739 0.720410
vt 0.706608 0.717391
vt 0.643633 0.580315
vt 0.706608 0.532609
vt 0.706608 0.543381
vt 0.649791 0.580315
vt 0.706608 0.706618
vt 0.793392 0.543382
vt 0.850210 0.580315
vt 0.601131 0.611319
vt 0.601131 0.607472
vt 0.601131 0.138681
vt 0.601131 0.111319
vt 0.432823 0.545037
vt 0.432823 0.611319
vt 0.432823 0.607472
vt 0.432823 0.111319
vt 0.432823 0.138681
vt 0.432823 0.704963
vt 0.432823 0.107472
vt 0.432823 0.204963
vt 0.432823 0.045037
vt 0.432823 0.704963
vt 0.432823 0.888773
vt 0.601131 0.888773
vt 0.601131 0.889552
vt 0.432823 0.889552
vt 0.432823 0.860448
vt 0.601131 0.860448
vt 0.601131 0.861227
vt 0.432823 0.861227
vt 0.432823 0.388773
vt 0.601131 0.388773
vt 0.432823 0.204963
vt 0.432823 0.275735
vt 0.601131 0.389552
vt 0.432823 0.389552
vt 0.432823 0.360448
vt 0.601131 0.360448
vt 0.432823 0.000000
vt 0.601131 0.361227
vt 0.432823 0.361227
vt 0.601131 0.375000
vt 0.601131 0.642528
vt 0.601131 0.875000
vt 0.428643 0.886650
vt 0.432823 0.875000
vt 0.432823 0.142528
vt 0.432823 0.642528
vt 0.432823 0.379734
vt 0.601131 0.545037
vt 0.601131 0.474265
vt 0.601131 0.704963
vt 0.601131 0.204963
vt 0.601131 0.045037
vt 0.601131 0.000000
vt 0.601131 0.142528
vt 0.601131 0.107472
vt 0.852369 0.614750
vt 0.852369 0.639096
vt 0.647631 0.610903
vt 0.647631 0.635250
vt 0.733491 0.539768
vt 0.732756 0.710232
vt 0.767249 0.539768
vt 0.768872 0.707453
vt 0.432823 0.375000
vt 0.436721 0.892362
vt 0.436721 0.913857
vt 0.597232 0.913857
vt 0.597232 0.892362
vt 0.597232 0.392362
vt 0.436721 0.336143
vt 0.436721 0.836143
vt 0.436721 0.857638
vt 0.597232 0.857638
vt 0.597232 0.836143
vt 0.519379 0.912456
vt 0.519379 0.893763
vt 0.519379 0.903109
vt 0.595289 0.837544
vt 0.519379 0.837544
vt 0.516180 0.837544
vt 0.438665 0.837544
vt 0.595289 0.893763
vt 0.516180 0.893763
vt 0.438665 0.893762
vt 0.438665 0.393763
vt 0.438665 0.412456
vt 0.438665 0.912456
vt 0.595289 0.912456
vt 0.595289 0.412456
vt 0.595289 0.393763
vt 0.438665 0.337544
vt 0.438665 0.356237
vt 0.438665 0.856237
vt 0.595289 0.856237
vt 0.595288 0.356237
vt 0.595288 0.337544
vt 0.595289 0.903109
vt 0.516180 0.337544
vt 0.516180 0.356237
vt 0.516180 0.912456
vt 0.519379 0.337544
vt 0.516180 0.412456
vt 0.519379 0.412456
vt 0.560257 0.838593
vt 0.592365 0.838593
vt 0.519379 0.356237
vt 0.516180 0.856237
vt 0.519379 0.856237
vt 0.516180 0.837544
vt 0.516180 0.856237
vt 0.519379 0.393763
vt 0.516180 0.393763
vt 0.516180 0.356237
vt 0.516180 0.337544
vt 0.516180 0.912456
vt 0.516180 0.893763
vt 0.516180 0.412456
vt 0.516180 0.393763
vt 0.522303 0.345841
vt 0.522303 0.338593
vt 0.554411 0.902060
vt 0.522303 0.902060
vt 0.513401 0.409448
vt 0.441444 0.409448
vt 0.513401 0.896771
vt 0.513401 0.909448
vt 0.554411 0.338593
vt 0.557334 0.393763
vt 0.595289 0.403109
vt 0.557334 0.412456
vt 0.595289 0.846891
vt 0.519379 0.403109
vt 0.557334 0.837544
vt 0.595288 0.346891
vt 0.519379 0.346891
vt 0.557334 0.856237
vt 0.557334 0.337544
vt 0.557334 0.356237
vt 0.557334 0.893763
vt 0.519379 0.846891
vt 0.557334 0.912456
vt 0.554411 0.894812
vt 0.522303 0.894812
vt 0.554411 0.402060
vt 0.522303 0.402060
vt 0.554411 0.394812
vt 0.592365 0.411407
vt 0.560257 0.411407
vt 0.522303 0.394812
vt 0.554411 0.845841
vt 0.522303 0.845841
vt 0.592365 0.404159
vt 0.554411 0.838593
vt 0.560257 0.404159
vt 0.557334 0.846891
vt 0.592365 0.847940
vt 0.560257 0.847940
vt 0.592365 0.855188
vt 0.560257 0.855188
vt 0.557334 0.403109
vt 0.557334 0.903109
vt 0.592365 0.904158
vt 0.560257 0.904159
vt 0.592365 0.911407
vt 0.560257 0.911407
vt 0.557334 0.346891
vt 0.592365 0.347940
vt 0.560257 0.347940
vt 0.592365 0.355188
vt 0.560257 0.355188
vt 0.554411 0.347940
vt 0.522303 0.347940
vt 0.554411 0.355188
vt 0.522303 0.355188
vt 0.554411 0.345841
vt 0.592365 0.338593
vt 0.560257 0.338593
vt 0.592365 0.345841
vt 0.560257 0.345841
vt 0.554411 0.904158
vt 0.522303 0.904159
vt 0.554411 0.911407
vt 0.522303 0.911407
vt 0.592365 0.894812
vt 0.560257 0.894812
vt 0.592365 0.902060
vt 0.560257 0.902060
vt 0.554411 0.404159
vt 0.522303 0.404159
vt 0.554411 0.411407
vt 0.522303 0.411407
vt 0.592365 0.394812
vt 0.560257 0.394812
vt 0.592365 0.402060
vt 0.560257 0.402060
vt 0.554411 0.847940
vt 0.522303 0.847940
vt 0.554411 0.855188
vt 0.522303 0.855188
vt 0.522303 0.838593
vt 0.592365 0.845841
vt 0.560257 0.845841
vt 0.597552 0.374548
vt 0.436401 0.374548
vt 0.596783 0.875549
vt 0.521324 0.375549
vt 0.596783 0.375549
vt 0.596783 0.388224
vt 0.521324 0.388224
vt 0.522550 0.888069
vt 0.522550 0.875704
vt 0.595557 0.888069
vt 0.595557 0.875704
vt 0.595557 0.375704
vt 0.522550 0.375704
vt 0.595557 0.388069
vt 0.522551 0.388069
vt 0.525512 0.876078
vt 0.592595 0.876078
vt 0.592595 0.387695
vt 0.525512 0.387695
vt 0.592595 0.887695
vt 0.525512 0.887695
vt 0.592595 0.376078
vt 0.525512 0.376078
vt 0.590888 0.387479
vt 0.527219 0.387479
vt 0.590888 0.876293
vt 0.590888 0.887480
vt 0.527219 0.876293
vt 0.527219 0.887479
vt 0.590888 0.376293
vt 0.527219 0.376293
vt 0.436401 0.361679
vt 0.597552 0.861679
vt 0.436401 0.861679
vt 0.597552 0.874548
vt 0.597552 0.361679
vt 0.436401 0.874548
vt 0.547913 0.362071
vt 0.547913 0.374157
vt 0.544146 0.374157
vt 0.544146 0.362071
vt 0.439502 0.374157
vt 0.451070 0.374157
vt 0.466672 0.374157
vt 0.470438 0.374157
vt 0.486040 0.374157
vt 0.489807 0.374157
vt 0.505409 0.374157
vt 0.509175 0.374157
vt 0.524778 0.374157
vt 0.528544 0.374157
vt 0.544146 0.374157
vt 0.547913 0.374157
vt 0.563515 0.374157
vt 0.567281 0.374157
vt 0.582884 0.374157
vt 0.594451 0.374157
vt 0.594451 0.362071
vt 0.528544 0.862071
vt 0.528544 0.874157
vt 0.524778 0.874157
vt 0.524778 0.862071
vt 0.439502 0.362071
vt 0.439502 0.874157
vt 0.451070 0.874157
vt 0.466672 0.874157
vt 0.470438 0.874157
vt 0.486041 0.874157
vt 0.489807 0.874157
vt 0.505409 0.874157
vt 0.509176 0.874157
vt 0.544147 0.874157
vt 0.547913 0.874157
vt 0.563515 0.874157
vt 0.567282 0.874157
vt 0.582884 0.874157
vt 0.594451 0.874157
vt 0.594451 0.862071
vt 0.489807 0.362071
vt 0.486040 0.362071
vt 0.439502 0.862071
vt 0.547913 0.862071
vt 0.547913 0.874157
vt 0.544146 0.874157
vt 0.544147 0.862071
vt 0.567281 0.362071
vt 0.567281 0.374157
vt 0.563515 0.374157
vt 0.563515 0.362071
vt 0.470438 0.862071
vt 0.466672 0.862071
vt 0.470438 0.362071
vt 0.470438 0.374157
vt 0.466672 0.362071
vt 0.489807 0.862071
vt 0.486041 0.862071
vt 0.451070 0.362071
vt 0.451070 0.374157
vt 0.582884 0.362071
vt 0.509176 0.862071
vt 0.505409 0.862071
vt 0.567282 0.862071
vt 0.567282 0.874157
vt 0.563515 0.874157
vt 0.563515 0.862071
vt 0.451070 0.862071
vt 0.451070 0.874157
vt 0.509175 0.362071
vt 0.505409 0.362071
vt 0.563515 0.362071
vt 0.528544 0.362071
vt 0.524778 0.362071
vt 0.470438 0.362071
vt 0.582884 0.862071
vt 0.563515 0.862071
vt 0.544146 0.862071
vt 0.451070 0.862071
vt 0.441444 0.896771
vt 0.441444 0.909448
vt 0.513401 0.396771
vt 0.441444 0.396771
vt 0.440674 0.144121
vt 0.440674 0.165073
vt 0.440674 0.644121
vt 0.440674 0.665073
vt 0.593279 0.165073
vt 0.593279 0.144121
vt 0.593279 0.665073
vt 0.593279 0.644121
vt 0.440674 0.084927
vt 0.440674 0.105879
vt 0.440674 0.584927
vt 0.440674 0.605879
vt 0.593280 0.105879
vt 0.593280 0.084927
vt 0.593280 0.605879
vt 0.593280 0.584927
vt 0.448459 0.604389
vt 0.583020 0.604389
vt 0.588495 0.644499
vt 0.583020 0.645610
vt 0.588495 0.605501
vt 0.442088 0.605501
vt 0.448010 0.587009
vt 0.588495 0.144499
vt 0.583020 0.145611
vt 0.442536 0.585898
vt 0.448010 0.087009
vt 0.448458 0.104389
vt 0.448010 0.662991
vt 0.442536 0.664102
vt 0.442088 0.144499
vt 0.442536 0.164102
vt 0.442088 0.644499
vt 0.442536 0.085898
vt 0.442088 0.105501
vt 0.588495 0.105501
vt 0.448010 0.162991
vt 0.448458 0.145611
vt 0.448458 0.645611
vt 0.583020 0.104389
vt 0.592650 0.611978
vt 0.592650 0.638022
vt 0.592791 0.010753
vt 0.441162 0.010753
vt 0.592791 0.034284
vt 0.441162 0.034284
vt 0.441162 0.528140
vt 0.592791 0.528140
vt 0.592791 0.258839
vt 0.592791 0.758839
vt 0.592791 0.721860
vt 0.442977 0.524463
vt 0.442977 0.494838
vt 0.590976 0.225536
vt 0.590976 0.255162
vt 0.590976 0.013092
vt 0.590976 0.031945
vt 0.590976 0.755162
vt 0.442977 0.755162
vt 0.442977 0.013092
vt 0.442977 0.031945
vt 0.590976 0.524464
vt 0.590976 0.494838
vt 0.442977 0.255162
vt 0.442977 0.225536
vt 0.442977 0.725536
vt 0.590976 0.725536
vt 0.441303 0.638022
vt 0.441303 0.611978
vt 0.592650 0.138022
vt 0.441303 0.138022
vt 0.437396 0.615928
vt 0.437396 0.634072
vt 0.592650 0.111978
vt 0.596557 0.111957
vt 0.437396 0.111957
vt 0.441303 0.111978
vt 0.437396 0.138043
vt 0.596557 0.138043
vt 0.588779 0.637029
vt 0.445174 0.637029
vt 0.588779 0.612971
vt 0.437396 0.638043
vt 0.596557 0.638043
vt 0.596557 0.634072
vt 0.596557 0.615928
vt 0.596557 0.611957
vt 0.437396 0.611957
vt 0.437396 0.115928
vt 0.437396 0.134072
vt 0.596557 0.134072
vt 0.596557 0.115928
vt 0.445174 0.612971
vt 0.445174 0.137029
vt 0.588779 0.137029
vt 0.445174 0.112971
vt 0.588779 0.112971
vt 0.445182 0.637027
vt 0.473015 0.634649
vt 0.560938 0.634649
vt 0.474625 0.116347
vt 0.559328 0.116347
vt 0.473015 0.634649
vt 0.579499 0.620111
vt 0.579499 0.629889
vt 0.579499 0.629889
vt 0.560938 0.134649
vt 0.473015 0.134649
vt 0.473015 0.615351
vt 0.560938 0.615351
vt 0.579499 0.120111
vt 0.579499 0.129889
vt 0.588771 0.112973
vt 0.560938 0.115351
vt 0.473015 0.115351
vt 0.473015 0.115351
vt 0.445183 0.137027
vt 0.575613 0.629476
vt 0.559328 0.633652
vt 0.454454 0.129889
vt 0.454454 0.120111
vt 0.454454 0.129889
vt 0.588771 0.637027
vt 0.454454 0.629889
vt 0.454454 0.620111
vt 0.454454 0.620111
vt 0.445182 0.112973
vt 0.588771 0.137027
vt 0.588771 0.612973
vt 0.473015 0.615351
vt 0.454454 0.634649
vt 0.454454 0.615351
vt 0.445183 0.612973
vt 0.579499 0.615351
vt 0.579499 0.634649
vt 0.579499 0.134649
vt 0.454454 0.134649
vt 0.454454 0.115351
vt 0.579499 0.115351
vt 0.473015 0.634649
vt 0.458341 0.629476
vt 0.474625 0.633652
vt 0.458340 0.620524
vt 0.474625 0.616347
vt 0.560938 0.615351
vt 0.559328 0.616347
vt 0.575613 0.620524
vt 0.560938 0.634649
vt 0.559328 0.133653
vt 0.575613 0.129476
vt 0.473015 0.134649
vt 0.474625 0.133653
vt 0.458341 0.129476
vt 0.458340 0.120524
vt 0.575613 0.120524
vt 0.504905 0.666667
vt 0.578434 0.666667
vt 0.578434 0.727438
vt 0.504905 0.727438
vt 0.504905 0.418077
vt 0.578434 0.418077
vt 0.578434 0.485962
vt 0.504905 0.485962
vt 0.375000 0.264038
vt 0.490406 0.264038
vt 0.490406 0.333333
vt 0.375000 0.764038
vt 0.490406 0.764038
vt 0.490406 0.833333
vt 0.504905 0.166667
vt 0.578434 0.166667
vt 0.578434 0.227438
vt 0.504905 0.227438
vt 0.504905 0.833656
vt 0.578434 0.833656
vt 0.578434 0.916344
vt 0.504905 0.916344
vt 0.504905 0.918077
vt 0.578434 0.918077
vt 0.578434 0.985962
vt 0.504905 0.985962
vt 0.708656 0.512806
vt 0.791344 0.512806
vt 0.791344 0.583333
vt 0.708656 0.583333
vt 0.291667 0.583333
vt 0.208333 0.638889
vt 0.291667 0.638889
vt 0.490406 0.416667
vt 0.490406 0.485962
vt 0.375000 0.485962
vt 0.125000 0.638889
vt 0.504905 0.333656
vt 0.578434 0.333656
vt 0.578434 0.416344
vt 0.504905 0.416344
vt 0.789089 0.589930
vt 0.710911 0.589930
vt 0.710911 0.583333
vt 0.789089 0.583333
vt 0.375000 0.666667
vt 0.490406 0.666667
vt 0.490406 0.727438
vt 0.375000 0.727438
vt 0.697745 0.706355
vt 0.697745 0.543645
vt 0.375000 0.138889
vt 0.490406 0.138889
vt 0.490406 0.166667
vt 0.375000 0.522562
vt 0.490406 0.522562
vt 0.490406 0.583333
vt 0.375000 0.583333
vt 0.375000 0.638889
vt 0.490406 0.916667
vt 0.490406 0.985962
vt 0.375000 0.985962
vt 0.375000 0.022562
vt 0.490406 0.022562
vt 0.490406 0.083333
vt 0.461895 0.637475
vt 0.403511 0.637475
vt 0.504905 0.083333
vt 0.578434 0.083333
vt 0.578434 0.111111
vt 0.504905 0.111111
vt 0.504905 0.583333
vt 0.578434 0.583333
vt 0.578434 0.611111
vt 0.504905 0.611111
vt 0.375000 0.227438
vt 0.490406 0.227438
vt 0.375000 0.611111
vt 0.291667 0.611111
vt 0.461894 0.112525
vt 0.461895 0.137475
vt 0.490406 0.638889
vt 0.490406 0.000000
vt 0.208333 0.611111
vt 0.125000 0.611111
vt 0.578434 0.638889
vt 0.504905 0.638889
vt 0.504905 0.522562
vt 0.578434 0.522562
vt 0.578434 0.138889
vt 0.504905 0.138889
vt 0.504905 0.022562
vt 0.578434 0.022562
vt 0.125000 0.727438
vt 0.139038 0.750000
vt 0.360962 0.500000
vt 0.504905 0.264038
vt 0.578434 0.264038
vt 0.578434 0.331923
vt 0.504905 0.331923
vt 0.139038 0.500000
vt 0.125000 0.522562
vt 0.504905 0.764038
vt 0.578434 0.764038
vt 0.578434 0.831923
vt 0.504905 0.831923
vt 0.360962 0.750000
vt 0.490406 0.611111
vt 0.625000 0.267338
vt 0.625000 0.331913
vt 0.504905 0.000000
vt 0.578434 0.000000
vt 0.490406 0.111111
vt 0.375000 0.111111
vt 0.625000 0.418086
vt 0.625000 0.482662
vt 0.625000 0.918086
vt 0.625000 0.982662
vt 0.625000 0.138889
vt 0.634676 0.638889
vt 0.633887 0.666667
vt 0.625000 0.111111
vt 0.633887 0.583333
vt 0.634676 0.611111
vt 0.625000 0.003751
vt 0.625000 0.017391
vt 0.625000 0.235827
vt 0.625000 0.257954
vt 0.625000 0.492046
vt 0.625000 0.514173
vt 0.625000 0.735827
vt 0.625000 0.757954
vt 0.625000 0.026446
vt 0.625000 0.083333
vt 0.625000 0.333656
vt 0.625000 0.416344
vt 0.625000 0.166667
vt 0.625000 0.223554
vt 0.633852 0.723554
vt 0.625000 0.833656
vt 0.625000 0.916344
vt 0.633852 0.526446
vt 0.625000 0.767338
vt 0.625000 0.831913
vt 0.802255 0.543645
vt 0.802255 0.706355
vt 0.706913 0.737194
vt 0.706913 0.512806
vt 0.708656 0.737194
vt 0.708333 0.642959
vt 0.708333 0.607040
vt 0.791667 0.600329
vt 0.791667 0.602036
vt 0.712336 0.666667
vt 0.787664 0.666667
vt 0.708656 0.666667
vt 0.791344 0.666667
vt 0.791344 0.737194
vt 0.789089 0.666667
vt 0.710911 0.666667
vt 0.710911 0.660070
vt 0.789089 0.660070
vt 0.708333 0.638889
vt 0.791667 0.611111
vt 0.791667 0.583333
vt 0.789089 0.666667
vt 0.791667 0.595424
vt 0.791667 0.596394
vt 0.708333 0.596394
vt 0.708333 0.595424
vt 0.791667 0.653606
vt 0.791667 0.654576
vt 0.708333 0.654576
vt 0.708333 0.653606
vt 0.708333 0.611111
vt 0.789089 0.583333
vt 0.710911 0.666667
vt 0.791667 0.638889
vt 0.712336 0.583333
vt 0.490406 0.227438
vt 0.504905 0.638889
vt 0.504905 0.138889
vt 0.791667 0.662686
vt 0.793086 0.512806
vt 0.793087 0.737194
vt 0.504905 0.727438
vt 0.578434 0.418077
vt 0.790367 0.583333
vt 0.789074 0.583333
vt 0.710603 0.583333
vt 0.708333 0.587314
vt 0.403511 0.112525
vt 0.403511 0.137475
vt 0.461894 0.612525
vt 0.403511 0.612525
vt 0.410738 0.137259
vt 0.410738 0.112741
vt 0.454668 0.137259
vt 0.454668 0.112741
vt 0.454668 0.612741
vt 0.410738 0.612741
vt 0.454668 0.637259
vt 0.410738 0.637259
vt 0.703343 0.732269
vt 0.643010 0.735001
vt 0.796657 0.732269
vt 0.802859 0.711585
vt 0.635191 0.667662
vt 0.636723 0.643825
vt 0.643010 0.514999
vt 0.703343 0.517731
vt 0.802859 0.538415
vt 0.796657 0.517731
vt 0.864809 0.582338
vt 0.863277 0.606175
vt 0.635191 0.582338
vt 0.635247 0.527405
vt 0.854173 0.725812
vt 0.697141 0.538415
vt 0.635247 0.722595
vt 0.858906 0.718576
vt 0.697141 0.711585
vt 0.864753 0.527405
vt 0.859346 0.671831
vt 0.645827 0.524188
vt 0.864809 0.667662
vt 0.864753 0.722595
vt 0.854701 0.664507
vt 0.641094 0.531424
vt 0.853501 0.526381
vt 0.857511 0.532384
vt 0.858042 0.577174
vt 0.852654 0.580557
vt 0.852654 0.669443
vt 0.858042 0.672826
vt 0.857511 0.717616
vt 0.853501 0.723619
vt 0.646499 0.526381
vt 0.646499 0.723619
vt 0.642489 0.717616
vt 0.641958 0.672826
vt 0.647346 0.669443
vt 0.647346 0.580557
vt 0.641958 0.577174
vt 0.642489 0.532384
vt 0.708333 0.662686
vt 0.866113 0.583333
vt 0.865324 0.611111
vt 0.863277 0.643825
vt 0.865324 0.638889
vt 0.866113 0.666667
vt 0.636723 0.606175
vt 0.856990 0.735001
vt 0.866148 0.723554
vt 0.857662 0.737194
vt 0.856990 0.514999
vt 0.857662 0.512806
vt 0.866148 0.526446
vt 0.642338 0.512806
vt 0.642338 0.737194
vt 0.854173 0.524188
vt 0.858906 0.531424
vt 0.859346 0.578169
vt 0.854701 0.585493
vt 0.645827 0.725812
vt 0.641094 0.718576
vt 0.640654 0.671831
vt 0.645299 0.664507
vt 0.645299 0.585493
vt 0.640654 0.578169
vt 0.787664 0.583333
vt 0.787664 0.583333
vt 0.712336 0.666667
vt 0.712567 0.583333
vt 0.787433 0.583333
vt 0.787433 0.666667
vt 0.712567 0.666667
vt 0.712567 0.583333
vt 0.787433 0.583333
vt 0.712567 0.666667
vt 0.787433 0.666667
vt 0.791667 0.587314
vt 0.708333 0.600329
vt 0.708333 0.602036
vt 0.791667 0.649671
vt 0.791667 0.647964
vt 0.708333 0.647964
vt 0.708333 0.649671
vt 0.791667 0.642959
vt 0.791667 0.607040
vt 0.666667 0.500000
vt 0.716291 0.674639
vt 0.716291 0.674639
vt 0.750000 0.500000
vt 0.799625 0.674639
vt 0.799625 0.674639
vt 0.833333 0.500000
vt 0.882958 0.674639
vt 0.882958 0.674639
vt 0.132958 0.674639
vt 0.083333 0.500000
vt 0.132958 0.674639
vt 0.000000 0.500000
vt 0.049625 0.674639
vt 0.049625 0.674639
vt 0.730860 0.598703
vt 0.725462 0.602985
vt 0.774538 0.647015
vt 0.783152 0.640182
vt 0.788280 0.625000
vt 0.783152 0.609818
vt 0.769140 0.598703
vt 0.750000 0.594635
vt 0.725462 0.602985
vt 0.716848 0.609817
vt 0.711720 0.625000
vt 0.716848 0.640182
vt 0.730860 0.651297
vt 0.750000 0.655365
vt 0.769140 0.651297
vt 0.466291 0.674639
vt 0.416667 0.500000
vt 0.466291 0.674639
vt 0.382958 0.674639
vt 0.333333 0.500000
vt 0.382958 0.674639
vt 0.299625 0.674639
vt 0.250000 0.500000
vt 0.299625 0.674639
vt 0.216291 0.674639
vt 0.166667 0.500000
vt 0.216291 0.674639
vt 0.549625 0.674639
vt 0.500000 0.500000
vt 0.549625 0.674639
vt 0.916667 0.500000
vt 0.966291 0.674639
vt 0.966291 0.674639
vt 0.870000 0.042154
vt 0.957846 0.130000
vt 0.990000 0.250000
vt 0.957846 0.370000
vt 0.870000 0.457846
vt 0.750000 0.490000
vt 0.630000 0.457846
vt 0.542154 0.370000
vt 0.510000 0.250000
vt 0.542154 0.130000
vt 0.630000 0.042154
vt 0.750000 0.010000
vt 0.768357 0.650221
vt 0.773535 0.646115
vt 0.726465 0.603885
vt 0.718204 0.610438
vt 0.713285 0.625000
vt 0.718204 0.639562
vt 0.731642 0.650221
vt 0.750000 0.654123
vt 0.750000 0.595877
vt 0.731642 0.599778
vt 0.781796 0.639561
vt 0.786715 0.625000
vt 0.781796 0.610438
vt 0.768357 0.599778
vt 0.583333 0.500000
vt 0.632958 0.674639
vt 0.632958 0.674639
vt 0.632958 0.674639
s 0
usemtl M_Noir_Bleuté
f 236/19/4 5/20/4 50/20/4 288/19/4
f 51/21/5 50/20/5 9/22/5 10/23/5
f 8/24/4 233/25/4 282/25/4 53/24/4
f 274/28/4 883/29/4 275/30/4 48/31/4 49/32/4
f 53/24/5 52/47/5 12/48/5 11/49/5
f 16/50/1 242/51/1 229/52/1 2/53/1
f 6/54/5 10/23/5 3/55/5 13/56/5 14/57/5
f 1/61/5 19/62/5 20/63/5 8/24/5 11/49/5
f 1/64/1 231/65/1 243/66/1 19/67/1
f 15/68/5 16/69/5 2/70/5 9/22/5 5/71/5
f 12/48/5 7/47/5 17/73/5 18/74/5 4/75/5
f 227/30/3 3/31/3 48/31/3 275/30/3
f 231/65/7 1/64/7 46/64/7 280/65/7
f 242/51/9 16/50/9 15/87/9 240/88/9
f 248/89/2 18/90/2 17/73/2 246/91/2
f 245/92/6 20/63/6 19/67/6 243/66/6
f 18/90/4 248/89/4 225/28/4 4/32/4
f 3/31/4 227/30/4 238/135/4 13/136/4
f 349/145/8 352/146/8 381/147/8 394/148/8
f 13/149/18 238/150/18 237/151/18 14/152/18
f 2/53/3 229/52/3 278/52/3 47/53/3
f 51/21/7 286/156/7 288/19/7 50/20/7
f 293/157/19 58/119/19 360/158/19 361/159/19
f 99/160/6 100/161/6 153/161/6 152/160/6
f 297/162/20 62/15/20 318/163/20 327/164/20
f 131/165/1 106/166/1 159/166/1 134/165/1
f 301/167/21 66/43/21 326/168/21 333/169/21
f 108/170/18 24/171/18 151/171/18 150/170/18
f 1146/172/7 1157/173/7 300/174/7 1147/175/7
f 1148/176/3 1155/177/3 304/178/3 1149/179/3
f 372/180/7 341/181/7 676/181/7 681/180/7
f 292/182/7 279/183/7 668/183/7 673/182/7
f 370/184/22 355/185/22 354/186/22 376/187/22
f 362/188/19 359/189/19 358/190/19 368/191/19
f 106/166/9 105/200/9 154/200/9 159/166/9
f 289/201/22 54/17/22 356/202/22 369/203/22
f 278/52/1 280/65/1 46/64/1 47/53/1
f 282/25/3 284/204/3 52/47/3 53/24/3
f 20/63/3 245/205/3 233/25/3 8/24/3
f 7/47/3 234/204/3 246/209/3 17/73/3
f 6/21/1 235/156/1 286/156/1 51/21/1
f 14/152/7 237/210/7 235/156/7 6/21/7
f 5/20/7 236/19/7 240/88/7 15/87/7
f 234/204/1 7/47/1 52/47/1 284/204/1
f 312/220/3 63/221/3 149/221/3 400/220/3
f 114/232/23 389/233/23 326/168/23 66/43/23
f 320/223/7 67/224/7 148/224/7 402/223/7
f 116/112/24 387/234/24 318/163/24 62/15/24
f 1152/235/3 302/236/3 1154/237/3 1153/238/3
f 1150/239/7 298/240/7 1156/241/7 1151/242/7
f 68/229/7 321/230/7 403/230/7 147/229/7
f 330/246/20 315/247/20 65/36/20 299/248/20
f 104/228/1 68/229/1 147/229/1 144/228/1
f 127/253/3 60/254/3 158/254/3 140/253/3
f 64/255/3 313/256/3 397/256/3 146/255/3
f 337/257/21 323/258/21 69/33/21 303/35/21
f 379/297/8 60/254/8 129/113/8 392/298/8
f 94/311/2 98/312/2 156/312/2 157/311/2
f 63/221/1 92/313/1 143/313/1 149/221/1
f 9/22/5 11/49/5 12/48/5 10/23/5
f 49/32/5 48/31/5 10/23/5 12/48/5
f 47/53/5 46/64/5 11/49/5 9/22/5
f 352/146/4 349/314/4 409/145/4 406/146/4
f 378/315/1 101/316/1 160/316/1 408/315/1
f 132/121/32 395/317/32 360/318/32 58/119/32
f 392/319/32 129/113/32 61/9/32 357/320/32
f 123/18/33 393/321/33 356/322/33 54/17/33
f 279/183/8 344/323/8 667/323/8 668/183/8
f 887/324/8 884/325/8 893/325/8 894/324/8
f 290/326/5 372/180/5 681/180/5 682/326/5
f 886/327/3 887/324/3 894/324/3 895/327/3
f 365/328/19 357/329/19 61/9/19 296/330/19
f 396/331/34 391/332/34 358/333/34 359/189/34
f 373/334/22 353/335/22 57/123/22 291/336/22
f 394/337/35 381/338/35 354/186/35 355/185/35
f 95/339/4 64/255/4 146/255/4 139/339/4
f 24/171/4 86/340/4 138/340/4 151/171/4
f 67/224/4 96/225/4 142/225/4 148/224/4
f 96/225/7 108/170/7 150/170/7 142/225/7
f 101/316/7 131/341/7 134/341/7 160/316/7
f 86/342/7 56/343/7 145/343/7 138/342/7
f 100/161/36 127/253/36 140/253/36 153/161/36
f 124/344/4 94/311/4 157/311/4 136/344/4
f 321/230/37 68/229/37 111/345/37 386/346/37
f 92/313/3 99/160/3 152/160/3 143/313/3
f 60/254/1 379/297/1 411/297/1 158/254/1
f 382/347/33 109/124/33 57/123/33 353/348/33
f 384/349/38 110/72/38 65/36/38 315/247/38
f 386/346/39 111/345/39 69/33/39 323/258/39
f 56/343/8 86/342/8 112/293/8 109/350/8
f 96/225/40 67/224/40 114/232/40 113/305/40
f 92/313/41 63/221/41 116/126/41 115/128/41
f 63/221/42 312/351/42 387/352/42 116/126/42
f 67/224/43 320/223/43 389/353/43 114/232/43
f 24/171/8 108/170/8 117/305/8 118/354/8
f 100/161/8 99/160/8 119/128/8 120/286/8
f 104/228/44 105/200/44 121/310/44 122/310/44
f 124/355/8 55/356/8 123/99/8 88/101/8
f 95/339/45 98/312/45 126/357/45 125/358/45
f 99/160/46 92/313/46 115/128/46 119/128/46
f 127/253/8 100/161/8 120/286/8 102/287/8
f 108/170/47 96/225/47 113/305/47 117/305/47
f 64/255/40 95/339/40 125/290/40 110/292/40
f 98/312/8 94/311/8 128/359/8 126/357/8
f 60/254/8 127/253/8 102/287/8 129/113/8
f 68/229/41 104/228/41 122/310/41 111/345/41
f 105/200/8 106/166/8 130/360/8 121/310/8
f 106/166/8 131/165/8 107/227/8 130/360/8
f 56/343/4 351/361/4 405/362/4 145/343/4
f 55/356/8 350/363/8 393/364/8 123/99/8
f 380/365/1 377/366/1 407/366/1 412/367/1
f 101/316/8 378/315/8 395/368/8 132/369/8
f 94/311/8 124/344/8 88/370/8 128/359/8
f 131/341/8 101/316/8 132/369/8 107/215/8
f 86/340/8 24/171/8 118/354/8 112/226/8
f 105/200/7 104/228/7 144/228/7 154/200/7
f 350/372/4 55/356/4 155/356/4 410/363/4
f 55/356/3 124/355/3 136/355/3 155/356/3
f 351/362/8 56/343/8 109/350/8 382/373/8
f 377/366/8 380/367/8 391/374/8 396/375/8
f 98/312/29 95/339/29 139/339/29 156/312/29
f 313/256/48 64/255/48 110/292/48 384/376/48
f 381/147/3 352/146/3 588/146/3 609/147/3
f 407/366/3 377/366/3 617/366/3 471/366/3
f 378/315/7 408/315/7 472/315/7 618/315/7
f 1116/395/53 1117/142/53 570/142/53 429/395/53
f 301/167/54 333/169/54 430/169/54 569/167/54
f 380/365/7 412/367/7 476/367/7 616/365/7
f 411/297/3 379/297/3 615/297/3 475/297/3
f 233/25/58 245/205/58 500/205/58 516/25/58
f 403/230/59 321/230/59 613/230/59 467/230/59
f 297/162/60 327/164/60 422/164/60 562/162/60
f 243/66/62 231/65/62 513/65/62 497/66/62
f 376/187/3 354/186/3 612/186/3 457/187/3
f 353/335/7 373/334/7 458/334/7 611/335/7
f 1112/141/5 1113/400/5 417/400/5 567/141/5
f 369/203/3 356/202/3 608/202/3 454/203/3
f 225/28/63 248/89/63 504/89/63 487/28/63
f 288/19/64 286/156/64 566/156/64 552/19/64
f 355/185/7 370/184/7 455/184/7 607/185/7
f 368/191/7 358/190/7 604/190/7 449/191/7
f 246/209/58 234/204/58 511/204/58 501/209/58
f 357/329/3 365/328/3 450/328/3 603/329/3
f 1110/138/5 1111/404/5 413/404/5 565/138/5
f 361/159/7 360/158/7 600/158/7 446/159/7
f 359/189/3 362/188/3 447/188/3 599/189/3
f 229/52/62 242/51/62 496/51/62 481/52/62
f 354/186/3 381/338/3 609/338/3 612/186/3
f 234/204/62 284/204/62 554/204/62 511/204/62
f 240/88/64 236/19/64 509/19/64 493/88/64
f 382/347/7 353/348/7 611/348/7 610/347/7
f 356/322/3 393/321/3 605/321/3 608/322/3
f 238/135/63 227/30/63 507/30/63 491/135/63
f 282/25/63 233/25/63 516/25/63 568/25/63
f 394/337/7 355/185/7 607/185/7 606/337/7
f 235/156/64 237/210/64 490/210/64 506/156/64
f 358/333/7 391/332/7 601/332/7 604/333/7
f 286/156/62 235/156/62 506/156/62 566/156/62
f 392/319/3 357/320/3 603/320/3 602/319/3
f 248/89/69 246/91/69 501/91/69 504/89/69
f 360/318/7 395/317/7 597/317/7 600/318/7
f 396/331/3 359/189/3 599/189/3 598/331/3
f 245/92/72 243/66/72 497/66/72 500/92/72
f 347/408/7 367/409/7 452/409/7 444/408/7
f 236/19/63 288/19/63 552/19/63 509/19/63
f 640/410/3 637/411/3 443/411/3 451/410/3
f 646/412/7 647/413/7 445/413/7 441/412/7
f 242/51/75 240/88/75 493/88/75 496/51/75
f 363/414/3 346/415/3 442/415/3 448/414/3
f 343/416/3 375/417/3 460/417/3 440/416/3
f 642/420/7 635/421/7 439/421/7 459/420/7
f 644/422/3 649/423/3 453/423/3 437/422/3
f 371/425/7 342/426/7 438/426/7 456/425/7
f 231/65/64 280/65/64 556/65/64 513/65/64
f 375/417/78 882/427/78 371/425/78 456/425/78 460/417/78
f 237/151/79 238/150/79 491/150/79 490/151/79
f 370/184/80 376/187/80 457/187/80 455/184/80
f 1108/143/53 1109/428/53 435/428/53 561/143/53
f 649/423/81 650/97/81 564/97/81 453/423/81
f 289/201/82 369/203/82 454/203/82 563/201/82
f 337/257/83 303/35/83 560/35/83 434/257/83
f 367/409/84 881/429/84 363/414/84 448/414/84 452/409/84
f 274/28/64 225/28/64 487/28/64 486/28/64
f 641/2/85 642/420/85 459/420/85 559/2/85
f 362/188/86 368/191/86 449/191/86 447/188/86
f 647/413/87 648/154/87 520/154/87 445/413/87
f 278/52/58 229/52/58 481/52/58 484/52/58
f 373/334/88 291/336/88 558/336/88 458/334/88
f 293/157/89 361/159/89 446/159/89 519/157/89
f 639/12/90 640/410/90 451/410/90 479/12/90
f 275/30/63 883/29/63 1101/430/63 521/30/63
f 365/328/91 296/330/91 480/330/91 450/328/91
f 346/415/5 880/431/5 347/408/5 444/408/5 442/415/5
f 4/32/7 225/28/7 274/28/7 49/32/7
f 282/25/58 568/25/58 554/204/58 284/204/58
f 227/30/58 275/30/58 521/30/58 507/30/58
f 351/362/7 382/373/7 610/373/7 587/362/7
f 1113/400/4 1116/395/4 429/395/4 417/400/4
f 1109/428/1 1104/433/1 419/433/1 435/428/1
f 313/256/106 384/376/106 584/376/106 593/256/106
f 321/230/108 386/346/108 576/346/108 613/230/108
f 1111/404/1 1114/442/1 421/442/1 413/404/1
f 1107/441/4 1102/432/4 415/432/4 427/441/4
f 387/352/108 312/351/108 596/351/108 579/352/108
f 389/353/106 320/223/106 592/223/106 571/353/106
f 391/374/7 380/367/7 616/367/7 601/374/7
f 379/297/3 392/298/3 602/298/3 615/297/3
f 326/168/4 389/233/4 571/233/4 574/168/4
f 349/145/7 394/148/7 606/148/7 589/145/7
f 393/364/3 350/363/3 590/363/3 605/364/3
f 386/346/1 323/258/1 577/258/1 576/346/1
f 377/366/3 396/375/3 598/375/3 617/366/3
f 395/368/7 378/315/7 618/315/7 597/368/7
f 318/163/1 387/234/1 579/234/1 582/163/1
f 384/349/4 315/247/4 585/247/4 584/349/4
f 405/362/7 351/361/7 587/361/7 469/362/7
f 352/146/3 406/146/3 470/146/3 588/146/3
f 327/164/1 318/163/1 582/163/1 422/164/1
f 315/247/4 330/246/4 426/246/4 585/247/4
f 409/145/7 349/314/7 589/314/7 473/145/7
f 350/372/3 410/363/3 474/363/3 590/372/3
f 333/169/4 326/168/4 574/168/4 430/169/4
f 323/258/1 337/257/1 434/257/1 577/258/1
f 1102/432/5 1103/133/5 551/133/5 415/432/5
f 320/223/112 402/223/112 466/223/112 592/223/112
f 397/256/113 313/256/113 593/256/113 461/256/113
f 1104/433/5 1105/144/5 553/144/5 419/433/5
f 635/421/5 636/137/5 555/137/5 439/421/5
f 312/220/115 400/220/115 464/220/115 596/220/115
f 643/98/5 644/422/5 437/422/5 483/98/5
f 280/65/62 278/52/62 484/52/62 556/65/62
f 637/411/5 638/13/5 522/13/5 443/411/5
f 342/426/5 879/451/5 1100/434/5 438/426/5
f 330/246/117 299/248/117 557/248/117 426/246/117
f 645/153/5 646/412/5 441/412/5 485/153/5
f 344/323/1 279/183/1 636/137/1 635/421/1
f 348/452/4 276/453/4 638/13/4 637/411/4
f 295/454/4 366/455/4 640/410/4 639/12/4
f 292/182/1 374/456/1 642/420/1 641/2/1
f 277/457/1 341/181/1 644/422/1 643/98/1
f 273/458/4 345/459/4 646/412/4 645/153/4
f 364/460/4 294/461/4 648/154/4 647/413/4
f 372/180/1 290/326/1 650/97/1 649/423/1
f 341/181/1 372/180/1 649/423/1 644/422/1
f 374/456/1 344/323/1 635/421/1 642/420/1
f 345/459/4 364/460/4 647/413/4 646/412/4
f 366/455/4 348/452/4 637/411/4 640/410/4
f 294/461/4 273/458/4 645/153/4 648/154/4
f 276/453/4 295/454/4 639/12/4 638/13/4
f 290/326/1 277/457/1 643/98/1 650/97/1
f 279/183/1 292/182/1 641/2/1 636/137/1
f 276/453/8 348/452/8 669/452/8 670/453/8
f 344/323/3 374/456/3 674/456/3 667/323/3
f 366/455/5 295/454/5 671/454/5 672/455/5
f 364/460/3 345/459/3 678/459/3 679/460/3
f 374/456/5 292/182/5 673/182/5 674/456/5
f 348/452/7 366/455/7 672/455/7 669/452/7
f 341/181/8 277/457/8 675/457/8 676/181/8
f 273/458/7 294/461/7 680/461/7 677/458/7
f 345/459/8 273/458/8 677/458/8 678/459/8
f 295/454/3 276/453/3 670/453/3 671/454/3
f 294/461/5 364/460/5 679/460/5 680/461/5
f 277/457/3 290/326/3 682/326/3 675/457/3
f 811/491/7 812/492/7 876/492/7 875/491/7
f 707/478/1 718/501/1 717/500/1 708/479/1
f 774/506/8 771/507/8 835/507/8 837/506/8
f 709/468/4 722/496/4 721/497/4 710/480/4
f 785/508/3 786/509/3 849/509/3 850/508/3
f 1090/510/7 1091/511/7 1098/511/7 1099/510/7
f 1085/512/5 1086/513/5 1095/513/5 1092/512/5
f 771/507/3 772/514/3 836/514/3 835/507/3
f 784/529/5 785/508/5 850/508/5 847/529/5
f 786/509/8 783/530/8 848/530/8 849/509/8
f 797/531/7 798/532/7 861/532/7 862/531/7
f 783/530/7 784/529/7 847/529/7 848/530/7
f 796/533/5 797/531/5 862/531/5 859/533/5
f 757/534/7 758/535/7 821/535/7 822/534/7
f 798/532/8 795/536/8 860/536/8 861/532/8
f 809/537/3 810/538/3 873/538/3 874/537/3
f 756/539/5 757/534/5 822/534/5 819/539/5
f 795/536/3 796/533/3 859/533/3 860/536/3
f 808/540/5 809/537/5 874/537/5 872/540/5
f 758/535/8 755/541/8 820/541/8 821/535/8
f 750/542/4 736/518/4 752/543/4 751/544/4
f 736/518/4 711/481/4 753/545/4 752/543/4
f 711/481/4 744/523/4 754/546/4 753/545/4
f 744/523/4 750/542/4 751/544/4 754/546/4
f 749/547/1 734/516/1 756/539/1 755/541/1
f 734/516/1 684/476/1 757/534/1 756/539/1
f 684/476/1 742/517/1 758/535/1 757/534/1
f 742/517/1 749/547/1 755/541/1 758/535/1
f 748/548/4 737/484/4 760/549/4 759/550/4
f 737/484/4 686/475/4 761/551/4 760/549/4
f 686/475/4 746/528/4 762/552/4 761/551/4
f 746/528/4 748/548/4 759/550/4 762/552/4
f 747/553/1 733/521/1 764/554/1 763/555/1
f 733/521/1 713/482/1 765/556/1 764/554/1
f 713/482/1 738/525/1 766/557/1 765/556/1
f 738/525/1 747/553/1 763/555/1 766/557/1
f 739/522/1 747/553/1 768/558/1 767/559/1
f 747/553/1 738/525/1 769/560/1 768/558/1
f 738/525/1 716/493/1 770/561/1 769/560/1
f 716/493/1 739/522/1 767/559/1 770/561/1
f 715/488/1 731/524/1 772/514/1 771/507/1
f 731/524/1 747/553/1 773/562/1 772/514/1
f 747/553/1 739/522/1 774/506/1 773/562/1
f 739/522/1 715/488/1 771/507/1 774/506/1
f 731/524/1 714/483/1 776/563/1 775/564/1
f 714/483/1 733/521/1 777/565/1 776/563/1
f 733/521/1 747/553/1 778/566/1 777/565/1
f 747/553/1 731/524/1 775/564/1 778/566/1
f 735/464/4 748/548/4 780/567/4 779/568/4
f 748/548/4 746/528/4 781/569/4 780/567/4
f 746/528/4 724/462/4 782/570/4 781/569/4
f 724/462/4 735/464/4 779/568/4 782/570/4
f 723/463/4 745/526/4 784/529/4 783/530/4
f 745/526/4 748/548/4 785/508/4 784/529/4
f 748/548/4 735/464/4 786/509/4 785/508/4
f 735/464/4 723/463/4 783/530/4 786/509/4
f 745/526/4 685/469/4 788/571/4 787/572/4
f 685/469/4 737/484/4 789/573/4 788/571/4
f 737/484/4 748/548/4 790/574/4 789/573/4
f 748/548/4 745/526/4 787/572/4 790/574/4
f 740/519/1 749/547/1 792/575/1 791/576/1
f 749/547/1 742/517/1 793/577/1 792/575/1
f 742/517/1 728/490/1 794/578/1 793/577/1
f 728/490/1 740/519/1 791/576/1 794/578/1
f 727/498/1 741/515/1 796/533/1 795/536/1
f 741/515/1 749/547/1 797/531/1 796/533/1
f 749/547/1 740/519/1 798/532/1 797/531/1
f 740/519/1 727/498/1 795/536/1 798/532/1
f 741/515/1 683/477/1 800/579/1 799/580/1
f 683/477/1 734/516/1 801/581/1 800/579/1
f 734/516/1 749/547/1 802/582/1 801/581/1
f 749/547/1 741/515/1 799/580/1 802/582/1
f 732/527/4 750/542/4 804/583/4 803/584/4
f 750/542/4 744/523/4 805/585/4 804/583/4
f 744/523/4 720/495/4 806/586/4 805/585/4
f 720/495/4 732/527/4 803/584/4 806/586/4
f 719/466/4 743/520/4 808/540/4 807/587/4
f 743/520/4 750/542/4 809/537/4 808/540/4
f 750/542/4 732/527/4 810/538/4 809/537/4
f 732/527/4 719/466/4 807/587/4 810/538/4
f 743/520/4 712/465/4 812/492/4 811/491/4
f 712/465/4 736/518/4 813/588/4 812/492/4
f 736/518/4 750/542/4 814/589/4 813/588/4
f 750/542/4 743/520/4 811/491/4 814/589/4
f 772/514/5 773/562/5 838/562/5 836/514/5
f 759/550/7 760/549/7 823/549/7 824/550/7
f 814/589/8 811/491/8 875/491/8 877/589/8
f 773/562/7 774/506/7 837/506/7 838/562/7
f 762/552/8 759/550/8 824/550/8 825/552/8
f 812/492/5 813/588/5 878/588/5 876/492/5
f 799/580/3 800/579/3 863/579/3 864/580/3
f 760/549/5 761/551/5 826/551/5 823/549/5
f 813/588/3 814/589/3 877/589/3 878/588/3
f 802/582/8 799/580/8 864/580/8 865/582/8
f 761/551/3 762/552/3 825/552/3 826/551/3
f 800/579/5 801/581/5 866/581/5 863/579/5
f 787/572/7 788/571/7 851/571/7 852/572/7
f 801/581/7 802/582/7 865/582/7 866/581/7
f 790/574/8 787/572/8 852/572/8 853/574/8
f 788/571/5 789/573/5 854/573/5 851/571/5
f 775/564/3 776/563/3 840/563/3 839/564/3
f 789/573/3 790/574/3 853/574/3 854/573/3
f 778/566/8 775/564/8 839/564/8 841/566/8
f 776/563/5 777/565/5 842/565/5 840/563/5
f 763/555/3 764/554/3 827/554/3 828/555/3
f 777/565/7 778/566/7 841/566/7 842/565/7
f 766/557/8 763/555/8 828/555/8 829/557/8
f 803/584/7 804/583/7 867/583/7 868/584/7
f 764/554/5 765/556/5 830/556/5 827/554/5
f 751/544/7 752/543/7 815/543/7 816/544/7
f 806/586/8 803/584/8 868/584/8 869/586/8
f 765/556/7 766/557/7 829/557/7 830/556/7
f 754/546/8 751/544/8 816/544/8 817/546/8
f 804/583/5 805/585/5 870/585/5 867/583/5
f 791/576/3 792/575/3 855/575/3 856/576/3
f 752/543/5 753/545/5 818/545/5 815/543/5
f 805/585/3 806/586/3 869/586/3 870/585/3
f 794/578/8 791/576/8 856/576/8 857/578/8
f 753/545/3 754/546/3 817/546/3 818/545/3
f 792/575/5 793/577/5 858/577/5 855/575/5
f 779/568/7 780/567/7 843/567/7 844/568/7
f 793/577/7 794/578/7 857/578/7 858/577/7
f 782/570/8 779/568/8 844/568/8 845/570/8
f 780/567/5 781/569/5 846/569/5 843/567/5
f 767/559/3 768/558/3 831/558/3 832/559/3
f 781/569/3 782/570/3 845/570/3 846/569/3
f 770/561/8 767/559/8 832/559/8 833/561/8
f 807/587/7 808/540/7 872/540/7 871/587/7
f 768/558/5 769/560/5 834/560/5 831/558/5
f 755/541/3 756/539/3 819/539/3 820/541/3
f 810/538/8 807/587/8 871/587/8 873/538/8
f 769/560/7 770/561/7 833/561/7 834/560/7
f 955/590/7 957/591/7 952/591/7 953/590/7
f 884/325/4 880/431/4 881/429/4 885/592/4
f 881/429/4 367/409/4 886/327/4 885/592/4
f 888/593/1 879/451/1 882/427/1 889/594/1
f 882/427/1 375/417/1 890/595/1 889/594/1
f 343/416/1 879/451/1 888/593/1 891/596/1
f 343/416/1 891/596/1 890/595/1 375/417/1
f 889/594/5 890/595/5 899/595/5 896/594/5
f 888/593/3 889/594/3 896/594/3 897/593/3
f 885/592/5 886/327/5 895/327/5 892/592/5
f 890/595/7 891/596/7 898/596/7 899/595/7
f 884/325/7 885/592/7 892/592/7 893/325/7
f 891/596/8 888/593/8 897/593/8 898/596/8
f 957/591/8 961/621/8 950/621/8 952/591/8
f 346/415/4 363/414/4 949/622/4 948/623/4
f 363/414/4 881/429/4 959/624/4 949/622/4
f 879/451/1 957/591/1 955/590/1 882/427/1
f 961/621/3 960/625/3 951/625/3 950/621/3
f 880/431/4 346/415/4 948/623/4 958/626/4
f 342/426/1 371/425/1 960/625/1 961/621/1
f 371/425/1 882/427/1 955/590/1 960/625/1
f 959/624/3 958/626/3 954/626/3 956/624/3
f 958/626/8 948/623/8 962/623/8 954/626/8
f 879/451/1 342/426/1 961/621/1 957/591/1
f 880/431/4 958/626/4 959/624/4 881/429/4
f 948/623/7 949/622/7 963/622/7 962/623/7
f 949/622/5 959/624/5 956/624/5 963/622/5
f 960/625/5 955/590/5 953/590/5 951/625/5
f 688/471/4 726/503/4 1085/512/4 1084/707/4
f 726/503/4 725/502/4 1086/513/4 1085/512/4
f 725/502/4 687/474/4 1087/708/4 1086/513/4
f 687/474/4 688/471/4 1084/707/4 1087/708/4
f 690/472/1 730/505/1 1089/709/1 1088/710/1
f 730/505/1 729/504/1 1090/510/1 1089/709/1
f 729/504/1 689/473/1 1091/511/1 1090/510/1
f 689/473/1 690/472/1 1088/710/1 1091/511/1
f 1084/707/7 1085/512/7 1092/512/7 1093/707/7
f 1091/511/8 1088/710/8 1097/710/8 1098/511/8
f 1086/513/3 1087/708/3 1094/708/3 1095/513/3
f 1087/708/8 1084/707/8 1093/707/8 1094/708/8
f 1089/709/5 1090/510/5 1099/510/5 1096/709/5
f 1088/710/3 1089/709/3 1096/709/3 1097/710/3
f 887/324/4 347/408/4 880/431/4 884/325/4
f 1101/430/63 883/29/63 274/28/63 486/28/63
f 1100/434/5 879/451/5 343/416/5 440/416/5
f 347/408/4 887/324/4 886/327/4 367/409/4
f 1134/711/7 1135/712/7 1103/133/7 1102/432/7
f 1136/713/3 1137/714/3 1105/144/3 1104/433/3
f 1122/715/7 1145/716/7 1107/441/7 1106/132/7
f 1124/717/3 1143/718/3 1109/428/3 1108/143/3
f 1138/719/7 1139/720/7 1111/404/7 1110/138/7
f 1140/721/3 1141/722/3 1113/400/3 1112/141/3
f 1144/723/7 1131/724/7 1115/139/7 1114/442/7
f 1142/725/3 1133/726/3 1117/142/3 1116/395/3
f 1141/722/3 1142/725/3 1116/395/3 1113/400/3
f 1143/718/3 1136/713/3 1104/433/3 1109/428/3
f 1139/720/7 1144/723/7 1114/442/7 1111/404/7
f 1145/716/7 1134/711/7 1102/432/7 1107/441/7
f 1133/726/3 1140/721/3 1112/141/3 1117/142/3
f 1137/714/3 1124/717/3 1108/143/3 1105/144/3
f 1131/724/7 1138/719/7 1110/138/7 1115/139/7
f 1135/712/7 1122/715/7 1106/132/7 1103/133/7
f 309/727/120 336/728/120 1178/728/120 1164/727/120
f 1125/729/121 338/730/121 1179/730/121 1171/729/121
f 300/174/122 1157/173/122 1145/716/122 1122/715/122
f 304/178/123 1155/177/123 1143/718/123 1124/717/123
f 1132/731/124 1129/732/124 1165/732/124 1170/731/124
f 281/733/125 309/727/125 1164/727/125 1177/733/125
f 1156/241/122 298/240/122 1131/724/122 1144/723/122
f 1154/237/123 302/236/123 1133/726/123 1142/725/123
f 1123/734/126 331/735/126 1181/735/126 1173/734/126
f 1129/732/127 1128/736/127 1169/736/127 1165/732/127
f 285/737/128 305/738/128 1162/738/128 1176/737/128
f 283/739/129 1121/740/129 1167/740/129 1175/739/129
f 302/236/130 1152/235/130 1140/721/130 1133/726/130
f 1149/179/131 304/178/131 1124/717/131 1137/714/131
f 298/240/132 1150/239/132 1138/719/132 1131/724/132
f 1147/175/133 300/174/133 1122/715/133 1135/712/133
f 1118/741/134 1119/742/134 1135/712/134 1134/711/134
f 1120/743/135 1121/740/135 1137/714/135 1136/713/135
f 1126/744/136 1127/745/136 1139/720/136 1138/719/136
f 1128/736/137 1129/732/137 1141/722/137 1140/721/137
f 1129/732/138 1132/731/138 1142/725/138 1141/722/138
f 1125/729/139 1120/743/139 1136/713/139 1143/718/139
f 1127/745/140 1130/746/140 1144/723/140 1139/720/140
f 1123/734/141 1118/741/141 1134/711/141 1145/716/141
f 287/747/142 308/748/142 1146/172/142 1147/175/142
f 283/739/143 310/749/143 1148/176/143 1149/179/143
f 305/738/144 285/737/144 1150/239/144 1151/242/144
f 309/727/145 281/733/145 1152/235/145 1153/238/145
f 336/728/146 309/727/146 1153/238/146 1154/237/146
f 310/749/147 338/730/147 1155/177/147 1148/176/147
f 329/750/148 305/738/148 1151/242/148 1156/241/148
f 308/748/149 331/735/149 1157/173/149 1146/172/149
f 1119/742/150 287/747/150 1147/175/150 1135/712/150
f 1121/740/151 283/739/151 1149/179/151 1137/714/151
f 331/735/132 1123/734/132 1145/716/132 1157/173/132
f 338/730/130 1125/729/130 1143/718/130 1155/177/130
f 285/737/150 1126/744/150 1138/719/150 1150/239/150
f 281/733/151 1128/736/151 1140/721/151 1152/235/151
f 1130/746/133 329/750/133 1156/241/133 1144/723/133
f 1132/731/131 336/728/131 1154/237/131 1142/725/131
f 1120/743/160 1125/729/160 1171/729/160 1160/743/160
f 1126/744/161 285/737/161 1176/737/161 1168/744/161
f 338/730/162 310/749/162 1161/749/162 1179/730/162
f 1130/746/163 1127/745/163 1163/745/163 1172/746/163
f 1128/736/164 281/733/164 1177/733/164 1169/736/164
f 305/738/165 329/750/165 1180/750/165 1162/738/165
f 1118/741/166 1123/734/166 1173/734/166 1158/741/166
f 329/750/167 1130/746/167 1172/746/167 1180/750/167
f 1119/742/168 1118/741/168 1158/741/168 1166/742/168
f 331/735/169 308/748/169 1159/748/169 1181/735/169
f 308/748/170 287/747/170 1174/747/170 1159/748/170
f 336/728/171 1132/731/171 1170/731/171 1178/728/171
f 1121/740/172 1120/743/172 1160/743/172 1167/740/172
f 287/747/173 1119/742/173 1166/742/173 1174/747/173
f 310/749/174 283/739/174 1175/739/174 1161/749/174
f 1127/745/175 1126/744/175 1168/744/175 1163/745/175
f 1267/790/3 1266/808/3 1271/809/3 1278/810/3
f 1278/810/1 1271/813/1 1292/813/1 1295/810/1
f 1275/814/5 1279/815/5 1294/816/5 1297/814/5
f 1280/817/4 1284/818/4 1300/818/4 1299/817/4
f 1272/819/4 1276/820/4 1296/820/4 1291/819/4
f 1288/821/5 1281/822/5 1298/822/5 1303/821/5
f 1269/806/7 1268/823/7 1289/824/7 1286/825/7
f 1286/826/1 1289/824/1 1302/824/1 1305/826/1
f 1282/805/7 1285/827/7 1284/818/7 1280/817/7
f 1283/830/8 1287/831/8 1304/831/8 1301/832/8
f 1277/792/3 1267/833/3 1279/816/3 1275/814/3
f 1270/834/8 1273/835/8 1290/836/8 1293/834/8
f 1285/804/7 1269/837/7 1287/831/7 1283/832/7
f 1268/807/7 1282/838/7 1281/822/7 1288/821/7
f 1274/803/3 1277/839/3 1276/820/3 1272/840/3
f 1270/834/3 1271/841/3 1266/808/3
f 1272/819/3 1273/842/3 1274/843/3
f 1275/814/3 1276/844/3 1277/839/3
f 1278/810/3 1279/845/3 1267/833/3
f 1280/817/7 1281/846/7 1282/838/7
f 1283/830/7 1284/847/7 1285/827/7
f 1286/826/7 1287/848/7 1269/837/7
f 1288/821/7 1289/849/7 1268/823/7
f 1288/821/182 1303/821/182 1302/824/182 1289/824/182
f 1304/831/183 1287/831/183 1286/826/183 1305/826/183
f 1272/819/184 1291/819/184 1290/836/184 1273/835/184
f 1292/813/183 1271/813/183 1270/834/183 1293/834/183
f 1280/817/185 1299/817/185 1298/822/185 1281/822/185
f 1278/810/182 1295/810/182 1294/816/182 1279/815/182
f 1296/820/185 1276/820/185 1275/814/185 1297/814/185
f 1300/818/184 1284/818/184 1283/830/184 1301/832/184
f 1266/791/3 1274/843/3 1273/836/3 1270/834/3
f 1407/874/7 1525/875/7 1497/876/7 1356/53/7
f 1409/877/3 1533/878/3 1491/879/3 1359/32/3
f 1490/884/3 1542/885/3 1549/886/3 1493/887/3
f 1374/23/5 1377/48/5 1359/75/5 1357/55/5
f 1538/892/8 1537/893/8 1488/894/8 1486/895/8
f 1356/70/5 1355/61/5 1376/896/5 1373/22/5
f 1389/897/5 1391/898/5 1377/48/5 1374/23/5
f 1355/64/7 1501/899/7 1526/900/7 1410/901/7
f 1380/902/5 1389/897/5 1374/23/5 1362/54/5
f 1496/903/7 1534/904/7 1541/905/7 1499/906/7
f 1479/907/192 1473/908/192 1731/909/192 1732/910/192
f 1364/911/1 1505/912/1 1530/913/1 1408/914/1
f 1680/915/193 1641/915/193 1640/916/193 1689/916/193
f 1378/917/194 1513/918/194 1509/919/194 1360/20/194
f 1411/920/1 1529/921/1 1502/922/1 1365/923/1
f 1391/898/5 1381/924/5 1364/911/5 1377/48/5
f 1357/31/3 1495/925/3 1520/926/3 1404/927/3
f 1405/928/4 1519/929/4 1506/930/4 1362/21/4
f 1584/931/7 1585/932/7 1592/932/7 1593/931/7
f 1525/875/197 1407/874/197 1406/941/197 1522/942/197
f 1376/896/5 1365/923/5 1383/943/5 1390/944/5
f 1390/944/5 1383/943/5 1381/924/5 1391/898/5
f 1360/20/4 1509/919/4 1522/942/4 1406/941/4
f 1579/945/5 1580/946/5 1589/946/5 1586/945/5
f 1381/924/198 1517/947/198 1505/912/198 1364/911/198
f 1404/149/199 1520/948/199 1519/929/199 1405/928/199
f 1360/71/5 1373/22/5 1387/949/5 1378/950/5
f 1378/950/5 1387/949/5 1389/897/5 1380/902/5
f 1373/22/5 1376/896/5 1390/944/5 1387/949/5
f 1387/949/5 1390/944/5 1391/898/5 1389/897/5
f 1405/959/5 1362/54/5 1374/23/5 1357/55/5 1404/960/5
f 1410/961/5 1411/920/5 1365/923/5 1376/896/5 1355/61/5
f 1407/966/5 1356/70/5 1373/22/5 1360/71/5 1406/967/5
f 1364/911/5 1408/914/5 1409/972/5 1359/75/5 1377/48/5
f 1359/32/3 1491/879/3 1495/925/3 1357/31/3
f 1365/923/196 1502/922/196 1514/973/196 1383/943/196
f 1356/53/7 1497/876/7 1501/899/7 1355/64/7
f 1533/878/201 1409/877/201 1408/914/201 1530/913/201
f 1529/921/200 1411/920/200 1410/901/200 1526/900/200
f 1362/21/195 1506/930/195 1510/978/195 1380/979/195
f 1537/1000/192 1538/1001/192 1541/905/192 1534/904/192
f 1545/1005/202 1546/1006/202 1549/886/202 1542/885/202
f 1670/1010/217 1630/1010/217 1639/1011/217 1679/1011/217
f 1463/1015/8 1384/1016/8 1783/1016/8 1782/1015/8
f 1478/1017/218 1480/1018/218 1774/1018/218 1775/1017/218
f 1477/1019/5 1483/1020/5 1753/1020/5 1750/1019/5
f 1487/1021/8 1489/1022/8 1546/1023/8 1545/1014/8
f 1737/1024/202 1734/1025/202 1475/1026/202 1485/1027/202
f 1730/909/8 1771/226/8 1462/226/8
f 1770/1028/8 1735/227/8 1465/227/8
f 1772/1029/8 1733/1030/8 1467/1030/8
f 1736/1031/8 1773/371/8 1469/371/8
f 1762/1032/219 1763/1033/219 1479/907/219 1732/910/219
f 1764/1034/220 1765/1035/220 1731/909/220 1473/908/220
f 1766/1036/221 1767/1037/221 1737/1024/221 1485/1027/221
f 1768/1038/222 1769/1039/222 1475/1026/222 1734/1025/222
f 1765/1035/223 1771/1040/223 1730/909/223 1731/909/223
f 1772/1029/224 1762/1032/224 1732/910/224 1733/1041/224
f 1763/1033/225 1766/1036/225 1485/1027/225 1479/907/225
f 1769/1039/226 1764/1034/226 1473/908/226 1475/1026/226
f 1734/1025/227 1735/1042/227 1770/1028/227 1768/1038/227
f 1767/1037/228 1773/1043/228 1736/1031/228 1737/1024/228
f 1471/1044/4 1461/1044/4 1746/1044/4 1747/1044/4
f 1496/903/5 1499/906/5 1417/906/5 1420/903/5
f 1505/912/229 1517/947/229 1412/947/229 1392/912/229
f 1522/942/230 1509/919/230 1394/919/230 1550/1045/230
f 1549/886/4 1546/1006/4 1574/1006/4 1577/886/4
f 1520/926/231 1495/925/231 1424/925/231 1368/926/231
f 1509/919/232 1513/918/232 1398/918/232 1394/919/232
f 1506/930/233 1519/929/233 1369/929/233 1397/930/233
f 1545/1005/1 1542/885/1 1570/885/1 1573/1005/1
f 1565/893/4 1574/1023/4 1546/1023/4 1489/1048/4 1488/894/4 1537/893/4
f 1510/978/234 1506/930/234 1397/930/234 1401/978/234
f 1533/878/235 1530/913/235 1558/913/235 1561/878/235
f 1541/905/1 1538/1001/1 1566/1001/1 1569/905/1
f 1513/918/236 1510/978/236 1401/978/236 1398/918/236
f 1529/921/237 1526/900/237 1554/900/237 1557/921/237
f 1537/1000/4 1534/904/4 1562/904/4 1565/1000/4
f 1493/887/4 1549/886/4 1577/886/4 1423/887/4
f 1514/973/238 1502/922/238 1403/922/238 1415/973/238
f 1486/226/7 1488/894/7 1467/1053/7
f 1467/1053/8 1733/1054/8 1730/1055/8
f 1486/226/8 1467/1053/8 1730/1055/8
f 1573/1014/1 1566/892/1 1538/892/1 1486/1056/1 1487/1021/1 1545/1014/1
f 1497/876/249 1525/875/249 1553/875/249 1419/876/249
f 1501/899/250 1497/876/250 1419/876/250 1418/899/250
f 1490/884/5 1493/887/5 1423/887/5 1426/884/5
f 1530/913/251 1505/912/251 1392/912/251 1558/913/251
f 1495/925/252 1491/879/252 1425/879/252 1424/925/252
f 1491/879/253 1533/878/253 1561/878/253 1425/879/253
f 1519/929/254 1520/948/254 1368/948/254 1369/929/254
f 1534/904/4 1496/903/4 1420/903/4 1562/904/4
f 1526/900/255 1501/899/255 1418/899/255 1554/900/255
f 1499/906/1 1541/905/1 1569/905/1 1417/906/1
f 1502/922/256 1529/921/256 1557/921/256 1403/922/256
f 1517/947/257 1514/973/257 1415/973/257 1412/947/257
f 1542/885/1 1490/884/1 1426/884/1 1570/885/1
f 1525/875/258 1522/942/258 1550/1045/258 1553/875/258
f 1380/979/4 1510/978/4 1579/945/4 1578/1057/4
f 1510/978/4 1513/918/4 1580/946/4 1579/945/4
f 1513/918/4 1378/917/4 1581/1058/4 1580/946/4
f 1378/917/4 1380/979/4 1578/1057/4 1581/1058/4
f 1383/943/1 1514/973/1 1583/1059/1 1582/1060/1
f 1514/973/1 1517/947/1 1584/931/1 1583/1059/1
f 1517/947/1 1381/924/1 1585/932/1 1584/931/1
f 1381/924/1 1383/943/1 1582/1060/1 1585/932/1
f 1578/1057/7 1579/945/7 1586/945/7 1587/1057/7
f 1585/932/8 1582/1060/8 1591/1060/8 1592/932/8
f 1580/946/3 1581/1058/3 1588/1058/3 1589/946/3
f 1581/1058/8 1578/1057/8 1587/1057/8 1588/1058/8
f 1583/1059/5 1584/931/5 1593/931/5 1590/1059/5
f 1582/1060/3 1583/1059/3 1590/1059/3 1591/1060/3
f 1639/1011/8 1630/1010/8 1631/1095/8 1632/1096/8 1633/1097/8 1634/1098/8 1635/1099/8 1636/1100/8 1637/1101/8 1638/1102/8
f 1649/1103/8 1640/916/8 1641/915/8 1642/1104/8 1643/1105/8 1644/1106/8 1645/1107/8 1646/1108/8 1647/1109/8 1648/1110/8
f 1673/1097/267 1674/1098/267 1634/1098/267 1633/1097/267
f 1687/1110/268 1688/1103/268 1649/1103/268 1648/1110/268
f 1680/915/269 1681/1104/269 1642/1104/269 1641/915/269
f 1674/1098/270 1675/1099/270 1635/1099/270 1634/1098/270
f 1688/1103/271 1689/916/271 1640/916/271 1649/1103/271
f 1681/1104/272 1682/1105/272 1643/1105/272 1642/1104/272
f 1675/1099/273 1676/1100/273 1636/1100/273 1635/1099/273
f 1682/1105/274 1683/1106/274 1644/1106/274 1643/1105/274
f 1676/1100/275 1677/1101/275 1637/1101/275 1636/1100/275
f 1670/1010/271 1671/1095/271 1631/1095/271 1630/1010/271
f 1683/1106/276 1684/1107/276 1645/1107/276 1644/1106/276
f 1677/1101/277 1678/1102/277 1638/1102/277 1637/1101/277
f 1684/1107/278 1685/1108/278 1646/1108/278 1645/1107/278
f 1678/1102/269 1679/1011/269 1639/1011/269 1638/1102/269
f 1671/1095/279 1672/1096/279 1632/1096/279 1631/1095/279
f 1685/1108/280 1686/1109/280 1647/1109/280 1646/1108/280
f 1770/1028/8 1465/227/8 1487/1111/8 1486/226/8 1462/226/8 1771/1040/8
f 1672/1096/281 1673/1097/281 1633/1097/281 1632/1096/281
f 1686/1109/282 1687/1110/282 1648/1110/282 1647/1109/282
f 1461/1044/7 1471/1044/7 1731/909/7 1730/909/7
f 1481/1136/7 1466/1137/7 1733/1041/7 1732/910/7
f 1477/1019/3 1464/1138/3 1735/1042/3 1734/1025/3
f 1468/1020/3 1483/1020/3 1737/1024/3 1736/1031/3
f 1466/1137/7 1461/1044/7 1730/909/7 1733/1041/7
f 1471/1044/7 1481/1136/7 1732/910/7 1731/909/7
f 1464/1138/3 1468/1020/3 1736/1031/3 1735/1042/3
f 1483/1020/3 1477/1019/3 1734/1025/3 1737/1024/3
f 1481/1136/5 1471/1044/5 1747/1044/5 1748/1136/5
f 1483/1020/1 1468/1020/1 1752/1020/1 1753/1020/1
f 1466/1137/1 1481/1136/1 1748/1136/1 1749/1137/1
f 1468/1020/8 1464/1138/8 1751/1138/8 1752/1020/8
f 1461/1044/8 1466/1137/8 1749/1137/8 1746/1044/8
f 1464/1138/4 1477/1019/4 1750/1019/4 1751/1138/4
f 1772/1029/8 1467/1030/8 1488/1147/8 1489/371/8 1469/371/8 1773/1043/8
f 1480/1018/4 1478/1017/4 1763/1033/4 1762/1032/4
f 1472/1148/1 1470/1149/1 1765/1035/1 1764/1034/1
f 1484/1150/4 1482/1151/4 1767/1037/4 1766/1036/4
f 1476/1152/1 1474/1153/1 1769/1039/1 1768/1038/1
f 1478/1017/4 1484/1150/4 1766/1036/4 1763/1033/4
f 1474/1153/1 1472/1148/1 1764/1034/1 1769/1039/1
f 1463/1015/1 1476/1152/1 1768/1038/1 1770/1028/1
f 1384/1016/1 1463/1015/1 1770/1028/1 1771/1040/1
f 1386/1154/4 1460/1155/4 1772/1029/4 1773/1043/4
f 1470/1149/1 1384/1016/1 1771/1040/1 1765/1035/1
f 1460/1155/4 1480/1018/4 1762/1032/4 1772/1029/4
f 1482/1151/4 1386/1154/4 1773/1043/4 1767/1037/4
f 1484/1150/5 1478/1017/5 1775/1017/5 1778/1150/5
f 1386/1154/287 1482/1151/287 1779/1151/287 1785/1154/287
f 1470/1149/218 1472/1148/218 1776/1148/218 1777/1149/218
f 1460/1155/8 1386/1154/8 1785/1154/8 1784/1155/8
f 1472/1148/5 1474/1153/5 1781/1153/5 1776/1148/5
f 1482/1151/288 1484/1150/288 1778/1150/288 1779/1151/288
f 1384/1016/289 1470/1149/289 1777/1149/289 1783/1016/289
f 1476/1152/287 1463/1015/287 1782/1015/287 1780/1152/287
f 1474/1153/288 1476/1152/288 1780/1152/288 1781/1153/288
f 1480/1018/289 1460/1155/289 1784/1155/289 1774/1018/289
f 1363/1156/290 1367/1156/290 1787/1157/290 1790/1158/290
f 1361/1159/291 1363/1159/291 1790/1160/291 1798/1161/291
f 1358/1162/18 1361/1162/18 1798/1163/18 1794/1164/18
f 1810/1165/2 1385/1166/2 1388/1166/2 1796/1167/2 1800/1167/2
f 1388/1168/292 1354/1168/292 1792/1169/292 1796/1170/292
f 1811/1171/8 1801/1172/8 1473/908/8 1479/907/8 1485/1027/8 1789/1173/8 1805/1174/8 1803/1175/8 1807/1176/8 1809/1177/8 1812/1178/8
f 1789/1173/8 1485/1027/8 1475/1026/8 1473/908/8 1801/1179/8 1797/1180/8 1793/1181/8 1795/1182/8 1799/1183/8 1791/1184/8 1786/1185/8
f 1802/1186/293 1372/1187/293 1375/1187/293 1806/1188/293
f 1806/1189/6 1375/1190/6 1379/1190/6 1808/1191/6
f 1808/1192/294 1379/1193/294 1382/1193/294 1813/1194/294
f 1813/1195/295 1382/1196/295 1385/1196/295 1810/1197/295
f 1804/1198/296 1370/1199/296 1372/1199/296 1802/1200/296
f 1354/1201/297 1358/1201/297 1794/1202/297 1792/1203/297
f 1787/1216/11 1788/1217/11 1789/1173/11 1786/1185/11
f 1797/1180/13 1801/1179/13 1800/1218/13 1796/1219/13
f 1793/1181/298 1797/1180/298 1796/1219/298 1792/1220/298
f 1792/1220/299 1794/1221/299 1795/1182/299 1793/1181/299
f 1794/1221/10 1798/1222/10 1799/1183/10 1795/1182/10
f 1791/1184/300 1799/1183/300 1798/1222/300 1790/1223/300
f 1786/1185/301 1791/1184/301 1790/1223/301 1787/1216/301
f 1811/1171/302 1812/1178/302 1813/1224/302 1810/1225/302
f 1801/1172/13 1811/1171/13 1810/1225/13 1800/1218/13
f 1788/1217/11 1804/1226/11 1805/1174/11 1789/1173/11
f 1803/1175/303 1805/1174/303 1804/1226/303 1802/1227/303
f 1802/1227/304 1806/1228/304 1807/1176/304 1803/1175/304
f 1806/1228/12 1808/1229/12 1809/1177/12 1807/1176/12
f 1808/1229/305 1813/1224/305 1812/1178/305 1809/1177/305
f 1367/1230/9 1370/1230/9 1804/1231/9 1788/1232/9 1787/1233/9
usemtl M_Noir_Profond
f 401/222/8 402/223/8 148/224/8 142/225/8 135/226/8 133/227/8 144/228/8 147/229/8 403/230/8 404/231/8
f 138/340/8 135/226/8 142/225/8 150/170/8 151/171/8
f 157/311/8 156/312/8 139/339/8 137/370/8 136/344/8
f 154/200/8 144/228/8 133/227/8 134/165/8 159/166/8
f 411/297/8 412/365/8 407/366/8 408/315/8 160/316/8 134/341/8 133/227/8 141/371/8 140/253/8 158/254/8
f 135/226/8 137/370/8 141/371/8 133/227/8
f 152/160/8 153/161/8 140/253/8 141/371/8 143/313/8
f 397/256/8 398/302/8 399/301/8 400/220/8 149/221/8 143/313/8 141/371/8 137/370/8 139/339/8 146/255/8
f 405/362/8 406/146/8 409/145/8 410/372/8 155/356/8 136/355/8 137/370/8 135/226/8 138/342/8 145/343/8
f 415/432/7 551/133/7 552/19/7 566/156/7 565/138/7 413/404/7 414/401/7 416/402/7
f 419/433/3 553/144/3 554/204/3 568/25/3 567/141/3 417/400/3 418/399/3 420/243/3
f 434/257/93 560/35/93 561/143/93 435/428/93 436/244/93 432/394/93 429/395/93 570/142/93 569/167/93 430/169/93 431/196/93 433/199/93
f 439/421/1 555/137/1 556/65/1 484/52/1 483/98/1 437/422/1 438/426/1 1100/434/1 440/416/1
f 443/411/4 522/13/4 521/30/4 1101/430/4 486/28/4 485/153/4 441/412/4 442/415/4 444/408/4
f 450/328/94 480/330/94 479/12/94 451/410/94 452/409/94 448/414/94 445/413/94 520/154/94 519/157/94 446/159/94 447/188/94 449/191/94
f 458/334/95 558/336/95 559/2/95 459/420/95 460/417/95 456/425/95 453/423/95 564/97/95 563/201/95 454/203/95 455/184/95 457/187/95
f 478/12/96 479/12/96 480/11/96 477/10/96
f 482/98/3 483/98/3 484/52/3 481/52/3
f 486/28/7 487/28/7 488/153/7 485/155/7
f 490/151/18 491/150/18 492/424/18 489/406/18
f 494/418/9 495/419/9 496/51/9 493/88/9
f 498/4/6 499/398/6 500/92/6 497/66/6
f 502/407/2 503/218/2 504/89/2 501/91/2
f 489/406/7 505/138/7 506/156/7 490/210/7
f 508/13/4 492/212/4 491/135/4 507/30/4
f 510/133/7 494/405/7 493/88/7 509/19/7
f 495/95/1 482/98/1 481/52/1 496/51/1
f 512/144/3 502/403/3 501/209/3 511/204/3
f 503/218/4 488/155/4 487/28/4 504/89/4
f 514/1/1 498/4/1 497/66/1 513/65/1
f 499/398/3 515/141/3 516/25/3 500/205/3
f 518/129/97 519/130/97 520/154/97 517/154/97
f 522/13/3 508/13/3 507/30/3 521/30/3
f 524/435/6 525/436/6 526/41/6 523/40/6
f 528/219/2 529/437/2 530/7/2 527/6/2
f 532/96/9 533/438/9 534/85/9 531/84/9
f 536/208/7 534/85/7 533/438/7 535/134/7
f 538/216/1 526/41/1 525/3/1 537/2/1
f 540/58/7 541/60/7 542/140/7 539/439/7
f 523/40/3 543/76/3 544/142/3 524/435/3
f 546/34/3 530/7/3 529/437/3 545/143/3
f 531/84/1 547/26/1 548/97/1 532/96/1
f 550/131/18 540/58/18 539/439/18 549/440/18
f 527/6/4 518/129/4 517/154/4 528/219/4
f 477/10/4 550/94/4 549/211/4 478/12/4
f 555/1/7 514/137/7 513/65/7 556/65/7
f 547/26/98 563/27/98 564/97/98 548/97/98
f 509/19/4 552/19/4 551/133/4 510/133/4
f 426/246/99 557/38/99 536/37/99 535/132/99 628/132/99 1106/132/99 1107/441/99 427/441/99 428/396/99 424/397/99 421/442/99 1114/442/99 1115/140/99 629/139/99 542/139/99 541/14/99 562/162/99 422/164/99 423/192/99 425/195/99
f 558/217/100 538/216/100 537/2/100 559/2/100
f 566/156/1 506/156/1 505/138/1 565/138/1
f 515/141/4 567/141/4 568/25/4 516/25/4
f 570/142/101 544/142/101 543/76/101 569/77/101
f 553/144/1 512/144/1 511/204/1 554/204/1
f 560/35/102 546/34/102 545/143/102 561/143/102
f 432/394/3 418/399/3 417/400/3 429/395/3
f 435/428/3 419/433/3 420/243/3 436/244/3
f 424/397/7 414/401/7 413/404/7 421/442/7
f 427/441/7 415/432/7 416/402/7 428/396/7
f 572/252/26 573/197/26 574/168/26 571/233/26
f 576/346/26 577/258/26 578/198/26 575/251/26
f 580/249/25 581/193/25 582/163/25 579/234/25
f 584/349/25 585/247/25 586/194/25 583/250/25
f 469/362/4 587/361/4 588/146/4 470/146/4
f 581/193/20 423/192/20 422/164/20 582/163/20
f 585/247/20 426/246/20 425/195/20 586/194/20
f 473/145/4 589/314/4 590/372/4 474/363/4
f 573/197/21 431/196/21 430/169/21 574/168/21
f 577/258/21 434/257/21 433/199/21 578/198/21
f 465/222/103 591/222/103 592/223/103 466/223/103
f 461/256/29 593/256/29 594/302/29 462/302/29
f 463/301/104 595/301/104 596/220/104 464/220/104
f 456/425/1 438/426/1 437/422/1 453/423/1
f 459/420/1 439/421/1 440/416/1 460/417/1
f 448/414/4 442/415/4 441/412/4 445/413/4
f 451/410/4 443/411/4 444/408/4 452/409/4
f 598/331/34 599/189/34 600/318/34 597/317/34
f 602/319/34 603/320/34 604/333/34 601/332/34
f 606/337/35 607/185/35 608/322/35 605/321/35
f 610/347/35 611/348/35 612/186/35 609/338/35
f 599/189/19 447/188/19 446/159/19 600/158/19
f 603/329/19 450/328/19 449/191/19 604/190/19
f 607/185/22 455/184/22 454/203/22 608/202/22
f 611/335/22 458/334/22 457/187/22 612/186/22
f 614/231/49 468/231/49 467/230/49 613/230/49
f 475/297/1 615/297/1 616/365/1 476/367/1
f 618/315/1 472/315/1 471/366/1 617/366/1
f 609/147/8 588/146/8 587/362/8 610/373/8
f 583/303/40 594/302/40 593/256/40 584/376/40
f 575/251/41 614/231/41 613/230/41 576/346/41
f 595/301/41 580/304/41 579/352/41 596/351/41
f 591/222/40 572/252/40 571/353/40 592/223/40
f 601/374/8 616/367/8 615/297/8 602/298/8
f 589/145/8 606/148/8 605/364/8 590/363/8
f 617/366/8 598/375/8 597/368/8 618/315/8
f 398/443/109 397/256/109 461/256/109 462/443/109
f 400/444/110 399/301/110 463/301/110 464/444/110
f 402/445/109 401/222/109 465/222/109 466/445/109
f 404/446/110 403/230/110 467/230/110 468/446/110
f 406/447/8 405/362/8 469/362/8 470/447/8
f 408/448/8 407/366/8 471/366/8 472/448/8
f 410/449/8 409/145/8 473/145/8 474/449/8
f 412/450/8 411/297/8 475/297/8 476/450/8
f 702/462/5 697/463/5 723/463/5 735/464/5 724/462/5
f 664/465/4 699/466/4 700/467/4 661/468/4 677/458/4 680/461/4
f 656/469/4 697/463/4 698/470/4 653/471/4 669/452/4 672/455/4
f 651/472/1 652/473/1 668/183/1 667/323/1
f 653/471/4 654/474/4 670/453/4 669/452/4
f 655/475/4 656/469/4 672/455/4 671/454/4
f 657/476/1 658/477/1 674/456/1 673/182/1
f 659/478/1 660/479/1 676/181/1 675/457/1
f 661/468/4 662/480/4 678/459/4 677/458/4
f 663/481/4 664/465/4 680/461/4 679/460/4
f 665/482/1 666/483/1 682/326/1 681/180/1
f 656/469/8 655/475/8 686/475/8 737/484/8 685/469/8
f 659/478/7 704/485/7 718/485/7 707/478/7
f 654/474/5 653/471/5 688/471/5 687/474/5
f 691/486/3 660/479/3 708/479/3 717/486/3
f 654/474/4 701/487/4 702/462/4 655/475/4 671/454/4 670/453/4
f 666/483/1 703/488/1 704/485/1 659/478/1 675/457/1 682/326/1
f 652/473/1 705/489/1 706/490/1 657/476/1 673/182/1 668/183/1
f 660/479/1 691/486/1 692/493/1 665/482/1 681/180/1 676/181/1
f 662/480/4 695/494/4 696/495/4 663/481/4 679/460/4 678/459/4
f 700/496/8 695/497/8 721/497/8 722/496/8
f 701/487/7 654/474/7 687/474/7 725/487/7
f 658/477/1 693/498/1 694/499/1 651/472/1 667/323/1 674/456/1
f 703/488/1 692/493/1 691/500/1 704/501/1
f 699/466/4 696/495/4 695/497/4 700/496/4
f 697/463/4 702/462/4 701/502/4 698/503/4
f 693/498/1 706/490/1 705/504/1 694/505/1
f 652/473/5 651/472/5 690/472/5 689/473/5
f 693/498/7 658/477/7 683/477/7 741/515/7 727/498/7
f 658/477/8 657/476/8 684/476/8 734/516/8 683/477/8
f 651/472/7 694/499/7 730/499/7 690/472/7
f 660/479/5 659/478/5 707/478/5 708/479/5
f 698/503/8 701/502/8 725/502/8 726/503/8
f 657/476/3 706/490/3 728/490/3 742/517/3 684/476/3
f 662/480/5 661/468/5 709/468/5 710/480/5
f 705/489/3 652/473/3 689/473/3 729/489/3
f 664/465/8 663/481/8 711/481/8 736/518/8 712/465/8
f 706/490/5 693/498/5 727/498/5 740/519/5 728/490/5
f 699/466/3 664/465/3 712/465/3 743/520/3 719/466/3
f 666/483/8 665/482/8 713/482/8 733/521/8 714/483/8
f 692/493/5 703/488/5 715/488/5 739/522/5 716/493/5
f 663/481/7 696/495/7 720/495/7 744/523/7 711/481/7
f 694/505/8 705/504/8 729/504/8 730/505/8
f 695/494/7 662/480/7 710/480/7 721/494/7
f 703/488/7 666/483/7 714/483/7 731/524/7 715/488/7
f 704/501/8 691/500/8 717/500/8 718/501/8
f 661/468/3 700/467/3 722/467/3 709/468/3
f 665/482/3 692/493/3 716/493/3 738/525/3 713/482/3
f 697/463/3 656/469/3 685/469/3 745/526/3 723/463/3
f 653/471/3 698/470/3 726/470/3 688/471/3
f 696/495/5 699/466/5 719/466/5 732/527/5 720/495/5
f 655/475/7 702/462/7 724/462/7 746/528/7 686/475/7
f 839/564/1 840/563/1 842/565/1 841/566/1
f 875/491/4 876/492/4 878/588/4 877/589/4
f 903/597/5 900/598/5 909/598/5 910/597/5
f 902/599/7 903/597/7 910/597/7 911/599/7
f 893/325/4 892/592/4 901/600/4 900/598/4
f 892/592/4 895/327/4 902/599/4 901/600/4
f 895/327/4 894/324/4 903/597/4 902/599/4
f 894/324/4 893/325/4 900/598/4 903/597/4
f 897/593/1 896/594/1 905/601/1 904/602/1
f 896/594/1 899/595/1 906/603/1 905/601/1
f 899/595/1 898/596/1 907/604/1 906/603/1
f 898/596/1 897/593/1 904/602/1 907/604/1
f 905/601/8 906/603/8 915/603/8 912/601/8
f 904/602/7 905/601/7 912/601/7 913/602/7
f 901/600/8 902/599/8 911/599/8 908/600/8
f 906/603/3 907/604/3 914/604/3 915/603/3
f 900/598/3 901/600/3 908/600/3 909/598/3
f 907/604/5 904/602/5 913/602/5 914/604/5
f 938/613/7 939/614/7 946/614/7 947/613/7
f 933/615/5 934/616/5 943/616/5 940/615/5
f 925/605/4 924/606/4 933/615/4 932/617/4
f 924/606/4 927/609/4 934/616/4 933/615/4
f 927/609/4 926/610/4 935/618/4 934/616/4
f 926/610/4 925/605/4 932/617/4 935/618/4
f 929/612/1 928/611/1 937/619/1 936/620/1
f 928/611/1 931/607/1 938/613/1 937/619/1
f 931/607/1 930/608/1 939/614/1 938/613/1
f 930/608/1 929/612/1 936/620/1 939/614/1
f 932/617/7 933/615/7 940/615/7 941/617/7
f 939/614/8 936/620/8 945/620/8 946/614/8
f 934/616/3 935/618/3 942/618/3 943/616/3
f 935/618/8 932/617/8 941/617/8 942/618/8
f 937/619/5 938/613/5 947/613/5 944/619/5
f 936/620/3 937/619/3 944/619/3 945/620/3
f 1003/627/1 973/628/1 972/629/1 984/630/1
f 953/590/1 952/591/1 967/631/1 1027/632/1 995/633/1 1013/634/1 1012/635/1 988/636/1 997/637/1 1008/638/1 1009/639/1 1005/640/1 972/641/1 973/642/1 1026/643/1 1025/644/1 990/645/1 966/646/1
f 951/625/1 953/590/1 966/646/1 965/647/1
f 986/648/4 1019/649/4 1010/650/4 1006/651/4
f 952/591/1 950/621/1 964/652/1 967/631/1
f 956/624/4 954/626/4 971/653/4 983/654/4 1007/655/4 975/656/4 976/657/4 1020/658/4 1000/659/4 1011/660/4 1010/650/4 1019/649/4 987/661/4 1016/662/4 1015/663/4 991/664/4 1024/665/4 970/666/4
f 963/622/4 956/624/4 970/666/4 969/667/4
f 996/668/1 988/636/1 1012/635/1 980/669/1
f 954/626/4 962/623/4 968/670/4 971/653/4
f 1017/671/4 1016/672/4 987/673/4 985/674/4
f 989/675/1 1025/676/1 1026/677/1 1004/678/1
f 982/679/4 975/656/4 1007/655/4 1002/680/4
f 981/681/1 1013/682/1 995/633/1 994/683/1
f 1021/684/4 1020/658/4 976/657/4 1014/685/4
f 993/686/1 1027/687/1 967/631/1 964/652/1
f 966/646/108 990/645/108 999/688/108 965/647/108
f 978/689/4 1011/660/4 1000/659/4 998/690/4
f 1022/691/4 991/692/4 1015/693/4 974/694/4
f 992/695/4 983/696/4 971/653/4 968/670/4
f 977/697/1 1008/638/1 997/637/1 1001/698/1
f 950/621/1 951/625/1 965/647/1 999/688/1 989/675/1 1004/699/1 1003/627/1 984/630/1 1018/700/1 979/701/1 977/697/1 1001/698/1 996/668/1 980/669/1 981/702/1 994/683/1 993/686/1 964/652/1
f 962/623/4 963/622/4 969/667/4 1023/703/4 1022/691/4 974/704/4 1017/671/4 985/705/4 986/648/4 1006/651/4 978/689/4 998/690/4 1021/684/4 1014/685/4 982/679/4 1002/680/4 992/706/4 968/670/4
f 970/666/4 1024/665/4 1023/703/4 969/667/4
f 1018/700/1 1005/640/1 1009/639/1 979/701/1
f 1020/658/5 1021/684/5 1069/684/5 1068/658/5
f 1019/649/5 986/648/5 1064/648/5 1067/649/5
f 991/692/5 1022/691/5 1070/691/5 1073/692/5
f 1025/676/5 989/675/5 1076/675/5 1075/676/5
f 975/656/5 982/679/5 1057/679/5 1047/656/5
f 973/628/5 1003/627/5 1036/627/5 1045/628/5
f 983/696/5 992/695/5 1034/695/5 1078/696/5
f 1005/640/5 1018/700/5 1062/700/5 1039/640/5
f 1008/638/5 977/697/5 1049/697/5 1048/638/5
f 1013/682/5 981/681/5 1053/681/5 1056/682/5
f 1027/687/5 993/686/5 1041/686/5 1081/687/5
f 988/636/5 996/668/5 1030/668/5 1077/636/5
f 1016/672/5 1017/671/5 1061/671/5 1060/672/5
f 1011/660/5 978/689/5 1042/689/5 1052/660/5
f 1223/762/8 1224/763/8 1241/763/8 1238/762/8
f 1229/764/5 1226/765/5 1243/765/5 1244/764/5
f 1219/766/5 1220/767/5 1237/767/5 1234/766/5
f 1230/768/6 1231/769/6 1246/769/6 1247/768/6
f 1203/754/18 1202/753/18 1219/766/18 1218/770/18
f 1202/753/18 1205/755/18 1220/767/18 1219/766/18
f 1205/755/18 1204/756/18 1221/771/18 1220/767/18
f 1204/756/18 1203/754/18 1218/770/18 1221/771/18
f 1207/758/6 1206/757/6 1223/762/6 1222/772/6
f 1206/757/6 1209/80/6 1224/763/6 1223/762/6
f 1209/80/6 1208/81/6 1225/773/6 1224/763/6
f 1208/81/6 1207/758/6 1222/772/6 1225/773/6
f 1211/759/9 1210/82/9 1227/774/9 1226/765/9
f 1210/82/9 1213/45/9 1228/775/9 1227/774/9
f 1213/45/9 1212/46/9 1229/764/9 1228/775/9
f 1212/46/9 1211/759/9 1226/765/9 1229/764/9
f 1215/760/2 1214/78/2 1231/769/2 1230/768/2
f 1214/78/2 1217/79/2 1232/776/2 1231/769/2
f 1217/79/2 1216/761/2 1233/777/2 1232/776/2
f 1216/761/2 1215/760/2 1230/768/2 1233/777/2
f 1233/777/5 1230/768/5 1247/768/5 1248/777/5
f 1220/767/2 1221/771/2 1236/771/2 1237/767/2
f 1227/774/8 1228/775/8 1245/775/8 1242/774/8
f 1224/763/2 1225/773/2 1240/773/2 1241/763/2
f 1231/769/8 1232/776/8 1249/776/8 1246/769/8
f 1228/775/6 1229/764/6 1244/764/6 1245/775/6
f 1232/776/18 1233/777/18 1248/777/18 1249/776/18
f 1218/770/9 1219/766/9 1234/766/9 1235/770/9
f 1222/772/9 1223/762/9 1238/762/9 1239/772/9
f 1221/771/8 1218/770/8 1235/770/8 1236/771/8
f 1226/765/18 1227/774/18 1242/774/18 1243/765/18
f 1225/773/5 1222/772/5 1239/772/5 1240/773/5
f 1261/790/4 1258/791/4 1266/791/4 1267/790/4
f 1260/792/176 1261/790/176 1267/790/176 1277/792/176
f 1251/778/3 1250/779/3 1259/803/3 1258/791/3
f 1250/779/3 1253/751/3 1260/792/3 1259/803/3
f 1253/751/3 1252/752/3 1261/790/3 1260/792/3
f 1252/752/3 1251/778/3 1258/791/3 1261/790/3
f 1254/780/7 1255/781/7 1263/804/7 1262/805/7
f 1255/781/7 1257/787/7 1264/806/7 1263/804/7
f 1257/787/7 1256/784/7 1265/807/7 1264/806/7
f 1256/784/7 1254/780/7 1262/805/7 1265/807/7
f 1319/811/1 1320/812/1 1337/812/1 1336/811/1
f 1263/804/177 1264/806/177 1269/806/177 1285/804/177
f 1262/805/178 1263/804/178 1285/804/178 1282/805/178
f 1259/803/179 1260/792/179 1277/792/179 1274/803/179
f 1264/806/4 1265/807/4 1268/807/4 1269/806/4
f 1258/791/180 1259/803/180 1274/803/180 1266/791/180
f 1265/807/181 1262/805/181 1282/805/181 1268/807/181
f 1312/828/182 1313/829/182 1324/829/182 1329/828/182
f 1292/850/3 1293/834/3 1307/851/3 1306/852/3
f 1293/834/3 1290/835/3 1308/853/3 1307/851/3
f 1290/835/3 1291/819/3 1309/854/3 1308/853/3
f 1291/819/3 1296/855/3 1310/856/3 1309/854/3
f 1296/855/3 1297/814/3 1311/857/3 1310/856/3
f 1297/814/3 1294/815/3 1312/828/3 1311/857/3
f 1294/815/3 1295/858/3 1313/829/3 1312/828/3
f 1295/858/3 1292/850/3 1306/852/3 1313/829/3
f 1298/822/7 1299/817/7 1315/859/7 1314/860/7
f 1299/817/7 1300/861/7 1316/862/7 1315/859/7
f 1300/861/7 1301/830/7 1317/863/7 1316/862/7
f 1301/830/7 1304/831/7 1318/864/7 1317/863/7
f 1304/831/7 1305/825/7 1319/811/7 1318/864/7
f 1305/825/7 1302/824/7 1320/812/7 1319/811/7
f 1302/824/7 1303/821/7 1321/865/7 1320/812/7
f 1303/821/7 1298/822/7 1314/860/7 1321/865/7
f 1306/852/183 1307/851/183 1322/851/183 1323/852/183
f 1320/812/182 1321/865/182 1332/865/182 1337/812/182
f 1313/829/1 1306/852/1 1323/852/1 1324/829/1
f 1314/860/185 1315/859/185 1330/859/185 1331/860/185
f 1307/851/8 1308/853/8 1325/853/8 1322/851/8
f 1321/865/5 1314/860/5 1331/860/5 1332/865/5
f 1308/853/184 1309/854/184 1326/854/184 1325/853/184
f 1315/859/4 1316/862/4 1333/862/4 1330/859/4
f 1309/854/4 1310/856/4 1327/856/4 1326/854/4
f 1316/862/184 1317/863/184 1334/863/184 1333/862/184
f 1310/856/185 1311/857/185 1328/857/185 1327/856/185
f 1317/863/8 1318/864/8 1335/864/8 1334/863/8
f 1311/857/5 1312/828/5 1329/828/5 1328/857/5
f 1318/864/183 1319/811/183 1336/811/183 1335/864/183
f 1426/884/3 1425/879/3 1427/971/3
f 1572/1012/8 1567/1013/8 1566/892/8 1573/1014/8
f 1423/887/3 1422/888/3 1424/925/3
f 1420/903/7 1419/876/7 1421/965/7
f 1417/906/7 1416/870/7 1418/899/7
f 1414/940/1 1413/1046/1 1412/947/1 1415/973/1
f 1402/937/196 1414/940/196 1415/973/196 1403/922/196
f 1400/936/4 1399/1047/4 1398/918/4 1401/978/4
f 1396/933/195 1400/936/195 1401/978/195 1397/930/195
f 1399/1047/194 1395/880/194 1394/919/194 1398/918/194
f 1413/1046/198 1393/866/198 1392/912/198 1412/947/198
f 1420/903/7 1417/906/7 1418/899/7 1419/876/7
f 1426/884/3 1423/887/3 1424/925/3 1425/879/3
f 1369/929/199 1368/948/199 1366/976/199 1371/957/199
f 1551/883/197 1552/962/197 1553/875/197 1550/1045/197
f 1555/873/200 1556/953/200 1557/921/200 1554/900/200
f 1559/1051/201 1560/968/201 1561/878/201 1558/913/201
f 1371/957/239 1396/933/239 1397/930/239 1369/929/239
f 1422/888/240 1366/891/240 1368/926/240 1424/925/240
f 1395/880/241 1551/883/241 1550/1045/241 1394/919/241
f 1552/962/242 1421/965/242 1419/876/242 1553/875/242
f 1393/866/243 1559/1051/243 1558/913/243 1392/912/243
f 1560/968/244 1427/971/244 1425/879/244 1561/878/244
f 1416/870/245 1555/873/245 1554/900/245 1418/899/245
f 1556/953/246 1402/937/246 1403/922/246 1557/921/246
f 1563/964/192 1564/975/192 1565/1000/192 1562/904/192
f 1567/980/192 1568/1052/192 1569/905/192 1566/1001/192
f 1571/970/202 1572/1009/202 1573/1005/202 1570/885/202
f 1575/982/202 1576/889/202 1577/886/202 1574/1006/202
f 1562/904/247 1420/903/247 1421/965/247 1563/964/247
f 1568/1052/247 1416/870/247 1417/906/247 1569/905/247
f 1427/971/248 1571/970/248 1570/885/248 1426/884/248
f 1576/889/248 1422/888/248 1423/887/248 1577/886/248
f 1564/1049/8 1575/1050/8 1574/1023/8 1565/893/8
f 1597/1061/8 1594/1062/8 1603/1062/8 1604/1061/8
f 1596/1063/3 1597/1061/3 1604/1061/3 1605/1063/3
f 1587/1057/4 1586/945/4 1595/1064/4 1594/1062/4
f 1586/945/4 1589/946/4 1596/1063/4 1595/1064/4
f 1589/946/4 1588/1058/4 1597/1061/4 1596/1063/4
f 1588/1058/4 1587/1057/4 1594/1062/4 1597/1061/4
f 1591/1060/1 1590/1059/1 1599/1065/1 1598/1066/1
f 1590/1059/1 1593/931/1 1600/1067/1 1599/1065/1
f 1593/931/1 1592/932/1 1601/1068/1 1600/1067/1
f 1592/932/1 1591/1060/1 1598/1066/1 1601/1068/1
f 1599/1065/5 1600/1067/5 1609/1067/5 1606/1065/5
f 1598/1066/3 1599/1065/3 1606/1065/3 1607/1066/3
f 1595/1064/5 1596/1063/5 1605/1063/5 1602/1064/5
f 1600/1067/7 1601/1068/7 1608/1068/7 1609/1067/7
f 1594/1062/7 1595/1064/7 1602/1064/7 1603/1062/7
f 1601/1068/8 1598/1066/8 1607/1066/8 1608/1068/8
f 1738/1139/8 1741/1140/8 1757/1140/8 1754/1139/8
f 1744/1141/8 1743/1142/8 1759/1142/8 1760/1141/8
f 1738/1139/7 1739/1143/7 1747/1044/7 1746/1044/7
f 1740/1144/7 1741/1140/7 1749/1137/7 1748/1136/7
f 1742/1145/3 1743/1142/3 1751/1138/3 1750/1019/3
f 1744/1141/3 1745/1146/3 1753/1020/3 1752/1020/3
f 1741/1140/7 1738/1139/7 1746/1044/7 1749/1137/7
f 1739/1143/7 1740/1144/7 1748/1136/7 1747/1044/7
f 1743/1142/3 1744/1141/3 1752/1020/3 1751/1138/3
f 1745/1146/3 1742/1145/3 1750/1019/3 1753/1020/3
f 1743/1142/4 1742/1145/4 1758/1145/4 1759/1142/4
f 1739/1143/4 1738/1139/4 1754/1139/4 1755/1143/4
f 1742/1145/5 1745/1146/5 1761/1146/5 1758/1145/5
f 1740/1144/5 1739/1143/5 1755/1143/5 1756/1144/5
f 1745/1146/1 1744/1141/1 1760/1141/1 1761/1146/1
f 1741/1140/1 1740/1144/1 1756/1144/1 1757/1140/1
f 1782/1015/1 1783/1016/1 1777/1149/1 1776/1148/1 1781/1153/1 1780/1152/1
f 1785/1154/4 1779/1151/4 1778/1150/4 1775/1017/4 1774/1018/4 1784/1155/4
f 1370/1204/8 1367/1205/8 1363/1206/8 1361/1207/8 1358/1208/8 1354/1209/8 1388/1210/8 1385/1211/8 1382/1212/8 1379/1213/8 1375/1214/8 1372/1215/8
usemtl M_Orange
f 194/264/8 195/267/8 196/296/8 193/272/8
f 198/299/8 199/300/8 200/270/8 197/265/8
f 202/280/8 203/281/8 204/382/8 201/381/8
f 206/260/8 207/271/8 208/384/8 205/261/8
f 219/263/8 194/264/8 193/272/8 210/273/8
f 224/393/8 198/299/8 197/265/8 212/266/8
f 207/271/8 222/391/8 214/386/8 208/384/8
f 217/389/8 202/280/8 201/381/8 216/388/8
f 199/300/8 223/392/8 211/269/8 200/270/8
f 221/259/8 206/260/8 205/261/8 213/262/8
f 220/268/8 209/295/8 196/296/8 195/267/8
f 203/281/8 218/390/8 215/387/8 204/382/8
f 816/544/4 815/543/4 818/545/4 817/546/4
f 820/541/1 819/539/1 822/534/1 821/535/1
f 824/550/4 823/549/4 826/551/4 825/552/4
f 828/555/1 827/554/1 830/556/1 829/557/1
f 835/507/1 836/514/1 838/562/1 837/506/1
f 844/568/4 843/567/4 846/569/4 845/570/4
f 856/576/1 855/575/1 858/577/1 857/578/1
f 871/587/4 872/540/4 874/537/4 873/538/4
f 1093/707/4 1092/512/4 1095/513/4 1094/708/4
f 1097/710/1 1096/709/1 1099/510/1 1098/511/1
f 1159/748/152 1174/747/152 1166/742/152 1158/741/152
f 1161/749/153 1175/739/153 1167/740/153 1160/743/153
f 1176/737/154 1162/738/154 1163/745/154 1168/744/154
f 1177/733/155 1164/727/155 1165/732/155 1169/736/155
f 1164/727/156 1178/728/156 1170/731/156 1165/732/156
f 1179/730/157 1161/749/157 1160/743/157 1171/729/157
f 1162/738/158 1180/750/158 1172/746/158 1163/745/158
f 1181/735/159 1159/748/159 1158/741/159 1173/734/159
f 1724/1078/8 1690/1121/8 1691/1126/8 1726/1077/8
f 1690/1121/8 1692/1088/8 1693/1127/8 1691/1126/8
f 1692/1088/8 1694/1079/8 1695/1128/8 1693/1127/8
f 1694/1079/8 1696/1080/8 1697/1129/8 1695/1128/8
f 1696/1080/8 1698/1114/8 1699/1093/8 1697/1129/8
f 1698/1114/8 1700/1091/8 1701/1089/8 1699/1093/8
f 1700/1091/8 1702/1092/8 1703/1086/8 1701/1089/8
f 1702/1092/8 1704/1118/8 1705/1083/8 1703/1086/8
f 1704/1118/8 1725/1071/8 1727/1072/8 1705/1083/8
f 1723/1069/8 1706/1070/8 1707/1130/8 1728/1087/8
f 1706/1070/8 1708/1085/8 1709/1131/8 1707/1130/8
f 1708/1085/8 1710/1073/8 1711/1132/8 1709/1131/8
f 1710/1073/8 1712/1074/8 1713/1133/8 1711/1132/8
f 1712/1074/8 1714/1117/8 1715/1134/8 1713/1133/8
f 1714/1117/8 1716/1081/8 1717/1135/8 1715/1134/8
f 1716/1081/8 1718/1082/8 1719/1094/8 1717/1135/8
f 1718/1082/8 1720/1075/8 1721/1090/8 1719/1094/8
f 1720/1075/8 1722/1076/8 1729/1084/8 1721/1090/8
usemtl M_Gris_Metal
f 232/1/1 253/2/1 255/3/1 244/4/1
f 39/5/2 261/6/2 272/7/2 41/8/2
f 25/9/3 259/10/3 296/11/3 61/9/3
f 260/12/3 228/13/3 638/13/3 639/12/3
f 265/14/1 26/15/1 62/15/1 297/16/1
f 21/17/3 171/18/3 123/18/3 54/17/3
f 251/26/3 21/17/3 54/17/3 289/27/3
f 29/33/1 270/34/1 303/35/1 69/33/1
f 27/36/4 266/37/4 299/38/4 65/36/4
f 43/39/6 271/40/6 256/41/6 45/42/6
f 28/43/4 175/44/4 114/44/4 66/43/4
f 1196/45/6 1197/46/6 1212/46/6 1213/45/6
f 267/58/7 31/59/7 26/15/7 265/60/7
f 172/72/4 27/36/4 65/36/4 110/72/4
f 269/76/4 28/43/4 66/43/4 301/77/4
f 1199/78/8 1200/79/8 1217/79/8 1214/78/8
f 1192/80/2 1193/81/2 1208/81/2 1209/80/2
f 1195/82/8 1196/45/8 1213/45/8 1210/82/8
f 35/83/9 249/84/9 268/85/9 37/86/9
f 259/10/4 25/9/4 33/93/4 264/94/4
f 241/95/1 250/96/1 252/97/1 230/98/1
f 171/99/3 191/100/3 88/101/3 123/99/3
f 161/102/10 162/103/10 31/59/10 33/104/10
f 163/105/11 164/106/11 35/83/11 37/86/11
f 165/107/12 166/108/12 43/39/12 45/42/12
f 167/109/13 168/110/13 39/5/13 41/8/13
f 162/111/14 169/112/14 26/15/14 31/59/14
f 170/113/15 161/114/15 33/93/15 25/9/15
f 21/17/16 35/83/16 164/115/16 171/18/16
f 37/86/14 27/36/14 172/72/14 163/116/14
f 41/8/17 29/33/17 173/117/17 167/118/17
f 23/119/15 39/5/15 168/120/15 174/121/15
f 28/43/17 43/39/17 166/122/17 175/44/17
f 45/42/16 22/123/16 176/124/16 165/125/16
f 169/126/1 180/127/1 115/128/1 116/126/1
f 258/129/7 23/119/7 58/119/7 293/130/7
f 264/131/18 33/104/18 31/59/18 267/58/18
f 249/84/1 35/83/1 21/17/1 251/26/1
f 628/132/4 621/133/4 1103/133/4 1106/134/4
f 26/15/1 169/112/1 116/112/1 62/15/1
f 253/2/7 232/137/7 636/1/7 641/2/7
f 620/138/1 629/139/1 1115/140/1 1110/138/1
f 626/141/4 631/142/4 1117/142/4 1112/141/4
f 634/143/1 623/144/1 1105/144/1 1108/143/1
f 230/98/3 252/97/3 650/97/3 643/98/3
f 226/153/7 257/154/7 648/154/7 645/155/7
f 328/192/20 317/193/20 316/194/20 332/195/20
f 334/196/21 325/197/21 324/198/21 340/199/21
f 175/44/4 178/206/4 113/207/4 114/44/4
f 266/208/7 27/36/7 37/86/7 268/85/7
f 173/117/1 29/33/1 69/33/1 111/117/1
f 271/40/3 43/39/3 28/43/3 269/76/3
f 176/124/7 22/123/7 57/123/7 109/124/7
f 261/6/4 39/5/4 23/119/4 258/129/4
f 228/13/4 260/12/4 263/211/4 239/212/4
f 23/119/7 174/121/7 132/121/7 58/119/7
f 174/213/7 190/214/7 107/215/7 132/213/7
f 270/34/3 29/33/3 41/8/3 272/7/3
f 22/123/7 254/216/7 291/217/7 57/123/7
f 170/113/3 25/9/3 61/9/3 129/113/3
f 254/216/1 22/123/1 45/42/1 256/41/1
f 247/218/4 262/219/4 257/154/4 226/155/4
f 1183/243/4 339/244/4 436/244/4 420/243/4
f 190/214/1 188/245/1 130/245/1 107/214/1
f 388/249/25 383/250/25 316/194/25 317/193/25
f 319/222/8 322/231/8 385/251/8 390/252/8
f 390/252/26 385/251/26 324/198/26 325/197/26
f 103/259/3 40/260/3 206/260/3 221/259/3
f 76/261/7 82/262/7 213/262/7 205/261/7
f 87/263/4 32/264/4 194/264/4 219/263/4
f 72/265/3 81/266/3 212/266/3 197/265/3
f 30/267/7 93/268/7 220/268/7 195/267/7
f 80/269/4 73/270/4 200/270/4 211/269/4
f 40/260/2 38/271/2 207/271/2 206/260/2
f 70/272/1 79/273/1 210/273/1 193/272/1
f 118/274/4 185/274/4 177/275/4 112/276/4
f 128/277/2 184/277/2 183/278/2 126/279/2
f 44/280/6 42/281/6 203/281/6 202/280/6
f 117/282/18 186/283/18 185/274/18 118/274/18
f 82/262/4 103/259/4 221/259/4 213/262/4
f 119/284/6 182/285/6 181/286/6 120/286/6
f 102/287/3 179/288/3 170/289/3 129/289/3
f 88/100/4 191/100/4 184/277/4 128/277/4
f 125/290/4 192/291/4 172/292/4 110/292/4
f 112/293/7 177/275/7 176/294/7 109/294/7
f 78/295/3 71/296/3 196/296/3 209/295/3
f 120/286/27 181/286/27 179/288/27 102/288/27
f 182/285/28 119/128/28 115/128/28 180/127/28
f 126/278/29 183/278/29 192/291/29 125/291/29
f 36/299/9 34/300/9 199/300/9 198/299/9
f 311/301/8 314/302/8 383/303/8 388/304/8
f 113/305/30 178/206/30 186/283/30 117/305/30
f 130/245/9 188/245/9 187/306/9 121/307/9
f 122/308/1 189/309/1 173/117/1 111/117/1
f 189/309/31 122/310/31 121/310/31 187/306/31
f 314/302/3 311/301/3 399/301/3 398/302/3
f 322/231/7 319/222/7 401/222/7 404/231/7
f 70/272/8 71/296/8 162/377/8 161/378/8
f 72/265/8 73/270/8 164/379/8 163/380/8
f 74/381/8 75/382/8 166/122/8 165/383/8
f 76/261/8 77/384/8 168/385/8 167/118/8
f 71/296/8 78/295/8 169/126/8 162/377/8
f 79/273/8 70/272/8 161/378/8 170/289/8
f 73/270/8 80/269/8 171/99/8 164/379/8
f 81/266/8 72/265/8 163/380/8 172/292/8
f 82/262/8 76/261/8 167/118/8 173/117/8
f 77/384/8 83/386/8 174/213/8 168/385/8
f 75/382/8 84/387/8 175/44/8 166/122/8
f 85/388/8 74/381/8 165/383/8 176/294/8
f 90/389/8 85/388/8 176/294/8 177/275/8
f 84/387/8 97/390/8 178/206/8 175/44/8
f 87/263/8 79/273/8 170/289/8 179/288/8
f 78/295/8 93/268/8 180/127/8 169/126/8
f 30/267/8 32/264/8 181/286/8 182/285/8
f 34/300/8 36/299/8 183/278/8 184/277/8
f 42/281/8 44/280/8 185/274/8 186/283/8
f 38/271/8 40/260/8 187/306/8 188/245/8
f 93/268/8 30/267/8 182/285/8 180/127/8
f 32/264/8 87/263/8 179/288/8 181/286/8
f 40/260/8 103/259/8 189/309/8 187/306/8
f 83/386/8 59/391/8 190/214/8 174/213/8
f 59/391/8 38/271/8 188/245/8 190/214/8
f 80/269/8 89/392/8 191/100/8 171/99/8
f 89/392/8 34/300/8 184/277/8 191/100/8
f 44/280/8 90/389/8 177/275/8 185/274/8
f 91/393/8 81/266/8 172/292/8 192/291/8
f 36/299/8 91/393/8 192/291/8 183/278/8
f 97/390/8 42/281/8 186/283/8 178/206/8
f 103/259/8 82/262/8 173/117/8 189/309/8
f 83/386/1 77/384/1 208/384/1 214/386/1
f 59/391/3 83/386/3 214/386/3 222/391/3
f 84/387/7 75/382/7 204/382/7 215/387/7
f 38/271/4 59/391/4 222/391/4 207/271/4
f 74/381/4 85/388/4 216/388/4 201/381/4
f 89/392/7 80/269/7 211/269/7 223/392/7
f 85/388/3 90/389/3 217/389/3 216/388/3
f 34/300/1 89/392/1 223/392/1 199/300/1
f 97/390/1 84/387/1 215/387/1 218/390/1
f 71/296/6 70/272/6 193/272/6 196/296/6
f 90/389/1 44/280/1 202/280/1 217/389/1
f 79/273/7 87/263/7 219/263/7 210/273/7
f 73/270/2 72/265/2 197/265/2 200/270/2
f 81/266/1 91/393/1 224/393/1 212/266/1
f 93/268/4 78/295/4 209/295/4 220/268/4
f 75/382/18 74/381/18 201/381/18 204/382/18
f 91/393/49 36/299/49 198/299/49 224/393/49
f 32/264/18 30/267/18 195/267/18 194/264/18
f 77/384/9 76/261/9 205/261/9 208/384/9
f 42/281/29 97/390/29 218/390/29 203/281/29
f 638/13/5 228/13/5 508/13/5 522/13/5
f 339/244/50 335/394/50 432/394/50 436/244/50
f 334/196/51 340/199/51 433/199/51 431/196/51
f 648/154/52 257/154/52 517/154/52 520/154/52
f 258/129/55 293/130/55 519/130/55 518/129/55
f 1184/396/56 1185/397/56 424/397/56 428/396/56
f 328/192/57 332/195/57 425/195/57 423/192/57
f 322/231/61 404/231/61 468/231/61 614/231/61
f 625/398/5 626/141/5 515/141/5 499/398/5
f 1182/399/5 1183/243/5 420/243/5 418/399/5
f 232/1/5 244/4/5 498/4/5 514/1/5
f 247/218/5 226/155/5 488/155/5 503/218/5
f 306/401/5 307/402/5 416/402/5 414/401/5
f 623/144/5 624/403/5 502/403/5 512/144/5
f 634/143/65 1108/143/65 561/143/65 545/143/65
f 303/35/66 270/34/66 546/34/66 560/35/66
f 241/95/5 230/98/5 482/98/5 495/95/5
f 1105/144/5 623/144/5 512/144/5 553/144/5
f 621/133/5 622/405/5 494/405/5 510/133/5
f 269/76/67 301/77/67 569/77/67 543/76/67
f 1117/142/68 631/142/68 544/142/68 570/142/68
f 228/13/5 239/212/5 492/212/5 508/13/5
f 626/141/5 1112/141/5 567/141/5 515/141/5
f 620/138/5 1110/138/5 565/138/5 505/138/5
f 619/406/5 620/138/5 505/138/5 489/406/5
f 253/2/70 641/2/70 559/2/70 537/2/70
f 624/407/5 247/218/5 503/218/5 502/407/5
f 291/217/71 254/216/71 538/216/71 558/217/71
f 299/38/73 266/37/73 536/37/73 557/38/73
f 1103/133/5 621/133/5 510/133/5 551/133/5
f 244/4/5 625/398/5 499/398/5 498/4/5
f 650/97/74 252/97/74 548/97/74 564/97/74
f 251/26/76 289/27/76 563/27/76 547/26/76
f 622/418/5 241/419/5 495/419/5 494/418/5
f 265/14/77 297/16/77 562/16/77 541/14/77
f 239/424/5 619/406/5 489/406/5 492/424/5
f 636/1/5 232/137/5 514/137/5 555/1/5
f 226/153/5 645/155/5 485/155/5 488/153/5
f 230/98/5 643/98/5 483/98/5 482/98/5
f 296/11/92 259/10/92 477/10/92 480/11/92
f 383/303/105 314/302/105 594/302/105 583/303/105
f 632/435/8 255/436/8 525/436/8 524/435/8
f 385/251/107 322/231/107 614/231/107 575/251/107
f 256/41/5 271/40/5 523/40/5 526/41/5
f 311/301/107 388/304/107 580/304/107 595/301/107
f 262/219/8 633/437/8 529/437/8 528/219/8
f 319/222/105 390/252/105 572/252/105 591/222/105
f 272/7/5 261/6/5 527/6/5 530/7/5
f 390/252/1 325/197/1 573/197/1 572/252/1
f 250/96/8 627/438/8 533/438/8 532/96/8
f 268/85/5 249/84/5 531/84/5 534/85/5
f 266/208/5 268/85/5 534/85/5 536/208/5
f 324/198/4 385/251/4 575/251/4 578/198/4
f 627/438/8 628/134/8 535/134/8 533/438/8
f 388/249/4 317/193/4 581/193/4 580/249/4
f 254/216/5 256/41/5 526/41/5 538/216/5
f 255/3/8 253/2/8 537/2/8 525/3/8
f 267/58/5 265/60/5 541/60/5 540/58/5
f 629/140/8 630/439/8 539/439/8 542/140/8
f 316/194/1 383/250/1 583/250/1 586/194/1
f 271/40/5 269/76/5 543/76/5 523/40/5
f 631/142/8 632/435/8 524/435/8 544/142/8
f 317/193/4 328/192/4 423/192/4 581/193/4
f 270/34/5 272/7/5 530/7/5 546/34/5
f 633/437/8 634/143/8 545/143/8 529/437/8
f 249/84/5 251/26/5 547/26/5 531/84/5
f 332/195/1 316/194/1 586/194/1 425/195/1
f 252/97/8 250/96/8 532/96/8 548/97/8
f 264/131/5 267/58/5 540/58/5 550/131/5
f 325/197/1 334/196/1 431/196/1 573/197/1
f 630/439/8 263/440/8 549/440/8 539/439/8
f 261/6/5 258/129/5 518/129/5 527/6/5
f 257/154/8 262/219/8 528/219/8 517/154/8
f 340/199/4 324/198/4 578/198/4 433/199/4
f 259/10/5 264/94/5 550/94/5 477/10/5
f 401/222/111 319/222/111 591/222/111 465/222/111
f 263/211/8 260/12/8 478/12/8 549/211/8
f 314/302/36 398/302/36 462/302/36 594/302/36
f 399/301/114 311/301/114 595/301/114 463/301/114
f 260/12/116 639/12/116 479/12/116 478/12/116
f 621/133/7 628/132/7 627/438/7 622/418/7
f 619/406/7 630/439/7 629/140/7 620/138/7
f 623/144/3 634/143/3 633/437/3 624/407/3
f 625/398/3 632/435/3 631/142/3 626/141/3
f 916/605/7 917/606/7 924/606/7 925/605/7
f 922/607/7 923/608/7 930/608/7 931/607/7
f 909/598/4 908/600/4 917/606/4 916/605/4
f 908/600/4 911/599/4 918/609/4 917/606/4
f 911/599/4 910/597/4 919/610/4 918/609/4
f 910/597/4 909/598/4 916/605/4 919/610/4
f 913/602/1 912/601/1 921/611/1 920/612/1
f 912/601/1 915/603/1 922/607/1 921/611/1
f 915/603/1 914/604/1 923/608/1 922/607/1
f 914/604/1 913/602/1 920/612/1 923/608/1
f 923/608/8 920/612/8 929/612/8 930/608/8
f 918/609/3 919/610/3 926/610/3 927/609/3
f 919/610/8 916/605/8 925/605/8 926/610/8
f 921/611/5 922/607/5 931/607/5 928/611/5
f 920/612/3 921/611/3 928/611/3 929/612/3
f 917/606/5 918/609/5 927/609/5 924/606/5
f 1003/627/7 1004/699/7 1037/699/7 1036/627/7
f 1024/665/7 991/664/7 1073/664/7 1072/665/7
f 992/706/3 1002/680/3 1035/680/3 1034/706/3
f 1023/703/8 1024/665/8 1072/665/8 1071/703/8
f 999/688/8 990/645/8 1074/645/8 1083/688/8
f 994/683/8 995/633/8 1033/633/8 1032/683/8
f 1022/691/3 1023/703/3 1071/703/3 1070/691/3
f 989/675/7 999/688/7 1083/688/7 1076/675/7
f 996/668/7 1001/698/7 1031/698/7 1030/668/7
f 1000/659/7 1020/658/7 1068/658/7 1029/659/7
f 998/690/8 1000/659/8 1029/659/8 1028/690/8
f 977/697/7 979/701/7 1082/701/7 1049/697/7
f 1043/651/118 1051/650/118 1052/660/118 1042/689/118
f 1082/701/119 1050/639/119 1048/638/119 1049/697/119
f 1054/669/119 1055/635/119 1056/682/119 1053/681/119
f 1058/685/118 1046/657/118 1047/656/118 1057/679/118
f 1080/694/118 1059/693/118 1060/672/118 1061/671/118
f 1037/678/119 1079/677/119 1045/628/119 1036/627/119
f 1063/630/119 1038/629/119 1039/640/119 1062/700/119
f 1065/674/118 1066/673/118 1067/649/118 1064/648/118
f 1035/680/118 1044/655/118 1078/696/118 1034/695/118
f 1032/683/119 1033/633/119 1081/687/119 1041/686/119
f 1031/698/119 1040/637/119 1077/636/119 1030/668/119
f 1028/690/118 1029/659/118 1068/658/118 1069/684/118
f 1071/703/118 1072/665/118 1073/692/118 1070/691/118
f 1083/688/119 1074/645/119 1075/676/119 1076/675/119
f 972/641/3 1005/640/3 1039/640/3 1038/641/3
f 990/645/3 1025/644/3 1075/644/3 1074/645/3
f 1001/698/8 997/637/8 1040/637/8 1031/698/8
f 993/686/7 994/683/7 1032/683/7 1041/686/7
f 978/689/3 1006/651/3 1043/651/3 1042/689/3
f 1014/685/8 976/657/8 1046/657/8 1058/685/8
f 1002/680/8 1007/655/8 1044/655/8 1035/680/8
f 997/637/3 988/636/3 1077/636/3 1040/637/3
f 976/657/7 975/656/7 1047/656/7 1046/657/7
f 984/630/8 972/629/8 1038/629/8 1063/630/8
f 1009/639/3 1008/638/3 1048/638/3 1050/639/3
f 1026/643/3 973/642/3 1045/642/3 1079/643/3
f 1010/650/7 1011/660/7 1052/660/7 1051/650/7
f 974/694/8 1015/693/8 1059/693/8 1080/694/8
f 981/702/7 980/669/7 1054/669/7 1053/702/7
f 1007/655/7 983/654/7 1078/654/7 1044/655/7
f 980/669/8 1012/635/8 1055/635/8 1054/669/8
f 1004/678/8 1026/677/8 1079/677/8 1037/678/8
f 1012/635/3 1013/634/3 1056/634/3 1055/635/3
f 1017/671/3 974/704/3 1080/704/3 1061/671/3
f 982/679/3 1014/685/3 1058/685/3 1057/679/3
f 1021/684/3 998/690/3 1028/690/3 1069/684/3
f 1015/663/7 1016/662/7 1060/662/7 1059/663/7
f 995/633/3 1027/632/3 1081/632/3 1033/633/3
f 1018/700/7 984/630/7 1063/630/7 1062/700/7
f 979/701/8 1009/639/8 1050/639/8 1082/701/8
f 986/648/3 985/705/3 1065/705/3 1064/648/3
f 985/674/8 987/673/8 1066/673/8 1065/674/8
f 1006/651/8 1010/650/8 1051/650/8 1043/651/8
f 987/661/7 1019/649/7 1067/649/7 1066/661/7
f 307/402/1 1184/396/1 428/396/1 416/402/1
f 1185/397/4 306/401/4 414/401/4 424/397/4
f 1343/751/5 1344/752/5 1252/752/5 1253/751/5
f 335/394/1 1182/399/1 418/399/1 432/394/1
f 239/424/18 263/440/18 1187/753/18 1186/754/18
f 263/440/18 630/439/18 1188/755/18 1187/753/18
f 630/439/18 619/406/18 1189/756/18 1188/755/18
f 619/406/18 239/424/18 1186/754/18 1189/756/18
f 632/435/6 625/398/6 1191/757/6 1190/758/6
f 625/398/6 244/4/6 1192/80/6 1191/757/6
f 244/4/6 255/436/6 1193/81/6 1192/80/6
f 255/436/6 632/435/6 1190/758/6 1193/81/6
f 250/96/9 241/419/9 1195/82/9 1194/759/9
f 241/419/9 622/418/9 1196/45/9 1195/82/9
f 622/418/9 627/438/9 1197/46/9 1196/45/9
f 627/438/9 250/96/9 1194/759/9 1197/46/9
f 262/219/2 247/218/2 1199/78/2 1198/760/2
f 247/218/2 624/407/2 1200/79/2 1199/78/2
f 624/407/2 633/437/2 1201/761/2 1200/79/2
f 633/437/2 262/219/2 1198/760/2 1201/761/2
f 1200/79/18 1201/761/18 1216/761/18 1217/79/18
f 1186/754/9 1187/753/9 1202/753/9 1203/754/9
f 1190/758/9 1191/757/9 1206/757/9 1207/758/9
f 1189/756/8 1186/754/8 1203/754/8 1204/756/8
f 1194/759/18 1195/82/18 1210/82/18 1211/759/18
f 1193/81/5 1190/758/5 1207/758/5 1208/81/5
f 1198/760/6 1199/78/6 1214/78/6 1215/760/6
f 1187/753/5 1188/755/5 1205/755/5 1202/753/5
f 1197/46/5 1194/759/5 1211/759/5 1212/46/5
f 1191/757/8 1192/80/8 1209/80/8 1206/757/8
f 1201/761/5 1198/760/5 1215/760/5 1216/761/5
f 1188/755/2 1189/756/2 1204/756/2 1205/755/2
f 1344/752/1 1338/778/1 1251/778/1 1252/752/1
f 1341/779/4 1343/751/4 1253/751/4 1250/779/4
f 1346/780/4 1349/781/4 1255/781/4 1254/780/4
f 1183/243/3 1182/399/3 1340/782/3 1339/783/3
f 1352/784/5 1346/780/5 1254/780/5 1256/784/5
f 306/401/7 1185/397/7 1353/785/7 1350/786/7
f 1351/787/1 1352/784/1 1256/784/1 1257/787/1
f 1184/396/7 307/402/7 1348/788/7 1347/789/7
f 339/244/3 1183/243/3 1339/793/3 1345/794/3
f 1349/781/8 1351/787/8 1257/787/8 1255/781/8
f 335/394/3 339/244/3 1345/795/3 1342/796/3
f 1182/399/3 335/394/3 1342/797/3 1340/798/3
f 307/402/7 306/401/7 1350/799/7 1348/800/7
f 1185/397/7 1184/396/7 1347/801/7 1353/802/7
f 1341/779/17 1338/778/17 1339/783/17 1340/782/17
f 1345/794/186 1339/793/186 1338/778/186 1344/752/186
f 1343/751/187 1341/779/187 1340/798/187 1342/797/187
f 1344/752/188 1343/751/188 1342/796/188 1345/795/188
f 1347/789/189 1348/788/189 1349/781/189 1346/780/189
f 1346/780/190 1352/784/190 1353/802/190 1347/801/190
f 1351/787/14 1349/781/14 1348/800/14 1350/799/14
f 1350/786/191 1353/785/191 1352/784/191 1351/787/191
f 1338/778/8 1341/779/8 1250/779/8 1251/778/8
f 1504/866/1 1435/867/1 1455/868/1 1531/869/1
f 1500/870/7 1540/871/7 1459/872/7 1527/873/7
f 1508/880/4 1431/881/4 1451/882/4 1523/883/4
f 1494/888/3 1548/889/3 1447/890/3 1521/891/3
f 1507/933/195 1428/934/195 1437/935/195 1511/936/195
f 1503/937/196 1432/938/196 1441/939/196 1515/940/196
f 1515/940/1 1441/939/1 1442/951/1 1516/952/1
f 1528/953/1 1457/954/1 1432/938/1 1503/937/1
f 1511/936/4 1437/935/4 1438/955/4 1512/956/4
f 1518/957/4 1445/958/4 1428/934/4 1507/933/4
f 1512/956/194 1438/955/194 1431/881/194 1508/880/194
f 1516/952/198 1442/951/198 1435/867/198 1504/866/198
f 1524/962/7 1449/963/7 1535/964/7 1498/965/7
f 1532/968/3 1453/969/3 1543/970/3 1492/971/3
f 1457/954/200 1528/953/200 1527/873/200 1459/872/200
f 1449/963/197 1524/962/197 1523/883/197 1451/882/197
f 1453/969/201 1532/968/201 1531/869/201 1455/868/201
f 1535/964/192 1449/963/192 1661/974/192 1668/975/192
f 1521/976/199 1447/977/199 1445/958/199 1518/957/199
f 1459/872/192 1540/871/192 1666/980/192 1662/981/192
f 1669/982/202 1658/983/202 1447/890/202 1548/889/202
f 1650/984/203 1651/984/203 1431/881/203 1438/955/203
f 1652/985/204 1653/986/204 1435/867/204 1442/951/204
f 1654/987/205 1655/987/205 1437/935/205 1428/934/205
f 1655/987/206 1650/984/206 1438/955/206 1437/935/206
f 1656/988/207 1657/989/207 1441/939/207 1432/938/207
f 1657/989/208 1652/985/208 1442/951/208 1441/939/208
f 1658/990/209 1659/991/209 1445/958/209 1447/977/209
f 1660/992/210 1661/993/210 1449/963/210 1451/882/210
f 1662/994/211 1663/995/211 1457/954/211 1459/872/211
f 1664/996/212 1665/997/212 1453/969/212 1455/868/212
f 1659/998/213 1654/999/213 1428/934/213 1445/958/213
f 1451/882/214 1431/881/214 1651/1002/214 1660/1003/214
f 1455/868/215 1435/867/215 1653/986/215 1664/1004/215
f 1432/938/216 1457/954/216 1663/1007/216 1656/988/216
f 1543/970/202 1453/969/202 1665/1008/202 1667/1009/202
f 1524/962/5 1498/965/5 1421/965/5 1552/962/5
f 1508/880/5 1523/883/5 1551/883/5 1395/880/5
f 1516/952/5 1504/866/5 1393/866/5 1413/1046/5
f 1669/982/1 1548/889/1 1576/889/1 1575/982/1
f 1494/888/5 1521/891/5 1366/891/5 1422/888/5
f 1512/956/5 1508/880/5 1395/880/5 1399/1047/5
f 1518/957/5 1507/933/5 1396/933/5 1371/957/5
f 1543/970/4 1667/1009/4 1572/1009/4 1571/970/4
f 1668/1049/1 1669/1050/1 1575/1050/1 1564/1049/1
f 1507/933/5 1511/936/5 1400/936/5 1396/933/5
f 1531/869/5 1532/968/5 1560/968/5 1559/1051/5
f 1666/980/4 1540/871/4 1568/1052/4 1567/980/4
f 1511/936/5 1512/956/5 1399/1047/5 1400/936/5
f 1527/873/5 1528/953/5 1556/953/5 1555/873/5
f 1548/889/1 1494/888/1 1422/888/1 1576/889/1
f 1667/1012/4 1666/1013/4 1567/1013/4 1572/1012/4
f 1504/866/5 1531/869/5 1559/1051/5 1393/866/5
f 1532/968/5 1492/971/5 1427/971/5 1560/968/5
f 1500/870/5 1527/873/5 1555/873/5 1416/870/5
f 1498/965/1 1535/964/1 1563/964/1 1421/965/1
f 1521/976/5 1518/957/5 1371/957/5 1366/976/5
f 1515/940/5 1516/952/5 1413/1046/5 1414/940/5
f 1540/871/4 1500/870/4 1416/870/4 1568/1052/4
f 1528/953/5 1503/937/5 1402/937/5 1556/953/5
f 1523/883/5 1524/962/5 1552/962/5 1551/883/5
f 1492/971/4 1543/970/4 1571/970/4 1427/971/4
f 1535/964/1 1668/975/1 1564/975/1 1563/964/1
f 1503/937/5 1515/940/5 1414/940/5 1402/937/5
f 1544/1069/7 1452/1070/7 1706/1070/7 1723/1069/7
f 1547/1071/199 1619/1072/199 1727/1072/199 1725/1071/199
f 1434/1073/259 1443/1074/259 1712/1074/259 1710/1073/259
f 1458/1075/3 1539/1076/3 1722/1076/3 1720/1075/3
f 1610/1077/197 1536/1078/197 1724/1078/197 1726/1077/197
f 1430/1079/260 1439/1080/260 1696/1080/260 1694/1079/260
f 1433/1081/261 1456/1082/261 1718/1082/261 1716/1081/261
f 1619/1072/3 1618/1083/3 1705/1083/3 1727/1072/3
f 1539/1076/200 1629/1084/200 1729/1084/200 1722/1076/200
f 1669/1050/8 1668/1049/8 1670/1010/8 1679/1011/8
f 1666/1013/8 1667/1012/8 1680/915/8 1689/916/8
f 1454/1085/262 1434/1073/262 1710/1073/262 1708/1085/262
f 1618/1083/199 1617/1086/199 1703/1086/199 1705/1083/199
f 1620/1087/201 1544/1069/201 1723/1069/201 1728/1087/201
f 1450/1088/263 1430/1079/263 1694/1079/263 1692/1088/263
f 1617/1086/261 1616/1089/261 1701/1089/261 1703/1086/261
f 1629/1084/7 1628/1090/7 1721/1090/7 1729/1084/7
f 1429/1091/264 1444/1092/264 1702/1092/264 1700/1091/264
f 1616/1089/265 1615/1093/265 1699/1093/265 1701/1089/265
f 1628/1090/266 1627/1094/266 1719/1094/266 1721/1090/266
f 1439/1080/8 1430/1079/8 1651/1112/8 1650/1113/8
f 1443/1074/8 1434/1073/8 1653/986/8 1652/985/8
f 1429/1091/8 1436/1114/8 1655/1115/8 1654/1116/8
f 1436/1114/8 1439/1080/8 1650/1113/8 1655/1115/8
f 1433/1081/8 1440/1117/8 1657/989/8 1656/988/8
f 1440/1117/8 1443/1074/8 1652/985/8 1657/989/8
f 1446/1118/8 1444/1092/8 1659/1119/8 1658/1120/8
f 1450/1088/8 1448/1121/8 1661/1122/8 1660/1123/8
f 1458/1075/8 1456/1082/8 1663/1007/8 1662/1124/8
f 1454/1085/8 1452/1070/8 1665/1125/8 1664/1004/8
f 1444/1092/8 1429/1091/8 1654/1116/8 1659/1119/8
f 1430/1079/8 1450/1088/8 1660/1123/8 1651/1112/8
f 1434/1073/8 1454/1085/8 1664/1004/8 1653/986/8
f 1456/1082/8 1433/1081/8 1656/988/8 1663/1007/8
f 1539/1076/8 1458/1075/8 1662/1124/8 1666/1013/8
f 1452/1070/8 1544/1069/8 1667/1012/8 1665/1125/8
f 1448/1121/8 1536/1078/8 1668/1049/8 1661/1122/8
f 1547/1071/8 1446/1118/8 1658/1120/8 1669/1050/8
f 1610/1077/8 1611/1126/8 1671/1095/8 1670/1010/8
f 1611/1126/8 1612/1127/8 1672/1096/8 1671/1095/8
f 1612/1127/8 1613/1128/8 1673/1097/8 1672/1096/8
f 1613/1128/8 1614/1129/8 1674/1098/8 1673/1097/8
f 1614/1129/8 1615/1093/8 1675/1099/8 1674/1098/8
f 1615/1093/8 1616/1089/8 1676/1100/8 1675/1099/8
f 1616/1089/8 1617/1086/8 1677/1101/8 1676/1100/8
f 1617/1086/8 1618/1083/8 1678/1102/8 1677/1101/8
f 1618/1083/8 1619/1072/8 1679/1011/8 1678/1102/8
f 1536/1078/8 1610/1077/8 1670/1010/8 1668/1049/8
f 1619/1072/8 1547/1071/8 1669/1050/8 1679/1011/8
f 1620/1087/8 1621/1130/8 1681/1104/8 1680/915/8
f 1621/1130/8 1622/1131/8 1682/1105/8 1681/1104/8
f 1622/1131/8 1623/1132/8 1683/1106/8 1682/1105/8
f 1623/1132/8 1624/1133/8 1684/1107/8 1683/1106/8
f 1624/1133/8 1625/1134/8 1685/1108/8 1684/1107/8
f 1625/1134/8 1626/1135/8 1686/1109/8 1685/1108/8
f 1626/1135/8 1627/1094/8 1687/1110/8 1686/1109/8
f 1627/1094/8 1628/1090/8 1688/1103/8 1687/1110/8
f 1628/1090/8 1629/1084/8 1689/916/8 1688/1103/8
f 1544/1069/8 1620/1087/8 1680/915/8 1667/1012/8
f 1629/1084/8 1539/1076/8 1666/1013/8 1689/916/8
f 1436/1114/283 1429/1091/283 1700/1091/283 1698/1114/283
f 1621/1130/3 1620/1087/3 1728/1087/3 1707/1130/3
f 1536/1078/3 1448/1121/3 1690/1121/3 1724/1078/3
f 1439/1080/1 1436/1114/1 1698/1114/1 1696/1080/1
f 1622/1131/284 1621/1130/284 1707/1130/284 1709/1131/284
f 1446/1118/7 1547/1071/7 1725/1071/7 1704/1118/7
f 1440/1117/285 1433/1081/285 1716/1081/285 1714/1117/285
f 1623/1132/263 1622/1131/263 1709/1131/263 1711/1132/263
f 1611/1126/7 1610/1077/7 1726/1077/7 1691/1126/7
f 1443/1074/4 1440/1117/4 1714/1117/4 1712/1074/4
f 1624/1133/260 1623/1132/260 1711/1132/260 1713/1133/260
f 1612/1127/197 1611/1126/197 1691/1126/197 1693/1127/197
f 1444/1092/200 1446/1118/200 1704/1118/200 1702/1092/200
f 1625/1134/1 1624/1133/1 1713/1133/1 1715/1134/1
f 1613/1128/262 1612/1127/262 1693/1127/262 1695/1128/262
f 1448/1121/201 1450/1088/201 1692/1088/201 1690/1121/201
f 1626/1135/283 1625/1134/283 1715/1134/283 1717/1135/283
f 1614/1129/286 1613/1128/286 1695/1128/286 1697/1129/286
f 1456/1082/199 1458/1075/199 1720/1075/199 1718/1082/199
f 1627/1094/264 1626/1135/264 1717/1135/264 1719/1094/264
f 1615/1093/4 1614/1129/4 1697/1129/4 1699/1093/4
f 1452/1070/197 1454/1085/197 1708/1085/197 1706/1070/197
usemtl M_Cyan
f 832/559/1 831/558/1 834/560/1 833/561/1
f 848/530/4 847/529/4 850/508/4 849/509/4
f 852/572/4 851/571/4 854/573/4 853/574/4
f 860/536/1 859/533/1 862/531/1 861/532/1
f 864/580/1 863/579/1 866/581/1 865/582/1
f 868/584/4 867/583/4 870/585/4 869/586/4
f 941/617/4 940/615/4 943/616/4 942/618/4
f 945/620/1 944/619/1 947/613/1 946/614/1
f 1235/770/18 1234/766/18 1237/767/18 1236/771/18
f 1239/772/6 1238/762/6 1241/763/6 1240/773/6
f 1243/765/9 1242/774/9 1245/775/9 1244/764/9
f 1247/768/2 1246/769/2 1249/776/2 1248/777/2
f 1323/852/3 1322/851/3 1325/853/3 1326/854/3 1327/856/3 1328/857/3 1329/828/3 1324/829/3
f 1331/860/7 1330/859/7 1333/862/7 1334/863/7 1335/864/7 1336/811/7 1337/812/7 1332/865/7
f 1603/1062/4 1602/1064/4 1605/1063/4 1604/1061/4
f 1607/1066/1 1606/1065/1 1609/1067/1 1608/1068/1
f 1760/1141/3 1759/1142/3 1758/1145/3 1761/1146/3
f 1754/1139/7 1757/1140/7 1756/1144/7 1755/1143/7
o SM_SolarPanel_T3_Panel
v 0.000000 1.136336 -0.883533
v -0.000000 1.289694 -0.835354
v 0.441767 1.136336 -0.765162
v 0.417677 1.289694 -0.723438
v 0.765162 1.136336 -0.441767
v 0.723438 1.289694 -0.417677
v 0.883533 1.136336 0.000000
v 0.835354 1.289694 -0.000000
v 0.765162 1.136336 0.441767
v 0.723438 1.289694 0.417677
v 0.441767 1.136336 0.765162
v 0.417677 1.289694 0.723438
v 0.000000 1.136336 0.883533
v -0.000000 1.289694 0.835354
v -0.441767 1.136336 0.765162
v -0.417677 1.289694 0.723438
v -0.765162 1.136336 0.441767
v -0.723438 1.289694 0.417677
v -0.883533 1.136336 0.000000
v -0.835354 1.289694 -0.000000
v -0.765162 1.136336 -0.441767
v -0.723438 1.289694 -0.417677
v -0.441767 1.136336 -0.765162
v -0.417677 1.289694 -0.723438
v -0.000000 1.289694 0.000100
v 0.384469 1.289694 -0.665920
v 0.064153 1.289694 -0.751749
v 0.064153 1.289694 -0.064061
v 0.751751 1.289694 -0.064143
v 0.665920 1.289694 -0.384469
v -0.064153 1.289694 0.751749
v -0.064153 1.289694 0.064245
v -0.751746 1.289694 0.064163
v -0.665920 1.289694 0.384469
v -0.384469 1.289694 0.665920
v 0.751746 1.289694 0.064163
v 0.064153 1.289694 0.064245
v 0.064153 1.289694 0.751749
v 0.384469 1.289694 0.665920
v 0.665920 1.289694 0.384469
v -0.751751 1.289694 -0.064143
v -0.064153 1.289694 -0.064061
v -0.064153 1.289694 -0.751749
v -0.384469 1.289694 -0.665920
v -0.665920 1.289694 -0.384469
v 0.384469 1.260454 -0.665920
v 0.064153 1.260454 -0.751749
v 0.665920 1.260454 -0.384469
v 0.064153 1.260454 -0.064061
v 0.751752 1.260454 -0.064143
v -0.064153 1.260454 0.751749
v -0.064153 1.260454 0.064245
v -0.384469 1.260454 0.665920
v -0.751746 1.260454 0.064163
v -0.665920 1.260454 0.384469
v 0.064153 1.260454 0.064245
v 0.751746 1.260454 0.064163
v 0.665920 1.260454 0.384469
v 0.064153 1.260454 0.751749
v 0.384469 1.260454 0.665920
v -0.751751 1.260454 -0.064143
v -0.064153 1.260454 -0.064061
v -0.665920 1.260454 -0.384469
v -0.064153 1.260454 -0.751749
v -0.384469 1.260454 -0.665920
v -0.288473 1.260454 0.578248
v -0.288473 1.260454 0.197361
v -0.578240 1.260454 0.197316
v -0.546558 1.260454 0.315555
v -0.315555 1.260454 0.546557
v 0.578240 1.260454 0.197315
v 0.288473 1.260454 0.197361
v 0.288473 1.260454 0.578248
v 0.315555 1.260454 0.546557
v 0.546557 1.260454 0.315555
v -0.637972 1.424369 0.454026
v -0.637972 1.526589 0.052496
v -0.870783 1.432417 0.422335
v -0.875778 1.526589 0.052451
v 0.637972 1.526589 0.052496
v 0.875778 1.526589 0.052451
v 0.637972 1.424369 0.454026
v 0.870783 1.432417 0.422335
v -0.145789 1.289694 0.796290
v -0.234647 1.289694 0.706065
v -0.674586 1.434757 0.413212
v -0.674586 1.517555 0.087971
v -0.838682 1.517556 0.087940
v -0.834583 1.440287 0.391433
v 0.838682 1.517556 0.087940
v 0.674586 1.517555 0.087971
v 0.674586 1.434757 0.413212
v 0.834583 1.440287 0.391433
v -0.674586 1.475640 0.423620
v -0.674586 1.558438 0.098380
v -0.834583 1.481170 0.401841
v -0.838682 1.558439 0.098348
v 0.674586 1.558438 0.098380
v 0.838682 1.558439 0.098348
v 0.834583 1.481170 0.401841
v 0.674586 1.475640 0.423620
v 0.255497 1.260454 -0.671770
v 0.088863 1.260454 -0.716420
v 0.088863 1.260454 -0.088745
v 0.716417 1.260454 -0.088820
v 0.671750 1.260454 -0.255517
v -0.716416 1.260454 -0.088821
v -0.088863 1.260454 -0.088745
v -0.088863 1.260454 -0.716420
v -0.255497 1.260454 -0.671770
v -0.671750 1.260454 -0.255517
v 0.664094 2.410821 -1.263832
v 0.659261 2.410821 -1.265743
v 0.659261 2.410821 -1.011687
v 0.813747 2.410821 -1.011714
v 0.805972 2.410821 -1.054521
v -0.813746 2.410821 -1.011714
v -0.659260 2.410821 -1.011687
v -0.659260 2.410821 -1.265743
v -0.664093 2.410821 -1.263832
v -0.805972 2.410821 -1.054521
v 0.659261 2.713408 -1.138229
v 0.849460 2.711758 -1.137158
v 0.659261 2.527756 -0.964799
v 0.847508 2.527776 -0.964817
v -0.847508 2.527776 -0.964817
v -0.659260 2.527756 -0.964799
v -0.849459 2.711758 -1.137158
v -0.659260 2.713408 -1.138229
v 0.669571 2.410821 -1.270664
v 0.679003 2.389021 -1.276985
v 0.617700 2.388979 -1.300968
v 0.650894 2.410821 -1.278047
v 0.813889 2.410821 -1.057754
v 0.831983 2.388586 -1.052851
v 0.617634 2.388791 -0.963303
v 0.650894 2.410821 -1.003319
v 0.848437 2.388671 -0.963264
v 0.823770 2.410821 -1.003349
v -0.823769 2.410821 -1.003349
v -0.848436 2.388671 -0.963264
v -0.617633 2.388791 -0.963303
v -0.650894 2.410821 -1.003319
v -0.813888 2.410821 -1.057754
v -0.831983 2.388586 -1.052851
v -0.617700 2.388979 -1.300968
v -0.650894 2.410821 -1.278047
v -0.679002 2.389021 -1.276985
v -0.669570 2.410821 -1.270664
v 0.116675 1.319800 -0.674770
v 0.116672 1.319801 -0.214814
v 0.589830 2.329463 -0.997389
v 0.589865 2.329577 -1.197810
v -0.116672 1.319801 -0.214814
v -0.116675 1.319800 -0.674770
v -0.589865 2.329577 -1.197810
v -0.589830 2.329463 -0.997389
v 0.131824 1.312701 -0.214814
v 0.131827 1.312699 -0.674770
v 0.605017 2.322477 -1.197810
v 0.604982 2.322363 -0.997389
v -0.131824 1.312701 -0.214814
v -0.131827 1.312699 -0.674770
v -0.604981 2.322363 -0.997389
v -0.605016 2.322477 -1.197810
v 0.237331 1.283577 -0.692370
v 0.127357 1.284395 -0.720487
v 0.633718 2.364753 -1.280295
v 0.643713 2.366725 -1.273029
v 0.711755 1.286566 -0.141912
v 0.682997 1.287083 -0.242537
v 0.835798 2.361391 -1.001923
v 0.837433 2.362353 -0.975624
v -0.682997 1.287083 -0.242537
v -0.711754 1.286566 -0.141912
v -0.837432 2.362353 -0.975624
v -0.835798 2.361391 -1.001923
v -0.127357 1.284395 -0.720487
v -0.237331 1.283577 -0.692370
v -0.643712 2.366725 -1.273029
v -0.633717 2.364753 -1.280295
v 0.235441 1.287683 -0.686093
v 0.125466 1.288501 -0.714210
v 0.641822 2.370831 -1.266752
v 0.631827 2.368860 -1.274018
v 0.704543 1.288774 -0.140193
v 0.675785 1.289291 -0.240818
v 0.830221 2.364561 -0.973905
v 0.828587 2.363599 -1.000204
v -0.675785 1.289291 -0.240818
v -0.704543 1.288774 -0.140193
v -0.828586 2.363599 -1.000204
v -0.830221 2.364561 -0.973905
v -0.125466 1.288501 -0.714210
v -0.235440 1.287683 -0.686093
v -0.631827 2.368860 -1.274018
v -0.641822 2.370831 -1.266752
v 0.230195 1.294360 -0.692041
v 0.136581 1.295414 -0.715384
v 0.636452 2.361865 -1.268049
v 0.631632 2.364393 -1.265610
v 0.703197 1.296314 -0.155523
v 0.679033 1.296980 -0.237070
v 0.829688 2.355747 -0.985498
v 0.827044 2.356961 -0.977473
v -0.679033 1.296980 -0.237070
v -0.703197 1.296314 -0.155523
v -0.827044 2.356961 -0.977473
v -0.829688 2.355747 -0.985498
v -0.136581 1.295414 -0.715384
v -0.230195 1.294360 -0.692041
v -0.631631 2.364393 -1.265610
v -0.636452 2.361865 -1.268049
v 0.229912 1.294974 -0.691102
v 0.136299 1.296028 -0.714446
v 0.631349 2.365007 -1.264671
v 0.636169 2.362479 -1.267110
v 0.702119 1.296644 -0.155266
v 0.677955 1.297310 -0.236812
v 0.825966 2.357291 -0.977216
v 0.828610 2.356077 -0.985241
v -0.677954 1.297310 -0.236812
v -0.702118 1.296644 -0.155266
v -0.828609 2.356077 -0.985241
v -0.825965 2.357291 -0.977216
v -0.136299 1.296028 -0.714446
v -0.229912 1.294974 -0.691102
v -0.636169 2.362479 -1.267110
v -0.631349 2.365007 -1.264671
v 0.100000 2.750000 -1.098076
v 1.400000 2.750000 -1.098076
v 0.100000 1.651924 0.000000
v 1.400000 1.651924 0.000000
v 0.440274 1.782562 0.130733
v 0.450719 1.782562 0.130733
v 0.450719 1.830461 0.047770
v 0.440274 1.830461 0.047770
v 1.353786 2.561482 -0.683251
v 1.353786 2.554096 -0.675865
v 0.146215 2.066749 -0.188518
v 0.146215 2.074135 -0.195904
v 0.440274 2.797770 -0.919539
v 0.450719 2.797770 -0.919539
v 0.450719 2.880733 -0.967438
v 0.440274 2.880733 -0.967438
v 1.353786 3.912833 -1.243988
v 1.353786 3.902744 -1.241285
v 0.146215 3.214678 -1.056918
v 0.146215 3.224766 -1.059621
v 1.049281 4.246778 -1.333468
v 1.059726 4.246778 -1.333468
v 0.755223 3.558711 -1.149101
v 0.755223 3.568800 -1.151804
v 0.744778 3.568800 -1.151804
v 0.744778 3.558711 -1.149101
v 0.755223 2.310423 -0.432191
v 0.755223 2.317809 -0.439577
v 0.744778 2.317809 -0.439577
v 0.744778 2.310423 -0.432191
v 0.755223 1.598196 0.818800
v 0.755223 1.600899 0.808711
v 0.744778 1.600899 0.808711
v 0.744778 1.598196 0.818800
v 0.744778 1.416532 1.496778
v 0.755223 1.416532 1.496778
v 1.353786 1.600899 0.808711
v 1.353786 1.598196 0.818800
v 0.146215 1.600899 0.808711
v 0.146215 1.598196 0.818800
v 0.744778 1.782562 0.130733
v 0.755223 1.782562 0.130733
v 0.744778 1.830461 0.047770
v 0.755223 1.830461 0.047770
v 1.353786 2.317809 -0.439577
v 1.353786 2.310423 -0.432191
v 0.146215 2.317809 -0.439577
v 0.146215 2.310423 -0.432191
v 0.744778 2.797770 -0.919539
v 0.755223 2.797770 -0.919539
v 0.744778 2.880733 -0.967438
v 0.755223 2.880733 -0.967438
v 1.353786 3.568800 -1.151804
v 1.353786 3.558711 -1.149101
v 0.146215 3.568800 -1.151804
v 0.146215 3.558711 -1.149101
v 0.744778 4.246778 -1.333468
v 0.755222 4.246778 -1.333468
v 0.146215 4.250037 -1.321305
v 0.135770 4.260126 -1.324008
v 1.364230 4.260126 -1.324008
v 1.353786 4.250037 -1.321305
v 1.353786 2.883992 -0.955274
v 1.364231 2.873903 -0.952570
v 0.146215 2.883992 -0.955274
v 0.135770 2.873903 -0.952571
v 0.146215 2.806674 -0.910634
v 0.135770 2.814060 -0.918020
v 1.353786 2.806674 -0.910634
v 1.364231 2.814060 -0.918020
v 1.353786 1.839366 0.056674
v 1.364231 1.831980 0.064060
v 0.146215 1.839366 0.056674
v 0.135770 1.831980 0.064060
v 0.146215 1.794726 0.133992
v 0.135770 1.797430 0.123903
v 1.353786 1.794726 0.133992
v 1.364231 1.797429 0.123903
v 1.353786 1.428695 1.500037
v 1.364231 1.425992 1.510126
v 0.146215 1.428695 1.500037
v 0.135770 1.425992 1.510126
v 0.744778 4.250037 -1.321305
v 0.755222 4.250037 -1.321305
v 0.146215 3.572059 -1.139641
v 0.146215 3.561970 -1.136938
v 1.353786 3.561970 -1.136937
v 1.353786 3.572059 -1.139641
v 0.744778 2.883992 -0.955274
v 0.755223 2.883992 -0.955274
v 0.755223 2.806674 -0.910634
v 0.744778 2.806674 -0.910634
v 0.146215 2.326713 -0.430673
v 0.146215 2.319327 -0.423287
v 1.353786 2.319327 -0.423287
v 1.353786 2.326713 -0.430673
v 0.744778 1.839366 0.056674
v 0.755223 1.839366 0.056674
v 0.755223 1.794726 0.133992
v 0.744778 1.794726 0.133992
v 0.146215 1.613063 0.811970
v 0.146215 1.610359 0.822059
v 1.353786 1.610359 0.822059
v 1.353786 1.613062 0.811970
v 0.744778 1.428695 1.500037
v 0.755223 1.428695 1.500037
v 0.744778 1.613062 0.811970
v 0.755223 1.613062 0.811970
v 0.755223 1.610359 0.822059
v 0.744778 1.610359 0.822059
v 0.744778 2.326713 -0.430673
v 0.755223 2.326713 -0.430673
v 0.755223 2.319327 -0.423287
v 0.744778 2.319327 -0.423287
v 0.744778 3.572059 -1.139641
v 0.755223 3.572059 -1.139641
v 0.755223 3.561970 -1.136938
v 0.744778 3.561970 -1.136938
v 1.059726 4.250037 -1.321305
v 1.049281 4.250037 -1.321305
v 0.146215 3.217937 -1.044754
v 0.146215 3.228026 -1.047457
v 1.353786 3.916092 -1.231824
v 1.353786 3.906003 -1.229121
v 0.440274 2.883992 -0.955274
v 0.450719 2.883992 -0.955274
v 0.440274 2.806674 -0.910634
v 0.450719 2.806674 -0.910634
v 0.146215 2.075654 -0.179614
v 0.146215 2.083040 -0.186999
v 1.353786 2.570386 -0.674346
v 1.353786 2.563001 -0.666960
v 0.440274 1.839366 0.056674
v 0.450719 1.839366 0.056674
v 0.440274 1.794726 0.133992
v 0.450719 1.794726 0.133992
v 0.146215 1.518176 1.166092
v 0.146215 1.520879 1.156003
v 1.353786 1.705246 0.467937
v 1.353786 1.702543 0.478026
v 0.440274 1.428695 1.500037
v 0.450719 1.428695 1.500037
v 0.450718 4.250037 -1.321305
v 0.440274 4.250037 -1.321305
v 0.146215 3.906003 -1.229121
v 0.146215 3.916092 -1.231824
v 1.353786 3.228026 -1.047457
v 1.353786 3.217937 -1.044754
v 1.049282 2.883992 -0.955274
v 1.059727 2.883992 -0.955274
v 1.049282 2.806674 -0.910634
v 1.059727 2.806674 -0.910634
v 0.146215 2.563001 -0.666961
v 0.146215 2.570386 -0.674346
v 1.353786 2.083039 -0.186999
v 1.353786 2.075654 -0.179614
v 1.049282 1.839366 0.056674
v 1.059727 1.839366 0.056674
v 1.049282 1.794726 0.133992
v 1.059727 1.794726 0.133992
v 0.146215 1.702543 0.478026
v 0.146215 1.705246 0.467937
v 1.353786 1.520879 1.156003
v 1.353786 1.518176 1.166092
v 1.049282 1.428695 1.500037
v 1.059727 1.428695 1.500037
v 0.755223 1.518176 1.166092
v 0.744778 1.518176 1.166092
v 0.744778 1.520879 1.156003
v 0.755223 1.520879 1.156003
v 0.744778 1.702543 0.478026
v 0.744778 1.705246 0.467937
v 0.755223 1.705246 0.467937
v 0.755223 1.702543 0.478026
v 0.440274 1.610359 0.822059
v 0.440274 1.613063 0.811970
v 0.450719 1.613063 0.811970
v 0.450719 1.610359 0.822059
v 1.049282 1.610359 0.822059
v 1.049282 1.613062 0.811970
v 1.059727 1.613062 0.811970
v 1.059727 1.610359 0.822059
v 0.755223 2.075654 -0.179614
v 0.744778 2.075654 -0.179614
v 0.744778 2.083039 -0.186999
v 0.755223 2.083039 -0.186999
v 0.744778 2.563001 -0.666961
v 0.744778 2.570386 -0.674346
v 0.755223 2.570386 -0.674346
v 0.755223 2.563001 -0.666961
v 0.440274 2.319327 -0.423287
v 0.440274 2.326713 -0.430673
v 0.450719 2.326713 -0.430673
v 0.450719 2.319327 -0.423287
v 1.049282 2.319327 -0.423287
v 1.049282 2.326713 -0.430673
v 1.059727 2.326713 -0.430673
v 1.059727 2.319327 -0.423287
v 0.755223 3.217937 -1.044754
v 0.744778 3.217937 -1.044754
v 0.744778 3.228026 -1.047457
v 0.755223 3.228026 -1.047457
v 0.744778 3.906003 -1.229121
v 0.744778 3.916092 -1.231824
v 0.755222 3.916092 -1.231824
v 0.755222 3.906003 -1.229121
v 0.440274 3.561970 -1.136938
v 0.440274 3.572059 -1.139641
v 0.450719 3.572059 -1.139641
v 0.450719 3.561970 -1.136938
v 1.049282 3.561970 -1.136937
v 1.049282 3.572059 -1.139641
v 1.059726 3.572059 -1.139641
v 1.059726 3.561970 -1.136937
v 1.059726 3.906003 -1.229121
v 1.049282 3.906003 -1.229121
v 1.049282 3.916092 -1.231824
v 1.059726 3.916092 -1.231824
v 0.450718 3.906003 -1.229121
v 0.440274 3.906003 -1.229121
v 0.440274 3.916092 -1.231824
v 0.450718 3.916092 -1.231824
v 0.450719 3.217937 -1.044754
v 0.440274 3.217937 -1.044754
v 0.440274 3.228026 -1.047457
v 0.450719 3.228026 -1.047457
v 1.059727 2.563001 -0.666961
v 1.049282 2.563001 -0.666961
v 1.049282 2.570386 -0.674346
v 1.059727 2.570386 -0.674346
v 0.450719 2.563001 -0.666961
v 0.440274 2.563001 -0.666961
v 0.440274 2.570386 -0.674346
v 0.450719 2.570386 -0.674346
v 0.450719 2.075654 -0.179614
v 0.440274 2.075654 -0.179614
v 0.440274 2.083039 -0.186999
v 0.450719 2.083039 -0.186999
v 1.059727 1.702543 0.478026
v 1.049282 1.702543 0.478026
v 1.049282 1.705246 0.467937
v 1.059727 1.705246 0.467937
v 0.450719 1.702543 0.478026
v 0.440274 1.702543 0.478026
v 0.440274 1.705246 0.467937
v 0.450719 1.705246 0.467937
v 0.450719 1.518176 1.166092
v 0.440274 1.518176 1.166092
v 0.440274 1.520879 1.156003
v 0.450719 1.520879 1.156003
v 1.059727 1.518176 1.166092
v 1.049282 1.518176 1.166092
v 1.049282 1.520879 1.156003
v 1.059727 1.520879 1.156003
v 1.059727 2.075654 -0.179614
v 1.049282 2.075654 -0.179614
v 1.049282 2.083039 -0.186999
v 1.059727 2.083039 -0.186999
v 1.059726 3.217937 -1.044754
v 1.049282 3.217937 -1.044754
v 1.049282 3.228026 -1.047457
v 1.059726 3.228026 -1.047457
v 0.146215 1.508715 1.152744
v 0.146215 1.506012 1.162833
v 1.353786 1.690379 0.474766
v 1.353786 1.693082 0.464678
v 0.440274 1.416532 1.496778
v 0.450719 1.416532 1.496778
v 0.450718 4.246778 -1.333468
v 0.440274 4.246778 -1.333468
v 0.146215 3.912833 -1.243988
v 0.146215 3.902744 -1.241285
v 1.353786 3.214678 -1.056917
v 1.353786 3.224766 -1.059621
v 1.049282 2.880733 -0.967438
v 1.059727 2.880733 -0.967438
v 1.059727 2.797770 -0.919539
v 1.049282 2.797770 -0.919539
v 0.146215 2.561482 -0.683251
v 0.146215 2.554096 -0.675865
v 1.353786 2.066749 -0.188518
v 1.353786 2.074135 -0.195904
v 1.049282 1.830461 0.047770
v 1.059727 1.830461 0.047770
v 1.059727 1.782562 0.130733
v 1.049282 1.782562 0.130733
v 0.146215 1.693083 0.464678
v 0.146215 1.690379 0.474766
v 1.353786 1.506012 1.162833
v 1.353786 1.508715 1.152744
v 1.049282 1.416532 1.496778
v 1.059727 1.416532 1.496778
v 0.755223 1.508715 1.152744
v 0.755223 1.506012 1.162833
v 0.744778 1.506012 1.162833
v 0.744778 1.508715 1.152744
v 0.755223 1.690379 0.474766
v 0.744778 1.690379 0.474766
v 0.744778 1.693082 0.464678
v 0.755223 1.693082 0.464678
v 0.450719 1.598196 0.818800
v 0.440274 1.598196 0.818800
v 0.440274 1.600899 0.808711
v 0.450719 1.600899 0.808711
v 1.059727 1.598196 0.818800
v 1.049282 1.598196 0.818800
v 1.049282 1.600899 0.808711
v 1.059727 1.600899 0.808711
v 0.755223 2.074135 -0.195904
v 0.755223 2.066749 -0.188518
v 0.744778 2.066749 -0.188518
v 0.744778 2.074135 -0.195904
v 0.755223 2.554096 -0.675865
v 0.744778 2.554096 -0.675865
v 0.744778 2.561482 -0.683251
v 0.755223 2.561482 -0.683251
v 0.450719 2.310423 -0.432191
v 0.440274 2.310423 -0.432191
v 0.440274 2.317809 -0.439577
v 0.450719 2.317809 -0.439577
v 1.059727 2.310423 -0.432191
v 1.049282 2.310423 -0.432191
v 1.049282 2.317809 -0.439577
v 1.059727 2.317809 -0.439577
v 0.755223 3.224766 -1.059621
v 0.755223 3.214678 -1.056918
v 0.744778 3.214678 -1.056918
v 0.744778 3.224766 -1.059621
v 0.755222 3.902744 -1.241285
v 0.744778 3.902744 -1.241285
v 0.744778 3.912833 -1.243988
v 0.755222 3.912833 -1.243988
v 0.450719 3.558711 -1.149101
v 0.440274 3.558711 -1.149101
v 0.440274 3.568800 -1.151804
v 0.450719 3.568800 -1.151804
v 1.059726 3.558711 -1.149101
v 1.049282 3.558711 -1.149101
v 1.049282 3.568800 -1.151804
v 1.059726 3.568800 -1.151804
v 1.059726 3.912833 -1.243988
v 1.059726 3.902744 -1.241285
v 1.049282 3.902744 -1.241285
v 1.049282 3.912833 -1.243988
v 0.450718 3.912833 -1.243988
v 0.450718 3.902744 -1.241285
v 0.440274 3.902744 -1.241285
v 0.440274 3.912833 -1.243988
v 0.450719 3.224766 -1.059621
v 0.450719 3.214678 -1.056918
v 0.440274 3.214678 -1.056918
v 0.440274 3.224766 -1.059621
v 1.059727 2.561482 -0.683251
v 1.059727 2.554096 -0.675865
v 1.049282 2.554096 -0.675865
v 1.049282 2.561482 -0.683251
v 0.450719 2.561482 -0.683251
v 0.450719 2.554096 -0.675865
v 0.440274 2.554096 -0.675865
v 0.440274 2.561482 -0.683251
v 0.450719 2.074135 -0.195904
v 0.450719 2.066749 -0.188518
v 0.440274 2.066749 -0.188518
v 0.440274 2.074135 -0.195904
v 1.059727 1.693082 0.464678
v 1.059727 1.690379 0.474766
v 1.049282 1.690379 0.474766
v 1.049282 1.693082 0.464678
v 0.450719 1.693082 0.464678
v 0.450719 1.690379 0.474766
v 0.440274 1.690379 0.474766
v 0.440274 1.693082 0.464678
v 0.450719 1.508715 1.152744
v 0.450719 1.506012 1.162833
v 0.440274 1.506012 1.162833
v 0.440274 1.508715 1.152744
v 1.059727 1.508715 1.152744
v 1.059727 1.506012 1.162833
v 1.049282 1.506012 1.162833
v 1.049282 1.508715 1.152744
v 1.059727 2.074135 -0.195904
v 1.059727 2.066749 -0.188518
v 1.049282 2.066749 -0.188518
v 1.049282 2.074135 -0.195904
v 1.059726 3.224766 -1.059621
v 1.059726 3.214678 -1.056918
v 1.049282 3.214678 -1.056918
v 1.049282 3.224766 -1.059621
v 1.364230 4.256866 -1.336171
v 1.353786 4.246778 -1.333468
v 0.146215 2.880733 -0.967438
v 0.135770 2.870644 -0.964734
v 0.146215 2.797770 -0.919539
v 0.135770 2.805156 -0.926924
v 0.146215 1.830462 0.047770
v 0.135770 1.823076 0.055156
v 1.353786 2.797770 -0.919538
v 1.364231 2.805156 -0.926924
v 0.146215 1.782563 0.130733
v 0.135770 1.785266 0.120644
v 0.146215 1.416532 1.496778
v 0.135770 1.413829 1.506867
v 1.353786 1.782562 0.130733
v 1.364231 1.785266 0.120644
v 0.146215 4.246778 -1.333468
v 0.135770 4.256866 -1.336171
v 1.364231 2.870644 -0.964734
v 1.353786 2.880733 -0.967437
v 1.364231 1.823076 0.055156
v 1.353786 1.830461 0.047770
v 1.364231 1.413829 1.506867
v 1.353786 1.416532 1.496778
v 0.120964 4.250000 -1.500000
v 0.100000 4.229751 -1.494574
v 1.400000 4.229751 -1.494574
v 1.379036 4.250000 -1.500000
v 0.100000 1.255426 1.479751
v 0.120964 1.250000 1.500000
v 1.379037 1.250000 1.500000
v 1.400000 1.255426 1.479751
v 0.100000 4.269001 -1.348089
v 0.120964 4.289250 -1.353515
v 0.120964 4.274427 -1.327840
v 0.120964 2.839353 -0.943313
v 0.100000 2.828501 -0.962108
v 1.400000 2.828501 -0.962108
v 1.379036 2.839353 -0.943313
v 1.379036 4.274427 -1.327840
v 1.379036 4.289251 -1.353515
v 1.400000 4.269001 -1.348089
v 0.120964 1.806687 0.089353
v 0.100000 1.787892 0.078501
v 1.400000 1.787892 0.078501
v 1.379037 1.806687 0.089353
v 0.120964 1.396485 1.539251
v 0.100000 1.401911 1.519001
v 0.120964 1.422160 1.524427
v 1.400000 1.401911 1.519001
v 1.379037 1.396485 1.539251
v 1.379037 1.422160 1.524427
v 0.100000 2.784335 -1.038607
v 0.100000 2.791418 -1.026338
v 1.400000 2.791418 -1.026338
v 1.400000 2.784335 -1.038607
v 0.100000 1.723662 0.041418
v 0.100000 1.711393 0.034335
v 1.400000 1.711393 0.034335
v 1.400000 1.723662 0.041418
v 0.120964 4.267167 -1.435931
v 0.120964 4.270709 -1.422713
v 0.100000 4.250460 -1.417288
v 0.100000 4.246918 -1.430505
v 1.400000 4.246918 -1.430505
v 1.400000 4.250460 -1.417288
v 1.379036 4.270709 -1.422713
v 1.379036 4.267168 -1.435931
v 0.120964 1.327287 1.520709
v 0.120964 1.314069 1.517167
v 0.100000 1.319495 1.496918
v 0.100000 1.332712 1.500460
v 1.379037 1.314069 1.517167
v 1.379037 1.327287 1.520709
v 1.400000 1.332712 1.500460
v 1.400000 1.319495 1.496918
v 0.110077 2.784335 -1.038607
v 0.110077 2.791418 -1.026338
v 0.110077 1.723662 0.041418
v 0.110077 1.711393 0.034335
v 1.389924 1.711393 0.034335
v 1.389924 1.723662 0.041418
v 1.389924 2.791418 -1.026338
v 1.389924 2.784335 -1.038607
v 0.125138 1.329895 1.510976
v 0.125138 1.316677 1.507434
v 0.110077 1.320575 1.492887
v 0.110077 1.333793 1.496428
v 1.389924 4.242887 -1.429425
v 1.389924 4.246428 -1.416207
v 1.374863 4.260976 -1.420105
v 1.374863 4.257434 -1.433323
v 1.374863 1.316677 1.507434
v 1.374863 1.329895 1.510976
v 1.389924 1.333793 1.496428
v 1.389924 1.320575 1.492887
v 0.125137 4.257434 -1.433323
v 0.125137 4.260976 -1.420105
v 0.110076 4.246428 -1.416207
v 0.110076 4.242887 -1.429425
v 1.400000 4.214505 -1.468167
v 1.400000 2.782722 -1.084522
v 1.400000 2.794735 -1.063716
v 1.400000 4.220511 -1.445751
v 0.100000 2.782722 -1.084522
v 0.100000 4.214505 -1.468167
v 0.100000 4.220511 -1.445751
v 0.100000 2.794735 -1.063716
v 0.100000 1.281833 1.464505
v 0.100000 1.665478 0.032722
v 0.100000 1.686284 0.044735
v 0.100000 1.304249 1.470511
v 1.400000 1.665478 0.032722
v 1.400000 1.281833 1.464505
v 1.400000 1.304249 1.470511
v 1.400000 1.686284 0.044735
v 1.400000 2.745377 -1.062961
v 1.400000 1.687039 -0.004623
v 1.400000 1.707846 0.007390
v 1.400000 2.757390 -1.042154
v 0.100000 1.687039 -0.004623
v 0.100000 2.745377 -1.062961
v 0.100000 2.757390 -1.042154
v 0.100000 1.707846 0.007390
v 1.397383 2.782722 -1.084522
v 1.397383 4.214505 -1.468167
v 1.397383 4.220511 -1.445751
v 1.397383 2.794735 -1.063716
v 0.102617 2.782722 -1.084522
v 0.102617 4.214505 -1.468167
v 0.102617 2.794735 -1.063716
v 0.102617 4.220511 -1.445751
v 0.102617 1.281833 1.464505
v 0.102617 1.665478 0.032722
v 0.102617 1.304249 1.470511
v 0.102617 1.686284 0.044735
v 1.397384 1.281833 1.464505
v 1.397383 1.665478 0.032722
v 1.397383 1.686284 0.044735
v 1.397384 1.304249 1.470511
v 1.397383 1.687039 -0.004623
v 1.397383 2.745377 -1.062961
v 1.397383 2.757390 -1.042154
v 1.397383 1.707846 0.007390
v 0.102617 2.745377 -1.062961
v 0.102617 1.687039 -0.004623
v 0.102617 1.707846 0.007390
v 0.102617 2.757390 -1.042154
v 1.397383 4.211088 -1.462249
v 1.397383 2.790056 -1.081484
v 1.397383 2.797066 -1.069343
v 1.397383 4.214592 -1.449168
v 0.102617 2.790056 -1.081484
v 0.102617 4.211088 -1.462249
v 0.102617 4.214592 -1.449168
v 0.102617 2.797066 -1.069343
v 0.102617 1.287751 1.461088
v 0.102617 1.668516 0.040056
v 0.102617 1.680657 0.047066
v 0.102617 1.300832 1.464592
v 1.397383 1.668516 0.040056
v 1.397384 1.287751 1.461088
v 1.397384 1.300832 1.464592
v 1.397383 1.680657 0.047066
v 1.397383 2.744341 -1.055090
v 1.397383 1.694910 -0.005659
v 1.397383 1.707051 0.001351
v 1.397383 2.751351 -1.042949
v 0.102617 1.694910 -0.005659
v 0.102617 2.744341 -1.055090
v 0.102617 2.751351 -1.042949
v 0.102617 1.707051 0.001351
v 1.395347 2.790056 -1.081484
v 1.395347 4.211088 -1.462249
v 1.395347 4.214592 -1.449168
v 1.395347 2.797066 -1.069343
v 0.104653 2.790056 -1.081484
v 0.104653 4.211088 -1.462249
v 0.104653 2.797066 -1.069343
v 0.104653 4.214592 -1.449168
v 0.104653 1.287751 1.461088
v 0.104653 1.668516 0.040056
v 0.104653 1.300832 1.464592
v 0.104653 1.680657 0.047066
v 1.395347 1.287751 1.461088
v 1.395347 1.668516 0.040056
v 1.395347 1.680657 0.047066
v 1.395347 1.300832 1.464592
v 1.395347 1.694910 -0.005659
v 1.395347 2.744341 -1.055090
v 1.395347 2.751351 -1.042949
v 1.395347 1.707051 0.001351
v 0.104653 2.744341 -1.055090
v 0.104653 1.694910 -0.005659
v 0.104653 1.707051 0.001351
v 0.104653 2.751351 -1.042949
v 0.891894 2.714690 -1.159235
v 0.608106 2.714690 -1.159235
v 0.608106 4.211473 -1.562788
v 0.891894 4.211473 -1.562788
v 0.531318 2.750000 -1.098076
v 0.968682 2.750000 -1.098076
v 0.968682 1.651924 0.000000
v 0.531318 1.651924 0.000000
v 0.968682 1.255426 1.479751
v 0.531318 1.255426 1.479751
v 0.531318 4.229751 -1.494574
v 0.968682 4.229751 -1.494574
v 0.608106 1.187212 1.461473
v 0.891894 1.187212 1.461473
v 0.891894 1.590765 -0.035310
v 0.608106 1.590765 -0.035310
v -1.400000 2.750000 -1.098076
v -0.100000 2.750000 -1.098076
v -1.400000 1.651924 0.000000
v -0.100000 1.651924 0.000000
v -1.059726 1.782562 0.130733
v -1.049281 1.782562 0.130733
v -1.049281 1.830461 0.047770
v -1.059726 1.830461 0.047770
v -0.146214 2.561482 -0.683251
v -0.146214 2.554096 -0.675865
v -1.353785 2.066749 -0.188518
v -1.353785 2.074135 -0.195904
v -1.059726 2.797770 -0.919539
v -1.049281 2.797770 -0.919539
v -1.049281 2.880733 -0.967438
v -1.059726 2.880733 -0.967438
v -0.146215 3.912833 -1.243988
v -0.146215 3.902744 -1.241285
v -1.353786 3.214678 -1.056918
v -1.353786 3.224766 -1.059621
v -0.450718 4.246778 -1.333468
v -0.440274 4.246778 -1.333468
v -0.744777 3.558711 -1.149101
v -0.744777 3.568800 -1.151804
v -0.755222 3.568800 -1.151804
v -0.755222 3.558711 -1.149101
v -0.744777 2.310423 -0.432191
v -0.744777 2.317809 -0.439577
v -0.755222 2.317809 -0.439577
v -0.755222 2.310423 -0.432191
v -0.744777 1.598196 0.818800
v -0.744777 1.600899 0.808711
v -0.755222 1.600899 0.808711
v -0.755222 1.598196 0.818800
v -0.755222 1.416532 1.496778
v -0.744777 1.416532 1.496778
v -0.146214 1.600899 0.808711
v -0.146214 1.598196 0.818800
v -1.353785 1.600899 0.808711
v -1.353785 1.598196 0.818800
v -0.755222 1.782562 0.130733
v -0.744777 1.782562 0.130733
v -0.755222 1.830461 0.047770
v -0.744777 1.830461 0.047770
v -0.146214 2.317809 -0.439577
v -0.146214 2.310423 -0.432191
v -1.353785 2.317809 -0.439577
v -1.353785 2.310423 -0.432191
v -0.755222 2.797770 -0.919539
v -0.744777 2.797770 -0.919539
v -0.755222 2.880733 -0.967438
v -0.744777 2.880733 -0.967438
v -0.146214 3.568800 -1.151804
v -0.146214 3.558711 -1.149101
v -1.353786 3.568800 -1.151804
v -1.353786 3.558711 -1.149101
v -0.755222 4.246778 -1.333468
v -0.744778 4.246778 -1.333468
v -1.353786 4.250037 -1.321305
v -1.364230 4.260126 -1.324008
v -0.135770 4.260126 -1.324008
v -0.146215 4.250037 -1.321305
v -0.146214 2.883992 -0.955274
v -0.135769 2.873903 -0.952570
v -1.353785 2.883992 -0.955274
v -1.364230 2.873903 -0.952571
v -1.353785 2.806674 -0.910634
v -1.364230 2.814060 -0.918020
v -0.146214 2.806674 -0.910634
v -0.135769 2.814060 -0.918020
v -0.146214 1.839366 0.056674
v -0.135769 1.831980 0.064060
v -1.353785 1.839366 0.056674
v -1.364230 1.831980 0.064060
v -1.353785 1.794726 0.133992
v -1.364230 1.797430 0.123903
v -0.146214 1.794726 0.133992
v -0.135769 1.797429 0.123903
v -0.146214 1.428695 1.500037
v -0.135769 1.425992 1.510126
v -1.353785 1.428695 1.500037
v -1.364230 1.425992 1.510126
v -0.755222 4.250037 -1.321305
v -0.744778 4.250037 -1.321305
v -1.353786 3.572059 -1.139641
v -1.353786 3.561970 -1.136938
v -0.146214 3.561970 -1.136937
v -0.146214 3.572059 -1.139641
v -0.755222 2.883992 -0.955274
v -0.744777 2.883992 -0.955274
v -0.744777 2.806674 -0.910634
v -0.755222 2.806674 -0.910634
v -1.353785 2.326713 -0.430673
v -1.353785 2.319327 -0.423287
v -0.146214 2.319327 -0.423287
v -0.146214 2.326713 -0.430673
v -0.755222 1.839366 0.056674
v -0.744777 1.839366 0.056674
v -0.744777 1.794726 0.133992
v -0.755222 1.794726 0.133992
v -1.353785 1.613063 0.811970
v -1.353785 1.610359 0.822059
v -0.146214 1.610359 0.822059
v -0.146214 1.613062 0.811970
v -0.755222 1.428695 1.500037
v -0.744777 1.428695 1.500037
v -0.755222 1.613062 0.811970
v -0.744777 1.613062 0.811970
v -0.744777 1.610359 0.822059
v -0.755222 1.610359 0.822059
v -0.755222 2.326713 -0.430673
v -0.744777 2.326713 -0.430673
v -0.744777 2.319327 -0.423287
v -0.755222 2.319327 -0.423287
v -0.755222 3.572059 -1.139641
v -0.744777 3.572059 -1.139641
v -0.744777 3.561970 -1.136938
v -0.755222 3.561970 -1.136938
v -0.440274 4.250037 -1.321305
v -0.450718 4.250037 -1.321305
v -1.353786 3.217937 -1.044754
v -1.353786 3.228026 -1.047457
v -0.146215 3.916092 -1.231824
v -0.146215 3.906003 -1.229121
v -1.059726 2.883992 -0.955274
v -1.049281 2.883992 -0.955274
v -1.059726 2.806674 -0.910634
v -1.049281 2.806674 -0.910634
v -1.353785 2.075654 -0.179614
v -1.353785 2.083040 -0.186999
v -0.146214 2.570386 -0.674346
v -0.146214 2.563001 -0.666960
v -1.059726 1.839366 0.056674
v -1.049281 1.839366 0.056674
v -1.059726 1.794726 0.133992
v -1.049281 1.794726 0.133992
v -1.353785 1.518176 1.166092
v -1.353785 1.520879 1.156003
v -0.146214 1.705246 0.467937
v -0.146214 1.702543 0.478026
v -1.059726 1.428695 1.500037
v -1.049281 1.428695 1.500037
v -1.049281 4.250037 -1.321305
v -1.059726 4.250037 -1.321305
v -1.353786 3.906003 -1.229121
v -1.353786 3.916092 -1.231824
v -0.146214 3.228026 -1.047457
v -0.146214 3.217937 -1.044754
v -0.450718 2.883992 -0.955274
v -0.440273 2.883992 -0.955274
v -0.450718 2.806674 -0.910634
v -0.440273 2.806674 -0.910634
v -1.353785 2.563001 -0.666961
v -1.353785 2.570386 -0.674346
v -0.146214 2.083039 -0.186999
v -0.146214 2.075654 -0.179614
v -0.450718 1.839366 0.056674
v -0.440273 1.839366 0.056674
v -0.450718 1.794726 0.133992
v -0.440273 1.794726 0.133992
v -1.353785 1.702543 0.478026
v -1.353785 1.705246 0.467937
v -0.146214 1.520879 1.156003
v -0.146214 1.518176 1.166092
v -0.450718 1.428695 1.500037
v -0.440273 1.428695 1.500037
v -0.744777 1.518176 1.166092
v -0.755222 1.518176 1.166092
v -0.755222 1.520879 1.156003
v -0.744777 1.520879 1.156003
v -0.755222 1.702543 0.478026
v -0.755222 1.705246 0.467937
v -0.744777 1.705246 0.467937
v -0.744777 1.702543 0.478026
v -1.059726 1.610359 0.822059
v -1.059726 1.613063 0.811970
v -1.049281 1.613063 0.811970
v -1.049281 1.610359 0.822059
v -0.450718 1.610359 0.822059
v -0.450718 1.613062 0.811970
v -0.440273 1.613062 0.811970
v -0.440273 1.610359 0.822059
v -0.744777 2.075654 -0.179614
v -0.755222 2.075654 -0.179614
v -0.755222 2.083039 -0.186999
v -0.744777 2.083039 -0.186999
v -0.755222 2.563001 -0.666961
v -0.755222 2.570386 -0.674346
v -0.744777 2.570386 -0.674346
v -0.744777 2.563001 -0.666961
v -1.059726 2.319327 -0.423287
v -1.059726 2.326713 -0.430673
v -1.049281 2.326713 -0.430673
v -1.049281 2.319327 -0.423287
v -0.450718 2.319327 -0.423287
v -0.450718 2.326713 -0.430673
v -0.440273 2.326713 -0.430673
v -0.440273 2.319327 -0.423287
v -0.744777 3.217937 -1.044754
v -0.755222 3.217937 -1.044754
v -0.755222 3.228026 -1.047457
v -0.744777 3.228026 -1.047457
v -0.755222 3.906003 -1.229121
v -0.755222 3.916092 -1.231824
v -0.744778 3.916092 -1.231824
v -0.744778 3.906003 -1.229121
v -1.059726 3.561970 -1.136938
v -1.059726 3.572059 -1.139641
v -1.049281 3.572059 -1.139641
v -1.049281 3.561970 -1.136938
v -0.450718 3.561970 -1.136937
v -0.450718 3.572059 -1.139641
v -0.440273 3.572059 -1.139641
v -0.440273 3.561970 -1.136937
v -0.440274 3.906003 -1.229121
v -0.450718 3.906003 -1.229121
v -0.450718 3.916092 -1.231824
v -0.440274 3.916092 -1.231824
v -1.049281 3.906003 -1.229121
v -1.059726 3.906003 -1.229121
v -1.059726 3.916092 -1.231824
v -1.049281 3.916092 -1.231824
v -1.049281 3.217937 -1.044754
v -1.059726 3.217937 -1.044754
v -1.059726 3.228026 -1.047457
v -1.049281 3.228026 -1.047457
v -0.440273 2.563001 -0.666961
v -0.450718 2.563001 -0.666961
v -0.450718 2.570386 -0.674346
v -0.440273 2.570386 -0.674346
v -1.049281 2.563001 -0.666961
v -1.059726 2.563001 -0.666961
v -1.059726 2.570386 -0.674346
v -1.049281 2.570386 -0.674346
v -1.049281 2.075654 -0.179614
v -1.059726 2.075654 -0.179614
v -1.059726 2.083039 -0.186999
v -1.049281 2.083039 -0.186999
v -0.440273 1.702543 0.478026
v -0.450718 1.702543 0.478026
v -0.450718 1.705246 0.467937
v -0.440273 1.705246 0.467937
v -1.049281 1.702543 0.478026
v -1.059726 1.702543 0.478026
v -1.059726 1.705246 0.467937
v -1.049281 1.705246 0.467937
v -1.049281 1.518176 1.166092
v -1.059726 1.518176 1.166092
v -1.059726 1.520879 1.156003
v -1.049281 1.520879 1.156003
v -0.440273 1.518176 1.166092
v -0.450718 1.518176 1.166092
v -0.450718 1.520879 1.156003
v -0.440273 1.520879 1.156003
v -0.440273 2.075654 -0.179614
v -0.450718 2.075654 -0.179614
v -0.450718 2.083039 -0.186999
v -0.440273 2.083039 -0.186999
v -0.440273 3.217937 -1.044754
v -0.450718 3.217937 -1.044754
v -0.450718 3.228026 -1.047457
v -0.440273 3.228026 -1.047457
v -1.353785 1.508715 1.152744
v -1.353785 1.506012 1.162833
v -0.146214 1.690379 0.474766
v -0.146214 1.693082 0.464678
v -1.059726 1.416532 1.496778
v -1.049281 1.416532 1.496778
v -1.049281 4.246778 -1.333468
v -1.059726 4.246778 -1.333468
v -1.353786 3.912833 -1.243988
v -1.353786 3.902744 -1.241285
v -0.146214 3.214678 -1.056917
v -0.146214 3.224766 -1.059621
v -0.450718 2.880733 -0.967438
v -0.440273 2.880733 -0.967438
v -0.440273 2.797770 -0.919539
v -0.450718 2.797770 -0.919539
v -1.353785 2.561482 -0.683251
v -1.353785 2.554096 -0.675865
v -0.146214 2.066749 -0.188518
v -0.146214 2.074135 -0.195904
v -0.450718 1.830461 0.047770
v -0.440273 1.830461 0.047770
v -0.440273 1.782562 0.130733
v -0.450718 1.782562 0.130733
v -1.353785 1.693083 0.464678
v -1.353785 1.690379 0.474766
v -0.146214 1.506012 1.162833
v -0.146214 1.508715 1.152744
v -0.450718 1.416532 1.496778
v -0.440273 1.416532 1.496778
v -0.744777 1.508715 1.152744
v -0.744777 1.506012 1.162833
v -0.755222 1.506012 1.162833
v -0.755222 1.508715 1.152744
v -0.744777 1.690379 0.474766
v -0.755222 1.690379 0.474766
v -0.755222 1.693082 0.464678
v -0.744777 1.693082 0.464678
v -1.049281 1.598196 0.818800
v -1.059726 1.598196 0.818800
v -1.059726 1.600899 0.808711
v -1.049281 1.600899 0.808711
v -0.440273 1.598196 0.818800
v -0.450718 1.598196 0.818800
v -0.450718 1.600899 0.808711
v -0.440273 1.600899 0.808711
v -0.744777 2.074135 -0.195904
v -0.744777 2.066749 -0.188518
v -0.755222 2.066749 -0.188518
v -0.755222 2.074135 -0.195904
v -0.744777 2.554096 -0.675865
v -0.755222 2.554096 -0.675865
v -0.755222 2.561482 -0.683251
v -0.744777 2.561482 -0.683251
v -1.049281 2.310423 -0.432191
v -1.059726 2.310423 -0.432191
v -1.059726 2.317809 -0.439577
v -1.049281 2.317809 -0.439577
v -0.440273 2.310423 -0.432191
v -0.450718 2.310423 -0.432191
v -0.450718 2.317809 -0.439577
v -0.440273 2.317809 -0.439577
v -0.744777 3.224766 -1.059621
v -0.744777 3.214678 -1.056918
v -0.755222 3.214678 -1.056918
v -0.755222 3.224766 -1.059621
v -0.744778 3.902744 -1.241285
v -0.755222 3.902744 -1.241285
v -0.755222 3.912833 -1.243988
v -0.744778 3.912833 -1.243988
v -1.049281 3.558711 -1.149101
v -1.059726 3.558711 -1.149101
v -1.059726 3.568800 -1.151804
v -1.049281 3.568800 -1.151804
v -0.440273 3.558711 -1.149101
v -0.450718 3.558711 -1.149101
v -0.450718 3.568800 -1.151804
v -0.440273 3.568800 -1.151804
v -0.440274 3.912833 -1.243988
v -0.440274 3.902744 -1.241285
v -0.450718 3.902744 -1.241285
v -0.450718 3.912833 -1.243988
v -1.049281 3.912833 -1.243988
v -1.049281 3.902744 -1.241285
v -1.059726 3.902744 -1.241285
v -1.059726 3.912833 -1.243988
v -1.049281 3.224766 -1.059621
v -1.049281 3.214678 -1.056918
v -1.059726 3.214678 -1.056918
v -1.059726 3.224766 -1.059621
v -0.440273 2.561482 -0.683251
v -0.440273 2.554096 -0.675865
v -0.450718 2.554096 -0.675865
v -0.450718 2.561482 -0.683251
v -1.049281 2.561482 -0.683251
v -1.049281 2.554096 -0.675865
v -1.059726 2.554096 -0.675865
v -1.059726 2.561482 -0.683251
v -1.049281 2.074135 -0.195904
v -1.049281 2.066749 -0.188518
v -1.059726 2.066749 -0.188518
v -1.059726 2.074135 -0.195904
v -0.440273 1.693082 0.464678
v -0.440273 1.690379 0.474766
v -0.450718 1.690379 0.474766
v -0.450718 1.693082 0.464678
v -1.049281 1.693082 0.464678
v -1.049281 1.690379 0.474766
v -1.059726 1.690379 0.474766
v -1.059726 1.693082 0.464678
v -1.049281 1.508715 1.152744
v -1.049281 1.506012 1.162833
v -1.059726 1.506012 1.162833
v -1.059726 1.508715 1.152744
v -0.440273 1.508715 1.152744
v -0.440273 1.506012 1.162833
v -0.450718 1.506012 1.162833
v -0.450718 1.508715 1.152744
v -0.440273 2.074135 -0.195904
v -0.440273 2.066749 -0.188518
v -0.450718 2.066749 -0.188518
v -0.450718 2.074135 -0.195904
v -0.440273 3.224766 -1.059621
v -0.440273 3.214678 -1.056918
v -0.450718 3.214678 -1.056918
v -0.450718 3.224766 -1.059621
v -0.135770 4.256866 -1.336171
v -0.146215 4.246778 -1.333468
v -1.353785 2.880733 -0.967438
v -1.364230 2.870644 -0.964734
v -1.353785 2.797770 -0.919539
v -1.364230 2.805156 -0.926924
v -1.353785 1.830462 0.047770
v -1.364230 1.823076 0.055156
v -0.146214 2.797770 -0.919538
v -0.135769 2.805156 -0.926924
v -1.353785 1.782563 0.130733
v -1.364230 1.785266 0.120644
v -1.353785 1.416532 1.496778
v -1.364230 1.413829 1.506867
v -0.146214 1.782562 0.130733
v -0.135769 1.785266 0.120644
v -1.353786 4.246778 -1.333468
v -1.364230 4.256866 -1.336171
v -0.135769 2.870644 -0.964734
v -0.146214 2.880733 -0.967437
v -0.135769 1.823076 0.055156
v -0.146214 1.830461 0.047770
v -0.135769 1.413829 1.506867
v -0.146214 1.416532 1.496778
v -1.379036 4.250000 -1.500000
v -1.400000 4.229751 -1.494574
v -0.100000 4.229751 -1.494574
v -0.120964 4.250000 -1.500000
v -1.400000 1.255426 1.479751
v -1.379036 1.250000 1.500000
v -0.120963 1.250000 1.500000
v -0.100000 1.255426 1.479751
v -1.400000 4.269001 -1.348089
v -1.379036 4.289250 -1.353515
v -1.379036 4.274427 -1.327840
v -1.379036 2.839353 -0.943313
v -1.400000 2.828501 -0.962108
v -0.100000 2.828501 -0.962108
v -0.120964 2.839353 -0.943313
v -0.120964 4.274427 -1.327840
v -0.120964 4.289251 -1.353515
v -0.100000 4.269001 -1.348089
v -1.379036 1.806687 0.089353
v -1.400000 1.787892 0.078501
v -0.100000 1.787892 0.078501
v -0.120963 1.806687 0.089353
v -1.379036 1.396485 1.539251
v -1.400000 1.401911 1.519001
v -1.379036 1.422160 1.524427
v -0.100000 1.401911 1.519001
v -0.120963 1.396485 1.539251
v -0.120963 1.422160 1.524427
v -1.400000 2.784335 -1.038607
v -1.400000 2.791418 -1.026338
v -0.100000 2.791418 -1.026338
v -0.100000 2.784335 -1.038607
v -1.400000 1.723662 0.041418
v -1.400000 1.711393 0.034335
v -0.100000 1.711393 0.034335
v -0.100000 1.723662 0.041418
v -1.379036 4.267167 -1.435931
v -1.379036 4.270709 -1.422713
v -1.400000 4.250460 -1.417288
v -1.400000 4.246918 -1.430505
v -0.100000 4.246918 -1.430505
v -0.100000 4.250460 -1.417288
v -0.120964 4.270709 -1.422713
v -0.120964 4.267168 -1.435931
v -1.379036 1.327287 1.520709
v -1.379036 1.314069 1.517167
v -1.400000 1.319495 1.496918
v -1.400000 1.332712 1.500460
v -0.120963 1.314069 1.517167
v -0.120963 1.327287 1.520709
v -0.100000 1.332712 1.500460
v -0.100000 1.319495 1.496918
v -1.389923 2.784335 -1.038607
v -1.389923 2.791418 -1.026338
v -1.389923 1.723662 0.041418
v -1.389923 1.711393 0.034335
v -0.110076 1.711393 0.034335
v -0.110076 1.723662 0.041418
v -0.110076 2.791418 -1.026338
v -0.110076 2.784335 -1.038607
v -1.374862 1.329895 1.510976
v -1.374862 1.316677 1.507434
v -1.389923 1.320575 1.492887
v -1.389923 1.333793 1.496428
v -0.110076 4.242887 -1.429425
v -0.110076 4.246428 -1.416207
v -0.125137 4.260976 -1.420105
v -0.125137 4.257434 -1.433323
v -0.125137 1.316677 1.507434
v -0.125137 1.329895 1.510976
v -0.110076 1.333793 1.496428
v -0.110076 1.320575 1.492887
v -1.374863 4.257434 -1.433323
v -1.374863 4.260976 -1.420105
v -1.389924 4.246428 -1.416207
v -1.389924 4.242887 -1.429425
v -0.100000 4.214505 -1.468167
v -0.100000 2.782722 -1.084522
v -0.100000 2.794735 -1.063716
v -0.100000 4.220511 -1.445751
v -1.400000 2.782722 -1.084522
v -1.400000 4.214505 -1.468167
v -1.400000 4.220511 -1.445751
v -1.400000 2.794735 -1.063716
v -1.400000 1.281833 1.464505
v -1.400000 1.665478 0.032722
v -1.400000 1.686284 0.044735
v -1.400000 1.304249 1.470511
v -0.100000 1.665478 0.032722
v -0.100000 1.281833 1.464505
v -0.100000 1.304249 1.470511
v -0.100000 1.686284 0.044735
v -0.100000 2.745377 -1.062961
v -0.100000 1.687039 -0.004623
v -0.100000 1.707846 0.007390
v -0.100000 2.757390 -1.042154
v -1.400000 1.687039 -0.004623
v -1.400000 2.745377 -1.062961
v -1.400000 2.757390 -1.042154
v -1.400000 1.707846 0.007390
v -0.102617 2.782722 -1.084522
v -0.102617 4.214505 -1.468167
v -0.102617 4.220511 -1.445751
v -0.102617 2.794735 -1.063716
v -1.397383 2.782722 -1.084522
v -1.397383 4.214505 -1.468167
v -1.397383 2.794735 -1.063716
v -1.397383 4.220511 -1.445751
v -1.397383 1.281833 1.464505
v -1.397383 1.665478 0.032722
v -1.397383 1.304249 1.470511
v -1.397383 1.686284 0.044735
v -0.102616 1.281833 1.464505
v -0.102616 1.665478 0.032722
v -0.102616 1.686284 0.044735
v -0.102616 1.304249 1.470511
v -0.102616 1.687039 -0.004623
v -0.102617 2.745377 -1.062961
v -0.102617 2.757390 -1.042154
v -0.102616 1.707846 0.007390
v -1.397383 2.745377 -1.062961
v -1.397383 1.687039 -0.004623
v -1.397383 1.707846 0.007390
v -1.397383 2.757390 -1.042154
v -0.102617 4.211088 -1.462249
v -0.102617 2.790056 -1.081484
v -0.102617 2.797066 -1.069343
v -0.102617 4.214592 -1.449168
v -1.397383 2.790056 -1.081484
v -1.397383 4.211088 -1.462249
v -1.397383 4.214592 -1.449168
v -1.397383 2.797066 -1.069343
v -1.397383 1.287751 1.461088
v -1.397383 1.668516 0.040056
v -1.397383 1.680657 0.047066
v -1.397383 1.300832 1.464592
v -0.102616 1.668516 0.040056
v -0.102616 1.287751 1.461088
v -0.102616 1.300832 1.464592
v -0.102616 1.680657 0.047066
v -0.102617 2.744341 -1.055090
v -0.102616 1.694910 -0.005659
v -0.102616 1.707051 0.001351
v -0.102617 2.751351 -1.042949
v -1.397383 1.694910 -0.005659
v -1.397383 2.744341 -1.055090
v -1.397383 2.751351 -1.042949
v -1.397383 1.707051 0.001351
v -0.104653 2.790056 -1.081484
v -0.104653 4.211088 -1.462249
v -0.104653 4.214592 -1.449168
v -0.104653 2.797066 -1.069343
v -1.395347 2.790056 -1.081484
v -1.395347 4.211088 -1.462249
v -1.395347 2.797066 -1.069343
v -1.395347 4.214592 -1.449168
v -1.395347 1.287751 1.461088
v -1.395347 1.668516 0.040056
v -1.395347 1.300832 1.464592
v -1.395347 1.680657 0.047066
v -0.104653 1.287751 1.461088
v -0.104653 1.668516 0.040056
v -0.104653 1.680657 0.047066
v -0.104653 1.300832 1.464592
v -0.104653 1.694910 -0.005659
v -0.104653 2.744341 -1.055090
v -0.104653 2.751351 -1.042949
v -0.104653 1.707051 0.001351
v -1.395347 2.744341 -1.055090
v -1.395347 1.694910 -0.005659
v -1.395347 1.707051 0.001351
v -1.395347 2.751351 -1.042949
v -0.608106 2.714690 -1.159235
v -0.891894 2.714690 -1.159235
v -0.891894 4.211473 -1.562788
v -0.608106 4.211473 -1.562788
v -0.968682 2.750000 -1.098076
v -0.531318 2.750000 -1.098076
v -0.531318 1.651924 0.000000
v -0.968682 1.651924 0.000000
v -0.531318 1.255426 1.479751
v -0.968682 1.255426 1.479751
v -0.968682 4.229751 -1.494574
v -0.531318 4.229751 -1.494574
v -0.891894 1.187212 1.461473
v -0.608106 1.187212 1.461473
v -0.608106 1.590765 -0.035310
v -0.891894 1.590765 -0.035310
vn 0.2477 0.2904 -0.9243
vn 0.6766 0.2904 -0.6766
vn 0.9243 0.2904 -0.2477
vn 0.9243 0.2904 0.2477
vn 0.6766 0.2904 0.6766
vn 0.2477 0.2904 0.9243
vn -0.2477 0.2904 0.9243
vn -0.6766 0.2904 0.6766
vn -0.9243 0.2904 0.2477
vn -0.9243 0.2904 -0.2477
vn -0.7071 -0.0000 -0.7071
vn -0.6766 0.2904 -0.6766
vn -0.2477 0.2904 -0.9243
vn -0.0000 -1.0000 -0.0000
vn 0.9659 -0.0000 0.2588
vn -0.7071 -0.0000 0.7071
vn -0.2588 -0.0000 -0.9659
vn -0.0000 1.0000 -0.0000
vn 0.3475 -0.8709 0.3475
vn 0.4887 0.8651 0.1130
vn 1.0000 -0.0000 -0.0000
vn -1.0000 -0.0000 -0.0000
vn -0.0001 -0.0000 -1.0000
vn 0.2588 -0.0000 0.9659
vn 0.2588 -0.0000 -0.9659
vn -0.9659 -0.0000 0.2588
vn 0.7071 -0.0000 0.7071
vn -0.0001 -0.0000 1.0000
vn 0.0001 -0.0000 1.0000
vn 0.9659 -0.0000 -0.2588
vn -0.9659 -0.0000 -0.2588
vn 0.7071 -0.0000 -0.7071
vn -0.2588 -0.0000 0.9659
vn 0.0001 -0.0000 -1.0000
vn -0.1391 -0.2443 0.9597
vn -0.2335 0.0875 0.9684
vn -0.4887 0.8651 0.1130
vn 0.0002 -0.4779 -0.8784
vn 0.2335 0.0875 0.9684
vn 0.5675 -0.8154 -0.1147
vn -0.0002 -0.4779 -0.8784
vn -0.5675 -0.8154 -0.1147
vn -0.3475 -0.8709 0.3475
vn -0.0001 0.9691 0.2467
vn -0.0000 0.9691 0.2467
vn 0.0001 0.9691 0.2467
vn -0.0002 0.2467 -0.9691
vn 0.0002 0.2467 -0.9691
vn 0.1391 -0.2443 0.9597
vn 0.9999 -0.0032 0.0127
vn -0.9999 -0.0032 0.0127
vn -0.0001 0.6126 0.7904
vn 0.1374 0.8473 -0.5129
vn 0.6389 -0.5185 -0.5683
vn 0.4244 -0.9055 -0.0006
vn 0.0001 0.6126 0.7904
vn 0.1934 -0.8467 0.4957
vn 0.2808 -0.9583 0.0525
vn -0.2438 -0.5202 -0.8185
vn 0.9171 0.1451 -0.3712
vn -0.6389 -0.5185 -0.5683
vn 0.0009 0.6831 0.7303
vn -0.0009 0.6831 0.7303
vn 0.0174 0.3836 -0.9234
vn 0.0001 -0.3722 0.9282
vn -0.0001 -0.3722 0.9282
vn 0.9619 -0.1943 -0.1922
vn -0.9619 -0.1943 -0.1922
vn 0.7984 -0.2640 -0.5412
vn -0.7984 -0.2640 -0.5412
vn 0.3358 0.3913 -0.8568
vn 0.7292 0.4718 -0.4956
vn -0.5509 0.8346 0.0002
vn 0.0002 0.8756 0.4830
vn 0.7813 0.6075 -0.1433
vn -0.0002 0.8756 0.4830
vn -0.7813 0.6075 -0.1432
vn 0.5509 0.8346 0.0002
vn -0.3358 0.3913 -0.8568
vn -0.7292 0.4718 -0.4956
vn -0.0174 0.3836 -0.9234
vn -0.9055 0.4243 -0.0000
vn -0.9055 0.4244 -0.0000
vn -0.9055 0.4244 0.0001
vn 0.9055 0.4243 -0.0000
vn 0.9055 0.4244 0.0001
vn 0.9055 0.4244 -0.0000
vn 0.4244 0.9055 -0.0000
vn 0.2438 -0.5202 -0.8185
vn -0.4244 -0.9055 -0.0006
vn 0.1802 0.3845 0.9054
vn -0.1802 0.3845 0.9054
vn -0.4244 0.9055 -0.0000
vn 0.2151 -0.5246 -0.8237
vn 0.2439 -0.5338 -0.8097
vn 0.3489 -0.5473 -0.7608
vn 0.2450 -0.5279 -0.8132
vn 0.9177 -0.3067 -0.2526
vn 0.9312 -0.2893 -0.2220
vn 0.9606 -0.2356 -0.1478
vn 0.9334 -0.2816 -0.2225
vn -0.9177 -0.3067 -0.2526
vn -0.9334 -0.2816 -0.2225
vn -0.9606 -0.2356 -0.1478
vn -0.9312 -0.2893 -0.2220
vn -0.2151 -0.5246 -0.8237
vn -0.2450 -0.5279 -0.8132
vn -0.3489 -0.5473 -0.7608
vn -0.2439 -0.5338 -0.8097
vn -0.2757 0.9584 -0.0739
vn -0.9171 0.1451 -0.3712
vn 0.2758 0.9584 -0.0739
vn 0.1374 0.8474 -0.5129
vn -0.2758 0.9584 -0.0739
vn -0.3490 -0.5482 -0.7600
vn -0.1374 0.8473 -0.5129
vn 0.8907 -0.2079 0.4043
vn -0.3439 0.5089 0.7891
vn 0.3439 0.5089 0.7891
vn -0.8907 -0.2079 0.4043
vn -0.1934 -0.8467 0.4957
vn 0.3490 -0.5482 -0.7600
vn -0.2808 -0.9583 0.0525
vn 0.2045 -0.5222 -0.8279
vn 0.2439 -0.5339 -0.8097
vn 0.8488 -0.4748 -0.2325
vn 0.9104 -0.3164 -0.2665
vn 0.9311 -0.2894 -0.2220
vn 0.9936 -0.1075 0.0360
vn 0.9334 -0.2815 -0.2225
vn -0.9104 -0.3164 -0.2665
vn -0.9334 -0.2815 -0.2225
vn -0.9936 -0.1075 0.0360
vn -0.9311 -0.2894 -0.2220
vn -0.2045 -0.5222 -0.8279
vn -0.8488 -0.4748 -0.2325
vn -0.2439 -0.5339 -0.8097
vn 0.2444 -0.5309 -0.8114
vn 0.9323 -0.2854 -0.2222
vn -0.9323 -0.2854 -0.2222
vn -0.2444 -0.5309 -0.8114
vn -0.3491 -0.5482 -0.7600
vn -0.1374 0.8474 -0.5129
vn 0.8907 -0.2080 0.4043
vn 0.3439 0.5089 0.7892
vn 0.1935 0.8467 -0.4957
vn 0.3491 -0.5482 -0.7600
vn -0.2810 -0.9583 0.0525
vn 0.2810 -0.9583 0.0525
vn -0.1935 0.8467 -0.4957
vn 0.7071 0.6830 -0.1830
vn -0.0000 -0.9659 -0.2588
vn 0.7071 -0.1830 0.6830
vn -0.0000 0.9659 0.2588
vn -0.7071 0.6830 -0.1830
vn -0.0000 -0.9659 0.2588
vn -0.0000 0.7071 0.7071
vn -0.0000 0.2588 0.9659
vn -0.0000 0.2588 -0.9659
vn -0.0000 0.8660 -0.5000
vn -0.0000 0.9659 -0.2588
vn -0.0000 -0.7071 0.7071
vn -0.0000 0.7071 -0.7071
vn -0.0000 -0.2588 0.9659
vn -0.0000 -0.2588 -0.9659
vn -0.5773 0.7071 0.4083
vn 0.5774 0.7071 0.4082
vn -0.5774 0.4082 0.7071
vn 0.5774 0.4082 0.7071
vn -0.7071 -0.1830 0.6830
vn -0.0000 -0.2603 -0.9655
vn -0.7071 0.1830 0.6830
vn 0.7071 0.1830 0.6830
vn -0.7071 0.5000 0.5000
vn 0.7071 0.5000 0.5000
vn -0.7071 0.6830 0.1830
vn 0.7071 0.6830 0.1830
vn -0.0000 0.8660 0.5000
vn -0.0000 -0.7071 -0.7071
vn -0.0000 0.5000 0.8660
vn -0.0000 0.5000 -0.8660
vn -0.0000 -0.5000 0.8660
vn -0.0000 -0.8660 0.5000
vn 0.6641 -0.5286 -0.5286
vn -0.0000 -0.9655 -0.2603
vn -0.6641 -0.5286 -0.5286
vn -0.6706 -0.7164 -0.1925
vn 0.6706 -0.7164 -0.1925
vn 0.6706 -0.1925 -0.7164
vn -0.6706 -0.1925 -0.7164
vt 1.000000 0.500000
vt 1.000000 1.000000
vt 0.916667 1.000000
vt 0.916667 0.500000
vt 0.833333 1.000000
vt 0.833333 0.500000
vt 0.750000 1.000000
vt 0.750000 0.500000
vt 0.666667 1.000000
vt 0.666667 0.500000
vt 0.583333 1.000000
vt 0.583333 0.500000
vt 0.500000 1.000000
vt 0.500000 0.500000
vt 0.470913 1.000000
vt 0.416667 1.000000
vt 0.416667 0.500000
vt 0.333333 1.000000
vt 0.333333 0.500000
vt 0.250000 1.000000
vt 0.250000 0.500000
vt 0.166667 1.000000
vt 0.166667 0.500000
vt 0.360459 0.058679
vt 0.441321 0.139541
vt 0.083333 1.000000
vt 0.083333 0.500000
vt 0.000000 1.000000
vt 0.000000 0.500000
vt 0.750000 0.490000
vt 0.870000 0.457846
vt 0.957846 0.370000
vt 0.990000 0.250000
vt 0.957846 0.130000
vt 0.870000 0.042154
vt 0.750000 0.010000
vt 0.630000 0.042154
vt 0.542154 0.130000
vt 0.510000 0.250000
vt 0.542154 0.370000
vt 0.630000 0.457846
vt 0.058679 0.360459
vt 0.034019 0.268428
vt 0.441321 0.360459
vt 0.360459 0.441321
vt 0.268431 0.034020
vt 0.370000 0.457846
vt 0.250000 0.490000
vt 0.268431 0.465980
vt 0.250000 0.249971
vt 0.268431 0.268405
vt 0.490000 0.250000
vt 0.465981 0.268428
vt 0.457846 0.370000
vt 0.250000 0.010000
vt 0.231569 0.231542
vt 0.231569 0.034020
vt 0.010000 0.250000
vt 0.034021 0.231566
vt 0.042154 0.130000
vt 0.058679 0.139541
vt 0.130000 0.042154
vt 0.139541 0.058679
vt 0.208114 0.021223
vt 0.182585 0.047145
vt 0.268431 0.231542
vt 0.465979 0.231566
vt 0.370000 0.042154
vt 0.457846 0.130000
vt 0.231569 0.268405
vt 0.231569 0.465980
vt 0.130000 0.457846
vt 0.139541 0.441321
vt 0.042154 0.370000
vt 0.396156 0.319399
vt 0.391968 0.335029
vt 0.388612 0.334101
vt 0.391908 0.321802
vt 0.340660 0.092972
vt 0.407028 0.159340
vt 0.193319 0.083868
vt 0.193319 0.193298
vt 0.169202 0.396199
vt 0.108032 0.335029
vt 0.111388 0.334101
vt 0.171524 0.394237
vt 0.083870 0.193311
vt 0.092972 0.159340
vt 0.159340 0.092972
vt 0.306681 0.193298
vt 0.416130 0.193311
vt 0.306681 0.083868
vt 0.321632 0.183642
vt 0.313652 0.095054
vt 0.159758 0.101290
vt 0.186348 0.095054
vt 0.178368 0.183642
vt 0.106045 0.183671
vt 0.393955 0.183671
vt 0.340242 0.101290
vt 0.312106 0.409062
vt 0.337851 0.402163
vt 0.312106 0.312085
vt 0.409064 0.312097
vt 0.402163 0.337851
vt 0.187894 0.312085
vt 0.090936 0.312097
vt 0.187894 0.409062
vt 0.162149 0.402163
vt 0.097837 0.337851
vt 0.326428 0.394786
vt 0.326428 0.321794
vt 0.173572 0.321794
vt 0.173572 0.394785
vt 0.103844 0.319399
vt 0.177118 0.319390
vt 0.108092 0.321802
vt 0.103844 0.319399
vt 0.391968 0.335029
vt 0.330798 0.396199
vt 0.328476 0.394237
vt 0.177118 0.398320
vt 0.322882 0.319390
vt 0.396156 0.319399
vt 0.333512 0.403326
vt 0.316465 0.407894
vt 0.187894 0.388957
vt 0.187894 0.332661
vt 0.312106 0.312085
vt 0.172764 0.405008
vt 0.177246 0.406208
vt 0.322882 0.398320
vt 0.093422 0.321374
vt 0.095368 0.328637
vt 0.312106 0.324744
vt 0.312106 0.332661
vt 0.166488 0.403326
vt 0.162149 0.402163
vt 0.177118 0.319390
vt 0.177118 0.398320
vt 0.330798 0.396199
vt 0.312106 0.396743
vt 0.312106 0.388957
vt 0.187894 0.396743
vt 0.187894 0.324744
vt 0.322754 0.406208
vt 0.327236 0.405007
vt 0.403507 0.332838
vt 0.407711 0.317146
vt 0.404632 0.328637
vt 0.406578 0.321374
vt 0.092289 0.317146
vt 0.096493 0.332838
vt 0.183535 0.407894
vt 0.096105 0.331387
vt 0.092687 0.318632
vt 0.324277 0.405800
vt 0.332244 0.403666
vt 0.407313 0.318632
vt 0.403895 0.331387
vt 0.317751 0.407549
vt 0.325738 0.405409
vt 0.405332 0.326026
vt 0.405867 0.324029
vt 0.094133 0.324029
vt 0.094668 0.326026
vt 0.167756 0.403666
vt 0.182249 0.407549
vt 0.175723 0.405800
vt 0.174262 0.405409
vt 1.000000 0.991937
vt 0.998847 1.000000
vt 0.998860 1.000000
vt 1.000000 0.991937
vt 0.833333 0.665892
vt 0.751125 0.665892
vt 0.751125 0.500000
vt 0.750000 0.991937
vt 0.751125 1.000000
vt 0.751138 1.000000
vt 0.833333 0.508063
vt 0.831355 0.513758
vt 0.831355 0.986243
vt 0.833333 0.991937
vt 0.998847 0.500000
vt 1.000000 0.508063
vt 0.998859 0.500000
vt 0.751125 1.000000
vt 0.750000 0.508063
vt 0.751125 0.665892
vt 0.751125 0.834108
vt 0.997708 0.500000
vt 0.997701 0.500000
vt 0.751141 0.500000
vt 0.751153 0.500000
vt 0.915461 1.000000
vt 0.834540 1.000000
vt 0.998859 1.000000
vt 0.916667 1.000000
vt 0.751153 1.000000
vt 0.751141 1.000000
vt 0.938345 0.517775
vt 0.919223 0.517775
vt 0.919223 0.630875
vt 0.938345 0.630875
vt 0.855038 0.517775
vt 0.835970 0.517775
vt 0.835970 0.630874
vt 0.855038 0.630874
vt 0.771678 0.517775
vt 0.752556 0.517775
vt 0.752556 0.630874
vt 0.771678 0.630874
vt 0.916667 0.508063
vt 0.918645 0.513758
vt 0.998022 0.513757
vt 0.998841 0.508063
vt 0.916667 0.991937
vt 0.918645 0.986243
vt 0.918645 0.513757
vt 0.916667 0.508063
vt 0.752299 0.500000
vt 0.752292 0.500000
vt 0.998862 0.500000
vt 1.000000 0.508063
vt 0.998875 0.500000
vt 0.917869 1.000000
vt 0.917871 1.000000
vt 0.997444 0.517775
vt 0.978322 0.517775
vt 0.978322 0.630874
vt 0.997444 0.630874
vt 0.833333 0.508063
vt 0.835374 0.513758
vt 0.914626 0.513757
vt 0.916667 0.508063
vt 0.938345 0.869126
vt 0.919223 0.869126
vt 0.919223 0.982225
vt 0.938345 0.982225
vt 0.914626 0.986243
vt 0.916667 0.991937
vt 0.998840 0.991937
vt 0.998022 0.986243
vt 0.916667 0.991937
vt 0.751160 0.508063
vt 0.751979 0.513758
vt 0.831355 0.513757
vt 0.833333 0.508063
vt 0.855038 0.869125
vt 0.835970 0.869125
vt 0.835970 0.982225
vt 0.855038 0.982225
vt 0.914030 0.869126
vt 0.894962 0.869126
vt 0.894962 0.982225
vt 0.914030 0.982225
vt 0.833333 0.991937
vt 0.831355 0.986243
vt 0.751978 0.986243
vt 0.751160 0.991937
vt 0.771678 0.869126
vt 0.752556 0.869126
vt 0.752556 0.982225
vt 0.771678 0.982225
vt 0.830777 0.869126
vt 0.811655 0.869126
vt 0.811655 0.982225
vt 0.830777 0.982225
vt 0.811078 0.752009
vt 0.791956 0.752009
vt 0.791956 0.865108
vt 0.811078 0.865108
vt 0.894366 0.752009
vt 0.875298 0.752009
vt 0.875298 0.865108
vt 0.894366 0.865108
vt 0.771678 0.752009
vt 0.752556 0.752009
vt 0.752556 0.865108
vt 0.771678 0.865108
vt 0.830777 0.752009
vt 0.811655 0.752009
vt 0.811655 0.865108
vt 0.830777 0.865108
vt 0.977744 0.752009
vt 0.958622 0.752009
vt 0.958622 0.865108
vt 0.977744 0.865108
vt 0.855038 0.752009
vt 0.835970 0.752009
vt 0.835970 0.865108
vt 0.855038 0.865108
vt 0.914029 0.752009
vt 0.894962 0.752009
vt 0.894962 0.865108
vt 0.914030 0.865108
vt 0.938345 0.752009
vt 0.919223 0.752009
vt 0.919223 0.865108
vt 0.938345 0.865108
vt 0.958044 0.752009
vt 0.938923 0.752009
vt 0.938923 0.865108
vt 0.958044 0.865108
vt 0.977744 0.517775
vt 0.958622 0.517775
vt 0.958622 0.630874
vt 0.977744 0.630874
vt 0.916667 0.991937
vt 0.914626 0.986243
vt 0.835374 0.986243
vt 0.833333 0.991937
vt 0.958045 0.517775
vt 0.938923 0.517775
vt 0.938923 0.630875
vt 0.958044 0.630874
vt 0.997444 0.869126
vt 0.978322 0.869126
vt 0.978322 0.982225
vt 0.997444 0.982225
vt 0.997444 0.752009
vt 0.978322 0.752009
vt 0.978322 0.865108
vt 0.997444 0.865108
vt 0.914030 0.517775
vt 0.894962 0.517775
vt 0.894962 0.630874
vt 0.914030 0.630874
vt 0.958044 0.869126
vt 0.938923 0.869126
vt 0.938923 0.982225
vt 0.958044 0.982225
vt 0.977744 0.634892
vt 0.958622 0.634892
vt 0.958622 0.747991
vt 0.977744 0.747991
vt 0.874702 0.752009
vt 0.855634 0.752009
vt 0.855634 0.865108
vt 0.874702 0.865108
vt 0.914029 0.634892
vt 0.894962 0.634892
vt 0.894962 0.747991
vt 0.914030 0.747991
vt 0.832131 1.000000
vt 0.752292 1.000000
vt 0.874702 0.517775
vt 0.855634 0.517775
vt 0.855634 0.630874
vt 0.874702 0.630874
vt 0.917871 0.500000
vt 0.917869 0.500000
vt 0.894366 0.517775
vt 0.875298 0.517775
vt 0.875298 0.630875
vt 0.894366 0.630874
vt 0.830777 0.517775
vt 0.811655 0.517775
vt 0.811655 0.630874
vt 0.830777 0.630874
vt 0.874702 0.869125
vt 0.855634 0.869125
vt 0.855634 0.982225
vt 0.874702 0.982225
vt 0.894366 0.634892
vt 0.875298 0.634892
vt 0.875298 0.747991
vt 0.894366 0.747991
vt 0.791378 0.752009
vt 0.772256 0.752009
vt 0.772256 0.865108
vt 0.791378 0.865108
vt 0.830777 0.634892
vt 0.811655 0.634892
vt 0.811655 0.747991
vt 0.830777 0.747991
vt 0.751979 0.986243
vt 0.751979 0.513757
vt 0.751160 0.508063
vt 0.791378 0.517775
vt 0.772256 0.517775
vt 0.772256 0.630874
vt 0.791378 0.630874
vt 0.833333 0.991937
vt 0.835374 0.513757
vt 0.833333 0.508063
vt 0.811078 0.517775
vt 0.791956 0.517775
vt 0.791956 0.630874
vt 0.811078 0.630874
vt 0.997444 0.634892
vt 0.978322 0.634892
vt 0.978322 0.747991
vt 0.997444 0.747991
vt 0.791378 0.869126
vt 0.772256 0.869126
vt 0.772256 0.982225
vt 0.791378 0.982225
vt 0.811078 0.634892
vt 0.791956 0.634892
vt 0.791956 0.747991
vt 0.811078 0.747991
vt 0.771678 0.634892
vt 0.752556 0.634892
vt 0.752556 0.747991
vt 0.771678 0.747991
vt 0.791378 0.634892
vt 0.772256 0.634892
vt 0.772256 0.747991
vt 0.791378 0.747991
vt 0.811078 0.869126
vt 0.791956 0.869126
vt 0.791956 0.982225
vt 0.811078 0.982225
vt 0.855038 0.634892
vt 0.835970 0.634892
vt 0.835970 0.747991
vt 0.855038 0.747991
vt 0.874702 0.634892
vt 0.855634 0.634892
vt 0.855634 0.747991
vt 0.874702 0.747991
vt 0.894366 0.869126
vt 0.875298 0.869126
vt 0.875298 0.982225
vt 0.894366 0.982225
vt 0.938345 0.634892
vt 0.919223 0.634892
vt 0.919223 0.747991
vt 0.938345 0.747991
vt 0.958045 0.634892
vt 0.938923 0.634892
vt 0.938923 0.747991
vt 0.958045 0.747991
vt 0.977744 0.869126
vt 0.958622 0.869126
vt 0.958622 0.982225
vt 0.977744 0.982225
vt 1.000000 0.991937
vt 0.998875 1.000000
vt 0.998875 0.834108
vt 0.998875 0.665892
vt 0.998875 0.500000
vt 0.750000 0.991937
vt 0.751138 0.500000
vt 0.751125 0.500000
vt 0.750000 0.508063
vt 0.751141 0.500000
vt 0.751141 1.000000
vt 0.916667 0.834108
vt 0.916667 0.665892
vt 0.916667 0.500000
vt 0.998862 1.000000
vt 0.916667 0.500000
vt 0.997708 1.000000
vt 0.997701 1.000000
vt 0.832131 0.500000
vt 0.832129 0.500000
vt 0.752299 1.000000
vt 0.832128 1.000000
vt 0.834545 1.000000
vt 0.915455 1.000000
vt 0.834540 0.500000
vt 0.915460 0.500000
vt 0.915455 0.500000
vt 0.834545 0.500000
vt 0.752558 1.000000
vt 0.831859 1.000000
vt 0.834812 1.000000
vt 0.834816 1.000000
vt 0.831859 0.500000
vt 0.752558 0.500000
vt 0.834816 0.500000
vt 0.834812 0.500000
vt 0.752554 1.000000
vt 0.997442 0.500000
vt 0.918141 0.500000
vt 0.997446 1.000000
vt 0.918139 1.000000
vt 0.918141 1.000000
vt 0.997442 1.000000
vt 0.918139 0.500000
vt 0.997446 0.500000
vt 0.752554 0.500000
vt 0.831861 0.500000
vt 0.831861 1.000000
vt 0.915188 1.000000
vt 0.915184 1.000000
vt 0.915188 0.500000
vt 0.915184 0.500000
vt 0.833333 0.834108
s 0
usemtl M_Gris_Metal
f 1814/1234/306 1815/1235/306 1817/1236/306 1816/1237/306
f 1816/1237/307 1817/1236/307 1819/1238/307 1818/1239/307
f 1818/1239/308 1819/1238/308 1821/1240/308 1820/1241/308
f 1820/1241/309 1821/1240/309 1823/1242/309 1822/1243/309
f 1822/1243/310 1823/1242/310 1825/1244/310 1824/1245/310
f 1824/1245/311 1825/1244/311 1827/1246/311 1826/1247/311
f 1826/1247/312 1827/1246/312 1897/1248/312 1829/1249/312 1828/1250/312
f 1828/1250/313 1829/1249/313 1831/1251/313 1830/1252/313
f 1830/1252/314 1831/1251/314 1833/1253/314 1832/1254/314
f 1832/1254/315 1833/1253/315 1835/1255/315 1834/1256/315
f 1852/1257/316 1853/1258/316 1871/1258/316 1873/1257/316
f 1834/1256/317 1835/1255/317 1837/1259/317 1836/1260/317
f 1836/1260/318 1837/1259/318 1815/1261/318 1814/1262/318
f 1814/1263/319 1816/1264/319 1818/1265/319 1820/1266/319 1822/1267/319 1824/1268/319 1826/1269/319 1828/1270/319 1830/1271/319 1832/1272/319 1834/1273/319 1836/1274/319
f 1858/1275/320 1854/1276/320 1874/1276/320 1876/1275/320
f 1843/1277/321 1839/1278/321 1859/1278/321 1861/1277/321
f 1851/1279/322 1852/1257/322 1873/1257/322 1872/1279/322
f 1817/1280/323 1815/1281/323 1840/1282/323 1839/1278/323
f 1815/1281/323 1838/1283/323 1841/1284/323 1840/1282/323
f 1838/1283/323 1821/1285/323 1842/1286/323 1841/1284/323
f 1821/1285/323 1819/1287/323 1843/1277/323 1842/1286/323
f 1819/1287/323 1817/1280/323 1839/1278/323 1843/1277/323
f 1827/1288/323 1838/1283/323 1845/1289/323 1844/1290/323
f 1838/1283/323 1833/1291/323 1846/1292/323 1845/1289/323
f 1833/1291/323 1831/1293/323 1847/1294/323 1846/1292/323
f 1831/1293/323 1829/1295/323 1848/1296/323 1847/1294/323
f 1829/1295/323 1897/1297/323 1898/1298/323 1848/1296/323
f 1821/1285/323 1838/1283/323 1850/1299/323 1849/1300/323
f 1838/1283/323 1827/1288/323 1851/1279/323 1850/1299/323
f 1827/1288/323 1825/1301/323 1852/1257/323 1851/1279/323
f 1825/1301/323 1823/1302/323 1853/1258/323 1852/1257/323
f 1823/1302/323 1821/1285/323 1849/1300/323 1853/1258/323
f 1833/1291/323 1838/1283/323 1855/1303/323 1854/1276/323
f 1838/1283/323 1815/1281/323 1856/1304/323 1855/1303/323
f 1815/1281/323 1837/1305/323 1857/1306/323 1856/1304/323
f 1837/1305/323 1835/1307/323 1858/1275/323 1857/1306/323
f 1835/1307/323 1833/1291/323 1854/1276/323 1858/1275/323
f 1840/1282/326 1841/1284/326 1862/1284/326 1860/1282/326
f 1855/1303/327 1856/1304/327 1877/1304/327 1875/1303/327
f 1844/1290/327 1845/1289/327 1865/1289/327 1864/1290/327
f 1841/1284/328 1842/1286/328 1863/1286/328 1862/1284/328
f 1856/1304/329 1857/1306/329 1878/1306/329 1877/1304/329
f 1848/1296/330 1898/1298/330 1844/1290/330 1864/1290/330 1866/1296/330
f 1842/1286/331 1843/1277/331 1861/1277/331 1863/1286/331
f 1857/1306/332 1858/1275/332 1876/1275/332 1878/1306/332
f 1845/1289/333 1846/1292/333 1867/1292/333 1865/1289/333
f 1849/1300/334 1850/1299/334 1869/1299/334 1870/1300/334
f 1846/1292/335 1847/1294/335 1868/1294/335 1867/1292/335
f 1853/1258/336 1849/1300/336 1870/1300/336 1871/1258/336
f 1847/1294/337 1848/1296/337 1866/1296/337 1868/1294/337
f 1850/1299/326 1851/1279/326 1872/1279/326 1869/1299/326
f 1839/1278/338 1840/1282/338 1860/1282/338 1859/1278/338
f 1854/1276/339 1855/1303/339 1875/1303/339 1874/1276/339
f 1898/1298/323 1897/1297/323 1827/1288/323 1844/1290/323
f 2471/1404/456 2472/1405/456 2496/1406/456 2497/1407/456
f 2473/1414/459 2118/1415/459 2120/1416/459 2476/1417/459
f 2463/1418/460 2464/1419/460 2492/1419/460 2493/1420/460
f 2502/1427/327 2478/1428/327 2474/1239/327 2487/1239/327
f 2485/1236/326 2468/1236/326 2475/1238/326 2490/1238/326
f 2496/1431/326 2472/1405/326 2468/1432/326 2485/1236/326
f 2490/1238/326 2475/1238/326 2480/1433/326 2505/1434/326
f 2466/1447/463 2108/1448/463 2102/1449/463 2465/1450/463
f 2469/1451/463 2106/1452/463 2108/1453/463 2466/1454/463
f 2473/1466/462 2116/1467/462 2110/1468/462 2466/1469/462
f 2466/1469/462 2110/1468/462 2112/1474/462 2469/1475/462
f 2470/1476/463 2103/1477/463 2106/1452/463 2469/1478/463
f 2479/1479/459 2124/1480/459 2118/1481/459 2473/1482/459
f 2476/1491/459 2120/1492/459 2122/1493/459 2482/1494/459
f 2469/1543/462 2112/1544/462 2114/1545/462 2476/1546/462
f 2482/1494/459 2122/1611/459 2124/1612/459 2479/1613/459
f 2476/1618/462 2114/1545/462 2116/1619/462 2473/1620/462
f 2120/1492/327 2446/1492/327 2453/1493/327 2122/1493/327
f 2124/1480/326 2444/1480/326 2442/1481/326 2118/1481/326
f 2118/1415/469 2442/1415/469 2446/1416/469 2120/1416/469
f 2112/1544/327 2440/1544/327 2451/1545/327 2114/1545/327
f 2116/1467/326 2438/1467/326 2436/1468/326 2110/1468/326
f 2110/1468/467 2436/1468/467 2440/1474/467 2112/1474/467
f 2103/1477/327 2431/1477/327 2449/1452/327 2106/1452/327
f 2108/1448/326 2434/1448/326 2448/1449/326 2102/1449/326
f 2122/1611/464 2453/1611/464 2444/1612/464 2124/1612/464
f 2114/1545/468 2451/1545/468 2438/1619/468 2116/1619/468
f 2106/1452/466 2449/1452/466 2434/1453/466 2108/1453/466
f 2102/1449/461 2448/1449/461 2431/1477/461 2103/1477/461
f 2465/1450/463 2102/1449/463 2103/1477/463 2470/1476/463
f 2497/1673/470 2521/1673/470 2528/1419/470 2492/1419/470
f 2463/1418/471 2465/1450/471 2464/1419/471
f 2470/1476/472 2472/1405/472 2471/1404/472
f 2477/1422/473 2479/1613/473 2478/1428/473
f 2480/1433/474 2482/1494/474 2481/1678/474
f 2504/1411/469 2481/1678/469 2477/1422/469 2499/1681/469
f 2477/1422/475 2478/1428/475 2502/1682/475 2499/1681/475
f 2504/1411/458 2505/1683/458 2480/1433/458 2481/1678/458
f 2629/1676/476 2630/1675/476 2627/1684/476 2628/1685/476
f 2465/1450/477 2463/1418/477 2467/1686/477 2466/1447/477
f 2469/1478/478 2468/1432/478 2472/1405/478 2470/1476/478
f 2466/1469/479 2467/1237/479 2474/1239/479 2473/1466/479
f 2476/1546/480 2475/1238/480 2468/1236/480 2469/1543/480
f 2473/1482/481 2474/1239/481 2478/1428/481 2479/1479/481
f 2482/1494/482 2480/1433/482 2475/1238/482 2476/1491/482
f 2464/1419/483 2465/1450/483 2470/1476/483 2471/1404/483
f 2484/1237/327 2467/1686/327 2463/1418/327 2493/1420/327
f 2484/1237/484 2508/1237/484 2509/1239/484 2487/1239/484
f 2494/1457/463 2530/1457/463 2527/1458/463 2491/1458/463
f 2487/1239/457 2509/1239/457 2518/1427/457 2502/1427/457
f 2498/1407/463 2522/1407/463 2519/1687/463 2495/1687/463
f 2486/1432/462 2514/1432/462 2511/1238/462 2489/1238/462
f 2495/1687/463 2519/1687/463 2514/1236/463 2486/1236/463
f 2492/1419/470 2528/1419/470 2529/1420/470 2493/1420/470
f 2485/1236/470 2513/1236/470 2520/1431/470 2496/1431/470
f 2496/1406/470 2520/1406/470 2521/1407/470 2497/1407/470
f 2490/1238/484 2512/1238/484 2513/1236/484 2485/1236/484
f 2492/1419/466 2464/1419/466 2471/1404/466 2497/1673/466
f 2487/1239/327 2474/1239/327 2467/1237/327 2484/1237/327
f 2491/1458/463 2527/1458/463 2522/1407/463 2498/1407/463
f 2481/1678/485 2482/1494/485 2479/1613/485 2477/1422/485
f 2493/1420/470 2529/1420/470 2508/1237/470 2484/1237/470
f 2504/1411/457 2524/1411/457 2525/1683/457 2505/1683/457
f 2483/1688/463 2507/1688/463 2530/1457/463 2494/1457/463
f 2488/1239/462 2510/1239/462 2507/1237/462 2483/1237/462
f 2499/1681/457 2515/1681/457 2524/1411/457 2504/1411/457
f 2502/1682/457 2518/1682/457 2515/1681/457 2499/1681/457
f 2505/1434/457 2525/1434/457 2512/1238/457 2490/1238/457
f 2638/1675/466 2630/1675/466 2629/1676/466 2637/1676/466
f 2636/1423/469 2639/1423/469 2640/1424/469 2635/1424/469
f 2633/1725/489 2641/1725/489 2627/1684/489 2632/1684/489
f 2640/1424/490 2639/1409/490 2642/1408/490 2641/1725/490
f 2641/1725/484 2642/1408/484 2628/1685/484 2627/1684/484
f 2631/1685/491 2628/1685/491 2642/1408/491 2634/1408/491
f 2634/1408/492 2642/1408/492 2639/1409/492 2636/1409/492
f 2635/1424/493 2640/1424/493 2641/1725/493 2633/1725/493
f 2632/1684/494 2627/1684/494 2630/1675/494 2638/1675/494
f 2637/1676/495 2629/1676/495 2628/1685/495 2631/1685/495
f 3071/1404/456 3072/1405/456 3096/1406/456 3097/1407/456
f 3073/1414/459 2718/1415/459 2720/1416/459 3076/1417/459
f 3063/1418/460 3064/1419/460 3092/1419/460 3093/1420/460
f 3102/1427/327 3078/1428/327 3074/1239/327 3087/1239/327
f 3085/1236/326 3068/1236/326 3075/1238/326 3090/1238/326
f 3096/1431/326 3072/1405/326 3068/1432/326 3085/1236/326
f 3090/1238/326 3075/1238/326 3080/1433/326 3105/1434/326
f 3066/1447/463 2708/1448/463 2702/1449/463 3065/1450/463
f 3069/1451/463 2706/1452/463 2708/1453/463 3066/1454/463
f 3073/1466/462 2716/1467/462 2710/1468/462 3066/1469/462
f 3066/1469/462 2710/1468/462 2712/1474/462 3069/1475/462
f 3070/1476/463 2703/1477/463 2706/1452/463 3069/1478/463
f 3079/1479/459 2724/1480/459 2718/1481/459 3073/1482/459
f 3076/1491/459 2720/1492/459 2722/1493/459 3082/1494/459
f 3069/1543/462 2712/1544/462 2714/1545/462 3076/1546/462
f 3082/1494/459 2722/1611/459 2724/1612/459 3079/1613/459
f 3076/1618/462 2714/1545/462 2716/1619/462 3073/1620/462
f 2720/1492/327 3046/1492/327 3053/1493/327 2722/1493/327
f 2724/1480/326 3044/1480/326 3042/1481/326 2718/1481/326
f 2718/1415/469 3042/1415/469 3046/1416/469 2720/1416/469
f 2712/1544/327 3040/1544/327 3051/1545/327 2714/1545/327
f 2716/1467/326 3038/1467/326 3036/1468/326 2710/1468/326
f 2710/1468/467 3036/1468/467 3040/1474/467 2712/1474/467
f 2703/1477/327 3031/1477/327 3049/1452/327 2706/1452/327
f 2708/1448/326 3034/1448/326 3048/1449/326 2702/1449/326
f 2722/1611/464 3053/1611/464 3044/1612/464 2724/1612/464
f 2714/1545/468 3051/1545/468 3038/1619/468 2716/1619/468
f 2706/1452/466 3049/1452/466 3034/1453/466 2708/1453/466
f 2702/1449/461 3048/1449/461 3031/1477/461 2703/1477/461
f 3065/1450/463 2702/1449/463 2703/1477/463 3070/1476/463
f 3097/1673/470 3121/1673/470 3128/1419/470 3092/1419/470
f 3063/1418/471 3065/1450/471 3064/1419/471
f 3070/1476/472 3072/1405/472 3071/1404/472
f 3077/1422/473 3079/1613/473 3078/1428/473
f 3080/1433/474 3082/1494/474 3081/1678/474
f 3104/1411/469 3081/1678/469 3077/1422/469 3099/1681/469
f 3077/1422/475 3078/1428/475 3102/1682/475 3099/1681/475
f 3104/1411/458 3105/1683/458 3080/1433/458 3081/1678/458
f 3229/1676/476 3230/1675/476 3227/1684/476 3228/1685/476
f 3065/1450/477 3063/1418/477 3067/1686/477 3066/1447/477
f 3069/1478/478 3068/1432/478 3072/1405/478 3070/1476/478
f 3066/1469/479 3067/1237/479 3074/1239/479 3073/1466/479
f 3076/1546/480 3075/1238/480 3068/1236/480 3069/1543/480
f 3073/1482/481 3074/1239/481 3078/1428/481 3079/1479/481
f 3082/1494/482 3080/1433/482 3075/1238/482 3076/1491/482
f 3064/1419/483 3065/1450/483 3070/1476/483 3071/1404/483
f 3084/1237/327 3067/1686/327 3063/1418/327 3093/1420/327
f 3084/1237/484 3108/1237/484 3109/1239/484 3087/1239/484
f 3094/1457/463 3130/1457/463 3127/1458/463 3091/1458/463
f 3087/1239/457 3109/1239/457 3118/1427/457 3102/1427/457
f 3098/1407/463 3122/1407/463 3119/1687/463 3095/1687/463
f 3086/1432/462 3114/1432/462 3111/1238/462 3089/1238/462
f 3095/1687/463 3119/1687/463 3114/1236/463 3086/1236/463
f 3092/1419/470 3128/1419/470 3129/1420/470 3093/1420/470
f 3085/1236/470 3113/1236/470 3120/1431/470 3096/1431/470
f 3096/1406/470 3120/1406/470 3121/1407/470 3097/1407/470
f 3090/1238/484 3112/1238/484 3113/1236/484 3085/1236/484
f 3092/1419/466 3064/1419/466 3071/1404/466 3097/1673/466
f 3087/1239/327 3074/1239/327 3067/1237/327 3084/1237/327
f 3091/1458/463 3127/1458/463 3122/1407/463 3098/1407/463
f 3081/1678/485 3082/1494/485 3079/1613/485 3077/1422/485
f 3093/1420/470 3129/1420/470 3108/1237/470 3084/1237/470
f 3104/1411/457 3124/1411/457 3125/1683/457 3105/1683/457
f 3083/1688/463 3107/1688/463 3130/1457/463 3094/1457/463
f 3088/1239/462 3110/1239/462 3107/1237/462 3083/1237/462
f 3099/1681/457 3115/1681/457 3124/1411/457 3104/1411/457
f 3102/1682/457 3118/1682/457 3115/1681/457 3099/1681/457
f 3105/1434/457 3125/1434/457 3112/1238/457 3090/1238/457
f 3233/1725/489 3241/1725/489 3227/1684/489 3232/1684/489
f 3237/1676/495 3229/1676/495 3228/1685/495 3231/1685/495
f 3232/1684/494 3227/1684/494 3230/1675/494 3238/1675/494
f 3240/1424/490 3239/1409/490 3242/1408/490 3241/1725/490
f 3241/1725/484 3242/1408/484 3228/1685/484 3227/1684/484
f 3236/1423/469 3239/1423/469 3240/1424/469 3235/1424/469
f 3238/1675/466 3230/1675/466 3229/1676/466 3237/1676/466
f 3231/1685/491 3228/1685/491 3242/1408/491 3234/1408/491
f 3234/1408/492 3242/1408/492 3239/1409/492 3236/1409/492
f 3235/1424/493 3240/1424/493 3241/1725/493 3233/1725/493
usemtl M_Noir_Profond
f 1864/1290/323 1865/1289/323 1880/1315/323 1879/1314/323
f 1865/1289/323 1867/1292/323 1881/1320/323 1880/1315/323
f 1867/1292/323 1868/1294/323 1882/1321/323 1881/1320/323
f 1868/1294/323 1866/1296/323 1883/1322/323 1882/1321/323
f 1866/1296/323 1864/1290/323 1879/1314/323 1883/1322/323
f 1870/1300/323 1869/1299/323 1885/1323/323 1884/1324/323
f 1869/1299/323 1872/1279/323 1886/1325/323 1885/1323/323
f 1872/1279/323 1873/1257/323 1887/1312/323 1886/1325/323
f 1873/1257/323 1871/1258/323 1888/1313/323 1887/1312/323
f 1871/1258/323 1870/1300/323 1884/1324/323 1888/1313/323
f 1904/1326/327 1905/1327/327 1914/1327/327 1911/1326/327
f 1902/1328/340 1899/1329/340 1907/1329/340 1909/1328/340
f 1889/1314/349 1890/1315/349 1900/1330/349 1899/1329/349
f 1890/1315/350 1892/1320/350 1901/1331/350 1900/1330/350
f 1892/1320/349 1891/1322/349 1902/1328/349 1901/1331/349
f 1891/1322/349 1889/1314/349 1899/1329/349 1902/1328/349
f 1894/1324/350 1893/1323/350 1904/1326/350 1903/1332/350
f 1893/1323/351 1895/1325/351 1905/1327/351 1904/1326/351
f 1895/1325/351 1896/1312/351 1906/1333/351 1905/1327/351
f 1896/1312/351 1894/1324/351 1903/1332/351 1906/1333/351
f 1907/1329/349 1908/1330/349 1910/1331/349 1909/1328/349
f 1912/1332/351 1911/1326/351 1914/1327/351 1913/1333/351
f 1903/1332/352 1904/1326/352 1911/1326/352 1912/1332/352
f 1900/1330/353 1901/1331/353 1910/1331/353 1908/1330/353
f 1905/1327/354 1906/1333/354 1913/1333/354 1914/1327/354
f 1899/1329/326 1900/1330/326 1908/1330/326 1907/1329/326
f 1906/1333/355 1903/1332/355 1912/1332/355 1913/1333/355
f 1901/1331/356 1902/1328/356 1909/1328/356 1910/1331/356
f 1859/1278/323 1860/1282/323 1916/1334/323 1915/1335/323
f 1860/1282/323 1862/1284/323 1917/1336/323 1916/1334/323
f 1862/1284/323 1863/1286/323 1918/1337/323 1917/1336/323
f 1863/1286/323 1861/1277/323 1919/1338/323 1918/1337/323
f 1861/1277/323 1859/1278/323 1915/1335/323 1919/1338/323
f 1874/1276/323 1875/1303/323 1921/1339/323 1920/1340/323
f 1875/1303/323 1877/1304/323 1922/1341/323 1921/1339/323
f 1877/1304/323 1878/1306/323 1923/1342/323 1922/1341/323
f 1878/1306/323 1876/1275/323 1924/1343/323 1923/1342/323
f 1876/1275/323 1874/1276/323 1920/1340/323 1924/1343/323
f 1926/1344/327 1927/1345/327 1937/1345/327 1935/1344/327
f 1931/1346/326 1932/1347/326 1942/1347/326 1940/1346/326
f 1935/1344/367 1937/1345/367 1938/1311/367 1936/1310/367
f 1939/1350/368 1940/1346/368 1942/1347/368 1941/1318/368
f 1936/1310/369 1925/1354/369 1926/1344/369 1935/1344/369
f 1927/1345/370 1928/1311/370 1938/1311/370 1937/1345/370
f 1930/1350/371 1931/1346/371 1940/1346/371 1939/1350/371
f 1928/1311/372 1929/1310/372 1936/1310/372 1938/1311/372
f 1934/1318/373 1930/1350/373 1939/1350/373 1941/1318/373
f 1929/1310/374 1925/1354/374 1936/1310/374
f 1941/1318/375 1933/1319/375 1934/1318/375
f 1933/1319/386 1941/1318/386 1942/1347/386 1932/1347/386
f 2019/1388/415 2020/1389/415 2036/1389/415 2035/1388/415
f 2014/1390/416 2011/1391/416 2027/1391/416 2029/1390/416
f 2015/1392/417 2016/1393/417 2032/1393/417 2031/1392/417
f 2011/1391/418 2012/1394/418 2028/1394/418 2027/1391/418
f 1995/1358/429 1996/1359/429 2012/1394/429 2011/1391/429
f 1996/1359/430 1998/1379/430 2013/1395/430 2012/1394/430
f 1998/1379/431 1997/1380/431 2014/1390/431 2013/1395/431
f 1997/1380/402 1995/1358/402 2011/1391/402 2014/1390/402
f 1999/1382/432 2000/1381/432 2016/1393/432 2015/1392/432
f 2000/1381/433 2002/1383/433 2017/1396/433 2016/1393/433
f 2002/1383/434 2001/1384/434 2018/1397/434 2017/1396/434
f 2001/1384/435 1999/1382/435 2015/1392/435 2018/1397/435
f 2003/1386/436 2004/1385/436 2020/1389/436 2019/1388/436
f 2004/1385/437 2006/1366/437 2021/1398/437 2020/1389/437
f 2006/1366/438 2005/1367/438 2022/1399/438 2021/1398/438
f 2005/1367/439 2003/1386/439 2019/1388/439 2022/1399/439
f 2007/1387/440 2008/1370/440 2024/1400/440 2023/1401/440
f 2008/1370/412 2010/1363/412 2025/1402/412 2024/1400/412
f 2010/1363/441 2009/1364/441 2026/1403/441 2025/1402/441
f 2009/1364/442 2007/1387/442 2023/1401/442 2026/1403/442
f 2018/1397/447 2015/1392/447 2031/1392/447 2033/1397/447
f 2023/1401/448 2024/1400/448 2040/1400/448 2039/1401/448
f 2012/1394/449 2013/1395/449 2030/1395/449 2028/1394/449
f 2022/1399/423 2019/1388/423 2035/1388/423 2037/1399/423
f 2016/1393/450 2017/1396/450 2034/1396/450 2032/1393/450
f 2026/1403/425 2023/1401/425 2039/1401/425 2041/1403/425
f 2013/1395/451 2014/1390/451 2029/1390/451 2030/1395/451
f 2020/1389/452 2021/1398/452 2038/1398/452 2036/1389/452
f 2017/1396/453 2018/1397/453 2033/1397/453 2034/1396/453
f 2024/1400/365 2025/1402/365 2042/1402/365 2040/1400/365
f 2021/1398/454 2022/1399/454 2037/1399/454 2038/1398/454
f 2025/1402/455 2026/1403/455 2041/1403/455 2042/1402/455
f 2098/1547/463 2097/1540/463 2314/1539/463 2313/1463/463 2447/1462/463 2448/1449/463 2434/1448/463 2433/1436/463 2061/1435/463 2062/1548/463
f 2059/1553/463 2060/1672/463 2095/1671/463 2096/1566/463 2316/1565/463 2315/1473/463 2450/1472/463 2449/1452/463 2431/1477/463 2432/1554/463
f 2449/1452/463 2450/1472/463 2318/1471/463 2317/1533/463 2094/1532/463 2093/1663/463 2057/1662/463 2058/1437/463 2433/1436/463 2434/1453/463
f 2087/1659/462 2088/1598/462 2324/1597/462 2323/1486/462 2452/1485/462 2451/1545/462 2440/1544/462 2439/1490/462 2051/1489/462 2052/1660/462
f 2448/1449/463 2447/1462/463 2312/1465/463 2311/1625/463 2099/1628/463 2100/1555/463 2063/1558/463 2064/1551/463 2432/1554/463 2431/1477/463
f 2082/1614/459 2081/1622/459 2330/1621/459 2329/1592/459 2441/1591/459 2442/1481/459 2444/1480/459 2443/1444/459 2306/1443/459 2305/1615/459
f 2076/1644/459 2073/1603/459 2348/1606/459 2347/1629/459 2080/1632/459 2079/1647/459 2350/1646/459 2349/1505/459 2074/1504/459 2075/1635/459 2346/1634/459 2345/1623/459 2081/1622/459 2082/1614/459 2344/1617/459 2343/1641/459
f 2360/1584/462 2359/1653/462 2072/1656/462 2069/1571/462 2364/1574/462 2363/1595/462 2088/1598/462 2087/1659/462 2366/1658/462 2365/1509/462 2070/1508/462 2071/1601/462 2362/1600/462 2361/1589/462 2089/1588/462 2090/1581/462
f 2376/1550/463 2375/1665/463 2068/1668/463 2065/1535/463 2380/1538/463 2379/1563/463 2096/1566/463 2095/1671/463 2382/1670/463 2381/1521/463 2066/1520/463 2067/1569/463 2378/1568/463 2377/1541/463 2097/1540/463 2098/1547/463
f 2060/1672/463 2059/1553/463 2383/1552/463 2386/1557/463 2374/1556/463 2373/1627/463 2387/1626/463 2390/1464/463 2313/1463/463 2314/1539/463 2389/1542/463 2388/1567/463 2372/1570/463 2371/1519/463 2385/1522/463 2384/1669/463
f 2052/1660/462 2051/1489/462 2395/1488/462 2398/1529/462 2358/1528/462 2357/1577/462 2399/1576/462 2402/1561/462 2321/1560/462 2322/1587/462 2401/1590/462 2400/1599/462 2356/1602/462 2355/1507/462 2397/1510/462 2396/1657/462
f 2307/1648/459 2308/1501/459 2407/1500/459 2410/1517/459 2342/1516/459 2341/1609/459 2411/1608/459 2414/1593/459 2329/1592/459 2330/1621/459 2413/1624/459 2412/1633/459 2340/1636/459 2339/1503/459 2409/1506/459 2408/1645/459
f 2331/1498/459 2332/1631/459 2419/1630/459 2422/1605/459 2335/1604/459 2338/1643/459 2415/1642/459 2418/1616/459 2305/1615/459 2306/1443/459 2417/1446/459 2416/1637/459 2337/1640/459 2336/1511/459 2421/1514/459 2420/1495/459
f 2323/1486/462 2324/1597/462 2423/1596/462 2426/1573/462 2351/1572/462 2354/1655/462 2403/1654/462 2406/1583/462 2054/1582/462 2053/1439/462 2405/1442/462 2404/1649/462 2353/1652/462 2352/1523/462 2425/1526/462 2424/1483/462
f 2315/1473/463 2316/1565/463 2427/1564/463 2430/1537/463 2367/1536/463 2370/1667/463 2391/1666/463 2394/1549/463 2062/1548/463 2061/1435/463 2393/1438/463 2392/1661/463 2369/1664/463 2368/1531/463 2429/1534/463 2428/1470/463
f 2453/1611/459 2454/1497/459 2334/1496/459 2333/1513/459 2078/1512/459 2077/1639/459 2310/1638/459 2309/1445/459 2443/1444/459 2444/1612/459
f 2090/1581/462 2089/1588/462 2322/1587/462 2321/1560/462 2435/1559/462 2436/1468/462 2438/1467/462 2437/1440/462 2053/1439/462 2054/1582/462
f 2439/1490/462 2440/1474/462 2436/1468/462 2435/1559/462 2055/1562/462 2056/1575/462 2091/1578/462 2092/1527/462 2320/1530/462 2319/1487/462
f 2451/1545/462 2452/1485/462 2326/1484/462 2325/1525/462 2086/1524/462 2085/1651/462 2049/1650/462 2050/1441/462 2437/1440/462 2438/1619/462
f 2454/1497/459 2453/1493/459 2446/1492/459 2445/1502/459 2308/1501/459 2307/1648/459 2079/1647/459 2080/1632/459 2332/1631/459 2331/1498/459
f 2336/1511/459 2337/1640/459 2077/1639/459 2078/1512/459
f 2339/1503/459 2340/1636/459 2075/1635/459 2074/1504/459
f 2083/1610/459 2084/1515/459 2328/1518/459 2327/1499/459 2445/1502/459 2446/1416/459 2442/1415/459 2441/1591/459 2047/1594/459 2048/1607/459
f 2352/1523/462 2353/1652/462 2085/1651/462 2086/1524/462
f 2355/1507/462 2356/1602/462 2071/1601/462 2070/1508/462
f 2368/1531/463 2369/1664/463 2093/1663/463 2094/1532/463
f 2371/1519/463 2372/1570/463 2067/1569/463 2066/1520/463
f 2073/1603/459 2076/1644/459 2338/1643/459 2335/1604/459
f 2084/1515/459 2083/1610/459 2341/1609/459 2342/1516/459
f 2069/1571/462 2072/1656/462 2354/1655/462 2351/1572/462
f 2092/1527/462 2091/1578/462 2357/1577/462 2358/1528/462
f 2065/1535/463 2068/1668/463 2370/1667/463 2367/1536/463
f 2100/1555/463 2099/1628/463 2373/1627/463 2374/1556/463
f 2384/1669/463 2385/1522/463 2381/1521/463 2382/1670/463
f 2064/1551/463 2063/1558/463 2386/1557/463 2383/1552/463
f 2388/1567/463 2389/1542/463 2377/1541/463 2378/1568/463
f 2311/1625/463 2312/1465/463 2390/1464/463 2387/1626/463
f 2392/1661/463 2393/1438/463 2058/1437/463 2057/1662/463
f 2375/1665/463 2376/1550/463 2394/1549/463 2391/1666/463
f 2396/1657/462 2397/1510/462 2365/1509/462 2366/1658/462
f 2319/1487/462 2320/1530/462 2398/1529/462 2395/1488/462
f 2400/1599/462 2401/1590/462 2361/1589/462 2362/1600/462
f 2056/1575/462 2055/1562/462 2402/1561/462 2399/1576/462
f 2404/1649/462 2405/1442/462 2050/1441/462 2049/1650/462
f 2359/1653/462 2360/1584/462 2406/1583/462 2403/1654/462
f 2408/1645/459 2409/1506/459 2349/1505/459 2350/1646/459
f 2327/1499/459 2328/1518/459 2410/1517/459 2407/1500/459
f 2412/1633/459 2413/1624/459 2345/1623/459 2346/1634/459
f 2048/1607/459 2047/1594/459 2414/1593/459 2411/1608/459
f 2416/1637/459 2417/1446/459 2309/1445/459 2310/1638/459
f 2343/1641/459 2344/1617/459 2418/1616/459 2415/1642/459
f 2420/1495/459 2421/1514/459 2333/1513/459 2334/1496/459
f 2347/1629/459 2348/1606/459 2422/1605/459 2419/1630/459
f 2424/1483/462 2425/1526/462 2325/1525/462 2326/1484/462
f 2363/1595/462 2364/1574/462 2426/1573/462 2423/1596/462
f 2428/1470/463 2429/1534/463 2317/1533/463 2318/1471/463
f 2379/1563/463 2380/1538/463 2430/1537/463 2427/1564/463
f 2508/1237/327 2507/1237/327 2510/1239/327 2509/1239/327
f 2512/1238/326 2511/1238/326 2514/1432/326 2513/1236/326
f 2516/1422/475 2515/1681/475 2518/1682/475 2517/1679/475
f 2520/1406/456 2519/1687/456 2522/1407/456 2521/1407/456
f 2524/1411/458 2523/1411/458 2526/1413/458 2525/1683/458
f 2528/1419/460 2527/1458/460 2530/1457/460 2529/1420/460
f 2529/1420/327 2530/1457/327 2507/1688/327 2508/1237/327
f 2513/1236/326 2514/1236/326 2519/1687/326 2520/1431/326
f 2509/1239/327 2510/1239/327 2517/1679/327 2518/1427/327
f 2525/1434/326 2526/1413/326 2511/1238/326 2512/1238/326
f 2515/1681/469 2516/1422/469 2523/1411/469 2524/1411/469
f 2521/1673/466 2522/1407/466 2527/1458/466 2528/1419/466
f 2593/1701/457 2618/1701/457 2617/1702/457 2594/1702/457
f 2596/1703/486 2619/1703/486 2622/1704/486 2597/1704/486
f 2589/1705/457 2614/1705/457 2613/1706/457 2590/1706/457
f 2602/1707/486 2625/1707/486 2624/1708/486 2599/1708/486
f 2592/1709/464 2615/1709/464 2618/1701/464 2593/1701/464
f 2585/1710/470 2610/1710/470 2609/1711/470 2586/1711/470
f 2556/1689/326 2579/1712/326 2580/1713/326 2555/1460/326
f 2555/1460/326 2580/1713/326 2581/1714/326 2558/1461/326
f 2558/1461/326 2581/1714/326 2582/1715/326 2557/1690/326
f 2557/1690/326 2582/1715/326 2579/1712/326 2556/1689/326
f 2559/1586/327 2583/1716/327 2584/1717/327 2560/1425/327
f 2560/1425/327 2584/1717/327 2585/1710/327 2562/1426/327
f 2562/1426/327 2585/1710/327 2586/1711/327 2561/1585/327
f 2561/1585/327 2586/1711/327 2583/1716/327 2559/1586/327
f 2563/1456/327 2587/1718/327 2588/1719/327 2564/1691/327
f 2564/1691/327 2588/1719/327 2589/1705/327 2566/1692/327
f 2566/1692/327 2589/1705/327 2590/1706/327 2565/1455/327
f 2565/1455/327 2590/1706/327 2587/1718/327 2563/1456/327
f 2568/1579/326 2591/1720/326 2592/1709/326 2567/1580/326
f 2567/1580/326 2592/1709/326 2593/1701/326 2570/1693/326
f 2570/1693/326 2593/1701/326 2594/1702/326 2569/1694/326
f 2569/1694/326 2594/1702/326 2591/1720/326 2568/1579/326
f 2572/1429/326 2595/1721/326 2596/1703/326 2571/1430/326
f 2571/1430/326 2596/1703/326 2597/1704/326 2574/1695/326
f 2574/1695/326 2597/1704/326 2598/1722/326 2573/1696/326
f 2573/1696/326 2598/1722/326 2595/1721/326 2572/1429/326
f 2576/1697/327 2599/1708/327 2600/1723/327 2575/1698/327
f 2575/1698/327 2600/1723/327 2601/1724/327 2578/1699/327
f 2578/1699/327 2601/1724/327 2602/1707/327 2577/1700/327
f 2577/1700/327 2602/1707/327 2599/1708/327 2576/1697/327
f 2600/1723/488 2623/1723/488 2626/1724/488 2601/1724/488
f 2597/1704/484 2622/1704/484 2621/1722/484 2598/1722/484
f 2601/1724/484 2626/1724/484 2625/1707/484 2602/1707/484
f 2579/1712/463 2604/1712/463 2603/1713/463 2580/1713/463
f 2583/1716/463 2607/1716/463 2608/1717/463 2584/1717/463
f 2582/1715/461 2605/1715/461 2604/1712/461 2579/1712/461
f 2587/1718/459 2611/1718/459 2612/1719/459 2588/1719/459
f 2586/1711/465 2609/1711/465 2607/1716/465 2583/1716/465
f 2591/1720/459 2616/1720/459 2615/1709/459 2592/1709/459
f 2580/1713/465 2603/1713/465 2606/1714/465 2581/1714/465
f 2590/1706/464 2613/1706/464 2611/1718/464 2587/1718/464
f 2595/1721/462 2620/1721/462 2619/1703/462 2596/1703/462
f 2584/1717/461 2608/1717/461 2610/1710/461 2585/1710/461
f 2594/1702/487 2617/1702/487 2616/1720/487 2591/1720/487
f 2599/1708/462 2624/1708/462 2623/1723/462 2600/1723/462
f 2581/1714/470 2606/1714/470 2605/1715/470 2582/1715/470
f 2588/1719/487 2612/1719/487 2614/1705/487 2589/1705/487
f 2598/1722/488 2621/1722/488 2620/1721/488 2595/1721/488
f 2698/1547/463 2697/1540/463 2914/1539/463 2913/1463/463 3047/1462/463 3048/1449/463 3034/1448/463 3033/1436/463 2661/1435/463 2662/1548/463
f 2659/1553/463 2660/1672/463 2695/1671/463 2696/1566/463 2916/1565/463 2915/1473/463 3050/1472/463 3049/1452/463 3031/1477/463 3032/1554/463
f 3049/1452/463 3050/1472/463 2918/1471/463 2917/1533/463 2694/1532/463 2693/1663/463 2657/1662/463 2658/1437/463 3033/1436/463 3034/1453/463
f 2687/1659/462 2688/1598/462 2924/1597/462 2923/1486/462 3052/1485/462 3051/1545/462 3040/1544/462 3039/1490/462 2651/1489/462 2652/1660/462
f 3048/1449/463 3047/1462/463 2912/1465/463 2911/1625/463 2699/1628/463 2700/1555/463 2663/1558/463 2664/1551/463 3032/1554/463 3031/1477/463
f 2682/1614/459 2681/1622/459 2930/1621/459 2929/1592/459 3041/1591/459 3042/1481/459 3044/1480/459 3043/1444/459 2906/1443/459 2905/1615/459
f 2676/1644/459 2673/1603/459 2948/1606/459 2947/1629/459 2680/1632/459 2679/1647/459 2950/1646/459 2949/1505/459 2674/1504/459 2675/1635/459 2946/1634/459 2945/1623/459 2681/1622/459 2682/1614/459 2944/1617/459 2943/1641/459
f 2960/1584/462 2959/1653/462 2672/1656/462 2669/1571/462 2964/1574/462 2963/1595/462 2688/1598/462 2687/1659/462 2966/1658/462 2965/1509/462 2670/1508/462 2671/1601/462 2962/1600/462 2961/1589/462 2689/1588/462 2690/1581/462
f 2976/1550/463 2975/1665/463 2668/1668/463 2665/1535/463 2980/1538/463 2979/1563/463 2696/1566/463 2695/1671/463 2982/1670/463 2981/1521/463 2666/1520/463 2667/1569/463 2978/1568/463 2977/1541/463 2697/1540/463 2698/1547/463
f 2660/1672/463 2659/1553/463 2983/1552/463 2986/1557/463 2974/1556/463 2973/1627/463 2987/1626/463 2990/1464/463 2913/1463/463 2914/1539/463 2989/1542/463 2988/1567/463 2972/1570/463 2971/1519/463 2985/1522/463 2984/1669/463
f 2652/1660/462 2651/1489/462 2995/1488/462 2998/1529/462 2958/1528/462 2957/1577/462 2999/1576/462 3002/1561/462 2921/1560/462 2922/1587/462 3001/1590/462 3000/1599/462 2956/1602/462 2955/1507/462 2997/1510/462 2996/1657/462
f 2907/1648/459 2908/1501/459 3007/1500/459 3010/1517/459 2942/1516/459 2941/1609/459 3011/1608/459 3014/1593/459 2929/1592/459 2930/1621/459 3013/1624/459 3012/1633/459 2940/1636/459 2939/1503/459 3009/1506/459 3008/1645/459
f 2931/1498/459 2932/1631/459 3019/1630/459 3022/1605/459 2935/1604/459 2938/1643/459 3015/1642/459 3018/1616/459 2905/1615/459 2906/1443/459 3017/1446/459 3016/1637/459 2937/1640/459 2936/1511/459 3021/1514/459 3020/1495/459
f 2923/1486/462 2924/1597/462 3023/1596/462 3026/1573/462 2951/1572/462 2954/1655/462 3003/1654/462 3006/1583/462 2654/1582/462 2653/1439/462 3005/1442/462 3004/1649/462 2953/1652/462 2952/1523/462 3025/1526/462 3024/1483/462
f 2915/1473/463 2916/1565/463 3027/1564/463 3030/1537/463 2967/1536/463 2970/1667/463 2991/1666/463 2994/1549/463 2662/1548/463 2661/1435/463 2993/1438/463 2992/1661/463 2969/1664/463 2968/1531/463 3029/1534/463 3028/1470/463
f 3053/1611/459 3054/1497/459 2934/1496/459 2933/1513/459 2678/1512/459 2677/1639/459 2910/1638/459 2909/1445/459 3043/1444/459 3044/1612/459
f 2690/1581/462 2689/1588/462 2922/1587/462 2921/1560/462 3035/1559/462 3036/1468/462 3038/1467/462 3037/1440/462 2653/1439/462 2654/1582/462
f 3039/1490/462 3040/1474/462 3036/1468/462 3035/1559/462 2655/1562/462 2656/1575/462 2691/1578/462 2692/1527/462 2920/1530/462 2919/1487/462
f 3051/1545/462 3052/1485/462 2926/1484/462 2925/1525/462 2686/1524/462 2685/1651/462 2649/1650/462 2650/1441/462 3037/1440/462 3038/1619/462
f 3054/1497/459 3053/1493/459 3046/1492/459 3045/1502/459 2908/1501/459 2907/1648/459 2679/1647/459 2680/1632/459 2932/1631/459 2931/1498/459
f 2936/1511/459 2937/1640/459 2677/1639/459 2678/1512/459
f 2939/1503/459 2940/1636/459 2675/1635/459 2674/1504/459
f 2683/1610/459 2684/1515/459 2928/1518/459 2927/1499/459 3045/1502/459 3046/1416/459 3042/1415/459 3041/1591/459 2647/1594/459 2648/1607/459
f 2952/1523/462 2953/1652/462 2685/1651/462 2686/1524/462
f 2955/1507/462 2956/1602/462 2671/1601/462 2670/1508/462
f 2968/1531/463 2969/1664/463 2693/1663/463 2694/1532/463
f 2971/1519/463 2972/1570/463 2667/1569/463 2666/1520/463
f 2673/1603/459 2676/1644/459 2938/1643/459 2935/1604/459
f 2684/1515/459 2683/1610/459 2941/1609/459 2942/1516/459
f 2669/1571/462 2672/1656/462 2954/1655/462 2951/1572/462
f 2692/1527/462 2691/1578/462 2957/1577/462 2958/1528/462
f 2665/1535/463 2668/1668/463 2970/1667/463 2967/1536/463
f 2700/1555/463 2699/1628/463 2973/1627/463 2974/1556/463
f 2984/1669/463 2985/1522/463 2981/1521/463 2982/1670/463
f 2664/1551/463 2663/1558/463 2986/1557/463 2983/1552/463
f 2988/1567/463 2989/1542/463 2977/1541/463 2978/1568/463
f 2911/1625/463 2912/1465/463 2990/1464/463 2987/1626/463
f 2992/1661/463 2993/1438/463 2658/1437/463 2657/1662/463
f 2975/1665/463 2976/1550/463 2994/1549/463 2991/1666/463
f 2996/1657/462 2997/1510/462 2965/1509/462 2966/1658/462
f 2919/1487/462 2920/1530/462 2998/1529/462 2995/1488/462
f 3000/1599/462 3001/1590/462 2961/1589/462 2962/1600/462
f 2656/1575/462 2655/1562/462 3002/1561/462 2999/1576/462
f 3004/1649/462 3005/1442/462 2650/1441/462 2649/1650/462
f 2959/1653/462 2960/1584/462 3006/1583/462 3003/1654/462
f 3008/1645/459 3009/1506/459 2949/1505/459 2950/1646/459
f 2927/1499/459 2928/1518/459 3010/1517/459 3007/1500/459
f 3012/1633/459 3013/1624/459 2945/1623/459 2946/1634/459
f 2648/1607/459 2647/1594/459 3014/1593/459 3011/1608/459
f 3016/1637/459 3017/1446/459 2909/1445/459 2910/1638/459
f 2943/1641/459 2944/1617/459 3018/1616/459 3015/1642/459
f 3020/1495/459 3021/1514/459 2933/1513/459 2934/1496/459
f 2947/1629/459 2948/1606/459 3022/1605/459 3019/1630/459
f 3024/1483/462 3025/1526/462 2925/1525/462 2926/1484/462
f 2963/1595/462 2964/1574/462 3026/1573/462 3023/1596/462
f 3028/1470/463 3029/1534/463 2917/1533/463 2918/1471/463
f 2979/1563/463 2980/1538/463 3030/1537/463 3027/1564/463
f 3108/1237/327 3107/1237/327 3110/1239/327 3109/1239/327
f 3112/1238/326 3111/1238/326 3114/1432/326 3113/1236/326
f 3116/1422/475 3115/1681/475 3118/1682/475 3117/1679/475
f 3120/1406/456 3119/1687/456 3122/1407/456 3121/1407/456
f 3124/1411/458 3123/1411/458 3126/1413/458 3125/1683/458
f 3128/1419/460 3127/1458/460 3130/1457/460 3129/1420/460
f 3129/1420/327 3130/1457/327 3107/1688/327 3108/1237/327
f 3113/1236/326 3114/1236/326 3119/1687/326 3120/1431/326
f 3109/1239/327 3110/1239/327 3117/1679/327 3118/1427/327
f 3125/1434/326 3126/1413/326 3111/1238/326 3112/1238/326
f 3115/1681/469 3116/1422/469 3123/1411/469 3124/1411/469
f 3121/1673/466 3122/1407/466 3127/1458/466 3128/1419/466
f 3193/1701/457 3218/1701/457 3217/1702/457 3194/1702/457
f 3196/1703/486 3219/1703/486 3222/1704/486 3197/1704/486
f 3189/1705/457 3214/1705/457 3213/1706/457 3190/1706/457
f 3202/1707/486 3225/1707/486 3224/1708/486 3199/1708/486
f 3192/1709/464 3215/1709/464 3218/1701/464 3193/1701/464
f 3185/1710/470 3210/1710/470 3209/1711/470 3186/1711/470
f 3156/1689/326 3179/1712/326 3180/1713/326 3155/1460/326
f 3155/1460/326 3180/1713/326 3181/1714/326 3158/1461/326
f 3158/1461/326 3181/1714/326 3182/1715/326 3157/1690/326
f 3157/1690/326 3182/1715/326 3179/1712/326 3156/1689/326
f 3159/1586/327 3183/1716/327 3184/1717/327 3160/1425/327
f 3160/1425/327 3184/1717/327 3185/1710/327 3162/1426/327
f 3162/1426/327 3185/1710/327 3186/1711/327 3161/1585/327
f 3161/1585/327 3186/1711/327 3183/1716/327 3159/1586/327
f 3163/1456/327 3187/1718/327 3188/1719/327 3164/1691/327
f 3164/1691/327 3188/1719/327 3189/1705/327 3166/1692/327
f 3166/1692/327 3189/1705/327 3190/1706/327 3165/1455/327
f 3165/1455/327 3190/1706/327 3187/1718/327 3163/1456/327
f 3168/1579/326 3191/1720/326 3192/1709/326 3167/1580/326
f 3167/1580/326 3192/1709/326 3193/1701/326 3170/1693/326
f 3170/1693/326 3193/1701/326 3194/1702/326 3169/1694/326
f 3169/1694/326 3194/1702/326 3191/1720/326 3168/1579/326
f 3172/1429/326 3195/1721/326 3196/1703/326 3171/1430/326
f 3171/1430/326 3196/1703/326 3197/1704/326 3174/1695/326
f 3174/1695/326 3197/1704/326 3198/1722/326 3173/1696/326
f 3173/1696/326 3198/1722/326 3195/1721/326 3172/1429/326
f 3176/1697/327 3199/1708/327 3200/1723/327 3175/1698/327
f 3175/1698/327 3200/1723/327 3201/1724/327 3178/1699/327
f 3178/1699/327 3201/1724/327 3202/1707/327 3177/1700/327
f 3177/1700/327 3202/1707/327 3199/1708/327 3176/1697/327
f 3200/1723/488 3223/1723/488 3226/1724/488 3201/1724/488
f 3197/1704/484 3222/1704/484 3221/1722/484 3198/1722/484
f 3201/1724/484 3226/1724/484 3225/1707/484 3202/1707/484
f 3179/1712/463 3204/1712/463 3203/1713/463 3180/1713/463
f 3183/1716/463 3207/1716/463 3208/1717/463 3184/1717/463
f 3182/1715/461 3205/1715/461 3204/1712/461 3179/1712/461
f 3187/1718/459 3211/1718/459 3212/1719/459 3188/1719/459
f 3186/1711/465 3209/1711/465 3207/1716/465 3183/1716/465
f 3191/1720/459 3216/1720/459 3215/1709/459 3192/1709/459
f 3180/1713/465 3203/1713/465 3206/1714/465 3181/1714/465
f 3190/1706/464 3213/1706/464 3211/1718/464 3187/1718/464
f 3195/1721/462 3220/1721/462 3219/1703/462 3196/1703/462
f 3184/1717/461 3208/1717/461 3210/1710/461 3185/1710/461
f 3194/1702/487 3217/1702/487 3216/1720/487 3191/1720/487
f 3199/1708/462 3224/1708/462 3223/1723/462 3200/1723/462
f 3181/1714/470 3206/1714/470 3205/1715/470 3182/1715/470
f 3188/1719/487 3212/1719/487 3214/1705/487 3189/1705/487
f 3198/1722/488 3221/1722/488 3220/1721/488 3195/1721/488
usemtl M_Noir_Bleuté
f 1952/1308/323 1947/1309/323 1929/1310/323 1928/1311/323
f 1887/1312/324 1888/1313/324 1896/1312/324
f 1879/1314/325 1880/1315/325 1890/1315/325 1889/1314/325
f 1962/1316/323 1957/1317/323 1934/1318/323 1933/1319/323
f 1883/1322/341 1879/1314/341 1889/1314/341 1891/1322/341
f 1885/1323/342 1886/1325/342 1895/1325/342 1893/1323/342
f 1880/1315/343 1881/1320/343 1892/1320/343 1890/1315/343
f 1886/1325/344 1887/1312/344 1896/1312/344 1895/1325/344
f 1896/1312/345 1888/1313/345 1884/1324/345 1894/1324/345
f 1884/1324/346 1885/1323/346 1893/1323/346 1894/1324/346
f 1882/1321/347 1891/1322/347 1892/1320/347 1881/1320/347
f 1891/1322/348 1882/1321/348 1883/1322/348
f 1953/1348/323 1956/1349/323 1931/1346/323 1930/1350/323
f 1957/1317/323 1953/1351/323 1930/1350/323 1934/1318/323
f 1947/1352/323 1943/1353/323 1925/1354/323 1929/1310/323
f 1960/1355/323 1962/1316/323 1933/1319/323 1932/1347/323
f 1950/1356/323 1952/1357/323 1928/1311/323 1927/1345/323
f 1920/1340/357 1921/1339/357 1955/1339/357 1954/1340/357
f 1979/1358/358 1980/1359/358 1996/1359/358 1995/1358/358
f 1919/1338/359 1915/1335/359 1944/1335/359 1948/1338/359
f 1969/1360/360 1970/1361/360 1977/1361/360 1978/1360/360
f 1917/1336/361 1918/1337/361 1951/1337/361 1949/1362/361
f 1993/1363/362 1994/1364/362 2009/1364/362 2010/1363/362
f 1946/1365/323 1950/1356/323 1927/1345/323 1926/1344/323
f 1989/1366/363 1990/1367/363 2005/1367/363 2006/1366/363
f 1964/1368/364 1965/1369/364 1974/1369/364 1971/1368/364
f 1992/1370/365 1993/1363/365 2010/1363/365 2008/1370/365
f 1923/1342/366 1924/1343/366 1958/1343/366 1961/1371/366
f 1956/1372/323 1960/1373/323 1932/1347/323 1931/1346/323
f 1944/1335/376 1945/1334/376 1946/1365/376 1943/1374/376
f 1948/1338/377 1944/1335/377 1943/1353/377 1947/1352/377
f 1950/1356/378 1946/1365/378 1945/1334/378 1949/1336/378
f 1949/1362/379 1951/1337/379 1952/1357/379 1950/1356/379
f 1951/1337/380 1948/1338/380 1947/1309/380 1952/1308/380
f 1954/1340/381 1955/1339/381 1956/1349/381 1953/1348/381
f 1958/1343/382 1954/1340/382 1953/1351/382 1957/1317/382
f 1955/1339/383 1959/1341/383 1960/1373/383 1956/1372/383
f 1959/1341/384 1961/1342/384 1962/1316/384 1960/1355/384
f 1961/1371/385 1958/1343/385 1957/1317/385 1962/1316/385
f 1943/1374/323 1946/1365/323 1926/1344/323 1925/1354/323
f 1916/1334/387 1917/1336/387 1964/1368/387 1963/1375/387
f 1917/1336/388 1949/1336/388 1965/1369/388 1964/1368/388
f 1949/1336/389 1945/1334/389 1966/1376/389 1965/1369/389
f 1945/1334/387 1916/1334/387 1963/1375/387 1966/1376/387
f 1921/1339/390 1922/1341/390 1968/1377/390 1967/1378/390
f 1922/1341/390 1959/1341/390 1969/1360/390 1968/1377/390
f 1959/1341/391 1955/1339/391 1970/1361/391 1969/1360/391
f 1955/1339/392 1921/1339/392 1967/1378/392 1970/1361/392
f 1963/1375/393 1964/1368/393 1971/1368/393 1972/1375/393
f 1970/1361/394 1967/1378/394 1975/1378/394 1977/1361/394
f 1965/1369/395 1966/1376/395 1973/1376/395 1974/1369/395
f 1966/1376/396 1963/1375/396 1972/1375/396 1973/1376/396
f 1968/1377/397 1969/1360/397 1978/1360/397 1976/1377/397
f 1967/1378/398 1968/1377/398 1976/1377/398 1975/1378/398
f 1915/1335/399 1916/1334/399 1980/1359/399 1979/1358/399
f 1916/1334/400 1945/1334/400 1981/1379/400 1980/1359/400
f 1945/1334/401 1944/1335/401 1982/1380/401 1981/1379/401
f 1944/1335/402 1915/1335/402 1979/1358/402 1982/1380/402
f 1918/1337/403 1919/1338/403 1984/1381/403 1983/1382/403
f 1919/1338/404 1948/1338/404 1985/1383/404 1984/1381/404
f 1948/1338/405 1951/1337/405 1986/1384/405 1985/1383/405
f 1951/1337/406 1918/1337/406 1983/1382/406 1986/1384/406
f 1924/1343/407 1920/1340/407 1988/1385/407 1987/1386/407
f 1920/1340/408 1954/1340/408 1989/1366/408 1988/1385/408
f 1954/1340/409 1958/1343/409 1990/1367/409 1989/1366/409
f 1958/1343/410 1924/1343/410 1987/1386/410 1990/1367/410
f 1922/1341/411 1923/1342/411 1992/1370/411 1991/1387/411
f 1923/1342/412 1961/1342/412 1993/1363/412 1992/1370/412
f 1961/1342/413 1959/1341/413 1994/1364/413 1993/1363/413
f 1959/1341/414 1922/1341/414 1991/1387/414 1994/1364/414
f 1983/1382/417 1984/1381/417 2000/1381/417 1999/1382/417
f 1982/1380/416 1979/1358/416 1995/1358/416 1997/1380/416
f 1987/1386/419 1988/1385/419 2004/1385/419 2003/1386/419
f 1986/1384/420 1983/1382/420 1999/1382/420 2001/1384/420
f 1991/1387/421 1992/1370/421 2008/1370/421 2007/1387/421
f 1980/1359/422 1981/1379/422 1998/1379/422 1996/1359/422
f 1990/1367/423 1987/1386/423 2003/1386/423 2005/1367/423
f 1984/1381/424 1985/1383/424 2002/1383/424 2000/1381/424
f 1994/1364/425 1991/1387/425 2007/1387/425 2009/1364/425
f 1981/1379/426 1982/1380/426 1997/1380/426 1998/1379/426
f 1988/1385/427 1989/1366/427 2006/1366/427 2004/1385/427
f 1985/1383/428 1986/1384/428 2001/1384/428 2002/1383/428
f 2045/1239/457 2634/1408/457 2636/1409/457 2459/1410/457
f 2461/1411/458 2462/1412/458 2506/1413/458 2503/1411/458
f 2462/1421/457 2461/1411/457 2460/1422/457 2459/1410/457 2636/1423/457 2635/1424/457
f 2536/1425/461 2560/1425/461 2562/1426/461 2537/1426/461
f 2547/1429/462 2572/1429/462 2571/1430/462 2548/1430/462
f 2542/1455/464 2565/1455/464 2563/1456/464 2539/1456/464
f 2494/1457/460 2491/1458/460 2455/1419/460 2456/1459/460
f 2532/1460/465 2555/1460/465 2558/1461/465 2533/1461/465
f 2543/1579/459 2568/1579/459 2567/1580/459 2544/1580/459
f 2538/1585/465 2561/1585/465 2559/1586/465 2535/1586/465
f 2455/1458/470 2458/1407/470 2457/1674/470 2638/1675/470 2637/1676/470 2456/1677/470
f 2500/1422/475 2501/1679/475 2459/1680/475 2460/1681/475
f 2455/1419/466 2491/1458/466 2498/1407/466 2458/1407/466
f 2461/1411/469 2503/1411/469 2500/1422/469 2460/1681/469
f 2498/1407/456 2495/1687/456 2457/1674/456 2458/1407/456
f 2489/1238/459 2511/1238/459 2526/1413/459 2506/1413/459
f 2501/1679/459 2517/1679/459 2510/1239/459 2488/1239/459
f 2500/1422/459 2516/1422/459 2517/1679/459 2501/1679/459
f 2506/1413/459 2526/1413/459 2523/1411/459 2503/1411/459
f 2457/1674/326 2531/1689/326 2532/1460/326 2044/1236/326
f 2044/1236/326 2532/1460/326 2533/1461/326 2486/1236/326
f 2486/1236/326 2533/1461/326 2534/1690/326 2495/1687/326
f 2495/1687/326 2534/1690/326 2531/1689/326 2457/1674/326
f 2043/1237/327 2535/1586/327 2536/1425/327 2456/1459/327
f 2456/1459/327 2536/1425/327 2537/1426/327 2494/1457/327
f 2494/1457/327 2537/1426/327 2538/1585/327 2483/1688/327
f 2483/1688/327 2538/1585/327 2535/1586/327 2043/1237/327
f 2459/1680/327 2539/1456/327 2540/1691/327 2045/1239/327
f 2045/1239/327 2540/1691/327 2541/1692/327 2488/1239/327
f 2488/1239/327 2541/1692/327 2542/1455/327 2501/1679/327
f 2501/1679/327 2542/1455/327 2539/1456/327 2459/1680/327
f 2046/1238/326 2543/1579/326 2544/1580/326 2462/1412/326
f 2462/1412/326 2544/1580/326 2545/1693/326 2506/1413/326
f 2506/1413/326 2545/1693/326 2546/1694/326 2489/1238/326
f 2489/1238/326 2546/1694/326 2543/1579/326 2046/1238/326
f 2044/1236/326 2547/1429/326 2548/1430/326 2046/1238/326
f 2046/1238/326 2548/1430/326 2549/1695/326 2489/1238/326
f 2489/1238/326 2549/1695/326 2550/1696/326 2486/1432/326
f 2486/1432/326 2550/1696/326 2547/1429/326 2044/1236/326
f 2045/1239/327 2551/1697/327 2552/1698/327 2043/1237/327
f 2043/1237/327 2552/1698/327 2553/1699/327 2483/1237/327
f 2483/1237/327 2553/1699/327 2554/1700/327 2488/1239/327
f 2488/1239/327 2554/1700/327 2551/1697/327 2045/1239/327
f 2546/1694/487 2569/1694/487 2568/1579/487 2543/1579/487
f 2551/1697/462 2576/1697/462 2575/1698/462 2552/1698/462
f 2533/1461/470 2558/1461/470 2557/1690/470 2534/1690/470
f 2540/1691/487 2564/1691/487 2566/1692/487 2541/1692/487
f 2550/1696/488 2573/1696/488 2572/1429/488 2547/1429/488
f 2537/1426/470 2562/1426/470 2561/1585/470 2538/1585/470
f 2544/1580/464 2567/1580/464 2570/1693/464 2545/1693/464
f 2554/1700/486 2577/1700/486 2576/1697/486 2551/1697/486
f 2541/1692/457 2566/1692/457 2565/1455/457 2542/1455/457
f 2548/1430/486 2571/1430/486 2574/1695/486 2549/1695/486
f 2545/1693/457 2570/1693/457 2569/1694/457 2546/1694/457
f 2552/1698/488 2575/1698/488 2578/1699/488 2553/1699/488
f 2549/1695/484 2574/1695/484 2573/1696/484 2550/1696/484
f 2553/1699/484 2578/1699/484 2577/1700/484 2554/1700/484
f 2531/1689/463 2556/1689/463 2555/1460/463 2532/1460/463
f 2535/1586/463 2559/1586/463 2560/1425/463 2536/1425/463
f 2534/1690/461 2557/1690/461 2556/1689/461 2531/1689/461
f 2539/1456/459 2563/1456/459 2564/1691/459 2540/1691/459
f 2503/1411/459 2523/1411/459 2516/1422/459 2500/1422/459
f 2632/1684/484 2044/1236/484 2046/1238/484 2633/1725/484
f 2637/1676/470 2631/1685/470 2043/1237/470 2456/1677/470
f 2633/1725/457 2046/1238/457 2462/1421/457 2635/1424/457
f 2457/1674/470 2044/1236/470 2632/1684/470 2638/1675/470
f 2043/1237/484 2631/1685/484 2634/1408/484 2045/1239/484
f 2645/1239/457 3234/1408/457 3236/1409/457 3059/1410/457
f 3061/1411/458 3062/1412/458 3106/1413/458 3103/1411/458
f 3062/1421/457 3061/1411/457 3060/1422/457 3059/1410/457 3236/1423/457 3235/1424/457
f 3136/1425/461 3160/1425/461 3162/1426/461 3137/1426/461
f 3147/1429/462 3172/1429/462 3171/1430/462 3148/1430/462
f 3142/1455/464 3165/1455/464 3163/1456/464 3139/1456/464
f 3094/1457/460 3091/1458/460 3055/1419/460 3056/1459/460
f 3132/1460/465 3155/1460/465 3158/1461/465 3133/1461/465
f 3143/1579/459 3168/1579/459 3167/1580/459 3144/1580/459
f 3138/1585/465 3161/1585/465 3159/1586/465 3135/1586/465
f 3055/1458/470 3058/1407/470 3057/1674/470 3238/1675/470 3237/1676/470 3056/1677/470
f 3100/1422/475 3101/1679/475 3059/1680/475 3060/1681/475
f 3055/1419/466 3091/1458/466 3098/1407/466 3058/1407/466
f 3061/1411/469 3103/1411/469 3100/1422/469 3060/1681/469
f 3098/1407/456 3095/1687/456 3057/1674/456 3058/1407/456
f 3089/1238/459 3111/1238/459 3126/1413/459 3106/1413/459
f 3101/1679/459 3117/1679/459 3110/1239/459 3088/1239/459
f 3100/1422/459 3116/1422/459 3117/1679/459 3101/1679/459
f 3106/1413/459 3126/1413/459 3123/1411/459 3103/1411/459
f 3057/1674/326 3131/1689/326 3132/1460/326 2644/1236/326
f 2644/1236/326 3132/1460/326 3133/1461/326 3086/1236/326
f 3086/1236/326 3133/1461/326 3134/1690/326 3095/1687/326
f 3095/1687/326 3134/1690/326 3131/1689/326 3057/1674/326
f 2643/1237/327 3135/1586/327 3136/1425/327 3056/1459/327
f 3056/1459/327 3136/1425/327 3137/1426/327 3094/1457/327
f 3094/1457/327 3137/1426/327 3138/1585/327 3083/1688/327
f 3083/1688/327 3138/1585/327 3135/1586/327 2643/1237/327
f 3059/1680/327 3139/1456/327 3140/1691/327 2645/1239/327
f 2645/1239/327 3140/1691/327 3141/1692/327 3088/1239/327
f 3088/1239/327 3141/1692/327 3142/1455/327 3101/1679/327
f 3101/1679/327 3142/1455/327 3139/1456/327 3059/1680/327
f 2646/1238/326 3143/1579/326 3144/1580/326 3062/1412/326
f 3062/1412/326 3144/1580/326 3145/1693/326 3106/1413/326
f 3106/1413/326 3145/1693/326 3146/1694/326 3089/1238/326
f 3089/1238/326 3146/1694/326 3143/1579/326 2646/1238/326
f 2644/1236/326 3147/1429/326 3148/1430/326 2646/1238/326
f 2646/1238/326 3148/1430/326 3149/1695/326 3089/1238/326
f 3089/1238/326 3149/1695/326 3150/1696/326 3086/1432/326
f 3086/1432/326 3150/1696/326 3147/1429/326 2644/1236/326
f 2645/1239/327 3151/1697/327 3152/1698/327 2643/1237/327
f 2643/1237/327 3152/1698/327 3153/1699/327 3083/1237/327
f 3083/1237/327 3153/1699/327 3154/1700/327 3088/1239/327
f 3088/1239/327 3154/1700/327 3151/1697/327 2645/1239/327
f 3146/1694/487 3169/1694/487 3168/1579/487 3143/1579/487
f 3151/1697/462 3176/1697/462 3175/1698/462 3152/1698/462
f 3133/1461/470 3158/1461/470 3157/1690/470 3134/1690/470
f 3140/1691/487 3164/1691/487 3166/1692/487 3141/1692/487
f 3150/1696/488 3173/1696/488 3172/1429/488 3147/1429/488
f 3137/1426/470 3162/1426/470 3161/1585/470 3138/1585/470
f 3144/1580/464 3167/1580/464 3170/1693/464 3145/1693/464
f 3154/1700/486 3177/1700/486 3176/1697/486 3151/1697/486
f 3141/1692/457 3166/1692/457 3165/1455/457 3142/1455/457
f 3148/1430/486 3171/1430/486 3174/1695/486 3149/1695/486
f 3145/1693/457 3170/1693/457 3169/1694/457 3146/1694/457
f 3152/1698/488 3175/1698/488 3178/1699/488 3153/1699/488
f 3149/1695/484 3174/1695/484 3173/1696/484 3150/1696/484
f 3153/1699/484 3178/1699/484 3177/1700/484 3154/1700/484
f 3131/1689/463 3156/1689/463 3155/1460/463 3132/1460/463
f 3135/1586/463 3159/1586/463 3160/1425/463 3136/1425/463
f 3134/1690/461 3157/1690/461 3156/1689/461 3131/1689/461
f 3139/1456/459 3163/1456/459 3164/1691/459 3140/1691/459
f 3103/1411/459 3123/1411/459 3116/1422/459 3100/1422/459
f 3232/1684/484 2644/1236/484 2646/1238/484 3233/1725/484
f 3237/1676/470 3231/1685/470 2643/1237/470 3056/1677/470
f 3233/1725/457 2646/1238/457 3062/1421/457 3235/1424/457
f 3057/1674/470 2644/1236/470 3232/1684/470 3238/1675/470
f 2643/1237/484 3231/1685/484 3234/1408/484 2645/1239/484
usemtl M_Orange
f 1972/1375/387 1971/1368/387 1974/1369/387 1973/1376/387
f 1975/1378/390 1976/1377/390 1978/1360/390 1977/1361/390
usemtl M_Cyan
f 2027/1391/443 2028/1394/443 2030/1395/443 2029/1390/443
f 2031/1392/444 2032/1393/444 2034/1396/444 2033/1397/444
f 2035/1388/445 2036/1389/445 2038/1398/445 2037/1399/445
f 2039/1401/446 2040/1400/446 2042/1402/446 2041/1403/446
f 2604/1712/326 2605/1715/326 2606/1714/326 2603/1713/326
f 2607/1716/327 2609/1711/327 2610/1710/327 2608/1717/327
f 2611/1718/327 2613/1706/327 2614/1705/327 2612/1719/327
f 2616/1720/326 2617/1702/326 2618/1701/326 2615/1709/326
f 2620/1721/326 2621/1722/326 2622/1704/326 2619/1703/326
f 2624/1708/327 2625/1707/327 2626/1724/327 2623/1723/327
f 3204/1712/326 3205/1715/326 3206/1714/326 3203/1713/326
f 3207/1716/327 3209/1711/327 3210/1710/327 3208/1717/327
f 3211/1718/327 3213/1706/327 3214/1705/327 3212/1719/327
f 3216/1720/326 3217/1702/326 3218/1701/326 3215/1709/326
f 3220/1721/326 3221/1722/326 3222/1704/326 3219/1703/326
f 3224/1708/327 3225/1707/327 3226/1724/327 3223/1723/327
usemtl M_Bleu_Sun
f 2163/1435/463 2107/1436/463 2167/1437/463 2266/1438/463
f 2171/1439/462 2115/1440/462 2175/1441/462 2278/1442/462
f 2179/1443/459 2123/1444/459 2183/1445/459 2290/1446/459
f 2101/1462/463 2188/1463/463 2263/1464/463 2186/1465/463
f 2301/1470/463 2192/1471/463 2105/1472/463 2190/1473/463
f 2297/1483/462 2200/1484/462 2113/1485/462 2198/1486/462
f 2194/1487/462 2272/1488/462 2173/1489/462 2111/1490/462
f 2293/1495/459 2208/1496/459 2121/1497/459 2206/1498/459
f 2202/1499/459 2284/1500/459 2181/1501/459 2119/1502/459
f 2216/1503/459 2150/1504/459 2222/1505/459 2282/1506/459
f 2232/1507/462 2154/1508/462 2238/1509/462 2270/1510/462
f 2209/1511/459 2148/1512/459 2207/1513/459 2294/1514/459
f 2141/1515/459 2215/1516/459 2283/1517/459 2201/1518/459
f 2248/1519/463 2158/1520/463 2254/1521/463 2258/1522/463
f 2225/1523/462 2140/1524/462 2199/1525/462 2298/1526/462
f 2133/1527/462 2231/1528/462 2271/1529/462 2193/1530/462
f 2241/1531/463 2132/1532/463 2191/1533/463 2302/1534/463
f 2159/1535/463 2244/1536/463 2303/1537/463 2253/1538/463
f 2187/1539/463 2127/1540/463 2250/1541/463 2262/1542/463
f 2128/1547/463 2164/1548/463 2267/1549/463 2249/1550/463
f 2161/1551/463 2260/1552/463 2165/1553/463 2104/1554/463
f 2126/1555/463 2247/1556/463 2259/1557/463 2162/1558/463
f 2109/1559/462 2196/1560/462 2275/1561/462 2169/1562/462
f 2256/1563/463 2304/1564/463 2189/1565/463 2129/1566/463
f 2261/1567/463 2251/1568/463 2157/1569/463 2245/1570/463
f 2155/1571/462 2228/1572/462 2299/1573/462 2237/1574/462
f 2170/1575/462 2276/1576/462 2230/1577/462 2134/1578/462
f 2136/1581/462 2172/1582/462 2279/1583/462 2233/1584/462
f 2195/1587/462 2135/1588/462 2234/1589/462 2274/1590/462
f 2117/1591/459 2204/1592/459 2287/1593/459 2177/1594/459
f 2240/1595/462 2300/1596/462 2197/1597/462 2137/1598/462
f 2273/1599/462 2235/1600/462 2153/1601/462 2229/1602/462
f 2151/1603/459 2212/1604/459 2295/1605/459 2221/1606/459
f 2178/1607/459 2288/1608/459 2214/1609/459 2142/1610/459
f 2144/1614/459 2180/1615/459 2291/1616/459 2217/1617/459
f 2203/1621/459 2143/1622/459 2218/1623/459 2286/1624/459
f 2185/1625/463 2264/1626/463 2246/1627/463 2125/1628/463
f 2224/1629/459 2296/1630/459 2205/1631/459 2145/1632/459
f 2285/1633/459 2219/1634/459 2149/1635/459 2213/1636/459
f 2289/1637/459 2184/1638/459 2147/1639/459 2210/1640/459
f 2220/1641/459 2292/1642/459 2211/1643/459 2152/1644/459
f 2281/1645/459 2223/1646/459 2146/1647/459 2182/1648/459
f 2277/1649/462 2176/1650/462 2139/1651/462 2226/1652/462
f 2236/1653/462 2280/1654/462 2227/1655/462 2156/1656/462
f 2269/1657/462 2239/1658/462 2138/1659/462 2174/1660/462
f 2265/1661/463 2168/1662/463 2131/1663/463 2242/1664/463
f 2252/1665/463 2268/1666/463 2243/1667/463 2160/1668/463
f 2257/1669/463 2255/1670/463 2130/1671/463 2166/1672/463
f 2255/1670/461 2382/1670/461 2095/1671/461 2130/1671/461
f 2203/1621/327 2330/1621/327 2081/1622/327 2143/1622/327
f 2129/1566/466 2096/1566/466 2379/1563/466 2256/1563/466
f 2251/1568/461 2378/1568/461 2067/1569/461 2157/1569/461
f 2201/1518/464 2328/1518/464 2084/1515/464 2141/1515/464
f 2160/1668/466 2068/1668/466 2375/1665/466 2252/1665/466
f 2140/1524/467 2086/1524/467 2325/1525/467 2199/1525/467
f 2246/1627/326 2373/1627/326 2099/1628/326 2125/1628/326
f 2126/1555/327 2100/1555/327 2374/1556/327 2247/1556/327
f 2243/1667/326 2370/1667/326 2068/1668/326 2160/1668/326
f 2197/1597/326 2324/1597/326 2088/1598/326 2137/1598/326
f 2159/1535/327 2065/1535/327 2367/1536/327 2244/1536/327
f 2239/1658/467 2366/1658/467 2087/1659/467 2138/1659/467
f 2304/1564/461 2427/1564/461 2316/1565/461 2189/1565/461
f 2195/1587/327 2322/1587/327 2089/1588/327 2135/1588/327
f 2137/1598/468 2088/1598/468 2363/1595/468 2240/1595/468
f 2190/1473/466 2315/1473/466 2428/1470/466 2301/1470/466
f 2235/1600/467 2362/1600/467 2071/1601/467 2153/1601/467
f 2244/1536/461 2367/1536/461 2430/1537/461 2303/1537/461
f 2193/1530/468 2320/1530/468 2092/1527/468 2133/1527/468
f 2156/1656/468 2072/1656/468 2359/1653/468 2236/1653/468
f 2302/1534/466 2429/1534/466 2368/1531/466 2241/1531/466
f 2132/1532/461 2094/1532/461 2317/1533/461 2191/1533/461
f 2230/1577/326 2357/1577/326 2091/1578/326 2134/1578/326
f 2303/1537/326 2430/1537/326 2380/1538/326 2253/1538/326
f 2133/1527/327 2092/1527/327 2358/1528/327 2231/1528/327
f 2256/1563/327 2379/1563/327 2427/1564/327 2304/1564/327
f 2227/1655/326 2354/1655/326 2072/1656/326 2156/1656/326
f 2191/1533/326 2317/1533/326 2429/1534/326 2302/1534/326
f 2189/1565/326 2316/1565/326 2096/1566/326 2129/1566/326
f 2155/1571/327 2069/1571/327 2351/1572/327 2228/1572/327
f 2301/1470/327 2428/1470/327 2318/1471/327 2192/1471/327
f 2223/1646/469 2350/1646/469 2079/1647/469 2146/1647/469
f 2300/1596/467 2423/1596/467 2324/1597/467 2197/1597/467
f 2187/1539/327 2314/1539/327 2097/1540/327 2127/1540/327
f 2145/1632/464 2080/1632/464 2347/1629/464 2224/1629/464
f 2198/1486/468 2323/1486/468 2424/1483/468 2297/1483/468
f 2125/1628/466 2099/1628/466 2311/1625/466 2185/1625/466
f 2219/1634/469 2346/1634/469 2075/1635/469 2149/1635/469
f 2228/1572/467 2351/1572/467 2426/1573/467 2299/1573/467
f 2152/1644/464 2076/1644/464 2343/1641/464 2220/1641/464
f 2298/1526/468 2425/1526/468 2352/1523/468 2225/1523/468
f 2123/1444/469 2443/1444/469 2309/1445/469 2183/1445/469
f 2214/1609/326 2341/1609/326 2083/1610/326 2142/1610/326
f 2299/1573/326 2426/1573/326 2364/1574/326 2237/1574/326
f 2141/1515/327 2084/1515/327 2342/1516/327 2215/1516/327
f 2240/1595/327 2363/1595/327 2423/1596/327 2300/1596/327
f 2211/1643/326 2338/1643/326 2076/1644/326 2152/1644/326
f 2199/1525/326 2325/1525/326 2425/1526/326 2298/1526/326
f 2151/1603/327 2073/1603/327 2335/1604/327 2212/1604/327
f 2297/1483/327 2424/1483/327 2326/1484/327 2200/1484/327
f 2181/1501/326 2308/1501/326 2445/1502/326 2119/1502/326
f 2208/1496/469 2334/1496/469 2454/1497/469 2121/1497/469
f 2296/1630/469 2419/1630/469 2332/1631/469 2205/1631/469
f 2206/1498/464 2331/1498/464 2420/1495/464 2293/1495/464
f 2212/1604/469 2335/1604/469 2422/1605/469 2295/1605/469
f 2179/1443/327 2306/1443/327 2443/1444/327 2123/1444/327
f 2121/1497/326 2454/1497/326 2331/1498/326 2206/1498/326
f 2294/1514/464 2421/1514/464 2336/1511/464 2209/1511/464
f 2295/1605/326 2422/1605/326 2348/1606/326 2221/1606/326
f 2224/1629/327 2347/1629/327 2419/1630/327 2296/1630/327
f 2177/1594/464 2047/1594/464 2441/1591/464 2117/1591/464
f 2117/1591/327 2441/1591/327 2329/1592/327 2204/1592/327
f 2207/1513/326 2333/1513/326 2421/1514/326 2294/1514/326
f 2115/1440/467 2437/1440/467 2050/1441/467 2175/1441/467
f 2293/1495/327 2420/1495/327 2334/1496/327 2208/1496/327
f 2119/1502/464 2445/1502/464 2327/1499/464 2202/1499/464
f 2292/1642/469 2415/1642/469 2338/1643/469 2211/1643/469
f 2200/1484/467 2326/1484/467 2452/1485/467 2113/1485/467
f 2210/1640/464 2337/1640/464 2416/1637/464 2289/1637/464
f 2180/1615/469 2305/1615/469 2418/1616/469 2291/1616/469
f 2173/1489/326 2051/1489/326 2439/1490/326 2111/1490/326
f 2290/1446/464 2417/1446/464 2306/1443/464 2179/1443/464
f 2113/1485/326 2452/1485/326 2323/1486/326 2198/1486/326
f 2291/1616/326 2418/1616/326 2344/1617/326 2217/1617/326
f 2220/1641/327 2343/1641/327 2415/1642/327 2292/1642/327
f 2171/1439/327 2053/1439/327 2437/1440/327 2115/1440/327
f 2183/1445/326 2309/1445/326 2417/1446/326 2290/1446/326
f 2109/1559/327 2435/1559/327 2321/1560/327 2196/1560/327
f 2289/1637/327 2416/1637/327 2310/1638/327 2184/1638/327
f 2288/1608/469 2411/1608/469 2341/1609/469 2214/1609/469
f 2169/1562/468 2055/1562/468 2435/1559/468 2109/1559/468
f 2111/1490/468 2439/1490/468 2319/1487/468 2194/1487/468
f 2213/1636/464 2340/1636/464 2412/1633/464 2285/1633/464
f 2107/1436/461 2433/1436/461 2058/1437/461 2167/1437/461
f 2192/1471/461 2318/1471/461 2450/1472/461 2105/1472/461
f 2204/1592/469 2329/1592/469 2414/1593/469 2287/1593/469
f 2286/1624/464 2413/1624/464 2330/1621/464 2203/1621/464
f 2287/1593/326 2414/1593/326 2047/1594/326 2177/1594/326
f 2165/1553/326 2059/1553/326 2432/1554/326 2104/1554/326
f 2105/1472/326 2450/1472/326 2315/1473/326 2190/1473/326
f 2178/1607/327 2048/1607/327 2411/1608/327 2288/1608/327
f 2218/1623/326 2345/1623/326 2413/1624/326 2286/1624/326
f 2285/1633/327 2412/1633/327 2346/1634/327 2219/1634/327
f 2163/1435/327 2061/1435/327 2433/1436/327 2107/1436/327
f 2101/1462/327 2447/1462/327 2313/1463/327 2188/1463/327
f 2284/1500/469 2407/1500/469 2308/1501/469 2181/1501/469
f 2104/1554/466 2432/1554/466 2064/1551/466 2161/1551/466
f 2186/1465/466 2312/1465/466 2447/1462/466 2101/1462/466
f 2182/1648/464 2307/1648/464 2408/1645/464 2281/1645/464
f 2215/1516/469 2342/1516/469 2410/1517/469 2283/1517/469
f 2282/1506/464 2409/1506/464 2339/1503/464 2216/1503/464
f 2184/1638/469 2310/1638/469 2077/1639/469 2147/1639/469
f 2283/1517/326 2410/1517/326 2328/1518/326 2201/1518/326
f 2202/1499/327 2327/1499/327 2407/1500/327 2284/1500/327
f 2222/1505/326 2349/1505/326 2409/1506/326 2282/1506/326
f 2146/1647/326 2079/1647/326 2307/1648/326 2182/1648/326
f 2281/1645/327 2408/1645/327 2350/1646/327 2223/1646/327
f 2280/1654/467 2403/1654/467 2354/1655/467 2227/1655/467
f 2144/1614/327 2082/1614/327 2305/1615/327 2180/1615/327
f 2226/1652/468 2353/1652/468 2404/1649/468 2277/1649/468
f 2172/1582/467 2054/1582/467 2406/1583/467 2279/1583/467
f 2142/1610/464 2083/1610/464 2048/1607/464 2178/1607/464
f 2278/1442/468 2405/1442/468 2053/1439/468 2171/1439/468
f 2176/1650/467 2049/1650/467 2085/1651/467 2139/1651/467
f 2279/1583/326 2406/1583/326 2360/1584/326 2233/1584/326
f 2236/1653/327 2359/1653/327 2403/1654/327 2280/1654/327
f 2175/1441/326 2050/1441/326 2405/1442/326 2278/1442/326
f 2138/1659/326 2087/1659/326 2052/1660/326 2174/1660/326
f 2277/1649/327 2404/1649/327 2049/1650/327 2176/1650/327
f 2276/1576/467 2399/1576/467 2357/1577/467 2230/1577/467
f 2136/1581/327 2090/1581/327 2054/1582/327 2172/1582/327
f 2229/1602/468 2356/1602/468 2400/1599/468 2273/1599/468
f 2196/1560/467 2321/1560/467 2402/1561/467 2275/1561/467
f 2134/1578/468 2091/1578/468 2056/1575/468 2170/1575/468
f 2274/1590/468 2401/1590/468 2322/1587/468 2195/1587/468
f 2168/1662/461 2057/1662/461 2093/1663/461 2131/1663/461
f 2275/1561/326 2402/1561/326 2055/1562/326 2169/1562/326
f 2170/1575/327 2056/1575/327 2399/1576/327 2276/1576/327
f 2234/1589/326 2361/1589/326 2401/1590/326 2274/1590/326
f 2130/1671/326 2095/1671/326 2060/1672/326 2166/1672/326
f 2273/1599/327 2400/1599/327 2362/1600/327 2235/1600/327
f 2272/1488/467 2395/1488/467 2051/1489/467 2173/1489/467
f 2128/1547/327 2098/1547/327 2062/1548/327 2164/1548/327
f 2174/1660/468 2052/1660/468 2396/1657/468 2269/1657/468
f 2162/1558/466 2063/1558/466 2100/1555/466 2126/1555/466
f 2231/1528/467 2358/1528/467 2398/1529/467 2271/1529/467
f 2270/1510/468 2397/1510/468 2355/1507/468 2232/1507/468
f 2257/1669/327 2384/1669/327 2382/1670/327 2255/1670/327
f 2205/1631/326 2332/1631/326 2080/1632/326 2145/1632/326
f 2254/1521/326 2381/1521/326 2385/1522/326 2258/1522/326
f 2161/1551/327 2064/1551/327 2383/1552/327 2260/1552/327
f 2259/1557/326 2386/1557/326 2063/1558/326 2162/1558/326
f 2148/1512/469 2078/1512/469 2333/1513/469 2207/1513/469
f 2258/1522/466 2385/1522/466 2371/1519/466 2248/1519/466
f 2209/1511/327 2336/1511/327 2078/1512/327 2148/1512/327
f 2247/1556/461 2374/1556/461 2386/1557/461 2259/1557/461
f 2147/1639/326 2077/1639/326 2337/1640/326 2210/1640/326
f 2166/1672/466 2060/1672/466 2384/1669/466 2257/1669/466
f 2216/1503/327 2339/1503/327 2074/1504/327 2150/1504/327
f 2260/1552/461 2383/1552/461 2059/1553/461 2165/1553/461
f 2149/1635/326 2075/1635/326 2340/1636/326 2213/1636/326
f 2261/1567/327 2388/1567/327 2378/1568/327 2251/1568/327
f 2217/1617/464 2344/1617/464 2082/1614/464 2144/1614/464
f 2250/1541/326 2377/1541/326 2389/1542/326 2262/1542/326
f 2143/1622/469 2081/1622/469 2345/1623/469 2218/1623/469
f 2185/1625/327 2311/1625/327 2387/1626/327 2264/1626/327
f 2221/1606/464 2348/1606/464 2073/1603/464 2151/1603/464
f 2263/1464/326 2390/1464/326 2312/1465/326 2186/1465/326
f 2150/1504/469 2074/1504/469 2349/1505/469 2222/1505/469
f 2262/1542/466 2389/1542/466 2314/1539/466 2187/1539/466
f 2225/1523/327 2352/1523/327 2086/1524/327 2140/1524/327
f 2188/1463/461 2313/1463/461 2390/1464/461 2263/1464/461
f 2139/1651/326 2085/1651/326 2353/1652/326 2226/1652/326
f 2245/1570/466 2372/1570/466 2388/1567/466 2261/1567/466
f 2232/1507/327 2355/1507/327 2070/1508/327 2154/1508/327
f 2264/1626/461 2387/1626/461 2373/1627/461 2246/1627/461
f 2153/1601/326 2071/1601/326 2356/1602/326 2229/1602/326
f 2265/1661/327 2392/1661/327 2057/1662/327 2168/1662/327
f 2233/1584/468 2360/1584/468 2090/1581/468 2136/1581/468
f 2167/1437/326 2058/1437/326 2393/1438/326 2266/1438/326
f 2135/1588/467 2089/1588/467 2361/1589/467 2234/1589/467
f 2252/1665/327 2375/1665/327 2391/1666/327 2268/1666/327
f 2237/1574/468 2364/1574/468 2069/1571/468 2155/1571/468
f 2267/1549/326 2394/1549/326 2376/1550/326 2249/1550/326
f 2154/1508/467 2070/1508/467 2365/1509/467 2238/1509/467
f 2266/1438/466 2393/1438/466 2061/1435/466 2163/1435/466
f 2241/1531/327 2368/1531/327 2094/1532/327 2132/1532/327
f 2164/1548/461 2062/1548/461 2394/1549/461 2267/1549/461
f 2131/1663/326 2093/1663/326 2369/1664/326 2242/1664/326
f 2242/1664/466 2369/1664/466 2392/1661/466 2265/1661/466
f 2248/1519/327 2371/1519/327 2066/1520/327 2158/1520/327
f 2268/1666/461 2391/1666/461 2370/1667/461 2243/1667/461
f 2157/1569/326 2067/1569/326 2372/1570/326 2245/1570/326
f 2269/1657/327 2396/1657/327 2366/1658/327 2239/1658/327
f 2249/1550/466 2376/1550/466 2098/1547/466 2128/1547/466
f 2238/1509/326 2365/1509/326 2397/1510/326 2270/1510/326
f 2127/1540/461 2097/1540/461 2377/1541/461 2250/1541/461
f 2194/1487/327 2319/1487/327 2395/1488/327 2272/1488/327
f 2253/1538/466 2380/1538/466 2065/1535/466 2159/1535/466
f 2271/1529/326 2398/1529/326 2320/1530/326 2193/1530/326
f 2158/1520/461 2066/1520/461 2381/1521/461 2254/1521/461
f 2763/1435/463 2707/1436/463 2767/1437/463 2866/1438/463
f 2771/1439/462 2715/1440/462 2775/1441/462 2878/1442/462
f 2779/1443/459 2723/1444/459 2783/1445/459 2890/1446/459
f 2701/1462/463 2788/1463/463 2863/1464/463 2786/1465/463
f 2901/1470/463 2792/1471/463 2705/1472/463 2790/1473/463
f 2897/1483/462 2800/1484/462 2713/1485/462 2798/1486/462
f 2794/1487/462 2872/1488/462 2773/1489/462 2711/1490/462
f 2893/1495/459 2808/1496/459 2721/1497/459 2806/1498/459
f 2802/1499/459 2884/1500/459 2781/1501/459 2719/1502/459
f 2816/1503/459 2750/1504/459 2822/1505/459 2882/1506/459
f 2832/1507/462 2754/1508/462 2838/1509/462 2870/1510/462
f 2809/1511/459 2748/1512/459 2807/1513/459 2894/1514/459
f 2741/1515/459 2815/1516/459 2883/1517/459 2801/1518/459
f 2848/1519/463 2758/1520/463 2854/1521/463 2858/1522/463
f 2825/1523/462 2740/1524/462 2799/1525/462 2898/1526/462
f 2733/1527/462 2831/1528/462 2871/1529/462 2793/1530/462
f 2841/1531/463 2732/1532/463 2791/1533/463 2902/1534/463
f 2759/1535/463 2844/1536/463 2903/1537/463 2853/1538/463
f 2787/1539/463 2727/1540/463 2850/1541/463 2862/1542/463
f 2728/1547/463 2764/1548/463 2867/1549/463 2849/1550/463
f 2761/1551/463 2860/1552/463 2765/1553/463 2704/1554/463
f 2726/1555/463 2847/1556/463 2859/1557/463 2762/1558/463
f 2709/1559/462 2796/1560/462 2875/1561/462 2769/1562/462
f 2856/1563/463 2904/1564/463 2789/1565/463 2729/1566/463
f 2861/1567/463 2851/1568/463 2757/1569/463 2845/1570/463
f 2755/1571/462 2828/1572/462 2899/1573/462 2837/1574/462
f 2770/1575/462 2876/1576/462 2830/1577/462 2734/1578/462
f 2736/1581/462 2772/1582/462 2879/1583/462 2833/1584/462
f 2795/1587/462 2735/1588/462 2834/1589/462 2874/1590/462
f 2717/1591/459 2804/1592/459 2887/1593/459 2777/1594/459
f 2840/1595/462 2900/1596/462 2797/1597/462 2737/1598/462
f 2873/1599/462 2835/1600/462 2753/1601/462 2829/1602/462
f 2751/1603/459 2812/1604/459 2895/1605/459 2821/1606/459
f 2778/1607/459 2888/1608/459 2814/1609/459 2742/1610/459
f 2744/1614/459 2780/1615/459 2891/1616/459 2817/1617/459
f 2803/1621/459 2743/1622/459 2818/1623/459 2886/1624/459
f 2785/1625/463 2864/1626/463 2846/1627/463 2725/1628/463
f 2824/1629/459 2896/1630/459 2805/1631/459 2745/1632/459
f 2885/1633/459 2819/1634/459 2749/1635/459 2813/1636/459
f 2889/1637/459 2784/1638/459 2747/1639/459 2810/1640/459
f 2820/1641/459 2892/1642/459 2811/1643/459 2752/1644/459
f 2881/1645/459 2823/1646/459 2746/1647/459 2782/1648/459
f 2877/1649/462 2776/1650/462 2739/1651/462 2826/1652/462
f 2836/1653/462 2880/1654/462 2827/1655/462 2756/1656/462
f 2869/1657/462 2839/1658/462 2738/1659/462 2774/1660/462
f 2865/1661/463 2768/1662/463 2731/1663/463 2842/1664/463
f 2852/1665/463 2868/1666/463 2843/1667/463 2760/1668/463
f 2857/1669/463 2855/1670/463 2730/1671/463 2766/1672/463
f 2855/1670/461 2982/1670/461 2695/1671/461 2730/1671/461
f 2803/1621/327 2930/1621/327 2681/1622/327 2743/1622/327
f 2729/1566/466 2696/1566/466 2979/1563/466 2856/1563/466
f 2851/1568/461 2978/1568/461 2667/1569/461 2757/1569/461
f 2801/1518/464 2928/1518/464 2684/1515/464 2741/1515/464
f 2760/1668/466 2668/1668/466 2975/1665/466 2852/1665/466
f 2740/1524/467 2686/1524/467 2925/1525/467 2799/1525/467
f 2846/1627/326 2973/1627/326 2699/1628/326 2725/1628/326
f 2726/1555/327 2700/1555/327 2974/1556/327 2847/1556/327
f 2843/1667/326 2970/1667/326 2668/1668/326 2760/1668/326
f 2797/1597/326 2924/1597/326 2688/1598/326 2737/1598/326
f 2759/1535/327 2665/1535/327 2967/1536/327 2844/1536/327
f 2839/1658/467 2966/1658/467 2687/1659/467 2738/1659/467
f 2904/1564/461 3027/1564/461 2916/1565/461 2789/1565/461
f 2795/1587/327 2922/1587/327 2689/1588/327 2735/1588/327
f 2737/1598/468 2688/1598/468 2963/1595/468 2840/1595/468
f 2790/1473/466 2915/1473/466 3028/1470/466 2901/1470/466
f 2835/1600/467 2962/1600/467 2671/1601/467 2753/1601/467
f 2844/1536/461 2967/1536/461 3030/1537/461 2903/1537/461
f 2793/1530/468 2920/1530/468 2692/1527/468 2733/1527/468
f 2756/1656/468 2672/1656/468 2959/1653/468 2836/1653/468
f 2902/1534/466 3029/1534/466 2968/1531/466 2841/1531/466
f 2732/1532/461 2694/1532/461 2917/1533/461 2791/1533/461
f 2830/1577/326 2957/1577/326 2691/1578/326 2734/1578/326
f 2903/1537/326 3030/1537/326 2980/1538/326 2853/1538/326
f 2733/1527/327 2692/1527/327 2958/1528/327 2831/1528/327
f 2856/1563/327 2979/1563/327 3027/1564/327 2904/1564/327
f 2827/1655/326 2954/1655/326 2672/1656/326 2756/1656/326
f 2791/1533/326 2917/1533/326 3029/1534/326 2902/1534/326
f 2789/1565/326 2916/1565/326 2696/1566/326 2729/1566/326
f 2755/1571/327 2669/1571/327 2951/1572/327 2828/1572/327
f 2901/1470/327 3028/1470/327 2918/1471/327 2792/1471/327
f 2823/1646/469 2950/1646/469 2679/1647/469 2746/1647/469
f 2900/1596/467 3023/1596/467 2924/1597/467 2797/1597/467
f 2787/1539/327 2914/1539/327 2697/1540/327 2727/1540/327
f 2745/1632/464 2680/1632/464 2947/1629/464 2824/1629/464
f 2798/1486/468 2923/1486/468 3024/1483/468 2897/1483/468
f 2725/1628/466 2699/1628/466 2911/1625/466 2785/1625/466
f 2819/1634/469 2946/1634/469 2675/1635/469 2749/1635/469
f 2828/1572/467 2951/1572/467 3026/1573/467 2899/1573/467
f 2752/1644/464 2676/1644/464 2943/1641/464 2820/1641/464
f 2898/1526/468 3025/1526/468 2952/1523/468 2825/1523/468
f 2723/1444/469 3043/1444/469 2909/1445/469 2783/1445/469
f 2814/1609/326 2941/1609/326 2683/1610/326 2742/1610/326
f 2899/1573/326 3026/1573/326 2964/1574/326 2837/1574/326
f 2741/1515/327 2684/1515/327 2942/1516/327 2815/1516/327
f 2840/1595/327 2963/1595/327 3023/1596/327 2900/1596/327
f 2811/1643/326 2938/1643/326 2676/1644/326 2752/1644/326
f 2799/1525/326 2925/1525/326 3025/1526/326 2898/1526/326
f 2751/1603/327 2673/1603/327 2935/1604/327 2812/1604/327
f 2897/1483/327 3024/1483/327 2926/1484/327 2800/1484/327
f 2781/1501/326 2908/1501/326 3045/1502/326 2719/1502/326
f 2808/1496/469 2934/1496/469 3054/1497/469 2721/1497/469
f 2896/1630/469 3019/1630/469 2932/1631/469 2805/1631/469
f 2806/1498/464 2931/1498/464 3020/1495/464 2893/1495/464
f 2812/1604/469 2935/1604/469 3022/1605/469 2895/1605/469
f 2779/1443/327 2906/1443/327 3043/1444/327 2723/1444/327
f 2721/1497/326 3054/1497/326 2931/1498/326 2806/1498/326
f 2894/1514/464 3021/1514/464 2936/1511/464 2809/1511/464
f 2895/1605/326 3022/1605/326 2948/1606/326 2821/1606/326
f 2824/1629/327 2947/1629/327 3019/1630/327 2896/1630/327
f 2777/1594/464 2647/1594/464 3041/1591/464 2717/1591/464
f 2717/1591/327 3041/1591/327 2929/1592/327 2804/1592/327
f 2807/1513/326 2933/1513/326 3021/1514/326 2894/1514/326
f 2715/1440/467 3037/1440/467 2650/1441/467 2775/1441/467
f 2893/1495/327 3020/1495/327 2934/1496/327 2808/1496/327
f 2719/1502/464 3045/1502/464 2927/1499/464 2802/1499/464
f 2892/1642/469 3015/1642/469 2938/1643/469 2811/1643/469
f 2800/1484/467 2926/1484/467 3052/1485/467 2713/1485/467
f 2810/1640/464 2937/1640/464 3016/1637/464 2889/1637/464
f 2780/1615/469 2905/1615/469 3018/1616/469 2891/1616/469
f 2773/1489/326 2651/1489/326 3039/1490/326 2711/1490/326
f 2890/1446/464 3017/1446/464 2906/1443/464 2779/1443/464
f 2713/1485/326 3052/1485/326 2923/1486/326 2798/1486/326
f 2891/1616/326 3018/1616/326 2944/1617/326 2817/1617/326
f 2820/1641/327 2943/1641/327 3015/1642/327 2892/1642/327
f 2771/1439/327 2653/1439/327 3037/1440/327 2715/1440/327
f 2783/1445/326 2909/1445/326 3017/1446/326 2890/1446/326
f 2709/1559/327 3035/1559/327 2921/1560/327 2796/1560/327
f 2889/1637/327 3016/1637/327 2910/1638/327 2784/1638/327
f 2888/1608/469 3011/1608/469 2941/1609/469 2814/1609/469
f 2769/1562/468 2655/1562/468 3035/1559/468 2709/1559/468
f 2711/1490/468 3039/1490/468 2919/1487/468 2794/1487/468
f 2813/1636/464 2940/1636/464 3012/1633/464 2885/1633/464
f 2707/1436/461 3033/1436/461 2658/1437/461 2767/1437/461
f 2792/1471/461 2918/1471/461 3050/1472/461 2705/1472/461
f 2804/1592/469 2929/1592/469 3014/1593/469 2887/1593/469
f 2886/1624/464 3013/1624/464 2930/1621/464 2803/1621/464
f 2887/1593/326 3014/1593/326 2647/1594/326 2777/1594/326
f 2765/1553/326 2659/1553/326 3032/1554/326 2704/1554/326
f 2705/1472/326 3050/1472/326 2915/1473/326 2790/1473/326
f 2778/1607/327 2648/1607/327 3011/1608/327 2888/1608/327
f 2818/1623/326 2945/1623/326 3013/1624/326 2886/1624/326
f 2885/1633/327 3012/1633/327 2946/1634/327 2819/1634/327
f 2763/1435/327 2661/1435/327 3033/1436/327 2707/1436/327
f 2701/1462/327 3047/1462/327 2913/1463/327 2788/1463/327
f 2884/1500/469 3007/1500/469 2908/1501/469 2781/1501/469
f 2704/1554/466 3032/1554/466 2664/1551/466 2761/1551/466
f 2786/1465/466 2912/1465/466 3047/1462/466 2701/1462/466
f 2782/1648/464 2907/1648/464 3008/1645/464 2881/1645/464
f 2815/1516/469 2942/1516/469 3010/1517/469 2883/1517/469
f 2882/1506/464 3009/1506/464 2939/1503/464 2816/1503/464
f 2784/1638/469 2910/1638/469 2677/1639/469 2747/1639/469
f 2883/1517/326 3010/1517/326 2928/1518/326 2801/1518/326
f 2802/1499/327 2927/1499/327 3007/1500/327 2884/1500/327
f 2822/1505/326 2949/1505/326 3009/1506/326 2882/1506/326
f 2746/1647/326 2679/1647/326 2907/1648/326 2782/1648/326
f 2881/1645/327 3008/1645/327 2950/1646/327 2823/1646/327
f 2880/1654/467 3003/1654/467 2954/1655/467 2827/1655/467
f 2744/1614/327 2682/1614/327 2905/1615/327 2780/1615/327
f 2826/1652/468 2953/1652/468 3004/1649/468 2877/1649/468
f 2772/1582/467 2654/1582/467 3006/1583/467 2879/1583/467
f 2742/1610/464 2683/1610/464 2648/1607/464 2778/1607/464
f 2878/1442/468 3005/1442/468 2653/1439/468 2771/1439/468
f 2776/1650/467 2649/1650/467 2685/1651/467 2739/1651/467
f 2879/1583/326 3006/1583/326 2960/1584/326 2833/1584/326
f 2836/1653/327 2959/1653/327 3003/1654/327 2880/1654/327
f 2775/1441/326 2650/1441/326 3005/1442/326 2878/1442/326
f 2738/1659/326 2687/1659/326 2652/1660/326 2774/1660/326
f 2877/1649/327 3004/1649/327 2649/1650/327 2776/1650/327
f 2876/1576/467 2999/1576/467 2957/1577/467 2830/1577/467
f 2736/1581/327 2690/1581/327 2654/1582/327 2772/1582/327
f 2829/1602/468 2956/1602/468 3000/1599/468 2873/1599/468
f 2796/1560/467 2921/1560/467 3002/1561/467 2875/1561/467
f 2734/1578/468 2691/1578/468 2656/1575/468 2770/1575/468
f 2874/1590/468 3001/1590/468 2922/1587/468 2795/1587/468
f 2768/1662/461 2657/1662/461 2693/1663/461 2731/1663/461
f 2875/1561/326 3002/1561/326 2655/1562/326 2769/1562/326
f 2770/1575/327 2656/1575/327 2999/1576/327 2876/1576/327
f 2834/1589/326 2961/1589/326 3001/1590/326 2874/1590/326
f 2730/1671/326 2695/1671/326 2660/1672/326 2766/1672/326
f 2873/1599/327 3000/1599/327 2962/1600/327 2835/1600/327
f 2872/1488/467 2995/1488/467 2651/1489/467 2773/1489/467
f 2728/1547/327 2698/1547/327 2662/1548/327 2764/1548/327
f 2774/1660/468 2652/1660/468 2996/1657/468 2869/1657/468
f 2762/1558/466 2663/1558/466 2700/1555/466 2726/1555/466
f 2831/1528/467 2958/1528/467 2998/1529/467 2871/1529/467
f 2870/1510/468 2997/1510/468 2955/1507/468 2832/1507/468
f 2857/1669/327 2984/1669/327 2982/1670/327 2855/1670/327
f 2805/1631/326 2932/1631/326 2680/1632/326 2745/1632/326
f 2854/1521/326 2981/1521/326 2985/1522/326 2858/1522/326
f 2761/1551/327 2664/1551/327 2983/1552/327 2860/1552/327
f 2859/1557/326 2986/1557/326 2663/1558/326 2762/1558/326
f 2748/1512/469 2678/1512/469 2933/1513/469 2807/1513/469
f 2858/1522/466 2985/1522/466 2971/1519/466 2848/1519/466
f 2809/1511/327 2936/1511/327 2678/1512/327 2748/1512/327
f 2847/1556/461 2974/1556/461 2986/1557/461 2859/1557/461
f 2747/1639/326 2677/1639/326 2937/1640/326 2810/1640/326
f 2766/1672/466 2660/1672/466 2984/1669/466 2857/1669/466
f 2816/1503/327 2939/1503/327 2674/1504/327 2750/1504/327
f 2860/1552/461 2983/1552/461 2659/1553/461 2765/1553/461
f 2749/1635/326 2675/1635/326 2940/1636/326 2813/1636/326
f 2861/1567/327 2988/1567/327 2978/1568/327 2851/1568/327
f 2817/1617/464 2944/1617/464 2682/1614/464 2744/1614/464
f 2850/1541/326 2977/1541/326 2989/1542/326 2862/1542/326
f 2743/1622/469 2681/1622/469 2945/1623/469 2818/1623/469
f 2785/1625/327 2911/1625/327 2987/1626/327 2864/1626/327
f 2821/1606/464 2948/1606/464 2673/1603/464 2751/1603/464
f 2863/1464/326 2990/1464/326 2912/1465/326 2786/1465/326
f 2750/1504/469 2674/1504/469 2949/1505/469 2822/1505/469
f 2862/1542/466 2989/1542/466 2914/1539/466 2787/1539/466
f 2825/1523/327 2952/1523/327 2686/1524/327 2740/1524/327
f 2788/1463/461 2913/1463/461 2990/1464/461 2863/1464/461
f 2739/1651/326 2685/1651/326 2953/1652/326 2826/1652/326
f 2845/1570/466 2972/1570/466 2988/1567/466 2861/1567/466
f 2832/1507/327 2955/1507/327 2670/1508/327 2754/1508/327
f 2864/1626/461 2987/1626/461 2973/1627/461 2846/1627/461
f 2753/1601/326 2671/1601/326 2956/1602/326 2829/1602/326
f 2865/1661/327 2992/1661/327 2657/1662/327 2768/1662/327
f 2833/1584/468 2960/1584/468 2690/1581/468 2736/1581/468
f 2767/1437/326 2658/1437/326 2993/1438/326 2866/1438/326
f 2735/1588/467 2689/1588/467 2961/1589/467 2834/1589/467
f 2852/1665/327 2975/1665/327 2991/1666/327 2868/1666/327
f 2837/1574/468 2964/1574/468 2669/1571/468 2755/1571/468
f 2867/1549/326 2994/1549/326 2976/1550/326 2849/1550/326
f 2754/1508/467 2670/1508/467 2965/1509/467 2838/1509/467
f 2866/1438/466 2993/1438/466 2661/1435/466 2763/1435/466
f 2841/1531/327 2968/1531/327 2694/1532/327 2732/1532/327
f 2764/1548/461 2662/1548/461 2994/1549/461 2867/1549/461
f 2731/1663/326 2693/1663/326 2969/1664/326 2842/1664/326
f 2842/1664/466 2969/1664/466 2992/1661/466 2865/1661/466
f 2848/1519/327 2971/1519/327 2666/1520/327 2758/1520/327
f 2868/1666/461 2991/1666/461 2970/1667/461 2843/1667/461
f 2757/1569/326 2667/1569/326 2972/1570/326 2845/1570/326
f 2869/1657/327 2996/1657/327 2966/1658/327 2839/1658/327
f 2849/1550/466 2976/1550/466 2698/1547/466 2728/1547/466
f 2838/1509/326 2965/1509/326 2997/1510/326 2870/1510/326
f 2727/1540/461 2697/1540/461 2977/1541/461 2850/1541/461
f 2794/1487/327 2919/1487/327 2995/1488/327 2872/1488/327
f 2853/1538/466 2980/1538/466 2665/1535/466 2759/1535/466
f 2871/1529/326 2998/1529/326 2920/1530/326 2793/1530/326
f 2758/1520/461 2666/1520/461 2981/1521/461 2854/1521/461
