# Blender 4.2.3 LTS
# www.blender.org
mtllib SM_SolarPanel_T2.mtl
o SM_SolarPanel_T2_Panel
v 0.000000 1.182784 -0.501649
v 0.191172 1.205952 0.461531
v 0.191973 1.182784 -0.463463
v 0.191172 1.236070 0.461531
v 0.354720 1.182784 -0.354720
v 0.353241 1.205952 0.353241
v 0.463463 1.182784 -0.191973
v 0.353241 1.239722 0.353241
v 0.501649 1.182784 0.000000
v 0.461531 1.205952 0.191172
v 0.463463 1.182784 0.191973
v 0.461531 1.239722 0.191172
v 0.354720 1.182784 0.354720
v 0.499558 1.236070 0.000000
v 0.191973 1.182784 0.463463
v 0.499558 1.209603 0.000000
v 0.000000 1.182784 0.501649
v 0.461531 1.209603 -0.191172
v -0.191973 1.182784 0.463463
v 0.461531 1.236070 -0.191172
v -0.354720 1.182784 0.354720
v 0.353241 1.239722 -0.353241
v -0.463463 1.182784 0.191973
v 0.353241 1.209603 -0.353241
v -0.501649 1.182784 0.000000
v 0.000000 1.209603 -0.499558
v -0.463463 1.182784 -0.191973
v 0.000000 1.236070 -0.499558
v -0.354720 1.182784 -0.354720
v -0.191172 1.236070 -0.461531
v -0.191973 1.182784 -0.463463
v -0.191172 1.209603 -0.461531
v 0.000000 1.288764 -0.272822
v 0.000000 1.262889 -0.501649
v 0.104404 1.288764 -0.252054
v 0.191973 1.262889 -0.463463
v 0.217817 1.288764 -0.190461
v 0.354720 1.262889 -0.354720
v 0.270276 1.288764 -0.111952
v 0.463463 1.262889 -0.191973
v 0.292544 1.288764 0.000000
v 0.501649 1.262889 0.000000
v 0.270276 1.288764 0.111952
v 0.463463 1.262889 0.191973
v 0.217817 1.288764 0.190461
v 0.354720 1.262889 0.354720
v 0.104404 1.288764 0.252054
v 0.191973 1.262889 0.463463
v 0.000000 1.288764 0.272822
v 0.000000 1.262889 0.501649
v -0.104404 1.288764 0.252054
v -0.191973 1.262889 0.463463
v -0.217817 1.288764 0.190461
v -0.354720 1.262889 0.354720
v -0.270276 1.288764 0.111952
v -0.463463 1.262889 0.191973
v -0.292544 1.288764 0.000000
v -0.501649 1.262889 0.000000
v -0.270276 1.288764 -0.111952
v -0.463463 1.262889 -0.191973
v -0.217817 1.288764 -0.190461
v -0.354720 1.262889 -0.354720
v -0.104404 1.288764 -0.252054
v -0.191973 1.262889 -0.463463
v -0.354720 1.239722 -0.354720
v -0.354720 1.205952 -0.354720
v -0.463463 1.239722 -0.191973
v -0.463463 1.205952 -0.191973
v -0.501649 1.239722 0.000000
v -0.501649 1.205952 0.000000
v -0.463463 1.239722 0.191973
v -0.463463 1.205952 0.191973
v -0.354720 1.239722 0.354720
v -0.354720 1.205952 0.354720
v -0.191973 1.239722 0.463463
v -0.191973 1.205952 0.463463
v 0.000000 1.239722 0.501649
v 0.000000 1.205952 0.501649
v 0.191973 1.239722 0.463463
v 0.191973 1.205952 0.463463
v 0.354720 1.239722 0.354720
v 0.354720 1.205952 0.354720
v 0.463463 1.239722 0.191973
v 0.463463 1.205952 0.191973
v 0.501649 1.205952 0.000000
v 0.501649 1.239722 0.000000
v 0.463463 1.239722 -0.191973
v 0.463463 1.205952 -0.191973
v 0.354720 1.205952 -0.354720
v 0.354720 1.239722 -0.354720
v -0.191973 1.205952 -0.463463
v -0.191973 1.239722 -0.463463
v 0.191973 1.239722 -0.463463
v 0.191973 1.205952 -0.463463
v 0.000000 1.239722 -0.501649
v 0.000000 1.205952 -0.501649
v 0.000000 1.239722 0.499558
v 0.000000 1.205952 0.499558
v -0.191172 1.239722 0.461531
v -0.191172 1.205952 0.461531
v -0.353241 1.239722 0.353241
v -0.353241 1.205952 0.353241
v -0.461531 1.239722 0.191172
v -0.461531 1.205952 0.191172
v -0.499558 1.239722 0.000000
v -0.499558 1.205952 0.000000
v -0.461531 1.239722 -0.191172
v -0.461531 1.205952 -0.191172
v -0.353241 1.239722 -0.353241
v -0.353241 1.205952 -0.353241
v 0.191172 1.239722 -0.461531
v 0.191172 1.209603 -0.461531
v 0.461531 1.205952 -0.191172
v 0.353241 1.205952 -0.353241
v -0.191172 1.205952 -0.461531
v -0.353241 1.209603 -0.353241
v 0.191172 1.205952 -0.461531
v 0.000000 1.205952 -0.499558
v 0.499558 1.205952 0.000000
v 0.461531 1.239722 -0.191172
v 0.499558 1.239722 0.000000
v -0.353241 1.236070 -0.353241
v -0.191172 1.239722 -0.461531
v -0.461531 1.236070 -0.191172
v -0.499558 1.236070 0.000000
v -0.461531 1.236070 0.191172
v -0.353241 1.236070 0.353241
v -0.191172 1.236070 0.461531
v 0.000000 1.236070 0.499558
v 0.191172 1.239722 0.461531
v 0.461531 1.236070 0.191172
v 0.353241 1.236070 0.353241
v 0.000000 1.239722 -0.499558
v 0.353241 1.236070 -0.353241
v 0.461531 1.209603 0.191172
v 0.353241 1.209603 0.353241
v 0.191172 1.209603 0.461531
v 0.000000 1.209603 0.499558
v -0.191172 1.209603 0.461531
v -0.353241 1.209603 0.353241
v -0.461531 1.209603 0.191172
v -0.499558 1.209603 0.000000
v -0.461531 1.209603 -0.191172
v 0.191172 1.236070 -0.461531
v 0.352074 1.236070 0.352074
v 0.352074 1.209603 0.352074
v 0.000000 1.236070 0.497907
v 0.000000 1.209603 0.497907
v -0.190541 1.236070 0.460006
v -0.190541 1.209603 0.460006
v -0.352074 1.236070 0.352074
v -0.352074 1.209603 0.352074
v -0.460006 1.236070 0.190541
v -0.460006 1.209603 0.190541
v -0.497907 1.236070 0.000000
v -0.497907 1.209603 0.000000
v -0.460006 1.236070 -0.190541
v -0.460006 1.209603 -0.190541
v -0.352074 1.236070 -0.352074
v -0.352074 1.209603 -0.352074
v 0.352074 1.209603 -0.352074
v 0.352074 1.236070 -0.352074
v 0.460006 1.236070 0.190541
v 0.460006 1.209603 0.190541
v 0.190541 1.236070 -0.460006
v 0.190541 1.209603 -0.460006
v 0.190541 1.236070 0.460006
v 0.190541 1.209603 0.460006
v 0.460006 1.236070 -0.190541
v 0.460006 1.209603 -0.190541
v -0.190541 1.209603 -0.460006
v -0.190541 1.236070 -0.460006
v 0.000000 1.236070 -0.497907
v 0.000000 1.209603 -0.497907
v 0.497907 1.209603 0.000000
v 0.497907 1.236070 0.000000
v 0.000000 1.288764 -0.475267
v 0.181877 1.288764 -0.439090
v 0.333076 1.288764 -0.305720
v 0.420868 1.288764 -0.174329
v 0.455545 1.288764 0.000000
v 0.420868 1.288764 0.174329
v 0.333076 1.288764 0.305720
v 0.181877 1.288764 0.439090
v 0.000000 1.288764 0.475267
v -0.181877 1.288764 0.439090
v -0.333076 1.288764 0.305720
v -0.420868 1.288764 0.174329
v -0.455545 1.288764 0.000000
v -0.420868 1.288764 -0.174329
v -0.333076 1.288764 -0.305720
v -0.181877 1.288764 -0.439090
v 0.336065 1.288764 -0.336065
v 0.439090 1.288764 -0.181877
v 0.475267 1.288764 0.000000
v 0.439090 1.288764 0.181877
v 0.336065 1.288764 0.336065
v -0.336065 1.288764 0.336065
v -0.439090 1.288764 0.181877
v -0.475267 1.288764 0.000000
v -0.439090 1.288764 -0.181877
v -0.336065 1.288764 -0.336065
v 0.192914 1.288764 -0.192914
v 0.252054 1.288764 -0.104404
v 0.272822 1.288764 0.000000
v 0.252054 1.288764 0.104404
v 0.192914 1.288764 0.192914
v -0.192914 1.288764 0.192914
v -0.252054 1.288764 0.104404
v -0.272822 1.288764 0.000000
v -0.252054 1.288764 -0.104404
v -0.192914 1.288764 -0.192914
v 0.270276 1.282110 -0.111952
v 0.420868 1.282110 -0.174329
v 0.292544 1.282110 0.000000
v 0.455545 1.282110 0.000000
v 0.270276 1.282110 0.111952
v 0.420868 1.282110 0.174329
v -0.279084 1.282110 0.115600
v -0.412060 1.282110 0.170681
v -0.292544 1.282110 0.000000
v -0.446011 1.282110 0.000000
v -0.270276 1.282110 -0.111952
v -0.420868 1.282110 -0.174329
v 0.331631 1.282110 -0.291051
v 0.331631 1.282110 0.291051
v -0.331631 1.282110 0.291051
v -0.331631 1.282110 -0.291051
v 0.229856 1.282110 -0.189276
v 0.229856 1.282110 0.189276
v -0.229856 1.282110 0.189276
v -0.229856 1.282110 -0.189276
v 0.333076 1.282110 -0.305720
v 0.412060 1.282110 -0.170681
v 0.446011 1.282110 0.000000
v 0.412060 1.282110 0.170681
v 0.333076 1.282110 0.305720
v -0.333076 1.282110 0.305720
v -0.420868 1.282110 0.174329
v -0.455545 1.282110 0.000000
v -0.412060 1.282110 -0.170681
v -0.333076 1.282110 -0.305720
v 0.217817 1.282110 -0.190461
v 0.279084 1.282110 -0.115600
v 0.302078 1.282110 0.000000
v 0.279084 1.282110 0.115600
v 0.217817 1.282110 0.190461
v -0.217817 1.282110 0.190461
v -0.270276 1.282110 0.111952
v -0.302078 1.282110 0.000000
v -0.279084 1.282110 -0.115600
v -0.217817 1.282110 -0.190461
v 0.279084 1.290118 -0.115600
v 0.412060 1.290118 -0.170681
v 0.302078 1.290118 0.000000
v 0.446011 1.290118 0.000000
v 0.279084 1.290118 0.115600
v 0.412060 1.290118 0.170681
v -0.279084 1.290118 0.115600
v -0.412060 1.290118 0.170681
v -0.302078 1.290118 0.000000
v -0.446011 1.290118 0.000000
v -0.279084 1.290118 -0.115600
v -0.412060 1.290118 -0.170681
v 0.331631 1.290118 -0.291051
v 0.331631 1.290118 0.291051
v -0.331631 1.290118 0.291051
v -0.331631 1.290118 -0.291051
v 0.229856 1.290118 -0.189276
v 0.229856 1.290118 0.189276
v -0.229856 1.290118 0.189276
v -0.229856 1.290118 -0.189276
v -0.062390 1.883557 0.553725
v -0.062390 1.887654 0.557204
v -0.062390 1.749115 0.712052
v -0.062390 2.014527 0.399489
v -0.062390 2.018623 0.402967
v -0.062390 2.145496 0.245252
v -0.062390 2.149593 0.248731
v -0.062390 2.276466 0.091015
v -0.062390 2.280562 0.094494
v -0.062390 2.407435 -0.063222
v -0.062390 2.411532 -0.059743
v -0.062390 2.538405 -0.217458
v -0.062390 2.542502 -0.213980
v -0.062390 2.669374 -0.371695
v -0.062390 2.673471 -0.368216
v -0.062390 2.803817 -0.530022
v -0.062390 2.807914 -0.526543
v -0.067791 2.796871 -0.521842
v -0.188818 2.803817 -0.530022
v -0.191518 2.796871 -0.521842
v -0.186118 2.796871 -0.521842
v -0.188818 2.807914 -0.526543
v -0.312545 2.803817 -0.530022
v -0.309845 2.796871 -0.521842
v -0.315245 2.796871 -0.521842
v -0.312545 2.807914 -0.526543
v -0.436273 2.803817 -0.530022
v -0.433572 2.796871 -0.521842
v -0.438973 2.796871 -0.521842
v -0.436273 2.807914 -0.526543
v -0.560000 2.803817 -0.530022
v -0.557300 2.796871 -0.521842
v -0.562700 2.796871 -0.521842
v -0.560000 2.807914 -0.526543
v -0.683727 2.803817 -0.530022
v -0.686428 2.796871 -0.521842
v -0.681027 2.796871 -0.521842
v -0.683727 2.807914 -0.526543
v -0.807455 2.803817 -0.530022
v -0.804754 2.796871 -0.521842
v -0.810155 2.796871 -0.521842
v -0.807455 2.807914 -0.526543
v -0.931182 2.803817 -0.530022
v -0.933882 2.796871 -0.521842
v -0.928482 2.796871 -0.521842
v -0.931182 2.807914 -0.526543
v -1.057610 2.803817 -0.530022
v -1.057610 2.807914 -0.526543
v -1.052209 2.796871 -0.521842
v -1.057610 2.669374 -0.371695
v -1.057610 2.673471 -0.368216
v -1.057610 2.538405 -0.217458
v -1.057610 2.542502 -0.213980
v -1.057610 2.407435 -0.063222
v -1.057610 2.411532 -0.059743
v -1.057610 2.276466 0.091015
v -1.057610 2.280562 0.094494
v -1.057610 2.145496 0.245252
v -1.057610 2.149593 0.248731
v -1.057610 2.014527 0.399489
v -1.057610 2.018623 0.402967
v -1.057610 1.883557 0.553725
v -1.057610 1.887654 0.557204
v -1.057610 1.749115 0.712052
v -1.057610 1.753211 0.715531
v -1.052209 1.756060 0.703872
v -0.931182 1.749115 0.712052
v -0.931182 1.753211 0.715531
v -0.807455 1.749115 0.712052
v -0.807455 1.753211 0.715531
v -0.683727 1.749115 0.712052
v -0.683727 1.753211 0.715531
v -0.560000 1.749115 0.712052
v -0.560000 1.753211 0.715531
v -0.436273 1.749115 0.712052
v -0.436273 1.753211 0.715531
v -0.312545 1.749115 0.712052
v -0.312545 1.753211 0.715531
v -0.188818 1.749115 0.712052
v -0.188818 1.753211 0.715531
v -0.062390 1.753211 0.715531
v -0.036356 1.735059 0.736909
v -0.016506 1.716952 0.721533
v -0.036356 1.699110 0.742545
v -0.036356 2.826067 -0.547921
v -1.083644 1.735059 0.736909
v -1.083644 1.699110 0.742545
v -1.103493 1.716952 0.721533
v -1.083644 2.826067 -0.547921
v -1.103493 2.807960 -0.563296
v -1.083644 2.825802 -0.584308
v -0.036356 2.825802 -0.584308
v -1.083644 2.818473 -0.590531
v -1.103493 2.800631 -0.569519
v -0.036356 2.818473 -0.590531
v -1.082184 2.814043 -0.585314
v -1.099932 2.798796 -0.567358
v -1.082184 2.807745 -0.590662
v -0.037816 2.814043 -0.585314
v -0.037816 2.807745 -0.590662
v -0.020068 2.798796 -0.567358
v -0.016506 2.800631 -0.569519
v -0.020068 2.792498 -0.572707
v -0.020068 1.711458 0.713149
v -0.016506 1.709623 0.715310
v -0.020068 1.705160 0.707801
v -0.037816 1.696211 0.731105
v -0.036356 1.691781 0.736322
v -0.037816 1.689912 0.725757
v -1.082184 1.696211 0.731105
v -1.082184 1.689912 0.725757
v -1.099932 1.711458 0.713149
v -1.083644 1.691781 0.736322
v -1.103493 1.709623 0.715310
v -1.099932 1.705160 0.707801
v -1.099932 2.792498 -0.572707
v -1.103493 1.703325 0.709962
v -1.083644 1.685482 0.730974
v -1.103493 2.794333 -0.574868
v -1.103493 1.658832 0.672181
v -1.103493 1.703071 0.675102
v -1.103493 2.759892 -0.569467
v -1.103493 1.693273 0.666781
v -1.100880 1.703071 0.675102
v -1.100880 2.759892 -0.569467
v -1.100880 1.693273 0.666781
v -1.100880 1.703046 0.671568
v -1.100880 2.756401 -0.568920
v -1.100880 1.696764 0.666234
v -1.100022 1.703046 0.671568
v -1.100022 2.756401 -0.568920
v -1.100022 1.696764 0.666234
v -1.100022 2.750120 -0.574254
v -1.100880 2.750120 -0.574254
v -1.100880 2.750094 -0.577788
v -1.103493 2.750094 -0.577788
v -1.103493 2.749841 -0.612648
v -1.044316 2.742227 -0.603681
v -1.083644 2.812175 -0.595880
v -0.075685 2.742227 -0.603681
v -1.044316 1.666446 0.663215
v -0.075685 1.666446 0.663215
v -0.016506 1.658832 0.672181
v -0.036356 1.685482 0.730974
v -0.016506 1.703325 0.709962
v -0.016506 2.794333 -0.574868
v -0.016506 1.703071 0.675102
v -0.016506 2.759892 -0.569467
v -0.016506 1.693273 0.666781
v -0.019120 1.703071 0.675102
v -0.019120 2.759892 -0.569467
v -0.019120 1.693273 0.666781
v -0.019120 1.703046 0.671568
v -0.019120 2.756401 -0.568920
v -0.019120 1.696764 0.666234
v -0.019978 1.703046 0.671568
v -0.019978 2.756401 -0.568920
v -0.019978 1.696764 0.666234
v -0.019978 2.750120 -0.574254
v -0.019120 2.750120 -0.574254
v -0.019120 2.750094 -0.577788
v -0.016506 2.750094 -0.577788
v -0.016506 2.749841 -0.612648
v -0.036356 2.812175 -0.595880
v -0.016506 2.807960 -0.563296
v -1.052209 1.760157 0.707351
v -0.933882 1.756060 0.703872
v -1.052209 1.880084 0.557815
v -1.052209 1.887030 0.549635
v -1.052209 1.884181 0.561294
v -0.933882 1.880084 0.557815
v -0.933882 1.884181 0.561294
v -0.928482 1.880084 0.557815
v -0.928482 1.884181 0.561294
v -0.928482 1.756060 0.703872
v -0.810155 1.880084 0.557815
v -0.810155 1.884181 0.561294
v -0.804754 1.880084 0.557815
v -0.810155 1.756060 0.703872
v -0.804754 1.756060 0.703872
v -0.810155 1.760157 0.707351
v -0.928482 1.760157 0.707351
v -0.804754 1.760157 0.707351
v -0.686428 1.756060 0.703872
v -0.681027 1.756060 0.703872
v -0.686428 1.760157 0.707351
v -0.686428 1.880084 0.557815
v -0.686428 1.884181 0.561294
v -0.681027 1.880084 0.557815
v -0.681027 1.884181 0.561294
v -0.562700 1.880084 0.557815
v -0.557300 1.880084 0.557815
v -0.562700 1.884181 0.561294
v -0.562700 1.756060 0.703872
v -0.557300 1.756060 0.703872
v -0.562700 1.760157 0.707351
v -0.681027 1.760157 0.707351
v -0.557300 1.760157 0.707351
v -0.438973 1.756060 0.703872
v -0.433572 1.756060 0.703872
v -0.438973 1.760157 0.707351
v -0.438973 1.880084 0.557815
v -0.438973 1.884181 0.561294
v -0.433572 1.880084 0.557815
v -0.433572 1.884181 0.561294
v -0.315245 1.880084 0.557815
v -0.315245 1.884181 0.561294
v -0.309845 1.880084 0.557815
v -0.315245 1.756060 0.703872
v -0.309845 1.756060 0.703872
v -0.315245 1.760157 0.707351
v -0.433572 1.760157 0.707351
v -0.309845 1.760157 0.707351
v -0.191518 1.756060 0.703872
v -0.186118 1.756060 0.703872
v -0.191518 1.760157 0.707351
v -0.191518 1.880084 0.557815
v -0.191518 1.884181 0.561294
v -0.186118 1.880084 0.557815
v -0.186118 1.884181 0.561294
v -0.067791 1.880084 0.557815
v -0.067791 1.887030 0.549635
v -0.067791 1.884181 0.561294
v -0.067791 1.756060 0.703872
v -0.067791 1.760157 0.707351
v -0.186118 1.760157 0.707351
v -0.067791 1.891127 0.553114
v -0.067791 2.011054 0.403579
v -0.186118 1.887030 0.549635
v -0.186118 1.891127 0.553114
v -0.191518 1.887030 0.549635
v -0.186118 2.011054 0.403579
v -0.186118 2.015151 0.407057
v -0.191518 2.011054 0.403579
v -0.191518 2.015151 0.407057
v -0.309845 2.011054 0.403579
v -0.315245 2.011054 0.403579
v -0.309845 2.015151 0.407057
v -0.309845 1.887030 0.549635
v -0.309845 1.891127 0.553114
v -0.315245 1.887030 0.549635
v -0.315245 1.891127 0.553114
v -0.433572 1.887030 0.549635
v -0.433572 1.891127 0.553114
v -0.438973 1.887030 0.549635
v -0.433572 2.011054 0.403579
v -0.433572 2.015151 0.407057
v -0.438973 2.011054 0.403579
v -0.438973 2.015151 0.407057
v -0.557300 2.011054 0.403579
v -0.562700 2.011054 0.403579
v -0.557300 2.015151 0.407057
v -0.557300 1.887030 0.549635
v -0.562700 1.887030 0.549635
v -0.557300 1.891127 0.553114
v -0.438973 1.891127 0.553114
v -0.562700 1.891127 0.553114
v -0.681027 1.887030 0.549635
v -0.681027 1.891127 0.553114
v -0.686428 1.887030 0.549635
v -0.681027 2.011054 0.403579
v -0.681027 2.015151 0.407057
v -0.686428 2.011054 0.403579
v -0.686428 2.015151 0.407057
v -0.804754 2.011054 0.403579
v -0.810155 2.011054 0.403579
v -0.804754 2.015151 0.407057
v -0.804754 1.887030 0.549635
v -0.804754 1.891127 0.553114
v -0.810155 1.887030 0.549635
v -0.810155 1.891127 0.553114
v -0.928482 1.887030 0.549635
v -0.928482 1.891127 0.553114
v -0.933882 1.887030 0.549635
v -0.928482 2.011054 0.403579
v -0.928482 2.015151 0.407057
v -0.933882 2.011054 0.403579
v -0.933882 2.015151 0.407057
v -1.052209 2.011054 0.403579
v -1.052209 2.017999 0.395399
v -1.052209 2.015151 0.407057
v -1.052209 1.891127 0.553114
v -0.933882 1.891127 0.553114
v -1.052209 2.022096 0.398878
v -1.052209 2.142023 0.249342
v -0.933882 2.017999 0.395399
v -0.933882 2.022096 0.398878
v -0.928482 2.017999 0.395399
v -0.933882 2.142023 0.249342
v -0.933882 2.146120 0.252821
v -0.928482 2.142023 0.249342
v -0.928482 2.146120 0.252821
v -0.810155 2.142023 0.249342
v -0.810155 2.146120 0.252821
v -0.804754 2.142023 0.249342
v -0.810155 2.017999 0.395399
v -0.804754 2.017999 0.395399
v -0.810155 2.022096 0.398878
v -0.928482 2.022096 0.398878
v -0.804754 2.022096 0.398878
v -0.686428 2.017999 0.395399
v -0.686428 2.022096 0.398878
v -0.681027 2.017999 0.395399
v -0.686428 2.142023 0.249342
v -0.686428 2.146120 0.252821
v -0.681027 2.142023 0.249342
v -0.681027 2.146120 0.252821
v -0.562700 2.142023 0.249342
v -0.557300 2.142023 0.249342
v -0.562700 2.146120 0.252821
v -0.562700 2.017999 0.395399
v -0.557300 2.017999 0.395399
v -0.562700 2.022096 0.398878
v -0.681027 2.022096 0.398878
v -0.557300 2.022096 0.398878
v -0.438973 2.017999 0.395399
v -0.438973 2.022096 0.398878
v -0.433572 2.017999 0.395399
v -0.438973 2.142023 0.249342
v -0.433572 2.142023 0.249342
v -0.438973 2.146120 0.252821
v -0.557300 2.146120 0.252821
v -0.315245 2.142023 0.249342
v -0.433572 2.146120 0.252821
v -0.433572 2.022096 0.398878
v -0.315245 2.146120 0.252821
v -0.315245 2.022096 0.398878
v -0.315245 2.017999 0.395399
v -0.309845 2.017999 0.395399
v -0.309845 2.022096 0.398878
v -0.309845 2.142023 0.249342
v -0.191518 2.017999 0.395399
v -0.191518 2.022096 0.398878
v -0.186118 2.017999 0.395399
v -0.191518 2.142023 0.249342
v -0.191518 2.146120 0.252821
v -0.186118 2.142023 0.249342
v -0.186118 2.146120 0.252821
v -0.067791 2.142023 0.249342
v -0.067791 2.148969 0.241162
v -0.067791 2.146120 0.252821
v -0.067791 2.017999 0.395399
v -0.067791 2.022096 0.398878
v -0.186118 2.022096 0.398878
v -0.067791 2.153066 0.244641
v -0.067791 2.272993 0.095105
v -0.186118 2.148969 0.241162
v -0.186118 2.153066 0.244641
v -0.191518 2.148969 0.241162
v -0.186118 2.272993 0.095105
v -0.191518 2.272993 0.095105
v -0.186118 2.277090 0.098584
v -0.067791 2.277090 0.098584
v -0.191518 2.277090 0.098584
v -0.309845 2.272993 0.095105
v -0.315245 2.272993 0.095105
v -0.309845 2.277090 0.098584
v -0.309845 2.148969 0.241162
v -0.309845 2.153066 0.244641
v -0.315245 2.148969 0.241162
v -0.315245 2.153066 0.244641
v -0.433572 2.148969 0.241162
v -0.438973 2.148969 0.241162
v -0.433572 2.272993 0.095105
v -0.433572 2.153066 0.244641
v -0.433572 2.277090 0.098584
v -0.315245 2.277090 0.098584
v -0.438973 2.272993 0.095105
v -0.438973 2.277090 0.098584
v -0.557300 2.272993 0.095105
v -0.562700 2.272993 0.095105
v -0.557300 2.277090 0.098584
v -0.557300 2.148969 0.241162
v -0.562700 2.148969 0.241162
v -0.557300 2.153066 0.244641
v -0.438973 2.153066 0.244641
v -0.562700 2.153066 0.244641
v -0.681027 2.148969 0.241162
v -0.681027 2.153066 0.244641
v -0.686428 2.148969 0.241162
v -0.681027 2.272993 0.095105
v -0.686428 2.272993 0.095105
v -0.681027 2.277090 0.098584
v -0.562700 2.277090 0.098584
v -0.686428 2.277090 0.098584
v -0.804754 2.272993 0.095105
v -0.810155 2.272993 0.095105
v -0.804754 2.277090 0.098584
v -0.804754 2.148969 0.241162
v -0.804754 2.153066 0.244641
v -0.810155 2.148969 0.241162
v -0.810155 2.153066 0.244641
v -0.928482 2.148969 0.241162
v -0.928482 2.153066 0.244641
v -0.933882 2.148969 0.241162
v -0.928482 2.272993 0.095105
v -0.928482 2.277090 0.098584
v -0.933882 2.272993 0.095105
v -0.933882 2.277090 0.098584
v -1.052209 2.272993 0.095105
v -1.052209 2.279939 0.086925
v -1.052209 2.277090 0.098584
v -1.052209 2.148969 0.241162
v -1.052209 2.153066 0.244641
v -0.933882 2.153066 0.244641
v -1.052209 2.284035 0.090404
v -1.052209 2.403962 -0.059132
v -0.933882 2.279939 0.086925
v -0.933882 2.284035 0.090404
v -0.928482 2.279939 0.086925
v -0.933882 2.403962 -0.059132
v -0.933882 2.408059 -0.055653
v -0.928482 2.403962 -0.059132
v -0.928482 2.408059 -0.055653
v -0.810155 2.403962 -0.059132
v -0.810155 2.408059 -0.055653
v -0.804754 2.403962 -0.059132
v -0.810155 2.279939 0.086925
v -0.804754 2.279939 0.086925
v -0.810155 2.284035 0.090404
v -0.928482 2.284035 0.090404
v -0.804754 2.284035 0.090404
v -0.686428 2.279939 0.086925
v -0.681027 2.279939 0.086925
v -0.686428 2.284035 0.090404
v -0.686428 2.403962 -0.059132
v -0.686428 2.408059 -0.055653
v -0.681027 2.403962 -0.059132
v -0.681027 2.408059 -0.055653
v -0.562700 2.403962 -0.059132
v -0.557300 2.403962 -0.059132
v -0.562700 2.408059 -0.055653
v -0.562700 2.279939 0.086925
v -0.557300 2.279939 0.086925
v -0.562700 2.284035 0.090404
v -0.681027 2.284035 0.090404
v -0.557300 2.284035 0.090404
v -0.438973 2.279939 0.086925
v -0.433572 2.279939 0.086925
v -0.438973 2.284035 0.090404
v -0.438973 2.403962 -0.059132
v -0.438973 2.408059 -0.055653
v -0.433572 2.403962 -0.059132
v -0.433572 2.408059 -0.055653
v -0.315245 2.403962 -0.059132
v -0.315245 2.408059 -0.055653
v -0.309845 2.403962 -0.059132
v -0.315245 2.279939 0.086925
v -0.309845 2.279939 0.086925
v -0.315245 2.284035 0.090404
v -0.433572 2.284035 0.090404
v -0.309845 2.284035 0.090404
v -0.191518 2.279939 0.086925
v -0.186118 2.279939 0.086925
v -0.191518 2.284035 0.090404
v -0.191518 2.403962 -0.059132
v -0.191518 2.408059 -0.055653
v -0.186118 2.403962 -0.059132
v -0.186118 2.408059 -0.055653
v -0.067791 2.403962 -0.059132
v -0.067791 2.410908 -0.067312
v -0.067791 2.408059 -0.055653
v -0.067791 2.279939 0.086925
v -0.067791 2.284035 0.090404
v -0.186118 2.284035 0.090404
v -0.067791 2.415005 -0.063833
v -0.067791 2.534932 -0.213368
v -0.186118 2.410908 -0.067312
v -0.186118 2.415005 -0.063833
v -0.191518 2.410908 -0.067312
v -0.186118 2.534932 -0.213368
v -0.186118 2.539029 -0.209890
v -0.191518 2.534932 -0.213368
v -0.191518 2.539029 -0.209890
v -0.309845 2.534932 -0.213368
v -0.315245 2.534932 -0.213368
v -0.309845 2.539029 -0.209890
v -0.309845 2.410908 -0.067312
v -0.309845 2.415005 -0.063833
v -0.315245 2.410908 -0.067312
v -0.315245 2.415005 -0.063833
v -0.433572 2.410908 -0.067312
v -0.433572 2.415005 -0.063833
v -0.438973 2.410908 -0.067312
v -0.433572 2.534932 -0.213368
v -0.433572 2.539029 -0.209890
v -0.438973 2.534932 -0.213368
v -0.438973 2.539029 -0.209890
v -0.557300 2.534932 -0.213368
v -0.562700 2.534932 -0.213368
v -0.557300 2.539029 -0.209890
v -0.557300 2.410908 -0.067312
v -0.562700 2.410908 -0.067312
v -0.557300 2.415005 -0.063833
v -0.438973 2.415005 -0.063833
v -0.562700 2.415005 -0.063833
v -0.681027 2.410908 -0.067312
v -0.681027 2.415005 -0.063833
v -0.686428 2.410908 -0.067312
v -0.681027 2.534932 -0.213368
v -0.681027 2.539029 -0.209890
v -0.686428 2.534932 -0.213368
v -0.686428 2.539029 -0.209890
v -0.804754 2.534932 -0.213368
v -0.810155 2.534932 -0.213368
v -0.804754 2.539029 -0.209890
v -0.804754 2.410908 -0.067312
v -0.804754 2.415005 -0.063833
v -0.810155 2.410908 -0.067312
v -0.810155 2.415005 -0.063833
v -0.928482 2.410908 -0.067312
v -0.928482 2.415005 -0.063833
v -0.933882 2.410908 -0.067312
v -0.928482 2.534932 -0.213368
v -0.928482 2.539029 -0.209890
v -0.933882 2.534932 -0.213368
v -0.933882 2.539029 -0.209890
v -1.052209 2.534932 -0.213368
v -1.052209 2.541878 -0.221548
v -1.052209 2.539029 -0.209890
v -1.052209 2.410908 -0.067312
v -1.052209 2.415005 -0.063833
v -0.933882 2.415005 -0.063833
v -1.052209 2.545975 -0.218070
v -1.052209 2.665901 -0.367605
v -0.933882 2.541878 -0.221548
v -0.933882 2.545975 -0.218070
v -0.928482 2.541878 -0.221548
v -0.933882 2.665901 -0.367605
v -0.933882 2.669998 -0.364126
v -0.928482 2.665901 -0.367605
v -0.928482 2.669998 -0.364126
v -0.810155 2.665901 -0.367605
v -0.810155 2.669998 -0.364126
v -0.804754 2.665901 -0.367605
v -0.810155 2.541878 -0.221548
v -0.804754 2.541878 -0.221548
v -0.810155 2.545975 -0.218070
v -0.928482 2.545975 -0.218070
v -0.804754 2.545975 -0.218070
v -0.686428 2.541878 -0.221548
v -0.686428 2.545975 -0.218070
v -0.681027 2.541878 -0.221548
v -0.686428 2.665901 -0.367605
v -0.686428 2.669998 -0.364126
v -0.681027 2.665901 -0.367605
v -0.681027 2.669998 -0.364126
v -0.562700 2.665901 -0.367605
v -0.557300 2.665901 -0.367605
v -0.562700 2.669998 -0.364126
v -0.562700 2.541878 -0.221548
v -0.557300 2.541878 -0.221548
v -0.562700 2.545975 -0.218070
v -0.681027 2.545975 -0.218070
v -0.557300 2.545975 -0.218070
v -0.438973 2.541878 -0.221548
v -0.438973 2.545975 -0.218070
v -0.433572 2.541878 -0.221548
v -0.438973 2.665901 -0.367605
v -0.438973 2.669998 -0.364126
v -0.433572 2.665901 -0.367605
v -0.433572 2.669998 -0.364126
v -0.315245 2.665901 -0.367605
v -0.315245 2.669998 -0.364126
v -0.309845 2.665901 -0.367605
v -0.315245 2.541878 -0.221548
v -0.309845 2.541878 -0.221548
v -0.315245 2.545975 -0.218070
v -0.433572 2.545975 -0.218070
v -0.309845 2.545975 -0.218070
v -0.191518 2.541878 -0.221548
v -0.191518 2.545975 -0.218070
v -0.186118 2.541878 -0.221548
v -0.191518 2.665901 -0.367605
v -0.191518 2.669998 -0.364126
v -0.186118 2.665901 -0.367605
v -0.186118 2.669998 -0.364126
v -0.067791 2.665901 -0.367605
v -0.067791 2.672847 -0.375785
v -0.067791 2.669998 -0.364126
v -0.067791 2.541878 -0.221548
v -0.067791 2.545975 -0.218070
v -0.186118 2.545975 -0.218070
v -0.067791 2.676944 -0.372306
v -0.186118 2.672847 -0.375785
v -0.186118 2.676944 -0.372306
v -0.191518 2.672847 -0.375785
v -0.191518 2.676944 -0.372306
v -0.309845 2.672847 -0.375785
v -0.309845 2.676944 -0.372306
v -0.315245 2.672847 -0.375785
v -0.315245 2.676944 -0.372306
v -0.433572 2.672847 -0.375785
v -0.433572 2.676944 -0.372306
v -0.438973 2.672847 -0.375785
v -0.438973 2.676944 -0.372306
v -0.557300 2.672847 -0.375785
v -0.562700 2.672847 -0.375785
v -0.557300 2.676944 -0.372306
v -0.557300 2.800968 -0.518363
v -0.438973 2.800968 -0.518363
v -0.562700 2.676944 -0.372306
v -0.681027 2.672847 -0.375785
v -0.681027 2.676944 -0.372306
v -0.686428 2.672847 -0.375785
v -0.686428 2.676944 -0.372306
v -0.804754 2.672847 -0.375785
v -0.804754 2.676944 -0.372306
v -0.810155 2.672847 -0.375785
v -0.810155 2.676944 -0.372306
v -0.928482 2.672847 -0.375785
v -0.928482 2.676944 -0.372306
v -0.933882 2.672847 -0.375785
v -0.933882 2.676944 -0.372306
v -1.052209 2.672847 -0.375785
v -1.052209 2.676944 -0.372306
v -1.052209 2.800968 -0.518363
v -0.933882 2.800968 -0.518363
v -0.928482 2.800968 -0.518363
v -0.810155 2.800968 -0.518363
v -0.804754 2.800968 -0.518363
v -0.686428 2.800968 -0.518363
v -0.681027 2.800968 -0.518363
v -0.562700 2.800968 -0.518363
v -0.433572 2.800968 -0.518363
v -0.315245 2.800968 -0.518363
v -0.309845 2.800968 -0.518363
v -0.191518 2.800968 -0.518363
v -0.186118 2.800968 -0.518363
v -0.067791 2.800968 -0.518363
v -0.309845 2.669998 -0.364126
v -0.557300 2.669998 -0.364126
v -0.804754 2.669998 -0.364126
v -1.052209 2.669998 -0.364126
v -0.810155 2.539029 -0.209890
v -0.686428 2.415005 -0.063833
v -0.562700 2.539029 -0.209890
v -0.315245 2.539029 -0.209890
v -0.191518 2.415005 -0.063833
v -0.067791 2.539029 -0.209890
v -0.309845 2.408059 -0.055653
v -0.557300 2.408059 -0.055653
v -0.804754 2.408059 -0.055653
v -1.052209 2.408059 -0.055653
v -0.810155 2.277090 0.098584
v -0.686428 2.153066 0.244641
v -0.191518 2.153066 0.244641
v -0.309845 2.146120 0.252821
v -0.804754 2.146120 0.252821
v -1.052209 2.146120 0.252821
v -0.810155 2.015151 0.407057
v -0.686428 1.891127 0.553114
v -0.562700 2.015151 0.407057
v -0.315245 2.015151 0.407057
v -0.191518 1.891127 0.553114
v -0.067791 2.015151 0.407057
v -0.309845 1.884181 0.561294
v -0.557300 1.884181 0.561294
v -0.804754 1.884181 0.561294
v -0.933882 1.760157 0.707351
v 1.057610 1.883557 0.553725
v 1.057610 1.887654 0.557204
v 1.057610 1.749115 0.712052
v 1.057610 2.014527 0.399489
v 1.057610 2.018623 0.402967
v 1.057610 2.145496 0.245252
v 1.057610 2.149593 0.248731
v 1.057610 2.276466 0.091015
v 1.057610 2.280562 0.094494
v 1.057610 2.407435 -0.063222
v 1.057610 2.411532 -0.059743
v 1.057610 2.538405 -0.217458
v 1.057610 2.542502 -0.213980
v 1.057610 2.669374 -0.371695
v 1.057610 2.673471 -0.368216
v 1.057610 2.803817 -0.530022
v 1.057610 2.807914 -0.526543
v 1.052209 2.796871 -0.521842
v 0.931182 2.803817 -0.530022
v 0.928482 2.796871 -0.521842
v 0.933882 2.796871 -0.521842
v 0.931182 2.807914 -0.526543
v 0.807455 2.803817 -0.530022
v 0.810155 2.796871 -0.521842
v 0.804755 2.796871 -0.521842
v 0.807455 2.807914 -0.526543
v 0.683727 2.803817 -0.530022
v 0.686428 2.796871 -0.521842
v 0.681027 2.796871 -0.521842
v 0.683727 2.807914 -0.526543
v 0.560000 2.803817 -0.530022
v 0.562700 2.796871 -0.521842
v 0.557300 2.796871 -0.521842
v 0.560000 2.807914 -0.526543
v 0.436273 2.803817 -0.530022
v 0.433572 2.796871 -0.521842
v 0.438973 2.796871 -0.521842
v 0.436273 2.807914 -0.526543
v 0.312545 2.803817 -0.530022
v 0.315245 2.796871 -0.521842
v 0.309845 2.796871 -0.521842
v 0.312545 2.807914 -0.526543
v 0.188818 2.803817 -0.530022
v 0.186118 2.796871 -0.521842
v 0.191518 2.796871 -0.521842
v 0.188818 2.807914 -0.526543
v 0.062390 2.803817 -0.530022
v 0.062390 2.807914 -0.526543
v 0.067791 2.796871 -0.521842
v 0.062390 2.669374 -0.371695
v 0.062390 2.673471 -0.368216
v 0.062390 2.538405 -0.217458
v 0.062390 2.542502 -0.213980
v 0.062390 2.407435 -0.063222
v 0.062390 2.411532 -0.059743
v 0.062390 2.276466 0.091015
v 0.062390 2.280562 0.094494
v 0.062390 2.145496 0.245252
v 0.062390 2.149593 0.248731
v 0.062390 2.014527 0.399489
v 0.062390 2.018623 0.402967
v 0.062390 1.883557 0.553725
v 0.062390 1.887654 0.557204
v 0.062390 1.749115 0.712052
v 0.062390 1.753211 0.715531
v 0.067791 1.756060 0.703872
v 0.188818 1.749115 0.712052
v 0.188818 1.753211 0.715531
v 0.312545 1.749115 0.712052
v 0.312545 1.753211 0.715531
v 0.436273 1.749115 0.712052
v 0.436273 1.753211 0.715531
v 0.560000 1.749115 0.712052
v 0.560000 1.753211 0.715531
v 0.683727 1.749115 0.712052
v 0.683727 1.753211 0.715531
v 0.807455 1.749115 0.712052
v 0.807455 1.753211 0.715531
v 0.931182 1.749115 0.712052
v 0.931182 1.753211 0.715531
v 1.057610 1.753211 0.715531
v 1.083644 1.735059 0.736908
v 1.103493 1.716952 0.721533
v 1.083644 1.699110 0.742545
v 1.083644 2.826067 -0.547921
v 0.036356 1.735059 0.736908
v 0.036356 1.699110 0.742545
v 0.016506 1.716952 0.721533
v 0.036356 2.826067 -0.547921
v 0.016506 2.807960 -0.563296
v 0.036356 2.825802 -0.584308
v 1.083644 2.825802 -0.584308
v 0.036356 2.818473 -0.590531
v 0.016506 2.800631 -0.569519
v 1.083644 2.818473 -0.590531
v 0.037816 2.814043 -0.585314
v 0.020068 2.798796 -0.567358
v 0.037816 2.807745 -0.590663
v 1.082184 2.814043 -0.585314
v 1.082184 2.807745 -0.590663
v 1.099932 2.798796 -0.567358
v 1.103493 2.800631 -0.569519
v 1.099932 2.792498 -0.572707
v 1.099932 1.711458 0.713149
v 1.103493 1.709623 0.715310
v 1.099932 1.705160 0.707801
v 1.082184 1.696211 0.731105
v 1.083644 1.691781 0.736322
v 1.082184 1.689912 0.725757
v 0.037816 1.696211 0.731105
v 0.037816 1.689912 0.725757
v 0.020068 1.711458 0.713149
v 0.036356 1.691781 0.736322
v 0.016506 1.709623 0.715310
v 0.020068 1.705160 0.707801
v 0.020068 2.792498 -0.572707
v 0.016506 1.703325 0.709962
v 0.036356 1.685482 0.730974
v 0.016506 2.794333 -0.574868
v 0.016506 1.658832 0.672181
v 0.016506 1.703071 0.675102
v 0.016506 2.759892 -0.569467
v 0.016506 1.693273 0.666781
v 0.019120 1.703071 0.675102
v 0.019120 2.759892 -0.569467
v 0.019120 1.693273 0.666781
v 0.019120 1.703046 0.671568
v 0.019120 2.756401 -0.568920
v 0.019120 1.696764 0.666234
v 0.019978 1.703046 0.671568
v 0.019978 2.756401 -0.568920
v 0.019978 1.696764 0.666234
v 0.019978 2.750120 -0.574254
v 0.019120 2.750120 -0.574254
v 0.019120 2.750094 -0.577788
v 0.016506 2.750094 -0.577788
v 0.016506 2.749841 -0.612648
v 0.075685 2.742227 -0.603682
v 0.036356 2.812175 -0.595880
v 1.044316 2.742227 -0.603682
v 0.075685 1.666446 0.663215
v 1.044316 1.666446 0.663215
v 1.103493 1.658832 0.672181
v 1.083644 1.685482 0.730974
v 1.103493 1.703325 0.709962
v 1.103493 2.794333 -0.574868
v 1.103493 1.703071 0.675102
v 1.103493 2.759892 -0.569467
v 1.103493 1.693273 0.666781
v 1.100880 1.703071 0.675102
v 1.100880 2.759892 -0.569467
v 1.100880 1.693273 0.666781
v 1.100880 1.703046 0.671568
v 1.100880 2.756401 -0.568920
v 1.100880 1.696764 0.666234
v 1.100022 1.703046 0.671568
v 1.100022 2.756401 -0.568920
v 1.100022 1.696764 0.666234
v 1.100022 2.750120 -0.574254
v 1.100880 2.750120 -0.574254
v 1.100880 2.750094 -0.577788
v 1.103493 2.750094 -0.577788
v 1.103493 2.749841 -0.612648
v 1.083644 2.812175 -0.595880
v 1.103493 2.807960 -0.563296
v 0.067791 1.760157 0.707351
v 0.186118 1.756060 0.703872
v 0.067791 1.880084 0.557815
v 0.067791 1.887030 0.549635
v 0.067791 1.884181 0.561294
v 0.186118 1.880084 0.557815
v 0.186118 1.884181 0.561294
v 0.191518 1.880084 0.557815
v 0.191518 1.884181 0.561294
v 0.191518 1.756060 0.703872
v 0.309845 1.880084 0.557815
v 0.309845 1.884181 0.561294
v 0.315245 1.880084 0.557815
v 0.309845 1.756060 0.703872
v 0.315245 1.756060 0.703872
v 0.309845 1.760157 0.707351
v 0.191518 1.760157 0.707351
v 0.315245 1.760157 0.707351
v 0.433572 1.756060 0.703872
v 0.438973 1.756060 0.703872
v 0.433572 1.760157 0.707351
v 0.433572 1.880084 0.557815
v 0.433572 1.884181 0.561294
v 0.438973 1.880084 0.557815
v 0.438973 1.884181 0.561294
v 0.557300 1.880084 0.557815
v 0.562700 1.880084 0.557815
v 0.557300 1.884181 0.561294
v 0.557300 1.756060 0.703872
v 0.562700 1.756060 0.703872
v 0.557300 1.760157 0.707351
v 0.438973 1.760157 0.707351
v 0.562700 1.760157 0.707351
v 0.681027 1.756060 0.703872
v 0.686428 1.756060 0.703872
v 0.681027 1.760157 0.707351
v 0.681027 1.880084 0.557815
v 0.681027 1.884181 0.561294
v 0.686428 1.880084 0.557815
v 0.686428 1.884181 0.561294
v 0.804755 1.880084 0.557815
v 0.804755 1.884181 0.561294
v 0.810155 1.880084 0.557815
v 0.804755 1.756060 0.703872
v 0.810155 1.756060 0.703872
v 0.804755 1.760157 0.707351
v 0.686428 1.760157 0.707351
v 0.810155 1.760157 0.707351
v 0.928482 1.756060 0.703872
v 0.933882 1.756060 0.703872
v 0.928482 1.760157 0.707351
v 0.928482 1.880084 0.557815
v 0.928482 1.884181 0.561294
v 0.933882 1.880084 0.557815
v 0.933882 1.884181 0.561294
v 1.052209 1.880084 0.557815
v 1.052209 1.887030 0.549635
v 1.052209 1.884181 0.561294
v 1.052209 1.756060 0.703872
v 1.052209 1.760157 0.707351
v 0.933882 1.760157 0.707351
v 1.052209 1.891127 0.553114
v 1.052209 2.011054 0.403578
v 0.933882 1.887030 0.549635
v 0.933882 1.891127 0.553114
v 0.928482 1.887030 0.549635
v 0.933882 2.011054 0.403578
v 0.933882 2.015151 0.407057
v 0.928482 2.011054 0.403578
v 0.928482 2.015151 0.407057
v 0.810155 2.011054 0.403578
v 0.804755 2.011054 0.403578
v 0.810155 2.015151 0.407057
v 0.810155 1.887030 0.549635
v 0.810155 1.891127 0.553114
v 0.804755 1.887030 0.549635
v 0.804755 1.891127 0.553114
v 0.686428 1.887030 0.549635
v 0.686428 1.891127 0.553114
v 0.681027 1.887030 0.549635
v 0.686428 2.011054 0.403578
v 0.686428 2.015151 0.407057
v 0.681027 2.011054 0.403578
v 0.681027 2.015151 0.407057
v 0.562700 2.011054 0.403578
v 0.557300 2.011054 0.403578
v 0.562700 2.015151 0.407057
v 0.562700 1.887030 0.549635
v 0.557300 1.887030 0.549635
v 0.562700 1.891127 0.553114
v 0.681027 1.891127 0.553114
v 0.557300 1.891127 0.553114
v 0.438973 1.887030 0.549635
v 0.438973 1.891127 0.553114
v 0.433572 1.887030 0.549635
v 0.438973 2.011054 0.403578
v 0.438973 2.015151 0.407057
v 0.433572 2.011054 0.403578
v 0.433572 2.015151 0.407057
v 0.315245 2.011054 0.403578
v 0.309845 2.011054 0.403578
v 0.315245 2.015151 0.407057
v 0.315245 1.887030 0.549635
v 0.315245 1.891127 0.553114
v 0.309845 1.887030 0.549635
v 0.309845 1.891127 0.553114
v 0.191518 1.887030 0.549635
v 0.191518 1.891127 0.553114
v 0.186118 1.887030 0.549635
v 0.191518 2.011054 0.403578
v 0.191518 2.015151 0.407057
v 0.186118 2.011054 0.403578
v 0.186118 2.015151 0.407057
v 0.067791 2.011054 0.403578
v 0.067791 2.017999 0.395399
v 0.067791 2.015151 0.407057
v 0.067791 1.891127 0.553114
v 0.186118 1.891127 0.553114
v 0.067791 2.022096 0.398877
v 0.067791 2.142023 0.249342
v 0.186118 2.017999 0.395399
v 0.186118 2.022096 0.398877
v 0.191518 2.017999 0.395399
v 0.186118 2.142023 0.249342
v 0.186118 2.146120 0.252821
v 0.191518 2.142023 0.249342
v 0.191518 2.146120 0.252821
v 0.309845 2.142023 0.249342
v 0.309845 2.146120 0.252821
v 0.315245 2.142023 0.249342
v 0.309845 2.017999 0.395399
v 0.315245 2.017999 0.395399
v 0.309845 2.022096 0.398877
v 0.191518 2.022096 0.398877
v 0.315245 2.022096 0.398877
v 0.433572 2.017999 0.395399
v 0.433572 2.022096 0.398877
v 0.438973 2.017999 0.395399
v 0.433572 2.142023 0.249342
v 0.433572 2.146120 0.252821
v 0.438973 2.142023 0.249342
v 0.438973 2.146120 0.252821
v 0.557300 2.142023 0.249342
v 0.562700 2.142023 0.249342
v 0.557300 2.146120 0.252821
v 0.557300 2.017999 0.395399
v 0.562700 2.017999 0.395399
v 0.557300 2.022096 0.398877
v 0.438973 2.022096 0.398877
v 0.562700 2.022096 0.398877
v 0.681027 2.017999 0.395399
v 0.681027 2.022096 0.398877
v 0.686428 2.017999 0.395399
v 0.681027 2.142023 0.249342
v 0.686428 2.142023 0.249342
v 0.681027 2.146120 0.252821
v 0.562700 2.146120 0.252821
v 0.804755 2.142023 0.249342
v 0.686428 2.146120 0.252821
v 0.686428 2.022096 0.398877
v 0.804755 2.146120 0.252821
v 0.804755 2.022096 0.398877
v 0.804755 2.017999 0.395399
v 0.810155 2.017999 0.395399
v 0.810155 2.022096 0.398877
v 0.810155 2.142023 0.249342
v 0.928482 2.017999 0.395399
v 0.928482 2.022096 0.398877
v 0.933882 2.017999 0.395399
v 0.928482 2.142023 0.249342
v 0.928482 2.146120 0.252821
v 0.933882 2.142023 0.249342
v 0.933882 2.146120 0.252821
v 1.052209 2.142023 0.249342
v 1.052209 2.148969 0.241162
v 1.052209 2.146120 0.252821
v 1.052209 2.017999 0.395399
v 1.052209 2.022096 0.398877
v 0.933882 2.022096 0.398877
v 1.052209 2.153066 0.244641
v 1.052209 2.272993 0.095105
v 0.933882 2.148969 0.241162
v 0.933882 2.153066 0.244641
v 0.928482 2.148969 0.241162
v 0.933882 2.272993 0.095105
v 0.928482 2.272993 0.095105
v 0.933882 2.277090 0.098584
v 1.052209 2.277090 0.098584
v 0.928482 2.277090 0.098584
v 0.810155 2.272993 0.095105
v 0.804755 2.272993 0.095105
v 0.810155 2.277090 0.098584
v 0.810155 2.148969 0.241162
v 0.810155 2.153066 0.244641
v 0.804755 2.148969 0.241162
v 0.804755 2.153066 0.244641
v 0.686428 2.148969 0.241162
v 0.681027 2.148969 0.241162
v 0.686428 2.272993 0.095105
v 0.686428 2.153066 0.244641
v 0.686428 2.277090 0.098584
v 0.804755 2.277090 0.098584
v 0.681027 2.272993 0.095105
v 0.681027 2.277090 0.098584
v 0.562700 2.272993 0.095105
v 0.557300 2.272993 0.095105
v 0.562700 2.277090 0.098584
v 0.562700 2.148969 0.241162
v 0.557300 2.148969 0.241162
v 0.562700 2.153066 0.244641
v 0.681027 2.153066 0.244641
v 0.557300 2.153066 0.244641
v 0.438973 2.148969 0.241162
v 0.438973 2.153066 0.244641
v 0.433572 2.148969 0.241162
v 0.438973 2.272993 0.095105
v 0.433572 2.272993 0.095105
v 0.438973 2.277090 0.098584
v 0.557300 2.277090 0.098584
v 0.433572 2.277090 0.098584
v 0.315245 2.272993 0.095105
v 0.309845 2.272993 0.095105
v 0.315245 2.277090 0.098584
v 0.315245 2.148969 0.241162
v 0.315245 2.153066 0.244641
v 0.309845 2.148969 0.241162
v 0.309845 2.153066 0.244641
v 0.191518 2.148969 0.241162
v 0.191518 2.153066 0.244641
v 0.186118 2.148969 0.241162
v 0.191518 2.272993 0.095105
v 0.191518 2.277090 0.098584
v 0.186118 2.272993 0.095105
v 0.186118 2.277090 0.098584
v 0.067791 2.272993 0.095105
v 0.067791 2.279939 0.086925
v 0.067791 2.277090 0.098584
v 0.067791 2.148969 0.241162
v 0.067791 2.153066 0.244641
v 0.186118 2.153066 0.244641
v 0.067791 2.284035 0.090404
v 0.067791 2.403962 -0.059132
v 0.186118 2.279939 0.086925
v 0.186118 2.284035 0.090404
v 0.191518 2.279939 0.086925
v 0.186118 2.403962 -0.059132
v 0.186118 2.408059 -0.055653
v 0.191518 2.403962 -0.059132
v 0.191518 2.408059 -0.055653
v 0.309845 2.403962 -0.059132
v 0.309845 2.408059 -0.055653
v 0.315245 2.403962 -0.059132
v 0.309845 2.279939 0.086925
v 0.315245 2.279939 0.086925
v 0.309845 2.284035 0.090404
v 0.191518 2.284035 0.090404
v 0.315245 2.284035 0.090404
v 0.433572 2.279939 0.086925
v 0.438973 2.279939 0.086925
v 0.433572 2.284035 0.090404
v 0.433572 2.403962 -0.059132
v 0.433572 2.408059 -0.055653
v 0.438973 2.403962 -0.059132
v 0.438973 2.408059 -0.055653
v 0.557300 2.403962 -0.059132
v 0.562700 2.403962 -0.059132
v 0.557300 2.408059 -0.055653
v 0.557300 2.279939 0.086925
v 0.562700 2.279939 0.086925
v 0.557300 2.284035 0.090404
v 0.438973 2.284035 0.090404
v 0.562700 2.284035 0.090404
v 0.681027 2.279939 0.086925
v 0.686428 2.279939 0.086925
v 0.681027 2.284035 0.090404
v 0.681027 2.403962 -0.059132
v 0.681027 2.408059 -0.055653
v 0.686428 2.403962 -0.059132
v 0.686428 2.408059 -0.055653
v 0.804755 2.403962 -0.059132
v 0.804755 2.408059 -0.055653
v 0.810155 2.403962 -0.059132
v 0.804755 2.279939 0.086925
v 0.810155 2.279939 0.086925
v 0.804755 2.284035 0.090404
v 0.686428 2.284035 0.090404
v 0.810155 2.284035 0.090404
v 0.928482 2.279939 0.086925
v 0.933882 2.279939 0.086925
v 0.928482 2.284035 0.090404
v 0.928482 2.403962 -0.059132
v 0.928482 2.408059 -0.055653
v 0.933882 2.403962 -0.059132
v 0.933882 2.408059 -0.055653
v 1.052209 2.403962 -0.059132
v 1.052209 2.410908 -0.067312
v 1.052209 2.408059 -0.055653
v 1.052209 2.279939 0.086925
v 1.052209 2.284035 0.090404
v 0.933882 2.284035 0.090404
v 1.052209 2.415005 -0.063833
v 1.052209 2.534932 -0.213369
v 0.933882 2.410908 -0.067312
v 0.933882 2.415005 -0.063833
v 0.928482 2.410908 -0.067312
v 0.933882 2.534932 -0.213369
v 0.933882 2.539029 -0.209890
v 0.928482 2.534932 -0.213369
v 0.928482 2.539029 -0.209890
v 0.810155 2.534932 -0.213369
v 0.804755 2.534932 -0.213369
v 0.810155 2.539029 -0.209890
v 0.810155 2.410908 -0.067312
v 0.810155 2.415005 -0.063833
v 0.804755 2.410908 -0.067312
v 0.804755 2.415005 -0.063833
v 0.686428 2.410908 -0.067312
v 0.686428 2.415005 -0.063833
v 0.681027 2.410908 -0.067312
v 0.686428 2.534932 -0.213369
v 0.686428 2.539029 -0.209890
v 0.681027 2.534932 -0.213369
v 0.681027 2.539029 -0.209890
v 0.562700 2.534932 -0.213369
v 0.557300 2.534932 -0.213369
v 0.562700 2.539029 -0.209890
v 0.562700 2.410908 -0.067312
v 0.557300 2.410908 -0.067312
v 0.562700 2.415005 -0.063833
v 0.681027 2.415005 -0.063833
v 0.557300 2.415005 -0.063833
v 0.438973 2.410908 -0.067312
v 0.438973 2.415005 -0.063833
v 0.433572 2.410908 -0.067312
v 0.438973 2.534932 -0.213369
v 0.438973 2.539029 -0.209890
v 0.433572 2.534932 -0.213369
v 0.433572 2.539029 -0.209890
v 0.315245 2.534932 -0.213369
v 0.309845 2.534932 -0.213369
v 0.315245 2.539029 -0.209890
v 0.315245 2.410908 -0.067312
v 0.315245 2.415005 -0.063833
v 0.309845 2.410908 -0.067312
v 0.309845 2.415005 -0.063833
v 0.191518 2.410908 -0.067312
v 0.191518 2.415005 -0.063833
v 0.186118 2.410908 -0.067312
v 0.191518 2.534932 -0.213369
v 0.191518 2.539029 -0.209890
v 0.186118 2.534932 -0.213369
v 0.186118 2.539029 -0.209890
v 0.067791 2.534932 -0.213369
v 0.067791 2.541878 -0.221548
v 0.067791 2.539029 -0.209890
v 0.067791 2.410908 -0.067312
v 0.067791 2.415005 -0.063833
v 0.186118 2.415005 -0.063833
v 0.067791 2.545975 -0.218070
v 0.067791 2.665901 -0.367605
v 0.186118 2.541878 -0.221548
v 0.186118 2.545975 -0.218070
v 0.191518 2.541878 -0.221548
v 0.186118 2.665901 -0.367605
v 0.186118 2.669998 -0.364126
v 0.191518 2.665901 -0.367605
v 0.191518 2.669998 -0.364126
v 0.309845 2.665901 -0.367605
v 0.309845 2.669998 -0.364126
v 0.315245 2.665901 -0.367605
v 0.309845 2.541878 -0.221548
v 0.315245 2.541878 -0.221548
v 0.309845 2.545975 -0.218070
v 0.191518 2.545975 -0.218070
v 0.315245 2.545975 -0.218070
v 0.433572 2.541878 -0.221548
v 0.433572 2.545975 -0.218070
v 0.438973 2.541878 -0.221548
v 0.433572 2.665901 -0.367605
v 0.433572 2.669998 -0.364126
v 0.438973 2.665901 -0.367605
v 0.438973 2.669998 -0.364126
v 0.557300 2.665901 -0.367605
v 0.562700 2.665901 -0.367605
v 0.557300 2.669998 -0.364126
v 0.557300 2.541878 -0.221548
v 0.562700 2.541878 -0.221548
v 0.557300 2.545975 -0.218070
v 0.438973 2.545975 -0.218070
v 0.562700 2.545975 -0.218070
v 0.681027 2.541878 -0.221548
v 0.681027 2.545975 -0.218070
v 0.686428 2.541878 -0.221548
v 0.681027 2.665901 -0.367605
v 0.681027 2.669998 -0.364126
v 0.686428 2.665901 -0.367605
v 0.686428 2.669998 -0.364126
v 0.804755 2.665901 -0.367605
v 0.804755 2.669998 -0.364126
v 0.810155 2.665901 -0.367605
v 0.804755 2.541878 -0.221548
v 0.810155 2.541878 -0.221548
v 0.804755 2.545975 -0.218070
v 0.686428 2.545975 -0.218070
v 0.810155 2.545975 -0.218070
v 0.928482 2.541878 -0.221548
v 0.928482 2.545975 -0.218070
v 0.933882 2.541878 -0.221548
v 0.928482 2.665901 -0.367605
v 0.928482 2.669998 -0.364126
v 0.933882 2.665901 -0.367605
v 0.933882 2.669998 -0.364126
v 1.052209 2.665901 -0.367605
v 1.052209 2.672847 -0.375785
v 1.052209 2.669998 -0.364126
v 1.052209 2.541878 -0.221548
v 1.052209 2.545975 -0.218070
v 0.933882 2.545975 -0.218070
v 1.052209 2.676944 -0.372306
v 0.933882 2.672847 -0.375785
v 0.933882 2.676944 -0.372306
v 0.928482 2.672847 -0.375785
v 0.928482 2.676944 -0.372306
v 0.810155 2.672847 -0.375785
v 0.810155 2.676944 -0.372306
v 0.804755 2.672847 -0.375785
v 0.804755 2.676944 -0.372306
v 0.686428 2.672847 -0.375785
v 0.686428 2.676944 -0.372306
v 0.681027 2.672847 -0.375785
v 0.681027 2.676944 -0.372306
v 0.562700 2.672847 -0.375785
v 0.557300 2.672847 -0.375785
v 0.562700 2.676944 -0.372306
v 0.562700 2.800968 -0.518363
v 0.681027 2.800968 -0.518363
v 0.557300 2.676944 -0.372306
v 0.438973 2.672847 -0.375785
v 0.438973 2.676944 -0.372306
v 0.433572 2.672847 -0.375785
v 0.433572 2.676944 -0.372306
v 0.315245 2.672847 -0.375785
v 0.315245 2.676944 -0.372306
v 0.309845 2.672847 -0.375785
v 0.309845 2.676944 -0.372306
v 0.191518 2.672847 -0.375785
v 0.191518 2.676944 -0.372306
v 0.186118 2.672847 -0.375785
v 0.186118 2.676944 -0.372306
v 0.067791 2.672847 -0.375785
v 0.067791 2.676944 -0.372306
v 0.067791 2.800968 -0.518363
v 0.186118 2.800968 -0.518363
v 0.191518 2.800968 -0.518363
v 0.309845 2.800968 -0.518363
v 0.315245 2.800968 -0.518363
v 0.433572 2.800968 -0.518363
v 0.438973 2.800968 -0.518363
v 0.557300 2.800968 -0.518363
v 0.686428 2.800968 -0.518363
v 0.804755 2.800968 -0.518363
v 0.810155 2.800968 -0.518363
v 0.928482 2.800968 -0.518363
v 0.933882 2.800968 -0.518363
v 1.052209 2.800968 -0.518363
v 0.810155 2.669998 -0.364126
v 0.562700 2.669998 -0.364126
v 0.315245 2.669998 -0.364126
v 0.067791 2.669998 -0.364126
v 0.309845 2.539029 -0.209890
v 0.433572 2.415005 -0.063833
v 0.557300 2.539029 -0.209890
v 0.804755 2.539029 -0.209890
v 0.928482 2.415005 -0.063833
v 1.052209 2.539029 -0.209890
v 0.810155 2.408059 -0.055653
v 0.562700 2.408059 -0.055653
v 0.315245 2.408059 -0.055653
v 0.067791 2.408059 -0.055653
v 0.309845 2.277090 0.098584
v 0.433572 2.153066 0.244641
v 0.928482 2.153066 0.244641
v 0.810155 2.146120 0.252821
v 0.315245 2.146120 0.252821
v 0.067791 2.146120 0.252821
v 0.309845 2.015151 0.407057
v 0.433572 1.891127 0.553114
v 0.557300 2.015151 0.407057
v 0.804755 2.015151 0.407057
v 0.928482 1.891127 0.553114
v 1.052209 2.015151 0.407057
v 0.810155 1.884181 0.561294
v 0.562700 1.884181 0.561294
v 0.315245 1.884181 0.561294
v 0.186118 1.760157 0.707351
v -1.083644 2.767683 -0.633660
v -0.036356 2.767683 -0.633660
v -1.083644 1.640990 0.693194
v -0.036356 1.640990 0.693194
v 0.036356 2.767683 -0.633660
v 1.083644 2.767683 -0.633660
v 0.036356 1.640990 0.693193
v 1.083644 1.640990 0.693193
v -0.385856 2.742227 -0.603681
v -0.734145 1.666446 0.663215
v -0.385856 1.666446 0.663215
v 0.385856 2.742227 -0.603682
v 0.385856 1.666446 0.663215
v 0.734145 1.666446 0.663215
v -0.385856 2.721156 -0.621574
v -0.385856 1.645375 0.645323
v 0.385856 2.721156 -0.621574
v 0.385856 1.645375 0.645323
v -0.202365 1.588359 0.596908
v 0.202365 1.588359 0.596908
v -0.557700 2.742227 -0.603681
v -0.734145 2.720623 -0.578240
v -0.767521 2.742227 -0.603681
v 0.734145 2.720623 -0.578240
v 0.557700 2.742227 -0.603682
v 0.767521 2.742227 -0.603682
v -0.199179 2.689581 -0.648385
v -0.202365 2.642536 -0.644547
v 0.199180 2.689581 -0.648385
v 0.202365 2.642536 -0.644547
v 0.165429 1.287098 0.406782
v 0.129351 1.287098 0.442860
v 0.129351 1.287098 0.192949
v 0.165429 1.287098 0.229027
v 0.165429 1.287098 -0.056963
v -0.165429 1.287098 -0.056962
v -0.165429 1.287098 0.229027
v -0.129351 1.287098 0.192949
v -0.129351 1.353027 0.192949
v -0.144599 1.373857 0.213778
v -0.165429 1.353027 0.229027
v 0.129351 1.353027 0.192949
v 0.165429 1.353027 0.229027
v 0.144599 1.373857 0.213778
v 0.124628 1.393828 0.233750
v 0.124628 1.393828 0.402059
v -0.124628 1.393828 0.233750
v 0.122272 1.393828 0.236106
v 0.107691 1.393828 0.282157
v 0.087071 1.393828 0.250687
v 0.088825 1.399060 0.257353
v -0.087071 1.393828 0.250687
v -0.088825 1.399060 0.257353
v -0.122272 1.393828 0.236106
v -0.107691 1.393828 0.282157
v -0.107691 1.598566 0.542976
v -0.107691 1.393828 0.385122
v 0.107691 1.393828 0.385122
v -0.107691 1.598566 0.646018
v -0.124628 1.393828 0.402059
v -0.064044 1.401775 0.395249
v 0.064044 1.401775 0.395249
v -0.064044 1.590620 0.635892
v -0.064044 1.406971 0.391171
v 0.064044 1.406971 0.391171
v -0.064044 1.595816 0.631814
v 0.064044 1.595816 0.631814
v 0.064044 1.590620 0.635892
v 0.107691 1.598566 0.646018
v 0.107691 1.620840 0.646018
v 0.107691 1.598566 0.542976
v 0.087071 1.598566 0.511582
v 0.107691 1.620840 0.566146
v 0.087071 1.620840 0.534814
v -0.087071 1.620840 0.534814
v -0.107691 1.620840 0.566146
v -0.087071 1.598566 0.511582
v -0.064193 1.502458 0.389113
v -0.015586 1.479685 0.360093
v -0.053886 1.455657 0.329474
v -0.053886 1.432776 0.300318
v -0.053886 1.570399 0.200377
v -0.047127 1.568059 0.198298
v -0.015586 1.594434 0.230988
v -0.053886 1.547518 0.171221
v -0.046897 1.549443 0.172931
v -0.015586 1.523497 0.140594
v 0.015586 1.523497 0.140594
v -0.012625 1.528606 0.145134
v -0.015586 1.408748 0.269699
v 0.015586 1.408748 0.269699
v 0.053886 1.432776 0.300318
v 0.053886 1.455657 0.329474
v 0.053886 1.547518 0.171221
v 0.053886 1.570399 0.200377
v 0.046897 1.549443 0.172931
v 0.012625 1.528606 0.145134
v 0.047127 1.595568 0.121871
v 0.047127 1.568059 0.198298
v 0.012856 1.589254 0.226384
v 0.046897 1.614185 0.147237
v 0.012625 1.635022 0.175034
v 0.053886 1.616109 0.148948
v 0.015586 1.640131 0.179575
v 0.053886 1.593229 0.119791
v 0.053886 1.708172 0.045367
v 0.015586 1.732207 0.075978
v 0.047127 1.705833 0.043288
v 0.053886 1.685291 0.016211
v 0.015586 1.661270 -0.014416
v 0.046897 1.687216 0.017921
v 0.012625 1.666379 -0.009876
v 0.047127 1.733341 -0.033140
v 0.012856 1.712147 -0.061226
v 0.046897 1.751958 -0.007773
v 0.053886 1.731002 -0.035219
v 0.015586 1.706967 -0.065830
v 0.053886 1.753883 -0.006062
v 0.053886 1.845920 -0.164514
v 0.053886 1.983869 -0.319722
v 0.015586 1.821892 -0.195133
v 0.053886 1.868800 -0.135358
v 0.053886 2.006750 -0.290566
v 0.015586 1.892829 -0.104739
v 0.015586 2.030778 -0.259947
v -0.015586 1.892829 -0.104739
v 0.015586 1.777904 0.024565
v 0.012625 1.772795 0.020024
v -0.015586 1.777904 0.024565
v -0.053886 1.753883 -0.006062
v -0.012625 1.772795 0.020024
v -0.012856 1.727027 0.071374
v -0.046897 1.751958 -0.007773
v -0.047127 1.733341 -0.033140
v -0.047127 1.705833 0.043288
v -0.046897 1.687216 0.017921
v -0.053886 1.708172 0.045367
v -0.015586 1.732207 0.075978
v -0.053886 1.685291 0.016211
v -0.053886 1.616109 0.148948
v -0.046897 1.614185 0.147237
v -0.015586 1.640131 0.179575
v -0.053886 1.593229 0.119791
v -0.047127 1.595568 0.121871
v -0.015586 1.569193 0.089180
v 0.015586 1.569193 0.089180
v -0.015586 1.661270 -0.014416
v -0.012856 1.574373 0.093784
v 0.012856 1.574373 0.093784
v -0.012625 1.666379 -0.009876
v -0.012856 1.712147 -0.061226
v -0.015586 1.706967 -0.065830
v -0.053886 1.731002 -0.035219
v -0.015586 1.821892 -0.195133
v -0.015586 1.959841 -0.350341
v -0.053886 1.845920 -0.164514
v -0.053886 1.983869 -0.319722
v -0.053886 1.868800 -0.135358
v -0.053886 2.006750 -0.290566
v -0.015586 2.030778 -0.259947
v 0.015586 1.959841 -0.350341
v -0.012625 1.635022 0.175034
v -0.012856 1.589254 0.226384
v 0.012856 1.727027 0.071374
v 0.015586 1.594434 0.230988
v 0.015586 1.479685 0.360093
v 0.064193 1.502458 0.389113
v -0.107691 1.620840 0.646018
v -0.144599 1.373857 0.422031
v -0.165429 1.353027 0.406782
v -0.129351 1.353027 0.442860
v 0.129351 1.353027 0.442860
v -0.129351 1.331384 0.442860
v -0.128054 1.331384 0.439730
v -0.165429 1.331384 0.406782
v 0.129351 1.331384 0.442860
v 0.128054 1.331384 0.439730
v 0.165429 1.331384 0.406782
v 0.165429 1.331384 0.250670
v 0.165429 1.353027 0.406782
v 0.162299 1.331384 0.405486
v 0.162299 1.331384 0.250670
v 0.162299 1.327706 0.405486
v 0.128054 1.327706 0.439730
v 0.162299 1.327706 0.254348
v 0.161212 1.327706 0.405035
v 0.161212 1.312419 0.405035
v 0.127604 1.327706 0.438643
v 0.161122 1.327706 0.254348
v 0.161122 1.312419 0.254348
v 0.162299 1.312419 0.254348
v 0.162299 1.312419 0.405486
v 0.162299 1.308741 0.250670
v 0.165429 1.308741 0.250670
v 0.162299 1.308741 0.405486
v 0.128054 1.308741 0.439730
v 0.165429 1.308741 0.406782
v 0.129351 1.308741 0.442860
v -0.129351 1.308741 0.442860
v -0.165429 1.308741 0.406782
v -0.129351 1.287098 0.442860
v -0.128054 1.308741 0.439730
v -0.162299 1.308741 0.405486
v -0.128054 1.312419 0.439730
v -0.127604 1.312419 0.438643
v -0.162299 1.312419 0.405486
v 0.128054 1.312419 0.439730
v 0.127604 1.312419 0.438643
v -0.161212 1.312419 0.405035
v -0.162299 1.312419 0.254348
v -0.162299 1.327706 0.254348
v -0.162299 1.308741 0.250670
v -0.161122 1.312419 0.254348
v -0.161122 1.327706 0.254348
v -0.161212 1.327706 0.405035
v -0.127604 1.327706 0.438643
v -0.162299 1.327706 0.405486
v -0.128054 1.327706 0.439730
v -0.162299 1.331384 0.405486
v -0.162299 1.331384 0.250670
v -0.165429 1.331384 0.250670
v -0.165429 1.308741 0.250670
v -0.165429 1.287098 0.406782
v 0.144599 1.373857 0.422031
v -0.165429 1.393828 -0.056962
v -0.165429 1.287098 -0.365470
v -0.083436 1.287098 -0.448084
v -0.083243 1.393828 -0.448084
v 0.083436 1.287098 -0.448084
v 0.165429 1.287098 -0.365470
v 0.083243 1.393828 -0.448084
v 0.165429 1.393828 -0.365252
v 0.046822 1.393828 -0.411373
v 0.128718 1.393828 -0.328704
v 0.047323 1.801739 -0.512067
v -0.046823 1.393828 -0.411373
v 0.023722 1.416282 -0.416916
v 0.064600 1.418310 -0.399503
v 0.110965 1.418310 -0.352698
v 0.065062 1.803942 -0.494685
v 0.060785 1.419248 -0.395721
v 0.107149 1.419248 -0.348916
v 0.061191 1.804392 -0.490871
v 0.107114 1.800050 -0.443487
v 0.061078 2.587159 -0.609407
v 0.107330 2.546719 -0.562217
v 0.064971 2.587107 -0.613225
v 0.111223 2.546667 -0.566035
v 0.047486 2.631707 -0.631469
v 0.128718 2.560675 -0.548571
v -0.047486 2.631707 -0.631469
v 0.024353 2.608582 -0.631163
v 0.024195 1.801755 -0.512071
v -0.024354 2.608582 -0.631163
v 0.024353 2.608753 -0.618199
v 0.024195 1.803415 -0.499126
v -0.024354 2.608753 -0.618199
v 0.017290 2.601692 -0.618105
v 0.017133 1.803420 -0.499127
v -0.017290 2.601692 -0.618105
v 0.017290 2.601713 -0.616464
v 0.017133 1.803629 -0.497499
v -0.017290 2.601713 -0.616464
v -0.017133 1.803629 -0.497499
v -0.017133 1.803420 -0.499127
v -0.016668 1.426639 -0.404428
v 0.016668 1.426639 -0.404428
v -0.016668 1.426246 -0.406021
v 0.016668 1.426246 -0.406021
v -0.023722 1.419389 -0.404328
v -0.023722 1.416282 -0.416916
v -0.024196 1.803415 -0.499126
v 0.023722 1.419389 -0.404328
v -0.024196 1.801755 -0.512071
v -0.047323 1.801739 -0.512067
v -0.065062 1.803942 -0.494685
v -0.064601 1.418310 -0.399503
v -0.064971 2.587107 -0.613225
v -0.061191 1.804392 -0.490871
v -0.107114 1.800050 -0.443487
v -0.060785 1.419248 -0.395721
v -0.061078 2.587159 -0.609407
v -0.107330 2.546719 -0.562217
v -0.111223 2.546667 -0.566035
v -0.110977 1.799511 -0.447298
v -0.128718 2.560675 -0.548571
v -0.128718 1.801739 -0.429919
v -0.128718 2.354262 -0.307678
v 0.128718 2.354262 -0.307678
v -0.128718 1.801739 -0.194368
v 0.128718 1.801739 -0.194368
v -0.128718 1.781684 -0.191929
v 0.128718 1.781684 -0.191929
v -0.128718 1.781684 -0.404279
v -0.113406 1.778363 -0.204678
v 0.113406 1.778363 -0.204678
v -0.114475 1.781684 -0.404279
v -0.113414 1.773154 -0.204055
v 0.113414 1.773154 -0.204055
v -0.114493 1.776410 -0.397611
v -0.116724 1.773875 -0.201300
v -0.124257 1.775544 -0.205306
v -0.114323 1.775514 -0.195038
v -0.114966 1.417957 -0.101099
v 0.114323 1.775514 -0.195038
v 0.116724 1.773875 -0.201300
v 0.124257 1.775544 -0.205306
v 0.114966 1.417957 -0.101099
v 0.124878 1.417993 -0.111368
v 0.118533 1.416035 -0.108473
v 0.115724 1.415186 -0.111731
v -0.115724 1.415186 -0.111731
v 0.114460 1.419034 -0.308936
v 0.115732 1.409976 -0.111113
v -0.115732 1.409976 -0.111113
v 0.114475 1.413884 -0.313017
v 0.128718 1.413884 -0.096112
v -0.128718 1.413884 -0.096112
v 0.128718 1.413884 -0.313017
v 0.128718 1.393828 -0.093674
v -0.128718 1.393828 -0.093674
v 0.165429 1.393828 -0.056963
v -0.128718 1.393828 -0.328704
v -0.165429 1.393828 -0.365252
v -0.128718 1.413884 -0.313017
v -0.110965 1.418310 -0.352698
v -0.107149 1.419248 -0.348916
v -0.114475 1.413884 -0.313017
v -0.114460 1.419034 -0.308936
v -0.124539 1.419066 -0.308938
v -0.124572 1.776441 -0.397614
v -0.124878 1.417993 -0.111368
v -0.124529 1.432088 -0.298716
v -0.124523 1.453864 -0.292891
v -0.124867 1.431110 -0.128315
v -0.121458 1.432086 -0.298712
v -0.121797 1.431108 -0.128311
v -0.121452 1.453863 -0.292887
v -0.121463 1.436278 -0.293232
v -0.121784 1.435350 -0.136948
v -0.121459 1.449640 -0.289657
v -0.120673 1.436278 -0.293231
v -0.120994 1.435349 -0.136947
v -0.120669 1.449640 -0.289656
v -0.120977 1.448761 -0.147385
v -0.121766 1.448761 -0.147386
v -0.121767 1.452965 -0.145322
v -0.124837 1.452966 -0.145326
v -0.124276 1.751644 -0.223796
v -0.124592 1.752394 -0.366965
v -0.118533 1.416035 -0.108473
v 0.128718 1.781684 -0.404279
v 0.128718 1.801739 -0.429919
v 0.114475 1.781684 -0.404279
v 0.114493 1.776410 -0.397611
v 0.124572 1.776441 -0.397614
v 0.124539 1.419066 -0.308938
v 0.124592 1.752394 -0.366965
v 0.124276 1.751644 -0.223796
v 0.124523 1.453864 -0.292891
v 0.121452 1.453863 -0.292887
v 0.124528 1.432088 -0.298716
v 0.124837 1.452966 -0.145326
v 0.124867 1.431110 -0.128315
v 0.121767 1.452965 -0.145322
v 0.121796 1.431108 -0.128311
v 0.121766 1.448761 -0.147386
v 0.121458 1.449640 -0.289657
v 0.121784 1.435350 -0.136948
v 0.120977 1.448761 -0.147385
v 0.120669 1.449640 -0.289656
v 0.120994 1.435349 -0.136947
v 0.120673 1.436278 -0.293231
v 0.121463 1.436278 -0.293232
v 0.121458 1.432086 -0.298712
v 0.110977 1.799511 -0.447298
v -0.165429 1.260167 0.229027
v -0.129351 1.260167 0.192949
v 0.129351 1.260167 0.192949
v -0.129351 1.260167 0.442860
v -0.165429 1.260167 0.406782
v 0.129351 1.260167 0.442860
v 0.165429 1.260167 -0.056963
v -0.165429 1.260167 -0.056962
v -0.165429 1.260167 -0.365470
v -0.083436 1.260167 -0.448084
v 0.083436 1.260167 -0.448084
v 0.165429 1.260167 -0.365470
v 0.165429 1.260167 0.229027
v 0.165429 1.260167 0.406782
vn 0.1951 -0.0000 -0.9808
vn 0.5556 -0.0000 -0.8315
vn 0.9808 -0.0000 -0.1951
vn 0.9808 -0.0000 0.1951
vn 0.8315 -0.0000 0.5556
vn 0.5556 -0.0000 0.8315
vn 0.1951 -0.0000 0.9808
vn -0.1951 -0.0000 0.9808
vn -0.5556 -0.0000 0.8315
vn -0.8315 -0.0000 0.5556
vn -0.9808 -0.0000 0.1951
vn -0.5556 -0.0000 -0.8315
vn -0.9808 -0.0000 -0.1951
vn -0.0000 -1.0000 -0.0000
vn -0.1951 -0.0000 -0.9808
vn 0.1380 0.7071 -0.6935
vn 0.3928 0.7071 -0.5879
vn 0.5879 0.7071 -0.3928
vn 0.6935 0.7071 -0.1379
vn 0.6935 0.7071 0.1379
vn 0.5879 0.7071 0.3928
vn 0.3928 0.7071 0.5879
vn 0.1379 0.7071 0.6935
vn -0.1380 0.7071 0.6935
vn -0.3928 0.7071 0.5879
vn -0.5879 0.7071 0.3928
vn -0.6935 0.7071 0.1379
vn -0.6935 0.7071 -0.1379
vn -0.5879 0.7071 -0.3928
vn -0.3928 0.7071 -0.5879
vn -0.1379 0.7071 -0.6935
vn -0.0000 1.0000 -0.0000
vn -0.8315 -0.0000 -0.5556
vn 0.8315 -0.0000 -0.5556
vn -0.7071 -0.0000 0.7071
vn -0.7071 -0.0000 -0.7071
vn 0.7071 -0.0000 0.7071
vn 0.7071 -0.0000 -0.7071
vn -1.0000 -0.0000 -0.0000
vn -0.0000 0.7623 0.6473
vn -0.0000 -0.6473 0.7623
vn -0.0000 0.7623 0.6472
vn 1.0000 -0.0000 -0.0000
vn -0.0000 0.6473 -0.7623
vn 0.7674 0.4888 0.4150
vn 0.6716 0.1148 0.7319
vn -0.0000 0.1549 0.9879
vn -0.6716 0.1148 0.7319
vn -0.7674 0.4888 0.4150
vn -0.6716 0.7409 -0.0054
vn -0.0000 1.0000 -0.0073
vn -0.8115 0.3782 -0.4454
vn -0.0000 -0.7622 -0.6473
vn -0.7987 0.3895 -0.4587
vn -0.0000 0.6473 -0.7622
vn 0.7987 0.3895 -0.4587
vn -0.0000 -0.7623 -0.6473
vn 0.7987 -0.3895 0.4587
vn -0.7987 -0.3895 0.4587
vn -0.8115 -0.3782 0.4454
vn -0.0000 0.7622 0.6473
vn 0.8115 -0.3782 0.4454
vn 0.8115 0.3782 -0.4454
vn 0.0001 0.7623 0.6473
vn 0.6716 0.7409 -0.0054
vn -0.0000 -0.6473 0.7622
vn 0.1892 -0.7485 -0.6356
vn -0.1892 -0.7485 -0.6356
vn 0.1338 -0.0716 -0.9884
vn -0.1338 -0.0716 -0.9884
vn -0.0000 -0.0813 -0.9967
vn -0.0000 -0.0000 -1.0000
vn -0.6947 0.1862 -0.6947
vn -0.0000 0.7071 -0.7071
vn 0.6947 0.1862 -0.6947
vn 0.7071 0.7071 -0.0000
vn 0.1095 0.9914 -0.0717
vn -0.0000 0.7867 -0.6174
vn -0.1095 0.9914 -0.0717
vn -0.7000 0.5629 -0.4394
vn -0.0000 -0.7867 0.6173
vn -0.0000 -0.7867 0.6174
vn -0.0000 0.6174 0.7867
vn -0.0000 -0.6174 -0.7867
vn -0.0000 -0.0000 1.0000
vn 0.7252 0.4967 -0.4768
vn 0.7000 0.5629 -0.4394
vn -0.0000 0.7218 -0.6921
vn -0.7252 0.4967 -0.4768
vn -0.7071 0.5285 0.4698
vn 0.0970 0.7268 -0.6800
vn 0.0078 0.7957 -0.6056
vn -0.0922 0.7312 -0.6759
vn -0.7071 -0.5285 -0.4698
vn -0.0000 0.6643 -0.7474
vn -0.0000 -0.7474 -0.6643
vn 0.7071 -0.5285 -0.4698
vn 0.0922 0.7312 -0.6759
vn -0.0078 0.7957 -0.6056
vn 0.7072 -0.5278 -0.4704
vn 0.7072 0.5278 0.4704
vn -0.0970 0.7268 -0.6800
vn 0.0922 -0.7312 0.6759
vn -0.0078 -0.7957 0.6056
vn 0.7071 0.5285 0.4698
vn -0.0970 -0.7268 0.6800
vn 0.7071 -0.5285 -0.4697
vn -0.0000 0.7474 0.6643
vn -0.0000 -0.6643 0.7474
vn -0.0922 -0.7312 0.6759
vn -0.0000 0.7465 0.6654
vn -0.7072 0.5278 0.4704
vn 0.0078 -0.7957 0.6056
vn 0.0970 -0.7268 0.6800
vn -0.7072 -0.5278 -0.4704
vn -0.0000 -0.7465 -0.6654
vn -0.0000 0.7071 0.7071
vn -0.7071 0.7071 -0.0000
vn -0.6947 0.1862 0.6947
vn 1.0000 -0.0000 -0.0006
vn -1.0000 -0.0000 -0.0006
vn 0.6947 0.1862 0.6947
vn -0.7098 0.0014 -0.7044
vn 0.7098 0.0014 -0.7044
vn 0.6998 -0.1720 -0.6933
vn 0.7000 -0.1719 -0.6931
vn -0.0000 -0.2397 -0.9709
vn 0.1222 0.9851 -0.1211
vn 0.7081 0.1685 0.6857
vn 0.6996 -0.1721 -0.6935
vn 0.6847 -0.1118 -0.7202
vn 0.7005 0.1069 0.7056
vn -0.3713 -0.8529 -0.3670
vn 0.6363 -0.1126 -0.7632
vn 0.7101 -0.0095 -0.7040
vn 0.0654 -0.1439 -0.9874
vn -0.0000 0.7594 0.6507
vn -0.0000 -0.0132 -0.9999
vn -1.0000 0.0002 -0.0000
vn -0.0000 -0.9999 0.0132
vn 0.0667 -0.1465 -0.9870
vn -0.0000 -0.1474 -0.9891
vn 1.0000 0.0002 -0.0000
vn 1.0000 0.0012 -0.0002
vn -0.0000 0.9709 -0.2397
vn -1.0000 0.0012 -0.0002
vn -0.0667 -0.1465 -0.9870
vn -0.0654 -0.1439 -0.9874
vn -0.7000 -0.1719 -0.6931
vn -0.6363 -0.1126 -0.7632
vn -0.7081 0.1685 0.6857
vn -0.7005 0.1069 0.7056
vn -0.6847 -0.1118 -0.7202
vn -0.6996 -0.1721 -0.6935
vn 0.3713 -0.8529 -0.3670
vn 0.7012 -0.1117 -0.7042
vn -0.7237 -0.1076 -0.6817
vn -0.7101 -0.0095 -0.7040
vn -0.0000 0.2009 0.9796
vn -0.0000 0.1207 0.9927
vn -0.0000 -0.9677 0.2521
vn -0.1150 -0.9933 -0.0077
vn -0.0000 0.1187 0.9929
vn -1.0000 0.0064 0.0056
vn -0.0000 0.9674 -0.2532
vn 0.1153 0.9933 0.0102
vn 0.3838 0.8466 -0.3688
vn -0.7070 0.1809 0.6837
vn -0.0000 0.2541 0.9672
vn -0.3838 0.8466 -0.3688
vn 0.7070 0.1809 0.6837
vn 0.4368 -0.7961 0.4188
vn -0.0000 -0.9677 0.2522
vn 0.1474 -0.9890 -0.0129
vn -0.0000 0.1178 0.9930
vn 1.0000 0.0043 -0.0062
vn -0.0000 0.9677 -0.2521
vn -0.1473 0.9890 0.0097
vn -0.6998 -0.1720 -0.6933
vn -0.7000 -0.1720 -0.6931
vn 0.7092 -0.1699 -0.6842
vn -0.1222 0.9851 -0.1211
vn 0.1473 0.9890 0.0097
vn -0.0000 0.2408 0.9706
vn -1.0000 -0.0001 -0.0003
vn -1.0000 0.0043 -0.0062
vn -0.0005 -0.2408 -0.9706
vn -0.1474 -0.9890 -0.0129
vn -1.0000 -0.0002 -0.0000
vn -1.0000 0.0004 -0.0018
vn -0.0013 -0.2584 0.9660
vn 0.0005 1.0000 0.0057
vn -1.0000 0.0002 -0.0020
vn -1.0000 0.0006 -0.0012
vn 0.0002 1.0000 0.0059
vn -1.0000 0.0003 -0.0021
vn -0.0003 -1.0000 -0.0062
vn 0.0007 -0.6142 -0.7892
vn -1.0000 0.0004 -0.0021
vn -1.0000 0.0004 -0.0012
vn -0.0006 -1.0000 -0.0061
vn -1.0000 0.0018 -0.0000
vn -1.0000 0.0008 -0.0000
vn -1.0000 0.0013 0.0019
vn -0.4368 -0.7961 0.4188
vn 0.1150 -0.9933 -0.0077
vn 1.0000 -0.0001 -0.0003
vn 1.0000 0.0064 0.0056
vn -0.1153 0.9933 0.0102
vn 0.0005 -0.2408 -0.9706
vn 1.0000 -0.0002 -0.0000
vn 1.0000 0.0013 0.0019
vn 1.0000 0.0008 -0.0000
vn 0.0005 -1.0000 -0.0061
vn 0.0013 -0.2584 0.9660
vn -0.0007 -0.6142 -0.7892
vn 1.0000 0.0018 -0.0000
vn 1.0000 0.0004 -0.0021
vn 1.0000 0.0004 -0.0012
vn 0.0003 -1.0000 -0.0062
vn 1.0000 0.0003 -0.0021
vn -0.0004 1.0000 0.0059
vn 1.0000 0.0006 -0.0012
vn 1.0000 0.0002 -0.0020
vn -0.0005 1.0000 0.0057
vn 1.0000 0.0003 -0.0018
vn 0.7000 -0.1720 -0.6931
vn 0.7237 -0.1076 -0.6817
vn -0.7092 -0.1699 -0.6842
vn -0.7012 -0.1117 -0.7042
vn 0.7098 -0.0000 -0.7044
vn -0.7098 -0.0000 -0.7044
vt 1.000000 0.500000
vt 1.000000 0.609301
vt 0.937500 0.609301
vt 0.937500 0.500000
vt 0.937500 0.768625
vt 0.937500 0.877925
vt 0.875000 0.877925
vt 0.875000 0.768625
vt 0.812500 0.500000
vt 0.812500 0.609301
vt 0.750000 0.609301
vt 0.750000 0.500000
vt 0.812500 0.768625
vt 0.812500 0.877925
vt 0.750000 0.877925
vt 0.750000 0.768625
vt 0.687500 0.609301
vt 0.687500 0.500000
vt 0.625000 0.609301
vt 0.625000 0.500000
vt 0.562500 0.609301
vt 0.562500 0.500000
vt 0.500000 0.609301
vt 0.500000 0.500000
vt 0.437500 0.609301
vt 0.437500 0.500000
vt 0.375000 0.609301
vt 0.375000 0.500000
vt 0.312500 0.609301
vt 0.312500 0.500000
vt 0.250000 0.609301
vt 0.250000 0.500000
vt 0.125000 0.500000
vt 0.125000 0.609301
vt 0.062500 0.609301
vt 0.062500 0.500000
vt 0.187500 0.609301
vt 0.187500 0.500000
vt 1.000000 0.751396
vt 0.937500 0.751396
vt 0.000000 0.609301
vt 0.000000 0.500000
vt 0.937500 0.609301
vt 0.875000 0.609301
vt 0.875000 0.500000
vt 0.750000 0.490000
vt 0.841844 0.471731
vt 0.919706 0.419706
vt 0.971731 0.341844
vt 0.990000 0.250000
vt 0.971731 0.158156
vt 0.919706 0.080294
vt 0.841844 0.028269
vt 0.750000 0.010000
vt 0.658156 0.028269
vt 0.580294 0.080294
vt 0.528269 0.158156
vt 0.510000 0.250000
vt 0.528269 0.341844
vt 0.580294 0.419706
vt 0.658156 0.471731
vt 0.341844 0.471731
vt 0.250000 0.490000
vt 0.250000 0.477378
vt 0.337014 0.460070
vt 0.419706 0.419706
vt 0.410781 0.410781
vt 0.471731 0.341844
vt 0.460070 0.337014
vt 0.490000 0.250000
vt 0.477378 0.250000
vt 0.471731 0.158156
vt 0.460070 0.162986
vt 0.419706 0.080294
vt 0.410781 0.089219
vt 0.341844 0.028269
vt 0.337014 0.039930
vt 0.250000 0.010000
vt 0.250000 0.022622
vt 0.158156 0.028269
vt 0.162986 0.039930
vt 0.080294 0.080294
vt 0.089219 0.089219
vt 0.028269 0.158156
vt 0.039930 0.162986
vt 0.010000 0.250000
vt 0.022622 0.250000
vt 0.028269 0.341844
vt 0.039930 0.337014
vt 0.080294 0.419706
vt 0.089219 0.410781
vt 0.158156 0.471731
vt 0.162986 0.460070
vt 0.299949 0.370588
vt 0.250000 0.380524
vt 0.200051 0.370588
vt 0.157706 0.342294
vt 0.129412 0.299949
vt 0.119476 0.250000
vt 0.129412 0.200051
vt 0.157706 0.157706
vt 0.200051 0.129412
vt 0.250000 0.119476
vt 0.299949 0.129412
vt 0.342294 0.157706
vt 0.370588 0.200051
vt 0.380524 0.250000
vt 0.370588 0.299949
vt 0.342294 0.342294
vt 1.000000 0.768625
vt 1.000000 0.877925
vt 0.125000 0.768625
vt 0.125000 0.877925
vt 0.062500 0.877925
vt 0.062500 0.768625
vt 0.187500 0.768625
vt 0.187500 0.877925
vt 0.250000 0.768625
vt 0.250000 0.877925
vt 0.312500 0.768625
vt 0.312500 0.877925
vt 0.375000 0.768625
vt 0.375000 0.877925
vt 0.437500 0.768625
vt 0.437500 0.877925
vt 0.500000 0.768625
vt 0.500000 0.877925
vt 0.562500 0.768625
vt 0.562500 0.877925
vt 0.625000 0.768625
vt 0.625000 0.877925
vt 0.687500 0.768625
vt 0.687500 0.877925
vt 0.000000 0.877925
vt 0.000000 0.768625
vt 0.750000 0.626530
vt 0.812500 0.626530
vt 0.000000 0.626530
vt 0.062500 0.626530
vt 0.125000 0.626530
vt 0.187500 0.626530
vt 0.937500 0.626530
vt 1.000000 0.626530
vt 0.750000 0.751396
vt 0.687500 0.751396
vt 0.250000 0.626530
vt 0.625000 0.751396
vt 0.312500 0.626530
vt 0.875000 0.626530
vt 0.562500 0.751396
vt 0.500000 0.751396
vt 0.375000 0.626530
vt 0.437500 0.751396
vt 0.437500 0.626530
vt 0.375000 0.751396
vt 0.812500 0.751396
vt 0.062500 0.751396
vt 0.125000 0.751396
vt 0.187500 0.751396
vt 0.250000 0.751396
vt 0.312500 0.751396
vt 0.000000 0.751396
vt 0.875000 0.751396
vt 0.687500 0.626530
vt 0.625000 0.626530
vt 0.562500 0.626530
vt 0.500000 0.626530
vt 0.451353 0.333403
vt 0.409351 0.396263
vt 0.090649 0.396263
vt 0.048647 0.333403
vt 0.110040 0.250000
vt 0.120694 0.303560
vt 0.032058 0.250000
vt 0.120694 0.196440
vt 0.048647 0.166597
vt 0.145791 0.158879
vt 0.145791 0.341121
vt 0.467942 0.250000
vt 0.451353 0.166597
vt 0.409351 0.103737
vt 0.090649 0.103737
vt 0.379306 0.303560
vt 0.354209 0.341121
vt 0.389960 0.250000
vt 0.379306 0.196440
vt 0.354209 0.158879
vt 0.447139 0.168343
vt 0.463381 0.250000
vt 0.383520 0.305306
vt 0.394521 0.250000
vt 0.408660 0.389245
vt 0.359968 0.340554
vt 0.447139 0.331657
vt 0.116480 0.305306
vt 0.140032 0.340554
vt 0.091340 0.389245
vt 0.052861 0.331658
vt 0.408660 0.110755
vt 0.091340 0.110755
vt 0.052861 0.168343
vt 0.036619 0.250000
vt 0.383520 0.194694
vt 0.359968 0.159446
vt 0.116480 0.194694
vt 0.140032 0.159446
vt 0.105479 0.250000
vt 0.631656 0.712182
vt 0.631656 0.683121
vt 0.631656 0.742013
vt 0.632940 0.654831
vt 0.632940 0.682351
vt 0.632940 0.683892
vt 0.632940 0.711411
vt 0.632940 0.712952
vt 0.632940 0.740472
vt 0.631656 0.654061
vt 0.631656 0.625000
vt 0.631656 0.595939
vt 0.631656 0.566879
vt 0.631656 0.537818
vt 0.631656 0.507987
vt 0.632940 0.509528
vt 0.632940 0.537048
vt 0.632940 0.538589
vt 0.632940 0.566108
vt 0.632940 0.567649
vt 0.632940 0.595169
vt 0.632940 0.596710
vt 0.632940 0.624229
vt 0.632940 0.625771
vt 0.632940 0.653290
vt 0.661723 0.507987
vt 0.661081 0.509528
vt 0.690507 0.509528
vt 0.662366 0.509528
vt 0.691149 0.507987
vt 0.691791 0.509528
vt 0.719932 0.509528
vt 0.720575 0.507987
vt 0.721217 0.509528
vt 0.749358 0.509528
vt 0.750000 0.507987
vt 0.750642 0.509528
vt 0.778783 0.509528
vt 0.779426 0.507987
vt 0.808209 0.509528
vt 0.780068 0.509528
vt 0.808851 0.507987
vt 0.809493 0.509528
vt 0.837634 0.509528
vt 0.838276 0.507987
vt 0.867060 0.509528
vt 0.838919 0.509528
vt 0.868344 0.507987
vt 0.868344 0.537818
vt 0.867060 0.566108
vt 0.867060 0.538589
vt 0.867060 0.537048
vt 0.868344 0.566879
vt 0.868344 0.595939
vt 0.868344 0.625000
vt 0.868344 0.654061
vt 0.868344 0.683121
vt 0.868344 0.712182
vt 0.868344 0.742013
vt 0.867060 0.740472
vt 0.867060 0.712952
vt 0.867060 0.711411
vt 0.867060 0.683892
vt 0.867060 0.682351
vt 0.867060 0.654831
vt 0.867060 0.653290
vt 0.867060 0.625771
vt 0.867060 0.624229
vt 0.867060 0.596710
vt 0.867060 0.595169
vt 0.867060 0.567649
vt 0.838276 0.742013
vt 0.809493 0.740472
vt 0.837634 0.740472
vt 0.838919 0.740472
vt 0.808851 0.742013
vt 0.779426 0.742013
vt 0.750000 0.742013
vt 0.720575 0.742013
vt 0.691149 0.742013
vt 0.661724 0.742013
vt 0.661081 0.740472
vt 0.662366 0.740472
vt 0.690507 0.740472
vt 0.691791 0.740472
vt 0.719932 0.740472
vt 0.721217 0.740472
vt 0.749358 0.740472
vt 0.750642 0.740472
vt 0.778783 0.740472
vt 0.780068 0.740472
vt 0.808209 0.740472
vt 0.871701 0.746041
vt 0.628299 0.746041
vt 0.628299 0.746041
vt 0.628299 0.503959
vt 0.565615 0.746041
vt 0.565615 0.503959
vt 0.625000 0.753299
vt 0.565615 0.753299
vt 0.565615 0.750000
vt 0.625000 0.996701
vt 0.565615 0.996701
vt 0.565615 0.000000
vt 0.625000 0.003959
vt 0.565615 0.003959
vt 0.625000 0.246041
vt 0.565615 0.246041
vt 0.871701 0.503959
vt 0.871701 0.746041
vt 0.565615 0.250000
vt 0.625000 0.253299
vt 0.625000 0.496701
vt 0.565615 0.496701
vt 0.565615 0.253299
vt 0.628299 0.503959
vt 0.871701 0.503959
vt 0.541578 0.253299
vt 0.541578 0.246041
vt 0.541578 0.496701
vt 0.520922 0.253299
vt 0.520922 0.246041
vt 0.520922 0.496701
vt 0.541578 0.503959
vt 0.520922 0.503959
vt 0.541578 0.746041
vt 0.520922 0.746041
vt 0.541578 0.746041
vt 0.541578 0.753299
vt 0.520922 0.753299
vt 0.541578 0.753299
vt 0.541578 0.996701
vt 0.520922 0.996701
vt 0.520922 0.003959
vt 0.520922 0.000000
vt 0.541578 0.000000
vt 0.541578 0.003959
vt 0.541578 0.246041
vt 0.375000 0.000000
vt 0.375000 0.003959
vt 0.464029 0.242248
vt 0.464029 0.007752
vt 0.431893 0.007752
vt 0.458261 0.241864
vt 0.458261 0.008136
vt 0.437660 0.008136
vt 0.437660 0.241864
vt 0.431893 0.242248
vt 0.375000 0.246041
vt 0.375000 0.253299
vt 0.125000 0.503959
vt 0.128299 0.500000
vt 0.128299 0.750000
vt 0.125000 0.746041
vt 0.375000 0.496701
vt 0.137547 0.744459
vt 0.137456 0.505665
vt 0.375000 0.753299
vt 0.375000 0.996701
vt 0.371701 0.750000
vt 0.371701 0.500000
vt 0.375000 0.503959
vt 0.375000 0.746041
vt 0.375000 0.746041
vt 0.464029 0.742248
vt 0.464029 0.507752
vt 0.431893 0.742248
vt 0.458261 0.741864
vt 0.458261 0.508136
vt 0.437660 0.741864
vt 0.437660 0.508136
vt 0.431893 0.507752
vt 0.375000 0.503959
vt 0.565615 0.500000
vt 0.838919 0.712952
vt 0.837634 0.712952
vt 0.809493 0.712952
vt 0.808209 0.712952
vt 0.780068 0.712952
vt 0.778783 0.712952
vt 0.750642 0.712952
vt 0.749358 0.712952
vt 0.721217 0.712952
vt 0.719932 0.712952
vt 0.691791 0.712952
vt 0.690507 0.712952
vt 0.662366 0.712952
vt 0.661081 0.712952
vt 0.661081 0.711411
vt 0.662366 0.711411
vt 0.690507 0.711411
vt 0.691791 0.711411
vt 0.719932 0.711411
vt 0.721217 0.711411
vt 0.749358 0.711411
vt 0.750642 0.711411
vt 0.778783 0.711411
vt 0.780068 0.711411
vt 0.808209 0.711411
vt 0.809493 0.711411
vt 0.837634 0.711411
vt 0.838919 0.711411
vt 0.661081 0.683892
vt 0.662366 0.683892
vt 0.661081 0.682351
vt 0.662366 0.682351
vt 0.690507 0.682351
vt 0.691791 0.682351
vt 0.719932 0.682351
vt 0.721217 0.682351
vt 0.749358 0.682351
vt 0.750642 0.682351
vt 0.778783 0.682351
vt 0.780068 0.682351
vt 0.808209 0.682351
vt 0.809493 0.682351
vt 0.837634 0.682351
vt 0.838919 0.682351
vt 0.838919 0.683892
vt 0.837634 0.683892
vt 0.809493 0.683892
vt 0.808209 0.683892
vt 0.780068 0.683892
vt 0.778783 0.683892
vt 0.750642 0.683892
vt 0.749358 0.683892
vt 0.721217 0.683892
vt 0.719932 0.683892
vt 0.691791 0.683892
vt 0.690507 0.683892
vt 0.838919 0.654831
vt 0.837634 0.654831
vt 0.809493 0.654831
vt 0.808209 0.654831
vt 0.780068 0.654831
vt 0.778783 0.654831
vt 0.750642 0.654831
vt 0.749358 0.654831
vt 0.721217 0.654831
vt 0.719932 0.654831
vt 0.691791 0.654831
vt 0.690507 0.654831
vt 0.662366 0.654831
vt 0.661081 0.654831
vt 0.661081 0.653290
vt 0.662366 0.653290
vt 0.690507 0.653290
vt 0.691791 0.653290
vt 0.719932 0.653290
vt 0.721217 0.653290
vt 0.749358 0.653290
vt 0.750642 0.653290
vt 0.778783 0.653290
vt 0.780068 0.653290
vt 0.808209 0.653290
vt 0.809493 0.653290
vt 0.837634 0.653290
vt 0.838919 0.653290
vt 0.661081 0.625771
vt 0.662366 0.625771
vt 0.661081 0.624229
vt 0.662366 0.624229
vt 0.690507 0.624229
vt 0.691791 0.624229
vt 0.719932 0.624229
vt 0.721217 0.624229
vt 0.749358 0.624229
vt 0.750642 0.624229
vt 0.778783 0.624229
vt 0.780068 0.624229
vt 0.808209 0.624229
vt 0.809493 0.624229
vt 0.837634 0.624229
vt 0.838919 0.624229
vt 0.838919 0.625771
vt 0.837634 0.625771
vt 0.809493 0.625771
vt 0.808209 0.625771
vt 0.780068 0.625771
vt 0.778783 0.625771
vt 0.750642 0.625771
vt 0.749358 0.625771
vt 0.721217 0.625771
vt 0.719932 0.625771
vt 0.691791 0.625771
vt 0.690507 0.625771
vt 0.838919 0.596710
vt 0.837634 0.596710
vt 0.809493 0.596710
vt 0.808209 0.596710
vt 0.780068 0.596710
vt 0.778783 0.596710
vt 0.750642 0.596710
vt 0.749358 0.596710
vt 0.721217 0.596710
vt 0.719932 0.596710
vt 0.691791 0.596710
vt 0.690507 0.596710
vt 0.662366 0.596710
vt 0.661081 0.596710
vt 0.661081 0.595169
vt 0.662366 0.595169
vt 0.690507 0.595169
vt 0.691791 0.595169
vt 0.719932 0.595169
vt 0.721217 0.595169
vt 0.749358 0.595169
vt 0.750642 0.595169
vt 0.778783 0.595169
vt 0.780068 0.595169
vt 0.808209 0.595169
vt 0.809493 0.595169
vt 0.837634 0.595169
vt 0.838919 0.595169
vt 0.661081 0.567649
vt 0.662366 0.567649
vt 0.661081 0.566108
vt 0.662366 0.566108
vt 0.690507 0.566108
vt 0.691791 0.566108
vt 0.719932 0.566108
vt 0.721217 0.566108
vt 0.749358 0.566108
vt 0.750642 0.566108
vt 0.778783 0.566108
vt 0.780068 0.566108
vt 0.808209 0.566108
vt 0.809493 0.566108
vt 0.837634 0.566108
vt 0.838919 0.566108
vt 0.838919 0.567649
vt 0.837634 0.567649
vt 0.809493 0.567649
vt 0.808209 0.567649
vt 0.780068 0.567649
vt 0.778783 0.567649
vt 0.750642 0.567649
vt 0.749358 0.567649
vt 0.721217 0.567649
vt 0.719932 0.567649
vt 0.691791 0.567649
vt 0.690507 0.567649
vt 0.838919 0.538589
vt 0.837634 0.538589
vt 0.809493 0.538589
vt 0.808209 0.538589
vt 0.780068 0.538589
vt 0.778783 0.538589
vt 0.750642 0.538589
vt 0.749358 0.538589
vt 0.721217 0.538589
vt 0.719932 0.538589
vt 0.691791 0.538589
vt 0.690507 0.538589
vt 0.662366 0.538589
vt 0.661081 0.538589
vt 0.661081 0.537048
vt 0.662366 0.537048
vt 0.690507 0.537048
vt 0.691791 0.537048
vt 0.719932 0.537048
vt 0.721217 0.537048
vt 0.749358 0.537048
vt 0.750642 0.537048
vt 0.778783 0.537048
vt 0.780068 0.537048
vt 0.808209 0.537048
vt 0.809493 0.537048
vt 0.837634 0.537048
vt 0.838919 0.537048
vt 0.365678 0.747469
vt 0.137547 0.744459
vt 0.137458 0.510461
vt 0.362680 0.510561
vt 0.362618 0.505706
vt 0.365678 0.747469
vt 0.362618 0.505706
vt 0.290518 0.505693
vt 0.250572 0.505686
vt 0.362680 0.510561
vt 0.137458 0.510460
vt 0.362680 0.510561
vt 0.298276 0.505694
vt 0.249503 0.505686
vt 0.251524 0.505686
vt 0.285967 0.505692
vt 0.248550 0.505685
vt 0.214107 0.505679
vt 0.769545 0.611289
vt 0.772366 0.607465
vt 0.769545 0.638711
vt 0.769545 0.638711
vt 0.769545 0.607465
vt 0.771174 0.609673
vt 0.771174 0.640327
vt 0.772735 0.611790
vt 0.772735 0.638210
vt 0.772366 0.642535
vt 0.769545 0.642535
vt 0.785898 0.638210
vt 0.787460 0.640327
vt 0.786268 0.642535
vt 0.771174 0.640327
vt 0.772920 0.637960
vt 0.776521 0.636415
vt 0.784574 0.636415
vt 0.772920 0.612039
vt 0.774060 0.615771
vt 0.774060 0.634229
vt 0.772920 0.637960
vt 0.774060 0.634415
vt 0.774060 0.636415
vt 0.774060 0.615585
vt 0.774060 0.623348
vt 0.774060 0.626652
vt 0.774060 0.634415
vt 0.774060 0.634229
vt 0.774060 0.615771
vt 0.776521 0.613585
vt 0.774060 0.613585
vt 0.784574 0.613585
vt 0.776521 0.613585
vt 0.772920 0.612039
vt 0.785898 0.611790
vt 0.774060 0.615771
vt 0.774060 0.615585
vt 0.776515 0.613585
vt 0.784574 0.631788
vt 0.784574 0.618211
vt 0.785898 0.611790
vt 0.785898 0.638210
vt 0.784574 0.618212
vt 0.784574 0.631788
vt 0.776521 0.636415
vt 0.776515 0.636415
vt 0.776515 0.636415
vt 0.777022 0.636415
vt 0.777022 0.636415
vt 0.777022 0.613585
vt 0.776515 0.613585
vt 0.777022 0.613585
vt 0.774060 0.618196
vt 0.774060 0.619288
vt 0.774060 0.619288
vt 0.774060 0.631804
vt 0.774060 0.626652
vt 0.774060 0.618196
vt 0.774060 0.623348
vt 0.774060 0.623348
vt 0.774060 0.619288
vt 0.774060 0.623348
vt 0.774060 0.626652
vt 0.774060 0.630712
vt 0.774060 0.630712
vt 0.774060 0.630712
vt 0.774060 0.630712
vt 0.774060 0.630712
vt 0.774060 0.626652
vt 0.774060 0.630712
vt 0.774060 0.626652
vt 0.774060 0.630712
vt 0.774060 0.626652
vt 0.774060 0.630712
vt 0.774060 0.626652
vt 0.774060 0.623348
vt 0.774060 0.619288
vt 0.774060 0.619288
vt 0.774060 0.623348
vt 0.774060 0.619288
vt 0.774060 0.623348
vt 0.787460 0.609673
vt 0.789089 0.611289
vt 0.789089 0.638711
vt 0.787460 0.640327
vt 0.786268 0.607465
vt 0.786268 0.607465
vt 0.789089 0.607465
vt 0.789089 0.611289
vt 0.789089 0.638711
vt 0.789089 0.638711
vt 0.786268 0.642535
vt 0.774059 0.642535
vt 0.774349 0.642535
vt 0.774349 0.642535
vt 0.789089 0.611289
vt 0.774349 0.607465
vt 0.774059 0.607465
vt 0.774349 0.607465
vt 0.789089 0.642535
vt 0.750000 0.607465
vt 0.750000 0.642535
vt 0.717372 0.607465
vt 0.717389 0.607465
vt 0.710911 0.616176
vt 0.710911 0.616156
vt 0.710911 0.633844
vt 0.710911 0.633824
vt 0.717389 0.642535
vt 0.717372 0.642535
vt 0.720247 0.638644
vt 0.710911 0.633824
vt 0.713782 0.629963
vt 0.713782 0.620037
vt 0.710911 0.616176
vt 0.715183 0.631847
vt 0.718843 0.636762
vt 0.720247 0.638644
vt 0.713782 0.629963
vt 0.715165 0.631870
vt 0.713782 0.630016
vt 0.713782 0.627514
vt 0.713782 0.627565
vt 0.713782 0.622485
vt 0.718822 0.636789
vt 0.715608 0.631887
vt 0.720444 0.636789
vt 0.713782 0.630033
vt 0.722319 0.638644
vt 0.713782 0.627581
vt 0.713782 0.619967
vt 0.722319 0.611356
vt 0.747129 0.611356
vt 0.747129 0.638644
vt 0.722319 0.638644
vt 0.713782 0.622419
vt 0.713782 0.626816
vt 0.713782 0.626833
vt 0.713782 0.623167
vt 0.713782 0.623184
vt 0.713782 0.623233
vt 0.713782 0.626767
vt 0.713782 0.622435
vt 0.713782 0.619984
vt 0.715183 0.618152
vt 0.715165 0.618130
vt 0.715608 0.618113
vt 0.718822 0.613210
vt 0.720444 0.613211
vt 0.718843 0.613238
vt 0.720206 0.611356
vt 0.746932 0.611356
vt 0.746932 0.638644
vt 0.721824 0.611356
vt 0.746881 0.611356
vt 0.746881 0.638644
vt 0.722263 0.611356
vt 0.746881 0.611356
vt 0.746881 0.612446
vt 0.746881 0.637554
vt 0.746069 0.611356
vt 0.746881 0.611356
vt 0.747378 0.612440
vt 0.746881 0.612446
vt 0.746564 0.611356
vt 0.747378 0.637560
vt 0.746881 0.637554
vt 0.746877 0.638645
vt 0.746564 0.638644
vt 0.746069 0.638644
vt 0.747378 0.638644
vt 0.747378 0.638644
vt 0.747378 0.611356
vt 0.747378 0.611356
vt 0.722301 0.638644
vt 0.747325 0.611356
vt 0.747325 0.638644
vt 0.721861 0.638644
vt 0.720247 0.611356
vt 0.721861 0.611356
vt 0.722301 0.611356
vt 0.723365 0.611356
vt 0.724253 0.611356
vt 0.724219 0.611356
vt 0.745476 0.611356
vt 0.744873 0.611356
vt 0.723882 0.611356
vt 0.724427 0.611356
vt 0.724253 0.611356
vt 0.744307 0.611356
vt 0.744552 0.611356
vt 0.745476 0.611356
vt 0.744552 0.611356
vt 0.744140 0.611356
vt 0.747374 0.611357
vt 0.721824 0.638644
vt 0.720206 0.638644
vt 0.722263 0.638644
vt 0.746069 0.638644
vt 0.724219 0.638644
vt 0.724253 0.638644
vt 0.723365 0.638644
vt 0.744140 0.638644
vt 0.744552 0.638644
vt 0.744552 0.638644
vt 0.745476 0.638644
vt 0.744307 0.638644
vt 0.724427 0.638644
vt 0.744873 0.638644
vt 0.723882 0.638644
vt 0.723365 0.638644
vt 0.000000 0.000000
s 0
usemtl M_Noir_Bleuté
f 1/1/1 96/2/1 94/3/1 3/4/1
f 93/5/2 36/6/2 38/7/2 90/8/2
f 7/9/3 88/10/3 85/11/3 9/12/3
f 87/13/3 40/14/3 42/15/3 86/16/3
f 9/12/4 85/11/4 84/17/4 11/18/4
f 11/18/5 84/17/5 82/19/5 13/20/5
f 13/20/6 82/19/6 80/21/6 15/22/6
f 15/22/7 80/21/7 78/23/7 17/24/7
f 17/24/8 78/23/8 76/25/8 19/26/8
f 19/26/9 76/25/9 74/27/9 21/28/9
f 21/28/10 74/27/10 72/29/10 23/30/10
f 23/30/11 72/29/11 70/31/11 25/32/11
f 29/33/12 66/34/12 91/35/12 31/36/12
f 25/32/13 70/31/13 68/37/13 27/38/13
f 31/36/15 91/35/15 96/41/15 1/42/15
f 3/4/2 94/43/2 89/44/2 5/45/2
f 1/46/14 3/47/14 5/48/14 7/49/14 9/50/14 11/51/14 13/52/14 15/53/14 17/54/14 19/55/14 21/56/14 23/57/14 25/58/14 27/59/14 29/60/14 31/61/14
f 36/62/16 34/63/16 177/64/16 178/65/16
f 38/66/17 36/62/17 178/65/17 193/67/17
f 40/68/18 38/66/18 193/67/18 194/69/18
f 42/70/19 40/68/19 194/69/19 195/71/19
f 44/72/20 42/70/20 195/71/20 196/73/20
f 46/74/21 44/72/21 196/73/21 197/75/21
f 48/76/22 46/74/22 197/75/22 184/77/22
f 50/78/23 48/76/23 184/77/23 185/79/23
f 52/80/24 50/78/24 185/79/24 186/81/24
f 54/82/25 52/80/25 186/81/25 198/83/25
f 56/84/26 54/82/26 198/83/26 199/85/26
f 58/86/27 56/84/27 199/85/27 200/87/27
f 60/88/28 58/86/28 200/87/28 201/89/28
f 62/90/29 60/88/29 201/89/29 202/91/29
f 64/92/30 62/90/30 202/91/30 192/93/30
f 34/63/31 64/92/31 192/93/31 177/64/31
f 35/94/32 33/95/32 63/96/32 212/97/32 211/98/32 210/99/32 209/100/32 208/101/32 51/102/32 49/103/32 47/104/32 207/105/32 206/106/32 205/107/32 204/108/32 203/109/32
f 95/110/1 34/111/1 36/6/1 93/5/1
f 65/112/12 62/113/12 64/114/12 92/115/12
f 67/116/33 60/117/33 62/113/33 65/112/33
f 69/118/13 58/119/13 60/117/13 67/116/13
f 71/120/11 56/121/11 58/119/11 69/118/11
f 73/122/10 54/123/10 56/121/10 71/120/10
f 75/124/9 52/125/9 54/123/9 73/122/9
f 77/126/8 50/127/8 52/125/8 75/124/8
f 79/128/7 48/129/7 50/127/7 77/126/7
f 81/130/6 46/131/6 48/129/6 79/128/6
f 83/132/5 44/133/5 46/131/5 81/130/5
f 86/16/4 42/15/4 44/133/4 83/132/4
f 5/45/34 89/44/34 88/10/34 7/9/34
f 90/8/34 38/7/34 40/14/34 87/13/34
f 92/115/15 64/114/15 34/134/15 95/135/15
f 74/27/32 76/25/32 100/25/32 102/27/32
f 65/112/14 92/115/14 123/115/14 109/112/14
f 83/132/14 81/130/14 8/130/14 12/132/14
f 66/34/32 68/37/32 108/37/32 110/34/32
f 84/17/32 85/11/32 119/11/32 10/17/32
f 75/124/14 73/122/14 101/122/14 99/124/14
f 76/25/32 78/23/32 98/23/32 100/25/32
f 67/116/14 65/112/14 109/112/14 107/116/14
f 86/16/14 83/132/14 12/132/14 121/16/14
f 68/37/32 70/31/32 106/31/32 108/37/32
f 77/126/14 75/124/14 99/124/14 97/126/14
f 88/10/32 89/44/32 114/44/32 113/10/32
f 85/11/32 88/10/32 113/10/32 119/11/32
f 78/23/32 80/21/32 2/21/32 98/23/32
f 69/118/14 67/116/14 107/116/14 105/118/14
f 87/13/14 86/16/14 121/16/14 120/13/14
f 27/38/33 68/37/33 66/34/33 29/33/33
f 91/35/32 66/34/32 110/34/32 115/35/32
f 73/122/14 71/120/14 103/120/14 101/122/14
f 82/19/32 84/17/32 10/17/32 6/19/32
f 95/110/14 93/5/14 111/5/14 133/110/14
f 92/115/14 95/135/14 133/135/14 123/115/14
f 81/130/14 79/128/14 130/128/14 8/130/14
f 72/29/32 74/27/32 102/27/32 104/29/32
f 94/3/32 96/2/32 118/2/32 117/3/32
f 96/41/32 91/35/32 115/35/32 118/41/32
f 71/120/14 69/118/14 105/118/14 103/120/14
f 80/21/32 82/19/32 6/19/32 2/21/32
f 93/5/14 90/8/14 22/8/14 111/5/14
f 79/128/14 77/126/14 97/126/14 130/128/14
f 89/44/32 94/43/32 117/43/32 114/44/32
f 90/8/14 87/13/14 120/13/14 22/8/14
f 70/31/32 72/29/32 104/29/32 106/31/32
f 33/95/32 35/94/32 178/65/32 177/64/32
f 35/94/32 203/109/32 193/67/32 178/65/32
f 180/168/10 179/169/10 233/169/10 214/168/10
f 191/170/5 190/171/5 224/171/5 242/170/5
f 57/172/13 59/173/13 223/173/13 221/172/13
f 190/171/4 189/174/4 240/174/4 224/171/4
f 207/105/32 47/104/32 184/77/32 197/75/32
f 47/104/32 49/103/32 185/79/32 184/77/32
f 49/103/32 51/102/32 186/81/32 185/79/32
f 51/102/32 208/101/32 198/83/32 186/81/32
f 55/175/11 57/172/11 221/172/11 249/175/11
f 189/174/3 188/176/3 239/176/3 240/174/3
f 53/177/10 55/175/10 249/175/10 248/177/10
f 61/178/35 191/170/35 242/170/35 252/178/35
f 212/97/32 63/96/32 192/93/32 202/91/32
f 63/96/32 33/95/32 177/64/32 192/93/32
f 179/169/32 180/168/32 194/69/32 193/67/32
f 180/168/32 181/179/32 195/71/32 194/69/32
f 181/179/32 182/180/32 196/73/32 195/71/32
f 182/180/32 183/181/32 197/75/32 196/73/32
f 187/182/32 188/176/32 199/85/32 198/83/32
f 188/176/32 189/174/32 200/87/32 199/85/32
f 189/174/32 190/171/32 201/89/32 200/87/32
f 190/171/32 191/170/32 202/91/32 201/89/32
f 39/183/32 37/184/32 203/109/32 204/108/32
f 41/185/32 39/183/32 204/108/32 205/107/32
f 43/186/32 41/185/32 205/107/32 206/106/32
f 45/187/32 43/186/32 206/106/32 207/105/32
f 55/175/32 53/177/32 208/101/32 209/100/32
f 57/172/32 55/175/32 209/100/32 210/99/32
f 59/173/32 57/172/32 210/99/32 211/98/32
f 61/178/32 59/173/32 211/98/32 212/97/32
f 37/184/32 179/169/32 193/67/32 203/109/32
f 183/181/32 45/187/32 207/105/32 197/75/32
f 53/177/32 187/182/32 198/83/32 208/101/32
f 191/170/32 61/178/32 212/97/32 202/91/32
f 59/173/33 61/178/33 252/178/33 223/173/33
f 37/184/34 39/183/34 213/183/34 243/184/34
f 181/179/11 180/168/11 214/168/11 216/179/11
f 179/169/37 37/184/37 243/184/37 233/169/37
f 39/183/3 41/185/3 215/185/3 213/183/3
f 182/180/13 181/179/13 216/179/13 218/180/13
f 45/187/38 183/181/38 237/181/38 247/187/38
f 41/185/4 43/186/4 217/186/4 215/185/4
f 183/181/33 182/180/33 218/180/33 237/181/33
f 187/182/36 53/177/36 248/177/36 238/182/36
f 43/186/5 45/187/5 247/187/5 217/186/5
f 188/176/34 187/182/34 238/182/34 239/176/34
f 389/341/61 390/342/61 383/342/61 387/341/61
f 391/329/40 389/341/40 387/341/40 388/329/40
f 1595/346/60 390/342/60 389/341/60 392/347/60
f 394/348/39 393/349/39 389/341/39 391/329/39
f 393/349/39 395/350/39 392/347/39 389/341/39
f 393/349/57 394/348/57 397/348/57 396/349/57
f 395/350/44 393/349/44 396/349/44 398/350/44
f 408/355/40 395/350/40 398/350/40 407/355/40
f 394/348/41 408/355/41 407/355/41 397/348/41
f 395/350/39 408/355/39 409/356/39 392/347/39
f 408/355/39 394/348/39 391/329/39 409/356/39
f 411/328/52 1593/357/52 409/356/52 391/329/52
f 409/358/57 1593/359/57 1595/360/57 392/361/57
f 1593/357/44 411/328/44 436/330/44 1594/362/44
f 1073/363/57 1070/364/57 1604/364/57 1605/363/57
f 1596/365/41 416/337/41 390/340/41 1595/366/41
f 1596/367/57 1594/368/57 435/369/57 415/370/57
f 416/337/62 1596/365/62 415/371/62 417/334/62
f 390/340/61 416/337/61 381/337/61 383/340/61
f 416/337/40 417/334/40 378/334/40 381/337/40
f 417/334/40 418/332/40 375/332/40 378/334/40
f 419/372/43 420/373/43 418/332/43 417/334/43
f 421/374/43 419/372/43 417/334/43 415/371/43
f 420/373/57 419/372/57 422/372/57 423/373/57
f 419/372/44 421/374/44 424/374/44 422/372/44
f 421/374/40 434/379/40 433/379/40 424/374/40
f 434/379/41 420/373/41 423/373/41 433/379/41
f 434/379/43 421/374/43 415/371/43 435/380/43
f 420/373/43 434/379/43 435/380/43 418/332/43
f 418/332/63 435/380/63 1594/362/63 436/330/63
f 418/332/64 436/330/64 372/330/64 375/332/64
f 436/330/40 411/328/40 370/328/40 372/330/40
f 411/328/40 391/329/40 388/329/40 370/328/40
f 1049/341/40 1050/342/40 1043/342/40 1047/341/40
f 1051/329/40 1049/341/40 1047/341/40 1048/329/40
f 1599/346/60 1050/342/60 1049/341/60 1052/347/60
f 1054/348/39 1053/349/39 1049/341/39 1051/329/39
f 1053/349/39 1055/350/39 1052/347/39 1049/341/39
f 1053/349/57 1054/348/57 1057/348/57 1056/349/57
f 1055/350/44 1053/349/44 1056/349/44 1058/350/44
f 1068/355/40 1055/350/40 1058/350/40 1067/355/40
f 1054/348/41 1068/355/41 1067/355/41 1057/348/41
f 1055/350/39 1068/355/39 1069/356/39 1052/347/39
f 1068/355/39 1054/348/39 1051/329/39 1069/356/39
f 1071/328/52 1597/357/52 1069/356/52 1051/329/52
f 1069/358/57 1597/359/57 1599/360/57 1052/361/57
f 1597/357/44 1071/328/44 1096/330/44 1598/362/44
f 1612/578/57 1611/579/57 1620/580/57 1622/581/57
f 1600/365/41 1076/337/41 1050/340/41 1599/366/41
f 1600/367/57 1598/368/57 1095/369/57 1075/370/57
f 1076/337/62 1600/365/62 1075/371/62 1077/334/62
f 1050/340/61 1076/337/61 1041/337/61 1043/340/61
f 1076/337/40 1077/334/40 1038/334/40 1041/337/40
f 1077/334/40 1078/332/40 1035/332/40 1038/334/40
f 1079/372/43 1080/373/43 1078/332/43 1077/334/43
f 1081/374/43 1079/372/43 1077/334/43 1075/371/43
f 1080/373/57 1079/372/57 1082/372/57 1083/373/57
f 1079/372/44 1081/374/44 1084/374/44 1082/372/44
f 1081/374/40 1094/379/40 1093/379/40 1084/374/40
f 1094/379/41 1080/373/41 1083/373/41 1093/379/41
f 1094/379/43 1081/374/43 1075/371/43 1095/380/43
f 1080/373/43 1094/379/43 1095/380/43 1078/332/43
f 1078/332/63 1095/380/63 1598/362/63 1096/330/63
f 1078/332/64 1096/330/64 1032/330/64 1035/332/64
f 1096/330/40 1071/328/40 1030/328/40 1032/330/40
f 1071/328/40 1051/329/40 1048/329/40 1030/328/40
f 412/582/57 410/364/57 1593/359/57 1594/368/57
f 410/364/57 413/579/57 1595/360/57 1593/359/57
f 413/579/57 414/583/57 1596/365/57 1595/360/57
f 414/583/57 412/582/57 1594/368/57 1596/365/57
f 1072/584/57 1070/364/57 1597/359/57 1598/368/57
f 1070/364/57 1073/363/57 1599/360/57 1597/359/57
f 1073/363/57 1074/578/57 1600/365/57 1599/360/57
f 1074/578/57 1072/584/57 1598/368/57 1600/365/57
f 412/582/57 414/583/57 1603/583/57 1601/582/57
f 410/364/14 412/582/14 1601/585/14 1613/586/14 1615/364/14
f 1074/578/14 1073/363/14 1605/363/14 1606/578/14
f 1606/578/67 1612/578/67 1622/587/67 1616/587/67
f 414/583/14 413/579/14 1602/579/14 1603/583/14
f 1614/588/68 1620/588/68 1611/579/68 1602/579/68
f 1072/584/57 1074/578/57 1606/578/57 1616/589/57 1618/584/57
f 1070/364/32 1072/584/32 1618/590/32 1617/591/32 1604/364/32
f 1605/363/39 1604/364/39 1609/364/39 1610/363/39
f 1601/582/43 1603/583/43 1608/583/43 1607/582/43
f 413/579/57 410/364/57 1615/364/57 1614/588/57 1602/579/57
f 1606/578/41 1605/363/41 1610/363/41 1608/583/41 1603/583/41 1602/579/41 1611/579/41 1612/578/41
f 1610/363/40 1609/364/40 1607/582/40 1608/583/40
f 1613/592/57 1614/364/57 1615/364/57
f 1616/587/57 1617/584/57 1618/590/57
f 1616/587/69 1622/587/69 1621/593/69 1617/594/69
f 1620/588/70 1614/588/70 1613/592/70 1619/595/70
f 1622/581/71 1620/580/71 1619/595/71 1621/593/71
f 1617/594/44 1621/593/44 1619/595/44 1613/592/44 1601/582/44 1607/582/44 1609/364/44 1604/364/44
f 1631/596/36 1630/596/36 1629/597/36 1633/597/36
f 1625/598/72 1630/596/72 1631/596/72 1634/599/72
f 1631/596/73 1633/600/73 1632/601/73
f 1636/602/74 1634/598/74 1631/596/74 1632/601/74 1639/603/74 1637/604/74
f 1625/598/38 1634/599/38 1635/605/38 1626/605/38
f 1635/605/75 1634/606/75 1636/602/75
f 1637/604/76 1638/607/76 1816/608/76 1772/609/76 1635/605/76 1636/610/76
f 1640/611/32 1641/612/32 1650/613/32 1638/607/32 1637/604/32
f 1646/614/32 1644/615/32 1642/616/32 1640/617/32 1637/604/32 1639/603/32
f 1643/618/77 1641/619/77 1640/611/77 1642/616/77
f 1645/620/78 1682/621/78 1683/622/78 1643/623/78 1642/624/78 1644/625/78
f 1647/626/79 1645/627/79 1644/625/79 1646/614/79
f 1649/628/32 1647/629/32 1646/630/32 1639/603/32 1652/631/32
f 1669/632/80 1645/633/80 1647/626/80 1648/634/80
f 1647/626/39 1649/628/39 1651/628/39 1648/634/39
f 1654/635/81 1653/636/81 1649/628/81 1650/613/81
f 1650/613/32 1649/628/32 1652/637/32 1638/638/32
f 1653/636/82 1655/639/82 1651/628/82 1649/628/82
f 1653/636/83 1654/635/83 1657/635/83 1656/636/83
f 1655/639/43 1653/636/43 1656/636/43 1658/639/43
f 1660/640/84 1655/639/84 1658/639/84 1659/640/84
f 1654/635/39 1660/640/39 1659/640/39 1657/635/39
f 1655/639/81 1660/640/81 1661/613/81 1651/628/81
f 1660/640/82 1654/635/82 1650/613/82 1661/613/82
f 1651/628/85 1661/613/85 1662/613/85 1760/628/85
f 1650/613/43 1641/641/43 1663/642/43 1661/613/43
f 1661/613/43 1663/643/43 1665/644/43 1662/613/43
f 1665/644/86 1663/643/86 1664/624/86 1666/616/86
f 1643/618/87 1664/624/87 1663/642/87 1641/641/87
f 1665/645/32 1666/624/32 1667/625/32 1668/646/32 1760/628/32 1662/613/32
f 1664/624/88 1669/625/88 1667/615/88 1666/616/88
f 1648/647/89 1668/648/89 1667/615/89 1669/625/89
f 1670/649/78 1672/650/78 1673/651/78 1645/633/78 1669/632/78
f 1759/652/78 1758/653/78 1671/621/78 1670/654/78 1669/615/78 1664/616/78
f 1671/655/78 1672/650/78 1670/649/78
f 1671/655/90 1676/656/90 1674/650/90 1672/650/90
f 1673/651/39 1672/650/39 1674/650/39 1677/657/39
f 1674/650/91 1676/656/91 1755/656/91 1675/650/91
f 1677/657/92 1674/650/92 1675/650/92 1678/657/92
f 1679/658/93 1677/657/93 1678/657/93 1681/658/93
f 1679/658/94 1682/621/94 1673/651/94 1677/657/94
f 1680/659/95 1679/658/95 1681/658/95 1689/659/95
f 1683/653/96 1682/621/96 1679/658/96 1680/659/96
f 1673/651/78 1682/651/78 1645/620/78
f 1686/660/97 1684/661/97 1683/653/97 1680/659/97
f 1683/653/78 1684/662/78 1643/618/78
f 1685/663/43 1684/661/43 1686/660/43 1687/664/43
f 1643/618/78 1684/661/78 1685/663/78 1759/652/78 1664/624/78
f 1686/660/98 1680/659/98 1689/659/98 1688/660/98
f 1687/664/99 1686/660/99 1688/660/99 1691/664/99
f 1757/653/102 1687/664/102 1691/664/102 1692/653/102
f 1709/669/106 1708/660/106 1705/660/106 1706/669/106
f 1708/668/104 1710/663/104 1707/663/104 1705/668/104
f 1711/670/107 1708/660/107 1709/669/107 1713/671/107
f 1710/663/43 1708/668/43 1711/670/43 1714/666/43
f 1712/661/97 1711/670/97 1713/671/97 1753/622/97
f 1714/666/43 1711/670/43 1712/661/43 1715/663/43
f 1717/653/105 1716/653/105 1714/666/105 1715/663/105
f 1716/653/105 1719/653/105 1710/661/105 1714/666/105
f 1718/621/108 1716/653/108 1717/653/108 1752/621/108
f 1721/672/108 1719/653/108 1716/653/108 1718/621/108
f 1719/653/109 1721/672/109 1723/672/109 1720/653/109
f 1710/661/103 1719/653/103 1720/653/103 1707/661/103
f 1721/621/110 1722/673/110 1725/673/110 1723/621/110
f 1721/621/90 1718/621/90 1750/674/90 1722/673/90
f 1722/673/113 1745/651/113 1726/651/113 1725/673/113
f 1744/655/109 1709/669/109 1706/669/109 1743/655/109
f 1745/651/114 1744/621/114 1743/621/114 1726/651/114
f 1709/669/96 1744/655/96 1746/655/96 1713/671/96
f 1746/655/94 1744/621/94 1745/651/94 1748/651/94
f 1747/621/94 1746/655/94 1748/651/94 1749/651/94
f 1713/671/96 1746/655/96 1747/621/96 1753/622/96
f 1748/651/39 1750/674/39 1751/651/39 1749/651/39
f 1745/651/39 1722/673/39 1750/674/39 1748/651/39
f 1718/621/90 1752/621/90 1751/651/90 1750/674/90
f 1712/663/78 1753/653/78 1747/621/78 1749/650/78 1751/650/78 1752/655/78 1717/653/78 1715/661/78
f 1676/656/95 1757/653/95 1692/653/95 1755/656/95
f 1757/653/105 1758/653/105 1685/663/105 1687/664/105
f 1671/655/108 1758/653/108 1757/653/108 1676/656/108
f 1685/663/78 1758/663/78 1759/652/78
f 1648/647/39 1651/628/39 1760/628/39 1668/648/39
f 1638/638/117 1652/637/117 1761/678/117 1763/679/117 1764/680/117 1816/681/117
f 1632/601/118 1633/597/118 1762/682/118 1761/678/118 1652/631/118 1639/603/118
f 1762/683/119 1763/684/119 1761/678/119
f 1767/683/35 1765/685/35 1763/685/35 1762/683/35
f 1765/685/85 1768/686/85 1764/687/85 1763/685/85
f 1765/685/14 1767/683/14 1811/683/14 1766/685/14
f 1768/686/14 1765/685/14 1766/685/14 1769/686/14
f 1770/609/14 1768/686/14 1769/686/14 1773/609/14
f 1768/686/37 1770/609/37 1772/688/37 1764/687/37
f 1771/689/14 1770/609/14 1773/609/14 1774/689/14
f 1770/609/43 1771/689/43 1635/605/43 1772/688/43
f 1786/689/85 1771/689/85 1774/689/85 1785/689/85
f 1789/609/32 1786/689/32 1785/689/32 1787/609/32
f 1790/686/32 1789/609/32 1787/609/32 1788/686/32
f 1789/609/37 1790/686/37 1624/686/37 1623/609/37
f 1786/689/43 1789/609/43 1623/609/43 1626/605/43
f 1791/685/32 1790/686/32 1788/686/32 1794/685/32
f 1790/686/85 1791/685/85 1793/692/85 1624/686/85
f 1791/685/35 1792/683/35 1815/682/35 1793/692/35
f 1792/683/32 1791/685/32 1794/685/32 1795/683/32
f 1767/683/14 1813/694/14 1812/694/14 1811/683/14
f 1813/694/85 1814/694/85 1804/694/85 1812/694/85
f 1814/694/39 1813/694/39 1633/597/39 1629/597/39
f 1813/694/39 1767/683/39 1762/683/39 1633/597/39
f 1814/694/32 1792/683/32 1795/683/32 1804/694/32
f 1792/683/39 1814/694/39 1629/597/39 1815/682/39
f 1771/689/43 1786/689/43 1626/605/43 1635/605/43
f 1764/687/122 1772/696/122 1816/608/122
f 1628/697/85 1627/698/85 1914/698/85 1817/697/85
f 1818/699/39 1628/697/39 1817/697/39 1916/700/39
f 1820/701/123 1819/702/123 1818/699/123 1916/700/123
f 1821/703/72 1819/702/72 1820/701/72 1823/704/72
f 1821/703/124 1823/704/124 1824/705/124 1822/706/124
f 1826/707/32 1824/705/32 1823/708/32 1825/709/32
f 1828/710/32 1825/709/32 1823/708/32 1820/711/32
f 1830/712/125 1831/713/125 1826/714/125 1825/715/125
f 1832/716/126 1830/712/126 1825/715/126 1827/717/126
f 1829/718/127 1845/719/127 1827/717/127 1825/715/127
f 1863/720/127 1829/718/127 1825/715/127 1828/710/127
f 1831/713/128 1830/712/128 1833/712/128 1834/713/128
f 1830/712/129 1832/716/129 1835/716/129 1833/712/129
f 1832/716/132 1839/722/132 1837/722/132 1835/716/132
f 1839/722/133 1840/723/133 1838/723/133 1837/722/133
f 1839/722/134 1832/716/134 1827/717/134 1841/724/134
f 1840/723/135 1839/722/135 1841/724/135 1842/725/135
f 1845/719/136 1844/726/136 1841/724/136 1827/717/136
f 1843/727/137 1878/728/137 1880/729/137 1881/730/137 1842/731/137 1841/724/137
f 1844/726/138 1846/732/138 1843/727/138 1841/724/138
f 1844/726/139 1845/719/139 1848/719/139 1847/726/139
f 1846/732/140 1844/726/140 1847/726/140 1849/732/140
f 1863/720/144 1866/739/144 1864/739/144 1862/720/144
f 1829/718/145 1863/720/145 1862/720/145 1865/718/145
f 1845/719/146 1829/718/146 1865/718/146 1848/719/146
f 1866/739/143 1846/732/143 1849/732/143 1864/739/143
f 1866/739/127 1863/720/127 1828/710/127 1867/740/127
f 1846/732/148 1866/739/148 1867/740/148 1843/727/148
f 1869/741/149 1868/742/149 1867/740/149 1828/710/149
f 1868/742/150 1870/743/150 1843/727/150 1867/740/150
f 1868/742/151 1869/741/151 1873/741/151 1871/742/151
f 1870/743/152 1868/742/152 1871/742/152 1874/743/152
f 1876/745/155 1870/743/155 1874/743/155 1875/745/155
f 1877/744/156 1876/745/156 1875/745/156 1872/744/156
f 1876/745/157 1877/744/157 1879/747/157 1878/728/157
f 1870/743/158 1876/745/158 1878/728/158 1843/727/158
f 1879/747/39 1882/729/39 1880/729/39 1878/728/39
f 1882/729/159 1883/730/159 1881/730/159 1880/729/159
f 1884/748/160 1885/749/160 1883/730/160 1882/729/160
f 1886/750/39 1884/748/39 1882/729/39 1879/747/39
f 1885/749/161 1884/748/161 1887/748/161 1888/749/161
f 1884/748/162 1886/750/162 1889/750/162 1887/748/162
f 1910/772/177 1909/773/177 1906/773/177 1907/772/177
f 1909/773/178 1911/774/178 1908/774/178 1906/773/178
f 1909/773/160 1910/772/160 1913/729/160 1912/730/160
f 1911/774/43 1909/773/43 1912/730/43 1826/714/43
f 1912/730/32 1913/729/32 1817/697/32 1914/698/32
f 1826/707/32 1912/730/32 1914/698/32 1824/705/32
f 1627/698/43 1822/706/43 1824/705/43 1914/698/43
f 1913/729/32 1915/775/32 1916/700/32 1817/697/32
f 1910/772/39 1917/776/39 1915/775/39 1913/729/39
f 1916/700/32 1915/775/32 1828/710/32 1820/711/32
f 1918/746/179 1869/741/179 1828/710/179 1915/775/179
f 1877/744/180 1918/746/180 1915/775/180 1879/747/180
f 1917/776/39 1886/750/39 1879/747/39 1915/775/39
f 1918/746/181 1877/744/181 1872/744/181 1919/746/181
f 1869/741/182 1918/746/182 1919/746/182 1873/741/182
f 1917/776/183 1910/772/183 1907/772/183 1920/776/183
f 1886/750/184 1917/776/184 1920/776/184 1889/750/184
f 1911/774/184 1944/792/184 1946/792/184 1908/774/184
f 1944/792/43 1911/774/43 1826/714/43 1945/793/43
f 1944/792/206 1885/749/206 1888/749/206 1946/792/206
f 1885/749/43 1944/792/43 1945/793/43 1883/730/43
f 1831/713/227 1968/721/227 1945/793/227 1826/714/227
f 1968/721/228 1840/723/228 1842/725/228 1945/793/228
f 1883/730/43 1945/793/43 1842/725/43 1881/730/43
f 1968/721/229 1831/713/229 1834/713/229 1836/721/229
f 1840/723/230 1968/721/230 1836/721/230 1838/723/230
f 1815/682/39 1629/597/39 1969/597/39 1973/682/39
f 1623/609/37 1624/686/37 1974/686/37 1982/609/37
f 1624/686/85 1793/692/85 1972/692/85 1974/686/85
f 1976/697/14 1977/699/14 1978/702/14 1979/703/14 1980/706/14 1975/698/14
f 1969/597/14 1970/596/14 1971/598/14 1981/605/14 1982/609/14 1974/686/14 1972/692/14 1973/682/14
f 1969/808/14 1976/808/14 1975/808/14 1981/808/14 1971/808/14 1970/808/14
f 1822/706/43 1627/698/43 1975/698/43 1980/706/43
f 1819/702/72 1821/703/72 1979/703/72 1978/702/72
f 1629/808/39 1628/808/39 1976/808/39 1969/808/39
f 1628/697/39 1818/699/39 1977/699/39 1976/697/39
f 1793/692/35 1815/682/35 1973/682/35 1972/692/35
f 1821/703/231 1822/706/231 1980/706/231 1979/703/231
f 1627/808/43 1626/808/43 1981/808/43 1975/808/43
f 1818/699/232 1819/702/232 1978/702/232 1977/699/232
f 1626/605/43 1623/609/43 1982/609/43 1981/605/43
usemtl M_Noir_Profond
f 28/39/14 144/40/14 165/40/14 173/39/14
f 16/136/32 18/137/32 170/137/32 175/136/32
f 26/138/32 32/139/32 171/139/32 174/138/32
f 116/140/32 143/141/32 158/141/32 160/140/32
f 112/142/32 26/143/32 174/143/32 166/142/32
f 14/144/14 131/145/14 163/145/14 176/144/14
f 143/141/32 142/146/32 156/146/32 158/141/32
f 32/139/32 116/140/32 160/140/32 171/139/32
f 131/145/14 132/147/14 145/147/14 163/145/14
f 142/146/32 141/148/32 154/148/32 156/146/32
f 18/137/32 24/149/32 161/149/32 170/137/32
f 4/150/14 129/151/14 147/151/14 167/150/14
f 141/148/32 140/152/32 152/152/32 154/148/32
f 129/151/14 128/153/14 149/153/14 147/151/14
f 140/152/32 139/154/32 150/154/32 152/152/32
f 128/153/14 127/155/14 151/155/14 149/153/14
f 24/149/34 18/137/34 113/10/34 114/44/34
f 116/140/12 32/139/12 115/35/12 110/34/12
f 26/143/1 112/142/1 117/3/1 118/2/1
f 18/137/3 16/136/3 119/11/3 113/10/3
f 14/144/3 20/156/3 120/13/3 121/16/3
f 112/142/2 24/149/2 114/44/2 117/43/2
f 30/157/12 122/158/12 109/112/12 123/115/12
f 122/158/33 124/159/33 107/116/33 109/112/33
f 124/159/13 125/160/13 105/118/13 107/116/13
f 125/160/11 126/161/11 103/120/11 105/118/11
f 126/161/10 127/155/10 101/122/10 103/120/10
f 127/155/9 128/153/9 99/124/9 101/122/9
f 128/153/8 129/151/8 97/126/8 99/124/8
f 129/151/7 4/150/7 130/128/7 97/126/7
f 132/147/5 131/145/5 12/132/5 8/130/5
f 131/145/4 14/144/4 121/16/4 12/132/4
f 32/139/15 26/138/15 118/41/15 115/35/15
f 28/162/15 30/157/15 123/115/15 133/135/15
f 4/150/6 132/147/6 8/130/6 130/128/6
f 20/156/34 134/163/34 22/8/34 120/13/34
f 16/136/4 135/164/4 10/17/4 119/11/4
f 135/164/5 136/165/5 6/19/5 10/17/5
f 136/165/6 137/166/6 2/21/6 6/19/6
f 137/166/7 138/167/7 98/23/7 2/21/7
f 138/167/8 139/154/8 100/25/8 98/23/8
f 139/154/9 140/152/9 102/27/9 100/25/9
f 140/152/10 141/148/10 104/29/10 102/27/10
f 141/148/11 142/146/11 106/31/11 104/29/11
f 142/146/13 143/141/13 108/37/13 106/31/13
f 143/141/33 116/140/33 110/34/33 108/37/33
f 144/40/1 28/39/1 133/110/1 111/5/1
f 134/163/2 144/40/2 111/5/2 22/8/2
f 30/157/14 28/162/14 173/162/14 172/157/14
f 20/156/14 14/144/14 176/144/14 169/156/14
f 144/40/14 134/163/14 162/163/14 165/40/14
f 132/147/14 4/150/14 167/150/14 145/147/14
f 24/149/32 112/142/32 166/142/32 161/149/32
f 134/163/14 20/156/14 169/156/14 162/163/14
f 122/158/14 30/157/14 172/157/14 159/158/14
f 135/164/32 16/136/32 175/136/32 164/164/32
f 124/159/14 122/158/14 159/158/14 157/159/14
f 136/165/32 135/164/32 164/164/32 146/165/32
f 125/160/14 124/159/14 157/159/14 155/160/14
f 137/166/32 136/165/32 146/165/32 168/166/32
f 126/161/14 125/160/14 155/160/14 153/161/14
f 138/167/32 137/166/32 168/166/32 148/167/32
f 127/155/14 126/161/14 153/161/14 151/155/14
f 139/154/32 138/167/32 148/167/32 150/154/32
f 236/188/4 235/189/4 256/189/4 258/188/4
f 244/190/11 245/191/11 255/191/11 253/190/11
f 225/192/36 229/193/36 269/193/36 265/192/36
f 235/189/3 234/194/3 254/194/3 256/189/3
f 229/193/10 244/190/10 253/190/10 269/193/10
f 251/195/5 232/196/5 272/196/5 263/195/5
f 234/194/34 225/192/34 265/192/34 254/194/34
f 228/197/33 241/198/33 264/198/33 268/197/33
f 225/192/32 234/194/32 214/168/32 233/169/32
f 234/194/32 235/189/32 216/179/32 214/168/32
f 235/189/32 236/188/32 218/180/32 216/179/32
f 236/188/32 226/199/32 237/181/32 218/180/32
f 227/200/32 220/201/32 239/176/32 238/182/32
f 220/201/32 222/202/32 240/174/32 239/176/32
f 222/202/32 241/198/32 224/171/32 240/174/32
f 241/198/32 228/197/32 242/170/32 224/171/32
f 244/190/32 229/193/32 243/184/32 213/183/32
f 245/191/32 244/190/32 213/183/32 215/185/32
f 246/203/32 245/191/32 215/185/32 217/186/32
f 230/204/32 246/203/32 217/186/32 247/187/32
f 219/205/32 231/206/32 248/177/32 249/175/32
f 250/207/32 219/205/32 249/175/32 221/172/32
f 251/195/32 250/207/32 221/172/32 223/173/32
f 232/196/32 251/195/32 223/173/32 252/178/32
f 229/193/32 225/192/32 233/169/32 243/184/32
f 226/199/32 230/204/32 247/187/32 237/181/32
f 231/206/32 227/200/32 238/182/32 248/177/32
f 228/197/32 232/196/32 252/178/32 242/170/32
f 230/204/35 226/199/35 266/199/35 270/204/35
f 245/191/13 246/203/13 257/203/13 255/191/13
f 226/199/5 236/188/5 258/188/5 266/199/5
f 227/200/37 231/206/37 271/206/37 267/200/37
f 246/203/33 230/204/33 270/204/33 257/203/33
f 220/201/10 227/200/10 267/200/10 260/201/10
f 232/196/38 228/197/38 268/197/38 272/196/38
f 231/206/34 219/205/34 259/205/34 271/206/34
f 222/202/11 220/201/11 260/201/11 262/202/11
f 219/205/3 250/207/3 261/207/3 259/205/3
f 241/198/13 222/202/13 262/202/13 264/198/13
f 250/207/4 251/195/4 263/195/4 261/207/4
f 611/211/40 614/212/40 500/213/40 494/214/40 493/215/40 496/216/40 275/210/40 273/208/40 276/209/40 278/217/40 280/218/40 282/219/40 284/220/40 286/221/40 288/222/40 290/223/40 851/224/40 850/225/40 853/226/40 739/227/40 733/228/40 732/229/40 735/230/40 618/231/40 612/232/40
f 293/234/40 290/223/40 288/222/40 291/233/40
f 296/235/40 292/236/40 291/233/40 295/237/40
f 293/234/40 291/233/40 292/236/40
f 297/238/40 296/235/40 295/237/40
f 300/239/40 297/238/40 295/237/40 299/240/40
f 300/239/40 299/240/40 301/241/40
f 304/242/40 301/241/40 299/240/40 303/243/40
f 305/244/40 304/242/40 303/243/40
f 309/245/40 305/244/40 303/243/40 307/246/40
f 312/247/40 308/248/40 307/246/40 311/249/40
f 309/245/42 307/246/42 308/248/42
f 313/250/40 312/247/40 311/249/40
f 317/251/40 313/250/40 311/249/40 315/252/40
f 321/253/40 316/254/40 315/252/40 319/255/40
f 317/251/40 315/252/40 316/254/40
f 791/257/40 797/258/40 887/259/40 321/253/40 319/255/40 322/256/40 324/260/40 326/261/40 328/262/40 330/263/40 332/264/40 334/265/40 336/266/40 338/267/40 440/268/40 441/269/40 551/270/40 552/271/40 557/272/40 675/273/40 672/274/40 673/275/40 679/276/40 793/277/40 790/278/40
f 451/280/40 447/281/40 439/282/40 338/267/40 336/266/40 339/279/40 341/283/40 343/284/40 345/285/40 347/286/40 349/287/40 351/288/40 275/210/40 496/216/40 487/289/40 486/290/40 482/291/40 481/292/40 472/293/40 471/294/40 467/295/40 466/296/40 457/297/40 456/298/40 452/299/40
f 369/326/54 368/325/54 370/328/54 388/329/54
f 368/325/55 371/327/55 372/330/55 370/328/55
f 371/327/56 373/331/56 375/332/56 372/330/56
f 373/331/43 376/333/43 378/334/43 375/332/43
f 376/335/58 379/336/58 381/337/58 378/334/58
f 379/338/41 382/339/41 383/340/41 381/337/41
f 387/341/59 383/342/59 382/343/59 384/344/59
f 384/344/39 369/345/39 388/329/39 387/341/39
f 400/351/39 399/352/39 396/349/39 397/348/39
f 399/352/39 401/353/39 398/350/39 396/349/39
f 399/352/53 400/351/53 403/351/53 402/352/53
f 401/353/44 399/352/44 402/352/44 404/353/44
f 406/354/61 401/353/61 404/353/61 405/354/61
f 400/351/41 406/354/41 405/354/41 403/351/41
f 401/353/39 406/354/39 407/355/39 398/350/39
f 406/354/39 400/351/39 397/348/39 407/355/39
f 425/375/43 426/376/43 423/373/43 422/372/43
f 427/377/43 425/375/43 422/372/43 424/374/43
f 426/376/57 425/375/57 428/375/57 429/376/57
f 425/375/44 427/377/44 430/377/44 428/375/44
f 427/377/40 432/378/40 431/378/40 430/377/40
f 432/378/41 426/376/41 429/376/41 431/378/41
f 432/378/43 427/377/43 424/374/43 433/379/43
f 426/376/43 432/378/43 433/379/43 423/373/43
f 440/268/40 443/382/40 445/383/40 448/384/40 450/385/40 459/386/40 461/387/40 463/388/40 464/389/40 474/390/40 476/391/40 478/392/40 480/393/40 489/394/40 491/395/40 493/215/40 494/214/40 501/396/40 503/397/40 511/398/40 513/399/40 515/400/40 517/401/40 525/402/40 526/403/40 530/404/40 532/405/40 540/406/40 542/407/40 544/408/40 546/409/40 441/269/40
f 443/382/40 439/282/40 447/281/40 445/383/40
f 448/384/40 451/280/40 452/299/40 450/385/40
f 459/386/40 456/298/40 457/297/40 461/387/40
f 463/388/40 466/296/40 467/295/40 464/389/40
f 474/390/40 471/294/40 472/293/40 476/391/40
f 478/392/40 481/292/40 482/291/40 480/393/40
f 489/394/40 486/290/40 487/289/40 491/395/40
f 506/411/40 503/397/40 501/396/40 504/410/40
f 504/410/40 500/213/40 614/212/40 606/412/40 604/413/40 601/414/40 600/415/40 590/416/40 588/417/40 584/418/40 583/419/40 575/420/40 573/421/40 569/422/40 568/423/40 560/424/40 558/425/40 552/271/40 551/270/40 549/426/40 547/427/40 538/428/40 537/429/40 535/430/40 533/431/40 523/432/40 522/433/40 520/434/40 518/435/40 509/436/40 508/437/40 506/411/40
f 509/436/40 513/399/40 511/398/40 508/437/40
f 520/434/40 517/401/40 515/400/40 518/435/40
f 523/432/40 526/403/40 525/402/40 522/433/40
f 535/430/40 532/405/40 530/404/40 533/431/40
f 538/428/40 542/407/40 540/406/40 537/429/40
f 549/426/40 546/409/40 544/408/40 547/427/40
f 561/438/40 558/425/40 560/424/40 563/439/40
f 557/272/40 561/438/40 563/439/40 565/440/40 567/441/40 576/442/40 578/443/40 580/444/40 581/445/40 591/446/40 592/447/40 595/448/40 603/449/40 607/450/40 609/451/40 611/211/40 612/232/40 619/452/40 621/453/40 630/454/40 632/455/40 634/456/40 635/457/40 645/458/40 646/459/40 650/460/40 652/461/40 661/462/40 663/463/40 665/464/40 667/465/40 675/273/40
f 565/440/40 568/423/40 569/422/40 567/441/40
f 576/442/40 573/421/40 575/420/40 578/443/40
f 580/444/40 583/419/40 584/418/40 581/445/40
f 591/446/40 588/417/40 590/416/40 592/447/40
f 595/448/40 600/415/40 601/414/40 603/449/40
f 607/450/40 604/413/40 606/412/40 609/451/40
f 623/467/40 621/453/40 619/452/40 622/466/40
f 622/466/40 618/231/40 735/230/40 726/468/40 725/469/40 721/470/40 720/471/40 711/472/40 710/473/40 706/474/40 705/475/40 696/476/40 695/477/40 691/478/40 690/479/40 682/480/40 680/481/40 673/275/40 672/274/40 670/482/40 668/483/40 659/484/40 658/485/40 654/486/40 653/487/40 643/488/40 642/489/40 640/490/40 636/491/40 628/492/40 627/493/40 623/467/40
f 628/492/40 632/455/40 630/454/40 627/493/40
f 640/490/40 635/457/40 634/456/40 636/491/40
f 643/488/40 646/459/40 645/458/40 642/489/40
f 654/486/40 652/461/40 650/460/40 653/487/40
f 659/484/40 663/463/40 661/462/40 658/485/40
f 670/482/40 667/465/40 665/464/40 668/483/40
f 683/494/40 680/481/40 682/480/40 685/495/40
f 679/276/40 683/494/40 685/495/40 687/496/40 689/497/40 698/498/40 700/499/40 702/500/40 703/501/40 713/502/40 715/503/40 717/504/40 719/505/40 728/506/40 730/507/40 732/229/40 733/228/40 740/508/40 742/509/40 750/510/40 752/511/40 754/512/40 756/513/40 764/514/40 765/515/40 769/516/40 771/517/40 779/518/40 781/519/40 783/520/40 785/521/40 793/277/40
f 687/496/40 690/479/40 691/478/40 689/497/40
f 698/498/40 695/477/40 696/476/40 700/499/40
f 702/500/40 705/475/40 706/474/40 703/501/40
f 713/502/40 710/473/40 711/472/40 715/503/40
f 717/504/40 720/471/40 721/470/40 719/505/40
f 728/506/40 725/469/40 726/468/40 730/507/40
f 745/523/40 742/509/40 740/508/40 743/522/40
f 743/522/40 739/227/40 853/226/40 845/524/40 843/525/40 839/526/40 838/527/40 830/528/40 828/529/40 824/530/40 823/531/40 815/532/40 813/533/40 809/534/40 808/535/40 800/536/40 798/537/40 791/257/40 790/278/40 788/538/40 786/539/40 777/540/40 776/541/40 774/542/40 772/543/40 762/544/40 761/545/40 759/546/40 757/547/40 748/548/40 747/549/40 745/523/40
f 748/548/40 752/511/40 750/510/40 747/549/40
f 759/546/40 756/513/40 754/512/40 757/547/40
f 762/544/40 765/515/40 764/514/40 761/545/40
f 774/542/40 771/517/40 769/516/40 772/543/40
f 777/540/40 781/519/40 779/518/40 776/541/40
f 788/538/40 785/521/40 783/520/40 786/539/40
f 801/550/40 798/537/40 800/536/40 803/551/40
f 797/258/40 801/550/40 803/551/40 805/552/40 807/553/40 816/554/40 818/555/40 820/556/40 821/557/40 831/558/40 833/559/40 835/560/40 837/561/40 846/562/40 848/563/40 850/225/40 851/224/40 857/564/40 859/565/40 861/566/40 863/567/40 865/568/40 867/569/40 869/570/40 870/571/40 875/572/40 877/573/40 879/574/40 881/575/40 883/576/40 885/577/40 887/259/40
f 805/552/40 808/535/40 809/534/40 807/553/40
f 816/554/40 813/533/40 815/532/40 818/555/40
f 820/556/40 823/531/40 824/530/40 821/557/40
f 831/558/40 828/529/40 830/528/40 833/559/40
f 835/560/40 838/527/40 839/526/40 837/561/40
f 846/562/40 843/525/40 845/524/40 848/563/40
f 292/236/40 859/565/40 857/564/40 293/234/40
f 297/238/40 863/567/40 861/566/40 296/235/40
f 301/241/40 867/569/40 865/568/40 300/239/40
f 305/244/40 870/571/40 869/570/40 304/242/40
f 308/248/40 877/573/40 875/572/40 309/245/40
f 313/250/40 881/575/40 879/574/40 312/247/40
f 316/254/40 885/577/40 883/576/40 317/251/40
f 1271/211/40 1274/212/40 1160/213/40 1154/214/40 1153/215/40 1156/216/40 935/210/40 933/208/40 936/209/40 938/217/40 940/218/40 942/219/40 944/220/40 946/221/40 948/222/40 950/223/40 1511/224/40 1510/225/40 1513/226/40 1399/227/40 1393/228/40 1392/229/40 1395/230/40 1278/231/40 1272/232/40
f 953/234/40 950/223/40 948/222/40 951/233/40
f 956/235/40 952/236/40 951/233/40 955/237/40
f 953/234/40 951/233/40 952/236/40
f 957/238/40 956/235/40 955/237/40
f 960/239/40 957/238/40 955/237/40 959/240/40
f 960/239/40 959/240/40 961/241/40
f 964/242/40 961/241/40 959/240/40 963/243/40
f 965/244/40 964/242/40 963/243/40
f 969/245/40 965/244/40 963/243/40 967/246/40
f 972/247/40 968/248/40 967/246/40 971/249/40
f 969/245/40 967/246/40 968/248/40
f 973/250/40 972/247/40 971/249/40
f 977/251/40 973/250/40 971/249/40 975/252/40
f 981/253/40 976/254/40 975/252/40 979/255/40
f 977/251/40 975/252/40 976/254/40
f 1451/257/40 1457/258/40 1547/259/40 981/253/40 979/255/40 982/256/40 984/260/40 986/261/40 988/262/40 990/263/40 992/264/40 994/265/40 996/266/40 998/267/40 1100/268/40 1101/269/40 1211/270/40 1212/271/40 1217/272/40 1335/273/40 1332/274/40 1333/275/40 1339/276/40 1453/277/40 1450/278/40
f 1111/280/40 1107/281/40 1099/282/40 998/267/40 996/266/40 999/279/40 1001/283/40 1003/284/40 1005/285/40 1007/286/40 1009/287/40 1011/288/40 935/210/40 1156/216/40 1147/289/40 1146/290/40 1142/291/40 1141/292/40 1132/293/40 1131/294/40 1127/295/40 1126/296/40 1117/297/40 1116/298/40 1112/299/40
f 1029/326/54 1028/325/54 1030/328/54 1048/329/54
f 1028/325/55 1031/327/55 1032/330/55 1030/328/55
f 1031/327/56 1033/331/56 1035/332/56 1032/330/56
f 1033/331/43 1036/333/43 1038/334/43 1035/332/43
f 1036/335/58 1039/336/58 1041/337/58 1038/334/58
f 1039/338/41 1042/339/41 1043/340/41 1041/337/41
f 1047/341/59 1043/342/59 1042/343/59 1044/344/59
f 1044/344/39 1029/345/39 1048/329/39 1047/341/39
f 1060/351/39 1059/352/39 1056/349/39 1057/348/39
f 1059/352/39 1061/353/39 1058/350/39 1056/349/39
f 1059/352/57 1060/351/57 1063/351/57 1062/352/57
f 1061/353/44 1059/352/44 1062/352/44 1064/353/44
f 1066/354/40 1061/353/40 1064/353/40 1065/354/40
f 1060/351/41 1066/354/41 1065/354/41 1063/351/41
f 1061/353/39 1066/354/39 1067/355/39 1058/350/39
f 1066/354/39 1060/351/39 1057/348/39 1067/355/39
f 1085/375/43 1086/376/43 1083/373/43 1082/372/43
f 1087/377/43 1085/375/43 1082/372/43 1084/374/43
f 1086/376/53 1085/375/53 1088/375/53 1089/376/53
f 1085/375/44 1087/377/44 1090/377/44 1088/375/44
f 1087/377/61 1092/378/61 1091/378/61 1090/377/61
f 1092/378/41 1086/376/41 1089/376/41 1091/378/41
f 1092/378/43 1087/377/43 1084/374/43 1093/379/43
f 1086/376/43 1092/378/43 1093/379/43 1083/373/43
f 1100/268/40 1103/382/40 1105/383/40 1108/384/40 1110/385/40 1119/386/40 1121/387/40 1123/388/40 1124/389/40 1134/390/40 1136/391/40 1138/392/40 1140/393/40 1149/394/40 1151/395/40 1153/215/40 1154/214/40 1161/396/40 1163/397/40 1171/398/40 1173/399/40 1175/400/40 1177/401/40 1185/402/40 1186/403/40 1190/404/40 1192/405/40 1200/406/40 1202/407/40 1204/408/40 1206/409/40 1101/269/40
f 1103/382/40 1099/282/40 1107/281/40 1105/383/40
f 1108/384/40 1111/280/40 1112/299/40 1110/385/40
f 1119/386/40 1116/298/40 1117/297/40 1121/387/40
f 1123/388/40 1126/296/40 1127/295/40 1124/389/40
f 1134/390/40 1131/294/40 1132/293/40 1136/391/40
f 1138/392/40 1141/292/40 1142/291/40 1140/393/40
f 1149/394/40 1146/290/40 1147/289/40 1151/395/40
f 1166/411/40 1163/397/40 1161/396/40 1164/410/40
f 1164/410/40 1160/213/40 1274/212/40 1266/412/40 1264/413/40 1261/414/40 1260/415/40 1250/416/40 1248/417/40 1244/418/40 1243/419/40 1235/420/40 1233/421/40 1229/422/40 1228/423/40 1220/424/40 1218/425/40 1212/271/40 1211/270/40 1209/426/40 1207/427/40 1198/428/40 1197/429/40 1195/430/40 1193/431/40 1183/432/40 1182/433/40 1180/434/40 1178/435/40 1169/436/40 1168/437/40 1166/411/40
f 1169/436/40 1173/399/40 1171/398/40 1168/437/40
f 1180/434/40 1177/401/40 1175/400/40 1178/435/40
f 1183/432/40 1186/403/40 1185/402/40 1182/433/40
f 1195/430/40 1192/405/40 1190/404/40 1193/431/40
f 1198/428/40 1202/407/40 1200/406/40 1197/429/40
f 1209/426/40 1206/409/40 1204/408/40 1207/427/40
f 1221/438/40 1218/425/40 1220/424/40 1223/439/40
f 1217/272/40 1221/438/40 1223/439/40 1225/440/40 1227/441/40 1236/442/40 1238/443/40 1240/444/40 1241/445/40 1251/446/40 1252/447/40 1255/448/40 1263/449/40 1267/450/40 1269/451/40 1271/211/40 1272/232/40 1279/452/40 1281/453/40 1290/454/40 1292/455/40 1294/456/40 1295/457/40 1305/458/40 1306/459/40 1310/460/40 1312/461/40 1321/462/40 1323/463/40 1325/464/40 1327/465/40 1335/273/40
f 1225/440/40 1228/423/40 1229/422/40 1227/441/40
f 1236/442/40 1233/421/40 1235/420/40 1238/443/40
f 1240/444/40 1243/419/40 1244/418/40 1241/445/40
f 1251/446/40 1248/417/40 1250/416/40 1252/447/40
f 1255/448/40 1260/415/40 1261/414/40 1263/449/40
f 1267/450/40 1264/413/40 1266/412/40 1269/451/40
f 1283/467/40 1281/453/40 1279/452/40 1282/466/40
f 1282/466/40 1278/231/40 1395/230/40 1386/468/40 1385/469/40 1381/470/40 1380/471/40 1371/472/40 1370/473/40 1366/474/40 1365/475/40 1356/476/40 1355/477/40 1351/478/40 1350/479/40 1342/480/40 1340/481/40 1333/275/40 1332/274/40 1330/482/40 1328/483/40 1319/484/40 1318/485/40 1314/486/40 1313/487/40 1303/488/40 1302/489/40 1300/490/40 1296/491/40 1288/492/40 1287/493/40 1283/467/40
f 1288/492/40 1292/455/40 1290/454/40 1287/493/40
f 1300/490/40 1295/457/40 1294/456/40 1296/491/40
f 1303/488/40 1306/459/40 1305/458/40 1302/489/40
f 1314/486/40 1312/461/40 1310/460/40 1313/487/40
f 1319/484/40 1323/463/40 1321/462/40 1318/485/40
f 1330/482/40 1327/465/40 1325/464/40 1328/483/40
f 1343/494/40 1340/481/40 1342/480/40 1345/495/40
f 1339/276/40 1343/494/40 1345/495/40 1347/496/40 1349/497/40 1358/498/40 1360/499/40 1362/500/40 1363/501/40 1373/502/40 1375/503/40 1377/504/40 1379/505/40 1388/506/40 1390/507/40 1392/229/40 1393/228/40 1400/508/40 1402/509/40 1410/510/40 1412/511/40 1414/512/40 1416/513/40 1424/514/40 1425/515/40 1429/516/40 1431/517/40 1439/518/40 1441/519/40 1443/520/40 1445/521/40 1453/277/40
f 1347/496/40 1350/479/40 1351/478/40 1349/497/40
f 1358/498/40 1355/477/40 1356/476/40 1360/499/40
f 1362/500/40 1365/475/40 1366/474/40 1363/501/40
f 1373/502/40 1370/473/40 1371/472/40 1375/503/40
f 1377/504/40 1380/471/40 1381/470/40 1379/505/40
f 1388/506/40 1385/469/40 1386/468/40 1390/507/40
f 1405/523/40 1402/509/40 1400/508/40 1403/522/40
f 1403/522/40 1399/227/40 1513/226/40 1505/524/40 1503/525/40 1499/526/40 1498/527/40 1490/528/40 1488/529/40 1484/530/40 1483/531/40 1475/532/40 1473/533/40 1469/534/40 1468/535/40 1460/536/40 1458/537/40 1451/257/40 1450/278/40 1448/538/40 1446/539/40 1437/540/40 1436/541/40 1434/542/40 1432/543/40 1422/544/40 1421/545/40 1419/546/40 1417/547/40 1408/548/40 1407/549/40 1405/523/40
f 1408/548/40 1412/511/40 1410/510/40 1407/549/40
f 1419/546/40 1416/513/40 1414/512/40 1417/547/40
f 1422/544/40 1425/515/40 1424/514/40 1421/545/40
f 1434/542/40 1431/517/40 1429/516/40 1432/543/40
f 1437/540/40 1441/519/40 1439/518/40 1436/541/40
f 1448/538/40 1445/521/40 1443/520/40 1446/539/40
f 1461/550/40 1458/537/40 1460/536/40 1463/551/40
f 1457/258/40 1461/550/40 1463/551/40 1465/552/40 1467/553/40 1476/554/40 1478/555/40 1480/556/40 1481/557/40 1491/558/40 1493/559/40 1495/560/40 1497/561/40 1506/562/40 1508/563/40 1510/225/40 1511/224/40 1517/564/40 1519/565/40 1521/566/40 1523/567/40 1525/568/40 1527/569/40 1529/570/40 1530/571/40 1535/572/40 1537/573/40 1539/574/40 1541/575/40 1543/576/40 1545/577/40 1547/259/40
f 1465/552/40 1468/535/40 1469/534/40 1467/553/40
f 1476/554/40 1473/533/40 1475/532/40 1478/555/40
f 1480/556/40 1483/531/40 1484/530/40 1481/557/40
f 1491/558/40 1488/529/40 1490/528/40 1493/559/40
f 1495/560/40 1498/527/40 1499/526/40 1497/561/40
f 1506/562/40 1503/525/40 1505/524/40 1508/563/40
f 952/236/40 1519/565/40 1517/564/40 953/234/40
f 957/238/40 1523/567/40 1521/566/40 956/235/40
f 961/241/40 1527/569/40 1525/568/40 960/239/40
f 965/244/40 1530/571/40 1529/570/40 964/242/40
f 968/248/40 1537/573/40 1535/572/40 969/245/40
f 973/250/40 1541/575/40 1539/574/40 972/247/40
f 976/254/40 1545/577/40 1543/576/40 977/251/40
f 1688/660/100 1689/659/100 1741/665/100 1690/660/100
f 1690/660/43 1693/666/43 1691/664/43 1688/660/43
f 1692/653/101 1691/664/101 1693/663/101 1694/653/101
f 1703/668/100 1704/653/100 1706/669/100 1705/660/100
f 1705/668/43 1707/663/43 1700/661/43 1703/668/43
f 1720/653/111 1723/672/111 1724/672/111 1756/653/111
f 1723/621/112 1725/673/112 1727/673/112 1724/672/112
f 1725/673/39 1726/651/39 1728/651/39 1727/673/39
f 1681/658/115 1678/657/115 1736/676/115 1740/621/115
f 1740/658/116 1741/659/116 1689/659/116 1681/658/116
f 1742/677/115 1728/651/115 1726/651/115 1743/621/115
f 1743/655/116 1706/669/116 1704/653/116 1742/621/116
f 1733/651/39 1736/657/39 1678/657/39 1675/650/39
f 1754/675/112 1733/650/112 1675/650/112 1755/656/112
f 1694/653/111 1754/675/111 1755/656/111 1692/653/111
f 1756/667/101 1700/661/101 1707/661/101 1720/653/101
f 1776/686/37 1775/609/37 1773/609/37 1769/686/37
f 1775/609/43 1777/690/43 1774/689/43 1773/609/43
f 1775/609/14 1776/686/14 1780/686/14 1778/609/14
f 1777/690/14 1775/609/14 1778/609/14 1781/690/14
f 1783/691/85 1777/690/85 1781/690/85 1782/691/85
f 1784/609/32 1783/691/32 1782/691/32 1779/609/32
f 1777/690/43 1783/691/43 1785/689/43 1774/689/43
f 1783/691/43 1784/609/43 1787/609/43 1785/689/43
f 1784/609/37 1799/686/37 1788/686/37 1787/609/37
f 1796/685/35 1798/683/35 1795/683/35 1794/685/35
f 1799/686/85 1796/685/85 1794/685/85 1788/686/85
f 1796/685/32 1799/686/32 1800/686/32 1797/685/32
f 1798/683/32 1796/685/32 1797/685/32 1801/683/32
f 1799/686/32 1784/609/32 1779/609/32 1800/686/32
f 1802/693/32 1798/683/32 1801/683/32 1805/693/32
f 1798/683/39 1802/693/39 1804/694/39 1795/683/39
f 1802/693/39 1803/695/39 1812/694/39 1804/694/39
f 1803/695/85 1802/693/85 1805/693/85 1806/695/85
f 1809/683/14 1803/695/14 1806/695/14 1807/683/14
f 1810/685/14 1809/683/14 1807/683/14 1808/685/14
f 1809/683/35 1810/685/35 1766/685/35 1811/683/35
f 1803/695/39 1809/683/39 1811/683/39 1812/694/39
f 1776/686/14 1810/685/14 1808/685/14 1780/686/14
f 1810/685/85 1776/686/85 1769/686/85 1766/685/85
f 1851/733/141 1850/734/141 1847/726/141 1848/719/141
f 1850/734/138 1852/735/138 1849/732/138 1847/726/138
f 1850/734/139 1851/733/139 1854/733/139 1853/734/139
f 1852/735/140 1850/734/140 1853/734/140 1855/735/140
f 1857/736/143 1852/735/143 1855/735/143 1856/736/143
f 1860/737/144 1857/736/144 1856/736/144 1858/737/144
f 1861/738/145 1860/737/145 1858/737/145 1859/738/145
f 1857/736/127 1860/737/127 1862/720/127 1864/739/127
f 1860/737/127 1861/738/127 1865/718/127 1862/720/127
f 1861/738/127 1851/733/127 1848/719/127 1865/718/127
f 1852/735/147 1857/736/147 1864/739/147 1849/732/147
f 1890/751/163 1891/752/163 1888/749/163 1887/748/163
f 1892/753/164 1890/751/164 1887/748/164 1889/750/164
f 1891/752/165 1890/751/165 1893/754/165 1895/755/165 1897/756/165 1898/752/165
f 1890/751/166 1892/753/166 1923/753/166 1894/757/166 1893/751/166
f 1904/769/173 1903/768/173 1902/768/173 1900/762/173 1896/759/173 1943/770/173
f 1903/768/174 1905/771/174 1949/771/174 1901/765/174 1902/768/174
f 1903/768/175 1904/769/175 1907/772/175 1906/773/175
f 1905/771/176 1903/768/176 1906/773/176 1908/774/176
f 1921/777/185 1892/753/185 1889/750/185 1920/776/185
f 1904/769/186 1921/777/186 1920/776/186 1907/772/186
f 1892/753/187 1921/777/187 1922/777/187 1923/753/187
f 1921/777/188 1904/769/188 1943/769/188 1924/761/188 1922/777/188
f 1932/782/193 1931/783/193 1928/778/193 1929/781/193
f 1931/783/194 1933/784/194 1930/785/194 1928/778/194
f 1931/783/195 1932/782/195 1935/782/195 1934/783/195
f 1933/784/191 1931/783/191 1934/783/191 1936/784/191
f 1938/786/197 1933/784/197 1936/784/197 1937/786/197
f 1932/782/198 1938/786/198 1937/786/198 1935/782/198
f 1933/784/199 1938/786/199 1939/787/199 1930/785/199
f 1938/786/200 1932/782/200 1929/781/200 1939/787/200
f 1947/794/207 1905/771/207 1908/774/207 1946/792/207
f 1891/752/208 1947/794/208 1946/792/208 1888/749/208
f 1947/794/209 1891/752/209 1898/752/209 1899/795/209 1948/794/209
f 1905/771/210 1947/794/210 1948/794/210 1949/771/210
f 1959/803/218 1960/804/218 1953/797/218 1957/800/218
f 1961/805/219 1959/803/219 1957/800/219 1958/802/219
f 1960/804/220 1959/803/220 1962/803/220 1963/804/220
f 1959/803/216 1961/805/216 1964/805/216 1962/803/216
f 1961/805/222 1966/806/222 1965/806/222 1964/805/222
f 1966/806/215 1960/804/215 1963/804/215 1965/806/215
f 1960/804/223 1966/806/223 1967/807/223 1953/797/223
f 1966/806/224 1961/805/224 1958/802/224 1967/807/224
f 1851/733/146 1861/738/146 1859/738/146 1854/733/146
usemtl M_Cyan
f 172/157/15 173/162/15 174/138/15 171/139/15
f 162/163/34 169/156/34 170/137/34 161/149/34
f 176/144/4 163/145/4 164/164/4 175/136/4
f 163/145/5 145/147/5 146/165/5 164/164/5
f 145/147/6 167/150/6 168/166/6 146/165/6
f 167/150/7 147/151/7 148/167/7 168/166/7
f 147/151/8 149/153/8 150/154/8 148/167/8
f 149/153/9 151/155/9 152/152/9 150/154/9
f 151/155/10 153/161/10 154/148/10 152/152/10
f 153/161/11 155/160/11 156/146/11 154/148/11
f 155/160/13 157/159/13 158/141/13 156/146/13
f 157/159/33 159/158/33 160/140/33 158/141/33
f 159/158/12 172/157/12 171/139/12 160/140/12
f 173/39/1 165/40/1 166/142/1 174/143/1
f 165/40/2 162/163/2 161/149/2 166/142/2
f 169/156/3 176/144/3 175/136/3 170/137/3
f 404/353/39 402/352/39 403/351/39 405/354/39
f 431/378/43 429/376/43 428/375/43 430/377/43
f 1064/353/39 1062/352/39 1063/351/39 1065/354/39
f 1091/378/43 1089/376/43 1088/375/43 1090/377/43
f 1779/609/37 1778/609/37 1780/686/37 1800/686/37
f 1779/609/120 1782/691/120 1781/690/120 1778/609/120
f 1797/685/85 1800/686/85 1780/686/85 1808/685/85
f 1805/693/121 1801/683/121 1807/683/121 1806/695/121
f 1807/683/35 1801/683/35 1797/685/35 1808/685/35
f 1854/733/142 1856/736/142 1855/735/142 1853/734/142
f 1859/738/127 1858/737/127 1856/736/127 1854/733/127
f 1937/786/196 1936/784/196 1934/783/196 1935/782/196
f 1964/805/221 1965/806/221 1963/804/221 1962/803/221
usemtl M_Gris_Metal
f 269/193/32 253/190/32 254/194/32 265/192/32
f 253/190/32 255/191/32 256/189/32 254/194/32
f 255/191/32 257/203/32 258/188/32 256/189/32
f 257/203/32 270/204/32 266/199/32 258/188/32
f 271/206/32 259/205/32 260/201/32 267/200/32
f 259/205/32 261/207/32 262/202/32 260/201/32
f 261/207/32 263/195/32 264/198/32 262/202/32
f 263/195/32 272/196/32 268/197/32 264/198/32
f 274/208/39 277/209/39 276/209/39 273/208/39
f 353/210/39 274/208/39 273/208/39 275/210/39
f 277/209/39 279/217/39 278/217/39 276/209/39
f 279/217/39 281/218/39 280/218/39 278/217/39
f 281/218/39 283/219/39 282/219/39 280/218/39
f 283/219/39 285/220/39 284/220/39 282/219/39
f 285/220/39 287/221/39 286/221/39 284/220/39
f 287/221/39 289/222/39 288/222/39 286/221/39
f 289/222/41 294/233/41 291/233/41 288/222/41
f 294/233/41 298/237/41 295/237/41 291/233/41
f 298/237/41 302/240/41 299/240/41 295/237/41
f 302/240/41 306/243/41 303/243/41 299/240/41
f 306/243/41 310/246/41 307/246/41 303/243/41
f 310/246/41 314/249/41 311/249/41 307/246/41
f 314/249/41 318/252/41 315/252/41 311/249/41
f 318/252/41 320/255/41 319/255/41 315/252/41
f 320/255/43 323/256/43 322/256/43 319/255/43
f 323/256/43 325/260/43 324/260/43 322/256/43
f 325/260/43 327/261/43 326/261/43 324/260/43
f 327/261/43 329/262/43 328/262/43 326/261/43
f 329/262/43 331/263/43 330/263/43 328/262/43
f 331/263/43 333/264/43 332/264/43 330/263/43
f 333/264/43 335/265/43 334/265/43 332/264/43
f 335/265/43 337/266/43 336/266/43 334/265/43
f 337/266/44 340/279/44 339/279/44 336/266/44
f 340/279/44 342/283/44 341/283/44 339/279/44
f 342/283/44 344/284/44 343/284/44 341/283/44
f 344/284/44 346/285/44 345/285/44 343/284/44
f 346/285/44 348/286/44 347/286/44 345/285/44
f 348/286/44 350/287/44 349/287/44 347/286/44
f 350/287/44 352/288/44 351/288/44 349/287/44
f 352/288/44 353/210/44 275/210/44 351/288/44
f 353/210/40 352/288/40 350/287/40 348/286/40 346/285/40 344/284/40 342/283/40 340/279/40 337/266/40 358/300/40 354/301/40
f 289/222/40 287/221/40 285/220/40 283/219/40 281/218/40 279/217/40 277/209/40 274/208/40 353/210/40 354/302/40 357/303/40
f 357/303/45 354/302/45 355/304/45 437/305/45
f 354/306/46 356/307/46 355/308/46
f 354/306/47 358/309/47 359/310/47 356/307/47
f 359/311/48 358/312/48 360/313/48
f 358/312/49 361/314/49 362/315/49 360/313/49
f 337/266/40 335/265/40 333/264/40 331/263/40 329/262/40 327/261/40 325/260/40 323/256/40 320/255/40 361/316/40 358/317/40
f 361/314/50 363/318/50 362/315/50
f 361/319/51 357/320/51 364/321/51 363/322/51
f 320/255/40 318/252/40 314/249/40 310/246/40 306/243/40 302/240/40 298/237/40 294/233/40 289/222/40 357/323/40 361/324/40
f 363/322/52 365/325/52 366/326/52 362/315/52
f 365/325/44 363/322/44 364/321/44 367/327/44
f 366/326/53 365/325/53 368/325/53 369/326/53
f 365/325/53 367/327/53 371/327/53 368/325/53
f 367/327/57 374/331/57 373/331/57 371/327/57
f 374/331/57 377/333/57 376/333/57 373/331/57
f 377/335/57 380/336/57 379/336/57 376/335/57
f 380/338/57 385/339/57 382/339/57 379/338/57
f 385/343/57 386/344/57 384/344/57 382/343/57
f 385/343/60 359/311/60 360/313/60 386/344/60
f 380/338/41 356/307/41 359/310/41 385/339/41
f 386/344/57 366/345/57 369/345/57 384/344/57
f 386/344/39 360/313/39 362/315/39 366/345/39
f 356/307/62 380/336/62 377/335/62 355/304/62
f 374/331/43 437/305/43 355/304/43 377/333/43
f 437/305/63 374/331/63 367/327/63 364/321/63
f 357/320/65 437/381/65 364/321/65
f 934/208/39 937/209/39 936/209/39 933/208/39
f 1013/210/39 934/208/39 933/208/39 935/210/39
f 937/209/39 939/217/39 938/217/39 936/209/39
f 939/217/39 941/218/39 940/218/39 938/217/39
f 941/218/39 943/219/39 942/219/39 940/218/39
f 943/219/39 945/220/39 944/220/39 942/219/39
f 945/220/39 947/221/39 946/221/39 944/220/39
f 947/221/39 949/222/39 948/222/39 946/221/39
f 949/222/41 954/233/41 951/233/41 948/222/41
f 954/233/41 958/237/41 955/237/41 951/233/41
f 958/237/41 962/240/41 959/240/41 955/237/41
f 962/240/41 966/243/41 963/243/41 959/240/41
f 966/243/41 970/246/41 967/246/41 963/243/41
f 970/246/41 974/249/41 971/249/41 967/246/41
f 974/249/41 978/252/41 975/252/41 971/249/41
f 978/252/41 980/255/41 979/255/41 975/252/41
f 980/255/43 983/256/43 982/256/43 979/255/43
f 983/256/43 985/260/43 984/260/43 982/256/43
f 985/260/43 987/261/43 986/261/43 984/260/43
f 987/261/43 989/262/43 988/262/43 986/261/43
f 989/262/43 991/263/43 990/263/43 988/262/43
f 991/263/43 993/264/43 992/264/43 990/263/43
f 993/264/43 995/265/43 994/265/43 992/264/43
f 995/265/43 997/266/43 996/266/43 994/265/43
f 997/266/44 1000/279/44 999/279/44 996/266/44
f 1000/279/44 1002/283/44 1001/283/44 999/279/44
f 1002/283/44 1004/284/44 1003/284/44 1001/283/44
f 1004/284/44 1006/285/44 1005/285/44 1003/284/44
f 1006/285/44 1008/286/44 1007/286/44 1005/285/44
f 1008/286/44 1010/287/44 1009/287/44 1007/286/44
f 1010/287/44 1012/288/44 1011/288/44 1009/287/44
f 1012/288/44 1013/210/44 935/210/44 1011/288/44
f 1013/210/40 1012/288/40 1010/287/40 1008/286/40 1006/285/40 1004/284/40 1002/283/40 1000/279/40 997/266/40 1018/300/40 1014/301/40
f 949/222/40 947/221/40 945/220/40 943/219/40 941/218/40 939/217/40 937/209/40 934/208/40 1013/210/40 1014/302/40 1017/303/40
f 1017/303/45 1014/302/45 1015/304/45 1097/305/45
f 1014/306/46 1016/307/46 1015/308/46
f 1014/306/47 1018/309/47 1019/310/47 1016/307/47
f 1019/311/48 1018/312/48 1020/313/48
f 1018/312/49 1021/314/49 1022/315/49 1020/313/49
f 997/266/40 995/265/40 993/264/40 991/263/40 989/262/40 987/261/40 985/260/40 983/256/40 980/255/40 1021/316/40 1018/317/40
f 1021/314/50 1023/318/50 1022/315/50
f 1021/319/51 1017/320/51 1024/321/51 1023/322/51
f 980/255/40 978/252/40 974/249/40 970/246/40 966/243/40 962/240/40 958/237/40 954/233/40 949/222/40 1017/323/40 1021/324/40
f 1023/322/52 1025/325/52 1026/326/52 1022/315/52
f 1025/325/44 1023/322/44 1024/321/44 1027/327/44
f 1026/326/53 1025/325/53 1028/325/53 1029/326/53
f 1025/325/53 1027/327/53 1031/327/53 1028/325/53
f 1027/327/53 1034/331/53 1033/331/53 1031/327/53
f 1034/331/57 1037/333/57 1036/333/57 1033/331/57
f 1037/335/57 1040/336/57 1039/336/57 1036/335/57
f 1040/338/57 1045/339/57 1042/339/57 1039/338/57
f 1045/343/57 1046/344/57 1044/344/57 1042/343/57
f 1045/343/60 1019/311/60 1020/313/60 1046/344/60
f 1040/338/41 1016/307/41 1019/310/41 1045/339/41
f 1046/344/57 1026/345/57 1029/345/57 1044/344/57
f 1046/344/39 1020/313/39 1022/315/39 1026/345/39
f 1016/307/62 1040/336/62 1037/335/62 1015/304/62
f 1034/331/43 1097/305/43 1015/304/43 1037/333/43
f 1097/305/63 1034/331/63 1027/327/63 1024/321/63
f 1017/320/65 1097/381/65 1024/321/65
f 1695/663/103 1696/653/103 1694/653/103 1693/663/103
f 1697/660/104 1695/666/104 1693/666/104 1690/660/104
f 1699/667/105 1696/653/105 1695/663/105 1698/661/105
f 1695/666/43 1697/660/43 1701/668/43 1698/661/43
f 1699/667/102 1698/661/102 1700/661/102 1756/667/102
f 1698/661/99 1701/668/99 1703/668/99 1700/661/99
f 1701/668/98 1702/653/98 1704/653/98 1703/668/98
f 1701/668/97 1697/660/97 1738/665/97 1702/653/97
f 1731/651/92 1729/673/92 1727/673/92 1728/651/92
f 1729/673/91 1730/672/91 1724/672/91 1727/673/91
f 1734/675/90 1730/672/90 1729/673/90 1732/650/90
f 1735/657/39 1732/651/39 1729/673/39 1731/651/39
f 1734/675/110 1732/650/110 1733/650/110 1754/675/110
f 1732/651/113 1735/657/113 1736/657/113 1733/651/113
f 1735/676/114 1737/621/114 1740/621/114 1736/676/114
f 1739/677/94 1737/621/94 1735/676/94 1731/651/94
f 1737/658/109 1738/659/109 1741/659/109 1740/658/109
f 1738/659/96 1737/658/96 1739/621/96 1702/653/96
f 1738/665/106 1697/660/106 1690/660/106 1741/665/106
f 1702/653/95 1739/621/95 1742/621/95 1704/653/95
f 1739/677/93 1731/651/93 1728/651/93 1742/677/93
f 1696/653/109 1734/675/109 1754/675/109 1694/653/109
f 1734/675/108 1696/653/108 1699/653/108 1730/672/108
f 1730/672/95 1699/653/95 1756/653/95 1724/672/95
f 1894/757/167 1895/758/167 1893/754/167
f 1896/759/168 1895/760/168 1894/757/168 1924/761/168
f 1896/759/169 1900/762/169 1897/763/169 1895/760/169
f 1897/763/170 1899/764/170 1898/752/170
f 1901/765/171 1899/766/171 1897/763/171 1900/762/171
f 1901/765/172 1900/767/172 1902/768/172
f 1925/778/189 1926/779/189 1942/780/189 1923/753/189 1922/777/189
f 1927/781/190 1925/778/190 1922/777/190 1924/761/190
f 1926/779/191 1925/778/191 1928/778/191 1930/779/191
f 1925/778/192 1927/781/192 1929/781/192 1928/778/192
f 1940/787/201 1926/785/201 1930/785/201 1939/787/201
f 1927/788/198 1940/789/198 1939/789/198 1929/788/198
f 1941/790/202 1940/789/202 1927/788/202 1924/761/202 1894/757/202
f 1926/785/203 1940/787/203 1941/790/203 1942/780/203
f 1942/780/204 1941/790/204 1894/757/204 1923/753/204
f 1896/759/205 1924/791/205 1943/769/205
f 1950/796/211 1952/797/211 1954/798/211 1949/771/211 1948/794/211
f 1951/799/212 1950/796/212 1948/794/212 1899/766/212
f 1955/800/213 1952/797/213 1950/796/213 1951/799/213
f 1952/797/214 1955/800/214 1957/800/214 1953/797/214
f 1954/798/215 1952/797/215 1953/797/215 1967/798/215
f 1955/801/216 1956/802/216 1958/802/216 1957/801/216
f 1956/802/217 1955/801/217 1951/799/217 1899/766/217 1901/765/217
f 1956/802/225 1954/807/225 1967/807/225 1958/802/225
f 1954/807/226 1956/802/226 1901/765/226 1949/771/226
usemtl M_Orange
f 1656/636/82 1657/635/82 1659/640/82 1658/639/82
f 1833/712/130 1835/716/130 1836/721/130 1834/713/130
f 1835/716/131 1837/722/131 1838/723/131 1836/721/131
f 1872/744/153 1875/745/153 1874/743/153 1871/742/153
f 1871/742/154 1873/741/154 1919/746/154 1872/744/154
usemtl M_Bleu_Sun
f 932/282/41 438/267/41 338/267/41 439/282/41
f 438/267/39 442/268/39 440/268/39 338/267/39
f 442/268/44 444/382/44 443/382/44 440/268/44
f 444/382/43 932/282/43 439/282/43 443/382/43
f 446/383/44 449/384/44 448/384/44 445/383/44
f 454/281/39 446/383/39 445/383/39 447/281/39
f 449/384/43 453/280/43 451/280/43 448/384/43
f 453/280/41 454/281/41 447/281/41 451/280/41
f 449/384/40 446/383/40 454/281/40 453/280/40
f 455/299/39 931/385/39 450/385/39 452/299/39
f 458/298/41 455/299/41 452/299/41 456/298/41
f 460/386/43 458/298/43 456/298/43 459/386/43
f 931/385/44 460/386/44 459/386/44 450/385/44
f 462/387/44 465/388/44 463/388/44 461/387/44
f 469/297/39 462/387/39 461/387/39 457/297/39
f 465/388/43 468/296/43 466/296/43 463/388/43
f 468/296/41 469/297/41 457/297/41 466/296/41
f 465/388/40 462/387/40 469/297/40 468/296/40
f 473/294/41 470/295/41 467/295/41 471/294/41
f 470/295/39 930/389/39 464/389/39 467/295/39
f 475/390/43 473/294/43 471/294/43 474/390/43
f 930/389/44 475/390/44 474/390/44 464/389/44
f 477/391/44 479/392/44 478/392/44 476/391/44
f 484/293/39 477/391/39 476/391/39 472/293/39
f 479/392/43 483/292/43 481/292/43 478/392/43
f 483/292/41 484/293/41 472/293/41 481/292/41
f 479/392/40 477/391/40 484/293/40 483/292/40
f 485/291/39 929/393/39 480/393/39 482/291/39
f 488/290/41 485/291/41 482/291/41 486/290/41
f 490/394/43 488/290/43 486/290/43 489/394/43
f 929/393/44 490/394/44 489/394/44 480/393/44
f 498/289/39 492/395/39 491/395/39 487/289/39
f 492/395/44 495/215/44 493/215/44 491/395/44
f 495/215/43 497/216/43 496/216/43 493/215/43
f 497/216/41 498/289/41 487/289/41 496/216/41
f 495/215/40 492/395/40 498/289/40 497/216/40
f 928/213/43 499/214/43 494/214/43 500/213/43
f 499/214/66 502/396/66 501/396/66 494/214/66
f 502/396/39 505/410/39 504/410/39 501/396/39
f 505/410/44 928/213/44 500/213/44 504/410/44
f 507/411/43 927/397/43 503/397/43 506/411/43
f 510/437/44 507/411/44 506/411/44 508/437/44
f 512/398/39 510/437/39 508/437/39 511/398/39
f 927/397/41 512/398/41 511/398/41 503/397/41
f 514/399/66 516/400/66 515/400/66 513/399/66
f 926/436/43 514/399/43 513/399/43 509/436/43
f 516/400/39 519/435/39 518/435/39 515/400/39
f 519/435/44 926/436/44 509/436/44 518/435/44
f 521/434/43 528/401/43 517/401/43 520/434/43
f 524/433/44 521/434/44 520/434/44 522/433/44
f 527/402/39 524/433/39 522/433/39 525/402/39
f 528/401/66 527/402/66 525/402/66 517/401/66
f 521/434/40 524/433/40 527/402/40 528/401/40
f 529/403/66 531/404/66 530/404/66 526/403/66
f 925/432/43 529/403/43 526/403/43 523/432/43
f 531/404/39 534/431/39 533/431/39 530/404/39
f 534/431/44 925/432/44 523/432/44 533/431/44
f 536/430/43 924/405/43 532/405/43 535/430/43
f 539/429/44 536/430/44 535/430/44 537/429/44
f 541/406/39 539/429/39 537/429/39 540/406/39
f 924/405/66 541/406/66 540/406/66 532/405/66
f 543/407/41 545/408/41 544/408/41 542/407/41
f 923/428/43 543/407/43 542/407/43 538/428/43
f 545/408/39 548/427/39 547/427/39 544/408/39
f 548/427/44 923/428/44 538/428/44 547/427/44
f 550/426/43 555/409/43 546/409/43 549/426/43
f 553/270/44 550/426/44 549/426/44 551/270/44
f 554/269/39 553/270/39 551/270/39 441/269/39
f 550/426/40 553/270/40 554/269/40 555/409/40
f 555/409/41 554/269/41 441/269/41 546/409/41
f 556/271/39 922/272/39 557/272/39 552/271/39
f 559/425/41 556/271/41 552/271/41 558/425/41
f 562/438/43 559/425/43 558/425/43 561/438/43
f 922/272/44 562/438/44 561/438/44 557/272/44
f 571/424/39 564/439/39 563/439/39 560/424/39
f 564/439/44 566/440/44 565/440/44 563/439/44
f 566/440/43 570/423/43 568/423/43 565/440/43
f 570/423/41 571/424/41 560/424/41 568/423/41
f 566/440/40 564/439/40 571/424/40 570/423/40
f 572/422/39 921/441/39 567/441/39 569/422/39
f 574/421/41 572/422/41 569/422/41 573/421/41
f 577/442/43 574/421/43 573/421/43 576/442/43
f 921/441/44 577/442/44 576/442/44 567/441/44
f 579/443/44 582/444/44 580/444/44 578/443/44
f 586/420/39 579/443/39 578/443/39 575/420/39
f 582/444/43 585/419/43 583/419/43 580/444/43
f 585/419/41 586/420/41 575/420/41 583/419/41
f 582/444/40 579/443/40 586/420/40 585/419/40
f 587/418/39 594/445/39 581/445/39 584/418/39
f 589/417/41 587/418/41 584/418/41 588/417/41
f 593/446/43 589/417/43 588/417/43 591/446/43
f 594/445/44 593/446/44 591/446/44 581/445/44
f 593/446/40 594/445/40 587/418/40 589/417/40
f 597/416/39 596/447/39 592/447/39 590/416/39
f 596/447/44 598/448/44 595/448/44 592/447/44
f 598/448/40 596/447/40 597/416/40 599/415/40
f 598/448/43 599/415/43 600/415/43 595/448/43
f 599/415/41 597/416/41 590/416/41 600/415/41
f 602/414/39 920/449/39 603/449/39 601/414/39
f 605/413/41 602/414/41 601/414/41 604/413/41
f 608/450/43 605/413/43 604/413/43 607/450/43
f 920/449/44 608/450/44 607/450/44 603/449/44
f 616/412/39 610/451/39 609/451/39 606/412/39
f 610/451/44 613/211/44 611/211/44 609/451/44
f 613/211/43 615/212/43 614/212/43 611/211/43
f 615/212/41 616/412/41 606/412/41 614/212/41
f 613/211/40 610/451/40 616/412/40 615/212/40
f 617/232/41 620/452/41 619/452/41 612/232/41
f 625/231/43 617/232/43 612/232/43 618/231/43
f 620/452/39 624/466/39 622/466/39 619/452/39
f 624/466/44 625/231/44 618/231/44 622/466/44
f 625/231/40 624/466/40 620/452/40 617/232/40
f 626/467/43 919/453/43 621/453/43 623/467/43
f 629/493/44 626/467/44 623/467/44 627/493/44
f 631/454/39 629/493/39 627/493/39 630/454/39
f 919/453/41 631/454/41 630/454/41 621/453/41
f 633/455/41 637/456/41 634/456/41 632/455/41
f 639/492/43 633/455/43 632/455/43 628/492/43
f 637/456/39 638/491/39 636/491/39 634/456/39
f 639/492/40 638/491/40 637/456/40 633/455/40
f 638/491/44 639/492/44 628/492/44 636/491/44
f 641/490/43 648/457/43 635/457/43 640/490/43
f 644/489/44 641/490/44 640/490/44 642/489/44
f 647/458/39 644/489/39 642/489/39 645/458/39
f 648/457/41 647/458/41 645/458/41 635/457/41
f 641/490/40 644/489/40 647/458/40 648/457/40
f 649/459/41 651/460/41 650/460/41 646/459/41
f 656/488/43 649/459/43 646/459/43 643/488/43
f 651/460/39 655/487/39 653/487/39 650/460/39
f 655/487/44 656/488/44 643/488/44 653/487/44
f 656/488/40 655/487/40 651/460/40 649/459/40
f 657/486/43 918/461/43 652/461/43 654/486/43
f 660/485/44 657/486/44 654/486/44 658/485/44
f 662/462/39 660/485/39 658/485/39 661/462/39
f 918/461/41 662/462/41 661/462/41 652/461/41
f 917/484/43 664/463/43 663/463/43 659/484/43
f 664/463/41 666/464/41 665/464/41 663/463/41
f 666/464/39 669/483/39 668/483/39 665/464/39
f 669/483/44 917/484/44 659/484/44 668/483/44
f 674/274/44 671/482/44 670/482/44 672/274/44
f 671/482/43 677/465/43 667/465/43 670/482/43
f 676/273/39 674/274/39 672/274/39 675/273/39
f 677/465/41 676/273/41 675/273/41 667/465/41
f 671/482/40 674/274/40 676/273/40 677/465/40
f 678/275/39 916/276/39 679/276/39 673/275/39
f 681/481/41 678/275/41 673/275/41 680/481/41
f 684/494/43 681/481/43 680/481/43 683/494/43
f 916/276/44 684/494/44 683/494/44 679/276/44
f 693/480/39 686/495/39 685/495/39 682/480/39
f 686/495/44 688/496/44 687/496/44 685/495/44
f 688/496/43 692/479/43 690/479/43 687/496/43
f 692/479/41 693/480/41 682/480/41 690/479/41
f 688/496/40 686/495/40 693/480/40 692/479/40
f 697/477/41 694/478/41 691/478/41 695/477/41
f 694/478/39 915/497/39 689/497/39 691/478/39
f 699/498/43 697/477/43 695/477/43 698/498/43
f 915/497/44 699/498/44 698/498/44 689/497/44
f 708/476/39 701/499/39 700/499/39 696/476/39
f 701/499/44 704/500/44 702/500/44 700/499/44
f 704/500/43 707/475/43 705/475/43 702/500/43
f 707/475/41 708/476/41 696/476/41 705/475/41
f 704/500/40 701/499/40 708/476/40 707/475/40
f 709/474/39 914/501/39 703/501/39 706/474/39
f 712/473/41 709/474/41 706/474/41 710/473/41
f 714/502/43 712/473/43 710/473/43 713/502/43
f 914/501/44 714/502/44 713/502/44 703/501/44
f 723/472/39 716/503/39 715/503/39 711/472/39
f 716/503/44 718/504/44 717/504/44 715/503/44
f 718/504/43 722/471/43 720/471/43 717/504/43
f 722/471/41 723/472/41 711/472/41 720/471/41
f 718/504/40 716/503/40 723/472/40 722/471/40
f 727/469/41 724/470/41 721/470/41 725/469/41
f 724/470/39 913/505/39 719/505/39 721/470/39
f 729/506/43 727/469/43 725/469/43 728/506/43
f 913/505/44 729/506/44 728/506/44 719/505/44
f 737/468/39 731/507/39 730/507/39 726/468/39
f 731/507/44 734/229/44 732/229/44 730/507/44
f 734/229/43 736/230/43 735/230/43 732/229/43
f 736/230/41 737/468/41 726/468/41 735/230/41
f 734/229/40 731/507/40 737/468/40 736/230/40
f 912/227/43 738/228/43 733/228/43 739/227/43
f 738/228/41 741/508/41 740/508/41 733/228/41
f 741/508/39 744/522/39 743/522/39 740/508/39
f 744/522/44 912/227/44 739/227/44 743/522/44
f 746/523/43 911/509/43 742/509/43 745/523/43
f 749/549/44 746/523/44 745/523/44 747/549/44
f 751/510/39 749/549/39 747/549/39 750/510/39
f 911/509/41 751/510/41 750/510/41 742/509/41
f 910/548/43 753/511/43 752/511/43 748/548/43
f 753/511/41 755/512/41 754/512/41 752/511/41
f 755/512/39 758/547/39 757/547/39 754/512/39
f 758/547/44 910/548/44 748/548/44 757/547/44
f 763/545/44 760/546/44 759/546/44 761/545/44
f 760/546/43 767/513/43 756/513/43 759/546/43
f 766/514/39 763/545/39 761/545/39 764/514/39
f 767/513/41 766/514/41 764/514/41 756/513/41
f 760/546/40 763/545/40 766/514/40 767/513/40
f 909/544/43 768/515/43 765/515/43 762/544/43
f 768/515/41 770/516/41 769/516/41 765/515/41
f 770/516/39 773/543/39 772/543/39 769/516/39
f 773/543/44 909/544/44 762/544/44 772/543/44
f 778/541/44 775/542/44 774/542/44 776/541/44
f 775/542/43 908/517/43 771/517/43 774/542/43
f 780/518/39 778/541/39 776/541/39 779/518/39
f 908/517/41 780/518/41 779/518/41 771/517/41
f 907/540/43 782/519/43 781/519/43 777/540/43
f 782/519/41 784/520/41 783/520/41 781/519/41
f 784/520/39 787/539/39 786/539/39 783/520/39
f 787/539/44 907/540/44 777/540/44 786/539/44
f 792/278/44 789/538/44 788/538/44 790/278/44
f 789/538/43 795/521/43 785/521/43 788/538/43
f 794/277/39 792/278/39 790/278/39 793/277/39
f 795/521/41 794/277/41 793/277/41 785/521/41
f 789/538/40 792/278/40 794/277/40 795/521/40
f 796/257/39 906/258/39 797/258/39 791/257/39
f 799/537/41 796/257/41 791/257/41 798/537/41
f 802/550/43 799/537/43 798/537/43 801/550/43
f 906/258/44 802/550/44 801/550/44 797/258/44
f 811/536/39 804/551/39 803/551/39 800/536/39
f 804/551/44 806/552/44 805/552/44 803/551/44
f 806/552/43 810/535/43 808/535/43 805/552/43
f 810/535/41 811/536/41 800/536/41 808/535/41
f 806/552/40 804/551/40 811/536/40 810/535/40
f 814/533/41 812/534/41 809/534/41 813/533/41
f 812/534/39 905/553/39 807/553/39 809/534/39
f 817/554/43 814/533/43 813/533/43 816/554/43
f 905/553/44 817/554/44 816/554/44 807/553/44
f 826/532/39 819/555/39 818/555/39 815/532/39
f 819/555/44 822/556/44 820/556/44 818/555/44
f 822/556/43 825/531/43 823/531/43 820/556/43
f 825/531/41 826/532/41 815/532/41 823/531/41
f 822/556/40 819/555/40 826/532/40 825/531/40
f 829/529/41 827/530/41 824/530/41 828/529/41
f 827/530/39 904/557/39 821/557/39 824/530/39
f 832/558/43 829/529/43 828/529/43 831/558/43
f 904/557/44 832/558/44 831/558/44 821/557/44
f 841/528/39 834/559/39 833/559/39 830/528/39
f 834/559/44 836/560/44 835/560/44 833/559/44
f 836/560/43 840/527/43 838/527/43 835/560/43
f 840/527/41 841/528/41 830/528/41 838/527/41
f 836/560/40 834/559/40 841/528/40 840/527/40
f 844/525/41 842/526/41 839/526/41 843/525/41
f 842/526/39 903/561/39 837/561/39 839/526/39
f 847/562/43 844/525/43 843/525/43 846/562/43
f 903/561/44 847/562/44 846/562/44 837/561/44
f 855/524/39 849/563/39 848/563/39 845/524/39
f 849/563/44 852/225/44 850/225/44 848/563/44
f 852/225/43 854/226/43 853/226/43 850/225/43
f 854/226/41 855/524/41 845/524/41 853/226/41
f 852/225/40 849/563/40 855/524/40 854/226/40
f 902/223/43 856/224/43 851/224/43 290/223/43
f 856/224/41 858/564/41 857/564/41 851/224/41
f 858/564/39 901/234/39 293/234/39 857/564/39
f 900/236/43 860/565/43 859/565/43 292/236/43
f 860/565/41 862/566/41 861/566/41 859/565/41
f 862/566/39 899/235/39 296/235/39 861/566/39
f 864/567/41 866/568/41 865/568/41 863/567/41
f 898/238/43 864/567/43 863/567/43 297/238/43
f 866/568/39 897/239/39 300/239/39 865/568/39
f 873/241/43 868/569/43 867/569/43 301/241/43
f 868/569/41 871/570/41 869/570/41 867/569/41
f 871/570/39 872/242/39 304/242/39 869/570/39
f 873/241/40 872/242/40 871/570/40 868/569/40
f 872/242/44 873/241/44 301/241/44 304/242/44
f 896/244/43 874/571/43 870/571/43 305/244/43
f 874/571/41 876/572/41 875/572/41 870/571/41
f 876/572/39 895/245/39 309/245/39 875/572/39
f 894/248/43 878/573/43 877/573/43 308/248/43
f 878/573/41 880/574/41 879/574/41 877/573/41
f 880/574/39 893/247/39 312/247/39 879/574/39
f 892/250/43 882/575/43 881/575/43 313/250/43
f 882/575/41 884/576/41 883/576/41 881/575/41
f 884/576/39 891/251/39 317/251/39 883/576/39
f 890/254/43 886/577/43 885/577/43 316/254/43
f 886/577/41 888/259/41 887/259/41 885/577/41
f 888/259/39 889/253/39 321/253/39 887/259/39
f 890/254/40 889/253/40 888/259/40 886/577/40
f 889/253/44 890/254/44 316/254/44 321/253/44
f 892/250/40 891/251/40 884/576/40 882/575/40
f 891/251/44 892/250/44 313/250/44 317/251/44
f 894/248/40 893/247/40 880/574/40 878/573/40
f 893/247/44 894/248/44 308/248/44 312/247/44
f 896/244/40 895/245/40 876/572/40 874/571/40
f 895/245/44 896/244/44 305/244/44 309/245/44
f 898/238/40 897/239/40 866/568/40 864/567/40
f 897/239/44 898/238/44 297/238/44 300/239/44
f 900/236/40 899/235/40 862/566/40 860/565/40
f 899/235/44 900/236/44 292/236/44 296/235/44
f 902/223/40 901/234/40 858/564/40 856/224/40
f 901/234/44 902/223/44 290/223/44 293/234/44
f 847/562/40 903/561/40 842/526/40 844/525/40
f 832/558/40 904/557/40 827/530/40 829/529/40
f 817/554/40 905/553/40 812/534/40 814/533/40
f 802/550/40 906/258/40 796/257/40 799/537/40
f 907/540/40 787/539/40 784/520/40 782/519/40
f 775/542/40 778/541/40 780/518/40 908/517/40
f 909/544/40 773/543/40 770/516/40 768/515/40
f 910/548/40 758/547/40 755/512/40 753/511/40
f 746/523/40 749/549/40 751/510/40 911/509/40
f 912/227/40 744/522/40 741/508/40 738/228/40
f 729/506/40 913/505/40 724/470/40 727/469/40
f 714/502/40 914/501/40 709/474/40 712/473/40
f 699/498/40 915/497/40 694/478/40 697/477/40
f 684/494/40 916/276/40 678/275/40 681/481/40
f 917/484/40 669/483/40 666/464/40 664/463/40
f 657/486/40 660/485/40 662/462/40 918/461/40
f 626/467/40 629/493/40 631/454/40 919/453/40
f 608/450/40 920/449/40 602/414/40 605/413/40
f 577/442/40 921/441/40 572/422/40 574/421/40
f 562/438/40 922/272/40 556/271/40 559/425/40
f 923/428/40 548/427/40 545/408/40 543/407/40
f 536/430/40 539/429/40 541/406/40 924/405/40
f 925/432/40 534/431/40 531/404/40 529/403/40
f 926/436/40 519/435/40 516/400/40 514/399/40
f 507/411/40 510/437/40 512/398/40 927/397/40
f 928/213/40 505/410/40 502/396/40 499/214/40
f 490/394/40 929/393/40 485/291/40 488/290/40
f 475/390/40 930/389/40 470/295/40 473/294/40
f 460/386/40 931/385/40 455/299/40 458/298/40
f 444/382/40 442/268/40 438/267/40 932/282/40
f 1592/282/41 1098/267/41 998/267/41 1099/282/41
f 1098/267/39 1102/268/39 1100/268/39 998/267/39
f 1102/268/44 1104/382/44 1103/382/44 1100/268/44
f 1104/382/43 1592/282/43 1099/282/43 1103/382/43
f 1106/383/44 1109/384/44 1108/384/44 1105/383/44
f 1114/281/39 1106/383/39 1105/383/39 1107/281/39
f 1109/384/43 1113/280/43 1111/280/43 1108/384/43
f 1113/280/41 1114/281/41 1107/281/41 1111/280/41
f 1109/384/40 1106/383/40 1114/281/40 1113/280/40
f 1115/299/39 1591/385/39 1110/385/39 1112/299/39
f 1118/298/41 1115/299/41 1112/299/41 1116/298/41
f 1120/386/43 1118/298/43 1116/298/43 1119/386/43
f 1591/385/44 1120/386/44 1119/386/44 1110/385/44
f 1122/387/44 1125/388/44 1123/388/44 1121/387/44
f 1129/297/39 1122/387/39 1121/387/39 1117/297/39
f 1125/388/43 1128/296/43 1126/296/43 1123/388/43
f 1128/296/41 1129/297/41 1117/297/41 1126/296/41
f 1125/388/40 1122/387/40 1129/297/40 1128/296/40
f 1133/294/41 1130/295/41 1127/295/41 1131/294/41
f 1130/295/39 1590/389/39 1124/389/39 1127/295/39
f 1135/390/43 1133/294/43 1131/294/43 1134/390/43
f 1590/389/44 1135/390/44 1134/390/44 1124/389/44
f 1137/391/44 1139/392/44 1138/392/44 1136/391/44
f 1144/293/39 1137/391/39 1136/391/39 1132/293/39
f 1139/392/43 1143/292/43 1141/292/43 1138/392/43
f 1143/292/41 1144/293/41 1132/293/41 1141/292/41
f 1139/392/40 1137/391/40 1144/293/40 1143/292/40
f 1145/291/39 1589/393/39 1140/393/39 1142/291/39
f 1148/290/41 1145/291/41 1142/291/41 1146/290/41
f 1150/394/43 1148/290/43 1146/290/43 1149/394/43
f 1589/393/44 1150/394/44 1149/394/44 1140/393/44
f 1158/289/39 1152/395/39 1151/395/39 1147/289/39
f 1152/395/44 1155/215/44 1153/215/44 1151/395/44
f 1155/215/43 1157/216/43 1156/216/43 1153/215/43
f 1157/216/41 1158/289/41 1147/289/41 1156/216/41
f 1155/215/40 1152/395/40 1158/289/40 1157/216/40
f 1588/213/43 1159/214/43 1154/214/43 1160/213/43
f 1159/214/41 1162/396/41 1161/396/41 1154/214/41
f 1162/396/39 1165/410/39 1164/410/39 1161/396/39
f 1165/410/44 1588/213/44 1160/213/44 1164/410/44
f 1167/411/43 1587/397/43 1163/397/43 1166/411/43
f 1170/437/44 1167/411/44 1166/411/44 1168/437/44
f 1172/398/39 1170/437/39 1168/437/39 1171/398/39
f 1587/397/41 1172/398/41 1171/398/41 1163/397/41
f 1174/399/41 1176/400/41 1175/400/41 1173/399/41
f 1586/436/43 1174/399/43 1173/399/43 1169/436/43
f 1176/400/39 1179/435/39 1178/435/39 1175/400/39
f 1179/435/44 1586/436/44 1169/436/44 1178/435/44
f 1181/434/43 1188/401/43 1177/401/43 1180/434/43
f 1184/433/44 1181/434/44 1180/434/44 1182/433/44
f 1187/402/39 1184/433/39 1182/433/39 1185/402/39
f 1188/401/41 1187/402/41 1185/402/41 1177/401/41
f 1181/434/40 1184/433/40 1187/402/40 1188/401/40
f 1189/403/41 1191/404/41 1190/404/41 1186/403/41
f 1585/432/43 1189/403/43 1186/403/43 1183/432/43
f 1191/404/39 1194/431/39 1193/431/39 1190/404/39
f 1194/431/44 1585/432/44 1183/432/44 1193/431/44
f 1196/430/43 1584/405/43 1192/405/43 1195/430/43
f 1199/429/44 1196/430/44 1195/430/44 1197/429/44
f 1201/406/39 1199/429/39 1197/429/39 1200/406/39
f 1584/405/41 1201/406/41 1200/406/41 1192/405/41
f 1203/407/41 1205/408/41 1204/408/41 1202/407/41
f 1583/428/43 1203/407/43 1202/407/43 1198/428/43
f 1205/408/39 1208/427/39 1207/427/39 1204/408/39
f 1208/427/44 1583/428/44 1198/428/44 1207/427/44
f 1210/426/43 1215/409/43 1206/409/43 1209/426/43
f 1213/270/44 1210/426/44 1209/426/44 1211/270/44
f 1214/269/39 1213/270/39 1211/270/39 1101/269/39
f 1210/426/40 1213/270/40 1214/269/40 1215/409/40
f 1215/409/41 1214/269/41 1101/269/41 1206/409/41
f 1216/271/39 1582/272/39 1217/272/39 1212/271/39
f 1219/425/41 1216/271/41 1212/271/41 1218/425/41
f 1222/438/43 1219/425/43 1218/425/43 1221/438/43
f 1582/272/44 1222/438/44 1221/438/44 1217/272/44
f 1231/424/39 1224/439/39 1223/439/39 1220/424/39
f 1224/439/44 1226/440/44 1225/440/44 1223/439/44
f 1226/440/43 1230/423/43 1228/423/43 1225/440/43
f 1230/423/41 1231/424/41 1220/424/41 1228/423/41
f 1226/440/40 1224/439/40 1231/424/40 1230/423/40
f 1232/422/39 1581/441/39 1227/441/39 1229/422/39
f 1234/421/41 1232/422/41 1229/422/41 1233/421/41
f 1237/442/43 1234/421/43 1233/421/43 1236/442/43
f 1581/441/44 1237/442/44 1236/442/44 1227/441/44
f 1239/443/44 1242/444/44 1240/444/44 1238/443/44
f 1246/420/39 1239/443/39 1238/443/39 1235/420/39
f 1242/444/43 1245/419/43 1243/419/43 1240/444/43
f 1245/419/41 1246/420/41 1235/420/41 1243/419/41
f 1242/444/40 1239/443/40 1246/420/40 1245/419/40
f 1247/418/39 1254/445/39 1241/445/39 1244/418/39
f 1249/417/41 1247/418/41 1244/418/41 1248/417/41
f 1253/446/43 1249/417/43 1248/417/43 1251/446/43
f 1254/445/44 1253/446/44 1251/446/44 1241/445/44
f 1253/446/40 1254/445/40 1247/418/40 1249/417/40
f 1257/416/39 1256/447/39 1252/447/39 1250/416/39
f 1256/447/44 1258/448/44 1255/448/44 1252/447/44
f 1258/448/40 1256/447/40 1257/416/40 1259/415/40
f 1258/448/43 1259/415/43 1260/415/43 1255/448/43
f 1259/415/41 1257/416/41 1250/416/41 1260/415/41
f 1262/414/39 1580/449/39 1263/449/39 1261/414/39
f 1265/413/41 1262/414/41 1261/414/41 1264/413/41
f 1268/450/43 1265/413/43 1264/413/43 1267/450/43
f 1580/449/44 1268/450/44 1267/450/44 1263/449/44
f 1276/412/39 1270/451/39 1269/451/39 1266/412/39
f 1270/451/44 1273/211/44 1271/211/44 1269/451/44
f 1273/211/43 1275/212/43 1274/212/43 1271/211/43
f 1275/212/41 1276/412/41 1266/412/41 1274/212/41
f 1273/211/40 1270/451/40 1276/412/40 1275/212/40
f 1277/232/41 1280/452/41 1279/452/41 1272/232/41
f 1285/231/43 1277/232/43 1272/232/43 1278/231/43
f 1280/452/39 1284/466/39 1282/466/39 1279/452/39
f 1284/466/44 1285/231/44 1278/231/44 1282/466/44
f 1285/231/40 1284/466/40 1280/452/40 1277/232/40
f 1286/467/43 1579/453/43 1281/453/43 1283/467/43
f 1289/493/44 1286/467/44 1283/467/44 1287/493/44
f 1291/454/39 1289/493/39 1287/493/39 1290/454/39
f 1579/453/41 1291/454/41 1290/454/41 1281/453/41
f 1293/455/41 1297/456/41 1294/456/41 1292/455/41
f 1299/492/43 1293/455/43 1292/455/43 1288/492/43
f 1297/456/39 1298/491/39 1296/491/39 1294/456/39
f 1299/492/40 1298/491/40 1297/456/40 1293/455/40
f 1298/491/44 1299/492/44 1288/492/44 1296/491/44
f 1301/490/43 1308/457/43 1295/457/43 1300/490/43
f 1304/489/44 1301/490/44 1300/490/44 1302/489/44
f 1307/458/39 1304/489/39 1302/489/39 1305/458/39
f 1308/457/41 1307/458/41 1305/458/41 1295/457/41
f 1301/490/40 1304/489/40 1307/458/40 1308/457/40
f 1309/459/41 1311/460/41 1310/460/41 1306/459/41
f 1316/488/43 1309/459/43 1306/459/43 1303/488/43
f 1311/460/39 1315/487/39 1313/487/39 1310/460/39
f 1315/487/44 1316/488/44 1303/488/44 1313/487/44
f 1316/488/40 1315/487/40 1311/460/40 1309/459/40
f 1317/486/43 1578/461/43 1312/461/43 1314/486/43
f 1320/485/44 1317/486/44 1314/486/44 1318/485/44
f 1322/462/39 1320/485/39 1318/485/39 1321/462/39
f 1578/461/41 1322/462/41 1321/462/41 1312/461/41
f 1577/484/43 1324/463/43 1323/463/43 1319/484/43
f 1324/463/41 1326/464/41 1325/464/41 1323/463/41
f 1326/464/39 1329/483/39 1328/483/39 1325/464/39
f 1329/483/44 1577/484/44 1319/484/44 1328/483/44
f 1334/274/44 1331/482/44 1330/482/44 1332/274/44
f 1331/482/43 1337/465/43 1327/465/43 1330/482/43
f 1336/273/39 1334/274/39 1332/274/39 1335/273/39
f 1337/465/41 1336/273/41 1335/273/41 1327/465/41
f 1331/482/40 1334/274/40 1336/273/40 1337/465/40
f 1338/275/39 1576/276/39 1339/276/39 1333/275/39
f 1341/481/41 1338/275/41 1333/275/41 1340/481/41
f 1344/494/43 1341/481/43 1340/481/43 1343/494/43
f 1576/276/44 1344/494/44 1343/494/44 1339/276/44
f 1353/480/39 1346/495/39 1345/495/39 1342/480/39
f 1346/495/44 1348/496/44 1347/496/44 1345/495/44
f 1348/496/43 1352/479/43 1350/479/43 1347/496/43
f 1352/479/41 1353/480/41 1342/480/41 1350/479/41
f 1348/496/40 1346/495/40 1353/480/40 1352/479/40
f 1357/477/41 1354/478/41 1351/478/41 1355/477/41
f 1354/478/39 1575/497/39 1349/497/39 1351/478/39
f 1359/498/43 1357/477/43 1355/477/43 1358/498/43
f 1575/497/44 1359/498/44 1358/498/44 1349/497/44
f 1368/476/39 1361/499/39 1360/499/39 1356/476/39
f 1361/499/44 1364/500/44 1362/500/44 1360/499/44
f 1364/500/43 1367/475/43 1365/475/43 1362/500/43
f 1367/475/41 1368/476/41 1356/476/41 1365/475/41
f 1364/500/40 1361/499/40 1368/476/40 1367/475/40
f 1369/474/39 1574/501/39 1363/501/39 1366/474/39
f 1372/473/41 1369/474/41 1366/474/41 1370/473/41
f 1374/502/43 1372/473/43 1370/473/43 1373/502/43
f 1574/501/44 1374/502/44 1373/502/44 1363/501/44
f 1383/472/39 1376/503/39 1375/503/39 1371/472/39
f 1376/503/44 1378/504/44 1377/504/44 1375/503/44
f 1378/504/43 1382/471/43 1380/471/43 1377/504/43
f 1382/471/41 1383/472/41 1371/472/41 1380/471/41
f 1378/504/40 1376/503/40 1383/472/40 1382/471/40
f 1387/469/41 1384/470/41 1381/470/41 1385/469/41
f 1384/470/39 1573/505/39 1379/505/39 1381/470/39
f 1389/506/43 1387/469/43 1385/469/43 1388/506/43
f 1573/505/44 1389/506/44 1388/506/44 1379/505/44
f 1397/468/39 1391/507/39 1390/507/39 1386/468/39
f 1391/507/44 1394/229/44 1392/229/44 1390/507/44
f 1394/229/43 1396/230/43 1395/230/43 1392/229/43
f 1396/230/41 1397/468/41 1386/468/41 1395/230/41
f 1394/229/40 1391/507/40 1397/468/40 1396/230/40
f 1572/227/43 1398/228/43 1393/228/43 1399/227/43
f 1398/228/41 1401/508/41 1400/508/41 1393/228/41
f 1401/508/39 1404/522/39 1403/522/39 1400/508/39
f 1404/522/44 1572/227/44 1399/227/44 1403/522/44
f 1406/523/43 1571/509/43 1402/509/43 1405/523/43
f 1409/549/44 1406/523/44 1405/523/44 1407/549/44
f 1411/510/39 1409/549/39 1407/549/39 1410/510/39
f 1571/509/41 1411/510/41 1410/510/41 1402/509/41
f 1570/548/43 1413/511/43 1412/511/43 1408/548/43
f 1413/511/41 1415/512/41 1414/512/41 1412/511/41
f 1415/512/39 1418/547/39 1417/547/39 1414/512/39
f 1418/547/44 1570/548/44 1408/548/44 1417/547/44
f 1423/545/44 1420/546/44 1419/546/44 1421/545/44
f 1420/546/43 1427/513/43 1416/513/43 1419/546/43
f 1426/514/39 1423/545/39 1421/545/39 1424/514/39
f 1427/513/41 1426/514/41 1424/514/41 1416/513/41
f 1420/546/40 1423/545/40 1426/514/40 1427/513/40
f 1569/544/43 1428/515/43 1425/515/43 1422/544/43
f 1428/515/41 1430/516/41 1429/516/41 1425/515/41
f 1430/516/39 1433/543/39 1432/543/39 1429/516/39
f 1433/543/44 1569/544/44 1422/544/44 1432/543/44
f 1438/541/44 1435/542/44 1434/542/44 1436/541/44
f 1435/542/43 1568/517/43 1431/517/43 1434/542/43
f 1440/518/39 1438/541/39 1436/541/39 1439/518/39
f 1568/517/41 1440/518/41 1439/518/41 1431/517/41
f 1567/540/43 1442/519/43 1441/519/43 1437/540/43
f 1442/519/41 1444/520/41 1443/520/41 1441/519/41
f 1444/520/39 1447/539/39 1446/539/39 1443/520/39
f 1447/539/44 1567/540/44 1437/540/44 1446/539/44
f 1452/278/44 1449/538/44 1448/538/44 1450/278/44
f 1449/538/43 1455/521/43 1445/521/43 1448/538/43
f 1454/277/39 1452/278/39 1450/278/39 1453/277/39
f 1455/521/41 1454/277/41 1453/277/41 1445/521/41
f 1449/538/40 1452/278/40 1454/277/40 1455/521/40
f 1456/257/39 1566/258/39 1457/258/39 1451/257/39
f 1459/537/41 1456/257/41 1451/257/41 1458/537/41
f 1462/550/43 1459/537/43 1458/537/43 1461/550/43
f 1566/258/44 1462/550/44 1461/550/44 1457/258/44
f 1471/536/39 1464/551/39 1463/551/39 1460/536/39
f 1464/551/44 1466/552/44 1465/552/44 1463/551/44
f 1466/552/43 1470/535/43 1468/535/43 1465/552/43
f 1470/535/41 1471/536/41 1460/536/41 1468/535/41
f 1466/552/40 1464/551/40 1471/536/40 1470/535/40
f 1474/533/41 1472/534/41 1469/534/41 1473/533/41
f 1472/534/39 1565/553/39 1467/553/39 1469/534/39
f 1477/554/43 1474/533/43 1473/533/43 1476/554/43
f 1565/553/44 1477/554/44 1476/554/44 1467/553/44
f 1486/532/39 1479/555/39 1478/555/39 1475/532/39
f 1479/555/44 1482/556/44 1480/556/44 1478/555/44
f 1482/556/43 1485/531/43 1483/531/43 1480/556/43
f 1485/531/41 1486/532/41 1475/532/41 1483/531/41
f 1482/556/40 1479/555/40 1486/532/40 1485/531/40
f 1489/529/41 1487/530/41 1484/530/41 1488/529/41
f 1487/530/39 1564/557/39 1481/557/39 1484/530/39
f 1492/558/43 1489/529/43 1488/529/43 1491/558/43
f 1564/557/44 1492/558/44 1491/558/44 1481/557/44
f 1501/528/39 1494/559/39 1493/559/39 1490/528/39
f 1494/559/44 1496/560/44 1495/560/44 1493/559/44
f 1496/560/43 1500/527/43 1498/527/43 1495/560/43
f 1500/527/41 1501/528/41 1490/528/41 1498/527/41
f 1496/560/40 1494/559/40 1501/528/40 1500/527/40
f 1504/525/41 1502/526/41 1499/526/41 1503/525/41
f 1502/526/39 1563/561/39 1497/561/39 1499/526/39
f 1507/562/43 1504/525/43 1503/525/43 1506/562/43
f 1563/561/44 1507/562/44 1506/562/44 1497/561/44
f 1515/524/39 1509/563/39 1508/563/39 1505/524/39
f 1509/563/44 1512/225/44 1510/225/44 1508/563/44
f 1512/225/43 1514/226/43 1513/226/43 1510/225/43
f 1514/226/41 1515/524/41 1505/524/41 1513/226/41
f 1512/225/40 1509/563/40 1515/524/40 1514/226/40
f 1562/223/43 1516/224/43 1511/224/43 950/223/43
f 1516/224/41 1518/564/41 1517/564/41 1511/224/41
f 1518/564/39 1561/234/39 953/234/39 1517/564/39
f 1560/236/43 1520/565/43 1519/565/43 952/236/43
f 1520/565/41 1522/566/41 1521/566/41 1519/565/41
f 1522/566/39 1559/235/39 956/235/39 1521/566/39
f 1524/567/41 1526/568/41 1525/568/41 1523/567/41
f 1558/238/43 1524/567/43 1523/567/43 957/238/43
f 1526/568/39 1557/239/39 960/239/39 1525/568/39
f 1533/241/43 1528/569/43 1527/569/43 961/241/43
f 1528/569/41 1531/570/41 1529/570/41 1527/569/41
f 1531/570/39 1532/242/39 964/242/39 1529/570/39
f 1533/241/40 1532/242/40 1531/570/40 1528/569/40
f 1532/242/44 1533/241/44 961/241/44 964/242/44
f 1556/244/43 1534/571/43 1530/571/43 965/244/43
f 1534/571/41 1536/572/41 1535/572/41 1530/571/41
f 1536/572/39 1555/245/39 969/245/39 1535/572/39
f 1554/248/43 1538/573/43 1537/573/43 968/248/43
f 1538/573/41 1540/574/41 1539/574/41 1537/573/41
f 1540/574/39 1553/247/39 972/247/39 1539/574/39
f 1552/250/43 1542/575/43 1541/575/43 973/250/43
f 1542/575/41 1544/576/41 1543/576/41 1541/575/41
f 1544/576/39 1551/251/39 977/251/39 1543/576/39
f 1550/254/43 1546/577/43 1545/577/43 976/254/43
f 1546/577/41 1548/259/41 1547/259/41 1545/577/41
f 1548/259/39 1549/253/39 981/253/39 1547/259/39
f 1550/254/40 1549/253/40 1548/259/40 1546/577/40
f 1549/253/44 1550/254/44 976/254/44 981/253/44
f 1552/250/40 1551/251/40 1544/576/40 1542/575/40
f 1551/251/44 1552/250/44 973/250/44 977/251/44
f 1554/248/40 1553/247/40 1540/574/40 1538/573/40
f 1553/247/44 1554/248/44 968/248/44 972/247/44
f 1556/244/40 1555/245/40 1536/572/40 1534/571/40
f 1555/245/44 1556/244/44 965/244/44 969/245/44
f 1558/238/40 1557/239/40 1526/568/40 1524/567/40
f 1557/239/44 1558/238/44 957/238/44 960/239/44
f 1560/236/40 1559/235/40 1522/566/40 1520/565/40
f 1559/235/44 1560/236/44 952/236/44 956/235/44
f 1562/223/40 1561/234/40 1518/564/40 1516/224/40
f 1561/234/44 1562/223/44 950/223/44 953/234/44
f 1507/562/40 1563/561/40 1502/526/40 1504/525/40
f 1492/558/40 1564/557/40 1487/530/40 1489/529/40
f 1477/554/40 1565/553/40 1472/534/40 1474/533/40
f 1462/550/40 1566/258/40 1456/257/40 1459/537/40
f 1567/540/40 1447/539/40 1444/520/40 1442/519/40
f 1435/542/40 1438/541/40 1440/518/40 1568/517/40
f 1569/544/40 1433/543/40 1430/516/40 1428/515/40
f 1570/548/40 1418/547/40 1415/512/40 1413/511/40
f 1406/523/40 1409/549/40 1411/510/40 1571/509/40
f 1572/227/40 1404/522/40 1401/508/40 1398/228/40
f 1389/506/40 1573/505/40 1384/470/40 1387/469/40
f 1374/502/40 1574/501/40 1369/474/40 1372/473/40
f 1359/498/40 1575/497/40 1354/478/40 1357/477/40
f 1344/494/40 1576/276/40 1338/275/40 1341/481/40
f 1577/484/40 1329/483/40 1326/464/40 1324/463/40
f 1317/486/40 1320/485/40 1322/462/40 1578/461/40
f 1286/467/40 1289/493/40 1291/454/40 1579/453/40
f 1268/450/40 1580/449/40 1262/414/40 1265/413/40
f 1237/442/40 1581/441/40 1232/422/40 1234/421/40
f 1222/438/40 1582/272/40 1216/271/40 1219/425/40
f 1583/428/40 1208/427/40 1205/408/40 1203/407/40
f 1196/430/40 1199/429/40 1201/406/40 1584/405/40
f 1585/432/40 1194/431/40 1191/404/40 1189/403/40
f 1586/436/40 1179/435/40 1176/400/40 1174/399/40
f 1167/411/40 1170/437/40 1172/398/40 1587/397/40
f 1588/213/40 1165/410/40 1162/396/40 1159/214/40
f 1150/394/40 1589/393/40 1145/291/40 1148/290/40
f 1135/390/40 1590/389/40 1130/295/40 1133/294/40
f 1120/386/40 1591/385/40 1115/299/40 1118/298/40
f 1104/382/40 1102/268/40 1098/267/40 1592/282/40
o SM_SolarPanel_T2_Base
v 0.900000 0.000000 -1.000000
v -0.900000 0.000000 -1.000000
v -0.900000 0.000000 1.000000
v 0.900000 0.000000 1.000000
v -1.250000 0.000000 -0.800000
v -1.250000 0.000000 0.800000
v 1.250000 0.000000 0.800000
v 1.250000 0.000000 -0.800000
v -0.900000 0.000000 -0.800000
v -0.900000 0.000000 0.800000
v 0.900000 0.000000 -0.800000
v 0.900000 0.000000 0.800000
v -1.141911 0.000000 1.000000
v -1.250000 0.000000 0.891911
v -1.250000 0.000000 -0.891911
v -1.141911 0.000000 -1.000000
v 1.250000 0.000000 0.891911
v 1.141911 0.000000 1.000000
v 1.141911 0.000000 -1.000000
v 1.250000 0.000000 -0.891911
v -0.900000 0.843750 -1.000000
v 0.900000 0.843750 -1.000000
v 0.900000 0.843750 1.000000
v 1.085962 0.905231 -0.864929
v -0.900000 0.843750 1.000000
v -1.250000 0.843750 0.800000
v -1.250000 0.843750 -0.800000
v 1.250000 0.843750 -0.800000
v 1.250000 0.843750 0.800000
v -1.145880 0.914766 0.848783
v -1.250000 0.843750 0.891911
v -1.098783 0.914766 0.895880
v -1.141911 0.843750 1.000000
v -1.098783 0.914766 -0.895880
v -1.141911 0.843750 -1.000000
v -1.145880 0.914766 -0.848784
v -1.250000 0.843750 -0.891911
v 1.098783 0.914766 0.895880
v 1.141911 0.843750 1.000000
v 1.145880 0.914766 0.848783
v 1.250000 0.843750 0.891911
v 1.145880 0.914766 -0.848783
v 1.250000 0.843750 -0.891911
v 1.098783 0.914766 -0.895880
v 1.141911 0.843750 -1.000000
v 0.900000 0.000000 -0.990049
v -0.900000 0.000000 -0.990049
v -0.900000 0.000000 0.990049
v 0.900000 0.000000 0.990049
v -1.240049 0.000000 -0.800000
v -1.240049 0.000000 0.800000
v 1.240049 0.000000 0.800000
v 1.240049 0.000000 -0.800000
v -0.900000 0.839943 -0.990807
v -0.876293 0.905235 -0.901469
v 0.876293 0.905235 -0.901469
v 0.900000 0.839943 -0.990807
v 0.900000 0.839943 0.990807
v 0.907245 0.914766 0.895883
v -0.876293 0.905235 0.901469
v -0.900000 0.839943 0.990807
v -1.240807 0.839943 0.800000
v -1.151469 0.905233 0.776293
v -1.151469 0.905233 -0.776293
v -1.240807 0.839943 -0.800000
v 1.240807 0.839943 -0.800000
v 1.151469 0.905233 -0.776293
v 1.151469 0.905233 0.776293
v 1.240807 0.839943 0.800000
v -1.109495 0.914766 0.921740
v -1.171740 0.914766 0.859495
v -1.171740 0.914766 -0.859495
v -1.109495 0.914766 -0.921740
v 1.109495 0.914766 -0.921740
v 1.171739 0.914766 -0.859495
v 1.171739 0.914766 0.859495
v 1.109495 0.914766 0.921740
v -1.171740 0.914766 0.807245
v -0.907245 0.914766 0.921740
v -0.907245 0.914766 -0.921740
v -1.171740 0.914766 -0.807245
v 1.171739 0.914766 0.807245
v 0.907245 0.914766 0.921740
v 1.171739 0.914766 -0.807245
v 0.907245 0.914766 -0.921740
v 0.876293 0.905235 -0.864935
v -0.907245 0.914766 0.895888
v -0.900000 0.905234 -0.888639
v -0.907245 0.914766 -0.895884
v 0.907245 0.914766 -0.895886
v -1.145882 0.914766 -0.807245
v -1.114918 0.905233 0.776293
v -1.145880 0.914766 0.807245
v -1.085963 0.905231 -0.864929
v -1.114933 0.905233 -0.776293
v 1.114925 0.905233 -0.776293
v 1.145878 0.914766 -0.807245
v -1.114929 0.905231 -0.835962
v -1.114918 0.905231 0.835973
v -1.085962 0.905231 0.864929
v 0.876293 0.905235 0.901469
v -0.900000 0.905234 0.888654
v 1.145879 0.914766 0.807245
v 1.114923 0.905233 0.776293
v 1.114923 0.905231 0.835968
v 1.085963 0.905231 0.864929
v 0.900000 0.905234 0.888638
v 1.114925 0.905231 -0.835966
v 0.900000 0.905234 -0.925176
v -1.175176 0.905234 -0.800000
v 1.175176 0.905234 0.800000
v 0.900000 0.905234 -0.888642
v 1.138632 0.905234 -0.800000
v 1.175176 0.905234 -0.800000
v -1.138625 0.905234 0.800000
v -1.175176 0.905234 0.800000
v 1.138632 0.905230 -0.845786
v 1.095783 0.905230 -0.888636
v -1.138625 0.905230 0.845793
v -1.095783 0.905230 0.888636
v 1.138630 0.905230 0.845788
v 1.138630 0.905234 0.800000
v -0.900000 0.905234 -0.925176
v -0.876293 0.905235 -0.864932
v -1.138638 0.905234 -0.800000
v -1.138635 0.905230 -0.845783
v -0.876293 0.905235 0.864949
v -1.095783 0.905230 -0.888636
v -0.900000 0.905234 0.925176
v 1.095783 0.905230 0.888636
v 0.876293 0.905235 0.864931
v 0.900000 0.905234 0.925176
v 0.900000 0.889070 0.800000
v 0.876293 0.889070 0.864931
v 0.900000 0.889070 -0.800000
v -0.876293 0.889070 -0.864932
v -0.900000 0.889070 -0.800000
v 0.876293 0.889070 -0.864935
v -1.114933 0.889069 -0.776293
v -0.876293 0.889070 0.864949
v -0.900000 0.889070 0.800000
v 1.114925 0.889069 -0.776293
v -1.114918 0.889069 0.776293
v 1.114923 0.889069 0.776293
v 0.876293 0.889070 -0.901469
v -1.151469 0.889068 -0.776293
v 1.151469 0.889068 0.776293
v 1.151469 0.889068 -0.776293
v -1.151469 0.889068 0.776293
v 1.114925 0.889066 -0.835966
v 1.085962 0.889067 -0.864929
v -1.114918 0.889066 0.835973
v -1.085962 0.889067 0.864929
v 1.114923 0.889066 0.835968
v -0.876293 0.889070 -0.901469
v -1.114929 0.889066 -0.835962
v -1.085963 0.889067 -0.864929
v -0.876293 0.889070 0.901469
v 1.085963 0.889067 0.864929
v 0.876293 0.889070 0.901469
v -1.112496 0.914766 0.928984
v -1.178984 0.914766 0.862496
v -1.178984 0.914766 -0.862496
v -1.112496 0.914766 -0.928984
v 1.112495 0.914766 -0.928984
v 1.178984 0.914766 -0.862496
v 1.178984 0.914766 0.862496
v 1.112495 0.914766 0.928984
v -1.178984 0.914766 0.800000
v -0.900000 0.914766 0.928984
v -0.900000 0.914766 -0.928984
v -1.178984 0.914766 -0.800000
v 1.178984 0.914766 0.800000
v 0.900000 0.914766 0.928984
v 1.178984 0.914766 -0.800000
v 0.900000 0.914766 -0.928984
v 0.900000 0.914766 -0.888642
v 1.138633 0.914766 -0.800000
v -0.900000 0.914766 0.888643
v -1.138635 0.914766 0.800000
v -1.095783 0.914766 0.888636
v -1.138635 0.914766 0.845783
v -1.138635 0.914766 -0.845783
v -1.095783 0.914766 -0.888636
v 1.095783 0.914766 -0.888636
v 1.138635 0.914766 -0.845783
v 1.138635 0.914766 0.845783
v 1.095783 0.914766 0.888636
v 1.138634 0.914766 0.800000
v 0.900000 0.914766 0.888638
v -0.900000 0.914766 -0.888639
v -1.138638 0.914766 -0.800000
v -1.109495 0.912727 0.921740
v -1.098783 0.912727 0.895880
v -1.145880 0.912727 0.848783
v -1.171740 0.912727 0.859495
v -1.171740 0.912727 -0.859495
v -1.145880 0.912727 -0.848784
v -1.098783 0.912727 -0.895880
v -1.109495 0.912727 -0.921740
v 1.109495 0.912727 -0.921740
v 1.098783 0.912727 -0.895880
v 1.145880 0.912727 -0.848783
v 1.171739 0.912727 -0.859495
v 1.171739 0.912727 0.859495
v 1.145880 0.912727 0.848783
v 1.098783 0.912727 0.895880
v 1.109495 0.912727 0.921740
v -1.171740 0.912727 0.807245
v -0.907245 0.912727 0.921740
v -0.907245 0.912727 -0.921740
v -1.171740 0.912727 -0.807245
v 1.171739 0.912727 0.807245
v 0.907245 0.912727 0.921740
v 1.171739 0.912727 -0.807245
v 0.907245 0.912727 -0.921740
v 0.907245 0.912727 -0.895886
v 1.145878 0.912727 -0.807245
v -0.907245 0.912727 0.895888
v -1.145880 0.912727 0.807245
v 1.145879 0.912727 0.807245
v 0.907245 0.912727 0.895883
v -0.907245 0.912727 -0.895884
v -1.145882 0.912727 -0.807245
v 0.900000 0.052255 1.000000
v 0.900000 0.074304 1.000000
v -0.900000 0.052255 1.000000
v -0.900000 0.074304 1.000000
v -0.900000 0.052255 -1.000000
v -0.900000 0.074304 -1.000000
v 0.900000 0.052255 -1.000000
v 0.900000 0.074304 -1.000000
v 1.250000 0.107498 -0.833194
v 1.250000 0.052255 -0.800000
v 1.250000 0.052255 0.800000
v 1.250000 0.107498 0.833194
v -1.250000 0.107498 0.833194
v -1.250000 0.052255 0.800000
v -1.250000 0.052255 -0.800000
v -1.250000 0.107498 -0.833194
v -1.250000 0.107498 0.858717
v -1.250000 0.052255 0.891911
v -1.141911 0.052255 1.000000
v -1.141911 0.074304 1.000000
v -1.250000 0.052255 -0.891911
v -1.250000 0.107498 -0.858717
v -1.141911 0.074304 -1.000000
v -1.141911 0.052255 -1.000000
v 1.141911 0.052255 -1.000000
v 1.141911 0.074304 -1.000000
v 1.250000 0.107498 -0.858717
v 1.250000 0.052255 -0.891911
v 1.250000 0.052255 0.891911
v 1.250000 0.107498 0.858717
v 1.141911 0.074304 1.000000
v 1.141911 0.052255 1.000000
v -1.141911 0.818895 -1.000000
v -1.141911 0.810842 -1.000000
v -0.900000 0.818894 -1.000000
v -0.900000 0.810842 -1.000000
v 0.900000 0.810842 -1.000000
v 0.900000 0.818894 -1.000000
v 1.141911 0.810842 -1.000000
v 1.141911 0.818895 -1.000000
v 0.900000 0.810842 1.000000
v 0.900000 0.818894 1.000000
v -0.900000 0.818894 1.000000
v -0.900000 0.810842 1.000000
v 1.141911 0.818895 1.000000
v 1.141911 0.810842 1.000000
v -1.141911 0.810842 1.000000
v -1.141911 0.818895 1.000000
v -1.250000 0.818894 0.800000
v -1.250000 0.777648 0.833194
v -1.250000 0.777648 -0.833194
v -1.250000 0.818894 -0.800000
v -1.250000 0.777648 0.858717
v -1.250000 0.818895 0.891911
v -1.250000 0.777648 -0.858717
v -1.250000 0.818895 -0.891911
v 1.250000 0.818894 -0.800000
v 1.250000 0.777648 -0.833194
v 1.250000 0.777648 0.833194
v 1.250000 0.818894 0.800000
v 1.250000 0.818895 -0.891911
v 1.250000 0.777648 -0.858717
v 1.250000 0.777648 0.858717
v 1.250000 0.818895 0.891911
v 0.882939 0.091365 0.990049
v 0.900000 0.052255 0.990049
v -0.900000 0.052255 0.990049
v -0.882939 0.091365 0.990049
v -0.882939 0.091365 -0.990049
v -0.900000 0.052255 -0.990049
v 0.882939 0.091365 -0.990049
v 0.900000 0.052255 -0.990049
v 1.218176 0.140767 -0.720746
v 1.240049 0.052255 -0.800000
v 1.218176 0.140767 0.720746
v 1.240049 0.052255 0.800000
v -1.218176 0.140767 0.720746
v -1.240049 0.052255 0.800000
v -1.218176 0.140767 -0.720746
v -1.240049 0.052255 -0.800000
v -0.900000 0.818894 -0.990171
v -0.882939 0.793781 -0.990049
v 0.900000 0.818894 -0.990171
v 0.882939 0.793781 -0.990049
v 0.900000 0.818894 0.990171
v 0.882939 0.793781 0.990049
v -0.882939 0.793781 0.990049
v -0.900000 0.818894 0.990171
v -1.240171 0.818894 0.800000
v -1.212625 0.736231 0.725389
v -1.240171 0.818894 -0.800000
v -1.212625 0.736231 -0.725389
v 1.240171 0.818894 -0.800000
v 1.212625 0.736231 -0.725389
v 1.240171 0.818894 0.800000
v 1.212625 0.736231 0.725389
v -1.221055 0.142728 0.348000
v -1.240049 0.074304 0.270408
v -1.240049 0.074304 -0.270408
v -1.221055 0.142728 -0.348000
v 1.221055 0.142728 -0.348000
v 1.221055 0.142728 0.348000
v -1.151469 0.905230 0.765238
v -1.151469 0.905232 0.773291
v -1.151469 0.905232 -0.773291
v -1.151469 0.905230 -0.765238
v -1.240807 0.839943 -0.773291
v -1.240807 0.839943 -0.765238
v -1.240807 0.839943 0.765238
v -1.240807 0.839943 0.773291
v 1.151469 0.905230 -0.765238
v 1.151469 0.905232 -0.773291
v 1.151469 0.905232 0.773291
v 1.151469 0.905230 0.765238
v 1.240807 0.839943 0.773291
v 1.240807 0.839943 0.765238
v 1.240807 0.839943 -0.765238
v 1.240807 0.839943 -0.773291
v -1.240171 0.818894 0.773291
v -1.240171 0.818893 0.765238
v -1.218176 0.731589 0.346039
v -1.240171 0.818894 -0.773291
v -1.218176 0.731589 -0.346039
v -1.240171 0.818893 -0.765238
v 1.240171 0.818894 -0.773291
v 1.240171 0.818893 -0.765238
v 1.240049 0.810842 -0.270408
v 1.218176 0.731589 -0.346039
v 1.240171 0.818894 0.773291
v 1.218176 0.731589 0.346039
v 1.240049 0.810842 0.270408
v 1.240171 0.818893 0.765238
v -0.752430 0.091365 -0.990049
v -0.727316 0.074304 -0.990049
v 0.727316 0.074304 -0.990049
v 0.752430 0.091365 -0.990049
v 0.752430 0.091365 0.990049
v 0.727316 0.074304 0.990049
v -0.727316 0.074304 0.990049
v -0.752430 0.091365 0.990049
v -0.727316 0.905231 -0.901469
v -0.735369 0.905231 -0.901469
v 0.735369 0.905231 -0.901469
v 0.727316 0.905231 -0.901469
v 0.735369 0.839943 -0.990807
v 0.727316 0.839943 -0.990807
v -0.727316 0.839943 -0.990807
v -0.735369 0.839943 -0.990807
v -0.735369 0.839943 0.990807
v -0.727316 0.839943 0.990807
v 0.727316 0.839943 0.990807
v 0.735369 0.839943 0.990807
v 0.735369 0.818894 0.990171
v 0.727316 0.818893 0.990171
v 0.727316 0.810842 0.990049
v 0.752430 0.793781 0.990049
v -0.735369 0.818894 0.990171
v -0.752430 0.793781 0.990049
v -0.727316 0.810842 0.990049
v -0.727316 0.818893 0.990171
v -0.735369 0.818894 -0.990171
v -0.727316 0.818893 -0.990171
v -0.727316 0.810842 -0.990049
v -0.752430 0.793781 -0.990049
v 0.735369 0.818894 -0.990171
v 0.752430 0.793781 -0.990049
v 0.727316 0.810842 -0.990049
v 0.727316 0.818893 -0.990171
v 0.727316 0.905231 0.901469
v 0.735369 0.905231 0.901469
v -0.735369 0.905231 0.901469
v -0.727316 0.905231 0.901469
v 0.727316 0.905230 -0.925176
v 0.735369 0.905230 -0.925176
v -1.175176 0.905230 -0.765238
v -1.175176 0.905231 -0.773291
v 1.175176 0.905230 0.765238
v 1.175176 0.905231 0.773291
v -1.175176 0.905231 0.773291
v -1.175176 0.905230 0.765238
v 1.175176 0.905231 -0.773291
v 1.175176 0.905230 -0.765238
v -0.727316 0.905230 0.925176
v -0.735369 0.905230 0.925176
v -0.735369 0.905230 -0.925176
v -0.727316 0.905230 -0.925176
v 0.735369 0.905230 0.925176
v 0.727316 0.905230 0.925176
v -1.151469 0.889067 -0.773291
v -1.151469 0.889066 -0.765238
v -1.151469 0.889066 0.765238
v -1.151469 0.889067 0.773291
v 1.151469 0.889066 -0.765238
v 1.151469 0.889067 -0.773291
v 1.151469 0.889067 0.773291
v 1.151469 0.889066 0.765238
v 0.735369 0.889066 -0.901469
v 0.727316 0.889066 -0.901469
v 0.727316 0.889066 0.901469
v 0.735369 0.889066 0.901469
v -0.727316 0.889066 -0.901469
v -0.735369 0.889066 -0.901469
v -0.735369 0.889066 0.901469
v -0.727316 0.889066 0.901469
v -1.231623 0.074304 0.279575
v -1.231623 0.074304 0.270408
v -1.231623 0.074304 -0.279575
v -1.231623 0.074304 -0.270408
v 1.231623 0.074304 -0.279575
v 1.231623 0.074304 -0.270408
v 1.231623 0.074304 0.279575
v 1.231623 0.074304 0.270408
v -1.231623 0.810927 0.279575
v -1.231746 0.819064 0.773291
v -1.231746 0.819063 0.765238
v -1.231623 0.810927 0.270408
v -1.231746 0.819063 -0.765238
v -1.231746 0.819064 -0.773291
v -1.231623 0.810927 -0.279575
v -1.231623 0.810927 -0.270408
v 1.231623 0.810927 -0.279575
v 1.231746 0.819064 -0.773291
v 1.231746 0.819063 -0.765238
v 1.231623 0.810927 -0.270408
v 1.231746 0.819063 0.765238
v 1.231746 0.819064 0.773291
v 1.231623 0.810927 0.279575
v 1.231623 0.810927 0.270408
v -0.735369 0.074304 -0.981623
v -0.727316 0.074304 -0.981623
v 0.735369 0.074304 -0.981623
v 0.727316 0.074304 -0.981623
v 0.735369 0.074304 0.981623
v 0.727316 0.074304 0.981623
v -0.735369 0.074304 0.981623
v -0.727316 0.074304 0.981623
v 0.735369 0.810927 0.981623
v 0.735369 0.819064 0.981746
v 0.727316 0.819063 0.981746
v 0.727316 0.810927 0.981623
v -0.727316 0.819063 0.981746
v -0.735369 0.819064 0.981746
v -0.735369 0.810927 0.981623
v -0.727316 0.810927 0.981623
v -0.735369 0.810927 -0.981623
v -0.735369 0.819064 -0.981746
v -0.727316 0.819063 -0.981746
v -0.727316 0.810927 -0.981623
v 0.727316 0.819063 -0.981746
v 0.735369 0.819064 -0.981746
v 0.735369 0.810927 -0.981623
v 0.727316 0.810927 -0.981623
v -1.159896 0.889067 -0.773291
v -1.159896 0.889066 -0.765238
v -1.159896 0.889066 0.765238
v -1.159896 0.889067 0.773291
v 1.159896 0.889066 -0.765238
v 1.159896 0.889067 -0.773291
v 1.159896 0.889067 0.773291
v 1.159896 0.889066 0.765238
v 0.735369 0.889066 -0.909896
v 0.727316 0.889066 -0.909896
v 0.727316 0.889066 0.909896
v 0.735369 0.889066 0.909896
v -0.727316 0.889066 -0.909896
v -0.735369 0.889066 -0.909896
v -0.735369 0.889066 0.909896
v -0.727316 0.889066 0.909896
v -0.908427 0.818894 0.991573
v -0.908427 0.810842 0.991573
v -0.908386 0.810970 0.981583
v -0.908467 0.819021 0.981786
v -0.908427 0.066251 -0.991573
v -0.908427 0.074304 -0.991573
v -0.908427 0.074304 -0.981623
v -0.908427 0.066251 -0.981623
v 0.908427 0.074304 0.981623
v 0.908427 0.066251 0.981623
v 0.908427 0.066251 0.991573
v 0.908427 0.074304 0.991573
v -1.241573 0.074304 0.888421
v -1.241573 0.066251 0.888421
v -1.138421 0.066251 0.991573
v -1.138421 0.074304 0.991573
v -1.241573 0.066251 -0.888421
v -1.241573 0.074304 -0.888421
v -1.138421 0.074304 -0.991573
v -1.138421 0.066251 -0.991573
v 1.138421 0.066251 -0.991573
v 1.138421 0.074304 -0.991573
v 1.241573 0.074304 -0.888421
v 1.241573 0.066251 -0.888421
v 1.241573 0.066251 0.888421
v 1.241573 0.074304 0.888421
v 1.138421 0.074304 0.991573
v 1.138421 0.066251 0.991573
v -1.241573 0.074304 0.808427
v -1.241573 0.066251 0.808427
v -0.908427 0.066251 0.991573
v -0.908427 0.074304 0.991573
v -1.241573 0.066251 -0.808427
v -1.241573 0.074304 -0.808427
v 1.241573 0.066251 0.808427
v 1.241573 0.074304 0.808427
v 0.908427 0.066251 -0.991573
v 0.908427 0.074304 -0.991573
v 1.241573 0.074304 -0.808427
v 1.241573 0.066251 -0.808427
v 0.908427 0.810842 0.991573
v 0.908427 0.818894 0.991573
v 0.908467 0.819021 0.981786
v 0.908386 0.810970 0.981583
v -0.908427 0.066251 0.981623
v -0.908427 0.074304 0.981623
v 1.241573 0.818895 -0.888421
v 1.241573 0.810842 -0.888421
v 1.138421 0.810842 -0.991573
v 1.138421 0.818895 -0.991573
v 1.138421 0.818895 0.991573
v 1.138421 0.810842 0.991573
v 1.241573 0.810842 0.888421
v 1.241573 0.818895 0.888421
v -1.138421 0.818895 -0.991573
v -1.138421 0.810842 -0.991573
v -1.241573 0.810842 -0.888421
v -1.241573 0.818895 -0.888421
v -1.241573 0.810842 -0.808427
v -1.241573 0.818894 -0.808427
v 0.908427 0.810842 -0.991573
v 0.908427 0.818894 -0.991573
v -1.241573 0.810842 0.888421
v -1.241573 0.818895 0.888421
v -1.241573 0.818894 0.808427
v -1.241573 0.810842 0.808427
v 1.241573 0.818894 -0.808427
v 1.241573 0.810842 -0.808427
v 1.241573 0.810842 0.808427
v 1.241573 0.818894 0.808427
v -0.908427 0.818894 -0.991573
v -0.908427 0.810842 -0.991573
v -1.138421 0.810842 0.991573
v -1.138421 0.818895 0.991573
v -1.231623 0.074304 -0.808427
v -1.231623 0.066251 -0.808427
v 1.231623 0.074304 0.808427
v 1.231623 0.066251 0.808427
v 0.908427 0.074304 -0.981623
v 0.908427 0.066251 -0.981623
v -1.231786 0.819021 -0.808467
v 0.908467 0.819021 -0.981786
v 0.908386 0.810970 -0.981583
v 1.231786 0.819021 0.808467
v 1.231583 0.810970 0.808386
v -1.231786 0.819021 0.808467
v -0.908467 0.819021 -0.981786
v -0.908386 0.810970 -0.981583
v -1.231623 0.074304 0.808427
v -1.231623 0.066251 0.808427
v 1.231623 0.074304 -0.808427
v 1.231623 0.066251 -0.808427
v 1.231786 0.819021 -0.808467
v 1.231583 0.810970 -0.808386
v 1.171699 0.896804 -0.773292
v 1.171699 0.896804 -0.765239
v 1.232274 0.836545 -0.765238
v 1.232274 0.836545 -0.773291
v 1.171699 0.896804 0.765239
v 1.171699 0.896804 0.773292
v 1.232274 0.836545 0.773291
v 1.232274 0.836545 0.765238
v -1.171699 0.896804 0.773292
v -1.171699 0.896804 0.765239
v -1.232274 0.836545 0.765238
v -1.232274 0.836545 0.773291
v -1.171699 0.896804 -0.765239
v -1.171699 0.896804 -0.773292
v -1.232274 0.836545 -0.773291
v -1.232274 0.836545 -0.765238
v 0.735369 0.896804 -0.909896
v 0.727316 0.896804 -0.909896
v -0.727316 0.896804 -0.909896
v -0.735369 0.896804 -0.909896
v 1.159896 0.896804 -0.765239
v 1.159895 0.896805 -0.773292
v -1.159895 0.896805 -0.773292
v -1.159896 0.896804 -0.765239
v -1.159896 0.896804 0.765239
v -1.159895 0.896805 0.773292
v 0.735369 0.896804 0.921699
v 0.727316 0.896804 0.921699
v 0.727316 0.836545 0.982274
v 0.735369 0.836545 0.982274
v -0.727316 0.896804 0.921699
v -0.735369 0.896804 0.921699
v -0.735369 0.836545 0.982274
v -0.727316 0.836545 0.982274
v -0.735369 0.896804 -0.921699
v -0.727316 0.896804 -0.921699
v -0.727316 0.836545 -0.982274
v -0.735369 0.836545 -0.982274
v 0.727316 0.896804 -0.921699
v 0.735369 0.896804 -0.921699
v 0.735369 0.836545 -0.982274
v 0.727316 0.836545 -0.982274
v 1.159895 0.896805 0.773292
v 1.159896 0.896804 0.765239
v -0.735369 0.896804 0.909896
v -0.727316 0.896804 0.909896
v 0.727316 0.896804 0.909896
v 0.735369 0.896804 0.909896
v -1.250000 0.074304 0.891911
v -1.250000 0.074304 0.800000
v -1.250000 0.074304 -0.800000
v -1.250000 0.074304 -0.891911
v 1.250000 0.074304 0.800000
v 1.250000 0.074304 0.891911
v 1.250000 0.074304 -0.891911
v 1.250000 0.074304 -0.800000
v -1.250000 0.810842 -0.891911
v -1.250000 0.810842 -0.800000
v -1.250000 0.810842 0.800000
v -1.250000 0.810842 0.891911
v 1.250000 0.810842 -0.800000
v 1.250000 0.810842 -0.891911
v 1.250000 0.810842 0.891911
v 1.250000 0.810842 0.800000
v -1.246573 0.111312 0.854903
v -1.246573 0.111312 0.837009
v -1.246573 0.111312 -0.837009
v -1.246573 0.111312 -0.854903
v 1.246573 0.111312 0.837009
v 1.246573 0.111312 0.854903
v 1.246573 0.111312 -0.854903
v 1.246573 0.111312 -0.837009
v -1.246573 0.773834 -0.854903
v -1.246573 0.773834 -0.837009
v -1.246573 0.773834 0.837009
v -1.246573 0.773834 0.854903
v 1.246573 0.773834 -0.837009
v 1.246573 0.773834 -0.854903
v 1.246573 0.773834 0.854903
v 1.246573 0.773834 0.837009
v -1.246573 0.107498 0.858717
v -1.246573 0.107498 0.833194
v -1.246573 0.107498 -0.833194
v -1.246573 0.107498 -0.858717
v 1.246573 0.107498 0.833194
v 1.246573 0.107498 0.858717
v 1.246573 0.107498 -0.858717
v 1.246573 0.107498 -0.833194
v -1.246573 0.777648 -0.858717
v -1.246573 0.777648 -0.833194
v -1.246573 0.777648 0.833194
v -1.246573 0.777648 0.858717
v 1.246573 0.777648 -0.833194
v 1.246573 0.777648 -0.858717
v 1.246573 0.777648 0.858717
v 1.246573 0.777648 0.833194
v -1.244004 0.111312 0.854903
v -1.244004 0.111312 0.837009
v -1.244004 0.111312 -0.837009
v -1.244004 0.111312 -0.854903
v 1.244003 0.111312 0.837009
v 1.244003 0.111312 0.854903
v 1.244003 0.111312 -0.854903
v 1.244003 0.111312 -0.837009
v -1.244004 0.773834 -0.854903
v -1.244004 0.773834 -0.837009
v -1.244004 0.773834 0.837009
v -1.244004 0.773834 0.854903
v 1.244003 0.773834 -0.837009
v 1.244003 0.773834 -0.854903
v 1.244003 0.773834 0.854903
v 1.244003 0.773834 0.837009
v 0.735369 0.074304 -0.990049
v 0.900000 0.074304 -0.990049
v -0.735369 0.074304 0.990049
v -0.900000 0.074304 0.990049
v -0.900000 0.810842 0.990049
v -0.735369 0.810842 0.990049
v 0.900000 0.810842 -0.990049
v 0.735369 0.810842 -0.990049
v -0.900000 0.074304 -0.990049
v -0.735369 0.074304 -0.990049
v 0.900000 0.074304 0.990049
v 0.735369 0.074304 0.990049
v 0.735369 0.810842 0.990049
v 0.900000 0.810842 0.990049
v -0.735369 0.810842 -0.990049
v -0.900000 0.810842 -0.990049
v 0.760934 0.099869 -0.983754
v 0.874434 0.099869 -0.983754
v -0.760935 0.099869 0.983754
v -0.874434 0.099869 0.983754
v -0.874434 0.785277 0.983754
v -0.760935 0.785277 0.983754
v 0.874434 0.785277 -0.983754
v 0.760934 0.785277 -0.983754
v -0.874434 0.099869 -0.983754
v -0.760935 0.099869 -0.983754
v 0.874434 0.099869 0.983754
v 0.760934 0.099869 0.983754
v 0.760934 0.785277 0.983754
v 0.874434 0.785277 0.983754
v -0.760935 0.785277 -0.983754
v -0.874434 0.785277 -0.983754
v 0.752430 0.091365 -0.983754
v 0.882939 0.091365 -0.983754
v -0.752430 0.091365 0.983754
v -0.882939 0.091365 0.983754
v -0.882939 0.793781 0.983754
v -0.752430 0.793781 0.983754
v 0.882939 0.793781 -0.983754
v 0.752430 0.793781 -0.983754
v -0.882939 0.091365 -0.983754
v -0.752430 0.091365 -0.983754
v 0.882939 0.091365 0.983754
v 0.752430 0.091365 0.983754
v 0.752430 0.793781 0.983754
v 0.882939 0.793781 0.983754
v -0.752430 0.793781 -0.983754
v -0.882939 0.793781 -0.983754
v 0.760934 0.785277 -0.990535
v 0.874434 0.785277 -0.990535
v -0.760935 0.785277 0.990535
v -0.874434 0.785277 0.990535
v -0.874434 0.099869 0.990535
v -0.760935 0.099869 0.990535
v 0.874434 0.099869 -0.990535
v 0.760934 0.099869 -0.990535
v -0.760935 0.609377 -0.983754
v -0.760935 0.619850 -0.983754
v 0.760934 0.619850 -0.983754
v 0.760934 0.609377 -0.983754
v 0.760934 0.609377 0.983754
v 0.760934 0.619850 0.983754
v -0.760935 0.619850 0.983754
v -0.760935 0.609377 0.983754
v 0.874434 0.619850 0.983754
v 0.874434 0.609377 0.983754
v -0.874434 0.609377 0.983754
v -0.874434 0.619850 0.983754
v -0.874434 0.619850 -0.983754
v -0.874434 0.609377 -0.983754
v 0.874434 0.609377 -0.983754
v 0.874434 0.619850 -0.983754
v -0.874434 0.099869 -0.990535
v -0.760935 0.099869 -0.990535
v 0.874434 0.099869 0.990535
v 0.760934 0.099869 0.990535
v 0.760934 0.785277 0.990535
v 0.874434 0.785277 0.990535
v -0.760935 0.785277 -0.990535
v -0.874434 0.785277 -0.990535
v -0.874434 0.619850 -0.990535
v -0.760935 0.619850 -0.990535
v -0.760935 0.609377 -0.990535
v -0.874434 0.609377 -0.990535
v 0.874434 0.619850 0.990535
v 0.760934 0.619850 0.990535
v 0.760934 0.609377 0.990535
v 0.874434 0.609377 0.990535
v -0.760935 0.619850 0.990535
v -0.874434 0.619850 0.990535
v -0.874434 0.609377 0.990535
v -0.760935 0.609377 0.990535
v 0.760934 0.619850 -0.990535
v 0.874434 0.619850 -0.990535
v 0.874434 0.609377 -0.990535
v 0.760934 0.609377 -0.990535
v -0.874434 0.702563 -0.990535
v 0.817684 0.619850 0.990535
v -0.817684 0.785277 -0.990535
v 0.817684 0.785277 -0.990535
v -0.817684 0.619850 0.990535
v 0.817684 0.785277 0.990535
v -0.817684 0.785277 0.990535
v -0.760935 0.702563 -0.990535
v -0.817684 0.619850 -0.990535
v 0.817684 0.619850 -0.990535
v 0.760934 0.702563 -0.990535
v 0.874434 0.702563 -0.990535
v 0.874434 0.702563 0.990535
v 0.760934 0.702563 0.990535
v -0.760935 0.702563 0.990535
v -0.874434 0.702563 0.990535
v -0.817684 0.702563 -0.990535
v -0.817684 0.702563 0.990535
v 0.817684 0.702563 -0.990535
v 0.817684 0.702563 0.990535
v 0.811314 0.708934 0.990535
v 0.811314 0.778906 0.990535
v 0.767305 0.778906 0.990535
v 0.767305 0.708934 0.990535
v 0.824055 0.708934 -0.990535
v 0.824055 0.778906 -0.990535
v 0.868064 0.778906 -0.990535
v 0.868064 0.708934 -0.990535
v -0.824055 0.708934 0.990535
v -0.824055 0.778906 0.990535
v -0.868064 0.778906 0.990535
v -0.868064 0.708934 0.990535
v -0.811314 0.708934 -0.990535
v -0.811314 0.778906 -0.990535
v -0.767305 0.778906 -0.990535
v -0.767305 0.708934 -0.990535
v -0.811314 0.626221 -0.990535
v -0.811314 0.696193 -0.990535
v -0.767305 0.696193 -0.990535
v -0.767305 0.626221 -0.990535
v -0.868064 0.626221 -0.990535
v -0.868064 0.696193 -0.990535
v -0.824055 0.696193 -0.990535
v -0.824055 0.626221 -0.990535
v -0.868064 0.708934 -0.990535
v -0.868064 0.778906 -0.990535
v -0.824055 0.778906 -0.990535
v -0.824055 0.708934 -0.990535
v -0.824055 0.626221 0.990535
v -0.824055 0.696193 0.990535
v -0.868064 0.696193 0.990535
v -0.868064 0.626221 0.990535
v -0.767305 0.626221 0.990535
v -0.767305 0.696193 0.990535
v -0.811314 0.696193 0.990535
v -0.811314 0.626221 0.990535
v -0.767305 0.708934 0.990535
v -0.767305 0.778906 0.990535
v -0.811314 0.778906 0.990535
v -0.811314 0.708934 0.990535
v 0.824055 0.626221 -0.990535
v 0.824055 0.696193 -0.990535
v 0.868064 0.696193 -0.990535
v 0.868064 0.626221 -0.990535
v 0.767305 0.626221 -0.990535
v 0.767305 0.696193 -0.990535
v 0.811314 0.696193 -0.990535
v 0.811314 0.626221 -0.990535
v 0.767305 0.708934 -0.990535
v 0.767305 0.778906 -0.990535
v 0.811314 0.778906 -0.990535
v 0.811314 0.708934 -0.990535
v 0.811314 0.626221 0.990535
v 0.811314 0.696193 0.990535
v 0.767305 0.696193 0.990535
v 0.767305 0.626221 0.990535
v 0.868064 0.626221 0.990535
v 0.868064 0.696193 0.990535
v 0.824055 0.696193 0.990535
v 0.824055 0.626221 0.990535
v 0.868064 0.708934 0.990535
v 0.868064 0.778906 0.990535
v 0.824055 0.778906 0.990535
v 0.824055 0.708934 0.990535
v 0.811314 0.778906 0.987901
v 0.811314 0.708934 0.987901
v 0.767305 0.708934 0.987901
v 0.767305 0.778906 0.987901
v 0.824055 0.778906 -0.987901
v 0.824055 0.708934 -0.987901
v 0.868064 0.708934 -0.987901
v 0.868064 0.778906 -0.987901
v -0.824055 0.778906 0.987901
v -0.824055 0.708934 0.987901
v -0.868064 0.708934 0.987901
v -0.868064 0.778906 0.987901
v -0.811314 0.778906 -0.987901
v -0.811314 0.708934 -0.987901
v -0.767305 0.708934 -0.987901
v -0.767305 0.778906 -0.987901
v -0.811314 0.696193 -0.987901
v -0.811314 0.626221 -0.987901
v -0.767305 0.626221 -0.987901
v -0.767305 0.696193 -0.987901
v -0.868064 0.626221 -0.987901
v -0.868064 0.696193 -0.987901
v -0.824055 0.626221 -0.987901
v -0.824055 0.696193 -0.987901
v -0.868064 0.708934 -0.987901
v -0.868064 0.778906 -0.987901
v -0.824055 0.708934 -0.987901
v -0.824055 0.778906 -0.987901
v -0.824055 0.696193 0.987901
v -0.824055 0.626221 0.987901
v -0.868064 0.626221 0.987901
v -0.868064 0.696193 0.987901
v -0.767305 0.696193 0.987901
v -0.767305 0.626221 0.987901
v -0.811314 0.626221 0.987901
v -0.811314 0.696193 0.987901
v -0.767305 0.778906 0.987901
v -0.767305 0.708934 0.987901
v -0.811314 0.708934 0.987901
v -0.811314 0.778906 0.987901
v 0.824055 0.696193 -0.987901
v 0.824055 0.626221 -0.987901
v 0.868064 0.626221 -0.987901
v 0.868064 0.696193 -0.987901
v 0.767305 0.696193 -0.987901
v 0.767305 0.626221 -0.987901
v 0.811314 0.626221 -0.987901
v 0.811314 0.696193 -0.987901
v 0.767305 0.778906 -0.987901
v 0.767305 0.708934 -0.987901
v 0.811314 0.708934 -0.987901
v 0.811314 0.778906 -0.987901
v 0.811314 0.696193 0.987901
v 0.811314 0.626221 0.987901
v 0.767305 0.626221 0.987901
v 0.767305 0.696193 0.987901
v 0.868064 0.626221 0.987901
v 0.868064 0.696193 0.987901
v 0.824055 0.626221 0.987901
v 0.824055 0.696193 0.987901
v 0.868064 0.708934 0.987901
v 0.868064 0.778906 0.987901
v 0.824055 0.708934 0.987901
v 0.824055 0.778906 0.987901
v 0.250000 0.074304 -0.990049
v -0.250000 0.074304 0.990049
v -0.250000 0.810842 0.990049
v 0.250000 0.810842 -0.990049
v -0.251203 0.052255 0.990049
v -0.269025 0.093349 0.990049
v -0.269025 0.791817 0.990049
v -0.708291 0.791817 0.990049
v -0.708291 0.093349 0.990049
v 0.269025 0.093349 -0.990049
v 0.269025 0.791817 -0.990049
v 0.708291 0.791817 -0.990049
v 0.708291 0.093349 -0.990049
v -0.269025 0.791817 0.983340
v -0.269025 0.093349 0.983340
v -0.708291 0.093349 0.983340
v -0.708291 0.791817 0.983340
v 0.269025 0.791817 -0.983340
v 0.269025 0.093349 -0.983340
v 0.708291 0.093349 -0.983340
v 0.708291 0.791817 -0.983340
v -0.274392 0.098715 0.983340
v -0.274392 0.786450 0.983340
v -0.702924 0.786450 0.983340
v -0.702924 0.098715 0.983340
v 0.274392 0.098715 -0.983340
v 0.274392 0.786450 -0.983340
v 0.702924 0.786450 -0.983340
v 0.702924 0.098715 -0.983340
v -0.274392 0.786450 1.000192
v -0.274392 0.098715 1.000192
v -0.702924 0.098715 1.000192
v -0.702924 0.786450 1.000192
v 0.274392 0.786450 -1.000192
v 0.274392 0.098715 -1.000192
v 0.702924 0.098715 -1.000192
v 0.702924 0.786450 -1.000192
v -0.287353 0.111676 1.000192
v -0.287353 0.773489 1.000192
v -0.689963 0.773489 1.000192
v -0.689963 0.111676 1.000192
v 0.287353 0.111676 -1.000192
v 0.287353 0.773489 -1.000192
v 0.689963 0.773489 -1.000192
v 0.689963 0.111676 -1.000192
v -0.287353 0.773489 0.995655
v -0.287353 0.111676 0.995655
v -0.689963 0.111676 0.995655
v -0.689963 0.773489 0.995655
v 0.287353 0.773489 -0.995655
v 0.287353 0.111676 -0.995655
v 0.689963 0.111676 -0.995655
v 0.689963 0.773489 -0.995655
v -0.294821 0.119145 0.995655
v -0.294821 0.766021 0.995655
v -0.682495 0.766021 0.995655
v -0.682495 0.119145 0.995655
v 0.294821 0.119145 -0.995655
v 0.294821 0.766021 -0.995655
v 0.682495 0.766021 -0.995655
v 0.682495 0.119145 -0.995655
v -0.294821 0.766021 0.991669
v -0.294821 0.119145 0.991669
v -0.682495 0.119145 0.991669
v -0.682495 0.766021 0.991669
v 0.294821 0.766021 -0.991669
v 0.294821 0.119145 -0.991669
v 0.682495 0.119145 -0.991669
v 0.682495 0.766021 -0.991669
v 0.711655 0.089965 0.990049
v 0.711655 0.795181 0.990049
v -0.711655 0.089965 -0.962665
v -0.711655 0.795181 -0.962665
v 0.234339 0.089965 -0.962665
v 0.234339 0.795181 -0.962665
v -0.234339 0.089965 0.962665
v 0.234339 0.795181 -0.990049
v -0.234339 0.795181 0.962665
v 0.234339 0.089965 -0.990049
v -0.234339 0.089965 0.990049
v -0.234339 0.795181 0.990049
v -0.711655 0.795181 -0.990049
v -0.711655 0.089965 -0.990049
v 0.711655 0.089965 0.962665
v 0.711655 0.795181 0.962665
v -0.698086 0.103533 -0.962665
v -0.698086 0.781613 -0.962665
v 0.220770 0.781613 -0.962665
v 0.220770 0.103533 -0.962665
v 0.698086 0.103533 0.962665
v 0.698086 0.781613 0.962665
v -0.220770 0.781613 0.962665
v -0.220771 0.103533 0.962665
v 0.220770 0.581166 -0.962665
v 0.220770 0.600379 -0.962665
v 0.698086 0.679966 0.962665
v -0.220770 0.205180 0.962665
v -0.220770 0.284767 0.962665
v -0.698086 0.402779 -0.962665
v 0.698086 0.402779 0.962665
v -0.698086 0.482367 -0.962665
v -0.698086 0.284767 -0.962665
v -0.698086 0.205180 -0.962665
v 0.698086 0.205180 0.962665
v -0.220770 0.106380 0.962665
v -0.698086 0.581166 -0.962665
v 0.698086 0.581166 0.962665
v 0.698086 0.501579 0.962665
v -0.220770 0.581166 0.962665
v 0.220770 0.303980 -0.962665
v -0.698086 0.699178 -0.962665
v 0.220770 0.778766 -0.962665
v -0.220770 0.699178 0.962665
v 0.698086 0.106380 0.962665
v -0.698086 0.106380 -0.962665
v -0.698086 0.185967 -0.962665
v 0.220770 0.185967 -0.962665
v -0.698086 0.303980 -0.962665
v 0.220770 0.383567 -0.962665
v 0.698086 0.383567 0.962665
v -0.698086 0.778766 -0.962665
v -0.220770 0.383567 0.962665
v -0.698086 0.383567 -0.962665
v 0.698086 0.185967 0.962665
v -0.698086 0.600379 -0.962665
v -0.698086 0.679966 -0.962665
v 0.220770 0.501579 -0.962665
v 0.698086 0.482367 0.962665
v -0.220770 0.185967 0.962665
v 0.220770 0.402779 -0.962665
v 0.220770 0.482367 -0.962665
v -0.220770 0.482367 0.962665
v -0.220770 0.402779 0.962665
v 0.220770 0.284767 -0.962665
v 0.220770 0.205180 -0.962665
v 0.698086 0.284767 0.962665
v -0.220770 0.679966 0.962665
v -0.220770 0.600379 0.962665
v 0.698086 0.600379 0.962665
v -0.698086 0.501579 -0.962665
v -0.220770 0.501579 0.962665
v -0.220770 0.303980 0.962665
v 0.698086 0.303980 0.962665
v 0.698086 0.699178 0.962665
v 0.698086 0.778766 0.962665
v -0.220770 0.778766 0.962665
v 0.220770 0.699178 -0.962665
v 0.220770 0.679966 -0.962665
v 0.220770 0.106380 -0.962665
v 0.698086 0.383567 0.968015
v -0.220770 0.383567 0.968015
v -0.698086 0.303980 -0.988852
v -0.698086 0.383567 -0.968015
v -0.698086 0.185967 -0.968015
v 0.220770 0.185967 -0.968015
v 0.698086 0.106380 0.988852
v 0.698086 0.185967 0.968015
v -0.698086 0.600379 -0.988852
v -0.698086 0.679966 -0.968015
v 0.220770 0.581166 -0.968015
v 0.220770 0.501579 -0.988852
v 0.220770 0.383567 -0.968015
v -0.698086 0.106380 -0.988852
v 0.698086 0.402779 0.988852
v 0.698086 0.482367 0.968015
v -0.220770 0.185967 0.968015
v 0.220770 0.600379 -0.988852
v -0.220770 0.284767 0.968015
v -0.220770 0.205180 0.988852
v 0.220770 0.402779 -0.988852
v -0.698086 0.402779 -0.988852
v 0.220770 0.482367 -0.968015
v -0.220770 0.482367 0.968015
v -0.220770 0.402779 0.988852
v -0.698086 0.205180 -0.988852
v -0.698086 0.284767 -0.968015
v 0.220770 0.284767 -0.968015
v 0.220770 0.205180 -0.988852
v 0.698086 0.205180 0.988852
v 0.698086 0.284767 0.968015
v -0.220770 0.679966 0.968015
v -0.220770 0.600379 0.988852
v 0.698086 0.600379 0.988852
v -0.698086 0.501579 -0.988852
v -0.698086 0.581166 -0.968015
v 0.698086 0.501579 0.988852
v 0.698086 0.581166 0.968015
v -0.220770 0.581166 0.968015
v -0.220770 0.501579 0.988852
v -0.220770 0.303980 0.988852
v 0.698086 0.303980 0.988852
v 0.698086 0.699178 0.988852
v 0.698086 0.778766 0.968015
v -0.220770 0.778766 0.968015
v -0.220770 0.699178 0.988852
v 0.220770 0.778766 -0.968015
v 0.220770 0.699178 -0.988852
v -0.698086 0.699178 -0.988852
v 0.220770 0.303980 -0.988852
v -0.220770 0.106380 0.988852
v 0.220770 0.679966 -0.968015
v 0.698086 0.679966 0.968015
v 0.220770 0.106380 -0.988852
v -0.698086 0.482367 -0.968015
v -0.698086 0.778766 -0.968015
v -0.779200 0.118135 0.990535
v -0.779200 0.591112 0.990535
v -0.856169 0.591112 0.990535
v -0.856169 0.118135 0.990535
v 0.779200 0.118135 -0.990535
v 0.779200 0.591112 -0.990535
v 0.856169 0.591112 -0.990535
v 0.856169 0.118135 -0.990535
v -0.779200 0.591112 0.984497
v -0.779200 0.118135 0.984497
v -0.856169 0.118135 0.984497
v -0.856169 0.591112 0.984497
v 0.779200 0.591112 -0.984497
v 0.779200 0.118135 -0.984497
v 0.856169 0.118135 -0.984497
v 0.856169 0.591112 -0.984497
v 0.250002 0.074304 -0.981623
v -0.253990 0.066251 0.981623
v -1.240049 0.074304 -0.279575
v -1.240049 0.074304 -0.800000
v 1.240049 0.074304 0.279575
v 1.240049 0.074304 0.800000
v -1.240049 0.810842 -0.800000
v -1.240049 0.810842 -0.279575
v 1.240049 0.810842 0.800000
v 1.240049 0.810842 0.279575
v -1.240049 0.074304 0.800000
v -1.240049 0.074304 0.279575
v 1.240049 0.074304 -0.800000
v 1.240049 0.074304 -0.279575
v -1.240049 0.810842 0.279575
v -1.240049 0.810842 0.800000
v 1.240049 0.810842 -0.279575
v 1.240049 0.810842 -0.800000
v -1.231619 0.114848 -0.320120
v -1.234498 0.116809 -0.744704
v 1.231619 0.114848 0.320120
v 1.234498 0.116809 0.744704
v -1.240049 0.776485 -0.765643
v -1.234498 0.755546 -0.322081
v 1.240049 0.776485 0.765643
v 1.234498 0.755546 0.322081
v -1.234498 0.116809 0.744704
v -1.231619 0.114848 0.320120
v 1.234498 0.116809 -0.744704
v 1.231619 0.114848 -0.320120
v -1.234498 0.755546 0.322081
v -1.240049 0.776485 0.765643
v 1.234498 0.755546 -0.322081
v 1.240049 0.776485 -0.765643
v -1.240049 0.108661 -0.313933
v -1.240049 0.108661 -0.765643
v 1.240049 0.108661 0.313933
v 1.240049 0.108661 0.765643
v -1.240049 0.108661 0.765643
v -1.240049 0.108661 0.313933
v 1.240049 0.108661 -0.765643
v 1.240049 0.108661 -0.313933
v 1.240049 0.776485 -0.313933
v 1.240049 0.776485 0.313933
v -1.240049 0.776485 0.313933
v -1.240049 0.776485 -0.313933
v -1.212625 0.148915 -0.354187
v -1.212625 0.148915 -0.725389
v 1.212625 0.148915 0.354187
v 1.212625 0.148915 0.725389
v -1.212625 0.148915 0.725389
v -1.212625 0.148915 0.354187
v 1.212625 0.148915 -0.725389
v 1.212625 0.148915 -0.354187
v 1.212625 0.736231 -0.354187
v 1.212625 0.736231 0.354187
v -1.212625 0.736231 0.354187
v -1.212625 0.736231 -0.354187
v -1.228551 0.114053 -0.319324
v -1.217987 0.141933 -0.347204
v 1.228551 0.114053 0.319324
v 1.217987 0.141933 0.347204
v -1.217987 0.141933 0.347204
v -1.228551 0.114053 0.319324
v 1.217987 0.141933 -0.347204
v 1.228551 0.114053 -0.319324
v -1.231597 0.115305 -0.744704
v 1.231597 0.115305 0.744704
v -1.231597 0.115305 0.744704
v 1.231597 0.115305 -0.744704
v 1.231597 0.755546 -0.320576
v 1.231597 0.755546 0.320576
v -1.231597 0.755546 0.320576
v -1.231597 0.755546 -0.320576
v -1.215275 0.139262 -0.720746
v 1.215275 0.139262 0.720746
v -1.215275 0.139262 0.720746
v 1.215275 0.139262 -0.720746
v 1.215275 0.731589 -0.344534
v 1.215275 0.731589 0.344534
v -1.215275 0.731589 0.344534
v -1.215275 0.731589 -0.344534
v 1.240049 0.583384 -0.270408
v 1.240049 0.583384 0.270408
v -1.240049 0.301762 0.270408
v -1.240049 0.301762 -0.270408
v 1.240049 0.074304 -0.270408
v 1.240049 0.074304 0.270408
v -1.240049 0.810842 -0.270408
v -1.240049 0.810842 0.270408
v -1.240049 0.583384 0.270408
v -1.240049 0.583384 -0.270408
v 1.240049 0.301762 0.270408
v 1.240049 0.301762 -0.270408
v 0.180262 0.889070 -0.590803
v 0.000000 1.180319 -0.524985
v 0.180262 1.052955 0.825000
v 0.180262 0.993720 0.825000
v 0.200903 1.180319 -0.485023
v 0.177565 0.993720 0.820430
v 0.177565 0.982040 0.820430
v 0.371221 1.180319 -0.371221
v 0.181237 0.993720 0.802642
v 0.770534 0.993720 0.802642
v 0.485023 1.180319 -0.200903
v 0.181237 0.982040 0.802642
v 0.183934 0.993720 0.807212
v 0.524985 1.180319 0.000000
v 0.765334 0.993720 0.807212
v 0.183934 1.052955 0.807212
v 0.485023 1.180319 0.200903
v 0.183934 1.090467 0.775349
v 0.765334 1.052955 0.807212
v 0.371221 1.180319 0.371221
v 0.765334 1.090467 0.775349
v 0.772414 1.052955 0.825000
v 0.200903 1.180319 0.485023
v 0.772414 1.090467 0.793837
v 0.000000 1.180319 0.524985
v 0.969111 1.052955 0.825000
v 0.772414 0.993720 0.825000
v -0.200903 1.180319 0.485023
v 0.777615 0.993720 0.820430
v 0.969111 0.993720 0.825000
v -0.371221 1.180319 0.371221
v 0.965841 0.993720 0.819679
v 1.042138 0.993720 0.775774
v -0.485023 1.180319 0.200903
v 1.042138 0.993720 0.630464
v 1.042138 1.052955 0.775774
v -0.524985 1.180319 0.000000
v 1.034244 0.993720 0.773570
v 1.034244 0.982040 0.773570
v 1.033594 0.993720 0.630464
v -0.485023 1.180319 -0.200903
v 1.033594 0.993720 0.620798
v 1.033594 0.982040 0.625631
v -0.371221 1.180319 -0.371221
v 1.034244 1.049995 0.630464
v -0.200903 1.180319 -0.485023
v 1.034244 1.049995 0.620798
v 0.997420 1.083323 0.630464
v 1.042138 1.052955 0.630464
v 1.000690 1.090467 0.630464
v 1.000690 1.090467 0.764201
v 0.959108 1.090467 0.661608
v 0.993972 1.090467 0.642611
v 0.993972 1.090467 0.762325
v 0.965826 1.090467 0.663692
v 0.993972 1.088616 0.642611
v 0.993972 1.088616 0.762325
v 0.965826 1.088616 0.663692
v 0.965826 1.088616 0.754467
v 0.965826 1.090467 0.754467
v 0.942115 1.088616 0.770450
v 0.942115 1.090467 0.770450
v 0.953762 1.088616 0.789431
v 0.799428 1.088616 0.770354
v 0.799428 1.090467 0.770354
v 0.777620 1.088616 0.789312
v 0.792341 1.088616 0.751847
v 0.792341 1.090467 0.751847
v 0.770538 1.088616 0.770820
v 0.169928 1.088616 0.751847
v 0.181235 1.088616 0.770820
v 0.166252 1.088616 0.770354
v 0.169928 1.090467 0.751847
v 0.166252 1.090467 0.770354
v 0.167229 1.090467 0.747319
v 0.163553 1.090467 0.765829
v 0.797544 1.090467 0.747319
v 0.180724 1.116835 0.724676
v 0.177451 1.116835 0.737410
v 0.771523 1.116835 0.724676
v 0.777835 1.116835 0.737410
v 0.897781 1.116835 0.737472
v 0.804633 1.090467 0.765829
v 0.939335 1.090467 0.765920
v 0.959108 1.090467 0.752591
v 0.915388 1.116835 0.728303
v 0.915388 1.116835 0.689472
v 0.177562 1.090467 0.789312
v 0.177562 1.088616 0.789312
v 0.181235 1.090467 0.770820
v 0.180262 1.090467 0.793837
v 0.770538 1.090467 0.770820
v 0.777620 1.090467 0.789312
v 0.953762 1.090467 0.789431
v 0.956542 1.090467 0.793961
v 0.997420 1.083323 0.620798
v 0.953091 1.090467 -0.618456
v 0.939988 1.090467 -0.590803
v 0.901466 1.109992 -0.590803
v 0.901466 1.109992 -0.585092
v 0.861670 1.154202 -0.585092
v 0.861670 1.154202 -0.590803
v 0.870606 1.173727 -0.590803
v 0.904198 1.143324 -0.590803
v 0.806720 1.214797 -0.465181
v 0.953091 1.161654 -0.554183
v 0.806721 1.214797 0.467300
v 0.870606 1.173727 0.593145
v 0.953091 1.161654 0.556525
v 0.939988 1.090467 0.593145
v 0.901466 1.109992 0.593145
v 0.901466 1.109992 0.587434
v 0.861670 1.154202 0.587434
v 0.861670 1.154202 0.593145
v 0.887138 1.131153 0.593145
v 0.904198 1.143324 0.593145
v 0.887138 1.131153 0.587434
v 0.953091 1.090467 0.620798
v 1.000690 1.090467 0.620798
v 1.042138 1.052955 0.620798
v 1.000690 1.090467 -0.618456
v 0.997420 1.083323 -0.618456
v 1.042138 1.052955 -0.618456
v 1.034244 1.049995 -0.618456
v 1.042138 0.993720 -0.618456
v 1.042138 0.993720 0.620798
v 1.033594 0.993720 -0.618456
v 1.033594 0.982040 -0.623289
v 1.033594 0.993720 -0.628122
v 1.034244 1.049995 -0.628122
v 1.034244 0.993720 -0.773570
v 1.042138 0.993720 -0.628122
v 1.042138 0.993720 -0.775774
v 1.042138 1.052955 -0.628122
v 1.000690 1.090467 -0.628122
v 1.042138 1.052955 -0.775774
v 1.000690 1.090467 -0.764201
v 0.969111 1.052955 -0.825000
v 0.956541 1.090467 -0.793961
v 0.772414 1.052955 -0.825000
v 0.969111 0.993720 -0.825000
v 0.965841 0.993720 -0.819679
v 0.772414 0.993720 -0.825000
v 0.765334 0.993720 -0.807212
v 0.777615 0.993720 -0.820430
v 0.777615 0.982040 -0.820430
v 0.770534 0.993720 -0.802642
v 0.770534 0.982040 -0.802642
v 0.181237 0.993720 -0.802642
v 0.177565 0.993720 -0.820430
v 0.181237 0.982040 -0.802642
v 0.183934 0.993720 -0.807212
v 0.180262 0.993720 -0.825000
v 0.183934 1.052955 -0.807212
v 0.183934 1.090467 -0.775349
v 0.180262 1.052955 -0.825000
v 0.765334 1.052955 -0.807212
v 0.765334 1.090467 -0.775349
v 0.772414 1.090467 -0.793837
v 0.770538 1.090467 -0.770820
v 0.777619 1.090467 -0.789312
v 0.181235 1.090467 -0.770820
v 0.770538 1.088616 -0.770820
v 0.792341 1.088616 -0.751847
v 0.777619 1.088616 -0.789312
v 0.181235 1.088616 -0.770820
v 0.169928 1.088616 -0.751847
v 0.177562 1.088616 -0.789312
v 0.166252 1.088616 -0.770354
v 0.177562 1.090467 -0.789312
v 0.180262 1.090467 -0.793837
v 0.177565 0.982040 -0.820430
v 0.180262 0.965643 -0.825000
v 0.180262 0.889070 -0.825000
v 0.183934 0.889070 -0.807212
v 0.765334 0.889070 -0.807212
v 0.183934 0.889070 -0.590803
v 0.183934 0.965643 -0.807212
v 0.194774 0.915703 -0.807212
v 0.194774 0.939010 -0.807212
v 0.744432 0.915703 -0.807212
v 0.194774 0.915703 -0.805162
v 0.194774 0.939010 -0.805162
v 0.744432 0.915703 -0.805162
v 0.196427 0.918587 -0.805162
v 0.196427 0.936125 -0.805162
v 0.741244 0.918587 -0.805162
v 0.196427 0.918587 -0.803932
v 0.196427 0.936125 -0.803932
v 0.741244 0.918587 -0.803932
v 0.741244 0.936125 -0.803932
v 0.741244 0.936125 -0.805162
v 0.744432 0.939010 -0.805162
v 0.744432 0.939010 -0.807212
v 0.765334 0.965643 -0.807212
v 0.772414 0.965643 -0.825000
v 0.969111 0.965643 -0.825000
v 0.772414 0.889070 -0.825000
v 0.772414 0.889070 -0.590803
v 0.969111 0.889070 -0.825000
v 1.042138 0.889070 -0.775774
v 1.042138 0.889070 -0.623289
v 1.042138 0.965643 -0.775774
v 1.034244 0.982040 -0.773570
v 1.042138 0.965643 -0.623289
v 1.042138 0.965643 0.625631
v 1.042138 0.965643 0.775774
v 1.042138 0.889070 0.625631
v 0.772414 0.889070 0.593145
v 1.042138 0.889070 0.775774
v 0.969111 0.889070 0.825000
v 0.772414 0.889070 0.825000
v 0.969111 0.965643 0.825000
v 0.772414 0.965643 0.825000
v 0.965841 0.982040 0.819679
v 0.777615 0.982040 0.820430
v 0.770534 0.982040 0.802642
v 0.765334 0.965643 0.807212
v 0.183934 0.965643 0.807212
v 0.765334 0.889070 0.807212
v 0.744432 0.939010 0.807212
v 0.744432 0.915703 0.807212
v 0.194774 0.939010 0.807212
v 0.744432 0.939010 0.805162
v 0.744432 0.915703 0.805162
v 0.194774 0.939010 0.805162
v 0.741244 0.936125 0.805162
v 0.741244 0.918587 0.805162
v 0.196427 0.936125 0.805162
v 0.741244 0.936125 0.803933
v 0.741244 0.918587 0.803933
v 0.196427 0.936125 0.803933
v 0.196427 0.918587 0.803933
v 0.196427 0.918587 0.805162
v 0.194774 0.915703 0.805162
v 0.194774 0.915703 0.807212
v 0.183934 0.889070 0.807212
v 0.180262 0.889070 0.825000
v 0.183934 0.889070 0.593145
v 0.180262 0.889070 0.593145
v 0.765334 0.889070 0.593145
v 0.765334 0.889070 -0.590803
v 0.180262 0.965643 0.825000
v 0.965841 0.982040 -0.819679
v 0.915388 1.116835 -0.687130
v 0.915388 1.116835 -0.728303
v 0.959108 1.090467 -0.659266
v 0.959108 1.090467 -0.752591
v 0.965826 1.090467 -0.661350
v 0.965826 1.088616 -0.661350
v 0.965826 1.090467 -0.754467
v 0.993972 1.090467 -0.640269
v 0.993972 1.088616 -0.640269
v 0.993972 1.090467 -0.762325
v 0.953762 1.090467 -0.789430
v 0.993972 1.088616 -0.762325
v 0.965826 1.088616 -0.754467
v 0.953762 1.088616 -0.789430
v 0.942115 1.088616 -0.770450
v 0.799428 1.088616 -0.770354
v 0.942115 1.090467 -0.770450
v 0.799428 1.090467 -0.770354
v 0.939335 1.090467 -0.765920
v 0.804633 1.090467 -0.765829
v 0.897781 1.116835 -0.737472
v 0.777835 1.116835 -0.737409
v 0.771523 1.116835 -0.724676
v 0.180724 1.116835 -0.724676
v 0.797544 1.090467 -0.747319
v 0.167229 1.090467 -0.747319
v 0.792341 1.090467 -0.751847
v 0.169928 1.090467 -0.751847
v 0.166252 1.090467 -0.770354
v 0.163553 1.090467 -0.765829
v 0.177451 1.116835 -0.737409
v 0.997420 1.083323 -0.628122
v 0.953091 1.090467 -0.554183
v 0.953091 1.114930 0.536281
v 0.953091 1.137191 0.536281
v 0.953091 1.114930 -0.533939
v 0.950818 1.114930 0.536281
v 0.950818 1.137191 0.536281
v 0.950818 1.114930 -0.533939
v 0.950818 1.118898 0.532998
v 0.950818 1.133223 0.532998
v 0.950818 1.118898 -0.530656
v 0.949546 1.118898 0.532998
v 0.949546 1.133223 0.532998
v 0.949546 1.118898 -0.530656
v 0.949546 1.133223 -0.530656
v 0.950818 1.133223 -0.530656
v 0.950818 1.137191 -0.533939
v 0.953091 1.137191 -0.533939
v -1.000690 1.090467 -0.554183
v 0.887138 1.131153 -0.590803
v 0.887138 1.131153 -0.585092
v -1.042138 0.889070 -0.623289
v -1.042138 0.889070 0.625631
v -0.772414 0.889070 -0.590803
v -1.042138 0.889070 -0.775774
v -1.042138 0.965643 -0.623289
v -1.042138 0.965643 0.625631
v -1.042138 0.965643 -0.775774
v -1.033594 0.982040 -0.623289
v -1.033594 0.993720 -0.628122
v -1.033594 0.993720 -0.618456
v -1.034244 0.982040 -0.773570
v -1.033594 0.982040 0.625631
v -1.034244 0.982040 0.773570
v -1.033594 0.993720 0.620798
v -1.033594 0.993720 0.630464
v -1.034244 0.993720 0.773570
v -1.034244 1.049995 0.630464
v -1.042138 0.993720 0.630464
v -1.042138 0.993720 0.775774
v -1.042138 1.052955 0.630464
v -1.000690 1.090467 0.630464
v -1.042138 1.052955 0.775774
v -1.000690 1.090467 0.764201
v -0.969111 1.052955 0.825000
v -0.956541 1.090467 0.793961
v -0.772414 1.052955 0.825000
v -0.969111 0.993720 0.825000
v -0.772414 0.993720 0.825000
v -0.965841 0.993720 0.819679
v -0.965841 0.982040 0.819679
v -0.777615 0.993720 0.820430
v -0.777615 0.982040 0.820430
v -0.770534 0.993720 0.802643
v -0.181237 0.993720 0.802643
v -0.770534 0.982040 0.802643
v -0.765334 0.993720 0.807212
v -0.183934 0.993720 0.807212
v -0.765334 1.052955 0.807212
v -0.765334 1.090467 0.775349
v -0.183934 1.052955 0.807212
v -0.183934 1.090467 0.775349
v -0.180262 1.052955 0.825000
v -0.180262 1.090467 0.793837
v -0.180262 0.993720 0.825000
v -0.177565 0.993720 0.820430
v -0.166252 1.088616 0.770354
v -0.166252 1.090467 0.770354
v -0.177563 1.088616 0.789312
v -0.169928 1.088616 0.751848
v -0.169928 1.090467 0.751848
v -0.181235 1.088616 0.770820
v -0.792341 1.088616 0.751848
v -0.770538 1.088616 0.770820
v -0.799428 1.088616 0.770354
v -0.792341 1.090467 0.751848
v -0.799428 1.090467 0.770354
v -0.797544 1.090467 0.747319
v -0.804633 1.090467 0.765829
v -0.167229 1.090467 0.747319
v -0.771523 1.116835 0.724676
v -0.777835 1.116835 0.737410
v -0.180724 1.116835 0.724676
v -0.177451 1.116835 0.737410
v -0.163553 1.090467 0.765829
v -0.915388 1.116835 0.689472
v -0.915388 1.116835 0.728303
v -0.959108 1.090467 0.661608
v -0.959108 1.090467 0.752591
v -0.965826 1.090467 0.663692
v -0.965826 1.090467 0.754467
v -0.993972 1.090467 0.642611
v -0.965826 1.088616 0.663692
v -0.965826 1.088616 0.754467
v -0.993972 1.088616 0.642611
v -0.993972 1.088616 0.762326
v -0.953762 1.088616 0.789431
v -0.993972 1.090467 0.762326
v -0.953762 1.090467 0.789431
v -0.777619 1.090467 0.789312
v -0.777619 1.088616 0.789312
v -0.770538 1.090467 0.770820
v -0.772414 1.090467 0.793837
v -0.181235 1.090467 0.770820
v -0.177563 1.090467 0.789312
v -0.942115 1.088616 0.770450
v -0.942115 1.090467 0.770450
v -0.939335 1.090467 0.765920
v -0.897781 1.116835 0.737472
v -0.997420 1.083323 0.630464
v -0.997420 1.083323 0.620798
v -1.034244 1.049995 0.620798
v -1.000690 1.090467 0.620798
v -1.042138 1.052955 0.620798
v -0.953091 1.090467 0.620798
v -1.000690 1.090467 -0.618456
v -0.997420 1.083323 -0.618456
v -1.042138 1.052955 -0.618456
v -0.953091 1.090467 -0.618456
v -0.953091 1.090467 -0.554183
v -0.939988 1.090467 -0.590803
v -0.904198 1.143324 -0.590803
v -0.901466 1.109992 -0.590803
v -0.887138 1.131153 -0.590803
v -0.901466 1.109992 -0.585092
v 1.000690 1.090467 -0.554183
v -0.887138 1.131153 -0.585092
v -0.861670 1.154202 -0.585092
v -0.861670 1.154202 -0.590803
v -0.870606 1.173727 -0.590803
v -0.890858 1.217978 -0.554183
v 1.000690 1.090467 -0.590803
v -1.000690 1.090467 -0.590803
v -0.806720 1.214797 0.467300
v -0.870606 1.173727 0.593145
v -0.953091 1.161654 0.556525
v -0.904198 1.143324 0.593145
v -0.953091 1.090467 0.556525
v -0.953091 1.161654 -0.554183
v -0.953091 1.137191 0.536281
v -0.953091 1.114930 0.536281
v -0.953091 1.137191 -0.533939
v -0.950819 1.137191 0.536281
v -0.950819 1.114930 0.536281
v -0.950819 1.137191 -0.533939
v -0.950819 1.133223 0.532998
v -0.950819 1.118898 0.532998
v -0.950819 1.133223 -0.530656
v -0.949546 1.133223 0.532998
v -0.949546 1.118898 0.532998
v -0.949546 1.133223 -0.530656
v -0.949546 1.118898 -0.530656
v -0.950819 1.118898 -0.530656
v -0.950819 1.114930 -0.533939
v -0.953091 1.114930 -0.533939
v -0.953091 1.090467 0.593145
v -0.939988 1.090467 0.593145
v -0.901466 1.109992 0.593145
v -0.887138 1.131153 0.593145
v -0.901466 1.109992 0.587434
v -0.887138 1.131153 0.587434
v -0.861670 1.154202 0.587434
v -0.861670 1.154202 0.593145
v -0.180262 1.052955 -0.825000
v -0.180262 0.993720 -0.825000
v -0.183934 0.993720 -0.807212
v -0.177565 0.993720 -0.820430
v -0.177565 0.982040 -0.820430
v -0.181237 0.993720 -0.802642
v -0.181237 0.982040 -0.802642
v -0.770534 0.993720 -0.802642
v -0.777615 0.993720 -0.820430
v -0.770534 0.982040 -0.802642
v -0.765334 0.993720 -0.807212
v -0.772414 0.993720 -0.825000
v -0.765334 1.052955 -0.807212
v -0.765334 1.090467 -0.775348
v -0.772414 1.052955 -0.825000
v -0.183934 1.052955 -0.807212
v -0.183934 1.090467 -0.775348
v -0.180262 1.090467 -0.793837
v -0.181235 1.090467 -0.770820
v -0.177563 1.090467 -0.789312
v -0.770538 1.090467 -0.770820
v -0.181235 1.088616 -0.770820
v -0.169928 1.088616 -0.751847
v -0.177563 1.088616 -0.789312
v -0.770538 1.088616 -0.770820
v -0.792341 1.088616 -0.751847
v -0.777620 1.088616 -0.789312
v -0.799428 1.088616 -0.770354
v -0.953762 1.088616 -0.789430
v -0.777620 1.090467 -0.789312
v -0.953762 1.090467 -0.789430
v -0.772414 1.090467 -0.793837
v -0.956542 1.090467 -0.793961
v -1.000690 1.090467 -0.764201
v -0.969111 1.052955 -0.825000
v -1.042138 1.052955 -0.775774
v -0.969111 0.993720 -0.825000
v -1.042138 0.993720 -0.775774
v -0.965841 0.993720 -0.819679
v -1.034244 0.993720 -0.773570
v -0.965841 0.982040 -0.819679
v -0.777615 0.982040 -0.820430
v -0.969111 0.965643 -0.825000
v -0.772414 0.965643 -0.825000
v -0.969111 0.889070 -0.825000
v -0.772414 0.889070 -0.825000
v -0.765334 0.889070 -0.807212
v -0.183934 0.889070 -0.807212
v -0.765334 0.889070 -0.590803
v -0.765334 0.965643 -0.807212
v -0.744432 0.915703 -0.807212
v -0.744432 0.939010 -0.807212
v -0.194774 0.915703 -0.807212
v -0.744432 0.915703 -0.805162
v -0.744432 0.939010 -0.805162
v -0.194774 0.915703 -0.805162
v -0.741244 0.918587 -0.805162
v -0.741244 0.936125 -0.805162
v -0.196427 0.918587 -0.805162
v -0.741244 0.918587 -0.803932
v -0.741244 0.936125 -0.803932
v -0.196427 0.918587 -0.803932
v -0.196427 0.936125 -0.803932
v -0.196427 0.936125 -0.805162
v -0.194774 0.939010 -0.805162
v -0.194774 0.939010 -0.807212
v -0.183934 0.965643 -0.807212
v -0.180262 0.965643 -0.825000
v -0.180262 0.889070 -0.825000
v -0.180262 0.889070 -0.590803
v -0.180262 0.889070 0.593145
v -0.180262 0.889070 0.825000
v -0.180262 0.965643 0.825000
v -0.177565 0.982040 0.820430
v -0.181237 0.982040 0.802643
v -0.183934 0.965643 0.807212
v -0.765334 0.965643 0.807212
v -0.183934 0.889070 0.807212
v -0.194774 0.939010 0.807212
v -0.194774 0.915703 0.807212
v -0.744432 0.939010 0.807212
v -0.194774 0.939010 0.805163
v -0.194774 0.915703 0.805163
v -0.744432 0.939010 0.805163
v -0.196427 0.936125 0.805163
v -0.196427 0.918587 0.805163
v -0.741244 0.936125 0.805163
v -0.196427 0.936125 0.803933
v -0.196427 0.918587 0.803933
v -0.741244 0.936125 0.803933
v -0.741244 0.918587 0.803933
v -0.741244 0.918587 0.805163
v -0.744432 0.915703 0.805163
v -0.744432 0.915703 0.807212
v -0.765334 0.889070 0.807212
v -0.772414 0.889070 0.825000
v -0.765334 0.889070 0.593145
v -0.772414 0.889070 0.593145
v -0.183934 0.889070 0.593145
v -0.183934 0.889070 -0.590803
v -0.969111 0.889070 0.825000
v -0.772414 0.965643 0.825000
v -0.969111 0.965643 0.825000
v -1.042138 0.965643 0.775774
v -1.042138 0.889070 0.775774
v -1.042138 0.993720 -0.628122
v -1.042138 1.052955 -0.628122
v -1.034244 1.049995 -0.628122
v -1.000690 1.090467 -0.628122
v -0.997420 1.083323 -0.628122
v -0.959108 1.090467 -0.659266
v -0.993972 1.090467 -0.640269
v -0.993972 1.088616 -0.640269
v -0.993972 1.090467 -0.762325
v -0.965826 1.090467 -0.661350
v -0.965826 1.088616 -0.661350
v -0.965826 1.090467 -0.754466
v -0.965826 1.088616 -0.754466
v -0.942115 1.090467 -0.770450
v -0.959108 1.090467 -0.752591
v -0.939335 1.090467 -0.765920
v -0.915388 1.116835 -0.728302
v -0.897781 1.116835 -0.737472
v -0.915388 1.116835 -0.687130
v -0.166252 1.088616 -0.770354
v -0.166252 1.090467 -0.770354
v -0.163553 1.090467 -0.765829
v -0.177451 1.116835 -0.737409
v -0.180724 1.116835 -0.724676
v -0.771523 1.116835 -0.724676
v -0.167229 1.090467 -0.747319
v -0.797544 1.090467 -0.747319
v -0.169928 1.090467 -0.751847
v -0.792341 1.090467 -0.751847
v -0.799428 1.090467 -0.770354
v -0.804633 1.090467 -0.765829
v -0.777835 1.116835 -0.737409
v -0.942115 1.088616 -0.770450
v -0.993972 1.088616 -0.762325
v -1.034244 1.049995 -0.618456
v 0.953091 1.090467 -0.590803
v -1.000690 1.090467 -0.579217
v 1.000690 1.090467 -0.566192
v -0.953091 1.090467 -0.590803
v -1.042138 0.993720 -0.618456
v -1.042138 0.993720 0.620798
v 0.953091 1.090467 0.556525
v 0.953091 1.090467 -0.000000
v 1.000690 1.090467 0.593145
v 0.953091 1.090467 0.593145
v -0.371221 1.198289 0.371221
v -0.385415 1.217978 0.385415
v 0.000000 1.198289 0.524985
v -0.000000 1.217978 0.545060
v -0.200903 1.198289 0.485023
v -0.387418 1.217978 0.456801
v 0.371221 1.198289 0.371221
v 0.429010 1.217978 0.429010
v 0.437719 1.198289 -0.271700
v 0.504712 1.217978 -0.315714
v 0.524985 1.198289 0.000000
v 0.545060 1.217978 0.000000
v 0.485023 1.198289 -0.200903
v 0.503569 1.217978 -0.208585
v 0.485023 1.198289 0.200903
v 0.503569 1.217978 0.208585
v 0.200903 1.198289 0.485023
v 0.387418 1.217978 0.456801
v -0.545060 1.217978 -0.000000
v -0.524985 1.198289 0.000000
v -0.485023 1.198289 0.200903
v -0.503569 1.217978 0.208585
v -0.446383 1.198289 -0.258733
v -0.513056 1.217978 -0.303226
v -0.485023 1.198289 -0.200903
v -0.503569 1.217978 -0.208585
v -0.371221 1.198289 -0.371221
v -0.385415 1.217978 -0.385415
v 0.000000 1.198289 -0.524985
v 0.000000 1.217978 -0.545060
v -0.200903 1.198289 -0.485023
v -0.388223 1.217978 -0.456262
v 0.385415 1.217978 -0.385415
v 0.371221 1.198289 -0.371221
v 0.200903 1.198289 -0.485023
v 0.388223 1.217978 -0.456262
v 0.890858 1.217978 -0.554183
v 0.890858 1.217978 0.556525
v 0.208585 1.217978 0.503569
v -0.806721 1.214797 -0.465181
v -0.890858 1.217978 0.556525
v -0.208585 1.217978 0.503569
v -0.208585 1.217978 -0.503569
v -0.560528 1.217978 -0.232178
v -0.606711 1.217978 -0.000000
v -0.462779 1.217978 -0.269632
v 0.560528 1.217978 -0.232178
v 0.454435 1.217978 -0.282120
v 0.606711 1.217978 0.000000
v 0.560528 1.217978 0.232178
v 0.385415 1.217978 0.385415
v -0.429010 1.217978 0.429010
v -0.560528 1.217978 0.232178
v 0.429010 1.217978 -0.429010
v -0.429010 1.217978 -0.429010
v 0.208585 1.217978 -0.503569
v -0.560528 1.203136 -0.232178
v -0.743593 1.206316 -0.465181
v -0.429010 1.203136 -0.429010
v -0.606711 1.203136 -0.000000
v -0.743593 1.206316 0.467300
v -0.560528 1.203136 0.232178
v -0.429010 1.203136 0.429010
v 0.743593 1.206316 0.467300
v 0.560528 1.203136 0.232178
v 0.606711 1.203136 0.000000
v 0.743593 1.206316 -0.465181
v 0.429010 1.203136 -0.429010
v 0.560528 1.203136 -0.232178
v 0.429010 1.203136 0.429010
v 0.387418 1.203136 0.456801
v -0.387418 1.203136 0.456801
v -0.388223 1.203136 -0.456262
v -0.513056 1.203136 -0.303226
v 0.504712 1.203136 -0.315714
v 0.388223 1.203136 -0.456262
v 0.719922 1.203136 -0.489064
v 0.830391 1.217978 -0.489064
v -0.830391 1.217978 -0.489064
v -0.719922 1.203136 -0.489064
v -0.719922 1.203136 0.491183
v -0.830391 1.217978 0.491183
v 0.830391 1.217978 0.491183
v 0.719922 1.203136 0.491183
v 0.744265 1.201312 -0.465181
v 0.807393 1.209793 -0.465181
v -0.807393 1.209793 -0.465181
v -0.744265 1.201312 -0.465181
v -0.744265 1.201312 0.467300
v -0.807393 1.209793 0.467300
v 0.807393 1.209793 0.467300
v 0.744265 1.201312 0.467300
vn -0.0000 -0.0000 -1.0000
vn 0.7071 -0.0000 0.7071
vn -0.0000 -1.0000 -0.0000
vn 1.0000 -0.0000 -0.0000
vn -0.0000 -0.0000 1.0000
vn 0.7071 -0.0000 -0.7071
vn -0.7071 -0.0000 0.7071
vn -1.0000 -0.0000 -0.0000
vn -0.7071 -0.0000 -0.7071
vn -0.5000 0.7071 0.5000
vn -0.5000 0.7071 -0.5000
vn 0.5000 0.7071 -0.5000
vn 0.5000 0.7071 0.5000
vn -0.7071 0.7071 -0.0000
vn -0.0000 0.7071 0.7071
vn -0.0000 0.7071 -0.7071
vn 0.7071 0.7071 -0.0000
vn -0.0000 1.0000 -0.0000
vn -0.0000 -0.0302 0.9995
vn -0.9995 -0.0302 -0.0000
vn 0.9995 -0.0302 -0.0000
vn -0.0000 -0.0302 -0.9995
vn 0.7053 0.7089 0.0001
vn -0.7053 0.7089 -0.0001
vn -0.7053 0.7090 -0.0000
vn 0.7053 0.7090 -0.0000
vn 0.0001 -0.0006 -1.0000
vn 1.0000 0.0011 -0.0000
vn 1.0000 -0.0000 0.0001
vn -1.0000 0.0002 -0.0000
vn -1.0000 0.0005 -0.0000
vn -0.0000 0.7089 0.7053
vn -0.0000 0.7089 -0.7053
vn -0.0000 0.7090 0.7053
vn -0.0000 0.7090 -0.7053
vn 0.0001 -0.0000 -1.0000
vn 0.0001 1.0000 -0.0002
vn -0.7053 0.7089 0.0001
vn 0.7053 0.7089 -0.0001
vn -0.0000 1.0000 0.0001
vn -0.0000 1.0000 -0.0001
vn -0.0001 1.0000 -0.0002
vn 0.0001 1.0000 0.0002
vn -0.0001 1.0000 0.0001
vn 0.0001 1.0000 -0.0001
vn 0.0001 1.0000 0.0001
vn -0.0001 1.0000 -0.0001
vn -0.0001 1.0000 0.0002
vn -1.0000 -0.0000 -0.0001
vn 0.0101 0.9999 -0.0000
vn -0.0201 -0.9998 -0.0000
vn -0.0012 1.0000 0.0064
vn 0.0126 0.9999 -0.0000
vn -0.0180 -0.9998 0.0007
vn 0.0011 -1.0000 -0.0064
vn -0.0101 0.9999 -0.0000
vn 0.0201 -0.9998 -0.0000
vn 0.8567 0.5158 -0.0000
vn 0.0180 -0.9998 -0.0007
vn -0.0001 -0.0000 1.0000
vn -0.0000 0.5158 -0.8567
vn -0.0000 0.5158 0.8567
vn -0.8567 0.5158 -0.0000
vn 0.0064 1.0000 -0.0012
vn -0.0064 -1.0000 0.0011
vn -0.0064 -1.0000 -0.0011
vn 0.0064 1.0000 0.0012
vn 0.6058 0.5158 0.6058
vn -0.0012 1.0000 -0.0064
vn 0.0011 -1.0000 0.0064
vn 0.6058 0.5158 -0.6058
vn 0.0064 -1.0000 -0.0011
vn 0.0012 1.0000 -0.0064
vn -0.6058 0.5158 -0.6058
vn -0.0011 -1.0000 0.0064
vn 0.0064 -1.0000 0.0011
vn -0.0000 0.9999 -0.0101
vn -0.6058 0.5158 0.6058
vn -0.0000 -0.9998 0.0201
vn 0.0001 0.9999 -0.0125
vn 0.0001 -0.9998 0.0177
vn -0.0180 -0.9998 -0.0007
vn -0.0000 0.9999 0.0101
vn -0.0001 0.9999 -0.0125
vn -0.0000 -0.9998 -0.0201
vn -0.0001 0.9999 0.0125
vn -0.0001 -0.9998 0.0177
vn -0.0001 -0.9998 -0.0177
vn 0.0001 0.9999 0.0125
vn 0.0001 -0.9998 -0.0177
vn -0.0011 -1.0000 -0.0064
vn 0.9999 -0.0168 -0.0000
vn -0.0000 -0.0161 0.9999
vn -0.0000 -0.0160 -0.9999
vn 1.0000 0.0050 0.0001
vn -1.0000 0.0050 0.0001
vn 1.0000 0.0050 -0.0001
vn -0.8326 0.5539 -0.0000
vn -1.0000 0.0050 -0.0001
vn 0.0001 0.0050 1.0000
vn 0.0001 0.0050 -1.0000
vn -1.0000 -0.0000 0.0001
vn 1.0000 -0.0000 -0.0001
vn -0.0000 0.0001 -1.0000
vn -0.0000 -0.0001 1.0000
vn -0.0000 0.0001 1.0000
vn -0.0000 -0.0001 -1.0000
vn -0.0000 1.0000 0.0002
vn -0.0000 1.0000 -0.0002
vn -0.0001 -0.0000 -1.0000
vn 0.0001 -0.0000 1.0000
vn 0.0012 1.0000 0.0064
vn 0.0180 -0.9998 0.0007
vn -0.0000 0.2533 0.9674
vn -0.0000 0.2533 -0.9674
vn 0.3598 -0.0020 0.9330
vn 0.2945 -0.7686 -0.5679
vn -0.8264 -0.5630 -0.0000
vn 0.8264 -0.5630 -0.0000
vn -0.3596 -0.0007 -0.9331
vn 0.3599 -0.9330 0.0031
vn -0.2945 -0.7686 0.5679
vn -0.3594 0.9332 0.0010
vn -0.3599 -0.9330 -0.0031
vn 0.2945 -0.5679 -0.7686
vn 0.8264 -0.0000 0.5630
vn 0.8264 -0.0000 -0.5630
vn -0.8264 -0.0000 -0.5630
vn -0.8264 -0.0000 0.5630
vn -0.7179 0.6961 0.0039
vn 0.7179 0.6961 -0.0039
vn -0.7179 0.6961 -0.0039
vn 0.7179 0.6961 0.0039
vn 0.7172 -0.0026 -0.6968
vn 0.7172 -0.0026 0.6968
vn -0.7172 -0.0026 0.6968
vn -0.7172 -0.0026 -0.6968
vn -0.7176 0.6964 -0.0046
vn 0.7176 0.6964 0.0046
vn -0.7176 0.6964 0.0046
vn 0.7176 0.6964 -0.0046
vn 0.7170 0.0029 -0.6971
vn 0.7170 0.0029 0.6971
vn -0.7170 0.0029 0.6971
vn -0.7170 0.0029 -0.6971
vn -0.8264 0.5630 -0.0000
vn 0.8264 0.5630 -0.0000
vn -0.8877 0.4604 -0.0004
vn 0.8877 0.4604 0.0004
vn -0.8877 0.4604 0.0004
vn 0.8877 0.4604 -0.0004
vn 0.8877 0.0003 -0.4604
vn 0.8877 0.0003 0.4604
vn -0.8877 0.0003 0.4604
vn -0.8877 0.0003 -0.4604
vn -0.3596 -0.0007 0.9331
vn -0.2945 -0.5679 -0.7686
vn 0.3598 -0.0020 -0.9330
vn 0.3595 -0.0007 0.9331
vn 0.2945 -0.5679 0.7686
vn -0.3598 -0.0020 -0.9330
vn 0.3595 -0.0007 -0.9331
vn -0.2945 -0.7686 -0.5679
vn 0.3594 0.9332 0.0010
vn -0.3598 -0.0020 0.9330
vn -0.3599 -0.9330 0.0031
vn 0.2945 -0.7686 0.5679
vn -0.3594 0.9332 -0.0010
vn -0.2945 -0.5679 0.7686
vn 0.3599 -0.9330 -0.0031
vn 0.3594 0.9332 -0.0010
vn 0.9793 -0.0000 0.2022
vn -0.0000 0.6474 0.7622
vn 0.9668 0.1644 0.1957
vn -0.8909 0.2922 0.3478
vn -0.9291 -0.0000 0.3698
vn -0.0003 0.6382 0.7698
vn 0.5589 -0.0000 0.8292
vn 0.5590 -0.0000 0.8292
vn 1.0000 0.0009 -0.0045
vn 0.9999 -0.0116 -0.0000
vn 0.6710 0.7414 -0.0000
vn 0.5995 -0.0000 0.8004
vn -0.0007 -0.0000 1.0000
vn -0.9339 -0.0000 0.3576
vn 0.9808 -0.0000 0.1948
vn 0.9358 -0.2845 0.2082
vn -0.0000 0.6515 0.7587
vn -0.8091 -0.4743 0.3470
vn -0.0004 0.7330 0.6802
vn 0.2625 0.8607 0.4362
vn 0.5165 0.8563 -0.0000
vn -0.9808 -0.0000 -0.1948
vn 0.9339 -0.0000 -0.3577
vn 0.0007 -0.0000 -1.0000
vn -0.5589 -0.0000 -0.8292
vn 0.4210 0.6578 0.6245
vn 0.4157 0.4593 -0.7850
vn 0.8315 -0.0000 -0.5556
vn -0.8315 -0.0000 0.5556
vn 0.4157 0.4593 0.7850
vn -0.6710 -0.7414 -0.0000
vn -0.8280 -0.5607 -0.0000
vn 0.7203 0.2078 0.6618
vn 1.0000 0.0009 0.0044
vn 0.4210 0.6578 -0.6245
vn 0.5589 -0.0000 -0.8292
vn -0.0003 0.6382 -0.7698
vn -0.9291 -0.0000 -0.3698
vn 0.0040 -0.0000 -1.0000
vn 0.9793 -0.0000 -0.2022
vn -0.0000 0.6474 -0.7622
vn 0.9668 0.1644 -0.1957
vn -0.8909 0.2922 -0.3478
vn 0.9339 -0.0000 0.3576
vn -0.9808 -0.0000 0.1948
vn -0.0000 0.2685 -0.9633
vn -0.8633 0.3696 -0.3437
vn 0.0019 0.2887 -0.9574
vn 0.8940 0.4480 0.0019
vn 0.5224 0.3557 -0.7750
vn 0.8868 0.4621 -0.0000
vn 0.8940 0.4480 -0.0020
vn 0.5224 0.3557 0.7750
vn 0.0019 0.2887 0.9574
vn 0.0040 -0.0000 1.0000
vn -0.8633 0.3696 0.3437
vn -0.0000 0.2685 0.9633
vn 0.9570 0.2125 0.1976
vn 0.5590 -0.0000 -0.8292
vn 0.9570 0.2125 -0.1976
vn 0.5995 -0.0000 -0.8004
vn -0.5589 -0.0000 0.8292
vn 0.0007 -0.0000 1.0000
vn -0.0007 -0.0000 -1.0000
vn 0.2625 0.8607 -0.4362
vn -0.0004 0.7330 -0.6802
vn -0.8091 -0.4743 -0.3470
vn -0.0000 0.6515 -0.7587
vn -0.9339 -0.0000 -0.3576
vn 0.9808 -0.0000 -0.1948
vn 0.9358 -0.2845 -0.2082
vn 0.7203 0.2078 -0.6618
vn -0.8868 0.4621 -0.0000
vn -0.8940 0.4480 0.0019
vn -1.0000 0.0009 0.0044
vn -0.8940 0.4480 -0.0020
vn -1.0000 0.0009 -0.0045
vn -0.9999 -0.0116 -0.0000
vn -0.6710 0.7414 -0.0000
vn -0.4210 0.6578 0.6245
vn 0.0003 0.6382 0.7698
vn -0.0040 -0.0000 1.0000
vn -0.5590 -0.0000 0.8292
vn 0.9291 -0.0000 0.3698
vn 0.8909 0.2922 0.3478
vn -0.9668 0.1644 0.1957
vn -0.9793 -0.0000 0.2022
vn 0.8091 -0.4743 0.3470
vn -0.9358 -0.2845 0.2082
vn -0.5165 0.8563 -0.0000
vn -0.5995 -0.0000 0.8004
vn -0.2625 0.8607 0.4362
vn 0.0004 0.7330 0.6802
vn -0.7203 0.2078 -0.6618
vn 0.8280 -0.5607 -0.0000
vn 0.6710 -0.7414 -0.0000
vn -0.0000 0.6375 -0.7704
vn -0.4157 0.4593 -0.7850
vn -0.0000 0.6375 0.7704
vn -0.4157 0.4593 0.7850
vn -0.7203 0.2078 0.6618
vn -0.0000 0.6390 -0.7692
vn -0.0000 0.6390 0.7692
vn -0.9793 -0.0000 -0.2022
vn 0.9291 -0.0000 -0.3698
vn 0.8909 0.2922 -0.3478
vn -0.9668 0.1644 -0.1957
vn -0.9339 -0.0000 0.3577
vn 0.0003 0.6382 -0.7698
vn -0.4210 0.6578 -0.6245
vn -0.5590 -0.0000 -0.8292
vn -0.0040 -0.0000 -1.0000
vn -0.0019 0.2887 -0.9574
vn -0.5224 0.3557 -0.7750
vn -0.9570 0.2125 -0.1976
vn -0.9570 0.2125 0.1976
vn 0.8633 0.3696 0.3437
vn -0.0019 0.2887 0.9574
vn -0.5224 0.3557 0.7750
vn 0.8633 0.3696 -0.3436
vn -0.5995 -0.0000 -0.8004
vn -0.2625 0.8607 -0.4362
vn -0.0000 0.7263 0.6873
vn -0.0000 0.7331 -0.6802
vn -0.9358 -0.2845 -0.2082
vn 0.9339 -0.0000 -0.3576
vn 0.8091 -0.4743 -0.3470
vn 0.0004 0.7330 -0.6802
vn 0.9637 0.2670 -0.0000
vn -0.0000 0.7331 0.6802
vn -0.0000 0.7263 -0.6873
vn -0.5556 -0.0000 0.8315
vn -0.9808 -0.0000 0.1951
vn -0.9808 -0.0000 -0.1951
vn 0.9808 -0.0000 0.1951
vn -0.5556 -0.0000 -0.8315
vn 0.1951 -0.0000 -0.9808
vn -0.8315 -0.0000 -0.5556
vn -0.1951 -0.0000 -0.9808
vn 0.8315 -0.0000 0.5556
vn 0.9808 -0.0000 -0.1951
vn 0.5556 -0.0000 0.8315
vn 0.1951 -0.0000 0.9808
vn -0.1951 -0.0000 0.9808
vn 0.6935 0.7071 0.1379
vn 0.5879 0.7071 0.3928
vn -0.5879 0.7071 0.3928
vn -0.6935 0.7071 0.1379
vn -0.6935 0.7071 -0.1379
vn -0.5879 0.7071 -0.3928
vn -0.3928 0.7071 -0.5879
vn -0.1379 0.7071 -0.6935
vn 0.1379 0.7071 -0.6935
vn 0.3928 0.7071 -0.5879
vn 0.5879 0.7071 -0.3928
vn 0.6935 0.7071 -0.1379
vn 0.3928 0.7071 0.5879
vn 0.1379 0.7071 0.6935
vn -0.1379 0.7071 0.6935
vn -0.3928 0.7071 0.5879
vn 0.5556 -0.0000 -0.8315
vn 0.0806 -0.2999 0.9506
vn -0.0806 -0.2999 0.9506
vn -0.0839 -0.3123 -0.9463
vn 0.0839 -0.3123 -0.9463
vn 0.9911 -0.1332 -0.0000
vn -0.1332 0.9911 -0.0000
vn 0.1332 0.9911 -0.0000
vn -0.1331 0.9911 -0.0000
vn 0.1331 0.9911 -0.0000
vn 0.9911 0.1331 -0.0000
vn -0.9911 -0.1331 -0.0000
vn -0.9911 0.1331 -0.0000
vt 0.440408 0.180498
vt 0.593545 0.180498
vt 0.432823 0.416667
vt 0.601131 0.416667
vt 0.601131 0.474265
vt 0.432823 0.474265
vt 0.607246 0.775735
vt 0.602775 0.775735
vt 0.602775 0.704963
vt 0.607246 0.704963
vt 0.593545 0.558868
vt 0.593545 0.569502
vt 0.607246 0.916667
vt 0.602775 0.916667
vt 0.602885 0.916667
vt 0.601131 0.916667
vt 0.432823 0.916667
vt 0.602775 0.083333
vt 0.607246 0.083333
vt 0.602885 0.083333
vt 0.607246 0.333333
vt 0.625000 0.333333
vt 0.428643 0.166667
vt 0.375000 0.166667
vt 0.375000 0.083333
vt 0.208333 0.583333
vt 0.208333 0.666667
vt 0.375000 0.583333
vt 0.428643 0.583333
vt 0.602775 0.333333
vt 0.602885 0.333333
vt 0.428643 0.833333
vt 0.428643 0.886630
vt 0.428643 0.916667
vt 0.375000 0.916667
vt 0.375000 0.833333
vt 0.607246 0.666667
vt 0.602775 0.666667
vt 0.602885 0.666667
vt 0.607246 0.166667
vt 0.602775 0.166667
vt 0.602885 0.166667
vt 0.607246 0.545037
vt 0.602775 0.545037
vt 0.602775 0.474265
vt 0.607246 0.474265
vt 0.607246 0.583333
vt 0.641908 0.583333
vt 0.432823 0.000000
vt 0.601131 0.000000
vt 0.601131 0.045037
vt 0.432823 0.045037
vt 0.375000 0.666667
vt 0.291667 0.666667
vt 0.291667 0.583333
vt 0.375000 0.275735
vt 0.428643 0.275735
vt 0.428643 0.333333
vt 0.375000 0.333333
vt 0.125000 0.666667
vt 0.208333 0.750000
vt 0.150735 0.750000
vt 0.125000 0.704963
vt 0.602775 0.045037
vt 0.607246 0.045037
vt 0.602775 0.083333
vt 0.291667 0.500000
vt 0.349265 0.500000
vt 0.375000 0.545037
vt 0.375000 0.416667
vt 0.428643 0.416667
vt 0.428643 0.474265
vt 0.375000 0.474265
vt 0.125000 0.545037
vt 0.150735 0.500000
vt 0.208333 0.500000
vt 0.125000 0.583333
vt 0.625000 0.166667
vt 0.375000 0.704963
vt 0.349265 0.750000
vt 0.291667 0.750000
vt 0.602775 0.583333
vt 0.602885 0.583333
vt 0.593545 0.069502
vt 0.440408 0.069502
vt 0.601131 0.545037
vt 0.432823 0.545037
vt 0.601131 0.474265
vt 0.601131 0.275735
vt 0.432823 0.275735
vt 0.432823 0.204963
vt 0.601131 0.204963
vt 0.601131 0.775735
vt 0.432823 0.775735
vt 0.432823 0.704963
vt 0.601131 0.704963
vt 0.607246 0.275735
vt 0.602775 0.275735
vt 0.602775 0.204963
vt 0.607246 0.204963
vt 0.375000 0.204963
vt 0.428643 0.204963
vt 0.428643 0.775735
vt 0.375000 0.775735
vt 0.428643 0.704963
vt 0.428643 0.545037
vt 0.593545 0.058868
vt 0.607246 0.974265
vt 0.602775 0.974265
vt 0.432823 0.275735
vt 0.601131 0.333333
vt 0.432823 0.333333
vt 0.791667 0.529590
vt 0.791667 0.546400
vt 0.791667 0.545277
vt 0.625000 0.008667
vt 0.625000 0.036370
vt 0.607246 0.000000
vt 0.625000 0.218582
vt 0.625000 0.262116
vt 0.625000 0.487884
vt 0.625000 0.531418
vt 0.625000 0.718582
vt 0.625000 0.762116
vt 0.625000 0.057294
vt 0.625000 0.083333
vt 0.625000 0.916667
vt 0.625000 0.967261
vt 0.625000 0.282739
vt 0.625000 0.192706
vt 0.641909 0.666667
vt 0.641908 0.692706
vt 0.607246 0.833333
vt 0.625000 0.782739
vt 0.625000 0.833333
vt 0.641908 0.557293
vt 0.607246 0.416667
vt 0.625000 0.416667
vt 0.625000 0.467261
vt 0.858091 0.666667
vt 0.848484 0.666667
vt 0.849268 0.666667
vt 0.602775 0.833333
vt 0.602885 0.833333
vt 0.602775 0.000000
vt 0.601131 0.166667
vt 0.432823 0.166667
vt 0.601131 0.166667
vt 0.428643 0.974265
vt 0.375000 0.974265
vt 0.432823 0.416667
vt 0.432823 0.083333
vt 0.601131 0.083333
vt 0.601131 0.083333
vt 0.432823 0.583333
vt 0.601131 0.583333
vt 0.601131 0.666667
vt 0.432823 0.666667
vt 0.766963 0.539768
vt 0.733042 0.539768
vt 0.736227 0.529590
vt 0.763773 0.529590
vt 0.375000 0.000000
vt 0.428643 0.000000
vt 0.428643 0.045037
vt 0.375000 0.045037
vt 0.432823 0.833333
vt 0.601131 0.833333
vt 0.432823 0.833333
vt 0.428643 0.083333
vt 0.602885 0.833333
vt 0.607246 0.860448
vt 0.602885 0.860448
vt 0.843440 0.673509
vt 0.836169 0.690931
vt 0.602885 0.083333
vt 0.607246 0.107472
vt 0.602885 0.107472
vt 0.714056 0.666667
vt 0.663444 0.666667
vt 0.602885 0.583333
vt 0.607246 0.607472
vt 0.602885 0.607472
vt 0.656453 0.583333
vt 0.663444 0.583333
vt 0.449872 0.145988
vt 0.584081 0.145988
vt 0.584081 0.163206
vt 0.449872 0.163206
vt 0.449872 0.645989
vt 0.584081 0.645988
vt 0.584081 0.663206
vt 0.449872 0.663206
vt 0.597232 0.357638
vt 0.436721 0.357638
vt 0.597232 0.413857
vt 0.436721 0.413857
vt 0.602884 0.361227
vt 0.607246 0.361227
vt 0.607246 0.388773
vt 0.602885 0.388773
vt 0.602885 0.861227
vt 0.607246 0.861227
vt 0.607246 0.888773
vt 0.602885 0.888773
vt 0.602885 0.111319
vt 0.607246 0.111319
vt 0.607246 0.138681
vt 0.602885 0.138681
vt 0.602885 0.611319
vt 0.607246 0.611319
vt 0.607246 0.638681
vt 0.602885 0.638681
vt 0.656453 0.666667
vt 0.602885 0.333333
vt 0.607246 0.360448
vt 0.602885 0.360448
vt 0.428643 0.666667
vt 0.428643 0.545037
vt 0.651516 0.583333
vt 0.650730 0.583333
vt 0.602775 0.166667
vt 0.428643 0.704963
vt 0.428643 0.045037
vt 0.601131 0.974265
vt 0.432823 0.974265
vt 0.708333 0.720410
vt 0.708333 0.703599
vt 0.708333 0.704721
vt 0.602775 0.416667
vt 0.602885 0.416667
vt 0.852369 0.642528
vt 0.852369 0.645241
vt 0.647631 0.611319
vt 0.647631 0.607472
vt 0.647631 0.604759
vt 0.656453 0.583333
vt 0.708333 0.583333
vt 0.708333 0.666667
vt 0.656453 0.645241
vt 0.647631 0.645241
vt 0.647631 0.642528
vt 0.647631 0.638681
vt 0.641909 0.583333
vt 0.641909 0.607472
vt 0.625000 0.107472
vt 0.449872 0.586794
vt 0.584081 0.586794
vt 0.584081 0.604012
vt 0.449872 0.604011
vt 0.449872 0.086794
vt 0.584081 0.086794
vt 0.584081 0.104012
vt 0.449872 0.104012
vt 0.432823 0.638681
vt 0.484800 0.638681
vt 0.549154 0.638681
vt 0.601131 0.638681
vt 0.661718 0.703598
vt 0.602885 0.142528
vt 0.607246 0.142528
vt 0.602885 0.166667
vt 0.625000 0.111319
vt 0.625000 0.138681
vt 0.641909 0.638681
vt 0.641909 0.611319
vt 0.764441 0.723383
vt 0.703473 0.810260
vt 0.852369 0.604759
vt 0.852369 0.607472
vt 0.602885 0.642528
vt 0.607246 0.642528
vt 0.649791 0.669685
vt 0.649790 0.686993
vt 0.643633 0.691456
vt 0.643633 0.669685
vt 0.793392 0.706620
vt 0.838996 0.706617
vt 0.856367 0.558544
vt 0.856367 0.580315
vt 0.850210 0.686993
vt 0.850209 0.669685
vt 0.793392 0.532609
vt 0.841546 0.532609
vt 0.661004 0.706617
vt 0.841546 0.717391
vt 0.793392 0.717391
vt 0.661718 0.546402
vt 0.708333 0.546399
vt 0.708333 0.546399
vt 0.838282 0.546402
vt 0.848485 0.564257
vt 0.848484 0.564257
vt 0.661004 0.543383
vt 0.649790 0.563007
vt 0.651516 0.564256
vt 0.651515 0.564257
vt 0.000000 0.000000
vt 0.848485 0.685743
vt 0.838282 0.703598
vt 0.791667 0.704730
vt 0.791667 0.703601
vt 0.791667 0.720410
vt 0.849275 0.583333
vt 0.848485 0.583333
vt 0.858091 0.583333
vt 0.708333 0.545276
vt 0.708333 0.529590
vt 0.856367 0.669685
vt 0.856367 0.691456
vt 0.765337 0.713010
vt 0.760573 0.725095
vt 0.850209 0.563007
vt 0.838996 0.543383
vt 0.852369 0.638681
vt 0.852369 0.611319
vt 0.858091 0.611319
vt 0.858091 0.638681
vt 0.650730 0.583333
vt 0.651515 0.685743
vt 0.651517 0.685745
vt 0.650730 0.666667
vt 0.651516 0.666667
vt 0.650730 0.666667
vt 0.836556 0.583333
vt 0.843548 0.583333
vt 0.843634 0.659359
vt 0.766963 0.539768
vt 0.732307 0.710232
vt 0.711579 0.710231
vt 0.625000 0.860448
vt 0.607246 0.860448
vt 0.625000 0.889552
vt 0.607246 0.889552
vt 0.625000 0.360448
vt 0.607246 0.360448
vt 0.436721 0.392362
vt 0.521324 0.888224
vt 0.521324 0.875549
vt 0.597232 0.336143
vt 0.596783 0.888224
vt 0.602885 0.889552
vt 0.607246 0.889552
vt 0.602885 0.916667
vt 0.625000 0.861227
vt 0.625000 0.888773
vt 0.607246 0.888773
vt 0.602885 0.389552
vt 0.607246 0.389552
vt 0.602885 0.416667
vt 0.625000 0.361227
vt 0.625000 0.388773
vt 0.843550 0.604759
vt 0.714056 0.583333
vt 0.711073 0.694544
vt 0.711074 0.555454
vt 0.711579 0.539768
vt 0.785944 0.583333
vt 0.641908 0.666667
vt 0.641908 0.642528
vt 0.625000 0.389552
vt 0.607246 0.389552
vt 0.625000 0.142528
vt 0.708333 0.529590
vt 0.852369 0.642528
vt 0.858091 0.642528
vt 0.641908 0.607472
vt 0.661073 0.583333
vt 0.788925 0.555455
vt 0.788419 0.539768
vt 0.849271 0.583333
vt 0.849271 0.583333
vt 0.838927 0.583333
vt 0.661073 0.666667
vt 0.732306 0.539768
vt 0.732306 0.539768
vt 0.767698 0.539768
vt 0.764552 0.529590
vt 0.766962 0.710232
vt 0.733042 0.710232
vt 0.766962 0.710232
vt 0.735448 0.720410
vt 0.708333 0.720410
vt 0.791667 0.583333
vt 0.791667 0.666667
vt 0.767698 0.539768
vt 0.735448 0.529590
vt 0.763773 0.720410
vt 0.736227 0.720410
vt 0.858091 0.607472
vt 0.858092 0.692706
vt 0.842261 0.720410
vt 0.842261 0.529590
vt 0.858091 0.557293
vt 0.658454 0.532609
vt 0.643633 0.558544
vt 0.657739 0.529590
vt 0.658454 0.717391
vt 0.657739 0.720410
vt 0.706608 0.717391
vt 0.643633 0.580315
vt 0.706608 0.532609
vt 0.706608 0.543381
vt 0.649791 0.580315
vt 0.706608 0.706618
vt 0.793392 0.543382
vt 0.850210 0.580315
vt 0.549154 0.611319
vt 0.601131 0.611319
vt 0.601131 0.607472
vt 0.601131 0.138681
vt 0.601131 0.111319
vt 0.432823 0.611319
vt 0.432823 0.607472
vt 0.432823 0.111319
vt 0.432823 0.138681
vt 0.432823 0.704963
vt 0.432823 0.107472
vt 0.432823 0.204963
vt 0.432823 0.888773
vt 0.601131 0.888773
vt 0.601131 0.889552
vt 0.432823 0.889552
vt 0.432823 0.860448
vt 0.601131 0.860448
vt 0.601131 0.861227
vt 0.432823 0.861227
vt 0.432823 0.388773
vt 0.601131 0.388773
vt 0.601131 0.389552
vt 0.432823 0.389552
vt 0.432823 0.360448
vt 0.601131 0.360448
vt 0.601131 0.361227
vt 0.432823 0.361227
vt 0.601131 0.375000
vt 0.601131 0.642528
vt 0.601131 0.875000
vt 0.428643 0.886650
vt 0.432823 0.875000
vt 0.432823 0.142528
vt 0.432823 0.642528
vt 0.432823 0.379734
vt 0.601131 0.142528
vt 0.601131 0.107472
vt 0.484800 0.111319
vt 0.484800 0.138681
vt 0.852369 0.614750
vt 0.852369 0.639096
vt 0.647631 0.610903
vt 0.647631 0.635250
vt 0.733491 0.539768
vt 0.732756 0.710232
vt 0.767249 0.539768
vt 0.768872 0.707453
vt 0.432823 0.375000
vt 0.440408 0.058868
vt 0.440408 0.191132
vt 0.440408 0.680498
vt 0.440408 0.691132
vt 0.440408 0.558868
vt 0.440408 0.569502
vt 0.593545 0.191132
vt 0.593545 0.691132
vt 0.593545 0.680498
vt 0.592674 0.060457
vt 0.592674 0.067913
vt 0.441280 0.060457
vt 0.592674 0.182087
vt 0.592674 0.189543
vt 0.592674 0.689543
vt 0.441280 0.689543
vt 0.441280 0.067913
vt 0.441280 0.182087
vt 0.441280 0.189543
vt 0.441280 0.682087
vt 0.441280 0.560457
vt 0.441280 0.567913
vt 0.592674 0.567913
vt 0.592674 0.560457
vt 0.592674 0.682087
vt 0.436721 0.892362
vt 0.436721 0.913857
vt 0.597232 0.913857
vt 0.597232 0.892362
vt 0.597232 0.392362
vt 0.436721 0.336143
vt 0.436721 0.836143
vt 0.436721 0.857638
vt 0.597232 0.857638
vt 0.597232 0.836143
vt 0.519379 0.912456
vt 0.519379 0.893763
vt 0.519379 0.903109
vt 0.595289 0.837544
vt 0.519379 0.837544
vt 0.516180 0.837544
vt 0.438665 0.837544
vt 0.595289 0.893763
vt 0.516180 0.893763
vt 0.438665 0.893762
vt 0.438665 0.393763
vt 0.438665 0.412456
vt 0.438665 0.912456
vt 0.595289 0.912456
vt 0.595289 0.412456
vt 0.595289 0.393763
vt 0.438665 0.337544
vt 0.438665 0.356237
vt 0.438665 0.856237
vt 0.595289 0.856237
vt 0.595288 0.356237
vt 0.595288 0.337544
vt 0.595289 0.903109
vt 0.516180 0.337544
vt 0.516180 0.356237
vt 0.516180 0.912456
vt 0.519379 0.337544
vt 0.516180 0.412456
vt 0.519379 0.412456
vt 0.560257 0.838593
vt 0.592365 0.838593
vt 0.519379 0.356237
vt 0.516180 0.856237
vt 0.519379 0.856237
vt 0.516180 0.837544
vt 0.516180 0.856237
vt 0.519379 0.393763
vt 0.516180 0.393763
vt 0.516180 0.356237
vt 0.516180 0.337544
vt 0.516180 0.912456
vt 0.516180 0.893763
vt 0.516180 0.412456
vt 0.516180 0.393763
vt 0.522303 0.345841
vt 0.522303 0.338593
vt 0.554411 0.902060
vt 0.522303 0.902060
vt 0.513401 0.409448
vt 0.441444 0.409448
vt 0.513401 0.896771
vt 0.513401 0.909448
vt 0.554411 0.338593
vt 0.557334 0.393763
vt 0.595289 0.403109
vt 0.557334 0.412456
vt 0.595289 0.846891
vt 0.519379 0.403109
vt 0.557334 0.837544
vt 0.595288 0.346891
vt 0.519379 0.346891
vt 0.557334 0.856237
vt 0.557334 0.337544
vt 0.557334 0.356237
vt 0.557334 0.893763
vt 0.519379 0.846891
vt 0.557334 0.912456
vt 0.554411 0.894812
vt 0.522303 0.894812
vt 0.554411 0.402060
vt 0.522303 0.402060
vt 0.554411 0.394812
vt 0.592365 0.411407
vt 0.560257 0.411407
vt 0.522303 0.394812
vt 0.554411 0.845841
vt 0.522303 0.845841
vt 0.592365 0.404159
vt 0.554411 0.838593
vt 0.560257 0.404159
vt 0.557334 0.846891
vt 0.592365 0.847940
vt 0.560257 0.847940
vt 0.592365 0.855188
vt 0.560257 0.855188
vt 0.557334 0.403109
vt 0.557334 0.903109
vt 0.592365 0.904158
vt 0.560257 0.904159
vt 0.592365 0.911407
vt 0.560257 0.911407
vt 0.557334 0.346891
vt 0.592365 0.347940
vt 0.560257 0.347940
vt 0.592365 0.355188
vt 0.560257 0.355188
vt 0.554411 0.347940
vt 0.522303 0.347940
vt 0.554411 0.355188
vt 0.522303 0.355188
vt 0.554411 0.345841
vt 0.592365 0.338593
vt 0.560257 0.338593
vt 0.592365 0.345841
vt 0.560257 0.345841
vt 0.554411 0.904158
vt 0.522303 0.904159
vt 0.554411 0.911407
vt 0.522303 0.911407
vt 0.592365 0.894812
vt 0.560257 0.894812
vt 0.592365 0.902060
vt 0.560257 0.902060
vt 0.554411 0.404159
vt 0.522303 0.404159
vt 0.554411 0.411407
vt 0.522303 0.411407
vt 0.592365 0.394812
vt 0.560257 0.394812
vt 0.592365 0.402060
vt 0.560257 0.402060
vt 0.554411 0.847940
vt 0.522303 0.847940
vt 0.554411 0.855188
vt 0.522303 0.855188
vt 0.522303 0.838593
vt 0.592365 0.845841
vt 0.560257 0.845841
vt 0.597552 0.374548
vt 0.436401 0.374548
vt 0.596783 0.875549
vt 0.521324 0.375549
vt 0.596783 0.375549
vt 0.596783 0.388224
vt 0.521324 0.388224
vt 0.522550 0.888069
vt 0.522550 0.875704
vt 0.595557 0.888069
vt 0.595557 0.875704
vt 0.595557 0.375704
vt 0.522550 0.375704
vt 0.595557 0.388069
vt 0.522551 0.388069
vt 0.525512 0.876078
vt 0.592595 0.876078
vt 0.592595 0.387695
vt 0.525512 0.387695
vt 0.592595 0.887695
vt 0.525512 0.887695
vt 0.592595 0.376078
vt 0.525512 0.376078
vt 0.590888 0.387479
vt 0.527219 0.387479
vt 0.590888 0.876293
vt 0.590888 0.887480
vt 0.527219 0.876293
vt 0.527219 0.887479
vt 0.590888 0.376293
vt 0.527219 0.376293
vt 0.436401 0.361679
vt 0.597552 0.861679
vt 0.436401 0.861679
vt 0.597552 0.874548
vt 0.597552 0.361679
vt 0.436401 0.874548
vt 0.547913 0.362071
vt 0.547913 0.374157
vt 0.544146 0.374157
vt 0.544146 0.362071
vt 0.439502 0.374157
vt 0.451070 0.374157
vt 0.466672 0.374157
vt 0.470438 0.374157
vt 0.486040 0.374157
vt 0.489807 0.374157
vt 0.505409 0.374157
vt 0.509175 0.374157
vt 0.524778 0.374157
vt 0.528544 0.374157
vt 0.544146 0.374157
vt 0.547913 0.374157
vt 0.563515 0.374157
vt 0.567281 0.374157
vt 0.582884 0.374157
vt 0.594451 0.374157
vt 0.594451 0.362071
vt 0.528544 0.862071
vt 0.528544 0.874157
vt 0.524778 0.874157
vt 0.524778 0.862071
vt 0.439502 0.362071
vt 0.439502 0.874157
vt 0.451070 0.874157
vt 0.466672 0.874157
vt 0.470438 0.874157
vt 0.486041 0.874157
vt 0.489807 0.874157
vt 0.505409 0.874157
vt 0.509176 0.874157
vt 0.544147 0.874157
vt 0.547913 0.874157
vt 0.563515 0.874157
vt 0.567282 0.874157
vt 0.582884 0.874157
vt 0.594451 0.874157
vt 0.594451 0.862071
vt 0.489807 0.362071
vt 0.486040 0.362071
vt 0.439502 0.862071
vt 0.547913 0.862071
vt 0.547913 0.874157
vt 0.544146 0.874157
vt 0.544147 0.862071
vt 0.567281 0.362071
vt 0.567281 0.374157
vt 0.563515 0.374157
vt 0.563515 0.362071
vt 0.470438 0.862071
vt 0.466672 0.862071
vt 0.470438 0.362071
vt 0.470438 0.374157
vt 0.466672 0.362071
vt 0.489807 0.862071
vt 0.486041 0.862071
vt 0.451070 0.362071
vt 0.451070 0.374157
vt 0.582884 0.362071
vt 0.509176 0.862071
vt 0.505409 0.862071
vt 0.567282 0.862071
vt 0.567282 0.874157
vt 0.563515 0.874157
vt 0.563515 0.862071
vt 0.451070 0.862071
vt 0.451070 0.874157
vt 0.509175 0.362071
vt 0.505409 0.362071
vt 0.563515 0.362071
vt 0.528544 0.362071
vt 0.524778 0.362071
vt 0.470438 0.362071
vt 0.582884 0.862071
vt 0.563515 0.862071
vt 0.544146 0.862071
vt 0.451070 0.862071
vt 0.441444 0.896771
vt 0.441444 0.909448
vt 0.513401 0.396771
vt 0.441444 0.396771
vt 0.440674 0.144121
vt 0.440674 0.165073
vt 0.440674 0.644121
vt 0.440674 0.665073
vt 0.593279 0.165073
vt 0.593279 0.144121
vt 0.593279 0.665073
vt 0.593279 0.644121
vt 0.440674 0.084927
vt 0.440674 0.105879
vt 0.440674 0.584927
vt 0.440674 0.605879
vt 0.593280 0.105879
vt 0.593280 0.084927
vt 0.593280 0.605879
vt 0.593280 0.584927
vt 0.448459 0.604389
vt 0.583020 0.604389
vt 0.588495 0.644499
vt 0.583020 0.645610
vt 0.588495 0.605501
vt 0.442088 0.605501
vt 0.448010 0.587009
vt 0.588495 0.144499
vt 0.583020 0.145611
vt 0.442536 0.585898
vt 0.448010 0.087009
vt 0.448458 0.104389
vt 0.448010 0.662991
vt 0.442536 0.664102
vt 0.442088 0.144499
vt 0.442536 0.164102
vt 0.442088 0.644499
vt 0.442536 0.085898
vt 0.442088 0.105501
vt 0.588495 0.105501
vt 0.448010 0.162991
vt 0.448458 0.145611
vt 0.448458 0.645611
vt 0.583020 0.104389
vt 0.549154 0.138681
vt 0.549154 0.111319
vt 0.484800 0.611319
vt 0.504905 0.138889
vt 0.504905 0.166667
vt 0.490406 0.166667
vt 0.490406 0.138889
vt 0.504905 0.111111
vt 0.490406 0.111111
vt 0.578434 0.111111
vt 0.578434 0.138889
vt 0.578434 0.166667
vt 0.625000 0.111111
vt 0.625000 0.138889
vt 0.578434 0.083333
vt 0.504905 0.083333
vt 0.625000 0.026446
vt 0.625000 0.083333
vt 0.578434 0.022562
vt 0.504905 0.022562
vt 0.504905 0.000000
vt 0.578434 0.000000
vt 0.504905 0.918077
vt 0.504905 0.985962
vt 0.578434 0.918077
vt 0.578434 0.985962
vt 0.490406 0.022562
vt 0.490406 0.000000
vt 0.490406 0.985962
vt 0.490406 0.916667
vt 0.504905 0.916344
vt 0.578434 0.916344
vt 0.625000 0.918086
vt 0.625000 0.916344
vt 0.625000 0.982662
vt 0.796657 0.732269
vt 0.856990 0.735001
vt 0.857662 0.737194
vt 0.793087 0.737194
vt 0.802859 0.711585
vt 0.802255 0.706355
vt 0.854173 0.725812
vt 0.858906 0.718576
vt 0.864753 0.722595
vt 0.859346 0.671831
vt 0.864809 0.667662
vt 0.854701 0.664507
vt 0.863277 0.643825
vt 0.854701 0.585493
vt 0.863277 0.606175
vt 0.864809 0.582338
vt 0.859346 0.578169
vt 0.852654 0.580557
vt 0.858042 0.577174
vt 0.852654 0.669443
vt 0.858042 0.672826
vt 0.857511 0.717616
vt 0.853501 0.723619
vt 0.866113 0.583333
vt 0.865324 0.611111
vt 0.865324 0.638889
vt 0.866113 0.666667
vt 0.866148 0.723554
vt 0.625000 0.003751
vt 0.625000 0.017391
vt 0.708333 0.647964
vt 0.708333 0.649671
vt 0.708333 0.653606
vt 0.708333 0.654576
vt 0.710911 0.660070
vt 0.710911 0.666667
vt 0.789089 0.666667
vt 0.789089 0.660070
vt 0.375000 0.581011
vt 0.375000 0.500000
vt 0.312500 0.500000
vt 0.312500 0.581011
vt 0.875000 0.500000
vt 0.812500 0.500000
vt 0.812500 0.581011
vt 0.838480 0.581011
vt 0.875000 0.581011
vt 0.791667 0.653606
vt 0.791667 0.654576
vt 0.791667 0.647964
vt 0.791667 0.649671
vt 0.791667 0.642959
vt 0.791667 0.638889
vt 0.789089 0.666667
vt 0.625000 0.833656
vt 0.578434 0.833656
vt 0.504905 0.833656
vt 0.504905 0.831923
vt 0.578434 0.831923
vt 0.490406 0.833333
vt 0.504905 0.764038
vt 0.490406 0.764038
vt 0.578434 0.764038
vt 0.625000 0.831913
vt 0.625000 0.767338
vt 0.625000 0.735827
vt 0.625000 0.757954
vt 0.578434 0.727438
vt 0.504905 0.727438
vt 0.578434 0.666667
vt 0.633887 0.666667
vt 0.633852 0.723554
vt 0.504905 0.666667
vt 0.504905 0.727438
vt 0.504905 0.638889
vt 0.578434 0.638889
vt 0.490406 0.727438
vt 0.490406 0.666667
vt 0.490406 0.638889
vt 0.504905 0.611111
vt 0.490406 0.611111
vt 0.504905 0.583333
vt 0.490406 0.583333
vt 0.578434 0.611111
vt 0.578434 0.583333
vt 0.634676 0.611111
vt 0.634676 0.638889
vt 0.633887 0.583333
vt 0.636723 0.643825
vt 0.635191 0.667662
vt 0.636723 0.606175
vt 0.645299 0.585493
vt 0.645299 0.664507
vt 0.640654 0.671831
vt 0.635191 0.582338
vt 0.640654 0.578169
vt 0.375000 0.583333
vt 0.375000 0.611111
vt 0.291667 0.583333
vt 0.291667 0.611111
vt 0.375000 0.638889
vt 0.403511 0.612525
vt 0.403511 0.637475
vt 0.291667 0.638889
vt 0.461894 0.612525
vt 0.454668 0.612741
vt 0.410738 0.612741
vt 0.410738 0.637259
vt 0.454668 0.637259
vt 0.461895 0.637475
vt 0.375000 0.666667
vt 0.375000 0.727438
vt 0.360962 0.750000
vt 0.375000 0.764038
vt 0.375000 0.985962
vt 0.125000 0.727438
vt 0.139038 0.750000
vt 0.375000 0.022562
vt 0.490406 0.083333
vt 0.461895 0.137475
vt 0.461894 0.112525
vt 0.375000 0.111111
vt 0.403511 0.112525
vt 0.454668 0.112741
vt 0.410738 0.112741
vt 0.454668 0.137259
vt 0.410738 0.137259
vt 0.403511 0.137475
vt 0.375000 0.138889
vt 0.208333 0.611111
vt 0.125000 0.611111
vt 0.208333 0.638889
vt 0.125000 0.638889
vt 0.697745 0.706355
vt 0.646499 0.723619
vt 0.697141 0.711585
vt 0.645827 0.725812
vt 0.703343 0.732269
vt 0.706913 0.737194
vt 0.643010 0.735001
vt 0.642338 0.737194
vt 0.635247 0.722595
vt 0.641094 0.718576
vt 0.642489 0.717616
vt 0.641958 0.672826
vt 0.647346 0.669443
vt 0.647346 0.580557
vt 0.641958 0.577174
vt 0.787664 0.666667
vt 0.712336 0.666667
vt 0.710911 0.666667
vt 0.787433 0.666667
vt 0.787433 0.666667
vt 0.712567 0.666667
vt 0.712567 0.666667
vt 0.712336 0.666667
vt 0.708333 0.638889
vt 0.708333 0.642959
vt 0.490406 0.333333
vt 0.490406 0.416667
vt 0.360962 0.500000
vt 0.375000 0.522562
vt 0.490406 0.485962
vt 0.375000 0.485962
vt 0.504905 0.418077
vt 0.504905 0.485962
vt 0.504905 0.416344
vt 0.504905 0.333656
vt 0.490406 0.264038
vt 0.504905 0.264038
vt 0.504905 0.331923
vt 0.578434 0.333656
vt 0.578434 0.331923
vt 0.578434 0.264038
vt 0.625000 0.331913
vt 0.625000 0.267338
vt 0.625000 0.235827
vt 0.625000 0.257954
vt 0.578434 0.227438
vt 0.504905 0.227438
vt 0.625000 0.166667
vt 0.625000 0.223554
vt 0.490406 0.227438
vt 0.802255 0.543645
vt 0.853501 0.526381
vt 0.802859 0.538415
vt 0.854173 0.524188
vt 0.796657 0.517731
vt 0.793086 0.512806
vt 0.856990 0.514999
vt 0.864753 0.527405
vt 0.858906 0.531424
vt 0.857662 0.512806
vt 0.866148 0.526446
vt 0.857511 0.532384
vt 0.625000 0.333656
vt 0.578434 0.416344
vt 0.625000 0.416344
vt 0.710911 0.583333
vt 0.708333 0.595424
vt 0.708333 0.611111
vt 0.710911 0.583333
vt 0.708333 0.602036
vt 0.708333 0.607040
vt 0.708333 0.600329
vt 0.708333 0.596394
vt 0.710911 0.589930
vt 0.625000 0.914499
vt 0.625000 0.835501
vt 0.625000 0.837143
vt 0.625000 0.837944
vt 0.789089 0.589930
vt 0.791667 0.596394
vt 0.791667 0.595424
vt 0.789089 0.583333
vt 0.791667 0.611111
vt 0.789089 0.583333
vt 0.787664 0.583333
vt 0.787664 0.583333
vt 0.712336 0.583333
vt 0.787433 0.583333
vt 0.787433 0.583333
vt 0.712567 0.583333
vt 0.712567 0.583333
vt 0.791667 0.583333
vt 0.791667 0.607040
vt 0.791667 0.602036
vt 0.791667 0.600329
vt 0.635247 0.527405
vt 0.641094 0.531424
vt 0.633852 0.526446
vt 0.578434 0.522562
vt 0.643010 0.514999
vt 0.642338 0.512806
vt 0.625000 0.492046
vt 0.625000 0.514173
vt 0.578434 0.485962
vt 0.504905 0.522562
vt 0.490406 0.522562
vt 0.139038 0.500000
vt 0.125000 0.522562
vt 0.375000 0.227438
vt 0.375000 0.264038
vt 0.578434 0.418077
vt 0.625000 0.418086
vt 0.625000 0.482662
vt 0.703343 0.517731
vt 0.706913 0.512806
vt 0.697141 0.538415
vt 0.697745 0.543645
vt 0.645827 0.524188
vt 0.646499 0.526381
vt 0.642489 0.532384
vt 0.712944 0.666667
vt 0.787056 0.666667
vt 0.789499 0.666667
vt 0.791344 0.666667
vt 0.791344 0.737194
vt 0.789499 0.737194
vt 0.712944 0.737194
vt 0.710501 0.737194
vt 0.708656 0.737194
vt 0.708656 0.666667
vt 0.712961 0.666667
vt 0.750161 0.666667
vt 0.787361 0.666667
vt 0.625000 0.412056
vt 0.625000 0.413726
vt 0.625000 0.414499
vt 0.710501 0.583333
vt 0.708656 0.583333
vt 0.708656 0.512806
vt 0.712944 0.512806
vt 0.791344 0.512806
vt 0.791344 0.583333
vt 0.789499 0.583333
vt 0.787056 0.583333
vt 0.937500 0.581011
vt 0.937500 0.500000
vt 0.782809 0.592310
vt 0.750000 0.500000
vt 0.750000 0.581011
vt 0.687500 0.500000
vt 0.687500 0.581011
vt 0.250000 0.581011
vt 0.250000 0.500000
vt 0.187500 0.500000
vt 0.187500 0.581011
vt 0.625000 0.500000
vt 0.562500 0.500000
vt 0.562500 0.581011
vt 0.625000 0.581011
vt 0.727696 0.644869
vt 0.733575 0.647066
vt 0.500000 0.500000
vt 0.437500 0.500000
vt 0.437500 0.581011
vt 0.500000 0.581011
vt 0.714473 0.633211
vt 0.714473 0.616789
vt 0.711553 0.625000
vt 0.125000 0.500000
vt 0.125000 0.581011
vt 0.166279 0.581011
vt 0.062500 0.500000
vt 0.062500 0.581011
vt 0.000000 0.500000
vt 0.000000 0.581011
vt 1.000000 0.581011
vt 1.000000 0.500000
vt 0.528269 0.341844
vt 0.510000 0.250000
vt 0.528269 0.158156
vt 0.580294 0.080294
vt 0.658156 0.028269
vt 0.750000 0.010000
vt 0.841844 0.028269
vt 0.919706 0.080294
vt 0.971731 0.158156
vt 0.990000 0.250000
vt 0.971731 0.341844
vt 0.919706 0.419706
vt 0.841844 0.471731
vt 0.750000 0.490000
vt 0.658156 0.471731
vt 0.580294 0.419706
vt 0.749918 0.604333
vt 0.735777 0.605906
vt 0.735236 0.605176
vt 0.749917 0.603543
vt 0.730939 0.606782
vt 0.731706 0.607427
vt 0.730794 0.642231
vt 0.735777 0.644094
vt 0.735236 0.644824
vt 0.730060 0.642889
vt 0.749918 0.646457
vt 0.749918 0.645667
vt 0.764058 0.644094
vt 0.764599 0.644824
vt 0.777045 0.640172
vt 0.776046 0.639614
vt 0.784056 0.632909
vt 0.785362 0.633211
vt 0.788282 0.625000
vt 0.786869 0.625000
vt 0.784056 0.617091
vt 0.785362 0.616789
vt 0.777045 0.609827
vt 0.776046 0.610386
vt 0.764058 0.605906
vt 0.764599 0.605176
vt 0.722790 0.640172
vt 0.723789 0.639614
vt 0.723789 0.610386
vt 0.722790 0.609827
vt 0.730939 0.606782
vt 0.715779 0.617091
vt 0.712966 0.625000
vt 0.715779 0.632909
vt 0.766260 0.602934
vt 0.749917 0.601116
vt 0.733576 0.602934
vt 0.728575 0.604803
vt 0.780114 0.608111
vt 0.782070 0.609749
vt 0.715494 0.657690
vt 0.717803 0.640283
vt 0.717803 0.609717
vt 0.715494 0.592310
vt 0.780114 0.641888
vt 0.782070 0.640251
vt 0.719721 0.641889
vt 0.784490 0.592310
vt 0.766260 0.647066
vt 0.719721 0.608111
vt 0.784490 0.657690
vt 0.749918 0.648884
vt 0.717175 0.592310
vt 0.717175 0.657690
vt 0.717175 0.657690
vt 0.717175 0.592310
vt 0.782809 0.657690
vt 0.782809 0.657690
s 0
usemtl M_Noir_Bleuté
f 2221/831/237 1987/832/237 2032/832/237 2286/831/237
f 2033/833/235 2032/832/235 1991/834/235 1992/835/235
f 1990/836/237 2216/837/237 2280/837/237 2035/836/237
f 2272/840/237 2929/841/237 2273/842/237 2030/843/237 2031/844/237
f 2035/836/235 2034/861/235 1994/862/235 1993/863/235
f 1998/864/233 2230/865/233 2211/866/233 1984/867/233
f 1988/868/235 1992/835/235 1985/869/235 1995/870/235 1996/871/235
f 1983/875/235 2001/876/235 2002/877/235 1990/836/235 1993/863/235
f 1983/878/233 2213/879/233 2231/880/233 2001/881/233
f 1997/882/235 1998/883/235 1984/884/235 1991/834/235 1987/885/235
f 1994/862/235 1989/861/235 1999/887/235 2000/888/235 1986/889/235
f 2209/842/236 1985/843/236 2030/843/236 2273/842/236
f 2213/879/240 1983/878/240 2028/878/240 2278/879/240
f 2230/865/241 1998/864/241 1997/909/241 2227/910/241
f 2238/911/234 2000/912/234 1999/887/234 2235/913/234
f 2234/914/238 2002/877/238 2001/881/238 2231/880/238
f 2000/912/237 2238/911/237 2207/840/237 1986/844/237
f 1985/843/237 2209/842/237 2225/957/237 1995/958/237
f 2347/967/250 2350/968/250 2379/969/250 2392/970/250
f 1995/971/239 2225/972/239 2224/973/239 1996/974/239
f 1984/867/236 2211/866/236 2276/866/236 2029/867/236
f 2033/833/240 2284/978/240 2286/831/240 2032/832/240
f 2291/979/251 2040/941/251 2358/980/251 2359/981/251
f 2081/982/238 2082/983/238 2135/983/238 2134/982/238
f 2295/984/252 2044/827/252 2316/985/252 2325/986/252
f 2113/987/233 2088/988/233 2141/988/233 2116/987/233
f 2299/989/253 2048/855/253 2324/990/253 2331/991/253
f 2090/992/239 2006/993/239 2133/993/239 2132/992/239
f 3192/994/240 3203/995/240 2298/996/240 3193/997/240
f 3194/998/236 3201/999/236 2302/1000/236 3195/1001/236
f 2370/1002/240 2339/1003/240 2722/1003/240 2727/1002/240
f 2290/1004/240 2277/1005/240 2714/1005/240 2719/1004/240
f 2368/1006/254 2353/1007/254 2352/1008/254 2374/1009/254
f 2360/1010/251 2357/1011/251 2356/1012/251 2366/1013/251
f 2088/988/241 2087/1022/241 2136/1022/241 2141/988/241
f 2287/1023/254 2036/829/254 2354/1024/254 2367/1025/254
f 2276/866/233 2278/879/233 2028/878/233 2029/867/233
f 2280/837/236 2282/1026/236 2034/861/236 2035/836/236
f 2002/877/236 2234/1027/236 2216/837/236 1990/836/236
f 1989/861/236 2217/1026/236 2235/1031/236 1999/887/236
f 1988/833/233 2220/978/233 2284/978/233 2033/833/233
f 1996/974/240 2224/1032/240 2220/978/240 1988/833/240
f 1987/832/240 2221/831/240 2227/910/240 1997/909/240
f 2217/1026/233 1989/861/233 2034/861/233 2282/1026/233
f 2310/1040/236 2045/1041/236 2131/1041/236 2398/1040/236
f 2096/1052/255 2387/1053/255 2324/990/255 2048/855/255
f 2318/1043/240 2049/1044/240 2130/1044/240 2400/1043/240
f 2098/934/256 2385/1054/256 2316/985/256 2044/827/256
f 3198/1055/236 2300/1056/236 3200/1057/236 3199/1058/236
f 3196/1059/240 2296/1060/240 3202/1061/240 3197/1062/240
f 2050/1049/240 2319/1050/240 2401/1050/240 2129/1049/240
f 2328/1068/252 2313/1069/252 2047/848/252 2297/1070/252
f 2086/1048/233 2050/1049/233 2129/1049/233 2126/1048/233
f 2109/1075/236 2042/1076/236 2140/1076/236 2122/1075/236
f 2046/1077/236 2311/1078/236 2395/1078/236 2128/1077/236
f 2335/1079/253 2321/1080/253 2051/845/253 2301/847/253
f 2377/1119/250 2042/1076/250 2111/935/250 2390/1120/250
f 2076/1133/234 2080/1134/234 2138/1134/234 2139/1133/234
f 2045/1041/233 2074/1135/233 2125/1135/233 2131/1041/233
f 1991/834/235 1993/863/235 1994/862/235 1992/835/235
f 2031/844/235 2030/843/235 1992/835/235 1994/862/235
f 2029/867/235 2028/878/235 1993/863/235 1991/834/235
f 2350/968/237 2347/1136/237 2407/967/237 2404/968/237
f 2376/1137/233 2083/1138/233 2142/1138/233 2406/1137/233
f 2114/943/264 2393/1139/264 2358/1140/264 2040/941/264
f 2390/1141/264 2111/935/264 2043/821/264 2355/1142/264
f 2105/830/265 2391/1143/265 2354/1144/265 2036/829/265
f 2277/1005/250 2342/1145/250 2713/1145/250 2714/1005/250
f 2933/1146/250 2930/1147/250 2939/1147/250 2940/1146/250
f 2288/1148/235 2370/1002/235 2727/1002/235 2728/1148/235
f 2932/1149/236 2933/1146/236 2940/1146/236 2941/1149/236
f 2363/1150/251 2355/1151/251 2043/821/251 2294/1152/251
f 2394/1153/266 2389/1154/266 2356/1155/266 2357/1011/266
f 2371/1156/254 2351/1157/254 2039/945/254 2289/1158/254
f 2392/1159/267 2379/1160/267 2352/1008/267 2353/1007/267
f 2077/1161/237 2046/1077/237 2128/1077/237 2121/1161/237
f 2006/993/237 2068/1162/237 2120/1162/237 2133/993/237
f 2049/1044/237 2078/1045/237 2124/1045/237 2130/1044/237
f 2078/1045/240 2090/992/240 2132/992/240 2124/1045/240
f 2083/1138/240 2113/1163/240 2116/1163/240 2142/1138/240
f 2068/1164/240 2038/1165/240 2127/1165/240 2120/1164/240
f 2082/983/268 2109/1075/268 2122/1075/268 2135/983/268
f 2106/1166/237 2076/1133/237 2139/1133/237 2118/1166/237
f 2319/1050/269 2050/1049/269 2093/1167/269 2384/1168/269
f 2074/1135/236 2081/982/236 2134/982/236 2125/1135/236
f 2042/1076/233 2377/1119/233 2409/1119/233 2140/1076/233
f 2380/1169/265 2091/946/265 2039/945/265 2351/1170/265
f 2382/1171/270 2092/886/270 2047/848/270 2313/1069/270
f 2384/1168/271 2093/1167/271 2051/845/271 2321/1080/271
f 2038/1165/250 2068/1164/250 2094/1115/250 2091/1172/250
f 2078/1045/272 2049/1044/272 2096/1052/272 2095/1127/272
f 2074/1135/273 2045/1041/273 2098/948/273 2097/950/273
f 2045/1041/274 2310/1173/274 2385/1174/274 2098/948/274
f 2049/1044/275 2318/1043/275 2387/1175/275 2096/1052/275
f 2006/993/250 2090/992/250 2099/1127/250 2100/1176/250
f 2082/983/250 2081/982/250 2101/950/250 2102/1108/250
f 2086/1048/276 2087/1022/276 2103/1132/276 2104/1132/276
f 2106/1177/250 2037/1178/250 2105/921/250 2070/923/250
f 2077/1161/277 2080/1134/277 2108/1179/277 2107/1180/277
f 2081/982/278 2074/1135/278 2097/950/278 2101/950/278
f 2109/1075/250 2082/983/250 2102/1108/250 2084/1109/250
f 2090/992/279 2078/1045/279 2095/1127/279 2099/1127/279
f 2046/1077/272 2077/1161/272 2107/1112/272 2092/1114/272
f 2080/1134/250 2076/1133/250 2110/1181/250 2108/1179/250
f 2042/1076/250 2109/1075/250 2084/1109/250 2111/935/250
f 2050/1049/273 2086/1048/273 2104/1132/273 2093/1167/273
f 2087/1022/250 2088/988/250 2112/1182/250 2103/1132/250
f 2088/988/250 2113/987/250 2089/1047/250 2112/1182/250
f 2038/1165/237 2349/1183/237 2403/1184/237 2127/1165/237
f 2037/1178/250 2348/1185/250 2391/1186/250 2105/921/250
f 2378/1187/233 2375/1188/233 2405/1188/233 2410/1189/233
f 2083/1138/250 2376/1137/250 2393/1190/250 2114/1191/250
f 2076/1133/250 2106/1166/250 2070/1192/250 2110/1181/250
f 2113/1163/250 2083/1138/250 2114/1191/250 2089/1037/250
f 2068/1162/250 2006/993/250 2100/1176/250 2094/1046/250
f 2087/1022/240 2086/1048/240 2126/1048/240 2136/1022/240
f 2348/1194/237 2037/1178/237 2137/1178/237 2408/1185/237
f 2037/1178/236 2106/1177/236 2118/1177/236 2137/1178/236
f 2349/1184/250 2038/1165/250 2091/1172/250 2380/1195/250
f 2375/1188/250 2378/1189/250 2389/1196/250 2394/1197/250
f 2080/1134/261 2077/1161/261 2121/1161/261 2138/1134/261
f 2311/1078/280 2046/1077/280 2092/1114/280 2382/1198/280
f 2379/969/236 2350/968/236 2586/968/236 2607/969/236
f 2405/1188/236 2375/1188/236 2615/1188/236 2469/1188/236
f 2376/1137/240 2406/1137/240 2470/1137/240 2616/1137/240
f 3162/1218/285 3163/964/285 2568/964/285 2427/1218/285
f 2299/989/286 2331/991/286 2428/991/286 2567/989/286
f 2378/1187/240 2410/1189/240 2474/1189/240 2614/1187/240
f 2409/1119/236 2377/1119/236 2613/1119/236 2473/1119/236
f 2216/837/290 2234/1027/290 2498/1027/290 2514/837/290
f 2401/1050/268 2319/1050/268 2611/1050/268 2465/1050/268
f 2295/984/291 2325/986/291 2420/986/291 2560/984/291
f 2231/880/293 2213/879/293 2511/879/293 2495/880/293
f 2374/1009/236 2352/1008/236 2610/1008/236 2455/1009/236
f 2351/1157/240 2371/1156/240 2456/1156/240 2609/1157/240
f 3158/963/235 3159/1222/235 2415/1222/235 2565/963/235
f 2367/1025/236 2354/1024/236 2606/1024/236 2452/1025/236
f 2207/840/294 2238/911/294 2502/911/294 2485/840/294
f 2286/831/295 2284/978/295 2564/978/295 2550/831/295
f 2353/1007/240 2368/1006/240 2453/1006/240 2605/1007/240
f 2366/1013/240 2356/1012/240 2602/1012/240 2447/1013/240
f 2235/1031/290 2217/1026/290 2509/1026/290 2499/1031/290
f 2355/1151/236 2363/1150/236 2448/1150/236 2601/1151/236
f 3156/960/235 3157/1226/235 2411/1226/235 2563/960/235
f 2359/981/240 2358/980/240 2598/980/240 2444/981/240
f 2357/1011/236 2360/1010/236 2445/1010/236 2597/1011/236
f 2211/866/293 2230/865/293 2494/865/293 2479/866/293
f 2352/1008/236 2379/1160/236 2607/1160/236 2610/1008/236
f 2217/1026/293 2282/1026/293 2552/1026/293 2509/1026/293
f 2227/910/295 2221/831/295 2507/831/295 2491/910/295
f 2380/1169/240 2351/1170/240 2609/1170/240 2608/1169/240
f 2354/1144/236 2391/1143/236 2603/1143/236 2606/1144/236
f 2225/957/294 2209/842/294 2505/842/294 2489/957/294
f 2280/837/294 2216/837/294 2514/837/294 2566/837/294
f 2392/1159/240 2353/1007/240 2605/1007/240 2604/1159/240
f 2220/978/295 2224/1032/295 2488/1032/295 2504/978/295
f 2356/1155/240 2389/1154/240 2599/1154/240 2602/1155/240
f 2284/978/293 2220/978/293 2504/978/293 2564/978/293
f 2390/1141/236 2355/1142/236 2601/1142/236 2600/1141/236
f 2238/911/300 2235/913/300 2499/913/300 2502/911/300
f 2358/1140/240 2393/1139/240 2595/1139/240 2598/1140/240
f 2394/1153/236 2357/1011/236 2597/1011/236 2596/1153/236
f 2234/914/303 2231/880/303 2495/880/303 2498/914/303
f 2345/1228/240 2365/1229/240 2450/1229/240 2442/1228/240
f 2221/831/294 2286/831/294 2550/831/294 2507/831/294
f 2686/1230/236 2683/1231/236 2441/1231/236 2449/1230/236
f 2692/1232/240 2693/1233/240 2443/1233/240 2439/1232/240
f 2230/865/306 2227/910/306 2491/910/306 2494/865/306
f 2361/1234/236 2344/1235/236 2440/1235/236 2446/1234/236
f 2341/1236/236 2373/1237/236 2458/1237/236 2438/1236/236
f 2688/1238/240 2681/1239/240 2437/1239/240 2457/1238/240
f 2690/1240/236 2695/1241/236 2451/1241/236 2435/1240/236
f 2369/1242/240 2340/1243/240 2436/1243/240 2454/1242/240
f 2213/879/295 2278/879/295 2554/879/295 2511/879/295
f 2373/1237/309 2928/1244/309 2369/1242/309 2454/1242/309 2458/1237/309
f 2224/973/310 2225/972/310 2489/972/310 2488/973/310
f 2368/1006/311 2374/1009/311 2455/1009/311 2453/1006/311
f 3154/965/285 3155/1245/285 2433/1245/285 2559/965/285
f 2695/1241/312 2696/919/312 2562/919/312 2451/1241/312
f 2287/1023/313 2367/1025/313 2452/1025/313 2561/1023/313
f 2335/1079/314 2301/847/314 2558/847/314 2432/1079/314
f 2365/1229/315 2927/1246/315 2361/1234/315 2446/1234/315 2450/1229/315
f 2272/840/295 2207/840/295 2485/840/295 2484/840/295
f 2687/812/316 2688/1238/316 2457/1238/316 2557/812/316
f 2360/1010/317 2366/1013/317 2447/1013/317 2445/1010/317
f 2693/1233/318 2694/976/318 2518/976/318 2443/1233/318
f 2276/866/290 2211/866/290 2479/866/290 2482/866/290
f 2371/1156/319 2289/1158/319 2556/1158/319 2456/1156/319
f 2291/979/320 2359/981/320 2444/981/320 2517/979/320
f 2685/824/321 2686/1230/321 2449/1230/321 2477/824/321
f 2273/842/294 2929/841/294 3147/1247/294 2519/842/294
f 2363/1150/322 2294/1152/322 2478/1152/322 2448/1150/322
f 2344/1235/235 2926/1248/235 2345/1228/235 2442/1228/235 2440/1235/235
f 1986/844/240 2207/840/240 2272/840/240 2031/844/240
f 2280/837/290 2566/837/290 2552/1026/290 2282/1026/290
f 2209/842/290 2273/842/290 2519/842/290 2505/842/290
f 2349/1184/240 2380/1195/240 2608/1195/240 2585/1184/240
f 3159/1222/237 3162/1218/237 2427/1218/237 2415/1222/237
f 3155/1245/233 3150/1250/233 2417/1250/233 2433/1245/233
f 2311/1078/337 2382/1198/337 2582/1198/337 2591/1078/337
f 2319/1050/339 2384/1168/339 2574/1168/339 2611/1050/339
f 3157/1226/233 3160/1253/233 2419/1253/233 2411/1226/233
f 3153/1252/237 3148/1249/237 2413/1249/237 2425/1252/237
f 2385/1174/339 2310/1173/339 2594/1173/339 2577/1174/339
f 2387/1175/337 2318/1043/337 2590/1043/337 2569/1175/337
f 2389/1196/240 2378/1189/240 2614/1189/240 2599/1196/240
f 2377/1119/236 2390/1120/236 2600/1120/236 2613/1119/236
f 2324/990/237 2387/1053/237 2569/1053/237 2572/990/237
f 2347/967/240 2392/970/240 2604/970/240 2587/967/240
f 2391/1186/236 2348/1185/236 2588/1185/236 2603/1186/236
f 2384/1168/233 2321/1080/233 2575/1080/233 2574/1168/233
f 2375/1188/236 2394/1197/236 2596/1197/236 2615/1188/236
f 2393/1190/240 2376/1137/240 2616/1137/240 2595/1190/240
f 2316/985/233 2385/1054/233 2577/1054/233 2580/985/233
f 2382/1171/237 2313/1069/237 2583/1069/237 2582/1171/237
f 2403/1184/240 2349/1183/240 2585/1183/240 2467/1184/240
f 2350/968/236 2404/968/236 2468/968/236 2586/968/236
f 2325/986/233 2316/985/233 2580/985/233 2420/986/233
f 2313/1069/237 2328/1068/237 2424/1068/237 2583/1069/237
f 2407/967/240 2347/1136/240 2587/1136/240 2471/967/240
f 2348/1194/236 2408/1185/236 2472/1185/236 2588/1194/236
f 2331/991/237 2324/990/237 2572/990/237 2428/991/237
f 2321/1080/233 2335/1079/233 2432/1079/233 2575/1080/233
f 3148/1249/235 3149/955/235 2549/955/235 2413/1249/235
f 2318/1043/343 2400/1043/343 2464/1043/343 2590/1043/343
f 2395/1078/292 2311/1078/292 2591/1078/292 2459/1078/292
f 3150/1250/235 3151/966/235 2551/966/235 2417/1250/235
f 2681/1239/235 2682/959/235 2553/959/235 2437/1239/235
f 2310/1040/342 2398/1040/342 2462/1040/342 2594/1040/342
f 2689/920/235 2690/1240/235 2435/1240/235 2481/920/235
f 2278/879/293 2276/866/293 2482/866/293 2554/879/293
f 2683/1231/235 2684/825/235 2520/825/235 2441/1231/235
f 2340/1243/235 2925/1264/235 3146/1251/235 2436/1243/235
f 2328/1068/345 2297/1070/345 2555/1070/345 2424/1068/345
f 2691/975/235 2692/1232/235 2439/1232/235 2483/975/235
f 2342/1145/233 2277/1005/233 2682/959/233 2681/1239/233
f 2346/1290/237 2274/1291/237 2684/825/237 2683/1231/237
f 2293/1292/237 2364/1293/237 2686/1230/237 2685/824/237
f 2290/1004/233 2372/1294/233 2688/1238/233 2687/812/233
f 2275/1295/233 2339/1003/233 2690/1240/233 2689/920/233
f 2271/1296/237 2343/1297/237 2692/1232/237 2691/975/237
f 2362/1298/237 2292/1299/237 2694/976/237 2693/1233/237
f 2370/1002/233 2288/1148/233 2696/919/233 2695/1241/233
f 2339/1003/233 2370/1002/233 2695/1241/233 2690/1240/233
f 2372/1294/233 2342/1145/233 2681/1239/233 2688/1238/233
f 2343/1297/237 2362/1298/237 2693/1233/237 2692/1232/237
f 2364/1293/237 2346/1290/237 2683/1231/237 2686/1230/237
f 2292/1299/237 2271/1296/237 2691/975/237 2694/976/237
f 2274/1291/237 2293/1292/237 2685/824/237 2684/825/237
f 2288/1148/233 2275/1295/233 2689/920/233 2696/919/233
f 2277/1005/233 2290/1004/233 2687/812/233 2682/959/233
f 2274/1291/250 2346/1290/250 2715/1290/250 2716/1291/250
f 2342/1145/236 2372/1294/236 2720/1294/236 2713/1145/236
f 2364/1293/235 2293/1292/235 2717/1292/235 2718/1293/235
f 2362/1298/236 2343/1297/236 2724/1297/236 2725/1298/236
f 2372/1294/235 2290/1004/235 2719/1004/235 2720/1294/235
f 2346/1290/240 2364/1293/240 2718/1293/240 2715/1290/240
f 2339/1003/250 2275/1295/250 2721/1295/250 2722/1003/250
f 2271/1296/240 2292/1299/240 2726/1299/240 2723/1296/240
f 2343/1297/250 2271/1296/250 2723/1296/250 2724/1297/250
f 2293/1292/236 2274/1291/236 2716/1291/236 2717/1292/236
f 2292/1299/235 2362/1298/235 2725/1298/235 2726/1299/235
f 2275/1295/236 2288/1148/236 2728/1148/236 2721/1295/236
f 2857/1329/240 2858/1330/240 2922/1330/240 2921/1329/240
f 2753/1316/233 2764/1339/233 2763/1338/233 2754/1317/233
f 2820/1344/250 2817/1345/250 2881/1345/250 2883/1344/250
f 2755/1306/237 2768/1334/237 2767/1335/237 2756/1318/237
f 2831/1346/236 2832/1347/236 2895/1347/236 2896/1346/236
f 3136/1348/240 3137/1349/240 3144/1349/240 3145/1348/240
f 3131/1350/235 3132/1351/235 3141/1351/235 3138/1350/235
f 2817/1345/236 2818/1352/236 2882/1352/236 2881/1345/236
f 2830/1367/235 2831/1346/235 2896/1346/235 2893/1367/235
f 2832/1347/250 2829/1368/250 2894/1368/250 2895/1347/250
f 2843/1369/240 2844/1370/240 2907/1370/240 2908/1369/240
f 2829/1368/240 2830/1367/240 2893/1367/240 2894/1368/240
f 2842/1371/235 2843/1369/235 2908/1369/235 2905/1371/235
f 2803/1372/240 2804/1373/240 2867/1373/240 2868/1372/240
f 2844/1370/250 2841/1374/250 2906/1374/250 2907/1370/250
f 2855/1375/236 2856/1376/236 2919/1376/236 2920/1375/236
f 2802/1377/235 2803/1372/235 2868/1372/235 2865/1377/235
f 2841/1374/236 2842/1371/236 2905/1371/236 2906/1374/236
f 2854/1378/235 2855/1375/235 2920/1375/235 2918/1378/235
f 2804/1373/250 2801/1379/250 2866/1379/250 2867/1373/250
f 2796/1380/237 2782/1356/237 2798/1381/237 2797/1382/237
f 2782/1356/237 2757/1319/237 2799/1383/237 2798/1381/237
f 2757/1319/237 2790/1361/237 2800/1384/237 2799/1383/237
f 2790/1361/237 2796/1380/237 2797/1382/237 2800/1384/237
f 2795/1385/233 2780/1354/233 2802/1377/233 2801/1379/233
f 2780/1354/233 2730/1314/233 2803/1372/233 2802/1377/233
f 2730/1314/233 2788/1355/233 2804/1373/233 2803/1372/233
f 2788/1355/233 2795/1385/233 2801/1379/233 2804/1373/233
f 2794/1386/237 2783/1322/237 2806/1387/237 2805/1388/237
f 2783/1322/237 2732/1313/237 2807/1389/237 2806/1387/237
f 2732/1313/237 2792/1366/237 2808/1390/237 2807/1389/237
f 2792/1366/237 2794/1386/237 2805/1388/237 2808/1390/237
f 2793/1391/233 2779/1359/233 2810/1392/233 2809/1393/233
f 2779/1359/233 2759/1320/233 2811/1394/233 2810/1392/233
f 2759/1320/233 2784/1363/233 2812/1395/233 2811/1394/233
f 2784/1363/233 2793/1391/233 2809/1393/233 2812/1395/233
f 2785/1360/233 2793/1391/233 2814/1396/233 2813/1397/233
f 2793/1391/233 2784/1363/233 2815/1398/233 2814/1396/233
f 2784/1363/233 2762/1331/233 2816/1399/233 2815/1398/233
f 2762/1331/233 2785/1360/233 2813/1397/233 2816/1399/233
f 2761/1326/233 2777/1362/233 2818/1352/233 2817/1345/233
f 2777/1362/233 2793/1391/233 2819/1400/233 2818/1352/233
f 2793/1391/233 2785/1360/233 2820/1344/233 2819/1400/233
f 2785/1360/233 2761/1326/233 2817/1345/233 2820/1344/233
f 2777/1362/233 2760/1321/233 2822/1401/233 2821/1402/233
f 2760/1321/233 2779/1359/233 2823/1403/233 2822/1401/233
f 2779/1359/233 2793/1391/233 2824/1404/233 2823/1403/233
f 2793/1391/233 2777/1362/233 2821/1402/233 2824/1404/233
f 2781/1302/237 2794/1386/237 2826/1405/237 2825/1406/237
f 2794/1386/237 2792/1366/237 2827/1407/237 2826/1405/237
f 2792/1366/237 2770/1300/237 2828/1408/237 2827/1407/237
f 2770/1300/237 2781/1302/237 2825/1406/237 2828/1408/237
f 2769/1301/237 2791/1364/237 2830/1367/237 2829/1368/237
f 2791/1364/237 2794/1386/237 2831/1346/237 2830/1367/237
f 2794/1386/237 2781/1302/237 2832/1347/237 2831/1346/237
f 2781/1302/237 2769/1301/237 2829/1368/237 2832/1347/237
f 2791/1364/237 2731/1307/237 2834/1409/237 2833/1410/237
f 2731/1307/237 2783/1322/237 2835/1411/237 2834/1409/237
f 2783/1322/237 2794/1386/237 2836/1412/237 2835/1411/237
f 2794/1386/237 2791/1364/237 2833/1410/237 2836/1412/237
f 2786/1357/233 2795/1385/233 2838/1413/233 2837/1414/233
f 2795/1385/233 2788/1355/233 2839/1415/233 2838/1413/233
f 2788/1355/233 2774/1328/233 2840/1416/233 2839/1415/233
f 2774/1328/233 2786/1357/233 2837/1414/233 2840/1416/233
f 2773/1336/233 2787/1353/233 2842/1371/233 2841/1374/233
f 2787/1353/233 2795/1385/233 2843/1369/233 2842/1371/233
f 2795/1385/233 2786/1357/233 2844/1370/233 2843/1369/233
f 2786/1357/233 2773/1336/233 2841/1374/233 2844/1370/233
f 2787/1353/233 2729/1315/233 2846/1417/233 2845/1418/233
f 2729/1315/233 2780/1354/233 2847/1419/233 2846/1417/233
f 2780/1354/233 2795/1385/233 2848/1420/233 2847/1419/233
f 2795/1385/233 2787/1353/233 2845/1418/233 2848/1420/233
f 2778/1365/237 2796/1380/237 2850/1421/237 2849/1422/237
f 2796/1380/237 2790/1361/237 2851/1423/237 2850/1421/237
f 2790/1361/237 2766/1333/237 2852/1424/237 2851/1423/237
f 2766/1333/237 2778/1365/237 2849/1422/237 2852/1424/237
f 2765/1304/237 2789/1358/237 2854/1378/237 2853/1425/237
f 2789/1358/237 2796/1380/237 2855/1375/237 2854/1378/237
f 2796/1380/237 2778/1365/237 2856/1376/237 2855/1375/237
f 2778/1365/237 2765/1304/237 2853/1425/237 2856/1376/237
f 2789/1358/237 2758/1303/237 2858/1330/237 2857/1329/237
f 2758/1303/237 2782/1356/237 2859/1426/237 2858/1330/237
f 2782/1356/237 2796/1380/237 2860/1427/237 2859/1426/237
f 2796/1380/237 2789/1358/237 2857/1329/237 2860/1427/237
f 2818/1352/235 2819/1400/235 2884/1400/235 2882/1352/235
f 2805/1388/240 2806/1387/240 2869/1387/240 2870/1388/240
f 2860/1427/250 2857/1329/250 2921/1329/250 2923/1427/250
f 2819/1400/240 2820/1344/240 2883/1344/240 2884/1400/240
f 2808/1390/250 2805/1388/250 2870/1388/250 2871/1390/250
f 2858/1330/235 2859/1426/235 2924/1426/235 2922/1330/235
f 2845/1418/236 2846/1417/236 2909/1417/236 2910/1418/236
f 2806/1387/235 2807/1389/235 2872/1389/235 2869/1387/235
f 2859/1426/236 2860/1427/236 2923/1427/236 2924/1426/236
f 2848/1420/250 2845/1418/250 2910/1418/250 2911/1420/250
f 2807/1389/236 2808/1390/236 2871/1390/236 2872/1389/236
f 2846/1417/235 2847/1419/235 2912/1419/235 2909/1417/235
f 2833/1410/240 2834/1409/240 2897/1409/240 2898/1410/240
f 2847/1419/240 2848/1420/240 2911/1420/240 2912/1419/240
f 2836/1412/250 2833/1410/250 2898/1410/250 2899/1412/250
f 2834/1409/235 2835/1411/235 2900/1411/235 2897/1409/235
f 2821/1402/236 2822/1401/236 2886/1401/236 2885/1402/236
f 2835/1411/236 2836/1412/236 2899/1412/236 2900/1411/236
f 2824/1404/250 2821/1402/250 2885/1402/250 2887/1404/250
f 2822/1401/235 2823/1403/235 2888/1403/235 2886/1401/235
f 2809/1393/236 2810/1392/236 2873/1392/236 2874/1393/236
f 2823/1403/240 2824/1404/240 2887/1404/240 2888/1403/240
f 2812/1395/250 2809/1393/250 2874/1393/250 2875/1395/250
f 2849/1422/240 2850/1421/240 2913/1421/240 2914/1422/240
f 2810/1392/235 2811/1394/235 2876/1394/235 2873/1392/235
f 2797/1382/240 2798/1381/240 2861/1381/240 2862/1382/240
f 2852/1424/250 2849/1422/250 2914/1422/250 2915/1424/250
f 2811/1394/240 2812/1395/240 2875/1395/240 2876/1394/240
f 2800/1384/250 2797/1382/250 2862/1382/250 2863/1384/250
f 2850/1421/235 2851/1423/235 2916/1423/235 2913/1421/235
f 2837/1414/236 2838/1413/236 2901/1413/236 2902/1414/236
f 2798/1381/235 2799/1383/235 2864/1383/235 2861/1381/235
f 2851/1423/236 2852/1424/236 2915/1424/236 2916/1423/236
f 2840/1416/250 2837/1414/250 2902/1414/250 2903/1416/250
f 2799/1383/236 2800/1384/236 2863/1384/236 2864/1383/236
f 2838/1413/235 2839/1415/235 2904/1415/235 2901/1413/235
f 2825/1406/240 2826/1405/240 2889/1405/240 2890/1406/240
f 2839/1415/240 2840/1416/240 2903/1416/240 2904/1415/240
f 2828/1408/250 2825/1406/250 2890/1406/250 2891/1408/250
f 2826/1405/235 2827/1407/235 2892/1407/235 2889/1405/235
f 2813/1397/236 2814/1396/236 2877/1396/236 2878/1397/236
f 2827/1407/236 2828/1408/236 2891/1408/236 2892/1407/236
f 2816/1399/250 2813/1397/250 2878/1397/250 2879/1399/250
f 2853/1425/240 2854/1378/240 2918/1378/240 2917/1425/240
f 2814/1396/235 2815/1398/235 2880/1398/235 2877/1396/235
f 2801/1379/236 2802/1377/236 2865/1377/236 2866/1379/236
f 2856/1376/250 2853/1425/250 2917/1425/250 2919/1376/250
f 2815/1398/240 2816/1399/240 2879/1399/240 2880/1398/240
f 3001/1428/240 3003/1429/240 2998/1429/240 2999/1428/240
f 2930/1147/237 2926/1248/237 2927/1246/237 2931/1430/237
f 2927/1246/237 2365/1229/237 2932/1149/237 2931/1430/237
f 2934/1431/233 2925/1264/233 2928/1244/233 2935/1432/233
f 2928/1244/233 2373/1237/233 2936/1433/233 2935/1432/233
f 2341/1236/233 2925/1264/233 2934/1431/233 2937/1434/233
f 2341/1236/233 2937/1434/233 2936/1433/233 2373/1237/233
f 2935/1432/235 2936/1433/235 2945/1433/235 2942/1432/235
f 2934/1431/236 2935/1432/236 2942/1432/236 2943/1431/236
f 2931/1430/235 2932/1149/235 2941/1149/235 2938/1430/235
f 2936/1433/240 2937/1434/240 2944/1434/240 2945/1433/240
f 2930/1147/240 2931/1430/240 2938/1430/240 2939/1147/240
f 2937/1434/250 2934/1431/250 2943/1431/250 2944/1434/250
f 3003/1429/250 3007/1459/250 2996/1459/250 2998/1429/250
f 2344/1235/237 2361/1234/237 2995/1460/237 2994/1461/237
f 2361/1234/237 2927/1246/237 3005/1462/237 2995/1460/237
f 2925/1264/233 3003/1429/233 3001/1428/233 2928/1244/233
f 3007/1459/236 3006/1463/236 2997/1463/236 2996/1459/236
f 2926/1248/237 2344/1235/237 2994/1461/237 3004/1464/237
f 2340/1243/233 2369/1242/233 3006/1463/233 3007/1459/233
f 2369/1242/233 2928/1244/233 3001/1428/233 3006/1463/233
f 3005/1462/236 3004/1464/236 3000/1464/236 3002/1462/236
f 3004/1464/250 2994/1461/250 3008/1461/250 3000/1464/250
f 2925/1264/233 2340/1243/233 3007/1459/233 3003/1429/233
f 2926/1248/237 3004/1464/237 3005/1462/237 2927/1246/237
f 2994/1461/240 2995/1460/240 3009/1460/240 3008/1461/240
f 2995/1460/235 3005/1462/235 3002/1462/235 3009/1460/235
f 3006/1463/235 3001/1428/235 2999/1428/235 2997/1463/235
f 2734/1309/237 2772/1341/237 3131/1350/237 3130/1545/237
f 2772/1341/237 2771/1340/237 3132/1351/237 3131/1350/237
f 2771/1340/237 2733/1312/237 3133/1546/237 3132/1351/237
f 2733/1312/237 2734/1309/237 3130/1545/237 3133/1546/237
f 2736/1310/233 2776/1343/233 3135/1547/233 3134/1548/233
f 2776/1343/233 2775/1342/233 3136/1348/233 3135/1547/233
f 2775/1342/233 2735/1311/233 3137/1349/233 3136/1348/233
f 2735/1311/233 2736/1310/233 3134/1548/233 3137/1349/233
f 3130/1545/240 3131/1350/240 3138/1350/240 3139/1545/240
f 3137/1349/250 3134/1548/250 3143/1548/250 3144/1349/250
f 3132/1351/236 3133/1546/236 3140/1546/236 3141/1351/236
f 3133/1546/250 3130/1545/250 3139/1545/250 3140/1546/250
f 3135/1547/235 3136/1348/235 3145/1348/235 3142/1547/235
f 3134/1548/236 3135/1547/236 3142/1547/236 3143/1548/236
f 2933/1146/237 2345/1228/237 2926/1248/237 2930/1147/237
f 3147/1247/294 2929/841/294 2272/840/294 2484/840/294
f 3146/1251/235 2925/1264/235 2341/1236/235 2438/1236/235
f 2345/1228/237 2933/1146/237 2932/1149/237 2365/1229/237
f 3180/1549/240 3181/1550/240 3149/955/240 3148/1249/240
f 3182/1551/236 3183/1552/236 3151/966/236 3150/1250/236
f 3168/1553/240 3191/1554/240 3153/1252/240 3152/954/240
f 3170/1555/236 3189/1556/236 3155/1245/236 3154/965/236
f 3184/1557/240 3185/1558/240 3157/1226/240 3156/960/240
f 3186/1559/236 3187/1560/236 3159/1222/236 3158/963/236
f 3190/1561/240 3177/1562/240 3161/961/240 3160/1253/240
f 3188/1563/236 3179/1564/236 3163/964/236 3162/1218/236
f 3187/1560/236 3188/1563/236 3162/1218/236 3159/1222/236
f 3189/1556/236 3182/1551/236 3150/1250/236 3155/1245/236
f 3185/1558/240 3190/1561/240 3160/1253/240 3157/1226/240
f 3191/1554/240 3180/1549/240 3148/1249/240 3153/1252/240
f 3179/1564/236 3186/1559/236 3158/963/236 3163/964/236
f 3183/1552/236 3170/1555/236 3154/965/236 3151/966/236
f 3177/1562/240 3184/1557/240 3156/960/240 3161/961/240
f 3181/1550/240 3168/1553/240 3152/954/240 3149/955/240
f 2307/1565/348 2334/1566/348 3224/1566/348 3210/1565/348
f 3171/1567/349 2336/1568/349 3225/1568/349 3217/1567/349
f 2298/996/350 3203/995/350 3191/1554/350 3168/1553/350
f 2302/1000/351 3201/999/351 3189/1556/351 3170/1555/351
f 3178/1569/352 3175/1570/352 3211/1570/352 3216/1569/352
f 2279/1571/353 2307/1565/353 3210/1565/353 3223/1571/353
f 3202/1061/350 2296/1060/350 3177/1562/350 3190/1561/350
f 3200/1057/351 2300/1056/351 3179/1564/351 3188/1563/351
f 3169/1572/354 2329/1573/354 3227/1573/354 3219/1572/354
f 3175/1570/355 3174/1574/355 3215/1574/355 3211/1570/355
f 2283/1575/356 2303/1576/356 3208/1576/356 3222/1575/356
f 2281/1577/357 3167/1578/357 3213/1578/357 3221/1577/357
f 2300/1056/358 3198/1055/358 3186/1559/358 3179/1564/358
f 3195/1001/359 2302/1000/359 3170/1555/359 3183/1552/359
f 2296/1060/360 3196/1059/360 3184/1557/360 3177/1562/360
f 3193/997/361 2298/996/361 3168/1553/361 3181/1550/361
f 3164/1579/362 3165/1580/362 3181/1550/362 3180/1549/362
f 3166/1581/363 3167/1578/363 3183/1552/363 3182/1551/363
f 3172/1582/364 3173/1583/364 3185/1558/364 3184/1557/364
f 3174/1574/365 3175/1570/365 3187/1560/365 3186/1559/365
f 3175/1570/366 3178/1569/366 3188/1563/366 3187/1560/366
f 3171/1567/367 3166/1581/367 3182/1551/367 3189/1556/367
f 3173/1583/368 3176/1584/368 3190/1561/368 3185/1558/368
f 3169/1572/369 3164/1579/369 3180/1549/369 3191/1554/369
f 2285/1585/370 2306/1586/370 3192/994/370 3193/997/370
f 2281/1577/371 2308/1587/371 3194/998/371 3195/1001/371
f 2303/1576/372 2283/1575/372 3196/1059/372 3197/1062/372
f 2307/1565/373 2279/1571/373 3198/1055/373 3199/1058/373
f 2334/1566/374 2307/1565/374 3199/1058/374 3200/1057/374
f 2308/1587/375 2336/1568/375 3201/999/375 3194/998/375
f 2327/1588/376 2303/1576/376 3197/1062/376 3202/1061/376
f 2306/1586/377 2329/1573/377 3203/995/377 3192/994/377
f 3165/1580/378 2285/1585/378 3193/997/378 3181/1550/378
f 3167/1578/379 2281/1577/379 3195/1001/379 3183/1552/379
f 2329/1573/360 3169/1572/360 3191/1554/360 3203/995/360
f 2336/1568/358 3171/1567/358 3189/1556/358 3201/999/358
f 2283/1575/378 3172/1582/378 3184/1557/378 3196/1059/378
f 2279/1571/379 3174/1574/379 3186/1559/379 3198/1055/379
f 3176/1584/361 2327/1588/361 3202/1061/361 3190/1561/361
f 3178/1569/359 2334/1566/359 3200/1057/359 3188/1563/359
f 3166/1581/388 3171/1567/388 3217/1567/388 3206/1581/388
f 3172/1582/389 2283/1575/389 3222/1575/389 3214/1582/389
f 2336/1568/390 2308/1587/390 3207/1587/390 3225/1568/390
f 3176/1584/391 3173/1583/391 3209/1583/391 3218/1584/391
f 3174/1574/392 2279/1571/392 3223/1571/392 3215/1574/392
f 2303/1576/393 2327/1588/393 3226/1588/393 3208/1576/393
f 3164/1579/394 3169/1572/394 3219/1572/394 3204/1579/394
f 2327/1588/395 3176/1584/395 3218/1584/395 3226/1588/395
f 3165/1580/396 3164/1579/396 3204/1579/396 3212/1580/396
f 2329/1573/397 2306/1586/397 3205/1586/397 3227/1573/397
f 2306/1586/398 2285/1585/398 3220/1585/398 3205/1586/398
f 2334/1566/399 3178/1569/399 3216/1569/399 3224/1566/399
f 3167/1578/400 3166/1581/400 3206/1581/400 3213/1578/400
f 2285/1585/401 3165/1580/401 3212/1580/401 3220/1585/401
f 2308/1587/402 2281/1577/402 3221/1577/402 3207/1587/402
f 3173/1583/403 3172/1582/403 3214/1582/403 3209/1583/403
f 3315/1642/419 3314/1641/419 3317/1641/419 3318/1642/419
f 3314/1641/420 3316/1643/420 3319/1643/420 3317/1641/420
f 3316/1643/421 3322/1644/421 3320/1644/421 3319/1643/421
f 3322/1644/422 3323/1645/422 3321/1645/422 3320/1644/422
f 3323/1645/423 3324/1646/423 3325/1646/423 3321/1645/423
f 3324/1646/424 3291/1629/424 3326/1629/424 3325/1646/424
f 3534/1654/233 3341/1655/233 3342/1656/233 3343/1657/233
f 3343/1657/430 3342/1656/430 3864/1658/430 3345/1659/430
f 3348/1660/414 3345/1659/414 3864/1658/414 3865/1661/414
f 3828/1662/431 3270/1663/431 3273/1664/431 3848/1665/431
f 3247/1666/432 3250/1667/432 3840/1668/432 3836/1669/432 3861/1670/432
f 3347/1671/433 3355/1672/433 3348/1660/433 3865/1661/433
f 3354/1673/434 3353/1674/434 3352/1674/434 3356/1673/434
f 3353/1674/237 3354/1673/237 3355/1672/237 3347/1671/237
f 3350/1675/435 3354/1673/435 3356/1673/435 3351/1675/435
f 3354/1673/237 3350/1675/237 3349/1676/237 3355/1672/237
f 3355/1672/436 3349/1676/436 3824/1677/436 3348/1660/436
f 3359/1620/237 3358/1622/237 3335/1622/237 3286/1620/237
f 3360/1678/233 3362/1679/233 3363/1679/233 3361/1678/233
f 3362/1679/233 3364/1680/233 3366/1680/233 3363/1679/233
f 3364/1680/236 3362/1679/236 3359/1620/236 3365/1619/236
f 3364/1680/235 3365/1619/235 3281/1619/235 3366/1680/235
f 3413/1720/443 3412/1706/443 3417/1704/443 3414/1721/443
f 3240/1722/235 3413/1720/235 3414/1721/235 3416/1723/235
f 3415/1724/233 3414/1721/233 3418/1725/233 3420/1726/233
f 3416/1723/235 3414/1721/235 3415/1724/235 3481/1727/235
f 3414/1721/233 3417/1704/233 3419/1728/233 3418/1725/233
f 3418/1725/236 3419/1728/236 3422/1728/236 3421/1725/236
f 3420/1726/250 3418/1725/250 3421/1725/250 3423/1726/250
f 3419/1728/235 3433/1733/235 3432/1733/235 3422/1728/235
f 3433/1733/240 3420/1726/240 3423/1726/240 3432/1733/240
f 3417/1704/233 3434/1702/233 3433/1733/233 3419/1728/233
f 3434/1702/233 3415/1724/233 3420/1726/233 3433/1733/233
f 3434/1702/449 3417/1704/449 3390/1704/449 3387/1702/449
f 3435/1701/450 3434/1702/450 3387/1702/450 3385/1701/450
f 3415/1724/441 3434/1702/441 3435/1701/441 3437/1734/441
f 3436/1700/451 3435/1701/451 3385/1701/451 3483/1700/451
f 3437/1734/233 3435/1701/233 3436/1700/233 3439/1735/233
f 3441/889/235 3438/862/235 3437/1734/235 3439/1735/235 3440/1736/235
f 3481/1727/235 3415/1724/235 3437/1734/235 3438/862/235
f 3442/1685/439 3440/1737/439 3439/1735/439 3436/1700/439
f 3440/1737/236 3442/1685/236 3444/1683/236 3441/844/236
f 3444/1683/452 3442/1685/452 3443/1685/452 3367/1683/452
f 3442/1685/453 3436/1700/453 3483/1700/453 3443/1685/453
f 3445/1618/454 3444/1683/454 3367/1683/454 3282/1618/454
f 3441/844/236 3444/1683/236 3445/1618/236 3447/843/236
f 3446/1617/455 3445/1618/455 3282/1618/455 3278/1617/455
f 3447/843/236 3445/1618/236 3446/1617/236 3449/1738/236
f 3448/835/235 3438/862/235 3441/889/235 3447/869/235
f 3450/1739/235 3451/868/235 3448/835/235 3447/869/235 3449/1740/235
f 3449/971/410 3446/1616/410 3452/1615/410 3450/1741/410
f 3450/1741/237 3452/1615/237 3453/1742/237 3451/833/237
f 3452/1615/456 3446/1616/456 3278/1616/456 3454/1615/456
f 3453/1742/457 3452/1615/457 3454/1615/457 3455/1742/457
f 3457/1597/459 3453/1742/459 3455/1742/459 3456/1597/459
f 3458/1595/460 3457/1597/460 3456/1597/460 3251/1595/460
f 3457/1597/237 3458/1595/237 3462/1743/237 3460/1744/237
f 3451/833/408 3453/1742/408 3457/1597/408 3459/1745/408
f 3459/1745/237 3457/1597/237 3460/1744/237 3461/1746/237
f 3461/1746/240 3460/1744/240 3463/1744/240 3464/1746/240
f 3460/1744/235 3462/1743/235 3465/1743/235 3463/1744/235
f 3475/1751/250 3461/1746/250 3464/1746/250 3474/1751/250
f 3462/1743/236 3475/1751/236 3474/1751/236 3465/1743/236
f 3476/1752/237 3459/1745/237 3461/1746/237 3475/1751/237
f 3458/1595/237 3476/1752/237 3475/1751/237 3462/1743/237
f 3477/885/235 3479/834/235 3478/1753/235 3476/1754/235
f 3476/1752/404 3458/1595/404 3482/1594/404 3477/832/404
f 3476/1754/235 3478/1753/235 3480/1755/235 3459/1756/235
f 3479/834/235 3240/1722/235 3416/1723/235 3478/1753/235
f 3478/1753/235 3416/1723/235 3481/1727/235 3480/1755/235
f 3459/1756/235 3480/1755/235 3448/835/235 3451/868/235
f 3480/1755/235 3481/1727/235 3438/862/235 3448/835/235
f 3482/1594/461 3458/1595/461 3251/1595/461 3246/1594/461
f 3477/832/237 3482/1594/237 3750/1742/237 3749/833/237
f 3417/1704/463 3412/1706/463 3411/1706/463 3390/1704/463
f 3486/1757/424 3487/1758/424 3485/1758/424 3484/1757/424
f 3487/1758/468 3502/1767/468 3504/1767/468 3485/1758/468
f 3502/1767/469 3503/1768/469 3505/1768/469 3504/1767/469
f 3503/1768/470 3508/1769/470 3506/1769/470 3505/1768/470
f 3508/1769/471 3509/1770/471 3507/1770/471 3506/1769/471
f 3509/1770/474 3513/1771/474 3514/1771/474 3507/1770/474
f 3365/1619/237 3359/1620/237 3286/1620/237 3281/1619/237
f 3517/1772/236 3518/1772/236 3348/1660/236 3824/1677/236
f 3519/1773/236 3517/1772/236 3824/1677/236 3516/1774/236
f 3518/1772/233 3517/1772/233 3520/1772/233 3521/1772/233
f 3517/1772/250 3519/1773/250 3522/1773/250 3520/1772/250
f 3519/1773/237 3532/1779/237 3531/1779/237 3522/1773/237
f 3532/1779/235 3518/1772/235 3521/1772/235 3531/1779/235
f 3532/1779/236 3519/1773/236 3516/1774/236 3345/1659/236
f 3518/1772/236 3532/1779/236 3345/1659/236 3348/1660/236
f 3345/1659/475 3516/1774/475 3337/1780/475 3343/1657/475
f 3337/1780/250 3516/1047/250 3818/1047/250
f 3338/1781/233 3534/1654/233 3343/1657/233 3337/1780/233
f 3341/1655/434 3534/1654/434 3535/1654/434 3340/1655/434
f 3534/1654/435 3338/1781/435 3339/1781/435 3535/1654/435
f 3537/867/240 3541/1782/240 3540/1783/240 3536/878/240
f 3537/884/235 3536/875/235 3538/1722/235 3775/834/235
f 3539/1784/235 3722/1785/235 3723/1720/235 3538/1722/235 3536/875/235
f 3536/878/240 3540/1783/240 3542/1786/240 3539/1787/240
f 3540/1783/476 3541/1782/476 3547/1782/476 3543/1783/476
f 3542/1786/477 3540/1783/477 3543/1783/477 3546/1786/477
f 3541/1782/479 3781/1792/479 3548/1792/479 3547/1782/479
f 3593/1642/491 3592/1641/491 3595/1641/491 3596/1642/491
f 3592/1641/420 3594/1643/420 3597/1643/420 3595/1641/420
f 3594/1643/492 3599/1644/492 3598/1644/492 3597/1643/492
f 3602/1807/493 3603/1808/493 3601/1808/493 3600/1807/493
f 3603/1808/495 3622/1818/495 3623/1818/495 3601/1808/495
f 3622/1818/496 3593/1642/496 3596/1642/496 3623/1818/496
f 3627/1819/237 3628/1795/237 3626/1795/237 3625/1819/237
f 3358/1622/237 3627/1819/237 3625/1819/237 3335/1622/237
f 3632/1820/233 3630/1821/233 3631/1821/233 3817/1820/233
f 3634/1822/250 3635/1046/250 3821/1046/250
f 3636/1823/497 3635/1824/497 3634/1822/497 3653/1825/497
f 3638/1826/233 3637/1827/233 3635/1824/233 3636/1823/233
f 3637/1827/498 3638/1826/498 3641/1826/498 3639/1827/498
f 3638/1826/499 3643/1828/499 3642/1828/499 3641/1826/499
f 3340/1655/235 3642/1828/235 3643/1828/235 3341/1655/235
f 3643/1828/233 3638/1826/233 3636/1823/233 3644/1829/233
f 3341/1655/233 3643/1828/233 3644/1829/233 3342/1656/233
f 3342/1656/500 3644/1829/500 3645/1830/500 3864/1658/500
f 3644/1829/501 3636/1823/501 3653/1825/501 3645/1830/501
f 3826/1831/414 3358/1622/414 3359/1620/414 3362/1679/414 3360/1678/414 3646/1832/414 3820/1833/414 3640/1834/414
f 3865/1661/502 3868/1835/502 3649/1836/502 3347/1671/502
f 3651/1837/503 3649/1836/503 3868/1835/503 3650/1838/503
f 3868/1835/482 3645/1830/482 3653/1825/482 3650/1838/482
f 3671/1839/504 3651/1837/504 3650/1838/504 3652/1840/504
f 3654/1841/240 3655/1842/240 3652/1840/240 3650/1838/240
f 3656/1843/240 3654/1841/240 3650/1838/240 3653/1825/240
f 3655/1842/233 3654/1841/233 3657/1841/233 3658/1842/233
f 3654/1841/235 3656/1843/235 3659/1843/235 3657/1841/235
f 3656/1843/237 3669/1843/237 3668/1843/237 3659/1843/237
f 3669/1843/250 3655/1842/250 3658/1842/250 3668/1843/250
f 3669/1843/240 3656/1843/240 3653/1825/240 3634/1822/240
f 3655/1842/240 3669/1843/240 3634/1822/240 3652/1840/240
f 3671/1839/250 3652/1848/250 3670/1848/250
f 3672/1849/237 3673/1850/237 3651/1837/237 3671/1839/237
f 3673/1850/498 3672/1849/498 3674/1849/498 3675/1850/498
f 3677/1851/499 3673/1850/499 3675/1850/499 3676/1851/499
f 3673/1850/237 3677/1851/237 3649/1836/237 3651/1837/237
f 3721/1706/516 3720/1862/516 3718/1862/516 3719/1706/516
f 3720/1862/517 3542/1786/517 3546/1786/517 3718/1862/517
f 3720/1862/428 3722/1785/428 3539/1787/428 3542/1786/428
f 3722/1785/233 3720/1862/233 3721/1706/233 3723/1720/233
f 3723/1720/508 3721/1706/508 3727/1704/508 3724/1721/508
f 3538/1722/235 3723/1720/235 3724/1721/235 3726/1723/235
f 3725/1724/233 3724/1721/233 3728/1725/233 3730/1726/233
f 3726/1723/235 3724/1721/235 3725/1724/235 3777/1727/235
f 3724/1721/233 3727/1704/233 3729/1728/233 3728/1725/233
f 3728/1725/236 3729/1728/236 3732/1728/236 3731/1725/236
f 3730/1726/250 3728/1725/250 3731/1725/250 3733/1726/250
f 3729/1728/235 3743/1733/235 3742/1733/235 3732/1728/235
f 3743/1733/240 3730/1726/240 3733/1726/240 3742/1733/240
f 3727/1704/233 3744/1702/233 3743/1733/233 3729/1728/233
f 3744/1702/233 3725/1724/233 3730/1726/233 3743/1733/233
f 3744/1702/449 3727/1704/449 3687/1704/449 3684/1702/449
f 3745/1701/518 3744/1702/518 3684/1702/518 3682/1701/518
f 3725/1724/507 3744/1702/507 3745/1701/507 3746/1734/507
f 3777/1727/235 3725/1724/235 3746/1734/235 3747/862/235
f 3413/1720/233 3746/1734/233 3745/1701/233 3412/1706/233
f 3246/1594/460 3751/1742/460 3750/1742/460 3482/1594/460
f 3412/1706/449 3745/1701/449 3682/1701/449 3411/1706/449
f 3753/1597/519 3750/1742/519 3751/1742/519 3752/1597/519
f 3754/1595/460 3753/1597/460 3752/1597/460 3570/1595/460
f 3753/1597/237 3754/1595/237 3758/1743/237 3756/1744/237
f 3749/833/490 3750/1742/490 3753/1597/490 3755/1745/490
f 3755/1745/237 3753/1597/237 3756/1744/237 3757/1746/237
f 3757/1746/240 3756/1744/240 3759/1744/240 3760/1746/240
f 3756/1744/235 3758/1743/235 3761/1743/235 3759/1744/235
f 3771/1751/250 3757/1746/250 3760/1746/250 3770/1751/250
f 3758/1743/236 3771/1751/236 3770/1751/236 3761/1743/236
f 3772/1752/237 3755/1745/237 3757/1746/237 3771/1751/237
f 3754/1595/237 3772/1752/237 3771/1751/237 3758/1743/237
f 3773/885/235 3775/834/235 3774/1753/235 3772/1754/235
f 3772/1752/487 3754/1595/487 3779/1594/487 3773/832/487
f 3772/1754/235 3774/1753/235 3776/1755/235 3755/1756/235
f 3775/834/235 3538/1722/235 3726/1723/235 3774/1753/235
f 3774/1753/235 3726/1723/235 3777/1727/235 3776/1755/235
f 3755/1756/235 3776/1755/235 3748/835/235 3749/868/235
f 3776/1755/235 3777/1727/235 3747/862/235 3748/835/235
f 3782/1863/235 3537/884/235 3775/834/235 3773/885/235 3778/1864/235
f 3773/832/237 3779/1594/237 3780/1806/237 3778/1865/237
f 3779/1594/520 3754/1595/520 3570/1595/520 3567/1594/520
f 3780/1806/521 3779/1594/521 3567/1594/521 3565/1806/521
f 3781/1792/522 3780/1806/522 3565/1806/522 3548/1792/522
f 3781/1792/465 3782/1866/465 3778/1865/465 3780/1806/465
f 3782/1866/240 3781/1792/240 3541/1782/240 3537/867/240
f 3727/1704/523 3721/1706/523 3719/1706/523 3687/1704/523
f 3798/1876/525 3797/1875/525 3799/1875/525 3800/1876/525
f 3797/1875/493 3788/1873/493 3801/1873/493 3799/1875/493
f 3807/1770/250 3814/1771/250 3800/1876/250 3799/1875/250 3801/1873/250 3484/1757/250 3485/1758/250 3504/1767/250 3505/1768/250 3506/1769/250 3507/1770/250 3514/1771/250 3805/1768/250 3806/1769/250
f 3484/1757/526 3801/1873/526 3788/1873/526 3486/1757/526
f 3514/1771/527 3513/1771/527 3804/1768/527 3805/1768/527
f 3804/1768/528 3808/1769/528 3806/1769/528 3805/1768/528
f 3808/1769/471 3809/1770/471 3807/1770/471 3806/1769/471
f 3809/1770/530 3813/1771/530 3814/1771/530 3807/1770/530
f 3813/1771/531 3798/1876/531 3800/1876/531 3814/1771/531
f 3822/1790/233 3632/1820/233 3817/1820/233 3545/1790/233
f 3818/1047/250 3516/1877/250 3824/1878/250 3827/1879/250 3357/1880/250 3358/1881/250 3826/1882/250 3640/1883/250 3646/1884/250 3360/1885/250 3336/1886/250
f 3516/1887/532 3825/1888/532 3824/1889/532
f 3338/1781/233 3337/1780/233 3635/1824/233 3637/1827/233
f 3628/1795/482 3627/1819/482 3533/1890/482 3819/1891/482 3647/1892/482 3630/1821/482 3632/1820/482
f 3821/1893/250 3633/1894/250 3630/1895/250 3647/1046/250 3533/1896/250 3627/1897/250 3629/1898/250 3670/1899/250 3652/1900/250 3634/1822/250
f 3336/1886/250 3633/1894/250 3821/1893/250 3818/1047/250
f 3361/1678/233 3631/1821/233 3630/1821/233 3360/1678/233
f 3823/1791/240 3628/1795/240 3632/1820/240 3822/1790/240
f 3823/1791/235 3822/1790/235 3545/1790/235 3549/1791/235
f 3628/1795/237 3823/1791/237 3549/1791/237 3626/1795/237
f 3318/1642/533 3598/1644/533 3599/1644/533 3315/1642/533
f 3596/1642/250 3595/1641/250 3597/1643/250 3598/1644/250 3318/1642/250 3317/1641/250 3319/1643/250 3320/1644/250 3321/1645/250 3325/1646/250 3326/1629/250 3600/1807/250 3601/1808/250 3623/1818/250
f 3291/1629/534 3602/1807/534 3600/1807/534 3326/1629/534
f 3349/1676/237 3350/1675/237 3672/1849/237 3671/1839/237
f 3824/1677/250 3349/1193/250 3827/1193/250
f 3350/1675/250 3351/1675/250 3674/1849/250 3672/1849/250
f 3339/1781/250 3338/1781/250 3637/1827/250 3639/1827/250
f 3827/1879/250 3670/1899/250 3629/1898/250 3357/1880/250
f 3353/1674/235 3677/1851/235 3676/1851/235 3352/1674/235
f 3347/1671/237 3649/1836/237 3677/1851/237 3353/1674/237
f 3477/832/235 3749/833/235 3748/835/235 3479/834/235
f 3747/862/235 3240/1722/235 3479/834/235 3748/835/235
f 3747/862/235 3746/1734/235 3413/1720/235 3240/1722/235
f 3862/1901/535 3244/1902/535 3247/1666/535 3861/1670/535
f 3648/1903/233 3888/1903/233 3916/1903/233 3917/1903/233
f 3250/1667/536 3253/1904/536 3838/1905/536 3840/1668/536
f 3253/1904/537 3256/1906/537 3842/1907/537 3838/1905/537
f 3847/1908/538 3276/1909/538 3280/1910/538 3852/1911/538
f 3259/1912/539 3262/1913/539 3844/1914/539 3834/1915/539
f 3837/1916/431 3874/1917/431 3896/1917/431 3902/1916/431
f 3264/1918/540 3267/1919/540 3832/1920/540 3830/1921/540
f 3256/1906/541 3259/1912/541 3834/1915/541 3842/1907/541
f 3883/1922/250 3864/1658/250 3645/1830/250 3870/1923/250 3857/1924/250
f 3262/1913/542 3264/1918/542 3830/1921/542 3844/1914/542
f 3852/1911/543 3280/1910/543 3283/1925/543 3854/1926/543 3850/1927/543
f 3848/1665/544 3273/1664/544 3276/1909/544 3847/1908/544
f 3854/1926/545 3283/1925/545 3285/1928/545 3858/1929/545
f 3858/1929/546 3285/1928/546 3241/1930/546 3856/1931/546
f 3856/1932/547 3241/1933/547 3244/1902/547 3862/1901/547
f 3847/1950/548 3852/1951/548 3853/1952/548 3846/1953/548
f 3873/1954/549 3853/1952/549 3852/1951/549 3850/1955/549
f 3836/1956/550 3840/1957/550 3841/1958/550 3875/1959/550
f 3839/1960/551 3841/1958/551 3840/1957/551 3838/1961/551
f 3838/1961/552 3842/1962/552 3843/1963/552 3839/1960/552
f 3878/1964/553 3843/1963/553 3842/1962/553 3834/1965/553
f 3834/1965/554 3844/1966/554 3866/1967/554 3878/1964/554
f 3831/1968/555 3866/1967/555 3844/1966/555 3830/1969/555
f 3830/1969/556 3832/1970/556 3869/1971/556 3831/1968/556
f 3829/1972/557 3869/1971/557 3832/1970/557 3828/1973/557
f 3828/1973/558 3848/1974/558 3849/1975/558 3829/1972/558
f 3846/1953/559 3849/1975/559 3848/1974/559 3847/1950/559
f 3875/1959/550 3860/1976/550 3861/1977/550 3836/1956/550
f 3850/1955/549 3854/1978/549 3855/1979/549 3873/1980/549
f 3854/1978/560 3858/1981/560 3870/1923/560 3855/1979/560
f 3857/1924/561 3870/1923/561 3858/1981/561 3856/1982/561
f 3856/1982/562 3862/1983/562 3883/1922/562 3857/1924/562
f 3860/1976/563 3883/1922/563 3862/1983/563 3861/1977/563
f 3267/1919/564 3270/1663/564 3828/1662/564 3832/1920/564
f 3880/1984/536 3872/1985/536 3887/1985/536 3889/1984/536
f 3871/1986/541 3851/1987/541 3901/1987/541 3884/1986/541
f 3879/1988/432 3880/1984/432 3889/1984/432 3890/1988/432
f 3872/1985/537 3871/1986/537 3884/1986/537 3887/1985/537
f 3833/1989/535 3879/1988/535 3890/1988/535 3899/1989/535
f 3905/1990/565 3863/1991/565 3903/1991/565 3904/1990/565
f 3859/1992/566 3906/1993/566 3907/1993/566 3900/1992/566
f 3835/1994/545 3845/1995/545 3898/1995/545 3897/1994/545
f 3863/1991/564 3881/1996/564 3895/1996/564 3903/1991/564
f 3909/1997/567 3833/1989/567 3899/1989/567 3908/1997/567
f 3877/1998/543 3835/1994/543 3897/1994/543 3892/1998/543
f 3882/1999/539 3859/1992/539 3900/1992/539 3886/1999/539
f 3869/1971/250 3868/1835/250 3865/1661/250 3866/1967/250 3831/1968/250
f 3905/1990/250 3910/2000/250 3865/1661/250 3864/1658/250
f 3910/2000/250 3845/1995/250 3866/1967/250 3865/1661/250
f 3909/1997/250 3906/1993/250 3645/1830/250 3868/1835/250
f 3833/1989/250 3909/1997/250 3868/1835/250 3869/1971/250
f 3906/1993/250 3859/1992/250 3870/1923/250 3645/1830/250
f 3871/1986/250 3872/1985/250 3846/1953/250 3853/1952/250
f 3851/1987/250 3871/1986/250 3853/1952/250 3873/1980/250
f 3874/1917/250 3837/1916/250 3875/1959/250 3841/1958/250
f 3876/2001/250 3874/1917/250 3841/1958/250 3839/1960/250
f 3877/1998/250 3876/2001/250 3839/1960/250 3843/1963/250
f 3835/1994/250 3877/1998/250 3843/1963/250 3878/1964/250
f 3845/1995/250 3835/1994/250 3878/1964/250 3866/1967/250
f 3879/1988/250 3833/1989/250 3869/1971/250 3829/1972/250
f 3880/1984/250 3879/1988/250 3829/1972/250 3849/1975/250
f 3872/1985/250 3880/1984/250 3849/1975/250 3846/1953/250
f 3837/1916/250 3881/1996/250 3860/1976/250 3875/1959/250
f 3882/1999/250 3851/1987/250 3873/1980/250 3855/1979/250
f 3859/1992/250 3882/1999/250 3855/1979/250 3870/1923/250
f 3881/1996/250 3863/1991/250 3883/1922/250 3860/1976/250
f 3863/1991/250 3905/1990/250 3864/1658/250 3883/1922/250
f 3881/1996/431 3837/1916/431 3902/1916/431 3895/1996/431
f 3874/1917/544 3876/2001/544 3893/2001/544 3896/1917/544
f 3845/1995/568 3910/2000/568 3911/2000/568 3898/1995/568
f 3851/1987/541 3882/1999/541 3886/1999/541 3901/1987/541
f 3876/2001/538 3877/1998/538 3892/1998/538 3893/2001/538
f 3867/2002/569 3648/1903/569 3917/1903/569 3914/2002/569
f 3894/2003/570 3344/2004/570 3905/1990/570 3904/1990/570
f 3867/2002/571 3885/2005/571 3907/1993/571 3906/1993/571
f 3888/1903/571 3648/1903/571 3909/1997/571 3908/1997/571
f 3344/2004/572 3346/2006/572 3910/2000/572 3905/1990/572
f 3648/1903/571 3867/2002/571 3906/1993/571 3909/1997/571
f 3891/2007/570 3894/2003/570 3904/1990/570 3911/2000/570
f 3885/2005/573 3888/1903/573 3908/1997/573 3907/1993/573
f 3346/2006/570 3891/2007/570 3911/2000/570 3910/2000/570
f 3344/2004/237 3894/2003/237 3912/2003/237 3913/2004/237
f 3891/2007/233 3346/2006/233 3918/2006/233 3919/2007/233
f 3894/2003/574 3891/2007/574 3919/2007/574 3912/2003/574
f 3346/2006/575 3344/2004/575 3913/2004/575 3918/2006/575
f 3885/2005/237 3867/2002/237 3914/2002/237 3915/2005/237
f 3888/1903/576 3885/2005/576 3915/2005/576 3916/1903/576
usemtl M_Noir_Profond
f 2399/1042/250 2400/1043/250 2130/1044/250 2124/1045/250 2117/1046/250 2115/1047/250 2126/1048/250 2129/1049/250 2401/1050/250 2402/1051/250
f 2120/1162/250 2117/1046/250 2124/1045/250 2132/992/250 2133/993/250
f 2139/1133/250 2138/1134/250 2121/1161/250 2119/1192/250 2118/1166/250
f 2136/1022/250 2126/1048/250 2115/1047/250 2116/987/250 2141/988/250
f 2409/1119/250 2410/1187/250 2405/1188/250 2406/1137/250 2142/1138/250 2116/1163/250 2115/1047/250 2123/1193/250 2122/1075/250 2140/1076/250
f 2117/1046/250 2119/1192/250 2123/1193/250 2115/1047/250
f 2134/982/250 2135/983/250 2122/1075/250 2123/1193/250 2125/1135/250
f 2395/1078/250 2396/1124/250 2397/1123/250 2398/1040/250 2131/1041/250 2125/1135/250 2123/1193/250 2119/1192/250 2121/1161/250 2128/1077/250
f 2403/1184/250 2404/968/250 2407/967/250 2408/1194/250 2137/1178/250 2118/1177/250 2119/1192/250 2117/1046/250 2120/1164/250 2127/1165/250
f 2413/1249/240 2549/955/240 2550/831/240 2564/978/240 2563/960/240 2411/1226/240 2412/1223/240 2414/1224/240
f 2417/1250/236 2551/966/236 2552/1026/236 2566/837/236 2565/963/236 2415/1222/236 2416/1221/236 2418/1063/236
f 2432/1079/324 2558/847/324 2559/965/324 2433/1245/324 2434/1066/324 2430/1217/324 2427/1218/324 2568/964/324 2567/989/324 2428/991/324 2429/1018/324 2431/1021/324
f 2437/1239/233 2553/959/233 2554/879/233 2482/866/233 2481/920/233 2435/1240/233 2436/1243/233 3146/1251/233 2438/1236/233
f 2441/1231/237 2520/825/237 2519/842/237 3147/1247/237 2484/840/237 2483/975/237 2439/1232/237 2440/1235/237 2442/1228/237
f 2448/1150/325 2478/1152/325 2477/824/325 2449/1230/325 2450/1229/325 2446/1234/325 2443/1233/325 2518/976/325 2517/979/325 2444/981/325 2445/1010/325 2447/1013/325
f 2456/1156/326 2556/1158/326 2557/812/326 2457/1238/326 2458/1237/326 2454/1242/326 2451/1241/326 2562/919/326 2561/1023/326 2452/1025/326 2453/1006/326 2455/1009/326
f 2476/824/327 2477/824/327 2478/823/327 2475/822/327
f 2480/920/236 2481/920/236 2482/866/236 2479/866/236
f 2484/840/240 2485/840/240 2486/975/240 2483/977/240
f 2488/973/239 2489/972/239 2490/857/239 2487/860/239
f 2492/899/241 2493/898/241 2494/865/241 2491/910/241
f 2496/814/238 2497/895/238 2498/914/238 2495/880/238
f 2500/903/234 2501/902/234 2502/911/234 2499/913/234
f 2487/860/240 2503/960/240 2504/978/240 2488/1032/240
f 2506/825/237 2490/1034/237 2489/957/237 2505/842/237
f 2508/955/240 2492/1227/240 2491/910/240 2507/831/240
f 2493/918/233 2480/920/233 2479/866/233 2494/865/233
f 2510/966/236 2500/1225/236 2499/1031/236 2509/1026/236
f 2501/902/237 2486/977/237 2485/840/237 2502/911/237
f 2512/811/233 2496/814/233 2495/880/233 2511/879/233
f 2497/895/236 2513/963/236 2514/837/236 2498/1027/236
f 2516/951/328 2517/952/328 2518/976/328 2515/976/328
f 2520/825/236 2506/825/236 2505/842/236 2519/842/236
f 2522/894/238 2523/896/238 2524/853/238 2521/852/238
f 2526/901/234 2527/904/234 2528/817/234 2525/816/234
f 2530/897/241 2531/900/241 2532/907/241 2529/906/241
f 2534/1030/240 2532/907/240 2531/900/240 2533/956/240
f 2536/1038/233 2524/853/233 2523/813/233 2535/812/233
f 2538/872/240 2539/874/240 2540/962/240 2537/859/240
f 2521/852/236 2541/890/236 2542/964/236 2522/894/236
f 2544/846/236 2528/817/236 2527/904/236 2543/965/236
f 2529/906/233 2545/838/233 2546/919/233 2530/897/233
f 2548/953/239 2538/872/239 2537/859/239 2547/858/239
f 2525/816/237 2516/951/237 2515/976/237 2526/901/237
f 2475/822/237 2548/917/237 2547/1033/237 2476/824/237
f 2553/811/240 2512/959/240 2511/879/240 2554/879/240
f 2545/838/329 2561/839/329 2562/919/329 2546/919/329
f 2507/831/237 2550/831/237 2549/955/237 2508/955/237
f 2424/1068/330 2555/850/330 2534/849/330 2533/954/330 2626/954/330 3152/954/330 3153/1252/330 2425/1252/330 2426/1219/330 2422/1220/330 2419/1253/330 3160/1253/330 3161/962/330 2627/961/330 2540/961/330 2539/826/330 2560/984/330 2420/986/330 2421/1014/330 2423/1017/330
f 2556/1039/331 2536/1038/331 2535/812/331 2557/812/331
f 2564/978/233 2504/978/233 2503/960/233 2563/960/233
f 2513/963/237 2565/963/237 2566/837/237 2514/837/237
f 2568/964/332 2542/964/332 2541/890/332 2567/891/332
f 2551/966/233 2510/966/233 2509/1026/233 2552/1026/233
f 2558/847/333 2544/846/333 2543/965/333 2559/965/333
f 2430/1217/236 2416/1221/236 2415/1222/236 2427/1218/236
f 2433/1245/236 2417/1250/236 2418/1063/236 2434/1066/236
f 2422/1220/240 2412/1223/240 2411/1226/240 2419/1253/240
f 2425/1252/240 2413/1249/240 2414/1224/240 2426/1219/240
f 2570/1074/258 2571/1019/258 2572/990/258 2569/1053/258
f 2574/1168/258 2575/1080/258 2576/1020/258 2573/1073/258
f 2578/1071/257 2579/1015/257 2580/985/257 2577/1054/257
f 2582/1171/257 2583/1069/257 2584/1016/257 2581/1072/257
f 2467/1184/237 2585/1183/237 2586/968/237 2468/968/237
f 2579/1015/252 2421/1014/252 2420/986/252 2580/985/252
f 2583/1069/252 2424/1068/252 2423/1017/252 2584/1016/252
f 2471/967/237 2587/1136/237 2588/1194/237 2472/1185/237
f 2571/1019/253 2429/1018/253 2428/991/253 2572/990/253
f 2575/1080/253 2432/1079/253 2431/1021/253 2576/1020/253
f 2463/1042/334 2589/1042/334 2590/1043/334 2464/1043/334
f 2459/1078/261 2591/1078/261 2592/1124/261 2460/1124/261
f 2461/1123/335 2593/1123/335 2594/1040/335 2462/1040/335
f 2454/1242/233 2436/1243/233 2435/1240/233 2451/1241/233
f 2457/1238/233 2437/1239/233 2438/1236/233 2458/1237/233
f 2446/1234/237 2440/1235/237 2439/1232/237 2443/1233/237
f 2449/1230/237 2441/1231/237 2442/1228/237 2450/1229/237
f 2596/1153/266 2597/1011/266 2598/1140/266 2595/1139/266
f 2600/1141/266 2601/1142/266 2602/1155/266 2599/1154/266
f 2604/1159/267 2605/1007/267 2606/1144/267 2603/1143/267
f 2608/1169/267 2609/1170/267 2610/1008/267 2607/1160/267
f 2597/1011/251 2445/1010/251 2444/981/251 2598/980/251
f 2601/1151/251 2448/1150/251 2447/1013/251 2602/1012/251
f 2605/1007/254 2453/1006/254 2452/1025/254 2606/1024/254
f 2609/1157/254 2456/1156/254 2455/1009/254 2610/1008/254
f 2612/1051/281 2466/1051/281 2465/1050/281 2611/1050/281
f 2473/1119/233 2613/1119/233 2614/1187/233 2474/1189/233
f 2616/1137/233 2470/1137/233 2469/1188/233 2615/1188/233
f 2607/969/250 2586/968/250 2585/1184/250 2608/1195/250
f 2581/1125/272 2592/1124/272 2591/1078/272 2582/1198/272
f 2573/1073/273 2612/1051/273 2611/1050/273 2574/1168/273
f 2593/1123/273 2578/1126/273 2577/1174/273 2594/1173/273
f 2589/1042/272 2570/1074/272 2569/1175/272 2590/1043/272
f 2599/1196/250 2614/1189/250 2613/1119/250 2600/1120/250
f 2587/967/250 2604/970/250 2603/1186/250 2588/1185/250
f 2615/1188/250 2596/1197/250 2595/1190/250 2616/1137/250
f 2396/1256/340 2395/1078/340 2459/1078/340 2460/1256/340
f 2398/1257/341 2397/1123/341 2461/1123/341 2462/1257/341
f 2400/1258/340 2399/1042/340 2463/1042/340 2464/1258/340
f 2402/1259/341 2401/1050/341 2465/1050/341 2466/1259/341
f 2404/1260/250 2403/1184/250 2467/1184/250 2468/1260/250
f 2406/1261/250 2405/1188/250 2469/1188/250 2470/1261/250
f 2408/1262/250 2407/967/250 2471/967/250 2472/1262/250
f 2410/1263/250 2409/1119/250 2473/1119/250 2474/1263/250
f 2644/1274/235 2643/1275/235 2675/1275/235 2676/1274/235
f 2633/1276/233 2644/1274/233 2676/1274/233 2665/1276/233
f 2642/1277/235 2641/1278/235 2673/1278/235 2674/1277/235
f 2647/1279/233 2638/1280/233 2670/1280/233 2679/1279/233
f 2633/1276/240 2634/1281/240 2650/893/240 2649/1265/240
f 2635/1282/240 2636/1283/240 2652/1266/240 2651/809/240
f 2637/1284/236 2638/1280/236 2654/1268/236 2653/1267/236
f 2639/1285/236 2640/1286/236 2656/1270/236 2655/1269/236
f 2641/1278/240 2642/1277/240 2658/810/240 2657/1271/240
f 2643/1275/240 2644/1274/240 2660/915/240 2659/892/240
f 2645/1287/236 2646/1288/236 2662/819/236 2661/820/236
f 2647/1279/236 2648/1289/236 2664/1273/236 2663/1272/236
f 2646/1288/236 2639/1285/236 2655/1269/236 2662/819/236
f 2640/1286/236 2645/1287/236 2661/820/236 2656/1270/236
f 2648/1289/236 2637/1284/236 2653/1267/236 2664/1273/236
f 2638/1280/236 2647/1279/236 2663/1272/236 2654/1268/236
f 2644/1274/240 2633/1276/240 2649/1265/240 2660/915/240
f 2634/1281/240 2643/1275/240 2659/892/240 2650/893/240
f 2642/1277/240 2635/1282/240 2651/809/240 2658/810/240
f 2636/1283/240 2641/1278/240 2657/1271/240 2652/1266/240
f 2643/1275/237 2634/1281/237 2666/1281/237 2675/1275/237
f 2646/1288/235 2645/1287/235 2677/1287/235 2678/1288/235
f 2635/1282/233 2642/1277/233 2674/1277/233 2667/1282/233
f 2648/1289/235 2647/1279/235 2679/1279/235 2680/1289/235
f 2634/1281/250 2633/1276/250 2665/1276/250 2666/1281/250
f 2641/1278/237 2636/1283/237 2668/1283/237 2673/1278/237
f 2639/1285/237 2646/1288/237 2678/1288/237 2671/1285/237
f 2636/1283/250 2635/1282/250 2667/1282/250 2668/1283/250
f 2645/1287/233 2640/1286/233 2672/1286/233 2677/1287/233
f 2638/1280/250 2637/1284/250 2669/1284/250 2670/1280/250
f 2637/1284/237 2648/1289/237 2680/1289/237 2669/1284/237
f 2640/1286/250 2639/1285/250 2671/1285/250 2672/1286/250
f 2748/1300/235 2743/1301/235 2769/1301/235 2781/1302/235 2770/1300/235
f 2710/1303/237 2745/1304/237 2746/1305/237 2707/1306/237 2723/1296/237 2726/1299/237
f 2702/1307/237 2743/1301/237 2744/1308/237 2699/1309/237 2715/1290/237 2718/1293/237
f 2697/1310/233 2698/1311/233 2714/1005/233 2713/1145/233
f 2699/1309/237 2700/1312/237 2716/1291/237 2715/1290/237
f 2701/1313/237 2702/1307/237 2718/1293/237 2717/1292/237
f 2703/1314/233 2704/1315/233 2720/1294/233 2719/1004/233
f 2705/1316/233 2706/1317/233 2722/1003/233 2721/1295/233
f 2707/1306/237 2708/1318/237 2724/1297/237 2723/1296/237
f 2709/1319/237 2710/1303/237 2726/1299/237 2725/1298/237
f 2711/1320/233 2712/1321/233 2728/1148/233 2727/1002/233
f 2702/1307/250 2701/1313/250 2732/1313/250 2783/1322/250 2731/1307/250
f 2705/1316/240 2750/1323/240 2764/1323/240 2753/1316/240
f 2700/1312/235 2699/1309/235 2734/1309/235 2733/1312/235
f 2737/1324/236 2706/1317/236 2754/1317/236 2763/1324/236
f 2700/1312/237 2747/1325/237 2748/1300/237 2701/1313/237 2717/1292/237 2716/1291/237
f 2712/1321/233 2749/1326/233 2750/1323/233 2705/1316/233 2721/1295/233 2728/1148/233
f 2698/1311/233 2751/1327/233 2752/1328/233 2703/1314/233 2719/1004/233 2714/1005/233
f 2706/1317/233 2737/1324/233 2738/1331/233 2711/1320/233 2727/1002/233 2722/1003/233
f 2708/1318/237 2741/1332/237 2742/1333/237 2709/1319/237 2725/1298/237 2724/1297/237
f 2746/1334/250 2741/1335/250 2767/1335/250 2768/1334/250
f 2747/1325/240 2700/1312/240 2733/1312/240 2771/1325/240
f 2704/1315/233 2739/1336/233 2740/1337/233 2697/1310/233 2713/1145/233 2720/1294/233
f 2749/1326/233 2738/1331/233 2737/1338/233 2750/1339/233
f 2745/1304/237 2742/1333/237 2741/1335/237 2746/1334/237
f 2743/1301/237 2748/1300/237 2747/1340/237 2744/1341/237
f 2739/1336/233 2752/1328/233 2751/1342/233 2740/1343/233
f 2698/1311/235 2697/1310/235 2736/1310/235 2735/1311/235
f 2739/1336/240 2704/1315/240 2729/1315/240 2787/1353/240 2773/1336/240
f 2704/1315/250 2703/1314/250 2730/1314/250 2780/1354/250 2729/1315/250
f 2697/1310/240 2740/1337/240 2776/1337/240 2736/1310/240
f 2706/1317/235 2705/1316/235 2753/1316/235 2754/1317/235
f 2744/1341/250 2747/1340/250 2771/1340/250 2772/1341/250
f 2703/1314/236 2752/1328/236 2774/1328/236 2788/1355/236 2730/1314/236
f 2708/1318/235 2707/1306/235 2755/1306/235 2756/1318/235
f 2751/1327/236 2698/1311/236 2735/1311/236 2775/1327/236
f 2710/1303/250 2709/1319/250 2757/1319/250 2782/1356/250 2758/1303/250
f 2752/1328/235 2739/1336/235 2773/1336/235 2786/1357/235 2774/1328/235
f 2745/1304/236 2710/1303/236 2758/1303/236 2789/1358/236 2765/1304/236
f 2712/1321/250 2711/1320/250 2759/1320/250 2779/1359/250 2760/1321/250
f 2738/1331/235 2749/1326/235 2761/1326/235 2785/1360/235 2762/1331/235
f 2709/1319/240 2742/1333/240 2766/1333/240 2790/1361/240 2757/1319/240
f 2740/1343/250 2751/1342/250 2775/1342/250 2776/1343/250
f 2741/1332/240 2708/1318/240 2756/1318/240 2767/1332/240
f 2749/1326/240 2712/1321/240 2760/1321/240 2777/1362/240 2761/1326/240
f 2750/1339/250 2737/1338/250 2763/1338/250 2764/1339/250
f 2707/1306/236 2746/1305/236 2768/1305/236 2755/1306/236
f 2711/1320/236 2738/1331/236 2762/1331/236 2784/1363/236 2759/1320/236
f 2743/1301/236 2702/1307/236 2731/1307/236 2791/1364/236 2769/1301/236
f 2699/1309/236 2744/1308/236 2772/1308/236 2734/1309/236
f 2742/1333/235 2745/1304/235 2765/1304/235 2778/1365/235 2766/1333/235
f 2701/1313/240 2748/1300/240 2770/1300/240 2792/1366/240 2732/1313/240
f 2885/1402/233 2886/1401/233 2888/1403/233 2887/1404/233
f 2921/1329/237 2922/1330/237 2924/1426/237 2923/1427/237
f 2949/1435/235 2946/1436/235 2955/1436/235 2956/1435/235
f 2948/1437/240 2949/1435/240 2956/1435/240 2957/1437/240
f 2939/1147/237 2938/1430/237 2947/1438/237 2946/1436/237
f 2938/1430/237 2941/1149/237 2948/1437/237 2947/1438/237
f 2941/1149/237 2940/1146/237 2949/1435/237 2948/1437/237
f 2940/1146/237 2939/1147/237 2946/1436/237 2949/1435/237
f 2943/1431/233 2942/1432/233 2951/1439/233 2950/1440/233
f 2942/1432/233 2945/1433/233 2952/1441/233 2951/1439/233
f 2945/1433/233 2944/1434/233 2953/1442/233 2952/1441/233
f 2944/1434/233 2943/1431/233 2950/1440/233 2953/1442/233
f 2951/1439/250 2952/1441/250 2961/1441/250 2958/1439/250
f 2950/1440/240 2951/1439/240 2958/1439/240 2959/1440/240
f 2947/1438/250 2948/1437/250 2957/1437/250 2954/1438/250
f 2952/1441/236 2953/1442/236 2960/1442/236 2961/1441/236
f 2946/1436/236 2947/1438/236 2954/1438/236 2955/1436/236
f 2953/1442/235 2950/1440/235 2959/1440/235 2960/1442/235
f 2984/1451/240 2985/1452/240 2992/1452/240 2993/1451/240
f 2979/1453/235 2980/1454/235 2989/1454/235 2986/1453/235
f 2971/1443/237 2970/1444/237 2979/1453/237 2978/1455/237
f 2970/1444/237 2973/1447/237 2980/1454/237 2979/1453/237
f 2973/1447/237 2972/1448/237 2981/1456/237 2980/1454/237
f 2972/1448/237 2971/1443/237 2978/1455/237 2981/1456/237
f 2975/1450/233 2974/1449/233 2983/1457/233 2982/1458/233
f 2974/1449/233 2977/1445/233 2984/1451/233 2983/1457/233
f 2977/1445/233 2976/1446/233 2985/1452/233 2984/1451/233
f 2976/1446/233 2975/1450/233 2982/1458/233 2985/1452/233
f 2978/1455/240 2979/1453/240 2986/1453/240 2987/1455/240
f 2985/1452/250 2982/1458/250 2991/1458/250 2992/1452/250
f 2980/1454/236 2981/1456/236 2988/1456/236 2989/1454/236
f 2981/1456/250 2978/1455/250 2987/1455/250 2988/1456/250
f 2983/1457/235 2984/1451/235 2993/1451/235 2990/1457/235
f 2982/1458/236 2983/1457/236 2990/1457/236 2991/1458/236
f 3049/1465/233 3019/1466/233 3018/1467/233 3030/1468/233
f 2999/1428/233 2998/1429/233 3013/1469/233 3073/1470/233 3041/1471/233 3059/1472/233 3058/1473/233 3034/1474/233 3043/1475/233 3054/1476/233 3055/1477/233 3051/1478/233 3018/1479/233 3019/1480/233 3072/1481/233 3071/1482/233 3036/1483/233 3012/1484/233
f 2997/1463/233 2999/1428/233 3012/1484/233 3011/1485/233
f 3032/1486/237 3065/1487/237 3056/1488/237 3052/1489/237
f 2998/1429/233 2996/1459/233 3010/1490/233 3013/1469/233
f 3002/1462/237 3000/1464/237 3017/1491/237 3029/1492/237 3053/1493/237 3021/1494/237 3022/1495/237 3066/1496/237 3046/1497/237 3057/1498/237 3056/1488/237 3065/1487/237 3033/1499/237 3062/1500/237 3061/1501/237 3037/1502/237 3070/1503/237 3016/1504/237
f 3009/1460/237 3002/1462/237 3016/1504/237 3015/1505/237
f 3042/1506/233 3034/1474/233 3058/1473/233 3026/1507/233
f 3000/1464/237 3008/1461/237 3014/1508/237 3017/1491/237
f 3063/1509/237 3062/1510/237 3033/1511/237 3031/1512/237
f 3035/1513/233 3071/1514/233 3072/1515/233 3050/1516/233
f 3028/1517/237 3021/1494/237 3053/1493/237 3048/1518/237
f 3027/1519/233 3059/1520/233 3041/1471/233 3040/1521/233
f 3067/1522/237 3066/1496/237 3022/1495/237 3060/1523/237
f 3039/1524/233 3073/1525/233 3013/1469/233 3010/1490/233
f 3012/1484/233 3036/1483/233 3045/1526/233 3011/1485/233
f 3024/1527/237 3057/1498/237 3046/1497/237 3044/1528/237
f 3068/1529/237 3037/1530/237 3061/1531/237 3020/1532/237
f 3038/1533/237 3029/1534/237 3017/1491/237 3014/1508/237
f 3023/1535/233 3054/1476/233 3043/1475/233 3047/1536/233
f 2996/1459/233 2997/1463/233 3011/1485/233 3045/1526/233 3035/1513/233 3050/1537/233 3049/1465/233 3030/1468/233 3064/1538/233 3025/1539/233 3023/1535/233 3047/1536/233 3042/1506/233 3026/1507/233 3027/1540/233 3040/1521/233 3039/1524/233 3010/1490/233
f 3008/1461/237 3009/1460/237 3015/1505/237 3069/1541/237 3068/1529/237 3020/1542/237 3063/1509/237 3031/1543/237 3032/1486/237 3052/1489/237 3024/1527/237 3044/1528/237 3067/1522/237 3060/1523/237 3028/1517/237 3048/1518/237 3038/1544/237 3014/1508/237
f 3016/1504/237 3070/1503/237 3069/1541/237 3015/1505/237
f 3064/1538/233 3051/1478/233 3055/1477/233 3025/1539/233
f 3066/1496/235 3067/1522/235 3115/1522/235 3114/1496/235
f 3065/1487/235 3032/1486/235 3110/1486/235 3113/1487/235
f 3037/1530/235 3068/1529/235 3116/1529/235 3119/1530/235
f 3071/1514/235 3035/1513/235 3122/1513/235 3121/1514/235
f 3021/1494/235 3028/1517/235 3103/1517/235 3093/1494/235
f 3019/1466/235 3049/1465/235 3082/1465/235 3091/1466/235
f 3029/1534/235 3038/1533/235 3080/1533/235 3124/1534/235
f 3051/1478/235 3064/1538/235 3108/1538/235 3085/1478/235
f 3054/1476/235 3023/1535/235 3095/1535/235 3094/1476/235
f 3059/1520/235 3027/1519/235 3099/1519/235 3102/1520/235
f 3073/1525/235 3039/1524/235 3087/1524/235 3127/1525/235
f 3034/1474/235 3042/1506/235 3076/1506/235 3123/1474/235
f 3062/1510/235 3063/1509/235 3107/1509/235 3106/1510/235
f 3057/1498/235 3024/1527/235 3088/1527/235 3098/1498/235
f 3248/1592/404 3245/1593/404 3246/1594/404 3251/1595/404
f 3249/1596/237 3248/1592/237 3251/1595/237 3456/1597/237
f 3454/1615/411 3278/1616/411 3277/1609/411 3271/1608/411
f 3279/1611/412 3277/1612/412 3278/1617/412 3282/1618/412
f 3284/1613/413 3279/1611/413 3281/1619/413 3286/1620/413
f 3281/1619/236 3279/1611/236 3282/1618/236
f 3287/1621/414 3284/1613/414 3286/1620/414 3335/1622/414
f 3368/1681/413 3369/1682/413 3363/1679/413 3366/1680/413
f 3366/1680/236 3281/1619/236 3282/1618/236 3367/1683/236
f 3366/1680/236 3367/1683/236 3368/1681/236
f 3370/1684/437 3368/1681/437 3367/1683/437 3443/1685/437
f 3384/1696/442 3381/1697/442 3483/1700/442 3385/1701/442
f 3386/1698/441 3384/1696/441 3385/1701/441 3387/1702/441
f 3388/1703/233 3386/1698/233 3387/1702/233 3390/1704/233
f 3389/1705/443 3388/1703/443 3390/1704/443 3411/1706/443
f 3421/1725/233 3422/1728/233 3425/1729/233 3424/1730/233
f 3423/1726/233 3421/1725/233 3424/1730/233 3426/1731/233
f 3424/1730/236 3425/1729/236 3428/1729/236 3427/1730/236
f 3426/1731/250 3424/1730/250 3427/1730/250 3429/1731/250
f 3431/1732/240 3426/1731/240 3429/1731/240 3430/1732/240
f 3425/1729/235 3431/1732/235 3430/1732/235 3428/1729/235
f 3422/1728/233 3432/1733/233 3431/1732/233 3425/1729/233
f 3432/1733/233 3423/1726/233 3426/1731/233 3431/1732/233
f 3271/1608/458 3268/1604/458 3455/1742/458 3454/1615/458
f 3268/1604/408 3249/1596/408 3456/1597/408 3455/1742/408
f 3464/1746/237 3463/1744/237 3466/1747/237 3467/1748/237
f 3463/1744/237 3465/1743/237 3468/1749/237 3466/1747/237
f 3467/1748/240 3466/1747/240 3469/1747/240 3470/1748/240
f 3466/1747/235 3468/1749/235 3471/1749/235 3469/1747/235
f 3468/1749/236 3473/1750/236 3472/1750/236 3471/1749/236
f 3473/1750/250 3467/1748/250 3470/1748/250 3472/1750/250
f 3474/1751/237 3464/1746/237 3467/1748/237 3473/1750/237
f 3465/1743/237 3474/1751/237 3473/1750/237 3468/1749/237
f 3381/1697/462 3370/1684/462 3443/1685/462 3483/1700/462
f 3369/1682/414 3515/1687/414 3361/1678/414 3363/1679/414
f 3523/1775/236 3524/1776/236 3521/1772/236 3520/1772/236
f 3525/1777/236 3523/1775/236 3520/1772/236 3522/1773/236
f 3524/1776/233 3523/1775/233 3526/1775/233 3527/1776/233
f 3523/1775/250 3525/1777/250 3528/1777/250 3526/1775/250
f 3525/1777/237 3530/1778/237 3529/1778/237 3528/1777/237
f 3530/1778/235 3524/1776/235 3527/1776/235 3529/1778/235
f 3530/1778/236 3525/1777/236 3522/1773/236 3531/1779/236
f 3524/1776/236 3530/1778/236 3531/1779/236 3521/1772/236
f 3544/1788/478 3717/1789/478 3546/1786/478 3543/1783/478
f 3545/1790/240 3544/1788/240 3543/1783/240
f 3549/1791/240 3545/1790/240 3543/1783/240 3547/1782/240
f 3551/1793/480 3550/1794/480 3547/1782/480 3548/1792/480
f 3549/1791/240 3547/1782/240 3550/1794/240
f 3626/1795/481 3549/1791/481 3550/1794/481 3552/1796/481
f 3566/1593/485 3564/1803/485 3565/1806/485 3567/1594/485
f 3564/1803/486 3551/1793/486 3548/1792/486 3565/1806/486
f 3568/1592/487 3566/1593/487 3567/1594/487 3570/1595/487
f 3569/1596/237 3568/1592/237 3570/1595/237 3752/1597/237
f 3552/1796/482 3624/1798/482 3625/1819/482 3626/1795/482
f 3660/1844/240 3661/1845/240 3658/1842/240 3657/1841/240
f 3662/1846/240 3660/1844/240 3657/1841/240 3659/1843/240
f 3661/1845/233 3660/1844/233 3663/1844/233 3664/1845/233
f 3660/1844/235 3662/1846/235 3665/1846/235 3663/1844/235
f 3662/1846/237 3667/1847/237 3666/1847/237 3665/1846/237
f 3667/1847/250 3661/1845/250 3664/1845/250 3666/1847/250
f 3667/1847/240 3662/1846/240 3659/1843/240 3668/1843/240
f 3661/1845/240 3667/1847/240 3668/1843/240 3658/1842/240
f 3676/1851/237 3675/1850/237 3674/1849/237 3351/1675/237 3356/1673/237 3352/1674/237
f 3683/1698/507 3681/1696/507 3682/1701/507 3684/1702/507
f 3685/1703/233 3683/1698/233 3684/1702/233 3687/1704/233
f 3686/1705/508 3685/1703/508 3687/1704/508 3719/1706/508
f 3717/1789/514 3716/1861/514 3718/1862/514 3546/1786/514
f 3716/1861/515 3686/1705/515 3719/1706/515 3718/1862/515
f 3731/1725/233 3732/1728/233 3735/1729/233 3734/1730/233
f 3733/1726/233 3731/1725/233 3734/1730/233 3736/1731/233
f 3734/1730/236 3735/1729/236 3738/1729/236 3737/1730/236
f 3736/1731/250 3734/1730/250 3737/1730/250 3739/1731/250
f 3741/1732/240 3736/1731/240 3739/1731/240 3740/1732/240
f 3735/1729/235 3741/1732/235 3740/1732/235 3738/1729/235
f 3732/1728/233 3742/1733/233 3741/1732/233 3735/1729/233
f 3742/1733/233 3733/1726/233 3736/1731/233 3741/1732/233
f 3411/1706/233 3682/1701/233 3681/1696/233 3389/1705/233
f 3580/1604/490 3569/1596/490 3752/1597/490 3751/1742/490
f 3760/1746/237 3759/1744/237 3762/1747/237 3763/1748/237
f 3759/1744/237 3761/1743/237 3764/1749/237 3762/1747/237
f 3763/1748/240 3762/1747/240 3765/1747/240 3766/1748/240
f 3762/1747/235 3764/1749/235 3767/1749/235 3765/1747/235
f 3764/1749/236 3769/1750/236 3768/1750/236 3767/1749/236
f 3769/1750/250 3763/1748/250 3766/1748/250 3768/1750/250
f 3770/1751/237 3760/1746/237 3763/1748/237 3769/1750/237
f 3761/1743/237 3770/1751/237 3769/1750/237 3764/1749/237
f 3245/1593/237 3580/1604/237 3751/1742/237 3246/1594/237
f 3515/1687/250 3787/1868/250 3631/1821/250 3361/1678/250
f 3787/1868/482 3785/1867/482 3817/1820/482 3631/1821/482
f 3785/1867/481 3544/1788/481 3545/1790/481 3817/1820/481
f 3335/1622/250 3625/1819/250 3624/1798/250 3287/1621/250
f 3340/1655/233 3535/1654/233 3339/1781/233 3639/1827/233 3641/1826/233 3642/1828/233
f 3280/1934/250 3276/1935/250 3273/1936/250 3270/1937/250 3267/1938/250 3264/1939/250 3262/1940/250 3259/1941/250 3256/1942/250 3253/1943/250 3250/1944/250 3247/1945/250 3244/1946/250 3241/1947/250 3285/1948/250 3283/1949/250
f 3896/1917/250 3904/1990/250 3895/1996/250 3902/1916/250
f 3884/1986/250 3901/1987/250 3886/1999/250 3907/1993/250
f 3895/1996/250 3904/1990/250 3903/1991/250
f 3897/1994/250 3911/2000/250 3892/1998/250
f 3892/1998/250 3911/2000/250 3893/2001/250
f 3893/2001/250 3911/2000/250 3904/1990/250
f 3904/1990/250 3896/1917/250 3893/2001/250
f 3887/1985/250 3907/1993/250 3908/1997/250
f 3908/1997/250 3899/1989/250 3890/1988/250
f 3890/1988/250 3889/1984/250 3908/1997/250
f 3889/1984/250 3887/1985/250 3908/1997/250
f 3900/1992/250 3907/1993/250 3886/1999/250
f 3907/1993/250 3887/1985/250 3884/1986/250
f 3898/1995/250 3911/2000/250 3897/1994/250
usemtl M_Orange
f 2176/1086/250 2177/1089/250 2178/1118/250 2175/1094/250
f 2180/1121/250 2181/1122/250 2182/1092/250 2179/1087/250
f 2184/1102/250 2185/1103/250 2186/1204/250 2183/1203/250
f 2188/1082/250 2189/1093/250 2190/1206/250 2187/1083/250
f 2201/1085/250 2176/1086/250 2175/1094/250 2192/1095/250
f 2206/1215/250 2180/1121/250 2179/1087/250 2194/1088/250
f 2189/1093/250 2204/1213/250 2196/1208/250 2190/1206/250
f 2199/1211/250 2184/1102/250 2183/1203/250 2198/1210/250
f 2181/1122/250 2205/1214/250 2193/1091/250 2182/1092/250
f 2203/1081/250 2188/1082/250 2187/1083/250 2195/1084/250
f 2202/1090/250 2191/1117/250 2178/1118/250 2177/1089/250
f 2185/1103/250 2200/1212/250 2197/1209/250 2186/1204/250
f 2862/1382/237 2861/1381/237 2864/1383/237 2863/1384/237
f 2866/1379/233 2865/1377/233 2868/1372/233 2867/1373/233
f 2870/1388/237 2869/1387/237 2872/1389/237 2871/1390/237
f 2874/1393/233 2873/1392/233 2876/1394/233 2875/1395/233
f 2881/1345/233 2882/1352/233 2884/1400/233 2883/1344/233
f 2890/1406/237 2889/1405/237 2892/1407/237 2891/1408/237
f 2902/1414/233 2901/1413/233 2904/1415/233 2903/1416/233
f 2917/1425/237 2918/1378/237 2920/1375/237 2919/1376/237
f 3139/1545/237 3138/1350/237 3141/1351/237 3140/1546/237
f 3143/1548/233 3142/1547/233 3145/1348/233 3144/1349/233
f 3205/1586/380 3220/1585/380 3212/1580/380 3204/1579/380
f 3207/1587/381 3221/1577/381 3213/1578/381 3206/1581/381
f 3222/1575/382 3208/1576/382 3209/1583/382 3214/1582/382
f 3223/1571/383 3210/1565/383 3211/1570/383 3215/1574/383
f 3210/1565/384 3224/1566/384 3216/1569/384 3211/1570/384
f 3225/1568/385 3207/1587/385 3206/1581/385 3217/1567/385
f 3208/1576/386 3226/1588/386 3218/1584/386 3209/1583/386
f 3227/1573/387 3205/1586/387 3204/1579/387 3219/1572/387
f 3296/1625/250 3295/1624/250 3297/1628/250 3298/1630/250
f 3302/1632/250 3296/1625/250 3298/1630/250 3300/1631/250
f 3305/1634/250 3302/1632/250 3300/1631/250 3303/1633/250
f 3308/1636/250 3305/1634/250 3303/1633/250 3306/1635/250
f 3310/1638/250 3308/1636/250 3306/1635/250 3309/1637/250
f 3328/1639/250 3310/1638/250 3309/1637/250 3311/1640/250
f 3311/1640/250 3581/1633/250 3583/1634/250 3328/1639/250
f 3402/1712/250 3405/1714/250 3406/1715/250 3403/1716/250
f 3404/1713/250 3402/1712/250 3403/1716/250 3499/1717/250
f 3405/1714/250 3407/1718/250 3408/1719/250 3406/1715/250
f 3495/1763/250 3497/1765/250 3498/1766/250 3496/1760/250
f 3492/1761/250 3495/1763/250 3496/1760/250 3489/1759/250
f 3497/1765/250 3404/1713/250 3499/1717/250 3498/1766/250
f 3408/1719/250 3407/1718/250 3701/1713/250 3802/1717/250
f 3586/1636/250 3583/1634/250 3581/1633/250 3584/1635/250
f 3588/1638/250 3586/1636/250 3584/1635/250 3587/1637/250
f 3615/1639/250 3588/1638/250 3587/1637/250 3589/1640/250
f 3609/1811/250 3610/1813/250 3608/1810/250 3607/1809/250
f 3610/1813/250 3611/1814/250 3620/1815/250 3608/1810/250
f 3611/1814/250 3615/1639/250 3589/1640/250 3620/1815/250
f 3699/1712/250 3702/1714/250 3703/1715/250 3700/1716/250
f 3701/1713/250 3699/1712/250 3700/1716/250 3802/1717/250
f 3702/1714/250 3704/1718/250 3705/1719/250 3703/1715/250
f 3704/1718/250 3706/1852/250 3815/1853/250 3705/1719/250
f 3706/1852/250 3816/1856/250 3795/1874/250 3815/1853/250
f 3816/1856/250 3790/1870/250 3793/1872/250 3795/1874/250
f 3918/2006/572 3913/2004/572 3912/2003/572 3919/2007/572
f 3914/2002/571 3917/1903/571 3916/1903/571 3915/2005/571
usemtl M_Gris_Metal
f 2222/809/233 2257/810/233 2658/810/233 2651/809/233
f 2214/811/233 2243/812/233 2245/813/233 2232/814/233
f 2021/815/234 2251/816/234 2270/817/234 2023/818/234
f 2268/819/235 2264/820/235 2661/820/235 2662/819/235
f 2007/821/236 2249/822/236 2294/823/236 2043/821/236
f 2250/824/236 2210/825/236 2684/825/236 2685/824/236
f 2255/826/233 2008/827/233 2044/827/233 2295/828/233
f 2003/829/236 2153/830/236 2105/830/236 2036/829/236
f 2241/838/236 2003/829/236 2036/829/236 2287/839/236
f 2011/845/233 2266/846/233 2301/847/233 2051/845/233
f 2009/848/237 2258/849/237 2297/850/237 2047/848/237
f 2025/851/238 2267/852/238 2246/853/238 2027/854/238
f 2010/855/237 2157/856/237 2096/856/237 2048/855/237
f 2226/857/239 2253/858/239 2628/859/239 2617/860/239
f 2260/872/240 2013/873/240 2008/827/240 2255/874/240
f 2154/886/237 2009/848/237 2047/848/237 2092/886/237
f 2263/890/237 2010/855/237 2048/855/237 2299/891/237
f 2256/892/237 2219/893/237 2650/893/237 2659/892/237
f 2630/894/238 2623/895/238 2232/814/238 2245/896/238
f 2240/897/241 2229/898/241 2620/899/241 2625/900/241
f 2252/901/234 2237/902/234 2622/903/234 2631/904/234
f 2017/905/241 2239/906/241 2262/907/241 2019/908/241
f 2259/915/235 2256/892/235 2659/892/235 2660/915/235
f 2249/822/237 2007/821/237 2015/916/237 2254/917/237
f 2229/918/233 2240/897/233 2242/919/233 2212/920/233
f 2153/921/236 2173/922/236 2070/923/236 2105/921/236
f 2143/924/242 2144/925/242 2013/873/242 2015/926/242
f 2145/927/243 2146/928/243 2017/905/243 2019/908/243
f 2147/929/244 2148/930/244 2025/851/244 2027/854/244
f 2149/931/245 2150/932/245 2021/815/245 2023/818/245
f 2144/933/246 2151/934/246 2008/827/246 2013/873/246
f 2152/935/247 2143/936/247 2015/916/247 2007/821/247
f 2003/829/248 2017/905/248 2146/937/248 2153/830/248
f 2019/908/246 2009/848/246 2154/886/246 2145/938/246
f 2023/818/249 2011/845/249 2155/939/249 2149/940/249
f 2005/941/247 2021/815/247 2150/942/247 2156/943/247
f 2010/855/249 2025/851/249 2148/944/249 2157/856/249
f 2027/854/248 2004/945/248 2158/946/248 2147/947/248
f 2151/948/233 2162/949/233 2097/950/233 2098/948/233
f 2248/951/240 2005/941/240 2040/941/240 2291/952/240
f 2254/953/239 2015/926/239 2013/873/239 2260/872/239
f 2239/906/233 2017/905/233 2003/829/233 2241/838/233
f 2626/954/237 2619/955/237 3149/955/237 3152/956/237
f 2008/827/233 2151/934/233 2098/934/233 2044/827/233
f 2243/812/240 2214/959/240 2682/811/240 2687/812/240
f 2618/960/233 2627/961/233 3161/962/233 3156/960/233
f 2624/963/237 2629/964/237 3163/964/237 3158/963/237
f 2632/965/233 2621/966/233 3151/966/233 3154/965/233
f 2212/920/236 2242/919/236 2696/919/236 2689/920/236
f 2208/975/240 2247/976/240 2694/976/240 2691/977/240
f 2326/1014/252 2315/1015/252 2314/1016/252 2330/1017/252
f 2332/1018/253 2323/1019/253 2322/1020/253 2338/1021/253
f 2157/856/237 2160/1028/237 2095/1029/237 2096/856/237
f 2258/1030/240 2009/848/240 2019/908/240 2262/907/240
f 2155/939/233 2011/845/233 2051/845/233 2093/939/233
f 2267/852/236 2025/851/236 2010/855/236 2263/890/236
f 2158/946/240 2004/945/240 2039/945/240 2091/946/240
f 2251/816/237 2021/815/237 2005/941/237 2248/951/237
f 2210/825/237 2250/824/237 2253/1033/237 2226/1034/237
f 2005/941/240 2156/943/240 2114/943/240 2040/941/240
f 2156/1035/240 2172/1036/240 2089/1037/240 2114/1035/240
f 2266/846/236 2011/845/236 2023/818/236 2270/817/236
f 2004/945/240 2244/1038/240 2289/1039/240 2039/945/240
f 2152/935/236 2007/821/236 2043/821/236 2111/935/236
f 2244/1038/233 2004/945/233 2027/854/233 2246/853/233
f 2237/902/237 2252/901/237 2247/976/237 2208/977/237
f 3233/1063/237 3238/1064/237 3229/1065/237 2337/1066/237 2434/1066/237 2418/1063/237
f 2172/1036/233 2170/1067/233 2112/1067/233 2089/1036/233
f 2386/1071/257 2381/1072/257 2314/1016/257 2315/1015/257
f 2317/1042/250 2320/1051/250 2383/1073/250 2388/1074/250
f 2388/1074/258 2383/1073/258 2322/1020/258 2323/1019/258
f 2085/1081/236 2022/1082/236 2188/1082/236 2203/1081/236
f 2058/1083/240 2064/1084/240 2195/1084/240 2187/1083/240
f 2069/1085/237 2014/1086/237 2176/1086/237 2201/1085/237
f 2054/1087/236 2063/1088/236 2194/1088/236 2179/1087/236
f 2012/1089/240 2075/1090/240 2202/1090/240 2177/1089/240
f 2062/1091/237 2055/1092/237 2182/1092/237 2193/1091/237
f 2022/1082/234 2020/1093/234 2189/1093/234 2188/1082/234
f 2052/1094/233 2061/1095/233 2192/1095/233 2175/1094/233
f 2100/1096/237 2167/1096/237 2159/1097/237 2094/1098/237
f 2110/1099/234 2166/1099/234 2165/1100/234 2108/1101/234
f 2026/1102/238 2024/1103/238 2185/1103/238 2184/1102/238
f 2099/1104/239 2168/1105/239 2167/1096/239 2100/1096/239
f 2064/1084/237 2085/1081/237 2203/1081/237 2195/1084/237
f 2101/1106/238 2164/1107/238 2163/1108/238 2102/1108/238
f 2084/1109/236 2161/1110/236 2152/1111/236 2111/1111/236
f 2070/922/237 2173/922/237 2166/1099/237 2110/1099/237
f 2107/1112/237 2174/1113/237 2154/1114/237 2092/1114/237
f 2094/1115/240 2159/1097/240 2158/1116/240 2091/1116/240
f 2060/1117/236 2053/1118/236 2178/1118/236 2191/1117/236
f 2102/1108/259 2163/1108/259 2161/1110/259 2084/1110/259
f 2164/1107/260 2101/950/260 2097/950/260 2162/949/260
f 2108/1100/261 2165/1100/261 2174/1113/261 2107/1113/261
f 2018/1121/241 2016/1122/241 2181/1122/241 2180/1121/241
f 2309/1123/250 2312/1124/250 2381/1125/250 2386/1126/250
f 2095/1127/262 2160/1028/262 2168/1105/262 2099/1127/262
f 2112/1067/241 2170/1067/241 2169/1128/241 2103/1129/241
f 2104/1130/233 2171/1131/233 2155/939/233 2093/939/233
f 2171/1131/263 2104/1132/263 2103/1132/263 2169/1128/263
f 2312/1124/236 2309/1123/236 2397/1123/236 2396/1124/236
f 2320/1051/240 2317/1042/240 2399/1042/240 2402/1051/240
f 2052/1094/250 2053/1118/250 2144/1199/250 2143/1200/250
f 2054/1087/250 2055/1092/250 2146/1201/250 2145/1202/250
f 2056/1203/250 2057/1204/250 2148/944/250 2147/1205/250
f 2058/1083/250 2059/1206/250 2150/1207/250 2149/940/250
f 2053/1118/250 2060/1117/250 2151/948/250 2144/1199/250
f 2061/1095/250 2052/1094/250 2143/1200/250 2152/1111/250
f 2055/1092/250 2062/1091/250 2153/921/250 2146/1201/250
f 2063/1088/250 2054/1087/250 2145/1202/250 2154/1114/250
f 2064/1084/250 2058/1083/250 2149/940/250 2155/939/250
f 2059/1206/250 2065/1208/250 2156/1035/250 2150/1207/250
f 2057/1204/250 2066/1209/250 2157/856/250 2148/944/250
f 2067/1210/250 2056/1203/250 2147/1205/250 2158/1116/250
f 2072/1211/250 2067/1210/250 2158/1116/250 2159/1097/250
f 2066/1209/250 2079/1212/250 2160/1028/250 2157/856/250
f 2069/1085/250 2061/1095/250 2152/1111/250 2161/1110/250
f 2060/1117/250 2075/1090/250 2162/949/250 2151/948/250
f 2012/1089/250 2014/1086/250 2163/1108/250 2164/1107/250
f 2016/1122/250 2018/1121/250 2165/1100/250 2166/1099/250
f 2024/1103/250 2026/1102/250 2167/1096/250 2168/1105/250
f 2020/1093/250 2022/1082/250 2169/1128/250 2170/1067/250
f 2075/1090/250 2012/1089/250 2164/1107/250 2162/949/250
f 2014/1086/250 2069/1085/250 2161/1110/250 2163/1108/250
f 2022/1082/250 2085/1081/250 2171/1131/250 2169/1128/250
f 2065/1208/250 2041/1213/250 2172/1036/250 2156/1035/250
f 2041/1213/250 2020/1093/250 2170/1067/250 2172/1036/250
f 2062/1091/250 2071/1214/250 2173/922/250 2153/921/250
f 2071/1214/250 2016/1122/250 2166/1099/250 2173/922/250
f 2026/1102/250 2072/1211/250 2159/1097/250 2167/1096/250
f 2073/1215/250 2063/1088/250 2154/1114/250 2174/1113/250
f 2018/1121/250 2073/1215/250 2174/1113/250 2165/1100/250
f 2079/1212/250 2024/1103/250 2168/1105/250 2160/1028/250
f 2085/1081/250 2064/1084/250 2155/939/250 2171/1131/250
f 2065/1208/233 2059/1206/233 2190/1206/233 2196/1208/233
f 2041/1213/236 2065/1208/236 2196/1208/236 2204/1213/236
f 2066/1209/240 2057/1204/240 2186/1204/240 2197/1209/240
f 2020/1093/237 2041/1213/237 2204/1213/237 2189/1093/237
f 2056/1203/237 2067/1210/237 2198/1210/237 2183/1203/237
f 2071/1214/240 2062/1091/240 2193/1091/240 2205/1214/240
f 2067/1210/236 2072/1211/236 2199/1211/236 2198/1210/236
f 2016/1122/233 2071/1214/233 2205/1214/233 2181/1122/233
f 2079/1212/233 2066/1209/233 2197/1209/233 2200/1212/233
f 2053/1118/238 2052/1094/238 2175/1094/238 2178/1118/238
f 2072/1211/233 2026/1102/233 2184/1102/233 2199/1211/233
f 2061/1095/240 2069/1085/240 2201/1085/240 2192/1095/240
f 2055/1092/234 2054/1087/234 2179/1087/234 2182/1092/234
f 2063/1088/233 2073/1215/233 2206/1215/233 2194/1088/233
f 2075/1090/237 2060/1117/237 2191/1117/237 2202/1090/237
f 2057/1204/239 2056/1203/239 2183/1203/239 2186/1204/239
f 2073/1215/281 2018/1121/281 2180/1121/281 2206/1215/281
f 2014/1086/239 2012/1089/239 2177/1089/239 2176/1086/239
f 2059/1206/241 2058/1083/241 2187/1083/241 2190/1206/241
f 2024/1103/261 2079/1212/261 2200/1212/261 2185/1103/261
f 3228/1216/236 2333/1217/236 2337/1066/236 3229/1065/236
f 2684/825/235 2210/825/235 2506/825/235 2520/825/235
f 2337/1066/282 2333/1217/282 2430/1217/282 2434/1066/282
f 2332/1018/283 2338/1021/283 2431/1021/283 2429/1018/283
f 2694/976/284 2247/976/284 2515/976/284 2518/976/284
f 2248/951/287 2291/952/287 2517/952/287 2516/951/287
f 3234/1219/288 3235/1220/288 2422/1220/288 2426/1219/288
f 2326/1014/289 2330/1017/289 2423/1017/289 2421/1014/289
f 2320/1051/292 2402/1051/292 2466/1051/292 2612/1051/292
f 2623/895/235 2624/963/235 2513/963/235 2497/895/235
f 3232/1221/235 3233/1063/235 2418/1063/235 2416/1221/235
f 2214/811/235 2232/814/235 2496/814/235 2512/811/235
f 2237/902/235 2208/977/235 2486/977/235 2501/902/235
f 2304/1223/235 2305/1224/235 2414/1224/235 2412/1223/235
f 2621/966/235 2622/1225/235 2500/1225/235 2510/966/235
f 2632/965/296 3154/965/296 2559/965/296 2543/965/296
f 2301/847/297 2266/846/297 2544/846/297 2558/847/297
f 2229/918/235 2212/920/235 2480/920/235 2493/918/235
f 3151/966/235 2621/966/235 2510/966/235 2551/966/235
f 2619/955/235 2620/1227/235 2492/1227/235 2508/955/235
f 2263/890/298 2299/891/298 2567/891/298 2541/890/298
f 3163/964/299 2629/964/299 2542/964/299 2568/964/299
f 2210/825/235 2226/1034/235 2490/1034/235 2506/825/235
f 2624/963/235 3158/963/235 2565/963/235 2513/963/235
f 2618/960/235 3156/960/235 2563/960/235 2503/960/235
f 2617/860/235 2618/960/235 2503/960/235 2487/860/235
f 2243/812/301 2687/812/301 2557/812/301 2535/812/301
f 2622/903/235 2237/902/235 2501/902/235 2500/903/235
f 2289/1039/302 2244/1038/302 2536/1038/302 2556/1039/302
f 2297/850/304 2258/849/304 2534/849/304 2555/850/304
f 3149/955/235 2619/955/235 2508/955/235 2549/955/235
f 2232/814/235 2623/895/235 2497/895/235 2496/814/235
f 2696/919/305 2242/919/305 2546/919/305 2562/919/305
f 2241/838/307 2287/839/307 2561/839/307 2545/838/307
f 2620/899/235 2229/898/235 2493/898/235 2492/899/235
f 2255/826/308 2295/828/308 2560/828/308 2539/826/308
f 2226/857/235 2617/860/235 2487/860/235 2490/857/235
f 2682/811/235 2214/959/235 2512/959/235 2553/811/235
f 2208/975/235 2691/977/235 2483/977/235 2486/975/235
f 2212/920/235 2689/920/235 2481/920/235 2480/920/235
f 2294/823/323 2249/822/323 2475/822/323 2478/823/323
f 2381/1125/336 2312/1124/336 2592/1124/336 2581/1125/336
f 2630/894/250 2245/896/250 2523/896/250 2522/894/250
f 2304/1223/240 3230/1254/240 3231/1255/240 2305/1224/240
f 2383/1073/338 2320/1051/338 2612/1051/338 2573/1073/338
f 2246/853/235 2267/852/235 2521/852/235 2524/853/235
f 2309/1123/338 2386/1126/338 2578/1126/338 2593/1123/338
f 2252/901/250 2631/904/250 2527/904/250 2526/901/250
f 2317/1042/336 2388/1074/336 2570/1074/336 2589/1042/336
f 2270/817/235 2251/816/235 2525/816/235 2528/817/235
f 2388/1074/233 2323/1019/233 2571/1019/233 2570/1074/233
f 2240/897/250 2625/900/250 2531/900/250 2530/897/250
f 2262/907/235 2239/906/235 2529/906/235 2532/907/235
f 2258/1030/235 2262/907/235 2532/907/235 2534/1030/235
f 2322/1020/237 2383/1073/237 2573/1073/237 2576/1020/237
f 2625/900/250 2626/956/250 2533/956/250 2531/900/250
f 2386/1071/237 2315/1015/237 2579/1015/237 2578/1071/237
f 2244/1038/235 2246/853/235 2524/853/235 2536/1038/235
f 2245/813/250 2243/812/250 2535/812/250 2523/813/250
f 2260/872/235 2255/874/235 2539/874/235 2538/872/235
f 2627/962/250 2628/859/250 2537/859/250 2540/962/250
f 2314/1016/233 2381/1072/233 2581/1072/233 2584/1016/233
f 2267/852/235 2263/890/235 2541/890/235 2521/852/235
f 2629/964/250 2630/894/250 2522/894/250 2542/964/250
f 2315/1015/237 2326/1014/237 2421/1014/237 2579/1015/237
f 2266/846/235 2270/817/235 2528/817/235 2544/846/235
f 2631/904/250 2632/965/250 2543/965/250 2527/904/250
f 2239/906/235 2241/838/235 2545/838/235 2529/906/235
f 2330/1017/233 2314/1016/233 2584/1016/233 2423/1017/233
f 2242/919/250 2240/897/250 2530/897/250 2546/919/250
f 2254/953/235 2260/872/235 2538/872/235 2548/953/235
f 2323/1019/233 2332/1018/233 2429/1018/233 2571/1019/233
f 2628/859/250 2253/858/250 2547/858/250 2537/859/250
f 2251/816/235 2248/951/235 2516/951/235 2525/816/235
f 2247/976/250 2252/901/250 2526/901/250 2515/976/250
f 2338/1021/237 2322/1020/237 2576/1020/237 2431/1021/237
f 2249/822/235 2254/917/235 2548/917/235 2475/822/235
f 2399/1042/342 2317/1042/342 2589/1042/342 2463/1042/342
f 2253/1033/250 2250/824/250 2476/824/250 2547/1033/250
f 2312/1124/268 2396/1124/268 2460/1124/268 2592/1124/268
f 2397/1123/343 2309/1123/343 2593/1123/343 2461/1123/343
f 2250/824/344 2685/824/344 2477/824/344 2476/824/344
f 2223/1265/240 2219/893/240 2618/960/240 2617/860/240
f 2222/809/240 2228/1266/240 2620/1227/240 2619/955/240
f 2218/1267/236 2236/1268/236 2622/1225/236 2621/966/236
f 2233/1269/236 2215/1270/236 2624/963/236 2623/895/236
f 2261/1271/240 2257/810/240 2626/956/240 2625/900/240
f 2256/892/240 2259/915/240 2628/859/240 2627/962/240
f 2264/820/236 2268/819/236 2630/894/236 2629/964/236
f 2269/1272/236 2265/1273/236 2632/965/236 2631/904/236
f 2268/819/236 2233/1269/236 2623/895/236 2630/894/236
f 2215/1270/236 2264/820/236 2629/964/236 2624/963/236
f 2265/1273/236 2218/1267/236 2621/966/236 2632/965/236
f 2236/1268/236 2269/1272/236 2631/904/236 2622/1225/236
f 2259/915/240 2223/1265/240 2617/860/240 2628/859/240
f 2219/893/240 2256/892/240 2627/962/240 2618/960/240
f 2257/810/240 2222/809/240 2619/955/240 2626/956/240
f 2228/1266/240 2261/1271/240 2625/900/240 2620/1227/240
f 2265/1273/235 2269/1272/235 2663/1272/235 2664/1273/235
f 2219/893/250 2223/1265/250 2649/1265/250 2650/893/250
f 2261/1271/237 2228/1266/237 2652/1266/237 2657/1271/237
f 2233/1269/237 2268/819/237 2662/819/237 2655/1269/237
f 2228/1266/250 2222/809/250 2651/809/250 2652/1266/250
f 2264/820/233 2215/1270/233 2656/1270/233 2661/820/233
f 2236/1268/250 2218/1267/250 2653/1267/250 2654/1268/250
f 2218/1267/237 2265/1273/237 2664/1273/237 2653/1267/237
f 2215/1270/250 2233/1269/250 2655/1269/250 2656/1270/250
f 2269/1272/233 2236/1268/233 2654/1268/233 2663/1272/233
f 2257/810/235 2261/1271/235 2657/1271/235 2658/810/235
f 2223/1265/233 2259/915/233 2660/915/233 2649/1265/233
f 2962/1443/240 2963/1444/240 2970/1444/240 2971/1443/240
f 2968/1445/240 2969/1446/240 2976/1446/240 2977/1445/240
f 2955/1436/237 2954/1438/237 2963/1444/237 2962/1443/237
f 2954/1438/237 2957/1437/237 2964/1447/237 2963/1444/237
f 2957/1437/237 2956/1435/237 2965/1448/237 2964/1447/237
f 2956/1435/237 2955/1436/237 2962/1443/237 2965/1448/237
f 2959/1440/233 2958/1439/233 2967/1449/233 2966/1450/233
f 2958/1439/233 2961/1441/233 2968/1445/233 2967/1449/233
f 2961/1441/233 2960/1442/233 2969/1446/233 2968/1445/233
f 2960/1442/233 2959/1440/233 2966/1450/233 2969/1446/233
f 2969/1446/250 2966/1450/250 2975/1450/250 2976/1446/250
f 2964/1447/236 2965/1448/236 2972/1448/236 2973/1447/236
f 2965/1448/250 2962/1443/250 2971/1443/250 2972/1448/250
f 2967/1449/235 2968/1445/235 2977/1445/235 2974/1449/235
f 2966/1450/236 2967/1449/236 2974/1449/236 2975/1450/236
f 2963/1444/235 2964/1447/235 2973/1447/235 2970/1444/235
f 3049/1465/240 3050/1537/240 3083/1537/240 3082/1465/240
f 3070/1503/240 3037/1502/240 3119/1502/240 3118/1503/240
f 3038/1544/236 3048/1518/236 3081/1518/236 3080/1544/236
f 3069/1541/250 3070/1503/250 3118/1503/250 3117/1541/250
f 3045/1526/250 3036/1483/250 3120/1483/250 3129/1526/250
f 3040/1521/250 3041/1471/250 3079/1471/250 3078/1521/250
f 3068/1529/236 3069/1541/236 3117/1541/236 3116/1529/236
f 3035/1513/240 3045/1526/240 3129/1526/240 3122/1513/240
f 3042/1506/240 3047/1536/240 3077/1536/240 3076/1506/240
f 3046/1497/240 3066/1496/240 3114/1496/240 3075/1497/240
f 3044/1528/250 3046/1497/250 3075/1497/250 3074/1528/250
f 3023/1535/240 3025/1539/240 3128/1539/240 3095/1535/240
f 3089/1489/346 3097/1488/346 3098/1498/346 3088/1527/346
f 3128/1539/347 3096/1477/347 3094/1476/347 3095/1535/347
f 3100/1507/347 3101/1473/347 3102/1520/347 3099/1519/347
f 3104/1523/346 3092/1495/346 3093/1494/346 3103/1517/346
f 3126/1532/346 3105/1531/346 3106/1510/346 3107/1509/346
f 3083/1516/347 3125/1515/347 3091/1466/347 3082/1465/347
f 3109/1468/347 3084/1467/347 3085/1478/347 3108/1538/347
f 3111/1512/346 3112/1511/346 3113/1487/346 3110/1486/346
f 3081/1518/346 3090/1493/346 3124/1534/346 3080/1533/346
f 3078/1521/347 3079/1471/347 3127/1525/347 3087/1524/347
f 3077/1536/347 3086/1475/347 3123/1474/347 3076/1506/347
f 3074/1528/346 3075/1497/346 3114/1496/346 3115/1522/346
f 3117/1541/346 3118/1503/346 3119/1530/346 3116/1529/346
f 3129/1526/347 3120/1483/347 3121/1514/347 3122/1513/347
f 3018/1479/236 3051/1478/236 3085/1478/236 3084/1479/236
f 3036/1483/236 3071/1482/236 3121/1482/236 3120/1483/236
f 3047/1536/250 3043/1475/250 3086/1475/250 3077/1536/250
f 3039/1524/240 3040/1521/240 3078/1521/240 3087/1524/240
f 3024/1527/236 3052/1489/236 3089/1489/236 3088/1527/236
f 3060/1523/250 3022/1495/250 3092/1495/250 3104/1523/250
f 3048/1518/250 3053/1493/250 3090/1493/250 3081/1518/250
f 3043/1475/236 3034/1474/236 3123/1474/236 3086/1475/236
f 3022/1495/240 3021/1494/240 3093/1494/240 3092/1495/240
f 3030/1468/250 3018/1467/250 3084/1467/250 3109/1468/250
f 3055/1477/236 3054/1476/236 3094/1476/236 3096/1477/236
f 3072/1481/236 3019/1480/236 3091/1480/236 3125/1481/236
f 3056/1488/240 3057/1498/240 3098/1498/240 3097/1488/240
f 3020/1532/250 3061/1531/250 3105/1531/250 3126/1532/250
f 3027/1540/240 3026/1507/240 3100/1507/240 3099/1540/240
f 3053/1493/240 3029/1492/240 3124/1492/240 3090/1493/240
f 3026/1507/250 3058/1473/250 3101/1473/250 3100/1507/250
f 3050/1516/250 3072/1515/250 3125/1515/250 3083/1516/250
f 3058/1473/236 3059/1472/236 3102/1472/236 3101/1473/236
f 3063/1509/236 3020/1542/236 3126/1542/236 3107/1509/236
f 3028/1517/236 3060/1523/236 3104/1523/236 3103/1517/236
f 3067/1522/236 3044/1528/236 3074/1528/236 3115/1522/236
f 3061/1501/240 3062/1500/240 3106/1500/240 3105/1501/240
f 3041/1471/236 3073/1470/236 3127/1470/236 3079/1471/236
f 3064/1538/240 3030/1468/240 3109/1468/240 3108/1538/240
f 3025/1539/250 3055/1477/250 3096/1477/250 3128/1539/250
f 3032/1486/236 3031/1543/236 3111/1543/236 3110/1486/236
f 3031/1512/250 3033/1511/250 3112/1511/250 3111/1512/250
f 3052/1489/250 3056/1488/250 3097/1488/250 3089/1489/250
f 3033/1499/240 3065/1487/240 3113/1487/240 3112/1499/240
f 2305/1224/233 3231/1255/233 3237/1589/233 3234/1219/233 2426/1219/233 2414/1224/233
f 3235/1220/237 3236/1590/237 3230/1254/237 2304/1223/237 2412/1223/237 2422/1220/237
f 3236/1590/240 3237/1589/240 3231/1255/240 3230/1254/240
f 3228/1216/236 3229/1065/236 3238/1064/236 3239/1591/236
f 2333/1217/233 3228/1216/233 3239/1591/233 3232/1221/233 2416/1221/233 2430/1217/233
f 3232/1221/236 3239/1591/236 3238/1064/236 3233/1063/236
f 3234/1219/240 3237/1589/240 3236/1590/240 3235/1220/240
f 3252/1592/235 3243/1593/235 3245/1593/235 3248/1592/235
f 3254/1596/235 3252/1592/235 3248/1592/235 3249/1596/235
f 3254/1596/237 3258/1598/237 3255/1599/237 3252/1592/237
f 3252/1592/404 3255/1599/404 3242/1600/404 3243/1593/404
f 3260/1601/405 3257/1602/405 3255/1599/405 3258/1598/405
f 3257/1602/406 3330/1602/406 3242/1600/406 3255/1599/406
f 3263/1601/407 3260/1601/407 3258/1598/407 3261/1603/407
f 3266/1604/408 3261/1603/408 3258/1598/408 3254/1596/408
f 3334/1605/409 3263/1606/409 3261/1603/409 3265/1607/409
f 3269/1608/237 3265/1607/237 3261/1603/237 3266/1604/237
f 3266/1604/235 3254/1596/235 3249/1596/235 3268/1604/235
f 3269/1608/235 3266/1604/235 3268/1604/235 3271/1608/235
f 3272/1609/235 3269/1608/235 3271/1608/235 3277/1609/235
f 3272/1609/410 3275/1610/410 3265/1607/410 3269/1608/410
f 3274/1611/235 3272/1612/235 3277/1612/235 3279/1611/235
f 3274/1611/236 3288/1613/236 3275/1614/236 3272/1612/236
f 3288/1613/233 3274/1611/233 3279/1611/233 3284/1613/233
f 3289/1621/233 3288/1613/233 3284/1613/233 3287/1621/233
f 3289/1621/414 3290/1623/414 3275/1614/414 3288/1613/414
f 3292/1624/250 3293/1625/250 3290/1626/250 3289/1627/250
f 3294/1628/250 3292/1624/250 3289/1627/250 3291/1629/250
f 3293/1625/240 3292/1624/240 3295/1624/240 3296/1625/240
f 3292/1624/415 3294/1628/415 3297/1628/415 3295/1624/415
f 3294/1628/236 3299/1630/236 3298/1630/236 3297/1628/236
f 3299/1630/410 3301/1631/410 3300/1631/410 3298/1630/410
f 3301/1631/416 3304/1633/416 3303/1633/416 3300/1631/416
f 3304/1633/417 3307/1635/417 3306/1635/417 3303/1633/417
f 3307/1635/237 3312/1637/237 3309/1637/237 3306/1635/237
f 3312/1637/418 3313/1640/418 3311/1640/418 3309/1637/418
f 3313/1640/250 3312/1637/250 3314/1641/250 3315/1642/250
f 3312/1637/250 3307/1635/250 3316/1643/250 3314/1641/250
f 3307/1635/250 3304/1633/250 3322/1644/250 3316/1643/250
f 3304/1633/250 3301/1631/250 3323/1645/250 3322/1644/250
f 3301/1631/250 3299/1630/250 3324/1646/250 3323/1645/250
f 3299/1630/250 3294/1628/250 3291/1629/250 3324/1646/250
f 3327/1639/425 3329/1638/425 3310/1638/425 3328/1639/425
f 3329/1638/250 3327/1639/250 3330/1647/250 3257/1648/250
f 3329/1638/233 3331/1636/233 3308/1636/233 3310/1638/233
f 3331/1636/250 3329/1638/250 3257/1648/250 3260/1649/250
f 3331/1636/426 3332/1634/426 3305/1634/426 3308/1636/426
f 3332/1634/250 3331/1636/250 3260/1649/250 3263/1650/250
f 3332/1634/427 3333/1632/427 3302/1632/427 3305/1634/427
f 3333/1632/250 3332/1634/250 3263/1650/250 3334/1651/250
f 3333/1632/428 3293/1625/428 3296/1625/428 3302/1632/428
f 3293/1625/250 3333/1632/250 3334/1651/250 3290/1626/250
f 3290/1652/429 3334/1653/429 3265/1607/429 3275/1610/429
f 3327/1639/233 3328/1639/233 3583/1634/233 3619/1634/233
f 3327/1639/250 3619/1634/250 3578/1650/250 3330/1602/250
f 3371/1681/237 3373/1682/237 3369/1682/237 3368/1681/237
f 3372/1684/235 3371/1681/235 3368/1681/235 3370/1684/235
f 3372/1684/236 3375/1686/236 3373/1682/236 3371/1681/236
f 3373/1682/237 3374/1687/237 3515/1687/237 3369/1682/237
f 3373/1682/414 3375/1686/414 3376/1688/414 3374/1687/414
f 3378/1689/438 3376/1690/438 3375/1686/438 3377/1691/438
f 3375/1686/439 3372/1684/439 3380/1692/439 3377/1691/439
f 3377/1691/440 3379/1693/440 3398/1694/440 3378/1695/440
f 3382/1696/233 3379/1693/233 3377/1691/233 3380/1692/233
f 3382/1696/235 3380/1692/235 3381/1697/235 3384/1696/235
f 3380/1692/235 3372/1684/235 3370/1684/235 3381/1697/235
f 3383/1698/235 3382/1696/235 3384/1696/235 3386/1698/235
f 3383/1698/441 3396/1699/441 3379/1693/441 3382/1696/441
f 3391/1703/235 3383/1698/235 3386/1698/235 3388/1703/235
f 3392/1705/235 3391/1703/235 3388/1703/235 3389/1705/235
f 3391/1703/233 3393/1707/233 3396/1699/233 3383/1698/233
f 3392/1705/443 3395/1708/443 3393/1707/443 3391/1703/443
f 3394/1709/444 3397/1710/444 3396/1699/444 3393/1707/444
f 3410/1711/445 3394/1709/445 3393/1707/445 3395/1708/445
f 3397/1710/446 3398/1694/446 3379/1693/446 3396/1699/446
f 3399/1712/250 3400/1713/250 3398/1694/250 3397/1710/250
f 3401/1714/250 3399/1712/250 3397/1710/250 3394/1709/250
f 3400/1713/447 3399/1712/447 3402/1712/447 3404/1713/447
f 3399/1712/237 3401/1714/237 3405/1714/237 3402/1712/237
f 3401/1714/448 3409/1718/448 3407/1718/448 3405/1714/448
f 3409/1718/250 3401/1714/250 3394/1709/250 3410/1711/250
f 3488/1759/250 3490/1760/250 3487/1758/250 3486/1757/250
f 3491/1761/250 3488/1759/250 3486/1757/250 3374/1762/250
f 3490/1760/236 3488/1759/236 3489/1759/236 3496/1760/236
f 3488/1759/464 3491/1761/464 3492/1761/464 3489/1759/464
f 3491/1761/240 3493/1763/240 3495/1763/240 3492/1761/240
f 3493/1763/250 3491/1761/250 3374/1762/250 3376/1764/250
f 3493/1763/465 3494/1765/465 3497/1765/465 3495/1763/465
f 3494/1765/250 3493/1763/250 3376/1764/250 3378/1695/250
f 3494/1765/466 3400/1713/466 3404/1713/466 3497/1765/466
f 3500/1766/462 3490/1760/462 3496/1760/462 3498/1766/462
f 3501/1717/467 3500/1766/467 3498/1766/467 3499/1717/467
f 3490/1760/250 3500/1766/250 3502/1767/250 3487/1758/250
f 3500/1766/250 3501/1717/250 3503/1768/250 3502/1767/250
f 3501/1717/250 3510/1716/250 3508/1769/250 3503/1768/250
f 3510/1716/250 3511/1715/250 3509/1770/250 3508/1769/250
f 3510/1716/472 3501/1717/472 3499/1717/472 3403/1716/472
f 3511/1715/233 3510/1716/233 3403/1716/233 3406/1715/233
f 3512/1719/473 3511/1715/473 3406/1715/473 3408/1719/473
f 3511/1715/250 3512/1719/250 3513/1771/250 3509/1770/250
f 3400/1713/250 3494/1765/250 3378/1695/250 3398/1694/250
f 3407/1718/237 3409/1718/237 3697/1713/237 3701/1713/237
f 3410/1711/250 3695/1694/250 3697/1713/250 3409/1718/250
f 3554/1793/235 3553/1794/235 3550/1794/235 3551/1793/235
f 3553/1794/233 3555/1796/233 3552/1796/233 3550/1794/233
f 3554/1793/240 3557/1797/240 3555/1796/240 3553/1794/240
f 3555/1796/233 3556/1798/233 3624/1798/233 3552/1796/233
f 3555/1796/482 3557/1797/482 3558/1799/482 3556/1798/482
f 3560/1800/483 3558/1801/483 3557/1797/483 3559/1802/483
f 3557/1797/465 3554/1793/465 3562/1803/465 3559/1802/465
f 3559/1802/484 3561/1600/484 3617/1804/484 3560/1805/484
f 3563/1593/237 3561/1600/237 3559/1802/237 3562/1803/237
f 3562/1803/235 3554/1793/235 3551/1793/235 3564/1803/235
f 3563/1593/235 3562/1803/235 3564/1803/235 3566/1593/235
f 3571/1592/235 3563/1593/235 3566/1593/235 3568/1592/235
f 3572/1596/235 3571/1592/235 3568/1592/235 3569/1596/235
f 3572/1596/237 3575/1598/237 3573/1599/237 3571/1592/237
f 3571/1592/487 3573/1599/487 3561/1600/487 3563/1593/487
f 3576/1601/405 3574/1602/405 3573/1599/405 3575/1598/405
f 3574/1602/488 3617/1602/488 3561/1600/488 3573/1599/488
f 3578/1601/489 3576/1601/489 3575/1598/489 3577/1603/489
f 3579/1604/490 3577/1603/490 3575/1598/490 3572/1596/490
f 3579/1604/235 3572/1596/235 3569/1596/235 3580/1604/235
f 3243/1593/235 3579/1604/235 3580/1604/235 3245/1593/235
f 3582/1633/448 3585/1635/448 3584/1635/448 3581/1633/448
f 3585/1635/237 3590/1637/237 3587/1637/237 3584/1635/237
f 3590/1637/447 3591/1640/447 3589/1640/447 3587/1637/447
f 3591/1640/250 3590/1637/250 3592/1641/250 3593/1642/250
f 3590/1637/250 3585/1635/250 3594/1643/250 3592/1641/250
f 3585/1635/250 3582/1633/250 3599/1644/250 3594/1643/250
f 3604/1809/250 3605/1810/250 3603/1808/250 3602/1807/250
f 3606/1811/250 3604/1809/250 3602/1807/250 3556/1812/250
f 3605/1810/240 3604/1809/240 3607/1809/240 3608/1810/240
f 3604/1809/494 3606/1811/494 3609/1811/494 3607/1809/494
f 3606/1811/236 3612/1813/236 3610/1813/236 3609/1811/236
f 3612/1813/439 3613/1814/439 3611/1814/439 3610/1813/439
f 3613/1814/250 3612/1813/250 3558/1816/250 3560/1817/250
f 3612/1813/250 3606/1811/250 3556/1812/250 3558/1816/250
f 3613/1814/467 3614/1639/467 3615/1639/467 3611/1814/467
f 3614/1639/250 3613/1814/250 3560/1817/250 3617/1647/250
f 3614/1639/472 3616/1638/472 3588/1638/472 3615/1639/472
f 3616/1638/250 3614/1639/250 3617/1647/250 3574/1648/250
f 3616/1638/233 3618/1636/233 3586/1636/233 3588/1638/233
f 3618/1636/250 3616/1638/250 3574/1648/250 3576/1649/250
f 3618/1636/473 3619/1634/473 3583/1634/473 3586/1636/473
f 3619/1634/250 3618/1636/250 3576/1649/250 3578/1650/250
f 3621/1815/486 3605/1810/486 3608/1810/486 3620/1815/486
f 3591/1640/466 3621/1815/466 3620/1815/466 3589/1640/466
f 3605/1810/250 3621/1815/250 3622/1818/250 3603/1808/250
f 3621/1815/250 3591/1640/250 3593/1642/250 3622/1818/250
f 3395/1708/505 3678/1693/505 3695/1694/505 3410/1711/505
f 3330/1602/506 3578/1601/506 3577/1603/506 3242/1600/506
f 3680/1698/235 3679/1696/235 3681/1696/235 3683/1698/235
f 3680/1698/507 3693/1699/507 3678/1693/507 3679/1696/507
f 3688/1703/235 3680/1698/235 3683/1698/235 3685/1703/235
f 3689/1705/235 3688/1703/235 3685/1703/235 3686/1705/235
f 3688/1703/233 3690/1707/233 3693/1699/233 3680/1698/233
f 3689/1705/508 3692/1708/508 3690/1707/508 3688/1703/508
f 3691/1709/444 3694/1710/444 3693/1699/444 3690/1707/444
f 3709/1711/509 3691/1709/509 3690/1707/509 3692/1708/509
f 3694/1710/510 3695/1694/510 3678/1693/510 3693/1699/510
f 3696/1712/250 3697/1713/250 3695/1694/250 3694/1710/250
f 3698/1714/250 3696/1712/250 3694/1710/250 3691/1709/250
f 3697/1713/418 3696/1712/418 3699/1712/418 3701/1713/418
f 3696/1712/237 3698/1714/237 3702/1714/237 3699/1712/237
f 3698/1714/511 3707/1718/511 3704/1718/511 3702/1714/511
f 3707/1718/416 3708/1852/416 3706/1852/416 3704/1718/416
f 3707/1718/250 3698/1714/250 3691/1709/250 3709/1711/250
f 3708/1852/250 3707/1718/250 3709/1711/250 3710/1854/250
f 3692/1708/512 3712/1855/512 3710/1854/512 3709/1711/512
f 3791/1856/250 3708/1852/250 3710/1854/250 3711/1857/250
f 3711/1858/513 3710/1859/513 3712/1855/513 3713/1860/513
f 3712/1855/428 3714/1861/428 3715/1789/428 3713/1860/428
f 3714/1861/233 3712/1855/233 3692/1708/233 3689/1705/233
f 3715/1789/235 3714/1861/235 3716/1861/235 3717/1789/235
f 3714/1861/235 3689/1705/235 3686/1705/235 3716/1861/235
f 3783/1788/235 3715/1789/235 3717/1789/235 3544/1788/235
f 3783/1788/240 3784/1867/240 3713/1860/240 3715/1789/240
f 3784/1867/237 3783/1788/237 3544/1788/237 3785/1867/237
f 3786/1868/237 3784/1867/237 3785/1867/237 3787/1868/237
f 3713/1860/482 3784/1867/482 3786/1868/482 3711/1869/482
f 3789/1870/250 3791/1856/250 3711/1857/250 3786/1871/250
f 3792/1872/250 3789/1870/250 3786/1871/250 3788/1873/250
f 3789/1870/524 3792/1872/524 3793/1872/524 3790/1870/524
f 3791/1856/236 3789/1870/236 3790/1870/236 3816/1856/236
f 3792/1872/240 3794/1874/240 3795/1874/240 3793/1872/240
f 3794/1874/250 3792/1872/250 3788/1873/250 3797/1875/250
f 3794/1874/514 3796/1853/514 3815/1853/514 3795/1874/514
f 3796/1853/250 3794/1874/250 3797/1875/250 3798/1876/250
f 3486/1757/250 3788/1873/250 3786/1871/250 3374/1762/250
f 3803/1717/250 3810/1716/250 3808/1769/250 3804/1768/250
f 3810/1716/250 3811/1715/250 3809/1770/250 3808/1769/250
f 3810/1716/425 3803/1717/425 3802/1717/425 3700/1716/425
f 3811/1715/233 3810/1716/233 3700/1716/233 3703/1715/233
f 3812/1719/529 3811/1715/529 3703/1715/529 3705/1719/529
f 3811/1715/250 3812/1719/250 3813/1771/250 3809/1770/250
f 3796/1853/427 3812/1719/427 3705/1719/427 3815/1853/427
f 3812/1719/250 3796/1853/250 3798/1876/250 3813/1771/250
f 3708/1852/410 3791/1856/410 3816/1856/410 3706/1852/410
f 3374/1762/237 3786/1871/237 3787/1868/237 3515/1687/237
f 3243/1593/237 3242/1600/237 3577/1603/237 3579/1604/237
f 3389/1705/235 3681/1696/235 3679/1696/235 3392/1705/235
f 3392/1705/233 3679/1696/233 3678/1693/233 3395/1708/233
f 3512/1719/233 3408/1719/233 3802/1717/233 3803/1717/233
f 3513/1771/250 3512/1719/250 3803/1717/250 3804/1768/250
f 3313/1640/237 3582/1633/237 3581/1633/237 3311/1640/237
f 3315/1642/250 3599/1644/250 3582/1633/250 3313/1640/250
f 3289/1627/250 3556/1812/250 3602/1807/250 3291/1629/250
f 3289/1627/233 3287/1621/233 3624/1798/233 3556/1812/233
usemtl M_Cyan
f 2669/1284/236 2680/1289/236 2679/1279/236 2670/1280/236
f 2667/1282/240 2674/1277/240 2673/1278/240 2668/1283/240
f 2671/1285/236 2678/1288/236 2677/1287/236 2672/1286/236
f 2665/1276/240 2676/1274/240 2675/1275/240 2666/1281/240
f 2878/1397/233 2877/1396/233 2880/1398/233 2879/1399/233
f 2894/1368/237 2893/1367/237 2896/1346/237 2895/1347/237
f 2898/1410/237 2897/1409/237 2900/1411/237 2899/1412/237
f 2906/1374/233 2905/1371/233 2908/1369/233 2907/1370/233
f 2910/1418/233 2909/1417/233 2912/1419/233 2911/1420/233
f 2914/1422/237 2913/1421/237 2916/1423/237 2915/1424/237
f 2987/1455/237 2986/1453/237 2989/1454/237 2988/1456/237
f 2991/1458/233 2990/1457/233 2993/1451/233 2992/1452/233
f 3427/1730/233 3428/1729/233 3430/1732/233 3429/1731/233
f 3470/1748/237 3469/1747/237 3471/1749/237 3472/1750/237
f 3526/1775/236 3528/1777/236 3529/1778/236 3527/1776/236
f 3666/1847/240 3664/1845/240 3663/1844/240 3665/1846/240
f 3737/1730/233 3738/1729/233 3740/1732/233 3739/1731/233
f 3766/1748/237 3765/1747/237 3767/1749/237 3768/1750/237
