# Blender 4.2.3 LTS
# www.blender.org
mtllib SM_Wind_T2.mtl
o SM_Wind_T2_Base
v 0.900000 0.000000 -1.000000
v -0.900000 0.000000 -1.000000
v -0.900000 0.000000 1.000000
v 0.900000 0.000000 1.000000
v -1.250000 0.000000 -0.800000
v -1.250000 0.000000 0.800000
v 1.250000 0.000000 0.800000
v 1.250000 0.000000 -0.800000
v -0.900000 0.000000 -0.800000
v -0.900000 0.000000 0.800000
v 0.900000 0.000000 -0.800000
v 0.900000 0.000000 0.800000
v -1.141911 0.000000 1.000000
v -1.250000 0.000000 0.891912
v -1.250000 0.000000 -0.891911
v -1.141911 0.000000 -1.000000
v 1.250000 0.000000 0.891912
v 1.141911 0.000000 1.000000
v 1.141911 0.000000 -1.000000
v 1.250000 0.000000 -0.891911
v -0.900000 0.843750 -1.000000
v 0.900000 0.843750 -1.000000
v 0.900000 0.843750 1.000000
v 1.085962 0.905231 -0.864929
v -0.900000 0.843750 1.000000
v -1.250000 0.843750 0.800000
v -1.250000 0.843750 -0.800000
v 1.250000 0.843750 -0.800000
v 1.250000 0.843750 0.800000
v -1.145880 0.914766 0.848784
v -1.250000 0.843750 0.891912
v -1.098783 0.914766 0.895880
v -1.141911 0.843750 1.000000
v -1.098783 0.914766 -0.895880
v -1.141911 0.843750 -1.000000
v -1.145880 0.914766 -0.848783
v -1.250000 0.843750 -0.891911
v 1.098783 0.914766 0.895880
v 1.141911 0.843750 1.000000
v 1.145880 0.914766 0.848784
v 1.250000 0.843750 0.891912
v 1.145880 0.914766 -0.848783
v 1.250000 0.843750 -0.891911
v 1.098783 0.914766 -0.895880
v 1.141911 0.843750 -1.000000
v 0.900000 0.000000 -0.990049
v -0.900000 0.000000 -0.990049
v -0.900000 0.000000 0.990050
v 0.900000 0.000000 0.990050
v -1.240049 0.000000 -0.800000
v -1.240049 0.000000 0.800000
v 1.240049 0.000000 0.800000
v 1.240049 0.000000 -0.800000
v -0.900000 0.839943 -0.990807
v -0.876293 0.905235 -0.901469
v 0.876293 0.905235 -0.901469
v 0.900000 0.839943 -0.990807
v 0.900000 0.839943 0.990807
v 0.907245 0.914766 0.895883
v -0.876293 0.905235 0.901470
v -0.900000 0.839943 0.990807
v -1.240807 0.839943 0.800000
v -1.151469 0.905233 0.776293
v -1.151469 0.905233 -0.776293
v -1.240807 0.839943 -0.800000
v 1.240807 0.839943 -0.800000
v 1.151469 0.905233 -0.776293
v 1.151469 0.905233 0.776293
v 1.240807 0.839943 0.800000
v -1.109495 0.914766 0.921740
v -1.171740 0.914766 0.859495
v -1.171740 0.914766 -0.859494
v -1.109495 0.914766 -0.921739
v 1.109495 0.914766 -0.921739
v 1.171739 0.914766 -0.859494
v 1.171739 0.914766 0.859495
v 1.109495 0.914766 0.921740
v -1.171740 0.914766 0.807245
v -0.907245 0.914766 0.921740
v -0.907245 0.914766 -0.921739
v -1.171740 0.914766 -0.807244
v 1.171739 0.914766 0.807245
v 0.907245 0.914766 0.921740
v 1.171739 0.914766 -0.807244
v 0.907245 0.914766 -0.921739
v 0.876293 0.905235 -0.864935
v -0.907245 0.914766 0.895888
v -0.900000 0.905234 -0.888639
v -0.907245 0.914766 -0.895883
v 0.907245 0.914766 -0.895886
v -1.145882 0.914766 -0.807244
v -1.114918 0.905233 0.776293
v -1.145880 0.914766 0.807245
v -1.085963 0.905231 -0.864928
v -1.114933 0.905233 -0.776293
v 1.114925 0.905233 -0.776293
v 1.145878 0.914766 -0.807244
v -1.114929 0.905231 -0.835962
v -1.114918 0.905231 0.835974
v -1.085962 0.905231 0.864930
v 0.876293 0.905235 0.901470
v -0.900000 0.905234 0.888654
v 1.145879 0.914766 0.807245
v 1.114923 0.905233 0.776293
v 1.114923 0.905231 0.835969
v 1.085963 0.905231 0.864929
v 0.900000 0.905234 0.888638
v 1.114925 0.905231 -0.835966
v 0.900000 0.905234 -0.925176
v -1.175176 0.905234 -0.800000
v 1.175176 0.905234 0.800000
v 0.900000 0.905234 -0.888641
v 1.138632 0.905234 -0.800000
v 1.175176 0.905234 -0.800000
v -1.138625 0.905234 0.800000
v -1.175176 0.905234 0.800000
v 1.138632 0.905230 -0.845786
v 1.095783 0.905230 -0.888635
v -1.138625 0.905230 0.845793
v -1.095783 0.905230 0.888636
v 1.138630 0.905230 0.845788
v 1.138630 0.905234 0.800000
v -0.900000 0.905234 -0.925176
v -0.876293 0.905235 -0.864932
v -1.138638 0.905234 -0.800000
v -1.138635 0.905230 -0.845782
v -0.876293 0.905235 0.864950
v -1.095783 0.905230 -0.888635
v -0.900000 0.905234 0.925177
v 1.095783 0.905230 0.888636
v 0.876293 0.905235 0.864932
v 0.900000 0.905234 0.925177
v 0.900000 0.889070 0.800000
v 0.876293 0.889070 0.864932
v 0.900000 0.889070 -0.800000
v -0.876293 0.889070 -0.864932
v -0.900000 0.889070 -0.800000
v 0.876293 0.889070 -0.864935
v -1.114933 0.889069 -0.776293
v -0.876293 0.889070 0.864950
v -0.900000 0.889070 0.800000
v 1.114925 0.889069 -0.776293
v -1.114918 0.889069 0.776293
v 1.114923 0.889069 0.776293
v 0.876293 0.889070 -0.901469
v -1.151469 0.889068 -0.776293
v 1.151469 0.889068 0.776293
v 1.151469 0.889068 -0.776293
v -1.151469 0.889068 0.776293
v 1.114925 0.889066 -0.835966
v 1.085962 0.889067 -0.864929
v -1.114918 0.889066 0.835974
v -1.085962 0.889067 0.864930
v 1.114923 0.889066 0.835969
v -0.876293 0.889070 -0.901469
v -1.114929 0.889066 -0.835962
v -1.085963 0.889067 -0.864928
v -0.876293 0.889070 0.901470
v 1.085963 0.889067 0.864929
v 0.876293 0.889070 0.901470
v -1.112496 0.914766 0.928984
v -1.178984 0.914766 0.862496
v -1.178984 0.914766 -0.862495
v -1.112496 0.914766 -0.928984
v 1.112495 0.914766 -0.928984
v 1.178984 0.914766 -0.862495
v 1.178984 0.914766 0.862496
v 1.112495 0.914766 0.928984
v -1.178984 0.914766 0.800000
v -0.900000 0.914766 0.928984
v -0.900000 0.914766 -0.928984
v -1.178984 0.914766 -0.800000
v 1.178984 0.914766 0.800000
v 0.900000 0.914766 0.928984
v 1.178984 0.914766 -0.800000
v 0.900000 0.914766 -0.928984
v 0.900000 0.914766 -0.888642
v 1.138633 0.914766 -0.800000
v -0.900000 0.914766 0.888644
v -1.138635 0.914766 0.800000
v -1.095783 0.914766 0.888636
v -1.138635 0.914766 0.845783
v -1.138635 0.914766 -0.845782
v -1.095783 0.914766 -0.888635
v 1.095783 0.914766 -0.888635
v 1.138635 0.914766 -0.845782
v 1.138635 0.914766 0.845783
v 1.095783 0.914766 0.888636
v 1.138634 0.914766 0.800000
v 0.900000 0.914766 0.888638
v -0.900000 0.914766 -0.888639
v -1.138638 0.914766 -0.800000
v -1.109495 0.912727 0.921740
v -1.098783 0.912727 0.895880
v -1.145880 0.912727 0.848784
v -1.171740 0.912727 0.859495
v -1.171740 0.912727 -0.859494
v -1.145880 0.912727 -0.848783
v -1.098783 0.912727 -0.895880
v -1.109495 0.912727 -0.921739
v 1.109495 0.912727 -0.921739
v 1.098783 0.912727 -0.895880
v 1.145880 0.912727 -0.848783
v 1.171739 0.912727 -0.859494
v 1.171739 0.912727 0.859495
v 1.145880 0.912727 0.848784
v 1.098783 0.912727 0.895880
v 1.109495 0.912727 0.921740
v -1.171740 0.912727 0.807245
v -0.907245 0.912727 0.921740
v -0.907245 0.912727 -0.921739
v -1.171740 0.912727 -0.807244
v 1.171739 0.912727 0.807245
v 0.907245 0.912727 0.921740
v 1.171739 0.912727 -0.807244
v 0.907245 0.912727 -0.921739
v 0.907245 0.912727 -0.895886
v 1.145878 0.912727 -0.807244
v -0.907245 0.912727 0.895888
v -1.145880 0.912727 0.807245
v 1.145879 0.912727 0.807245
v 0.907245 0.912727 0.895883
v -0.907245 0.912727 -0.895883
v -1.145882 0.912727 -0.807244
v 0.900000 0.052255 1.000000
v 0.900000 0.074304 1.000000
v -0.900000 0.052255 1.000000
v -0.900000 0.074304 1.000000
v -0.900000 0.052255 -1.000000
v -0.900000 0.074304 -1.000000
v 0.900000 0.052255 -1.000000
v 0.900000 0.074304 -1.000000
v 1.250000 0.107498 -0.833194
v 1.250000 0.052255 -0.800000
v 1.250000 0.052255 0.800000
v 1.250000 0.107498 0.833194
v -1.250000 0.107498 0.833194
v -1.250000 0.052255 0.800000
v -1.250000 0.052255 -0.800000
v -1.250000 0.107498 -0.833194
v -1.250000 0.107498 0.858717
v -1.250000 0.052255 0.891912
v -1.141911 0.052255 1.000000
v -1.141911 0.074304 1.000000
v -1.250000 0.052255 -0.891911
v -1.250000 0.107498 -0.858717
v -1.141911 0.074304 -1.000000
v -1.141911 0.052255 -1.000000
v 1.141911 0.052255 -1.000000
v 1.141911 0.074304 -1.000000
v 1.250000 0.107498 -0.858717
v 1.250000 0.052255 -0.891911
v 1.250000 0.052255 0.891912
v 1.250000 0.107498 0.858717
v 1.141911 0.074304 1.000000
v 1.141911 0.052255 1.000000
v -1.141911 0.818895 -1.000000
v -1.141911 0.810842 -1.000000
v -0.900000 0.818894 -1.000000
v -0.900000 0.810842 -1.000000
v 0.900000 0.810842 -1.000000
v 0.900000 0.818894 -1.000000
v 1.141911 0.810842 -1.000000
v 1.141911 0.818895 -1.000000
v 0.900000 0.810842 1.000000
v 0.900000 0.818894 1.000000
v -0.900000 0.818894 1.000000
v -0.900000 0.810842 1.000000
v 1.141911 0.818895 1.000000
v 1.141911 0.810842 1.000000
v -1.141911 0.810842 1.000000
v -1.141911 0.818895 1.000000
v -1.250000 0.818894 0.800000
v -1.250000 0.777648 0.833194
v -1.250000 0.777648 -0.833194
v -1.250000 0.818894 -0.800000
v -1.250000 0.777648 0.858717
v -1.250000 0.818895 0.891912
v -1.250000 0.777648 -0.858717
v -1.250000 0.818895 -0.891911
v 1.250000 0.818894 -0.800000
v 1.250000 0.777648 -0.833194
v 1.250000 0.777648 0.833194
v 1.250000 0.818894 0.800000
v 1.250000 0.818895 -0.891911
v 1.250000 0.777648 -0.858717
v 1.250000 0.777648 0.858717
v 1.250000 0.818895 0.891912
v 0.882939 0.091365 0.990050
v 0.900000 0.052255 0.990050
v -0.900000 0.052255 0.990050
v -0.882939 0.091365 0.990050
v -0.882939 0.091365 -0.990049
v -0.900000 0.052255 -0.990049
v 0.882939 0.091365 -0.990049
v 0.900000 0.052255 -0.990049
v 1.218176 0.140767 -0.720746
v 1.240049 0.052255 -0.800000
v 1.218176 0.140767 0.720746
v 1.240049 0.052255 0.800000
v -1.218176 0.140767 0.720746
v -1.240049 0.052255 0.800000
v -1.218176 0.140767 -0.720746
v -1.240049 0.052255 -0.800000
v -0.900000 0.818894 -0.990171
v -0.882939 0.793781 -0.990049
v 0.900000 0.818894 -0.990171
v 0.882939 0.793781 -0.990049
v 0.900000 0.818894 0.990171
v 0.882939 0.793781 0.990050
v -0.882939 0.793781 0.990050
v -0.900000 0.818894 0.990171
v -1.240171 0.818894 0.800000
v -1.212625 0.736231 0.725389
v -1.240171 0.818894 -0.800000
v -1.212625 0.736231 -0.725388
v 1.240171 0.818894 -0.800000
v 1.212625 0.736231 -0.725388
v 1.240171 0.818894 0.800000
v 1.212625 0.736231 0.725389
v -1.221055 0.142728 0.348000
v -1.240049 0.074304 0.270408
v -1.240049 0.074304 -0.270408
v -1.221055 0.142728 -0.348000
v 1.221055 0.142728 -0.348000
v 1.221055 0.142728 0.348000
v -1.151469 0.905230 0.765239
v -1.151469 0.905232 0.773291
v -1.151469 0.905232 -0.773291
v -1.151469 0.905230 -0.765238
v -1.240807 0.839943 -0.773291
v -1.240807 0.839943 -0.765238
v -1.240807 0.839943 0.765239
v -1.240807 0.839943 0.773291
v 1.151469 0.905230 -0.765238
v 1.151469 0.905232 -0.773291
v 1.151469 0.905232 0.773291
v 1.151469 0.905230 0.765239
v 1.240807 0.839943 0.773291
v 1.240807 0.839943 0.765239
v 1.240807 0.839943 -0.765238
v 1.240807 0.839943 -0.773291
v -1.240171 0.818894 0.773291
v -1.240171 0.818893 0.765239
v -1.218176 0.731589 0.346039
v -1.240171 0.818894 -0.773291
v -1.218176 0.731589 -0.346038
v -1.240171 0.818893 -0.765238
v 1.240171 0.818894 -0.773291
v 1.240171 0.818893 -0.765238
v 1.240049 0.810842 -0.270408
v 1.218176 0.731589 -0.346038
v 1.240171 0.818894 0.773291
v 1.218176 0.731589 0.346039
v 1.240049 0.810842 0.270408
v 1.240171 0.818893 0.765239
v -0.752430 0.091365 -0.990049
v -0.727316 0.074304 -0.990049
v 0.727316 0.074304 -0.990049
v 0.752430 0.091365 -0.990049
v 0.752430 0.091365 0.990050
v 0.727316 0.074304 0.990050
v -0.727316 0.074304 0.990050
v -0.752430 0.091365 0.990050
v -0.727316 0.905231 -0.901469
v -0.735369 0.905231 -0.901469
v 0.735369 0.905231 -0.901469
v 0.727316 0.905231 -0.901469
v 0.735369 0.839943 -0.990807
v 0.727316 0.839943 -0.990807
v -0.727316 0.839943 -0.990807
v -0.735369 0.839943 -0.990807
v -0.735369 0.839943 0.990807
v -0.727316 0.839943 0.990807
v 0.727316 0.839943 0.990807
v 0.735369 0.839943 0.990807
v 0.735369 0.818894 0.990171
v 0.727316 0.818893 0.990171
v 0.727316 0.810842 0.990050
v 0.752430 0.793781 0.990050
v -0.735369 0.818894 0.990171
v -0.752430 0.793781 0.990050
v -0.727316 0.810842 0.990050
v -0.727316 0.818893 0.990171
v -0.735369 0.818894 -0.990171
v -0.727316 0.818893 -0.990171
v -0.727316 0.810842 -0.990049
v -0.752430 0.793781 -0.990049
v 0.735369 0.818894 -0.990171
v 0.752430 0.793781 -0.990049
v 0.727316 0.810842 -0.990049
v 0.727316 0.818893 -0.990171
v 0.727316 0.905231 0.901470
v 0.735369 0.905231 0.901470
v -0.735369 0.905231 0.901470
v -0.727316 0.905231 0.901470
v 0.727316 0.905230 -0.925176
v 0.735369 0.905230 -0.925176
v -1.175176 0.905230 -0.765238
v -1.175176 0.905231 -0.773291
v 1.175176 0.905230 0.765239
v 1.175176 0.905231 0.773291
v -1.175176 0.905231 0.773291
v -1.175176 0.905230 0.765239
v 1.175176 0.905231 -0.773291
v 1.175176 0.905230 -0.765238
v -0.727316 0.905230 0.925177
v -0.735369 0.905230 0.925177
v -0.735369 0.905230 -0.925176
v -0.727316 0.905230 -0.925176
v 0.735369 0.905230 0.925177
v 0.727316 0.905230 0.925177
v -1.151469 0.889067 -0.773291
v -1.151469 0.889066 -0.765238
v -1.151469 0.889066 0.765239
v -1.151469 0.889067 0.773291
v 1.151469 0.889066 -0.765238
v 1.151469 0.889067 -0.773291
v 1.151469 0.889067 0.773291
v 1.151469 0.889066 0.765239
v 0.735369 0.889066 -0.901469
v 0.727316 0.889066 -0.901469
v 0.727316 0.889066 0.901470
v 0.735369 0.889066 0.901470
v -0.727316 0.889066 -0.901469
v -0.735369 0.889066 -0.901469
v -0.735369 0.889066 0.901470
v -0.727316 0.889066 0.901470
v -1.231623 0.074304 0.279576
v -1.231623 0.074304 0.270408
v -1.231623 0.074304 -0.279575
v -1.231623 0.074304 -0.270408
v 1.231623 0.074304 -0.279575
v 1.231623 0.074304 -0.270408
v 1.231623 0.074304 0.279576
v 1.231623 0.074304 0.270408
v -1.231623 0.810927 0.279576
v -1.231746 0.819064 0.773291
v -1.231746 0.819063 0.765239
v -1.231623 0.810927 0.270408
v -1.231746 0.819063 -0.765238
v -1.231746 0.819064 -0.773291
v -1.231623 0.810927 -0.279575
v -1.231623 0.810927 -0.270408
v 1.231623 0.810927 -0.279575
v 1.231746 0.819064 -0.773291
v 1.231746 0.819063 -0.765238
v 1.231623 0.810927 -0.270408
v 1.231746 0.819063 0.765239
v 1.231746 0.819064 0.773291
v 1.231623 0.810927 0.279576
v 1.231623 0.810927 0.270408
v -0.735369 0.074304 -0.981623
v -0.727316 0.074304 -0.981623
v 0.735369 0.074304 -0.981623
v 0.727316 0.074304 -0.981623
v 0.735368 0.074304 0.981623
v 0.727316 0.074304 0.981623
v -0.735369 0.074304 0.981623
v -0.727316 0.074304 0.981623
v 0.735369 0.810927 0.981623
v 0.735369 0.819064 0.981746
v 0.727316 0.819063 0.981746
v 0.727316 0.810927 0.981623
v -0.727316 0.819063 0.981746
v -0.735369 0.819064 0.981746
v -0.735369 0.810927 0.981623
v -0.727316 0.810927 0.981623
v -0.735369 0.810927 -0.981623
v -0.735369 0.819064 -0.981746
v -0.727316 0.819063 -0.981746
v -0.727316 0.810927 -0.981623
v 0.727316 0.819063 -0.981746
v 0.735369 0.819064 -0.981746
v 0.735369 0.810927 -0.981623
v 0.727316 0.810927 -0.981623
v -1.159896 0.889067 -0.773291
v -1.159896 0.889066 -0.765238
v -1.159896 0.889066 0.765239
v -1.159896 0.889067 0.773291
v 1.159896 0.889066 -0.765238
v 1.159896 0.889067 -0.773291
v 1.159896 0.889067 0.773291
v 1.159896 0.889066 0.765239
v 0.735369 0.889066 -0.909896
v 0.727316 0.889066 -0.909896
v 0.727316 0.889066 0.909896
v 0.735369 0.889066 0.909896
v -0.727316 0.889066 -0.909896
v -0.735369 0.889066 -0.909896
v -0.735369 0.889066 0.909896
v -0.727316 0.889066 0.909896
v -0.908427 0.818894 0.991574
v -0.908427 0.810842 0.991574
v -0.908386 0.810970 0.981583
v -0.908467 0.819021 0.981786
v -0.908427 0.066251 -0.991573
v -0.908427 0.074304 -0.991573
v -0.908427 0.074304 -0.981623
v -0.908427 0.066251 -0.981623
v 0.908426 0.074304 0.981623
v 0.908426 0.066251 0.981623
v 0.908426 0.066251 0.991574
v 0.908426 0.074304 0.991574
v -1.241573 0.074304 0.888421
v -1.241573 0.066251 0.888421
v -1.138421 0.066251 0.991574
v -1.138421 0.074304 0.991574
v -1.241573 0.066251 -0.888421
v -1.241573 0.074304 -0.888421
v -1.138421 0.074304 -0.991573
v -1.138421 0.066251 -0.991573
v 1.138421 0.066251 -0.991573
v 1.138421 0.074304 -0.991573
v 1.241573 0.074304 -0.888421
v 1.241573 0.066251 -0.888421
v 1.241573 0.066251 0.888421
v 1.241573 0.074304 0.888421
v 1.138421 0.074304 0.991574
v 1.138421 0.066251 0.991574
v -1.241573 0.074304 0.808427
v -1.241573 0.066251 0.808427
v -0.908427 0.066251 0.991574
v -0.908427 0.074304 0.991574
v -1.241573 0.066251 -0.808426
v -1.241573 0.074304 -0.808426
v 1.241573 0.066251 0.808427
v 1.241573 0.074304 0.808427
v 0.908426 0.066251 -0.991573
v 0.908426 0.074304 -0.991573
v 1.241573 0.074304 -0.808426
v 1.241573 0.066251 -0.808426
v 0.908426 0.810842 0.991574
v 0.908426 0.818894 0.991574
v 0.908467 0.819021 0.981786
v 0.908386 0.810970 0.981583
v -0.908427 0.066251 0.981623
v -0.908427 0.074304 0.981623
v 1.241573 0.818895 -0.888421
v 1.241573 0.810842 -0.888421
v 1.138421 0.810842 -0.991573
v 1.138421 0.818895 -0.991573
v 1.138421 0.818895 0.991574
v 1.138421 0.810842 0.991574
v 1.241573 0.810842 0.888421
v 1.241573 0.818895 0.888421
v -1.138421 0.818895 -0.991573
v -1.138421 0.810842 -0.991573
v -1.241573 0.810842 -0.888421
v -1.241573 0.818895 -0.888421
v -1.241573 0.810842 -0.808426
v -1.241573 0.818894 -0.808426
v 0.908426 0.810842 -0.991573
v 0.908426 0.818894 -0.991573
v -1.241573 0.810842 0.888421
v -1.241573 0.818895 0.888421
v -1.241573 0.818894 0.808427
v -1.241573 0.810842 0.808427
v 1.241573 0.818894 -0.808426
v 1.241573 0.810842 -0.808426
v 1.241573 0.810842 0.808427
v 1.241573 0.818894 0.808427
v -0.908427 0.818894 -0.991573
v -0.908427 0.810842 -0.991573
v -1.138421 0.810842 0.991574
v -1.138421 0.818895 0.991574
v -1.231623 0.074304 -0.808426
v -1.231623 0.066251 -0.808426
v 1.231623 0.074304 0.808427
v 1.231623 0.066251 0.808427
v 0.908426 0.074304 -0.981623
v 0.908426 0.066251 -0.981623
v -1.231786 0.819021 -0.808467
v 0.908467 0.819021 -0.981785
v 0.908386 0.810970 -0.981583
v 1.231786 0.819021 0.808467
v 1.231583 0.810970 0.808386
v -1.231786 0.819021 0.808467
v -0.908467 0.819021 -0.981785
v -0.908386 0.810970 -0.981583
v -1.231623 0.074304 0.808427
v -1.231623 0.066251 0.808427
v 1.231623 0.074304 -0.808426
v 1.231623 0.066251 -0.808426
v 1.231786 0.819021 -0.808467
v 1.231583 0.810970 -0.808386
v 1.171699 0.896804 -0.773291
v 1.171699 0.896804 -0.765239
v 1.232274 0.836545 -0.765238
v 1.232274 0.836545 -0.773291
v 1.171699 0.896804 0.765239
v 1.171699 0.896804 0.773292
v 1.232274 0.836545 0.773291
v 1.232274 0.836545 0.765239
v -1.171699 0.896804 0.773292
v -1.171699 0.896804 0.765239
v -1.232274 0.836545 0.765239
v -1.232274 0.836545 0.773291
v -1.171699 0.896804 -0.765239
v -1.171699 0.896804 -0.773291
v -1.232274 0.836545 -0.773291
v -1.232274 0.836545 -0.765238
v 0.735369 0.896804 -0.909896
v 0.727316 0.896804 -0.909896
v -0.727316 0.896804 -0.909896
v -0.735369 0.896804 -0.909896
v 1.159896 0.896804 -0.765239
v 1.159895 0.896805 -0.773292
v -1.159895 0.896805 -0.773292
v -1.159896 0.896804 -0.765239
v -1.159896 0.896804 0.765240
v -1.159895 0.896805 0.773292
v 0.735369 0.896804 0.921699
v 0.727316 0.896804 0.921699
v 0.727316 0.836545 0.982274
v 0.735369 0.836545 0.982274
v -0.727316 0.896804 0.921699
v -0.735369 0.896804 0.921699
v -0.735369 0.836545 0.982274
v -0.727316 0.836545 0.982274
v -0.735369 0.896804 -0.921698
v -0.727316 0.896804 -0.921698
v -0.727316 0.836545 -0.982274
v -0.735369 0.836545 -0.982274
v 0.727316 0.896804 -0.921698
v 0.735369 0.896804 -0.921698
v 0.735369 0.836545 -0.982274
v 0.727316 0.836545 -0.982274
v 1.159895 0.896805 0.773292
v 1.159896 0.896804 0.765240
v -0.735369 0.896804 0.909896
v -0.727316 0.896804 0.909896
v 0.727316 0.896804 0.909896
v 0.735369 0.896804 0.909896
v -1.250000 0.074304 0.891912
v -1.250000 0.074304 0.800000
v -1.250000 0.074304 -0.800000
v -1.250000 0.074304 -0.891911
v 1.250000 0.074304 0.800000
v 1.250000 0.074304 0.891912
v 1.250000 0.074304 -0.891911
v 1.250000 0.074304 -0.800000
v -1.250000 0.810842 -0.891911
v -1.250000 0.810842 -0.800000
v -1.250000 0.810842 0.800000
v -1.250000 0.810842 0.891912
v 1.250000 0.810842 -0.800000
v 1.250000 0.810842 -0.891911
v 1.250000 0.810842 0.891912
v 1.250000 0.810842 0.800000
v -1.246573 0.111312 0.854903
v -1.246573 0.111312 0.837009
v -1.246573 0.111312 -0.837008
v -1.246573 0.111312 -0.854902
v 1.246573 0.111312 0.837009
v 1.246573 0.111312 0.854903
v 1.246573 0.111312 -0.854902
v 1.246573 0.111312 -0.837008
v -1.246573 0.773834 -0.854902
v -1.246573 0.773834 -0.837008
v -1.246573 0.773834 0.837009
v -1.246573 0.773834 0.854903
v 1.246573 0.773834 -0.837008
v 1.246573 0.773834 -0.854902
v 1.246573 0.773834 0.854903
v 1.246573 0.773834 0.837009
v -1.246573 0.107498 0.858717
v -1.246573 0.107498 0.833194
v -1.246573 0.107498 -0.833194
v -1.246573 0.107498 -0.858717
v 1.246573 0.107498 0.833194
v 1.246573 0.107498 0.858717
v 1.246573 0.107498 -0.858717
v 1.246573 0.107498 -0.833194
v -1.246573 0.777648 -0.858717
v -1.246573 0.777648 -0.833194
v -1.246573 0.777648 0.833194
v -1.246573 0.777648 0.858717
v 1.246573 0.777648 -0.833194
v 1.246573 0.777648 -0.858717
v 1.246573 0.777648 0.858717
v 1.246573 0.777648 0.833194
v -1.244004 0.111312 0.854903
v -1.244004 0.111312 0.837009
v -1.244004 0.111312 -0.837008
v -1.244004 0.111312 -0.854902
v 1.244003 0.111312 0.837009
v 1.244003 0.111312 0.854903
v 1.244003 0.111312 -0.854902
v 1.244003 0.111312 -0.837008
v -1.244004 0.773834 -0.854902
v -1.244004 0.773834 -0.837008
v -1.244004 0.773834 0.837009
v -1.244004 0.773834 0.854903
v 1.244003 0.773834 -0.837008
v 1.244003 0.773834 -0.854902
v 1.244003 0.773834 0.854903
v 1.244003 0.773834 0.837009
v 0.735369 0.074304 -0.990049
v 0.900000 0.074304 -0.990049
v -0.735369 0.074304 0.990050
v -0.900000 0.074304 0.990050
v -0.900000 0.810842 0.990050
v -0.735369 0.810842 0.990050
v 0.900000 0.810842 -0.990049
v 0.735369 0.810842 -0.990049
v -0.900000 0.074304 -0.990049
v -0.735369 0.074304 -0.990049
v 0.900000 0.074304 0.990050
v 0.735368 0.074304 0.990050
v 0.735369 0.810842 0.990050
v 0.900000 0.810842 0.990050
v -0.735369 0.810842 -0.990049
v -0.900000 0.810842 -0.990049
v 0.760934 0.099869 -0.983754
v 0.874434 0.099869 -0.983754
v -0.760935 0.099869 0.983754
v -0.874434 0.099869 0.983754
v -0.874434 0.785277 0.983754
v -0.760935 0.785277 0.983754
v 0.874434 0.785277 -0.983754
v 0.760934 0.785277 -0.983754
v -0.874434 0.099869 -0.983754
v -0.760935 0.099869 -0.983754
v 0.874434 0.099869 0.983754
v 0.760934 0.099869 0.983754
v 0.760934 0.785277 0.983754
v 0.874434 0.785277 0.983754
v -0.760935 0.785277 -0.983754
v -0.874434 0.785277 -0.983754
v 0.752430 0.091365 -0.983754
v 0.882939 0.091365 -0.983754
v -0.752430 0.091365 0.983754
v -0.882939 0.091365 0.983754
v -0.882939 0.793781 0.983754
v -0.752430 0.793781 0.983754
v 0.882939 0.793781 -0.983754
v 0.752430 0.793781 -0.983754
v -0.882939 0.091365 -0.983754
v -0.752430 0.091365 -0.983754
v 0.882939 0.091365 0.983754
v 0.752430 0.091365 0.983754
v 0.752430 0.793781 0.983754
v 0.882939 0.793781 0.983754
v -0.752430 0.793781 -0.983754
v -0.882939 0.793781 -0.983754
v 0.760934 0.785277 -0.990535
v 0.874434 0.785277 -0.990535
v -0.760935 0.785277 0.990535
v -0.874434 0.785277 0.990535
v -0.874434 0.099869 0.990535
v -0.760935 0.099869 0.990535
v 0.874434 0.099869 -0.990535
v 0.760934 0.099869 -0.990535
v -0.760935 0.609377 -0.983754
v -0.760935 0.619850 -0.983754
v 0.760934 0.619850 -0.983754
v 0.760934 0.609377 -0.983754
v 0.760934 0.609377 0.983754
v 0.760934 0.619850 0.983754
v -0.760935 0.619850 0.983754
v -0.760935 0.609377 0.983754
v 0.874434 0.619850 0.983754
v 0.874434 0.609377 0.983754
v -0.874434 0.609377 0.983754
v -0.874434 0.619850 0.983754
v -0.874434 0.619850 -0.983754
v -0.874434 0.609377 -0.983754
v 0.874434 0.609377 -0.983754
v 0.874434 0.619850 -0.983754
v -0.874434 0.099869 -0.990535
v -0.760935 0.099869 -0.990535
v 0.874434 0.099869 0.990535
v 0.760934 0.099869 0.990535
v 0.760934 0.785277 0.990535
v 0.874434 0.785277 0.990535
v -0.760935 0.785277 -0.990535
v -0.874434 0.785277 -0.990535
v -0.874434 0.619850 -0.990535
v -0.760935 0.619850 -0.990535
v -0.760935 0.609377 -0.990535
v -0.874434 0.609377 -0.990535
v 0.874434 0.619850 0.990535
v 0.760934 0.619850 0.990535
v 0.760934 0.609377 0.990535
v 0.874434 0.609377 0.990535
v -0.760935 0.619850 0.990535
v -0.874434 0.619850 0.990535
v -0.874434 0.609377 0.990535
v -0.760935 0.609377 0.990535
v 0.760934 0.619850 -0.990535
v 0.874434 0.619850 -0.990535
v 0.874434 0.609377 -0.990535
v 0.760934 0.609377 -0.990535
v -0.874434 0.702563 -0.990535
v 0.817684 0.619850 0.990535
v -0.817684 0.785277 -0.990535
v 0.817684 0.785277 -0.990535
v -0.817684 0.619850 0.990535
v 0.817684 0.785277 0.990535
v -0.817684 0.785277 0.990535
v -0.760935 0.702563 -0.990535
v -0.817684 0.619850 -0.990535
v 0.817684 0.619850 -0.990535
v 0.760934 0.702563 -0.990535
v 0.874434 0.702563 -0.990535
v 0.874434 0.702563 0.990535
v 0.760934 0.702563 0.990535
v -0.760935 0.702563 0.990535
v -0.874434 0.702563 0.990535
v -0.817684 0.702563 -0.990535
v -0.817684 0.702563 0.990535
v 0.817684 0.702563 -0.990535
v 0.817684 0.702563 0.990535
v 0.811314 0.708934 0.990535
v 0.811314 0.778906 0.990535
v 0.767305 0.778906 0.990535
v 0.767305 0.708934 0.990535
v 0.824055 0.708934 -0.990535
v 0.824055 0.778906 -0.990535
v 0.868064 0.778906 -0.990535
v 0.868064 0.708934 -0.990535
v -0.824055 0.708934 0.990535
v -0.824055 0.778906 0.990535
v -0.868064 0.778906 0.990535
v -0.868064 0.708934 0.990535
v -0.811314 0.708934 -0.990535
v -0.811314 0.778906 -0.990535
v -0.767305 0.778906 -0.990535
v -0.767305 0.708934 -0.990535
v -0.811314 0.626221 -0.990535
v -0.811314 0.696193 -0.990535
v -0.767305 0.696193 -0.990535
v -0.767305 0.626221 -0.990535
v -0.868064 0.626221 -0.990535
v -0.868064 0.696193 -0.990535
v -0.824055 0.696193 -0.990535
v -0.824055 0.626221 -0.990535
v -0.868064 0.708934 -0.990535
v -0.868064 0.778906 -0.990535
v -0.824055 0.778906 -0.990535
v -0.824055 0.708934 -0.990535
v -0.824055 0.626221 0.990535
v -0.824055 0.696193 0.990535
v -0.868064 0.696193 0.990535
v -0.868064 0.626221 0.990535
v -0.767305 0.626221 0.990535
v -0.767305 0.696193 0.990535
v -0.811314 0.696193 0.990535
v -0.811314 0.626221 0.990535
v -0.767305 0.708934 0.990535
v -0.767305 0.778906 0.990535
v -0.811314 0.778906 0.990535
v -0.811314 0.708934 0.990535
v 0.824055 0.626221 -0.990535
v 0.824055 0.696193 -0.990535
v 0.868064 0.696193 -0.990535
v 0.868064 0.626221 -0.990535
v 0.767305 0.626221 -0.990535
v 0.767305 0.696193 -0.990535
v 0.811314 0.696193 -0.990535
v 0.811314 0.626221 -0.990535
v 0.767305 0.708934 -0.990535
v 0.767305 0.778906 -0.990535
v 0.811314 0.778906 -0.990535
v 0.811314 0.708934 -0.990535
v 0.811314 0.626221 0.990535
v 0.811314 0.696193 0.990535
v 0.767305 0.696193 0.990535
v 0.767305 0.626221 0.990535
v 0.868064 0.626221 0.990535
v 0.868064 0.696193 0.990535
v 0.824055 0.696193 0.990535
v 0.824055 0.626221 0.990535
v 0.868064 0.708934 0.990535
v 0.868064 0.778906 0.990535
v 0.824055 0.778906 0.990535
v 0.824055 0.708934 0.990535
v 0.811314 0.778906 0.987902
v 0.811314 0.708934 0.987902
v 0.767305 0.708934 0.987902
v 0.767305 0.778906 0.987902
v 0.824055 0.778906 -0.987901
v 0.824055 0.708934 -0.987901
v 0.868064 0.708934 -0.987901
v 0.868064 0.778906 -0.987901
v -0.824055 0.778906 0.987902
v -0.824055 0.708934 0.987902
v -0.868064 0.708934 0.987902
v -0.868064 0.778906 0.987902
v -0.811314 0.778906 -0.987901
v -0.811314 0.708934 -0.987901
v -0.767305 0.708934 -0.987901
v -0.767305 0.778906 -0.987901
v -0.811314 0.696193 -0.987901
v -0.811314 0.626221 -0.987901
v -0.767305 0.626221 -0.987901
v -0.767305 0.696193 -0.987901
v -0.868064 0.626221 -0.987901
v -0.868064 0.696193 -0.987901
v -0.824055 0.626221 -0.987901
v -0.824055 0.696193 -0.987901
v -0.868064 0.708934 -0.987901
v -0.868064 0.778906 -0.987901
v -0.824055 0.708934 -0.987901
v -0.824055 0.778906 -0.987901
v -0.824055 0.696193 0.987902
v -0.824055 0.626221 0.987902
v -0.868064 0.626221 0.987902
v -0.868064 0.696193 0.987902
v -0.767305 0.696193 0.987902
v -0.767305 0.626221 0.987902
v -0.811314 0.626221 0.987902
v -0.811314 0.696193 0.987902
v -0.767305 0.778906 0.987902
v -0.767305 0.708934 0.987902
v -0.811314 0.708934 0.987902
v -0.811314 0.778906 0.987902
v 0.824055 0.696193 -0.987901
v 0.824055 0.626221 -0.987901
v 0.868064 0.626221 -0.987901
v 0.868064 0.696193 -0.987901
v 0.767305 0.696193 -0.987901
v 0.767305 0.626221 -0.987901
v 0.811314 0.626221 -0.987901
v 0.811314 0.696193 -0.987901
v 0.767305 0.778906 -0.987901
v 0.767305 0.708934 -0.987901
v 0.811314 0.708934 -0.987901
v 0.811314 0.778906 -0.987901
v 0.811314 0.696193 0.987902
v 0.811314 0.626221 0.987902
v 0.767305 0.626221 0.987902
v 0.767305 0.696193 0.987902
v 0.868064 0.626221 0.987902
v 0.868064 0.696193 0.987902
v 0.824055 0.626221 0.987902
v 0.824055 0.696193 0.987902
v 0.868064 0.708934 0.987902
v 0.868064 0.778906 0.987902
v 0.824055 0.708934 0.987902
v 0.824055 0.778906 0.987902
v 0.250000 0.074304 -0.990049
v -0.250000 0.074304 0.990050
v -0.250000 0.810842 0.990050
v 0.250000 0.810842 -0.990049
v -0.251203 0.052255 0.990050
v -0.269026 0.093349 0.990050
v -0.269025 0.791817 0.990050
v -0.708291 0.791817 0.990050
v -0.708291 0.093349 0.990050
v 0.269025 0.093349 -0.990049
v 0.269025 0.791817 -0.990049
v 0.708291 0.791817 -0.990049
v 0.708291 0.093349 -0.990049
v -0.269025 0.791817 0.983340
v -0.269026 0.093349 0.983340
v -0.708291 0.093349 0.983340
v -0.708291 0.791817 0.983340
v 0.269025 0.791817 -0.983339
v 0.269025 0.093349 -0.983339
v 0.708291 0.093349 -0.983339
v 0.708291 0.791817 -0.983339
v -0.274392 0.098715 0.983340
v -0.274392 0.786450 0.983340
v -0.702924 0.786450 0.983340
v -0.702924 0.098715 0.983340
v 0.274392 0.098715 -0.983339
v 0.274392 0.786450 -0.983339
v 0.702924 0.786450 -0.983339
v 0.702924 0.098715 -0.983339
v -0.274392 0.786450 1.000192
v -0.274392 0.098715 1.000192
v -0.702924 0.098715 1.000192
v -0.702924 0.786450 1.000192
v 0.274392 0.786450 -1.000192
v 0.274392 0.098715 -1.000192
v 0.702924 0.098715 -1.000192
v 0.702924 0.786450 -1.000192
v -0.287353 0.111676 1.000192
v -0.287353 0.773489 1.000192
v -0.689963 0.773489 1.000192
v -0.689963 0.111676 1.000192
v 0.287353 0.111676 -1.000192
v 0.287353 0.773489 -1.000192
v 0.689963 0.773489 -1.000192
v 0.689963 0.111676 -1.000192
v -0.287353 0.773489 0.995656
v -0.287353 0.111676 0.995656
v -0.689963 0.111676 0.995656
v -0.689963 0.773489 0.995656
v 0.287353 0.773489 -0.995655
v 0.287353 0.111676 -0.995655
v 0.689963 0.111676 -0.995655
v 0.689963 0.773489 -0.995655
v -0.294821 0.119145 0.995656
v -0.294821 0.766021 0.995656
v -0.682495 0.766021 0.995656
v -0.682495 0.119145 0.995656
v 0.294821 0.119145 -0.995655
v 0.294821 0.766021 -0.995655
v 0.682495 0.766021 -0.995655
v 0.682495 0.119145 -0.995655
v -0.294821 0.766021 0.991669
v -0.294821 0.119145 0.991669
v -0.682495 0.119145 0.991669
v -0.682495 0.766021 0.991669
v 0.294821 0.766021 -0.991668
v 0.294821 0.119145 -0.991668
v 0.682495 0.119145 -0.991668
v 0.682495 0.766021 -0.991668
v 0.711655 0.089965 0.990050
v 0.711655 0.795181 0.990050
v -0.711655 0.089965 -0.962664
v -0.711655 0.795181 -0.962664
v 0.234339 0.089965 -0.962664
v 0.234339 0.795181 -0.962664
v -0.234339 0.089965 0.962665
v 0.234339 0.795181 -0.990049
v -0.234339 0.795181 0.962665
v 0.234339 0.089965 -0.990049
v -0.234339 0.089965 0.990050
v -0.234339 0.795181 0.990050
v -0.711655 0.795181 -0.990049
v -0.711655 0.089965 -0.990049
v 0.711655 0.089965 0.962665
v 0.711655 0.795181 0.962665
v -0.698086 0.103533 -0.962664
v -0.698086 0.781613 -0.962664
v 0.220770 0.781613 -0.962664
v 0.220770 0.103533 -0.962664
v 0.698086 0.103533 0.962665
v 0.698086 0.781613 0.962665
v -0.220770 0.781613 0.962665
v -0.220771 0.103533 0.962665
v 0.220770 0.581166 -0.962664
v 0.220770 0.600379 -0.962664
v 0.698086 0.679966 0.962665
v -0.220771 0.205180 0.962665
v -0.220771 0.284767 0.962665
v -0.698086 0.402779 -0.962664
v 0.698086 0.402779 0.962665
v -0.698086 0.482367 -0.962664
v -0.698086 0.284767 -0.962664
v -0.698086 0.205180 -0.962664
v 0.698086 0.205180 0.962665
v -0.220771 0.106380 0.962665
v -0.698086 0.581166 -0.962664
v 0.698086 0.581166 0.962665
v 0.698086 0.501579 0.962665
v -0.220771 0.581166 0.962665
v 0.220770 0.303980 -0.962664
v -0.698086 0.699178 -0.962664
v 0.220770 0.778766 -0.962664
v -0.220771 0.699178 0.962665
v 0.698086 0.106380 0.962665
v -0.698086 0.106380 -0.962664
v -0.698086 0.185967 -0.962664
v 0.220770 0.185967 -0.962664
v -0.698086 0.303980 -0.962664
v 0.220770 0.383567 -0.962664
v 0.698086 0.383567 0.962665
v -0.698086 0.778766 -0.962664
v -0.220771 0.383567 0.962665
v -0.698086 0.383567 -0.962664
v 0.698086 0.185967 0.962665
v -0.698086 0.600379 -0.962664
v -0.698086 0.679966 -0.962664
v 0.220770 0.501579 -0.962664
v 0.698086 0.482367 0.962665
v -0.220771 0.185967 0.962665
v 0.220770 0.402779 -0.962664
v 0.220770 0.482367 -0.962664
v -0.220771 0.482367 0.962665
v -0.220771 0.402779 0.962665
v 0.220770 0.284767 -0.962664
v 0.220770 0.205180 -0.962664
v 0.698086 0.284767 0.962665
v -0.220771 0.679966 0.962665
v -0.220771 0.600379 0.962665
v 0.698086 0.600379 0.962665
v -0.698086 0.501579 -0.962664
v -0.220771 0.501579 0.962665
v -0.220771 0.303980 0.962665
v 0.698086 0.303980 0.962665
v 0.698086 0.699178 0.962665
v 0.698086 0.778766 0.962665
v -0.220771 0.778766 0.962665
v 0.220770 0.699178 -0.962664
v 0.220770 0.679966 -0.962664
v 0.220770 0.106380 -0.962664
v 0.698086 0.383567 0.968016
v -0.220771 0.383567 0.968016
v -0.698086 0.303980 -0.988852
v -0.698086 0.383567 -0.968015
v -0.698086 0.185967 -0.968015
v 0.220770 0.185967 -0.968015
v 0.698086 0.106380 0.988853
v 0.698086 0.185967 0.968016
v -0.698086 0.600379 -0.988852
v -0.698086 0.679966 -0.968015
v 0.220770 0.581166 -0.968015
v 0.220770 0.501579 -0.988852
v 0.220770 0.383567 -0.968015
v -0.698086 0.106380 -0.988852
v 0.698086 0.402779 0.988853
v 0.698086 0.482367 0.968016
v -0.220771 0.185967 0.968016
v 0.220770 0.600379 -0.988852
v -0.220771 0.284767 0.968016
v -0.220771 0.205180 0.988853
v 0.220770 0.402779 -0.988852
v -0.698086 0.402779 -0.988852
v 0.220770 0.482367 -0.968015
v -0.220771 0.482367 0.968016
v -0.220771 0.402779 0.988853
v -0.698086 0.205180 -0.988852
v -0.698086 0.284767 -0.968015
v 0.220770 0.284767 -0.968015
v 0.220770 0.205180 -0.988852
v 0.698086 0.205180 0.988853
v 0.698086 0.284767 0.968016
v -0.220771 0.679966 0.968016
v -0.220771 0.600379 0.988853
v 0.698086 0.600379 0.988853
v -0.698086 0.501579 -0.988852
v -0.698086 0.581166 -0.968015
v 0.698086 0.501579 0.988853
v 0.698086 0.581166 0.968016
v -0.220771 0.581166 0.968016
v -0.220771 0.501579 0.988853
v -0.220771 0.303980 0.988853
v 0.698086 0.303980 0.988853
v 0.698086 0.699178 0.988853
v 0.698086 0.778766 0.968016
v -0.220771 0.778766 0.968016
v -0.220771 0.699178 0.988853
v 0.220770 0.778766 -0.968015
v 0.220770 0.699178 -0.988852
v -0.698086 0.699178 -0.988852
v 0.220770 0.303980 -0.988852
v -0.220771 0.106380 0.988853
v 0.220770 0.679966 -0.968015
v 0.698086 0.679966 0.968016
v 0.220770 0.106380 -0.988852
v -0.698086 0.482367 -0.968015
v -0.698086 0.778766 -0.968015
v -0.779200 0.118135 0.990535
v -0.779200 0.591112 0.990535
v -0.856169 0.591112 0.990535
v -0.856169 0.118135 0.990535
v 0.779199 0.118135 -0.990535
v 0.779199 0.591112 -0.990535
v 0.856169 0.591112 -0.990535
v 0.856169 0.118135 -0.990535
v -0.779200 0.591112 0.984497
v -0.779200 0.118135 0.984497
v -0.856169 0.118135 0.984497
v -0.856169 0.591112 0.984497
v 0.779199 0.591112 -0.984496
v 0.779199 0.118135 -0.984496
v 0.856169 0.118135 -0.984496
v 0.856169 0.591112 -0.984496
v 0.250002 0.074304 -0.981623
v -0.253990 0.066251 0.981623
v -1.240049 0.074304 -0.279575
v -1.240049 0.074304 -0.800000
v 1.240049 0.074304 0.279576
v 1.240049 0.074304 0.800000
v -1.240049 0.810842 -0.800000
v -1.240049 0.810842 -0.279575
v 1.240049 0.810842 0.800000
v 1.240049 0.810842 0.279576
v -1.240049 0.074304 0.800000
v -1.240049 0.074304 0.279576
v 1.240049 0.074304 -0.800000
v 1.240049 0.074304 -0.279575
v -1.240049 0.810842 0.279576
v -1.240049 0.810842 0.800000
v 1.240049 0.810842 -0.279575
v 1.240049 0.810842 -0.800000
v -1.231619 0.114848 -0.320119
v -1.234498 0.116809 -0.744704
v 1.231619 0.114848 0.320120
v 1.234498 0.116809 0.744704
v -1.240049 0.776485 -0.765642
v -1.234498 0.755546 -0.322081
v 1.240049 0.776485 0.765643
v 1.234498 0.755546 0.322081
v -1.234498 0.116809 0.744704
v -1.231619 0.114848 0.320120
v 1.234498 0.116809 -0.744704
v 1.231619 0.114848 -0.320119
v -1.234498 0.755546 0.322081
v -1.240049 0.776485 0.765643
v 1.234498 0.755546 -0.322081
v 1.240049 0.776485 -0.765642
v -1.240049 0.108661 -0.313933
v -1.240049 0.108661 -0.765642
v 1.240049 0.108661 0.313933
v 1.240049 0.108661 0.765643
v -1.240049 0.108661 0.765643
v -1.240049 0.108661 0.313933
v 1.240049 0.108661 -0.765642
v 1.240049 0.108661 -0.313933
v 1.240049 0.776485 -0.313933
v 1.240049 0.776485 0.313933
v -1.240049 0.776485 0.313933
v -1.240049 0.776485 -0.313933
v -1.212625 0.148915 -0.354187
v -1.212625 0.148915 -0.725388
v 1.212625 0.148915 0.354187
v 1.212625 0.148915 0.725389
v -1.212625 0.148915 0.725389
v -1.212625 0.148915 0.354187
v 1.212625 0.148915 -0.725388
v 1.212625 0.148915 -0.354187
v 1.212625 0.736231 -0.354187
v 1.212625 0.736231 0.354187
v -1.212625 0.736231 0.354187
v -1.212625 0.736231 -0.354187
v -1.228551 0.114053 -0.319323
v -1.217987 0.141933 -0.347204
v 1.228551 0.114053 0.319324
v 1.217987 0.141933 0.347204
v -1.217987 0.141933 0.347204
v -1.228551 0.114053 0.319324
v 1.217987 0.141933 -0.347204
v 1.228551 0.114053 -0.319323
v -1.231597 0.115305 -0.744704
v 1.231597 0.115305 0.744704
v -1.231597 0.115305 0.744704
v 1.231597 0.115305 -0.744704
v 1.231597 0.755546 -0.320576
v 1.231597 0.755546 0.320577
v -1.231597 0.755546 0.320577
v -1.231597 0.755546 -0.320576
v -1.215275 0.139262 -0.720746
v 1.215275 0.139262 0.720746
v -1.215275 0.139262 0.720746
v 1.215275 0.139262 -0.720746
v 1.215275 0.731589 -0.344534
v 1.215275 0.731589 0.344534
v -1.215275 0.731589 0.344534
v -1.215275 0.731589 -0.344534
v 1.240049 0.583384 -0.270408
v 1.240049 0.583384 0.270408
v -1.240049 0.301762 0.270408
v -1.240049 0.301762 -0.270408
v 1.240049 0.074304 -0.270408
v 1.240049 0.074304 0.270408
v -1.240049 0.810842 -0.270408
v -1.240049 0.810842 0.270408
v -1.240049 0.583384 0.270408
v -1.240049 0.583384 -0.270408
v 1.240049 0.301762 0.270408
v 1.240049 0.301762 -0.270408
v 0.077862 0.889070 -0.562018
v 0.077862 0.889070 0.562019
v 1.042138 0.889070 0.562019
v 1.042138 0.889070 -0.562018
v 0.347586 0.889070 0.825000
v 0.772414 0.889070 0.825000
v 0.772414 0.889070 -0.825000
v 0.347585 0.889070 -0.825000
v 1.034244 0.993720 0.773570
v 1.034244 0.982040 0.773570
v 0.965841 0.982040 0.819679
v 0.965841 0.993720 0.819679
v 0.347586 0.889070 0.532781
v 0.772414 0.889070 0.532781
v 0.347585 0.889070 -0.532780
v 0.772414 0.889070 -0.532780
v 0.354666 0.889070 0.807213
v 0.765334 0.889070 0.807213
v 0.765334 0.889070 -0.807212
v 0.354666 0.889070 -0.807212
v 0.218534 1.109992 -0.532780
v 0.901466 1.109992 0.532781
v 0.354666 0.889070 0.532781
v 0.765334 0.889070 0.532781
v 0.354666 0.889070 -0.532780
v 0.765334 0.889070 -0.532780
v 0.777615 0.982040 -0.820430
v 0.777615 0.993720 -0.820430
v 0.342385 0.982040 0.820431
v 0.342385 0.993720 0.820431
v 0.777615 0.993720 0.820431
v 0.777615 0.982040 0.820431
v 0.349466 0.982040 0.802643
v 0.349466 0.993720 0.802643
v 0.770534 0.993720 0.802643
v 0.770534 0.982040 0.802643
v 0.342385 0.993720 -0.820430
v 0.342385 0.982040 -0.820430
v 1.042138 0.889070 0.775774
v 0.969111 0.889070 0.825000
v 0.150889 0.889070 0.825000
v 0.077862 0.889070 0.775774
v 0.969111 0.889070 -0.825000
v 1.042138 0.889070 -0.775773
v 0.077862 0.889070 -0.775773
v 0.150889 0.889070 -0.825000
v 0.770534 0.982040 -0.802642
v 0.770534 0.993720 -0.802642
v 0.349466 0.993720 -0.802642
v 0.349466 0.982040 -0.802642
v 0.086406 0.993720 -0.566368
v 0.086406 0.993720 -0.557668
v 0.086406 0.982040 -0.562018
v 0.086406 0.982040 0.562019
v 0.086406 0.993720 0.557669
v 0.086406 0.993720 0.566369
v 1.033594 0.993720 0.566369
v 1.033594 0.993720 0.557669
v 1.033594 0.982040 0.562019
v 1.033594 0.982040 -0.562018
v 1.033594 0.993720 -0.557668
v 1.033594 0.993720 -0.566368
v 0.772414 1.052955 0.825000
v 0.777619 1.090467 0.789312
v 0.342380 1.090467 0.789312
v 0.347586 1.052955 0.825000
v 0.347585 1.052955 -0.825000
v 0.342380 1.090467 -0.789311
v 0.777619 1.090467 -0.789311
v 0.772414 1.052955 -0.825000
v 0.770538 1.090467 0.770821
v 0.765334 1.052955 0.807213
v 0.354666 1.052955 0.807213
v 0.349462 1.090467 0.770821
v 0.349462 1.090467 -0.770820
v 0.354666 1.052955 -0.807212
v 0.765334 1.052955 -0.807212
v 0.770538 1.090467 -0.770820
v 0.953762 1.090467 0.789431
v 0.969111 1.052955 0.825000
v 0.993972 1.090467 0.762326
v 1.042138 1.052955 0.775774
v 0.126028 1.090467 0.762326
v 0.077862 1.052955 0.775774
v 0.166238 1.090467 0.789431
v 0.150889 1.052955 0.825000
v 0.993972 1.090467 -0.762325
v 1.042138 1.052955 -0.775773
v 0.953762 1.090467 -0.789430
v 0.969111 1.052955 -0.825000
v 0.166238 1.090467 -0.789430
v 0.150889 1.052955 -0.825000
v 0.126028 1.090467 -0.762325
v 0.077862 1.052955 -0.775773
v 0.218534 1.109992 0.532781
v 0.166909 1.114930 -0.481602
v 0.166909 1.090467 -0.532780
v 0.901466 1.109992 -0.532780
v 0.953090 1.114930 -0.481603
v 0.953090 1.090467 -0.532780
v 0.166909 1.114930 0.481603
v 0.166909 1.090467 0.532781
v 0.953091 1.114930 0.481603
v 0.953091 1.090467 0.532781
v 0.232862 1.131153 -0.532780
v 0.166909 1.137191 -0.481602
v 0.258330 1.154202 -0.532780
v 0.229142 1.217978 -0.499822
v 0.861670 1.154202 -0.532780
v 0.890858 1.217978 -0.499822
v 0.887138 1.131153 -0.532780
v 0.953090 1.137191 -0.481603
v 0.258330 1.154202 0.532781
v 0.229142 1.217978 0.499823
v 0.232862 1.131153 0.532781
v 0.166909 1.137191 0.481603
v 0.887138 1.131153 0.532781
v 0.953091 1.137191 0.481603
v 0.861670 1.154202 0.532781
v 0.890858 1.217978 0.499823
v 0.166909 1.090467 -0.557668
v 0.953090 1.090467 -0.557668
v 0.166909 1.090467 0.557669
v 0.953091 1.090467 0.557669
v 1.042138 0.993720 -0.557668
v 1.042138 0.965643 -0.562018
v 1.042138 0.993720 -0.566368
v 1.042138 0.993720 0.557669
v 1.042138 0.993720 0.566369
v 1.042138 0.965643 0.562019
v 0.077862 0.993720 0.557669
v 0.077862 0.965643 0.562019
v 0.077862 0.993720 0.566369
v 0.077862 0.993720 -0.557668
v 0.077862 0.993720 -0.566368
v 0.077862 0.965643 -0.562018
v 0.347585 0.965643 -0.825000
v 0.347585 0.993720 -0.825000
v 0.772414 0.993720 -0.825000
v 0.772414 0.965643 -0.825000
v 0.772414 0.965643 0.825000
v 0.772414 0.993720 0.825000
v 0.347586 0.993720 0.825000
v 0.347586 0.965643 0.825000
v 0.765334 0.965643 0.807213
v 0.765334 0.993720 0.807213
v 0.354666 0.993720 0.807213
v 0.354666 0.965643 0.807213
v 0.354666 0.965643 -0.807212
v 0.354666 0.993720 -0.807212
v 0.765334 0.993720 -0.807212
v 0.765334 0.965643 -0.807212
v 0.969111 0.993720 0.825000
v 0.969111 0.965643 0.825000
v 1.042138 0.965643 0.775774
v 1.042138 0.993720 0.775774
v 0.150889 0.965643 0.825000
v 0.150889 0.993720 0.825000
v 0.077862 0.993720 0.775774
v 0.077862 0.965643 0.775774
v 0.077862 0.965643 -0.775773
v 0.077862 0.993720 -0.775773
v 0.150889 0.993720 -0.825000
v 0.150889 0.965643 -0.825000
v 0.969111 0.965643 -0.825000
v 0.969111 0.993720 -0.825000
v 1.042138 0.993720 -0.775773
v 1.042138 0.965643 -0.775773
v 0.077862 1.052955 0.557669
v 0.077862 1.052955 0.566369
v 0.126028 1.090467 0.577301
v 0.119310 1.090467 0.557669
v 0.119310 1.090467 -0.557668
v 0.126028 1.090467 -0.577300
v 0.077862 1.052955 -0.566368
v 0.077862 1.052955 -0.557668
v 1.042138 1.052955 -0.557668
v 1.042138 1.052955 -0.566368
v 0.993972 1.090467 -0.577300
v 1.000690 1.090467 -0.557668
v 1.000690 1.090467 0.557669
v 0.993972 1.090467 0.577301
v 1.042138 1.052955 0.566369
v 1.042138 1.052955 0.557669
v 0.154159 0.982040 0.819679
v 0.154159 0.993720 0.819679
v 0.085756 0.993720 0.773570
v 0.085756 0.982040 0.773570
v 0.085756 0.982040 -0.773569
v 0.085756 0.993720 -0.773569
v 0.154159 0.993720 -0.819678
v 0.154159 0.982040 -0.819678
v 0.965841 0.982040 -0.819678
v 0.965841 0.993720 -0.819678
v 1.034244 0.993720 -0.773569
v 1.034244 0.982040 -0.773569
v 0.085756 1.049995 0.557669
v 0.085756 1.049995 0.566369
v 0.122580 1.083323 0.566369
v 0.122580 1.083323 0.557669
v 0.122580 1.083323 -0.557668
v 0.122580 1.083323 -0.566368
v 0.085756 1.049995 -0.566368
v 0.085756 1.049995 -0.557668
v 1.034244 1.049995 -0.557668
v 1.034244 1.049995 -0.566368
v 0.997420 1.083323 -0.566368
v 0.997420 1.083323 -0.557668
v 0.997420 1.083323 0.557669
v 0.997420 1.083323 0.566369
v 1.034244 1.049995 0.566369
v 1.034244 1.049995 0.557669
v 0.744432 0.915703 0.807213
v 0.744432 0.939010 0.807213
v 0.375568 0.939010 0.807213
v 0.375568 0.915703 0.807213
v 0.375568 0.915703 -0.807212
v 0.375568 0.939010 -0.807212
v 0.744432 0.939010 -0.807212
v 0.744432 0.915703 -0.807212
v 0.744432 0.939010 0.805163
v 0.744432 0.915703 0.805163
v 0.375568 0.915703 0.805163
v 0.375568 0.939010 0.805163
v 0.375568 0.939010 -0.805162
v 0.375568 0.915703 -0.805162
v 0.744432 0.915703 -0.805162
v 0.744432 0.939010 -0.805162
v 0.741244 0.918587 0.805163
v 0.741244 0.936125 0.805163
v 0.378756 0.936125 0.805163
v 0.378756 0.918587 0.805163
v 0.378756 0.918587 -0.805162
v 0.378756 0.936125 -0.805162
v 0.741244 0.936125 -0.805162
v 0.741244 0.918587 -0.805162
v 0.741244 0.936125 0.803933
v 0.741244 0.918587 0.803933
v 0.378756 0.918587 0.803933
v 0.378756 0.936125 0.803933
v 0.378756 0.936125 -0.803932
v 0.378756 0.918587 -0.803932
v 0.741244 0.918587 -0.803932
v 0.741244 0.936125 -0.803932
v 0.154174 1.090467 0.596274
v 0.154174 1.090467 0.754467
v 0.177885 1.090467 0.770450
v 0.320572 1.090467 0.770354
v 0.327659 1.090467 0.751848
v 0.792340 1.090467 0.751848
v 0.799428 1.090467 0.770354
v 0.942115 1.090467 0.770450
v 0.965826 1.090467 0.754467
v 0.965826 1.090467 0.596274
v 0.965826 1.090467 -0.596273
v 0.965826 1.090467 -0.754466
v 0.942115 1.090467 -0.770449
v 0.799428 1.090467 -0.770353
v 0.792341 1.090467 -0.751847
v 0.327659 1.090467 -0.751847
v 0.320572 1.090467 -0.770353
v 0.177885 1.090467 -0.770449
v 0.154174 1.090467 -0.754466
v 0.154174 1.090467 -0.596273
v 0.204612 1.116835 0.619476
v 0.204612 1.116835 0.728303
v 0.222219 1.116835 0.737472
v 0.342165 1.116835 0.737410
v 0.348477 1.116835 0.724676
v 0.771522 1.116835 0.724676
v 0.777835 1.116835 0.737410
v 0.897781 1.116835 0.737472
v 0.915388 1.116835 0.728303
v 0.915388 1.116835 0.619476
v 0.204612 1.116835 -0.619475
v 0.915388 1.116835 -0.619475
v 0.915388 1.116835 -0.728302
v 0.897781 1.116835 -0.737471
v 0.777835 1.116835 -0.737409
v 0.771523 1.116835 -0.724675
v 0.348477 1.116835 -0.724675
v 0.342165 1.116835 -0.737409
v 0.222219 1.116835 -0.737471
v 0.204612 1.116835 -0.728302
v 0.354666 1.090467 0.775349
v 0.347586 1.090467 0.793837
v 0.765334 1.090467 -0.775348
v 0.772414 1.090467 -0.793836
v 0.772414 1.090467 0.793837
v 0.765334 1.090467 0.775349
v 0.347585 1.090467 -0.793836
v 0.354666 1.090467 -0.775348
v 1.000690 1.090467 0.764202
v 0.956541 1.090467 0.793961
v 0.163459 1.090467 0.793961
v 0.119310 1.090467 0.764202
v 0.119310 1.090467 -0.764201
v 0.163458 1.090467 -0.793960
v 0.956541 1.090467 -0.793960
v 1.000690 1.090467 -0.764201
v 0.119310 1.090467 -0.566368
v 1.000690 1.090467 -0.566368
v 0.119310 1.090467 0.566369
v 1.000690 1.090467 0.566369
v 0.160892 1.090467 0.594398
v 0.160892 1.090467 0.752591
v 0.180665 1.090467 0.765920
v 0.315367 1.090467 0.765829
v 0.322455 1.090467 0.747320
v 0.797544 1.090467 0.747320
v 0.804633 1.090467 0.765829
v 0.939335 1.090467 0.765920
v 0.959108 1.090467 0.752591
v 0.959108 1.090467 0.594398
v 0.959108 1.090467 -0.594397
v 0.959108 1.090467 -0.752590
v 0.939335 1.090467 -0.765919
v 0.804633 1.090467 -0.765828
v 0.797544 1.090467 -0.747319
v 0.322456 1.090467 -0.747319
v 0.315367 1.090467 -0.765828
v 0.180665 1.090467 -0.765919
v 0.160892 1.090467 -0.752590
v 0.160892 1.090467 -0.594397
v 0.126028 1.088616 0.762326
v 0.154174 1.088616 0.754467
v 0.166238 1.088616 0.789431
v 0.177885 1.088616 0.770450
v 0.342380 1.088616 0.789312
v 0.320572 1.088616 0.770354
v 0.349462 1.088616 0.770821
v 0.327659 1.088616 0.751848
v 0.770538 1.088616 0.770821
v 0.792340 1.088616 0.751848
v 0.777619 1.088616 0.789312
v 0.799428 1.088616 0.770354
v 0.953762 1.088616 0.789431
v 0.942115 1.088616 0.770450
v 0.993972 1.088616 0.762326
v 0.965826 1.088616 0.754467
v 0.993972 1.088616 -0.762325
v 0.965826 1.088616 -0.754466
v 0.953762 1.088616 -0.789430
v 0.942115 1.088616 -0.770449
v 0.777619 1.088616 -0.789311
v 0.799428 1.088616 -0.770353
v 0.770538 1.088616 -0.770820
v 0.792341 1.088616 -0.751847
v 0.349462 1.088616 -0.770820
v 0.327659 1.088616 -0.751847
v 0.342380 1.088616 -0.789311
v 0.320572 1.088616 -0.770353
v 0.166238 1.088616 -0.789430
v 0.177885 1.088616 -0.770449
v 0.126028 1.088616 -0.762325
v 0.154174 1.088616 -0.754466
v 0.126028 1.088616 -0.577300
v 0.993972 1.088616 -0.577300
v 0.126028 1.088616 0.577301
v 0.993972 1.088616 0.577301
v 0.154174 1.088616 0.596274
v 0.965826 1.088616 0.596274
v 0.965826 1.088616 -0.596273
v 0.154174 1.088616 -0.596273
v 0.166909 1.090467 -0.499822
v 0.166909 1.161654 -0.499822
v 0.166909 1.161654 0.499823
v 0.166909 1.090467 0.499823
v 0.953090 1.161654 -0.499822
v 0.953090 1.090467 -0.499822
v 0.953091 1.090467 0.499823
v 0.953091 1.161654 0.499823
v 0.169181 1.118898 -0.478647
v 0.169181 1.133223 -0.478647
v 0.169181 1.133223 0.478648
v 0.169181 1.118898 0.478648
v 0.950818 1.133223 -0.478647
v 0.950818 1.118898 -0.478647
v 0.950818 1.118898 0.478648
v 0.950818 1.133223 0.478648
v 0.169181 1.114930 -0.481602
v 0.169181 1.137191 -0.481602
v 0.169181 1.137191 0.481603
v 0.169181 1.114930 0.481603
v 0.950818 1.137191 -0.481603
v 0.950818 1.114930 -0.481603
v 0.950818 1.114930 0.481603
v 0.950818 1.137191 0.481603
v 0.170454 1.118898 -0.478647
v 0.170454 1.133223 -0.478647
v 0.170454 1.133223 0.478648
v 0.170454 1.118898 0.478648
v 0.949546 1.133223 -0.478647
v 0.949546 1.118898 -0.478647
v 0.949546 1.118898 0.478648
v 0.949546 1.133223 0.478648
v 0.215802 1.143324 0.532781
v 0.249394 1.173727 0.532781
v 0.249394 1.173727 -0.532780
v 0.215802 1.143324 -0.532780
v 0.870606 1.173727 0.532781
v 0.904198 1.143324 0.532781
v 0.904198 1.143324 -0.532780
v 0.870606 1.173727 -0.532780
v 0.939987 1.090467 -0.532780
v 0.180012 1.090467 -0.532780
v 0.180012 1.090467 0.532781
v 0.939988 1.090467 0.532781
v 0.232862 1.131153 0.527641
v 0.258330 1.154202 0.527641
v 0.258330 1.154202 -0.527640
v 0.232862 1.131153 -0.527640
v 0.861670 1.154202 0.527641
v 0.887138 1.131153 0.527641
v 0.887138 1.131153 -0.527640
v 0.861670 1.154202 -0.527640
v 0.901466 1.109992 -0.527640
v 0.218534 1.109992 -0.527640
v 0.218534 1.109992 0.527641
v 0.901466 1.109992 0.527641
v 0.910855 1.726459 -0.557214
v 0.910855 1.726459 0.557215
v 0.910855 1.673542 -0.557214
v 0.910855 1.673542 0.557215
v 0.586459 1.349145 -0.557214
v 0.586458 1.349145 0.557215
v 0.209145 1.673542 -0.557214
v 0.209145 1.673542 0.557215
v 0.209145 1.726459 -0.557214
v 0.209145 1.726459 0.557215
v 0.533541 2.050855 -0.557214
v 0.533541 2.050855 0.537626
v 0.533541 2.050855 -0.537625
v 0.209145 1.726459 0.537626
v 0.209145 1.726459 -0.537625
v 0.209145 1.673542 0.537626
v 0.209145 1.673542 -0.537625
v 0.586458 1.349145 0.537626
v 0.586459 1.349145 -0.537625
v 0.910855 1.673542 0.537626
v 0.910855 1.673542 -0.537625
v 0.910855 1.726459 0.537626
v 0.910855 1.726459 -0.537625
v 0.935164 1.855398 -0.571590
v 0.935164 1.544602 -0.571590
v 0.935164 1.544602 0.571591
v 0.935164 1.855398 0.571591
v 0.715398 1.324836 -0.571590
v 0.404602 1.324836 -0.571590
v 0.404602 1.324836 0.571591
v 0.715398 1.324836 0.571591
v 0.184836 1.544602 -0.571590
v 0.184836 1.855398 -0.571590
v 0.184836 1.855398 0.571591
v 0.184836 1.544602 0.571591
v 0.404602 2.075164 -0.571590
v 0.715398 2.075164 -0.571590
v 0.715398 2.075164 0.571591
v 0.404602 2.075164 0.571591
v 0.715398 2.075164 0.523250
v 0.404602 2.075164 -0.523249
v 0.184836 1.855398 -0.523249
v 0.184836 1.544602 -0.523249
v 0.404602 1.324836 -0.523249
v 0.715398 1.324836 -0.523249
v 0.935164 1.544602 -0.523249
v 0.935164 1.855398 -0.523249
v 0.715398 2.075164 -0.523249
v 0.404602 2.075164 0.523250
v 0.184836 1.855398 0.523250
v 0.184836 1.544602 0.523250
v 0.404602 1.324836 0.523250
v 0.715398 1.324836 0.523250
v 0.935164 1.544602 0.523250
v 0.935164 1.855398 0.523250
v 0.552820 1.753818 0.538616
v 0.567179 1.646183 0.538616
v 0.552820 1.646183 0.538616
v 0.552820 1.646183 0.556225
v 0.567179 1.646183 0.556225
v 0.567179 1.753818 0.556225
v 0.533541 1.349145 0.537626
v 0.586459 2.050855 0.537626
v 0.533541 1.349145 0.557215
v 0.506182 1.707180 0.556225
v 0.533541 2.050855 0.557215
v 0.586459 2.050855 0.557215
v 0.567179 1.753818 0.538616
v 0.567180 1.753818 -0.538615
v 0.567180 1.646183 -0.538615
v 0.567180 1.646183 -0.556224
v 0.552820 1.646183 -0.556224
v 0.533541 1.349145 -0.537625
v 0.506182 1.707180 -0.538615
v 0.586459 2.050855 -0.537625
v 0.613818 1.707180 -0.556224
v 0.586459 2.050855 -0.557214
v 0.533541 1.349145 -0.557214
v 0.506182 1.692821 -0.538615
v 0.552820 1.753818 -0.556224
v 0.935164 1.759017 -0.563872
v 0.935164 1.640983 -0.563872
v 0.935164 1.640983 0.563872
v 0.935164 1.759017 0.563872
v 0.184836 1.640983 -0.563872
v 0.184836 1.759017 -0.563872
v 0.184836 1.759017 0.563872
v 0.184836 1.640983 0.563872
v 0.935164 1.759017 0.530968
v 0.935164 1.640983 0.530968
v 0.935164 1.759017 -0.530968
v 0.935164 1.640983 -0.530968
v 0.184836 1.640983 0.530968
v 0.184836 1.759017 0.530968
v 0.184836 1.640983 -0.530968
v 0.184836 1.759017 -0.530968
v 0.619017 2.075164 0.530968
v 0.500983 2.075164 0.530968
v 0.619017 1.324836 0.530968
v 0.506182 1.707180 0.538616
v 0.613817 1.692821 0.538616
v 0.613817 1.707180 0.538616
v 0.506182 1.692821 0.538616
v 0.500983 1.324836 0.530968
v 0.500983 2.075164 0.563872
v 0.613817 1.692821 0.556225
v 0.506182 1.692821 0.556225
v 0.552820 1.753818 0.556225
v 0.500983 1.324836 0.563872
v 0.613817 1.707180 0.556225
v 0.619017 1.324836 0.563872
v 0.619017 2.075164 0.563872
v 0.619017 2.075164 -0.563872
v 0.613818 1.692821 -0.538615
v 0.567180 1.753818 -0.556224
v 0.619017 1.324836 -0.530968
v 0.613818 1.692821 -0.556224
v 0.506182 1.692821 -0.556224
v 0.619017 1.324836 -0.563872
v 0.500983 1.324836 -0.530968
v 0.500983 1.324836 -0.563872
v 0.552820 1.646183 -0.538615
v 0.613818 1.707180 -0.538615
v 0.500983 2.075164 -0.563872
v 0.500983 2.075164 -0.530968
v 0.619017 2.075164 -0.530968
v 0.552820 1.753818 -0.538615
v 0.506182 1.707180 -0.556224
v 0.509275 1.731320 0.538689
v 0.528680 1.750725 0.538689
v 0.544894 1.745188 0.538821
v 0.551785 1.729509 0.539194
v 0.530491 1.708215 0.539194
v 0.514812 1.715106 0.538821
v 0.610725 1.668680 0.538689
v 0.591320 1.649275 0.538689
v 0.575106 1.654812 0.538821
v 0.568215 1.670491 0.539194
v 0.589508 1.691785 0.539194
v 0.605188 1.684894 0.538821
v 0.591320 1.750725 0.538689
v 0.610725 1.731320 0.538689
v 0.605188 1.715106 0.538821
v 0.589508 1.708215 0.539194
v 0.568215 1.729509 0.539194
v 0.575106 1.745188 0.538821
v 0.528680 1.649275 0.538689
v 0.509275 1.668680 0.538689
v 0.514812 1.684894 0.538821
v 0.530491 1.691785 0.539194
v 0.551785 1.670491 0.539194
v 0.544894 1.654812 0.538821
v 0.591320 1.649275 0.556151
v 0.610725 1.668680 0.556151
v 0.605188 1.684894 0.556019
v 0.589508 1.691785 0.555646
v 0.568215 1.670491 0.555646
v 0.575106 1.654812 0.556019
v 0.509275 1.668680 0.556151
v 0.528680 1.649275 0.556151
v 0.544894 1.654812 0.556019
v 0.551785 1.670491 0.555646
v 0.530491 1.691785 0.555646
v 0.514812 1.684894 0.556019
v 0.528680 1.750725 0.556151
v 0.509275 1.731320 0.556151
v 0.514812 1.715106 0.556019
v 0.530491 1.708215 0.555646
v 0.551785 1.729509 0.555646
v 0.544894 1.745188 0.556019
v 0.610725 1.731320 0.556151
v 0.591320 1.750725 0.556151
v 0.575106 1.745188 0.556019
v 0.568215 1.729509 0.555646
v 0.589508 1.708215 0.555646
v 0.605188 1.715106 0.556019
v 0.591320 1.649275 -0.538689
v 0.610725 1.668680 -0.538689
v 0.605188 1.684894 -0.538821
v 0.589508 1.691785 -0.539194
v 0.568215 1.670491 -0.539194
v 0.575106 1.654812 -0.538821
v 0.591320 1.750725 -0.556151
v 0.610725 1.731320 -0.556151
v 0.605188 1.715106 -0.556019
v 0.589508 1.708215 -0.555646
v 0.568215 1.729509 -0.555646
v 0.575106 1.745188 -0.556019
v 0.610725 1.668680 -0.556151
v 0.591320 1.649275 -0.556151
v 0.575106 1.654812 -0.556019
v 0.568215 1.670492 -0.555646
v 0.589508 1.691785 -0.555646
v 0.605188 1.684894 -0.556019
v 0.528680 1.649275 -0.556151
v 0.509275 1.668680 -0.556151
v 0.514812 1.684894 -0.556019
v 0.530491 1.691785 -0.555646
v 0.551785 1.670491 -0.555646
v 0.544894 1.654812 -0.556019
v 0.509275 1.668680 -0.538689
v 0.528680 1.649275 -0.538689
v 0.544894 1.654812 -0.538821
v 0.551785 1.670491 -0.539194
v 0.530491 1.691785 -0.539194
v 0.514812 1.684894 -0.538821
v 0.610725 1.731320 -0.538689
v 0.591320 1.750725 -0.538689
v 0.575106 1.745188 -0.538821
v 0.568215 1.729509 -0.539194
v 0.589508 1.708215 -0.539194
v 0.605188 1.715106 -0.538821
v 0.528680 1.750725 -0.538689
v 0.509275 1.731320 -0.538689
v 0.514812 1.715106 -0.538821
v 0.530491 1.708215 -0.539194
v 0.551785 1.729509 -0.539194
v 0.544894 1.745188 -0.538821
v 0.509275 1.731320 -0.556151
v 0.528680 1.750725 -0.556151
v 0.544894 1.745188 -0.556019
v 0.551785 1.729509 -0.555646
v 0.530491 1.708215 -0.555646
v 0.514812 1.715106 -0.556019
v 0.724981 2.098299 -0.571590
v 0.740649 2.136125 -0.533765
v 0.996125 1.880649 -0.533765
v 0.958299 1.864981 -0.571590
v 0.958299 1.864981 0.571591
v 0.996125 1.880649 0.533765
v 0.740649 2.136125 0.533765
v 0.724981 2.098299 0.571591
v 0.996125 1.519351 -0.533765
v 0.958299 1.535019 -0.571590
v 0.958299 1.535019 0.571591
v 0.996125 1.519351 0.533765
v 0.740649 1.263875 -0.533765
v 0.724981 1.301701 -0.571590
v 0.724981 1.301701 0.571591
v 0.740649 1.263875 0.533765
v 0.379351 1.263875 -0.533765
v 0.395019 1.301701 -0.571590
v 0.395019 1.301701 0.571591
v 0.379351 1.263875 0.533765
v 0.123875 1.519351 -0.533765
v 0.161701 1.535019 -0.571590
v 0.161701 1.535019 0.571591
v 0.123875 1.519351 0.533765
v 0.123875 1.880649 -0.533765
v 0.161701 1.864981 -0.571590
v 0.161701 1.864981 0.571591
v 0.123875 1.880649 0.533765
v 0.379351 2.136125 -0.533765
v 0.395019 2.098299 -0.571590
v 0.395019 2.098299 0.571591
v 0.379351 2.136125 0.533765
v 0.740649 2.136125 -0.374302
v 0.740649 2.136125 -0.255870
v 0.740649 2.136125 0.255870
v 0.740649 2.136125 0.374303
v 0.996125 1.880649 0.255870
v 0.996125 1.880649 0.374303
v 0.996125 1.880649 -0.374302
v 0.996125 1.880649 -0.255870
v 0.379351 2.136125 -0.255870
v 0.379351 2.136125 -0.374302
v 0.379351 2.136125 0.374303
v 0.379351 2.136125 0.255870
v 0.996125 1.519351 0.255870
v 0.996125 1.519351 0.374303
v 0.996125 1.519351 -0.374302
v 0.996125 1.519351 -0.255870
v 0.740649 1.263875 0.374303
v 0.740649 1.263875 0.255870
v 0.740649 1.263875 -0.255870
v 0.740649 1.263875 -0.374302
v 0.379351 1.263875 0.255870
v 0.379351 1.263875 0.374303
v 0.379351 1.263875 -0.374302
v 0.379351 1.263875 -0.255870
v 0.123875 1.519351 0.255870
v 0.123875 1.519351 0.374303
v 0.123875 1.519351 -0.374302
v 0.123875 1.519351 -0.255870
v 0.123875 1.880649 0.255870
v 0.123875 1.880649 0.374303
v 0.123875 1.880649 -0.374302
v 0.123875 1.880649 -0.255870
v 1.000458 1.500798 -0.272628
v 0.759202 1.259542 -0.357543
v 0.759202 1.259542 0.357544
v 0.759202 1.259542 0.272629
v 1.012308 1.887352 -0.374302
v 1.012308 1.887352 -0.255870
v 1.012308 1.887352 0.255870
v 1.012308 1.887352 0.374303
v 0.107692 1.887352 -0.374302
v 0.107692 1.887352 -0.255870
v 0.372648 2.152308 -0.255870
v 0.372648 2.152308 -0.374302
v 0.107692 1.887352 0.255870
v 0.107692 1.887352 0.374303
v 0.372648 2.152308 0.374303
v 0.372648 2.152308 0.255870
v 0.119542 1.500798 0.272629
v 0.360797 1.259542 -0.357544
v 0.360797 1.259542 0.272629
v 0.747352 2.152308 -0.374302
v 0.747352 2.152308 -0.255870
v 0.747352 2.152308 0.255870
v 0.747352 2.152308 0.374303
v 0.990594 1.521642 0.462461
v 0.990594 1.521642 0.445607
v 0.738358 1.269406 0.462461
v 0.738358 1.269406 0.445607
v 0.381642 2.130594 0.445607
v 0.381642 2.130594 0.465866
v 0.129406 1.878358 0.445607
v 0.129406 1.878358 0.465866
v 0.129406 1.521642 0.445607
v 0.129406 1.521642 0.465866
v 0.381642 1.269406 0.465866
v 0.381642 1.269406 0.445607
v 0.990594 1.878358 0.445607
v 0.990594 1.878358 0.462461
v 0.738358 2.130594 0.462461
v 0.738358 2.130594 0.445607
v 0.740649 2.136125 0.442202
v 0.740649 2.136125 0.465866
v 0.996125 1.880649 0.465866
v 0.996125 1.880649 0.442202
v 0.379351 2.136125 0.465866
v 0.379351 2.136125 0.442202
v 0.996125 1.519351 0.442202
v 0.996125 1.519351 0.465866
v 0.123875 1.880649 0.465866
v 0.123875 1.880649 0.442202
v 0.740649 1.263875 0.442202
v 0.740649 1.263875 0.465866
v 0.379351 1.263875 0.442202
v 0.379351 1.263875 0.465866
v 0.123875 1.519351 0.465866
v 0.123875 1.519351 0.442202
v 0.379351 2.136125 -0.465865
v 0.379351 2.136125 -0.442202
v 0.740649 2.136125 -0.442202
v 0.740649 2.136125 -0.465865
v 0.996125 1.880649 -0.442202
v 0.996125 1.880649 -0.465865
v 0.996125 1.519351 -0.442202
v 0.996125 1.519351 -0.465865
v 0.123875 1.880649 -0.442202
v 0.123875 1.880649 -0.465865
v 0.740649 1.263875 -0.465865
v 0.740649 1.263875 -0.442202
v 0.379351 1.263875 -0.442202
v 0.379351 1.263875 -0.465865
v 0.123875 1.519351 -0.442202
v 0.123875 1.519351 -0.465865
v 0.381642 2.130594 -0.462460
v 0.381642 2.130594 -0.445607
v 0.738358 2.130594 -0.445607
v 0.738358 2.130594 -0.462460
v 0.990594 1.878358 -0.445607
v 0.990594 1.878358 -0.462460
v 0.738358 1.269406 -0.462460
v 0.738358 1.269406 -0.442202
v 0.381642 1.269406 -0.442202
v 0.381642 1.269406 -0.462460
v 0.129406 1.521642 -0.442202
v 0.129406 1.521642 -0.462460
v 0.129406 1.878358 -0.442202
v 0.129406 1.878358 -0.462460
v 0.990594 1.521642 -0.445607
v 0.990594 1.521642 -0.462460
v 0.990594 1.521642 0.442202
v 0.990594 1.878358 0.442202
v 0.738358 1.269406 0.442202
v 0.381642 1.269406 0.442202
v 0.738358 1.269406 -0.465865
v 0.990594 1.521642 -0.465865
v 0.990594 1.878358 -0.465865
v 0.129406 1.878358 -0.465865
v 0.129406 1.521642 -0.465865
v 0.381642 1.269406 -0.465865
v 0.381642 2.130594 0.442202
v 0.129406 1.878358 0.442202
v 0.129406 1.521642 0.442202
v 0.738358 2.130594 -0.442202
v 0.990594 1.878358 -0.442202
v 0.381642 2.130594 -0.442202
v 0.738358 2.130594 0.465866
v 0.990594 1.878358 0.465866
v 0.990594 1.521642 -0.442202
v 0.738358 1.269406 -0.445607
v 0.738358 2.130594 -0.465865
v 0.381642 2.130594 -0.465865
v 0.381642 1.269406 -0.445607
v 0.129406 1.521642 -0.445607
v 0.129406 1.878358 -0.445607
v 0.990594 1.521642 0.465866
v 0.738358 1.269406 0.465866
v 0.381642 1.269406 0.462461
v 0.738358 2.130594 0.442202
v 0.129406 1.521642 0.462461
v 0.129406 1.878358 0.462461
v 0.381642 2.130594 0.462461
v 0.737994 1.270286 -0.462460
v 0.737994 1.270286 -0.445607
v 0.382006 1.270286 0.445607
v 0.382006 1.270286 0.462461
v 0.989714 1.522007 -0.445607
v 0.989714 1.522007 -0.462460
v 0.130286 1.877994 -0.445607
v 0.130286 1.877994 -0.462460
v 0.130285 1.522007 -0.445607
v 0.130285 1.522007 -0.462460
v 0.382006 1.270286 -0.445607
v 0.382006 1.270286 -0.462460
v 0.382006 2.129714 -0.462460
v 0.382006 2.129714 -0.445607
v 0.737994 2.129714 -0.445607
v 0.737994 2.129714 -0.462460
v 0.989714 1.877994 -0.445607
v 0.989714 1.877994 -0.462460
v 0.382006 2.129714 0.462461
v 0.382006 2.129714 0.445607
v 0.130286 1.877994 0.462461
v 0.130286 1.877994 0.445607
v 0.130285 1.522007 0.462461
v 0.130285 1.522007 0.445607
v 0.737993 2.129714 0.445607
v 0.737993 2.129714 0.462461
v 0.989714 1.522007 0.445607
v 0.989714 1.522007 0.462461
v 0.989714 1.877994 0.462461
v 0.989714 1.877994 0.445607
v 0.737993 1.270285 0.445607
v 0.737993 1.270285 0.462461
v 0.910855 1.732538 -0.563293
v 0.910855 1.667462 -0.563293
v 0.910855 1.667462 0.563294
v 0.910855 1.732538 0.563294
v 0.209145 1.667462 -0.563293
v 0.209145 1.732538 -0.563293
v 0.209145 1.732538 0.563294
v 0.209145 1.667462 0.563294
v 0.910855 1.732538 0.531547
v 0.910855 1.667462 0.531547
v 0.910855 1.732538 -0.531546
v 0.910855 1.667462 -0.531546
v 0.209145 1.667462 0.531547
v 0.209145 1.732538 0.531547
v 0.209145 1.667462 -0.531546
v 0.209145 1.732538 -0.531546
v 0.592538 2.050855 0.531547
v 0.527462 2.050855 0.531547
v 0.592537 1.349145 0.531547
v 0.527462 1.349145 0.531547
v 0.527462 1.349145 0.563294
v 0.592537 1.349145 0.563294
v 0.592538 2.050855 0.563294
v 0.527462 2.050855 0.563294
v 0.592537 1.349145 -0.531546
v 0.527462 1.349145 -0.531546
v 0.592537 1.349145 -0.563293
v 0.527462 1.349145 -0.563293
v 0.527462 2.050855 -0.563293
v 0.592538 2.050855 -0.563293
v 0.527462 2.050855 -0.531546
v 0.592538 2.050855 -0.531546
v 0.912481 1.724125 -0.554881
v 0.912481 1.675875 -0.554881
v 0.912481 1.675875 0.554881
v 0.912481 1.724125 0.554881
v 0.207519 1.675875 -0.554881
v 0.207519 1.724125 -0.554881
v 0.207519 1.724125 0.554881
v 0.207519 1.675875 0.554881
v 0.912481 1.724125 0.539959
v 0.912481 1.675875 0.539959
v 0.912481 1.724125 -0.539958
v 0.912481 1.675875 -0.539958
v 0.207519 1.675875 0.539959
v 0.207519 1.724125 0.539959
v 0.207519 1.675875 -0.539959
v 0.207519 1.724125 -0.539959
v 0.584125 2.052481 0.539959
v 0.535875 2.052481 0.539959
v 0.584125 1.347519 0.539959
v 0.535875 1.347519 0.539959
v 0.535875 1.347519 0.554881
v 0.584125 1.347519 0.554881
v 0.584125 2.052481 0.554881
v 0.535875 2.052481 0.554881
v 0.584125 1.347519 -0.539959
v 0.535875 1.347519 -0.539959
v 0.584125 1.347519 -0.554881
v 0.535875 1.347519 -0.554881
v 0.535875 2.052481 -0.554881
v 0.584125 2.052481 -0.554881
v 0.535875 2.052481 -0.539958
v 0.584125 2.052481 -0.539958
v 0.912481 1.726459 -0.557214
v 0.912481 1.673542 -0.557214
v 0.912481 1.673541 0.557215
v 0.912481 1.726459 0.557215
v 0.207519 1.673542 -0.557214
v 0.207519 1.726459 -0.557214
v 0.207519 1.726459 0.557215
v 0.207519 1.673542 0.557215
v 0.912481 1.726459 0.537626
v 0.912481 1.673541 0.537626
v 0.912481 1.726459 -0.537625
v 0.912481 1.673542 -0.537625
v 0.207519 1.673542 0.537626
v 0.207519 1.726459 0.537626
v 0.207519 1.673542 -0.537625
v 0.207519 1.726459 -0.537625
v 0.586459 2.052481 0.537626
v 0.533541 2.052481 0.537626
v 0.586458 1.347519 0.537626
v 0.533541 1.347519 0.537626
v 0.533541 1.347519 0.557215
v 0.586458 1.347519 0.557215
v 0.586459 2.052481 0.557215
v 0.533541 2.052481 0.557215
v 0.586459 1.347519 -0.537625
v 0.533541 1.347519 -0.537625
v 0.586459 1.347519 -0.557214
v 0.533541 1.347519 -0.557214
v 0.533541 2.052481 -0.557214
v 0.586459 2.052481 -0.557214
v 0.533541 2.052481 -0.537625
v 0.586459 2.052481 -0.537625
v 0.913825 1.724125 -0.554881
v 0.913825 1.675875 -0.554881
v 0.913825 1.675875 0.554881
v 0.913825 1.724125 0.554881
v 0.206175 1.675875 -0.554881
v 0.206175 1.724125 -0.554881
v 0.206175 1.724125 0.554881
v 0.206175 1.675875 0.554881
v 0.913825 1.724125 0.539959
v 0.913825 1.675875 0.539959
v 0.913825 1.724125 -0.539958
v 0.913825 1.675875 -0.539958
v 0.206175 1.675875 0.539959
v 0.206175 1.724125 0.539959
v 0.206175 1.675875 -0.539959
v 0.206175 1.724125 -0.539959
v 0.584125 2.053825 0.539959
v 0.535875 2.053825 0.539959
v 0.584125 1.346175 0.539959
v 0.535875 1.346175 0.539959
v 0.535875 1.346175 0.554881
v 0.584125 1.346175 0.554881
v 0.584125 2.053825 0.554881
v 0.535875 2.053825 0.554881
v 0.584125 1.346175 -0.539959
v 0.535875 1.346175 -0.539959
v 0.584125 1.346175 -0.554881
v 0.535875 1.346175 -0.554881
v 0.535875 2.053825 -0.554881
v 0.584125 2.053825 -0.554881
v 0.535875 2.053825 -0.539958
v 0.584125 2.053825 -0.539958
v 0.589508 1.691785 0.552146
v 0.568215 1.670491 0.552146
v 0.551785 1.670491 0.552146
v 0.530491 1.691785 0.552146
v 0.530491 1.708215 0.552146
v 0.551785 1.729509 0.552146
v 0.568215 1.729509 0.552146
v 0.589508 1.708215 0.552146
v 0.589508 1.708215 -0.552146
v 0.568215 1.729509 -0.552146
v 0.568215 1.670491 -0.552146
v 0.589508 1.691785 -0.552146
v 0.530491 1.691785 -0.552146
v 0.551785 1.670491 -0.552146
v 0.551785 1.729509 -0.552146
v 0.530491 1.708215 -0.552146
v 1.012308 1.512648 -0.374302
v 1.012308 1.512648 -0.255870
v 0.747352 1.247692 -0.255870
v 0.747352 1.247692 -0.374302
v 1.012308 1.512648 0.255870
v 1.012308 1.512648 0.374303
v 0.747352 1.247692 0.374303
v 0.747352 1.247692 0.255870
v 0.107692 1.512648 -0.374302
v 0.107692 1.512648 -0.255870
v 0.107692 1.512648 0.255870
v 0.107692 1.512648 0.374303
v 0.372648 1.247692 -0.374302
v 0.372648 1.247692 -0.255870
v 0.372648 1.247692 0.255870
v 0.372648 1.247692 0.374303
v 1.004334 1.479115 -0.357543
v 1.004334 1.479115 -0.272628
v 0.777275 1.252056 -0.272628
v 0.777275 1.252056 -0.357543
v 1.004334 1.479115 0.272629
v 1.004334 1.479115 0.357544
v 0.777275 1.252056 0.357544
v 0.777275 1.252056 0.272629
v 0.115666 1.479115 -0.357544
v 0.115666 1.479115 -0.272629
v 0.115666 1.479115 0.272629
v 0.115666 1.479115 0.357544
v 0.342725 1.252056 -0.357544
v 0.342725 1.252056 -0.272629
v 0.342725 1.252056 0.272629
v 0.342725 1.252056 0.357544
v 0.874138 1.236010 -0.357543
v 0.874138 1.236010 -0.272628
v 0.777275 1.236010 -0.272629
v 0.777275 1.236010 -0.357544
v 0.874138 1.236010 0.272629
v 0.874138 1.236010 0.357544
v 0.777275 1.236010 0.357544
v 0.777275 1.236010 0.272629
v 0.245862 1.236010 -0.357544
v 0.245862 1.236010 -0.272629
v 0.245862 1.236010 0.272629
v 0.245862 1.236010 0.357544
v 0.342725 1.236010 -0.357544
v 0.342725 1.236010 -0.272629
v 0.342725 1.236010 0.272629
v 0.342725 1.236010 0.357544
v 1.000458 1.500798 -0.357543
v 0.759202 1.259542 -0.272628
v 1.000458 1.500798 0.272629
v 1.000458 1.500798 0.357544
v 0.119542 1.500798 -0.357544
v 0.119542 1.500798 -0.272629
v 0.119542 1.500798 0.357544
v 0.360797 1.259542 -0.272629
v 0.360797 1.259542 0.357544
v 0.870176 1.217937 -0.357543
v 0.870176 1.217937 -0.272628
v 0.759202 1.217937 -0.272629
v 0.759202 1.217937 -0.357544
v 0.870176 1.217937 0.272629
v 0.870176 1.217937 0.357544
v 0.759202 1.217937 0.357544
v 0.759202 1.217937 0.272629
v 0.249824 1.217937 -0.357544
v 0.249824 1.217937 -0.272629
v 0.249824 1.217937 0.272629
v 0.249824 1.217937 0.357544
v 0.360797 1.217937 -0.272629
v 0.360797 1.217937 -0.357544
v 0.360797 1.217937 0.357544
v 0.360797 1.217937 0.272629
v 0.121803 1.469308 0.273930
v 0.249645 1.242176 0.278263
v 0.249645 1.242176 0.351910
v 0.121803 1.469308 0.356242
v 0.998197 1.469308 -0.356242
v 0.870355 1.242176 -0.351909
v 0.121803 1.469308 -0.273930
v 0.249645 1.242176 -0.278263
v 0.998197 1.469308 0.356242
v 0.870355 1.242176 0.351910
v 0.870355 1.242176 0.278263
v 0.998197 1.469308 0.273930
v 0.249645 1.242176 -0.351909
v 0.121803 1.469308 -0.356242
v 0.998197 1.469308 -0.273930
v 0.870355 1.242176 -0.278263
v 0.777275 1.254748 -0.279711
v 0.777275 1.254748 -0.350461
v 0.777275 1.254748 0.350462
v 0.777275 1.254748 0.279711
v 0.342725 1.254748 -0.279711
v 0.342725 1.254748 -0.350461
v 0.342725 1.254748 0.350462
v 0.342725 1.254748 0.279711
v 0.777275 1.240359 -0.279711
v 0.777275 1.240359 -0.350461
v 0.777275 1.240359 0.350462
v 0.777275 1.240359 0.279711
v 0.342725 1.240359 -0.279711
v 0.342725 1.240359 -0.350461
v 0.342725 1.240359 0.350462
v 0.342725 1.240359 0.279711
v -1.042138 0.889070 -0.562018
v -1.042138 0.889070 0.562019
v -0.077862 0.889070 0.562019
v -0.077862 0.889070 -0.562018
v -0.772414 0.889070 0.825000
v -0.347586 0.889070 0.825000
v -0.347586 0.889070 -0.825000
v -0.772415 0.889070 -0.825000
v -0.085756 0.993720 0.773570
v -0.085756 0.982040 0.773570
v -0.154159 0.982040 0.819679
v -0.154159 0.993720 0.819679
v -0.772414 0.889070 0.532781
v -0.347586 0.889070 0.532781
v -0.772415 0.889070 -0.532780
v -0.347586 0.889070 -0.532780
v -0.765334 0.889070 0.807213
v -0.354666 0.889070 0.807213
v -0.354666 0.889070 -0.807212
v -0.765334 0.889070 -0.807212
v -0.901467 1.109992 -0.532780
v -0.218534 1.109992 0.532781
v -0.765334 0.889070 0.532781
v -0.354666 0.889070 0.532781
v -0.765334 0.889070 -0.532780
v -0.354666 0.889070 -0.532780
v -0.342385 0.982040 -0.820430
v -0.342385 0.993720 -0.820430
v -0.777615 0.982040 0.820431
v -0.777615 0.993720 0.820431
v -0.342385 0.993720 0.820431
v -0.342385 0.982040 0.820431
v -0.770534 0.982040 0.802643
v -0.770534 0.993720 0.802643
v -0.349466 0.993720 0.802643
v -0.349466 0.982040 0.802643
v -0.777615 0.993720 -0.820430
v -0.777615 0.982040 -0.820430
v -0.077862 0.889070 0.775774
v -0.150889 0.889070 0.825000
v -0.969111 0.889070 0.825000
v -1.042138 0.889070 0.775774
v -0.150889 0.889070 -0.825000
v -0.077862 0.889070 -0.775773
v -1.042138 0.889070 -0.775773
v -0.969111 0.889070 -0.825000
v -0.349466 0.982040 -0.802642
v -0.349466 0.993720 -0.802642
v -0.770534 0.993720 -0.802642
v -0.770534 0.982040 -0.802642
v -1.033594 0.993720 -0.566368
v -1.033594 0.993720 -0.557668
v -1.033594 0.982040 -0.562018
v -1.033594 0.982040 0.562019
v -1.033594 0.993720 0.557669
v -1.033594 0.993720 0.566369
v -0.086406 0.993720 0.566369
v -0.086406 0.993720 0.557669
v -0.086406 0.982040 0.562019
v -0.086406 0.982040 -0.562018
v -0.086406 0.993720 -0.557668
v -0.086406 0.993720 -0.566368
v -0.347586 1.052955 0.825000
v -0.342381 1.090467 0.789312
v -0.777620 1.090467 0.789312
v -0.772415 1.052955 0.825000
v -0.772415 1.052955 -0.825000
v -0.777620 1.090467 -0.789311
v -0.342381 1.090467 -0.789311
v -0.347586 1.052955 -0.825000
v -0.349462 1.090467 0.770821
v -0.354666 1.052955 0.807213
v -0.765334 1.052955 0.807213
v -0.770538 1.090467 0.770821
v -0.770538 1.090467 -0.770820
v -0.765334 1.052955 -0.807212
v -0.354666 1.052955 -0.807212
v -0.349462 1.090467 -0.770820
v -0.166238 1.090467 0.789431
v -0.150889 1.052955 0.825000
v -0.126028 1.090467 0.762326
v -0.077862 1.052955 0.775774
v -0.993972 1.090467 0.762326
v -1.042138 1.052955 0.775774
v -0.953762 1.090467 0.789431
v -0.969111 1.052955 0.825000
v -0.126028 1.090467 -0.762325
v -0.077862 1.052955 -0.775773
v -0.166238 1.090467 -0.789430
v -0.150889 1.052955 -0.825000
v -0.953762 1.090467 -0.789430
v -0.969111 1.052955 -0.825000
v -0.993972 1.090467 -0.762325
v -1.042138 1.052955 -0.775773
v -0.901466 1.109992 0.532781
v -0.953091 1.114930 -0.481602
v -0.953091 1.090467 -0.532780
v -0.218534 1.109992 -0.532780
v -0.166910 1.114930 -0.481603
v -0.166910 1.090467 -0.532780
v -0.953091 1.114930 0.481603
v -0.953091 1.090467 0.532781
v -0.166909 1.114930 0.481603
v -0.166909 1.090467 0.532781
v -0.887138 1.131153 -0.532780
v -0.953091 1.137191 -0.481602
v -0.861670 1.154202 -0.532780
v -0.890858 1.217978 -0.499822
v -0.258330 1.154202 -0.532780
v -0.229142 1.217978 -0.499822
v -0.232862 1.131153 -0.532780
v -0.166910 1.137191 -0.481603
v -0.861670 1.154202 0.532781
v -0.890858 1.217978 0.499823
v -0.887138 1.131153 0.532781
v -0.953091 1.137191 0.481603
v -0.232862 1.131153 0.532781
v -0.166909 1.137191 0.481603
v -0.258330 1.154202 0.532781
v -0.229142 1.217978 0.499823
v -0.953091 1.090467 -0.557668
v -0.166910 1.090467 -0.557668
v -0.953091 1.090467 0.557669
v -0.166909 1.090467 0.557669
v -0.077862 0.993720 -0.557668
v -0.077862 0.965643 -0.562018
v -0.077862 0.993720 -0.566368
v -0.077862 0.993720 0.557669
v -0.077862 0.993720 0.566369
v -0.077862 0.965643 0.562019
v -1.042138 0.993720 0.557669
v -1.042138 0.965643 0.562019
v -1.042138 0.993720 0.566369
v -1.042138 0.993720 -0.557668
v -1.042138 0.993720 -0.566368
v -1.042138 0.965643 -0.562018
v -0.772415 0.965643 -0.825000
v -0.772415 0.993720 -0.825000
v -0.347586 0.993720 -0.825000
v -0.347586 0.965643 -0.825000
v -0.347586 0.965643 0.825000
v -0.347586 0.993720 0.825000
v -0.772415 0.993720 0.825000
v -0.772415 0.965643 0.825000
v -0.354666 0.965643 0.807213
v -0.354666 0.993720 0.807213
v -0.765334 0.993720 0.807213
v -0.765334 0.965643 0.807213
v -0.765334 0.965643 -0.807212
v -0.765334 0.993720 -0.807212
v -0.354666 0.993720 -0.807212
v -0.354666 0.965643 -0.807212
v -0.150889 0.993720 0.825000
v -0.150889 0.965643 0.825000
v -0.077862 0.965643 0.775774
v -0.077862 0.993720 0.775774
v -0.969111 0.965643 0.825000
v -0.969111 0.993720 0.825000
v -1.042138 0.993720 0.775774
v -1.042138 0.965643 0.775774
v -1.042138 0.965643 -0.775773
v -1.042138 0.993720 -0.775773
v -0.969111 0.993720 -0.825000
v -0.969111 0.965643 -0.825000
v -0.150889 0.965643 -0.825000
v -0.150889 0.993720 -0.825000
v -0.077862 0.993720 -0.775773
v -0.077862 0.965643 -0.775773
v -1.042138 1.052955 0.557669
v -1.042138 1.052955 0.566369
v -0.993972 1.090467 0.577301
v -1.000690 1.090467 0.557669
v -1.000690 1.090467 -0.557668
v -0.993972 1.090467 -0.577300
v -1.042138 1.052955 -0.566368
v -1.042138 1.052955 -0.557668
v -0.077862 1.052955 -0.557668
v -0.077862 1.052955 -0.566368
v -0.126028 1.090467 -0.577300
v -0.119310 1.090467 -0.557668
v -0.119310 1.090467 0.557669
v -0.126028 1.090467 0.577301
v -0.077862 1.052955 0.566369
v -0.077862 1.052955 0.557669
v -0.965841 0.982040 0.819679
v -0.965841 0.993720 0.819679
v -1.034244 0.993720 0.773570
v -1.034244 0.982040 0.773570
v -1.034244 0.982040 -0.773569
v -1.034244 0.993720 -0.773569
v -0.965841 0.993720 -0.819678
v -0.965841 0.982040 -0.819678
v -0.154159 0.982040 -0.819678
v -0.154159 0.993720 -0.819678
v -0.085756 0.993720 -0.773569
v -0.085756 0.982040 -0.773569
v -1.034244 1.049995 0.557669
v -1.034244 1.049995 0.566369
v -0.997420 1.083323 0.566369
v -0.997420 1.083323 0.557669
v -0.997420 1.083323 -0.557668
v -0.997420 1.083323 -0.566368
v -1.034244 1.049995 -0.566368
v -1.034244 1.049995 -0.557668
v -0.085756 1.049995 -0.557668
v -0.085756 1.049995 -0.566368
v -0.122580 1.083323 -0.566368
v -0.122580 1.083323 -0.557668
v -0.122580 1.083323 0.557669
v -0.122580 1.083323 0.566369
v -0.085756 1.049995 0.566369
v -0.085756 1.049995 0.557669
v -0.375568 0.915703 0.807213
v -0.375568 0.939010 0.807213
v -0.744432 0.939010 0.807213
v -0.744432 0.915703 0.807213
v -0.744432 0.915703 -0.807212
v -0.744432 0.939010 -0.807212
v -0.375568 0.939010 -0.807212
v -0.375568 0.915703 -0.807212
v -0.375568 0.939010 0.805163
v -0.375568 0.915703 0.805163
v -0.744432 0.915703 0.805163
v -0.744432 0.939010 0.805163
v -0.744432 0.939010 -0.805162
v -0.744432 0.915703 -0.805162
v -0.375568 0.915703 -0.805162
v -0.375568 0.939010 -0.805162
v -0.378756 0.918587 0.805163
v -0.378756 0.936125 0.805163
v -0.741244 0.936125 0.805163
v -0.741244 0.918587 0.805163
v -0.741244 0.918587 -0.805162
v -0.741244 0.936125 -0.805162
v -0.378756 0.936125 -0.805162
v -0.378756 0.918587 -0.805162
v -0.378756 0.936125 0.803933
v -0.378756 0.918587 0.803933
v -0.741244 0.918587 0.803933
v -0.741244 0.936125 0.803933
v -0.741244 0.936125 -0.803932
v -0.741244 0.918587 -0.803932
v -0.378756 0.918587 -0.803932
v -0.378756 0.936125 -0.803932
v -0.965826 1.090467 0.596274
v -0.965826 1.090467 0.754467
v -0.942115 1.090467 0.770450
v -0.799428 1.090467 0.770354
v -0.792341 1.090467 0.751848
v -0.327660 1.090467 0.751848
v -0.320572 1.090467 0.770354
v -0.177885 1.090467 0.770450
v -0.154174 1.090467 0.754467
v -0.154174 1.090467 0.596274
v -0.154174 1.090467 -0.596273
v -0.154174 1.090467 -0.754466
v -0.177885 1.090467 -0.770449
v -0.320572 1.090467 -0.770353
v -0.327659 1.090467 -0.751847
v -0.792341 1.090467 -0.751847
v -0.799428 1.090467 -0.770353
v -0.942115 1.090467 -0.770449
v -0.965826 1.090467 -0.754466
v -0.965826 1.090467 -0.596273
v -0.915388 1.116835 0.619476
v -0.915388 1.116835 0.728303
v -0.897781 1.116835 0.737472
v -0.777835 1.116835 0.737410
v -0.771523 1.116835 0.724676
v -0.348478 1.116835 0.724676
v -0.342165 1.116835 0.737410
v -0.222219 1.116835 0.737472
v -0.204612 1.116835 0.728303
v -0.204612 1.116835 0.619476
v -0.915388 1.116835 -0.619475
v -0.204612 1.116835 -0.619475
v -0.204612 1.116835 -0.728302
v -0.222219 1.116835 -0.737471
v -0.342165 1.116835 -0.737409
v -0.348477 1.116835 -0.724675
v -0.771523 1.116835 -0.724675
v -0.777835 1.116835 -0.737409
v -0.897781 1.116835 -0.737471
v -0.915388 1.116835 -0.728302
v -0.765334 1.090467 0.775349
v -0.772415 1.090467 0.793837
v -0.354666 1.090467 -0.775348
v -0.347586 1.090467 -0.793836
v -0.347586 1.090467 0.793837
v -0.354666 1.090467 0.775349
v -0.772415 1.090467 -0.793836
v -0.765334 1.090467 -0.775348
v -0.119310 1.090467 0.764202
v -0.163459 1.090467 0.793961
v -0.956541 1.090467 0.793961
v -1.000690 1.090467 0.764202
v -1.000690 1.090467 -0.764201
v -0.956542 1.090467 -0.793960
v -0.163459 1.090467 -0.793960
v -0.119310 1.090467 -0.764201
v -1.000690 1.090467 -0.566368
v -0.119310 1.090467 -0.566368
v -1.000690 1.090467 0.566369
v -0.119310 1.090467 0.566369
v -0.959108 1.090467 0.594398
v -0.959108 1.090467 0.752591
v -0.939335 1.090467 0.765920
v -0.804633 1.090467 0.765829
v -0.797545 1.090467 0.747320
v -0.322456 1.090467 0.747320
v -0.315367 1.090467 0.765829
v -0.180665 1.090467 0.765920
v -0.160892 1.090467 0.752591
v -0.160892 1.090467 0.594398
v -0.160892 1.090467 -0.594397
v -0.160892 1.090467 -0.752590
v -0.180665 1.090467 -0.765919
v -0.315367 1.090467 -0.765828
v -0.322456 1.090467 -0.747319
v -0.797545 1.090467 -0.747319
v -0.804633 1.090467 -0.765828
v -0.939335 1.090467 -0.765919
v -0.959108 1.090467 -0.752590
v -0.959108 1.090467 -0.594397
v -0.993972 1.088616 0.762326
v -0.965826 1.088616 0.754467
v -0.953762 1.088616 0.789431
v -0.942115 1.088616 0.770450
v -0.777620 1.088616 0.789312
v -0.799428 1.088616 0.770354
v -0.770538 1.088616 0.770821
v -0.792341 1.088616 0.751848
v -0.349462 1.088616 0.770821
v -0.327660 1.088616 0.751848
v -0.342381 1.088616 0.789312
v -0.320572 1.088616 0.770354
v -0.166238 1.088616 0.789431
v -0.177885 1.088616 0.770450
v -0.126028 1.088616 0.762326
v -0.154174 1.088616 0.754467
v -0.126028 1.088616 -0.762325
v -0.154174 1.088616 -0.754466
v -0.166238 1.088616 -0.789430
v -0.177885 1.088616 -0.770449
v -0.342381 1.088616 -0.789311
v -0.320572 1.088616 -0.770353
v -0.349462 1.088616 -0.770820
v -0.327659 1.088616 -0.751847
v -0.770538 1.088616 -0.770820
v -0.792341 1.088616 -0.751847
v -0.777620 1.088616 -0.789311
v -0.799428 1.088616 -0.770353
v -0.953762 1.088616 -0.789430
v -0.942115 1.088616 -0.770449
v -0.993972 1.088616 -0.762325
v -0.965826 1.088616 -0.754466
v -0.993972 1.088616 -0.577300
v -0.126028 1.088616 -0.577300
v -0.993972 1.088616 0.577301
v -0.126028 1.088616 0.577301
v -0.965826 1.088616 0.596274
v -0.154174 1.088616 0.596274
v -0.154174 1.088616 -0.596273
v -0.965826 1.088616 -0.596273
v -0.953091 1.090467 -0.499822
v -0.953091 1.161654 -0.499822
v -0.953091 1.161654 0.499823
v -0.953091 1.090467 0.499823
v -0.166910 1.161654 -0.499822
v -0.166910 1.090467 -0.499822
v -0.166909 1.090467 0.499823
v -0.166909 1.161654 0.499823
v -0.950819 1.118898 -0.478647
v -0.950819 1.133223 -0.478647
v -0.950819 1.133223 0.478648
v -0.950819 1.118898 0.478648
v -0.169182 1.133223 -0.478647
v -0.169182 1.118898 -0.478647
v -0.169182 1.118898 0.478648
v -0.169182 1.133223 0.478648
v -0.950819 1.114930 -0.481602
v -0.950819 1.137191 -0.481602
v -0.950819 1.137191 0.481603
v -0.950819 1.114930 0.481603
v -0.169182 1.137191 -0.481603
v -0.169182 1.114930 -0.481603
v -0.169182 1.114930 0.481603
v -0.169182 1.137191 0.481603
v -0.949546 1.118898 -0.478647
v -0.949546 1.133223 -0.478647
v -0.949546 1.133223 0.478648
v -0.949546 1.118898 0.478648
v -0.170454 1.133223 -0.478647
v -0.170454 1.118898 -0.478647
v -0.170454 1.118898 0.478648
v -0.170454 1.133223 0.478648
v -0.904198 1.143324 0.532781
v -0.870606 1.173727 0.532781
v -0.870606 1.173727 -0.532780
v -0.904198 1.143324 -0.532780
v -0.249394 1.173727 0.532781
v -0.215802 1.143324 0.532781
v -0.215802 1.143324 -0.532780
v -0.249394 1.173727 -0.532780
v -0.180012 1.090467 -0.532780
v -0.939988 1.090467 -0.532780
v -0.939988 1.090467 0.532781
v -0.180012 1.090467 0.532781
v -0.887138 1.131153 0.527641
v -0.861670 1.154202 0.527641
v -0.861670 1.154202 -0.527640
v -0.887138 1.131153 -0.527640
v -0.258330 1.154202 0.527641
v -0.232862 1.131153 0.527641
v -0.232862 1.131153 -0.527640
v -0.258330 1.154202 -0.527640
v -0.218534 1.109992 -0.527640
v -0.901467 1.109992 -0.527640
v -0.901466 1.109992 0.527641
v -0.218534 1.109992 0.527641
v -0.209145 1.726459 -0.557214
v -0.209145 1.726459 0.557215
v -0.209145 1.673542 -0.557214
v -0.209145 1.673542 0.557215
v -0.533542 1.349145 -0.557214
v -0.533542 1.349145 0.557215
v -0.910855 1.673542 -0.557214
v -0.910855 1.673542 0.557215
v -0.910855 1.726459 -0.557214
v -0.910855 1.726459 0.557215
v -0.586459 2.050855 -0.557214
v -0.586459 2.050855 0.537626
v -0.586459 2.050855 -0.537625
v -0.910855 1.726459 0.537626
v -0.910855 1.726459 -0.537625
v -0.910855 1.673542 0.537626
v -0.910855 1.673542 -0.537625
v -0.533542 1.349145 0.537626
v -0.533542 1.349145 -0.537625
v -0.209145 1.673542 0.537626
v -0.209145 1.673542 -0.537625
v -0.209145 1.726459 0.537626
v -0.209145 1.726459 -0.537625
v -0.184836 1.855398 -0.571590
v -0.184836 1.544602 -0.571590
v -0.184836 1.544602 0.571591
v -0.184836 1.855398 0.571591
v -0.404602 1.324836 -0.571590
v -0.715398 1.324836 -0.571590
v -0.715398 1.324836 0.571591
v -0.404602 1.324836 0.571591
v -0.935164 1.544602 -0.571590
v -0.935164 1.855398 -0.571590
v -0.935164 1.855398 0.571591
v -0.935164 1.544602 0.571591
v -0.715398 2.075164 -0.571590
v -0.404602 2.075164 -0.571590
v -0.404602 2.075164 0.571591
v -0.715398 2.075164 0.571591
v -0.404602 2.075164 0.523250
v -0.715398 2.075164 -0.523249
v -0.935164 1.855398 -0.523249
v -0.935164 1.544602 -0.523249
v -0.715398 1.324836 -0.523249
v -0.404602 1.324836 -0.523249
v -0.184836 1.544602 -0.523249
v -0.184836 1.855398 -0.523249
v -0.404602 2.075164 -0.523249
v -0.715398 2.075164 0.523250
v -0.935164 1.855398 0.523250
v -0.935164 1.544602 0.523250
v -0.715398 1.324836 0.523250
v -0.404602 1.324836 0.523250
v -0.184836 1.544602 0.523250
v -0.184836 1.855398 0.523250
v -0.567180 1.753818 0.538616
v -0.552821 1.646183 0.538616
v -0.567180 1.646183 0.538616
v -0.567180 1.646183 0.556225
v -0.552821 1.646183 0.556225
v -0.552821 1.753818 0.556225
v -0.586459 1.349145 0.537626
v -0.533542 2.050855 0.537626
v -0.586459 1.349145 0.557215
v -0.613818 1.707180 0.556225
v -0.586459 2.050855 0.557215
v -0.533542 2.050855 0.557215
v -0.552821 1.753818 0.538616
v -0.552821 1.753818 -0.538615
v -0.552821 1.646183 -0.538615
v -0.552821 1.646183 -0.556224
v -0.567180 1.646183 -0.556224
v -0.586459 1.349145 -0.537625
v -0.613818 1.707180 -0.538615
v -0.533542 2.050855 -0.537625
v -0.506182 1.707180 -0.556224
v -0.533542 2.050855 -0.557214
v -0.586459 1.349145 -0.557214
v -0.613818 1.692821 -0.538615
v -0.567180 1.753818 -0.556224
v -0.184836 1.759017 -0.563872
v -0.184836 1.640983 -0.563872
v -0.184836 1.640983 0.563872
v -0.184836 1.759017 0.563872
v -0.935164 1.640983 -0.563872
v -0.935164 1.759017 -0.563872
v -0.935164 1.759017 0.563872
v -0.935164 1.640983 0.563872
v -0.184836 1.759017 0.530968
v -0.184836 1.640983 0.530968
v -0.184836 1.759017 -0.530968
v -0.184836 1.640983 -0.530968
v -0.935164 1.640983 0.530968
v -0.935164 1.759017 0.530968
v -0.935164 1.640983 -0.530968
v -0.935164 1.759017 -0.530968
v -0.500983 2.075164 0.530968
v -0.619017 2.075164 0.530968
v -0.500983 1.324836 0.530968
v -0.613818 1.707180 0.538616
v -0.506183 1.692821 0.538616
v -0.506183 1.707180 0.538616
v -0.613818 1.692821 0.538616
v -0.619017 1.324836 0.530968
v -0.619017 2.075164 0.563872
v -0.506183 1.692821 0.556225
v -0.613818 1.692821 0.556225
v -0.567180 1.753818 0.556225
v -0.619017 1.324836 0.563872
v -0.506183 1.707180 0.556225
v -0.500983 1.324836 0.563872
v -0.500983 2.075164 0.563872
v -0.500983 2.075164 -0.563872
v -0.506183 1.692821 -0.538615
v -0.552821 1.753818 -0.556224
v -0.500983 1.324836 -0.530968
v -0.506183 1.692821 -0.556224
v -0.613818 1.692821 -0.556224
v -0.500983 1.324836 -0.563872
v -0.619017 1.324836 -0.530968
v -0.619017 1.324836 -0.563872
v -0.567180 1.646183 -0.538615
v -0.506183 1.707180 -0.538615
v -0.619017 2.075164 -0.563872
v -0.619017 2.075164 -0.530968
v -0.500983 2.075164 -0.530968
v -0.567180 1.753818 -0.538615
v -0.613818 1.707180 -0.556224
v -0.610725 1.731320 0.538689
v -0.591320 1.750725 0.538689
v -0.575106 1.745188 0.538821
v -0.568215 1.729509 0.539194
v -0.589509 1.708215 0.539194
v -0.605188 1.715106 0.538821
v -0.509275 1.668680 0.538689
v -0.528680 1.649275 0.538689
v -0.544894 1.654812 0.538821
v -0.551785 1.670491 0.539194
v -0.530492 1.691785 0.539194
v -0.514812 1.684894 0.538821
v -0.528680 1.750725 0.538689
v -0.509275 1.731320 0.538689
v -0.514812 1.715106 0.538821
v -0.530492 1.708215 0.539194
v -0.551785 1.729509 0.539194
v -0.544894 1.745188 0.538821
v -0.591320 1.649275 0.538689
v -0.610725 1.668680 0.538689
v -0.605188 1.684894 0.538821
v -0.589509 1.691785 0.539194
v -0.568215 1.670491 0.539194
v -0.575106 1.654812 0.538821
v -0.528680 1.649275 0.556151
v -0.509275 1.668680 0.556151
v -0.514812 1.684894 0.556019
v -0.530492 1.691785 0.555646
v -0.551785 1.670491 0.555646
v -0.544894 1.654812 0.556019
v -0.610725 1.668680 0.556151
v -0.591320 1.649275 0.556151
v -0.575106 1.654812 0.556019
v -0.568215 1.670491 0.555646
v -0.589509 1.691785 0.555646
v -0.605188 1.684894 0.556019
v -0.591320 1.750725 0.556151
v -0.610725 1.731320 0.556151
v -0.605188 1.715106 0.556019
v -0.589509 1.708215 0.555646
v -0.568215 1.729509 0.555646
v -0.575106 1.745188 0.556019
v -0.509275 1.731320 0.556151
v -0.528680 1.750725 0.556151
v -0.544894 1.745188 0.556019
v -0.551785 1.729509 0.555646
v -0.530492 1.708215 0.555646
v -0.514812 1.715106 0.556019
v -0.528680 1.649275 -0.538689
v -0.509275 1.668680 -0.538689
v -0.514812 1.684894 -0.538821
v -0.530492 1.691785 -0.539194
v -0.551785 1.670491 -0.539194
v -0.544894 1.654812 -0.538821
v -0.528680 1.750725 -0.556151
v -0.509275 1.731320 -0.556151
v -0.514812 1.715106 -0.556019
v -0.530492 1.708215 -0.555646
v -0.551785 1.729509 -0.555646
v -0.544894 1.745188 -0.556019
v -0.509275 1.668680 -0.556151
v -0.528680 1.649275 -0.556151
v -0.544894 1.654812 -0.556019
v -0.551785 1.670492 -0.555646
v -0.530492 1.691785 -0.555646
v -0.514812 1.684894 -0.556019
v -0.591320 1.649275 -0.556151
v -0.610725 1.668680 -0.556151
v -0.605188 1.684894 -0.556019
v -0.589509 1.691785 -0.555646
v -0.568215 1.670491 -0.555646
v -0.575106 1.654812 -0.556019
v -0.610725 1.668680 -0.538689
v -0.591320 1.649275 -0.538689
v -0.575106 1.654812 -0.538821
v -0.568215 1.670491 -0.539194
v -0.589509 1.691785 -0.539194
v -0.605188 1.684894 -0.538821
v -0.509275 1.731320 -0.538689
v -0.528680 1.750725 -0.538689
v -0.544894 1.745188 -0.538821
v -0.551785 1.729509 -0.539194
v -0.530492 1.708215 -0.539194
v -0.514812 1.715106 -0.538821
v -0.591320 1.750725 -0.538689
v -0.610725 1.731320 -0.538689
v -0.605188 1.715106 -0.538821
v -0.589509 1.708215 -0.539194
v -0.568215 1.729509 -0.539194
v -0.575106 1.745188 -0.538821
v -0.610725 1.731320 -0.556151
v -0.591320 1.750725 -0.556151
v -0.575106 1.745188 -0.556019
v -0.568215 1.729509 -0.555646
v -0.589509 1.708215 -0.555646
v -0.605188 1.715106 -0.556019
v -0.395019 2.098299 -0.571590
v -0.379351 2.136125 -0.533765
v -0.123875 1.880649 -0.533765
v -0.161701 1.864981 -0.571590
v -0.161701 1.864981 0.571591
v -0.123875 1.880649 0.533765
v -0.379351 2.136125 0.533765
v -0.395019 2.098299 0.571591
v -0.123875 1.519351 -0.533765
v -0.161701 1.535019 -0.571590
v -0.161701 1.535019 0.571591
v -0.123875 1.519351 0.533765
v -0.379351 1.263875 -0.533765
v -0.395019 1.301701 -0.571590
v -0.395019 1.301701 0.571591
v -0.379351 1.263875 0.533765
v -0.740649 1.263875 -0.533765
v -0.724981 1.301701 -0.571590
v -0.724981 1.301701 0.571591
v -0.740649 1.263875 0.533765
v -0.996125 1.519351 -0.533765
v -0.958299 1.535019 -0.571590
v -0.958299 1.535019 0.571591
v -0.996125 1.519351 0.533765
v -0.996125 1.880649 -0.533765
v -0.958299 1.864981 -0.571590
v -0.958299 1.864981 0.571591
v -0.996125 1.880649 0.533765
v -0.740649 2.136125 -0.533765
v -0.724981 2.098299 -0.571590
v -0.724981 2.098299 0.571591
v -0.740649 2.136125 0.533765
v -0.379351 2.136125 -0.374302
v -0.379351 2.136125 -0.255870
v -0.379351 2.136125 0.255870
v -0.379351 2.136125 0.374303
v -0.123875 1.880649 0.255870
v -0.123875 1.880649 0.374303
v -0.123875 1.880649 -0.374302
v -0.123875 1.880649 -0.255870
v -0.740649 2.136125 -0.255870
v -0.740649 2.136125 -0.374302
v -0.740649 2.136125 0.374303
v -0.740649 2.136125 0.255870
v -0.123875 1.519351 0.255870
v -0.123875 1.519351 0.374303
v -0.123875 1.519351 -0.374302
v -0.123875 1.519351 -0.255870
v -0.379351 1.263875 0.374303
v -0.379351 1.263875 0.255870
v -0.379351 1.263875 -0.255870
v -0.379351 1.263875 -0.374302
v -0.740649 1.263875 0.255870
v -0.740649 1.263875 0.374303
v -0.740649 1.263875 -0.374302
v -0.740649 1.263875 -0.255870
v -0.996125 1.519351 0.255870
v -0.996125 1.519351 0.374303
v -0.996125 1.519351 -0.374302
v -0.996125 1.519351 -0.255870
v -0.996125 1.880649 0.255870
v -0.996125 1.880649 0.374303
v -0.996125 1.880649 -0.374302
v -0.996125 1.880649 -0.255870
v -0.119542 1.500798 -0.357543
v -0.119542 1.500798 -0.272628
v -0.360798 1.259542 -0.272628
v -0.360798 1.259542 -0.357543
v -0.119542 1.500798 0.357544
v -0.360798 1.259542 0.357544
v -0.360798 1.259542 0.272629
v -0.107692 1.887352 -0.374302
v -0.107692 1.887352 -0.255870
v -0.107692 1.887352 0.255870
v -0.107692 1.887352 0.374303
v -1.012308 1.887352 -0.374302
v -1.012308 1.887352 -0.255870
v -0.747352 2.152308 -0.255870
v -0.747352 2.152308 -0.374302
v -1.012308 1.887352 0.255870
v -1.012308 1.887352 0.374303
v -0.747352 2.152308 0.374303
v -0.747352 2.152308 0.255870
v -1.000458 1.500798 0.272629
v -0.759203 1.259542 0.272629
v -0.759203 1.259542 0.357544
v -0.372648 2.152308 -0.374302
v -0.372648 2.152308 -0.255870
v -0.372648 2.152308 0.255870
v -0.372648 2.152308 0.374303
v -0.129406 1.521642 0.462461
v -0.129406 1.521642 0.445607
v -0.381642 1.269406 0.462461
v -0.381642 1.269406 0.445607
v -0.738358 2.130594 0.445607
v -0.738358 2.130594 0.465866
v -0.990594 1.878358 0.445607
v -0.990594 1.878358 0.465866
v -0.990594 1.521642 0.445607
v -0.990594 1.521642 0.465866
v -0.738358 1.269406 0.465866
v -0.738358 1.269406 0.445607
v -0.129406 1.878358 0.445607
v -0.129406 1.878358 0.462461
v -0.381642 2.130594 0.462461
v -0.381642 2.130594 0.445607
v -0.379351 2.136125 0.442202
v -0.379351 2.136125 0.465866
v -0.123875 1.880649 0.465866
v -0.123875 1.880649 0.442202
v -0.740649 2.136125 0.465866
v -0.740649 2.136125 0.442202
v -0.123875 1.519351 0.442202
v -0.123875 1.519351 0.465866
v -0.996125 1.880649 0.465866
v -0.996125 1.880649 0.442202
v -0.379351 1.263875 0.442202
v -0.379351 1.263875 0.465866
v -0.740649 1.263875 0.442202
v -0.740649 1.263875 0.465866
v -0.996125 1.519351 0.465866
v -0.996125 1.519351 0.442202
v -0.740649 2.136125 -0.465865
v -0.740649 2.136125 -0.442202
v -0.379351 2.136125 -0.442202
v -0.379351 2.136125 -0.465865
v -0.123875 1.880649 -0.442202
v -0.123875 1.880649 -0.465865
v -0.123875 1.519351 -0.442202
v -0.123875 1.519351 -0.465865
v -0.996125 1.880649 -0.442202
v -0.996125 1.880649 -0.465865
v -0.379351 1.263875 -0.465865
v -0.379351 1.263875 -0.442202
v -0.740649 1.263875 -0.442202
v -0.740649 1.263875 -0.465865
v -0.996125 1.519351 -0.442202
v -0.996125 1.519351 -0.465865
v -0.738358 2.130594 -0.462460
v -0.738358 2.130594 -0.445607
v -0.381642 2.130594 -0.445607
v -0.381642 2.130594 -0.462460
v -0.129406 1.878358 -0.445607
v -0.129406 1.878358 -0.462460
v -0.381642 1.269406 -0.462460
v -0.381642 1.269406 -0.442202
v -0.738358 1.269406 -0.442202
v -0.738358 1.269406 -0.462460
v -0.990594 1.521642 -0.442202
v -0.990594 1.521642 -0.462460
v -0.990594 1.878358 -0.442202
v -0.990594 1.878358 -0.462460
v -0.129406 1.521642 -0.445607
v -0.129406 1.521642 -0.462460
v -0.129406 1.521642 0.442202
v -0.129406 1.878358 0.442202
v -0.381642 1.269406 0.442202
v -0.738358 1.269406 0.442202
v -0.381642 1.269406 -0.465865
v -0.129406 1.521642 -0.465865
v -0.129406 1.878358 -0.465865
v -0.990594 1.878358 -0.465865
v -0.990594 1.521642 -0.465865
v -0.738358 1.269406 -0.465865
v -0.738358 2.130594 0.442202
v -0.990594 1.878358 0.442202
v -0.990594 1.521642 0.442202
v -0.381642 2.130594 -0.442202
v -0.129406 1.878358 -0.442202
v -0.738358 2.130594 -0.442202
v -0.381642 2.130594 0.465866
v -0.129406 1.878358 0.465866
v -0.129406 1.521642 -0.442202
v -0.381642 1.269406 -0.445607
v -0.381642 2.130594 -0.465865
v -0.738358 2.130594 -0.465865
v -0.738358 1.269406 -0.445607
v -0.990594 1.521642 -0.445607
v -0.990594 1.878358 -0.445607
v -0.129406 1.521642 0.465866
v -0.381642 1.269406 0.465866
v -0.738358 1.269406 0.462461
v -0.381642 2.130594 0.442202
v -0.990594 1.521642 0.462461
v -0.990594 1.878358 0.462461
v -0.738358 2.130594 0.462461
v -0.382006 1.270286 -0.462460
v -0.382006 1.270286 -0.445607
v -0.737994 1.270286 0.445607
v -0.737994 1.270286 0.462461
v -0.130286 1.522007 -0.445607
v -0.130286 1.522007 -0.462460
v -0.989714 1.877994 -0.445607
v -0.989714 1.877994 -0.462460
v -0.989715 1.522007 -0.445607
v -0.989715 1.522007 -0.462460
v -0.737994 1.270286 -0.445607
v -0.737994 1.270286 -0.462460
v -0.737994 2.129714 -0.462460
v -0.737994 2.129714 -0.445607
v -0.382006 2.129714 -0.445607
v -0.382006 2.129714 -0.462460
v -0.130286 1.877994 -0.445607
v -0.130286 1.877994 -0.462460
v -0.737994 2.129714 0.462461
v -0.737994 2.129714 0.445607
v -0.989714 1.877994 0.462461
v -0.989714 1.877994 0.445607
v -0.989715 1.522007 0.462461
v -0.989715 1.522007 0.445607
v -0.382007 2.129714 0.445607
v -0.382007 2.129714 0.462461
v -0.130286 1.522007 0.445607
v -0.130286 1.522007 0.462461
v -0.130286 1.877994 0.462461
v -0.130286 1.877994 0.445607
v -0.382007 1.270285 0.445607
v -0.382007 1.270285 0.462461
v -0.209145 1.732538 -0.563293
v -0.209145 1.667462 -0.563293
v -0.209145 1.667462 0.563294
v -0.209145 1.732538 0.563294
v -0.910855 1.667462 -0.563293
v -0.910855 1.732538 -0.563293
v -0.910855 1.732538 0.563294
v -0.910855 1.667462 0.563294
v -0.209145 1.732538 0.531547
v -0.209145 1.667462 0.531547
v -0.209145 1.732538 -0.531546
v -0.209145 1.667462 -0.531546
v -0.910855 1.667462 0.531547
v -0.910855 1.732538 0.531547
v -0.910855 1.667462 -0.531546
v -0.910855 1.732538 -0.531546
v -0.527462 2.050855 0.531547
v -0.592538 2.050855 0.531547
v -0.527463 1.349145 0.531547
v -0.592538 1.349145 0.531547
v -0.592538 1.349145 0.563294
v -0.527462 1.349145 0.563294
v -0.527462 2.050855 0.563294
v -0.592538 2.050855 0.563294
v -0.527463 1.349145 -0.531546
v -0.592538 1.349145 -0.531546
v -0.527462 1.349145 -0.563293
v -0.592538 1.349145 -0.563293
v -0.592538 2.050855 -0.563293
v -0.527462 2.050855 -0.563293
v -0.592538 2.050855 -0.531546
v -0.527462 2.050855 -0.531546
v -0.207519 1.724125 -0.554881
v -0.207519 1.675875 -0.554881
v -0.207519 1.675875 0.554881
v -0.207519 1.724125 0.554881
v -0.912481 1.675875 -0.554881
v -0.912481 1.724125 -0.554881
v -0.912481 1.724125 0.554881
v -0.912481 1.675875 0.554881
v -0.207519 1.724125 0.539959
v -0.207519 1.675875 0.539959
v -0.207519 1.724125 -0.539958
v -0.207519 1.675875 -0.539958
v -0.912481 1.675875 0.539959
v -0.912481 1.724125 0.539959
v -0.912481 1.675875 -0.539959
v -0.912481 1.724125 -0.539959
v -0.535875 2.052481 0.539959
v -0.584125 2.052481 0.539959
v -0.535875 1.347519 0.539959
v -0.584125 1.347519 0.539959
v -0.584125 1.347519 0.554881
v -0.535875 1.347519 0.554881
v -0.535875 2.052481 0.554881
v -0.584125 2.052481 0.554881
v -0.535875 1.347519 -0.539959
v -0.584125 1.347519 -0.539959
v -0.535875 1.347519 -0.554881
v -0.584125 1.347519 -0.554881
v -0.584125 2.052481 -0.554881
v -0.535875 2.052481 -0.554881
v -0.584125 2.052481 -0.539958
v -0.535875 2.052481 -0.539958
v -0.207519 1.726459 -0.557214
v -0.207519 1.673542 -0.557214
v -0.207519 1.673541 0.557215
v -0.207519 1.726459 0.557215
v -0.912481 1.673542 -0.557214
v -0.912481 1.726459 -0.557214
v -0.912481 1.726459 0.557215
v -0.912481 1.673542 0.557215
v -0.207519 1.726459 0.537626
v -0.207519 1.673541 0.537626
v -0.207519 1.726459 -0.537625
v -0.207519 1.673542 -0.537625
v -0.912481 1.673542 0.537626
v -0.912481 1.726459 0.537626
v -0.912481 1.673542 -0.537625
v -0.912481 1.726459 -0.537625
v -0.533542 2.052481 0.537626
v -0.586459 2.052481 0.537626
v -0.533542 1.347519 0.537626
v -0.586459 1.347519 0.537626
v -0.586459 1.347519 0.557215
v -0.533542 1.347519 0.557215
v -0.533542 2.052481 0.557215
v -0.586459 2.052481 0.557215
v -0.533542 1.347519 -0.537625
v -0.586459 1.347519 -0.537625
v -0.533542 1.347519 -0.557214
v -0.586459 1.347519 -0.557214
v -0.586459 2.052481 -0.557214
v -0.533542 2.052481 -0.557214
v -0.586459 2.052481 -0.537625
v -0.533542 2.052481 -0.537625
v -0.206175 1.724125 -0.554881
v -0.206175 1.675875 -0.554881
v -0.206175 1.675875 0.554881
v -0.206175 1.724125 0.554881
v -0.913825 1.675875 -0.554881
v -0.913825 1.724125 -0.554881
v -0.913825 1.724125 0.554881
v -0.913825 1.675875 0.554881
v -0.206175 1.724125 0.539959
v -0.206175 1.675875 0.539959
v -0.206175 1.724125 -0.539958
v -0.206175 1.675875 -0.539958
v -0.913825 1.675875 0.539959
v -0.913825 1.724125 0.539959
v -0.913825 1.675875 -0.539959
v -0.913825 1.724125 -0.539959
v -0.535875 2.053825 0.539959
v -0.584125 2.053825 0.539959
v -0.535875 1.346175 0.539959
v -0.584125 1.346175 0.539959
v -0.584125 1.346175 0.554881
v -0.535875 1.346175 0.554881
v -0.535875 2.053825 0.554881
v -0.584125 2.053825 0.554881
v -0.535875 1.346175 -0.539959
v -0.584125 1.346175 -0.539959
v -0.535875 1.346175 -0.554881
v -0.584125 1.346175 -0.554881
v -0.584125 2.053825 -0.554881
v -0.535875 2.053825 -0.554881
v -0.584125 2.053825 -0.539958
v -0.535875 2.053825 -0.539958
v -0.530492 1.691785 0.552146
v -0.551785 1.670491 0.552146
v -0.568215 1.670491 0.552146
v -0.589509 1.691785 0.552146
v -0.589509 1.708215 0.552146
v -0.568215 1.729509 0.552146
v -0.551785 1.729509 0.552146
v -0.530492 1.708215 0.552146
v -0.530492 1.708215 -0.552146
v -0.551785 1.729509 -0.552146
v -0.551785 1.670491 -0.552146
v -0.530492 1.691785 -0.552146
v -0.589509 1.691785 -0.552146
v -0.568215 1.670491 -0.552146
v -0.568215 1.729509 -0.552146
v -0.589509 1.708215 -0.552146
v -0.107692 1.512648 -0.374302
v -0.107692 1.512648 -0.255870
v -0.372648 1.247692 -0.255870
v -0.372648 1.247692 -0.374302
v -0.107692 1.512648 0.255870
v -0.107692 1.512648 0.374303
v -0.372648 1.247692 0.374303
v -0.372648 1.247692 0.255870
v -1.012308 1.512648 -0.374302
v -1.012308 1.512648 -0.255870
v -1.012308 1.512648 0.255870
v -1.012308 1.512648 0.374303
v -0.747352 1.247692 -0.374302
v -0.747352 1.247692 -0.255870
v -0.747352 1.247692 0.255870
v -0.747352 1.247692 0.374303
v -0.115666 1.479115 -0.357543
v -0.115666 1.479115 -0.272628
v -0.342725 1.252056 -0.272628
v -0.342725 1.252056 -0.357543
v -0.115666 1.479115 0.272629
v -0.115666 1.479115 0.357544
v -0.342725 1.252056 0.357544
v -0.342725 1.252056 0.272629
v -1.004334 1.479115 -0.357544
v -1.004334 1.479115 -0.272629
v -1.004334 1.479115 0.272629
v -1.004334 1.479115 0.357544
v -0.777276 1.252056 -0.357544
v -0.777276 1.252056 -0.272629
v -0.777276 1.252056 0.272629
v -0.777276 1.252056 0.357544
v -0.245862 1.236010 -0.357543
v -0.245862 1.236010 -0.272628
v -0.342725 1.236010 -0.272629
v -0.342725 1.236010 -0.357544
v -0.245862 1.236010 0.272629
v -0.245862 1.236010 0.357544
v -0.342725 1.236010 0.357544
v -0.342725 1.236010 0.272629
v -0.874138 1.236010 -0.357544
v -0.874138 1.236010 -0.272629
v -0.874138 1.236010 0.272629
v -0.874138 1.236010 0.357544
v -0.777276 1.236010 -0.357544
v -0.777276 1.236010 -0.272629
v -0.777276 1.236010 0.272629
v -0.777276 1.236010 0.357544
v -0.119542 1.500798 0.272629
v -1.000458 1.500798 -0.357544
v -1.000458 1.500798 -0.272629
v -1.000458 1.500798 0.357544
v -0.759203 1.259542 -0.272629
v -0.759203 1.259542 -0.357544
v -0.249824 1.217937 -0.357543
v -0.249824 1.217937 -0.272628
v -0.360798 1.217937 -0.272629
v -0.360798 1.217937 -0.357544
v -0.249824 1.217937 0.272629
v -0.249824 1.217937 0.357544
v -0.360798 1.217937 0.357544
v -0.360798 1.217937 0.272629
v -0.870176 1.217937 -0.357544
v -0.870176 1.217937 -0.272629
v -0.870176 1.217937 0.272629
v -0.870176 1.217937 0.357544
v -0.759203 1.217937 -0.272629
v -0.759203 1.217937 -0.357544
v -0.759203 1.217937 0.357544
v -0.759203 1.217937 0.272629
v -0.998197 1.469308 0.273930
v -0.870355 1.242176 0.278263
v -0.870355 1.242176 0.351910
v -0.998197 1.469308 0.356242
v -0.121803 1.469308 -0.356242
v -0.249645 1.242176 -0.351909
v -0.998197 1.469308 -0.273930
v -0.870355 1.242176 -0.278263
v -0.121803 1.469308 0.356242
v -0.249645 1.242176 0.351910
v -0.249645 1.242176 0.278263
v -0.121803 1.469308 0.273930
v -0.870355 1.242176 -0.351909
v -0.998197 1.469308 -0.356242
v -0.121803 1.469308 -0.273930
v -0.249645 1.242176 -0.278263
v -0.342725 1.254748 -0.279711
v -0.342725 1.254748 -0.350461
v -0.342725 1.254748 0.350462
v -0.342725 1.254748 0.279711
v -0.777276 1.254748 -0.279711
v -0.777276 1.254748 -0.350461
v -0.777276 1.254748 0.350462
v -0.777276 1.254748 0.279711
v -0.342725 1.240359 -0.279711
v -0.342725 1.240359 -0.350461
v -0.342725 1.240359 0.350462
v -0.342725 1.240359 0.279711
v -0.777276 1.240359 -0.279711
v -0.777276 1.240359 -0.350461
v -0.777276 1.240359 0.350462
v -0.777276 1.240359 0.279711
vn -0.0000 -0.0000 -1.0000
vn 0.7071 -0.0000 0.7071
vn -0.0000 -1.0000 -0.0000
vn 1.0000 -0.0000 -0.0000
vn -0.0000 -0.0000 1.0000
vn 0.7071 -0.0000 -0.7071
vn -0.7071 -0.0000 0.7071
vn -1.0000 -0.0000 -0.0000
vn -0.7071 -0.0000 -0.7071
vn -0.5000 0.7071 0.5000
vn -0.5000 0.7071 -0.5000
vn 0.5000 0.7071 -0.5000
vn 0.5000 0.7071 0.5000
vn -0.7071 0.7071 -0.0000
vn -0.0000 0.7071 0.7071
vn -0.0000 0.7071 -0.7071
vn 0.7071 0.7071 -0.0000
vn -0.0000 1.0000 -0.0000
vn -0.0000 -0.0302 0.9995
vn -0.9995 -0.0302 -0.0000
vn 0.9995 -0.0302 -0.0000
vn -0.0000 -0.0302 -0.9995
vn 0.7053 0.7089 0.0001
vn -0.7053 0.7089 -0.0001
vn -0.7053 0.7090 -0.0000
vn 0.7053 0.7090 -0.0000
vn 0.0001 -0.0006 -1.0000
vn 1.0000 0.0011 -0.0000
vn 1.0000 -0.0000 0.0001
vn -1.0000 0.0002 -0.0000
vn -1.0000 0.0005 -0.0000
vn -0.0000 0.7089 0.7053
vn -0.0000 0.7089 -0.7053
vn -0.0000 0.7090 0.7053
vn -0.0000 0.7090 -0.7053
vn 0.0001 -0.0000 -1.0000
vn 0.0001 1.0000 -0.0002
vn -0.7053 0.7089 0.0001
vn 0.7053 0.7089 -0.0001
vn -0.0000 1.0000 0.0001
vn -0.0000 1.0000 -0.0001
vn -0.0001 1.0000 -0.0002
vn 0.0001 1.0000 0.0002
vn -0.0001 1.0000 0.0001
vn 0.0001 1.0000 -0.0001
vn 0.0001 1.0000 0.0001
vn -0.0001 1.0000 -0.0001
vn -0.0001 1.0000 0.0002
vn -1.0000 -0.0000 -0.0001
vn 0.0101 0.9999 -0.0000
vn -0.0201 -0.9998 -0.0000
vn -0.0012 1.0000 0.0064
vn 0.0126 0.9999 -0.0000
vn -0.0180 -0.9998 0.0007
vn 0.0011 -1.0000 -0.0064
vn -0.0101 0.9999 -0.0000
vn 0.0201 -0.9998 -0.0000
vn 0.8567 0.5158 -0.0000
vn 0.0180 -0.9998 -0.0007
vn -0.0001 -0.0000 1.0000
vn -0.0000 0.5158 -0.8567
vn -0.0000 0.5158 0.8567
vn -0.8567 0.5158 -0.0000
vn 0.0064 1.0000 -0.0012
vn -0.0064 -1.0000 0.0011
vn -0.0064 -1.0000 -0.0011
vn 0.0064 1.0000 0.0012
vn 0.6058 0.5158 0.6058
vn -0.0012 1.0000 -0.0064
vn 0.0011 -1.0000 0.0064
vn 0.6058 0.5158 -0.6058
vn 0.0064 -1.0000 -0.0011
vn 0.0012 1.0000 -0.0064
vn -0.6058 0.5158 -0.6058
vn -0.0011 -1.0000 0.0064
vn 0.0064 -1.0000 0.0011
vn -0.0000 0.9999 -0.0101
vn -0.6058 0.5158 0.6058
vn -0.0000 -0.9998 0.0201
vn 0.0001 0.9999 -0.0125
vn 0.0001 -0.9998 0.0177
vn -0.0180 -0.9998 -0.0007
vn -0.0000 0.9999 0.0101
vn -0.0001 0.9999 -0.0125
vn -0.0000 -0.9998 -0.0201
vn -0.0001 0.9999 0.0125
vn -0.0001 -0.9998 0.0177
vn -0.0001 -0.9998 -0.0177
vn 0.0001 0.9999 0.0125
vn 0.0001 -0.9998 -0.0177
vn -0.0011 -1.0000 -0.0064
vn 0.9999 -0.0168 -0.0000
vn -0.0000 -0.0160 0.9999
vn -0.0000 -0.0160 -0.9999
vn 1.0000 0.0050 0.0001
vn -1.0000 0.0050 0.0001
vn 1.0000 0.0050 -0.0001
vn -0.8326 0.5539 -0.0000
vn -1.0000 0.0050 -0.0001
vn 0.0001 0.0050 1.0000
vn 0.0001 0.0050 -1.0000
vn -1.0000 -0.0000 0.0001
vn 1.0000 -0.0000 -0.0001
vn -0.0000 0.0001 -1.0000
vn -0.0000 -0.0001 1.0000
vn -0.0000 0.0001 1.0000
vn -0.0000 -0.0001 -1.0000
vn -0.0000 1.0000 0.0002
vn -0.0000 1.0000 -0.0002
vn -0.0001 -0.0000 -1.0000
vn 0.0001 -0.0000 1.0000
vn 0.0012 1.0000 0.0064
vn 0.0180 -0.9998 0.0007
vn -0.0000 0.2533 0.9674
vn -0.0000 0.2533 -0.9674
vn 0.3598 -0.0020 0.9330
vn 0.2945 -0.7686 -0.5679
vn -0.8264 -0.5630 -0.0000
vn 0.8264 -0.5630 -0.0000
vn -0.3596 -0.0007 -0.9331
vn 0.3599 -0.9330 0.0031
vn -0.2945 -0.7686 0.5679
vn -0.3594 0.9332 0.0010
vn -0.3599 -0.9330 -0.0031
vn 0.2945 -0.5679 -0.7686
vn 0.8264 -0.0000 0.5630
vn 0.8264 -0.0000 -0.5630
vn -0.8264 -0.0000 -0.5630
vn -0.8264 -0.0000 0.5630
vn -0.7179 0.6961 0.0039
vn 0.7179 0.6961 -0.0039
vn -0.7179 0.6961 -0.0039
vn 0.7179 0.6961 0.0039
vn 0.7172 -0.0026 -0.6968
vn 0.7172 -0.0026 0.6968
vn -0.7172 -0.0026 0.6968
vn -0.7172 -0.0026 -0.6968
vn -0.7176 0.6964 -0.0046
vn 0.7176 0.6964 0.0046
vn -0.7176 0.6964 0.0046
vn 0.7176 0.6964 -0.0046
vn 0.7170 0.0029 -0.6971
vn 0.7170 0.0029 0.6971
vn -0.7170 0.0029 0.6971
vn -0.7170 0.0029 -0.6971
vn -0.8264 0.5630 -0.0000
vn 0.8264 0.5630 -0.0000
vn -0.8877 0.4604 -0.0004
vn 0.8877 0.4604 0.0004
vn -0.8877 0.4604 0.0004
vn 0.8877 0.4604 -0.0004
vn 0.8877 0.0003 -0.4604
vn 0.8877 0.0003 0.4604
vn -0.8877 0.0003 0.4604
vn -0.8877 0.0003 -0.4604
vn -0.3596 -0.0007 0.9331
vn -0.2945 -0.5679 -0.7686
vn 0.3598 -0.0020 -0.9330
vn 0.3595 -0.0007 0.9331
vn 0.2945 -0.5679 0.7686
vn -0.3598 -0.0020 -0.9330
vn 0.3595 -0.0007 -0.9331
vn -0.2945 -0.7686 -0.5679
vn 0.3594 0.9332 0.0010
vn -0.3598 -0.0020 0.9330
vn -0.3599 -0.9330 0.0031
vn 0.2945 -0.7686 0.5679
vn -0.3594 0.9332 -0.0010
vn -0.2945 -0.5679 0.7686
vn 0.3599 -0.9330 -0.0031
vn 0.3594 0.9332 -0.0010
vn -0.6710 0.7414 -0.0000
vn -0.0000 0.6892 0.7246
vn 0.9291 -0.0000 0.3698
vn -0.9291 -0.0000 0.3698
vn 0.9291 -0.0000 -0.3698
vn -0.5589 -0.0000 0.8292
vn -0.9291 -0.0000 -0.3698
vn 0.5589 -0.0000 0.8292
vn -0.5589 -0.0000 -0.8292
vn 0.5589 -0.0000 -0.8292
vn 0.6710 0.7414 -0.0000
vn 0.8909 0.2922 0.3478
vn -0.8909 0.2922 -0.3478
vn -0.8909 0.2922 0.3478
vn -0.0000 0.6474 0.7622
vn 0.8909 0.2922 -0.3478
vn -0.0000 0.6474 -0.7622
vn 0.4210 0.6578 0.6245
vn -0.4210 0.6578 0.6245
vn -0.4210 0.6578 -0.6245
vn 0.4210 0.6578 -0.6245
vn -0.0003 0.6382 0.7698
vn 0.0003 0.6382 0.7698
vn -0.0003 0.6382 -0.7698
vn 0.0003 0.6382 -0.7698
vn -0.0000 0.6892 -0.7246
vn 0.6710 -0.7414 -0.0000
vn -0.3886 0.4294 0.8153
vn -0.3886 0.4294 -0.8153
vn 0.3886 0.4294 0.8153
vn 0.3886 0.4294 -0.8153
vn -0.6860 0.1979 -0.7002
vn -0.6860 0.1979 0.7002
vn -0.0000 0.5973 0.8020
vn -0.0000 0.5973 -0.8020
vn 0.6860 0.1979 -0.7002
vn 0.6860 0.1979 0.7002
vn -0.8633 0.3696 -0.3436
vn -0.0019 0.2887 0.9574
vn 0.8940 0.4480 -0.0014
vn 0.8633 0.3696 0.3436
vn 0.0019 0.2887 0.9574
vn -0.8633 0.3696 0.3437
vn 0.5224 0.3557 -0.7750
vn -0.0000 0.2685 0.9633
vn -0.5224 0.3557 -0.7750
vn 0.8633 0.3696 -0.3436
vn 0.5590 -0.0000 0.8292
vn -0.5590 -0.0000 0.8292
vn -0.5590 -0.0000 -0.8292
vn 0.5590 -0.0000 -0.8292
vn 0.0040 -0.0000 1.0000
vn 1.0000 0.0006 -0.0031
vn -0.0040 -0.0000 1.0000
vn -1.0000 0.0006 -0.0031
vn 0.0040 -0.0000 -1.0000
vn 1.0000 0.0006 0.0031
vn -1.0000 0.0006 0.0031
vn -0.0040 -0.0000 -1.0000
vn -0.9999 -0.0116 -0.0000
vn 0.9999 -0.0116 -0.0000
vn -0.8940 0.4480 -0.0014
vn -0.8868 0.4621 -0.0000
vn 0.0019 0.2887 -0.9574
vn 0.8868 0.4621 -0.0000
vn 0.8940 0.4480 0.0014
vn 0.5224 0.3557 0.7750
vn -0.8940 0.4480 0.0014
vn -0.0019 0.2887 -0.9574
vn -0.0000 0.2685 -0.9633
vn -0.5224 0.3557 0.7750
vn 0.9339 -0.0000 0.3576
vn -0.9339 -0.0000 -0.3576
vn -0.0007 -0.0000 1.0000
vn 0.0007 -0.0000 1.0000
vn -0.0007 -0.0000 -1.0000
vn 0.0007 -0.0000 -1.0000
vn -0.9339 -0.0000 0.3576
vn 0.8091 -0.4743 0.3470
vn -0.2625 0.8607 -0.4362
vn 0.5165 0.8563 -0.0000
vn -0.0000 0.6515 0.7587
vn -0.5165 0.8563 -0.0000
vn 0.2625 0.8607 -0.4362
vn -0.8091 -0.4743 0.3470
vn -0.0004 0.7330 -0.6802
vn -0.0004 0.7330 0.6802
vn -0.8091 -0.4743 -0.3470
vn 0.2625 0.8607 0.4362
vn -0.0000 0.6515 -0.7587
vn -0.2625 0.8607 0.4362
vn 0.8091 -0.4743 -0.3470
vn 0.0004 0.7330 0.6802
vn 0.0004 0.7330 -0.6802
vn 0.9339 -0.0000 -0.3577
vn 0.9339 -0.0000 -0.3576
vn -0.8280 -0.5607 -0.0000
vn -0.6710 -0.7414 -0.0000
vn 0.8280 -0.5607 -0.0000
vn 0.7071 -0.7071 -0.0000
vn -0.7071 -0.7071 -0.0000
vn -0.0000 -0.0238 -0.9997
vn -0.0238 -0.0000 -0.9997
vn -0.0000 0.0238 -0.9997
vn -0.0851 0.9964 -0.0000
vn -0.0000 0.0238 0.9997
vn 0.9964 0.0851 -0.0000
vn -0.0851 -0.9964 -0.0000
vn 0.0238 -0.0000 -0.9997
vn 0.0851 0.9964 -0.0000
vn 0.9964 -0.0851 -0.0000
vn -0.9964 0.0851 -0.0000
vn 0.0238 -0.0000 0.9997
vn -0.0238 -0.0000 0.9997
vn 0.0851 -0.9964 -0.0000
vn -0.0000 -0.0238 0.9997
vn -0.9964 -0.0851 -0.0000
vn -0.0001 -1.0000 -0.0000
vn 0.0115 -0.0115 -0.9999
vn -0.0115 0.0115 -0.9999
vn -0.0115 -0.0115 -0.9999
vn 0.0115 0.0115 -0.9999
vn -0.0115 0.0115 0.9999
vn 0.0115 0.0115 0.9999
vn 0.0115 -0.0115 0.9999
vn -0.0115 -0.0115 0.9999
vn 0.5000 0.5000 -0.7071
vn 0.5000 0.5000 0.7071
vn 0.5000 -0.5000 -0.7071
vn 0.5000 -0.5000 0.7071
vn -0.0000 -0.7071 -0.7071
vn -0.0000 -0.7071 0.7071
vn -0.5000 -0.5000 -0.7071
vn -0.5000 -0.5000 0.7071
vn -0.5000 0.5000 -0.7071
vn -0.5000 0.5000 0.7071
vn 0.8524 0.5229 -0.0000
vn -0.6985 -0.7098 -0.0910
vn -0.6985 -0.7098 0.0910
vn 0.0122 0.7688 -0.6393
vn 0.0122 0.7688 0.6394
vn -0.8477 -0.5305 -0.0000
vn 0.9844 0.1760 -0.0000
vn -0.9844 0.1760 -0.0000
vn 0.9768 -0.2141 -0.0000
vn -0.9768 -0.2141 -0.0000
vn -0.0168 -0.0091 -0.9998
vn -0.8714 -0.4905 -0.0000
vn 0.0168 -0.0091 0.9998
vn 0.8714 -0.4905 -0.0000
vn 0.0168 -0.0091 -0.9998
vn -0.0168 -0.0091 0.9998
vn -0.0122 0.7688 0.6394
vn 0.8477 -0.5305 -0.0000
vn -0.0122 0.7688 -0.6394
vn 0.6985 -0.7098 0.0910
vn 0.6985 -0.7098 -0.0910
vn -0.0122 0.7688 0.6393
vn -0.0122 0.7688 -0.6393
vn -0.8524 0.5229 -0.0000
vn 0.8633 0.3696 0.3437
vn 0.9339 -0.0000 0.3577
vn -0.9339 -0.0000 0.3577
vn 0.0122 0.7688 -0.6394
vt 0.440408 0.180498
vt 0.593545 0.180498
vt 0.432823 0.416667
vt 0.601131 0.416667
vt 0.601131 0.474265
vt 0.432823 0.474265
vt 0.607246 0.775735
vt 0.602775 0.775735
vt 0.602775 0.704963
vt 0.607246 0.704963
vt 0.593545 0.558868
vt 0.593545 0.569502
vt 0.607246 0.916667
vt 0.602775 0.916667
vt 0.602885 0.916667
vt 0.601131 0.916667
vt 0.432823 0.916667
vt 0.602775 0.083333
vt 0.607246 0.083333
vt 0.602885 0.083333
vt 0.607246 0.333333
vt 0.625000 0.333333
vt 0.428643 0.166667
vt 0.375000 0.166667
vt 0.375000 0.083333
vt 0.208333 0.583333
vt 0.208333 0.666667
vt 0.375000 0.583333
vt 0.428643 0.583333
vt 0.602775 0.333333
vt 0.602885 0.333333
vt 0.428643 0.833333
vt 0.428643 0.886630
vt 0.428643 0.916667
vt 0.375000 0.916667
vt 0.375000 0.833333
vt 0.607246 0.666667
vt 0.602775 0.666667
vt 0.602885 0.666667
vt 0.607246 0.166667
vt 0.602775 0.166667
vt 0.602885 0.166667
vt 0.607246 0.545037
vt 0.602775 0.545037
vt 0.602775 0.474265
vt 0.607246 0.474265
vt 0.607246 0.583333
vt 0.641908 0.583333
vt 0.432823 0.000000
vt 0.601131 0.000000
vt 0.601131 0.045037
vt 0.432823 0.045037
vt 0.375000 0.666667
vt 0.291667 0.666667
vt 0.291667 0.583333
vt 0.375000 0.275735
vt 0.428643 0.275735
vt 0.428643 0.333333
vt 0.375000 0.333333
vt 0.125000 0.666667
vt 0.208333 0.750000
vt 0.150735 0.750000
vt 0.125000 0.704963
vt 0.602775 0.045037
vt 0.607246 0.045037
vt 0.602775 0.083333
vt 0.291667 0.500000
vt 0.349265 0.500000
vt 0.375000 0.545037
vt 0.375000 0.416667
vt 0.428643 0.416667
vt 0.428643 0.474265
vt 0.375000 0.474265
vt 0.125000 0.545037
vt 0.150735 0.500000
vt 0.208333 0.500000
vt 0.125000 0.583333
vt 0.625000 0.166667
vt 0.375000 0.704963
vt 0.349265 0.750000
vt 0.291667 0.750000
vt 0.602775 0.583333
vt 0.602885 0.583333
vt 0.593545 0.069502
vt 0.440408 0.069502
vt 0.601131 0.545037
vt 0.432823 0.545037
vt 0.601131 0.474265
vt 0.601131 0.275735
vt 0.432823 0.275735
vt 0.432823 0.204963
vt 0.601131 0.204963
vt 0.601131 0.775735
vt 0.432823 0.775735
vt 0.432823 0.704963
vt 0.601131 0.704963
vt 0.607246 0.275735
vt 0.602775 0.275735
vt 0.602775 0.204963
vt 0.607246 0.204963
vt 0.375000 0.204963
vt 0.428643 0.204963
vt 0.428643 0.775735
vt 0.375000 0.775735
vt 0.428643 0.704963
vt 0.428643 0.545037
vt 0.593545 0.058868
vt 0.607246 0.974265
vt 0.602775 0.974265
vt 0.432823 0.275735
vt 0.601131 0.333333
vt 0.432823 0.333333
vt 0.791667 0.529590
vt 0.791667 0.546400
vt 0.791667 0.545277
vt 0.625000 0.008667
vt 0.625000 0.036370
vt 0.607246 0.000000
vt 0.625000 0.218582
vt 0.625000 0.262116
vt 0.625000 0.487884
vt 0.625000 0.531418
vt 0.625000 0.718582
vt 0.625000 0.762116
vt 0.625000 0.057294
vt 0.625000 0.083333
vt 0.625000 0.916667
vt 0.625000 0.967261
vt 0.625000 0.282739
vt 0.625000 0.192706
vt 0.641909 0.666667
vt 0.641908 0.692706
vt 0.607246 0.833333
vt 0.625000 0.782739
vt 0.625000 0.833333
vt 0.641908 0.557293
vt 0.607246 0.416667
vt 0.625000 0.416667
vt 0.625000 0.467261
vt 0.858091 0.666667
vt 0.848484 0.666667
vt 0.849268 0.666667
vt 0.602775 0.833333
vt 0.602885 0.833333
vt 0.602775 0.000000
vt 0.601131 0.166667
vt 0.432823 0.166667
vt 0.601131 0.166667
vt 0.428643 0.974265
vt 0.375000 0.974265
vt 0.432823 0.416667
vt 0.432823 0.083333
vt 0.601131 0.083333
vt 0.601131 0.083333
vt 0.432823 0.583333
vt 0.601131 0.583333
vt 0.601131 0.666667
vt 0.432823 0.666667
vt 0.766963 0.539768
vt 0.733042 0.539768
vt 0.736227 0.529590
vt 0.763773 0.529590
vt 0.375000 0.000000
vt 0.428643 0.000000
vt 0.428643 0.045037
vt 0.375000 0.045037
vt 0.432823 0.833333
vt 0.601131 0.833333
vt 0.432823 0.833333
vt 0.428643 0.083333
vt 0.602885 0.833333
vt 0.607246 0.860448
vt 0.602885 0.860448
vt 0.843440 0.673509
vt 0.836169 0.690931
vt 0.602885 0.083333
vt 0.607246 0.107472
vt 0.602885 0.107472
vt 0.714056 0.666667
vt 0.663444 0.666667
vt 0.602885 0.583333
vt 0.607246 0.607472
vt 0.602885 0.607472
vt 0.656453 0.583333
vt 0.663444 0.583333
vt 0.449872 0.145988
vt 0.584081 0.145988
vt 0.584081 0.163206
vt 0.449872 0.163206
vt 0.449872 0.645989
vt 0.584081 0.645988
vt 0.584081 0.663206
vt 0.449872 0.663206
vt 0.597232 0.357638
vt 0.436721 0.357638
vt 0.597232 0.413857
vt 0.436721 0.413857
vt 0.602884 0.361227
vt 0.607246 0.361227
vt 0.607246 0.388773
vt 0.602885 0.388773
vt 0.602885 0.861227
vt 0.607246 0.861227
vt 0.607246 0.888773
vt 0.602885 0.888773
vt 0.602885 0.111319
vt 0.607246 0.111319
vt 0.607246 0.138681
vt 0.602885 0.138681
vt 0.602885 0.611319
vt 0.607246 0.611319
vt 0.607246 0.638681
vt 0.602885 0.638681
vt 0.656453 0.666667
vt 0.602885 0.333333
vt 0.607246 0.360448
vt 0.602885 0.360448
vt 0.428643 0.666667
vt 0.428643 0.545037
vt 0.651516 0.583333
vt 0.650730 0.583333
vt 0.602775 0.166667
vt 0.428643 0.704963
vt 0.428643 0.045037
vt 0.601131 0.974265
vt 0.432823 0.974265
vt 0.708333 0.720410
vt 0.708333 0.703599
vt 0.708333 0.704721
vt 0.602775 0.416667
vt 0.602885 0.416667
vt 0.852369 0.642528
vt 0.852369 0.645241
vt 0.647631 0.611319
vt 0.647631 0.607472
vt 0.647631 0.604759
vt 0.656453 0.583333
vt 0.708333 0.583333
vt 0.708333 0.666667
vt 0.656453 0.645241
vt 0.647631 0.645241
vt 0.647631 0.642528
vt 0.647631 0.638681
vt 0.641909 0.583333
vt 0.641909 0.607472
vt 0.625000 0.107472
vt 0.449872 0.586794
vt 0.584081 0.586794
vt 0.584081 0.604012
vt 0.449872 0.604011
vt 0.449872 0.086794
vt 0.584081 0.086794
vt 0.584081 0.104012
vt 0.449872 0.104012
vt 0.432823 0.638681
vt 0.484800 0.638681
vt 0.549154 0.638681
vt 0.601131 0.638681
vt 0.661718 0.703598
vt 0.602885 0.142528
vt 0.607246 0.142528
vt 0.602885 0.166667
vt 0.625000 0.111319
vt 0.625000 0.138681
vt 0.641909 0.638681
vt 0.641909 0.611319
vt 0.764441 0.723383
vt 0.703473 0.810260
vt 0.852369 0.604759
vt 0.852369 0.607472
vt 0.602885 0.642528
vt 0.607246 0.642528
vt 0.649791 0.669685
vt 0.649790 0.686993
vt 0.643633 0.691456
vt 0.643633 0.669685
vt 0.793392 0.706620
vt 0.838996 0.706617
vt 0.856367 0.558544
vt 0.856367 0.580315
vt 0.850210 0.686993
vt 0.850209 0.669685
vt 0.793392 0.532609
vt 0.841546 0.532609
vt 0.661004 0.706617
vt 0.841546 0.717391
vt 0.793392 0.717391
vt 0.661718 0.546402
vt 0.708333 0.546399
vt 0.708333 0.546399
vt 0.838282 0.546402
vt 0.848485 0.564257
vt 0.848484 0.564257
vt 0.661004 0.543383
vt 0.649790 0.563007
vt 0.651516 0.564256
vt 0.651515 0.564257
vt 0.000000 0.000000
vt 0.848485 0.685743
vt 0.838282 0.703598
vt 0.791667 0.704730
vt 0.791667 0.703601
vt 0.791667 0.720410
vt 0.849275 0.583333
vt 0.848485 0.583333
vt 0.858091 0.583333
vt 0.708333 0.545276
vt 0.708333 0.529590
vt 0.856367 0.669685
vt 0.856367 0.691456
vt 0.765337 0.713010
vt 0.760573 0.725095
vt 0.850209 0.563007
vt 0.838996 0.543383
vt 0.852369 0.638681
vt 0.852369 0.611319
vt 0.858091 0.611319
vt 0.858091 0.638681
vt 0.650730 0.583333
vt 0.651515 0.685743
vt 0.651517 0.685745
vt 0.650730 0.666667
vt 0.651516 0.666667
vt 0.650730 0.666667
vt 0.836556 0.583333
vt 0.843548 0.583333
vt 0.843634 0.659359
vt 0.766963 0.539768
vt 0.732307 0.710232
vt 0.711579 0.710231
vt 0.625000 0.860448
vt 0.607246 0.860448
vt 0.625000 0.889552
vt 0.607246 0.889552
vt 0.625000 0.360448
vt 0.607246 0.360448
vt 0.436721 0.392362
vt 0.521324 0.888224
vt 0.521324 0.875549
vt 0.597232 0.336143
vt 0.596783 0.888224
vt 0.602885 0.889552
vt 0.607246 0.889552
vt 0.602885 0.916667
vt 0.625000 0.861227
vt 0.625000 0.888773
vt 0.607246 0.888773
vt 0.602885 0.389552
vt 0.607246 0.389552
vt 0.602885 0.416667
vt 0.625000 0.361227
vt 0.625000 0.388773
vt 0.843550 0.604759
vt 0.714056 0.583333
vt 0.711073 0.694544
vt 0.711074 0.555454
vt 0.711579 0.539768
vt 0.785944 0.583333
vt 0.641908 0.666667
vt 0.641908 0.642528
vt 0.625000 0.389552
vt 0.607246 0.389552
vt 0.625000 0.142528
vt 0.708333 0.529590
vt 0.852369 0.642528
vt 0.858091 0.642528
vt 0.641908 0.607472
vt 0.661073 0.583333
vt 0.788925 0.555455
vt 0.788419 0.539768
vt 0.849271 0.583333
vt 0.849271 0.583333
vt 0.838927 0.583333
vt 0.661073 0.666667
vt 0.732306 0.539768
vt 0.732306 0.539768
vt 0.767698 0.539768
vt 0.764552 0.529590
vt 0.766962 0.710232
vt 0.733042 0.710232
vt 0.766962 0.710232
vt 0.735448 0.720410
vt 0.708333 0.720410
vt 0.791667 0.583333
vt 0.791667 0.666667
vt 0.767698 0.539768
vt 0.735448 0.529590
vt 0.763773 0.720410
vt 0.736227 0.720410
vt 0.858091 0.607472
vt 0.858092 0.692706
vt 0.842261 0.720410
vt 0.842261 0.529590
vt 0.858091 0.557293
vt 0.658454 0.532609
vt 0.643633 0.558544
vt 0.657739 0.529590
vt 0.658454 0.717391
vt 0.657739 0.720410
vt 0.706608 0.717391
vt 0.643633 0.580315
vt 0.706608 0.532609
vt 0.706608 0.543381
vt 0.649791 0.580315
vt 0.706608 0.706618
vt 0.793392 0.543382
vt 0.850210 0.580315
vt 0.549154 0.611319
vt 0.601131 0.611319
vt 0.601131 0.607472
vt 0.601131 0.138681
vt 0.601131 0.111319
vt 0.432823 0.611319
vt 0.432823 0.607472
vt 0.432823 0.111319
vt 0.432823 0.138681
vt 0.432823 0.704963
vt 0.432823 0.107472
vt 0.432823 0.204963
vt 0.432823 0.888773
vt 0.601131 0.888773
vt 0.601131 0.889552
vt 0.432823 0.889552
vt 0.432823 0.860448
vt 0.601131 0.860448
vt 0.601131 0.861227
vt 0.432823 0.861227
vt 0.432823 0.388773
vt 0.601131 0.388773
vt 0.601131 0.389552
vt 0.432823 0.389552
vt 0.432823 0.360448
vt 0.601131 0.360448
vt 0.601131 0.361227
vt 0.432823 0.361227
vt 0.601131 0.375000
vt 0.601131 0.642528
vt 0.601131 0.875000
vt 0.428643 0.886650
vt 0.432823 0.875000
vt 0.432823 0.142528
vt 0.432823 0.642528
vt 0.432823 0.379734
vt 0.601131 0.142528
vt 0.601131 0.107472
vt 0.484800 0.111319
vt 0.484800 0.138681
vt 0.852369 0.614750
vt 0.852369 0.639096
vt 0.647631 0.610903
vt 0.647631 0.635250
vt 0.733491 0.539768
vt 0.732756 0.710232
vt 0.767249 0.539768
vt 0.768872 0.707453
vt 0.432823 0.375000
vt 0.440408 0.058868
vt 0.440408 0.191132
vt 0.440408 0.680498
vt 0.440408 0.691132
vt 0.440408 0.558868
vt 0.440408 0.569502
vt 0.593545 0.191132
vt 0.593545 0.691132
vt 0.593545 0.680498
vt 0.592674 0.060457
vt 0.592674 0.067913
vt 0.441280 0.060457
vt 0.592674 0.182087
vt 0.592674 0.189543
vt 0.592674 0.689543
vt 0.441280 0.689543
vt 0.441280 0.067913
vt 0.441280 0.182087
vt 0.441280 0.189543
vt 0.441280 0.682087
vt 0.441280 0.560457
vt 0.441280 0.567913
vt 0.592674 0.567913
vt 0.592674 0.560457
vt 0.592674 0.682087
vt 0.436721 0.892362
vt 0.436721 0.913857
vt 0.597232 0.913857
vt 0.597232 0.892362
vt 0.597232 0.392362
vt 0.436721 0.336143
vt 0.436721 0.836143
vt 0.436721 0.857638
vt 0.597232 0.857638
vt 0.597232 0.836143
vt 0.519379 0.912456
vt 0.519379 0.893763
vt 0.519379 0.903109
vt 0.595289 0.837544
vt 0.519379 0.837544
vt 0.516180 0.837544
vt 0.438665 0.837544
vt 0.595289 0.893763
vt 0.516180 0.893763
vt 0.438665 0.893762
vt 0.438665 0.393763
vt 0.438665 0.412456
vt 0.438665 0.912456
vt 0.595289 0.912456
vt 0.595289 0.412456
vt 0.595289 0.393763
vt 0.438665 0.337544
vt 0.438665 0.356237
vt 0.438665 0.856237
vt 0.595289 0.856237
vt 0.595288 0.356237
vt 0.595288 0.337544
vt 0.595289 0.903109
vt 0.516180 0.337544
vt 0.516180 0.356237
vt 0.516180 0.912456
vt 0.519379 0.337544
vt 0.516180 0.412456
vt 0.519379 0.412456
vt 0.560257 0.838593
vt 0.592365 0.838593
vt 0.519379 0.356237
vt 0.516180 0.856237
vt 0.519379 0.856237
vt 0.516180 0.837544
vt 0.516180 0.856237
vt 0.519379 0.393763
vt 0.516180 0.393763
vt 0.516180 0.356237
vt 0.516180 0.337544
vt 0.516180 0.912456
vt 0.516180 0.893763
vt 0.516180 0.412456
vt 0.516180 0.393763
vt 0.522303 0.345841
vt 0.522303 0.338593
vt 0.554411 0.902060
vt 0.522303 0.902060
vt 0.513401 0.409448
vt 0.441444 0.409448
vt 0.513401 0.896771
vt 0.513401 0.909448
vt 0.554411 0.338593
vt 0.557334 0.393763
vt 0.595289 0.403109
vt 0.557334 0.412456
vt 0.595289 0.846891
vt 0.519379 0.403109
vt 0.557334 0.837544
vt 0.595288 0.346891
vt 0.519379 0.346891
vt 0.557334 0.856237
vt 0.557334 0.337544
vt 0.557334 0.356237
vt 0.557334 0.893763
vt 0.519379 0.846891
vt 0.557334 0.912456
vt 0.554411 0.894812
vt 0.522303 0.894812
vt 0.554411 0.402060
vt 0.522303 0.402060
vt 0.554411 0.394812
vt 0.592365 0.411407
vt 0.560257 0.411407
vt 0.522303 0.394812
vt 0.554411 0.845841
vt 0.522303 0.845841
vt 0.592365 0.404159
vt 0.554411 0.838593
vt 0.560257 0.404159
vt 0.557334 0.846891
vt 0.592365 0.847940
vt 0.560257 0.847940
vt 0.592365 0.855188
vt 0.560257 0.855188
vt 0.557334 0.403109
vt 0.557334 0.903109
vt 0.592365 0.904158
vt 0.560257 0.904159
vt 0.592365 0.911407
vt 0.560257 0.911407
vt 0.557334 0.346891
vt 0.592365 0.347940
vt 0.560257 0.347940
vt 0.592365 0.355188
vt 0.560257 0.355188
vt 0.554411 0.347940
vt 0.522303 0.347940
vt 0.554411 0.355188
vt 0.522303 0.355188
vt 0.554411 0.345841
vt 0.592365 0.338593
vt 0.560257 0.338593
vt 0.592365 0.345841
vt 0.560257 0.345841
vt 0.554411 0.904158
vt 0.522303 0.904159
vt 0.554411 0.911407
vt 0.522303 0.911407
vt 0.592365 0.894812
vt 0.560257 0.894812
vt 0.592365 0.902060
vt 0.560257 0.902060
vt 0.554411 0.404159
vt 0.522303 0.404159
vt 0.554411 0.411407
vt 0.522303 0.411407
vt 0.592365 0.394812
vt 0.560257 0.394812
vt 0.592365 0.402060
vt 0.560257 0.402060
vt 0.554411 0.847940
vt 0.522303 0.847940
vt 0.554411 0.855188
vt 0.522303 0.855188
vt 0.522303 0.838593
vt 0.592365 0.845841
vt 0.560257 0.845841
vt 0.597552 0.374548
vt 0.436401 0.374548
vt 0.596783 0.875549
vt 0.521324 0.375549
vt 0.596783 0.375549
vt 0.596783 0.388224
vt 0.521324 0.388224
vt 0.522550 0.888069
vt 0.522550 0.875704
vt 0.595557 0.888069
vt 0.595557 0.875704
vt 0.595557 0.375704
vt 0.522550 0.375704
vt 0.595557 0.388069
vt 0.522551 0.388069
vt 0.525512 0.876078
vt 0.592595 0.876078
vt 0.592595 0.387695
vt 0.525512 0.387695
vt 0.592595 0.887695
vt 0.525512 0.887695
vt 0.592595 0.376078
vt 0.525512 0.376078
vt 0.590888 0.387479
vt 0.527219 0.387479
vt 0.590888 0.876293
vt 0.590888 0.887480
vt 0.527219 0.876293
vt 0.527219 0.887479
vt 0.590888 0.376293
vt 0.527219 0.376293
vt 0.436401 0.361679
vt 0.597552 0.861679
vt 0.436401 0.861679
vt 0.597552 0.874548
vt 0.597552 0.361679
vt 0.436401 0.874548
vt 0.547913 0.362071
vt 0.547913 0.374157
vt 0.544146 0.374157
vt 0.544146 0.362071
vt 0.439502 0.374157
vt 0.451070 0.374157
vt 0.466672 0.374157
vt 0.470438 0.374157
vt 0.486040 0.374157
vt 0.489807 0.374157
vt 0.505409 0.374157
vt 0.509175 0.374157
vt 0.524778 0.374157
vt 0.528544 0.374157
vt 0.544146 0.374157
vt 0.547913 0.374157
vt 0.563515 0.374157
vt 0.567281 0.374157
vt 0.582884 0.374157
vt 0.594451 0.374157
vt 0.594451 0.362071
vt 0.528544 0.862071
vt 0.528544 0.874157
vt 0.524778 0.874157
vt 0.524778 0.862071
vt 0.439502 0.362071
vt 0.439502 0.874157
vt 0.451070 0.874157
vt 0.466672 0.874157
vt 0.470438 0.874157
vt 0.486041 0.874157
vt 0.489807 0.874157
vt 0.505409 0.874157
vt 0.509176 0.874157
vt 0.544147 0.874157
vt 0.547913 0.874157
vt 0.563515 0.874157
vt 0.567282 0.874157
vt 0.582884 0.874157
vt 0.594451 0.874157
vt 0.594451 0.862071
vt 0.489807 0.362071
vt 0.486040 0.362071
vt 0.439502 0.862071
vt 0.547913 0.862071
vt 0.547913 0.874157
vt 0.544146 0.874157
vt 0.544147 0.862071
vt 0.567281 0.362071
vt 0.567281 0.374157
vt 0.563515 0.374157
vt 0.563515 0.362071
vt 0.470438 0.862071
vt 0.466672 0.862071
vt 0.470438 0.362071
vt 0.470438 0.374157
vt 0.466672 0.362071
vt 0.489807 0.862071
vt 0.486041 0.862071
vt 0.451070 0.362071
vt 0.451070 0.374157
vt 0.582884 0.362071
vt 0.509176 0.862071
vt 0.505409 0.862071
vt 0.567282 0.862071
vt 0.567282 0.874157
vt 0.563515 0.874157
vt 0.563515 0.862071
vt 0.451070 0.862071
vt 0.451070 0.874157
vt 0.509175 0.362071
vt 0.505409 0.362071
vt 0.563515 0.362071
vt 0.528544 0.362071
vt 0.524778 0.362071
vt 0.470438 0.362071
vt 0.582884 0.862071
vt 0.563515 0.862071
vt 0.544146 0.862071
vt 0.451070 0.862071
vt 0.441444 0.896771
vt 0.441444 0.909448
vt 0.513401 0.396771
vt 0.441444 0.396771
vt 0.440674 0.144121
vt 0.440674 0.165073
vt 0.440674 0.644121
vt 0.440674 0.665073
vt 0.593279 0.165073
vt 0.593279 0.144121
vt 0.593279 0.665073
vt 0.593279 0.644121
vt 0.440674 0.084927
vt 0.440674 0.105879
vt 0.440674 0.584927
vt 0.440674 0.605879
vt 0.593280 0.105879
vt 0.593280 0.084927
vt 0.593280 0.605879
vt 0.593280 0.584927
vt 0.448459 0.604389
vt 0.583020 0.604389
vt 0.588495 0.644499
vt 0.583020 0.645610
vt 0.588495 0.605501
vt 0.442088 0.605501
vt 0.448010 0.587009
vt 0.588495 0.144499
vt 0.583020 0.145611
vt 0.442536 0.585898
vt 0.448010 0.087009
vt 0.448458 0.104389
vt 0.448010 0.662991
vt 0.442536 0.664102
vt 0.442088 0.144499
vt 0.442536 0.164102
vt 0.442088 0.644499
vt 0.442536 0.085898
vt 0.442088 0.105501
vt 0.588495 0.105501
vt 0.448010 0.162991
vt 0.448458 0.145611
vt 0.448458 0.645611
vt 0.583020 0.104389
vt 0.549154 0.138681
vt 0.549154 0.111319
vt 0.484800 0.611319
vt 0.504905 0.666667
vt 0.578434 0.666667
vt 0.578434 0.727438
vt 0.504905 0.727438
vt 0.504905 0.418077
vt 0.578434 0.418077
vt 0.578434 0.485962
vt 0.504905 0.485962
vt 0.375000 0.264038
vt 0.490406 0.264038
vt 0.490406 0.333333
vt 0.375000 0.764038
vt 0.490406 0.764038
vt 0.490406 0.833333
vt 0.504905 0.166667
vt 0.578434 0.166667
vt 0.578434 0.227438
vt 0.504905 0.227438
vt 0.708656 0.666667
vt 0.710508 0.666667
vt 0.712961 0.666667
vt 0.787361 0.666667
vt 0.504905 0.833656
vt 0.578434 0.833656
vt 0.578434 0.916344
vt 0.504905 0.916344
vt 0.504905 0.918077
vt 0.578434 0.918077
vt 0.578434 0.985962
vt 0.504905 0.985962
vt 0.708656 0.512806
vt 0.791344 0.512806
vt 0.791344 0.583333
vt 0.708656 0.583333
vt 0.291667 0.583333
vt 0.208333 0.638889
vt 0.291667 0.638889
vt 0.490406 0.416667
vt 0.490406 0.485962
vt 0.375000 0.485962
vt 0.125000 0.638889
vt 0.504905 0.333656
vt 0.578434 0.333656
vt 0.578434 0.416344
vt 0.504905 0.416344
vt 0.789089 0.589930
vt 0.710911 0.589930
vt 0.710911 0.583333
vt 0.789089 0.583333
vt 0.375000 0.666667
vt 0.490406 0.666667
vt 0.490406 0.727438
vt 0.375000 0.727438
vt 0.697745 0.706355
vt 0.697745 0.543645
vt 0.375000 0.138889
vt 0.490406 0.138889
vt 0.490406 0.166667
vt 0.375000 0.522562
vt 0.490406 0.522562
vt 0.490406 0.583333
vt 0.375000 0.583333
vt 0.375000 0.638889
vt 0.490406 0.916667
vt 0.490406 0.985962
vt 0.375000 0.985962
vt 0.375000 0.022562
vt 0.490406 0.022562
vt 0.490406 0.083333
vt 0.461895 0.637475
vt 0.403511 0.637475
vt 0.504905 0.083333
vt 0.578434 0.083333
vt 0.578434 0.111111
vt 0.504905 0.111111
vt 0.504905 0.583333
vt 0.578434 0.583333
vt 0.578434 0.611111
vt 0.504905 0.611111
vt 0.375000 0.227438
vt 0.490406 0.227438
vt 0.375000 0.611111
vt 0.291667 0.611111
vt 0.490406 0.227438
vt 0.461894 0.112525
vt 0.461895 0.137475
vt 0.490406 0.638889
vt 0.490406 0.000000
vt 0.208333 0.611111
vt 0.125000 0.611111
vt 0.578434 0.638889
vt 0.504905 0.638889
vt 0.504905 0.522562
vt 0.578434 0.522562
vt 0.504905 0.583333
vt 0.578434 0.138889
vt 0.504905 0.138889
vt 0.504905 0.022562
vt 0.578434 0.022562
vt 0.504905 0.138889
vt 0.139038 0.750000
vt 0.125000 0.727438
vt 0.504905 0.638889
vt 0.360962 0.500000
vt 0.375000 0.522562
vt 0.504905 0.264038
vt 0.578434 0.264038
vt 0.578434 0.331923
vt 0.504905 0.331923
vt 0.125000 0.522562
vt 0.139038 0.500000
vt 0.504905 0.764038
vt 0.578434 0.764038
vt 0.578434 0.831923
vt 0.504905 0.831923
vt 0.360962 0.750000
vt 0.490406 0.611111
vt 0.504905 0.227438
vt 0.578434 0.227438
vt 0.504905 0.727438
vt 0.578434 0.727438
vt 0.625000 0.267338
vt 0.625000 0.331913
vt 0.504905 0.000000
vt 0.578434 0.000000
vt 0.578434 0.022562
vt 0.504905 0.022562
vt 0.490406 0.111111
vt 0.375000 0.111111
vt 0.578434 0.418077
vt 0.625000 0.418086
vt 0.625000 0.482662
vt 0.625000 0.918086
vt 0.625000 0.982662
vt 0.625000 0.138889
vt 0.634676 0.638889
vt 0.633887 0.666667
vt 0.625000 0.111111
vt 0.633887 0.583333
vt 0.634676 0.611111
vt 0.634676 0.611111
vt 0.625000 0.003751
vt 0.625000 0.017391
vt 0.625000 0.235827
vt 0.625000 0.257954
vt 0.625000 0.492046
vt 0.625000 0.514173
vt 0.625000 0.735827
vt 0.625000 0.757954
vt 0.625000 0.026446
vt 0.625000 0.083333
vt 0.625000 0.333656
vt 0.625000 0.416344
vt 0.625000 0.166667
vt 0.625000 0.223554
vt 0.633852 0.723554
vt 0.625000 0.833656
vt 0.625000 0.916344
vt 0.633852 0.526446
vt 0.625000 0.767338
vt 0.625000 0.831913
vt 0.802255 0.543645
vt 0.802255 0.706355
vt 0.706913 0.737194
vt 0.706913 0.512806
vt 0.708656 0.737194
vt 0.708333 0.642959
vt 0.708333 0.607040
vt 0.791667 0.600329
vt 0.791667 0.602036
vt 0.712336 0.666667
vt 0.787664 0.666667
vt 0.791344 0.666667
vt 0.791344 0.737194
vt 0.789089 0.666667
vt 0.710911 0.666667
vt 0.710911 0.660070
vt 0.789089 0.660070
vt 0.708333 0.638889
vt 0.791667 0.611111
vt 0.791667 0.583333
vt 0.789089 0.666667
vt 0.791667 0.595424
vt 0.791667 0.596394
vt 0.708333 0.596394
vt 0.708333 0.595424
vt 0.791667 0.653606
vt 0.791667 0.654576
vt 0.708333 0.654576
vt 0.708333 0.653606
vt 0.708333 0.611111
vt 0.710911 0.583333
vt 0.789089 0.583333
vt 0.789089 0.660070
vt 0.789089 0.589930
vt 0.710911 0.660070
vt 0.710911 0.666667
vt 0.791667 0.638889
vt 0.712336 0.583333
vt 0.791667 0.662686
vt 0.793086 0.512806
vt 0.793087 0.737194
vt 0.791344 0.583333
vt 0.789492 0.583333
vt 0.787039 0.583333
vt 0.712638 0.583333
vt 0.708333 0.587314
vt 0.403511 0.112525
vt 0.403511 0.137475
vt 0.461894 0.612525
vt 0.403511 0.612525
vt 0.410738 0.137259
vt 0.410738 0.112741
vt 0.454668 0.137259
vt 0.454668 0.112741
vt 0.454668 0.612741
vt 0.410738 0.612741
vt 0.454668 0.637259
vt 0.410738 0.637259
vt 0.703343 0.732269
vt 0.643010 0.735001
vt 0.796657 0.732269
vt 0.802859 0.711585
vt 0.635191 0.667662
vt 0.636723 0.643825
vt 0.643010 0.514999
vt 0.703343 0.517731
vt 0.802859 0.538415
vt 0.796657 0.517731
vt 0.864809 0.582338
vt 0.863277 0.606175
vt 0.635191 0.582338
vt 0.635247 0.527405
vt 0.854173 0.725812
vt 0.697141 0.538415
vt 0.635247 0.722595
vt 0.858906 0.718576
vt 0.697141 0.711585
vt 0.864753 0.527405
vt 0.859346 0.671831
vt 0.645827 0.524188
vt 0.864809 0.667662
vt 0.864753 0.722595
vt 0.854701 0.664507
vt 0.641094 0.531424
vt 0.853501 0.526381
vt 0.857511 0.532384
vt 0.858042 0.577174
vt 0.852654 0.580557
vt 0.852654 0.669443
vt 0.858042 0.672826
vt 0.857511 0.717616
vt 0.853501 0.723619
vt 0.646499 0.723619
vt 0.642489 0.717616
vt 0.641958 0.672826
vt 0.647346 0.669443
vt 0.647346 0.580557
vt 0.641958 0.577174
vt 0.642489 0.532384
vt 0.646499 0.526381
vt 0.708333 0.662686
vt 0.866113 0.583333
vt 0.865324 0.611111
vt 0.863277 0.643825
vt 0.865324 0.638889
vt 0.866113 0.666667
vt 0.636723 0.606175
vt 0.856990 0.735001
vt 0.866148 0.723554
vt 0.857662 0.737194
vt 0.856990 0.514999
vt 0.857662 0.512806
vt 0.866148 0.526446
vt 0.642338 0.512806
vt 0.642338 0.737194
vt 0.854173 0.524188
vt 0.858906 0.531424
vt 0.859346 0.578169
vt 0.854701 0.585493
vt 0.645827 0.725812
vt 0.641094 0.718576
vt 0.640654 0.671831
vt 0.645299 0.664507
vt 0.645299 0.585493
vt 0.640654 0.578169
vt 0.787664 0.583333
vt 0.787664 0.583333
vt 0.712336 0.666667
vt 0.712567 0.583333
vt 0.787433 0.583333
vt 0.787433 0.666667
vt 0.712567 0.666667
vt 0.712567 0.583333
vt 0.787433 0.583333
vt 0.712567 0.666667
vt 0.787433 0.666667
vt 0.791667 0.587314
vt 0.708333 0.600329
vt 0.708333 0.602036
vt 0.791667 0.649671
vt 0.791667 0.647964
vt 0.708333 0.647964
vt 0.708333 0.649671
vt 0.791667 0.642959
vt 0.791667 0.607040
vt 0.250000 0.935131
vt 0.250000 0.983456
vt 0.125000 0.983456
vt 0.125000 0.935131
vt 0.956453 0.250000
vt 0.895984 0.395984
vt 0.904987 0.404987
vt 0.969185 0.250000
vt 0.895984 0.104016
vt 0.904987 0.095013
vt 0.750000 0.043547
vt 0.750000 0.030816
vt 0.604016 0.104016
vt 0.595013 0.095013
vt 0.543547 0.250000
vt 0.530816 0.250000
vt 0.437349 0.395984
vt 0.376880 0.250000
vt 0.604016 0.395984
vt 0.595013 0.404987
vt 0.750000 0.456453
vt 0.750000 0.469184
vt 0.875000 0.869964
vt 0.875000 0.918289
vt 0.750000 0.918289
vt 0.750000 0.869964
vt 0.395984 0.395984
vt 0.456453 0.250000
vt 0.469184 0.250000
vt 0.404987 0.404987
vt 0.250000 0.456453
vt 0.250000 0.469184
vt 0.104016 0.395984
vt 0.095013 0.404987
vt 0.395984 0.104016
vt 0.404987 0.095013
vt 0.625000 0.686806
vt 0.625000 0.813194
vt 0.500000 0.813194
vt 0.500000 0.686806
vt 0.250000 0.043547
vt 0.250000 0.030816
vt 0.375000 0.813194
vt 0.375000 0.686806
vt 0.104016 0.104016
vt 0.095013 0.095013
vt 0.250000 0.813194
vt 0.250000 0.686806
vt 0.043547 0.250000
vt 0.030816 0.250000
vt 0.375000 0.935131
vt 0.375000 0.983456
vt 0.250000 0.983456
vt 0.875000 0.686806
vt 0.875000 0.813194
vt 0.750000 0.813194
vt 0.750000 0.686806
vt 0.437349 0.104016
vt 0.583333 0.043547
vt 0.729318 0.104016
vt 0.789787 0.250000
vt 0.729318 0.395984
vt 0.583333 0.456453
vt 0.416667 0.456453
vt 0.562651 0.395984
vt 0.623120 0.250000
vt 0.562651 0.104016
vt 0.416667 0.043547
vt 0.270682 0.104016
vt 0.210214 0.250000
vt 0.270682 0.395984
vt 0.928340 0.253626
vt 0.870875 0.392359
vt 0.424098 0.392359
vt 0.481563 0.253626
vt 0.727014 0.045049
vt 0.865747 0.102514
vt 0.418970 0.102514
vt 0.280237 0.045049
vt 0.518437 0.246374
vt 0.575902 0.107641
vt 0.129125 0.107641
vt 0.071660 0.246375
vt 0.719763 0.454951
vt 0.581030 0.397486
vt 0.134253 0.397486
vt 0.272986 0.454951
vt 0.386430 0.454951
vt 0.467586 0.397486
vt 0.404993 0.246374
vt 0.462459 0.107641
vt 0.613570 0.045049
vt 0.752304 0.102514
vt 0.814896 0.253626
vt 0.757431 0.392359
vt 0.606319 0.454951
vt 0.247696 0.397486
vt 0.185104 0.246375
vt 0.242569 0.107641
vt 0.393681 0.045049
vt 0.532414 0.102514
vt 0.595007 0.253626
vt 0.537541 0.392359
vt 0.197766 0.306526
vt 0.202105 0.193373
vt 0.248784 0.234022
vt 0.328328 0.313384
vt 0.244673 0.281483
vt 0.276934 0.294846
vt 0.125455 0.120813
vt 0.143559 0.150431
vt 0.215234 0.149737
vt 0.297200 0.132574
vt 0.197556 0.091461
vt 0.308095 0.281939
vt 0.321457 0.249678
vt 0.345209 0.250322
vt 0.358572 0.218061
vt 0.211221 0.232106
vt 0.210920 0.258957
vt 0.350202 0.153710
vt 0.285404 0.122799
vt 0.161105 0.069317
vt 0.127428 0.058994
vt 0.389733 0.205154
vt 0.419613 0.068025
vt 0.335946 0.184431
vt 0.369300 0.201034
vt 0.563203 0.272051
vt 0.455624 0.195891
vt 0.350202 0.153710
vt 0.521098 0.342014
vt 0.127428 0.058994
vt 0.032995 0.024083
vt 0.284715 0.334625
vt 0.398158 0.334625
vt 0.276289 0.205154
vt 0.308550 0.218517
vt 0.325912 0.230052
vt 0.307404 0.230278
vt 0.268784 0.214280
vt 0.255856 0.201034
vt 0.168836 0.399576
vt 0.055972 0.084659
vt 0.080921 0.077927
vt 0.208080 0.220443
vt 0.093301 0.220996
vt 0.341089 0.270756
vt 0.354336 0.257828
vt 0.370333 0.219207
vt 0.370107 0.200699
vt 0.458586 0.279558
vt 0.306169 0.068025
vt 0.502170 0.399576
vt 0.578006 0.281483
vt 0.684649 0.324025
vt 0.615439 0.402935
vt 0.731492 0.334625
vt 0.673329 0.311727
vt 0.678543 0.250322
vt 0.541414 0.220443
vt 0.657820 0.304109
vt 0.674422 0.270756
vt 0.785115 0.186616
vt 0.671672 0.186616
vt 0.669280 0.184431
vt 0.641428 0.281939
vt 0.654791 0.249678
vt 0.768234 0.249678
vt 0.754871 0.281939
vt 0.414108 0.216605
vt 0.348852 0.190452
vt 0.421495 0.232138
vt 0.544376 0.304109
vt 0.752946 0.068025
vt 0.723066 0.205154
vt 0.258276 0.071052
vt 0.162129 0.024391
vt 0.209321 0.369566
vt 0.175519 0.377662
vt 0.414164 0.114762
vt 0.503703 0.142221
vt 0.425956 0.122799
vt 0.240443 0.069317
vt 0.166593 0.045830
vt 0.691906 0.218061
vt 0.674422 0.270756
vt 0.687669 0.257828
vt 0.703666 0.219207
vt 0.703441 0.200699
vt 0.189087 0.213259
vt 0.118209 0.213623
vt 0.629893 0.299301
vt 0.629667 0.280793
vt 0.645665 0.242172
vt 0.658911 0.229244
vt 0.759521 0.357775
vt 0.872964 0.357775
vt 0.226719 0.120677
vt 0.431264 0.134167
vt 0.573813 0.142225
vt 0.743337 0.299301
vt 0.731492 0.334625
vt 0.804238 0.251012
vt 0.782899 0.236835
vt 0.222503 0.184431
vt 0.335946 0.184431
vt 0.905363 0.279557
vt 0.426187 0.357775
vt 0.124230 0.143387
vt 0.791920 0.279557
vt 0.240479 0.142225
vt 0.080921 0.077927
vt 0.120367 0.111088
vt 0.213235 0.196797
vt 0.248784 0.234022
vt 0.421994 0.218517
vt 0.382227 0.214280
vt 0.420848 0.230278
vt 0.439356 0.230052
vt 0.330720 0.315569
vt 0.381952 0.165375
vt 0.213227 0.188273
vt 0.497830 0.100424
vt 0.439356 0.230052
vt 0.474680 0.241897
vt 0.342180 0.195891
vt 0.478522 0.251172
vt 0.211043 0.304109
vt 0.324487 0.304109
vt 0.370107 0.200699
vt 0.381952 0.165375
vt 0.474680 0.241897
vt 0.361236 0.241897
vt 0.325578 0.229244
vt 0.342180 0.195891
vt 0.219243 0.234801
vt 0.268784 0.214280
vt 0.213885 0.218418
vt 0.219243 0.234801
vt 0.219642 0.266630
vt 0.214199 0.276325
vt 0.211043 0.304109
vt 0.384387 0.100424
vt 0.361236 0.241897
vt 0.325913 0.230052
vt 0.255856 0.201034
vt 0.222503 0.184431
vt 0.191987 0.258103
vt 0.227311 0.269948
vt 0.247054 0.431975
vt 0.297367 0.298966
vt 0.330720 0.315569
vt 0.120367 0.111088
vt 0.213235 0.196797
vt 0.354335 0.257828
vt 0.411071 0.177437
vt 0.426505 0.183830
vt 0.285404 0.122799
vt 0.328329 0.313384
vt 0.214885 0.313384
vt 0.213227 0.188273
vt 0.675514 0.195891
vt 0.227311 0.269948
vt 0.245819 0.269722
vt 0.284440 0.285720
vt 0.284715 0.334625
vt 0.296560 0.299301
vt 0.296334 0.280793
vt 0.312331 0.242172
vt 0.325578 0.229244
vt 0.788957 0.195891
vt 0.675513 0.195891
vt 0.772355 0.229244
vt 0.759108 0.242172
vt 0.743111 0.280793
vt 0.743337 0.299301
vt 0.755327 0.218517
vt 0.702633 0.201034
vt 0.715561 0.214280
vt 0.754181 0.230278
vt 0.772689 0.230052
vt 0.715285 0.165375
vt 0.601842 0.165375
vt 0.698438 0.329737
vt 0.691579 0.434473
vt 0.722216 0.338467
vt 0.706936 0.330132
vt 0.715285 0.165375
vt 0.146238 0.077839
vt 0.199705 0.111088
vt 0.353786 0.196797
vt 0.421495 0.232138
vt 0.584134 0.084424
vt 0.353786 0.196797
vt 0.573495 0.316170
vt 0.588929 0.322563
vt 0.629667 0.280793
vt 0.240443 0.069317
vt 0.199705 0.111088
vt 0.671672 0.186616
vt 0.610267 0.294846
vt 0.560644 0.269948
vt 0.579152 0.269722
vt 0.617773 0.285720
vt 0.630701 0.298966
vt 0.618048 0.334625
vt 0.629893 0.299301
vt 0.831164 0.100424
vt 0.772689 0.230052
vt 0.808013 0.241897
vt 0.580387 0.431975
vt 0.664054 0.315569
vt 0.521478 0.248828
vt 0.657820 0.304109
vt 0.525320 0.258103
vt 0.638764 0.258103
vt 0.777497 0.315569
vt 0.678361 0.318296
vt 0.661662 0.313384
vt 0.702373 0.322563
vt 0.686939 0.316170
vt 0.678361 0.318296
vt 0.669280 0.184431
vt 0.166593 0.045830
vt 0.028386 0.006607
vt 0.788957 0.195891
vt 0.335198 0.071052
vt 0.398803 0.097398
vt 0.519637 0.212283
vt 0.440515 0.209757
vt 0.468801 0.097398
vt 0.405197 0.071052
vt 0.456530 0.143292
vt 0.543917 0.148107
vt 0.185144 0.310740
vt 0.099643 0.164767
vt 0.332705 0.308819
vt 0.248784 0.234022
vt 0.276233 0.257926
vt 0.333601 0.307884
vt 0.471546 0.249462
vt 0.439356 0.230052
vt 0.449566 0.236835
vt 0.470904 0.251012
vt 0.389518 0.168509
vt 0.384903 0.166598
vt 0.391067 0.169151
vt 0.357461 0.251012
vt 0.337483 0.270495
vt 0.327925 0.279818
vt 0.323604 0.236988
vt 0.218727 0.193546
vt 0.252584 0.207570
vt 0.219076 0.221450
vt 0.220158 0.307884
vt 0.219809 0.279981
vt 0.219642 0.266630
vt 0.240162 0.316170
vt 0.233688 0.313489
vt 0.275600 0.330849
vt 0.262070 0.325245
vt 0.255596 0.322563
vt 0.305136 0.302043
vt 0.295577 0.311365
vt 0.667295 0.191181
vt 0.666399 0.192116
vt 0.669964 0.188397
vt 0.723926 0.331491
vt 0.736553 0.309511
vt 0.722377 0.330849
vt 0.804879 0.249462
vt 0.722851 0.168509
vt 0.718237 0.166598
vt 0.724400 0.169151
vt 0.609407 0.168509
vt 0.610957 0.169151
vt 0.604793 0.166598
vt 0.667187 0.308003
vt 0.665276 0.312617
vt 0.667829 0.306454
vt 0.527801 0.248961
vt 0.523945 0.248880
vt 0.529096 0.248988
vt 0.666039 0.308819
vt 0.674663 0.314926
vt 0.666935 0.307884
vt 0.334496 0.306454
vt 0.781273 0.306454
vt 0.324487 0.304109
vt 0.750000 0.490000
vt 0.919706 0.419706
vt 0.419706 0.419706
vt 0.250000 0.490000
vt 0.990000 0.250000
vt 0.490000 0.250000
vt 0.919706 0.080294
vt 0.419706 0.080294
vt 0.750000 0.010000
vt 0.250000 0.010000
vt 0.580294 0.080294
vt 0.080294 0.080294
vt 0.510000 0.250000
vt 0.010000 0.250000
vt 0.580294 0.419706
vt 0.080294 0.419706
vt 0.500000 0.869964
vt 0.500000 0.918289
vt 0.375000 0.918289
vt 0.375000 0.869964
vt 0.375000 0.581711
vt 0.375000 0.630036
vt 0.250000 0.630036
vt 0.250000 0.581711
vt 1.000000 0.516544
vt 1.000000 0.564869
vt 0.875000 0.564869
vt 0.875000 0.516544
vt 0.750000 0.516544
vt 0.750000 0.564869
vt 0.625000 0.564869
vt 0.625000 0.516544
vt 0.125000 0.813194
vt 0.125000 0.686806
vt 0.250000 0.869964
vt 0.250000 0.918289
vt 0.125000 0.918289
vt 0.125000 0.869964
vt 0.375000 0.516544
vt 0.375000 0.564869
vt 0.250000 0.564869
vt 0.250000 0.516544
vt 0.375000 0.869964
vt 0.750000 0.920712
vt 0.875000 0.920712
vt 0.125000 0.581711
vt 0.125000 0.630036
vt 0.000000 0.630036
vt 0.000000 0.581711
vt 0.500000 0.516544
vt 0.500000 0.564869
vt 0.000000 0.813194
vt 0.000000 0.686806
vt 0.875000 0.564869
vt 1.000000 0.686806
vt 1.000000 0.813194
vt 0.125000 0.869964
vt 0.000000 0.918289
vt 0.000000 0.869964
vt 0.625000 0.869964
vt 0.250000 0.630036
vt 0.500000 0.630036
vt 0.625000 0.630036
vt 0.750000 0.630036
vt 1.000000 0.869964
vt 0.125000 0.564869
vt 0.125000 0.516544
vt 0.875000 0.630036
vt 0.625000 0.869964
vt 1.000000 0.630036
vt 0.125000 0.983456
vt 0.000000 0.983456
vt 0.000000 0.935131
vt 0.500000 0.935131
vt 0.500000 0.983456
vt 0.375000 0.983456
vt 0.625000 0.918289
vt 0.625000 0.935131
vt 0.625000 0.983456
vt 0.500000 0.983456
vt 0.750000 0.935131
vt 0.750000 0.983456
vt 0.625000 0.983456
vt 1.000000 0.918289
vt 0.875000 0.935131
vt 0.875000 0.983456
vt 0.750000 0.983456
vt 1.000000 0.581711
vt 0.875000 0.581711
vt 0.625000 0.581711
vt 0.500000 0.581711
vt 0.750000 0.581711
vt 0.000000 0.564869
vt 0.000000 0.516544
vt 1.000000 0.935131
vt 1.000000 0.983456
vt 0.875000 0.983456
vt 1.000000 0.932707
vt 0.875000 0.932707
vt 1.000000 0.920712
vt 0.125000 0.579288
vt 0.000000 0.579288
vt 0.625000 0.932707
vt 0.500000 0.932707
vt 1.000000 0.579288
vt 0.875000 0.579288
vt 0.750000 0.932707
vt 0.375000 0.920712
vt 0.500000 0.920712
vt 0.500000 0.567293
vt 0.625000 0.567293
vt 0.750000 0.579288
vt 0.250000 0.920712
vt 0.250000 0.579288
vt 0.125000 0.920712
vt 0.500000 0.579288
vt 0.375000 0.579288
vt 0.375000 0.567293
vt 0.625000 0.920712
vt 0.750000 0.567293
vt 0.875000 0.567293
vt 0.250000 0.567293
vt 0.625000 0.579288
vt 1.000000 0.567293
vt 0.125000 0.567293
vt 0.000000 0.567293
vt 0.000000 0.920712
vt 0.375000 0.932707
vt 0.250000 0.932707
vt 0.000000 0.932707
vt 0.125000 0.932707
vt 0.880614 0.286864
vt 0.854268 0.350469
vt 0.447660 0.347682
vt 0.475320 0.285196
vt 0.539509 0.280255
vt 0.506585 0.338265
vt 0.784270 0.350469
vt 0.810616 0.286864
vt 0.601645 0.082654
vt 0.305051 0.037580
vt 0.656752 0.063471
vt 0.766924 0.093560
vt 0.663117 0.431025
vt 0.600921 0.405262
vt 0.531107 0.403222
vt 0.594430 0.429451
vt 0.176679 0.367626
vt 0.181705 0.313983
vt 0.357712 0.042466
vt 0.610563 0.082151
vt 0.150969 0.153139
vt 0.205554 0.152616
vt 0.196245 0.347237
vt 0.181788 0.210505
vt 0.127779 0.210789
vt 0.346340 0.072213
vt 0.404336 0.096236
vt 0.511180 0.209124
vt 0.450748 0.207155
vt 0.457659 0.096236
vt 0.399664 0.072213
vt 0.871115 0.289669
vt 0.847093 0.347664
vt 0.455963 0.343860
vt 0.481681 0.287307
vt 0.532540 0.150391
vt 0.530477 0.283457
vt 0.500953 0.336774
vt 0.793769 0.347664
vt 0.817792 0.289669
vt 0.466130 0.146768
vt 0.115000 0.193890
vt 0.622027 0.061899
vt 0.740071 0.090748
vt 0.652179 0.429695
vt 0.595362 0.406161
vt 0.542201 0.404615
vt 0.599833 0.428487
vt 0.702373 0.322563
vt 0.759108 0.242172
vt 0.759838 0.183830
vt 0.744404 0.177437
vt 0.687669 0.257828
vt 0.744409 0.678773
vt 0.744409 0.638069
vt 0.630591 0.678773
vt 0.630591 0.638069
vt 0.744409 0.861931
vt 0.744409 0.821227
vt 0.630591 0.861931
vt 0.630591 0.821227
vt 0.380591 0.638069
vt 0.380591 0.678773
vt 0.380591 0.821227
vt 0.380591 0.861931
vt 0.494409 0.678773
vt 0.494409 0.638069
vt 0.494409 0.861931
vt 0.494409 0.821227
vt 0.740372 0.678773
vt 0.740372 0.638069
vt 0.644876 0.678773
vt 0.646614 0.678773
vt 0.368314 0.821227
vt 0.480124 0.821227
vt 0.646614 0.638069
vt 0.644876 0.638069
vt 0.480124 0.861931
vt 0.368314 0.861931
vt 0.478386 0.821227
vt 0.384628 0.821227
vt 0.368314 0.638069
vt 0.480124 0.638069
vt 0.384628 0.861931
vt 0.478386 0.861931
vt 0.480124 0.678773
vt 0.368314 0.678773
vt 0.478386 0.638069
vt 0.384628 0.638069
vt 0.384628 0.678773
vt 0.478386 0.678773
vt 0.756686 0.678773
vt 0.756686 0.638069
vt 0.756686 0.861931
vt 0.756686 0.821227
vt 0.644876 0.861931
vt 0.644876 0.821227
vt 0.740372 0.821227
vt 0.740372 0.861930
vt 0.646614 0.861931
vt 0.646614 0.821227
s 0
usemtl M_Noir_Bleuté
f 239/23/5 5/24/5 50/24/5 304/23/5
f 51/25/3 50/24/3 9/26/3 10/27/3
f 8/28/5 234/29/5 298/29/5 53/28/5
f 290/32/5 947/33/5 291/34/5 48/35/5 49/36/5
f 53/28/3 52/53/3 12/54/3 11/55/3
f 16/56/1 248/57/1 229/58/1 2/59/1
f 6/60/3 10/27/3 3/61/3 13/62/3 14/63/3
f 1/67/3 19/68/3 20/69/3 8/28/3 11/55/3
f 1/70/1 231/71/1 249/72/1 19/73/1
f 15/74/3 16/75/3 2/76/3 9/26/3 5/77/3
f 12/54/3 7/53/3 17/79/3 18/80/3 4/81/3
f 227/34/4 3/35/4 48/35/4 291/34/4
f 231/71/8 1/70/8 46/70/8 296/71/8
f 248/57/9 16/56/9 15/101/9 245/102/9
f 256/103/2 18/104/2 17/79/2 253/105/2
f 252/106/6 20/69/6 19/73/6 249/72/6
f 18/104/5 256/103/5 225/32/5 4/36/5
f 3/35/5 227/34/5 243/149/5 13/150/5
f 365/159/18 368/160/18 397/161/18 410/162/18
f 13/163/7 243/164/7 242/165/7 14/166/7
f 2/59/4 229/58/4 294/58/4 47/59/4
f 51/25/8 302/170/8 304/23/8 50/24/8
f 309/171/19 58/133/19 376/172/19 377/173/19
f 99/174/6 100/175/6 153/175/6 152/174/6
f 313/176/20 62/19/20 334/177/20 343/178/20
f 131/179/1 106/180/1 159/180/1 134/179/1
f 317/181/21 66/47/21 342/182/21 349/183/21
f 108/184/7 24/185/7 151/185/7 150/184/7
f 1210/186/8 1221/187/8 316/188/8 1211/189/8
f 1212/190/4 1219/191/4 320/192/4 1213/193/4
f 388/194/8 357/195/8 740/195/8 745/194/8
f 308/196/8 295/197/8 732/197/8 737/196/8
f 386/198/22 371/199/22 370/200/22 392/201/22
f 378/202/19 375/203/19 374/204/19 384/205/19
f 106/180/9 105/214/9 154/214/9 159/180/9
f 305/215/22 54/21/22 372/216/22 385/217/22
f 294/58/1 296/71/1 46/70/1 47/59/1
f 298/29/4 300/218/4 52/53/4 53/28/4
f 20/69/4 252/219/4 234/29/4 8/28/4
f 7/53/4 235/218/4 253/223/4 17/79/4
f 6/25/1 238/170/1 302/170/1 51/25/1
f 14/166/8 242/224/8 238/170/8 6/25/8
f 5/24/8 239/23/8 245/102/8 15/101/8
f 235/218/1 7/53/1 52/53/1 300/218/1
f 328/232/4 63/233/4 149/233/4 416/232/4
f 114/244/23 405/245/23 342/182/23 66/47/23
f 336/235/8 67/236/8 148/236/8 418/235/8
f 116/126/24 403/246/24 334/177/24 62/19/24
f 1216/247/4 318/248/4 1218/249/4 1217/250/4
f 1214/251/8 314/252/8 1220/253/8 1215/254/8
f 68/241/8 337/242/8 419/242/8 147/241/8
f 346/260/20 331/261/20 65/40/20 315/262/20
f 104/240/1 68/241/1 147/241/1 144/240/1
f 127/267/4 60/268/4 158/268/4 140/267/4
f 64/269/4 329/270/4 413/270/4 146/269/4
f 353/271/21 339/272/21 69/37/21 319/39/21
f 395/311/18 60/268/18 129/127/18 408/312/18
f 94/325/2 98/326/2 156/326/2 157/325/2
f 63/233/1 92/327/1 143/327/1 149/233/1
f 9/26/3 11/55/3 12/54/3 10/27/3
f 49/36/3 48/35/3 10/27/3 12/54/3
f 47/59/3 46/70/3 11/55/3 9/26/3
f 368/160/5 365/328/5 425/159/5 422/160/5
f 394/329/1 101/330/1 160/330/1 424/329/1
f 132/135/32 411/331/32 376/332/32 58/133/32
f 408/333/32 129/127/32 61/13/32 373/334/32
f 123/22/33 409/335/33 372/336/33 54/21/33
f 295/197/18 360/337/18 731/337/18 732/197/18
f 951/338/18 948/339/18 957/339/18 958/338/18
f 306/340/3 388/194/3 745/194/3 746/340/3
f 950/341/4 951/338/4 958/338/4 959/341/4
f 381/342/19 373/343/19 61/13/19 312/344/19
f 412/345/34 407/346/34 374/347/34 375/203/34
f 389/348/22 369/349/22 57/137/22 307/350/22
f 410/351/35 397/352/35 370/200/35 371/199/35
f 95/353/5 64/269/5 146/269/5 139/353/5
f 24/185/5 86/354/5 138/354/5 151/185/5
f 67/236/5 96/237/5 142/237/5 148/236/5
f 96/237/8 108/184/8 150/184/8 142/237/8
f 101/330/8 131/355/8 134/355/8 160/330/8
f 86/356/8 56/357/8 145/357/8 138/356/8
f 100/175/36 127/267/36 140/267/36 153/175/36
f 124/358/5 94/325/5 157/325/5 136/358/5
f 337/242/37 68/241/37 111/359/37 402/360/37
f 92/327/4 99/174/4 152/174/4 143/327/4
f 60/268/1 395/311/1 427/311/1 158/268/1
f 398/361/33 109/138/33 57/137/33 369/362/33
f 400/363/38 110/78/38 65/40/38 331/261/38
f 402/360/39 111/359/39 69/37/39 339/272/39
f 56/357/18 86/356/18 112/307/18 109/364/18
f 96/237/40 67/236/40 114/244/40 113/319/40
f 92/327/41 63/233/41 116/140/41 115/142/41
f 63/233/42 328/365/42 403/366/42 116/140/42
f 67/236/43 336/235/43 405/367/43 114/244/43
f 24/185/18 108/184/18 117/319/18 118/368/18
f 100/175/18 99/174/18 119/142/18 120/300/18
f 104/240/44 105/214/44 121/324/44 122/324/44
f 124/369/18 55/370/18 123/113/18 88/115/18
f 95/353/45 98/326/45 126/371/45 125/372/45
f 99/174/46 92/327/46 115/142/46 119/142/46
f 127/267/18 100/175/18 120/300/18 102/301/18
f 108/184/47 96/237/47 113/319/47 117/319/47
f 64/269/40 95/353/40 125/304/40 110/306/40
f 98/326/18 94/325/18 128/373/18 126/371/18
f 60/268/18 127/267/18 102/301/18 129/127/18
f 68/241/41 104/240/41 122/324/41 111/359/41
f 105/214/18 106/180/18 130/374/18 121/324/18
f 106/180/18 131/179/18 107/239/18 130/374/18
f 56/357/5 367/375/5 421/376/5 145/357/5
f 55/370/18 366/377/18 409/378/18 123/113/18
f 396/379/1 393/380/1 423/380/1 428/381/1
f 101/330/18 394/329/18 411/382/18 132/383/18
f 94/325/18 124/358/18 88/384/18 128/373/18
f 131/355/18 101/330/18 132/383/18 107/229/18
f 86/354/18 24/185/18 118/368/18 112/238/18
f 105/214/8 104/240/8 144/240/8 154/214/8
f 366/386/5 55/370/5 155/370/5 426/377/5
f 55/370/4 124/369/4 136/369/4 155/370/4
f 367/376/18 56/357/18 109/364/18 398/387/18
f 393/380/18 396/381/18 407/388/18 412/389/18
f 98/326/29 95/353/29 139/353/29 156/326/29
f 329/270/48 64/269/48 110/306/48 400/390/48
f 397/161/4 368/160/4 604/160/4 625/161/4
f 423/380/4 393/380/4 633/380/4 487/380/4
f 394/329/8 424/329/8 488/329/8 634/329/8
f 1180/410/53 1181/156/53 586/156/53 445/410/53
f 317/181/54 349/183/54 446/183/54 585/181/54
f 396/379/8 428/381/8 492/381/8 632/379/8
f 427/311/4 395/311/4 631/311/4 491/311/4
f 234/29/58 252/219/58 516/219/58 532/29/58
f 419/242/36 337/242/36 629/242/36 483/242/36
f 313/176/59 343/178/59 438/178/59 578/176/59
f 249/72/61 231/71/61 529/71/61 513/72/61
f 392/201/4 370/200/4 628/200/4 473/201/4
f 369/349/8 389/348/8 474/348/8 627/349/8
f 1176/155/3 1177/414/3 433/414/3 583/155/3
f 385/217/4 372/216/4 624/216/4 470/217/4
f 225/32/62 256/103/62 520/103/62 503/32/62
f 304/23/63 302/170/63 582/170/63 568/23/63
f 371/199/8 386/198/8 471/198/8 623/199/8
f 384/205/8 374/204/8 620/204/8 465/205/8
f 253/223/58 235/218/58 527/218/58 517/223/58
f 373/343/4 381/342/4 466/342/4 619/343/4
f 1174/152/3 1175/418/3 429/418/3 581/152/3
f 377/173/8 376/172/8 616/172/8 462/173/8
f 375/203/4 378/202/4 463/202/4 615/203/4
f 229/58/61 248/57/61 512/57/61 497/58/61
f 370/200/4 397/352/4 625/352/4 628/200/4
f 235/218/61 300/218/61 570/218/61 527/218/61
f 245/102/63 239/23/63 525/23/63 509/102/63
f 398/361/8 369/362/8 627/362/8 626/361/8
f 372/336/4 409/335/4 621/335/4 624/336/4
f 243/149/62 227/34/62 523/34/62 507/149/62
f 298/29/62 234/29/62 532/29/62 584/29/62
f 410/351/8 371/199/8 623/199/8 622/351/8
f 238/170/63 242/224/63 506/224/63 522/170/63
f 374/347/8 407/346/8 617/346/8 620/347/8
f 302/170/61 238/170/61 522/170/61 582/170/61
f 408/333/4 373/334/4 619/334/4 618/333/4
f 256/103/68 253/105/68 517/105/68 520/103/68
f 376/332/8 411/331/8 613/331/8 616/332/8
f 412/345/4 375/203/4 615/203/4 614/345/4
f 252/106/71 249/72/71 513/72/71 516/106/71
f 363/420/8 383/421/8 468/421/8 460/420/8
f 239/23/62 304/23/62 568/23/62 525/23/62
f 704/422/4 701/423/4 459/423/4 467/422/4
f 710/424/8 711/425/8 461/425/8 457/424/8
f 248/57/74 245/102/74 509/102/74 512/57/74
f 379/426/4 362/427/4 458/427/4 464/426/4
f 359/428/4 391/429/4 476/429/4 456/428/4
f 706/430/8 699/431/8 455/431/8 475/430/8
f 708/432/4 713/433/4 469/433/4 453/432/4
f 387/434/8 358/435/8 454/435/8 472/434/8
f 231/71/63 296/71/63 572/71/63 529/71/63
f 391/429/77 946/436/77 387/434/77 472/434/77 476/429/77
f 242/165/78 243/164/78 507/164/78 506/165/78
f 386/198/79 392/201/79 473/201/79 471/198/79
f 1172/157/53 1173/437/53 451/437/53 577/157/53
f 713/433/80 714/111/80 580/111/80 469/433/80
f 305/215/81 385/217/81 470/217/81 579/215/81
f 353/271/82 319/39/82 576/39/82 450/271/82
f 383/421/83 945/438/83 379/426/83 464/426/83 468/421/83
f 290/32/63 225/32/63 503/32/63 502/32/63
f 705/4/84 706/430/84 475/430/84 575/4/84
f 378/202/85 384/205/85 465/205/85 463/202/85
f 711/425/86 712/168/86 536/168/86 461/425/86
f 294/58/58 229/58/58 497/58/58 500/58/58
f 389/348/87 307/350/87 574/350/87 474/348/87
f 309/171/88 377/173/88 462/173/88 535/171/88
f 703/16/89 704/422/89 467/422/89 495/16/89
f 291/34/62 947/33/62 1165/439/62 537/34/62
f 381/342/90 312/344/90 496/344/90 466/342/90
f 362/427/3 944/440/3 363/420/3 460/420/3 458/427/3
f 4/36/8 225/32/8 290/32/8 49/36/8
f 298/29/58 584/29/58 570/218/58 300/218/58
f 227/34/58 291/34/58 537/34/58 523/34/58
f 367/376/8 398/387/8 626/387/8 603/376/8
f 1177/414/5 1180/410/5 445/410/5 433/414/5
f 1173/437/1 1168/442/1 435/442/1 451/437/1
f 329/270/105 400/390/105 600/390/105 609/270/105
f 337/242/107 402/360/107 592/360/107 629/242/107
f 1175/418/1 1178/445/1 437/445/1 429/418/1
f 1171/444/5 1166/441/5 431/441/5 443/444/5
f 403/366/107 328/365/107 612/365/107 595/366/107
f 405/367/105 336/235/105 608/235/105 587/367/105
f 407/388/8 396/381/8 632/381/8 617/388/8
f 395/311/4 408/312/4 618/312/4 631/311/4
f 342/182/5 405/245/5 587/245/5 590/182/5
f 365/159/8 410/162/8 622/162/8 605/159/8
f 409/378/4 366/377/4 606/377/4 621/378/4
f 402/360/1 339/272/1 593/272/1 592/360/1
f 393/380/4 412/389/4 614/389/4 633/380/4
f 411/382/8 394/329/8 634/329/8 613/382/8
f 334/177/1 403/246/1 595/246/1 598/177/1
f 400/363/5 331/261/5 601/261/5 600/363/5
f 421/376/8 367/375/8 603/375/8 485/376/8
f 368/160/4 422/160/4 486/160/4 604/160/4
f 343/178/1 334/177/1 598/177/1 438/178/1
f 331/261/5 346/260/5 442/260/5 601/261/5
f 425/159/8 365/328/8 605/328/8 489/159/8
f 366/386/4 426/377/4 490/377/4 606/386/4
f 349/183/5 342/182/5 590/182/5 446/183/5
f 339/272/1 353/271/1 450/271/1 593/272/1
f 1166/441/3 1167/147/3 567/147/3 431/441/3
f 336/235/111 418/235/111 482/235/111 608/235/111
f 413/270/60 329/270/60 609/270/60 477/270/60
f 1168/442/3 1169/158/3 569/158/3 435/442/3
f 699/431/3 700/151/3 571/151/3 455/431/3
f 328/232/110 416/232/110 480/232/110 612/232/110
f 707/112/3 708/432/3 453/432/3 499/112/3
f 296/71/61 294/58/61 500/58/61 572/71/61
f 701/423/3 702/17/3 538/17/3 459/423/3
f 358/435/3 943/456/3 1164/443/3 454/435/3
f 346/260/113 315/262/113 573/262/113 442/260/113
f 709/167/3 710/424/3 457/424/3 501/167/3
f 360/337/1 295/197/1 700/151/1 699/431/1
f 364/482/5 292/483/5 702/17/5 701/423/5
f 311/484/5 382/485/5 704/422/5 703/16/5
f 308/196/1 390/486/1 706/430/1 705/4/1
f 293/487/1 357/195/1 708/432/1 707/112/1
f 289/488/5 361/489/5 710/424/5 709/167/5
f 380/490/5 310/491/5 712/168/5 711/425/5
f 388/194/1 306/340/1 714/111/1 713/433/1
f 357/195/1 388/194/1 713/433/1 708/432/1
f 390/486/1 360/337/1 699/431/1 706/430/1
f 361/489/5 380/490/5 711/425/5 710/424/5
f 382/485/5 364/482/5 701/423/5 704/422/5
f 310/491/5 289/488/5 709/167/5 712/168/5
f 292/483/5 311/484/5 703/16/5 702/17/5
f 306/340/1 293/487/1 707/112/1 714/111/1
f 295/197/1 308/196/1 705/4/1 700/151/1
f 292/483/18 364/482/18 733/482/18 734/483/18
f 360/337/4 390/486/4 738/486/4 731/337/4
f 382/485/3 311/484/3 735/484/3 736/485/3
f 380/490/4 361/489/4 742/489/4 743/490/4
f 390/486/3 308/196/3 737/196/3 738/486/3
f 364/482/8 382/485/8 736/485/8 733/482/8
f 357/195/18 293/487/18 739/487/18 740/195/18
f 289/488/8 310/491/8 744/491/8 741/488/8
f 361/489/18 289/488/18 741/488/18 742/489/18
f 311/484/4 292/483/4 734/483/4 735/484/4
f 310/491/3 380/490/3 743/490/3 744/491/3
f 293/487/4 306/340/4 746/340/4 739/487/4
f 875/521/8 876/522/8 940/522/8 939/521/8
f 771/508/1 782/531/1 781/530/1 772/509/1
f 838/536/18 835/537/18 899/537/18 901/536/18
f 773/498/5 786/526/5 785/527/5 774/510/5
f 849/538/4 850/539/4 913/539/4 914/538/4
f 1154/540/8 1155/541/8 1162/541/8 1163/540/8
f 1149/542/3 1150/543/3 1159/543/3 1156/542/3
f 835/537/4 836/544/4 900/544/4 899/537/4
f 848/559/3 849/538/3 914/538/3 911/559/3
f 850/539/18 847/560/18 912/560/18 913/539/18
f 861/561/8 862/562/8 925/562/8 926/561/8
f 847/560/8 848/559/8 911/559/8 912/560/8
f 860/563/3 861/561/3 926/561/3 923/563/3
f 821/564/8 822/565/8 885/565/8 886/564/8
f 862/562/18 859/566/18 924/566/18 925/562/18
f 873/567/4 874/568/4 937/568/4 938/567/4
f 820/569/3 821/564/3 886/564/3 883/569/3
f 859/566/4 860/563/4 923/563/4 924/566/4
f 872/570/3 873/567/3 938/567/3 936/570/3
f 822/565/18 819/571/18 884/571/18 885/565/18
f 814/572/5 800/548/5 816/573/5 815/574/5
f 800/548/5 775/511/5 817/575/5 816/573/5
f 775/511/5 808/553/5 818/576/5 817/575/5
f 808/553/5 814/572/5 815/574/5 818/576/5
f 813/577/1 798/546/1 820/569/1 819/571/1
f 798/546/1 748/506/1 821/564/1 820/569/1
f 748/506/1 806/547/1 822/565/1 821/564/1
f 806/547/1 813/577/1 819/571/1 822/565/1
f 812/578/5 801/514/5 824/579/5 823/580/5
f 801/514/5 750/505/5 825/581/5 824/579/5
f 750/505/5 810/558/5 826/582/5 825/581/5
f 810/558/5 812/578/5 823/580/5 826/582/5
f 811/583/1 797/551/1 828/584/1 827/585/1
f 797/551/1 777/512/1 829/586/1 828/584/1
f 777/512/1 802/555/1 830/587/1 829/586/1
f 802/555/1 811/583/1 827/585/1 830/587/1
f 803/552/1 811/583/1 832/588/1 831/589/1
f 811/583/1 802/555/1 833/590/1 832/588/1
f 802/555/1 780/523/1 834/591/1 833/590/1
f 780/523/1 803/552/1 831/589/1 834/591/1
f 779/518/1 795/554/1 836/544/1 835/537/1
f 795/554/1 811/583/1 837/592/1 836/544/1
f 811/583/1 803/552/1 838/536/1 837/592/1
f 803/552/1 779/518/1 835/537/1 838/536/1
f 795/554/1 778/513/1 840/593/1 839/594/1
f 778/513/1 797/551/1 841/595/1 840/593/1
f 797/551/1 811/583/1 842/596/1 841/595/1
f 811/583/1 795/554/1 839/594/1 842/596/1
f 799/494/5 812/578/5 844/597/5 843/598/5
f 812/578/5 810/558/5 845/599/5 844/597/5
f 810/558/5 788/492/5 846/600/5 845/599/5
f 788/492/5 799/494/5 843/598/5 846/600/5
f 787/493/5 809/556/5 848/559/5 847/560/5
f 809/556/5 812/578/5 849/538/5 848/559/5
f 812/578/5 799/494/5 850/539/5 849/538/5
f 799/494/5 787/493/5 847/560/5 850/539/5
f 809/556/5 749/499/5 852/601/5 851/602/5
f 749/499/5 801/514/5 853/603/5 852/601/5
f 801/514/5 812/578/5 854/604/5 853/603/5
f 812/578/5 809/556/5 851/602/5 854/604/5
f 804/549/1 813/577/1 856/605/1 855/606/1
f 813/577/1 806/547/1 857/607/1 856/605/1
f 806/547/1 792/520/1 858/608/1 857/607/1
f 792/520/1 804/549/1 855/606/1 858/608/1
f 791/528/1 805/545/1 860/563/1 859/566/1
f 805/545/1 813/577/1 861/561/1 860/563/1
f 813/577/1 804/549/1 862/562/1 861/561/1
f 804/549/1 791/528/1 859/566/1 862/562/1
f 805/545/1 747/507/1 864/609/1 863/610/1
f 747/507/1 798/546/1 865/611/1 864/609/1
f 798/546/1 813/577/1 866/612/1 865/611/1
f 813/577/1 805/545/1 863/610/1 866/612/1
f 796/557/5 814/572/5 868/613/5 867/614/5
f 814/572/5 808/553/5 869/615/5 868/613/5
f 808/553/5 784/525/5 870/616/5 869/615/5
f 784/525/5 796/557/5 867/614/5 870/616/5
f 783/496/5 807/550/5 872/570/5 871/617/5
f 807/550/5 814/572/5 873/567/5 872/570/5
f 814/572/5 796/557/5 874/568/5 873/567/5
f 796/557/5 783/496/5 871/617/5 874/568/5
f 807/550/5 776/495/5 876/522/5 875/521/5
f 776/495/5 800/548/5 877/618/5 876/522/5
f 800/548/5 814/572/5 878/619/5 877/618/5
f 814/572/5 807/550/5 875/521/5 878/619/5
f 836/544/3 837/592/3 902/592/3 900/544/3
f 823/580/8 824/579/8 887/579/8 888/580/8
f 878/619/18 875/521/18 939/521/18 941/619/18
f 837/592/8 838/536/8 901/536/8 902/592/8
f 826/582/18 823/580/18 888/580/18 889/582/18
f 876/522/3 877/618/3 942/618/3 940/522/3
f 863/610/4 864/609/4 927/609/4 928/610/4
f 824/579/3 825/581/3 890/581/3 887/579/3
f 877/618/4 878/619/4 941/619/4 942/618/4
f 866/612/18 863/610/18 928/610/18 929/612/18
f 825/581/4 826/582/4 889/582/4 890/581/4
f 864/609/3 865/611/3 930/611/3 927/609/3
f 851/602/8 852/601/8 915/601/8 916/602/8
f 865/611/8 866/612/8 929/612/8 930/611/8
f 854/604/18 851/602/18 916/602/18 917/604/18
f 852/601/3 853/603/3 918/603/3 915/601/3
f 839/594/4 840/593/4 904/593/4 903/594/4
f 853/603/4 854/604/4 917/604/4 918/603/4
f 842/596/18 839/594/18 903/594/18 905/596/18
f 840/593/3 841/595/3 906/595/3 904/593/3
f 827/585/4 828/584/4 891/584/4 892/585/4
f 841/595/8 842/596/8 905/596/8 906/595/8
f 830/587/18 827/585/18 892/585/18 893/587/18
f 867/614/8 868/613/8 931/613/8 932/614/8
f 828/584/3 829/586/3 894/586/3 891/584/3
f 815/574/8 816/573/8 879/573/8 880/574/8
f 870/616/18 867/614/18 932/614/18 933/616/18
f 829/586/8 830/587/8 893/587/8 894/586/8
f 818/576/18 815/574/18 880/574/18 881/576/18
f 868/613/3 869/615/3 934/615/3 931/613/3
f 855/606/4 856/605/4 919/605/4 920/606/4
f 816/573/3 817/575/3 882/575/3 879/573/3
f 869/615/4 870/616/4 933/616/4 934/615/4
f 858/608/18 855/606/18 920/606/18 921/608/18
f 817/575/4 818/576/4 881/576/4 882/575/4
f 856/605/3 857/607/3 922/607/3 919/605/3
f 843/598/8 844/597/8 907/597/8 908/598/8
f 857/607/8 858/608/8 921/608/8 922/607/8
f 846/600/18 843/598/18 908/598/18 909/600/18
f 844/597/3 845/599/3 910/599/3 907/597/3
f 831/589/4 832/588/4 895/588/4 896/589/4
f 845/599/4 846/600/4 909/600/4 910/599/4
f 834/591/18 831/589/18 896/589/18 897/591/18
f 871/617/8 872/570/8 936/570/8 935/617/8
f 832/588/3 833/590/3 898/590/3 895/588/3
f 819/571/4 820/569/4 883/569/4 884/571/4
f 874/568/18 871/617/18 935/617/18 937/568/18
f 833/590/8 834/591/8 897/591/8 898/590/8
f 1019/620/8 1021/621/8 1016/621/8 1017/620/8
f 948/339/5 944/440/5 945/438/5 949/622/5
f 945/438/5 383/421/5 950/341/5 949/622/5
f 952/623/1 943/456/1 946/436/1 953/624/1
f 946/436/1 391/429/1 954/625/1 953/624/1
f 359/428/1 943/456/1 952/623/1 955/626/1
f 359/428/1 955/626/1 954/625/1 391/429/1
f 953/624/3 954/625/3 963/625/3 960/624/3
f 952/623/4 953/624/4 960/624/4 961/623/4
f 949/622/3 950/341/3 959/341/3 956/622/3
f 954/625/8 955/626/8 962/626/8 963/625/8
f 948/339/8 949/622/8 956/622/8 957/339/8
f 955/626/18 952/623/18 961/623/18 962/626/18
f 1021/621/18 1025/651/18 1014/651/18 1016/621/18
f 362/427/5 379/426/5 1013/652/5 1012/653/5
f 379/426/5 945/438/5 1023/654/5 1013/652/5
f 943/456/1 1021/621/1 1019/620/1 946/436/1
f 1025/651/4 1024/655/4 1015/655/4 1014/651/4
f 944/440/5 362/427/5 1012/653/5 1022/656/5
f 358/435/1 387/434/1 1024/655/1 1025/651/1
f 387/434/1 946/436/1 1019/620/1 1024/655/1
f 1023/654/4 1022/656/4 1018/656/4 1020/654/4
f 1022/656/18 1012/653/18 1026/653/18 1018/656/18
f 943/456/1 358/435/1 1025/651/1 1021/621/1
f 944/440/5 1022/656/5 1023/654/5 945/438/5
f 1012/653/8 1013/652/8 1027/652/8 1026/653/8
f 1013/652/3 1023/654/3 1020/654/3 1027/652/3
f 1024/655/3 1019/620/3 1017/620/3 1015/655/3
f 752/501/5 790/533/5 1149/542/5 1148/737/5
f 790/533/5 789/532/5 1150/543/5 1149/542/5
f 789/532/5 751/504/5 1151/738/5 1150/543/5
f 751/504/5 752/501/5 1148/737/5 1151/738/5
f 754/502/1 794/535/1 1153/739/1 1152/740/1
f 794/535/1 793/534/1 1154/540/1 1153/739/1
f 793/534/1 753/503/1 1155/541/1 1154/540/1
f 753/503/1 754/502/1 1152/740/1 1155/541/1
f 1148/737/8 1149/542/8 1156/542/8 1157/737/8
f 1155/541/18 1152/740/18 1161/740/18 1162/541/18
f 1150/543/4 1151/738/4 1158/738/4 1159/543/4
f 1151/738/18 1148/737/18 1157/737/18 1158/738/18
f 1153/739/3 1154/540/3 1163/540/3 1160/739/3
f 1152/740/4 1153/739/4 1160/739/4 1161/740/4
f 951/338/5 363/420/5 944/440/5 948/339/5
f 1165/439/62 947/33/62 290/32/62 502/32/62
f 1164/443/3 943/456/3 359/428/3 456/428/3
f 363/420/5 951/338/5 950/341/5 383/421/5
f 1198/741/8 1199/742/8 1167/147/8 1166/441/8
f 1200/743/4 1201/744/4 1169/158/4 1168/442/4
f 1186/745/8 1209/746/8 1171/444/8 1170/146/8
f 1188/747/4 1207/748/4 1173/437/4 1172/157/4
f 1202/749/8 1203/750/8 1175/418/8 1174/152/8
f 1204/751/4 1205/752/4 1177/414/4 1176/155/4
f 1208/753/8 1195/754/8 1179/153/8 1178/445/8
f 1206/755/4 1197/756/4 1181/156/4 1180/410/4
f 1205/752/4 1206/755/4 1180/410/4 1177/414/4
f 1207/748/4 1200/743/4 1168/442/4 1173/437/4
f 1203/750/8 1208/753/8 1178/445/8 1175/418/8
f 1209/746/8 1198/741/8 1166/441/8 1171/444/8
f 1197/756/4 1204/751/4 1176/155/4 1181/156/4
f 1201/744/4 1188/747/4 1172/157/4 1169/158/4
f 1195/754/8 1202/749/8 1174/152/8 1179/153/8
f 1199/742/8 1186/745/8 1170/146/8 1167/147/8
f 325/757/116 352/758/116 1242/758/116 1228/757/116
f 1189/759/117 354/760/117 1243/760/117 1235/759/117
f 316/188/118 1221/187/118 1209/746/118 1186/745/118
f 320/192/119 1219/191/119 1207/748/119 1188/747/119
f 1196/761/120 1193/762/120 1229/762/120 1234/761/120
f 297/763/121 325/757/121 1228/757/121 1241/763/121
f 1220/253/118 314/252/118 1195/754/118 1208/753/118
f 1218/249/119 318/248/119 1197/756/119 1206/755/119
f 1187/764/122 347/765/122 1245/765/122 1237/764/122
f 1193/762/123 1192/766/123 1233/766/123 1229/762/123
f 301/767/124 321/768/124 1226/768/124 1240/767/124
f 299/769/125 1185/770/125 1231/770/125 1239/769/125
f 318/248/126 1216/247/126 1204/751/126 1197/756/126
f 1213/193/127 320/192/127 1188/747/127 1201/744/127
f 314/252/128 1214/251/128 1202/749/128 1195/754/128
f 1211/189/129 316/188/129 1186/745/129 1199/742/129
f 1182/771/130 1183/772/130 1199/742/130 1198/741/130
f 1184/773/131 1185/770/131 1201/744/131 1200/743/131
f 1190/774/132 1191/775/132 1203/750/132 1202/749/132
f 1192/766/133 1193/762/133 1205/752/133 1204/751/133
f 1193/762/134 1196/761/134 1206/755/134 1205/752/134
f 1189/759/135 1184/773/135 1200/743/135 1207/748/135
f 1191/775/136 1194/776/136 1208/753/136 1203/750/136
f 1187/764/137 1182/771/137 1198/741/137 1209/746/137
f 303/777/138 324/778/138 1210/186/138 1211/189/138
f 299/769/139 326/779/139 1212/190/139 1213/193/139
f 321/768/140 301/767/140 1214/251/140 1215/254/140
f 325/757/141 297/763/141 1216/247/141 1217/250/141
f 352/758/142 325/757/142 1217/250/142 1218/249/142
f 326/779/143 354/760/143 1219/191/143 1212/190/143
f 345/780/144 321/768/144 1215/254/144 1220/253/144
f 324/778/145 347/765/145 1221/187/145 1210/186/145
f 1183/772/146 303/777/146 1211/189/146 1199/742/146
f 1185/770/147 299/769/147 1213/193/147 1201/744/147
f 347/765/128 1187/764/128 1209/746/128 1221/187/128
f 354/760/126 1189/759/126 1207/748/126 1219/191/126
f 301/767/146 1190/774/146 1202/749/146 1214/251/146
f 297/763/147 1192/766/147 1204/751/147 1216/247/147
f 1194/776/129 345/780/129 1220/253/129 1208/753/129
f 1196/761/127 352/758/127 1218/249/127 1206/755/127
f 1184/773/156 1189/759/156 1235/759/156 1224/773/156
f 1190/774/157 301/767/157 1240/767/157 1232/774/157
f 354/760/158 326/779/158 1225/779/158 1243/760/158
f 1194/776/159 1191/775/159 1227/775/159 1236/776/159
f 1192/766/160 297/763/160 1241/763/160 1233/766/160
f 321/768/161 345/780/161 1244/780/161 1226/768/161
f 1182/771/162 1187/764/162 1237/764/162 1222/771/162
f 345/780/163 1194/776/163 1236/776/163 1244/780/163
f 1183/772/164 1182/771/164 1222/771/164 1230/772/164
f 347/765/165 324/778/165 1223/778/165 1245/765/165
f 324/778/166 303/777/166 1238/777/166 1223/778/166
f 352/758/167 1196/761/167 1234/761/167 1242/758/167
f 1185/770/168 1184/773/168 1224/773/168 1231/770/168
f 303/777/169 1183/772/169 1230/772/169 1238/777/169
f 326/779/170 299/769/170 1239/769/170 1225/779/170
f 1191/775/171 1190/774/171 1232/774/171 1227/775/171
f 1299/792/8 1417/793/8 1389/794/8 1259/59/8
f 1301/795/4 1425/796/4 1383/797/4 1261/36/4
f 1381/385/8 1379/802/8 1357/803/8 1627/804/8 1628/805/8 1361/385/8
f 1382/806/4 1434/807/4 1441/808/4 1385/809/4
f 1271/27/3 1273/54/3 1261/81/3 1260/61/3
f 1430/814/18 1429/815/18 1380/816/18 1378/817/18
f 1259/76/3 1258/67/3 1272/818/3 1270/26/3
f 1281/819/3 1283/820/3 1273/54/3 1271/27/3
f 1258/70/8 1393/821/8 1418/822/8 1302/823/8
f 1275/824/3 1281/819/3 1271/27/3 1263/60/3
f 1388/825/8 1426/826/8 1433/827/8 1391/828/8
f 1371/829/172 1365/830/172 1623/831/172 1624/832/172
f 1264/833/1 1397/834/1 1422/835/1 1300/836/1
f 1572/837/173 1533/837/173 1532/838/173 1581/838/173
f 1274/839/174 1405/840/174 1401/841/174 1262/24/174
f 1303/842/1 1421/843/1 1394/844/1 1265/845/1
f 1283/820/3 1276/846/3 1264/833/3 1273/54/3
f 1260/35/4 1387/847/4 1412/848/4 1296/849/4
f 1297/850/5 1411/851/5 1398/852/5 1263/25/5
f 1476/853/8 1477/854/8 1484/854/8 1485/853/8
f 1417/793/177 1299/792/177 1298/863/177 1414/864/177
f 1272/818/3 1265/845/3 1277/865/3 1282/866/3
f 1282/866/3 1277/865/3 1276/846/3 1283/820/3
f 1262/24/5 1401/841/5 1414/867/5 1298/863/5
f 1471/868/3 1472/869/3 1481/869/3 1478/868/3
f 1276/846/178 1409/870/178 1397/834/178 1264/833/178
f 1296/163/179 1412/871/179 1411/851/179 1297/850/179
f 1262/77/3 1270/26/3 1280/872/3 1274/873/3
f 1274/873/3 1280/872/3 1281/819/3 1275/824/3
f 1270/26/3 1272/818/3 1282/866/3 1280/872/3
f 1280/872/3 1282/866/3 1283/820/3 1281/819/3
f 1263/60/3 1271/27/3 1260/61/3 1296/884/3 1297/885/3
f 1258/67/3 1302/887/3 1303/888/3 1265/845/3 1272/818/3
f 1298/893/3 1299/894/3 1259/76/3 1270/26/3 1262/77/3
f 1273/54/3 1264/833/3 1300/836/3 1301/899/3 1261/81/3
f 1261/36/4 1383/797/4 1387/847/4 1260/35/4
f 1265/845/176 1394/844/176 1406/900/176 1277/865/176
f 1259/59/8 1389/794/8 1393/821/8 1258/70/8
f 1425/796/181 1301/795/181 1300/836/181 1422/835/181
f 1421/843/180 1303/842/180 1302/823/180 1418/822/180
f 1263/25/175 1398/852/175 1402/911/175 1275/912/175
f 1429/935/172 1430/936/172 1433/827/172 1426/826/172
f 1437/940/182 1438/941/182 1441/808/182 1434/807/182
f 1562/945/197 1522/945/197 1531/946/197 1571/946/197
f 1355/950/18 1278/951/18 1675/951/18 1674/950/18
f 1370/952/198 1372/953/198 1666/953/198 1667/952/198
f 1369/954/3 1375/955/3 1645/955/3 1642/954/3
f 1379/802/18 1381/956/18 1438/957/18 1437/949/18
f 1629/958/182 1626/959/182 1367/960/182 1377/961/182
f 1622/831/18 1663/238/18 1354/238/18
f 1662/962/18 1627/239/18 1357/239/18
f 1664/963/18 1625/964/18 1359/964/18
f 1628/965/18 1665/385/18 1361/385/18
f 1654/966/199 1655/967/199 1371/829/199 1624/832/199
f 1656/968/200 1657/969/200 1623/831/200 1365/830/200
f 1658/970/201 1659/971/201 1629/958/201 1377/961/201
f 1660/972/202 1661/973/202 1367/960/202 1626/959/202
f 1657/969/203 1663/974/203 1622/831/203 1623/975/203
f 1664/963/204 1654/966/204 1624/976/204 1625/976/204
f 1655/967/205 1658/970/205 1377/977/205 1371/978/205
f 1661/973/206 1656/968/206 1365/830/206 1367/979/206
f 1626/959/207 1627/980/207 1662/962/207 1660/972/207
f 1659/971/208 1665/981/208 1628/965/208 1629/965/208
f 1363/982/5 1353/982/5 1638/982/5 1639/982/5
f 1388/825/3 1391/828/3 1309/828/3 1312/825/3
f 1397/834/209 1409/870/209 1304/870/209 1284/834/209
f 1414/867/210 1401/841/210 1286/841/210 1442/867/210
f 1441/808/5 1438/941/5 1466/941/5 1469/808/5
f 1412/848/211 1387/847/211 1316/847/211 1267/848/211
f 1401/841/212 1405/840/212 1290/840/212 1286/841/212
f 1398/852/213 1411/851/213 1268/851/213 1289/852/213
f 1437/940/1 1434/807/1 1462/807/1 1465/940/1
f 1380/816/5 1429/815/5 1457/815/5 1466/957/5 1438/957/5 1381/983/5
f 1402/911/214 1398/852/214 1289/852/214 1293/911/214
f 1425/796/215 1422/835/215 1450/835/215 1453/796/215
f 1433/827/1 1430/936/1 1458/936/1 1461/827/1
f 1405/840/216 1402/911/216 1293/911/216 1290/840/216
f 1421/843/217 1418/822/217 1446/822/217 1449/843/217
f 1429/935/5 1426/826/5 1454/826/5 1457/935/5
f 1385/809/5 1441/808/5 1469/808/5 1315/809/5
f 1406/900/218 1394/844/218 1295/844/218 1307/900/218
f 1378/238/4 1380/986/4 1359/987/4 1625/988/4 1622/989/4 1354/238/4
f 1379/802/1 1437/949/1 1465/949/1 1458/814/1 1430/814/1 1378/990/1
f 1389/794/233 1417/793/233 1445/793/233 1311/794/233
f 1393/821/234 1389/794/234 1311/794/234 1310/821/234
f 1382/806/3 1385/809/3 1315/809/3 1318/806/3
f 1422/835/235 1397/834/235 1284/834/235 1450/835/235
f 1387/847/236 1383/797/236 1317/797/236 1316/847/236
f 1383/797/237 1425/796/237 1453/796/237 1317/797/237
f 1411/851/238 1412/871/238 1267/871/238 1268/851/238
f 1426/826/5 1388/825/5 1312/825/5 1454/826/5
f 1418/822/239 1393/821/239 1310/821/239 1446/822/239
f 1391/828/1 1433/827/1 1461/827/1 1309/828/1
f 1394/844/240 1421/843/240 1449/843/240 1295/844/240
f 1409/870/241 1406/900/241 1307/900/241 1304/870/241
f 1434/807/1 1382/806/1 1318/806/1 1462/807/1
f 1417/793/242 1414/864/242 1442/864/242 1445/793/242
f 1275/912/5 1402/911/5 1471/868/5 1470/991/5
f 1402/911/5 1405/840/5 1472/869/5 1471/868/5
f 1405/840/5 1274/839/5 1473/992/5 1472/869/5
f 1274/839/5 1275/912/5 1470/991/5 1473/992/5
f 1277/865/1 1406/900/1 1475/993/1 1474/994/1
f 1406/900/1 1409/870/1 1476/853/1 1475/993/1
f 1409/870/1 1276/846/1 1477/854/1 1476/853/1
f 1276/846/1 1277/865/1 1474/994/1 1477/854/1
f 1470/991/8 1471/868/8 1478/868/8 1479/991/8
f 1477/854/18 1474/994/18 1483/994/18 1484/854/18
f 1472/869/4 1473/992/4 1480/992/4 1481/869/4
f 1473/992/18 1470/991/18 1479/991/18 1480/992/18
f 1475/993/3 1476/853/3 1485/853/3 1482/993/3
f 1474/994/4 1475/993/4 1482/993/4 1483/994/4
f 1522/945/18 1523/1029/18 1524/1030/18 1525/1031/18 1526/1032/18 1527/1033/18 1528/1034/18 1529/1035/18 1530/1036/18 1531/946/18
f 1532/838/18 1533/837/18 1534/1037/18 1535/1038/18 1536/1039/18 1537/1040/18 1538/1041/18 1539/1042/18 1540/1043/18 1541/1044/18
f 1565/1031/250 1566/1032/250 1526/1032/250 1525/1031/250
f 1579/1043/251 1580/1044/251 1541/1044/251 1540/1043/251
f 1572/837/252 1573/1037/252 1534/1037/252 1533/837/252
f 1566/1032/253 1567/1033/253 1527/1033/253 1526/1032/253
f 1580/1044/254 1581/838/254 1532/838/254 1541/1044/254
f 1573/1037/255 1574/1038/255 1535/1038/255 1534/1037/255
f 1567/1033/256 1568/1034/256 1528/1034/256 1527/1033/256
f 1574/1038/257 1575/1039/257 1536/1039/257 1535/1038/257
f 1568/1034/258 1569/1035/258 1529/1035/258 1528/1034/258
f 1562/945/254 1563/1029/254 1523/1029/254 1522/945/254
f 1575/1039/259 1576/1040/259 1537/1040/259 1536/1039/259
f 1569/1035/260 1570/1036/260 1530/1036/260 1529/1035/260
f 1576/1040/261 1577/1041/261 1538/1041/261 1537/1040/261
f 1570/1036/252 1571/946/252 1531/946/252 1530/1036/252
f 1563/1029/262 1564/1030/262 1524/1030/262 1523/1029/262
f 1577/1041/263 1578/1042/263 1539/1042/263 1538/1041/263
f 1378/238/18 1354/238/18 1663/974/18 1662/962/18 1357/239/18 1379/1045/18
f 1564/1030/264 1565/1031/264 1525/1031/264 1524/1030/264
f 1578/1042/265 1579/1043/265 1540/1043/265 1539/1042/265
f 1353/982/8 1363/982/8 1623/975/8 1622/831/8
f 1373/1070/8 1358/1071/8 1625/976/8 1624/976/8
f 1369/954/4 1356/1072/4 1627/980/4 1626/959/4
f 1360/955/4 1375/955/4 1629/965/4 1628/965/4
f 1358/1071/8 1353/982/8 1622/831/8 1625/976/8
f 1363/982/8 1373/1070/8 1624/976/8 1623/975/8
f 1356/1072/4 1360/955/4 1628/965/4 1627/980/4
f 1375/955/4 1369/954/4 1626/959/4 1629/965/4
f 1373/1070/3 1363/982/3 1639/982/3 1640/1070/3
f 1375/955/1 1360/955/1 1644/955/1 1645/955/1
f 1358/1071/1 1373/1070/1 1640/1070/1 1641/1071/1
f 1360/955/18 1356/1072/18 1643/1072/18 1644/955/18
f 1353/982/18 1358/1071/18 1641/1071/18 1638/982/18
f 1356/1072/5 1369/954/5 1642/954/5 1643/1072/5
f 1381/385/18 1361/385/18 1665/981/18 1664/963/18 1359/964/18 1380/1081/18
f 1372/953/5 1370/952/5 1655/967/5 1654/966/5
f 1364/1082/1 1362/1083/1 1657/969/1 1656/968/1
f 1376/1084/5 1374/1085/5 1659/971/5 1658/970/5
f 1368/1086/1 1366/1087/1 1661/973/1 1660/972/1
f 1370/952/5 1376/1084/5 1658/970/5 1655/967/5
f 1366/1087/1 1364/1082/1 1656/968/1 1661/973/1
f 1355/950/1 1368/1086/1 1660/972/1 1662/962/1
f 1278/951/1 1355/950/1 1662/962/1 1663/974/1
f 1279/1088/5 1352/1089/5 1664/963/5 1665/981/5
f 1362/1083/1 1278/951/1 1663/974/1 1657/969/1
f 1352/1089/5 1372/953/5 1654/966/5 1664/963/5
f 1374/1085/5 1279/1088/5 1665/981/5 1659/971/5
f 1376/1084/3 1370/952/3 1667/952/3 1670/1084/3
f 1279/1088/268 1374/1085/268 1671/1085/268 1677/1088/268
f 1362/1083/198 1364/1082/198 1668/1082/198 1669/1083/198
f 1352/1089/18 1279/1088/18 1677/1088/18 1676/1089/18
f 1364/1082/3 1366/1087/3 1673/1087/3 1668/1082/3
f 1374/1085/269 1376/1084/269 1670/1084/269 1671/1085/269
f 1278/951/270 1362/1083/270 1669/1083/270 1675/951/270
f 1368/1086/268 1355/950/268 1674/950/268 1672/1086/268
f 1366/1087/269 1368/1086/269 1672/1086/269 1673/1087/269
f 1372/953/270 1352/1089/270 1676/1089/270 1666/953/270
f 2013/1090/14 1929/1091/14 1933/1092/14 2009/1093/14
f 1702/1094/1 1701/1095/1 1905/1096/1 1911/1097/1
f 1705/1098/1 1702/1094/1 1911/1097/1 1915/1099/1
f 1706/1100/1 1705/1098/1 1915/1099/1 1919/1101/1
f 1709/1102/1 1706/1100/1 1919/1101/1 1923/1103/1
f 1710/1104/1 1709/1102/1 1923/1103/1 1927/1105/1
f 1718/1106/271 1719/1107/271 1710/1104/271 1713/1108/271
f 1713/1108/1 1710/1104/1 1927/1105/1 1931/1109/1
f 1714/1110/1 1713/1108/1 1931/1109/1 1902/1111/1
f 1939/1112/4 2008/1113/4 2011/1114/4 1947/1115/4
f 1704/1116/5 1703/1117/5 1912/1118/5 1906/1119/5
f 1715/1120/5 1704/1116/5 1906/1119/5 1909/1121/5
f 1716/1122/5 1715/1120/5 1909/1121/5 1932/1123/5
f 1703/1117/5 1708/1124/5 1916/1125/5 1912/1118/5
f 1952/1126/3 1951/1127/3 1954/1128/3 1957/1129/3
f 1708/1124/5 1707/1130/5 1920/1131/5 1916/1125/5
f 1957/1129/272 1954/1128/272 1958/1132/272 1961/1133/272
f 1707/1130/5 1712/1134/5 1924/1135/5 1920/1131/5
f 1961/1133/8 1958/1132/8 1962/1136/8 1965/1137/8
f 1712/1134/5 1711/1138/5 1928/1139/5 1924/1135/5
f 2019/1140/8 1925/1141/8 1929/1142/8 2013/1090/8
f 1711/1138/5 1716/1122/5 1932/1123/5 1928/1139/5
f 1941/1143/4 1938/1144/4 1946/1145/4 1949/1146/4
f 1949/1146/271 1946/1145/271 1951/1127/271 1952/1126/271
f 1720/1147/17 1721/1148/17 1706/1100/17 1709/1102/17
f 1722/1149/14 1723/1150/14 1702/1094/14 1705/1098/14
f 1724/1151/272 1725/1152/272 1714/1110/272 1701/1095/272
f 1704/1116/272 1715/1120/272 1717/1153/272 1732/1154/272
f 1732/1154/272 1717/1153/272 1725/1152/272 1724/1151/272
f 1731/1155/8 1732/1154/8 1724/1151/8 1723/1150/8
f 1708/1124/14 1703/1117/14 1731/1155/14 1730/1156/14
f 1730/1156/14 1731/1155/14 1723/1150/14 1722/1149/14
f 1729/1157/18 1730/1156/18 1722/1149/18 1721/1148/18
f 1712/1134/17 1707/1130/17 1729/1157/17 1728/1158/17
f 1728/1158/17 1729/1157/17 1721/1148/17 1720/1147/17
f 1727/1159/4 1728/1158/4 1720/1147/4 1719/1107/4
f 1717/1153/3 1726/1160/3 1718/1106/3 1725/1152/3
f 1716/1122/271 1711/1138/271 1727/1159/271 1726/1160/271
f 1726/1160/271 1727/1159/271 1719/1107/271 1718/1106/271
f 1759/1161/8 1758/1162/8 1701/1095/8 1702/1094/8
f 1761/1163/8 1760/1164/8 1703/1117/8 1704/1116/8
f 1798/1165/18 1796/1166/18 1705/1098/18 1706/1100/18
f 1788/1167/18 1786/1168/18 1707/1130/18 1708/1124/18
f 1763/1169/4 1762/1170/4 1709/1102/4 1710/1104/4
f 1765/1171/4 1764/1172/4 1711/1138/4 1712/1134/4
f 1790/1173/3 1801/1174/3 1713/1108/3 1714/1110/3
f 1782/1175/3 1789/1176/3 1715/1120/3 1716/1122/3
f 1789/1176/3 1774/1177/3 1717/1153/3 1715/1120/3
f 1801/1174/3 1802/1178/3 1718/1106/3 1713/1108/3
f 1773/1179/4 1763/1169/4 1710/1104/4 1719/1107/4
f 1762/1170/4 1772/1180/4 1720/1147/4 1709/1102/4
f 1797/1181/18 1798/1165/18 1706/1100/18 1721/1148/18
f 1796/1166/18 1793/1182/18 1722/1149/18 1705/1098/18
f 1769/1183/8 1759/1161/8 1702/1094/8 1723/1150/8
f 1758/1162/8 1768/1184/8 1724/1151/8 1701/1095/8
f 1803/1185/3 1790/1173/3 1714/1110/3 1725/1152/3
f 1775/1186/3 1782/1175/3 1716/1122/3 1726/1160/3
f 1764/1172/4 1771/1187/4 1727/1159/4 1711/1138/4
f 1770/1188/4 1765/1171/4 1712/1134/4 1728/1158/4
f 1786/1168/18 1781/1189/18 1729/1157/18 1707/1130/18
f 1776/1190/18 1788/1167/18 1708/1124/18 1730/1156/18
f 1760/1164/8 1767/1191/8 1731/1155/8 1703/1117/8
f 1766/1192/8 1761/1163/8 1704/1116/8 1732/1154/8
f 1767/1191/8 1766/1192/8 1732/1154/8 1731/1155/8
f 1768/1184/8 1769/1183/8 1723/1150/8 1724/1151/8
f 1781/1189/18 1776/1190/18 1730/1156/18 1729/1157/18
f 1793/1182/18 1797/1181/18 1721/1148/18 1722/1149/18
f 1771/1187/4 1770/1188/4 1728/1158/4 1727/1159/4
f 1772/1180/4 1773/1179/4 1719/1107/4 1720/1147/4
f 1774/1177/3 1775/1186/3 1726/1160/3 1717/1153/3
f 1802/1178/3 1803/1185/3 1725/1152/3 1718/1106/3
f 2134/1193/273 1733/1194/273 1808/1195/273 1807/1196/273 1775/1186/273
f 1785/1197/18 1738/1198/18 1745/1199/18 1733/1194/18
f 1685/1200/18 1693/1201/18 2193/1201/18 2188/1200/18
f 1778/1202/4 1779/1203/4 1787/1204/4 1783/1205/4
f 1777/1206/8 1780/1207/8 1784/1208/8 1742/1209/8
f 1779/1203/274 1778/1202/274 1817/1210/274 1816/1211/274 1821/1212/274 1820/1213/274
f 1735/1214/275 2136/1215/275 1781/1189/275 1824/1216/275 1829/1217/275
f 1778/1202/274 2126/1218/274 1767/1191/274 1812/1219/274 1817/1220/274
f 2125/1221/274 1779/1203/274 1820/1222/274 1819/1223/274 1766/1192/274
f 1848/1224/276 1761/1163/276 1766/1192/276 1819/1225/276
f 1736/1226/277 1737/1227/277 1835/1228/277 1834/1229/277 1839/1230/277 1838/1231/277
f 2140/1232/278 1785/1197/278 1733/1194/278 2134/1193/278
f 1745/1199/273 2133/1233/273 1774/298/273 1818/298/273 1823/1234/273
f 2130/1235/279 1777/1206/279 1742/1209/279 2123/1236/279
f 1780/1207/280 1777/1206/280 1811/1237/280 1810/1238/280 1827/1239/280 1826/1240/280
f 2126/1218/281 1778/1202/281 1783/1205/281 2119/1241/281
f 1736/1226/282 2137/1242/282 2136/1215/282 1735/1214/282
f 2147/1243/278 1804/1244/278 1757/1245/278 2145/1246/278
f 1758/1162/276 1861/1247/276 1884/1248/276 1768/1184/276
f 1805/1249/280 2122/1250/280 1763/1169/280 1896/1251/280 1901/1252/280
f 1793/1182/278 1796/1166/278 1867/1253/278 1854/1254/278
f 1798/1165/283 1797/298/283 1879/298/283 1872/1255/283
f 1800/1256/4 1791/1257/4 1794/1258/4 1753/1259/4
f 2132/1260/284 1751/1261/284 1892/1262/284 1891/1263/284 1773/1179/284
f 2144/1264/282 1749/1265/282 1799/1266/282 2142/1267/282
f 1744/1268/1 1743/1269/1 2204/1269/1 2203/1268/1
f 1799/1266/277 1747/1270/277 1859/1271/277 1858/1272/277 1881/1273/277 1880/1274/277
f 1795/1275/280 1805/1249/280 1901/1276/280 1900/1277/280 1875/1278/280 1874/1279/280
f 1691/1280/3 1687/1281/3 2187/1281/3 2194/1280/3
f 1791/1257/285 1800/1256/285 1889/1282/285 1888/1283/285 1857/1284/285 1856/1285/285
f 2127/1286/286 1800/1256/286 1753/1259/286 2117/1287/286
f 1756/1288/8 1751/1261/8 1805/1249/8 1795/1275/8
f 2131/1289/276 1756/1288/276 1795/1275/276 2121/1290/276
f 2117/1287/274 1753/1259/274 1862/1291/274 1861/1292/274 1758/1162/274
f 1870/1293/14 1869/1294/14 2255/1294/14 2256/1293/14
f 1781/1189/283 1786/1168/283 1837/1295/283 1824/1296/283
f 2118/1297/274 2117/1287/274 1758/1162/274 1759/1161/274
f 2120/1298/285 2119/1241/285 1760/1164/285 1761/1163/285
f 2122/1250/280 2121/1290/280 1762/1170/280 1763/1169/280
f 2124/1299/284 2123/1236/284 1764/1172/284 1765/1171/284
f 2126/1218/274 2125/1221/274 1766/1192/274 1767/1191/274
f 2127/1286/285 2128/1300/285 1769/1183/285 1768/1184/285
f 2130/1235/280 2129/1301/280 1770/1188/280 1771/1187/280
f 2131/1289/284 2132/1260/284 1773/1179/284 1772/1180/284
f 2133/1233/273 2134/1193/273 1775/1186/273 1774/298/273
f 1733/1194/273 1745/1199/273 1823/1302/273 1822/1303/273 1809/1304/273 1808/1305/273
f 1734/1306/275 1735/1214/275 1829/1217/275 1828/1307/275 1815/1308/275 1814/1309/275
f 1818/298/282 1774/298/282 1789/1176/282 1849/1310/282
f 1770/1188/286 1825/1311/286 1836/1312/286 1765/1171/286
f 2135/1313/275 1734/1306/275 1814/1314/275 1813/1315/275 1776/1190/275
f 1760/1164/279 1831/1316/279 1812/1317/279 1767/1191/279
f 2136/1215/275 2135/1313/275 1776/1190/275 1781/1189/275
f 1771/1187/281 1764/1172/281 1843/1318/281 1806/1319/281
f 2129/1301/280 1780/1207/280 1826/1320/280 1825/1321/280 1770/1188/280
f 1788/1167/278 1776/1190/278 1813/1322/278 1830/1323/278
f 2119/1241/285 1783/1205/285 1832/1324/285 1831/1325/285 1760/1164/285
f 1840/1326/17 1839/1327/17 2247/1327/17 2248/1326/17
f 1742/1209/284 1784/1208/284 1841/1328/284 1840/1329/284 1845/1330/284 1844/1331/284
f 2123/1236/284 1742/1209/284 1844/1331/284 1843/1332/284 1764/1172/284
f 1737/1227/277 2138/1333/277 1788/1167/277 1830/1334/277 1835/1335/277
f 2137/1242/277 1736/1226/277 1838/1336/277 1837/1337/277 1786/1168/277
f 1785/1197/287 2140/1232/287 1782/1175/287 1842/1338/287 1847/1339/287
f 2139/1340/287 1738/1198/287 1850/1341/287 1849/1342/287 1789/1176/287
f 1821/1212/5 1822/1343/5 1809/1344/5 1810/1345/5 1827/1239/5 1828/1346/5 1815/1347/5 1816/1348/5
f 1775/1186/288 1807/1349/288 1842/1350/288 1782/1175/288
f 2138/1333/277 2137/1242/277 1786/1168/277 1788/1167/277
f 2140/1232/287 2139/1340/287 1789/1176/287 1782/1175/287
f 1784/1208/284 2124/1299/284 1765/1171/284 1836/1351/284 1841/1328/284
f 2128/1300/285 1791/1257/285 1856/1285/285 1855/1352/285 1769/1183/285
f 1738/1198/287 1785/1197/287 1847/1353/287 1846/1354/287 1851/1355/287 1850/1341/287
f 1787/1204/285 2120/1298/285 1761/1163/285 1848/1356/285 1853/1357/285
f 1783/1205/285 1787/1204/285 1853/1357/285 1852/1358/285 1833/1359/285 1832/1360/285
f 1866/1361/279 1759/1161/279 1769/1183/279 1855/1362/279
f 1753/1259/274 1794/1258/274 1871/1363/274 1870/1364/274 1863/1365/274 1862/1366/274
f 1748/1367/275 1749/1265/275 1877/1368/275 1876/1369/275 1869/1370/275 1868/1371/275
f 1772/1180/286 1762/1170/286 1873/1372/286 1878/1373/286
f 1792/1374/273 2146/1375/273 1790/1173/273 1860/1376/273 1865/1377/273
f 2121/1290/280 1795/1275/280 1874/1279/280 1873/1378/280 1762/1170/280
f 1751/1261/284 1756/1288/284 1883/1379/284 1882/1380/284 1893/1381/284 1892/1382/284
f 2141/1383/277 2142/1267/277 1797/298/277 1793/1182/277
f 1893/1384/1 1894/1385/1 1887/1386/1 1888/1387/1 1857/1284/1 1858/1272/1 1881/1388/1 1882/1389/1
f 1747/1270/277 2141/1383/277 1793/1182/277 1854/1390/277 1859/1271/277
f 1746/1391/287 1804/1244/287 1895/1392/287 1894/1393/287 1887/1394/287 1886/1395/287
f 1800/1256/285 2127/1286/285 1768/1184/285 1884/1396/285 1889/1397/285
f 2143/1398/275 1748/1367/275 1868/1399/275 1867/1400/275 1796/1166/275
f 2144/1264/275 2143/1398/275 1796/1166/275 1798/1165/275
f 2146/1375/273 2145/1246/273 1801/1174/273 1790/1173/273
f 2147/1243/287 2148/1401/287 1803/1185/287 1802/1178/287
f 2148/1401/287 1746/1391/287 1886/1395/287 1885/1402/287 1803/1185/287
f 1763/1169/281 1773/1179/281 1891/1403/281 1896/1404/281
f 1890/1405/288 1802/1178/288 1801/1174/288 1897/1406/288
f 1860/1407/282 1790/1173/282 1803/1185/282 1885/1402/282
f 2145/1246/273 1757/1245/273 1898/1408/273 1897/1409/273 1801/1174/273
f 1757/1245/273 1792/1374/273 1865/1377/273 1864/1410/273 1899/1411/273 1898/1412/273
f 1749/1265/275 2144/1264/275 1798/1165/275 1872/1413/275 1877/1368/275
f 2142/1267/277 1799/1266/277 1880/1414/277 1879/298/277 1797/298/277
f 1756/1288/284 2131/1289/284 1772/1180/284 1878/1415/284 1883/1379/284
f 1804/1244/287 2147/1243/287 1802/1178/287 1890/1405/287 1895/1392/287
f 1794/1258/274 2118/1297/274 1759/1161/274 1866/1416/274 1871/1363/274
f 1804/1244/18 1746/1391/18 1792/1374/18 1757/1245/18
f 1746/1391/283 2148/1401/283 2146/1375/283 1792/1374/283
f 1791/1257/281 2128/1300/281 2118/1297/281 1794/1258/281
f 1741/1417/1 1683/1418/1 2202/1418/1 2201/1417/1
f 1749/1265/3 1748/1367/3 1747/1270/3 1799/1266/3
f 1748/1367/288 2143/1398/288 2141/1383/288 1747/1270/288
f 1751/1261/279 2132/1260/279 2122/1250/279 1805/1249/279
f 1686/1419/289 1692/1420/289 2196/1420/289 2186/1419/289
f 1780/1207/276 2129/1301/276 2124/1299/276 1784/1208/276
f 1695/1421/5 1739/1422/5 2200/1422/5 2199/1421/5
f 1738/1198/283 2139/1340/283 2133/1233/283 1745/1199/283
f 1694/1423/18 1684/1424/18 2185/1424/18 2195/1423/18
f 1779/1203/286 2125/1221/286 2120/1298/286 1787/1204/286
f 1689/1425/5 1740/1426/5 2197/1426/5 2198/1425/5
f 2138/1333/288 1737/1227/288 1734/1306/288 2135/1313/288
f 1737/1227/3 1736/1226/3 1735/1214/3 1734/1306/3
f 1806/1427/290 1807/1196/290 1808/1428/290 1809/1429/290 1810/1430/290 1811/1430/290
f 1812/1431/291 1813/1315/291 1814/1432/291 1815/1433/291 1816/1434/291 1817/1434/291
f 1818/298/292 1819/298/292 1820/298/292 1821/298/292 1822/298/292 1823/298/292
f 1824/1435/293 1825/1311/293 1826/1436/293 1827/1437/293 1828/1437/293 1829/1437/293
f 1830/1438/294 1831/1438/294 1832/1439/294 1833/1440/294 1834/1229/294 1835/1441/294
f 1836/1442/295 1837/1442/295 1838/1443/295 1839/1327/295 1840/1326/295 1841/1444/295
f 1842/1445/296 1843/1445/296 1844/1446/296 1845/1447/296 1846/1448/296 1847/1449/296
f 1848/1450/297 1849/1450/297 1850/1451/297 1851/1452/297 1852/1453/297 1853/1454/297
f 1854/1254/294 1855/1455/294 1856/1456/294 1857/1456/294 1858/1456/294 1859/1457/294
f 1860/1458/292 1861/1247/292 1862/1291/292 1863/1459/292 1864/1460/292 1865/1460/292
f 1866/1461/291 1867/1400/291 1868/1399/291 1869/1294/291 1870/1293/291 1871/1293/291
f 1872/1462/293 1873/1372/293 1874/1463/293 1875/1464/293 1876/1464/293 1877/1464/293
f 1878/1373/295 1879/1465/295 1880/1466/295 1881/1466/295 1882/1466/295 1883/1467/295
f 1884/1468/297 1885/1402/297 1886/1469/297 1887/1470/297 1888/1470/297 1889/1470/297
f 1890/1471/296 1891/1403/296 1892/1472/296 1893/1473/296 1894/1473/296 1895/1473/296
f 1896/1474/290 1897/1409/290 1898/1408/290 1899/1475/290 1900/1476/290 1901/1476/290
f 1836/1312/272 1825/1311/272 1824/1437/272 1837/1442/272
f 1812/1434/271 1831/1438/271 1830/1323/271 1813/1322/271
f 1842/1350/14 1807/1349/14 1806/1319/14 1843/1318/14
f 1848/1477/17 1819/298/17 1818/298/17 1849/1310/17
f 1866/1361/271 1855/1362/271 1854/1254/271 1867/1253/271
f 1890/1473/14 1897/1476/14 1896/1404/14 1891/1403/14
f 1884/1470/17 1861/1478/17 1860/1407/17 1885/1402/17
f 1878/1373/272 1873/1372/272 1872/1464/272 1879/1466/272
f 1777/1206/280 2130/1235/280 1771/1187/280 1806/1479/280 1811/1237/280
f 1903/1480/298 1904/1481/298 1905/1096/298 1902/1111/298
f 1907/1482/299 1908/1483/299 1909/1121/299 1906/1119/299
f 1904/1481/6 1910/1484/6 1911/1097/6 1905/1096/6
f 1913/1485/2 1907/1482/2 1906/1119/2 1912/1118/2
f 1910/1484/300 1914/1486/300 1915/1099/300 1911/1097/300
f 1917/1487/301 1913/1485/301 1912/1118/301 1916/1125/301
f 1914/1486/302 1918/1488/302 1919/1101/302 1915/1099/302
f 1921/1489/303 1917/1487/303 1916/1125/303 1920/1131/303
f 1918/1488/304 1922/1490/304 1923/1103/304 1919/1101/304
f 1925/1491/305 1921/1489/305 1920/1131/305 1924/1135/305
f 1922/1490/9 1926/1492/9 1927/1105/9 1923/1103/9
f 1929/1493/7 1925/1491/7 1924/1135/7 1928/1139/7
f 1926/1492/306 1930/1494/306 1931/1109/306 1927/1105/306
f 1933/1495/307 1929/1493/307 1928/1139/307 1932/1123/307
f 1930/1494/16 1903/1480/16 1902/1111/16 1931/1109/16
f 1908/1483/15 1933/1495/15 1932/1123/15 1909/1121/15
f 1701/1095/1 1714/1110/1 1902/1111/1 1905/1096/1
f 1955/1496/272 2017/1497/272 2020/1498/272 1959/1499/272
f 2035/1500/8 1960/1501/8 1964/1502/8 2029/1503/8
f 1903/1504/17 2024/1505/17 2026/1506/17 1904/1507/17
f 1910/1508/271 2028/1509/271 2031/1510/271 1914/1511/271
f 1965/1137/14 1962/1136/14 1945/1512/14 1942/1513/14
f 1963/1514/14 2014/1515/14 2010/1516/14 1944/1517/14
f 1922/1518/8 2036/1519/8 2030/1520/8 1926/1521/8
f 1959/1522/8 2020/1498/8 2014/1515/8 1963/1514/8
f 2022/1525/18 1943/1526/18 1934/1527/18 2023/1528/18
f 1918/1529/272 2034/1530/272 2036/1519/272 1922/1518/272
f 1942/1513/18 1945/1512/18 1936/1531/18 1935/1532/18
f 1904/1507/4 2026/1533/4 2028/1509/4 1910/1508/4
f 1935/1534/17 1936/1535/17 1938/1144/17 1941/1143/17
f 1944/1536/18 2010/1516/18 2005/1537/18 1937/1538/18
f 1926/1521/14 2030/1520/14 2021/1545/14 1930/1546/14
f 2009/1093/18 1933/1550/18 1908/1551/18 2006/1552/18
f 2018/1553/272 1921/1554/272 1925/1555/272 2019/1140/272
f 1950/1548/3 2015/1556/3 2017/1497/3 1955/1496/3
f 1947/1115/271 2011/1114/271 2015/1556/271 1950/1539/271
f 2016/1557/3 1917/1558/3 1921/1559/3 2018/1553/3
f 2012/1560/271 1913/1561/271 1917/1562/271 2016/1557/271
f 1937/1544/17 2005/1563/17 2008/1113/17 1939/1112/17
f 2007/1564/4 1907/1565/4 1913/1566/4 2012/1560/4
f 2029/1503/14 1964/1540/14 1943/1526/14 2022/1525/14
f 2023/1567/17 1934/1549/17 1940/1547/17 2025/1568/17
f 2032/1569/3 1953/1542/3 1956/1541/3 2033/1570/3
f 2033/1570/272 1956/1541/272 1960/1501/272 2035/1500/272
f 1914/1511/3 2031/1510/3 2034/1530/3 1918/1529/3
f 2025/1568/4 1940/1547/4 1948/1543/4 2027/1571/4
f 1930/1546/18 2021/1545/18 2024/1572/18 1903/1573/18
f 2027/1571/271 1948/1543/271 1953/1542/271 2032/1569/271
f 2033/1570/1 2035/1500/1 2047/1500/1 2045/1570/1
f 2019/1140/1 2013/1090/1 1996/1090/1 1998/1140/1
f 2005/1537/5 2010/1516/5 2063/1516/5 2081/1537/5
f 2034/1530/5 2031/1510/5 2057/1510/5 2062/1530/5
f 2020/1498/5 2017/1497/5 2056/1497/5 2065/1498/5
f 2031/1510/5 2028/1509/5 2058/1509/5 2057/1510/5
f 2009/1093/1 2006/1552/1 2069/1552/1 1994/1093/1
f 2027/1571/1 2032/1569/1 2044/1569/1 2071/1571/1
f 2015/1556/5 2011/1114/5 2053/1114/5 2055/1556/5
f 2032/1569/1 2033/1570/1 2045/1570/1 2044/1569/1
f 2018/1553/1 2019/1140/1 1998/1140/1 1999/1553/1
f 2021/1545/5 2030/1520/5 2060/1520/5 2074/1545/5
f 2012/1560/1 2016/1557/1 2079/1557/1 2078/1560/1
f 2029/1503/1 2022/1525/1 2068/1525/1 2049/1503/1
f 2026/1506/5 2024/1505/5 2073/1505/5 2059/1506/5
f 2008/1113/5 2005/1563/5 2081/1563/5 2054/1113/5
f 2006/1574/17 1908/1575/17 1907/1576/17 2007/1564/17
f 2007/1564/1 2012/1560/1 2078/1560/1 2070/1564/1
f 2011/1114/5 2008/1113/5 2054/1113/5 2053/1114/5
f 2014/1515/5 2020/1498/5 2065/1498/5 2064/1515/5
f 2036/1519/5 2034/1530/5 2062/1530/5 2061/1519/5
f 2013/1090/1 2009/1093/1 1994/1093/1 1996/1090/1
f 2035/1500/1 2029/1503/1 2049/1503/1 2047/1500/1
f 2022/1525/1 2023/1528/1 2066/1528/1 2068/1525/1
f 2010/1516/5 2014/1515/5 2064/1515/5 2063/1516/5
f 2030/1520/5 2036/1519/5 2061/1519/5 2060/1520/5
f 2024/1572/5 2021/1545/5 2074/1545/5 2073/1572/5
f 2025/1568/1 2027/1571/1 2071/1571/1 2067/1568/1
f 2006/1574/1 2007/1564/1 2070/1564/1 2069/1574/1
f 2023/1567/1 2025/1568/1 2067/1568/1 2066/1567/1
f 2016/1557/1 2018/1553/1 1999/1553/1 2079/1557/1
f 2017/1497/5 2015/1556/5 2055/1556/5 2056/1497/5
f 2028/1509/5 2026/1533/5 2059/1533/5 2058/1509/5
f 1680/1611/8 1678/1612/8 2117/1287/8 2118/1297/8
f 1679/1613/8 1681/1614/8 2119/1241/8 2120/1298/8
f 1686/1419/4 1684/1424/4 2121/1290/4 2122/1250/4
f 1685/1200/4 1687/1281/4 2123/1236/4 2124/1299/4
f 1697/1615/8 1699/1616/8 2125/1221/8 2126/1218/8
f 1700/1617/8 1698/1618/8 2128/1300/8 2127/1286/8
f 1691/1280/4 1693/1201/4 2129/1301/4 2130/1235/4
f 1694/1423/4 1692/1420/4 2132/1260/4 2131/1289/4
f 1740/1426/3 1689/1425/3 2134/1193/3 2133/1233/3
f 1739/1422/18 1695/1421/18 2135/1313/18 2136/1215/18
f 1683/1418/18 1741/1417/18 2137/1242/18 2138/1333/18
f 1743/1269/3 1744/1268/3 2139/1340/3 2140/1232/3
f 1696/1619/18 1750/1620/18 2142/1267/18 2141/1383/18
f 1755/1621/18 1682/1622/18 2143/1398/18 2144/1264/18
f 1754/1623/3 1688/1624/3 2145/1246/3 2146/1375/3
f 1690/1625/3 1752/1626/3 2148/1401/3 2147/1243/3
f 1752/1626/3 1754/1623/3 2146/1375/3 2148/1401/3
f 1688/1624/3 1690/1625/3 2147/1243/3 2145/1246/3
f 1678/1612/8 1700/1617/8 2127/1286/8 2117/1287/8
f 1698/1618/8 1680/1611/8 2118/1297/8 2128/1300/8
f 1682/1622/18 1696/1619/18 2141/1383/18 2143/1398/18
f 1750/1620/18 1755/1621/18 2144/1264/18 2142/1267/18
f 1684/1424/4 1694/1423/4 2131/1289/4 2121/1290/4
f 1692/1420/4 1686/1419/4 2122/1250/4 2132/1260/4
f 1687/1281/4 1691/1280/4 2130/1235/4 2123/1236/4
f 1693/1201/4 1685/1200/4 2124/1299/4 2129/1301/4
f 1689/1425/3 1743/1269/3 2140/1232/3 2134/1193/3
f 1744/1268/3 1740/1426/3 2133/1233/3 2139/1340/3
f 1681/1614/8 1697/1615/8 2126/1218/8 2119/1241/8
f 1699/1616/8 1679/1613/8 2120/1298/8 2125/1221/8
f 1741/1417/18 1739/1422/18 2136/1215/18 2137/1242/18
f 1695/1421/18 1683/1418/18 2138/1333/18 2135/1313/18
f 1750/1620/1 1696/1619/1 2205/1619/1 2206/1620/1
f 1743/1269/4 1689/1425/4 2198/1425/4 2204/1269/4
f 1682/1622/5 1755/1621/5 2208/1621/5 2207/1622/5
f 1678/1612/5 1680/1611/5 2182/1611/5 2181/1612/5
f 1740/1426/8 1744/1268/8 2203/1268/8 2197/1426/8
f 1688/1624/5 1754/1623/5 2210/1623/5 2209/1624/5
f 1681/1614/1 1679/1613/1 2184/1613/1 2183/1614/1
f 1697/1615/18 1681/1614/18 2183/1614/18 2190/1615/18
f 1752/1626/1 1690/1625/1 2211/1625/1 2212/1626/1
f 1684/1424/5 1686/1419/5 2186/1419/5 2185/1424/5
f 1679/1613/3 1699/1616/3 2189/1616/3 2184/1613/3
f 1754/1623/8 1752/1626/8 2212/1626/8 2210/1623/8
f 1687/1281/1 1685/1200/1 2188/1200/1 2187/1281/1
f 1739/1422/4 1741/1417/4 2201/1417/4 2200/1422/4
f 1690/1625/4 1688/1624/4 2209/1624/4 2211/1625/4
f 1699/1616/5 1697/1615/5 2190/1615/5 2189/1616/5
f 1683/1418/8 1695/1421/8 2199/1421/8 2202/1418/8
f 1700/1617/3 1678/1612/3 2181/1612/3 2191/1617/3
f 1698/1618/1 1700/1617/1 2191/1617/1 2192/1618/1
f 1680/1611/18 1698/1618/18 2192/1618/18 2182/1611/18
f 1693/1201/5 1691/1280/5 2194/1280/5 2193/1201/5
f 1696/1619/8 1682/1622/8 2207/1622/8 2205/1619/8
f 1692/1420/1 1694/1423/1 2195/1423/1 2196/1420/1
f 1755/1621/4 1750/1620/4 2206/1620/4 2208/1621/4
f 1863/1365/8 1870/1364/8 2256/1364/8 2253/1365/8
f 1900/1476/271 1899/1475/271 2259/1475/271 2260/1476/271
f 1834/1229/14 1833/1440/14 2245/1440/14 2246/1229/14
f 1864/1460/272 1863/1459/272 2253/1459/272 2254/1460/272
f 1845/1330/4 1840/1329/4 2248/1329/4 2249/1330/4
f 1839/1230/18 1834/1229/18 2246/1229/18 2247/1230/18
f 1852/1453/272 1851/1452/272 2251/1452/272 2252/1453/272
f 1899/1411/3 1864/1410/3 2254/1410/3 2259/1411/3
f 1833/1359/8 1852/1358/8 2252/1358/8 2245/1359/8
f 1869/1370/18 1876/1369/18 2258/1369/18 2255/1370/18
f 1846/1448/271 1845/1447/271 2249/1447/271 2250/1448/271
f 1851/1355/3 1846/1354/3 2250/1354/3 2251/1355/3
f 1876/1464/17 1875/1464/17 2257/1464/17 2258/1464/17
f 1875/1278/4 1900/1277/4 2260/1277/4 2257/1278/4
f 2351/1687/318 2338/1703/318 2339/1681/318 2359/1686/318
f 2337/1689/319 2334/1684/319 2335/1691/319 2336/1694/319
f 2354/1696/320 2340/1697/320 2341/1700/320 2362/1701/320
f 2345/1705/321 2342/1704/321 2343/1709/321 2344/1708/321
f 2347/1692/322 2355/1693/322 2363/1698/322 2346/1699/322
f 2342/1704/323 2352/1706/323 2360/1710/323 2343/1709/323
f 2356/1688/320 2337/1689/320 2336/1694/320 2364/1695/320
f 2353/1707/318 2345/1705/318 2344/1708/318 2361/1711/318
f 2338/1703/321 2348/1702/321 2349/1680/321 2339/1681/321
f 2334/1684/322 2357/1685/322 2365/1690/322 2335/1691/322
f 2340/1697/319 2347/1692/319 2346/1699/319 2341/1700/319
f 2348/1702/323 2350/1682/323 2358/1683/323 2349/1680/323
f 2407/792/8 2525/793/8 2497/794/8 2367/59/8
f 2409/795/4 2533/796/4 2491/797/4 2369/36/4
f 2489/385/8 2487/802/8 2465/803/8 2735/804/8 2736/805/8 2469/385/8
f 2490/806/4 2542/807/4 2549/808/4 2493/809/4
f 2379/27/3 2381/54/3 2369/81/3 2368/61/3
f 2538/814/18 2537/815/18 2488/816/18 2486/817/18
f 2367/76/3 2366/67/3 2380/818/3 2378/26/3
f 2389/819/3 2391/820/3 2381/54/3 2379/27/3
f 2366/70/8 2501/821/8 2526/822/8 2410/823/8
f 2383/824/3 2389/819/3 2379/27/3 2371/60/3
f 2496/825/8 2534/826/8 2541/827/8 2499/828/8
f 2479/829/172 2473/830/172 2731/831/172 2732/832/172
f 2372/833/1 2505/834/1 2530/835/1 2408/836/1
f 2680/837/173 2641/837/173 2640/838/173 2689/838/173
f 2382/839/174 2513/840/174 2509/841/174 2370/24/174
f 2411/842/1 2529/843/1 2502/844/1 2373/845/1
f 2391/820/3 2384/846/3 2372/833/3 2381/54/3
f 2368/35/4 2495/847/4 2520/848/4 2404/849/4
f 2405/850/5 2519/851/5 2506/852/5 2371/25/5
f 2584/853/8 2585/854/8 2592/854/8 2593/853/8
f 2525/793/220 2407/792/220 2406/863/220 2522/864/220
f 2380/818/3 2373/845/3 2385/865/3 2390/866/3
f 2390/866/3 2385/865/3 2384/846/3 2391/820/3
f 2370/24/5 2509/841/5 2522/867/5 2406/863/5
f 2579/868/3 2580/869/3 2589/869/3 2586/868/3
f 2384/846/178 2517/870/178 2505/834/178 2372/833/178
f 2404/163/179 2520/871/179 2519/851/179 2405/850/179
f 2370/77/3 2378/26/3 2388/872/3 2382/873/3
f 2382/873/3 2388/872/3 2389/819/3 2383/824/3
f 2378/26/3 2380/818/3 2390/866/3 2388/872/3
f 2388/872/3 2390/866/3 2391/820/3 2389/819/3
f 2371/60/3 2379/27/3 2368/61/3 2404/884/3 2405/885/3
f 2366/67/3 2410/887/3 2411/888/3 2373/845/3 2380/818/3
f 2406/893/3 2407/894/3 2367/76/3 2378/26/3 2370/77/3
f 2381/54/3 2372/833/3 2408/836/3 2409/899/3 2369/81/3
f 2369/36/4 2491/797/4 2495/847/4 2368/35/4
f 2373/845/176 2502/844/176 2514/900/176 2385/865/176
f 2367/59/8 2497/794/8 2501/821/8 2366/70/8
f 2533/796/181 2409/795/181 2408/836/181 2530/835/181
f 2529/843/180 2411/842/180 2410/823/180 2526/822/180
f 2371/25/175 2506/852/175 2510/911/175 2383/912/175
f 2537/935/172 2538/936/172 2541/827/172 2534/826/172
f 2545/940/182 2546/941/182 2549/808/182 2542/807/182
f 2670/945/197 2630/945/197 2639/946/197 2679/946/197
f 2463/950/18 2386/951/18 2783/951/18 2782/950/18
f 2478/952/198 2480/953/198 2774/953/198 2775/952/198
f 2477/954/3 2483/955/3 2753/955/3 2750/954/3
f 2487/802/18 2489/956/18 2546/957/18 2545/949/18
f 2737/958/182 2734/959/182 2475/960/182 2485/961/182
f 2730/831/18 2771/238/18 2462/238/18
f 2770/962/18 2735/239/18 2465/239/18
f 2772/963/18 2733/964/18 2467/964/18
f 2736/965/18 2773/385/18 2469/385/18
f 2762/966/199 2763/967/199 2479/829/199 2732/832/199
f 2764/968/200 2765/969/200 2731/831/200 2473/830/200
f 2766/970/201 2767/971/201 2737/958/201 2485/961/201
f 2768/972/202 2769/973/202 2475/960/202 2734/959/202
f 2765/969/203 2771/974/203 2730/831/203 2731/975/203
f 2772/963/204 2762/966/204 2732/976/204 2733/976/204
f 2763/967/205 2766/970/205 2485/977/205 2479/978/205
f 2769/973/206 2764/968/206 2473/830/206 2475/979/206
f 2734/959/207 2735/980/207 2770/962/207 2768/972/207
f 2767/971/208 2773/981/208 2736/965/208 2737/965/208
f 2471/982/5 2461/982/5 2746/982/5 2747/982/5
f 2496/825/3 2499/828/3 2417/828/3 2420/825/3
f 2505/834/209 2517/870/209 2412/870/209 2392/834/209
f 2522/867/210 2509/841/210 2394/841/210 2550/867/210
f 2549/808/5 2546/941/5 2574/941/5 2577/808/5
f 2520/848/211 2495/847/211 2424/847/211 2375/848/211
f 2509/841/332 2513/840/332 2398/840/332 2394/841/332
f 2506/852/213 2519/851/213 2376/851/213 2397/852/213
f 2545/940/1 2542/807/1 2570/807/1 2573/940/1
f 2488/816/5 2537/815/5 2565/815/5 2574/957/5 2546/957/5 2489/983/5
f 2510/911/214 2506/852/214 2397/852/214 2401/911/214
f 2533/796/215 2530/835/215 2558/835/215 2561/796/215
f 2541/827/1 2538/936/1 2566/936/1 2569/827/1
f 2513/840/216 2510/911/216 2401/911/216 2398/840/216
f 2529/843/217 2526/822/217 2554/822/217 2557/843/217
f 2537/935/5 2534/826/5 2562/826/5 2565/935/5
f 2493/809/5 2549/808/5 2577/808/5 2423/809/5
f 2514/900/218 2502/844/218 2403/844/218 2415/900/218
f 2486/238/4 2488/986/4 2467/987/4 2733/988/4 2730/989/4 2462/238/4
f 2487/802/1 2545/949/1 2573/949/1 2566/814/1 2538/814/1 2486/990/1
f 2497/794/233 2525/793/233 2553/793/233 2419/794/233
f 2501/821/234 2497/794/234 2419/794/234 2418/821/234
f 2490/806/3 2493/809/3 2423/809/3 2426/806/3
f 2530/835/235 2505/834/235 2392/834/235 2558/835/235
f 2495/847/236 2491/797/236 2425/797/236 2424/847/236
f 2491/797/237 2533/796/237 2561/796/237 2425/797/237
f 2519/851/238 2520/871/238 2375/871/238 2376/851/238
f 2534/826/5 2496/825/5 2420/825/5 2562/826/5
f 2526/822/239 2501/821/239 2418/821/239 2554/822/239
f 2499/828/1 2541/827/1 2569/827/1 2417/828/1
f 2502/844/240 2529/843/240 2557/843/240 2403/844/240
f 2517/870/241 2514/900/241 2415/900/241 2412/870/241
f 2542/807/1 2490/806/1 2426/806/1 2570/807/1
f 2525/793/242 2522/864/242 2550/864/242 2553/793/242
f 2383/912/5 2510/911/5 2579/868/5 2578/991/5
f 2510/911/5 2513/840/5 2580/869/5 2579/868/5
f 2513/840/5 2382/839/5 2581/992/5 2580/869/5
f 2382/839/5 2383/912/5 2578/991/5 2581/992/5
f 2385/865/1 2514/900/1 2583/993/1 2582/994/1
f 2514/900/1 2517/870/1 2584/853/1 2583/993/1
f 2517/870/1 2384/846/1 2585/854/1 2584/853/1
f 2384/846/1 2385/865/1 2582/994/1 2585/854/1
f 2578/991/8 2579/868/8 2586/868/8 2587/991/8
f 2585/854/18 2582/994/18 2591/994/18 2592/854/18
f 2580/869/4 2581/992/4 2588/992/4 2589/869/4
f 2581/992/18 2578/991/18 2587/991/18 2588/992/18
f 2583/993/3 2584/853/3 2593/853/3 2590/993/3
f 2582/994/4 2583/993/4 2590/993/4 2591/994/4
f 2630/945/18 2631/1029/18 2632/1030/18 2633/1031/18 2634/1032/18 2635/1033/18 2636/1034/18 2637/1035/18 2638/1036/18 2639/946/18
f 2640/838/18 2641/837/18 2642/1037/18 2643/1038/18 2644/1039/18 2645/1040/18 2646/1041/18 2647/1042/18 2648/1043/18 2649/1044/18
f 2673/1031/250 2674/1032/250 2634/1032/250 2633/1031/250
f 2687/1043/251 2688/1044/251 2649/1044/251 2648/1043/251
f 2680/837/252 2681/1037/252 2642/1037/252 2641/837/252
f 2674/1032/253 2675/1033/253 2635/1033/253 2634/1032/253
f 2688/1044/254 2689/838/254 2640/838/254 2649/1044/254
f 2681/1037/255 2682/1038/255 2643/1038/255 2642/1037/255
f 2675/1033/256 2676/1034/256 2636/1034/256 2635/1033/256
f 2682/1038/257 2683/1039/257 2644/1039/257 2643/1038/257
f 2676/1034/258 2677/1035/258 2637/1035/258 2636/1034/258
f 2670/945/254 2671/1029/254 2631/1029/254 2630/945/254
f 2683/1039/259 2684/1040/259 2645/1040/259 2644/1039/259
f 2677/1035/260 2678/1036/260 2638/1036/260 2637/1035/260
f 2684/1040/261 2685/1041/261 2646/1041/261 2645/1040/261
f 2678/1036/252 2679/946/252 2639/946/252 2638/1036/252
f 2671/1029/262 2672/1030/262 2632/1030/262 2631/1029/262
f 2685/1041/263 2686/1042/263 2647/1042/263 2646/1041/263
f 2486/238/18 2462/238/18 2771/974/18 2770/962/18 2465/239/18 2487/1045/18
f 2672/1030/264 2673/1031/264 2633/1031/264 2632/1030/264
f 2686/1042/265 2687/1043/265 2648/1043/265 2647/1042/265
f 2461/982/8 2471/982/8 2731/975/8 2730/831/8
f 2481/1070/8 2466/1071/8 2733/976/8 2732/976/8
f 2477/954/4 2464/1072/4 2735/980/4 2734/959/4
f 2468/955/4 2483/955/4 2737/965/4 2736/965/4
f 2466/1071/8 2461/982/8 2730/831/8 2733/976/8
f 2471/982/8 2481/1070/8 2732/976/8 2731/975/8
f 2464/1072/4 2468/955/4 2736/965/4 2735/980/4
f 2483/955/4 2477/954/4 2734/959/4 2737/965/4
f 2481/1070/3 2471/982/3 2747/982/3 2748/1070/3
f 2483/955/1 2468/955/1 2752/955/1 2753/955/1
f 2466/1071/1 2481/1070/1 2748/1070/1 2749/1071/1
f 2468/955/18 2464/1072/18 2751/1072/18 2752/955/18
f 2461/982/18 2466/1071/18 2749/1071/18 2746/982/18
f 2464/1072/5 2477/954/5 2750/954/5 2751/1072/5
f 2489/385/18 2469/385/18 2773/981/18 2772/963/18 2467/964/18 2488/1081/18
f 2480/953/5 2478/952/5 2763/967/5 2762/966/5
f 2472/1082/1 2470/1083/1 2765/969/1 2764/968/1
f 2484/1084/5 2482/1085/5 2767/971/5 2766/970/5
f 2476/1086/1 2474/1087/1 2769/973/1 2768/972/1
f 2478/952/5 2484/1084/5 2766/970/5 2763/967/5
f 2474/1087/1 2472/1082/1 2764/968/1 2769/973/1
f 2463/950/1 2476/1086/1 2768/972/1 2770/962/1
f 2386/951/1 2463/950/1 2770/962/1 2771/974/1
f 2387/1088/5 2460/1089/5 2772/963/5 2773/981/5
f 2470/1083/1 2386/951/1 2771/974/1 2765/969/1
f 2460/1089/5 2480/953/5 2762/966/5 2772/963/5
f 2482/1085/5 2387/1088/5 2773/981/5 2767/971/5
f 2484/1084/3 2478/952/3 2775/952/3 2778/1084/3
f 2387/1088/268 2482/1085/268 2779/1085/268 2785/1088/268
f 2470/1083/198 2472/1082/198 2776/1082/198 2777/1083/198
f 2460/1089/18 2387/1088/18 2785/1088/18 2784/1089/18
f 2472/1082/3 2474/1087/3 2781/1087/3 2776/1082/3
f 2482/1085/269 2484/1084/269 2778/1084/269 2779/1085/269
f 2386/951/270 2470/1083/270 2777/1083/270 2783/951/270
f 2476/1086/268 2463/950/268 2782/950/268 2780/1086/268
f 2474/1087/269 2476/1086/269 2780/1086/269 2781/1087/269
f 2480/953/270 2460/1089/270 2784/1089/270 2774/953/270
f 3124/1090/14 3037/1091/14 3041/1092/14 3120/1093/14
f 2810/1094/1 2809/1095/1 3013/1096/1 3019/1097/1
f 2813/1098/1 2810/1094/1 3019/1097/1 3023/1099/1
f 2814/1100/1 2813/1098/1 3023/1099/1 3027/1101/1
f 2817/1102/1 2814/1100/1 3027/1101/1 3031/1103/1
f 2818/1104/1 2817/1102/1 3031/1103/1 3035/1105/1
f 2826/1106/271 2827/1107/271 2818/1104/271 2821/1108/271
f 2821/1108/1 2818/1104/1 3035/1105/1 3039/1109/1
f 2822/1110/1 2821/1108/1 3039/1109/1 3010/1111/1
f 3047/1112/4 3119/1113/4 3122/1114/4 3055/1115/4
f 2812/1116/5 2811/1117/5 3020/1118/5 3014/1119/5
f 2823/1120/5 2812/1116/5 3014/1119/5 3017/1121/5
f 2824/1122/5 2823/1120/5 3017/1121/5 3040/1123/5
f 2811/1117/5 2816/1124/5 3024/1125/5 3020/1118/5
f 3060/1126/3 3059/1127/3 3062/1128/3 3065/1129/3
f 2816/1124/5 2815/1130/5 3028/1131/5 3024/1125/5
f 3065/1129/272 3062/1128/272 3066/1132/272 3069/1133/272
f 2815/1130/5 2820/1134/5 3032/1135/5 3028/1131/5
f 3069/1133/8 3066/1132/8 3070/1136/8 3073/1137/8
f 2820/1134/5 2819/1138/5 3036/1139/5 3032/1135/5
f 3130/1140/8 3033/1141/8 3037/1142/8 3124/1090/8
f 2819/1138/5 2824/1122/5 3040/1123/5 3036/1139/5
f 3049/1143/4 3046/1144/4 3054/1145/4 3057/1146/4
f 3057/1146/271 3054/1145/271 3059/1127/271 3060/1126/271
f 2828/1147/17 2829/1148/17 2814/1100/17 2817/1102/17
f 2830/1149/14 2831/1150/14 2810/1094/14 2813/1098/14
f 2832/1151/272 2833/1152/272 2822/1110/272 2809/1095/272
f 2812/1116/272 2823/1120/272 2825/1153/272 2840/1154/272
f 2840/1154/272 2825/1153/272 2833/1152/272 2832/1151/272
f 2839/1155/8 2840/1154/8 2832/1151/8 2831/1150/8
f 2816/1124/14 2811/1117/14 2839/1155/14 2838/1156/14
f 2838/1156/14 2839/1155/14 2831/1150/14 2830/1149/14
f 2837/1157/18 2838/1156/18 2830/1149/18 2829/1148/18
f 2820/1134/17 2815/1130/17 2837/1157/17 2836/1158/17
f 2836/1158/17 2837/1157/17 2829/1148/17 2828/1147/17
f 2835/1159/4 2836/1158/4 2828/1147/4 2827/1107/4
f 2825/1153/3 2834/1160/3 2826/1106/3 2833/1152/3
f 2824/1122/271 2819/1138/271 2835/1159/271 2834/1160/271
f 2834/1160/271 2835/1159/271 2827/1107/271 2826/1106/271
f 2867/1161/8 2866/1162/8 2809/1095/8 2810/1094/8
f 2869/1163/8 2868/1164/8 2811/1117/8 2812/1116/8
f 2906/1165/18 2904/1166/18 2813/1098/18 2814/1100/18
f 2896/1167/18 2894/1168/18 2815/1130/18 2816/1124/18
f 2871/1169/4 2870/1170/4 2817/1102/4 2818/1104/4
f 2873/1171/4 2872/1172/4 2819/1138/4 2820/1134/4
f 2898/1173/3 2909/1174/3 2821/1108/3 2822/1110/3
f 2890/1175/3 2897/1176/3 2823/1120/3 2824/1122/3
f 2897/1176/3 2882/1177/3 2825/1153/3 2823/1120/3
f 2909/1174/3 2910/1178/3 2826/1106/3 2821/1108/3
f 2881/1179/4 2871/1169/4 2818/1104/4 2827/1107/4
f 2870/1170/4 2880/1180/4 2828/1147/4 2817/1102/4
f 2905/1181/18 2906/1165/18 2814/1100/18 2829/1148/18
f 2904/1166/18 2901/1182/18 2830/1149/18 2813/1098/18
f 2877/1183/8 2867/1161/8 2810/1094/8 2831/1150/8
f 2866/1162/8 2876/1184/8 2832/1151/8 2809/1095/8
f 2911/1185/3 2898/1173/3 2822/1110/3 2833/1152/3
f 2883/1186/3 2890/1175/3 2824/1122/3 2834/1160/3
f 2872/1172/4 2879/1187/4 2835/1159/4 2819/1138/4
f 2878/1188/4 2873/1171/4 2820/1134/4 2836/1158/4
f 2894/1168/18 2889/1189/18 2837/1157/18 2815/1130/18
f 2884/1190/18 2896/1167/18 2816/1124/18 2838/1156/18
f 2868/1164/8 2875/1191/8 2839/1155/8 2811/1117/8
f 2874/1192/8 2869/1163/8 2812/1116/8 2840/1154/8
f 2875/1191/8 2874/1192/8 2840/1154/8 2839/1155/8
f 2876/1184/8 2877/1183/8 2831/1150/8 2832/1151/8
f 2889/1189/18 2884/1190/18 2838/1156/18 2837/1157/18
f 2901/1182/18 2905/1181/18 2829/1148/18 2830/1149/18
f 2879/1187/4 2878/1188/4 2836/1158/4 2835/1159/4
f 2880/1180/4 2881/1179/4 2827/1107/4 2828/1147/4
f 2882/1177/3 2883/1186/3 2834/1160/3 2825/1153/3
f 2910/1178/3 2911/1185/3 2833/1152/3 2826/1106/3
f 3245/1193/273 2841/1194/273 2916/1195/273 2915/1196/273 2883/1186/273
f 2893/1197/18 2846/1198/18 2853/1199/18 2841/1194/18
f 2793/1200/18 2801/1201/18 3304/1201/18 3299/1200/18
f 2886/1202/4 2887/1203/4 2895/1204/4 2891/1205/4
f 2885/1206/8 2888/1207/8 2892/1208/8 2850/1209/8
f 2887/1203/274 2886/1202/274 2925/1210/274 2924/1211/274 2929/1212/274 2928/1213/274
f 2843/1214/275 3247/1215/275 2889/1189/275 2932/1216/275 2937/1217/275
f 2886/1202/274 3237/1218/274 2875/1191/274 2920/1219/274 2925/1220/274
f 3236/1221/274 2887/1203/274 2928/1222/274 2927/1223/274 2874/1192/274
f 2956/1224/276 2869/1163/276 2874/1192/276 2927/1225/276
f 2844/1226/277 2845/1227/277 2943/1228/277 2942/1229/277 2947/1230/277 2946/1231/277
f 3251/1232/278 2893/1197/278 2841/1194/278 3245/1193/278
f 2853/1199/273 3244/1233/273 2882/298/273 2926/298/273 2931/1234/273
f 3241/1235/279 2885/1206/279 2850/1209/279 3234/1236/279
f 2888/1207/280 2885/1206/280 2919/1237/280 2918/1238/280 2935/1239/280 2934/1240/280
f 3237/1218/281 2886/1202/281 2891/1205/281 3230/1241/281
f 2844/1226/282 3248/1242/282 3247/1215/282 2843/1214/282
f 3258/1243/278 2912/1244/278 2865/1245/278 3256/1246/278
f 2866/1162/276 2969/1247/276 2992/1248/276 2876/1184/276
f 2913/1249/280 3233/1250/280 2871/1169/280 3004/1251/280 3009/1252/280
f 2901/1182/278 2904/1166/278 2975/1253/278 2962/1254/278
f 2906/1165/283 2905/298/283 2987/298/283 2980/1255/283
f 2908/1256/4 2899/1257/4 2902/1258/4 2861/1259/4
f 3243/1260/284 2859/1261/284 3000/1262/284 2999/1263/284 2881/1179/284
f 3255/1264/282 2857/1265/282 2907/1266/282 3253/1267/282
f 2852/1268/1 2851/1269/1 3315/1269/1 3314/1268/1
f 2907/1266/277 2855/1270/277 2967/1271/277 2966/1272/277 2989/1273/277 2988/1274/277
f 2903/1275/280 2913/1249/280 3009/1276/280 3008/1277/280 2983/1278/280 2982/1279/280
f 2799/1280/3 2795/1281/3 3298/1281/3 3305/1280/3
f 2899/1257/285 2908/1256/285 2997/1282/285 2996/1283/285 2965/1284/285 2964/1285/285
f 3238/1286/286 2908/1256/286 2861/1259/286 3228/1287/286
f 2864/1288/8 2859/1261/8 2913/1249/8 2903/1275/8
f 3242/1289/276 2864/1288/276 2903/1275/276 3232/1290/276
f 3228/1287/274 2861/1259/274 2970/1291/274 2969/1292/274 2866/1162/274
f 2978/1293/14 2977/1294/14 3366/1294/14 3367/1293/14
f 2889/1189/283 2894/1168/283 2945/1295/283 2932/1296/283
f 3229/1297/274 3228/1287/274 2866/1162/274 2867/1161/274
f 3231/1298/285 3230/1241/285 2868/1164/285 2869/1163/285
f 3233/1250/280 3232/1290/280 2870/1170/280 2871/1169/280
f 3235/1299/284 3234/1236/284 2872/1172/284 2873/1171/284
f 3237/1218/274 3236/1221/274 2874/1192/274 2875/1191/274
f 3238/1286/285 3239/1300/285 2877/1183/285 2876/1184/285
f 3241/1235/280 3240/1301/280 2878/1188/280 2879/1187/280
f 3242/1289/284 3243/1260/284 2881/1179/284 2880/1180/284
f 3244/1233/273 3245/1193/273 2883/1186/273 2882/298/273
f 2841/1194/273 2853/1199/273 2931/1302/273 2930/1303/273 2917/1304/273 2916/1305/273
f 2842/1306/275 2843/1214/275 2937/1217/275 2936/1307/275 2923/1308/275 2922/1309/275
f 2926/298/282 2882/298/282 2897/1176/282 2957/1310/282
f 2878/1188/286 2933/1311/286 2944/1312/286 2873/1171/286
f 3246/1313/275 2842/1306/275 2922/1314/275 2921/1315/275 2884/1190/275
f 2868/1164/279 2939/1316/279 2920/1317/279 2875/1191/279
f 3247/1215/275 3246/1313/275 2884/1190/275 2889/1189/275
f 2879/1187/281 2872/1172/281 2951/1318/281 2914/1319/281
f 3240/1301/280 2888/1207/280 2934/1320/280 2933/1321/280 2878/1188/280
f 2896/1167/278 2884/1190/278 2921/1322/278 2938/1323/278
f 3230/1241/285 2891/1205/285 2940/1324/285 2939/1325/285 2868/1164/285
f 2948/1326/17 2947/1327/17 3358/1327/17 3359/1326/17
f 2850/1209/284 2892/1208/284 2949/1328/284 2948/1329/284 2953/1330/284 2952/1331/284
f 3234/1236/284 2850/1209/284 2952/1331/284 2951/1332/284 2872/1172/284
f 2845/1227/277 3249/1333/277 2896/1167/277 2938/1334/277 2943/1335/277
f 3248/1242/277 2844/1226/277 2946/1336/277 2945/1337/277 2894/1168/277
f 2893/1197/287 3251/1232/287 2890/1175/287 2950/1338/287 2955/1339/287
f 3250/1340/287 2846/1198/287 2958/1341/287 2957/1342/287 2897/1176/287
f 2929/1212/5 2930/1343/5 2917/1344/5 2918/1345/5 2935/1239/5 2936/1346/5 2923/1347/5 2924/1348/5
f 2883/1186/288 2915/1349/288 2950/1350/288 2890/1175/288
f 3249/1333/277 3248/1242/277 2894/1168/277 2896/1167/277
f 3251/1232/287 3250/1340/287 2897/1176/287 2890/1175/287
f 2892/1208/284 3235/1299/284 2873/1171/284 2944/1351/284 2949/1328/284
f 3239/1300/285 2899/1257/285 2964/1285/285 2963/1352/285 2877/1183/285
f 2846/1198/287 2893/1197/287 2955/1353/287 2954/1354/287 2959/1355/287 2958/1341/287
f 2895/1204/285 3231/1298/285 2869/1163/285 2956/1356/285 2961/1357/285
f 2891/1205/285 2895/1204/285 2961/1357/285 2960/1358/285 2941/1359/285 2940/1360/285
f 2974/1361/279 2867/1161/279 2877/1183/279 2963/1362/279
f 2861/1259/274 2902/1258/274 2979/1363/274 2978/1364/274 2971/1365/274 2970/1366/274
f 2856/1367/275 2857/1265/275 2985/1368/275 2984/1369/275 2977/1370/275 2976/1371/275
f 2880/1180/286 2870/1170/286 2981/1372/286 2986/1373/286
f 2900/1374/273 3257/1375/273 2898/1173/273 2968/1376/273 2973/1377/273
f 3232/1290/280 2903/1275/280 2982/1279/280 2981/1378/280 2870/1170/280
f 2859/1261/284 2864/1288/284 2991/1379/284 2990/1380/284 3001/1381/284 3000/1382/284
f 3252/1383/277 3253/1267/277 2905/298/277 2901/1182/277
f 3001/1384/1 3002/1385/1 2995/1386/1 2996/1387/1 2965/1284/1 2966/1272/1 2989/1388/1 2990/1389/1
f 2855/1270/277 3252/1383/277 2901/1182/277 2962/1390/277 2967/1271/277
f 2854/1391/287 2912/1244/287 3003/1392/287 3002/1393/287 2995/1394/287 2994/1395/287
f 2908/1256/285 3238/1286/285 2876/1184/285 2992/1396/285 2997/1397/285
f 3254/1398/275 2856/1367/275 2976/1399/275 2975/1400/275 2904/1166/275
f 3255/1264/275 3254/1398/275 2904/1166/275 2906/1165/275
f 3257/1375/273 3256/1246/273 2909/1174/273 2898/1173/273
f 3258/1243/287 3259/1401/287 2911/1185/287 2910/1178/287
f 3259/1401/287 2854/1391/287 2994/1395/287 2993/1402/287 2911/1185/287
f 2871/1169/281 2881/1179/281 2999/1403/281 3004/1404/281
f 2998/1405/288 2910/1178/288 2909/1174/288 3005/1406/288
f 2968/1407/282 2898/1173/282 2911/1185/282 2993/1402/282
f 3256/1246/273 2865/1245/273 3006/1408/273 3005/1409/273 2909/1174/273
f 2865/1245/273 2900/1374/273 2973/1377/273 2972/1410/273 3007/1411/273 3006/1412/273
f 2857/1265/275 3255/1264/275 2906/1165/275 2980/1413/275 2985/1368/275
f 3253/1267/277 2907/1266/277 2988/1414/277 2987/298/277 2905/298/277
f 2864/1288/284 3242/1289/284 2880/1180/284 2986/1415/284 2991/1379/284
f 2912/1244/287 3258/1243/287 2910/1178/287 2998/1405/287 3003/1392/287
f 2902/1258/274 3229/1297/274 2867/1161/274 2974/1416/274 2979/1363/274
f 2912/1244/18 2854/1391/18 2900/1374/18 2865/1245/18
f 2854/1391/283 3259/1401/283 3257/1375/283 2900/1374/283
f 2899/1257/281 3239/1300/281 3229/1297/281 2902/1258/281
f 2849/1417/1 2791/1418/1 3313/1418/1 3312/1417/1
f 2857/1265/3 2856/1367/3 2855/1270/3 2907/1266/3
f 2856/1367/288 3254/1398/288 3252/1383/288 2855/1270/288
f 2859/1261/279 3243/1260/279 3233/1250/279 2913/1249/279
f 2794/1419/289 2800/1420/289 3307/1420/289 3297/1419/289
f 2888/1207/276 3240/1301/276 3235/1299/276 2892/1208/276
f 2803/1421/5 2847/1422/5 3311/1422/5 3310/1421/5
f 2846/1198/283 3250/1340/283 3244/1233/283 2853/1199/283
f 2802/1423/18 2792/1424/18 3296/1424/18 3306/1423/18
f 2887/1203/286 3236/1221/286 3231/1298/286 2895/1204/286
f 2797/1425/5 2848/1426/5 3308/1426/5 3309/1425/5
f 3249/1333/288 2845/1227/288 2842/1306/288 3246/1313/288
f 2845/1227/3 2844/1226/3 2843/1214/3 2842/1306/3
f 2914/1427/290 2915/1196/290 2916/1428/290 2917/1429/290 2918/1430/290 2919/1430/290
f 2920/1431/291 2921/1315/291 2922/1432/291 2923/1433/291 2924/1434/291 2925/1434/291
f 2926/298/292 2927/298/292 2928/298/292 2929/298/292 2930/298/292 2931/298/292
f 2932/1435/293 2933/1311/293 2934/1436/293 2935/1437/293 2936/1437/293 2937/1437/293
f 2938/1438/294 2939/1438/294 2940/1439/294 2941/1440/294 2942/1229/294 2943/1441/294
f 2944/1442/295 2945/1442/295 2946/1443/295 2947/1327/295 2948/1326/295 2949/1444/295
f 2950/1445/296 2951/1445/296 2952/1446/296 2953/1447/296 2954/1448/296 2955/1449/296
f 2956/1450/297 2957/1450/297 2958/1451/297 2959/1452/297 2960/1453/297 2961/1454/297
f 2962/1254/294 2963/1455/294 2964/1456/294 2965/1456/294 2966/1456/294 2967/1457/294
f 2968/1458/292 2969/1247/292 2970/1291/292 2971/1459/292 2972/1460/292 2973/1460/292
f 2974/1461/291 2975/1400/291 2976/1399/291 2977/1294/291 2978/1293/291 2979/1293/291
f 2980/1462/293 2981/1372/293 2982/1463/293 2983/1464/293 2984/1464/293 2985/1464/293
f 2986/1373/295 2987/1465/295 2988/1466/295 2989/1466/295 2990/1466/295 2991/1467/295
f 2992/1468/297 2993/1402/297 2994/1469/297 2995/1470/297 2996/1470/297 2997/1470/297
f 2998/1471/296 2999/1403/296 3000/1472/296 3001/1473/296 3002/1473/296 3003/1473/296
f 3004/1474/290 3005/1409/290 3006/1408/290 3007/1475/290 3008/1476/290 3009/1476/290
f 2944/1312/272 2933/1311/272 2932/1437/272 2945/1442/272
f 2920/1434/271 2939/1438/271 2938/1323/271 2921/1322/271
f 2950/1350/14 2915/1349/14 2914/1319/14 2951/1318/14
f 2956/1477/17 2927/298/17 2926/298/17 2957/1310/17
f 2974/1361/271 2963/1362/271 2962/1254/271 2975/1253/271
f 2998/1473/14 3005/1476/14 3004/1404/14 2999/1403/14
f 2992/1470/17 2969/1478/17 2968/1407/17 2993/1402/17
f 2986/1373/272 2981/1372/272 2980/1464/272 2987/1466/272
f 2885/1206/280 3241/1235/280 2879/1187/280 2914/1479/280 2919/1237/280
f 3011/1480/298 3012/1481/298 3013/1096/298 3010/1111/298
f 3015/1482/299 3016/1483/299 3017/1121/299 3014/1119/299
f 3012/1481/6 3018/1484/6 3019/1097/6 3013/1096/6
f 3021/1485/2 3015/1482/2 3014/1119/2 3020/1118/2
f 3018/1484/300 3022/1486/300 3023/1099/300 3019/1097/300
f 3025/1487/301 3021/1485/301 3020/1118/301 3024/1125/301
f 3022/1486/302 3026/1488/302 3027/1101/302 3023/1099/302
f 3029/1489/303 3025/1487/303 3024/1125/303 3028/1131/303
f 3026/1488/304 3030/1490/304 3031/1103/304 3027/1101/304
f 3033/1491/305 3029/1489/305 3028/1131/305 3032/1135/305
f 3030/1490/9 3034/1492/9 3035/1105/9 3031/1103/9
f 3037/1493/7 3033/1491/7 3032/1135/7 3036/1139/7
f 3034/1492/306 3038/1494/306 3039/1109/306 3035/1105/306
f 3041/1495/307 3037/1493/307 3036/1139/307 3040/1123/307
f 3038/1494/16 3011/1480/16 3010/1111/16 3039/1109/16
f 3016/1483/15 3041/1495/15 3040/1123/15 3017/1121/15
f 2809/1095/1 2822/1110/1 3010/1111/1 3013/1096/1
f 3063/1496/272 3128/1497/272 3131/1498/272 3067/1499/272
f 3146/1500/8 3068/1501/8 3072/1502/8 3140/1503/8
f 3011/1504/17 3135/1505/17 3137/1506/17 3012/1507/17
f 3018/1508/271 3139/1509/271 3142/1510/271 3022/1511/271
f 3073/1137/14 3070/1136/14 3053/1512/14 3050/1513/14
f 3071/1514/14 3125/1515/14 3121/1516/14 3052/1517/14
f 3030/1518/8 3147/1519/8 3141/1520/8 3034/1521/8
f 3067/1522/8 3131/1498/8 3125/1515/8 3071/1514/8
f 3133/1525/18 3051/1526/18 3042/1527/18 3134/1528/18
f 3026/1529/272 3145/1530/272 3147/1519/272 3030/1518/272
f 3050/1513/18 3053/1512/18 3044/1531/18 3043/1532/18
f 3012/1507/4 3137/1533/4 3139/1509/4 3018/1508/4
f 3043/1534/17 3044/1535/17 3046/1144/17 3049/1143/17
f 3052/1536/18 3121/1516/18 3116/1537/18 3045/1538/18
f 3034/1521/14 3141/1520/14 3132/1545/14 3038/1546/14
f 3120/1093/18 3041/1550/18 3016/1551/18 3117/1552/18
f 3129/1553/272 3029/1554/272 3033/1555/272 3130/1140/272
f 3058/1548/3 3126/1556/3 3128/1497/3 3063/1496/3
f 3055/1115/271 3122/1114/271 3126/1556/271 3058/1539/271
f 3127/1557/3 3025/1558/3 3029/1559/3 3129/1553/3
f 3123/1560/271 3021/1561/271 3025/1562/271 3127/1557/271
f 3045/1544/17 3116/1563/17 3119/1113/17 3047/1112/17
f 3118/1564/4 3015/1565/4 3021/1566/4 3123/1560/4
f 3140/1503/14 3072/1540/14 3051/1526/14 3133/1525/14
f 3134/1567/17 3042/1549/17 3048/1547/17 3136/1568/17
f 3143/1569/3 3061/1542/3 3064/1541/3 3144/1570/3
f 3144/1570/272 3064/1541/272 3068/1501/272 3146/1500/272
f 3022/1511/3 3142/1510/3 3145/1530/3 3026/1529/3
f 3136/1568/4 3048/1547/4 3056/1543/4 3138/1571/4
f 3038/1546/18 3132/1545/18 3135/1572/18 3011/1573/18
f 3138/1571/271 3056/1543/271 3061/1542/271 3143/1569/271
f 3144/1570/1 3146/1500/1 3158/1500/1 3156/1570/1
f 3130/1140/1 3124/1090/1 3107/1090/1 3109/1140/1
f 3116/1537/5 3121/1516/5 3174/1516/5 3192/1537/5
f 3145/1530/5 3142/1510/5 3168/1510/5 3173/1530/5
f 3131/1498/5 3128/1497/5 3167/1497/5 3176/1498/5
f 3142/1510/5 3139/1509/5 3169/1509/5 3168/1510/5
f 3120/1093/1 3117/1552/1 3180/1552/1 3105/1093/1
f 3138/1571/1 3143/1569/1 3155/1569/1 3182/1571/1
f 3126/1556/5 3122/1114/5 3164/1114/5 3166/1556/5
f 3143/1569/1 3144/1570/1 3156/1570/1 3155/1569/1
f 3129/1553/1 3130/1140/1 3109/1140/1 3110/1553/1
f 3132/1545/5 3141/1520/5 3171/1520/5 3185/1545/5
f 3123/1560/1 3127/1557/1 3190/1557/1 3189/1560/1
f 3140/1503/1 3133/1525/1 3179/1525/1 3160/1503/1
f 3137/1506/5 3135/1505/5 3184/1505/5 3170/1506/5
f 3119/1113/5 3116/1563/5 3192/1563/5 3165/1113/5
f 3117/1574/17 3016/1575/17 3015/1576/17 3118/1564/17
f 3118/1564/1 3123/1560/1 3189/1560/1 3181/1564/1
f 3122/1114/5 3119/1113/5 3165/1113/5 3164/1114/5
f 3125/1515/5 3131/1498/5 3176/1498/5 3175/1515/5
f 3147/1519/5 3145/1530/5 3173/1530/5 3172/1519/5
f 3124/1090/1 3120/1093/1 3105/1093/1 3107/1090/1
f 3146/1500/1 3140/1503/1 3160/1503/1 3158/1500/1
f 3133/1525/1 3134/1528/1 3177/1528/1 3179/1525/1
f 3121/1516/5 3125/1515/5 3175/1515/5 3174/1516/5
f 3141/1520/5 3147/1519/5 3172/1519/5 3171/1520/5
f 3135/1572/5 3132/1545/5 3185/1545/5 3184/1572/5
f 3136/1568/1 3138/1571/1 3182/1571/1 3178/1568/1
f 3117/1574/1 3118/1564/1 3181/1564/1 3180/1574/1
f 3134/1567/1 3136/1568/1 3178/1568/1 3177/1567/1
f 3127/1557/1 3129/1553/1 3110/1553/1 3190/1557/1
f 3128/1497/5 3126/1556/5 3166/1556/5 3167/1497/5
f 3139/1509/5 3137/1533/5 3170/1533/5 3169/1509/5
f 2788/1611/8 2786/1612/8 3228/1287/8 3229/1297/8
f 2787/1613/8 2789/1614/8 3230/1241/8 3231/1298/8
f 2794/1419/4 2792/1424/4 3232/1290/4 3233/1250/4
f 2793/1200/4 2795/1281/4 3234/1236/4 3235/1299/4
f 2805/1615/8 2807/1616/8 3236/1221/8 3237/1218/8
f 2808/1617/8 2806/1618/8 3239/1300/8 3238/1286/8
f 2799/1280/4 2801/1201/4 3240/1301/4 3241/1235/4
f 2802/1423/4 2800/1420/4 3243/1260/4 3242/1289/4
f 2848/1426/3 2797/1425/3 3245/1193/3 3244/1233/3
f 2847/1422/18 2803/1421/18 3246/1313/18 3247/1215/18
f 2791/1418/18 2849/1417/18 3248/1242/18 3249/1333/18
f 2851/1269/3 2852/1268/3 3250/1340/3 3251/1232/3
f 2804/1619/18 2858/1620/18 3253/1267/18 3252/1383/18
f 2863/1621/18 2790/1622/18 3254/1398/18 3255/1264/18
f 2862/1623/3 2796/1624/3 3256/1246/3 3257/1375/3
f 2798/1625/3 2860/1626/3 3259/1401/3 3258/1243/3
f 2860/1626/3 2862/1623/3 3257/1375/3 3259/1401/3
f 2796/1624/3 2798/1625/3 3258/1243/3 3256/1246/3
f 2786/1612/8 2808/1617/8 3238/1286/8 3228/1287/8
f 2806/1618/8 2788/1611/8 3229/1297/8 3239/1300/8
f 2790/1622/18 2804/1619/18 3252/1383/18 3254/1398/18
f 2858/1620/18 2863/1621/18 3255/1264/18 3253/1267/18
f 2792/1424/4 2802/1423/4 3242/1289/4 3232/1290/4
f 2800/1420/4 2794/1419/4 3233/1250/4 3243/1260/4
f 2795/1281/4 2799/1280/4 3241/1235/4 3234/1236/4
f 2801/1201/4 2793/1200/4 3235/1299/4 3240/1301/4
f 2797/1425/3 2851/1269/3 3251/1232/3 3245/1193/3
f 2852/1268/3 2848/1426/3 3244/1233/3 3250/1340/3
f 2789/1614/8 2805/1615/8 3237/1218/8 3230/1241/8
f 2807/1616/8 2787/1613/8 3231/1298/8 3236/1221/8
f 2849/1417/18 2847/1422/18 3247/1215/18 3248/1242/18
f 2803/1421/18 2791/1418/18 3249/1333/18 3246/1313/18
f 2858/1620/1 2804/1619/1 3316/1619/1 3317/1620/1
f 2851/1269/4 2797/1425/4 3309/1425/4 3315/1269/4
f 2790/1622/5 2863/1621/5 3319/1621/5 3318/1622/5
f 2786/1612/5 2788/1611/5 3293/1611/5 3292/1612/5
f 2848/1426/8 2852/1268/8 3314/1268/8 3308/1426/8
f 2796/1624/5 2862/1623/5 3321/1623/5 3320/1624/5
f 2789/1614/1 2787/1613/1 3295/1613/1 3294/1614/1
f 2805/1615/18 2789/1614/18 3294/1614/18 3301/1615/18
f 2860/1626/1 2798/1625/1 3322/1625/1 3323/1626/1
f 2792/1424/5 2794/1419/5 3297/1419/5 3296/1424/5
f 2787/1613/3 2807/1616/3 3300/1616/3 3295/1613/3
f 2862/1623/8 2860/1626/8 3323/1626/8 3321/1623/8
f 2795/1281/1 2793/1200/1 3299/1200/1 3298/1281/1
f 2847/1422/4 2849/1417/4 3312/1417/4 3311/1422/4
f 2798/1625/4 2796/1624/4 3320/1624/4 3322/1625/4
f 2807/1616/5 2805/1615/5 3301/1615/5 3300/1616/5
f 2791/1418/8 2803/1421/8 3310/1421/8 3313/1418/8
f 2808/1617/3 2786/1612/3 3292/1612/3 3302/1617/3
f 2806/1618/1 2808/1617/1 3302/1617/1 3303/1618/1
f 2788/1611/18 2806/1618/18 3303/1618/18 3293/1611/18
f 2801/1201/5 2799/1280/5 3305/1280/5 3304/1201/5
f 2804/1619/8 2790/1622/8 3318/1622/8 3316/1619/8
f 2800/1420/1 2802/1423/1 3306/1423/1 3307/1420/1
f 2863/1621/4 2858/1620/4 3317/1620/4 3319/1621/4
f 2971/1365/8 2978/1364/8 3367/1364/8 3364/1365/8
f 3008/1476/271 3007/1475/271 3370/1475/271 3371/1476/271
f 2942/1229/14 2941/1440/14 3356/1440/14 3357/1229/14
f 2972/1460/272 2971/1459/272 3364/1459/272 3365/1460/272
f 2953/1330/4 2948/1329/4 3359/1329/4 3360/1330/4
f 2947/1230/18 2942/1229/18 3357/1229/18 3358/1230/18
f 2960/1453/272 2959/1452/272 3362/1452/272 3363/1453/272
f 3007/1411/3 2972/1410/3 3365/1410/3 3370/1411/3
f 2941/1359/8 2960/1358/8 3363/1358/8 3356/1359/8
f 2977/1370/18 2984/1369/18 3369/1369/18 3366/1370/18
f 2954/1448/271 2953/1447/271 3360/1447/271 3361/1448/271
f 2959/1355/3 2954/1354/3 3361/1354/3 3362/1355/3
f 2984/1464/17 2983/1464/17 3368/1464/17 3369/1464/17
f 2983/1278/4 3008/1277/4 3371/1277/4 3368/1278/4
f 3459/1687/318 3446/1703/318 3447/1681/318 3467/1686/318
f 3445/1689/319 3442/1684/319 3443/1691/319 3444/1694/319
f 3462/1696/320 3448/1697/320 3449/1700/320 3470/1701/320
f 3453/1705/321 3450/1704/321 3451/1709/321 3452/1708/321
f 3455/1692/322 3463/1693/322 3471/1698/322 3454/1699/322
f 3450/1704/323 3460/1706/323 3468/1710/323 3451/1709/323
f 3464/1688/320 3445/1689/320 3444/1694/320 3472/1695/320
f 3461/1707/318 3453/1705/318 3452/1708/318 3469/1711/318
f 3446/1703/321 3456/1702/321 3457/1680/321 3447/1681/321
f 3442/1684/322 3465/1685/322 3473/1690/322 3443/1691/322
f 3448/1697/319 3455/1692/319 3454/1699/319 3449/1700/319
f 3456/1702/323 3458/1682/323 3466/1683/323 3457/1680/323
f 1377/961/18 1367/960/18 1365/830/18 1371/829/18
f 2485/961/18 2475/960/18 2473/830/18 2479/829/18
usemtl M_Noir_Profond
f 417/234/18 418/235/18 148/236/18 142/237/18 135/238/18 133/239/18 144/240/18 147/241/18 419/242/18 420/243/18
f 138/354/18 135/238/18 142/237/18 150/184/18 151/185/18
f 157/325/18 156/326/18 139/353/18 137/384/18 136/358/18
f 154/214/18 144/240/18 133/239/18 134/179/18 159/180/18
f 427/311/18 428/379/18 423/380/18 424/329/18 160/330/18 134/355/18 133/239/18 141/385/18 140/267/18 158/268/18
f 135/238/18 137/384/18 141/385/18 133/239/18
f 152/174/18 153/175/18 140/267/18 141/385/18 143/327/18
f 413/270/18 414/316/18 415/315/18 416/232/18 149/233/18 143/327/18 141/385/18 137/384/18 139/353/18 146/269/18
f 421/376/18 422/160/18 425/159/18 426/386/18 155/370/18 136/369/18 137/384/18 135/238/18 138/356/18 145/357/18
f 431/441/8 567/147/8 568/23/8 582/170/8 581/152/8 429/418/8 430/415/8 432/416/8
f 435/442/4 569/158/4 570/218/4 584/29/4 583/155/4 433/414/4 434/413/4 436/255/4
f 450/271/92 576/39/92 577/157/92 451/437/92 452/258/92 448/409/92 445/410/92 586/156/92 585/181/92 446/183/92 447/210/92 449/213/92
f 455/431/1 571/151/1 572/71/1 500/58/1 499/112/1 453/432/1 454/435/1 1164/443/1 456/428/1
f 459/423/5 538/17/5 537/34/5 1165/439/5 502/32/5 501/167/5 457/424/5 458/427/5 460/420/5
f 466/342/93 496/344/93 495/16/93 467/422/93 468/421/93 464/426/93 461/425/93 536/168/93 535/171/93 462/173/93 463/202/93 465/205/93
f 474/348/94 574/350/94 575/4/94 475/430/94 476/429/94 472/434/94 469/433/94 580/111/94 579/215/94 470/217/94 471/198/94 473/201/94
f 494/16/95 495/16/95 496/15/95 493/14/95
f 498/112/4 499/112/4 500/58/4 497/58/4
f 502/32/8 503/32/8 504/167/8 501/169/8
f 506/165/7 507/164/7 508/49/7 505/52/7
f 510/91/9 511/90/9 512/57/9 509/102/9
f 514/6/6 515/87/6 516/106/6 513/72/6
f 518/95/2 519/94/2 520/103/2 517/105/2
f 505/52/8 521/152/8 522/170/8 506/224/8
f 524/17/5 508/226/5 507/149/5 523/34/5
f 526/147/8 510/419/8 509/102/8 525/23/8
f 511/110/1 498/112/1 497/58/1 512/57/1
f 528/158/4 518/417/4 517/223/4 527/218/4
f 519/94/5 504/169/5 503/32/5 520/103/5
f 530/3/1 514/6/1 513/72/1 529/71/1
f 515/87/4 531/155/4 532/29/4 516/219/4
f 534/143/96 535/144/96 536/168/96 533/168/96
f 538/17/4 524/17/4 523/34/4 537/34/4
f 540/86/6 541/88/6 542/45/6 539/44/6
f 544/93/2 545/96/2 546/9/2 543/8/2
f 548/89/9 549/92/9 550/99/9 547/98/9
f 552/222/8 550/99/8 549/92/8 551/148/8
f 554/230/1 542/45/1 541/5/1 553/4/1
f 556/64/8 557/66/8 558/154/8 555/51/8
f 539/44/4 559/82/4 560/156/4 540/86/4
f 562/38/4 546/9/4 545/96/4 561/157/4
f 547/98/1 563/30/1 564/111/1 548/89/1
f 566/145/7 556/64/7 555/51/7 565/50/7
f 543/8/5 534/143/5 533/168/5 544/93/5
f 493/14/5 566/109/5 565/225/5 494/16/5
f 571/3/8 530/151/8 529/71/8 572/71/8
f 563/30/97 579/31/97 580/111/97 564/111/97
f 525/23/5 568/23/5 567/147/5 526/147/5
f 442/260/98 573/42/98 552/41/98 551/146/98 644/146/98 1170/146/98 1171/444/98 443/444/98 444/411/98 440/412/98 437/445/98 1178/445/98 1179/154/98 645/153/98 558/153/98 557/18/98 578/176/98 438/178/98 439/206/98 441/209/98
f 574/231/99 554/230/99 553/4/99 575/4/99
f 582/170/1 522/170/1 521/152/1 581/152/1
f 531/155/5 583/155/5 584/29/5 532/29/5
f 586/156/100 560/156/100 559/82/100 585/83/100
f 569/158/1 528/158/1 527/218/1 570/218/1
f 576/39/101 562/38/101 561/157/101 577/157/101
f 448/409/4 434/413/4 433/414/4 445/410/4
f 451/437/4 435/442/4 436/255/4 452/258/4
f 440/412/8 430/415/8 429/418/8 437/445/8
f 443/444/8 431/441/8 432/416/8 444/411/8
f 588/266/26 589/211/26 590/182/26 587/245/26
f 592/360/26 593/272/26 594/212/26 591/265/26
f 596/263/25 597/207/25 598/177/25 595/246/25
f 600/363/25 601/261/25 602/208/25 599/264/25
f 485/376/5 603/375/5 604/160/5 486/160/5
f 597/207/20 439/206/20 438/178/20 598/177/20
f 601/261/20 442/260/20 441/209/20 602/208/20
f 489/159/5 605/328/5 606/386/5 490/377/5
f 589/211/21 447/210/21 446/183/21 590/182/21
f 593/272/21 450/271/21 449/213/21 594/212/21
f 481/234/102 607/234/102 608/235/102 482/235/102
f 477/270/29 609/270/29 610/316/29 478/316/29
f 479/315/103 611/315/103 612/232/103 480/232/103
f 472/434/1 454/435/1 453/432/1 469/433/1
f 475/430/1 455/431/1 456/428/1 476/429/1
f 464/426/5 458/427/5 457/424/5 461/425/5
f 467/422/5 459/423/5 460/420/5 468/421/5
f 614/345/34 615/203/34 616/332/34 613/331/34
f 618/333/34 619/334/34 620/347/34 617/346/34
f 622/351/35 623/199/35 624/336/35 621/335/35
f 626/361/35 627/362/35 628/200/35 625/352/35
f 615/203/19 463/202/19 462/173/19 616/172/19
f 619/343/19 466/342/19 465/205/19 620/204/19
f 623/199/22 471/198/22 470/217/22 624/216/22
f 627/349/22 474/348/22 473/201/22 628/200/22
f 630/243/49 484/243/49 483/242/49 629/242/49
f 491/311/1 631/311/1 632/379/1 492/381/1
f 634/329/1 488/329/1 487/380/1 633/380/1
f 625/161/18 604/160/18 603/376/18 626/387/18
f 599/317/40 610/316/40 609/270/40 600/390/40
f 591/265/41 630/243/41 629/242/41 592/360/41
f 611/315/41 596/318/41 595/366/41 612/365/41
f 607/234/40 588/266/40 587/367/40 608/235/40
f 617/388/18 632/381/18 631/311/18 618/312/18
f 605/159/18 622/162/18 621/378/18 606/377/18
f 633/380/18 614/389/18 613/382/18 634/329/18
f 414/448/108 413/270/108 477/270/108 478/448/108
f 416/449/109 415/315/109 479/315/109 480/449/109
f 418/450/108 417/234/108 481/234/108 482/450/108
f 420/451/109 419/242/109 483/242/109 484/451/109
f 422/452/18 421/376/18 485/376/18 486/452/18
f 424/453/18 423/380/18 487/380/18 488/453/18
f 426/454/18 425/159/18 489/159/18 490/454/18
f 428/455/18 427/311/18 491/311/18 492/455/18
f 662/466/3 661/467/3 693/467/3 694/466/3
f 651/468/1 662/466/1 694/466/1 683/468/1
f 660/469/3 659/470/3 691/470/3 692/469/3
f 665/471/1 656/472/1 688/472/1 697/471/1
f 651/468/8 652/473/8 668/85/8 667/457/8
f 653/474/8 654/475/8 670/458/8 669/1/8
f 655/476/4 656/472/4 672/460/4 671/459/4
f 657/477/4 658/478/4 674/462/4 673/461/4
f 659/470/8 660/469/8 676/2/8 675/463/8
f 661/467/8 662/466/8 678/107/8 677/84/8
f 663/479/4 664/480/4 680/11/4 679/12/4
f 665/471/4 666/481/4 682/465/4 681/464/4
f 664/480/4 657/477/4 673/461/4 680/11/4
f 658/478/4 663/479/4 679/12/4 674/462/4
f 666/481/4 655/476/4 671/459/4 682/465/4
f 656/472/4 665/471/4 681/464/4 672/460/4
f 662/466/8 651/468/8 667/457/8 678/107/8
f 652/473/8 661/467/8 677/84/8 668/85/8
f 660/469/8 653/474/8 669/1/8 676/2/8
f 654/475/8 659/470/8 675/463/8 670/458/8
f 661/467/5 652/473/5 684/473/5 693/467/5
f 664/480/3 663/479/3 695/479/3 696/480/3
f 653/474/1 660/469/1 692/469/1 685/474/1
f 666/481/3 665/471/3 697/471/3 698/481/3
f 652/473/18 651/468/18 683/468/18 684/473/18
f 659/470/5 654/475/5 686/475/5 691/470/5
f 657/477/5 664/480/5 696/480/5 689/477/5
f 654/475/18 653/474/18 685/474/18 686/475/18
f 663/479/1 658/478/1 690/478/1 695/479/1
f 656/472/18 655/476/18 687/476/18 688/472/18
f 655/476/5 666/481/5 698/481/5 687/476/5
f 658/478/18 657/477/18 689/477/18 690/478/18
f 766/492/3 761/493/3 787/493/3 799/494/3 788/492/3
f 728/495/5 763/496/5 764/497/5 725/498/5 741/488/5 744/491/5
f 720/499/5 761/493/5 762/500/5 717/501/5 733/482/5 736/485/5
f 715/502/1 716/503/1 732/197/1 731/337/1
f 717/501/5 718/504/5 734/483/5 733/482/5
f 719/505/5 720/499/5 736/485/5 735/484/5
f 721/506/1 722/507/1 738/486/1 737/196/1
f 723/508/1 724/509/1 740/195/1 739/487/1
f 725/498/5 726/510/5 742/489/5 741/488/5
f 727/511/5 728/495/5 744/491/5 743/490/5
f 729/512/1 730/513/1 746/340/1 745/194/1
f 720/499/18 719/505/18 750/505/18 801/514/18 749/499/18
f 723/508/8 768/515/8 782/515/8 771/508/8
f 718/504/3 717/501/3 752/501/3 751/504/3
f 755/516/4 724/509/4 772/509/4 781/516/4
f 718/504/5 765/517/5 766/492/5 719/505/5 735/484/5 734/483/5
f 730/513/1 767/518/1 768/515/1 723/508/1 739/487/1 746/340/1
f 716/503/1 769/519/1 770/520/1 721/506/1 737/196/1 732/197/1
f 724/509/1 755/516/1 756/523/1 729/512/1 745/194/1 740/195/1
f 726/510/5 759/524/5 760/525/5 727/511/5 743/490/5 742/489/5
f 764/526/18 759/527/18 785/527/18 786/526/18
f 765/517/8 718/504/8 751/504/8 789/517/8
f 722/507/1 757/528/1 758/529/1 715/502/1 731/337/1 738/486/1
f 767/518/1 756/523/1 755/530/1 768/531/1
f 763/496/5 760/525/5 759/527/5 764/526/5
f 761/493/5 766/492/5 765/532/5 762/533/5
f 757/528/1 770/520/1 769/534/1 758/535/1
f 716/503/3 715/502/3 754/502/3 753/503/3
f 757/528/8 722/507/8 747/507/8 805/545/8 791/528/8
f 722/507/18 721/506/18 748/506/18 798/546/18 747/507/18
f 715/502/8 758/529/8 794/529/8 754/502/8
f 724/509/3 723/508/3 771/508/3 772/509/3
f 762/533/18 765/532/18 789/532/18 790/533/18
f 721/506/4 770/520/4 792/520/4 806/547/4 748/506/4
f 726/510/3 725/498/3 773/498/3 774/510/3
f 769/519/4 716/503/4 753/503/4 793/519/4
f 728/495/18 727/511/18 775/511/18 800/548/18 776/495/18
f 770/520/3 757/528/3 791/528/3 804/549/3 792/520/3
f 763/496/4 728/495/4 776/495/4 807/550/4 783/496/4
f 730/513/18 729/512/18 777/512/18 797/551/18 778/513/18
f 756/523/3 767/518/3 779/518/3 803/552/3 780/523/3
f 727/511/8 760/525/8 784/525/8 808/553/8 775/511/8
f 758/535/18 769/534/18 793/534/18 794/535/18
f 759/524/8 726/510/8 774/510/8 785/524/8
f 767/518/8 730/513/8 778/513/8 795/554/8 779/518/8
f 768/531/18 755/530/18 781/530/18 782/531/18
f 725/498/4 764/497/4 786/497/4 773/498/4
f 729/512/4 756/523/4 780/523/4 802/555/4 777/512/4
f 761/493/4 720/499/4 749/499/4 809/556/4 787/493/4
f 717/501/4 762/500/4 790/500/4 752/501/4
f 760/525/3 763/496/3 783/496/3 796/557/3 784/525/3
f 719/505/8 766/492/8 788/492/8 810/558/8 750/505/8
f 903/594/1 904/593/1 906/595/1 905/596/1
f 939/521/5 940/522/5 942/618/5 941/619/5
f 967/627/3 964/628/3 973/628/3 974/627/3
f 966/629/8 967/627/8 974/627/8 975/629/8
f 957/339/5 956/622/5 965/630/5 964/628/5
f 956/622/5 959/341/5 966/629/5 965/630/5
f 959/341/5 958/338/5 967/627/5 966/629/5
f 958/338/5 957/339/5 964/628/5 967/627/5
f 961/623/1 960/624/1 969/631/1 968/632/1
f 960/624/1 963/625/1 970/633/1 969/631/1
f 963/625/1 962/626/1 971/634/1 970/633/1
f 962/626/1 961/623/1 968/632/1 971/634/1
f 969/631/18 970/633/18 979/633/18 976/631/18
f 968/632/8 969/631/8 976/631/8 977/632/8
f 965/630/18 966/629/18 975/629/18 972/630/18
f 970/633/4 971/634/4 978/634/4 979/633/4
f 964/628/4 965/630/4 972/630/4 973/628/4
f 971/634/3 968/632/3 977/632/3 978/634/3
f 1002/643/8 1003/644/8 1010/644/8 1011/643/8
f 997/645/3 998/646/3 1007/646/3 1004/645/3
f 989/635/5 988/636/5 997/645/5 996/647/5
f 988/636/5 991/639/5 998/646/5 997/645/5
f 991/639/5 990/640/5 999/648/5 998/646/5
f 990/640/5 989/635/5 996/647/5 999/648/5
f 993/642/1 992/641/1 1001/649/1 1000/650/1
f 992/641/1 995/637/1 1002/643/1 1001/649/1
f 995/637/1 994/638/1 1003/644/1 1002/643/1
f 994/638/1 993/642/1 1000/650/1 1003/644/1
f 996/647/8 997/645/8 1004/645/8 1005/647/8
f 1003/644/18 1000/650/18 1009/650/18 1010/644/18
f 998/646/4 999/648/4 1006/648/4 1007/646/4
f 999/648/18 996/647/18 1005/647/18 1006/648/18
f 1001/649/3 1002/643/3 1011/643/3 1008/649/3
f 1000/650/4 1001/649/4 1008/649/4 1009/650/4
f 1067/657/1 1037/658/1 1036/659/1 1048/660/1
f 1017/620/1 1016/621/1 1031/661/1 1091/662/1 1059/663/1 1077/664/1 1076/665/1 1052/666/1 1061/667/1 1072/668/1 1073/669/1 1069/670/1 1036/671/1 1037/672/1 1090/673/1 1089/674/1 1054/675/1 1030/676/1
f 1015/655/1 1017/620/1 1030/676/1 1029/677/1
f 1050/678/5 1083/679/5 1074/680/5 1070/681/5
f 1016/621/1 1014/651/1 1028/682/1 1031/661/1
f 1020/654/5 1018/656/5 1035/683/5 1047/684/5 1071/685/5 1039/686/5 1040/687/5 1084/688/5 1064/689/5 1075/690/5 1074/680/5 1083/679/5 1051/691/5 1080/692/5 1079/693/5 1055/694/5 1088/695/5 1034/696/5
f 1027/652/5 1020/654/5 1034/696/5 1033/697/5
f 1060/698/1 1052/666/1 1076/665/1 1044/699/1
f 1018/656/5 1026/653/5 1032/700/5 1035/683/5
f 1081/701/5 1080/702/5 1051/703/5 1049/704/5
f 1053/705/1 1089/706/1 1090/707/1 1068/708/1
f 1046/709/5 1039/686/5 1071/685/5 1066/710/5
f 1045/711/1 1077/712/1 1059/663/1 1058/713/1
f 1085/714/5 1084/688/5 1040/687/5 1078/715/5
f 1057/716/1 1091/717/1 1031/661/1 1028/682/1
f 1030/676/1 1054/675/1 1063/718/1 1029/677/1
f 1042/719/5 1075/690/5 1064/689/5 1062/720/5
f 1086/721/5 1055/722/5 1079/723/5 1038/724/5
f 1056/725/5 1047/726/5 1035/683/5 1032/700/5
f 1041/727/1 1072/668/1 1061/667/1 1065/728/1
f 1014/651/1 1015/655/1 1029/677/1 1063/718/1 1053/705/1 1068/729/1 1067/657/1 1048/660/1 1082/730/1 1043/731/1 1041/727/1 1065/728/1 1060/698/1 1044/699/1 1045/732/1 1058/713/1 1057/716/1 1028/682/1
f 1026/653/5 1027/652/5 1033/697/5 1087/733/5 1086/721/5 1038/734/5 1081/701/5 1049/735/5 1050/678/5 1070/681/5 1042/719/5 1062/720/5 1085/714/5 1078/715/5 1046/709/5 1066/710/5 1056/736/5 1032/700/5
f 1034/696/5 1088/695/5 1087/733/5 1033/697/5
f 1082/730/1 1069/670/1 1073/669/1 1043/731/1
f 1084/688/3 1085/714/3 1133/714/3 1132/688/3
f 1083/679/3 1050/678/3 1128/678/3 1131/679/3
f 1055/722/3 1086/721/3 1134/721/3 1137/722/3
f 1089/706/3 1053/705/3 1140/705/3 1139/706/3
f 1039/686/3 1046/709/3 1121/709/3 1111/686/3
f 1037/658/3 1067/657/3 1100/657/3 1109/658/3
f 1047/726/3 1056/725/3 1098/725/3 1142/726/3
f 1069/670/3 1082/730/3 1126/730/3 1103/670/3
f 1072/668/3 1041/727/3 1113/727/3 1112/668/3
f 1077/712/3 1045/711/3 1117/711/3 1120/712/3
f 1091/717/3 1057/716/3 1105/716/3 1145/717/3
f 1052/666/3 1060/698/3 1094/698/3 1141/666/3
f 1080/702/3 1081/701/3 1125/701/3 1124/702/3
f 1075/690/3 1042/719/3 1106/719/3 1116/690/3
f 1318/806/4 1317/797/4 1319/898/4
f 1464/947/18 1459/948/18 1458/814/18 1465/949/18
f 1315/809/4 1314/810/4 1316/847/4
f 1312/825/8 1311/794/8 1313/892/8
f 1309/828/8 1308/788/8 1310/821/8
f 1306/862/1 1305/875/1 1304/870/1 1307/900/1
f 1294/859/176 1306/862/176 1307/900/176 1295/844/176
f 1292/858/5 1291/880/5 1290/840/5 1293/911/5
f 1288/855/175 1292/858/175 1293/911/175 1289/852/175
f 1291/883/174 1287/798/174 1286/841/174 1290/840/174
f 1305/886/178 1285/784/178 1284/834/178 1304/870/178
f 1312/825/8 1309/828/8 1310/821/8 1311/794/8
f 1318/806/4 1315/809/4 1316/847/4 1317/797/4
f 1268/851/219 1267/871/219 1266/907/219 1269/910/219
f 1443/901/220 1444/889/220 1445/793/220 1442/864/220
f 1447/791/221 1448/876/221 1449/843/221 1446/822/221
f 1451/903/222 1452/895/222 1453/796/222 1450/835/222
f 1269/881/223 1288/855/223 1289/852/223 1268/851/223
f 1314/810/224 1266/813/224 1267/848/224 1316/847/224
f 1287/798/225 1443/801/225 1442/867/225 1286/841/225
f 1444/889/226 1313/892/226 1311/794/226 1445/793/226
f 1285/784/227 1451/787/227 1450/835/227 1284/834/227
f 1452/895/228 1319/898/228 1317/797/228 1453/796/228
f 1308/788/229 1447/791/229 1446/822/229 1310/821/229
f 1448/876/230 1294/878/230 1295/844/230 1449/843/230
f 1455/891/172 1456/906/172 1457/935/172 1454/826/172
f 1459/914/172 1460/913/172 1461/827/172 1458/936/172
f 1463/897/182 1464/944/182 1465/940/182 1462/807/182
f 1467/916/182 1468/811/182 1469/808/182 1466/941/182
f 1454/826/231 1312/825/231 1313/892/231 1455/891/231
f 1460/789/231 1308/788/231 1309/828/231 1461/827/231
f 1319/898/232 1463/897/232 1462/807/232 1318/806/232
f 1468/811/232 1314/810/232 1315/809/232 1469/808/232
f 1456/984/18 1467/985/18 1466/957/18 1457/815/18
f 1489/995/18 1486/996/18 1495/996/18 1496/995/18
f 1488/997/4 1489/995/4 1496/995/4 1497/997/4
f 1479/991/5 1478/868/5 1487/998/5 1486/996/5
f 1478/868/5 1481/869/5 1488/997/5 1487/998/5
f 1481/869/5 1480/992/5 1489/995/5 1488/997/5
f 1480/992/5 1479/991/5 1486/996/5 1489/995/5
f 1483/994/1 1482/993/1 1491/999/1 1490/1000/1
f 1482/993/1 1485/853/1 1492/1001/1 1491/999/1
f 1485/853/1 1484/854/1 1493/1002/1 1492/1001/1
f 1484/854/1 1483/994/1 1490/1000/1 1493/1002/1
f 1491/999/3 1492/1001/3 1501/1001/3 1498/999/3
f 1490/1000/4 1491/999/4 1498/999/4 1499/1000/4
f 1487/998/3 1488/997/3 1497/997/3 1494/998/3
f 1492/1001/8 1493/1002/8 1500/1002/8 1501/1001/8
f 1486/996/8 1487/998/8 1494/998/8 1495/996/8
f 1493/1002/18 1490/1000/18 1499/1000/18 1500/1002/18
f 1630/1073/18 1633/1074/18 1649/1074/18 1646/1073/18
f 1636/1075/18 1635/1076/18 1651/1076/18 1652/1075/18
f 1630/1073/8 1631/1077/8 1639/982/8 1638/982/8
f 1632/1078/8 1633/1074/8 1641/1071/8 1640/1070/8
f 1634/1079/4 1635/1076/4 1643/1072/4 1642/954/4
f 1636/1075/4 1637/1080/4 1645/955/4 1644/955/4
f 1633/1074/8 1630/1073/8 1638/982/8 1641/1071/8
f 1631/1077/8 1632/1078/8 1640/1070/8 1639/982/8
f 1635/1076/4 1636/1075/4 1644/955/4 1643/1072/4
f 1637/1080/4 1634/1079/4 1642/954/4 1645/955/4
f 1635/1076/5 1634/1079/5 1650/1079/5 1651/1076/5
f 1631/1077/5 1630/1073/5 1646/1073/5 1647/1077/5
f 1634/1079/3 1637/1080/3 1653/1080/3 1650/1079/3
f 1632/1078/3 1631/1077/3 1647/1077/3 1648/1078/3
f 1637/1080/1 1636/1075/1 1652/1075/1 1653/1080/1
f 1633/1074/1 1632/1078/1 1648/1078/1 1649/1074/1
f 1675/951/1 1669/1083/1 1668/1082/1 1673/1087/1 1672/1086/1 1674/950/1
f 1676/1089/5 1677/1088/5 1671/1085/5 1670/1084/5 1667/952/5 1666/953/5
f 1990/1523/5 2001/1524/5 2114/1524/5 2111/1523/5
f 2003/1577/1 2002/1578/1 2113/1578/1 2110/1577/1
f 2001/1524/5 2004/1579/5 2109/1579/5 2114/1524/5
f 2038/1580/1 2039/1581/1 2099/1581/1 2098/1580/1
f 1991/1582/1 2080/1583/1 2088/1583/1 2116/1582/1
f 2039/1584/1 2041/1585/1 2101/1585/1 2099/1584/1
f 1989/1586/1 1991/1582/1 2116/1582/1 2112/1586/1
f 1997/1587/5 2000/1588/5 2087/1588/5 2108/1587/5
f 2002/1578/1 1989/1586/1 2112/1586/1 2113/1578/1
f 2046/1589/5 2043/1590/5 2085/1590/5 2096/1589/5
f 2041/1585/1 2051/1591/1 2089/1591/1 2101/1585/1
f 1995/1592/5 1997/1587/5 2108/1587/5 2106/1592/5
f 2077/1593/1 2038/1580/1 2098/1580/1 2091/1593/1
f 1993/1594/5 1995/1592/5 2106/1592/5 2104/1594/5
f 2075/1595/1 2076/1596/1 2093/1596/1 2095/1595/1
f 2048/1597/5 2046/1589/5 2096/1589/5 2094/1597/5
f 2001/1524/4 1990/1523/4 2053/1114/4 2054/1113/4
f 1990/1523/271 1992/1598/271 2055/1556/271 2053/1114/271
f 1992/1598/3 2000/1588/3 2056/1497/3 2055/1556/3
f 2052/1599/271 2043/1590/271 2057/1510/271 2058/1509/271
f 2042/1600/4 2052/1599/4 2058/1509/4 2059/1533/4
f 2048/1597/8 2050/1601/8 2060/1520/8 2061/1519/8
f 2046/1589/272 2048/1597/272 2061/1519/272 2062/1530/272
f 1995/1592/14 1993/1594/14 2063/1516/14 2064/1515/14
f 1997/1587/8 1995/1592/8 2064/1515/8 2065/1498/8
f 2043/1590/3 2046/1589/3 2062/1530/3 2057/1510/3
f 2000/1588/272 1997/1587/272 2065/1498/272 2056/1497/272
f 2041/1585/17 2039/1584/17 2066/1567/17 2067/1568/17
f 2039/1581/18 2038/1580/18 2068/1525/18 2066/1528/18
f 2002/1578/17 2003/1577/17 2069/1574/17 2070/1564/17
f 2072/1602/271 2051/1591/271 2071/1571/271 2044/1569/271
f 2040/1603/17 2042/1600/17 2059/1506/17 2073/1505/17
f 2037/1604/18 2040/1605/18 2073/1572/18 2074/1545/18
f 2050/1601/14 2037/1604/14 2074/1545/14 2060/1520/14
f 2075/1595/3 2072/1602/3 2044/1569/3 2045/1570/3
f 2077/1593/8 2076/1596/8 2047/1500/8 2049/1503/8
f 2076/1596/272 2075/1595/272 2045/1570/272 2047/1500/272
f 2038/1580/14 2077/1593/14 2049/1503/14 2068/1525/14
f 2051/1591/4 2041/1585/4 2067/1568/4 2071/1571/4
f 1989/1586/4 2002/1578/4 2070/1564/4 2078/1560/4
f 1991/1582/271 1989/1586/271 2078/1560/271 2079/1557/271
f 2080/1583/3 1991/1582/3 2079/1557/3 1999/1553/3
f 2004/1579/17 2001/1524/17 2054/1113/17 2081/1563/17
f 1993/1594/18 2004/1606/18 2081/1537/18 2063/1516/18
f 2082/1607/272 2080/1583/272 1999/1553/272 1998/1140/272
f 2083/1608/8 2082/1607/8 1998/1140/8 1996/1090/8
f 2003/1609/18 2084/1610/18 1994/1093/18 2069/1552/18
f 2084/1610/14 2083/1608/14 1996/1090/14 1994/1093/14
f 2004/1606/5 1993/1594/5 2104/1594/5 2109/1606/5
f 2051/1591/1 2072/1602/1 2086/1602/1 2089/1591/1
f 1992/1598/5 1990/1523/5 2111/1523/5 2115/1598/5
f 2080/1583/1 2082/1607/1 2107/1607/1 2088/1583/1
f 2042/1600/5 2040/1603/5 2100/1603/5 2102/1600/5
f 2000/1588/5 1992/1598/5 2115/1598/5 2087/1588/5
f 2082/1607/1 2083/1608/1 2105/1608/1 2107/1607/1
f 2040/1605/5 2037/1604/5 2097/1604/5 2100/1605/5
f 2043/1590/5 2052/1599/5 2090/1599/5 2085/1590/5
f 2084/1610/1 2003/1609/1 2110/1609/1 2103/1610/1
f 2037/1604/5 2050/1601/5 2092/1601/5 2097/1604/5
f 2052/1599/5 2042/1600/5 2102/1600/5 2090/1599/5
f 2083/1608/1 2084/1610/1 2103/1610/1 2105/1608/1
f 2072/1602/1 2075/1595/1 2095/1595/1 2086/1602/1
f 2050/1601/5 2048/1597/5 2094/1597/5 2092/1601/5
f 2076/1596/1 2077/1593/1 2091/1593/1 2093/1596/1
f 2172/1627/4 2166/1628/4 2230/1628/4 2236/1627/4
f 2174/1629/1 2173/1630/1 2237/1630/1 2238/1629/1
f 2156/1631/18 2161/1632/18 2225/1632/18 2220/1631/18
f 2171/1633/1 2172/1627/1 2236/1627/1 2235/1633/1
f 2162/1634/3 2155/1635/3 2219/1635/3 2226/1634/3
f 2169/1636/1 2170/1637/1 2234/1637/1 2233/1636/1
f 2154/1638/3 2164/1639/3 2228/1639/3 2218/1638/3
f 2167/1640/5 2168/1641/5 2232/1641/5 2231/1640/5
f 2150/1642/8 2149/1643/8 2181/1612/8 2182/1611/8
f 2152/1644/8 2151/1645/8 2183/1614/8 2184/1613/8
f 2154/1638/4 2153/1646/4 2185/1424/4 2186/1419/4
f 2156/1631/4 2155/1635/4 2187/1281/4 2188/1200/4
f 2158/1647/8 2157/1648/8 2189/1616/8 2190/1615/8
f 2159/1649/8 2160/1650/8 2192/1618/8 2191/1617/8
f 2162/1634/4 2161/1632/4 2193/1201/4 2194/1280/4
f 2163/1651/4 2164/1639/4 2196/1420/4 2195/1423/4
f 2165/1652/3 2166/1628/3 2198/1425/3 2197/1426/3
f 2168/1641/18 2167/1640/18 2199/1421/18 2200/1422/18
f 2170/1637/18 2169/1636/18 2201/1417/18 2202/1418/18
f 2172/1627/3 2171/1633/3 2203/1268/3 2204/1269/3
f 2173/1630/18 2174/1629/18 2206/1620/18 2205/1619/18
f 2176/1653/18 2175/1654/18 2207/1622/18 2208/1621/18
f 2178/1655/3 2177/1656/3 2209/1624/3 2210/1623/3
f 2179/1657/3 2180/1658/3 2212/1626/3 2211/1625/3
f 2180/1658/3 2178/1655/3 2210/1623/3 2212/1626/3
f 2177/1656/3 2179/1657/3 2211/1625/3 2209/1624/3
f 2149/1643/8 2159/1649/8 2191/1617/8 2181/1612/8
f 2160/1650/8 2150/1642/8 2182/1611/8 2192/1618/8
f 2175/1654/18 2173/1630/18 2205/1619/18 2207/1622/18
f 2174/1629/18 2176/1653/18 2208/1621/18 2206/1620/18
f 2153/1646/4 2163/1651/4 2195/1423/4 2185/1424/4
f 2164/1639/4 2154/1638/4 2186/1419/4 2196/1420/4
f 2155/1635/4 2162/1634/4 2194/1280/4 2187/1281/4
f 2161/1632/4 2156/1631/4 2188/1200/4 2193/1201/4
f 2166/1628/3 2172/1627/3 2204/1269/3 2198/1425/3
f 2171/1633/3 2165/1652/3 2197/1426/3 2203/1268/3
f 2151/1645/8 2158/1647/8 2190/1615/8 2183/1614/8
f 2157/1648/8 2152/1644/8 2184/1613/8 2189/1616/8
f 2169/1636/18 2168/1641/18 2200/1422/18 2201/1417/18
f 2167/1640/18 2170/1637/18 2202/1418/18 2199/1421/18
f 2175/1654/5 2176/1653/5 2240/1653/5 2239/1654/5
f 2149/1643/5 2150/1642/5 2214/1642/5 2213/1643/5
f 2165/1652/8 2171/1633/8 2235/1633/8 2229/1652/8
f 2177/1656/5 2178/1655/5 2242/1655/5 2241/1656/5
f 2151/1645/1 2152/1644/1 2216/1644/1 2215/1645/1
f 2158/1647/18 2151/1645/18 2215/1645/18 2222/1647/18
f 2180/1658/1 2179/1657/1 2243/1657/1 2244/1658/1
f 2153/1646/5 2154/1638/5 2218/1638/5 2217/1646/5
f 2152/1644/3 2157/1648/3 2221/1648/3 2216/1644/3
f 2178/1655/8 2180/1658/8 2244/1658/8 2242/1655/8
f 2155/1635/1 2156/1631/1 2220/1631/1 2219/1635/1
f 2168/1641/4 2169/1636/4 2233/1636/4 2232/1641/4
f 2179/1657/4 2177/1656/4 2241/1656/4 2243/1657/4
f 2157/1648/5 2158/1647/5 2222/1647/5 2221/1648/5
f 2170/1637/8 2167/1640/8 2231/1640/8 2234/1637/8
f 2159/1649/3 2149/1643/3 2213/1643/3 2223/1649/3
f 2160/1650/1 2159/1649/1 2223/1649/1 2224/1650/1
f 2150/1642/18 2160/1650/18 2224/1650/18 2214/1642/18
f 2161/1632/5 2162/1634/5 2226/1634/5 2225/1632/5
f 2173/1630/8 2175/1654/8 2239/1654/8 2237/1630/8
f 2164/1639/1 2163/1651/1 2227/1651/1 2228/1639/1
f 2176/1653/4 2174/1629/4 2238/1629/4 2240/1653/4
f 2166/1628/5 2165/1652/5 2229/1652/5 2230/1628/5
f 2163/1651/18 2153/1646/18 2217/1646/18 2227/1651/18
f 2426/806/4 2425/797/4 2427/898/4
f 2572/947/18 2567/948/18 2566/814/18 2573/949/18
f 2423/809/4 2422/810/4 2424/847/4
f 2420/825/8 2419/794/8 2421/892/8
f 2417/828/8 2416/788/8 2418/821/8
f 2414/862/1 2413/875/1 2412/870/1 2415/900/1
f 2402/859/176 2414/862/176 2415/900/176 2403/844/176
f 2400/858/5 2399/880/5 2398/840/5 2401/911/5
f 2396/855/175 2400/858/175 2401/911/175 2397/852/175
f 2399/883/174 2395/798/174 2394/841/174 2398/840/174
f 2413/886/178 2393/784/178 2392/834/178 2412/870/178
f 2420/825/8 2417/828/8 2418/821/8 2419/794/8
f 2426/806/4 2423/809/4 2424/847/4 2425/797/4
f 2376/851/219 2375/871/219 2374/907/219 2377/910/219
f 2551/901/220 2552/889/220 2553/793/220 2550/864/220
f 2555/791/221 2556/876/221 2557/843/221 2554/822/221
f 2559/903/222 2560/895/222 2561/796/222 2558/835/222
f 2377/881/223 2396/855/223 2397/852/223 2376/851/223
f 2422/810/224 2374/813/224 2375/848/224 2424/847/224
f 2395/798/225 2551/801/225 2550/867/225 2394/841/225
f 2552/889/226 2421/892/226 2419/794/226 2553/793/226
f 2393/784/227 2559/787/227 2558/835/227 2392/834/227
f 2560/895/228 2427/898/228 2425/797/228 2561/796/228
f 2416/788/229 2555/791/229 2554/822/229 2418/821/229
f 2556/876/230 2402/878/230 2403/844/230 2557/843/230
f 2563/891/172 2564/906/172 2565/935/172 2562/826/172
f 2567/914/172 2568/913/172 2569/827/172 2566/936/172
f 2571/897/182 2572/944/182 2573/940/182 2570/807/182
f 2575/916/182 2576/811/182 2577/808/182 2574/941/182
f 2562/826/231 2420/825/231 2421/892/231 2563/891/231
f 2568/789/231 2416/788/231 2417/828/231 2569/827/231
f 2427/898/232 2571/897/232 2570/807/232 2426/806/232
f 2576/811/232 2422/810/232 2423/809/232 2577/808/232
f 2564/984/18 2575/985/18 2574/957/18 2565/815/18
f 2597/995/18 2594/996/18 2603/996/18 2604/995/18
f 2596/997/4 2597/995/4 2604/995/4 2605/997/4
f 2587/991/5 2586/868/5 2595/998/5 2594/996/5
f 2586/868/5 2589/869/5 2596/997/5 2595/998/5
f 2589/869/5 2588/992/5 2597/995/5 2596/997/5
f 2588/992/5 2587/991/5 2594/996/5 2597/995/5
f 2591/994/1 2590/993/1 2599/999/1 2598/1000/1
f 2590/993/1 2593/853/1 2600/1001/1 2599/999/1
f 2593/853/1 2592/854/1 2601/1002/1 2600/1001/1
f 2592/854/1 2591/994/1 2598/1000/1 2601/1002/1
f 2599/999/3 2600/1001/3 2609/1001/3 2606/999/3
f 2598/1000/4 2599/999/4 2606/999/4 2607/1000/4
f 2595/998/3 2596/997/3 2605/997/3 2602/998/3
f 2600/1001/8 2601/1002/8 2608/1002/8 2609/1001/8
f 2594/996/8 2595/998/8 2602/998/8 2603/996/8
f 2601/1002/18 2598/1000/18 2607/1000/18 2608/1002/18
f 2738/1073/18 2741/1074/18 2757/1074/18 2754/1073/18
f 2744/1075/18 2743/1076/18 2759/1076/18 2760/1075/18
f 2738/1073/8 2739/1077/8 2747/982/8 2746/982/8
f 2740/1078/8 2741/1074/8 2749/1071/8 2748/1070/8
f 2742/1079/4 2743/1076/4 2751/1072/4 2750/954/4
f 2744/1075/4 2745/1080/4 2753/955/4 2752/955/4
f 2741/1074/8 2738/1073/8 2746/982/8 2749/1071/8
f 2739/1077/8 2740/1078/8 2748/1070/8 2747/982/8
f 2743/1076/4 2744/1075/4 2752/955/4 2751/1072/4
f 2745/1080/4 2742/1079/4 2750/954/4 2753/955/4
f 2743/1076/5 2742/1079/5 2758/1079/5 2759/1076/5
f 2739/1077/5 2738/1073/5 2754/1073/5 2755/1077/5
f 2742/1079/3 2745/1080/3 2761/1080/3 2758/1079/3
f 2740/1078/3 2739/1077/3 2755/1077/3 2756/1078/3
f 2745/1080/1 2744/1075/1 2760/1075/1 2761/1080/1
f 2741/1074/1 2740/1078/1 2756/1078/1 2757/1074/1
f 2783/951/1 2777/1083/1 2776/1082/1 2781/1087/1 2780/1086/1 2782/950/1
f 2784/1089/5 2785/1088/5 2779/1085/5 2778/1084/5 2775/952/5 2774/953/5
f 3101/1523/5 3112/1524/5 3225/1524/5 3222/1523/5
f 3114/1577/1 3113/1578/1 3224/1578/1 3221/1577/1
f 3112/1524/5 3115/1579/5 3220/1579/5 3225/1524/5
f 3149/1580/1 3150/1581/1 3210/1581/1 3209/1580/1
f 3102/1582/1 3191/1583/1 3199/1583/1 3227/1582/1
f 3150/1584/107 3152/1585/107 3212/1585/107 3210/1584/107
f 3100/1586/1 3102/1582/1 3227/1582/1 3223/1586/1
f 3108/1587/5 3111/1588/5 3198/1588/5 3219/1587/5
f 3113/1578/1 3100/1586/1 3223/1586/1 3224/1578/1
f 3157/1589/5 3154/1590/5 3196/1590/5 3207/1589/5
f 3152/1585/1 3162/1591/1 3200/1591/1 3212/1585/1
f 3106/1592/5 3108/1587/5 3219/1587/5 3217/1592/5
f 3188/1593/1 3149/1580/1 3209/1580/1 3202/1593/1
f 3104/1594/5 3106/1592/5 3217/1592/5 3215/1594/5
f 3186/1595/1 3187/1596/1 3204/1596/1 3206/1595/1
f 3159/1597/5 3157/1589/5 3207/1589/5 3205/1597/5
f 3112/1524/4 3101/1523/4 3164/1114/4 3165/1113/4
f 3101/1523/271 3103/1598/271 3166/1556/271 3164/1114/271
f 3103/1598/3 3111/1588/3 3167/1497/3 3166/1556/3
f 3163/1599/271 3154/1590/271 3168/1510/271 3169/1509/271
f 3153/1600/4 3163/1599/4 3169/1509/4 3170/1533/4
f 3159/1597/8 3161/1601/8 3171/1520/8 3172/1519/8
f 3157/1589/272 3159/1597/272 3172/1519/272 3173/1530/272
f 3106/1592/14 3104/1594/14 3174/1516/14 3175/1515/14
f 3108/1587/8 3106/1592/8 3175/1515/8 3176/1498/8
f 3154/1590/3 3157/1589/3 3173/1530/3 3168/1510/3
f 3111/1588/272 3108/1587/272 3176/1498/272 3167/1497/272
f 3152/1585/17 3150/1584/17 3177/1567/17 3178/1568/17
f 3150/1581/18 3149/1580/18 3179/1525/18 3177/1528/18
f 3113/1578/17 3114/1577/17 3180/1574/17 3181/1564/17
f 3183/1602/271 3162/1591/271 3182/1571/271 3155/1569/271
f 3151/1603/17 3153/1600/17 3170/1506/17 3184/1505/17
f 3148/1604/18 3151/1605/18 3184/1572/18 3185/1545/18
f 3161/1601/14 3148/1604/14 3185/1545/14 3171/1520/14
f 3186/1595/3 3183/1602/3 3155/1569/3 3156/1570/3
f 3188/1593/8 3187/1596/8 3158/1500/8 3160/1503/8
f 3187/1596/272 3186/1595/272 3156/1570/272 3158/1500/272
f 3149/1580/14 3188/1593/14 3160/1503/14 3179/1525/14
f 3162/1591/4 3152/1585/4 3178/1568/4 3182/1571/4
f 3100/1586/4 3113/1578/4 3181/1564/4 3189/1560/4
f 3102/1582/271 3100/1586/271 3189/1560/271 3190/1557/271
f 3191/1583/3 3102/1582/3 3190/1557/3 3110/1553/3
f 3115/1579/17 3112/1524/17 3165/1113/17 3192/1563/17
f 3104/1594/18 3115/1606/18 3192/1537/18 3174/1516/18
f 3193/1607/272 3191/1583/272 3110/1553/272 3109/1140/272
f 3194/1608/8 3193/1607/8 3109/1140/8 3107/1090/8
f 3114/1609/18 3195/1610/18 3105/1093/18 3180/1552/18
f 3195/1610/14 3194/1608/14 3107/1090/14 3105/1093/14
f 3115/1606/5 3104/1594/5 3215/1594/5 3220/1606/5
f 3162/1591/1 3183/1602/1 3197/1602/1 3200/1591/1
f 3103/1598/5 3101/1523/5 3222/1523/5 3226/1598/5
f 3191/1583/1 3193/1607/1 3218/1607/1 3199/1583/1
f 3153/1600/5 3151/1603/5 3211/1603/5 3213/1600/5
f 3111/1588/5 3103/1598/5 3226/1598/5 3198/1588/5
f 3193/1607/1 3194/1608/1 3216/1608/1 3218/1607/1
f 3151/1605/5 3148/1604/5 3208/1604/5 3211/1605/5
f 3154/1590/5 3163/1599/5 3201/1599/5 3196/1590/5
f 3195/1610/1 3114/1609/1 3221/1609/1 3214/1610/1
f 3148/1604/5 3161/1601/5 3203/1601/5 3208/1604/5
f 3163/1599/5 3153/1600/5 3213/1600/5 3201/1599/5
f 3194/1608/1 3195/1610/1 3214/1610/1 3216/1608/1
f 3183/1602/1 3186/1595/1 3206/1595/1 3197/1602/1
f 3161/1601/5 3159/1597/5 3205/1597/5 3203/1601/5
f 3187/1596/1 3188/1593/1 3202/1593/1 3204/1596/1
f 3283/1627/4 3277/1628/4 3341/1628/4 3347/1627/4
f 3285/1629/1 3284/1630/1 3348/1630/1 3349/1629/1
f 3267/1631/18 3272/1632/18 3336/1632/18 3331/1631/18
f 3282/1633/1 3283/1627/1 3347/1627/1 3346/1633/1
f 3273/1634/3 3266/1635/3 3330/1635/3 3337/1634/3
f 3280/1636/1 3281/1637/1 3345/1637/1 3344/1636/1
f 3265/1638/3 3275/1639/3 3339/1639/3 3329/1638/3
f 3278/1640/5 3279/1641/5 3343/1641/5 3342/1640/5
f 3261/1642/8 3260/1643/8 3292/1612/8 3293/1611/8
f 3263/1644/8 3262/1645/8 3294/1614/8 3295/1613/8
f 3265/1638/4 3264/1646/4 3296/1424/4 3297/1419/4
f 3267/1631/4 3266/1635/4 3298/1281/4 3299/1200/4
f 3269/1647/8 3268/1648/8 3300/1616/8 3301/1615/8
f 3270/1649/8 3271/1650/8 3303/1618/8 3302/1617/8
f 3273/1634/4 3272/1632/4 3304/1201/4 3305/1280/4
f 3274/1651/4 3275/1639/4 3307/1420/4 3306/1423/4
f 3276/1652/3 3277/1628/3 3309/1425/3 3308/1426/3
f 3279/1641/18 3278/1640/18 3310/1421/18 3311/1422/18
f 3281/1637/18 3280/1636/18 3312/1417/18 3313/1418/18
f 3283/1627/3 3282/1633/3 3314/1268/3 3315/1269/3
f 3284/1630/18 3285/1629/18 3317/1620/18 3316/1619/18
f 3287/1653/18 3286/1654/18 3318/1622/18 3319/1621/18
f 3289/1655/3 3288/1656/3 3320/1624/3 3321/1623/3
f 3290/1657/3 3291/1658/3 3323/1626/3 3322/1625/3
f 3291/1658/3 3289/1655/3 3321/1623/3 3323/1626/3
f 3288/1656/3 3290/1657/3 3322/1625/3 3320/1624/3
f 3260/1643/8 3270/1649/8 3302/1617/8 3292/1612/8
f 3271/1650/8 3261/1642/8 3293/1611/8 3303/1618/8
f 3286/1654/18 3284/1630/18 3316/1619/18 3318/1622/18
f 3285/1629/18 3287/1653/18 3319/1621/18 3317/1620/18
f 3264/1646/4 3274/1651/4 3306/1423/4 3296/1424/4
f 3275/1639/4 3265/1638/4 3297/1419/4 3307/1420/4
f 3266/1635/4 3273/1634/4 3305/1280/4 3298/1281/4
f 3272/1632/4 3267/1631/4 3299/1200/4 3304/1201/4
f 3277/1628/3 3283/1627/3 3315/1269/3 3309/1425/3
f 3282/1633/3 3276/1652/3 3308/1426/3 3314/1268/3
f 3262/1645/8 3269/1647/8 3301/1615/8 3294/1614/8
f 3268/1648/8 3263/1644/8 3295/1613/8 3300/1616/8
f 3280/1636/18 3279/1641/18 3311/1422/18 3312/1417/18
f 3278/1640/18 3281/1637/18 3313/1418/18 3310/1421/18
f 3286/1654/5 3287/1653/5 3351/1653/5 3350/1654/5
f 3260/1643/5 3261/1642/5 3325/1642/5 3324/1643/5
f 3276/1652/8 3282/1633/8 3346/1633/8 3340/1652/8
f 3288/1656/5 3289/1655/5 3353/1655/5 3352/1656/5
f 3262/1645/1 3263/1644/1 3327/1644/1 3326/1645/1
f 3269/1647/18 3262/1645/18 3326/1645/18 3333/1647/18
f 3291/1658/1 3290/1657/1 3354/1657/1 3355/1658/1
f 3264/1646/5 3265/1638/5 3329/1638/5 3328/1646/5
f 3263/1644/3 3268/1648/3 3332/1648/3 3327/1644/3
f 3289/1655/8 3291/1658/8 3355/1658/8 3353/1655/8
f 3266/1635/1 3267/1631/1 3331/1631/1 3330/1635/1
f 3279/1641/4 3280/1636/4 3344/1636/4 3343/1641/4
f 3290/1657/4 3288/1656/4 3352/1656/4 3354/1657/4
f 3268/1648/5 3269/1647/5 3333/1647/5 3332/1648/5
f 3281/1637/8 3278/1640/8 3342/1640/8 3345/1637/8
f 3270/1649/3 3260/1643/3 3324/1643/3 3334/1649/3
f 3271/1650/1 3270/1649/1 3334/1649/1 3335/1650/1
f 3261/1642/18 3271/1650/18 3335/1650/18 3325/1642/18
f 3272/1632/5 3273/1634/5 3337/1634/5 3336/1632/5
f 3284/1630/8 3286/1654/8 3350/1654/8 3348/1630/8
f 3275/1639/1 3274/1651/1 3338/1651/1 3339/1639/1
f 3287/1653/4 3285/1629/4 3349/1629/4 3351/1653/4
f 3277/1628/5 3276/1652/5 3340/1652/5 3341/1628/5
f 3274/1651/18 3264/1646/18 3328/1646/18 3338/1651/18
usemtl M_Orange
f 194/278/18 195/281/18 196/310/18 193/286/18
f 198/313/18 199/314/18 200/284/18 197/279/18
f 202/294/18 203/295/18 204/396/18 201/395/18
f 206/274/18 207/285/18 208/398/18 205/275/18
f 219/277/18 194/278/18 193/286/18 210/287/18
f 224/407/18 198/313/18 197/279/18 212/280/18
f 207/285/18 222/405/18 214/400/18 208/398/18
f 217/403/18 202/294/18 201/395/18 216/402/18
f 199/314/18 223/406/18 211/283/18 200/284/18
f 221/273/18 206/274/18 205/275/18 213/276/18
f 220/282/18 209/309/18 196/310/18 195/281/18
f 203/295/18 218/404/18 215/401/18 204/396/18
f 880/574/5 879/573/5 882/575/5 881/576/5
f 884/571/1 883/569/1 886/564/1 885/565/1
f 888/580/5 887/579/5 890/581/5 889/582/5
f 892/585/1 891/584/1 894/586/1 893/587/1
f 899/537/1 900/544/1 902/592/1 901/536/1
f 908/598/5 907/597/5 910/599/5 909/600/5
f 920/606/1 919/605/1 922/607/1 921/608/1
f 935/617/5 936/570/5 938/567/5 937/568/5
f 1157/737/5 1156/542/5 1159/543/5 1158/738/5
f 1161/740/1 1160/739/1 1163/540/1 1162/541/1
f 1223/778/148 1238/777/148 1230/772/148 1222/771/148
f 1225/779/149 1239/769/149 1231/770/149 1224/773/149
f 1240/767/150 1226/768/150 1227/775/150 1232/774/150
f 1241/763/151 1228/757/151 1229/762/151 1233/766/151
f 1228/757/152 1242/758/152 1234/761/152 1229/762/152
f 1243/760/153 1225/779/153 1224/773/153 1235/759/153
f 1226/768/154 1244/780/154 1236/776/154 1227/775/154
f 1245/765/155 1223/778/155 1222/771/155 1237/764/155
f 1616/1012/18 1582/1055/18 1583/1060/18 1618/1011/18
f 1582/1055/18 1584/1022/18 1585/1061/18 1583/1060/18
f 1584/1022/18 1586/1013/18 1587/1062/18 1585/1061/18
f 1586/1013/18 1588/1014/18 1589/1063/18 1587/1062/18
f 1588/1014/18 1590/1048/18 1591/1027/18 1589/1063/18
f 1590/1048/18 1592/1025/18 1593/1023/18 1591/1027/18
f 1592/1025/18 1594/1026/18 1595/1020/18 1593/1023/18
f 1594/1026/18 1596/1052/18 1597/1017/18 1595/1020/18
f 1596/1052/18 1617/1005/18 1619/1006/18 1597/1017/18
f 1615/1003/18 1598/1004/18 1599/1064/18 1620/1021/18
f 1598/1004/18 1600/1019/18 1601/1065/18 1599/1064/18
f 1600/1019/18 1602/1007/18 1603/1066/18 1601/1065/18
f 1602/1007/18 1604/1008/18 1605/1067/18 1603/1066/18
f 1604/1008/18 1606/1051/18 1607/1068/18 1605/1067/18
f 1606/1051/18 1608/1015/18 1609/1069/18 1607/1068/18
f 1608/1015/18 1610/1016/18 1611/1028/18 1609/1069/18
f 1610/1016/18 1612/1009/18 1613/1024/18 1611/1028/18
f 1612/1009/18 1614/1010/18 1621/1018/18 1613/1024/18
f 2254/1659/1 2253/1365/1 2256/1660/1 2255/1661/1 2258/1662/1 2257/1278/1 2260/1663/1 2259/1411/1
f 2248/1326/5 2247/1327/5 2246/1229/5 2245/1440/5 2252/1453/5 2251/1452/5 2250/1448/5 2249/1447/5
f 2724/1012/18 2690/1055/18 2691/1060/18 2726/1011/18
f 2690/1055/18 2692/1022/18 2693/1061/18 2691/1060/18
f 2692/1022/18 2694/1013/18 2695/1062/18 2693/1061/18
f 2694/1013/18 2696/1014/18 2697/1063/18 2695/1062/18
f 2696/1014/18 2698/1048/18 2699/1027/18 2697/1063/18
f 2698/1048/18 2700/1025/18 2701/1023/18 2699/1027/18
f 2700/1025/18 2702/1026/18 2703/1020/18 2701/1023/18
f 2702/1026/18 2704/1052/18 2705/1017/18 2703/1020/18
f 2704/1052/18 2725/1005/18 2727/1006/18 2705/1017/18
f 2723/1003/18 2706/1004/18 2707/1064/18 2728/1021/18
f 2706/1004/18 2708/1019/18 2709/1065/18 2707/1064/18
f 2708/1019/18 2710/1007/18 2711/1066/18 2709/1065/18
f 2710/1007/18 2712/1008/18 2713/1067/18 2711/1066/18
f 2712/1008/18 2714/1051/18 2715/1068/18 2713/1067/18
f 2714/1051/18 2716/1015/18 2717/1069/18 2715/1068/18
f 2716/1015/18 2718/1016/18 2719/1028/18 2717/1069/18
f 2718/1016/18 2720/1009/18 2721/1024/18 2719/1028/18
f 2720/1009/18 2722/1010/18 2729/1018/18 2721/1024/18
f 3365/1659/1 3364/1365/1 3367/1660/1 3366/1661/1 3369/1662/1 3368/1278/1 3371/1663/1 3370/1411/1
f 3359/1326/5 3358/1327/5 3357/1229/5 3356/1440/5 3363/1453/5 3362/1452/5 3361/1448/5 3360/1447/5
usemtl M_Gris_Metal
f 240/1/1 275/2/1 676/2/1 669/1/1
f 232/3/1 261/4/1 263/5/1 250/6/1
f 39/7/2 269/8/2 288/9/2 41/10/2
f 286/11/3 282/12/3 679/12/3 680/11/3
f 25/13/4 267/14/4 312/15/4 61/13/4
f 268/16/4 228/17/4 702/17/4 703/16/4
f 273/18/1 26/19/1 62/19/1 313/20/1
f 21/21/4 171/22/4 123/22/4 54/21/4
f 259/30/4 21/21/4 54/21/4 305/31/4
f 29/37/1 284/38/1 319/39/1 69/37/1
f 27/40/5 276/41/5 315/42/5 65/40/5
f 43/43/6 285/44/6 264/45/6 45/46/6
f 28/47/5 175/48/5 114/48/5 66/47/5
f 244/49/7 271/50/7 646/51/7 635/52/7
f 278/64/8 31/65/8 26/19/8 273/66/8
f 172/78/5 27/40/5 65/40/5 110/78/5
f 281/82/5 28/47/5 66/47/5 317/83/5
f 274/84/5 237/85/5 668/85/5 677/84/5
f 648/86/6 641/87/6 250/6/6 263/88/6
f 258/89/9 247/90/9 638/91/9 643/92/9
f 270/93/2 255/94/2 640/95/2 649/96/2
f 35/97/9 257/98/9 280/99/9 37/100/9
f 277/107/3 274/84/3 677/84/3 678/107/3
f 267/14/5 25/13/5 33/108/5 272/109/5
f 247/110/1 258/89/1 260/111/1 230/112/1
f 171/113/4 191/114/4 88/115/4 123/113/4
f 161/116/10 162/117/10 31/65/10 33/118/10
f 163/119/11 164/120/11 35/97/11 37/100/11
f 165/121/12 166/122/12 43/43/12 45/46/12
f 167/123/13 168/124/13 39/7/13 41/10/13
f 162/125/14 169/126/14 26/19/14 31/65/14
f 170/127/15 161/128/15 33/108/15 25/13/15
f 21/21/16 35/97/16 164/129/16 171/22/16
f 37/100/14 27/40/14 172/78/14 163/130/14
f 41/10/17 29/37/17 173/131/17 167/132/17
f 23/133/15 39/7/15 168/134/15 174/135/15
f 28/47/17 43/43/17 166/136/17 175/48/17
f 45/46/16 22/137/16 176/138/16 165/139/16
f 169/140/1 180/141/1 115/142/1 116/140/1
f 266/143/8 23/133/8 58/133/8 309/144/8
f 272/145/7 33/118/7 31/65/7 278/64/7
f 257/98/1 35/97/1 21/21/1 259/30/1
f 644/146/5 637/147/5 1167/147/5 1170/148/5
f 26/19/1 169/126/1 116/126/1 62/19/1
f 261/4/8 232/151/8 700/3/8 705/4/8
f 636/152/1 645/153/1 1179/154/1 1174/152/1
f 642/155/5 647/156/5 1181/156/5 1176/155/5
f 650/157/1 639/158/1 1169/158/1 1172/157/1
f 230/112/4 260/111/4 714/111/4 707/112/4
f 226/167/8 265/168/8 712/168/8 709/169/8
f 344/206/20 333/207/20 332/208/20 348/209/20
f 350/210/21 341/211/21 340/212/21 356/213/21
f 175/48/5 178/220/5 113/221/5 114/48/5
f 276/222/8 27/40/8 37/100/8 280/99/8
f 173/131/1 29/37/1 69/37/1 111/131/1
f 285/44/4 43/43/4 28/47/4 281/82/4
f 176/138/8 22/137/8 57/137/8 109/138/8
f 269/8/5 39/7/5 23/133/5 266/143/5
f 228/17/5 268/16/5 271/225/5 244/226/5
f 23/133/8 174/135/8 132/135/8 58/133/8
f 174/227/8 190/228/8 107/229/8 132/227/8
f 284/38/4 29/37/4 41/10/4 288/9/4
f 22/137/8 262/230/8 307/231/8 57/137/8
f 170/127/4 25/13/4 61/13/4 129/127/4
f 262/230/1 22/137/1 45/46/1 264/45/1
f 255/94/5 270/93/5 265/168/5 226/169/5
f 1251/255/5 1256/256/5 1247/257/5 355/258/5 452/258/5 436/255/5
f 190/228/1 188/259/1 130/259/1 107/228/1
f 404/263/25 399/264/25 332/208/25 333/207/25
f 335/234/18 338/243/18 401/265/18 406/266/18
f 406/266/26 401/265/26 340/212/26 341/211/26
f 103/273/4 40/274/4 206/274/4 221/273/4
f 76/275/8 82/276/8 213/276/8 205/275/8
f 87/277/5 32/278/5 194/278/5 219/277/5
f 72/279/4 81/280/4 212/280/4 197/279/4
f 30/281/8 93/282/8 220/282/8 195/281/8
f 80/283/5 73/284/5 200/284/5 211/283/5
f 40/274/2 38/285/2 207/285/2 206/274/2
f 70/286/1 79/287/1 210/287/1 193/286/1
f 118/288/5 185/288/5 177/289/5 112/290/5
f 128/291/2 184/291/2 183/292/2 126/293/2
f 44/294/6 42/295/6 203/295/6 202/294/6
f 117/296/7 186/297/7 185/288/7 118/288/7
f 82/276/5 103/273/5 221/273/5 213/276/5
f 119/298/6 182/299/6 181/300/6 120/300/6
f 102/301/4 179/302/4 170/303/4 129/303/4
f 88/114/5 191/114/5 184/291/5 128/291/5
f 125/304/5 192/305/5 172/306/5 110/306/5
f 112/307/8 177/289/8 176/308/8 109/308/8
f 78/309/4 71/310/4 196/310/4 209/309/4
f 120/300/27 181/300/27 179/302/27 102/302/27
f 182/299/28 119/142/28 115/142/28 180/141/28
f 126/292/29 183/292/29 192/305/29 125/305/29
f 36/313/9 34/314/9 199/314/9 198/313/9
f 327/315/18 330/316/18 399/317/18 404/318/18
f 113/319/30 178/220/30 186/297/30 117/319/30
f 130/259/9 188/259/9 187/320/9 121/321/9
f 122/322/1 189/323/1 173/131/1 111/131/1
f 189/323/31 122/324/31 121/324/31 187/320/31
f 330/316/4 327/315/4 415/315/4 414/316/4
f 338/243/8 335/234/8 417/234/8 420/243/8
f 70/286/18 71/310/18 162/391/18 161/392/18
f 72/279/18 73/284/18 164/393/18 163/394/18
f 74/395/18 75/396/18 166/136/18 165/397/18
f 76/275/18 77/398/18 168/399/18 167/132/18
f 71/310/18 78/309/18 169/140/18 162/391/18
f 79/287/18 70/286/18 161/392/18 170/303/18
f 73/284/18 80/283/18 171/113/18 164/393/18
f 81/280/18 72/279/18 163/394/18 172/306/18
f 82/276/18 76/275/18 167/132/18 173/131/18
f 77/398/18 83/400/18 174/227/18 168/399/18
f 75/396/18 84/401/18 175/48/18 166/136/18
f 85/402/18 74/395/18 165/397/18 176/308/18
f 90/403/18 85/402/18 176/308/18 177/289/18
f 84/401/18 97/404/18 178/220/18 175/48/18
f 87/277/18 79/287/18 170/303/18 179/302/18
f 78/309/18 93/282/18 180/141/18 169/140/18
f 30/281/18 32/278/18 181/300/18 182/299/18
f 34/314/18 36/313/18 183/292/18 184/291/18
f 42/295/18 44/294/18 185/288/18 186/297/18
f 38/285/18 40/274/18 187/320/18 188/259/18
f 93/282/18 30/281/18 182/299/18 180/141/18
f 32/278/18 87/277/18 179/302/18 181/300/18
f 40/274/18 103/273/18 189/323/18 187/320/18
f 83/400/18 59/405/18 190/228/18 174/227/18
f 59/405/18 38/285/18 188/259/18 190/228/18
f 80/283/18 89/406/18 191/114/18 171/113/18
f 89/406/18 34/314/18 184/291/18 191/114/18
f 44/294/18 90/403/18 177/289/18 185/288/18
f 91/407/18 81/280/18 172/306/18 192/305/18
f 36/313/18 91/407/18 192/305/18 183/292/18
f 97/404/18 42/295/18 186/297/18 178/220/18
f 103/273/18 82/276/18 173/131/18 189/323/18
f 83/400/1 77/398/1 208/398/1 214/400/1
f 59/405/4 83/400/4 214/400/4 222/405/4
f 84/401/8 75/396/8 204/396/8 215/401/8
f 38/285/5 59/405/5 222/405/5 207/285/5
f 74/395/5 85/402/5 216/402/5 201/395/5
f 89/406/8 80/283/8 211/283/8 223/406/8
f 85/402/4 90/403/4 217/403/4 216/402/4
f 34/314/1 89/406/1 223/406/1 199/314/1
f 97/404/1 84/401/1 215/401/1 218/404/1
f 71/310/6 70/286/6 193/286/6 196/310/6
f 90/403/1 44/294/1 202/294/1 217/403/1
f 79/287/8 87/277/8 219/277/8 210/287/8
f 73/284/2 72/279/2 197/279/2 200/284/2
f 81/280/1 91/407/1 224/407/1 212/280/1
f 93/282/5 78/309/5 209/309/5 220/282/5
f 75/396/7 74/395/7 201/395/7 204/396/7
f 91/407/49 36/313/49 198/313/49 224/407/49
f 32/278/7 30/281/7 195/281/7 194/278/7
f 77/398/9 76/275/9 205/275/9 208/398/9
f 42/295/29 97/404/29 218/404/29 203/295/29
f 1246/408/4 351/409/4 355/258/4 1247/257/4
f 702/17/3 228/17/3 524/17/3 538/17/3
f 355/258/50 351/409/50 448/409/50 452/258/50
f 350/210/51 356/213/51 449/213/51 447/210/51
f 712/168/52 265/168/52 533/168/52 536/168/52
f 266/143/55 309/144/55 535/144/55 534/143/55
f 1252/411/56 1253/412/56 440/412/56 444/411/56
f 344/206/57 348/209/57 441/209/57 439/206/57
f 338/243/60 420/243/60 484/243/60 630/243/60
f 641/87/3 642/155/3 531/155/3 515/87/3
f 1250/413/3 1251/255/3 436/255/3 434/413/3
f 232/3/3 250/6/3 514/6/3 530/3/3
f 255/94/3 226/169/3 504/169/3 519/94/3
f 322/415/3 323/416/3 432/416/3 430/415/3
f 639/158/3 640/417/3 518/417/3 528/158/3
f 650/157/64 1172/157/64 577/157/64 561/157/64
f 319/39/65 284/38/65 562/38/65 576/39/65
f 247/110/3 230/112/3 498/112/3 511/110/3
f 1169/158/3 639/158/3 528/158/3 569/158/3
f 637/147/3 638/419/3 510/419/3 526/147/3
f 281/82/66 317/83/66 585/83/66 559/82/66
f 1181/156/67 647/156/67 560/156/67 586/156/67
f 228/17/3 244/226/3 508/226/3 524/17/3
f 642/155/3 1176/155/3 583/155/3 531/155/3
f 636/152/3 1174/152/3 581/152/3 521/152/3
f 635/52/3 636/152/3 521/152/3 505/52/3
f 261/4/69 705/4/69 575/4/69 553/4/69
f 640/95/3 255/94/3 519/94/3 518/95/3
f 307/231/70 262/230/70 554/230/70 574/231/70
f 315/42/72 276/41/72 552/41/72 573/42/72
f 1167/147/3 637/147/3 526/147/3 567/147/3
f 250/6/3 641/87/3 515/87/3 514/6/3
f 714/111/73 260/111/73 564/111/73 580/111/73
f 259/30/75 305/31/75 579/31/75 563/30/75
f 638/91/3 247/90/3 511/90/3 510/91/3
f 273/18/76 313/20/76 578/20/76 557/18/76
f 244/49/3 635/52/3 505/52/3 508/49/3
f 700/3/3 232/151/3 530/151/3 571/3/3
f 226/167/3 709/169/3 501/169/3 504/167/3
f 230/112/3 707/112/3 499/112/3 498/112/3
f 312/15/91 267/14/91 493/14/91 496/15/91
f 399/317/104 330/316/104 610/316/104 599/317/104
f 648/86/18 263/88/18 541/88/18 540/86/18
f 322/415/8 1248/446/8 1249/447/8 323/416/8
f 401/265/106 338/243/106 630/243/106 591/265/106
f 264/45/3 285/44/3 539/44/3 542/45/3
f 327/315/106 404/318/106 596/318/106 611/315/106
f 270/93/18 649/96/18 545/96/18 544/93/18
f 335/234/104 406/266/104 588/266/104 607/234/104
f 288/9/3 269/8/3 543/8/3 546/9/3
f 406/266/1 341/211/1 589/211/1 588/266/1
f 258/89/18 643/92/18 549/92/18 548/89/18
f 280/99/3 257/98/3 547/98/3 550/99/3
f 276/222/3 280/99/3 550/99/3 552/222/3
f 340/212/5 401/265/5 591/265/5 594/212/5
f 643/92/18 644/148/18 551/148/18 549/92/18
f 404/263/5 333/207/5 597/207/5 596/263/5
f 262/230/3 264/45/3 542/45/3 554/230/3
f 263/5/18 261/4/18 553/4/18 541/5/18
f 278/64/3 273/66/3 557/66/3 556/64/3
f 645/154/18 646/51/18 555/51/18 558/154/18
f 332/208/1 399/264/1 599/264/1 602/208/1
f 285/44/3 281/82/3 559/82/3 539/44/3
f 647/156/18 648/86/18 540/86/18 560/156/18
f 333/207/5 344/206/5 439/206/5 597/207/5
f 284/38/3 288/9/3 546/9/3 562/38/3
f 649/96/18 650/157/18 561/157/18 545/96/18
f 257/98/3 259/30/3 563/30/3 547/98/3
f 348/209/1 332/208/1 602/208/1 441/209/1
f 260/111/18 258/89/18 548/89/18 564/111/18
f 272/145/3 278/64/3 556/64/3 566/145/3
f 341/211/1 350/210/1 447/210/1 589/211/1
f 646/51/18 271/50/18 565/50/18 555/51/18
f 269/8/3 266/143/3 534/143/3 543/8/3
f 265/168/18 270/93/18 544/93/18 533/168/18
f 356/213/5 340/212/5 594/212/5 449/213/5
f 267/14/3 272/109/3 566/109/3 493/14/3
f 417/234/110 335/234/110 607/234/110 481/234/110
f 271/225/18 268/16/18 494/16/18 565/225/18
f 330/316/36 414/316/36 478/316/36 610/316/36
f 415/315/111 327/315/111 611/315/111 479/315/111
f 268/16/112 703/16/112 495/16/112 494/16/112
f 241/457/8 237/85/8 636/152/8 635/52/8
f 240/1/8 246/458/8 638/419/8 637/147/8
f 236/459/4 254/460/4 640/417/4 639/158/4
f 251/461/4 233/462/4 642/155/4 641/87/4
f 279/463/8 275/2/8 644/148/8 643/92/8
f 274/84/8 277/107/8 646/51/8 645/154/8
f 282/12/4 286/11/4 648/86/4 647/156/4
f 287/464/4 283/465/4 650/157/4 649/96/4
f 286/11/4 251/461/4 641/87/4 648/86/4
f 233/462/4 282/12/4 647/156/4 642/155/4
f 283/465/4 236/459/4 639/158/4 650/157/4
f 254/460/4 287/464/4 649/96/4 640/417/4
f 277/107/8 241/457/8 635/52/8 646/51/8
f 237/85/8 274/84/8 645/154/8 636/152/8
f 275/2/8 240/1/8 637/147/8 644/148/8
f 246/458/8 279/463/8 643/92/8 638/419/8
f 283/465/3 287/464/3 681/464/3 682/465/3
f 237/85/18 241/457/18 667/457/18 668/85/18
f 279/463/5 246/458/5 670/458/5 675/463/5
f 251/461/5 286/11/5 680/11/5 673/461/5
f 246/458/18 240/1/18 669/1/18 670/458/18
f 282/12/1 233/462/1 674/462/1 679/12/1
f 254/460/18 236/459/18 671/459/18 672/460/18
f 236/459/5 283/465/5 682/465/5 671/459/5
f 233/462/18 251/461/18 673/461/18 674/462/18
f 287/464/1 254/460/1 672/460/1 681/464/1
f 275/2/3 279/463/3 675/463/3 676/2/3
f 241/457/1 277/107/1 678/107/1 667/457/1
f 980/635/8 981/636/8 988/636/8 989/635/8
f 986/637/8 987/638/8 994/638/8 995/637/8
f 973/628/5 972/630/5 981/636/5 980/635/5
f 972/630/5 975/629/5 982/639/5 981/636/5
f 975/629/5 974/627/5 983/640/5 982/639/5
f 974/627/5 973/628/5 980/635/5 983/640/5
f 977/632/1 976/631/1 985/641/1 984/642/1
f 976/631/1 979/633/1 986/637/1 985/641/1
f 979/633/1 978/634/1 987/638/1 986/637/1
f 978/634/1 977/632/1 984/642/1 987/638/1
f 987/638/18 984/642/18 993/642/18 994/638/18
f 982/639/4 983/640/4 990/640/4 991/639/4
f 983/640/18 980/635/18 989/635/18 990/640/18
f 985/641/3 986/637/3 995/637/3 992/641/3
f 984/642/4 985/641/4 992/641/4 993/642/4
f 981/636/3 982/639/3 991/639/3 988/636/3
f 1067/657/8 1068/729/8 1101/729/8 1100/657/8
f 1088/695/8 1055/694/8 1137/694/8 1136/695/8
f 1056/736/4 1066/710/4 1099/710/4 1098/736/4
f 1087/733/18 1088/695/18 1136/695/18 1135/733/18
f 1063/718/18 1054/675/18 1138/675/18 1147/718/18
f 1058/713/18 1059/663/18 1097/663/18 1096/713/18
f 1086/721/4 1087/733/4 1135/733/4 1134/721/4
f 1053/705/8 1063/718/8 1147/718/8 1140/705/8
f 1060/698/8 1065/728/8 1095/728/8 1094/698/8
f 1064/689/8 1084/688/8 1132/688/8 1093/689/8
f 1062/720/18 1064/689/18 1093/689/18 1092/720/18
f 1041/727/8 1043/731/8 1146/731/8 1113/727/8
f 1107/681/114 1115/680/114 1116/690/114 1106/719/114
f 1146/731/115 1114/669/115 1112/668/115 1113/727/115
f 1118/699/115 1119/665/115 1120/712/115 1117/711/115
f 1122/715/114 1110/687/114 1111/686/114 1121/709/114
f 1144/724/114 1123/723/114 1124/702/114 1125/701/114
f 1101/708/115 1143/707/115 1109/658/115 1100/657/115
f 1127/660/115 1102/659/115 1103/670/115 1126/730/115
f 1129/704/114 1130/703/114 1131/679/114 1128/678/114
f 1099/710/114 1108/685/114 1142/726/114 1098/725/114
f 1096/713/115 1097/663/115 1145/717/115 1105/716/115
f 1095/728/115 1104/667/115 1141/666/115 1094/698/115
f 1092/720/114 1093/689/114 1132/688/114 1133/714/114
f 1135/733/114 1136/695/114 1137/722/114 1134/721/114
f 1147/718/115 1138/675/115 1139/706/115 1140/705/115
f 1036/671/4 1069/670/4 1103/670/4 1102/671/4
f 1054/675/4 1089/674/4 1139/674/4 1138/675/4
f 1065/728/18 1061/667/18 1104/667/18 1095/728/18
f 1057/716/8 1058/713/8 1096/713/8 1105/716/8
f 1042/719/4 1070/681/4 1107/681/4 1106/719/4
f 1078/715/18 1040/687/18 1110/687/18 1122/715/18
f 1066/710/18 1071/685/18 1108/685/18 1099/710/18
f 1061/667/4 1052/666/4 1141/666/4 1104/667/4
f 1040/687/8 1039/686/8 1111/686/8 1110/687/8
f 1048/660/18 1036/659/18 1102/659/18 1127/660/18
f 1073/669/4 1072/668/4 1112/668/4 1114/669/4
f 1090/673/4 1037/672/4 1109/672/4 1143/673/4
f 1074/680/8 1075/690/8 1116/690/8 1115/680/8
f 1038/724/18 1079/723/18 1123/723/18 1144/724/18
f 1045/732/8 1044/699/8 1118/699/8 1117/732/8
f 1071/685/8 1047/684/8 1142/684/8 1108/685/8
f 1044/699/18 1076/665/18 1119/665/18 1118/699/18
f 1068/708/18 1090/707/18 1143/707/18 1101/708/18
f 1076/665/4 1077/664/4 1120/664/4 1119/665/4
f 1081/701/4 1038/734/4 1144/734/4 1125/701/4
f 1046/709/4 1078/715/4 1122/715/4 1121/709/4
f 1085/714/4 1062/720/4 1092/720/4 1133/714/4
f 1079/693/8 1080/692/8 1124/692/8 1123/693/8
f 1059/663/4 1091/662/4 1145/662/4 1097/663/4
f 1082/730/8 1048/660/8 1127/660/8 1126/730/8
f 1043/731/18 1073/669/18 1114/669/18 1146/731/18
f 1050/678/4 1049/735/4 1129/735/4 1128/678/4
f 1049/704/18 1051/703/18 1130/703/18 1129/704/18
f 1070/681/18 1074/680/18 1115/680/18 1107/681/18
f 1051/691/8 1083/679/8 1131/679/8 1130/691/8
f 323/416/1 1249/447/1 1255/781/1 1252/411/1 444/411/1 432/416/1
f 1253/412/5 1254/782/5 1248/446/5 322/415/5 430/415/5 440/412/5
f 1254/782/8 1255/781/8 1249/447/8 1248/446/8
f 1246/408/4 1247/257/4 1256/256/4 1257/783/4
f 351/409/1 1246/408/1 1257/783/1 1250/413/1 434/413/1 448/409/1
f 1250/413/4 1257/783/4 1256/256/4 1251/255/4
f 1396/784/1 1327/785/1 1347/786/1 1423/787/1
f 1392/788/8 1432/789/8 1351/790/8 1419/791/8
f 1400/798/5 1323/799/5 1343/800/5 1415/801/5
f 1386/810/4 1440/811/4 1339/812/4 1413/813/4
f 1399/855/175 1320/856/175 1329/857/175 1403/858/175
f 1395/859/176 1324/860/176 1333/861/176 1407/862/176
f 1407/862/1 1333/861/1 1334/874/1 1408/875/1
f 1420/876/1 1349/877/1 1324/860/1 1395/878/1
f 1403/858/5 1329/857/5 1330/879/5 1404/880/5
f 1410/881/5 1337/882/5 1320/856/5 1399/855/5
f 1404/883/174 1330/879/174 1323/799/174 1400/798/174
f 1408/886/178 1334/874/178 1327/785/178 1396/784/178
f 1416/889/8 1341/890/8 1427/891/8 1390/892/8
f 1424/895/4 1345/896/4 1435/897/4 1384/898/4
f 1349/877/180 1420/876/180 1419/791/180 1351/790/180
f 1341/890/177 1416/889/177 1415/901/177 1343/902/177
f 1345/896/181 1424/895/181 1423/903/181 1347/904/181
f 1427/891/172 1341/890/172 1553/905/172 1560/906/172
f 1413/907/179 1339/908/179 1337/909/179 1410/910/179
f 1351/790/172 1432/913/172 1558/914/172 1554/915/172
f 1561/916/182 1550/917/182 1339/812/182 1440/811/182
f 1542/918/183 1543/918/183 1323/799/183 1330/879/183
f 1544/919/184 1545/920/184 1327/785/184 1334/874/184
f 1546/921/185 1547/921/185 1329/857/185 1320/856/185
f 1547/921/186 1542/918/186 1330/879/186 1329/857/186
f 1548/922/187 1549/923/187 1333/861/187 1324/860/187
f 1549/924/188 1544/919/188 1334/874/188 1333/861/188
f 1550/925/189 1551/926/189 1337/909/189 1339/908/189
f 1552/927/190 1553/928/190 1341/890/190 1343/902/190
f 1554/929/191 1555/930/191 1349/877/191 1351/790/191
f 1556/931/192 1557/932/192 1345/896/192 1347/904/192
f 1551/933/193 1546/934/193 1320/856/193 1337/882/193
f 1343/800/194 1323/799/194 1543/937/194 1552/938/194
f 1347/786/195 1327/785/195 1545/920/195 1556/939/195
f 1324/860/196 1349/877/196 1555/942/196 1548/922/196
f 1435/897/182 1345/896/182 1557/943/182 1559/944/182
f 1416/889/3 1390/892/3 1313/892/3 1444/889/3
f 1400/798/3 1415/801/3 1443/801/3 1287/798/3
f 1408/886/3 1396/784/3 1285/784/3 1305/886/3
f 1561/916/1 1440/811/1 1468/811/1 1467/916/1
f 1386/810/3 1413/813/3 1266/813/3 1314/810/3
f 1404/883/3 1400/798/3 1287/798/3 1291/883/3
f 1410/881/3 1399/855/3 1288/855/3 1269/881/3
f 1435/897/5 1559/944/5 1464/944/5 1463/897/5
f 1560/984/1 1561/985/1 1467/985/1 1456/984/1
f 1399/855/3 1403/858/3 1292/858/3 1288/855/3
f 1423/903/3 1424/895/3 1452/895/3 1451/903/3
f 1558/914/5 1432/913/5 1460/913/5 1459/914/5
f 1403/858/3 1404/880/3 1291/880/3 1292/858/3
f 1419/791/3 1420/876/3 1448/876/3 1447/791/3
f 1440/811/1 1386/810/1 1314/810/1 1468/811/1
f 1559/947/5 1558/948/5 1459/948/5 1464/947/5
f 1396/784/3 1423/787/3 1451/787/3 1285/784/3
f 1424/895/3 1384/898/3 1319/898/3 1452/895/3
f 1392/788/3 1419/791/3 1447/791/3 1308/788/3
f 1390/892/1 1427/891/1 1455/891/1 1313/892/1
f 1413/907/3 1410/910/3 1269/910/3 1266/907/3
f 1407/862/3 1408/875/3 1305/875/3 1306/862/3
f 1432/789/5 1392/788/5 1308/788/5 1460/789/5
f 1420/876/3 1395/878/3 1294/878/3 1448/876/3
f 1415/901/3 1416/889/3 1444/889/3 1443/901/3
f 1384/898/5 1435/897/5 1463/897/5 1319/898/5
f 1427/891/1 1560/906/1 1456/906/1 1455/891/1
f 1395/859/3 1407/862/3 1306/862/3 1294/859/3
f 1436/1003/8 1344/1004/8 1598/1004/8 1615/1003/8
f 1439/1005/219 1511/1006/219 1619/1006/219 1617/1005/219
f 1326/1007/243 1335/1008/243 1604/1008/243 1602/1007/243
f 1350/1009/4 1431/1010/4 1614/1010/4 1612/1009/4
f 1502/1011/220 1428/1012/220 1616/1012/220 1618/1011/220
f 1322/1013/244 1331/1014/244 1588/1014/244 1586/1013/244
f 1325/1015/245 1348/1016/245 1610/1016/245 1608/1015/245
f 1511/1006/4 1510/1017/4 1597/1017/4 1619/1006/4
f 1431/1010/221 1521/1018/221 1621/1018/221 1614/1010/221
f 1561/985/18 1560/984/18 1562/945/18 1571/946/18
f 1558/948/18 1559/947/18 1572/837/18 1581/838/18
f 1346/1019/246 1326/1007/246 1602/1007/246 1600/1019/246
f 1510/1017/179 1509/1020/179 1595/1020/179 1597/1017/179
f 1512/1021/222 1436/1003/222 1615/1003/222 1620/1021/222
f 1342/1022/247 1322/1013/247 1586/1013/247 1584/1022/247
f 1509/1020/245 1508/1023/245 1593/1023/245 1595/1020/245
f 1521/1018/8 1520/1024/8 1613/1024/8 1621/1018/8
f 1321/1025/248 1336/1026/248 1594/1026/248 1592/1025/248
f 1508/1023/249 1507/1027/249 1591/1027/249 1593/1023/249
f 1520/1024/221 1519/1028/221 1611/1028/221 1613/1024/221
f 1331/1014/18 1322/1013/18 1543/1046/18 1542/1047/18
f 1335/1008/18 1326/1007/18 1545/920/18 1544/919/18
f 1321/1025/18 1328/1048/18 1547/1049/18 1546/1050/18
f 1328/1048/18 1331/1014/18 1542/1047/18 1547/1049/18
f 1325/1015/18 1332/1051/18 1549/923/18 1548/922/18
f 1332/1051/18 1335/1008/18 1544/919/18 1549/923/18
f 1338/1052/18 1336/1026/18 1551/1053/18 1550/1054/18
f 1342/1022/18 1340/1055/18 1553/1056/18 1552/1057/18
f 1350/1009/18 1348/1016/18 1555/942/18 1554/1058/18
f 1346/1019/18 1344/1004/18 1557/1059/18 1556/939/18
f 1336/1026/18 1321/1025/18 1546/1050/18 1551/1053/18
f 1322/1013/18 1342/1022/18 1552/1057/18 1543/1046/18
f 1326/1007/18 1346/1019/18 1556/939/18 1545/920/18
f 1348/1016/18 1325/1015/18 1548/922/18 1555/942/18
f 1431/1010/18 1350/1009/18 1554/1058/18 1558/948/18
f 1344/1004/18 1436/1003/18 1559/947/18 1557/1059/18
f 1340/1055/18 1428/1012/18 1560/984/18 1553/1056/18
f 1439/1005/18 1338/1052/18 1550/1054/18 1561/985/18
f 1502/1011/18 1503/1060/18 1563/1029/18 1562/945/18
f 1503/1060/18 1504/1061/18 1564/1030/18 1563/1029/18
f 1504/1061/18 1505/1062/18 1565/1031/18 1564/1030/18
f 1505/1062/18 1506/1063/18 1566/1032/18 1565/1031/18
f 1506/1063/18 1507/1027/18 1567/1033/18 1566/1032/18
f 1507/1027/18 1508/1023/18 1568/1034/18 1567/1033/18
f 1508/1023/18 1509/1020/18 1569/1035/18 1568/1034/18
f 1509/1020/18 1510/1017/18 1570/1036/18 1569/1035/18
f 1510/1017/18 1511/1006/18 1571/946/18 1570/1036/18
f 1428/1012/18 1502/1011/18 1562/945/18 1560/984/18
f 1511/1006/18 1439/1005/18 1561/985/18 1571/946/18
f 1512/1021/18 1513/1064/18 1573/1037/18 1572/837/18
f 1513/1064/18 1514/1065/18 1574/1038/18 1573/1037/18
f 1514/1065/18 1515/1066/18 1575/1039/18 1574/1038/18
f 1515/1066/18 1516/1067/18 1576/1040/18 1575/1039/18
f 1516/1067/18 1517/1068/18 1577/1041/18 1576/1040/18
f 1517/1068/18 1518/1069/18 1578/1042/18 1577/1041/18
f 1518/1069/18 1519/1028/18 1579/1043/18 1578/1042/18
f 1519/1028/18 1520/1024/18 1580/1044/18 1579/1043/18
f 1520/1024/18 1521/1018/18 1581/838/18 1580/1044/18
f 1436/1003/18 1512/1021/18 1572/837/18 1559/947/18
f 1521/1018/18 1431/1010/18 1558/948/18 1581/838/18
f 1328/1048/266 1321/1025/266 1592/1025/266 1590/1048/266
f 1513/1064/4 1512/1021/4 1620/1021/4 1599/1064/4
f 1428/1012/4 1340/1055/4 1582/1055/4 1616/1012/4
f 1331/1014/1 1328/1048/1 1590/1048/1 1588/1014/1
f 1514/1065/222 1513/1064/222 1599/1064/222 1601/1065/222
f 1338/1052/8 1439/1005/8 1617/1005/8 1596/1052/8
f 1332/1051/249 1325/1015/249 1608/1015/249 1606/1051/249
f 1515/1066/247 1514/1065/247 1601/1065/247 1603/1066/247
f 1503/1060/8 1502/1011/8 1618/1011/8 1583/1060/8
f 1335/1008/5 1332/1051/5 1606/1051/5 1604/1008/5
f 1516/1067/244 1515/1066/244 1603/1066/244 1605/1067/244
f 1504/1061/220 1503/1060/220 1583/1060/220 1585/1061/220
f 1336/1026/180 1338/1052/180 1596/1052/180 1594/1026/180
f 1517/1068/1 1516/1067/1 1605/1067/1 1607/1068/1
f 1505/1062/246 1504/1061/246 1585/1061/246 1587/1062/246
f 1340/1055/181 1342/1022/181 1584/1022/181 1582/1055/181
f 1518/1069/267 1517/1068/267 1607/1068/267 1609/1069/267
f 1506/1063/243 1505/1062/243 1587/1062/243 1589/1063/243
f 1348/1016/179 1350/1009/179 1612/1009/179 1610/1016/179
f 1519/1028/248 1518/1069/248 1609/1069/248 1611/1028/248
f 1507/1027/5 1506/1063/5 1589/1063/5 1591/1027/5
f 1344/1004/177 1346/1019/177 1600/1019/177 1598/1004/177
f 1952/1126/5 1957/1129/5 2274/1129/5 2263/1126/5
f 1951/1127/1 1946/1145/1 2265/1145/1 2268/1127/1
f 1936/1531/1 1945/1512/1 1981/1512/1 1987/1531/1
f 1958/1132/1 1954/1128/1 2275/1128/1 2271/1132/1
f 1944/1536/5 1937/1538/5 1988/1538/5 1980/1536/5
f 1963/1514/5 1944/1517/5 1980/1517/5 1979/1514/5
f 1955/1496/5 1959/1499/5 2272/1499/5 2276/1496/5
f 1947/1115/5 1950/1539/5 2267/1539/5 2266/1115/5
f 1934/1527/1 1943/1526/1 1977/1526/1 1985/1527/1
f 1942/1513/5 1935/1532/5 1986/1532/5 1976/1513/5
f 1943/1526/1 1964/1540/1 1974/1540/1 1977/1526/1
f 1960/1501/1 1956/1541/1 2273/1541/1 2269/1501/1
f 1953/1542/1 1948/1543/1 2261/1543/1 2264/1542/1
f 1938/1144/1 1936/1535/1 1987/1535/1 1972/1144/1
f 1957/1129/5 1961/1133/5 2270/1133/5 2274/1129/5
f 1937/1544/5 1939/1112/5 1973/1112/5 1988/1544/5
f 1971/1143/4 2262/1146/4 2261/1543/4 1970/1547/4
f 1973/1112/4 2266/1115/4 2265/1145/4 1972/1144/4
f 1975/1137/14 1976/1513/14 1977/1526/14 1974/1540/14
f 1979/1514/14 1980/1517/14 1981/1512/14 1978/1136/14
f 2270/1133/8 1975/1137/8 1974/1502/8 2269/1501/8
f 2272/1522/8 1979/1514/8 1978/1136/8 2271/1132/8
f 2263/1126/3 2274/1129/3 2273/1541/3 2264/1542/3
f 2267/1548/3 2276/1496/3 2275/1128/3 2268/1127/3
f 1986/1534/17 1971/1143/17 1970/1547/17 1985/1549/17
f 1988/1544/17 1973/1112/17 1972/1144/17 1987/1535/17
f 1976/1513/18 1986/1532/18 1985/1527/18 1977/1526/18
f 1980/1536/18 1988/1538/18 1987/1531/18 1981/1512/18
f 1945/1512/1 1962/1136/1 1978/1136/1 1981/1512/1
f 1956/1541/1 1953/1542/1 2264/1542/1 2273/1541/1
f 1941/1143/5 1949/1146/5 2262/1146/5 1971/1143/5
f 1950/1548/5 1955/1496/5 2276/1496/5 2267/1548/5
f 1961/1133/5 1965/1137/5 1975/1137/5 2270/1133/5
f 1948/1543/1 1940/1547/1 1970/1547/1 2261/1543/1
f 1954/1128/1 1951/1127/1 2268/1127/1 2275/1128/1
f 1964/1502/1 1960/1501/1 2269/1501/1 1974/1502/1
f 1939/1112/5 1947/1115/5 2266/1115/5 1973/1112/5
f 1935/1534/5 1941/1143/5 1971/1143/5 1986/1534/5
f 1959/1522/5 1963/1514/5 1979/1514/5 2272/1522/5
f 1946/1145/1 1938/1144/1 1972/1144/1 2265/1145/1
f 1940/1547/1 1934/1549/1 1985/1549/1 1970/1547/1
f 1962/1136/1 1958/1132/1 2271/1132/1 1978/1136/1
f 1949/1146/5 1952/1126/5 2263/1126/5 2262/1146/5
f 1965/1137/5 1942/1513/5 1976/1513/5 1975/1137/5
f 1966/1664/271 2309/1665/271 2261/1543/271 2262/1146/271
f 2310/1666/271 1966/1664/271 2262/1146/271 2263/1126/271
f 1967/1667/271 2310/1666/271 2263/1126/271 2264/1542/271
f 2309/1665/271 1967/1667/271 2264/1542/271 2261/1543/271
f 2312/1668/271 2311/1669/271 2265/1145/271 2266/1115/271
f 1968/1670/271 2312/1668/271 2266/1115/271 2267/1539/271
f 1969/1671/271 1968/1670/271 2267/1539/271 2268/1127/271
f 2311/1669/271 1969/1671/271 2268/1127/271 2265/1145/271
f 2313/1672/272 2314/1673/272 2270/1133/272 2269/1501/272
f 1982/1674/272 2315/1675/272 2272/1499/272 2271/1132/272
f 2316/1676/272 1983/1677/272 2273/1541/272 2274/1129/272
f 2314/1673/272 2316/1676/272 2274/1129/272 2270/1133/272
f 1983/1677/272 2313/1672/272 2269/1501/272 2273/1541/272
f 2317/1678/272 1984/1679/272 2275/1128/272 2276/1496/272
f 2315/1675/272 2317/1678/272 2276/1496/272 2272/1499/272
f 1984/1679/272 1982/1674/272 2271/1132/272 2275/1128/272
f 2294/1680/308 2293/1681/308 2339/1681/308 2349/1680/308
f 1983/1677/4 2316/1676/4 2330/1676/4 2331/1677/4
f 2310/1666/8 1967/1667/8 2321/1667/8 2320/1666/8
f 2279/1682/4 2295/1683/4 2358/1683/4 2350/1682/4
f 2319/1664/3 2320/1666/3 2321/1667/3 2318/1665/3
f 2323/1668/3 2324/1670/3 2325/1671/3 2322/1669/3
f 2330/1676/3 2327/1673/3 2326/1672/3 2331/1677/3
f 2332/1678/3 2329/1675/3 2328/1674/3 2333/1679/3
f 2287/1684/309 2291/1685/309 2357/1685/309 2334/1684/309
f 2296/1686/4 2280/1687/4 2351/1687/4 2359/1686/4
f 2292/1688/310 2288/1689/310 2337/1689/310 2356/1688/310
f 2307/1690/311 2303/1691/311 2335/1691/311 2365/1690/311
f 1984/1679/4 2317/1678/4 2332/1678/4 2333/1679/4
f 1968/1670/8 1969/1671/8 2325/1671/8 2324/1670/8
f 2285/1692/309 2289/1693/309 2355/1693/309 2347/1692/309
f 2304/1694/312 2308/1695/312 2364/1695/312 2336/1694/312
f 2290/1696/310 2286/1697/310 2340/1697/310 2354/1696/310
f 2305/1698/311 2301/1699/311 2346/1699/311 2363/1698/311
f 2288/1689/313 2287/1684/313 2334/1684/313 2337/1689/313
f 2302/1700/312 2306/1701/312 2362/1701/312 2341/1700/312
f 2278/1702/314 2277/1703/314 2309/1665/314 1966/1664/314
f 2279/1682/5 2278/1702/5 1966/1664/5 2310/1666/5
f 2277/1703/1 2280/1687/1 1967/1667/1 2309/1665/1
f 2282/1704/314 2281/1705/314 2311/1669/314 2312/1668/314
f 2283/1706/5 2282/1704/5 2312/1668/5 1968/1670/5
f 2281/1705/1 2284/1707/1 1969/1671/1 2311/1669/1
f 2285/1692/315 2286/1697/315 2314/1673/315 2313/1672/315
f 2287/1684/315 2288/1689/315 2315/1675/315 1982/1674/315
f 2286/1697/5 2290/1696/5 2316/1676/5 2314/1673/5
f 2289/1693/1 2285/1692/1 2313/1672/1 1983/1677/1
f 2288/1689/5 2292/1688/5 2317/1678/5 2315/1675/5
f 2291/1685/1 2287/1684/1 1982/1674/1 1984/1679/1
f 2293/1681/316 2294/1680/316 2319/1664/316 2318/1665/316
f 2294/1680/5 2295/1683/5 2320/1666/5 2319/1664/5
f 2296/1686/1 2293/1681/1 2318/1665/1 2321/1667/1
f 2297/1708/316 2298/1709/316 2323/1668/316 2322/1669/316
f 2298/1709/5 2299/1710/5 2324/1670/5 2323/1668/5
f 2300/1711/1 2297/1708/1 2322/1669/1 2325/1671/1
f 2302/1700/317 2301/1699/317 2326/1672/317 2327/1673/317
f 2304/1694/317 2303/1691/317 2328/1674/317 2329/1675/317
f 2306/1701/5 2302/1700/5 2327/1673/5 2330/1676/5
f 2301/1699/1 2305/1698/1 2331/1677/1 2326/1672/1
f 2308/1695/5 2304/1694/5 2329/1675/5 2332/1678/5
f 2303/1691/1 2307/1690/1 2333/1679/1 2328/1674/1
f 2280/1687/1 2296/1686/1 2321/1667/1 1967/1667/1
f 2295/1683/5 2279/1682/5 2310/1666/5 2320/1666/5
f 2290/1696/5 2306/1701/5 2330/1676/5 2316/1676/5
f 2305/1698/1 2289/1693/1 1983/1677/1 2331/1677/1
f 2299/1710/5 2283/1706/5 1968/1670/5 2324/1670/5
f 2292/1688/5 2308/1695/5 2332/1678/5 2317/1678/5
f 2307/1690/1 2291/1685/1 1984/1679/1 2333/1679/1
f 2284/1707/1 2300/1711/1 2325/1671/1 1969/1671/1
f 2306/1701/8 2290/1696/8 2354/1696/8 2362/1701/8
f 2295/1683/324 2294/1680/324 2349/1680/324 2358/1683/324
f 2277/1703/325 2278/1702/325 2348/1702/325 2338/1703/325
f 2289/1693/8 2305/1698/8 2363/1698/8 2355/1693/8
f 2293/1681/326 2296/1686/326 2359/1686/326 2339/1681/326
f 2278/1702/327 2279/1682/327 2350/1682/327 2348/1702/327
f 2283/1706/4 2299/1710/4 2360/1710/4 2352/1706/4
f 2298/1709/308 2297/1708/308 2344/1708/308 2343/1709/308
f 2280/1687/328 2277/1703/328 2338/1703/328 2351/1687/328
f 2308/1695/8 2292/1688/8 2356/1688/8 2364/1695/8
f 2299/1710/329 2298/1709/329 2343/1709/329 2360/1710/329
f 2281/1705/325 2282/1704/325 2342/1704/325 2345/1705/325
f 2291/1685/8 2307/1690/8 2365/1690/8 2357/1685/8
f 2297/1708/330 2300/1711/330 2361/1711/330 2344/1708/330
f 2282/1704/327 2283/1706/327 2352/1706/327 2342/1704/327
f 2300/1711/4 2284/1707/4 2353/1707/4 2361/1711/4
f 2301/1699/331 2302/1700/331 2341/1700/331 2346/1699/331
f 2284/1707/328 2281/1705/328 2345/1705/328 2353/1707/328
f 2303/1691/331 2304/1694/331 2336/1694/331 2335/1691/331
f 2286/1697/313 2285/1692/313 2347/1692/313 2340/1697/313
f 2504/784/1 2435/785/1 2455/786/1 2531/787/1
f 2500/788/8 2540/789/8 2459/790/8 2527/791/8
f 2508/798/5 2431/799/5 2451/800/5 2523/801/5
f 2494/810/4 2548/811/4 2447/812/4 2521/813/4
f 2507/855/175 2428/856/175 2437/857/175 2511/858/175
f 2503/859/176 2432/860/176 2441/861/176 2515/862/176
f 2515/862/1 2441/861/1 2442/874/1 2516/875/1
f 2528/876/1 2457/877/1 2432/860/1 2503/878/1
f 2511/858/5 2437/857/5 2438/879/5 2512/880/5
f 2518/881/5 2445/882/5 2428/856/5 2507/855/5
f 2512/883/174 2438/879/174 2431/799/174 2508/798/174
f 2516/886/178 2442/874/178 2435/785/178 2504/784/178
f 2524/889/8 2449/890/8 2535/891/8 2498/892/8
f 2532/895/4 2453/896/4 2543/897/4 2492/898/4
f 2457/877/180 2528/876/180 2527/791/180 2459/790/180
f 2449/890/177 2524/889/177 2523/901/177 2451/902/177
f 2453/896/181 2532/895/181 2531/903/181 2455/904/181
f 2535/891/172 2449/890/172 2661/905/172 2668/906/172
f 2521/907/179 2447/908/179 2445/909/179 2518/910/179
f 2459/790/172 2540/913/172 2666/914/172 2662/915/172
f 2669/916/182 2658/917/182 2447/812/182 2548/811/182
f 2650/918/183 2651/918/183 2431/799/183 2438/879/183
f 2652/919/184 2653/920/184 2435/785/184 2442/874/184
f 2654/921/185 2655/921/185 2437/857/185 2428/856/185
f 2655/921/186 2650/918/186 2438/879/186 2437/857/186
f 2656/922/187 2657/923/187 2441/861/187 2432/860/187
f 2657/924/188 2652/919/188 2442/874/188 2441/861/188
f 2658/925/189 2659/926/189 2445/909/189 2447/908/189
f 2660/927/190 2661/928/190 2449/890/190 2451/902/190
f 2662/929/191 2663/930/191 2457/877/191 2459/790/191
f 2664/931/192 2665/932/192 2453/896/192 2455/904/192
f 2659/933/193 2654/934/193 2428/856/193 2445/882/193
f 2451/800/194 2431/799/194 2651/937/194 2660/938/194
f 2455/786/195 2435/785/195 2653/920/195 2664/939/195
f 2432/860/196 2457/877/196 2663/942/196 2656/922/196
f 2543/897/182 2453/896/182 2665/943/182 2667/944/182
f 2524/889/3 2498/892/3 2421/892/3 2552/889/3
f 2508/798/3 2523/801/3 2551/801/3 2395/798/3
f 2516/886/3 2504/784/3 2393/784/3 2413/886/3
f 2669/916/1 2548/811/1 2576/811/1 2575/916/1
f 2494/810/3 2521/813/3 2374/813/3 2422/810/3
f 2512/883/3 2508/798/3 2395/798/3 2399/883/3
f 2518/881/3 2507/855/3 2396/855/3 2377/881/3
f 2543/897/5 2667/944/5 2572/944/5 2571/897/5
f 2668/984/1 2669/985/1 2575/985/1 2564/984/1
f 2507/855/3 2511/858/3 2400/858/3 2396/855/3
f 2531/903/3 2532/895/3 2560/895/3 2559/903/3
f 2666/914/5 2540/913/5 2568/913/5 2567/914/5
f 2511/858/3 2512/880/3 2399/880/3 2400/858/3
f 2527/791/3 2528/876/3 2556/876/3 2555/791/3
f 2548/811/1 2494/810/1 2422/810/1 2576/811/1
f 2667/947/5 2666/948/5 2567/948/5 2572/947/5
f 2504/784/3 2531/787/3 2559/787/3 2393/784/3
f 2532/895/3 2492/898/3 2427/898/3 2560/895/3
f 2500/788/3 2527/791/3 2555/791/3 2416/788/3
f 2498/892/1 2535/891/1 2563/891/1 2421/892/1
f 2521/907/3 2518/910/3 2377/910/3 2374/907/3
f 2515/862/3 2516/875/3 2413/875/3 2414/862/3
f 2540/789/5 2500/788/5 2416/788/5 2568/789/5
f 2528/876/3 2503/878/3 2402/878/3 2556/876/3
f 2523/901/3 2524/889/3 2552/889/3 2551/901/3
f 2492/898/5 2543/897/5 2571/897/5 2427/898/5
f 2535/891/1 2668/906/1 2564/906/1 2563/891/1
f 2503/859/3 2515/862/3 2414/862/3 2402/859/3
f 2544/1003/8 2452/1004/8 2706/1004/8 2723/1003/8
f 2547/1005/219 2619/1006/219 2727/1006/219 2725/1005/219
f 2434/1007/333 2443/1008/333 2712/1008/333 2710/1007/333
f 2458/1009/4 2539/1010/4 2722/1010/4 2720/1009/4
f 2610/1011/220 2536/1012/220 2724/1012/220 2726/1011/220
f 2430/1013/244 2439/1014/244 2696/1014/244 2694/1013/244
f 2433/1015/245 2456/1016/245 2718/1016/245 2716/1015/245
f 2619/1006/4 2618/1017/4 2705/1017/4 2727/1006/4
f 2539/1010/221 2629/1018/221 2729/1018/221 2722/1010/221
f 2669/985/18 2668/984/18 2670/945/18 2679/946/18
f 2666/948/18 2667/947/18 2680/837/18 2689/838/18
f 2454/1019/246 2434/1007/246 2710/1007/246 2708/1019/246
f 2618/1017/179 2617/1020/179 2703/1020/179 2705/1017/179
f 2620/1021/222 2544/1003/222 2723/1003/222 2728/1021/222
f 2450/1022/247 2430/1013/247 2694/1013/247 2692/1022/247
f 2617/1020/245 2616/1023/245 2701/1023/245 2703/1020/245
f 2629/1018/8 2628/1024/8 2721/1024/8 2729/1018/8
f 2429/1025/248 2444/1026/248 2702/1026/248 2700/1025/248
f 2616/1023/249 2615/1027/249 2699/1027/249 2701/1023/249
f 2628/1024/221 2627/1028/221 2719/1028/221 2721/1024/221
f 2439/1014/18 2430/1013/18 2651/1046/18 2650/1047/18
f 2443/1008/18 2434/1007/18 2653/920/18 2652/919/18
f 2429/1025/18 2436/1048/18 2655/1049/18 2654/1050/18
f 2436/1048/18 2439/1014/18 2650/1047/18 2655/1049/18
f 2433/1015/18 2440/1051/18 2657/923/18 2656/922/18
f 2440/1051/18 2443/1008/18 2652/919/18 2657/923/18
f 2446/1052/18 2444/1026/18 2659/1053/18 2658/1054/18
f 2450/1022/18 2448/1055/18 2661/1056/18 2660/1057/18
f 2458/1009/18 2456/1016/18 2663/942/18 2662/1058/18
f 2454/1019/18 2452/1004/18 2665/1059/18 2664/939/18
f 2444/1026/18 2429/1025/18 2654/1050/18 2659/1053/18
f 2430/1013/18 2450/1022/18 2660/1057/18 2651/1046/18
f 2434/1007/18 2454/1019/18 2664/939/18 2653/920/18
f 2456/1016/18 2433/1015/18 2656/922/18 2663/942/18
f 2539/1010/18 2458/1009/18 2662/1058/18 2666/948/18
f 2452/1004/18 2544/1003/18 2667/947/18 2665/1059/18
f 2448/1055/18 2536/1012/18 2668/984/18 2661/1056/18
f 2547/1005/18 2446/1052/18 2658/1054/18 2669/985/18
f 2610/1011/18 2611/1060/18 2671/1029/18 2670/945/18
f 2611/1060/18 2612/1061/18 2672/1030/18 2671/1029/18
f 2612/1061/18 2613/1062/18 2673/1031/18 2672/1030/18
f 2613/1062/18 2614/1063/18 2674/1032/18 2673/1031/18
f 2614/1063/18 2615/1027/18 2675/1033/18 2674/1032/18
f 2615/1027/18 2616/1023/18 2676/1034/18 2675/1033/18
f 2616/1023/18 2617/1020/18 2677/1035/18 2676/1034/18
f 2617/1020/18 2618/1017/18 2678/1036/18 2677/1035/18
f 2618/1017/18 2619/1006/18 2679/946/18 2678/1036/18
f 2536/1012/18 2610/1011/18 2670/945/18 2668/984/18
f 2619/1006/18 2547/1005/18 2669/985/18 2679/946/18
f 2620/1021/18 2621/1064/18 2681/1037/18 2680/837/18
f 2621/1064/18 2622/1065/18 2682/1038/18 2681/1037/18
f 2622/1065/18 2623/1066/18 2683/1039/18 2682/1038/18
f 2623/1066/18 2624/1067/18 2684/1040/18 2683/1039/18
f 2624/1067/18 2625/1068/18 2685/1041/18 2684/1040/18
f 2625/1068/18 2626/1069/18 2686/1042/18 2685/1041/18
f 2626/1069/18 2627/1028/18 2687/1043/18 2686/1042/18
f 2627/1028/18 2628/1024/18 2688/1044/18 2687/1043/18
f 2628/1024/18 2629/1018/18 2689/838/18 2688/1044/18
f 2544/1003/18 2620/1021/18 2680/837/18 2667/947/18
f 2629/1018/18 2539/1010/18 2666/948/18 2689/838/18
f 2436/1048/266 2429/1025/266 2700/1025/266 2698/1048/266
f 2621/1064/4 2620/1021/4 2728/1021/4 2707/1064/4
f 2536/1012/4 2448/1055/4 2690/1055/4 2724/1012/4
f 2439/1014/1 2436/1048/1 2698/1048/1 2696/1014/1
f 2622/1065/222 2621/1064/222 2707/1064/222 2709/1065/222
f 2446/1052/8 2547/1005/8 2725/1005/8 2704/1052/8
f 2440/1051/334 2433/1015/334 2716/1015/334 2714/1051/334
f 2623/1066/247 2622/1065/247 2709/1065/247 2711/1066/247
f 2611/1060/8 2610/1011/8 2726/1011/8 2691/1060/8
f 2443/1008/5 2440/1051/5 2714/1051/5 2712/1008/5
f 2624/1067/244 2623/1066/244 2711/1066/244 2713/1067/244
f 2612/1061/220 2611/1060/220 2691/1060/220 2693/1061/220
f 2444/1026/180 2446/1052/180 2704/1052/180 2702/1026/180
f 2625/1068/1 2624/1067/1 2713/1067/1 2715/1068/1
f 2613/1062/246 2612/1061/246 2693/1061/246 2695/1062/246
f 2448/1055/181 2450/1022/181 2692/1022/181 2690/1055/181
f 2626/1069/267 2625/1068/267 2715/1068/267 2717/1069/267
f 2614/1063/243 2613/1062/243 2695/1062/243 2697/1063/243
f 2456/1016/179 2458/1009/179 2720/1009/179 2718/1016/179
f 2627/1028/248 2626/1069/248 2717/1069/248 2719/1028/248
f 2615/1027/5 2614/1063/5 2697/1063/5 2699/1027/5
f 2452/1004/177 2454/1019/177 2708/1019/177 2706/1004/177
f 1252/411/8 1255/781/8 1254/782/8 1253/412/8
f 3060/1126/5 3065/1129/5 3385/1129/5 3374/1126/5
f 3059/1127/1 3054/1145/1 3376/1145/1 3379/1127/1
f 3044/1531/1 3053/1512/1 3092/1512/1 3098/1531/1
f 3066/1132/1 3062/1128/1 3386/1128/1 3382/1132/1
f 3052/1536/5 3045/1538/5 3099/1538/5 3091/1536/5
f 3071/1514/5 3052/1517/5 3091/1517/5 3090/1514/5
f 3063/1496/5 3067/1499/5 3383/1499/5 3387/1496/5
f 3055/1115/5 3058/1539/5 3378/1539/5 3377/1115/5
f 3042/1527/1 3051/1526/1 3088/1526/1 3096/1527/1
f 3050/1513/5 3043/1532/5 3097/1532/5 3087/1513/5
f 3051/1526/1 3072/1540/1 3085/1540/1 3088/1526/1
f 3068/1501/1 3064/1541/1 3384/1541/1 3380/1501/1
f 3061/1542/1 3056/1543/1 3372/1543/1 3375/1542/1
f 3046/1144/1 3044/1535/1 3098/1535/1 3083/1144/1
f 3065/1129/5 3069/1133/5 3381/1133/5 3385/1129/5
f 3045/1544/5 3047/1112/5 3084/1112/5 3099/1544/5
f 3082/1143/4 3373/1146/4 3372/1543/4 3081/1547/4
f 3084/1112/4 3377/1115/4 3376/1145/4 3083/1144/4
f 3086/1137/14 3087/1513/14 3088/1526/14 3085/1540/14
f 3090/1514/14 3091/1517/14 3092/1512/14 3089/1136/14
f 3381/1133/8 3086/1137/8 3085/1502/8 3380/1501/8
f 3383/1522/8 3090/1514/8 3089/1136/8 3382/1132/8
f 3374/1126/3 3385/1129/3 3384/1541/3 3375/1542/3
f 3378/1548/3 3387/1496/3 3386/1128/3 3379/1127/3
f 3097/1534/17 3082/1143/17 3081/1547/17 3096/1549/17
f 3099/1544/17 3084/1112/17 3083/1144/17 3098/1535/17
f 3087/1513/18 3097/1532/18 3096/1527/18 3088/1526/18
f 3091/1536/18 3099/1538/18 3098/1531/18 3092/1512/18
f 3053/1512/1 3070/1136/1 3089/1136/1 3092/1512/1
f 3064/1541/1 3061/1542/1 3375/1542/1 3384/1541/1
f 3049/1143/5 3057/1146/5 3373/1146/5 3082/1143/5
f 3058/1548/5 3063/1496/5 3387/1496/5 3378/1548/5
f 3069/1133/5 3073/1137/5 3086/1137/5 3381/1133/5
f 3056/1543/1 3048/1547/1 3081/1547/1 3372/1543/1
f 3062/1128/1 3059/1127/1 3379/1127/1 3386/1128/1
f 3072/1502/1 3068/1501/1 3380/1501/1 3085/1502/1
f 3047/1112/5 3055/1115/5 3377/1115/5 3084/1112/5
f 3043/1534/5 3049/1143/5 3082/1143/5 3097/1534/5
f 3067/1522/5 3071/1514/5 3090/1514/5 3383/1522/5
f 3054/1145/1 3046/1144/1 3083/1144/1 3376/1145/1
f 3048/1547/1 3042/1549/1 3096/1549/1 3081/1547/1
f 3070/1136/1 3066/1132/1 3382/1132/1 3089/1136/1
f 3057/1146/5 3060/1126/5 3374/1126/5 3373/1146/5
f 3073/1137/5 3050/1513/5 3087/1513/5 3086/1137/5
f 3075/1664/271 3074/1665/271 3372/1543/271 3373/1146/271
f 3076/1666/271 3075/1664/271 3373/1146/271 3374/1126/271
f 3077/1667/271 3076/1666/271 3374/1126/271 3375/1542/271
f 3074/1665/271 3077/1667/271 3375/1542/271 3372/1543/271
f 3078/1668/271 3420/1669/271 3376/1145/271 3377/1115/271
f 3079/1670/271 3078/1668/271 3377/1115/271 3378/1539/271
f 3080/1671/271 3079/1670/271 3378/1539/271 3379/1127/271
f 3420/1669/271 3080/1671/271 3379/1127/271 3376/1145/271
f 3421/1672/272 3422/1673/272 3381/1133/272 3380/1501/272
f 3093/1674/272 3423/1675/272 3383/1499/272 3382/1132/272
f 3424/1676/272 3425/1677/272 3384/1541/272 3385/1129/272
f 3422/1673/272 3424/1676/272 3385/1129/272 3381/1133/272
f 3425/1677/272 3421/1672/272 3380/1501/272 3384/1541/272
f 3095/1678/272 3094/1679/272 3386/1128/272 3387/1496/272
f 3423/1675/272 3095/1678/272 3387/1496/272 3383/1499/272
f 3094/1679/272 3093/1674/272 3382/1132/272 3386/1128/272
f 3405/1680/308 3404/1681/308 3447/1681/308 3457/1680/308
f 3425/1677/4 3424/1676/4 3438/1676/4 3439/1677/4
f 3076/1666/8 3077/1667/8 3429/1667/8 3428/1666/8
f 3390/1682/4 3406/1683/4 3466/1683/4 3458/1682/4
f 3427/1664/3 3428/1666/3 3429/1667/3 3426/1665/3
f 3431/1668/3 3432/1670/3 3433/1671/3 3430/1669/3
f 3438/1676/3 3435/1673/3 3434/1672/3 3439/1677/3
f 3440/1678/3 3437/1675/3 3436/1674/3 3441/1679/3
f 3398/1684/309 3402/1685/309 3465/1685/309 3442/1684/309
f 3407/1686/4 3391/1687/4 3459/1687/4 3467/1686/4
f 3403/1688/310 3399/1689/310 3445/1689/310 3464/1688/310
f 3418/1690/311 3414/1691/311 3443/1691/311 3473/1690/311
f 3094/1679/4 3095/1678/4 3440/1678/4 3441/1679/4
f 3079/1670/8 3080/1671/8 3433/1671/8 3432/1670/8
f 3396/1692/309 3400/1693/309 3463/1693/309 3455/1692/309
f 3415/1694/312 3419/1695/312 3472/1695/312 3444/1694/312
f 3401/1696/310 3397/1697/310 3448/1697/310 3462/1696/310
f 3416/1698/335 3412/1699/335 3454/1699/335 3471/1698/335
f 3399/1689/313 3398/1684/313 3442/1684/313 3445/1689/313
f 3413/1700/312 3417/1701/312 3470/1701/312 3449/1700/312
f 3389/1702/314 3388/1703/314 3074/1665/314 3075/1664/314
f 3390/1682/5 3389/1702/5 3075/1664/5 3076/1666/5
f 3388/1703/1 3391/1687/1 3077/1667/1 3074/1665/1
f 3393/1704/314 3392/1705/314 3420/1669/314 3078/1668/314
f 3394/1706/5 3393/1704/5 3078/1668/5 3079/1670/5
f 3392/1705/1 3395/1707/1 3080/1671/1 3420/1669/1
f 3396/1692/315 3397/1697/315 3422/1673/315 3421/1672/315
f 3398/1684/315 3399/1689/315 3423/1675/315 3093/1674/315
f 3397/1697/5 3401/1696/5 3424/1676/5 3422/1673/5
f 3400/1693/1 3396/1692/1 3421/1672/1 3425/1677/1
f 3399/1689/5 3403/1688/5 3095/1678/5 3423/1675/5
f 3402/1685/1 3398/1684/1 3093/1674/1 3094/1679/1
f 3404/1681/316 3405/1680/316 3427/1664/316 3426/1665/316
f 3405/1680/5 3406/1683/5 3428/1666/5 3427/1664/5
f 3407/1686/1 3404/1681/1 3426/1665/1 3429/1667/1
f 3408/1708/316 3409/1709/316 3431/1668/316 3430/1669/316
f 3409/1709/5 3410/1710/5 3432/1670/5 3431/1668/5
f 3411/1711/1 3408/1708/1 3430/1669/1 3433/1671/1
f 3413/1700/317 3412/1699/317 3434/1672/317 3435/1673/317
f 3415/1694/317 3414/1691/317 3436/1674/317 3437/1675/317
f 3417/1701/5 3413/1700/5 3435/1673/5 3438/1676/5
f 3412/1699/1 3416/1698/1 3439/1677/1 3434/1672/1
f 3419/1695/5 3415/1694/5 3437/1675/5 3440/1678/5
f 3414/1691/1 3418/1690/1 3441/1679/1 3436/1674/1
f 3391/1687/1 3407/1686/1 3429/1667/1 3077/1667/1
f 3406/1683/5 3390/1682/5 3076/1666/5 3428/1666/5
f 3401/1696/5 3417/1701/5 3438/1676/5 3424/1676/5
f 3416/1698/1 3400/1693/1 3425/1677/1 3439/1677/1
f 3410/1710/5 3394/1706/5 3079/1670/5 3432/1670/5
f 3403/1688/5 3419/1695/5 3440/1678/5 3095/1678/5
f 3418/1690/1 3402/1685/1 3094/1679/1 3441/1679/1
f 3395/1707/1 3411/1711/1 3433/1671/1 3080/1671/1
f 3417/1701/8 3401/1696/8 3462/1696/8 3470/1701/8
f 3406/1683/329 3405/1680/329 3457/1680/329 3466/1683/329
f 3388/1703/325 3389/1702/325 3456/1702/325 3446/1703/325
f 3400/1693/8 3416/1698/8 3471/1698/8 3463/1693/8
f 3404/1681/326 3407/1686/326 3467/1686/326 3447/1681/326
f 3389/1702/327 3390/1682/327 3458/1682/327 3456/1702/327
f 3394/1706/4 3410/1710/4 3468/1710/4 3460/1706/4
f 3409/1709/308 3408/1708/308 3452/1708/308 3451/1709/308
f 3391/1687/328 3388/1703/328 3446/1703/328 3459/1687/328
f 3419/1695/8 3403/1688/8 3464/1688/8 3472/1695/8
f 3410/1710/329 3409/1709/329 3451/1709/329 3468/1710/329
f 3392/1705/325 3393/1704/325 3450/1704/325 3453/1705/325
f 3402/1685/8 3418/1690/8 3473/1690/8 3465/1685/8
f 3408/1708/330 3411/1711/330 3469/1711/330 3452/1708/330
f 3393/1704/327 3394/1706/327 3460/1706/327 3450/1704/327
f 3411/1711/4 3395/1707/4 3461/1707/4 3469/1711/4
f 3412/1699/331 3413/1700/331 3449/1700/331 3454/1699/331
f 3395/1707/328 3392/1705/328 3453/1705/328 3461/1707/328
f 3414/1691/331 3415/1694/331 3444/1694/331 3443/1691/331
f 3397/1697/313 3396/1692/313 3455/1692/313 3448/1697/313
usemtl M_Cyan
f 687/476/4 698/481/4 697/471/4 688/472/4
f 685/474/8 692/469/8 691/470/8 686/475/8
f 689/477/4 696/480/4 695/479/4 690/478/4
f 683/468/8 694/466/8 693/467/8 684/473/8
f 896/589/1 895/588/1 898/590/1 897/591/1
f 912/560/5 911/559/5 914/538/5 913/539/5
f 916/602/5 915/601/5 918/603/5 917/604/5
f 924/566/1 923/563/1 926/561/1 925/562/1
f 928/610/1 927/609/1 930/611/1 929/612/1
f 932/614/5 931/613/5 934/615/5 933/616/5
f 1005/647/5 1004/645/5 1007/646/5 1006/648/5
f 1009/650/1 1008/649/1 1011/643/1 1010/644/1
f 1495/996/5 1494/998/5 1497/997/5 1496/995/5
f 1499/1000/1 1498/999/1 1501/1001/1 1500/1002/1
f 1652/1075/4 1651/1076/4 1650/1079/4 1653/1080/4
f 1646/1073/8 1649/1074/8 1648/1078/8 1647/1077/8
f 2110/1577/17 2113/1578/17 2114/1524/17 2109/1579/17
f 2088/1583/272 2107/1607/272 2108/1587/272 2087/1588/272
f 2107/1607/8 2105/1608/8 2106/1592/8 2108/1587/8
f 2105/1608/14 2103/1610/14 2104/1594/14 2106/1592/14
f 2116/1582/3 2088/1583/3 2087/1588/3 2115/1598/3
f 2112/1586/271 2116/1582/271 2115/1598/271 2111/1523/271
f 2103/1610/18 2110/1609/18 2109/1606/18 2104/1594/18
f 2113/1578/4 2112/1586/4 2111/1523/4 2114/1524/4
f 2098/1580/18 2099/1581/18 2100/1605/18 2097/1604/18
f 2099/1584/17 2101/1585/17 2102/1600/17 2100/1603/17
f 2086/1602/3 2095/1595/3 2096/1589/3 2085/1590/3
f 2095/1595/272 2093/1596/272 2094/1597/272 2096/1589/272
f 2093/1596/8 2091/1593/8 2092/1601/8 2094/1597/8
f 2101/1585/4 2089/1591/4 2090/1599/4 2102/1600/4
f 2091/1593/14 2098/1580/14 2097/1604/14 2092/1601/14
f 2089/1591/271 2086/1602/271 2085/1590/271 2090/1599/271
f 2233/1636/18 2234/1637/18 2231/1640/18 2232/1641/18
f 2244/1658/3 2243/1657/3 2241/1656/3 2242/1655/3
f 2239/1654/18 2240/1653/18 2238/1629/18 2237/1630/18
f 2224/1650/8 2223/1649/8 2213/1643/8 2214/1642/8
f 2228/1639/4 2227/1651/4 2217/1646/4 2218/1638/4
f 2225/1632/4 2226/1634/4 2219/1635/4 2220/1631/4
f 2235/1633/3 2236/1627/3 2230/1628/3 2229/1652/3
f 2221/1648/8 2222/1647/8 2215/1645/8 2216/1644/8
f 2603/996/5 2602/998/5 2605/997/5 2604/995/5
f 2607/1000/1 2606/999/1 2609/1001/1 2608/1002/1
f 2760/1075/4 2759/1076/4 2758/1079/4 2761/1080/4
f 2754/1073/8 2757/1074/8 2756/1078/8 2755/1077/8
f 3221/1577/17 3224/1578/17 3225/1524/17 3220/1579/17
f 3199/1583/272 3218/1607/272 3219/1587/272 3198/1588/272
f 3218/1607/8 3216/1608/8 3217/1592/8 3219/1587/8
f 3216/1608/14 3214/1610/14 3215/1594/14 3217/1592/14
f 3227/1582/3 3199/1583/3 3198/1588/3 3226/1598/3
f 3223/1586/271 3227/1582/271 3226/1598/271 3222/1523/271
f 3214/1610/18 3221/1609/18 3220/1606/18 3215/1594/18
f 3224/1578/4 3223/1586/4 3222/1523/4 3225/1524/4
f 3209/1580/18 3210/1581/18 3211/1605/18 3208/1604/18
f 3210/1584/17 3212/1585/17 3213/1600/17 3211/1603/17
f 3197/1602/3 3206/1595/3 3207/1589/3 3196/1590/3
f 3206/1595/272 3204/1596/272 3205/1597/272 3207/1589/272
f 3204/1596/8 3202/1593/8 3203/1601/8 3205/1597/8
f 3212/1585/4 3200/1591/4 3201/1599/4 3213/1600/4
f 3202/1593/14 3209/1580/14 3208/1604/14 3203/1601/14
f 3200/1591/271 3197/1602/271 3196/1590/271 3201/1599/271
f 3344/1636/18 3345/1637/18 3342/1640/18 3343/1641/18
f 3355/1658/3 3354/1657/3 3352/1656/3 3353/1655/3
f 3350/1654/18 3351/1653/18 3349/1629/18 3348/1630/18
f 3335/1650/8 3334/1649/8 3324/1643/8 3325/1642/8
f 3339/1639/4 3338/1651/4 3328/1646/4 3329/1638/4
f 3336/1632/4 3337/1634/4 3330/1635/4 3331/1631/4
f 3346/1633/3 3347/1627/3 3341/1628/3 3340/1652/3
f 3332/1648/8 3333/1647/8 3326/1645/8 3327/1644/8
o SM_Wind_T2_Blades_1
v 0.560000 1.759640 0.514660
v 0.589804 1.648331 -0.514659
v 0.544548 1.642373 -0.514659
v 0.508334 1.670161 -0.514659
v 0.502376 1.715416 -0.514659
v 0.517829 1.742172 0.514660
v 0.611633 1.729800 -0.514659
v 0.602172 1.742172 0.514660
v 0.617591 1.684544 -0.514659
v 0.602172 1.657828 0.514660
v 0.560000 1.640360 0.514660
v 0.517829 1.657828 0.514660
v 0.530164 1.751630 -0.514659
v 0.500361 1.700000 0.514660
v 0.575420 1.757588 -0.514659
v 0.778631 1.977450 -0.503361
v 0.429028 2.028088 0.503361
v 0.884605 1.839382 0.503361
v 0.842995 1.488555 -0.503361
v 0.837453 1.481333 -0.503361
v 0.888088 1.830972 0.503361
v 0.699382 1.375395 0.503361
v 0.348559 1.416969 -0.503361
v 0.341337 1.422511 -0.503361
v 0.690972 1.371912 0.503361
v 0.235396 1.560618 0.503361
v 0.276973 1.911405 -0.503361
v 0.282515 1.918627 -0.503361
v 0.231912 1.569028 0.503361
v 0.420618 2.024605 0.503361
v 0.771409 1.982991 -0.503361
v 0.455033 1.722987 -0.514659
v 0.510598 1.795401 -0.514659
v 0.487600 1.620613 0.514660
v 0.452671 1.704941 0.514660
v 0.655394 1.749353 -0.514659
v 0.564947 1.807314 0.514660
v 0.480619 1.772384 0.514660
v 0.582980 1.804918 -0.514659
v 0.664690 1.677229 -0.514659
v 0.609060 1.604730 -0.514659
v 0.632057 1.779303 0.514660
v 0.667028 1.694876 0.514660
v 0.464678 1.650799 -0.514659
v 0.639329 1.627827 0.514660
v 0.537145 1.595193 -0.514659
v 0.554940 1.592872 0.514660
v 0.619640 1.700000 0.514660
vn 0.7934 0.6088 -0.0000
vn 0.6088 -0.7934 -0.0000
vn -0.7934 -0.6088 -0.0000
vn -0.0000 -0.0000 1.0000
vn -0.6088 0.7934 -0.0000
vn -0.0000 -0.0000 -1.0000
vn -0.4767 -0.8729 0.1033
vn 0.8729 -0.4768 0.1035
vn 0.0169 -0.0407 0.9990
vn 0.7733 -0.6281 -0.0869
vn -0.6280 -0.7734 -0.0869
vn -0.7761 0.6246 -0.0865
vn 0.6258 0.7751 -0.0867
vn 0.9119 0.4076 0.0469
vn -0.9901 0.1055 0.0928
vn 0.7809 -0.5992 0.1765
vn -0.5992 -0.7809 0.1766
vn -0.7809 0.5992 0.1765
vn 0.5992 0.7809 0.1765
vn 0.0268 0.0350 -0.9990
vn -0.0268 -0.0350 -0.9990
vn 0.6847 -0.7274 -0.0449
vn -0.6847 0.7274 -0.0451
vn 0.7274 0.6847 -0.0448
vn -0.7274 -0.6847 -0.0451
vn 0.0349 -0.0268 -0.9990
vn -0.0350 0.0268 -0.9990
vn 0.0407 0.0169 0.9990
vn -0.0407 -0.0169 0.9990
vn -0.8729 0.4768 0.1034
vn -0.0169 0.0407 0.9990
vn -0.1577 -0.9861 -0.0528
vn 0.1026 0.9904 0.0928
vn 0.4075 -0.9120 0.0469
vn -0.9861 0.1575 -0.0528
vn 0.1533 0.9868 -0.0529
vn -0.9138 -0.4036 0.0467
vn -0.1070 -0.9899 0.0927
vn -0.4050 0.9131 0.0468
vn 0.9865 -0.1548 -0.0529
vn 0.4767 0.8729 0.1035
vn 0.8169 0.5161 0.2577
vn -0.9213 -0.2331 -0.3114
vn 0.5161 -0.8169 0.2577
vn -0.8168 -0.5161 0.2578
vn -0.5161 0.8168 0.2577
vn 0.2331 -0.9213 -0.3114
vn 0.9212 0.2331 -0.3114
vn -0.2331 0.9212 -0.3114
vn -0.3767 0.9094 -0.1765
vn -0.9094 -0.3767 -0.1765
vn 0.3767 -0.9094 -0.1765
vn 0.9094 0.3767 -0.1766
vn 0.9904 -0.1028 0.0928
vt 1.000000 0.500000
vt 1.000000 1.000000
vt 0.875000 1.000000
vt 0.875000 0.500000
vt 0.750000 0.500000
vt 0.750000 1.000000
vt 0.625000 1.000000
vt 0.625000 0.500000
vt 0.500000 0.500000
vt 0.500000 1.000000
vt 0.375000 1.000000
vt 0.375000 0.500000
vt 0.419706 0.419706
vt 0.250000 0.490000
vt 0.080294 0.419706
vt 0.010000 0.250000
vt 0.080294 0.080294
vt 0.250000 0.010000
vt 0.419706 0.080294
vt 0.490000 0.250000
vt 0.250000 0.500000
vt 0.250000 1.000000
vt 0.125000 1.000000
vt 0.125000 0.500000
vt 0.750000 0.490000
vt 0.919706 0.419706
vt 0.990000 0.250000
vt 0.919706 0.080294
vt 0.750000 0.010000
vt 0.580294 0.080294
vt 0.510000 0.250000
vt 0.580294 0.419706
vt 0.750000 1.000000
vt 1.000000 1.000000
vt 0.419758 0.080316
vt 0.249948 0.009978
vt 0.500000 0.500000
vt 0.500000 1.000000
vt 0.000000 0.500000
vt 0.750000 0.490000
vt 0.580294 0.419706
vt 0.749948 0.009978
vt 0.919758 0.080316
vt 0.490000 0.250000
vt 0.000000 1.000000
s 0
usemtl M_Gris_Metal
f 3516/1744/342 3514/1716/342 3493/1716/342
f 3510/1745/343 3509/1712/343 3489/1712/343
f 3518/1746/344 3520/1747/344 3498/1729/344 3495/1730/344
f 3505/1723/345 3485/1722/345 3507/1722/345
f 3512/1735/346 3479/1734/346 3511/1734/346
f 3513/1715/347 3481/1714/347 3515/1714/347
f 3519/1719/348 3483/1718/348 3518/1718/348
f 3506/1732/349 3487/1733/349 3486/1732/349
f 3517/1748/350 3520/1749/350 3484/1721/350
f 3492/1715/351 3491/1714/351 3493/1716/351
f 3496/1719/352 3495/1718/352 3497/1720/352
f 3500/1723/353 3499/1722/353 3501/1732/353
f 3504/1735/354 3503/1734/354 3489/1750/354
f 3509/1751/355 3512/1752/355 3504/1743/355 3489/1736/355
f 3517/1753/356 3519/1754/356 3496/1739/356 3497/1740/356
f 3519/1719/357 3518/1718/357 3496/1719/357
f 3512/1735/358 3511/1734/358 3504/1735/358
f 3513/1715/359 3515/1714/359 3492/1715/359
f 3505/1723/360 3507/1722/360 3500/1723/360
f 3514/1738/361 3513/1737/361 3492/1737/361 3493/1738/361
f 3506/1742/362 3505/1741/362 3500/1741/362 3501/1742/362
f 3515/1724/363 3516/1755/363 3494/1731/363 3491/1724/363
f 3507/1728/364 3508/1727/364 3502/1727/364 3499/1728/364
f 3520/1749/365 3517/1748/365 3497/1720/365
f 3511/1726/366 3510/1725/366 3490/1725/366 3503/1726/366
f 3478/1723/367 3485/1722/367 3505/1723/367
f 3486/1742/341 3478/1741/341 3505/1741/341 3506/1742/341
f 3485/1728/339 3487/1727/339 3508/1727/339 3507/1728/339
f 3487/1733/368 3506/1732/368 3508/1733/368
f 3474/1713/369 3480/1712/369 3509/1712/369
f 3480/1736/341 3488/1743/341 3512/1752/341 3509/1751/341
f 3479/1726/339 3474/1725/339 3510/1725/339 3511/1726/339
f 3488/1735/370 3479/1734/370 3512/1735/370
f 3482/1715/371 3481/1714/371 3513/1715/371
f 3475/1738/341 3482/1737/341 3513/1737/341 3514/1738/341
f 3514/1716/372 3521/1717/372 3475/1716/372
f 3521/1717/373 3514/1716/373 3516/1744/373
f 3483/1730/339 3484/1729/339 3520/1747/339 3518/1746/339
f 3477/1740/341 3476/1739/341 3519/1754/341 3517/1753/341
f 3484/1721/374 3477/1720/374 3517/1748/374
f 3476/1719/375 3483/1718/375 3519/1719/375
f 3508/1733/376 3506/1732/376 3501/1732/376
f 3489/1712/377 3490/1713/377 3510/1745/377
f 3504/1735/378 3511/1734/378 3503/1734/378
f 3493/1716/379 3494/1717/379 3516/1744/379
f 3497/1720/380 3498/1721/380 3520/1749/380
f 3501/1732/381 3502/1733/381 3508/1733/381
f 3500/1723/382 3507/1722/382 3499/1722/382
f 3496/1719/383 3518/1718/383 3495/1718/383
f 3492/1715/384 3515/1714/384 3491/1714/384
f 3489/1750/385 3503/1734/385 3490/1756/385
f 3501/1732/386 3499/1722/386 3502/1733/386
f 3497/1720/387 3495/1718/387 3498/1721/387
f 3493/1716/388 3491/1714/388 3494/1717/388
f 3474/1713/389 3509/1712/389 3510/1745/389
f 3481/1724/339 3521/1731/339 3516/1755/339 3515/1724/339
usemtl M_Orange
f 3480/1712/336 3474/1713/336 3481/1714/336 3482/1715/336
f 3475/1716/337 3521/1717/337 3483/1718/337 3476/1719/337
f 3477/1720/338 3484/1721/338 3485/1722/338 3478/1723/338
f 3481/1724/339 3474/1725/339 3479/1726/339 3487/1727/339 3485/1728/339 3484/1729/339 3483/1730/339 3521/1731/339
f 3486/1732/340 3487/1733/340 3479/1734/340 3488/1735/340
f 3480/1736/341 3482/1737/341 3475/1738/341 3476/1739/341 3477/1740/341 3478/1741/341 3486/1742/341 3488/1743/341
o SM_Wind_T2_Blades_2
v -0.560001 1.759640 0.514660
v -0.530197 1.648331 -0.514659
v -0.575453 1.642373 -0.514659
v -0.611666 1.670161 -0.514659
v -0.617624 1.715416 -0.514659
v -0.602172 1.742172 0.514660
v -0.508368 1.729800 -0.514659
v -0.517829 1.742172 0.514660
v -0.502410 1.684544 -0.514659
v -0.517829 1.657828 0.514660
v -0.560001 1.640360 0.514660
v -0.602172 1.657828 0.514660
v -0.589837 1.751630 -0.514659
v -0.619640 1.700000 0.514660
v -0.544581 1.757588 -0.514659
v -0.341370 1.977450 -0.503361
v -0.690973 2.028088 0.503361
v -0.235396 1.839382 0.503361
v -0.277006 1.488555 -0.503361
v -0.282548 1.481333 -0.503361
v -0.231912 1.830972 0.503361
v -0.420618 1.375395 0.503361
v -0.771442 1.416969 -0.503361
v -0.778664 1.422511 -0.503361
v -0.429029 1.371912 0.503361
v -0.884605 1.560618 0.503361
v -0.843028 1.911405 -0.503361
v -0.837486 1.918627 -0.503361
v -0.888089 1.569028 0.503361
v -0.699383 2.024605 0.503361
v -0.348592 1.982991 -0.503361
v -0.664968 1.722987 -0.514659
v -0.609403 1.795401 -0.514659
v -0.632400 1.620613 0.514660
v -0.667330 1.704941 0.514660
v -0.464607 1.749353 -0.514659
v -0.555053 1.807314 0.514660
v -0.639381 1.772384 0.514660
v -0.537021 1.804918 -0.514659
v -0.455310 1.677229 -0.514659
v -0.510941 1.604730 -0.514659
v -0.487944 1.779303 0.514660
v -0.452973 1.694876 0.514660
v -0.655322 1.650799 -0.514659
v -0.480672 1.627827 0.514660
v -0.582856 1.595193 -0.514659
v -0.565061 1.592872 0.514660
v -0.500361 1.700000 0.514660
vn 0.7934 0.6088 -0.0000
vn 0.6088 -0.7934 -0.0000
vn -0.7934 -0.6088 -0.0000
vn -0.0000 -0.0000 1.0000
vn -0.6088 0.7934 -0.0000
vn -0.0000 -0.0000 -1.0000
vn -0.4767 -0.8729 0.1033
vn 0.8729 -0.4768 0.1035
vn 0.0169 -0.0407 0.9990
vn 0.7733 -0.6281 -0.0869
vn -0.6280 -0.7734 -0.0869
vn -0.7761 0.6246 -0.0865
vn 0.6258 0.7751 -0.0867
vn 0.9119 0.4076 0.0469
vn -0.9901 0.1055 0.0928
vn 0.7809 -0.5992 0.1765
vn -0.5992 -0.7809 0.1766
vn -0.7809 0.5992 0.1765
vn 0.5992 0.7809 0.1765
vn 0.0268 0.0350 -0.9990
vn -0.0268 -0.0350 -0.9990
vn 0.6847 -0.7274 -0.0449
vn -0.6847 0.7274 -0.0451
vn 0.7274 0.6847 -0.0448
vn -0.7274 -0.6847 -0.0451
vn 0.0349 -0.0268 -0.9990
vn -0.0350 0.0268 -0.9990
vn 0.0407 0.0169 0.9990
vn -0.0407 -0.0169 0.9990
vn -0.8729 0.4768 0.1034
vn -0.0169 0.0407 0.9990
vn -0.1577 -0.9861 -0.0528
vn 0.1026 0.9904 0.0928
vn 0.4075 -0.9120 0.0469
vn -0.9861 0.1575 -0.0528
vn 0.1533 0.9868 -0.0529
vn -0.9138 -0.4036 0.0467
vn -0.1070 -0.9899 0.0927
vn -0.4050 0.9131 0.0468
vn 0.9865 -0.1548 -0.0529
vn 0.4767 0.8729 0.1035
vn 0.8169 0.5161 0.2577
vn -0.9213 -0.2331 -0.3114
vn 0.5161 -0.8169 0.2577
vn -0.8168 -0.5161 0.2578
vn -0.5161 0.8168 0.2577
vn 0.2331 -0.9213 -0.3114
vn 0.9212 0.2331 -0.3114
vn -0.2331 0.9212 -0.3114
vn -0.3767 0.9094 -0.1765
vn -0.9094 -0.3767 -0.1765
vn 0.3767 -0.9094 -0.1765
vn 0.9094 0.3767 -0.1766
vn 0.9904 -0.1028 0.0928
vt 1.000000 0.500000
vt 1.000000 1.000000
vt 0.875000 1.000000
vt 0.875000 0.500000
vt 0.750000 0.500000
vt 0.750000 1.000000
vt 0.625000 1.000000
vt 0.625000 0.500000
vt 0.500000 0.500000
vt 0.500000 1.000000
vt 0.375000 1.000000
vt 0.375000 0.500000
vt 0.419706 0.419706
vt 0.250000 0.490000
vt 0.080294 0.419706
vt 0.010000 0.250000
vt 0.080294 0.080294
vt 0.250000 0.010000
vt 0.419706 0.080294
vt 0.490000 0.250000
vt 0.250000 0.500000
vt 0.250000 1.000000
vt 0.125000 1.000000
vt 0.125000 0.500000
vt 0.750000 0.490000
vt 0.919706 0.419706
vt 0.990000 0.250000
vt 0.919706 0.080294
vt 0.750000 0.010000
vt 0.580294 0.080294
vt 0.510000 0.250000
vt 0.580294 0.419706
vt 0.750000 1.000000
vt 1.000000 1.000000
vt 0.419758 0.080316
vt 0.249948 0.009978
vt 0.500000 0.500000
vt 0.500000 1.000000
vt 0.000000 0.500000
vt 0.750000 0.490000
vt 0.580294 0.419706
vt 0.749948 0.009978
vt 0.919758 0.080316
vt 0.490000 0.250000
vt 0.000000 1.000000
s 0
usemtl M_Gris_Metal
f 3564/1789/396 3562/1761/396 3541/1761/396
f 3558/1790/397 3557/1757/397 3537/1757/397
f 3566/1791/398 3568/1792/398 3546/1774/398 3543/1775/398
f 3553/1768/399 3533/1767/399 3555/1767/399
f 3560/1780/400 3527/1779/400 3559/1779/400
f 3561/1760/401 3529/1759/401 3563/1759/401
f 3567/1764/402 3531/1763/402 3566/1763/402
f 3554/1777/403 3535/1778/403 3534/1777/403
f 3565/1793/404 3568/1794/404 3532/1766/404
f 3540/1760/405 3539/1759/405 3541/1761/405
f 3544/1764/406 3543/1763/406 3545/1765/406
f 3548/1768/407 3547/1767/407 3549/1777/407
f 3552/1780/408 3551/1779/408 3537/1795/408
f 3557/1796/409 3560/1797/409 3552/1788/409 3537/1781/409
f 3565/1798/410 3567/1799/410 3544/1784/410 3545/1785/410
f 3567/1764/411 3566/1763/411 3544/1764/411
f 3560/1780/412 3559/1779/412 3552/1780/412
f 3561/1760/413 3563/1759/413 3540/1760/413
f 3553/1768/414 3555/1767/414 3548/1768/414
f 3562/1783/415 3561/1782/415 3540/1782/415 3541/1783/415
f 3554/1787/416 3553/1786/416 3548/1786/416 3549/1787/416
f 3563/1769/417 3564/1800/417 3542/1776/417 3539/1769/417
f 3555/1773/418 3556/1772/418 3550/1772/418 3547/1773/418
f 3568/1794/419 3565/1793/419 3545/1765/419
f 3559/1771/420 3558/1770/420 3538/1770/420 3551/1771/420
f 3526/1768/421 3533/1767/421 3553/1768/421
f 3534/1787/395 3526/1786/395 3553/1786/395 3554/1787/395
f 3533/1773/393 3535/1772/393 3556/1772/393 3555/1773/393
f 3535/1778/422 3554/1777/422 3556/1778/422
f 3522/1758/423 3528/1757/423 3557/1757/423
f 3528/1781/395 3536/1788/395 3560/1797/395 3557/1796/395
f 3527/1771/393 3522/1770/393 3558/1770/393 3559/1771/393
f 3536/1780/424 3527/1779/424 3560/1780/424
f 3530/1760/425 3529/1759/425 3561/1760/425
f 3523/1783/395 3530/1782/395 3561/1782/395 3562/1783/395
f 3562/1761/426 3569/1762/426 3523/1761/426
f 3569/1762/427 3562/1761/427 3564/1789/427
f 3531/1775/393 3532/1774/393 3568/1792/393 3566/1791/393
f 3525/1785/395 3524/1784/395 3567/1799/395 3565/1798/395
f 3532/1766/428 3525/1765/428 3565/1793/428
f 3524/1764/429 3531/1763/429 3567/1764/429
f 3556/1778/430 3554/1777/430 3549/1777/430
f 3537/1757/431 3538/1758/431 3558/1790/431
f 3552/1780/432 3559/1779/432 3551/1779/432
f 3541/1761/433 3542/1762/433 3564/1789/433
f 3545/1765/434 3546/1766/434 3568/1794/434
f 3549/1777/435 3550/1778/435 3556/1778/435
f 3548/1768/436 3555/1767/436 3547/1767/436
f 3544/1764/437 3566/1763/437 3543/1763/437
f 3540/1760/438 3563/1759/438 3539/1759/438
f 3537/1795/439 3551/1779/439 3538/1801/439
f 3549/1777/440 3547/1767/440 3550/1778/440
f 3545/1765/441 3543/1763/441 3546/1766/441
f 3541/1761/442 3539/1759/442 3542/1762/442
f 3522/1758/443 3557/1757/443 3558/1790/443
f 3529/1769/393 3569/1776/393 3564/1800/393 3563/1769/393
usemtl M_Orange
f 3528/1757/390 3522/1758/390 3529/1759/390 3530/1760/390
f 3523/1761/391 3569/1762/391 3531/1763/391 3524/1764/391
f 3525/1765/392 3532/1766/392 3533/1767/392 3526/1768/392
f 3529/1769/393 3522/1770/393 3527/1771/393 3535/1772/393 3533/1773/393 3532/1774/393 3531/1775/393 3569/1776/393
f 3534/1777/394 3535/1778/394 3527/1779/394 3536/1780/394
f 3528/1781/395 3530/1782/395 3523/1783/395 3524/1784/395 3525/1785/395 3526/1786/395 3534/1787/395 3536/1788/395
