# Blender 4.2.3 LTS
# www.blender.org
mtllib SM_Server.mtl
o SM_Server_Base
v -0.290083 0.000000 0.400000
v -0.400000 0.000000 0.290785
v -0.400000 0.000000 -0.290785
v -0.290083 0.000000 -0.400000
v 0.400000 0.000000 0.290785
v 0.290083 0.000000 0.400000
v 0.290083 0.000000 -0.400000
v 0.400000 0.000000 -0.290785
v -0.218602 0.150000 0.329289
v -0.329289 0.150000 0.219475
v -0.329289 0.150000 -0.219475
v -0.218602 0.150000 -0.329289
v 0.218602 0.150000 -0.329289
v 0.329289 0.150000 -0.219475
v 0.329289 0.150000 0.219475
v 0.218602 0.150000 0.329289
v -0.218602 0.200000 0.329289
v -0.329289 0.200000 0.219599
v -0.329289 0.200000 -0.219599
v -0.218602 0.200000 -0.329289
v 0.218602 0.200000 -0.329289
v 0.329289 0.200000 -0.219599
v 0.329289 0.200000 0.219599
v 0.218602 0.200000 0.329289
v -0.286638 0.244315 0.333293
v -0.332930 0.244314 0.287649
v -0.332930 0.244314 -0.287649
v -0.286638 0.244315 -0.333293
v 0.286638 0.244315 -0.333293
v 0.332930 0.244314 -0.287649
v 0.332930 0.244314 0.287649
v 0.286638 0.244315 0.333293
v 0.288277 0.471951 -0.334834
v 0.290933 1.169460 -0.337335
v 0.337173 1.140126 -0.292326
v 0.334453 0.492893 -0.289327
v 0.290933 1.169460 0.337335
v 0.288277 0.471951 0.334834
v 0.334453 0.492892 0.289327
v 0.337173 1.140126 0.292326
v -0.288277 0.471951 0.334834
v -0.290933 1.169460 0.337335
v -0.337173 1.140126 0.292326
v -0.334453 0.492893 0.289327
v -0.290933 1.169460 -0.337335
v -0.288277 0.471951 -0.334834
v -0.334453 0.492892 -0.289327
v -0.337173 1.140126 -0.292326
v 0.291795 1.345668 -0.338139
v 0.338131 1.445666 0.293375
v -0.291795 1.345668 0.338139
v -0.338131 1.445666 -0.293375
v 0.338131 1.445666 -0.293375
v 0.291795 1.345668 0.338139
v -0.338131 1.445666 0.293375
v -0.291795 1.345668 -0.338139
v 0.309103 0.574665 -0.268408
v 0.269697 0.550536 0.308143
v -0.309103 0.574665 0.268408
v -0.269697 0.550536 -0.308143
v 0.269697 0.550536 -0.308143
v 0.271996 1.087373 -0.309745
v 0.311284 1.053542 -0.270279
v 0.271996 1.087373 0.309745
v 0.309103 0.574665 0.268408
v 0.311284 1.053542 0.270279
v -0.269697 0.550536 0.308143
v -0.271996 1.087373 0.309745
v -0.311284 1.053542 0.270279
v -0.271996 1.087373 -0.309745
v -0.309103 0.574665 -0.268408
v -0.311284 1.053542 -0.270279
v -0.168046 1.501963 0.338229
v -0.259954 1.366820 0.369926
v -0.250957 1.539791 0.295516
v -0.338741 1.452767 0.293994
v -0.291572 1.381197 -0.337895
v -0.168046 1.501963 -0.338230
v -0.250957 1.539791 -0.295516
v 0.168046 1.501963 -0.338229
v 0.250957 1.539791 -0.295516
v 0.338741 1.452767 -0.293994
v 0.291572 1.381197 0.337895
v 0.168046 1.501963 0.338230
v 0.370345 1.467175 0.261969
v 0.250957 1.539791 0.295516
v 0.366847 0.554707 -0.258120
v 0.256505 0.504707 0.366686
v -0.366847 0.554707 0.258120
v -0.256505 0.504707 -0.366686
v 0.256505 0.504707 -0.366686
v 0.369053 1.070236 -0.260547
v 0.258682 1.140489 0.368731
v 0.366847 0.554707 0.258120
v -0.256505 0.504707 0.366686
v -0.369053 1.070236 0.260547
v -0.258682 1.140489 -0.368731
v -0.366847 0.554707 -0.258120
v -0.369053 1.070236 -0.260547
v -0.258682 1.140489 0.368731
v 0.369053 1.070236 0.260547
v 0.258682 1.140489 -0.368731
v -0.154097 1.470880 -0.370776
v -0.338741 1.452767 -0.293994
v -0.264896 1.570879 -0.262974
v 0.264896 1.570879 -0.262974
v 0.291572 1.381197 -0.337895
v 0.154097 1.470880 -0.370776
v 0.154097 1.470880 0.370776
v 0.259954 1.366820 0.369926
v 0.338741 1.452767 0.293994
v 0.264896 1.570879 0.262974
v -0.264896 1.570879 0.262974
v -0.370345 1.467175 0.261969
v -0.291572 1.381197 0.337895
v -0.154097 1.470880 0.370776
v 0.289370 1.345692 0.335656
v 0.335702 1.445705 0.290895
v -0.289370 1.345692 -0.335656
v -0.335702 1.445705 -0.290895
v -0.289370 1.345692 0.335656
v -0.335702 1.445705 0.290895
v 0.289370 1.345692 -0.335656
v 0.335702 1.445705 -0.290895
v -0.289555 1.380802 -0.335097
v -0.337183 1.451975 -0.290995
v -0.250077 1.538273 -0.292521
v -0.167664 1.499767 -0.335568
v 0.337183 1.451975 -0.290995
v 0.289555 1.380802 -0.335097
v 0.167664 1.499767 -0.335568
v 0.250077 1.538273 -0.292521
v 0.289555 1.380802 0.335097
v 0.337183 1.451975 0.290995
v 0.250077 1.538273 0.292521
v 0.167664 1.499767 0.335568
v -0.337183 1.451975 0.290995
v -0.289555 1.380802 0.335097
v -0.167664 1.499767 0.335568
v -0.250077 1.538273 0.292521
v -0.284197 0.244348 0.330825
v -0.330489 0.244347 0.285181
v 0.330489 0.244347 0.285181
v 0.284197 0.244348 0.330825
v 0.284197 0.244348 -0.330825
v 0.330489 0.244347 -0.285181
v -0.330489 0.244347 -0.285181
v -0.284197 0.244348 -0.330825
v 0.332013 0.492925 -0.286859
v 0.285836 0.471984 0.332366
v -0.332013 0.492925 0.286859
v -0.285836 0.471984 -0.332366
v 0.285836 0.471984 -0.332366
v 0.334749 1.140145 -0.289841
v 0.288509 1.169479 0.334851
v 0.332013 0.492925 0.286859
v -0.285836 0.471984 0.332366
v -0.334749 1.140145 0.289841
v -0.288509 1.169479 -0.334851
v -0.332013 0.492925 -0.286859
v -0.334749 1.140145 -0.289841
v -0.288509 1.169479 0.334851
v 0.334749 1.140145 0.289841
v 0.288509 1.169479 -0.334851
v 0.233572 0.504802 -0.329264
v 0.236324 1.141014 -0.331190
v 0.332510 1.070693 -0.234309
v 0.330173 0.554776 -0.232304
v 0.236324 1.141014 0.331190
v 0.233572 0.504802 0.329264
v 0.330173 0.554776 0.232304
v 0.332510 1.070693 0.234309
v -0.233572 0.504802 0.329264
v -0.236324 1.141014 0.331190
v -0.332510 1.070693 0.234309
v -0.330173 0.554776 0.232304
v -0.236324 1.141014 -0.331190
v -0.233572 0.504802 -0.329264
v -0.330173 0.554776 -0.232304
v -0.332510 1.070693 -0.234309
v 0.265548 0.550569 -0.304017
v 0.267847 1.087405 -0.305618
v 0.307135 1.053575 -0.266153
v 0.304954 0.574697 -0.264281
v 0.267847 1.087405 0.305618
v 0.265548 0.550569 0.304017
v 0.304954 0.574697 0.264281
v 0.307135 1.053575 0.266153
v -0.265548 0.550569 0.304017
v -0.267847 1.087405 0.305618
v -0.307135 1.053575 0.266153
v -0.304954 0.574697 0.264281
v -0.267847 1.087405 -0.305618
v -0.265548 0.550569 -0.304017
v -0.304954 0.574697 -0.264281
v -0.307135 1.053575 -0.266153
v 0.326498 0.214315 -0.209735
v 0.326831 0.245139 -0.239821
v 0.208389 0.214334 0.326481
v 0.238668 0.245211 0.326776
v -0.326498 0.214315 0.209735
v -0.326831 0.245139 0.239821
v -0.208389 0.214334 -0.326481
v -0.238668 0.245211 -0.326776
v -0.326831 0.245139 -0.239821
v -0.326498 0.214315 -0.209735
v -0.238668 0.245211 0.326776
v -0.208389 0.214334 0.326481
v 0.238668 0.245211 -0.326776
v 0.208389 0.214334 -0.326481
v 0.326831 0.245139 0.239821
v 0.326498 0.214315 0.209735
v 0.331932 1.400320 -0.245453
v 0.331879 1.431034 -0.215760
v 0.243075 1.300503 0.331393
v 0.213733 1.331114 0.331432
v -0.331932 1.400320 0.245453
v -0.331879 1.431034 0.215760
v -0.243075 1.300503 -0.331393
v -0.213733 1.331114 -0.331432
v 0.213733 1.331114 -0.331432
v 0.243075 1.300503 -0.331393
v 0.331879 1.431034 0.215760
v 0.331932 1.400320 0.245453
v -0.213733 1.331114 0.331432
v -0.243075 1.300503 0.331393
v -0.331879 1.431034 -0.215760
v -0.331932 1.400320 -0.245453
v -0.214588 0.199316 0.364641
v -0.254611 0.239054 0.364907
v -0.274500 0.227410 0.345070
v -0.282602 0.199316 0.336717
v -0.226083 0.199857 0.336692
v -0.364888 0.239054 0.255965
v -0.364641 0.199316 0.215954
v -0.336837 0.199854 0.227306
v -0.336367 0.199316 0.283618
v -0.344843 0.227410 0.275644
v 0.364641 0.199316 0.215954
v 0.364888 0.239054 0.255965
v 0.344843 0.227410 0.275644
v 0.336367 0.199316 0.283618
v 0.336837 0.199854 0.227306
v 0.254611 0.239054 0.364907
v 0.214588 0.199316 0.364641
v 0.226083 0.199857 0.336692
v 0.282602 0.199316 0.336717
v 0.274500 0.227410 0.345070
v 0.214588 0.199316 -0.364641
v 0.254611 0.239054 -0.364907
v 0.274500 0.227410 -0.345070
v 0.282602 0.199316 -0.336717
v 0.226083 0.199857 -0.336692
v 0.364888 0.239054 -0.255965
v 0.364641 0.199316 -0.215954
v 0.336837 0.199854 -0.227306
v 0.336367 0.199316 -0.283618
v 0.344843 0.227410 -0.275644
v -0.364641 0.199316 -0.215954
v -0.364888 0.239054 -0.255965
v -0.344843 0.227410 -0.275644
v -0.336367 0.199316 -0.283618
v -0.336837 0.199854 -0.227306
v -0.254611 0.239054 -0.364907
v -0.214588 0.199316 -0.364641
v -0.226083 0.199857 -0.336692
v -0.282602 0.199316 -0.336717
v -0.274500 0.227410 -0.345070
v 0.370156 1.445683 -0.222021
v 0.370039 1.405944 -0.261632
v 0.341875 1.445668 -0.289679
v 0.370345 1.467125 -0.261968
v 0.220031 1.345684 0.369754
v 0.259560 1.305946 0.369556
v 0.288051 1.345670 0.341835
v -0.370156 1.445683 0.222021
v -0.370039 1.405944 0.261632
v -0.341875 1.445668 0.289679
v -0.220031 1.345684 -0.369754
v -0.259560 1.305946 -0.369556
v -0.288051 1.345670 -0.341835
v -0.259954 1.366770 -0.369926
v 0.259560 1.305946 -0.369556
v 0.220031 1.345684 -0.369754
v 0.259954 1.366770 -0.369926
v 0.288051 1.345670 -0.341835
v 0.370039 1.405944 0.261632
v 0.370156 1.445683 0.222021
v 0.341875 1.445668 0.289679
v -0.259560 1.305946 0.369556
v -0.220031 1.345684 0.369754
v -0.288051 1.345670 0.341835
v -0.370039 1.405944 -0.261632
v -0.370156 1.445683 -0.222021
v -0.370345 1.467125 -0.261968
v -0.341875 1.445668 -0.289679
v 0.248334 0.504915 -0.329265
v 0.251084 1.140670 -0.331190
v 0.332510 1.070414 -0.249069
v 0.330175 0.554926 -0.247066
v 0.251084 1.140670 0.331190
v 0.248334 0.504915 0.329265
v 0.330175 0.554926 0.247066
v 0.332510 1.070414 0.249069
v -0.248334 0.504915 0.329265
v -0.251084 1.140670 0.331190
v -0.332510 1.070414 0.249069
v -0.330175 0.554926 0.247066
v -0.251084 1.140670 -0.331190
v -0.248334 0.504915 -0.329265
v -0.330175 0.554926 -0.247066
v -0.332510 1.070414 -0.249069
v -0.326339 0.199554 -0.215954
v -0.326768 0.239280 -0.254729
v 0.253548 0.239303 0.326720
v 0.214588 0.199573 0.326339
v -0.220031 1.345875 -0.331451
v -0.258090 1.306171 -0.331400
v 0.326339 0.199554 0.215954
v 0.326768 0.239280 0.254729
v 0.326768 0.239280 -0.254729
v 0.326339 0.199554 -0.215954
v -0.331853 1.445796 0.222021
v -0.331922 1.406078 0.260418
v 0.214588 0.199573 -0.326339
v 0.253548 0.239303 -0.326720
v -0.253548 0.239303 -0.326720
v -0.214588 0.199573 -0.326339
v -0.326768 0.239280 0.254729
v -0.326339 0.199554 0.215954
v 0.331853 1.445796 -0.222021
v 0.331922 1.406078 -0.260418
v 0.331922 1.406078 0.260418
v 0.331853 1.445796 0.222021
v 0.220031 1.345875 0.331451
v 0.258090 1.306171 0.331400
v 0.258090 1.306171 -0.331400
v 0.220031 1.345875 -0.331451
v -0.258090 1.306171 0.331400
v -0.220031 1.345875 0.331451
v -0.331922 1.406078 -0.260418
v -0.331853 1.445796 -0.222021
v -0.214588 0.199573 0.326339
v -0.253548 0.239303 0.326720
v 0.314733 0.554895 -0.232304
v 0.314733 0.554895 0.232304
v 0.317070 1.070713 -0.234309
v 0.317070 1.070713 0.234309
v -0.222692 0.504816 -0.313823
v 0.233572 0.504900 -0.313824
v -0.225445 1.141301 -0.315750
v 0.236324 1.141047 -0.315750
v 0.233572 0.504900 0.313824
v -0.233572 0.504900 0.313824
v 0.236324 1.141047 0.315750
v -0.236324 1.141047 0.315750
v -0.314732 0.554784 0.221423
v -0.314733 0.554895 -0.232304
v -0.317070 1.070918 0.223429
v -0.317070 1.070713 -0.234309
v -0.311176 0.225361 -0.205150
v -0.311438 0.249624 -0.228833
v 0.227700 0.249714 0.311379
v 0.203819 0.225361 0.311145
v -0.209091 1.320254 -0.315978
v -0.232009 1.296345 -0.315948
v 0.311176 0.225361 0.205150
v 0.311438 0.249624 0.228833
v 0.311438 0.249624 -0.228833
v 0.311176 0.225361 -0.205150
v -0.316457 1.420127 0.211145
v -0.316500 1.396048 0.234423
v 0.203819 0.225361 -0.311145
v 0.227700 0.249714 -0.311379
v -0.227700 0.249714 -0.311379
v -0.203819 0.225361 -0.311145
v -0.311438 0.249624 0.228833
v -0.311176 0.225361 0.205150
v 0.316457 1.420127 -0.211145
v 0.316500 1.396048 -0.234423
v 0.316500 1.396048 0.234423
v 0.316457 1.420127 0.211145
v 0.209091 1.320254 0.315978
v 0.232009 1.296345 0.315948
v 0.232009 1.296345 -0.315948
v 0.209091 1.320254 -0.315978
v -0.232009 1.296345 0.315948
v -0.209091 1.320254 0.315978
v -0.316500 1.396048 -0.234423
v -0.316457 1.420127 -0.211145
v -0.203819 0.225361 0.311145
v -0.227700 0.249714 0.311379
v 0.222692 0.504816 -0.313823
v 0.225445 1.141301 -0.315750
v 0.317070 1.070918 -0.223429
v 0.314732 0.554784 -0.221423
v 0.225445 1.141301 0.315750
v 0.222692 0.504816 0.313823
v 0.314732 0.554784 0.221423
v 0.317070 1.070918 0.223429
v -0.222692 0.504816 0.313823
v -0.225445 1.141301 0.315750
v -0.317070 1.070713 0.234309
v -0.314733 0.554895 0.232304
v -0.236324 1.141047 -0.315750
v -0.233572 0.504900 -0.313824
v -0.314732 0.554784 -0.221423
v -0.317070 1.070918 -0.223429
v -0.311059 0.214481 -0.209735
v -0.311392 0.245306 -0.239821
v 0.238668 0.245359 0.311337
v 0.208389 0.214482 0.311041
v -0.213733 1.331133 -0.315992
v -0.243075 1.300522 -0.315953
v 0.311059 0.214481 0.209735
v 0.311392 0.245306 0.239821
v 0.311392 0.245306 -0.239821
v 0.311059 0.214481 -0.209735
v -0.316438 1.431007 0.215760
v -0.316492 1.400293 0.245453
v 0.208389 0.214482 -0.311041
v 0.238668 0.245359 -0.311337
v -0.238668 0.245359 -0.311337
v -0.208389 0.214482 -0.311041
v -0.311392 0.245306 0.239821
v -0.311059 0.214481 0.209735
v 0.316438 1.431007 -0.215760
v 0.316492 1.400293 -0.245453
v 0.316492 1.400293 0.245453
v 0.316438 1.431007 0.215760
v 0.213733 1.331133 0.315992
v 0.243075 1.300522 0.315953
v 0.243075 1.300522 -0.315953
v 0.213733 1.331133 -0.315992
v -0.243075 1.300522 0.315953
v -0.213733 1.331133 0.315992
v -0.316492 1.400293 -0.245453
v -0.316438 1.431007 -0.215760
v -0.208389 0.214482 0.311041
v -0.238668 0.245359 0.311337
v 0.334621 0.554631 -0.221423
v 0.334621 0.554631 0.221423
v 0.336959 1.070892 -0.223429
v 0.336959 1.070892 0.223429
v -0.222692 0.504691 -0.333713
v 0.222692 0.504691 -0.333713
v -0.225445 1.141258 -0.335640
v 0.225445 1.141258 -0.335640
v 0.222692 0.504691 0.333713
v -0.222692 0.504691 0.333713
v 0.225445 1.141258 0.335640
v -0.225445 1.141258 0.335640
v -0.334621 0.554631 0.221423
v -0.334621 0.554631 -0.221423
v -0.336959 1.070892 0.223429
v -0.336959 1.070892 -0.223429
v -0.331065 0.225146 -0.205150
v -0.331327 0.249410 -0.228833
v 0.227700 0.249523 0.331268
v 0.203819 0.225170 0.331034
v -0.209091 1.320228 -0.335868
v -0.232009 1.296319 -0.335837
v 0.331065 0.225146 0.205150
v 0.331327 0.249410 0.228833
v 0.331327 0.249410 -0.228833
v 0.331065 0.225146 -0.205150
v -0.336347 1.420162 0.211145
v -0.336389 1.396083 0.234423
v 0.203819 0.225170 -0.331034
v 0.227700 0.249523 -0.331268
v -0.227700 0.249523 -0.331268
v -0.203819 0.225170 -0.331034
v -0.331327 0.249410 0.228833
v -0.331065 0.225146 0.205150
v 0.336347 1.420162 -0.211145
v 0.336389 1.396083 -0.234423
v 0.336389 1.396083 0.234423
v 0.336347 1.420162 0.211145
v 0.209091 1.320228 0.335868
v 0.232009 1.296319 0.335837
v 0.232009 1.296319 -0.335837
v 0.209091 1.320228 -0.335868
v -0.232009 1.296319 0.335837
v -0.209091 1.320228 0.335868
v -0.336389 1.396083 -0.234423
v -0.336347 1.420162 -0.211145
v -0.203819 0.225170 0.331034
v -0.227700 0.249523 0.331268
v 0.224068 0.822974 -0.334676
v 0.224068 0.822974 0.334676
v -0.224068 0.822974 0.334676
v -0.224068 0.822974 -0.334676
v 0.215760 0.237347 0.331151
v -0.220550 1.308274 -0.335853
v 0.215760 0.237347 -0.331151
v -0.215760 0.237347 -0.331151
v 0.220550 1.308274 0.335853
v 0.220550 1.308274 -0.335853
v -0.220550 1.308274 0.335853
v -0.215760 0.237347 0.331151
v 0.000000 0.225170 0.331034
v 0.225196 0.377107 0.332490
v -0.225196 0.377107 0.332490
v 0.000000 0.225170 -0.331034
v -0.225196 0.377107 -0.332490
v 0.225196 0.377107 -0.332490
v -0.228727 1.218789 0.335739
v 0.228727 1.218789 0.335739
v 0.000000 1.320228 0.335868
v -0.000000 1.320228 -0.335868
v -0.228727 1.218789 -0.335739
v 0.228727 1.218789 -0.335739
v -0.289835 0.093742 0.400000
v -0.244269 0.150000 0.354822
v -0.354777 0.150000 0.245046
v -0.400000 0.093742 0.290554
v -0.400000 0.093742 -0.290554
v -0.354777 0.150000 -0.245046
v -0.244269 0.150000 -0.354822
v -0.289835 0.093742 -0.400000
v 0.400000 0.093742 0.290554
v 0.354777 0.150000 0.245046
v 0.244269 0.150000 0.354822
v 0.289835 0.093742 0.400000
v 0.289835 0.093742 -0.400000
v 0.244269 0.150000 -0.354822
v 0.354777 0.150000 -0.245046
v 0.400000 0.093742 -0.290554
v 0.200056 0.380087 0.342467
v 0.200056 0.492130 0.342467
v 0.200056 0.604173 0.342467
v 0.200056 0.716216 0.342467
v 0.200056 0.828259 0.342467
v 0.200056 0.940302 0.342467
v 0.200056 1.052346 0.342467
v 0.200056 1.164389 0.342467
v -0.199944 1.164389 0.342467
v -0.199944 1.052346 0.342467
v -0.199944 0.940302 0.342467
v -0.199944 0.828259 0.342467
v -0.199944 0.716216 0.342467
v -0.199944 0.604173 0.342467
v -0.199944 0.492130 0.342467
v -0.199944 0.380087 0.342467
v -0.199944 1.164389 0.317467
v -0.199944 1.052346 0.317467
v -0.199944 0.940302 0.317467
v -0.199944 0.828259 0.317467
v -0.199944 0.716216 0.317467
v -0.199944 0.604173 0.317467
v -0.199944 0.492130 0.317467
v -0.199944 0.380087 0.317467
v 0.200056 1.164389 0.317467
v 0.200056 1.052346 0.317467
v 0.200056 0.940302 0.317467
v 0.200056 0.828259 0.317467
v 0.200056 0.716216 0.317467
v 0.200056 0.604173 0.317467
v 0.200056 0.492130 0.317467
v 0.200056 0.380087 0.317467
v 0.184045 1.180399 0.342467
v 0.184045 1.260421 0.342467
v -0.183933 1.260421 0.342467
v -0.183933 1.180399 0.342467
v 0.184045 0.284055 0.342467
v 0.184045 0.364076 0.342467
v -0.183933 0.364076 0.342467
v -0.183933 0.284055 0.342467
v 0.184045 0.396098 0.342467
v 0.184045 0.476119 0.342467
v -0.183933 0.476119 0.342467
v -0.183933 0.396098 0.342467
v 0.184045 0.508141 0.342467
v 0.184045 0.588163 0.342467
v -0.183933 0.588163 0.342467
v -0.183933 0.508141 0.342467
v 0.184045 0.620184 0.342467
v 0.184045 0.700206 0.342467
v -0.183933 0.700206 0.342467
v -0.183933 0.620184 0.342467
v 0.184045 0.732227 0.342467
v 0.184045 0.812249 0.342467
v -0.183933 0.812249 0.342467
v -0.183933 0.732227 0.342467
v 0.184045 0.844270 0.342467
v 0.184045 0.924292 0.342467
v -0.183933 0.924292 0.342467
v -0.183933 0.844270 0.342467
v 0.184045 0.956313 0.342467
v 0.184045 1.036335 0.342467
v -0.183933 1.036335 0.342467
v -0.183933 0.956313 0.342467
v 0.184045 1.068356 0.342467
v 0.184045 1.148378 0.342467
v -0.183933 1.148378 0.342467
v -0.183933 1.068356 0.342467
v 0.184045 1.180399 0.354324
v 0.184045 1.260421 0.354324
v -0.183933 1.180399 0.354324
v -0.183933 1.260421 0.354324
v 0.184045 0.284055 0.354324
v 0.184045 0.364076 0.354324
v -0.183933 0.284055 0.354324
v -0.183933 0.364076 0.354324
v 0.184045 0.396098 0.354324
v 0.184045 0.476119 0.354324
v -0.183933 0.396098 0.354324
v -0.183933 0.476119 0.354324
v 0.184045 0.508141 0.354324
v 0.184045 0.588163 0.354324
v -0.183933 0.508141 0.354324
v -0.183933 0.588163 0.354324
v 0.184045 0.620184 0.354324
v 0.184045 0.700206 0.354324
v -0.183933 0.620184 0.354324
v -0.183933 0.700206 0.354324
v 0.184045 0.732227 0.354324
v 0.184045 0.812249 0.354324
v -0.183933 0.732227 0.354324
v -0.183933 0.812249 0.354324
v 0.184045 0.844270 0.354324
v 0.184045 0.924292 0.354324
v -0.183933 0.844270 0.354324
v -0.183933 0.924292 0.354324
v 0.184045 0.956313 0.354324
v 0.184045 1.036335 0.354324
v -0.183933 0.956313 0.354324
v -0.183933 1.036335 0.354324
v 0.184045 1.068356 0.354324
v 0.184045 1.148378 0.354324
v -0.183933 1.068356 0.354324
v -0.183933 1.148378 0.354324
v 0.175563 1.188882 0.354324
v 0.175563 1.251938 0.354324
v -0.175451 1.251938 0.354324
v -0.175451 1.188882 0.354324
v 0.175563 0.292537 0.354324
v 0.175563 0.355594 0.354324
v -0.175451 0.355594 0.354324
v -0.175451 0.292537 0.354324
v 0.175563 0.404580 0.354324
v 0.175563 0.467637 0.354324
v -0.175451 0.467637 0.354324
v -0.175451 0.404580 0.354324
v 0.175563 0.516623 0.354324
v 0.175563 0.579680 0.354324
v -0.175451 0.579680 0.354324
v -0.175451 0.516623 0.354324
v 0.175563 0.628667 0.354324
v 0.175563 0.691723 0.354324
v -0.175451 0.691723 0.354324
v -0.175451 0.628667 0.354324
v 0.175563 0.740710 0.354324
v 0.175563 0.803766 0.354324
v -0.175451 0.803766 0.354324
v -0.175451 0.740710 0.354324
v 0.175563 0.852753 0.354324
v 0.175563 0.915809 0.354324
v -0.175451 0.915809 0.354324
v -0.175451 0.852753 0.354324
v 0.175563 0.964796 0.354324
v 0.175563 1.027852 0.354324
v -0.175451 1.027852 0.354324
v -0.175451 0.964796 0.354324
v 0.175563 1.076839 0.354324
v 0.175563 1.139895 0.354324
v -0.175451 1.139895 0.354324
v -0.175451 1.076839 0.354324
v 0.175563 1.188882 0.348807
v 0.175563 1.251938 0.348807
v -0.175451 1.188882 0.348807
v -0.175451 1.251938 0.348807
v 0.175563 0.292537 0.348807
v 0.175563 0.355594 0.348807
v -0.175451 0.292537 0.348807
v -0.175451 0.355594 0.348807
v 0.175563 0.404580 0.348807
v 0.175563 0.467637 0.348807
v -0.175451 0.404580 0.348807
v -0.175451 0.467637 0.348807
v 0.175563 0.516623 0.348807
v 0.175563 0.579680 0.348807
v -0.175451 0.516623 0.348807
v -0.175451 0.579680 0.348807
v 0.175563 0.628667 0.348807
v 0.175563 0.691723 0.348807
v -0.175451 0.628667 0.348807
v -0.175451 0.691723 0.348807
v 0.175563 0.740710 0.348807
v 0.175563 0.803766 0.348807
v -0.175451 0.740710 0.348807
v -0.175451 0.803766 0.348807
v 0.175563 0.852753 0.348807
v 0.175563 0.915809 0.348807
v -0.175451 0.852753 0.348807
v -0.175451 0.915809 0.348807
v 0.175563 0.964796 0.348807
v 0.175563 1.027852 0.348807
v -0.175451 0.964796 0.348807
v -0.175451 1.027852 0.348807
v 0.175563 1.076839 0.348807
v 0.175563 1.139895 0.348807
v -0.175451 1.076839 0.348807
v -0.175451 1.139895 0.348807
v 0.149024 1.215421 0.348807
v 0.149024 1.225399 0.348807
v -0.148911 1.225399 0.348807
v -0.148911 1.215421 0.348807
v 0.149024 0.319076 0.348807
v 0.149024 0.329055 0.348807
v -0.148911 0.329055 0.348807
v -0.148911 0.319076 0.348807
v 0.149024 0.431120 0.348807
v 0.149024 0.441098 0.348807
v -0.148911 0.441098 0.348807
v -0.148911 0.431120 0.348807
v 0.149024 0.543163 0.348807
v 0.149024 0.553141 0.348807
v -0.148911 0.553141 0.348807
v -0.148911 0.543163 0.348807
v 0.149024 0.655206 0.348807
v 0.149024 0.665184 0.348807
v -0.148911 0.665184 0.348807
v -0.148911 0.655206 0.348807
v 0.149024 0.767249 0.348807
v 0.149024 0.777227 0.348807
v -0.148911 0.777227 0.348807
v -0.148911 0.767249 0.348807
v 0.149024 0.879292 0.348807
v 0.149024 0.889270 0.348807
v -0.148911 0.889270 0.348807
v -0.148911 0.879292 0.348807
v 0.149024 0.991335 0.348807
v 0.149024 1.001313 0.348807
v -0.148911 1.001313 0.348807
v -0.148911 0.991335 0.348807
v 0.149024 1.103378 0.348807
v 0.149024 1.113356 0.348807
v -0.148911 1.113356 0.348807
v -0.148911 1.103378 0.348807
v 0.149024 1.215421 0.346374
v 0.149024 1.225399 0.346374
v -0.148911 1.215421 0.346374
v -0.148911 1.225399 0.346374
v 0.149024 0.319076 0.346374
v 0.149024 0.329055 0.346374
v -0.148911 0.319076 0.346374
v -0.148911 0.329055 0.346374
v 0.149024 0.431120 0.346374
v 0.149024 0.441098 0.346374
v -0.148911 0.431120 0.346374
v -0.148911 0.441098 0.346374
v 0.149024 0.543163 0.346374
v 0.149024 0.553141 0.346374
v -0.148911 0.543163 0.346374
v -0.148911 0.553141 0.346374
v 0.149024 0.655206 0.346374
v 0.149024 0.665184 0.346374
v -0.148911 0.655206 0.346374
v -0.148911 0.665184 0.346374
v 0.149024 0.767249 0.346374
v 0.149024 0.777227 0.346374
v -0.148911 0.767249 0.346374
v -0.148911 0.777227 0.346374
v 0.149024 0.879292 0.346374
v 0.149024 0.889270 0.346374
v -0.148911 0.879292 0.346374
v -0.148911 0.889270 0.346374
v 0.149024 0.991335 0.346374
v 0.149024 1.001313 0.346374
v -0.148911 0.991335 0.346374
v -0.148911 1.001313 0.346374
v 0.149024 1.103378 0.346374
v 0.149024 1.113356 0.346374
v -0.148911 1.103378 0.346374
v -0.148911 1.113356 0.346374
v 0.189977 0.268044 0.342467
v 0.200056 0.278123 0.342467
v 0.192929 0.275171 0.342467
v 0.200056 1.266353 0.342467
v 0.189977 1.276432 0.342467
v 0.192929 1.269305 0.342467
v -0.199944 0.278123 0.342467
v -0.189865 0.268044 0.342467
v -0.192817 0.275171 0.342467
v -0.189865 1.276432 0.342467
v -0.199944 1.266353 0.342467
v -0.192817 1.269305 0.342467
v 0.200056 0.278123 0.317467
v 0.189977 0.268044 0.317467
v 0.189977 1.276432 0.317467
v 0.200056 1.266353 0.317467
v -0.189865 0.268044 0.317467
v -0.199944 0.278123 0.317467
v -0.199944 1.266353 0.317467
v -0.189865 1.276432 0.317467
v -0.227862 0.380087 -0.343906
v -0.227862 0.492130 -0.343906
v -0.227862 0.604173 -0.343906
v -0.227862 0.716216 -0.343906
v -0.227862 0.828259 -0.343906
v -0.227862 0.940302 -0.343906
v -0.227862 1.052346 -0.343906
v -0.227862 1.164389 -0.343906
v 0.172138 1.164389 -0.343906
v 0.172138 1.052346 -0.343906
v 0.172138 0.940302 -0.343906
v 0.172138 0.828259 -0.343906
v 0.172138 0.716216 -0.343906
v 0.172138 0.604173 -0.343906
v 0.172138 0.492130 -0.343906
v 0.172138 0.380087 -0.343906
v 0.172138 1.164389 -0.318906
v 0.172138 1.052346 -0.318906
v 0.172138 0.940302 -0.318906
v 0.172138 0.828259 -0.318906
v 0.172138 0.716216 -0.318906
v 0.172138 0.604173 -0.318906
v 0.172138 0.492130 -0.318906
v 0.172138 0.380087 -0.318906
v -0.227862 1.164389 -0.318906
v -0.227862 1.052346 -0.318906
v -0.227862 0.940302 -0.318906
v -0.227862 0.828259 -0.318906
v -0.227862 0.716216 -0.318906
v -0.227862 0.604173 -0.318906
v -0.227862 0.492130 -0.318906
v -0.227862 0.380087 -0.318906
v -0.211852 1.180399 -0.343906
v -0.211852 1.260421 -0.343906
v 0.156127 1.260421 -0.343906
v 0.156127 1.180399 -0.343906
v -0.211852 0.284055 -0.343906
v -0.211852 0.364076 -0.343906
v 0.156127 0.364076 -0.343906
v 0.156127 0.284055 -0.343906
v -0.211852 0.396098 -0.343906
v -0.211852 0.476119 -0.343906
v 0.156127 0.476119 -0.343906
v 0.156127 0.396098 -0.343906
v -0.211852 0.508141 -0.343906
v -0.211852 0.588163 -0.343906
v 0.156127 0.588163 -0.343906
v 0.156127 0.508141 -0.343906
v -0.211852 0.620184 -0.343906
v -0.211852 0.700206 -0.343906
v 0.156127 0.700206 -0.343906
v 0.156127 0.620184 -0.343906
v -0.211852 0.732227 -0.343906
v -0.211852 0.812249 -0.343906
v 0.156127 0.812249 -0.343906
v 0.156127 0.732227 -0.343906
v -0.211852 0.844270 -0.343906
v -0.211852 0.924292 -0.343906
v 0.156127 0.924292 -0.343906
v 0.156127 0.844270 -0.343906
v -0.211852 0.956313 -0.343906
v -0.211852 1.036335 -0.343906
v 0.156127 1.036335 -0.343906
v 0.156127 0.956313 -0.343906
v -0.211852 1.068356 -0.343906
v -0.211852 1.148378 -0.343906
v 0.156127 1.148378 -0.343906
v 0.156127 1.068356 -0.343906
v -0.211852 1.180399 -0.355763
v -0.211852 1.260421 -0.355763
v 0.156127 1.180399 -0.355763
v 0.156127 1.260421 -0.355763
v -0.211852 0.284055 -0.355763
v -0.211852 0.364076 -0.355763
v 0.156127 0.284055 -0.355763
v 0.156127 0.364076 -0.355763
v -0.211852 0.396098 -0.355763
v -0.211852 0.476119 -0.355763
v 0.156127 0.396098 -0.355763
v 0.156127 0.476119 -0.355763
v -0.211852 0.508141 -0.355763
v -0.211852 0.588163 -0.355763
v 0.156127 0.508141 -0.355763
v 0.156127 0.588163 -0.355763
v -0.211852 0.620184 -0.355763
v -0.211852 0.700206 -0.355763
v 0.156127 0.620184 -0.355763
v 0.156127 0.700206 -0.355763
v -0.211852 0.732227 -0.355763
v -0.211852 0.812249 -0.355763
v 0.156127 0.732227 -0.355763
v 0.156127 0.812249 -0.355763
v -0.211852 0.844270 -0.355763
v -0.211852 0.924292 -0.355763
v 0.156127 0.844270 -0.355763
v 0.156127 0.924292 -0.355763
v -0.211852 0.956313 -0.355763
v -0.211852 1.036335 -0.355763
v 0.156127 0.956313 -0.355763
v 0.156127 1.036335 -0.355763
v -0.211852 1.068356 -0.355763
v -0.211852 1.148378 -0.355763
v 0.156127 1.068356 -0.355763
v 0.156127 1.148378 -0.355763
v -0.203369 1.188882 -0.355763
v -0.203369 1.251938 -0.355763
v 0.147644 1.251938 -0.355763
v 0.147644 1.188882 -0.355763
v -0.203369 0.292537 -0.355763
v -0.203369 0.355594 -0.355763
v 0.147644 0.355594 -0.355763
v 0.147644 0.292537 -0.355763
v -0.203369 0.404580 -0.355763
v -0.203369 0.467637 -0.355763
v 0.147644 0.467637 -0.355763
v 0.147644 0.404580 -0.355763
v -0.203369 0.516623 -0.355763
v -0.203369 0.579680 -0.355763
v 0.147644 0.579680 -0.355763
v 0.147644 0.516623 -0.355763
v -0.203369 0.628667 -0.355763
v -0.203369 0.691723 -0.355763
v 0.147644 0.691723 -0.355763
v 0.147644 0.628667 -0.355763
v -0.203369 0.740710 -0.355763
v -0.203369 0.803766 -0.355763
v 0.147644 0.803766 -0.355763
v 0.147644 0.740710 -0.355763
v -0.203369 0.852753 -0.355763
v -0.203369 0.915809 -0.355763
v 0.147644 0.915809 -0.355763
v 0.147644 0.852753 -0.355763
v -0.203369 0.964796 -0.355763
v -0.203369 1.027852 -0.355763
v 0.147644 1.027852 -0.355763
v 0.147644 0.964796 -0.355763
v -0.203369 1.076839 -0.355763
v -0.203369 1.139895 -0.355763
v 0.147644 1.139895 -0.355763
v 0.147644 1.076839 -0.355763
v -0.203369 1.188882 -0.350246
v -0.203369 1.251938 -0.350246
v 0.147644 1.188882 -0.350246
v 0.147644 1.251938 -0.350246
v -0.203369 0.292537 -0.350246
v -0.203369 0.355594 -0.350246
v 0.147644 0.292537 -0.350246
v 0.147644 0.355594 -0.350246
v -0.203369 0.404580 -0.350246
v -0.203369 0.467637 -0.350246
v 0.147644 0.404580 -0.350246
v 0.147644 0.467637 -0.350246
v -0.203369 0.516623 -0.350246
v -0.203369 0.579680 -0.350246
v 0.147644 0.516623 -0.350246
v 0.147644 0.579680 -0.350246
v -0.203369 0.628667 -0.350246
v -0.203369 0.691723 -0.350246
v 0.147644 0.628667 -0.350246
v 0.147644 0.691723 -0.350246
v -0.203369 0.740710 -0.350246
v -0.203369 0.803766 -0.350246
v 0.147644 0.740710 -0.350246
v 0.147644 0.803766 -0.350246
v -0.203369 0.852753 -0.350246
v -0.203369 0.915809 -0.350246
v 0.147644 0.852753 -0.350246
v 0.147644 0.915809 -0.350246
v -0.203369 0.964796 -0.350246
v -0.203369 1.027852 -0.350246
v 0.147644 0.964796 -0.350246
v 0.147644 1.027852 -0.350246
v -0.203369 1.076839 -0.350246
v -0.203369 1.139895 -0.350246
v 0.147644 1.076839 -0.350246
v 0.147644 1.139895 -0.350246
v -0.176830 1.215421 -0.350246
v -0.176830 1.225399 -0.350246
v 0.121105 1.225399 -0.350246
v 0.121105 1.215421 -0.350246
v -0.176830 0.319076 -0.350246
v -0.176830 0.329055 -0.350246
v 0.121105 0.329055 -0.350246
v 0.121105 0.319076 -0.350246
v -0.176830 0.431120 -0.350246
v -0.176830 0.441098 -0.350246
v 0.121105 0.441098 -0.350246
v 0.121105 0.431120 -0.350246
v -0.176830 0.543163 -0.350246
v -0.176830 0.553141 -0.350246
v 0.121105 0.553141 -0.350246
v 0.121105 0.543163 -0.350246
v -0.176830 0.655206 -0.350246
v -0.176830 0.665184 -0.350246
v 0.121105 0.665184 -0.350246
v 0.121105 0.655206 -0.350246
v -0.176830 0.767249 -0.350246
v -0.176830 0.777227 -0.350246
v 0.121105 0.777227 -0.350246
v 0.121105 0.767249 -0.350246
v -0.176830 0.879292 -0.350246
v -0.176830 0.889270 -0.350246
v 0.121105 0.889270 -0.350246
v 0.121105 0.879292 -0.350246
v -0.176830 0.991335 -0.350246
v -0.176830 1.001313 -0.350246
v 0.121105 1.001313 -0.350246
v 0.121105 0.991335 -0.350246
v -0.176830 1.103378 -0.350246
v -0.176830 1.113356 -0.350246
v 0.121105 1.113356 -0.350246
v 0.121105 1.103378 -0.350246
v -0.176830 1.215421 -0.347813
v -0.176830 1.225399 -0.347813
v 0.121105 1.215421 -0.347813
v 0.121105 1.225399 -0.347813
v -0.176830 0.319076 -0.347813
v -0.176830 0.329055 -0.347813
v 0.121105 0.319076 -0.347813
v 0.121105 0.329055 -0.347813
v -0.176830 0.431120 -0.347813
v -0.176830 0.441098 -0.347813
v 0.121105 0.431120 -0.347813
v 0.121105 0.441098 -0.347813
v -0.176830 0.543163 -0.347813
v -0.176830 0.553141 -0.347813
v 0.121105 0.543163 -0.347813
v 0.121105 0.553141 -0.347813
v -0.176830 0.655206 -0.347813
v -0.176830 0.665184 -0.347813
v 0.121105 0.655206 -0.347813
v 0.121105 0.665184 -0.347813
v -0.176830 0.767249 -0.347813
v -0.176830 0.777227 -0.347813
v 0.121105 0.767249 -0.347813
v 0.121105 0.777227 -0.347813
v -0.176830 0.879292 -0.347813
v -0.176830 0.889270 -0.347813
v 0.121105 0.879292 -0.347813
v 0.121105 0.889270 -0.347813
v -0.176830 0.991335 -0.347813
v -0.176830 1.001313 -0.347813
v 0.121105 0.991335 -0.347813
v 0.121105 1.001313 -0.347813
v -0.176830 1.103378 -0.347813
v -0.176830 1.113356 -0.347813
v 0.121105 1.103378 -0.347813
v 0.121105 1.113356 -0.347813
v -0.217784 0.268044 -0.343906
v -0.227862 0.278123 -0.343906
v -0.220736 0.275171 -0.343906
v -0.227862 1.266353 -0.343906
v -0.217784 1.276432 -0.343906
v -0.220736 1.269305 -0.343906
v 0.172138 0.278123 -0.343906
v 0.162059 0.268044 -0.343906
v 0.165011 0.275171 -0.343906
v 0.162059 1.276432 -0.343906
v 0.172138 1.266353 -0.343906
v 0.165011 1.269305 -0.343906
v -0.227862 0.278123 -0.318906
v -0.217784 0.268044 -0.318906
v -0.217784 1.276432 -0.318906
v -0.227862 1.266353 -0.318906
v 0.162059 0.268044 -0.318906
v 0.172138 0.278123 -0.318906
v 0.172138 1.266353 -0.318906
v 0.162059 1.276432 -0.318906
v 0.319624 0.254524 -0.082527
v 0.319624 0.454524 -0.082527
v 0.349624 0.287996 -0.062707
v 0.349624 0.421053 -0.062707
v 0.349624 0.421053 0.180179
v 0.349624 0.287996 0.180179
v 0.349624 0.287996 -0.180179
v 0.349624 0.421053 -0.180179
v 0.349624 0.421053 -0.102348
v 0.349624 0.287996 -0.102348
v 0.359813 0.421053 -0.062707
v 0.359813 0.287996 -0.062707
v 0.359813 0.287996 0.180179
v 0.359813 0.421053 0.180179
v 0.359813 0.421053 -0.180179
v 0.359813 0.287996 -0.180179
v 0.359813 0.287996 -0.102348
v 0.359813 0.421053 -0.102348
v 0.359813 0.294350 -0.056353
v 0.359813 0.414699 -0.056353
v 0.359813 0.414699 0.173825
v 0.359813 0.294350 0.173825
v 0.359813 0.294350 -0.173825
v 0.359813 0.414699 -0.173825
v 0.359813 0.414699 -0.108702
v 0.359813 0.294350 -0.108702
v 0.354857 0.414699 -0.056353
v 0.354857 0.294350 -0.056353
v 0.354857 0.294350 0.173825
v 0.354857 0.414699 0.173825
v 0.354857 0.414699 -0.173825
v 0.354857 0.294350 -0.173825
v 0.354857 0.294350 -0.108702
v 0.354857 0.414699 -0.108702
v 0.354857 0.303894 -0.046808
v 0.354857 0.405154 -0.046808
v 0.354857 0.405154 0.164281
v 0.354857 0.303894 0.164281
v 0.354857 0.303894 -0.164281
v 0.354857 0.405154 -0.164281
v 0.354857 0.405154 -0.118246
v 0.354857 0.303894 -0.118246
v 0.350670 0.405154 -0.046808
v 0.350670 0.303894 -0.046808
v 0.350670 0.303894 0.164281
v 0.350670 0.405154 0.164281
v 0.350670 0.405154 -0.164281
v 0.350670 0.303894 -0.164281
v 0.350670 0.303894 -0.118246
v 0.350670 0.405154 -0.118246
v 0.319624 0.254524 0.191597
v 0.319624 0.262928 0.200000
v 0.319624 0.446121 0.200000
v 0.319624 0.454524 0.191597
v 0.319624 0.262928 -0.200000
v 0.319624 0.254524 -0.191597
v 0.319624 0.454524 -0.191597
v 0.319624 0.446121 -0.200000
v 0.349624 0.261755 0.195718
v 0.349624 0.447294 0.195718
v 0.349624 0.261755 -0.195718
v 0.349624 0.447294 -0.195718
v 0.346728 0.254524 -0.082527
v 0.349624 0.258099 -0.082527
v 0.349624 0.450949 -0.082527
v 0.346728 0.454524 -0.082527
v 0.349624 0.262285 0.197652
v 0.346728 0.262928 0.200000
v 0.346728 0.254524 0.191597
v 0.349624 0.258127 0.193650
v 0.349624 0.450922 0.193650
v 0.346728 0.454524 0.191597
v 0.346728 0.446121 0.200000
v 0.349624 0.446764 0.197652
v 0.349624 0.258127 -0.193650
v 0.346728 0.254524 -0.191597
v 0.346728 0.262928 -0.200000
v 0.349624 0.262285 -0.197652
v 0.349624 0.446764 -0.197652
v 0.346728 0.446121 -0.200000
v 0.346728 0.454524 -0.191597
v 0.349624 0.450922 -0.193650
v 0.319624 0.470263 -0.082527
v 0.319624 0.670263 -0.082527
v 0.349624 0.503735 -0.062707
v 0.349624 0.636792 -0.062707
v 0.349624 0.636792 0.180179
v 0.349624 0.503735 0.180179
v 0.349624 0.503735 -0.180179
v 0.349624 0.636792 -0.180179
v 0.349624 0.636792 -0.102348
v 0.349624 0.503735 -0.102348
v 0.359813 0.636792 -0.062707
v 0.359813 0.503735 -0.062707
v 0.359813 0.503735 0.180179
v 0.359813 0.636792 0.180179
v 0.359813 0.636792 -0.180179
v 0.359813 0.503735 -0.180179
v 0.359813 0.503735 -0.102348
v 0.359813 0.636792 -0.102348
v 0.359813 0.510089 -0.056353
v 0.359813 0.630438 -0.056353
v 0.359813 0.630438 0.173825
v 0.359813 0.510089 0.173825
v 0.359813 0.510089 -0.173825
v 0.359813 0.630438 -0.173825
v 0.359813 0.630438 -0.108702
v 0.359813 0.510089 -0.108702
v 0.354857 0.630438 -0.056353
v 0.354857 0.510089 -0.056353
v 0.354857 0.510089 0.173825
v 0.354857 0.630438 0.173825
v 0.354857 0.630438 -0.173825
v 0.354857 0.510089 -0.173825
v 0.354857 0.510089 -0.108702
v 0.354857 0.630438 -0.108702
v 0.354857 0.519633 -0.046808
v 0.354857 0.620893 -0.046808
v 0.354857 0.620893 0.164281
v 0.354857 0.519633 0.164281
v 0.354857 0.519633 -0.164281
v 0.354857 0.620893 -0.164281
v 0.354857 0.620893 -0.118246
v 0.354857 0.519633 -0.118246
v 0.350670 0.620893 -0.046808
v 0.350670 0.519633 -0.046808
v 0.350670 0.519633 0.164281
v 0.350670 0.620893 0.164281
v 0.350670 0.620893 -0.164281
v 0.350670 0.519633 -0.164281
v 0.350670 0.519633 -0.118246
v 0.350670 0.620893 -0.118246
v 0.319624 0.470263 0.191597
v 0.319624 0.478666 0.200000
v 0.319624 0.661860 0.200000
v 0.319624 0.670263 0.191597
v 0.319624 0.478666 -0.200000
v 0.319624 0.470263 -0.191597
v 0.319624 0.670263 -0.191597
v 0.319624 0.661860 -0.200000
v 0.349624 0.477494 0.195718
v 0.349624 0.663033 0.195718
v 0.349624 0.477494 -0.195718
v 0.349624 0.663033 -0.195718
v 0.346728 0.470263 -0.082527
v 0.349624 0.473838 -0.082527
v 0.349624 0.666688 -0.082527
v 0.346728 0.670263 -0.082527
v 0.349624 0.478023 0.197652
v 0.346728 0.478666 0.200000
v 0.346728 0.470263 0.191597
v 0.349624 0.473865 0.193650
v 0.349624 0.666661 0.193650
v 0.346728 0.670263 0.191597
v 0.346728 0.661860 0.200000
v 0.349624 0.662503 0.197652
v 0.349624 0.473865 -0.193650
v 0.346728 0.470263 -0.191597
v 0.346728 0.478666 -0.200000
v 0.349624 0.478023 -0.197652
v 0.349624 0.662503 -0.197652
v 0.346728 0.661860 -0.200000
v 0.346728 0.670263 -0.191597
v 0.349624 0.666661 -0.193650
v 0.319624 0.689659 -0.082527
v 0.319624 0.889659 -0.082527
v 0.349624 0.723130 -0.062707
v 0.349624 0.856187 -0.062707
v 0.349624 0.856187 0.180179
v 0.349624 0.723130 0.180179
v 0.349624 0.723130 -0.180179
v 0.349624 0.856187 -0.180179
v 0.349624 0.856187 -0.102348
v 0.349624 0.723130 -0.102348
v 0.359813 0.856187 -0.062707
v 0.359813 0.723130 -0.062707
v 0.359813 0.723130 0.180179
v 0.359813 0.856187 0.180179
v 0.359813 0.856187 -0.180179
v 0.359813 0.723130 -0.180179
v 0.359813 0.723130 -0.102348
v 0.359813 0.856187 -0.102348
v 0.359813 0.729484 -0.056353
v 0.359813 0.849833 -0.056353
v 0.359813 0.849833 0.173825
v 0.359813 0.729484 0.173825
v 0.359813 0.729484 -0.173825
v 0.359813 0.849833 -0.173825
v 0.359813 0.849833 -0.108702
v 0.359813 0.729484 -0.108702
v 0.354857 0.849833 -0.056353
v 0.354857 0.729484 -0.056353
v 0.354857 0.729484 0.173825
v 0.354857 0.849833 0.173825
v 0.354857 0.849833 -0.173825
v 0.354857 0.729484 -0.173825
v 0.354857 0.729484 -0.108702
v 0.354857 0.849833 -0.108702
v 0.354857 0.739029 -0.046808
v 0.354857 0.840288 -0.046808
v 0.354857 0.840288 0.164281
v 0.354857 0.739029 0.164281
v 0.354857 0.739029 -0.164281
v 0.354857 0.840288 -0.164281
v 0.354857 0.840288 -0.118246
v 0.354857 0.739029 -0.118246
v 0.350670 0.840288 -0.046808
v 0.350670 0.739029 -0.046808
v 0.350670 0.739029 0.164281
v 0.350670 0.840288 0.164281
v 0.350670 0.840288 -0.164281
v 0.350670 0.739029 -0.164281
v 0.350670 0.739029 -0.118246
v 0.350670 0.840288 -0.118246
v 0.319624 0.689659 0.191597
v 0.319624 0.698062 0.200000
v 0.319624 0.881255 0.200000
v 0.319624 0.889659 0.191597
v 0.319624 0.698062 -0.200000
v 0.319624 0.689659 -0.191597
v 0.319624 0.889659 -0.191597
v 0.319624 0.881255 -0.200000
v 0.349624 0.696889 0.195718
v 0.349624 0.882428 0.195718
v 0.349624 0.696889 -0.195718
v 0.349624 0.882428 -0.195718
v 0.346728 0.689659 -0.082527
v 0.349624 0.693233 -0.082527
v 0.349624 0.886084 -0.082527
v 0.346728 0.889659 -0.082527
v 0.349624 0.697419 0.197652
v 0.346728 0.698062 0.200000
v 0.346728 0.689659 0.191597
v 0.349624 0.693261 0.193650
v 0.349624 0.886056 0.193650
v 0.346728 0.889659 0.191597
v 0.346728 0.881255 0.200000
v 0.349624 0.881898 0.197652
v 0.349624 0.693261 -0.193650
v 0.346728 0.689659 -0.191597
v 0.346728 0.698062 -0.200000
v 0.349624 0.697419 -0.197652
v 0.349624 0.881898 -0.197652
v 0.346728 0.881255 -0.200000
v 0.346728 0.889659 -0.191597
v 0.349624 0.886056 -0.193650
v 0.319624 0.905397 -0.082527
v 0.319624 1.105397 -0.082527
v 0.349624 0.938869 -0.062707
v 0.349624 1.071926 -0.062707
v 0.349624 1.071926 0.180179
v 0.349624 0.938869 0.180179
v 0.349624 0.938869 -0.180179
v 0.349624 1.071926 -0.180179
v 0.349624 1.071926 -0.102348
v 0.349624 0.938869 -0.102348
v 0.359813 1.071926 -0.062707
v 0.359813 0.938869 -0.062707
v 0.359813 0.938869 0.180179
v 0.359813 1.071926 0.180179
v 0.359813 1.071926 -0.180179
v 0.359813 0.938869 -0.180179
v 0.359813 0.938869 -0.102348
v 0.359813 1.071926 -0.102348
v 0.359813 0.945223 -0.056353
v 0.359813 1.065572 -0.056353
v 0.359813 1.065572 0.173825
v 0.359813 0.945223 0.173825
v 0.359813 0.945223 -0.173825
v 0.359813 1.065572 -0.173825
v 0.359813 1.065572 -0.108702
v 0.359813 0.945223 -0.108702
v 0.354857 1.065572 -0.056353
v 0.354857 0.945223 -0.056353
v 0.354857 0.945223 0.173825
v 0.354857 1.065572 0.173825
v 0.354857 1.065572 -0.173825
v 0.354857 0.945223 -0.173825
v 0.354857 0.945223 -0.108702
v 0.354857 1.065572 -0.108702
v 0.354857 0.954767 -0.046808
v 0.354857 1.056027 -0.046808
v 0.354857 1.056027 0.164281
v 0.354857 0.954767 0.164281
v 0.354857 0.954767 -0.164281
v 0.354857 1.056027 -0.164281
v 0.354857 1.056027 -0.118246
v 0.354857 0.954767 -0.118246
v 0.350670 1.056027 -0.046808
v 0.350670 0.954767 -0.046808
v 0.350670 0.954767 0.164281
v 0.350670 1.056027 0.164281
v 0.350670 1.056027 -0.164281
v 0.350670 0.954767 -0.164281
v 0.350670 0.954767 -0.118246
v 0.350670 1.056027 -0.118246
v 0.319624 0.905397 0.191597
v 0.319624 0.913801 0.200000
v 0.319624 1.096994 0.200000
v 0.319624 1.105397 0.191597
v 0.319624 0.913801 -0.200000
v 0.319624 0.905397 -0.191597
v 0.319624 1.105397 -0.191597
v 0.319624 1.096994 -0.200000
v 0.349624 0.912628 0.195718
v 0.349624 1.098167 0.195718
v 0.349624 0.912628 -0.195718
v 0.349624 1.098167 -0.195718
v 0.346728 0.905397 -0.082527
v 0.349624 0.908972 -0.082527
v 0.349624 1.101822 -0.082527
v 0.346728 1.105397 -0.082527
v 0.349624 0.913158 0.197652
v 0.346728 0.913801 0.200000
v 0.346728 0.905397 0.191597
v 0.349624 0.908999 0.193650
v 0.349624 1.101795 0.193650
v 0.346728 1.105397 0.191597
v 0.346728 1.096994 0.200000
v 0.349624 1.097637 0.197652
v 0.349624 0.908999 -0.193650
v 0.346728 0.905397 -0.191597
v 0.346728 0.913801 -0.200000
v 0.349624 0.913158 -0.197652
v 0.349624 1.097637 -0.197652
v 0.346728 1.096994 -0.200000
v 0.346728 1.105397 -0.191597
v 0.349624 1.101795 -0.193650
v 0.331635 1.128414 0.182868
v 0.331635 1.388530 0.182868
v 0.331635 1.128414 -0.182868
v 0.331635 1.388530 -0.182868
v 0.347241 1.128414 0.182868
v 0.347241 1.388530 0.182868
v 0.347241 1.128414 -0.182868
v 0.347241 1.388530 -0.182868
v 0.347241 1.139711 -0.171571
v 0.347241 1.377233 -0.171571
v 0.347241 1.377233 0.171571
v 0.347241 1.139711 0.171571
v 0.343166 1.358232 -0.154320
v 0.343166 1.158712 -0.154320
v 0.343236 1.158585 0.154779
v 0.343236 1.347203 0.134952
v 0.343166 1.258472 -0.154320
v 0.343236 1.158584 0.009301
v 0.343236 1.347203 0.006445
v 0.343236 1.264917 0.134952
v 0.343236 1.264917 0.006445
v 0.343166 1.202242 -0.154320
v 0.343166 1.158712 -0.085786
v 0.343236 1.347203 0.085786
v 0.343236 1.204918 0.154779
v 0.343166 1.314701 -0.154320
v 0.343236 1.158584 0.082040
v 0.343166 1.358232 -0.085786
v 0.343236 1.317852 0.134952
v 0.343236 1.264917 0.085786
v 0.343236 1.204918 0.009301
v 0.343236 1.317852 0.006445
v 0.343236 1.377233 0.085786
v 0.343236 1.377233 0.171571
v 0.343236 1.317852 0.171571
v 0.343236 1.251252 0.154779
v 0.343236 1.251252 0.082040
v 0.343166 1.314701 -0.017251
v 0.343236 1.251252 0.009301
v 0.343166 1.358232 -0.017251
v 0.343236 1.199091 0.171571
v 0.343236 1.139711 0.171571
v 0.343236 1.139711 0.085786
v 0.343166 1.158712 -0.017251
v 0.343236 1.258472 0.085786
v 0.343236 1.258472 0.171571
v 0.343166 1.202242 -0.017251
v 0.343236 1.258472 0.000000
v 0.343236 1.199091 -0.171571
v 0.343236 1.139711 -0.171571
v 0.343236 1.139711 -0.085786
v 0.343236 1.317852 -0.171571
v 0.343236 1.258472 -0.171571
v 0.343236 1.377233 -0.085786
v 0.343236 1.377233 0.000000
v 0.343236 1.199091 0.000000
v 0.343236 1.139711 0.000000
v 0.343236 1.317852 0.000000
v 0.343166 1.258472 -0.017251
v 0.343236 1.377233 -0.171571
v 0.340908 1.258472 -0.085786
v 0.340908 1.258472 -0.017251
v 0.340908 1.258472 -0.154320
v 0.340908 1.314701 -0.085786
v 0.340908 1.314701 -0.017251
v 0.340908 1.314701 -0.154320
v 0.340908 1.358232 -0.085786
v 0.340908 1.202242 -0.085786
v 0.340908 1.202242 -0.017251
v 0.340908 1.202242 -0.154320
v 0.340908 1.158712 -0.085786
v 0.340852 1.204918 0.082040
v 0.340852 1.204918 0.154779
v 0.340852 1.204918 0.009301
v 0.340852 1.158584 0.082040
v 0.340852 1.251252 0.082040
v 0.340852 1.317852 0.085786
v 0.340852 1.317852 0.134952
v 0.340852 1.317852 0.006445
v 0.340852 1.264917 0.085786
v 0.340852 1.347203 0.085786
v 0.340852 1.347203 0.134952
v 0.340852 1.264917 0.134952
v 0.340852 1.264917 0.006445
v 0.340852 1.347203 0.006445
v 0.340852 1.158585 0.154779
v 0.340852 1.158584 0.009301
v 0.340852 1.251252 0.154779
v 0.340852 1.251252 0.009301
v 0.340908 1.158712 -0.154320
v 0.340908 1.358232 -0.017251
v 0.340908 1.158712 -0.017251
v 0.340908 1.358232 -0.154320
v -0.317026 0.254524 0.082527
v -0.317026 0.454524 0.082527
v -0.347026 0.287996 0.062707
v -0.347026 0.421053 0.062707
v -0.347026 0.421053 -0.180179
v -0.347026 0.287996 -0.180179
v -0.347026 0.287996 0.180179
v -0.347026 0.421053 0.180179
v -0.347026 0.421053 0.102348
v -0.347026 0.287996 0.102348
v -0.357216 0.421053 0.062707
v -0.357216 0.287996 0.062707
v -0.357216 0.287996 -0.180179
v -0.357216 0.421053 -0.180179
v -0.357216 0.421053 0.180179
v -0.357216 0.287996 0.180179
v -0.357216 0.287996 0.102348
v -0.357216 0.421053 0.102348
v -0.357216 0.294350 0.056353
v -0.357216 0.414699 0.056353
v -0.357216 0.414699 -0.173825
v -0.357216 0.294350 -0.173825
v -0.357216 0.294350 0.173825
v -0.357216 0.414699 0.173825
v -0.357216 0.414699 0.108702
v -0.357216 0.294350 0.108702
v -0.352259 0.414699 0.056353
v -0.352259 0.294350 0.056353
v -0.352259 0.294350 -0.173825
v -0.352259 0.414699 -0.173825
v -0.352259 0.414699 0.173825
v -0.352259 0.294350 0.173825
v -0.352259 0.294350 0.108702
v -0.352259 0.414699 0.108702
v -0.352259 0.303894 0.046808
v -0.352259 0.405154 0.046808
v -0.352259 0.405154 -0.164281
v -0.352259 0.303894 -0.164281
v -0.352259 0.303894 0.164281
v -0.352259 0.405154 0.164281
v -0.352259 0.405154 0.118246
v -0.352259 0.303894 0.118246
v -0.348072 0.405154 0.046808
v -0.348072 0.303894 0.046808
v -0.348072 0.303894 -0.164281
v -0.348072 0.405154 -0.164281
v -0.348072 0.405154 0.164281
v -0.348072 0.303894 0.164281
v -0.348072 0.303894 0.118246
v -0.348072 0.405154 0.118246
v -0.317026 0.254524 -0.191597
v -0.317026 0.262928 -0.200000
v -0.317026 0.446121 -0.200000
v -0.317026 0.454524 -0.191597
v -0.317026 0.262928 0.200000
v -0.317026 0.254524 0.191597
v -0.317026 0.454524 0.191597
v -0.317026 0.446121 0.200000
v -0.347026 0.261755 -0.195718
v -0.347026 0.447294 -0.195718
v -0.347026 0.261755 0.195718
v -0.347026 0.447294 0.195718
v -0.344130 0.254524 0.082527
v -0.347026 0.258099 0.082527
v -0.347026 0.450949 0.082527
v -0.344130 0.454524 0.082527
v -0.347026 0.262285 -0.197652
v -0.344130 0.262928 -0.200000
v -0.344130 0.254524 -0.191597
v -0.347026 0.258127 -0.193650
v -0.347026 0.450922 -0.193650
v -0.344130 0.454524 -0.191597
v -0.344130 0.446121 -0.200000
v -0.347026 0.446764 -0.197652
v -0.347026 0.258127 0.193650
v -0.344130 0.254524 0.191597
v -0.344130 0.262928 0.200000
v -0.347026 0.262285 0.197652
v -0.347026 0.446764 0.197652
v -0.344130 0.446121 0.200000
v -0.344130 0.454524 0.191597
v -0.347026 0.450922 0.193650
v -0.317026 0.470263 0.082527
v -0.317026 0.670263 0.082527
v -0.347026 0.503735 0.062707
v -0.347026 0.636792 0.062707
v -0.347026 0.636792 -0.180179
v -0.347026 0.503735 -0.180179
v -0.347026 0.503735 0.180179
v -0.347026 0.636792 0.180179
v -0.347026 0.636792 0.102348
v -0.347026 0.503735 0.102348
v -0.357216 0.636792 0.062707
v -0.357216 0.503735 0.062707
v -0.357216 0.503735 -0.180179
v -0.357216 0.636792 -0.180179
v -0.357216 0.636792 0.180179
v -0.357216 0.503735 0.180179
v -0.357216 0.503735 0.102348
v -0.357216 0.636792 0.102348
v -0.357216 0.510089 0.056353
v -0.357216 0.630438 0.056353
v -0.357216 0.630438 -0.173825
v -0.357216 0.510089 -0.173825
v -0.357216 0.510089 0.173825
v -0.357216 0.630438 0.173825
v -0.357216 0.630438 0.108702
v -0.357216 0.510089 0.108702
v -0.352259 0.630438 0.056353
v -0.352259 0.510089 0.056353
v -0.352259 0.510089 -0.173825
v -0.352259 0.630438 -0.173825
v -0.352259 0.630438 0.173825
v -0.352259 0.510089 0.173825
v -0.352259 0.510089 0.108702
v -0.352259 0.630438 0.108702
v -0.352259 0.519633 0.046808
v -0.352259 0.620893 0.046808
v -0.352259 0.620893 -0.164281
v -0.352259 0.519633 -0.164281
v -0.352259 0.519633 0.164281
v -0.352259 0.620893 0.164281
v -0.352259 0.620893 0.118246
v -0.352259 0.519633 0.118246
v -0.348072 0.620893 0.046808
v -0.348072 0.519633 0.046808
v -0.348072 0.519633 -0.164281
v -0.348072 0.620893 -0.164281
v -0.348072 0.620893 0.164281
v -0.348072 0.519633 0.164281
v -0.348072 0.519633 0.118246
v -0.348072 0.620893 0.118246
v -0.317026 0.470263 -0.191597
v -0.317026 0.478666 -0.200000
v -0.317026 0.661860 -0.200000
v -0.317026 0.670263 -0.191597
v -0.317026 0.478666 0.200000
v -0.317026 0.470263 0.191597
v -0.317026 0.670263 0.191597
v -0.317026 0.661860 0.200000
v -0.347026 0.477494 -0.195718
v -0.347026 0.663033 -0.195718
v -0.347026 0.477494 0.195718
v -0.347026 0.663033 0.195718
v -0.344130 0.470263 0.082527
v -0.347026 0.473838 0.082527
v -0.347026 0.666688 0.082527
v -0.344130 0.670263 0.082527
v -0.347026 0.478023 -0.197652
v -0.344130 0.478666 -0.200000
v -0.344130 0.470263 -0.191597
v -0.347026 0.473865 -0.193650
v -0.347026 0.666661 -0.193650
v -0.344130 0.670263 -0.191597
v -0.344130 0.661860 -0.200000
v -0.347026 0.662503 -0.197652
v -0.347026 0.473865 0.193650
v -0.344130 0.470263 0.191597
v -0.344130 0.478666 0.200000
v -0.347026 0.478023 0.197652
v -0.347026 0.662503 0.197652
v -0.344130 0.661860 0.200000
v -0.344130 0.670263 0.191597
v -0.347026 0.666661 0.193650
v -0.317026 0.689659 0.082527
v -0.317026 0.889659 0.082527
v -0.347026 0.723130 0.062707
v -0.347026 0.856187 0.062707
v -0.347026 0.856187 -0.180179
v -0.347026 0.723130 -0.180179
v -0.347026 0.723130 0.180179
v -0.347026 0.856187 0.180179
v -0.347026 0.856187 0.102348
v -0.347026 0.723130 0.102348
v -0.357216 0.856187 0.062707
v -0.357216 0.723130 0.062707
v -0.357216 0.723130 -0.180179
v -0.357216 0.856187 -0.180179
v -0.357216 0.856187 0.180179
v -0.357216 0.723130 0.180179
v -0.357216 0.723130 0.102348
v -0.357216 0.856187 0.102348
v -0.357216 0.729484 0.056353
v -0.357216 0.849833 0.056353
v -0.357216 0.849833 -0.173825
v -0.357216 0.729484 -0.173825
v -0.357216 0.729484 0.173825
v -0.357216 0.849833 0.173825
v -0.357216 0.849833 0.108702
v -0.357216 0.729484 0.108702
v -0.352259 0.849833 0.056353
v -0.352259 0.729484 0.056353
v -0.352259 0.729484 -0.173825
v -0.352259 0.849833 -0.173825
v -0.352259 0.849833 0.173825
v -0.352259 0.729484 0.173825
v -0.352259 0.729484 0.108702
v -0.352259 0.849833 0.108702
v -0.352259 0.739029 0.046808
v -0.352259 0.840288 0.046808
v -0.352259 0.840288 -0.164281
v -0.352259 0.739029 -0.164281
v -0.352259 0.739029 0.164281
v -0.352259 0.840288 0.164281
v -0.352259 0.840288 0.118246
v -0.352259 0.739029 0.118246
v -0.348072 0.840288 0.046808
v -0.348072 0.739029 0.046808
v -0.348072 0.739029 -0.164281
v -0.348072 0.840288 -0.164281
v -0.348072 0.840288 0.164281
v -0.348072 0.739029 0.164281
v -0.348072 0.739029 0.118246
v -0.348072 0.840288 0.118246
v -0.317026 0.689659 -0.191597
v -0.317026 0.698062 -0.200000
v -0.317026 0.881255 -0.200000
v -0.317026 0.889659 -0.191597
v -0.317026 0.698062 0.200000
v -0.317026 0.689659 0.191597
v -0.317026 0.889659 0.191597
v -0.317026 0.881255 0.200000
v -0.347026 0.696889 -0.195718
v -0.347026 0.882428 -0.195718
v -0.347026 0.696889 0.195718
v -0.347026 0.882428 0.195718
v -0.344130 0.689659 0.082527
v -0.347026 0.693233 0.082527
v -0.347026 0.886084 0.082527
v -0.344130 0.889659 0.082527
v -0.347026 0.697419 -0.197652
v -0.344130 0.698062 -0.200000
v -0.344130 0.689659 -0.191597
v -0.347026 0.693261 -0.193650
v -0.347026 0.886056 -0.193650
v -0.344130 0.889659 -0.191597
v -0.344130 0.881255 -0.200000
v -0.347026 0.881898 -0.197652
v -0.347026 0.693261 0.193650
v -0.344130 0.689659 0.191597
v -0.344130 0.698062 0.200000
v -0.347026 0.697419 0.197652
v -0.347026 0.881898 0.197652
v -0.344130 0.881255 0.200000
v -0.344130 0.889659 0.191597
v -0.347026 0.886056 0.193650
v -0.317026 0.905397 0.082527
v -0.317026 1.105397 0.082527
v -0.347026 0.938869 0.062707
v -0.347026 1.071926 0.062707
v -0.347026 1.071926 -0.180179
v -0.347026 0.938869 -0.180179
v -0.347026 0.938869 0.180179
v -0.347026 1.071926 0.180179
v -0.347026 1.071926 0.102348
v -0.347026 0.938869 0.102348
v -0.357216 1.071926 0.062707
v -0.357216 0.938869 0.062707
v -0.357216 0.938869 -0.180179
v -0.357216 1.071926 -0.180179
v -0.357216 1.071926 0.180179
v -0.357216 0.938869 0.180179
v -0.357216 0.938869 0.102348
v -0.357216 1.071926 0.102348
v -0.357216 0.945223 0.056353
v -0.357216 1.065572 0.056353
v -0.357216 1.065572 -0.173825
v -0.357216 0.945223 -0.173825
v -0.357216 0.945223 0.173825
v -0.357216 1.065572 0.173825
v -0.357216 1.065572 0.108702
v -0.357216 0.945223 0.108702
v -0.352259 1.065572 0.056353
v -0.352259 0.945223 0.056353
v -0.352259 0.945223 -0.173825
v -0.352259 1.065572 -0.173825
v -0.352259 1.065572 0.173825
v -0.352259 0.945223 0.173825
v -0.352259 0.945223 0.108702
v -0.352259 1.065572 0.108702
v -0.352259 0.954767 0.046808
v -0.352259 1.056027 0.046808
v -0.352259 1.056027 -0.164281
v -0.352259 0.954767 -0.164281
v -0.352259 0.954767 0.164281
v -0.352259 1.056027 0.164281
v -0.352259 1.056027 0.118246
v -0.352259 0.954767 0.118246
v -0.348072 1.056027 0.046808
v -0.348072 0.954767 0.046808
v -0.348072 0.954767 -0.164281
v -0.348072 1.056027 -0.164281
v -0.348072 1.056027 0.164281
v -0.348072 0.954767 0.164281
v -0.348072 0.954767 0.118246
v -0.348072 1.056027 0.118246
v -0.317026 0.905397 -0.191597
v -0.317026 0.913801 -0.200000
v -0.317026 1.096994 -0.200000
v -0.317026 1.105397 -0.191597
v -0.317026 0.913801 0.200000
v -0.317026 0.905397 0.191597
v -0.317026 1.105397 0.191597
v -0.317026 1.096994 0.200000
v -0.347026 0.912628 -0.195718
v -0.347026 1.098167 -0.195718
v -0.347026 0.912628 0.195718
v -0.347026 1.098167 0.195718
v -0.344130 0.905397 0.082527
v -0.347026 0.908972 0.082527
v -0.347026 1.101822 0.082527
v -0.344130 1.105397 0.082527
v -0.347026 0.913158 -0.197652
v -0.344130 0.913801 -0.200000
v -0.344130 0.905397 -0.191597
v -0.347026 0.908999 -0.193650
v -0.347026 1.101795 -0.193650
v -0.344130 1.105397 -0.191597
v -0.344130 1.096994 -0.200000
v -0.347026 1.097637 -0.197652
v -0.347026 0.908999 0.193650
v -0.344130 0.905397 0.191597
v -0.344130 0.913801 0.200000
v -0.347026 0.913158 0.197652
v -0.347026 1.097637 0.197652
v -0.344130 1.096994 0.200000
v -0.344130 1.105397 0.191597
v -0.347026 1.101795 0.193650
v -0.329038 1.128414 -0.182868
v -0.329038 1.388530 -0.182868
v -0.329038 1.128414 0.182868
v -0.329038 1.388530 0.182868
v -0.344644 1.128414 -0.182868
v -0.344644 1.388530 -0.182868
v -0.344644 1.128414 0.182868
v -0.344644 1.388530 0.182868
v -0.344644 1.139711 0.171571
v -0.344644 1.377233 0.171571
v -0.344644 1.377233 -0.171571
v -0.344644 1.139711 -0.171571
v -0.340568 1.358232 0.154320
v -0.340568 1.158712 0.154320
v -0.340638 1.158585 -0.154779
v -0.340638 1.347203 -0.134952
v -0.340568 1.258472 0.154320
v -0.340638 1.158584 -0.009301
v -0.340638 1.347203 -0.006445
v -0.340638 1.264917 -0.134952
v -0.340638 1.264917 -0.006445
v -0.340568 1.202242 0.154320
v -0.340568 1.158712 0.085786
v -0.340638 1.347203 -0.085786
v -0.340638 1.204918 -0.154779
v -0.340568 1.314701 0.154320
v -0.340638 1.158584 -0.082040
v -0.340568 1.358232 0.085786
v -0.340638 1.317852 -0.134952
v -0.340638 1.264917 -0.085786
v -0.340638 1.204918 -0.009301
v -0.340638 1.317852 -0.006445
v -0.340638 1.377233 -0.085786
v -0.340638 1.377233 -0.171571
v -0.340638 1.317852 -0.171571
v -0.340638 1.251252 -0.154779
v -0.340638 1.251252 -0.082040
v -0.340568 1.314701 0.017251
v -0.340638 1.251252 -0.009301
v -0.340568 1.358232 0.017251
v -0.340638 1.199091 -0.171571
v -0.340638 1.139711 -0.171571
v -0.340638 1.139711 -0.085786
v -0.340568 1.158712 0.017251
v -0.340638 1.258472 -0.085786
v -0.340638 1.258472 -0.171571
v -0.340568 1.202242 0.017251
v -0.340638 1.258472 0.000000
v -0.340638 1.199091 0.171571
v -0.340638 1.139711 0.171571
v -0.340638 1.139711 0.085786
v -0.340638 1.317852 0.171571
v -0.340638 1.258472 0.171571
v -0.340638 1.377233 0.085786
v -0.340638 1.377233 0.000000
v -0.340638 1.199091 0.000000
v -0.340638 1.139711 0.000000
v -0.340638 1.317852 0.000000
v -0.340568 1.258472 0.017251
v -0.340638 1.377233 0.171571
v -0.338311 1.258472 0.085786
v -0.338311 1.258472 0.017251
v -0.338311 1.258472 0.154320
v -0.338311 1.314701 0.085786
v -0.338311 1.314701 0.017251
v -0.338311 1.314701 0.154320
v -0.338311 1.358232 0.085786
v -0.338311 1.202242 0.085786
v -0.338311 1.202242 0.017251
v -0.338311 1.202242 0.154320
v -0.338311 1.158712 0.085786
v -0.338254 1.204918 -0.082040
v -0.338254 1.204918 -0.154779
v -0.338254 1.204918 -0.009301
v -0.338254 1.158584 -0.082040
v -0.338254 1.251252 -0.082040
v -0.338254 1.317852 -0.085786
v -0.338254 1.317852 -0.134952
v -0.338254 1.317852 -0.006445
v -0.338254 1.264917 -0.085786
v -0.338254 1.347203 -0.085786
v -0.338254 1.347203 -0.134952
v -0.338254 1.264917 -0.134952
v -0.338254 1.264917 -0.006445
v -0.338254 1.347203 -0.006445
v -0.338254 1.158585 -0.154779
v -0.338254 1.158584 -0.009301
v -0.338254 1.251252 -0.154779
v -0.338254 1.251252 -0.009301
v -0.338311 1.158712 0.154320
v -0.338311 1.358232 0.017251
v -0.338311 1.158712 0.017251
v -0.338311 1.358232 0.154320
vn -1.0000 -0.0000 -0.0000
vn -0.0000 1.0000 -0.0000
vn 0.7048 0.0018 0.7094
vn -0.0000 -0.0000 1.0000
vn 1.0000 -0.0000 -0.0000
vn -0.7030 -0.0092 0.7111
vn -0.0000 -0.0000 -1.0000
vn 0.7031 -0.0098 -0.7110
vn 0.0152 -0.9991 0.0404
vn 0.7655 -0.0069 -0.6434
vn 0.7030 -0.0092 0.7111
vn -0.7263 -0.0934 0.6810
vn 0.7151 -0.0002 0.6991
vn -0.7157 -0.0003 -0.6985
vn 0.7048 0.0018 -0.7094
vn -0.7048 0.0018 -0.7094
vn -0.7041 -0.0009 -0.7101
vn 0.7041 -0.0009 -0.7101
vn 0.7041 -0.0009 0.7101
vn -0.7041 -0.0009 0.7101
vn -0.7031 -0.0098 0.7110
vn -0.0152 -0.9991 -0.0404
vn -0.0382 -0.9992 0.0150
vn -0.7030 -0.0092 -0.7111
vn -0.7091 0.0079 -0.7051
vn 0.7091 0.0079 0.7050
vn 0.7262 -0.0934 -0.6811
vn -0.0000 0.7714 -0.6363
vn -0.7111 -0.0004 -0.7031
vn -0.7151 -0.0002 0.6991
vn -0.0000 -1.0000 -0.0000
vn -0.0000 -0.8919 0.4522
vn 0.0029 -1.0000 -0.0000
vn -0.7111 -0.0004 0.7031
vn 0.1676 0.0182 0.9857
vn 0.7157 -0.0003 0.6985
vn 0.2502 0.9380 -0.2397
vn 0.8110 0.0958 0.5771
vn -0.0075 0.6984 0.7156
vn 0.3465 -0.8869 -0.3055
vn 0.7219 -0.6920 -0.0009
vn 0.0382 -0.9992 0.0150
vn 0.9926 -0.0072 0.1212
vn 0.1621 -0.0100 -0.9867
vn 0.9998 -0.0196 0.0002
vn -0.0000 0.0039 1.0000
vn -0.9991 0.0423 -0.0001
vn 0.7157 -0.0003 -0.6985
vn 0.2997 0.9103 0.2854
vn -0.7655 -0.0069 -0.6434
vn 0.1621 -0.0100 0.9867
vn -0.7219 -0.6920 0.0009
vn -0.3465 -0.8869 -0.3055
vn 0.9926 -0.0072 -0.1212
vn -0.7052 0.0004 0.7090
vn 0.2756 0.9183 0.2843
vn 0.7052 -0.0009 -0.7090
vn 0.2756 0.9183 -0.2843
vn -0.0382 -0.9992 -0.0150
vn -0.0000 1.0000 -0.0096
vn -0.1621 -0.0100 0.9867
vn 1.0000 0.0043 -0.0000
vn 0.9991 0.0423 -0.0001
vn -0.7219 -0.6920 -0.0009
vn 0.1494 0.9888 -0.0000
vn 0.0002 -0.0243 -0.9997
vn -0.0029 -1.0000 -0.0000
vn -0.9926 0.0233 -0.1190
vn -0.0000 -1.0000 -0.0050
vn -0.0000 -1.0000 0.0050
vn 0.2502 0.9380 0.2397
vn 0.9926 0.0233 -0.1190
vn 0.1676 0.0182 -0.9857
vn 0.3465 -0.8869 0.3055
vn -0.9926 0.0233 0.1190
vn -0.0000 0.0039 -1.0000
vn 0.9926 0.0233 0.1190
vn -0.3465 -0.8869 0.3055
vn -0.1676 0.0182 -0.9857
vn -0.1676 0.0182 0.9857
vn -0.1621 -0.0100 -0.9867
vn -0.2502 0.9380 0.2397
vn -0.9926 -0.0072 -0.1212
vn 0.0095 -0.9999 -0.0096
vn -0.9926 -0.0072 0.1212
vn -0.2502 0.9380 -0.2397
vn -0.7151 -0.0002 -0.6991
vn 0.2122 -0.9515 0.2225
vn -0.5859 0.6016 -0.5430
vn 0.7111 -0.0004 0.7031
vn -0.7013 0.7129 -0.0000
vn 0.7013 0.7129 -0.0000
vn 0.2122 -0.9515 -0.2225
vn -0.0000 0.9897 -0.1432
vn -0.0095 -0.9999 -0.0096
vn -0.0095 -0.9999 0.0096
vn -0.7031 -0.0098 -0.7110
vn 0.0095 -0.9999 0.0096
vn 0.7024 -0.0095 -0.7117
vn 0.7024 -0.0095 0.7117
vn 0.7017 -0.0045 -0.7124
vn 0.7030 -0.0092 -0.7111
vn 1.0000 -0.0088 -0.0000
vn -0.0000 -0.0082 1.0000
vn 0.7031 -0.0098 0.7110
vn -0.7024 -0.0095 0.7117
vn -1.0000 -0.0088 -0.0000
vn -0.0000 -0.0082 -1.0000
vn -0.7024 -0.0095 -0.7117
vn -0.6975 -0.0054 -0.7166
vn -0.7037 -0.0095 -0.7105
vn -0.7037 -0.0095 0.7105
vn -0.6975 -0.0054 0.7166
vn 0.6975 -0.0054 0.7166
vn 0.7037 -0.0095 0.7105
vn 0.7037 -0.0095 -0.7105
vn 0.6975 -0.0054 -0.7166
vn 0.7091 0.0079 -0.7051
vn 0.7263 -0.0934 0.6810
vn -0.7091 0.0079 0.7050
vn -0.7262 -0.0934 -0.6811
vn -0.4976 0.5038 -0.7061
vn -0.5023 0.4994 -0.7058
vn 0.5023 0.4994 -0.7058
vn 0.4976 0.5038 -0.7061
vn 0.4976 0.5040 0.7059
vn 0.5021 0.4994 0.7060
vn -0.5021 0.4994 0.7060
vn -0.4976 0.5040 0.7059
vn -0.7017 -0.0045 -0.7124
vn -0.7015 -0.0070 -0.7126
vn -0.0000 0.7231 0.6907
vn -0.0000 0.7232 0.6907
vn -0.7017 -0.0045 0.7124
vn -0.0000 0.7231 -0.6907
vn 0.0151 -0.9991 -0.0404
vn 0.7015 -0.0070 -0.7126
vn -0.0000 0.7232 -0.6907
vn 0.7017 -0.0045 0.7124
vn 0.7015 -0.0070 0.7126
vn -0.7015 -0.0070 0.7126
vn -0.7065 -0.0206 -0.7074
vn 0.7065 -0.0206 -0.7074
vn 0.7065 -0.0206 0.7074
vn 0.7031 -0.0095 0.7111
vn -0.0000 0.7453 0.6667
vn -0.7031 -0.0095 -0.7111
vn -0.6983 -0.0054 -0.7158
vn -0.7031 -0.0095 0.7111
vn 0.6983 -0.0054 0.7158
vn 0.7031 -0.0095 -0.7111
vn -0.0000 0.7453 -0.6667
vn -0.6983 -0.0054 0.7158
vn 0.6983 -0.0054 -0.7158
vn -0.3246 0.3218 -0.8894
vn 0.3246 0.3218 -0.8894
vn 0.3246 0.3218 0.8894
vn -0.3246 0.3218 0.8894
vn -0.7065 -0.0206 0.7074
vn -0.0067 1.0000 0.0067
vn 0.7151 -0.0002 -0.6991
vn -0.7157 -0.0003 0.6985
vn -0.0000 -0.8919 -0.4522
vn 0.0067 1.0000 0.0067
vn -0.5859 0.6016 0.5429
vn 0.7111 -0.0004 -0.7031
vn 0.8110 0.0958 -0.5771
vn 0.0067 1.0000 -0.0067
vn 0.6099 -0.6240 -0.4886
vn -0.2996 0.9104 0.2855
vn -0.7655 -0.0069 0.6434
vn -0.0067 1.0000 -0.0067
vn -0.6099 -0.6240 -0.4886
vn -0.2122 -0.9515 0.2225
vn -0.0000 0.7714 0.6363
vn 0.5859 0.6016 0.5430
vn -0.2122 -0.9515 -0.2225
vn 0.7655 -0.0069 0.6434
vn 0.5859 0.6016 -0.5429
vn -0.2997 0.9103 -0.2854
vn -0.8110 0.0958 -0.5771
vn -0.6099 -0.6240 0.4886
vn 0.2996 0.9104 -0.2855
vn -0.8110 0.0958 0.5771
vn 0.6099 -0.6240 0.4886
vn 0.7091 -0.0052 -0.7051
vn 0.7090 -0.0060 -0.7052
vn 0.7091 -0.0052 0.7051
vn 0.7090 -0.0060 0.7052
vn -0.7091 -0.0052 0.7051
vn -0.7090 -0.0060 0.7052
vn -0.7091 -0.0052 -0.7051
vn -0.7090 -0.0060 -0.7052
vn -0.7073 -0.0055 -0.7069
vn -0.7108 -0.0055 -0.7034
vn -0.7108 -0.0055 0.7034
vn -0.7073 -0.0055 0.7069
vn 0.7073 -0.0055 0.7069
vn 0.7108 -0.0055 0.7034
vn 0.7108 -0.0055 -0.7034
vn 0.7073 -0.0055 -0.7069
vn -0.7090 -0.0055 -0.7052
vn -0.7090 -0.0055 0.7052
vn 0.7090 -0.0055 0.7052
vn 0.7090 -0.0055 -0.7052
vn 0.3695 -0.8546 0.3648
vn -0.7052 -0.0009 -0.7090
vn -0.3695 -0.8546 0.3648
vn 0.7052 0.0004 0.7090
vn -0.2756 0.9183 0.2843
vn -0.7052 -0.0009 0.7090
vn -0.2756 0.9183 -0.2843
vn 0.7052 0.0004 -0.7090
vn 0.7052 -0.0009 0.7090
vn -0.3695 -0.8546 -0.3648
vn 0.3695 -0.8546 -0.3648
vn -0.7052 0.0004 -0.7090
vn -0.3510 -0.6143 0.7067
vn -0.7042 -0.6144 0.3559
vn 0.7042 -0.6144 0.3559
vn 0.3510 -0.6143 0.7067
vn 0.3510 -0.6143 -0.7067
vn 0.7042 -0.6144 -0.3559
vn -0.7042 -0.6144 -0.3559
vn -0.3510 -0.6143 -0.7067
vn 0.9226 -0.0067 -0.3857
vn 0.3797 -0.0081 0.9251
vn -0.9226 -0.0067 0.3857
vn -0.3797 -0.0081 -0.9251
vn 0.3797 -0.0081 -0.9251
vn 0.9226 -0.0067 0.3856
vn -0.3797 -0.0081 0.9251
vn -0.9226 -0.0067 -0.3856
vn -0.0158 0.7039 0.7101
vn -0.7093 0.7048 0.0145
vn 0.7154 -0.6987 -0.0100
vn 0.0158 0.7039 -0.7101
vn 0.0158 0.7039 0.7101
vn -0.0091 -0.7005 -0.7136
vn -0.7093 0.7048 -0.0145
vn 0.7093 0.7048 -0.0145
vn -0.0158 0.7039 -0.7101
vn 0.0091 -0.7005 0.7136
vn 0.0091 -0.7005 -0.7135
vn -0.7154 -0.6987 0.0100
vn -0.7154 -0.6987 -0.0100
vn 0.7154 -0.6987 0.0100
vn -0.0091 -0.7005 0.7135
vn 0.7093 0.7048 0.0145
vn -0.1494 0.9888 -0.0000
vn -0.0000 0.9897 0.1432
vn -0.0151 -0.9991 0.0404
vn 0.0382 -0.9992 -0.0150
vn -0.0000 -0.0030 -1.0000
vn 1.0000 -0.0045 0.0001
vn -0.0000 -0.0030 1.0000
vn 1.0000 -0.0045 -0.0001
vn -1.0000 -0.0045 -0.0001
vn -1.0000 -0.0045 0.0001
vn -0.9999 -0.0108 -0.0000
vn -0.0000 -0.0096 1.0000
vn -0.0000 -0.0013 -1.0000
vn 0.9999 -0.0108 -0.0000
vn -1.0000 0.0018 -0.0000
vn -0.0000 -0.0096 -1.0000
vn 1.0000 0.0018 -0.0000
vn -0.0000 -0.0013 1.0000
vn 0.7140 -0.7001 0.0067
vn -0.0000 -1.0000 -0.0096
vn 1.0000 -0.0043 -0.0000
vn 0.9991 -0.0423 -0.0001
vn 0.0012 0.6951 0.7190
vn 0.0002 0.0243 0.9997
vn -0.9991 -0.0423 -0.0001
vn -0.0075 -0.6984 -0.7156
vn 0.0002 0.0243 -0.9997
vn -0.0018 1.0000 -0.0000
vn -0.0075 -0.6984 0.7156
vn -0.0108 -0.9999 -0.0000
vn -0.9998 -0.0196 0.0002
vn -0.0012 -0.6951 0.7190
vn -0.7140 0.7001 0.0067
vn -0.0000 0.0338 -0.9994
vn 0.7140 0.7001 0.0067
vn 0.7219 -0.6920 0.0009
vn -0.0000 0.0338 0.9994
vn 0.0108 0.9999 -0.0000
vn 0.0075 0.6984 -0.7156
vn 0.0017 -1.0000 -0.0000
vn -0.0002 -0.0243 0.9997
vn 0.0075 0.6984 0.7156
vn 0.9991 0.0423 0.0001
vn -0.0002 -0.0243 -0.9997
vn -0.0012 -0.6951 -0.7190
vn -0.9991 0.0423 0.0001
vn -1.0000 0.0043 -0.0000
vn -0.0000 1.0000 0.0096
vn -0.7140 0.7001 -0.0067
vn -0.0000 -1.0000 -0.0013
vn -0.9998 -0.0196 -0.0002
vn 0.7140 0.7001 -0.0067
vn -0.0017 -1.0000 -0.0000
vn 0.9998 -0.0196 -0.0002
vn -0.0075 0.6984 -0.7156
vn 0.0002 -0.0243 0.9997
vn 0.0012 -0.6951 0.7190
vn -0.0108 0.9999 -0.0000
vn 0.0012 -0.6951 -0.7190
vn -0.0000 -1.0000 0.0013
vn -0.0001 -0.0030 -1.0000
vn -0.0001 -0.0030 1.0000
vn 0.0001 -0.0030 1.0000
vn 0.0001 -0.0030 -1.0000
vn -0.0000 -0.0044 -1.0000
vn -0.0000 -0.0044 1.0000
vn 1.0000 -0.0044 -0.0000
vn -1.0000 -0.0044 -0.0000
vn -0.0000 1.0000 0.0013
vn -0.0000 -0.0039 -1.0000
vn 0.9998 0.0196 0.0002
vn -0.7140 -0.7001 0.0067
vn 0.0018 1.0000 -0.0000
vn -0.9998 0.0196 0.0002
vn 0.0075 -0.6984 0.7156
vn -0.0000 -0.0338 0.9994
vn -0.0000 -0.0039 1.0000
vn -0.0002 0.0243 -0.9997
vn -0.0012 0.6951 -0.7190
vn -0.0000 -0.0338 -0.9994
vn -1.0000 -0.0043 -0.0000
vn 0.0108 -0.9999 -0.0000
vn -0.0012 0.6951 0.7190
vn -0.0000 1.0000 -0.0013
vn -0.0002 0.0243 0.9997
vn 0.7219 0.6920 0.0009
vn -0.9991 -0.0423 0.0001
vn -0.0000 -1.0000 0.0096
vn 0.7219 0.6920 -0.0009
vn 0.9991 -0.0423 0.0001
vn -0.9998 0.0196 -0.0002
vn -0.7219 0.6920 0.0009
vn 0.0075 -0.6984 -0.7156
vn 0.9998 0.0196 -0.0002
vn 0.0012 0.6951 -0.7190
vn 0.7140 -0.7001 -0.0067
vn -0.7140 -0.7001 -0.0067
vn -0.7219 0.6920 -0.0009
vn -0.4646 0.7519 0.4677
vn -0.4646 0.7519 -0.4677
vn 0.4646 0.7519 -0.4677
vn 0.4646 0.7519 0.4677
vn -0.7794 0.6265 -0.0000
vn -0.0000 0.6261 0.7797
vn -0.0000 0.6261 -0.7797
vn 0.7794 0.6265 -0.0000
vn -0.7048 0.0018 0.7094
vn -0.7071 -0.7071 -0.0000
vn -0.7071 0.7071 -0.0000
vn 0.7071 -0.7071 -0.0000
vn 0.7071 0.7071 -0.0000
vn -0.0000 -0.7071 0.7071
vn -0.0000 0.7071 0.7071
vn -0.0000 -0.7071 -0.7071
vn -0.0000 0.7071 -0.7071
vn 0.3676 -0.6535 0.6617
vn 0.3676 0.6535 0.6617
vn 0.3676 -0.6535 -0.6617
vn 0.3676 0.6535 -0.6617
vn 0.6298 -0.0000 0.7768
vn 0.7782 -0.6280 -0.0000
vn 0.7782 0.6280 -0.0000
vn 0.6298 -0.0000 -0.7768
vn 0.7782 -0.6280 -0.0001
vn 0.7782 0.6280 -0.0001
vn 0.3675 -0.6535 0.6617
vn 0.3675 -0.6535 -0.6617
vn 0.3675 0.6535 0.6617
vn 0.3675 0.6535 -0.6617
vn 1.0000 -0.0000 0.0041
vn 1.0000 0.0037 -0.0000
vn 1.0000 -0.0037 -0.0000
vn 1.0000 -0.0000 -0.0041
vn -0.3676 -0.6535 -0.6617
vn -0.3676 0.6535 -0.6617
vn -0.3676 -0.6535 0.6617
vn -0.3676 0.6535 0.6617
vn -0.6298 -0.0000 -0.7768
vn -0.7782 -0.6280 -0.0000
vn -0.7782 0.6280 -0.0000
vn -0.6298 -0.0000 0.7768
vn -0.7782 -0.6280 0.0001
vn -0.7782 0.6280 0.0001
vn -0.3675 -0.6535 -0.6617
vn -0.3675 -0.6535 0.6617
vn -0.3675 0.6535 -0.6617
vn -0.3675 0.6535 0.6617
vn -1.0000 -0.0000 -0.0041
vn -1.0000 0.0037 -0.0000
vn -1.0000 -0.0037 -0.0000
vn -1.0000 -0.0000 0.0041
vt 0.375000 0.034130
vt 0.531237 0.034202
vt 0.531237 0.215798
vt 0.375000 0.215870
vt 0.625000 0.792018
vt 0.625000 0.789293
vt 0.625000 0.710996
vt 0.625000 0.708314
vt 0.531237 0.784427
vt 0.375000 0.784349
vt 0.375000 0.715870
vt 0.531237 0.715798
vt 0.625000 0.210996
vt 0.625000 0.208314
vt 0.625000 0.292018
vt 0.625000 0.289293
vt 0.625000 0.039004
vt 0.625000 0.041686
vt 0.625000 0.460707
vt 0.625000 0.457982
vt 0.531237 0.965573
vt 0.375000 0.965651
vt 0.625000 0.041686
vt 0.625000 0.041639
vt 0.625000 0.208361
vt 0.625000 0.541686
vt 0.625000 0.539004
vt 0.625000 0.541686
vt 0.625000 0.541639
vt 0.625000 0.708361
vt 0.625000 0.026480
vt 0.625000 0.026314
vt 0.625000 0.037051
vt 0.625000 0.037314
vt 0.625000 0.030563
vt 0.625000 0.957982
vt 0.625000 0.792018
vt 0.625000 0.957982
vt 0.625000 0.457982
vt 0.625000 0.292018
vt 0.625000 0.292018
vt 0.625000 0.457982
vt 0.625000 0.484111
vt 0.625000 0.484015
vt 0.625000 0.475814
vt 0.625000 0.462215
vt 0.625000 0.462423
vt 0.625000 0.050970
vt 0.625000 0.040723
vt 0.625000 0.765697
vt 0.625000 0.765717
vt 0.625000 0.734616
vt 0.625000 0.734486
vt 0.625000 0.726284
vt 0.625000 0.712686
vt 0.625000 0.712949
vt 0.625000 0.025916
vt 0.625000 0.025909
vt 0.625000 0.036581
vt 0.625000 0.027166
vt 0.660812 0.536459
vt 0.839188 0.536459
vt 0.839188 0.713541
vt 0.660812 0.713541
vt 0.625000 0.026035
vt 0.625000 0.010693
vt 0.625000 0.010676
vt 0.625000 0.000000
vt 0.375000 0.284349
vt 0.531237 0.284427
vt 0.531237 0.465573
vt 0.375000 0.465651
vt 0.375000 0.534130
vt 0.531237 0.534202
vt 0.625000 0.960707
vt 0.625000 0.789293
vt 0.625000 0.010787
vt 0.625000 0.010829
vt 0.625000 0.006761
vt 0.625000 0.550970
vt 0.625000 0.540723
vt 0.625000 0.291138
vt 0.625000 0.287816
vt 0.625000 0.301439
vt 0.625000 0.234616
vt 0.625000 0.234486
vt 0.625000 0.226284
vt 0.625000 0.212686
vt 0.625000 0.212949
vt 0.625000 0.265717
vt 0.625000 0.265697
vt 0.625000 0.287199
vt 0.625000 0.268231
vt 0.625000 0.787199
vt 0.625000 0.768231
vt 0.625000 0.515080
vt 0.625000 0.515074
vt 0.625000 0.536581
vt 0.625000 0.517596
vt 0.625000 0.931607
vt 0.625000 0.818393
vt 0.625000 0.734833
vt 0.625000 0.734920
vt 0.125000 0.534130
vt 0.159349 0.500000
vt 0.340651 0.500000
vt 0.340651 0.750000
vt 0.159349 0.750000
vt 0.125000 0.715870
vt 0.625000 0.790491
vt 0.625000 0.959509
vt 0.625000 0.050026
vt 0.625000 0.199974
vt 0.625000 0.536755
vt 0.625000 0.536623
vt 0.625000 0.484241
vt 0.625000 0.484283
vt 0.625000 0.287577
vt 0.625000 0.207578
vt 0.625000 0.196980
vt 0.625000 0.213245
vt 0.625000 0.287339
vt 0.625000 0.947369
vt 0.625000 0.957710
vt 0.625000 0.458862
vt 0.625000 0.448561
vt 0.625000 0.712686
vt 0.625000 0.292880
vt 0.625000 0.292775
vt 0.625000 0.208014
vt 0.625000 0.207693
vt 0.625000 0.457710
vt 0.625000 0.457505
vt 0.625000 0.765759
vt 0.625000 0.515167
vt 0.625000 0.010669
vt 0.625000 0.537314
vt 0.625000 0.537051
vt 0.625000 0.447369
vt 0.625000 0.462661
vt 0.625000 0.287785
vt 0.625000 0.287785
vt 0.625000 0.732262
vt 0.625000 0.732454
vt 0.625000 0.027455
vt 0.625000 0.009584
vt 0.625000 0.768138
vt 0.625000 0.768261
vt 0.625000 0.268261
vt 0.625000 0.232262
vt 0.625000 0.948561
vt 0.625000 0.952502
vt 0.625000 0.446507
vt 0.625000 0.303493
vt 0.625000 0.212686
vt 0.625000 0.292495
vt 0.625000 0.292290
vt 0.625000 0.792290
vt 0.625000 0.802631
vt 0.625000 0.199030
vt 0.625000 0.042422
vt 0.625000 0.042307
vt 0.625000 0.550026
vt 0.625000 0.699974
vt 0.625000 0.462757
vt 0.625000 0.800648
vt 0.625000 0.949352
vt 0.625000 0.949352
vt 0.625000 0.300648
vt 0.625000 0.449352
vt 0.625000 0.449352
vt 0.625000 0.300648
vt 0.625000 0.287243
vt 0.625000 0.287243
vt 0.625000 0.713377
vt 0.625000 0.713245
vt 0.625000 0.713377
vt 0.625000 0.036755
vt 0.625000 0.787339
vt 0.625000 0.787243
vt 0.625000 0.787243
vt 0.625000 0.041986
vt 0.625000 0.000000
vt 0.625000 0.036623
vt 0.625000 0.036623
vt 0.625000 0.213377
vt 0.625000 0.037314
vt 0.625000 0.037314
vt 0.625000 0.787577
vt 0.625000 0.009573
vt 0.625000 0.027775
vt 0.625000 0.041639
vt 0.625000 0.787785
vt 0.625000 0.787785
vt 0.625000 0.515384
vt 0.625000 0.005359
vt 0.625000 0.036459
vt 0.625000 0.213541
vt 0.625000 0.213419
vt 0.625000 0.036581
vt 0.625000 0.713419
vt 0.625000 0.536581
vt 0.625000 0.765889
vt 0.625000 0.801439
vt 0.625000 0.948561
vt 0.625000 0.768551
vt 0.625000 0.791138
vt 0.625000 0.708361
vt 0.625000 0.709277
vt 0.625000 0.731918
vt 0.625000 0.518082
vt 0.625000 0.481449
vt 0.625000 0.265985
vt 0.625000 0.265889
vt 0.625000 0.274186
vt 0.625000 0.208361
vt 0.625000 0.209277
vt 0.625000 0.231918
vt 0.625000 0.268551
vt 0.625000 0.515514
vt 0.625000 0.523716
vt 0.625000 0.481449
vt 0.625000 0.765985
vt 0.625000 0.774186
vt 0.625000 0.731918
vt 0.625000 0.726284
vt 0.625000 0.713419
vt 0.625000 0.699974
vt 0.625000 0.962801
vt 0.625000 0.800648
vt 0.625000 0.823075
vt 0.625000 0.926925
vt 0.625000 0.030563
vt 0.625000 0.027775
vt 0.625000 0.009573
vt 0.625000 0.006761
vt 0.625000 0.213419
vt 0.625000 0.199974
vt 0.625000 0.462801
vt 0.625000 0.287199
vt 0.625000 0.323075
vt 0.625000 0.426925
vt 0.625000 0.268551
vt 0.625000 0.231918
vt 0.625000 0.226284
vt 0.625000 0.234833
vt 0.625000 0.265759
vt 0.625000 0.484303
vt 0.625000 0.481769
vt 0.625000 0.462801
vt 0.625000 0.734926
vt 0.625000 0.732404
vt 0.625000 0.009428
vt 0.625000 0.234926
vt 0.625000 0.234920
vt 0.625000 0.232404
vt 0.625000 0.213419
vt 0.625000 0.276277
vt 0.625000 0.287100
vt 0.625000 0.249269
vt 0.625000 0.239089
vt 0.625000 0.500731
vt 0.625000 0.510911
vt 0.625000 0.473723
vt 0.625000 0.462900
vt 0.625000 0.776277
vt 0.625000 0.787100
vt 0.625000 0.787199
vt 0.625000 0.749269
vt 0.625000 0.739089
vt 0.625000 0.018756
vt 0.625000 0.023796
vt 0.625000 0.287243
vt 0.625000 0.785812
vt 0.625000 0.964188
vt 0.625000 0.823075
vt 0.625000 0.027166
vt 0.625000 0.459509
vt 0.625000 0.290491
vt 0.625000 0.285812
vt 0.625000 0.464188
vt 0.625000 0.199030
vt 0.625000 0.481769
vt 0.625000 0.318393
vt 0.625000 0.431607
vt 0.625000 0.768231
vt 0.625000 0.787243
vt 0.625000 0.009428
vt 0.625000 0.481862
vt 0.625000 0.481740
vt 0.625000 0.517738
vt 0.625000 0.517546
vt 0.625000 0.009532
vt 0.625000 0.027234
vt 0.625000 0.268138
vt 0.625000 0.232454
vt 0.625000 0.962184
vt 0.625000 0.037347
vt 0.625000 0.699030
vt 0.625000 0.712745
vt 0.625000 0.787816
vt 0.625000 0.462281
vt 0.625000 0.537347
vt 0.625000 0.212746
vt 0.625000 0.536650
vt 0.625000 0.787291
vt 0.625000 0.036650
vt 0.625000 0.287291
vt 0.625000 0.462780
vt 0.625000 0.713393
vt 0.625000 0.000000
vt 0.625000 0.213393
vt 0.625000 0.699030
vt 0.625000 0.301439
vt 0.625000 0.457225
vt 0.625000 0.541986
vt 0.625000 0.542307
vt 0.625000 0.792495
vt 0.625000 0.792775
vt 0.625000 0.707693
vt 0.625000 0.708014
vt 0.625000 0.957225
vt 0.625000 0.957505
vt 0.625000 0.962661
vt 0.625000 0.962423
vt 0.625000 0.792880
vt 0.625000 0.803493
vt 0.625000 0.302631
vt 0.625000 0.696980
vt 0.625000 0.707578
vt 0.625000 0.542422
vt 0.625000 0.553020
vt 0.625000 0.052042
vt 0.625000 0.041674
vt 0.625000 0.036623
vt 0.625000 0.050026
vt 0.625000 0.457120
vt 0.625000 0.448561
vt 0.625000 0.053020
vt 0.625000 0.037314
vt 0.625000 0.552042
vt 0.625000 0.541674
vt 0.625000 0.708326
vt 0.625000 0.697958
vt 0.625000 0.462757
vt 0.625000 0.962757
vt 0.625000 0.208326
vt 0.625000 0.197958
vt 0.625000 0.946507
vt 0.625000 0.957120
vt 0.625000 0.962215
vt 0.625000 0.453361
vt 0.625000 0.444990
vt 0.625000 0.449176
vt 0.625000 0.944990
vt 0.625000 0.805010
vt 0.625000 0.875000
vt 0.625000 0.453705
vt 0.625000 0.453395
vt 0.625000 0.453550
vt 0.625000 0.796295
vt 0.625000 0.796018
vt 0.625000 0.796157
vt 0.625000 0.045403
vt 0.625000 0.053531
vt 0.625000 0.703820
vt 0.625000 0.703809
vt 0.625000 0.953982
vt 0.625000 0.953704
vt 0.625000 0.953843
vt 0.625000 0.554534
vt 0.625000 0.546191
vt 0.625000 0.546180
vt 0.625000 0.553531
vt 0.625000 0.696469
vt 0.625000 0.695466
vt 0.625000 0.545842
vt 0.625000 0.796605
vt 0.625000 0.704158
vt 0.625000 0.953395
vt 0.625000 0.045842
vt 0.625000 0.046180
vt 0.625000 0.296295
vt 0.625000 0.296605
vt 0.625000 0.203820
vt 0.625000 0.204158
vt 0.625000 0.195466
vt 0.625000 0.203809
vt 0.625000 0.796639
vt 0.625000 0.304097
vt 0.625000 0.296018
vt 0.625000 0.296639
vt 0.625000 0.305010
vt 0.625000 0.046191
vt 0.625000 0.054534
vt 0.625000 0.545403
vt 0.625000 0.704597
vt 0.625000 0.804097
vt 0.625000 0.453982
vt 0.625000 0.445903
vt 0.625000 0.945903
vt 0.625000 0.204597
vt 0.625000 0.196469
vt 0.625000 0.953361
vt 0.625000 0.296450
vt 0.625000 0.296157
vt 0.625000 0.300058
vt 0.625000 0.375000
vt 0.625000 0.449942
vt 0.625000 0.453843
vt 0.625000 0.453378
vt 0.625000 0.375000
vt 0.625000 0.300824
vt 0.625000 0.296622
vt 0.625000 0.796450
vt 0.625000 0.800058
vt 0.625000 0.875000
vt 0.625000 0.949942
vt 0.625000 0.953550
vt 0.625000 0.953378
vt 0.625000 0.949176
vt 0.625000 0.800824
vt 0.625000 0.796622
vt 0.531237 0.000000
vt 0.375000 0.000000
vt 0.398808 0.010007
vt 0.398808 0.239993
vt 0.623233 0.245546
vt 0.622501 0.250000
vt 0.597222 0.250000
vt 0.601192 0.239993
vt 0.621031 0.239993
vt 0.623233 0.004454
vt 0.625000 0.006299
vt 0.625000 0.243701
vt 0.621031 0.010007
vt 0.377499 0.750000
vt 0.402778 0.750000
vt 0.402778 1.000000
vt 0.377499 1.000000
vt 0.402778 0.250000
vt 0.377499 0.250000
vt 0.376767 0.245546
vt 0.378969 0.239993
vt 0.376767 0.004454
vt 0.377499 0.000000
vt 0.402778 0.000000
vt 0.378969 0.010007
vt 0.430556 0.750000
vt 0.430556 1.000000
vt 0.458333 0.750000
vt 0.458333 1.000000
vt 0.486111 0.750000
vt 0.486111 1.000000
vt 0.513889 0.750000
vt 0.513889 1.000000
vt 0.541667 0.750000
vt 0.541667 1.000000
vt 0.569445 0.750000
vt 0.569444 1.000000
vt 0.597222 0.750000
vt 0.597222 1.000000
vt 0.597222 0.500000
vt 0.622501 0.500000
vt 0.625000 0.506299
vt 0.625000 0.743701
vt 0.622501 0.750000
vt 0.402778 0.500000
vt 0.430556 0.500000
vt 0.458333 0.500000
vt 0.486111 0.500000
vt 0.513889 0.500000
vt 0.541667 0.500000
vt 0.569444 0.500000
vt 0.430556 0.250000
vt 0.458333 0.250000
vt 0.486111 0.250000
vt 0.513889 0.250000
vt 0.541667 0.250000
vt 0.569444 0.250000
vt 0.537697 0.010007
vt 0.537697 0.239993
vt 0.517858 0.239993
vt 0.517858 0.010007
vt 0.482142 0.239993
vt 0.462303 0.239993
vt 0.482142 0.010007
vt 0.462303 0.010007
vt 0.622501 1.000000
vt 0.875000 0.506299
vt 0.875000 0.743701
vt 0.625000 0.743701
vt 0.375000 0.506299
vt 0.377499 0.500000
vt 0.375000 0.743701
vt 0.597222 0.000000
vt 0.601192 0.010007
vt 0.622501 0.000000
vt 0.125000 0.506299
vt 0.375000 0.743701
vt 0.125000 0.743701
vt 0.430556 0.000000
vt 0.426586 0.010007
vt 0.406747 0.010007
vt 0.426586 0.239993
vt 0.406747 0.239993
vt 0.458333 0.000000
vt 0.454364 0.010007
vt 0.434525 0.010007
vt 0.454364 0.239993
vt 0.434525 0.239993
vt 0.486111 0.000000
vt 0.513889 0.000000
vt 0.509920 0.010007
vt 0.490081 0.010007
vt 0.509920 0.239993
vt 0.490081 0.239993
vt 0.541667 0.000000
vt 0.569444 0.000000
vt 0.565475 0.010007
vt 0.545636 0.010007
vt 0.565475 0.239993
vt 0.545636 0.239993
vt 0.593253 0.010007
vt 0.573414 0.010007
vt 0.593253 0.239993
vt 0.573414 0.239993
vt 0.492184 0.015308
vt 0.507817 0.015308
vt 0.452261 0.015308
vt 0.452261 0.234692
vt 0.591150 0.015308
vt 0.591150 0.234692
vt 0.436628 0.234692
vt 0.436628 0.015308
vt 0.575517 0.234692
vt 0.575517 0.015308
vt 0.396705 0.234692
vt 0.381072 0.234692
vt 0.535594 0.234692
vt 0.519961 0.234692
vt 0.618928 0.015308
vt 0.603295 0.015308
vt 0.618928 0.234692
vt 0.603295 0.234692
vt 0.396705 0.015308
vt 0.381072 0.015308
vt 0.424483 0.015308
vt 0.408850 0.015308
vt 0.424483 0.234692
vt 0.408850 0.234692
vt 0.480039 0.015308
vt 0.464406 0.015308
vt 0.480039 0.234692
vt 0.464406 0.234692
vt 0.507817 0.234692
vt 0.492184 0.234692
vt 0.535594 0.015308
vt 0.519961 0.015308
vt 0.563372 0.015308
vt 0.547739 0.015308
vt 0.563372 0.234692
vt 0.547739 0.234692
vt 0.556792 0.031895
vt 0.556793 0.218105
vt 0.415430 0.218105
vt 0.415430 0.031895
vt 0.554319 0.218105
vt 0.554319 0.031895
vt 0.612348 0.218105
vt 0.609874 0.218105
vt 0.501237 0.218105
vt 0.498763 0.218105
vt 0.417904 0.031895
vt 0.612348 0.031895
vt 0.501237 0.031895
vt 0.609874 0.031895
vt 0.390126 0.031895
vt 0.387652 0.031895
vt 0.390126 0.218105
vt 0.387652 0.218105
vt 0.417904 0.218105
vt 0.445681 0.031895
vt 0.443208 0.031895
vt 0.445681 0.218105
vt 0.443208 0.218105
vt 0.473459 0.031895
vt 0.470985 0.031895
vt 0.473459 0.218105
vt 0.470985 0.218105
vt 0.498763 0.031895
vt 0.529015 0.031895
vt 0.526541 0.031895
vt 0.529015 0.218105
vt 0.526541 0.218105
vt 0.584570 0.031895
vt 0.582096 0.031895
vt 0.584570 0.218105
vt 0.582096 0.218105
vt 0.376249 0.003150
vt 0.623751 0.003150
vt 0.623233 0.004454
vt 0.125000 0.500000
vt 0.125000 0.504454
vt 0.623751 0.246850
vt 0.375000 0.500000
vt 0.625000 0.250000
vt 0.625000 0.500000
vt 0.375000 0.750000
vt 0.125000 0.750000
vt 0.625000 0.750000
vt 0.625000 1.000000
vt 0.375000 0.243701
vt 0.375000 0.006299
vt 0.375000 0.748961
vt 0.375000 0.747191
vt 0.375000 0.748106
vt 0.379469 0.625000
vt 0.620531 0.625000
vt 0.600224 0.633769
vt 0.399776 0.633769
vt 0.600224 0.521091
vt 0.600224 0.603909
vt 0.377646 0.625000
vt 0.377666 0.506757
vt 0.380352 0.504556
vt 0.399776 0.521091
vt 0.399776 0.603909
vt 0.619648 0.504556
vt 0.622334 0.506757
vt 0.622354 0.625000
vt 0.619985 0.504269
vt 0.622334 0.506757
vt 0.620497 0.750000
vt 0.615300 0.750000
vt 0.615962 0.750000
vt 0.375000 0.125000
vt 0.625000 0.125000
vt 0.625000 0.241058
vt 0.614496 0.250000
vt 0.385504 0.250000
vt 0.375000 0.241058
vt 0.399776 0.741231
vt 0.619648 0.748106
vt 0.617321 0.748961
vt 0.382679 0.748961
vt 0.380352 0.748106
vt 0.600224 0.741231
vt 0.380352 0.748106
vt 0.377666 0.747191
vt 0.377646 0.625000
vt 0.614496 0.475869
vt 0.385504 0.475869
vt 0.620531 0.625000
vt 0.649131 0.508942
vt 0.875000 0.508942
vt 0.875000 0.625000
vt 0.649131 0.625000
vt 0.125000 0.508942
vt 0.350869 0.508942
vt 0.350869 0.625000
vt 0.125000 0.625000
vt 0.875000 0.746282
vt 0.649131 0.746282
vt 0.622354 0.625000
vt 0.622334 0.747191
vt 0.619648 0.748106
vt 0.590652 0.636581
vt 0.590652 0.738419
vt 0.409348 0.527852
vt 0.590652 0.527852
vt 0.409348 0.636581
vt 0.409348 0.738420
vt 0.590652 0.597148
vt 0.409348 0.597148
vt 0.576273 0.586992
vt 0.423727 0.586992
vt 0.576273 0.640803
vt 0.576273 0.734197
vt 0.423727 0.640803
vt 0.423727 0.734197
vt 0.576273 0.538008
vt 0.423727 0.538008
vt 0.125000 0.746282
vt 0.350869 0.746282
vt 0.350869 0.750000
vt 0.625000 0.774131
vt 0.614496 1.000000
vt 0.614496 0.774131
vt 0.350869 0.500000
vt 0.625000 0.475869
vt 0.380352 0.504556
vt 0.382679 0.502498
vt 0.617321 0.502498
vt 0.385504 0.774131
vt 0.385504 1.000000
vt 0.375000 0.506757
vt 0.375000 0.502498
vt 0.375000 0.504556
vt 0.375000 0.003718
vt 0.385504 0.000000
vt 0.614496 0.000000
vt 0.625000 0.003718
vt 0.621465 0.500000
vt 0.616365 0.500000
vt 0.350869 0.625000
vt 0.375000 0.250000
vt 0.614142 0.507722
vt 0.614142 0.742278
vt 0.614142 0.683639
vt 0.614142 0.625000
vt 0.614142 0.566361
vt 0.375000 1.000000
vt 0.875000 0.500000
vt 0.875000 0.750000
vt 0.385858 0.507722
vt 0.385858 0.742278
vt 0.601253 0.615833
vt 0.557071 0.615833
vt 0.557071 0.507722
vt 0.500000 0.507722
vt 0.442929 0.507722
vt 0.442929 0.742278
vt 0.500000 0.742278
vt 0.557071 0.742278
vt 0.385858 0.566361
vt 0.385858 0.625000
vt 0.385858 0.683639
vt 0.442929 0.733360
vt 0.398397 0.733360
vt 0.506194 0.737873
vt 0.506194 0.683639
vt 0.500000 0.615833
vt 0.442929 0.615833
vt 0.557071 0.737873
vt 0.601253 0.516889
vt 0.601253 0.566361
vt 0.607948 0.683639
vt 0.607948 0.737873
vt 0.557071 0.516889
vt 0.398747 0.615833
vt 0.398747 0.566361
vt 0.442929 0.516889
vt 0.500000 0.516889
vt 0.442929 0.633918
vt 0.487461 0.633918
vt 0.487461 0.683639
vt 0.398397 0.683639
vt 0.500000 0.683639
vt 0.557071 0.629405
vt 0.506194 0.629405
vt 0.500000 0.625000
vt 0.557071 0.625000
vt 0.607948 0.629405
vt 0.398397 0.633918
vt 0.487461 0.733360
vt 0.442929 0.625000
vt 0.398747 0.516889
vt 0.557071 0.683639
vt 0.442929 0.683639
vt 0.442929 0.566361
vt 0.500000 0.566361
vt 0.557071 0.566361
s 0
usemtl M_Noir_Bleuté
f 2/1/1 516/2/1 517/3/1 3/4/1
f 16/5/2 523/6/2 522/7/2 15/8/2
f 524/9/3 6/10/3 5/11/3 521/12/3
f 518/13/2 11/14/2 12/15/2 519/16/2
f 518/13/2 515/17/2 10/18/2 11/14/2
f 526/19/2 519/16/2 12/15/2 13/20/2
f 6/10/4 524/9/4 513/21/4 1/22/4
f 14/26/2 527/27/2 526/19/2 13/20/2
f 26/31/6 44/32/6 89/33/6 234/34/6 238/35/6
f 33/43/8 29/44/8 251/45/8 250/46/8 91/47/8
f 235/48/9 330/48/9 18/24/9 236/49/9
f 83/50/10 54/51/10 117/51/10 133/50/10
f 39/52/11 31/53/11 241/54/11 240/55/11 94/56/11
f 55/57/12 76/58/12 114/59/12 278/60/12
f 106/61/2 105/62/2 113/63/2 112/64/2
f 55/57/13 43/65/13 158/65/13 122/57/13
f 42/66/14 51/67/14 121/67/14 162/66/14
f 514/68/2 9/68/2 10/18/2 515/17/2
f 4/69/7 520/70/7 525/71/7 7/72/7
f 8/73/5 528/74/5 521/12/5 5/11/5
f 514/75/2 523/76/2 16/5/2 9/36/2
f 522/7/2 527/27/2 14/26/2 15/8/2
f 528/74/15 8/73/15 7/72/15 525/71/15
f 520/70/16 4/69/16 3/4/16 517/3/16
f 41/77/21 25/78/21 231/79/21 230/68/21 95/68/21
f 255/80/22 322/80/22 22/29/22 256/81/22
f 20/41/23 266/82/23 265/83/23 328/84/23
f 47/85/24 27/86/24 261/87/24 260/88/24 98/89/24
f 56/90/25 77/91/25 282/92/25 281/93/25
f 54/51/26 83/50/26 110/94/26 275/95/26
f 53/96/27 82/97/27 272/98/27 271/99/27
f 73/100/28 84/101/28 136/101/28 139/100/28
f 25/78/29 41/77/29 157/77/29 141/78/29
f 40/102/30 50/103/30 118/103/30 163/102/30
f 3/104/31 4/105/31 7/106/31 8/73/31 5/11/31 6/107/31 1/108/31 2/109/31
f 86/110/32 75/111/32 140/111/32 135/110/32
f 276/112/33 294/113/33 342/113/33 323/112/33
f 31/53/34 39/52/34 156/52/34 143/53/34
f 92/114/35 270/115/35 332/115/35 299/114/35
f 34/116/36 49/117/36 123/117/36 164/116/36
f 90/118/37 98/89/37 311/89/37 310/118/37
f 76/58/38 55/57/38 122/57/38 137/58/38
f 205/119/39 206/120/39 409/120/39 410/119/39
f 99/121/40 97/122/40 309/122/40 312/121/40
f 225/123/41 226/124/41 435/124/41 436/123/41
f 253/125/42 21/42/42 325/126/42 249/126/42
f 95/68/43 230/68/43 344/68/43 305/68/43
f 94/56/44 240/55/44 320/127/44 303/56/44
f 204/128/45 178/129/45 406/129/45 423/128/45
f 180/130/46 179/131/46 358/131/46 360/130/46
f 222/132/47 166/133/47 352/133/47 433/132/47
f 54/51/48 37/134/48 155/134/48 117/51/48
f 35/135/49 34/116/49 164/116/49 154/135/49
f 51/67/50 115/136/50 138/136/50 121/67/50
f 254/137/51 87/138/51 300/138/51 321/137/51
f 221/139/52 222/132/52 433/132/52 434/139/52
f 102/140/53 92/114/53 299/114/53 298/140/53
f 264/141/54 90/118/54 310/118/54 327/142/54
f 65/143/55 66/144/55 188/144/55 187/143/55
f 59/145/56 67/146/56 189/146/56 192/145/56
f 64/147/57 58/148/57 186/148/57 185/147/57
f 60/149/58 71/150/58 195/150/58 194/149/58
f 343/151/59 229/151/59 233/152/59 17/68/59
f 210/153/60 203/154/60 424/154/60 421/153/60
f 98/89/61 260/88/61 314/155/61 311/89/61
f 178/129/62 177/156/62 405/156/62 406/129/62
f 177/156/63 219/157/63 414/157/63 405/156/63
f 215/158/64 216/159/64 431/159/64 432/158/64
f 18/24/65 330/48/65 313/160/65 19/25/65
f 202/161/66 176/162/66 404/162/66 425/161/66
f 269/163/67 288/164/67 334/164/67 331/163/67
f 283/165/68 102/140/68 298/140/68 337/165/68
f 273/166/69 291/167/69 340/168/69 335/166/69
f 279/169/70 284/170/70 338/171/70 317/172/70
f 89/33/71 95/68/71 305/68/71 308/33/71
f 97/122/72 280/173/72 318/174/72 309/122/72
f 287/175/73 101/176/73 304/176/73 333/177/73
f 100/68/74 96/178/74 307/178/74 306/68/74
f 93/179/75 274/180/75 336/181/75 301/179/75
f 176/162/76 175/182/76 403/182/76 404/162/76
f 290/183/77 100/68/77 306/68/77 339/68/77
f 101/176/78 93/179/78 301/179/78 304/176/78
f 96/178/79 277/184/79 324/185/79 307/178/79
f 293/186/80 99/121/80 312/121/80 341/186/80
f 234/187/81 89/33/81 308/33/81 329/188/81
f 88/189/82 94/56/82 303/56/82 302/189/82
f 91/47/83 250/46/83 326/46/83 297/47/83
f 17/68/84 233/68/84 232/190/84 237/191/84 236/49/84 18/192/84
f 244/193/85 88/189/85 302/189/85 315/194/85
f 87/138/86 91/47/86 297/47/86 300/138/86
f 53/96/87 35/135/87 154/135/87 124/96/87
f 33/43/88 36/195/88 149/195/88 153/43/88
f 115/136/89 73/196/89 139/196/89 138/136/89
f 29/44/90 33/43/90 153/43/90 145/44/90
f 113/197/91 105/198/91 295/199/91 114/200/91
f 106/61/92 112/64/92 85/201/92 272/202/92
f 39/52/93 38/203/93 150/203/93 156/52/93
f 17/38/94 24/37/94 316/204/94 343/205/94
f 247/206/95 246/207/95 24/37/95 23/208/95 243/209/95 242/210/95
f 257/211/96 256/81/96 22/29/96 21/42/96 253/125/96 252/212/96
f 28/213/97 46/214/97 90/118/97 264/142/97 268/215/97
f 19/216/98 263/217/98 262/218/98 267/219/98 266/82/98 20/41/98
f 29/44/99 30/220/99 258/221/99 257/211/99 252/222/99 251/45/99
f 31/53/100 32/223/100 248/224/100 247/206/100 242/225/100 241/226/100
f 35/135/101 53/96/101 271/99/101 270/115/101 92/114/101
f 30/220/102 36/195/102 87/138/102 254/137/102 258/221/102
f 85/227/103 288/228/103 269/163/103 272/202/103
f 74/229/104 291/167/104 273/230/104 110/94/104 109/231/104 116/232/104
f 32/223/105 38/203/105 88/189/105 244/194/105 248/224/105
f 25/78/106 26/31/106 238/233/106 237/234/106 232/235/106 231/236/106
f 295/237/107 294/238/107 276/112/107 114/200/107
f 285/239/108 284/171/108 279/172/108 282/240/108 103/241/108 108/242/108
f 27/86/109 28/213/109 268/215/109 267/243/109 262/244/109 261/245/109
f 48/246/110 45/247/110 97/122/110 99/121/110
f 46/214/111 47/85/111 98/89/111 90/118/111
f 44/32/112 41/77/112 95/68/112 89/33/112
f 42/66/113 43/65/113 96/178/113 100/68/113
f 40/102/114 37/134/114 93/179/114 101/176/114
f 38/203/115 39/52/115 94/56/115 88/189/115
f 36/195/116 33/43/116 91/47/116 87/138/116
f 34/116/117 35/135/117 92/114/117 102/140/117
f 107/248/118 49/117/118 286/249/118 285/250/118
f 111/251/119 50/103/119 289/252/119 85/227/119
f 115/136/120 51/67/120 292/253/120 74/68/120
f 104/254/121 52/255/121 296/256/121 295/257/121
f 77/91/122 78/258/122 103/259/122 282/240/122
f 79/260/123 104/254/123 295/257/123 105/261/123
f 82/97/124 81/262/124 106/263/124 272/202/124
f 80/264/125 107/248/125 285/250/125 108/265/125
f 83/50/126 84/266/126 109/267/126 110/268/126
f 86/269/127 111/251/127 85/227/127 112/270/127
f 76/58/128 75/271/128 113/272/128 114/200/128
f 73/196/129 115/136/129 74/68/129 116/68/129
f 52/255/130 48/246/130 99/121/130 293/186/130 296/256/130
f 45/247/131 56/90/131 281/93/131 280/273/131 97/122/131
f 75/111/132 86/110/132 112/274/132 113/275/132
f 84/101/133 73/100/133 116/232/133 109/276/133
f 43/65/134 55/57/134 278/277/134 277/184/134 96/178/134
f 81/278/135 79/279/135 105/280/135 106/281/135
f 313/282/136 259/160/136 263/217/136 19/216/136
f 49/117/137 34/116/137 102/140/137 283/165/137 286/283/137
f 78/284/138 80/285/138 108/242/138 103/241/138
f 50/103/139 40/102/139 101/176/139 287/177/139 289/252/139
f 37/134/140 54/51/140 275/286/140 274/287/140 93/179/140
f 51/67/141 42/66/141 100/68/141 290/68/141 292/288/141
f 26/31/160 25/78/160 141/78/160 142/31/160
f 48/246/161 52/255/161 120/255/161 161/246/161
f 56/90/162 45/247/162 159/247/162 119/90/162
f 79/279/163 81/278/163 132/278/163 127/279/163
f 32/223/164 31/53/164 143/53/164 144/223/164
f 78/258/165 77/91/165 125/91/165 128/258/165
f 27/86/166 47/85/166 160/85/166 147/86/166
f 52/255/167 104/254/167 126/254/167 120/255/167
f 30/220/168 29/44/168 145/44/168 146/220/168
f 104/254/169 79/260/169 127/260/169 126/254/169
f 45/247/170 48/246/170 161/246/170 159/247/170
f 77/91/171 56/90/171 119/90/171 125/91/171
f 28/213/172 27/86/172 147/86/172 148/213/172
f 81/262/173 82/97/173 129/97/173 132/262/173
f 47/85/174 46/214/174 152/214/174 160/85/174
f 80/285/175 78/284/175 128/284/175 131/285/175
f 36/195/29 30/220/29 146/220/29 149/195/29
f 107/248/176 80/264/176 131/264/176 130/248/176
f 41/77/177 44/32/177 151/32/177 157/77/177
f 49/117/178 107/248/178 130/248/178 123/117/178
f 38/203/166 32/223/166 144/223/166 150/203/166
f 84/266/179 83/50/179 133/50/179 136/266/179
f 43/65/180 42/66/180 162/66/180 158/65/180
f 82/97/181 53/96/181 124/96/181 129/97/181
f 44/32/90 26/31/90 142/31/90 151/32/90
f 111/251/182 86/269/182 135/269/182 134/251/182
f 37/134/183 40/102/183 163/102/183 155/134/183
f 50/103/184 111/251/184 134/251/184 118/103/184
f 46/214/34 28/213/34 148/213/34 152/214/34
f 75/271/185 76/58/185 137/58/185 140/271/185
f 62/289/186 61/290/186 297/47/186 298/140/186
f 57/291/187 63/292/187 299/114/187 300/138/187
f 58/148/188 64/147/188 301/179/188 302/189/188
f 66/144/189 65/143/189 303/56/189 304/176/189
f 68/293/190 67/146/190 305/68/190 306/68/190
f 59/145/191 69/294/191 307/178/191 308/33/191
f 60/149/192 70/295/192 309/122/192 310/118/192
f 72/296/193 71/150/193 311/89/193 312/121/193
f 70/295/194 72/296/194 312/121/194 309/122/194
f 71/150/195 60/149/195 310/118/195 311/89/195
f 67/146/196 59/145/196 308/33/196 305/68/196
f 69/294/197 68/293/197 306/68/197 307/178/197
f 64/147/198 66/144/198 304/176/198 301/179/198
f 65/143/199 58/148/199 302/189/199 303/56/199
f 61/290/200 57/291/200 300/138/200 297/47/200
f 63/292/201 62/289/201 298/140/201 299/114/201
f 68/293/206 69/294/206 191/294/206 190/293/206
f 67/146/207 68/293/207 190/293/207 189/146/207
f 66/144/208 64/147/208 185/147/208 188/144/208
f 69/294/209 59/145/209 192/145/209 191/294/209
f 58/148/210 65/143/210 187/143/210 186/148/210
f 70/295/211 60/149/211 194/149/211 193/295/211
f 57/291/212 61/290/212 181/290/212 184/291/212
f 71/150/213 72/296/213 196/296/213 195/150/213
f 61/290/214 62/289/214 182/289/214 181/290/214
f 62/289/215 63/292/215 183/292/215 182/289/215
f 72/296/216 70/295/216 193/295/216 196/296/216
f 63/292/217 57/291/217 184/291/217 183/292/217
f 229/151/218 230/297/218 231/297/218 232/297/218 233/152/218
f 234/187/219 235/298/219 236/49/219 237/191/219 238/233/219
f 239/299/220 240/300/220 241/54/220 242/225/220 243/209/220
f 244/193/221 245/301/221 246/207/221 247/206/221 248/224/221
f 249/126/222 250/302/222 251/45/222 252/222/222 253/125/222
f 254/137/223 255/303/223 256/81/223 257/211/223 258/221/223
f 259/160/224 260/304/224 261/87/224 262/244/224 263/217/224
f 264/141/225 265/83/225 266/82/225 267/219/225 268/215/225
f 269/163/226 270/305/226 271/99/226 272/98/226
f 273/166/227 274/306/227 275/286/227 110/94/227
f 276/112/228 277/307/228 278/277/228 114/59/228
f 279/169/229 280/308/229 281/93/229 282/92/229
f 283/165/230 284/309/230 285/239/230 286/249/230
f 287/175/231 288/310/231 85/227/231 289/252/231
f 290/68/232 291/68/232 74/311/232 292/288/232
f 293/186/233 294/312/233 295/237/233 296/256/233
f 259/160/234 313/282/234 314/155/234 260/88/234
f 316/204/235 245/204/235 244/193/235 315/194/235
f 279/169/236 317/172/236 318/174/236 280/173/236
f 320/127/237 240/55/237 239/299/237 319/313/237
f 254/137/238 321/137/238 322/80/238 255/80/238
f 276/112/239 323/112/239 324/185/239 277/184/239
f 326/46/240 250/46/240 249/126/240 325/126/240
f 264/141/241 327/142/241 328/84/241 265/84/241
f 330/48/242 235/48/242 234/187/242 329/188/242
f 269/163/243 331/163/243 332/115/243 270/115/243
f 287/175/244 333/177/244 334/164/244 288/164/244
f 273/166/245 335/166/245 336/181/245 274/180/245
f 283/165/246 337/165/246 338/171/246 284/170/246
f 290/183/247 339/68/247 340/68/247 291/68/247
f 293/186/248 341/186/248 342/113/248 294/113/248
f 229/151/249 343/151/249 344/297/249 230/297/249
f 23/30/250 22/29/250 322/80/250 319/299/250
f 21/42/251 20/41/251 328/314/251 325/126/251
f 319/313/252 239/299/252 243/209/252 23/208/252
f 245/204/253 316/204/253 24/37/253 246/207/253
f 165/315/254 166/133/254 298/140/254 297/47/254
f 167/316/255 168/317/255 300/138/255 299/114/255
f 169/318/256 170/319/256 302/189/256 301/179/256
f 171/320/257 172/321/257 304/176/257 303/56/257
f 173/322/256 174/323/256 306/324/256 305/325/256
f 175/182/258 176/162/258 308/33/258 307/178/258
f 177/156/254 178/129/254 310/118/254 309/122/254
f 179/131/259 180/130/259 312/121/259 311/89/259
f 206/120/260 205/119/260 314/155/260 313/160/260
f 200/326/261 199/327/261 316/204/261 315/194/261
f 220/328/262 219/157/262 318/174/262 317/169/262
f 212/329/263 211/330/263 320/127/263 319/299/263
f 198/331/263 197/332/263 322/80/263 321/137/263
f 218/333/264 217/334/264 324/335/264 323/336/264
f 210/153/265 209/337/265 326/46/265 325/338/265
f 204/128/265 203/154/265 328/314/265 327/142/265
f 202/161/260 201/339/260 330/48/260 329/340/260
f 214/341/266 213/342/266 332/115/266 331/163/266
f 224/343/266 223/344/266 334/164/266 333/177/266
f 216/159/267 215/158/267 336/181/267 335/166/267
f 222/132/262 221/139/262 338/170/262 337/345/262
f 226/124/267 225/123/267 340/167/267 339/346/267
f 228/347/264 227/348/264 342/113/264 341/186/264
f 208/349/261 207/350/261 344/351/261 343/205/261
f 197/332/263 212/329/263 319/299/263 322/80/263
f 168/317/263 198/331/263 321/137/263 300/138/263
f 211/330/263 171/320/263 303/56/263 320/127/263
f 199/327/261 208/349/261 343/205/261 316/204/261
f 170/319/261 200/326/261 315/194/261 302/189/261
f 207/350/261 173/322/261 305/325/261 344/351/261
f 205/119/260 179/131/260 311/89/260 314/155/260
f 201/339/260 206/120/260 313/160/260 330/48/260
f 176/162/260 202/161/260 329/340/260 308/33/260
f 203/154/265 210/153/265 325/338/265 328/314/265
f 178/129/265 204/128/265 327/142/265 310/118/265
f 209/337/265 165/315/265 297/47/265 326/46/265
f 172/321/266 224/343/266 333/177/266 304/176/266
f 213/342/266 167/316/266 299/114/266 332/115/266
f 223/344/266 214/341/266 331/163/266 334/164/266
f 174/323/267 226/124/267 339/346/267 306/324/267
f 215/158/267 169/318/267 301/179/267 336/181/267
f 225/123/267 216/159/267 335/166/267 340/167/267
f 227/348/264 218/333/264 323/336/264 342/113/264
f 217/334/264 175/182/264 307/178/264 324/335/264
f 180/130/264 228/347/264 341/186/264 312/121/264
f 221/139/262 220/328/262 317/169/262 338/170/262
f 219/157/262 177/156/262 309/122/262 318/174/262
f 166/133/262 222/132/262 337/345/262 298/140/262
f 165/315/280 209/337/280 422/337/280 350/315/280
f 227/348/281 228/347/281 437/347/281 438/348/281
f 199/327/282 200/326/282 411/326/282 412/327/282
f 224/343/283 172/321/283 348/321/283 429/343/283
f 207/350/284 208/349/284 439/349/284 440/350/284
f 219/157/285 220/328/285 413/328/285 414/157/285
f 167/316/286 213/342/286 428/342/286 347/316/286
f 212/329/287 197/332/287 418/332/287 415/329/287
f 211/330/288 212/329/288 415/329/288 416/330/288
f 214/341/289 223/344/289 430/344/289 427/341/289
f 198/331/290 168/317/290 345/317/290 417/331/290
f 197/332/291 198/331/291 417/331/291 418/332/291
f 226/124/292 174/323/292 356/323/292 435/124/292
f 171/320/293 211/330/293 416/330/293 346/320/293
f 217/334/294 218/333/294 419/333/294 420/334/294
f 169/318/295 215/158/295 432/158/295 355/318/295
f 166/133/296 165/315/296 350/315/296 352/133/296
f 208/349/297 199/327/297 412/327/297 439/349/297
f 209/337/298 210/153/298 421/153/298 422/337/298
f 216/159/299 225/123/299 436/123/299 431/159/299
f 168/317/46 167/316/46 347/316/46 345/317/46
f 200/326/300 170/319/300 353/319/300 411/326/300
f 203/154/301 204/128/301 423/128/301 424/154/301
f 218/333/302 227/348/302 438/348/302 419/333/302
f 170/319/296 169/318/296 355/318/296 353/319/296
f 173/322/303 207/350/303 440/350/303 354/322/303
f 201/339/304 202/161/304 425/161/304 426/339/304
f 175/182/283 217/334/283 420/334/283 403/182/283
f 172/321/76 171/320/76 346/320/76 348/321/76
f 179/131/305 205/119/305 410/119/305 358/131/305
f 213/342/306 214/341/306 427/341/306 428/342/306
f 228/347/286 180/130/286 360/130/286 437/347/286
f 174/323/62 173/322/62 354/322/62 356/323/62
f 206/120/307 201/339/307 426/339/307 409/120/307
f 223/344/308 224/343/308 429/343/308 430/344/308
f 220/328/309 221/139/309 434/139/309 413/328/309
f 514/68/348 515/17/348 516/2/348 513/424/348
f 518/13/349 519/16/349 520/70/349 517/3/349
f 526/19/350 527/27/350 528/74/350 525/71/350
f 522/7/351 523/6/351 524/9/351 521/12/351
f 515/17/352 518/13/352 517/3/352 516/2/352
f 523/76/353 514/75/353 513/21/353 524/9/353
f 519/16/354 526/19/354 525/71/354 520/70/354
f 527/27/355 522/7/355 521/12/355 528/74/355
f 1/425/356 513/424/356 516/2/356 2/1/356
f 566/426/2 567/427/2 604/427/2 602/426/2
f 788/428/4 787/429/4 537/430/4 564/431/4 563/432/4
f 782/433/4 781/434/4 786/435/4 788/428/4 563/432/4 562/436/4
f 789/437/5 560/438/5 529/439/5 778/440/5
f 544/441/4 783/442/4 785/443/4 568/444/4 567/427/4
f 779/445/4 778/446/4 529/447/4 566/426/4 565/448/4
f 560/438/5 559/449/5 530/450/5 529/439/5
f 559/449/5 558/451/5 531/452/5 530/450/5
f 558/451/5 557/453/5 532/454/5 531/452/5
f 557/453/5 556/455/5 533/456/5 532/454/5
f 556/455/5 555/457/5 534/458/5 533/456/5
f 555/457/5 554/459/5 535/460/5 534/458/5
f 554/459/5 553/461/5 536/462/5 535/460/5
f 545/463/7 795/464/7 796/465/7 791/466/7 792/467/7 553/461/7
f 552/468/7 551/469/7 559/449/7 560/438/7
f 551/469/7 550/470/7 558/451/7 559/449/7
f 550/470/7 549/471/7 557/453/7 558/451/7
f 549/471/7 548/472/7 556/455/7 557/453/7
f 548/472/7 547/473/7 555/457/7 556/455/7
f 547/473/7 546/474/7 554/459/7 555/457/7
f 546/474/7 545/463/7 553/461/7 554/459/7
f 537/430/1 787/429/1 795/464/1 545/463/1
f 544/441/1 543/475/1 551/469/1 552/468/1
f 543/475/1 542/476/1 550/470/1 551/469/1
f 542/476/1 541/477/1 549/471/1 550/470/1
f 541/477/1 540/478/1 548/472/1 549/471/1
f 540/478/1 539/479/1 547/473/1 548/472/1
f 539/479/1 538/480/1 546/474/1 547/473/1
f 538/480/1 537/430/1 545/463/1 546/474/1
f 586/481/2 587/482/2 624/482/2 622/481/2
f 568/444/31 565/448/31 601/448/31 603/444/31
f 588/483/31 585/484/31 621/484/31 623/483/31
f 579/485/1 580/486/1 615/486/1 616/485/1
f 565/448/5 566/426/5 602/426/5 601/448/5
f 585/484/5 586/481/5 622/481/5 621/484/5
f 578/487/2 579/485/2 616/485/2 614/487/2
f 580/486/31 577/488/31 613/488/31 615/486/31
f 553/461/5 792/467/5 780/489/5 536/462/5
f 796/465/2 786/490/2 781/491/2 791/492/2
f 793/493/7 794/494/7 552/468/7 560/438/7 789/437/7 790/495/7
f 537/430/4 536/496/4 561/497/4 564/431/4
f 536/496/4 780/498/4 782/433/4 562/436/4 561/497/4
f 529/447/4 544/441/4 567/427/4 566/426/4
f 783/442/1 544/441/1 552/468/1 794/494/1
f 784/499/31 793/493/31 790/500/31 777/501/31
f 529/447/4 530/502/4 570/503/4 569/504/4
f 530/502/4 543/475/4 571/505/4 570/503/4
f 543/475/4 544/441/4 572/506/4 571/505/4
f 544/441/4 529/447/4 569/504/4 572/506/4
f 530/502/4 531/507/4 574/508/4 573/509/4
f 531/507/4 542/476/4 575/510/4 574/508/4
f 542/476/4 543/475/4 576/511/4 575/510/4
f 543/475/4 530/502/4 573/509/4 576/511/4
f 531/507/4 532/512/4 578/487/4 577/488/4
f 532/512/4 541/477/4 579/485/4 578/487/4
f 541/477/4 542/476/4 580/486/4 579/485/4
f 542/476/4 531/507/4 577/488/4 580/486/4
f 532/512/4 533/513/4 582/514/4 581/515/4
f 533/513/4 540/478/4 583/516/4 582/514/4
f 540/478/4 541/477/4 584/517/4 583/516/4
f 541/477/4 532/512/4 581/515/4 584/517/4
f 533/513/4 534/518/4 586/481/4 585/484/4
f 534/518/4 539/479/4 587/482/4 586/481/4
f 539/479/4 540/478/4 588/483/4 587/482/4
f 540/478/4 533/513/4 585/484/4 588/483/4
f 534/518/4 535/519/4 590/520/4 589/521/4
f 535/519/4 538/480/4 591/522/4 590/520/4
f 538/480/4 539/479/4 592/523/4 591/522/4
f 539/479/4 534/518/4 589/521/4 592/523/4
f 535/519/4 536/496/4 594/524/4 593/525/4
f 536/496/4 537/430/4 595/526/4 594/524/4
f 537/430/4 538/480/4 596/527/4 595/526/4
f 538/480/4 535/519/4 593/525/4 596/527/4
f 653/528/1 654/529/1 690/529/1 689/528/1
f 646/530/31 647/531/31 684/531/31 682/530/31
f 666/532/31 667/533/31 704/533/31 702/532/31
f 648/534/2 645/535/2 681/535/2 683/534/2
f 668/536/2 665/537/2 701/537/2 703/536/2
f 639/538/5 640/539/5 675/539/5 676/538/5
f 659/540/5 660/541/5 695/541/5 696/540/5
f 645/535/1 646/530/1 682/530/1 681/535/1
f 665/537/1 666/532/1 702/532/1 701/537/1
f 593/525/5 594/524/5 630/524/5 629/525/5
f 573/509/5 574/508/5 610/508/5 609/509/5
f 587/482/1 588/483/1 623/483/1 624/482/1
f 567/427/1 568/444/1 603/444/1 604/427/1
f 596/527/31 593/525/31 629/525/31 631/527/31
f 576/511/31 573/509/31 609/509/31 611/511/31
f 594/524/2 595/526/2 632/526/2 630/524/2
f 574/508/2 575/510/2 612/510/2 610/508/2
f 581/515/5 582/514/5 618/514/5 617/515/5
f 595/526/1 596/527/1 631/527/1 632/526/1
f 561/497/5 562/436/5 598/436/5 597/497/5
f 575/510/1 576/511/1 611/511/1 612/510/1
f 584/517/31 581/515/31 617/515/31 619/517/31
f 564/431/31 561/497/31 597/497/31 599/431/31
f 582/514/2 583/516/2 620/516/2 618/514/2
f 562/436/2 563/432/2 600/432/2 598/436/2
f 589/521/5 590/520/5 626/520/5 625/521/5
f 569/504/5 570/503/5 606/503/5 605/504/5
f 583/516/1 584/517/1 619/517/1 620/516/1
f 563/432/1 564/431/1 599/431/1 600/432/1
f 592/523/31 589/521/31 625/521/31 627/523/31
f 572/506/31 569/504/31 605/504/31 607/506/31
f 590/520/2 591/522/2 628/522/2 626/520/2
f 570/503/2 571/505/2 608/505/2 606/503/2
f 577/488/5 578/487/5 614/487/5 613/488/5
f 591/522/1 592/523/1 627/523/1 628/522/1
f 571/505/1 572/506/1 607/506/1 608/505/1
f 597/497/4 598/436/4 634/542/4 633/543/4
f 598/436/4 600/432/4 635/544/4 634/542/4
f 600/432/4 599/431/4 636/545/4 635/544/4
f 599/431/4 597/497/4 633/543/4 636/545/4
f 601/448/4 602/426/4 638/546/4 637/547/4
f 602/426/4 604/427/4 639/538/4 638/546/4
f 604/427/4 603/444/4 640/539/4 639/538/4
f 603/444/4 601/448/4 637/547/4 640/539/4
f 605/504/4 606/503/4 642/548/4 641/549/4
f 606/503/4 608/505/4 643/550/4 642/548/4
f 608/505/4 607/506/4 644/551/4 643/550/4
f 607/506/4 605/504/4 641/549/4 644/551/4
f 609/509/4 610/508/4 646/530/4 645/535/4
f 610/508/4 612/510/4 647/531/4 646/530/4
f 612/510/4 611/511/4 648/534/4 647/531/4
f 611/511/4 609/509/4 645/535/4 648/534/4
f 613/488/4 614/487/4 650/552/4 649/553/4
f 614/487/4 616/485/4 651/554/4 650/552/4
f 616/485/4 615/486/4 652/555/4 651/554/4
f 615/486/4 613/488/4 649/553/4 652/555/4
f 617/515/4 618/514/4 654/529/4 653/528/4
f 618/514/4 620/516/4 655/556/4 654/529/4
f 620/516/4 619/517/4 656/557/4 655/556/4
f 619/517/4 617/515/4 653/528/4 656/557/4
f 621/484/4 622/481/4 658/558/4 657/559/4
f 622/481/4 624/482/4 659/540/4 658/558/4
f 624/482/4 623/483/4 660/541/4 659/540/4
f 623/483/4 621/484/4 657/559/4 660/541/4
f 625/521/4 626/520/4 662/560/4 661/561/4
f 626/520/4 628/522/4 663/562/4 662/560/4
f 628/522/4 627/523/4 664/563/4 663/562/4
f 627/523/4 625/521/4 661/561/4 664/563/4
f 629/525/4 630/524/4 666/532/4 665/537/4
f 630/524/4 632/526/4 667/533/4 666/532/4
f 632/526/4 631/527/4 668/536/4 667/533/4
f 631/527/4 629/525/4 665/537/4 668/536/4
f 667/533/5 668/536/5 703/536/5 704/533/5
f 633/543/1 634/542/1 670/542/1 669/543/1
f 647/531/5 648/534/5 683/534/5 684/531/5
f 656/557/2 653/528/2 689/528/2 691/557/2
f 636/545/2 633/543/2 669/543/2 671/545/2
f 654/529/31 655/556/31 692/556/31 690/529/31
f 634/542/31 635/544/31 672/544/31 670/542/31
f 661/561/1 662/560/1 698/560/1 697/561/1
f 641/549/1 642/548/1 678/548/1 677/549/1
f 655/556/5 656/557/5 691/557/5 692/556/5
f 635/544/5 636/545/5 671/545/5 672/544/5
f 664/563/2 661/561/2 697/561/2 699/563/2
f 644/551/2 641/549/2 677/549/2 679/551/2
f 662/560/31 663/562/31 700/562/31 698/560/31
f 642/548/31 643/550/31 680/550/31 678/548/31
f 649/553/1 650/552/1 686/552/1 685/553/1
f 663/562/5 664/563/5 699/563/5 700/562/5
f 643/550/5 644/551/5 679/551/5 680/550/5
f 652/555/2 649/553/2 685/553/2 687/555/2
f 650/552/31 651/554/31 688/554/31 686/552/31
f 657/559/1 658/558/1 694/558/1 693/559/1
f 637/547/1 638/546/1 674/546/1 673/547/1
f 651/554/5 652/555/5 687/555/5 688/554/5
f 660/541/2 657/559/2 693/559/2 695/541/2
f 640/539/2 637/547/2 673/547/2 675/539/2
f 658/558/31 659/540/31 696/540/31 694/558/31
f 638/546/31 639/538/31 676/538/31 674/546/31
f 777/600/4 778/446/4 779/445/4
f 780/601/4 781/434/4 782/602/4
f 783/603/4 784/499/4 785/604/4
f 786/605/4 787/429/4 788/428/4
f 793/493/357 784/499/357 783/603/357 794/606/357
f 786/607/358 796/608/358 795/464/358 787/429/358
f 777/501/359 790/500/359 789/609/359 778/610/359
f 791/611/360 781/612/360 780/489/360 792/467/360
f 785/443/4 784/613/4 777/614/4 779/445/4 565/448/4 568/444/4
f 834/426/2 835/427/2 872/427/2 870/426/2
f 1056/428/7 1055/429/7 805/430/7 832/431/7 831/432/7
f 1050/433/7 1049/434/7 1054/435/7 1056/428/7 831/432/7 830/436/7
f 1057/437/1 828/438/1 797/439/1 1046/440/1
f 812/441/7 1051/442/7 1053/443/7 836/444/7 835/427/7
f 1047/445/7 1046/446/7 797/447/7 834/426/7 833/448/7
f 828/438/1 827/449/1 798/450/1 797/439/1
f 827/449/1 826/451/1 799/452/1 798/450/1
f 826/451/1 825/453/1 800/454/1 799/452/1
f 825/453/1 824/455/1 801/456/1 800/454/1
f 824/455/1 823/457/1 802/458/1 801/456/1
f 823/457/1 822/459/1 803/460/1 802/458/1
f 822/459/1 821/461/1 804/462/1 803/460/1
f 813/463/4 1063/464/4 1064/465/4 1059/466/4 1060/467/4 821/461/4
f 820/468/4 819/469/4 827/449/4 828/438/4
f 819/469/4 818/470/4 826/451/4 827/449/4
f 818/470/4 817/471/4 825/453/4 826/451/4
f 817/471/4 816/472/4 824/455/4 825/453/4
f 816/472/4 815/473/4 823/457/4 824/455/4
f 815/473/4 814/474/4 822/459/4 823/457/4
f 814/474/4 813/463/4 821/461/4 822/459/4
f 805/430/5 1055/429/5 1063/464/5 813/463/5
f 812/441/5 811/475/5 819/469/5 820/468/5
f 811/475/5 810/476/5 818/470/5 819/469/5
f 810/476/5 809/477/5 817/471/5 818/470/5
f 809/477/5 808/478/5 816/472/5 817/471/5
f 808/478/5 807/479/5 815/473/5 816/472/5
f 807/479/5 806/480/5 814/474/5 815/473/5
f 806/480/5 805/430/5 813/463/5 814/474/5
f 854/481/2 855/482/2 892/482/2 890/481/2
f 836/444/31 833/448/31 869/448/31 871/444/31
f 856/483/31 853/484/31 889/484/31 891/483/31
f 847/485/5 848/486/5 883/486/5 884/485/5
f 833/448/1 834/426/1 870/426/1 869/448/1
f 853/484/1 854/481/1 890/481/1 889/484/1
f 846/487/2 847/485/2 884/485/2 882/487/2
f 848/486/31 845/488/31 881/488/31 883/486/31
f 821/461/1 1060/467/1 1048/489/1 804/462/1
f 1064/465/2 1054/490/2 1049/491/2 1059/492/2
f 1061/493/4 1062/494/4 820/468/4 828/438/4 1057/437/4 1058/495/4
f 805/430/7 804/496/7 829/497/7 832/431/7
f 804/496/7 1048/498/7 1050/433/7 830/436/7 829/497/7
f 797/447/7 812/441/7 835/427/7 834/426/7
f 1051/442/5 812/441/5 820/468/5 1062/494/5
f 1052/499/31 1061/493/31 1058/500/31 1045/501/31
f 797/447/7 798/502/7 838/503/7 837/504/7
f 798/502/7 811/475/7 839/505/7 838/503/7
f 811/475/7 812/441/7 840/506/7 839/505/7
f 812/441/7 797/447/7 837/504/7 840/506/7
f 798/502/7 799/507/7 842/508/7 841/509/7
f 799/507/7 810/476/7 843/510/7 842/508/7
f 810/476/7 811/475/7 844/511/7 843/510/7
f 811/475/7 798/502/7 841/509/7 844/511/7
f 799/507/7 800/512/7 846/487/7 845/488/7
f 800/512/7 809/477/7 847/485/7 846/487/7
f 809/477/7 810/476/7 848/486/7 847/485/7
f 810/476/7 799/507/7 845/488/7 848/486/7
f 800/512/7 801/513/7 850/514/7 849/515/7
f 801/513/7 808/478/7 851/516/7 850/514/7
f 808/478/7 809/477/7 852/517/7 851/516/7
f 809/477/7 800/512/7 849/515/7 852/517/7
f 801/513/7 802/518/7 854/481/7 853/484/7
f 802/518/7 807/479/7 855/482/7 854/481/7
f 807/479/7 808/478/7 856/483/7 855/482/7
f 808/478/7 801/513/7 853/484/7 856/483/7
f 802/518/7 803/519/7 858/520/7 857/521/7
f 803/519/7 806/480/7 859/522/7 858/520/7
f 806/480/7 807/479/7 860/523/7 859/522/7
f 807/479/7 802/518/7 857/521/7 860/523/7
f 803/519/7 804/496/7 862/524/7 861/525/7
f 804/496/7 805/430/7 863/526/7 862/524/7
f 805/430/7 806/480/7 864/527/7 863/526/7
f 806/480/7 803/519/7 861/525/7 864/527/7
f 921/528/5 922/529/5 958/529/5 957/528/5
f 914/530/31 915/531/31 952/531/31 950/530/31
f 934/532/31 935/533/31 972/533/31 970/532/31
f 916/534/2 913/535/2 949/535/2 951/534/2
f 936/536/2 933/537/2 969/537/2 971/536/2
f 907/538/1 908/539/1 943/539/1 944/538/1
f 927/540/1 928/541/1 963/541/1 964/540/1
f 913/535/5 914/530/5 950/530/5 949/535/5
f 933/537/5 934/532/5 970/532/5 969/537/5
f 861/525/1 862/524/1 898/524/1 897/525/1
f 841/509/1 842/508/1 878/508/1 877/509/1
f 855/482/5 856/483/5 891/483/5 892/482/5
f 835/427/5 836/444/5 871/444/5 872/427/5
f 864/527/31 861/525/31 897/525/31 899/527/31
f 844/511/31 841/509/31 877/509/31 879/511/31
f 862/524/2 863/526/2 900/526/2 898/524/2
f 842/508/2 843/510/2 880/510/2 878/508/2
f 849/515/1 850/514/1 886/514/1 885/515/1
f 863/526/5 864/527/5 899/527/5 900/526/5
f 829/497/1 830/436/1 866/436/1 865/497/1
f 843/510/5 844/511/5 879/511/5 880/510/5
f 852/517/31 849/515/31 885/515/31 887/517/31
f 832/431/31 829/497/31 865/497/31 867/431/31
f 850/514/2 851/516/2 888/516/2 886/514/2
f 830/436/2 831/432/2 868/432/2 866/436/2
f 857/521/1 858/520/1 894/520/1 893/521/1
f 837/504/1 838/503/1 874/503/1 873/504/1
f 851/516/5 852/517/5 887/517/5 888/516/5
f 831/432/5 832/431/5 867/431/5 868/432/5
f 860/523/31 857/521/31 893/521/31 895/523/31
f 840/506/31 837/504/31 873/504/31 875/506/31
f 858/520/2 859/522/2 896/522/2 894/520/2
f 838/503/2 839/505/2 876/505/2 874/503/2
f 845/488/1 846/487/1 882/487/1 881/488/1
f 859/522/5 860/523/5 895/523/5 896/522/5
f 839/505/5 840/506/5 875/506/5 876/505/5
f 865/497/7 866/436/7 902/542/7 901/543/7
f 866/436/7 868/432/7 903/544/7 902/542/7
f 868/432/7 867/431/7 904/545/7 903/544/7
f 867/431/7 865/497/7 901/543/7 904/545/7
f 869/448/7 870/426/7 906/546/7 905/547/7
f 870/426/7 872/427/7 907/538/7 906/546/7
f 872/427/7 871/444/7 908/539/7 907/538/7
f 871/444/7 869/448/7 905/547/7 908/539/7
f 873/504/7 874/503/7 910/548/7 909/549/7
f 874/503/7 876/505/7 911/550/7 910/548/7
f 876/505/7 875/506/7 912/551/7 911/550/7
f 875/506/7 873/504/7 909/549/7 912/551/7
f 877/509/7 878/508/7 914/530/7 913/535/7
f 878/508/7 880/510/7 915/531/7 914/530/7
f 880/510/7 879/511/7 916/534/7 915/531/7
f 879/511/7 877/509/7 913/535/7 916/534/7
f 881/488/7 882/487/7 918/552/7 917/553/7
f 882/487/7 884/485/7 919/554/7 918/552/7
f 884/485/7 883/486/7 920/555/7 919/554/7
f 883/486/7 881/488/7 917/553/7 920/555/7
f 885/515/7 886/514/7 922/529/7 921/528/7
f 886/514/7 888/516/7 923/556/7 922/529/7
f 888/516/7 887/517/7 924/557/7 923/556/7
f 887/517/7 885/515/7 921/528/7 924/557/7
f 889/484/7 890/481/7 926/558/7 925/559/7
f 890/481/7 892/482/7 927/540/7 926/558/7
f 892/482/7 891/483/7 928/541/7 927/540/7
f 891/483/7 889/484/7 925/559/7 928/541/7
f 893/521/7 894/520/7 930/560/7 929/561/7
f 894/520/7 896/522/7 931/562/7 930/560/7
f 896/522/7 895/523/7 932/563/7 931/562/7
f 895/523/7 893/521/7 929/561/7 932/563/7
f 897/525/7 898/524/7 934/532/7 933/537/7
f 898/524/7 900/526/7 935/533/7 934/532/7
f 900/526/7 899/527/7 936/536/7 935/533/7
f 899/527/7 897/525/7 933/537/7 936/536/7
f 935/533/1 936/536/1 971/536/1 972/533/1
f 901/543/5 902/542/5 938/542/5 937/543/5
f 915/531/1 916/534/1 951/534/1 952/531/1
f 924/557/2 921/528/2 957/528/2 959/557/2
f 904/545/2 901/543/2 937/543/2 939/545/2
f 922/529/31 923/556/31 960/556/31 958/529/31
f 902/542/31 903/544/31 940/544/31 938/542/31
f 929/561/5 930/560/5 966/560/5 965/561/5
f 909/549/5 910/548/5 946/548/5 945/549/5
f 923/556/1 924/557/1 959/557/1 960/556/1
f 903/544/1 904/545/1 939/545/1 940/544/1
f 932/563/2 929/561/2 965/561/2 967/563/2
f 912/551/2 909/549/2 945/549/2 947/551/2
f 930/560/31 931/562/31 968/562/31 966/560/31
f 910/548/31 911/550/31 948/550/31 946/548/31
f 917/553/5 918/552/5 954/552/5 953/553/5
f 931/562/1 932/563/1 967/563/1 968/562/1
f 911/550/1 912/551/1 947/551/1 948/550/1
f 920/555/2 917/553/2 953/553/2 955/555/2
f 918/552/31 919/554/31 956/554/31 954/552/31
f 925/559/5 926/558/5 962/558/5 961/559/5
f 905/547/5 906/546/5 942/546/5 941/547/5
f 919/554/1 920/555/1 955/555/1 956/554/1
f 928/541/2 925/559/2 961/559/2 963/541/2
f 908/539/2 905/547/2 941/547/2 943/539/2
f 926/558/31 927/540/31 964/540/31 962/558/31
f 906/546/31 907/538/31 944/538/31 942/546/31
f 1045/600/7 1046/446/7 1047/445/7
f 1048/601/7 1049/434/7 1050/602/7
f 1051/603/7 1052/499/7 1053/604/7
f 1054/605/7 1055/429/7 1056/428/7
f 1061/493/359 1052/499/359 1051/603/359 1062/606/359
f 1054/607/360 1064/608/360 1063/464/360 1055/429/360
f 1045/501/357 1058/500/357 1057/609/357 1046/610/357
f 1059/611/358 1049/612/358 1048/489/358 1060/467/358
f 1053/443/7 1052/613/7 1045/614/7 1047/445/7 833/448/7 836/444/7
f 1131/615/5 1134/616/5 1123/617/5
f 1128/618/5 1129/619/5 1068/620/5 1067/621/5
f 1072/622/2 1073/623/2 1082/623/2 1079/622/2
f 1128/624/5 1139/625/5 1125/626/5 1071/627/5 1074/628/5
f 1126/629/5 1146/630/5 1129/631/5 1073/623/5 1072/622/5
f 1143/632/5 1146/633/5 1126/629/5
f 1135/634/5 1138/635/5 1124/636/5
f 1065/637/1 1066/638/1 1121/639/1 1122/640/1 1119/641/1 1120/642/1
f 1070/643/31 1067/621/31 1076/621/31 1077/643/31
f 1124/644/5 1138/645/5 1131/646/5 1123/647/5 1070/643/5 1069/648/5
f 1123/649/5 1134/650/5 1128/651/5 1067/621/5 1070/643/5
f 1119/641/7 1122/640/7 1144/652/7 1141/653/7
f 1129/654/5 1128/618/5 1074/628/5 1073/623/5
f 1145/655/2 1121/656/2 1066/657/2 1130/658/2
f 1120/659/31 1140/660/31 1127/661/31 1065/662/31
f 1130/658/2 1066/657/2 1118/663/2 1136/664/2
f 1129/665/5 1135/666/5 1124/667/5 1069/648/5 1068/620/5
f 1084/668/31 1085/669/31 1094/669/31 1091/668/31
f 1087/670/4 1088/671/4 1095/671/4 1096/670/4
f 1071/627/7 1072/622/7 1079/622/7 1080/627/7
f 1068/620/2 1069/648/2 1078/648/2 1075/620/2
f 1073/623/4 1074/628/4 1081/628/4 1082/623/4
f 1067/621/7 1068/620/7 1075/620/7 1076/621/7
f 1074/628/31 1071/627/31 1080/627/31 1081/628/31
f 1069/648/4 1070/643/4 1077/643/4 1078/648/4
f 1076/621/5 1075/620/5 1084/668/5 1083/672/5
f 1075/620/5 1078/648/5 1085/669/5 1084/668/5
f 1078/648/5 1077/643/5 1086/673/5 1085/669/5
f 1077/643/5 1076/621/5 1083/672/5 1086/673/5
f 1080/627/5 1079/622/5 1088/671/5 1087/670/5
f 1079/622/5 1082/623/5 1089/674/5 1088/671/5
f 1082/623/5 1081/628/5 1090/675/5 1089/674/5
f 1081/628/5 1080/627/5 1087/670/5 1090/675/5
f 1089/674/7 1090/675/7 1097/675/7 1098/674/7
f 1083/672/4 1084/668/4 1091/668/4 1092/672/4
f 1090/675/2 1087/670/2 1096/670/2 1097/675/2
f 1085/669/7 1086/673/7 1093/673/7 1094/669/7
f 1086/673/2 1083/672/2 1092/672/2 1093/673/2
f 1088/671/31 1089/674/31 1098/674/31 1095/671/31
f 1115/684/361 1133/685/361 1132/686/361 1116/610/361
f 1136/687/362 1118/612/362 1117/688/362 1137/689/362
f 1140/660/363 1120/659/363 1119/603/363 1141/690/363
f 1121/607/364 1145/691/364 1144/652/364 1122/640/364
f 1125/692/5 1142/693/5 1143/694/5 1126/629/5 1072/622/5 1071/627/5
f 1132/695/4 1137/689/4 1117/688/4 1116/696/4
f 1139/697/5 1142/698/5 1125/699/5
f 1115/700/1 1116/701/1 1117/702/1 1118/703/1 1066/638/1 1065/637/1
f 1132/686/365 1133/685/365 1134/616/365 1131/615/365
f 1136/687/366 1137/689/366 1138/635/366 1135/634/366
f 1140/660/367 1141/690/367 1142/698/367 1139/697/367
f 1144/652/368 1145/691/368 1146/704/368 1143/705/368
f 1131/646/369 1138/645/369 1137/689/369 1132/695/369
f 1128/651/370 1134/650/370 1133/685/370 1127/706/370
f 1135/666/371 1129/665/371 1130/658/371 1136/664/371
f 1143/694/372 1142/693/372 1141/653/372 1144/652/372
f 1139/625/373 1128/624/373 1127/661/373 1140/660/373
f 1129/631/374 1146/630/374 1145/655/374 1130/658/374
f 1065/662/31 1127/706/31 1133/685/31 1115/684/31
f 1213/615/5 1216/616/5 1205/617/5
f 1210/618/5 1211/619/5 1150/620/5 1149/621/5
f 1154/622/2 1155/623/2 1164/623/2 1161/622/2
f 1210/624/5 1221/625/5 1207/626/5 1153/627/5 1156/628/5
f 1208/629/5 1228/630/5 1211/631/5 1155/623/5 1154/622/5
f 1225/632/5 1228/633/5 1208/629/5
f 1217/634/5 1220/635/5 1206/636/5
f 1147/637/1 1148/638/1 1203/639/1 1204/640/1 1201/641/1 1202/642/1
f 1152/643/31 1149/621/31 1158/621/31 1159/643/31
f 1206/644/5 1220/645/5 1213/646/5 1205/647/5 1152/643/5 1151/648/5
f 1205/649/5 1216/650/5 1210/651/5 1149/621/5 1152/643/5
f 1201/641/7 1204/640/7 1226/652/7 1223/653/7
f 1211/654/5 1210/618/5 1156/628/5 1155/623/5
f 1227/655/2 1203/656/2 1148/657/2 1212/658/2
f 1202/659/31 1222/660/31 1209/661/31 1147/662/31
f 1212/658/2 1148/657/2 1200/663/2 1218/664/2
f 1211/665/5 1217/666/5 1206/667/5 1151/648/5 1150/620/5
f 1166/668/31 1167/669/31 1176/669/31 1173/668/31
f 1169/670/4 1170/671/4 1177/671/4 1178/670/4
f 1153/627/7 1154/622/7 1161/622/7 1162/627/7
f 1150/620/2 1151/648/2 1160/648/2 1157/620/2
f 1155/623/4 1156/628/4 1163/628/4 1164/623/4
f 1149/621/7 1150/620/7 1157/620/7 1158/621/7
f 1156/628/31 1153/627/31 1162/627/31 1163/628/31
f 1151/648/4 1152/643/4 1159/643/4 1160/648/4
f 1158/621/5 1157/620/5 1166/668/5 1165/672/5
f 1157/620/5 1160/648/5 1167/669/5 1166/668/5
f 1160/648/5 1159/643/5 1168/673/5 1167/669/5
f 1159/643/5 1158/621/5 1165/672/5 1168/673/5
f 1162/627/5 1161/622/5 1170/671/5 1169/670/5
f 1161/622/5 1164/623/5 1171/674/5 1170/671/5
f 1164/623/5 1163/628/5 1172/675/5 1171/674/5
f 1163/628/5 1162/627/5 1169/670/5 1172/675/5
f 1171/674/7 1172/675/7 1179/675/7 1180/674/7
f 1165/672/4 1166/668/4 1173/668/4 1174/672/4
f 1172/675/2 1169/670/2 1178/670/2 1179/675/2
f 1167/669/7 1168/673/7 1175/673/7 1176/669/7
f 1168/673/2 1165/672/2 1174/672/2 1175/673/2
f 1170/671/31 1171/674/31 1180/674/31 1177/671/31
f 1197/684/361 1215/685/361 1214/686/361 1198/610/361
f 1218/687/362 1200/612/362 1199/688/362 1219/689/362
f 1222/660/363 1202/659/363 1201/603/363 1223/690/363
f 1203/607/364 1227/691/364 1226/652/364 1204/640/364
f 1207/692/5 1224/693/5 1225/694/5 1208/629/5 1154/622/5 1153/627/5
f 1214/695/4 1219/689/4 1199/688/4 1198/696/4
f 1221/697/5 1224/698/5 1207/699/5
f 1197/700/1 1198/701/1 1199/702/1 1200/703/1 1148/638/1 1147/637/1
f 1214/686/365 1215/685/365 1216/616/365 1213/615/365
f 1218/687/366 1219/689/366 1220/635/366 1217/634/366
f 1222/660/367 1223/690/367 1224/698/367 1221/697/367
f 1226/652/368 1227/691/368 1228/704/368 1225/705/368
f 1213/646/369 1220/645/369 1219/689/369 1214/695/369
f 1210/651/370 1216/650/370 1215/685/370 1209/706/370
f 1217/666/371 1211/665/371 1212/658/371 1218/664/371
f 1225/694/372 1224/693/372 1223/653/372 1226/652/372
f 1221/625/373 1210/624/373 1209/661/373 1222/660/373
f 1211/631/374 1228/630/374 1227/655/374 1212/658/374
f 1147/662/31 1209/706/31 1215/685/31 1197/684/31
f 1295/615/5 1298/616/5 1287/617/5
f 1292/618/5 1293/619/5 1232/620/5 1231/621/5
f 1236/622/2 1237/623/2 1246/623/2 1243/622/2
f 1292/624/5 1303/625/5 1289/626/5 1235/627/5 1238/628/5
f 1290/629/5 1310/630/5 1293/631/5 1237/623/5 1236/622/5
f 1307/632/5 1310/633/5 1290/629/5
f 1299/634/5 1302/635/5 1288/636/5
f 1229/637/1 1230/638/1 1285/639/1 1286/640/1 1283/641/1 1284/642/1
f 1234/643/31 1231/621/31 1240/621/31 1241/643/31
f 1288/644/5 1302/645/5 1295/646/5 1287/647/5 1234/643/5 1233/648/5
f 1287/649/5 1298/650/5 1292/651/5 1231/621/5 1234/643/5
f 1283/641/7 1286/640/7 1308/652/7 1305/653/7
f 1293/654/5 1292/618/5 1238/628/5 1237/623/5
f 1309/655/2 1285/656/2 1230/657/2 1294/658/2
f 1284/659/31 1304/660/31 1291/661/31 1229/662/31
f 1294/658/2 1230/657/2 1282/663/2 1300/664/2
f 1293/665/5 1299/666/5 1288/667/5 1233/648/5 1232/620/5
f 1248/668/31 1249/669/31 1258/669/31 1255/668/31
f 1251/670/4 1252/671/4 1259/671/4 1260/670/4
f 1235/627/7 1236/622/7 1243/622/7 1244/627/7
f 1232/620/2 1233/648/2 1242/648/2 1239/620/2
f 1237/623/4 1238/628/4 1245/628/4 1246/623/4
f 1231/621/7 1232/620/7 1239/620/7 1240/621/7
f 1238/628/31 1235/627/31 1244/627/31 1245/628/31
f 1233/648/4 1234/643/4 1241/643/4 1242/648/4
f 1240/621/5 1239/620/5 1248/668/5 1247/672/5
f 1239/620/5 1242/648/5 1249/669/5 1248/668/5
f 1242/648/5 1241/643/5 1250/673/5 1249/669/5
f 1241/643/5 1240/621/5 1247/672/5 1250/673/5
f 1244/627/5 1243/622/5 1252/671/5 1251/670/5
f 1243/622/5 1246/623/5 1253/674/5 1252/671/5
f 1246/623/5 1245/628/5 1254/675/5 1253/674/5
f 1245/628/5 1244/627/5 1251/670/5 1254/675/5
f 1253/674/7 1254/675/7 1261/675/7 1262/674/7
f 1247/672/4 1248/668/4 1255/668/4 1256/672/4
f 1254/675/2 1251/670/2 1260/670/2 1261/675/2
f 1249/669/7 1250/673/7 1257/673/7 1258/669/7
f 1250/673/2 1247/672/2 1256/672/2 1257/673/2
f 1252/671/31 1253/674/31 1262/674/31 1259/671/31
f 1279/684/361 1297/685/361 1296/686/361 1280/610/361
f 1300/687/362 1282/612/362 1281/688/362 1301/689/362
f 1304/660/363 1284/659/363 1283/603/363 1305/690/363
f 1285/607/364 1309/691/364 1308/652/364 1286/640/364
f 1289/692/5 1306/693/5 1307/694/5 1290/629/5 1236/622/5 1235/627/5
f 1296/695/4 1301/689/4 1281/688/4 1280/696/4
f 1303/697/5 1306/698/5 1289/699/5
f 1279/700/1 1280/701/1 1281/702/1 1282/703/1 1230/638/1 1229/637/1
f 1296/686/375 1297/685/375 1298/616/375 1295/615/375
f 1300/687/366 1301/689/366 1302/635/366 1299/634/366
f 1304/660/376 1305/690/376 1306/698/376 1303/697/376
f 1308/652/368 1309/691/368 1310/704/368 1307/705/368
f 1295/646/369 1302/645/369 1301/689/369 1296/695/369
f 1292/651/370 1298/650/370 1297/685/370 1291/706/370
f 1299/666/371 1293/665/371 1294/658/371 1300/664/371
f 1307/694/372 1306/693/372 1305/653/372 1308/652/372
f 1303/625/373 1292/624/373 1291/661/373 1304/660/373
f 1293/631/374 1310/630/374 1309/655/374 1294/658/374
f 1229/662/31 1291/706/31 1297/685/31 1279/684/31
f 1377/615/5 1380/616/5 1369/617/5
f 1374/618/5 1375/619/5 1314/620/5 1313/621/5
f 1318/622/2 1319/623/2 1328/623/2 1325/622/2
f 1374/624/5 1385/625/5 1371/626/5 1317/627/5 1320/628/5
f 1372/629/5 1392/630/5 1375/631/5 1319/623/5 1318/622/5
f 1389/632/5 1392/633/5 1372/629/5
f 1381/634/5 1384/635/5 1370/636/5
f 1311/637/1 1312/638/1 1367/639/1 1368/640/1 1365/641/1 1366/642/1
f 1316/643/31 1313/621/31 1322/621/31 1323/643/31
f 1370/644/5 1384/645/5 1377/646/5 1369/647/5 1316/643/5 1315/648/5
f 1369/649/5 1380/650/5 1374/651/5 1313/621/5 1316/643/5
f 1365/641/7 1368/640/7 1390/652/7 1387/653/7
f 1375/654/5 1374/618/5 1320/628/5 1319/623/5
f 1391/655/2 1367/656/2 1312/657/2 1376/658/2
f 1366/659/31 1386/660/31 1373/661/31 1311/662/31
f 1376/658/2 1312/657/2 1364/663/2 1382/664/2
f 1375/665/5 1381/666/5 1370/667/5 1315/648/5 1314/620/5
f 1330/668/31 1331/669/31 1340/669/31 1337/668/31
f 1333/670/4 1334/671/4 1341/671/4 1342/670/4
f 1317/627/7 1318/622/7 1325/622/7 1326/627/7
f 1314/620/2 1315/648/2 1324/648/2 1321/620/2
f 1319/623/4 1320/628/4 1327/628/4 1328/623/4
f 1313/621/7 1314/620/7 1321/620/7 1322/621/7
f 1320/628/31 1317/627/31 1326/627/31 1327/628/31
f 1315/648/4 1316/643/4 1323/643/4 1324/648/4
f 1322/621/5 1321/620/5 1330/668/5 1329/672/5
f 1321/620/5 1324/648/5 1331/669/5 1330/668/5
f 1324/648/5 1323/643/5 1332/673/5 1331/669/5
f 1323/643/5 1322/621/5 1329/672/5 1332/673/5
f 1326/627/5 1325/622/5 1334/671/5 1333/670/5
f 1325/622/5 1328/623/5 1335/674/5 1334/671/5
f 1328/623/5 1327/628/5 1336/675/5 1335/674/5
f 1327/628/5 1326/627/5 1333/670/5 1336/675/5
f 1335/674/7 1336/675/7 1343/675/7 1344/674/7
f 1329/672/4 1330/668/4 1337/668/4 1338/672/4
f 1336/675/2 1333/670/2 1342/670/2 1343/675/2
f 1331/669/7 1332/673/7 1339/673/7 1340/669/7
f 1332/673/2 1329/672/2 1338/672/2 1339/673/2
f 1334/671/31 1335/674/31 1344/674/31 1341/671/31
f 1361/684/361 1379/685/361 1378/686/361 1362/610/361
f 1382/687/362 1364/612/362 1363/688/362 1383/689/362
f 1386/660/363 1366/659/363 1365/603/363 1387/690/363
f 1367/607/364 1391/691/364 1390/652/364 1368/640/364
f 1371/692/5 1388/693/5 1389/694/5 1372/629/5 1318/622/5 1317/627/5
f 1378/695/4 1383/689/4 1363/688/4 1362/696/4
f 1385/697/5 1388/698/5 1371/699/5
f 1361/700/1 1362/701/1 1363/702/1 1364/703/1 1312/638/1 1311/637/1
f 1378/686/375 1379/685/375 1380/616/375 1377/615/375
f 1382/687/377 1383/689/377 1384/635/377 1381/634/377
f 1386/660/376 1387/690/376 1388/698/376 1385/697/376
f 1390/652/378 1391/691/378 1392/704/378 1389/705/378
f 1377/646/369 1384/645/369 1383/689/369 1378/695/369
f 1374/651/370 1380/650/370 1379/685/370 1373/706/370
f 1381/666/371 1375/665/371 1376/658/371 1382/664/371
f 1389/694/372 1388/693/372 1387/653/372 1390/652/372
f 1385/625/373 1374/624/373 1373/661/373 1386/660/373
f 1375/631/374 1392/630/374 1391/655/374 1376/658/374
f 1311/662/31 1373/706/31 1379/685/31 1361/684/31
f 1393/425/1 1394/68/1 1396/607/1 1395/707/1
f 1395/707/7 1396/607/7 1400/608/7 1399/606/7
f 1402/708/31 1403/709/31 1426/709/31 1425/710/31 1447/711/31 1446/712/31 1452/708/31
f 1397/609/4 1398/611/4 1394/612/4 1393/713/4
f 1395/603/31 1399/606/31 1397/609/31 1393/610/31
f 1400/608/2 1396/714/2 1394/715/2 1398/611/2
f 1399/606/5 1400/608/5 1402/708/5 1401/716/5
f 1400/608/5 1398/611/5 1403/709/5 1402/708/5
f 1398/611/5 1397/609/5 1404/717/5 1403/709/5
f 1397/609/5 1399/606/5 1401/716/5 1404/717/5
f 1401/716/4 1402/708/4 1452/708/4 1444/720/4 1445/721/4 1441/722/4 1442/716/4
f 1403/709/7 1404/717/7 1434/717/7 1433/723/7 1438/724/7 1427/725/7 1426/709/7
f 1404/717/2 1401/716/2 1442/716/2 1443/726/2 1449/727/2 1435/728/2 1434/717/2
f 1552/615/1 1555/616/1 1544/617/1
f 1549/618/1 1550/619/1 1489/620/1 1488/621/1
f 1493/622/2 1494/623/2 1503/623/2 1500/622/2
f 1549/624/1 1560/625/1 1546/626/1 1492/627/1 1495/628/1
f 1547/629/1 1567/630/1 1550/631/1 1494/623/1 1493/622/1
f 1564/632/1 1567/633/1 1547/629/1
f 1556/634/1 1559/635/1 1545/636/1
f 1486/637/5 1487/638/5 1542/639/5 1543/640/5 1540/641/5 1541/642/5
f 1491/643/31 1488/621/31 1497/621/31 1498/643/31
f 1545/644/1 1559/645/1 1552/646/1 1544/647/1 1491/643/1 1490/648/1
f 1544/649/1 1555/650/1 1549/651/1 1488/621/1 1491/643/1
f 1540/641/4 1543/640/4 1565/652/4 1562/653/4
f 1550/654/1 1549/618/1 1495/628/1 1494/623/1
f 1566/655/2 1542/656/2 1487/657/2 1551/658/2
f 1541/659/31 1561/660/31 1548/661/31 1486/662/31
f 1551/658/2 1487/657/2 1539/663/2 1557/664/2
f 1550/665/1 1556/666/1 1545/667/1 1490/648/1 1489/620/1
f 1505/668/31 1506/669/31 1515/669/31 1512/668/31
f 1508/670/7 1509/671/7 1516/671/7 1517/670/7
f 1492/627/4 1493/622/4 1500/622/4 1501/627/4
f 1489/620/2 1490/648/2 1499/648/2 1496/620/2
f 1494/623/7 1495/628/7 1502/628/7 1503/623/7
f 1488/621/4 1489/620/4 1496/620/4 1497/621/4
f 1495/628/31 1492/627/31 1501/627/31 1502/628/31
f 1490/648/7 1491/643/7 1498/643/7 1499/648/7
f 1497/621/1 1496/620/1 1505/668/1 1504/672/1
f 1496/620/1 1499/648/1 1506/669/1 1505/668/1
f 1499/648/1 1498/643/1 1507/673/1 1506/669/1
f 1498/643/1 1497/621/1 1504/672/1 1507/673/1
f 1501/627/1 1500/622/1 1509/671/1 1508/670/1
f 1500/622/1 1503/623/1 1510/674/1 1509/671/1
f 1503/623/1 1502/628/1 1511/675/1 1510/674/1
f 1502/628/1 1501/627/1 1508/670/1 1511/675/1
f 1510/674/4 1511/675/4 1518/675/4 1519/674/4
f 1504/672/7 1505/668/7 1512/668/7 1513/672/7
f 1511/675/2 1508/670/2 1517/670/2 1518/675/2
f 1506/669/4 1507/673/4 1514/673/4 1515/669/4
f 1507/673/2 1504/672/2 1513/672/2 1514/673/2
f 1509/671/31 1510/674/31 1519/674/31 1516/671/31
f 1536/684/363 1554/685/363 1553/686/363 1537/610/363
f 1557/687/364 1539/612/364 1538/688/364 1558/689/364
f 1561/660/361 1541/659/361 1540/603/361 1562/690/361
f 1542/607/362 1566/691/362 1565/652/362 1543/640/362
f 1546/692/1 1563/693/1 1564/694/1 1547/629/1 1493/622/1 1492/627/1
f 1553/695/7 1558/689/7 1538/688/7 1537/696/7
f 1560/697/1 1563/698/1 1546/699/1
f 1536/700/5 1537/701/5 1538/702/5 1539/703/5 1487/638/5 1486/637/5
f 1553/686/383 1554/685/383 1555/616/383 1552/615/383
f 1557/687/384 1558/689/384 1559/635/384 1556/634/384
f 1561/660/385 1562/690/385 1563/698/385 1560/697/385
f 1565/652/386 1566/691/386 1567/704/386 1564/705/386
f 1552/646/387 1559/645/387 1558/689/387 1553/695/387
f 1549/651/388 1555/650/388 1554/685/388 1548/706/388
f 1556/666/389 1550/665/389 1551/658/389 1557/664/389
f 1564/694/390 1563/693/390 1562/653/390 1565/652/390
f 1560/625/391 1549/624/391 1548/661/391 1561/660/391
f 1550/631/392 1567/630/392 1566/655/392 1551/658/392
f 1486/662/31 1548/706/31 1554/685/31 1536/684/31
f 1634/615/1 1637/616/1 1626/617/1
f 1631/618/1 1632/619/1 1571/620/1 1570/621/1
f 1575/622/2 1576/623/2 1585/623/2 1582/622/2
f 1631/624/1 1642/625/1 1628/626/1 1574/627/1 1577/628/1
f 1629/629/1 1649/630/1 1632/631/1 1576/623/1 1575/622/1
f 1646/632/1 1649/633/1 1629/629/1
f 1638/634/1 1641/635/1 1627/636/1
f 1568/637/5 1569/638/5 1624/639/5 1625/640/5 1622/641/5 1623/642/5
f 1573/643/31 1570/621/31 1579/621/31 1580/643/31
f 1627/644/1 1641/645/1 1634/646/1 1626/647/1 1573/643/1 1572/648/1
f 1626/649/1 1637/650/1 1631/651/1 1570/621/1 1573/643/1
f 1622/641/4 1625/640/4 1647/652/4 1644/653/4
f 1632/654/1 1631/618/1 1577/628/1 1576/623/1
f 1648/655/2 1624/656/2 1569/657/2 1633/658/2
f 1623/659/31 1643/660/31 1630/661/31 1568/662/31
f 1633/658/2 1569/657/2 1621/663/2 1639/664/2
f 1632/665/1 1638/666/1 1627/667/1 1572/648/1 1571/620/1
f 1587/668/31 1588/669/31 1597/669/31 1594/668/31
f 1590/670/7 1591/671/7 1598/671/7 1599/670/7
f 1574/627/4 1575/622/4 1582/622/4 1583/627/4
f 1571/620/2 1572/648/2 1581/648/2 1578/620/2
f 1576/623/7 1577/628/7 1584/628/7 1585/623/7
f 1570/621/4 1571/620/4 1578/620/4 1579/621/4
f 1577/628/31 1574/627/31 1583/627/31 1584/628/31
f 1572/648/7 1573/643/7 1580/643/7 1581/648/7
f 1579/621/1 1578/620/1 1587/668/1 1586/672/1
f 1578/620/1 1581/648/1 1588/669/1 1587/668/1
f 1581/648/1 1580/643/1 1589/673/1 1588/669/1
f 1580/643/1 1579/621/1 1586/672/1 1589/673/1
f 1583/627/1 1582/622/1 1591/671/1 1590/670/1
f 1582/622/1 1585/623/1 1592/674/1 1591/671/1
f 1585/623/1 1584/628/1 1593/675/1 1592/674/1
f 1584/628/1 1583/627/1 1590/670/1 1593/675/1
f 1592/674/4 1593/675/4 1600/675/4 1601/674/4
f 1586/672/7 1587/668/7 1594/668/7 1595/672/7
f 1593/675/2 1590/670/2 1599/670/2 1600/675/2
f 1588/669/4 1589/673/4 1596/673/4 1597/669/4
f 1589/673/2 1586/672/2 1595/672/2 1596/673/2
f 1591/671/31 1592/674/31 1601/674/31 1598/671/31
f 1618/684/363 1636/685/363 1635/686/363 1619/610/363
f 1639/687/364 1621/612/364 1620/688/364 1640/689/364
f 1643/660/361 1623/659/361 1622/603/361 1644/690/361
f 1624/607/362 1648/691/362 1647/652/362 1625/640/362
f 1628/692/1 1645/693/1 1646/694/1 1629/629/1 1575/622/1 1574/627/1
f 1635/695/7 1640/689/7 1620/688/7 1619/696/7
f 1642/697/1 1645/698/1 1628/699/1
f 1618/700/5 1619/701/5 1620/702/5 1621/703/5 1569/638/5 1568/637/5
f 1635/686/383 1636/685/383 1637/616/383 1634/615/383
f 1639/687/384 1640/689/384 1641/635/384 1638/634/384
f 1643/660/385 1644/690/385 1645/698/385 1642/697/385
f 1647/652/386 1648/691/386 1649/704/386 1646/705/386
f 1634/646/387 1641/645/387 1640/689/387 1635/695/387
f 1631/651/388 1637/650/388 1636/685/388 1630/706/388
f 1638/666/389 1632/665/389 1633/658/389 1639/664/389
f 1646/694/390 1645/693/390 1644/653/390 1647/652/390
f 1642/625/391 1631/624/391 1630/661/391 1643/660/391
f 1632/631/392 1649/630/392 1648/655/392 1633/658/392
f 1568/662/31 1630/706/31 1636/685/31 1618/684/31
f 1716/615/1 1719/616/1 1708/617/1
f 1713/618/1 1714/619/1 1653/620/1 1652/621/1
f 1657/622/2 1658/623/2 1667/623/2 1664/622/2
f 1713/624/1 1724/625/1 1710/626/1 1656/627/1 1659/628/1
f 1711/629/1 1731/630/1 1714/631/1 1658/623/1 1657/622/1
f 1728/632/1 1731/633/1 1711/629/1
f 1720/634/1 1723/635/1 1709/636/1
f 1650/637/5 1651/638/5 1706/639/5 1707/640/5 1704/641/5 1705/642/5
f 1655/643/31 1652/621/31 1661/621/31 1662/643/31
f 1709/644/1 1723/645/1 1716/646/1 1708/647/1 1655/643/1 1654/648/1
f 1708/649/1 1719/650/1 1713/651/1 1652/621/1 1655/643/1
f 1704/641/4 1707/640/4 1729/652/4 1726/653/4
f 1714/654/1 1713/618/1 1659/628/1 1658/623/1
f 1730/655/2 1706/656/2 1651/657/2 1715/658/2
f 1705/659/31 1725/660/31 1712/661/31 1650/662/31
f 1715/658/2 1651/657/2 1703/663/2 1721/664/2
f 1714/665/1 1720/666/1 1709/667/1 1654/648/1 1653/620/1
f 1669/668/31 1670/669/31 1679/669/31 1676/668/31
f 1672/670/7 1673/671/7 1680/671/7 1681/670/7
f 1656/627/4 1657/622/4 1664/622/4 1665/627/4
f 1653/620/2 1654/648/2 1663/648/2 1660/620/2
f 1658/623/7 1659/628/7 1666/628/7 1667/623/7
f 1652/621/4 1653/620/4 1660/620/4 1661/621/4
f 1659/628/31 1656/627/31 1665/627/31 1666/628/31
f 1654/648/7 1655/643/7 1662/643/7 1663/648/7
f 1661/621/1 1660/620/1 1669/668/1 1668/672/1
f 1660/620/1 1663/648/1 1670/669/1 1669/668/1
f 1663/648/1 1662/643/1 1671/673/1 1670/669/1
f 1662/643/1 1661/621/1 1668/672/1 1671/673/1
f 1665/627/1 1664/622/1 1673/671/1 1672/670/1
f 1664/622/1 1667/623/1 1674/674/1 1673/671/1
f 1667/623/1 1666/628/1 1675/675/1 1674/674/1
f 1666/628/1 1665/627/1 1672/670/1 1675/675/1
f 1674/674/4 1675/675/4 1682/675/4 1683/674/4
f 1668/672/7 1669/668/7 1676/668/7 1677/672/7
f 1675/675/2 1672/670/2 1681/670/2 1682/675/2
f 1670/669/4 1671/673/4 1678/673/4 1679/669/4
f 1671/673/2 1668/672/2 1677/672/2 1678/673/2
f 1673/671/31 1674/674/31 1683/674/31 1680/671/31
f 1700/684/363 1718/685/363 1717/686/363 1701/610/363
f 1721/687/364 1703/612/364 1702/688/364 1722/689/364
f 1725/660/361 1705/659/361 1704/603/361 1726/690/361
f 1706/607/362 1730/691/362 1729/652/362 1707/640/362
f 1710/692/1 1727/693/1 1728/694/1 1711/629/1 1657/622/1 1656/627/1
f 1717/695/7 1722/689/7 1702/688/7 1701/696/7
f 1724/697/1 1727/698/1 1710/699/1
f 1700/700/5 1701/701/5 1702/702/5 1703/703/5 1651/638/5 1650/637/5
f 1717/686/393 1718/685/393 1719/616/393 1716/615/393
f 1721/687/384 1722/689/384 1723/635/384 1720/634/384
f 1725/660/394 1726/690/394 1727/698/394 1724/697/394
f 1729/652/386 1730/691/386 1731/704/386 1728/705/386
f 1716/646/387 1723/645/387 1722/689/387 1717/695/387
f 1713/651/388 1719/650/388 1718/685/388 1712/706/388
f 1720/666/389 1714/665/389 1715/658/389 1721/664/389
f 1728/694/390 1727/693/390 1726/653/390 1729/652/390
f 1724/625/391 1713/624/391 1712/661/391 1725/660/391
f 1714/631/392 1731/630/392 1730/655/392 1715/658/392
f 1650/662/31 1712/706/31 1718/685/31 1700/684/31
f 1798/615/1 1801/616/1 1790/617/1
f 1795/618/1 1796/619/1 1735/620/1 1734/621/1
f 1739/622/2 1740/623/2 1749/623/2 1746/622/2
f 1795/624/1 1806/625/1 1792/626/1 1738/627/1 1741/628/1
f 1793/629/1 1813/630/1 1796/631/1 1740/623/1 1739/622/1
f 1810/632/1 1813/633/1 1793/629/1
f 1802/634/1 1805/635/1 1791/636/1
f 1732/637/5 1733/638/5 1788/639/5 1789/640/5 1786/641/5 1787/642/5
f 1737/643/31 1734/621/31 1743/621/31 1744/643/31
f 1791/644/1 1805/645/1 1798/646/1 1790/647/1 1737/643/1 1736/648/1
f 1790/649/1 1801/650/1 1795/651/1 1734/621/1 1737/643/1
f 1786/641/4 1789/640/4 1811/652/4 1808/653/4
f 1796/654/1 1795/618/1 1741/628/1 1740/623/1
f 1812/655/2 1788/656/2 1733/657/2 1797/658/2
f 1787/659/31 1807/660/31 1794/661/31 1732/662/31
f 1797/658/2 1733/657/2 1785/663/2 1803/664/2
f 1796/665/1 1802/666/1 1791/667/1 1736/648/1 1735/620/1
f 1751/668/31 1752/669/31 1761/669/31 1758/668/31
f 1754/670/7 1755/671/7 1762/671/7 1763/670/7
f 1738/627/4 1739/622/4 1746/622/4 1747/627/4
f 1735/620/2 1736/648/2 1745/648/2 1742/620/2
f 1740/623/7 1741/628/7 1748/628/7 1749/623/7
f 1734/621/4 1735/620/4 1742/620/4 1743/621/4
f 1741/628/31 1738/627/31 1747/627/31 1748/628/31
f 1736/648/7 1737/643/7 1744/643/7 1745/648/7
f 1743/621/1 1742/620/1 1751/668/1 1750/672/1
f 1742/620/1 1745/648/1 1752/669/1 1751/668/1
f 1745/648/1 1744/643/1 1753/673/1 1752/669/1
f 1744/643/1 1743/621/1 1750/672/1 1753/673/1
f 1747/627/1 1746/622/1 1755/671/1 1754/670/1
f 1746/622/1 1749/623/1 1756/674/1 1755/671/1
f 1749/623/1 1748/628/1 1757/675/1 1756/674/1
f 1748/628/1 1747/627/1 1754/670/1 1757/675/1
f 1756/674/4 1757/675/4 1764/675/4 1765/674/4
f 1750/672/7 1751/668/7 1758/668/7 1759/672/7
f 1757/675/2 1754/670/2 1763/670/2 1764/675/2
f 1752/669/4 1753/673/4 1760/673/4 1761/669/4
f 1753/673/2 1750/672/2 1759/672/2 1760/673/2
f 1755/671/31 1756/674/31 1765/674/31 1762/671/31
f 1782/684/363 1800/685/363 1799/686/363 1783/610/363
f 1803/687/364 1785/612/364 1784/688/364 1804/689/364
f 1807/660/361 1787/659/361 1786/603/361 1808/690/361
f 1788/607/362 1812/691/362 1811/652/362 1789/640/362
f 1792/692/1 1809/693/1 1810/694/1 1793/629/1 1739/622/1 1738/627/1
f 1799/695/7 1804/689/7 1784/688/7 1783/696/7
f 1806/697/1 1809/698/1 1792/699/1
f 1782/700/5 1783/701/5 1784/702/5 1785/703/5 1733/638/5 1732/637/5
f 1799/686/393 1800/685/393 1801/616/393 1798/615/393
f 1803/687/395 1804/689/395 1805/635/395 1802/634/395
f 1807/660/394 1808/690/394 1809/698/394 1806/697/394
f 1811/652/396 1812/691/396 1813/704/396 1810/705/396
f 1798/646/387 1805/645/387 1804/689/387 1799/695/387
f 1795/651/388 1801/650/388 1800/685/388 1794/706/388
f 1802/666/389 1796/665/389 1797/658/389 1803/664/389
f 1810/694/390 1809/693/390 1808/653/390 1811/652/390
f 1806/625/391 1795/624/391 1794/661/391 1807/660/391
f 1796/631/392 1813/630/392 1812/655/392 1797/658/392
f 1732/662/31 1794/706/31 1800/685/31 1782/684/31
f 1814/425/5 1815/68/5 1817/607/5 1816/707/5
f 1816/707/4 1817/607/4 1821/608/4 1820/606/4
f 1823/708/31 1824/709/31 1847/709/31 1846/710/31 1868/711/31 1867/712/31 1873/708/31
f 1818/609/7 1819/611/7 1815/612/7 1814/713/7
f 1816/603/31 1820/606/31 1818/609/31 1814/610/31
f 1821/608/2 1817/714/2 1815/715/2 1819/611/2
f 1820/606/1 1821/608/1 1823/708/1 1822/716/1
f 1821/608/1 1819/611/1 1824/709/1 1823/708/1
f 1819/611/1 1818/609/1 1825/717/1 1824/709/1
f 1818/609/1 1820/606/1 1822/716/1 1825/717/1
f 1822/716/7 1823/708/7 1873/708/7 1865/720/7 1866/721/7 1862/722/7 1863/716/7
f 1824/709/4 1825/717/4 1855/717/4 1854/723/4 1859/724/4 1848/725/4 1847/709/4
f 1825/717/2 1822/716/2 1863/716/2 1864/726/2 1870/727/2 1856/728/2 1855/717/2
usemtl M_Orange
f 125/91/142 119/90/142 120/255/142 126/254/142
f 123/117/143 130/248/143 129/97/143 124/96/143
f 133/50/144 117/51/144 118/103/144 134/251/144
f 150/203/145 144/223/145 143/53/145 156/52/145
f 135/110/146 140/111/146 139/100/146 136/101/146
f 152/214/147 148/213/147 147/86/147 160/85/147
f 119/90/148 159/247/148 161/246/148 120/255/148
f 141/78/149 157/77/149 151/32/149 142/31/149
f 117/51/150 155/134/150 163/102/150 118/103/150
f 145/44/151 153/43/151 149/195/151 146/220/151
f 127/279/152 132/278/152 131/285/152 128/284/152
f 162/66/153 121/67/153 122/57/153 158/65/153
f 164/116/154 123/117/154 124/96/154 154/135/154
f 125/91/155 126/254/155 127/260/155 128/258/155
f 129/97/156 130/248/156 131/264/156 132/262/156
f 133/50/157 134/251/157 135/269/157 136/266/157
f 137/58/158 138/136/158 139/196/158 140/271/158
f 121/67/159 138/136/159 137/58/159 122/57/159
f 193/295/202 194/149/202 195/150/202 196/296/202
f 189/146/203 190/293/203 191/294/203 192/145/203
f 185/147/204 186/148/204 187/143/204 188/144/204
f 181/290/205 182/289/205 183/292/205 184/291/205
usemtl M_Noir_Profond
f 11/14/1 10/23/1 18/24/1 19/25/1
f 15/8/5 14/28/5 22/29/5 23/30/5
f 9/36/4 16/5/4 24/37/4 17/38/4
f 13/39/7 12/40/7 20/41/7 21/42/7
f 11/14/17 19/25/17 20/41/17 12/40/17
f 22/29/18 14/28/18 13/39/18 21/42/18
f 24/37/19 16/5/19 15/8/19 23/30/19
f 9/68/20 17/68/20 18/24/20 10/23/20
f 374/352/268 373/353/268 469/353/268 495/354/268 470/352/268
f 391/355/269 364/356/269 460/356/269 501/357/269 487/355/269
f 394/358/270 393/359/270 446/359/270 489/360/270 448/358/270
f 397/361/271 384/362/271 480/362/271 508/363/271 451/361/271
f 372/364/272 371/365/272 467/365/272 468/364/272
f 399/366/273 368/367/273 464/367/273 442/366/273
f 387/368/274 402/369/274 452/369/274 507/370/274 483/368/274
f 370/371/275 369/372/275 465/372/275 466/371/275
f 369/372/276 396/373/276 441/373/276 465/372/276
f 379/374/277 382/375/277 478/375/277 475/374/277
f 368/367/278 367/376/278 463/376/278 464/367/278
f 367/376/279 370/371/279 466/371/279 463/376/279
f 393/359/310 394/358/310 352/133/310 350/315/310
f 395/377/255 396/373/255 345/317/255 347/316/255
f 397/361/311 398/378/311 353/319/311 355/318/311
f 399/366/257 400/379/257 348/321/257 346/320/257
f 401/380/312 402/369/312 356/323/312 354/322/312
f 359/381/258 357/382/258 404/162/258 403/182/258
f 351/383/313 349/384/313 406/129/313 405/156/313
f 407/385/259 408/386/259 360/130/259 358/131/259
f 361/387/260 362/388/260 410/119/260 409/120/260
f 363/389/261 364/356/261 412/327/261 411/326/261
f 365/390/262 366/391/262 414/157/262 413/328/262
f 367/376/263 368/367/263 416/330/263 415/329/263
f 369/372/263 370/371/263 418/332/263 417/331/263
f 371/365/264 372/364/264 420/334/264 419/333/264
f 373/353/265 374/352/265 422/337/265 421/153/265
f 375/392/265 376/393/265 424/154/265 423/128/265
f 377/394/260 378/395/260 426/339/260 425/161/260
f 379/374/266 380/396/266 428/342/266 427/341/266
f 381/397/266 382/375/266 430/344/266 429/343/266
f 383/398/267 384/362/267 432/158/267 431/159/267
f 385/399/262 386/400/262 434/139/262 433/132/262
f 387/368/267 388/401/267 436/123/267 435/124/267
f 389/402/264 390/403/264 438/348/264 437/347/264
f 391/355/261 392/404/261 440/350/261 439/349/261
f 370/371/263 367/376/263 415/329/263 418/332/263
f 396/373/263 369/372/263 417/331/263 345/317/263
f 368/367/263 399/366/263 346/320/263 416/330/263
f 364/356/261 391/355/261 439/349/261 412/327/261
f 398/378/261 363/389/261 411/326/261 353/319/261
f 392/404/261 401/380/261 354/322/261 440/350/261
f 362/388/260 407/385/260 358/131/260 410/119/260
f 378/395/260 361/387/260 409/120/260 426/339/260
f 357/382/260 377/394/260 425/161/260 404/162/260
f 376/393/265 373/353/265 421/153/265 424/154/265
f 349/384/265 375/392/265 423/128/265 406/129/265
f 374/352/265 393/359/265 350/315/265 422/337/265
f 400/379/266 381/397/266 429/343/266 348/321/266
f 380/396/266 395/377/266 347/316/266 428/342/266
f 382/375/266 379/374/266 427/341/266 430/344/266
f 402/369/267 387/368/267 435/124/267 356/323/267
f 384/362/267 397/361/267 355/318/267 432/158/267
f 388/401/267 383/398/267 431/159/267 436/123/267
f 390/403/264 371/365/264 419/333/264 438/348/264
f 372/364/264 359/381/264 403/182/264 420/334/264
f 408/386/264 389/402/264 437/347/264 360/130/264
f 386/400/262 365/390/262 413/328/262 434/139/262
f 366/391/262 351/383/262 405/156/262 414/157/262
f 394/358/262 385/399/262 433/132/262 352/133/262
f 383/398/318 388/401/318 484/401/318 509/417/318 479/398/318
f 396/373/319 395/377/319 443/377/319 441/373/319
f 363/389/320 398/378/320 449/378/320 502/423/320 459/389/320
f 376/393/321 375/392/321 471/392/321 496/413/321 472/393/321
f 371/365/322 390/403/322 486/403/322 467/365/322
f 398/378/270 397/361/270 451/361/270 490/415/270 449/378/270
f 401/380/323 392/404/323 488/404/323 503/420/323 450/380/323
f 378/395/324 377/394/324 473/394/324 474/395/324
f 359/381/325 372/364/325 468/364/325 455/381/325
f 400/379/326 399/366/326 442/366/326 444/379/326
f 407/385/327 362/388/327 458/388/327 454/385/327
f 380/396/328 379/374/328 475/374/328 476/396/328
f 389/402/329 408/386/329 456/386/329 485/402/329
f 402/369/330 401/380/330 450/380/330 491/419/330 452/369/330
f 361/387/331 378/395/331 474/395/331 457/387/331
f 382/375/332 381/397/332 477/397/332 478/375/332
f 365/390/333 386/400/333 482/400/333 510/408/333 461/390/333
f 357/382/326 359/381/326 455/381/326 453/382/326
f 377/394/334 357/382/334 453/382/334 473/394/334
f 384/362/335 383/398/335 479/398/335 497/416/335 480/362/335
f 351/383/336 366/391/336 462/391/336 511/406/336 447/383/336
f 349/384/330 351/383/330 447/383/330 492/405/330 445/384/330
f 373/353/337 376/393/337 472/393/337 504/412/337 469/353/337
f 386/400/338 385/399/338 481/399/338 498/409/338 482/400/338
f 385/399/339 394/358/339 448/358/339 512/410/339 481/399/339
f 408/386/319 407/385/319 454/385/319 456/386/319
f 375/392/340 349/384/340 445/384/340 505/414/340 471/392/340
f 388/401/341 387/368/341 483/368/341 499/418/341 484/401/341
f 362/388/342 361/387/342 457/387/342 458/388/342
f 393/359/343 374/352/343 470/352/343 506/411/343 446/359/343
f 390/403/344 389/402/344 485/402/344 486/403/344
f 364/356/345 363/389/345 459/389/345 493/422/345 460/356/345
f 381/397/325 400/379/325 444/379/325 477/397/325
f 392/404/346 391/355/346 487/355/346 500/421/346 488/404/346
f 366/391/347 365/390/347 461/390/347 494/407/347 462/391/347
f 395/377/329 380/396/329 476/396/329 443/377/329
f 734/564/31 735/565/31 772/565/31 770/564/31
f 716/566/2 713/567/2 749/567/2 751/566/2
f 736/568/2 733/569/2 769/569/2 771/568/2
f 707/570/5 708/571/5 743/571/5 744/570/5
f 727/572/5 728/573/5 763/573/5 764/572/5
f 713/567/1 714/574/1 750/574/1 749/567/1
f 733/569/1 734/564/1 770/564/1 769/569/1
f 706/575/31 707/570/31 744/570/31 742/575/31
f 726/576/31 727/572/31 764/572/31 762/576/31
f 669/543/4 670/542/4 706/575/4 705/577/4
f 670/542/4 672/544/4 707/570/4 706/575/4
f 672/544/4 671/545/4 708/571/4 707/570/4
f 671/545/4 669/543/4 705/577/4 708/571/4
f 673/547/4 674/546/4 710/578/4 709/579/4
f 674/546/4 676/538/4 711/580/4 710/578/4
f 676/538/4 675/539/4 712/581/4 711/580/4
f 675/539/4 673/547/4 709/579/4 712/581/4
f 677/549/4 678/548/4 714/574/4 713/567/4
f 678/548/4 680/550/4 715/582/4 714/574/4
f 680/550/4 679/551/4 716/566/4 715/582/4
f 679/551/4 677/549/4 713/567/4 716/566/4
f 681/535/4 682/530/4 718/583/4 717/584/4
f 682/530/4 684/531/4 719/585/4 718/583/4
f 684/531/4 683/534/4 720/586/4 719/585/4
f 683/534/4 681/535/4 717/584/4 720/586/4
f 685/553/4 686/552/4 722/587/4 721/588/4
f 686/552/4 688/554/4 723/589/4 722/587/4
f 688/554/4 687/555/4 724/590/4 723/589/4
f 687/555/4 685/553/4 721/588/4 724/590/4
f 689/528/4 690/529/4 726/576/4 725/591/4
f 690/529/4 692/556/4 727/572/4 726/576/4
f 692/556/4 691/557/4 728/573/4 727/572/4
f 691/557/4 689/528/4 725/591/4 728/573/4
f 693/559/4 694/558/4 730/592/4 729/593/4
f 694/558/4 696/540/4 731/594/4 730/592/4
f 696/540/4 695/541/4 732/595/4 731/594/4
f 695/541/4 693/559/4 729/593/4 732/595/4
f 697/561/4 698/560/4 734/564/4 733/569/4
f 698/560/4 700/562/4 735/565/4 734/564/4
f 700/562/4 699/563/4 736/568/4 735/565/4
f 699/563/4 697/561/4 733/569/4 736/568/4
f 701/537/4 702/532/4 738/596/4 737/597/4
f 702/532/4 704/533/4 739/598/4 738/596/4
f 704/533/4 703/536/4 740/599/4 739/598/4
f 703/536/4 701/537/4 737/597/4 740/599/4
f 714/574/31 715/582/31 752/582/31 750/574/31
f 721/588/1 722/587/1 758/587/1 757/588/1
f 735/565/5 736/568/5 771/568/5 772/565/5
f 715/582/5 716/566/5 751/566/5 752/582/5
f 724/590/2 721/588/2 757/588/2 759/590/2
f 722/587/31 723/589/31 760/589/31 758/587/31
f 729/593/1 730/592/1 766/592/1 765/593/1
f 709/579/1 710/578/1 746/578/1 745/579/1
f 723/589/5 724/590/5 759/590/5 760/589/5
f 732/595/2 729/593/2 765/593/2 767/595/2
f 712/581/2 709/579/2 745/579/2 747/581/2
f 730/592/31 731/594/31 768/594/31 766/592/31
f 710/578/31 711/580/31 748/580/31 746/578/31
f 737/597/1 738/596/1 774/596/1 773/597/1
f 717/584/1 718/583/1 754/583/1 753/584/1
f 731/594/5 732/595/5 767/595/5 768/594/5
f 711/580/5 712/581/5 747/581/5 748/580/5
f 740/599/2 737/597/2 773/597/2 775/599/2
f 720/586/2 717/584/2 753/584/2 755/586/2
f 738/596/31 739/598/31 776/598/31 774/596/31
f 718/583/31 719/585/31 756/585/31 754/583/31
f 725/591/1 726/576/1 762/576/1 761/591/1
f 739/598/5 740/599/5 775/599/5 776/598/5
f 705/577/1 706/575/1 742/575/1 741/577/1
f 719/585/5 720/586/5 755/586/5 756/585/5
f 728/573/2 725/591/2 761/591/2 763/573/2
f 708/571/2 705/577/2 741/577/2 743/571/2
f 1002/564/31 1003/565/31 1040/565/31 1038/564/31
f 984/566/2 981/567/2 1017/567/2 1019/566/2
f 1004/568/2 1001/569/2 1037/569/2 1039/568/2
f 975/570/1 976/571/1 1011/571/1 1012/570/1
f 995/572/1 996/573/1 1031/573/1 1032/572/1
f 981/567/5 982/574/5 1018/574/5 1017/567/5
f 1001/569/5 1002/564/5 1038/564/5 1037/569/5
f 974/575/31 975/570/31 1012/570/31 1010/575/31
f 994/576/31 995/572/31 1032/572/31 1030/576/31
f 937/543/7 938/542/7 974/575/7 973/577/7
f 938/542/7 940/544/7 975/570/7 974/575/7
f 940/544/7 939/545/7 976/571/7 975/570/7
f 939/545/7 937/543/7 973/577/7 976/571/7
f 941/547/7 942/546/7 978/578/7 977/579/7
f 942/546/7 944/538/7 979/580/7 978/578/7
f 944/538/7 943/539/7 980/581/7 979/580/7
f 943/539/7 941/547/7 977/579/7 980/581/7
f 945/549/7 946/548/7 982/574/7 981/567/7
f 946/548/7 948/550/7 983/582/7 982/574/7
f 948/550/7 947/551/7 984/566/7 983/582/7
f 947/551/7 945/549/7 981/567/7 984/566/7
f 949/535/7 950/530/7 986/583/7 985/584/7
f 950/530/7 952/531/7 987/585/7 986/583/7
f 952/531/7 951/534/7 988/586/7 987/585/7
f 951/534/7 949/535/7 985/584/7 988/586/7
f 953/553/7 954/552/7 990/587/7 989/588/7
f 954/552/7 956/554/7 991/589/7 990/587/7
f 956/554/7 955/555/7 992/590/7 991/589/7
f 955/555/7 953/553/7 989/588/7 992/590/7
f 957/528/7 958/529/7 994/576/7 993/591/7
f 958/529/7 960/556/7 995/572/7 994/576/7
f 960/556/7 959/557/7 996/573/7 995/572/7
f 959/557/7 957/528/7 993/591/7 996/573/7
f 961/559/7 962/558/7 998/592/7 997/593/7
f 962/558/7 964/540/7 999/594/7 998/592/7
f 964/540/7 963/541/7 1000/595/7 999/594/7
f 963/541/7 961/559/7 997/593/7 1000/595/7
f 965/561/7 966/560/7 1002/564/7 1001/569/7
f 966/560/7 968/562/7 1003/565/7 1002/564/7
f 968/562/7 967/563/7 1004/568/7 1003/565/7
f 967/563/7 965/561/7 1001/569/7 1004/568/7
f 969/537/7 970/532/7 1006/596/7 1005/597/7
f 970/532/7 972/533/7 1007/598/7 1006/596/7
f 972/533/7 971/536/7 1008/599/7 1007/598/7
f 971/536/7 969/537/7 1005/597/7 1008/599/7
f 982/574/31 983/582/31 1020/582/31 1018/574/31
f 989/588/5 990/587/5 1026/587/5 1025/588/5
f 1003/565/1 1004/568/1 1039/568/1 1040/565/1
f 983/582/1 984/566/1 1019/566/1 1020/582/1
f 992/590/2 989/588/2 1025/588/2 1027/590/2
f 990/587/31 991/589/31 1028/589/31 1026/587/31
f 997/593/5 998/592/5 1034/592/5 1033/593/5
f 977/579/5 978/578/5 1014/578/5 1013/579/5
f 991/589/1 992/590/1 1027/590/1 1028/589/1
f 1000/595/2 997/593/2 1033/593/2 1035/595/2
f 980/581/2 977/579/2 1013/579/2 1015/581/2
f 998/592/31 999/594/31 1036/594/31 1034/592/31
f 978/578/31 979/580/31 1016/580/31 1014/578/31
f 1005/597/5 1006/596/5 1042/596/5 1041/597/5
f 985/584/5 986/583/5 1022/583/5 1021/584/5
f 999/594/1 1000/595/1 1035/595/1 1036/594/1
f 979/580/1 980/581/1 1015/581/1 1016/580/1
f 1008/599/2 1005/597/2 1041/597/2 1043/599/2
f 988/586/2 985/584/2 1021/584/2 1023/586/2
f 1006/596/31 1007/598/31 1044/598/31 1042/596/31
f 986/583/31 987/585/31 1024/585/31 1022/583/31
f 993/591/5 994/576/5 1030/576/5 1029/591/5
f 1007/598/1 1008/599/1 1043/599/1 1044/598/1
f 973/577/5 974/575/5 1010/575/5 1009/577/5
f 987/585/1 988/586/1 1023/586/1 1024/585/1
f 996/573/2 993/591/2 1029/591/2 1031/573/2
f 976/571/2 973/577/2 1009/577/2 1011/571/2
f 1105/676/7 1106/677/7 1113/677/7 1114/676/7
f 1100/678/31 1101/679/31 1110/679/31 1107/678/31
f 1092/672/5 1091/668/5 1100/678/5 1099/680/5
f 1091/668/5 1094/669/5 1101/679/5 1100/678/5
f 1094/669/5 1093/673/5 1102/681/5 1101/679/5
f 1093/673/5 1092/672/5 1099/680/5 1102/681/5
f 1096/670/5 1095/671/5 1104/682/5 1103/683/5
f 1095/671/5 1098/674/5 1105/676/5 1104/682/5
f 1098/674/5 1097/675/5 1106/677/5 1105/676/5
f 1097/675/5 1096/670/5 1103/683/5 1106/677/5
f 1099/680/4 1100/678/4 1107/678/4 1108/680/4
f 1106/677/2 1103/683/2 1112/683/2 1113/677/2
f 1101/679/7 1102/681/7 1109/681/7 1110/679/7
f 1102/681/2 1099/680/2 1108/680/2 1109/681/2
f 1104/682/31 1105/676/31 1114/676/31 1111/682/31
f 1103/683/4 1104/682/4 1111/682/4 1112/683/4
f 1187/676/7 1188/677/7 1195/677/7 1196/676/7
f 1182/678/31 1183/679/31 1192/679/31 1189/678/31
f 1174/672/5 1173/668/5 1182/678/5 1181/680/5
f 1173/668/5 1176/669/5 1183/679/5 1182/678/5
f 1176/669/5 1175/673/5 1184/681/5 1183/679/5
f 1175/673/5 1174/672/5 1181/680/5 1184/681/5
f 1178/670/5 1177/671/5 1186/682/5 1185/683/5
f 1177/671/5 1180/674/5 1187/676/5 1186/682/5
f 1180/674/5 1179/675/5 1188/677/5 1187/676/5
f 1179/675/5 1178/670/5 1185/683/5 1188/677/5
f 1181/680/4 1182/678/4 1189/678/4 1190/680/4
f 1188/677/2 1185/683/2 1194/683/2 1195/677/2
f 1183/679/7 1184/681/7 1191/681/7 1192/679/7
f 1184/681/2 1181/680/2 1190/680/2 1191/681/2
f 1186/682/31 1187/676/31 1196/676/31 1193/682/31
f 1185/683/4 1186/682/4 1193/682/4 1194/683/4
f 1269/676/7 1270/677/7 1277/677/7 1278/676/7
f 1264/678/31 1265/679/31 1274/679/31 1271/678/31
f 1256/672/5 1255/668/5 1264/678/5 1263/680/5
f 1255/668/5 1258/669/5 1265/679/5 1264/678/5
f 1258/669/5 1257/673/5 1266/681/5 1265/679/5
f 1257/673/5 1256/672/5 1263/680/5 1266/681/5
f 1260/670/5 1259/671/5 1268/682/5 1267/683/5
f 1259/671/5 1262/674/5 1269/676/5 1268/682/5
f 1262/674/5 1261/675/5 1270/677/5 1269/676/5
f 1261/675/5 1260/670/5 1267/683/5 1270/677/5
f 1263/680/4 1264/678/4 1271/678/4 1272/680/4
f 1270/677/2 1267/683/2 1276/683/2 1277/677/2
f 1265/679/7 1266/681/7 1273/681/7 1274/679/7
f 1266/681/2 1263/680/2 1272/680/2 1273/681/2
f 1268/682/31 1269/676/31 1278/676/31 1275/682/31
f 1267/683/4 1268/682/4 1275/682/4 1276/683/4
f 1351/676/7 1352/677/7 1359/677/7 1360/676/7
f 1346/678/31 1347/679/31 1356/679/31 1353/678/31
f 1338/672/5 1337/668/5 1346/678/5 1345/680/5
f 1337/668/5 1340/669/5 1347/679/5 1346/678/5
f 1340/669/5 1339/673/5 1348/681/5 1347/679/5
f 1339/673/5 1338/672/5 1345/680/5 1348/681/5
f 1342/670/5 1341/671/5 1350/682/5 1349/683/5
f 1341/671/5 1344/674/5 1351/676/5 1350/682/5
f 1344/674/5 1343/675/5 1352/677/5 1351/676/5
f 1343/675/5 1342/670/5 1349/683/5 1352/677/5
f 1345/680/4 1346/678/4 1353/678/4 1354/680/4
f 1352/677/2 1349/683/2 1358/683/2 1359/677/2
f 1347/679/7 1348/681/7 1355/681/7 1356/679/7
f 1348/681/2 1345/680/2 1354/680/2 1355/681/2
f 1350/682/31 1351/676/31 1360/676/31 1357/682/31
f 1349/683/4 1350/682/4 1357/682/4 1358/683/4
f 1432/718/7 1430/719/7 1457/719/7 1483/718/7
f 1417/729/7 1407/730/7 1478/730/7 1465/729/7
f 1412/731/2 1422/732/2 1472/732/2 1475/731/2
f 1451/733/7 1439/734/7 1461/734/7 1454/733/7
f 1421/735/7 1412/731/7 1475/731/7 1470/735/7
f 1405/736/31 1420/737/31 1459/737/31 1485/736/31
f 1416/738/31 1408/739/31 1474/739/31 1473/738/31
f 1418/740/4 1405/736/4 1485/736/4 1458/740/4
f 1436/741/2 1415/742/2 1463/742/2 1484/741/2
f 1414/743/4 1409/744/4 1455/744/4 1462/743/4
f 1430/719/7 1451/733/7 1454/733/7 1457/719/7
f 1423/745/4 1431/746/4 1481/746/4 1466/745/4
f 1439/734/7 1436/741/7 1484/741/7 1461/734/7
f 1431/746/31 1429/747/31 1468/747/31 1481/746/31
f 1420/737/31 1432/718/31 1483/718/31 1459/737/31
f 1407/730/2 1419/748/2 1467/748/2 1478/730/2
f 1408/739/5 1416/738/5 1425/710/5 1426/709/5
f 1412/731/5 1421/735/5 1427/725/5 1438/724/5
f 1422/732/5 1412/731/5 1438/724/5 1437/749/5
f 1424/750/5 1413/751/5 1440/752/5 1450/753/5
f 1416/738/5 1411/754/5 1447/711/5 1425/710/5
f 1421/735/5 1408/739/5 1426/709/5 1427/725/5
f 1413/751/5 1422/732/5 1437/749/5 1440/752/5
f 1411/754/5 1424/750/5 1450/753/5 1447/711/5
f 1407/730/5 1417/729/5 1433/723/5 1434/717/5
f 1410/755/5 1419/748/5 1435/728/5 1449/727/5
f 1428/756/5 1429/747/5 1437/749/5 1438/724/5
f 1423/745/5 1410/755/5 1449/727/5 1448/757/5
f 1417/729/5 1428/756/5 1438/724/5 1433/723/5
f 1419/748/5 1407/730/5 1434/717/5 1435/728/5
f 1429/747/5 1431/746/5 1440/752/5 1437/749/5
f 1431/746/5 1423/745/5 1448/757/5 1440/752/5
f 1414/743/379 1406/758/379 1442/716/379 1441/722/379
f 1406/758/380 1415/742/380 1443/726/380 1442/716/380
f 1418/740/379 1409/744/379 1445/721/379 1444/720/379
f 1432/718/381 1420/737/381 1446/712/381 1447/711/381
f 1436/741/382 1439/734/382 1448/757/382 1449/727/382
f 1451/733/382 1430/719/382 1450/753/382 1440/752/382
f 1409/744/379 1414/743/379 1441/722/379 1445/721/379
f 1415/742/380 1436/741/380 1449/727/380 1443/726/380
f 1405/736/379 1418/740/379 1444/720/379 1452/708/379
f 1420/737/381 1405/736/381 1452/708/381 1446/712/381
f 1439/734/382 1451/733/382 1440/752/382 1448/757/382
f 1430/719/382 1432/718/382 1447/711/382 1450/753/382
f 1413/751/4 1424/750/4 1471/750/4 1476/751/4
f 1419/748/2 1410/755/2 1479/755/2 1467/748/2
f 1411/754/31 1416/738/31 1473/738/31 1477/754/31
f 1429/747/31 1428/756/31 1480/756/31 1468/747/31
f 1408/739/7 1421/735/7 1470/735/7 1474/739/7
f 1406/758/4 1414/743/4 1462/743/4 1482/758/4
f 1410/755/4 1423/745/4 1466/745/4 1479/755/4
f 1422/732/2 1413/751/2 1476/751/2 1472/732/2
f 1415/742/2 1406/758/2 1482/758/2 1463/742/2
f 1428/756/7 1417/729/7 1465/729/7 1480/756/7
f 1424/750/4 1411/754/4 1477/754/4 1471/750/4
f 1409/744/4 1418/740/4 1458/740/4 1455/744/4
f 1526/676/4 1527/677/4 1534/677/4 1535/676/4
f 1521/678/31 1522/679/31 1531/679/31 1528/678/31
f 1513/672/1 1512/668/1 1521/678/1 1520/680/1
f 1512/668/1 1515/669/1 1522/679/1 1521/678/1
f 1515/669/1 1514/673/1 1523/681/1 1522/679/1
f 1514/673/1 1513/672/1 1520/680/1 1523/681/1
f 1517/670/1 1516/671/1 1525/682/1 1524/683/1
f 1516/671/1 1519/674/1 1526/676/1 1525/682/1
f 1519/674/1 1518/675/1 1527/677/1 1526/676/1
f 1518/675/1 1517/670/1 1524/683/1 1527/677/1
f 1520/680/7 1521/678/7 1528/678/7 1529/680/7
f 1527/677/2 1524/683/2 1533/683/2 1534/677/2
f 1522/679/4 1523/681/4 1530/681/4 1531/679/4
f 1523/681/2 1520/680/2 1529/680/2 1530/681/2
f 1525/682/31 1526/676/31 1535/676/31 1532/682/31
f 1524/683/7 1525/682/7 1532/682/7 1533/683/7
f 1608/676/4 1609/677/4 1616/677/4 1617/676/4
f 1603/678/31 1604/679/31 1613/679/31 1610/678/31
f 1595/672/1 1594/668/1 1603/678/1 1602/680/1
f 1594/668/1 1597/669/1 1604/679/1 1603/678/1
f 1597/669/1 1596/673/1 1605/681/1 1604/679/1
f 1596/673/1 1595/672/1 1602/680/1 1605/681/1
f 1599/670/1 1598/671/1 1607/682/1 1606/683/1
f 1598/671/1 1601/674/1 1608/676/1 1607/682/1
f 1601/674/1 1600/675/1 1609/677/1 1608/676/1
f 1600/675/1 1599/670/1 1606/683/1 1609/677/1
f 1602/680/7 1603/678/7 1610/678/7 1611/680/7
f 1609/677/2 1606/683/2 1615/683/2 1616/677/2
f 1604/679/4 1605/681/4 1612/681/4 1613/679/4
f 1605/681/2 1602/680/2 1611/680/2 1612/681/2
f 1607/682/31 1608/676/31 1617/676/31 1614/682/31
f 1606/683/7 1607/682/7 1614/682/7 1615/683/7
f 1690/676/4 1691/677/4 1698/677/4 1699/676/4
f 1685/678/31 1686/679/31 1695/679/31 1692/678/31
f 1677/672/1 1676/668/1 1685/678/1 1684/680/1
f 1676/668/1 1679/669/1 1686/679/1 1685/678/1
f 1679/669/1 1678/673/1 1687/681/1 1686/679/1
f 1678/673/1 1677/672/1 1684/680/1 1687/681/1
f 1681/670/1 1680/671/1 1689/682/1 1688/683/1
f 1680/671/1 1683/674/1 1690/676/1 1689/682/1
f 1683/674/1 1682/675/1 1691/677/1 1690/676/1
f 1682/675/1 1681/670/1 1688/683/1 1691/677/1
f 1684/680/7 1685/678/7 1692/678/7 1693/680/7
f 1691/677/2 1688/683/2 1697/683/2 1698/677/2
f 1686/679/4 1687/681/4 1694/681/4 1695/679/4
f 1687/681/2 1684/680/2 1693/680/2 1694/681/2
f 1689/682/31 1690/676/31 1699/676/31 1696/682/31
f 1688/683/7 1689/682/7 1696/682/7 1697/683/7
f 1772/676/4 1773/677/4 1780/677/4 1781/676/4
f 1767/678/31 1768/679/31 1777/679/31 1774/678/31
f 1759/672/1 1758/668/1 1767/678/1 1766/680/1
f 1758/668/1 1761/669/1 1768/679/1 1767/678/1
f 1761/669/1 1760/673/1 1769/681/1 1768/679/1
f 1760/673/1 1759/672/1 1766/680/1 1769/681/1
f 1763/670/1 1762/671/1 1771/682/1 1770/683/1
f 1762/671/1 1765/674/1 1772/676/1 1771/682/1
f 1765/674/1 1764/675/1 1773/677/1 1772/676/1
f 1764/675/1 1763/670/1 1770/683/1 1773/677/1
f 1766/680/7 1767/678/7 1774/678/7 1775/680/7
f 1773/677/2 1770/683/2 1779/683/2 1780/677/2
f 1768/679/4 1769/681/4 1776/681/4 1777/679/4
f 1769/681/2 1766/680/2 1775/680/2 1776/681/2
f 1771/682/31 1772/676/31 1781/676/31 1778/682/31
f 1770/683/7 1771/682/7 1778/682/7 1779/683/7
f 1853/718/4 1851/719/4 1878/719/4 1904/718/4
f 1838/729/4 1828/730/4 1899/730/4 1886/729/4
f 1833/731/2 1843/732/2 1893/732/2 1896/731/2
f 1872/733/4 1860/734/4 1882/734/4 1875/733/4
f 1842/735/4 1833/731/4 1896/731/4 1891/735/4
f 1826/736/31 1841/737/31 1880/737/31 1906/736/31
f 1837/738/31 1829/739/31 1895/739/31 1894/738/31
f 1839/740/7 1826/736/7 1906/736/7 1879/740/7
f 1857/741/2 1836/742/2 1884/742/2 1905/741/2
f 1835/743/7 1830/744/7 1876/744/7 1883/743/7
f 1851/719/4 1872/733/4 1875/733/4 1878/719/4
f 1844/745/7 1852/746/7 1902/746/7 1887/745/7
f 1860/734/4 1857/741/4 1905/741/4 1882/734/4
f 1852/746/31 1850/747/31 1889/747/31 1902/746/31
f 1841/737/31 1853/718/31 1904/718/31 1880/737/31
f 1828/730/2 1840/748/2 1888/748/2 1899/730/2
f 1829/739/1 1837/738/1 1846/710/1 1847/709/1
f 1833/731/1 1842/735/1 1848/725/1 1859/724/1
f 1843/732/1 1833/731/1 1859/724/1 1858/749/1
f 1845/750/1 1834/751/1 1861/752/1 1871/753/1
f 1837/738/1 1832/754/1 1868/711/1 1846/710/1
f 1842/735/1 1829/739/1 1847/709/1 1848/725/1
f 1834/751/1 1843/732/1 1858/749/1 1861/752/1
f 1832/754/1 1845/750/1 1871/753/1 1868/711/1
f 1828/730/1 1838/729/1 1854/723/1 1855/717/1
f 1831/755/1 1840/748/1 1856/728/1 1870/727/1
f 1849/756/1 1850/747/1 1858/749/1 1859/724/1
f 1844/745/1 1831/755/1 1870/727/1 1869/757/1
f 1838/729/1 1849/756/1 1859/724/1 1854/723/1
f 1840/748/1 1828/730/1 1855/717/1 1856/728/1
f 1850/747/1 1852/746/1 1861/752/1 1858/749/1
f 1852/746/1 1844/745/1 1869/757/1 1861/752/1
f 1835/743/397 1827/758/397 1863/716/397 1862/722/397
f 1827/758/398 1836/742/398 1864/726/398 1863/716/398
f 1839/740/397 1830/744/397 1866/721/397 1865/720/397
f 1853/718/399 1841/737/399 1867/712/399 1868/711/399
f 1857/741/400 1860/734/400 1869/757/400 1870/727/400
f 1872/733/400 1851/719/400 1871/753/400 1861/752/400
f 1830/744/397 1835/743/397 1862/722/397 1866/721/397
f 1836/742/398 1857/741/398 1870/727/398 1864/726/398
f 1826/736/397 1839/740/397 1865/720/397 1873/708/397
f 1841/737/399 1826/736/399 1873/708/399 1867/712/399
f 1860/734/400 1872/733/400 1861/752/400 1869/757/400
f 1851/719/400 1853/718/400 1868/711/400 1871/753/400
f 1834/751/7 1845/750/7 1892/750/7 1897/751/7
f 1840/748/2 1831/755/2 1900/755/2 1888/748/2
f 1832/754/31 1837/738/31 1894/738/31 1898/754/31
f 1850/747/31 1849/756/31 1901/756/31 1889/747/31
f 1829/739/4 1842/735/4 1891/735/4 1895/739/4
f 1827/758/7 1835/743/7 1883/743/7 1903/758/7
f 1831/755/7 1844/745/7 1887/745/7 1900/755/7
f 1843/732/2 1834/751/2 1897/751/2 1893/732/2
f 1836/742/2 1827/758/2 1903/758/2 1884/742/2
f 1849/756/4 1838/729/4 1886/729/4 1901/756/4
f 1845/750/7 1832/754/7 1898/754/7 1892/750/7
f 1830/744/7 1839/740/7 1879/740/7 1876/744/7
usemtl M_Noir_Clair
f 445/384/314 492/405/314 447/383/314 511/406/314 462/391/314 494/407/314 461/390/314 510/408/314 482/400/314 498/409/314 481/399/314 512/410/314 448/358/314 489/360/314 446/359/314 506/411/314 470/352/314 495/354/314 469/353/314 504/412/314 472/393/314 496/413/314 471/392/314 505/414/314
f 449/378/315 490/415/315 451/361/315 508/363/315 480/362/315 497/416/315 479/398/315 509/417/315 484/401/315 499/418/315 483/368/315 507/370/315 452/369/315 491/419/315 450/380/315 503/420/315 488/404/315 500/421/315 487/355/315 501/357/315 460/356/315 493/422/315 459/389/315 502/423/315
f 441/373/316 443/377/316 476/396/316 475/374/316 478/375/316 477/397/316 444/379/316 442/366/316 464/367/316 463/376/316 466/371/316 465/372/316
f 453/382/317 455/381/317 468/364/317 467/365/317 486/403/317 485/402/317 456/386/317 454/385/317 458/388/317 457/387/317 474/395/317 473/394/317
usemtl M_Cyan
f 741/577/4 742/575/4 744/570/4 743/571/4
f 745/579/4 746/578/4 748/580/4 747/581/4
f 749/567/4 750/574/4 752/582/4 751/566/4
f 753/584/4 754/583/4 756/585/4 755/586/4
f 757/588/4 758/587/4 760/589/4 759/590/4
f 761/591/4 762/576/4 764/572/4 763/573/4
f 765/593/4 766/592/4 768/594/4 767/595/4
f 769/569/4 770/564/4 772/565/4 771/568/4
f 773/597/4 774/596/4 776/598/4 775/599/4
f 1009/577/7 1010/575/7 1012/570/7 1011/571/7
f 1013/579/7 1014/578/7 1016/580/7 1015/581/7
f 1017/567/7 1018/574/7 1020/582/7 1019/566/7
f 1021/584/7 1022/583/7 1024/585/7 1023/586/7
f 1025/588/7 1026/587/7 1028/589/7 1027/590/7
f 1029/591/7 1030/576/7 1032/572/7 1031/573/7
f 1033/593/7 1034/592/7 1036/594/7 1035/595/7
f 1037/569/7 1038/564/7 1040/565/7 1039/568/7
f 1041/597/7 1042/596/7 1044/598/7 1043/599/7
f 1108/680/5 1107/678/5 1110/679/5 1109/681/5
f 1112/683/5 1111/682/5 1114/676/5 1113/677/5
f 1190/680/5 1189/678/5 1192/679/5 1191/681/5
f 1194/683/5 1193/682/5 1196/676/5 1195/677/5
f 1272/680/5 1271/678/5 1274/679/5 1273/681/5
f 1276/683/5 1275/682/5 1278/676/5 1277/677/5
f 1354/680/5 1353/678/5 1356/679/5 1355/681/5
f 1358/683/5 1357/682/5 1360/676/5 1359/677/5
f 1469/759/5 1473/738/5 1474/739/5 1470/735/5
f 1464/760/5 1468/747/5 1480/756/5 1465/729/5
f 1460/761/5 1453/762/5 1454/733/5 1461/734/5
f 1456/763/5 1459/737/5 1483/718/5 1457/719/5
f 1453/762/5 1456/763/5 1457/719/5 1454/733/5
f 1455/744/5 1458/740/5 1456/763/5 1453/762/5
f 1458/740/5 1485/736/5 1459/737/5 1456/763/5
f 1463/742/5 1460/761/5 1461/734/5 1484/741/5
f 1482/758/5 1462/743/5 1460/761/5 1463/742/5
f 1462/743/5 1455/744/5 1453/762/5 1460/761/5
f 1467/748/5 1464/760/5 1465/729/5 1478/730/5
f 1479/755/5 1466/745/5 1464/760/5 1467/748/5
f 1466/745/5 1481/746/5 1468/747/5 1464/760/5
f 1472/732/5 1469/759/5 1470/735/5 1475/731/5
f 1476/751/5 1471/750/5 1469/759/5 1472/732/5
f 1471/750/5 1477/754/5 1473/738/5 1469/759/5
f 1529/680/1 1528/678/1 1531/679/1 1530/681/1
f 1533/683/1 1532/682/1 1535/676/1 1534/677/1
f 1611/680/1 1610/678/1 1613/679/1 1612/681/1
f 1615/683/1 1614/682/1 1617/676/1 1616/677/1
f 1693/680/1 1692/678/1 1695/679/1 1694/681/1
f 1697/683/1 1696/682/1 1699/676/1 1698/677/1
f 1775/680/1 1774/678/1 1777/679/1 1776/681/1
f 1779/683/1 1778/682/1 1781/676/1 1780/677/1
f 1890/759/1 1894/738/1 1895/739/1 1891/735/1
f 1885/760/1 1889/747/1 1901/756/1 1886/729/1
f 1881/761/1 1874/762/1 1875/733/1 1882/734/1
f 1877/763/1 1880/737/1 1904/718/1 1878/719/1
f 1874/762/1 1877/763/1 1878/719/1 1875/733/1
f 1876/744/1 1879/740/1 1877/763/1 1874/762/1
f 1879/740/1 1906/736/1 1880/737/1 1877/763/1
f 1884/742/1 1881/761/1 1882/734/1 1905/741/1
f 1903/758/1 1883/743/1 1881/761/1 1884/742/1
f 1883/743/1 1876/744/1 1874/762/1 1881/761/1
f 1888/748/1 1885/760/1 1886/729/1 1899/730/1
f 1900/755/1 1887/745/1 1885/760/1 1888/748/1
f 1887/745/1 1902/746/1 1889/747/1 1885/760/1
f 1893/732/1 1890/759/1 1891/735/1 1896/731/1
f 1897/751/1 1892/750/1 1890/759/1 1893/732/1
f 1892/750/1 1898/754/1 1894/738/1 1890/759/1
