# Blender 4.2.3 LTS
# www.blender.org
mtllib SM_Data_Workstation.mtl
o SM_Data_Workstation
v 0.456905 0.719078 0.414222
v 0.289473 0.441662 0.456905
v 0.289473 0.441662 -0.456905
v 0.456905 0.719078 -0.414222
v -0.456905 0.719078 -0.414222
v -0.289473 0.441662 -0.456905
v -0.456905 0.080922 0.414222
v -0.289473 0.095921 0.456905
v 0.289473 0.095921 0.456905
v 0.456905 0.080922 0.414222
v 0.456905 0.080922 -0.414222
v 0.289473 0.095921 -0.456905
v -0.289473 0.095921 -0.456905
v -0.456905 0.080922 -0.414222
v -0.289473 0.441662 0.456905
v -0.456905 0.719078 0.414222
v -0.432072 0.000000 0.500000
v -0.500000 0.000000 0.432072
v -0.500000 0.000000 -0.432072
v -0.432072 0.000000 -0.500000
v 0.500000 0.000000 0.432072
v 0.432072 0.000000 0.500000
v 0.432072 0.000000 -0.500000
v 0.500000 0.000000 -0.432072
v -0.500000 0.719078 0.432072
v -0.432072 0.719078 0.500000
v -0.432072 0.719078 -0.500000
v -0.500000 0.719078 -0.432072
v 0.500000 0.719078 -0.432072
v 0.432072 0.719078 -0.500000
v 0.432072 0.719078 0.500000
v 0.500000 0.719078 0.432072
v 0.456905 0.719078 0.309539
v 0.456905 0.719078 -0.309539
v 0.456905 0.080922 -0.309539
v 0.456905 0.080922 0.309539
v -0.414222 0.441605 0.456905
v 0.414222 0.441944 0.456905
v 0.500000 0.719078 0.309539
v 0.500000 0.719078 -0.309539
v -0.456905 0.719078 -0.309539
v -0.456905 0.719078 0.309539
v -0.456905 0.080922 0.309539
v -0.456905 0.080922 -0.309539
v -0.500000 0.000000 -0.309539
v -0.500000 0.000000 0.309539
v -0.500000 0.719078 -0.309539
v -0.500000 0.719078 0.309539
v 0.500000 0.000000 -0.309539
v 0.500000 0.000000 0.309539
v -0.414222 0.441629 -0.456905
v 0.414222 0.441662 -0.456905
v -0.430879 0.263355 -0.079079
v -0.430879 0.263355 -0.088538
v 0.475000 0.000000 -0.309539
v 0.475000 0.000000 0.309539
v -0.475000 0.000000 -0.309539
v -0.475000 0.000000 0.309539
v 0.414222 0.719078 -0.456905
v -0.414222 0.719078 -0.456905
v -0.414222 0.080922 -0.456905
v 0.414222 0.080922 -0.456905
v 0.414222 0.080922 0.456905
v -0.414222 0.080922 0.456905
v -0.414222 0.719078 0.456905
v 0.414222 0.719078 0.456905
v 0.272047 0.270336 -0.428996
v -0.272047 0.270336 -0.428996
v -0.278079 0.105806 -0.422963
v 0.278079 0.105806 -0.422963
v 0.278079 0.105806 0.422963
v -0.278079 0.105806 0.422963
v -0.272047 0.270336 0.428996
v 0.272047 0.270336 0.428996
v -0.403666 0.676082 0.297063
v -0.403666 0.676082 -0.297063
v 0.403666 0.676082 -0.297063
v 0.403666 0.472622 -0.301104
v 0.403666 0.676082 0.297063
v 0.403666 0.472622 0.301104
v -0.403666 0.472622 0.301104
v -0.403666 0.472622 -0.301104
v -0.403666 0.714261 0.303798
v -0.403666 0.714261 -0.303798
v 0.403666 0.714261 -0.303798
v 0.403666 0.468135 -0.309539
v 0.403666 0.714261 0.303798
v 0.403666 0.468135 0.309539
v -0.403666 0.468135 0.309539
v -0.403666 0.468135 -0.309539
v -0.429017 0.666628 0.296467
v -0.424380 0.671265 0.301104
v -0.424380 0.671265 -0.301104
v -0.429017 0.666628 -0.296467
v 0.424380 0.671265 -0.301104
v 0.429017 0.666628 -0.296467
v 0.429017 0.477259 -0.296467
v 0.424380 0.472622 -0.301104
v 0.429017 0.666628 0.296467
v 0.424380 0.671265 0.301104
v 0.424380 0.472622 0.301104
v 0.429017 0.477259 0.296467
v -0.429017 0.477259 0.296467
v -0.424380 0.472622 0.301104
v -0.424380 0.472622 -0.301104
v -0.429017 0.477259 -0.296467
v -0.403666 0.719078 0.309539
v -0.403666 0.719078 -0.309539
v 0.403666 0.719078 -0.309539
v 0.403666 0.719078 0.309539
v -0.403666 0.671265 0.301104
v -0.403666 0.671265 -0.301104
v 0.403666 0.671265 -0.301104
v 0.403666 0.671265 0.301104
v -0.423457 0.707479 0.295715
v -0.423457 0.707479 -0.295715
v 0.423457 0.707479 -0.295715
v 0.423457 0.707479 0.295715
v -0.423457 0.682864 0.291373
v -0.423457 0.682864 -0.291373
v 0.423457 0.682864 -0.291373
v 0.423457 0.682864 0.291373
v -0.423457 0.714261 0.303798
v -0.423457 0.714261 -0.303798
v 0.423457 0.714261 -0.303798
v 0.423457 0.714261 0.303798
v -0.423457 0.676082 0.297063
v -0.423457 0.676082 -0.297063
v 0.423457 0.676082 -0.297063
v 0.423457 0.676082 0.297063
v -0.420911 0.707479 0.295715
v -0.420911 0.707479 -0.295715
v 0.420911 0.707479 -0.295715
v 0.420911 0.707479 0.295715
v -0.420911 0.682864 0.291373
v -0.420911 0.682864 -0.291373
v 0.420911 0.682864 -0.291373
v 0.420911 0.682864 0.291373
v -0.426698 0.668947 0.298786
v -0.426698 0.668947 -0.298786
v 0.426698 0.668947 -0.298786
v 0.429017 0.622869 -0.296467
v 0.426698 0.668947 0.298786
v 0.429017 0.622869 0.296467
v -0.429017 0.622869 0.296467
v -0.429017 0.622869 -0.296467
v 0.429017 0.477259 0.000000
v -0.429017 0.477259 0.000000
v -0.427600 0.666041 -0.161367
v -0.427600 0.666041 -0.158112
v -0.427600 0.666041 0.158112
v -0.427600 0.666041 0.161367
v 0.427484 0.621242 0.161367
v 0.427484 0.624497 0.158112
v 0.427484 0.624497 -0.158112
v 0.427484 0.621242 -0.161367
v -0.427484 0.621242 -0.161367
v -0.427484 0.624497 -0.158112
v -0.427484 0.624497 0.158112
v -0.427484 0.621242 0.161367
v -0.424380 0.671265 -0.161367
v -0.425530 0.670115 -0.158112
v -0.425530 0.670115 0.158112
v -0.424380 0.671265 0.161367
v -0.429017 0.666628 0.161367
v -0.429017 0.660636 0.084336
v -0.429017 0.660636 -0.084336
v -0.429017 0.666628 -0.161367
v 0.424380 0.671265 0.161367
v 0.425530 0.670115 0.158112
v 0.425530 0.670115 -0.158112
v 0.424380 0.671265 -0.161367
v 0.429017 0.666628 0.161367
v 0.429017 0.660636 0.084336
v 0.429017 0.660636 -0.084336
v 0.429017 0.666628 -0.161367
v -0.429017 0.649152 0.084336
v -0.429017 0.621242 0.161367
v -0.429017 0.649152 -0.084336
v -0.429017 0.621242 -0.161367
v 0.429017 0.649152 -0.084336
v 0.429017 0.621242 -0.161367
v 0.429017 0.649152 0.084336
v 0.429017 0.621242 0.161367
v 0.424446 0.669031 -0.158112
v 0.423296 0.670181 -0.161367
v 0.423296 0.670181 0.161367
v 0.424446 0.669031 0.158112
v 0.427600 0.666041 0.161367
v 0.427600 0.666041 0.158112
v 0.427600 0.666041 -0.158112
v 0.427600 0.666041 -0.161367
v -0.424446 0.669031 0.158112
v -0.423296 0.670181 0.161367
v -0.423296 0.670181 -0.161367
v -0.424446 0.669031 -0.158112
v -0.429017 0.624497 0.158112
v -0.429017 0.624497 -0.158112
v 0.429017 0.624497 -0.158112
v 0.429017 0.624497 0.158112
v -0.429017 0.666628 0.158112
v -0.429017 0.666628 -0.158112
v 0.429017 0.666628 0.158112
v 0.429017 0.666628 -0.158112
v -0.427541 0.651475 0.082013
v -0.427541 0.651475 -0.082013
v 0.427541 0.651475 -0.082013
v 0.427541 0.651475 0.082013
v -0.427541 0.658313 0.082013
v -0.427541 0.658313 -0.082013
v 0.427541 0.658313 0.082013
v 0.427541 0.658313 -0.082013
v -0.427541 0.649152 0.084336
v -0.427541 0.649152 -0.084336
v 0.427541 0.649152 -0.084336
v 0.427541 0.649152 0.084336
v -0.427541 0.660636 0.084336
v -0.427541 0.660636 -0.084336
v 0.427541 0.660636 0.084336
v 0.427541 0.660636 -0.084336
v -0.426672 0.651475 0.082013
v -0.426672 0.651475 -0.082013
v 0.426672 0.651475 -0.082013
v 0.426672 0.651475 0.082013
v -0.426672 0.658313 0.082013
v -0.426672 0.658313 -0.082013
v 0.426672 0.658313 0.082013
v 0.426672 0.658313 -0.082013
v 0.289473 0.341570 -0.422963
v -0.289473 0.341570 -0.422963
v -0.289473 0.095921 -0.422963
v 0.289473 0.095921 -0.422963
v 0.289473 0.095921 0.422963
v -0.289473 0.095921 0.422963
v -0.289473 0.341570 0.422963
v 0.289473 0.341570 0.422963
v 0.272047 0.270336 -0.455118
v 0.247722 0.270336 -0.479443
v -0.247722 0.270336 -0.479443
v -0.272047 0.270336 -0.455118
v -0.278079 0.105806 -0.457617
v -0.250220 0.105806 -0.485476
v 0.250220 0.105806 -0.485476
v 0.278079 0.105806 -0.457617
v 0.278079 0.105806 0.457617
v 0.250220 0.105806 0.485476
v -0.250220 0.105806 0.485476
v -0.278079 0.105806 0.457617
v -0.272047 0.270336 0.455118
v -0.247722 0.270336 0.479443
v 0.247722 0.270336 0.479443
v 0.272047 0.270336 0.455118
v 0.278079 0.270336 -0.422963
v -0.278079 0.270336 -0.422963
v -0.278079 0.270336 0.422963
v 0.278079 0.270336 0.422963
v 0.250220 0.270336 -0.485476
v 0.278079 0.270336 -0.457617
v 0.278079 0.270336 0.457617
v 0.250220 0.270336 0.485476
v -0.278079 0.270336 -0.457617
v -0.250220 0.270336 -0.485476
v -0.250220 0.270336 0.485476
v -0.278079 0.270336 0.457617
v 0.272047 0.110541 -0.428996
v -0.272047 0.110541 -0.428996
v -0.272047 0.110541 0.428996
v 0.272047 0.110541 0.428996
v 0.247722 0.110541 -0.479443
v 0.272047 0.110541 -0.455118
v 0.272047 0.110541 0.455118
v 0.247722 0.110541 0.479443
v -0.272047 0.110541 -0.455118
v -0.247722 0.110541 -0.479443
v -0.247722 0.110541 0.479443
v -0.272047 0.110541 0.455118
v 0.250220 0.188071 -0.485476
v 0.250220 0.188071 0.485476
v -0.250220 0.188071 -0.485476
v -0.250220 0.188071 0.485476
v 0.000000 0.105806 -0.485476
v 0.000000 0.105806 0.485476
v 0.028973 0.261852 -0.485476
v -0.028973 0.261852 -0.485476
v -0.028973 0.261852 0.485476
v 0.028973 0.261852 0.485476
v -0.028973 0.190767 -0.485476
v 0.037457 0.188071 -0.485476
v 0.000000 0.149793 -0.485476
v 0.028973 0.190767 0.485476
v -0.037457 0.188071 0.485476
v 0.000000 0.149793 0.485476
v 0.000000 0.135099 -0.485476
v -0.037457 0.188071 -0.485476
v 0.028973 0.190767 -0.485476
v 0.000000 0.135099 0.485476
v 0.037457 0.188071 0.485476
v -0.028973 0.190767 0.485476
v -0.037457 0.270336 -0.485476
v 0.037457 0.270336 -0.485476
v 0.037457 0.270336 0.485476
v -0.037457 0.270336 0.485476
v -0.028973 0.190767 -0.482529
v 0.028973 0.190767 -0.482529
v 0.028973 0.190767 0.482529
v -0.028973 0.190767 0.482529
v 0.000000 0.149793 -0.482529
v 0.000000 0.149793 0.482529
v -0.028973 0.261852 -0.482529
v 0.028973 0.261852 -0.482529
v 0.028973 0.261852 0.482529
v -0.028973 0.261852 0.482529
v 0.431905 0.468135 -0.309539
v 0.431905 0.468135 0.309539
v 0.431905 0.080922 -0.309539
v -0.431905 0.468135 0.309539
v 0.431905 0.080922 0.309539
v -0.431905 0.468135 -0.309539
v -0.431905 0.080922 0.309539
v -0.431905 0.080922 -0.309539
v 0.431905 0.090910 -0.299551
v 0.431905 0.090910 0.299551
v -0.431905 0.090910 0.299551
v -0.431905 0.090910 -0.299551
v 0.431905 0.458147 -0.299551
v 0.431905 0.458147 0.299551
v -0.431905 0.458147 0.299551
v -0.431905 0.458147 -0.299551
v 0.427380 0.090910 -0.299551
v 0.427380 0.090910 0.299551
v -0.427380 0.090910 0.299551
v -0.427380 0.090910 -0.299551
v 0.427380 0.458147 0.299551
v -0.427380 0.458147 -0.299551
v 0.427380 0.458147 -0.299551
v -0.427380 0.458147 0.299551
v 0.427380 0.339036 -0.299551
v 0.427380 0.339036 0.299551
v -0.427380 0.339036 0.299551
v -0.427380 0.339036 -0.299551
v -0.427380 0.090910 0.000000
v 0.427380 0.090910 0.000000
v 0.427380 0.458147 0.000000
v -0.427380 0.458147 0.000000
v -0.427380 0.339036 0.000000
v 0.427380 0.339036 0.000000
v 0.427380 0.344540 0.005504
v 0.427380 0.452643 0.005504
v 0.427380 0.452643 0.294047
v 0.427380 0.344540 0.294047
v -0.427380 0.344540 -0.005504
v -0.427380 0.452643 -0.005504
v -0.427380 0.452643 -0.294047
v -0.427380 0.344540 -0.294047
v -0.427380 0.096414 -0.005504
v -0.427380 0.333532 -0.005504
v -0.427380 0.333532 -0.294047
v -0.427380 0.096414 -0.294047
v -0.427380 0.096414 0.294047
v -0.427380 0.333532 0.294047
v -0.427380 0.333532 0.005504
v -0.427380 0.096414 0.005504
v -0.427380 0.344540 0.294047
v -0.427380 0.452643 0.294047
v -0.427380 0.452643 0.005504
v -0.427380 0.344540 0.005504
v 0.427380 0.096414 0.005504
v 0.427380 0.333532 0.005504
v 0.427380 0.333532 0.294047
v 0.427380 0.096414 0.294047
v 0.427380 0.096414 -0.294047
v 0.427380 0.333532 -0.294047
v 0.427380 0.333532 -0.005504
v 0.427380 0.096414 -0.005504
v 0.427380 0.344540 -0.294047
v 0.427380 0.452643 -0.294047
v 0.427380 0.452643 -0.005504
v 0.427380 0.344540 -0.005504
v 0.432262 0.452643 0.005504
v 0.432262 0.344540 0.005504
v 0.432262 0.344540 0.294047
v 0.432262 0.452643 0.294047
v -0.432262 0.452643 -0.005504
v -0.432262 0.344540 -0.005504
v -0.432262 0.344540 -0.294047
v -0.432262 0.452643 -0.294047
v -0.432262 0.333532 -0.005504
v -0.432262 0.096414 -0.005504
v -0.432262 0.096414 -0.294047
v -0.432262 0.333532 -0.294047
v -0.432262 0.096414 0.294047
v -0.432262 0.333532 0.294047
v -0.432262 0.096414 0.005504
v -0.432262 0.333532 0.005504
v -0.432262 0.344540 0.294047
v -0.432262 0.452643 0.294047
v -0.432262 0.344540 0.005504
v -0.432262 0.452643 0.005504
v 0.432262 0.333532 0.005504
v 0.432262 0.096414 0.005504
v 0.432262 0.096414 0.294047
v 0.432262 0.333532 0.294047
v 0.432262 0.096414 -0.294047
v 0.432262 0.333532 -0.294047
v 0.432262 0.096414 -0.005504
v 0.432262 0.333532 -0.005504
v 0.432262 0.344540 -0.294047
v 0.432262 0.452643 -0.294047
v 0.432262 0.344540 -0.005504
v 0.432262 0.452643 -0.005504
v 0.432262 0.354460 0.015424
v 0.432262 0.442724 0.015424
v 0.432262 0.442724 0.284128
v 0.432262 0.354460 0.284128
v -0.432262 0.354460 -0.015424
v -0.432262 0.442724 -0.015424
v -0.432262 0.442724 -0.284128
v -0.432262 0.354460 -0.284128
v -0.432262 0.354460 0.284128
v -0.432262 0.442724 0.284128
v -0.432262 0.442724 0.015424
v -0.432262 0.354460 0.015424
v 0.432262 0.354460 -0.284128
v 0.432262 0.442724 -0.284128
v 0.432262 0.442724 -0.015424
v 0.432262 0.354460 -0.015424
v 0.421968 0.435722 0.036739
v 0.421968 0.361461 0.036739
v 0.421968 0.361461 0.262812
v 0.421968 0.435722 0.262812
v -0.421968 0.435722 -0.036739
v -0.421968 0.361461 -0.036739
v -0.421968 0.361461 -0.262812
v -0.421968 0.435722 -0.262812
v -0.421968 0.361461 0.262812
v -0.421968 0.435722 0.262812
v -0.421968 0.361461 0.036739
v -0.421968 0.435722 0.036739
v 0.421968 0.361461 -0.262812
v 0.421968 0.435722 -0.262812
v 0.421968 0.361461 -0.036739
v 0.421968 0.435722 -0.036739
v 0.421968 0.370852 0.046130
v 0.421968 0.426331 0.046130
v 0.421968 0.426331 0.253421
v 0.421968 0.370852 0.253421
v -0.421968 0.370852 -0.046130
v -0.421968 0.426331 -0.046130
v -0.421968 0.426331 -0.253421
v -0.421968 0.370852 -0.253421
v -0.421968 0.370852 0.253421
v -0.421968 0.426331 0.253421
v -0.421968 0.426331 0.046130
v -0.421968 0.370852 0.046130
v 0.421968 0.370852 -0.253421
v 0.421968 0.426331 -0.253421
v 0.421968 0.426331 -0.046130
v 0.421968 0.370852 -0.046130
v 0.417226 0.426331 0.046130
v 0.417226 0.370852 0.046130
v 0.417226 0.370852 0.253421
v 0.417226 0.426331 0.253421
v -0.417226 0.426331 -0.046130
v -0.417226 0.370852 -0.046130
v -0.417226 0.370852 -0.253421
v -0.417226 0.426331 -0.253421
v -0.417226 0.370852 0.253421
v -0.417226 0.426331 0.253421
v -0.417226 0.370852 0.046130
v -0.417226 0.426331 0.046130
v 0.417226 0.370852 -0.253421
v 0.417226 0.426331 -0.253421
v 0.417226 0.370852 -0.046130
v 0.417226 0.426331 -0.046130
v 0.417226 0.375947 0.051225
v 0.417226 0.421236 0.051225
v 0.417226 0.421236 0.248326
v 0.417226 0.375947 0.248326
v -0.417226 0.375947 -0.051225
v -0.417226 0.421236 -0.051225
v -0.417226 0.421236 -0.248326
v -0.417226 0.375947 -0.248326
v -0.417226 0.375947 0.248326
v -0.417226 0.421236 0.248326
v -0.417226 0.421236 0.051225
v -0.417226 0.375947 0.051225
v 0.417226 0.375947 -0.248326
v 0.417226 0.421236 -0.248326
v 0.417226 0.421236 -0.051225
v 0.417226 0.375947 -0.051225
v 0.414613 0.421236 0.051225
v 0.414613 0.375947 0.051225
v 0.414613 0.375947 0.248326
v 0.414613 0.421236 0.248326
v -0.414613 0.421236 -0.051225
v -0.414613 0.375947 -0.051225
v -0.414613 0.375947 -0.248326
v -0.414613 0.421236 -0.248326
v -0.414613 0.375947 0.248326
v -0.414613 0.421236 0.248326
v -0.414613 0.375947 0.051225
v -0.414613 0.421236 0.051225
v 0.414613 0.375947 -0.248326
v 0.414613 0.421236 -0.248326
v 0.414613 0.375947 -0.051225
v 0.414613 0.421236 -0.051225
v -0.432262 0.108751 -0.017841
v -0.432262 0.321195 -0.017841
v -0.432262 0.321195 -0.281710
v -0.432262 0.108751 -0.281710
v -0.432262 0.108751 0.281710
v -0.432262 0.321195 0.281710
v -0.432262 0.321195 0.017841
v -0.432262 0.108751 0.017841
v 0.432262 0.108751 0.017841
v 0.432262 0.321195 0.017841
v 0.432262 0.321195 0.281710
v 0.432262 0.108751 0.281710
v 0.432262 0.108751 -0.281710
v 0.432262 0.321195 -0.281710
v 0.432262 0.321195 -0.017841
v 0.432262 0.108751 -0.017841
v -0.424596 0.321195 -0.017841
v -0.424596 0.108751 -0.017841
v -0.424596 0.108751 -0.281710
v -0.424596 0.321195 -0.281710
v -0.424596 0.108751 0.281710
v -0.424596 0.321195 0.281710
v -0.424596 0.108751 0.017841
v -0.424596 0.321195 0.017841
v 0.424596 0.321195 0.017841
v 0.424596 0.108751 0.017841
v 0.424596 0.108751 0.281710
v 0.424596 0.321195 0.281710
v 0.424596 0.108751 -0.281710
v 0.424596 0.321195 -0.281710
v 0.424596 0.108751 -0.017841
v 0.424596 0.321195 -0.017841
v -0.432072 0.062479 0.500000
v -0.424433 0.080922 0.481557
v -0.481557 0.080922 0.424433
v -0.500000 0.062479 0.432072
v -0.500000 0.062479 -0.432072
v -0.481557 0.080922 -0.424433
v -0.424433 0.080922 -0.481557
v -0.432072 0.062479 -0.500000
v 0.432072 0.062479 -0.500000
v 0.424433 0.080922 -0.481557
v 0.481557 0.080922 -0.424433
v 0.500000 0.062479 -0.432072
v 0.500000 0.062479 0.432072
v 0.481557 0.080922 0.424433
v 0.424433 0.080922 0.481557
v 0.432072 0.062479 0.500000
v 0.500000 0.062479 -0.309539
v 0.481557 0.080922 -0.309539
v 0.500000 0.062479 0.309539
v -0.500000 0.062479 0.309539
v -0.500000 0.062479 -0.309539
v 0.444092 0.080922 -0.309539
v 0.475000 0.050014 -0.309539
v 0.475000 0.050014 0.309539
v 0.444092 0.080922 0.309539
v 0.481507 0.080922 0.309539
v -0.444092 0.080922 0.309539
v -0.475000 0.050014 0.309539
v -0.481507 0.080922 0.309539
v -0.475000 0.050014 -0.309539
v -0.444092 0.080922 -0.309539
v -0.481507 0.080922 -0.309539
v -0.430879 0.272813 -0.088538
v -0.430879 0.272813 -0.079079
v -0.430879 0.272813 -0.145047
v -0.430879 0.263355 -0.145047
v -0.430879 0.263355 -0.154505
v -0.430879 0.272813 -0.154505
v -0.430879 0.166591 -0.145047
v -0.430879 0.157133 -0.145047
v -0.430879 0.157133 -0.154505
v -0.430879 0.166591 -0.154505
v -0.430879 0.219702 -0.079079
v -0.430879 0.210244 -0.079079
v -0.430879 0.210244 -0.088538
v -0.430879 0.219702 -0.088538
v -0.430879 0.210244 -0.211014
v -0.430879 0.210244 -0.220472
v -0.430879 0.219702 -0.220472
v -0.430879 0.219702 -0.211014
v -0.430879 0.272813 0.154505
v -0.430879 0.263355 0.154505
v -0.430879 0.263355 0.145047
v -0.430879 0.272813 0.145047
v -0.430879 0.166591 0.154505
v -0.430879 0.157133 0.154505
v -0.430879 0.157133 0.145047
v -0.430879 0.166591 0.145047
v -0.430879 0.219702 0.220472
v -0.430879 0.210244 0.220472
v -0.430879 0.210244 0.211014
v -0.430879 0.219702 0.211014
v -0.430879 0.210244 0.088538
v -0.430879 0.210244 0.079079
v -0.430879 0.219702 0.079079
v -0.430879 0.219702 0.088538
v 0.430879 0.272813 0.145047
v 0.430879 0.263355 0.145047
v 0.430879 0.263355 0.154505
v 0.430879 0.272813 0.154505
v 0.430879 0.166591 0.145047
v 0.430879 0.157133 0.145047
v 0.430879 0.157133 0.154505
v 0.430879 0.166591 0.154505
v 0.430879 0.219702 0.079079
v 0.430879 0.210244 0.079079
v 0.430879 0.210244 0.088538
v 0.430879 0.219702 0.088538
v 0.430879 0.210244 0.211014
v 0.430879 0.210244 0.220472
v 0.430879 0.219702 0.220472
v 0.430879 0.219702 0.211014
v 0.430879 0.272813 -0.154505
v 0.430879 0.263355 -0.154505
v 0.430879 0.263355 -0.145047
v 0.430879 0.272813 -0.145047
v 0.430879 0.166591 -0.154505
v 0.430879 0.157133 -0.154505
v 0.430879 0.157133 -0.145047
v 0.430879 0.166591 -0.145047
v 0.430879 0.219702 -0.220472
v 0.430879 0.210244 -0.220472
v 0.430879 0.210244 -0.211014
v 0.430879 0.219702 -0.211014
v 0.430879 0.210244 -0.088538
v 0.430879 0.210244 -0.079079
v 0.430879 0.219702 -0.079079
v 0.430879 0.219702 -0.088538
v -0.430879 0.219702 -0.154505
v -0.430879 0.219702 -0.145047
v -0.430879 0.210244 -0.145047
v -0.430879 0.210244 -0.154505
v -0.430879 0.219702 0.145047
v -0.430879 0.219702 0.154505
v -0.430879 0.210244 0.154505
v -0.430879 0.210244 0.145047
v 0.430879 0.219702 0.154505
v 0.430879 0.219702 0.145047
v 0.430879 0.210244 0.145047
v 0.430879 0.210244 0.154505
v 0.430879 0.219702 -0.145047
v 0.430879 0.219702 -0.154505
v 0.430879 0.210244 -0.154505
v 0.430879 0.210244 -0.145047
v -0.424596 0.219702 -0.017841
v -0.424596 0.210244 -0.017841
v -0.424596 0.108751 -0.145047
v -0.424596 0.108751 -0.154505
v -0.424596 0.321195 -0.154505
v -0.424596 0.321195 -0.145047
v -0.424596 0.210244 -0.281710
v -0.424596 0.219702 -0.281710
v -0.424596 0.219702 0.281710
v -0.424596 0.210244 0.281710
v -0.424596 0.108751 0.154505
v -0.424596 0.108751 0.145047
v -0.424596 0.321195 0.145047
v -0.424596 0.321195 0.154505
v -0.424596 0.210244 0.017841
v -0.424596 0.219702 0.017841
v 0.424596 0.219702 0.017841
v 0.424596 0.210244 0.017841
v 0.424596 0.108751 0.145047
v 0.424596 0.108751 0.154505
v 0.424596 0.321195 0.154505
v 0.424596 0.321195 0.145047
v 0.424596 0.210244 0.281710
v 0.424596 0.219702 0.281710
v 0.424596 0.219702 -0.281710
v 0.424596 0.210244 -0.281710
v 0.424596 0.108751 -0.154505
v 0.424596 0.108751 -0.145047
v 0.424596 0.321195 -0.145047
v 0.424596 0.321195 -0.154505
v 0.424596 0.210244 -0.017841
v 0.424596 0.219702 -0.017841
v 0.424596 0.210244 -0.154505
v 0.424596 0.219702 -0.154505
v 0.424596 0.219702 -0.145047
v 0.424596 0.210244 -0.145047
v 0.424596 0.210244 0.145047
v 0.424596 0.219702 0.145047
v 0.424596 0.219702 0.154505
v 0.424596 0.210244 0.154505
v -0.424596 0.210244 0.154505
v -0.424596 0.219702 0.154505
v -0.424596 0.219702 0.145047
v -0.424596 0.210244 0.145047
v -0.424596 0.210244 -0.145047
v -0.424596 0.219702 -0.145047
v -0.424596 0.219702 -0.154505
v -0.424596 0.210244 -0.154505
v -0.424596 0.166591 -0.017841
v -0.424596 0.157133 -0.017841
v -0.424596 0.108751 -0.079079
v -0.424596 0.108751 -0.088538
v -0.424596 0.321195 -0.220472
v -0.424596 0.321195 -0.211014
v -0.424596 0.157133 -0.281710
v -0.424596 0.166591 -0.281710
v -0.424596 0.272813 0.281710
v -0.424596 0.263355 0.281710
v -0.424596 0.108751 0.220472
v -0.424596 0.108751 0.211014
v -0.424596 0.321195 0.079079
v -0.424596 0.321195 0.088538
v -0.424596 0.157133 0.017841
v -0.424596 0.166591 0.017841
v 0.424596 0.166591 0.017841
v 0.424596 0.157133 0.017841
v 0.424596 0.108751 0.079079
v 0.424596 0.108751 0.088538
v 0.424596 0.321195 0.220472
v 0.424596 0.321195 0.211014
v 0.424596 0.157133 0.281710
v 0.424596 0.166591 0.281710
v 0.424596 0.272813 -0.281710
v 0.424596 0.263355 -0.281710
v 0.424596 0.108751 -0.220472
v 0.424596 0.108751 -0.211014
v 0.424596 0.321195 -0.079079
v 0.424596 0.321195 -0.088538
v 0.424596 0.157133 -0.017841
v 0.424596 0.166591 -0.017841
v -0.424596 0.272813 -0.017841
v -0.424596 0.263355 -0.017841
v -0.424596 0.108751 -0.211014
v -0.424596 0.108751 -0.220472
v -0.424596 0.321195 -0.088538
v -0.424596 0.321195 -0.079079
v -0.424596 0.263355 -0.281710
v -0.424596 0.272813 -0.281710
v -0.424596 0.166591 0.281710
v -0.424596 0.157133 0.281710
v -0.424596 0.108751 0.088538
v -0.424596 0.108751 0.079079
v -0.424596 0.321195 0.211014
v -0.424596 0.321195 0.220472
v -0.424596 0.263355 0.017841
v -0.424596 0.272813 0.017841
v 0.424596 0.272813 0.017841
v 0.424596 0.263355 0.017841
v 0.424596 0.108751 0.211014
v 0.424596 0.108751 0.220472
v 0.424596 0.321195 0.088538
v 0.424596 0.321195 0.079079
v 0.424596 0.263355 0.281710
v 0.424596 0.272813 0.281710
v 0.424596 0.166591 -0.281710
v 0.424596 0.157133 -0.281710
v 0.424596 0.108751 -0.088538
v 0.424596 0.108751 -0.079079
v 0.424596 0.321195 -0.211014
v 0.424596 0.321195 -0.220472
v 0.424596 0.263355 -0.017841
v 0.424596 0.272813 -0.017841
v 0.424596 0.219702 -0.079079
v 0.424596 0.210244 -0.079079
v 0.424596 0.210244 -0.088538
v 0.424596 0.219702 -0.088538
v 0.424596 0.210244 -0.211014
v 0.424596 0.210244 -0.220472
v 0.424596 0.219702 -0.220472
v 0.424596 0.219702 -0.211014
v 0.424596 0.157133 -0.145047
v 0.424596 0.157133 -0.154505
v 0.424596 0.166591 -0.154505
v 0.424596 0.166591 -0.145047
v 0.424596 0.263355 -0.145047
v 0.424596 0.263355 -0.154505
v 0.424596 0.272813 -0.154505
v 0.424596 0.272813 -0.145047
v 0.424596 0.219702 0.220472
v 0.424596 0.210244 0.220472
v 0.424596 0.210244 0.211014
v 0.424596 0.219702 0.211014
v 0.424596 0.210244 0.088538
v 0.424596 0.210244 0.079079
v 0.424596 0.219702 0.079079
v 0.424596 0.219702 0.088538
v 0.424596 0.157133 0.154505
v 0.424596 0.157133 0.145047
v 0.424596 0.166591 0.145047
v 0.424596 0.166591 0.154505
v 0.424596 0.263355 0.154505
v 0.424596 0.263355 0.145047
v 0.424596 0.272813 0.145047
v 0.424596 0.272813 0.154505
v -0.424596 0.219702 0.079079
v -0.424596 0.210244 0.079079
v -0.424596 0.210244 0.088538
v -0.424596 0.219702 0.088538
v -0.424596 0.210244 0.211014
v -0.424596 0.210244 0.220472
v -0.424596 0.219702 0.220472
v -0.424596 0.219702 0.211014
v -0.424596 0.157133 0.145047
v -0.424596 0.157133 0.154505
v -0.424596 0.166591 0.154505
v -0.424596 0.166591 0.145047
v -0.424596 0.263355 0.145047
v -0.424596 0.263355 0.154505
v -0.424596 0.272813 0.154505
v -0.424596 0.272813 0.145047
v -0.424596 0.219702 -0.220472
v -0.424596 0.210244 -0.220472
v -0.424596 0.210244 -0.211014
v -0.424596 0.219702 -0.211014
v -0.424596 0.210244 -0.088538
v -0.424596 0.210244 -0.079079
v -0.424596 0.219702 -0.079079
v -0.424596 0.219702 -0.088538
v -0.424596 0.157133 -0.154505
v -0.424596 0.157133 -0.145047
v -0.424596 0.166591 -0.145047
v -0.424596 0.166591 -0.154505
v -0.424596 0.263355 -0.154505
v -0.424596 0.263355 -0.145047
v -0.424596 0.272813 -0.145047
v -0.424596 0.272813 -0.154505
v -0.424596 0.272813 -0.088538
v -0.424596 0.263355 -0.088538
v -0.424596 0.263355 -0.079079
v -0.424596 0.272813 -0.079079
v -0.424596 0.166591 -0.088538
v -0.424596 0.157133 -0.088538
v -0.424596 0.157133 -0.079079
v -0.424596 0.166591 -0.079079
v -0.424596 0.166591 -0.220472
v -0.424596 0.157133 -0.220472
v -0.424596 0.157133 -0.211014
v -0.424596 0.166591 -0.211014
v -0.424596 0.272813 0.211014
v -0.424596 0.263355 0.211014
v -0.424596 0.263355 0.220472
v -0.424596 0.272813 0.220472
v -0.424596 0.166591 0.211014
v -0.424596 0.157133 0.211014
v -0.424596 0.157133 0.220472
v -0.424596 0.166591 0.220472
v -0.424596 0.166591 0.079079
v -0.424596 0.157133 0.079079
v -0.424596 0.157133 0.088538
v -0.424596 0.166591 0.088538
v 0.424596 0.272813 0.088538
v 0.424596 0.263355 0.088538
v 0.424596 0.263355 0.079079
v 0.424596 0.272813 0.079079
v 0.424596 0.166591 0.088538
v 0.424596 0.157133 0.088538
v 0.424596 0.157133 0.079079
v 0.424596 0.166591 0.079079
v 0.424596 0.166591 0.220472
v 0.424596 0.157133 0.220472
v 0.424596 0.157133 0.211014
v 0.424596 0.166591 0.211014
v 0.424596 0.272813 -0.211014
v 0.424596 0.263355 -0.211014
v 0.424596 0.263355 -0.220472
v 0.424596 0.272813 -0.220472
v 0.424596 0.166591 -0.211014
v 0.424596 0.157133 -0.211014
v 0.424596 0.157133 -0.220472
v 0.424596 0.166591 -0.220472
v 0.424596 0.166591 -0.079079
v 0.424596 0.157133 -0.079079
v 0.424596 0.157133 -0.088538
v 0.424596 0.166591 -0.088538
v 0.424596 0.272813 -0.079079
v 0.424596 0.263355 -0.079079
v 0.424596 0.263355 -0.088538
v 0.424596 0.272813 -0.088538
v 0.424596 0.272813 0.220472
v 0.424596 0.263355 0.220472
v 0.424596 0.263355 0.211014
v 0.424596 0.272813 0.211014
v -0.424596 0.272813 0.079079
v -0.424596 0.263355 0.079079
v -0.424596 0.263355 0.088538
v -0.424596 0.272813 0.088538
v -0.424596 0.272813 -0.220472
v -0.424596 0.263355 -0.220472
v -0.424596 0.263355 -0.211014
v -0.424596 0.272813 -0.211014
v -0.430879 0.166591 -0.079079
v -0.430879 0.166591 -0.088538
v -0.430879 0.157133 -0.088538
v -0.430879 0.157133 -0.079079
v -0.430879 0.166591 -0.211014
v -0.430879 0.166591 -0.220472
v -0.430879 0.157133 -0.220472
v -0.430879 0.157133 -0.211014
v -0.430879 0.272813 0.220472
v -0.430879 0.272813 0.211014
v -0.430879 0.263355 0.211014
v -0.430879 0.263355 0.220472
v -0.430879 0.166591 0.220472
v -0.430879 0.166591 0.211014
v -0.430879 0.157133 0.211014
v -0.430879 0.157133 0.220472
v -0.430879 0.166591 0.088538
v -0.430879 0.166591 0.079079
v -0.430879 0.157133 0.079079
v -0.430879 0.157133 0.088538
v 0.430879 0.272813 0.079079
v 0.430879 0.272813 0.088538
v 0.430879 0.263355 0.088538
v 0.430879 0.263355 0.079079
v 0.430879 0.166591 0.079079
v 0.430879 0.166591 0.088538
v 0.430879 0.157133 0.088538
v 0.430879 0.157133 0.079079
v 0.430879 0.166591 0.211014
v 0.430879 0.166591 0.220472
v 0.430879 0.157133 0.220472
v 0.430879 0.157133 0.211014
v 0.430879 0.272813 -0.220472
v 0.430879 0.272813 -0.211014
v 0.430879 0.263355 -0.211014
v 0.430879 0.263355 -0.220472
v 0.430879 0.166591 -0.220472
v 0.430879 0.166591 -0.211014
v 0.430879 0.157133 -0.211014
v 0.430879 0.157133 -0.220472
v 0.430879 0.166591 -0.088538
v 0.430879 0.166591 -0.079079
v 0.430879 0.157133 -0.079079
v 0.430879 0.157133 -0.088538
v 0.430879 0.272813 -0.088538
v 0.430879 0.272813 -0.079079
v 0.430879 0.263355 -0.079079
v 0.430879 0.263355 -0.088538
v 0.430879 0.272813 0.211014
v 0.430879 0.272813 0.220472
v 0.430879 0.263355 0.220472
v 0.430879 0.263355 0.211014
v -0.430879 0.272813 0.088538
v -0.430879 0.272813 0.079079
v -0.430879 0.263355 0.079079
v -0.430879 0.263355 0.088538
v -0.430879 0.272813 -0.211014
v -0.430879 0.272813 -0.220472
v -0.430879 0.263355 -0.220472
v -0.430879 0.263355 -0.211014
v 0.430879 0.219702 -0.017841
v 0.430879 0.210244 -0.017841
v 0.430879 0.108751 -0.145047
v 0.430879 0.108751 -0.154505
v 0.430879 0.219702 0.281710
v 0.430879 0.210244 0.281710
v 0.430879 0.108751 0.154505
v 0.430879 0.108751 0.145047
v -0.430879 0.219702 0.017841
v -0.430879 0.210244 0.017841
v -0.430879 0.108751 0.145047
v -0.430879 0.108751 0.154505
v -0.430879 0.219702 -0.281710
v -0.430879 0.210244 -0.281710
v -0.430879 0.108751 -0.154505
v -0.430879 0.108751 -0.145047
v 0.430879 0.210244 -0.281710
v 0.430879 0.219702 -0.281710
v 0.430879 0.321195 -0.154505
v 0.430879 0.321195 -0.145047
v 0.430879 0.210244 0.017841
v 0.430879 0.219702 0.017841
v 0.430879 0.321195 0.145047
v 0.430879 0.321195 0.154505
v -0.430879 0.210244 0.281710
v -0.430879 0.219702 0.281710
v -0.430879 0.321195 0.154505
v -0.430879 0.321195 0.145047
v -0.430879 0.210244 -0.017841
v -0.430879 0.219702 -0.017841
v -0.430879 0.321195 -0.145047
v -0.430879 0.321195 -0.154505
v -0.430879 0.263355 -0.017841
v -0.430879 0.272813 -0.017841
v -0.430879 0.321195 -0.079079
v -0.430879 0.321195 -0.088538
v -0.430879 0.157133 -0.017841
v -0.430879 0.166591 -0.017841
v -0.430879 0.108751 -0.088538
v -0.430879 0.108751 -0.079079
v -0.430879 0.166591 -0.281710
v -0.430879 0.157133 -0.281710
v -0.430879 0.108751 -0.220472
v -0.430879 0.108751 -0.211014
v -0.430879 0.263355 0.281710
v -0.430879 0.272813 0.281710
v -0.430879 0.321195 0.220472
v -0.430879 0.321195 0.211014
v -0.430879 0.157133 0.281710
v -0.430879 0.166591 0.281710
v -0.430879 0.108751 0.211014
v -0.430879 0.108751 0.220472
v -0.430879 0.166591 0.017841
v -0.430879 0.157133 0.017841
v -0.430879 0.108751 0.079079
v -0.430879 0.108751 0.088538
v 0.430879 0.263355 0.017841
v 0.430879 0.272813 0.017841
v 0.430879 0.321195 0.079079
v 0.430879 0.321195 0.088538
v 0.430879 0.157133 0.017841
v 0.430879 0.166591 0.017841
v 0.430879 0.108751 0.088538
v 0.430879 0.108751 0.079079
v 0.430879 0.166591 0.281710
v 0.430879 0.157133 0.281710
v 0.430879 0.108751 0.220472
v 0.430879 0.108751 0.211014
v 0.430879 0.263355 -0.281710
v 0.430879 0.272813 -0.281710
v 0.430879 0.321195 -0.220472
v 0.430879 0.321195 -0.211014
v 0.430879 0.157133 -0.281710
v 0.430879 0.166591 -0.281710
v 0.430879 0.108751 -0.211014
v 0.430879 0.108751 -0.220472
v 0.430879 0.166591 -0.017841
v 0.430879 0.157133 -0.017841
v 0.430879 0.108751 -0.079079
v 0.430879 0.108751 -0.088538
v 0.430879 0.272813 -0.017841
v 0.430879 0.263355 -0.017841
v 0.430879 0.321195 -0.088538
v 0.430879 0.321195 -0.079079
v 0.430879 0.272813 0.281710
v 0.430879 0.263355 0.281710
v 0.430879 0.321195 0.211014
v 0.430879 0.321195 0.220472
v -0.430879 0.272813 0.017841
v -0.430879 0.263355 0.017841
v -0.430879 0.321195 0.088538
v -0.430879 0.321195 0.079079
v -0.430879 0.272813 -0.281710
v -0.430879 0.263355 -0.281710
v -0.430879 0.321195 -0.211014
v -0.430879 0.321195 -0.220472
v 0.475000 0.736963 0.304581
v -0.475000 0.736963 -0.304583
v 0.475000 0.736963 -0.304583
v -0.475000 0.736963 0.304581
v 0.475000 0.719078 0.305292
v 0.475000 0.719078 -0.304601
v -0.475000 0.719078 0.304756
v -0.475000 0.719078 -0.304800
v 0.239940 0.800000 0.304581
v 0.235060 0.800000 0.304581
v -0.235060 0.800000 0.304581
v -0.239940 0.800000 0.304581
v -0.239940 0.800000 -0.304583
v -0.235060 0.800000 -0.304583
v 0.235060 0.800000 -0.304583
v 0.239940 0.800000 -0.304583
v 0.464230 0.719078 0.305292
v 0.464230 0.719078 0.309539
v 0.464260 0.726163 0.304581
v 0.464230 0.726193 0.309539
v 0.464230 0.726193 -0.309539
v 0.464230 0.719078 -0.309539
v -0.464230 0.726193 0.309539
v -0.464230 0.719078 0.309539
v -0.464230 0.726193 -0.309539
v -0.464230 0.719078 -0.309539
v -0.464230 0.719078 -0.304800
v -0.464239 0.726184 -0.304583
v 0.464231 0.726192 -0.304583
v -0.464237 0.726186 0.304581
v 0.464230 0.719078 -0.304601
v -0.464230 0.719078 0.304756
v 0.239940 0.789230 0.304581
v 0.235060 0.789230 0.304581
v -0.235060 0.789230 0.304581
v -0.239940 0.789230 0.304581
v -0.239940 0.789230 -0.304583
v -0.235060 0.789230 -0.304583
v 0.235060 0.789230 -0.304583
v 0.239940 0.789230 -0.304583
v -0.239940 0.789230 0.309539
v -0.239892 0.789230 -0.309539
v 0.239946 0.789230 -0.309539
v 0.239938 0.789230 0.309539
v 0.475000 0.736963 -0.000001
v -0.475000 0.736963 -0.000001
v -0.239940 0.800000 -0.000001
v 0.239940 0.800000 -0.000001
v 0.248513 0.797701 -0.008877
v 0.466427 0.739262 -0.008877
v 0.466427 0.739262 -0.295707
v 0.248513 0.797701 -0.295707
v -0.248513 0.797701 -0.008877
v -0.248513 0.797701 -0.295707
v -0.466427 0.739262 -0.295707
v -0.466427 0.739262 -0.008877
v 0.466427 0.739262 0.295706
v 0.466427 0.739262 0.008875
v 0.248513 0.797701 0.008875
v 0.248513 0.797701 0.295706
v -0.248513 0.797701 0.295706
v -0.248513 0.797701 0.008875
v -0.466427 0.739262 0.008875
v -0.466427 0.739262 0.295706
v 0.464364 0.731568 -0.008877
v 0.246449 0.790007 -0.008877
v 0.246449 0.790007 -0.295707
v 0.464364 0.731568 -0.295707
v -0.246449 0.790007 -0.295707
v -0.246449 0.790007 -0.008877
v -0.464364 0.731568 -0.008877
v -0.464364 0.731568 -0.295707
v 0.464364 0.731568 0.008875
v 0.464364 0.731568 0.295706
v 0.246449 0.790007 0.295706
v 0.246449 0.790007 0.008875
v -0.246449 0.790007 0.008875
v -0.246449 0.790007 0.295706
v -0.464364 0.731568 0.295706
v -0.464364 0.731568 0.008875
v 0.252539 0.788374 -0.015182
v 0.458274 0.733202 -0.015182
v 0.458274 0.733202 -0.289402
v 0.252539 0.788374 -0.289402
v -0.252539 0.788374 -0.015182
v -0.252539 0.788374 -0.289402
v -0.458274 0.733202 -0.289402
v -0.458274 0.733202 -0.015182
v 0.458274 0.733202 0.289401
v 0.458274 0.733202 0.015180
v 0.252539 0.788374 0.015180
v 0.252539 0.788374 0.289401
v -0.252539 0.788374 0.289401
v -0.252539 0.788374 0.015180
v -0.458274 0.733202 0.015180
v -0.458274 0.733202 0.289401
v -0.453719 0.749028 0.152290
v -0.359061 0.774413 0.023678
v -0.359061 0.774413 0.280902
v -0.264402 0.799798 0.152290
v 0.264402 0.799798 0.152290
v 0.359061 0.774413 0.023678
v -0.359061 0.774413 -0.023680
v -0.264402 0.799798 -0.152292
v 0.359061 0.774413 -0.280904
v 0.453719 0.749028 -0.152292
v 0.264402 0.799798 -0.152292
v 0.359061 0.774413 -0.023680
v 0.459727 0.738618 -0.015182
v 0.453719 0.749028 -0.023680
v 0.264402 0.799798 -0.023680
v 0.253992 0.793791 -0.015182
v 0.264402 0.799798 -0.280904
v 0.253992 0.793791 -0.289402
v 0.459727 0.738618 -0.289402
v 0.453719 0.749028 -0.280904
v -0.253992 0.793791 -0.289402
v -0.264402 0.799798 -0.280904
v -0.264402 0.799798 -0.023680
v -0.253992 0.793791 -0.015182
v -0.453719 0.749028 -0.023680
v -0.459727 0.738618 -0.015182
v -0.459727 0.738618 -0.289402
v -0.453719 0.749028 -0.280904
v 0.459727 0.738618 0.015180
v 0.453719 0.749028 0.023678
v 0.453719 0.749028 0.280902
v 0.459727 0.738618 0.289401
v 0.264402 0.799798 0.280902
v 0.253992 0.793791 0.289401
v 0.253992 0.793791 0.015180
v 0.264402 0.799798 0.023678
v -0.253992 0.793791 0.015180
v -0.264402 0.799798 0.023678
v -0.264402 0.799798 0.280902
v -0.253992 0.793791 0.289401
v -0.453719 0.749028 0.280902
v -0.459727 0.738618 0.289401
v -0.459727 0.738618 0.015180
v -0.453719 0.749028 0.023678
v 0.359061 0.774413 -0.152292
v -0.359061 0.774413 -0.152292
v -0.359061 0.774413 0.152290
v 0.359061 0.774413 0.152290
v 0.359061 0.774413 0.087984
v 0.311731 0.787106 0.152290
v -0.359061 0.774413 0.216596
v -0.406390 0.761721 -0.152292
v -0.359061 0.774413 -0.087986
v 0.311731 0.787106 -0.152292
v -0.453719 0.749028 0.216596
v -0.264402 0.799798 0.087984
v -0.406390 0.761721 0.023678
v 0.311731 0.787106 0.023678
v -0.453719 0.749028 -0.087986
v -0.406390 0.761721 -0.280904
v 0.453719 0.749028 -0.216598
v 0.264402 0.799798 -0.087986
v 0.406390 0.761721 -0.023680
v 0.406390 0.761721 0.152290
v -0.359061 0.774413 0.087984
v -0.311731 0.787106 -0.152292
v 0.406390 0.761721 -0.152292
v -0.311731 0.787106 0.152290
v -0.311731 0.787106 0.280902
v 0.359061 0.774413 -0.087986
v -0.311731 0.787106 -0.023680
v 0.311731 0.787106 -0.280904
v -0.406390 0.761721 0.152290
v 0.406390 0.761721 0.280902
v 0.359061 0.774413 -0.216598
v 0.453719 0.749028 0.087984
v 0.311731 0.787106 -0.023680
v 0.264402 0.799798 -0.216598
v 0.453719 0.749028 -0.087986
v 0.406390 0.761721 -0.280904
v -0.406390 0.761721 -0.023680
v 0.406390 0.761721 0.023678
v -0.264402 0.799798 0.216596
v -0.406390 0.761721 0.280902
v -0.311731 0.787106 0.023678
v -0.453719 0.749028 0.087984
v 0.406390 0.761721 0.087984
v -0.311731 0.787106 0.087984
v -0.311731 0.787106 0.216596
v -0.406390 0.761721 0.216596
v -0.406390 0.761721 -0.087986
v 0.406390 0.761721 -0.087986
v 0.311731 0.787106 -0.087986
v 0.406390 0.761721 -0.216598
v -0.406390 0.761721 0.087984
v 0.311731 0.787106 -0.216598
v -0.314923 0.786250 -0.026985
v -0.314923 0.786250 -0.148987
v -0.355869 0.775269 -0.148987
v -0.355869 0.775269 -0.087986
v -0.355869 0.775269 -0.026985
v 0.403198 0.762577 0.084680
v 0.403198 0.762577 0.026983
v 0.362252 0.773557 0.026983
v 0.362252 0.773557 0.084680
v 0.403198 0.762577 0.148986
v 0.403198 0.762577 0.091289
v 0.362252 0.773557 0.091289
v 0.362252 0.773557 0.148986
v 0.450528 0.749884 0.277597
v 0.450528 0.749884 0.091289
v 0.409582 0.760865 0.091289
v 0.409582 0.760865 0.152290
v 0.409582 0.760865 0.277597
v 0.450528 0.749884 0.084680
v 0.450528 0.749884 0.026983
v 0.409582 0.760865 0.026983
v 0.409582 0.760865 0.084680
v 0.311731 0.787106 0.155595
v 0.267594 0.798942 0.155595
v 0.267594 0.798942 0.277597
v 0.403198 0.762577 0.277597
v 0.403198 0.762577 0.155595
v 0.359061 0.774413 0.155595
v -0.267594 0.798942 -0.155597
v -0.267594 0.798942 -0.277599
v -0.403198 0.762577 -0.277599
v -0.403198 0.762577 -0.155597
v -0.359061 0.774413 -0.155597
v -0.311731 0.787106 -0.155597
v -0.267594 0.798942 -0.026985
v -0.267594 0.798942 -0.148987
v -0.308539 0.787962 -0.148987
v -0.308539 0.787962 -0.026985
v 0.308539 0.787962 0.148986
v 0.308539 0.787962 0.026983
v 0.267594 0.798942 0.026983
v 0.267594 0.798942 0.148986
v -0.409582 0.760865 -0.026985
v -0.409582 0.760865 -0.084682
v -0.450528 0.749884 -0.084682
v -0.450528 0.749884 -0.026985
v -0.362252 0.773557 -0.026985
v -0.362252 0.773557 -0.084682
v -0.403198 0.762577 -0.084682
v -0.403198 0.762577 -0.026985
v -0.362252 0.773557 -0.091291
v -0.362252 0.773557 -0.148987
v -0.403198 0.762577 -0.148987
v -0.403198 0.762577 -0.091291
v -0.409582 0.760865 -0.091291
v -0.409582 0.760865 -0.152292
v -0.409582 0.760865 -0.277599
v -0.450528 0.749884 -0.277599
v -0.450528 0.749884 -0.091291
v 0.355869 0.775269 0.087984
v 0.355869 0.775269 0.026983
v 0.314923 0.786250 0.026983
v 0.314923 0.786250 0.148986
v 0.355869 0.775269 0.148986
v -0.313882 0.782369 -0.148987
v -0.313882 0.782369 -0.026985
v -0.354828 0.771389 -0.026985
v -0.354828 0.771389 -0.148987
v -0.354828 0.771389 -0.087986
v 0.402157 0.758696 0.026983
v 0.402157 0.758696 0.084680
v 0.361212 0.769677 0.084680
v 0.361212 0.769677 0.026983
v 0.402157 0.758696 0.091289
v 0.402157 0.758696 0.148986
v 0.361212 0.769677 0.148986
v 0.361212 0.769677 0.091289
v 0.449487 0.746004 0.091289
v 0.449487 0.746004 0.277597
v 0.408541 0.756984 0.277597
v 0.408541 0.756984 0.091289
v 0.408541 0.756984 0.152290
v 0.449487 0.746004 0.026983
v 0.449487 0.746004 0.084680
v 0.408541 0.756984 0.084680
v 0.408541 0.756984 0.026983
v 0.310691 0.783225 0.155595
v 0.266553 0.795062 0.155595
v 0.358020 0.770533 0.155595
v 0.266553 0.795062 0.277597
v 0.402157 0.758696 0.277597
v 0.402157 0.758696 0.155595
v -0.266553 0.795062 -0.277599
v -0.266553 0.795062 -0.155597
v -0.310691 0.783225 -0.155597
v -0.402157 0.758696 -0.277599
v -0.402157 0.758696 -0.155597
v -0.358020 0.770533 -0.155597
v -0.266553 0.795062 -0.148987
v -0.266553 0.795062 -0.026985
v -0.307499 0.784081 -0.026985
v -0.307499 0.784081 -0.148987
v 0.307499 0.784081 0.026983
v 0.307499 0.784081 0.148986
v 0.266553 0.795062 0.148986
v 0.266553 0.795062 0.026983
v -0.408541 0.756984 -0.084682
v -0.408541 0.756984 -0.026985
v -0.449487 0.746004 -0.026985
v -0.449487 0.746004 -0.084682
v -0.361212 0.769677 -0.084682
v -0.361212 0.769677 -0.026985
v -0.402157 0.758696 -0.026985
v -0.402157 0.758696 -0.084682
v -0.361212 0.769677 -0.148987
v -0.361212 0.769677 -0.091291
v -0.402157 0.758696 -0.091291
v -0.402157 0.758696 -0.148987
v -0.408541 0.756984 -0.152292
v -0.408541 0.756984 -0.091291
v -0.449487 0.746004 -0.091291
v -0.408541 0.756984 -0.277599
v -0.449487 0.746004 -0.277599
v 0.354828 0.771389 0.026983
v 0.354828 0.771389 0.087984
v 0.354828 0.771389 0.148986
v 0.313882 0.782369 0.026983
v 0.313882 0.782369 0.148986
v 0.310691 0.783225 0.158636
v 0.269490 0.794274 0.158636
v 0.269490 0.794274 0.274556
v 0.399220 0.759484 0.274556
v 0.399220 0.759484 0.158636
v 0.358020 0.770533 0.158636
v -0.269490 0.794274 -0.158638
v -0.269490 0.794274 -0.274558
v -0.399220 0.759484 -0.274558
v -0.399220 0.759484 -0.158638
v -0.358020 0.770533 -0.158638
v -0.310691 0.783225 -0.158638
v 0.310309 0.781804 0.158636
v 0.269109 0.792853 0.158636
v 0.357639 0.769112 0.158636
v 0.269109 0.792853 0.274556
v 0.398839 0.758063 0.274556
v 0.398839 0.758063 0.158636
v -0.269109 0.792853 -0.274558
v -0.269109 0.792853 -0.158638
v -0.310309 0.781804 -0.158638
v -0.398839 0.758063 -0.274558
v -0.398839 0.758063 -0.158638
v -0.357639 0.769112 -0.158638
v -0.419414 0.088266 0.451713
v -0.419414 0.711734 0.451713
v -0.451713 0.711734 0.419414
v -0.451713 0.088266 0.419414
v -0.419414 0.711734 -0.451713
v -0.419414 0.088266 -0.451713
v -0.451713 0.088266 -0.419414
v -0.451713 0.711734 -0.419414
v 0.451713 0.711734 -0.419414
v 0.451713 0.088266 -0.419414
v 0.419414 0.088266 -0.451713
v 0.419414 0.711734 -0.451713
v 0.419414 0.711734 0.451713
v 0.419414 0.088266 0.451713
v 0.451713 0.088266 0.419414
v 0.451713 0.711734 0.419414
v -0.417966 0.088266 0.450264
v -0.417966 0.711734 0.450264
v -0.450264 0.088266 0.417966
v -0.450264 0.711734 0.417966
v -0.417966 0.711734 -0.450264
v -0.417966 0.088266 -0.450264
v -0.450264 0.711734 -0.417966
v -0.450264 0.088266 -0.417966
v 0.450264 0.711734 -0.417966
v 0.450264 0.088266 -0.417966
v 0.417966 0.711734 -0.450264
v 0.417966 0.088266 -0.450264
v 0.417966 0.711734 0.450264
v 0.417966 0.088266 0.450264
v 0.450264 0.711734 0.417966
v 0.450264 0.088266 0.417966
v -0.432072 0.761753 -0.500000
v -0.432072 0.757324 -0.500000
v -0.500000 0.757324 -0.432072
v -0.500000 0.761753 -0.432072
v 0.500000 0.757324 -0.432072
v 0.500000 0.761753 -0.432072
v 0.432072 0.757324 -0.500000
v 0.432072 0.761753 -0.500000
v 0.500000 0.757324 -0.309539
v 0.500000 0.761753 -0.309539
v -0.500000 0.761753 -0.309539
v -0.500000 0.757324 -0.309539
v -0.432072 0.757324 0.500000
v -0.432072 0.761753 0.500000
v -0.500000 0.757324 0.432072
v -0.500000 0.761753 0.432072
v 0.432072 0.761753 0.500000
v 0.432072 0.757324 0.500000
v 0.500000 0.757324 0.432072
v 0.500000 0.761753 0.432072
v 0.500000 0.761753 0.309539
v 0.500000 0.757324 0.309539
v -0.500000 0.757324 0.309539
v -0.500000 0.761753 0.309539
v 0.353280 0.757376 -0.309539
v 0.337498 0.761812 -0.309539
v 0.337299 0.761867 0.309539
v 0.353103 0.757425 0.309539
v -0.337385 0.761835 -0.309539
v -0.353180 0.757397 -0.309539
v -0.353397 0.757343 0.309539
v -0.337630 0.761774 0.309539
v -0.495139 0.761753 -0.314400
v -0.495139 0.757324 -0.314400
v 0.495139 0.757324 -0.314400
v 0.495139 0.761753 -0.314400
v 0.495139 0.757324 -0.430059
v 0.495139 0.761753 -0.430059
v 0.430059 0.757324 -0.495139
v 0.430059 0.761753 -0.495139
v -0.430059 0.761753 -0.495139
v -0.430059 0.757324 -0.495139
v -0.495139 0.757324 -0.430059
v -0.495139 0.761753 -0.430059
v -0.495139 0.757324 0.314400
v -0.495139 0.761753 0.314400
v -0.495139 0.757324 0.430059
v -0.495139 0.761753 0.430059
v 0.495139 0.761753 0.314400
v 0.495139 0.757324 0.314400
v 0.430059 0.761753 0.495139
v 0.430059 0.757324 0.495139
v 0.495139 0.757324 0.430059
v 0.495139 0.761753 0.430059
v -0.430059 0.757324 0.495139
v -0.430059 0.761753 0.495139
v 0.337498 0.761812 -0.314400
v 0.353280 0.757376 -0.314400
v 0.353103 0.757425 0.314400
v 0.337299 0.761867 0.314400
v -0.353180 0.757397 -0.314400
v -0.337385 0.761835 -0.314400
v -0.337630 0.761774 0.314400
v -0.353397 0.757343 0.314400
v -0.475485 0.800000 0.421918
v -0.500000 0.775485 0.432072
v -0.432072 0.775485 0.500000
v -0.421918 0.800000 0.475485
v -0.421918 0.800000 -0.475485
v -0.432072 0.775485 -0.500000
v -0.500000 0.775485 -0.432072
v -0.475485 0.800000 -0.421918
v 0.421918 0.800000 0.475485
v 0.432072 0.775485 0.500000
v 0.500000 0.775485 0.432072
v 0.475485 0.800000 0.421918
v 0.475485 0.800000 -0.421918
v 0.500000 0.775485 -0.432072
v 0.432072 0.775485 -0.500000
v 0.421918 0.800000 -0.475485
v 0.475485 0.800000 0.309539
v 0.500000 0.775485 0.309539
v 0.500000 0.775485 -0.309539
v 0.475485 0.800000 -0.309539
v -0.500000 0.775485 0.309539
v -0.475485 0.800000 0.309539
v -0.475485 0.800000 -0.309539
v -0.500000 0.775485 -0.309539
v -0.376194 0.706072 -0.456905
v 0.376194 0.706072 -0.456905
v 0.376194 0.706072 0.456905
v -0.376194 0.706072 0.456905
v 0.320759 0.486466 -0.456905
v 0.376194 0.615445 -0.456905
v 0.401465 0.479124 -0.456905
v -0.376194 0.615415 -0.456905
v -0.320759 0.486440 -0.456905
v -0.401464 0.479094 -0.456905
v -0.320759 0.486439 0.456905
v -0.376194 0.615394 0.456905
v -0.401464 0.479073 0.456905
v 0.376194 0.615698 0.456905
v 0.320759 0.486698 0.456905
v 0.401471 0.479379 0.456905
v 0.376194 0.647199 -0.519747
v 0.320759 0.613099 -0.575181
v 0.376194 0.706072 -0.519747
v 0.320759 0.706072 -0.575181
v -0.376194 0.647169 -0.519747
v -0.320759 0.613073 -0.575181
v -0.320759 0.706072 -0.575181
v -0.376194 0.706072 -0.519747
v -0.376194 0.647148 0.519747
v -0.320760 0.613072 0.575181
v -0.376194 0.706072 0.519747
v -0.320759 0.706072 0.575181
v 0.376194 0.647452 0.519747
v 0.320759 0.613331 0.575181
v 0.320759 0.706072 0.575181
v 0.376194 0.706072 0.519747
v -0.363993 0.706072 -0.503108
v 0.363992 0.706072 -0.503108
v 0.363992 0.706072 -0.514693
v 0.315705 0.706072 -0.562980
v -0.315706 0.706072 -0.562980
v -0.363993 0.706072 -0.514693
v 0.363992 0.706072 0.503108
v -0.363993 0.706072 0.503108
v -0.363993 0.706072 0.514693
v -0.315706 0.706072 0.562980
v 0.315705 0.706072 0.562980
v 0.363992 0.706072 0.514693
v 0.363992 0.648893 -0.503108
v -0.363993 0.648893 -0.503108
v -0.363993 0.648893 -0.514693
v 0.363992 0.648893 -0.514693
v 0.315705 0.648893 -0.562980
v -0.315706 0.648893 -0.562980
v -0.363993 0.648893 0.503108
v 0.363992 0.648893 0.503108
v 0.363992 0.648893 0.514693
v -0.363993 0.648893 0.514693
v -0.315706 0.648893 0.562980
v 0.315705 0.648893 0.562980
v -0.249228 0.403549 -0.443981
v 0.249228 0.403549 -0.443981
v 0.249228 0.379683 -0.435888
v -0.249228 0.379683 -0.435888
v 0.249228 0.403549 0.443981
v -0.249228 0.403549 0.443981
v -0.249228 0.379683 0.435888
v 0.249228 0.379683 0.435888
v 0.249228 0.404421 -0.441410
v -0.249228 0.404421 -0.441410
v -0.249228 0.380555 -0.433317
v 0.249228 0.380555 -0.433317
v -0.249228 0.404421 0.441410
v 0.249228 0.404421 0.441410
v 0.249228 0.380555 0.433317
v -0.249228 0.380555 0.433317
v -0.244902 0.400324 -0.440021
v 0.244902 0.400324 -0.440021
v 0.244902 0.384652 -0.434707
v -0.244902 0.384652 -0.434707
v 0.244902 0.400324 0.440021
v -0.244902 0.400324 0.440021
v -0.244902 0.384652 0.434707
v 0.244902 0.384652 0.434707
v 0.244902 0.400649 -0.439061
v -0.244902 0.400649 -0.439061
v -0.244902 0.384978 -0.433747
v 0.244902 0.384978 -0.433747
v -0.244902 0.400649 0.439061
v 0.244902 0.400649 0.439061
v 0.244902 0.384978 0.433747
v -0.244902 0.384978 0.433747
vn -1.0000 -0.0000 -0.0000
vn -0.0000 1.0000 -0.0000
vn -0.0000 -1.0000 -0.0000
vn -0.7071 -0.0000 0.7071
vn 1.0000 -0.0000 -0.0000
vn -0.0000 -0.0000 1.0000
vn 0.7071 -0.0000 -0.7071
vn -0.7071 -0.0000 -0.7071
vn -0.0000 -0.0000 -1.0000
vn 0.7071 -0.0000 0.7071
vn -0.0000 0.9470 0.3212
vn -0.0000 -0.1737 0.9848
vn 0.7071 -0.7071 -0.0000
vn -0.7071 -0.7071 -0.0000
vn 0.7071 0.7071 -0.0000
vn -0.0000 0.1737 0.9848
vn -0.0000 -0.1737 -0.9848
vn -0.0000 0.1737 -0.9848
vn -0.7071 0.7071 -0.0000
vn -1.0000 -0.0027 -0.0014
vn -1.0000 -0.0027 0.0014
vn 0.6909 0.7229 -0.0057
vn 0.6909 0.7229 0.0057
vn -0.6909 0.7229 0.0057
vn -0.6909 0.7229 -0.0057
vn 1.0000 -0.0027 -0.0014
vn 1.0000 -0.0027 0.0014
vn -0.8165 0.5774 -0.0000
vn 0.8165 0.5774 -0.0000
vn 0.5624 -0.8268 -0.0000
vn 0.9005 -0.0000 0.4349
vn -0.5624 0.8268 -0.0000
vn -0.9005 -0.0000 -0.4349
vn -0.5624 -0.8268 -0.0000
vn 0.5624 0.8268 -0.0000
vn 0.9005 -0.0000 -0.4349
vn -0.9005 -0.0000 0.4349
vn -0.9005 -0.0000 0.4348
vn 0.9005 -0.0000 -0.4348
vn 0.9005 -0.0000 0.4348
vn -0.9005 -0.0000 -0.4348
vn -0.5000 0.7071 -0.5000
vn 0.5000 0.7071 -0.5000
vn 0.5000 0.7071 0.5000
vn -0.5000 0.7071 0.5000
vn -0.0000 0.7071 0.7071
vn -0.0000 0.7071 -0.7071
vn -0.7066 0.7076 -0.0001
vn 0.7066 0.7076 -0.0001
vn -0.7066 0.7076 0.0001
vn -0.0285 0.0568 0.9980
vn 0.0070 0.0140 0.9999
vn -0.0007 0.0015 -1.0000
vn -0.2706 0.9627 -0.0007
vn -0.2706 0.9627 -0.0005
vn 1.0000 -0.0020 0.0033
vn -1.0000 -0.0006 -0.0009
vn 0.0087 0.0173 -0.9998
vn -0.9659 0.2590 -0.0000
vn 1.0000 -0.0001 -0.0001
vn 0.2706 0.9627 -0.0021
vn 0.9659 -0.2590 -0.0000
vn -0.9659 -0.2590 -0.0000
vn 0.2590 0.9659 -0.0000
vn -0.2590 0.9659 -0.0000
vn 0.9659 0.2590 -0.0000
vn 0.1832 0.6830 0.7071
vn -0.4998 0.8661 -0.0000
vn 0.8661 0.4998 -0.0000
vn 0.1832 0.6830 -0.7071
vn 0.4998 0.8661 -0.0000
vn -0.1832 0.6830 0.7071
vn -0.1832 0.6830 -0.7071
vn -0.8661 0.4998 -0.0000
vn -0.2591 0.9659 -0.0000
vn 0.2591 0.9659 -0.0000
vn -1.0000 -0.0005 0.0008
vn 0.2706 0.9627 0.0002
vn 0.2706 0.9627 -0.0000
vn 0.0004 1.0000 -0.0002
vn -0.0007 -1.0000 -0.0004
vn 0.0001 -1.0000 -0.0001
vn -0.2706 0.9627 -0.0000
vn 0.0005 -1.0000 0.0003
vn -0.0004 -1.0000 0.0002
vn -0.0005 1.0000 -0.0003
vn 0.0007 1.0000 0.0003
vn -0.2705 0.9627 -0.0000
vn -0.0001 1.0000 0.0001
vn 0.0003 -0.6826 0.7308
vn 0.8208 -0.4300 0.3761
vn -0.8206 -0.4302 0.3762
vn -0.8207 -0.4301 -0.3761
vn 0.8207 -0.4301 -0.3761
vn -0.0000 -0.6826 -0.7308
vn -0.0000 -0.3211 -0.9470
vn -0.0000 -0.3211 0.9470
vn -0.0000 0.9470 -0.3212
vn -0.0000 -0.9470 0.3211
vn -0.0000 -0.9470 -0.3211
vn -0.0000 -0.9470 -0.3212
vn -0.0000 -0.9470 0.3212
vt 0.585614 0.016982
vt 0.599755 0.016982
vt 0.599755 0.088994
vt 0.585614 0.088994
vt 0.458333 0.661006
vt 0.458333 0.588994
vt 0.458333 0.661006
vt 0.541667 0.233018
vt 0.541667 0.266982
vt 0.541667 0.161006
vt 0.581053 0.161006
vt 0.581053 0.233018
vt 0.375000 0.000000
vt 0.439340 0.000000
vt 0.439340 0.016982
vt 0.375000 0.016982
vt 0.458333 0.483018
vt 0.458333 0.266982
vt 0.541667 0.016982
vt 0.581053 0.016982
vt 0.581053 0.088994
vt 0.541667 0.088994
vt 0.541667 0.766982
vt 0.541667 0.983018
vt 0.541667 0.661006
vt 0.581053 0.661006
vt 0.581053 0.733018
vt 0.541667 0.733018
vt 0.458333 0.161006
vt 0.541667 0.161006
vt 0.458333 0.233018
vt 0.585614 0.161006
vt 0.599755 0.161006
vt 0.599755 0.233018
vt 0.585614 0.233018
vt 0.541667 0.483018
vt 0.439340 0.016982
vt 0.439340 0.088994
vt 0.375000 0.088994
vt 0.581053 0.766982
vt 0.581053 0.983018
vt 0.375000 0.161006
vt 0.439340 0.161006
vt 0.439340 0.233018
vt 0.375000 0.233018
vt 0.375000 0.516982
vt 0.439340 0.516982
vt 0.439340 0.588994
vt 0.375000 0.588994
vt 0.375000 0.661006
vt 0.439340 0.661006
vt 0.439340 0.733018
vt 0.375000 0.733018
vt 0.458333 0.983018
vt 0.458333 0.766982
vt 0.375000 0.483018
vt 0.439340 0.483018
vt 0.599755 0.266982
vt 0.585614 0.266982
vt 0.585614 0.233018
vt 0.599755 0.233018
vt 0.541667 0.516982
vt 0.585614 0.661006
vt 0.625000 0.582805
vt 0.625000 0.522823
vt 0.625000 0.227176
vt 0.625000 0.166990
vt 0.625000 0.103017
vt 0.625000 0.646983
vt 0.599755 0.661006
vt 0.458333 0.516982
vt 0.585614 0.661006
vt 0.599755 0.661006
vt 0.599755 0.733018
vt 0.585614 0.733018
vt 0.541667 0.000000
vt 0.375000 0.266982
vt 0.439340 0.266982
vt 0.460663 0.271634
vt 0.539337 0.271634
vt 0.541667 0.661006
vt 0.458333 0.733018
vt 0.460663 0.478366
vt 0.459292 0.014916
vt 0.459292 0.002066
vt 0.540708 0.262850
vt 0.459292 0.262850
vt 0.540708 0.002066
vt 0.459292 0.737150
vt 0.540708 0.737150
vt 0.375000 0.766982
vt 0.439340 0.766982
vt 0.439340 0.983018
vt 0.375000 0.983018
vt 0.426504 0.661006
vt 0.541667 0.588994
vt 0.581053 0.661006
vt 0.625000 0.661006
vt 0.625000 0.592542
vt 0.505477 0.766982
vt 0.539337 0.771634
vt 0.460663 0.771634
vt 0.439340 0.588994
vt 0.458333 0.588994
vt 0.426504 0.588994
vt 0.426504 0.088994
vt 0.426504 0.161006
vt 0.458333 0.161006
vt 0.439340 0.161006
vt 0.458333 0.016982
vt 0.458333 0.088994
vt 0.426504 0.588994
vt 0.500000 0.161006
vt 0.500000 0.088994
vt 0.625000 0.530575
vt 0.585614 0.588994
vt 0.599755 0.588994
vt 0.625000 0.578502
vt 0.625000 0.171498
vt 0.585614 0.161006
vt 0.625000 0.219477
vt 0.625000 0.264418
vt 0.625000 0.485607
vt 0.458333 0.088994
vt 0.581053 0.161006
vt 0.625000 0.161006
vt 0.625000 0.212196
vt 0.439340 0.088994
vt 0.540336 0.770199
vt 0.522102 0.769143
vt 0.506850 0.767463
vt 0.460663 0.978366
vt 0.509539 0.465879
vt 0.509536 0.284120
vt 0.540336 0.285642
vt 0.540336 0.464358
vt 0.539337 0.478366
vt 0.505440 0.483018
vt 0.539337 0.978366
vt 0.505433 0.983018
vt 0.536745 0.974298
vt 0.463255 0.974298
vt 0.536745 0.472144
vt 0.536745 0.472144
vt 0.539337 0.963995
vt 0.539337 0.786005
vt 0.539337 0.463996
vt 0.500000 0.588994
vt 0.498925 0.159844
vt 0.498925 0.090156
vt 0.539980 0.160025
vt 0.501687 0.160025
vt 0.501687 0.089975
vt 0.501687 0.160025
vt 0.000000 0.000000
vt 0.500000 0.661006
vt 0.541497 0.660338
vt 0.540150 0.659555
vt 0.539980 0.589975
vt 0.501687 0.589975
vt 0.501687 0.660025
vt 0.539980 0.660025
vt 0.539980 0.089975
vt 0.541497 0.089662
vt 0.541497 0.160338
vt 0.524510 0.607458
vt 0.535835 0.607458
vt 0.501687 0.660025
vt 0.535835 0.642542
vt 0.502825 0.159486
vt 0.502833 0.125000
vt 0.520549 0.143770
vt 0.520833 0.159486
vt 0.539980 0.660025
vt 0.520833 0.590514
vt 0.502825 0.590514
vt 0.539411 0.590245
vt 0.539411 0.659755
vt 0.520833 0.659486
vt 0.538842 0.659486
vt 0.520833 0.090514
vt 0.502825 0.090514
vt 0.539411 0.090245
vt 0.539411 0.159755
vt 0.538842 0.159486
vt 0.502825 0.625000
vt 0.502825 0.659486
vt 0.502825 0.125000
vt 0.539698 0.643392
vt 0.538842 0.643392
vt 0.538842 0.606608
vt 0.539697 0.606608
vt 0.541497 0.589662
vt 0.540150 0.090445
vt 0.540150 0.159555
vt 0.540150 0.590445
vt 0.541258 0.159398
vt 0.540389 0.158893
vt 0.540389 0.591107
vt 0.541257 0.590602
vt 0.541257 0.090602
vt 0.541258 0.659398
vt 0.540389 0.091107
vt 0.540389 0.658893
vt 0.539980 0.643770
vt 0.539980 0.606230
vt 0.521503 0.106608
vt 0.521503 0.143392
vt 0.520549 0.143770
vt 0.520549 0.106230
vt 0.520549 0.606230
vt 0.520549 0.643770
vt 0.502833 0.625000
vt 0.539980 0.606230
vt 0.538842 0.606230
vt 0.538842 0.590514
vt 0.538842 0.090514
vt 0.539980 0.106230
vt 0.538842 0.106230
vt 0.520549 0.643770
vt 0.538842 0.606230
vt 0.520164 0.606230
vt 0.520164 0.143770
vt 0.538842 0.143770
vt 0.520549 0.106230
vt 0.520549 0.606229
vt 0.520164 0.106230
vt 0.538842 0.106230
vt 0.539411 0.659755
vt 0.538842 0.643770
vt 0.539980 0.143770
vt 0.538842 0.143770
vt 0.520164 0.643770
vt 0.538842 0.643770
vt 0.539980 0.106230
vt 0.521503 0.643392
vt 0.538842 0.643392
vt 0.538842 0.106608
vt 0.539698 0.106608
vt 0.539698 0.143392
vt 0.538842 0.143392
vt 0.521503 0.606608
vt 0.538842 0.143392
vt 0.524510 0.107458
vt 0.524509 0.142542
vt 0.524509 0.642542
vt 0.535835 0.107458
vt 0.535835 0.142542
vt 0.533544 0.107941
vt 0.533544 0.142059
vt 0.526800 0.642059
vt 0.526801 0.607941
vt 0.526801 0.107941
vt 0.526801 0.142059
vt 0.533544 0.642059
vt 0.533544 0.607941
vt 0.536745 0.474298
vt 0.536745 0.275702
vt 0.463255 0.275702
vt 0.463255 0.474298
vt 0.463255 0.775702
vt 0.536745 0.775702
vt 0.536745 0.474298
vt 0.463255 0.785650
vt 0.463255 0.875000
vt 0.463255 0.964350
vt 0.463255 0.285650
vt 0.463255 0.375000
vt 0.463255 0.464350
vt 0.463255 0.474298
vt 0.463255 0.375000
vt 0.476340 0.375000
vt 0.500000 0.388375
vt 0.500000 0.464350
vt 0.463255 0.464350
vt 0.536745 0.786543
vt 0.536745 0.963458
vt 0.536745 0.964350
vt 0.536745 0.888375
vt 0.536745 0.861625
vt 0.536745 0.785650
vt 0.536745 0.464350
vt 0.500000 0.785650
vt 0.536745 0.285650
vt 0.500000 0.285650
vt 0.463255 0.285650
vt 0.500000 0.964350
vt 0.536745 0.277856
vt 0.536745 0.972144
vt 0.536745 0.777856
vt 0.536745 0.463458
vt 0.536745 0.277856
vt 0.536745 0.286543
vt 0.536745 0.285650
vt 0.536745 0.275702
vt 0.536745 0.972144
vt 0.500000 0.388375
vt 0.536745 0.388375
vt 0.500000 0.861625
vt 0.500000 0.361625
vt 0.476340 0.875000
vt 0.500000 0.888375
vt 0.536745 0.388375
vt 0.536745 0.361625
vt 0.500000 0.861625
vt 0.476340 0.875000
vt 0.482903 0.875000
vt 0.501204 0.864654
vt 0.532955 0.385346
vt 0.501204 0.385346
vt 0.532955 0.885346
vt 0.501204 0.885346
vt 0.482903 0.375000
vt 0.501204 0.364654
vt 0.500000 0.888375
vt 0.532955 0.364654
vt 0.532955 0.864654
vt 0.459408 0.590156
vt 0.459408 0.659844
vt 0.459408 0.090156
vt 0.459408 0.159844
vt 0.498925 0.659844
vt 0.498925 0.590156
vt 0.459408 0.159844
vt 0.479167 0.090156
vt 0.479167 0.590156
vt 0.459408 0.625000
vt 0.459408 0.125000
vt 0.459846 0.124360
vt 0.459846 0.090796
vt 0.498925 0.625000
vt 0.498925 0.125000
vt 0.498012 0.159204
vt 0.480080 0.159204
vt 0.479167 0.659844
vt 0.479167 0.159844
vt 0.478728 0.624360
vt 0.459846 0.624360
vt 0.478728 0.090796
vt 0.498012 0.125640
vt 0.478728 0.590796
vt 0.480080 0.125640
vt 0.459846 0.590796
vt 0.479167 0.625000
vt 0.498012 0.625640
vt 0.480080 0.625640
vt 0.498012 0.659204
vt 0.480080 0.659204
vt 0.479167 0.125000
vt 0.479167 0.159844
vt 0.478728 0.125640
vt 0.459846 0.125640
vt 0.478728 0.159204
vt 0.459846 0.159204
vt 0.478728 0.124360
vt 0.498012 0.090796
vt 0.480080 0.090796
vt 0.498012 0.124360
vt 0.480080 0.124360
vt 0.478728 0.625640
vt 0.459846 0.625640
vt 0.478728 0.659204
vt 0.459846 0.659204
vt 0.498012 0.590796
vt 0.480080 0.590796
vt 0.498012 0.624360
vt 0.480080 0.624360
vt 0.496367 0.626794
vt 0.496367 0.658050
vt 0.481725 0.591950
vt 0.496367 0.591950
vt 0.465435 0.627075
vt 0.468911 0.627075
vt 0.468911 0.634199
vt 0.465435 0.634199
vt 0.473893 0.135299
vt 0.477746 0.135299
vt 0.477746 0.141872
vt 0.473893 0.141872
vt 0.481725 0.158050
vt 0.481725 0.126794
vt 0.469664 0.092231
vt 0.473140 0.092231
vt 0.473140 0.099354
vt 0.469664 0.099354
vt 0.465435 0.127075
vt 0.468911 0.127075
vt 0.468911 0.134199
vt 0.465435 0.134199
vt 0.481725 0.091950
vt 0.496367 0.091950
vt 0.481725 0.626794
vt 0.481725 0.658050
vt 0.496367 0.126794
vt 0.496367 0.158050
vt 0.496367 0.123206
vt 0.481725 0.123206
vt 0.496367 0.623206
vt 0.481725 0.623206
vt 0.483577 0.093248
vt 0.494515 0.093248
vt 0.483577 0.656752
vt 0.483577 0.628093
vt 0.483577 0.128092
vt 0.494515 0.128092
vt 0.494515 0.628093
vt 0.494515 0.656752
vt 0.494515 0.156752
vt 0.483577 0.156752
vt 0.494515 0.121908
vt 0.483577 0.121908
vt 0.494515 0.593248
vt 0.483577 0.593248
vt 0.494515 0.621907
vt 0.483577 0.621908
vt 0.493511 0.621203
vt 0.484581 0.621203
vt 0.493511 0.121203
vt 0.484581 0.121203
vt 0.493511 0.593953
vt 0.493511 0.156047
vt 0.484581 0.156047
vt 0.493511 0.628797
vt 0.484581 0.628797
vt 0.493511 0.656047
vt 0.484581 0.656047
vt 0.493511 0.128797
vt 0.484581 0.128797
vt 0.493511 0.093953
vt 0.484581 0.093953
vt 0.484581 0.593953
vt 0.477746 0.127075
vt 0.460829 0.127075
vt 0.477746 0.157769
vt 0.460829 0.157769
vt 0.477746 0.092231
vt 0.460829 0.092231
vt 0.477746 0.122925
vt 0.460829 0.122925
vt 0.477746 0.627075
vt 0.460829 0.627075
vt 0.477746 0.657769
vt 0.460829 0.657769
vt 0.477746 0.592231
vt 0.460829 0.592231
vt 0.477746 0.622925
vt 0.460829 0.622925
vt 0.460829 0.150646
vt 0.464681 0.150646
vt 0.464681 0.157769
vt 0.460829 0.115801
vt 0.464681 0.115801
vt 0.464681 0.122925
vt 0.460829 0.650646
vt 0.464681 0.650646
vt 0.464681 0.657769
vt 0.460829 0.615801
vt 0.464681 0.615801
vt 0.464681 0.622925
vt 0.473893 0.100455
vt 0.477746 0.100455
vt 0.477746 0.107028
vt 0.473893 0.107028
vt 0.469664 0.592231
vt 0.473140 0.592231
vt 0.473140 0.599354
vt 0.469664 0.599354
vt 0.473893 0.142972
vt 0.477746 0.142972
vt 0.477746 0.149545
vt 0.473893 0.149545
vt 0.473893 0.635299
vt 0.477746 0.635299
vt 0.477746 0.641872
vt 0.473893 0.641872
vt 0.473893 0.108128
vt 0.477746 0.108128
vt 0.477746 0.114701
vt 0.473893 0.114701
vt 0.473893 0.600455
vt 0.477746 0.600455
vt 0.477746 0.607028
vt 0.473893 0.607028
vt 0.465435 0.092231
vt 0.468911 0.092231
vt 0.468911 0.099354
vt 0.465435 0.099354
vt 0.473893 0.642972
vt 0.477746 0.642972
vt 0.477746 0.649545
vt 0.473893 0.649545
vt 0.469664 0.627075
vt 0.473140 0.627075
vt 0.473140 0.634199
vt 0.469664 0.634199
vt 0.473893 0.608128
vt 0.477746 0.608128
vt 0.477746 0.614701
vt 0.473893 0.614701
vt 0.465435 0.592231
vt 0.468911 0.592231
vt 0.468911 0.599354
vt 0.465435 0.599354
vt 0.469664 0.600455
vt 0.473140 0.600455
vt 0.473140 0.607028
vt 0.469664 0.607028
vt 0.439340 0.233018
vt 0.458333 0.000000
vt 0.464681 0.622925
vt 0.465435 0.622925
vt 0.468911 0.622925
vt 0.469664 0.622925
vt 0.473140 0.622925
vt 0.473893 0.622925
vt 0.469664 0.635299
vt 0.473140 0.635299
vt 0.473140 0.641872
vt 0.469664 0.641872
vt 0.477746 0.615801
vt 0.477746 0.614701
vt 0.477746 0.608128
vt 0.477746 0.607028
vt 0.477746 0.600455
vt 0.477746 0.599354
vt 0.465435 0.657769
vt 0.468911 0.657769
vt 0.469664 0.657769
vt 0.473140 0.657769
vt 0.473893 0.657769
vt 0.469664 0.100455
vt 0.473140 0.100455
vt 0.473140 0.107028
vt 0.469664 0.107028
vt 0.477746 0.650646
vt 0.477746 0.649545
vt 0.477746 0.642972
vt 0.477746 0.641872
vt 0.477746 0.634199
vt 0.465435 0.122925
vt 0.468911 0.122925
vt 0.469664 0.122925
vt 0.473140 0.122925
vt 0.473893 0.122925
vt 0.469664 0.135299
vt 0.473140 0.135299
vt 0.473140 0.141872
vt 0.469664 0.141872
vt 0.477746 0.115801
vt 0.477746 0.114701
vt 0.477746 0.108128
vt 0.477746 0.107028
vt 0.477746 0.100455
vt 0.477746 0.099354
vt 0.465435 0.157769
vt 0.468911 0.157769
vt 0.469664 0.157769
vt 0.473140 0.157769
vt 0.473893 0.157769
vt 0.464681 0.127075
vt 0.464681 0.134199
vt 0.460829 0.134199
vt 0.477746 0.150646
vt 0.477746 0.149545
vt 0.477746 0.142972
vt 0.477746 0.134199
vt 0.469664 0.142972
vt 0.473140 0.142972
vt 0.473140 0.149545
vt 0.469664 0.149545
vt 0.473893 0.127075
vt 0.473140 0.127075
vt 0.469664 0.127075
vt 0.473893 0.627075
vt 0.473893 0.634199
vt 0.460829 0.134199
vt 0.460829 0.135299
vt 0.460829 0.141872
vt 0.460829 0.142972
vt 0.460829 0.149545
vt 0.460829 0.150646
vt 0.473893 0.150646
vt 0.477746 0.150646
vt 0.473893 0.157769
vt 0.460829 0.142972
vt 0.464681 0.142972
vt 0.464681 0.149545
vt 0.473893 0.092231
vt 0.477746 0.099354
vt 0.473893 0.099354
vt 0.460829 0.135299
vt 0.464681 0.135299
vt 0.464681 0.141872
vt 0.460829 0.141872
vt 0.465435 0.135299
vt 0.468911 0.135299
vt 0.468911 0.141872
vt 0.465435 0.141872
vt 0.469664 0.108128
vt 0.473140 0.108128
vt 0.473140 0.114701
vt 0.469664 0.114701
vt 0.460829 0.108128
vt 0.464681 0.108128
vt 0.464681 0.114701
vt 0.460829 0.114701
vt 0.464681 0.092231
vt 0.464681 0.099354
vt 0.460829 0.099354
vt 0.460829 0.100455
vt 0.460829 0.107028
vt 0.460829 0.114701
vt 0.473893 0.115801
vt 0.477746 0.115801
vt 0.473893 0.122925
vt 0.473140 0.092231
vt 0.469664 0.092231
vt 0.464681 0.627075
vt 0.464681 0.634199
vt 0.460829 0.634199
vt 0.464681 0.100455
vt 0.464681 0.107028
vt 0.460829 0.107028
vt 0.465435 0.100455
vt 0.468911 0.100455
vt 0.468911 0.107028
vt 0.465435 0.107028
vt 0.469664 0.642972
vt 0.473140 0.642972
vt 0.473140 0.649545
vt 0.469664 0.649545
vt 0.469664 0.627075
vt 0.468911 0.607028
vt 0.469664 0.608128
vt 0.468911 0.608128
vt 0.460829 0.635299
vt 0.460829 0.641872
vt 0.460829 0.642972
vt 0.460829 0.649545
vt 0.473893 0.650646
vt 0.477746 0.650646
vt 0.473893 0.657769
vt 0.464681 0.642972
vt 0.464681 0.649545
vt 0.460829 0.649545
vt 0.473893 0.592231
vt 0.473893 0.599354
vt 0.460829 0.635299
vt 0.464681 0.635299
vt 0.464681 0.641872
vt 0.460829 0.641872
vt 0.465435 0.635299
vt 0.468911 0.635299
vt 0.468911 0.641872
vt 0.465435 0.641872
vt 0.473140 0.608128
vt 0.473140 0.614701
vt 0.469664 0.614701
vt 0.460829 0.608128
vt 0.464681 0.608128
vt 0.464681 0.614701
vt 0.460829 0.614701
vt 0.464681 0.592231
vt 0.464681 0.599354
vt 0.460829 0.599354
vt 0.460829 0.599354
vt 0.460829 0.600455
vt 0.460829 0.607028
vt 0.473893 0.615801
vt 0.473893 0.592231
vt 0.473140 0.592231
vt 0.469664 0.592231
vt 0.468911 0.592231
vt 0.465435 0.592231
vt 0.464681 0.592231
vt 0.473893 0.134199
vt 0.460829 0.600455
vt 0.464681 0.600455
vt 0.464681 0.607028
vt 0.460829 0.607028
vt 0.465435 0.600455
vt 0.468911 0.600455
vt 0.465435 0.607028
vt 0.465435 0.615801
vt 0.468911 0.615801
vt 0.465435 0.608128
vt 0.468911 0.614701
vt 0.465435 0.614701
vt 0.469664 0.615801
vt 0.473140 0.615801
vt 0.469664 0.622925
vt 0.465435 0.650646
vt 0.468911 0.650646
vt 0.465435 0.642972
vt 0.468911 0.642972
vt 0.468911 0.649545
vt 0.465435 0.649545
vt 0.469664 0.650646
vt 0.473140 0.650646
vt 0.469664 0.657769
vt 0.465435 0.115801
vt 0.468911 0.115801
vt 0.465435 0.108128
vt 0.468911 0.108128
vt 0.468911 0.114701
vt 0.465435 0.114701
vt 0.469664 0.115801
vt 0.473140 0.115801
vt 0.469664 0.122925
vt 0.465435 0.150646
vt 0.468911 0.150646
vt 0.465435 0.142972
vt 0.468911 0.142972
vt 0.468911 0.149545
vt 0.465435 0.149545
vt 0.469664 0.150646
vt 0.473140 0.150646
vt 0.469664 0.157769
vt 0.469664 0.134199
vt 0.473140 0.134199
vt 0.473140 0.127075
vt 0.469664 0.127075
vt 0.541667 0.659363
vt 0.625000 0.652004
vt 0.625000 0.264648
vt 0.625000 0.485352
vt 0.541667 0.590715
vt 0.625000 0.597996
vt 0.625000 0.625000
vt 0.541667 0.090698
vt 0.625000 0.097995
vt 0.625000 0.125000
vt 0.625000 0.152005
vt 0.541667 0.159307
vt 0.625000 0.262357
vt 0.625000 0.248716
vt 0.625000 0.235075
vt 0.625000 0.512079
vt 0.625000 0.237921
vt 0.625000 0.157277
vt 0.625000 0.130220
vt 0.625000 0.244681
vt 0.625000 0.219477
vt 0.625000 0.212196
vt 0.625000 0.088994
vt 0.625000 0.157277
vt 0.625000 0.166990
vt 0.625000 0.514925
vt 0.625000 0.487643
vt 0.625000 0.501284
vt 0.625000 0.646297
vt 0.625000 0.621196
vt 0.625000 0.588994
vt 0.625000 0.487643
vt 0.625000 0.592542
vt 0.625000 0.492144
vt 0.625000 0.505319
vt 0.625000 0.257856
vt 0.625000 0.619780
vt 0.625000 0.594679
vt 0.625000 0.155321
vt 0.625000 0.506273
vt 0.625000 0.519448
vt 0.625000 0.243727
vt 0.625000 0.230552
vt 0.625000 0.128804
vt 0.625000 0.103703
vt 0.625000 0.592312
vt 0.625000 0.495352
vt 0.625000 0.495352
vt 0.625000 0.133917
vt 0.625000 0.241824
vt 0.625000 0.241824
vt 0.625000 0.508176
vt 0.625000 0.508176
vt 0.625000 0.495352
vt 0.625000 0.525730
vt 0.625000 0.548690
vt 0.625000 0.544399
vt 0.625000 0.522044
vt 0.625000 0.616083
vt 0.625000 0.254648
vt 0.625000 0.157688
vt 0.625000 0.618483
vt 0.625000 0.642254
vt 0.625000 0.509827
vt 0.625000 0.522650
vt 0.625000 0.240173
vt 0.625000 0.227350
vt 0.625000 0.131517
vt 0.625000 0.107747
vt 0.625000 0.155336
vt 0.625000 0.160232
vt 0.625000 0.135186
vt 0.625000 0.129685
vt 0.625000 0.616083
vt 0.625000 0.254648
vt 0.625000 0.642254
vt 0.625000 0.227350
vt 0.625000 0.240173
vt 0.625000 0.611111
vt 0.625000 0.586336
vt 0.625000 0.561562
vt 0.625000 0.536788
vt 0.625000 0.512014
vt 0.625000 0.508932
vt 0.625000 0.505851
vt 0.625000 0.502770
vt 0.625000 0.499688
vt 0.625000 0.589110
vt 0.625000 0.594610
vt 0.625000 0.600110
vt 0.625000 0.605610
vt 0.625000 0.566755
vt 0.625000 0.250312
vt 0.625000 0.244149
vt 0.625000 0.237986
vt 0.625000 0.213212
vt 0.625000 0.188438
vt 0.625000 0.163664
vt 0.625000 0.138889
vt 0.625000 0.160890
vt 0.625000 0.183245
vt 0.625000 0.144390
vt 0.625000 0.614814
vt 0.625000 0.620315
vt 0.625000 0.636815
vt 0.625000 0.609350
vt 0.625000 0.526955
vt 0.625000 0.514630
vt 0.625000 0.539676
vt 0.625000 0.564722
vt 0.625000 0.589768
vt 0.625000 0.520792
vt 0.625000 0.235370
vt 0.625000 0.232289
vt 0.625000 0.229208
vt 0.625000 0.226126
vt 0.625000 0.223045
vt 0.625000 0.195580
vt 0.625000 0.168115
vt 0.625000 0.140650
vt 0.625000 0.113185
vt 0.625000 0.185278
vt 0.625000 0.210324
vt 0.625000 0.118685
vt 0.625000 0.124185
vt 0.625000 0.571650
vt 0.625000 0.533102
vt 0.625000 0.557271
vt 0.625000 0.552981
vt 0.625000 0.529416
vt 0.625000 0.581441
vt 0.625000 0.576546
vt 0.625000 0.516485
vt 0.625000 0.522396
vt 0.625000 0.145546
vt 0.625000 0.150441
vt 0.625000 0.199266
vt 0.625000 0.202952
vt 0.625000 0.176697
vt 0.625000 0.172406
vt 0.625000 0.206638
vt 0.625000 0.180987
vt 0.625000 0.211739
vt 0.625000 0.218797
vt 0.625000 0.634689
vt 0.625000 0.618859
vt 0.625000 0.538168
vt 0.625000 0.545096
vt 0.625000 0.174799
vt 0.625000 0.170434
vt 0.625000 0.195203
vt 0.625000 0.598024
vt 0.625000 0.573517
vt 0.625000 0.191326
vt 0.625000 0.607262
vt 0.625000 0.570970
vt 0.625000 0.574847
vt 0.625000 0.528633
vt 0.625000 0.220584
vt 0.625000 0.197019
vt 0.625000 0.198396
vt 0.625000 0.192729
vt 0.625000 0.194359
vt 0.625000 0.190321
vt 0.625000 0.594664
vt 0.625000 0.588324
vt 0.625000 0.592689
vt 0.625000 0.566638
vt 0.625000 0.569013
vt 0.625000 0.570515
vt 0.625000 0.599559
vt 0.625000 0.593179
vt 0.625000 0.597544
vt 0.625000 0.573303
vt 0.625000 0.596654
vt 0.625000 0.601332
vt 0.625000 0.610942
vt 0.625000 0.613401
vt 0.625000 0.618309
vt 0.625000 0.591716
vt 0.625000 0.596135
vt 0.625000 0.547048
vt 0.625000 0.522737
vt 0.625000 0.547245
vt 0.625000 0.248630
vt 0.625000 0.242734
vt 0.625000 0.184517
vt 0.625000 0.173454
vt 0.625000 0.175280
vt 0.625000 0.197232
vt 0.625000 0.220781
vt 0.625000 0.242393
vt 0.625000 0.236482
vt 0.625000 0.221992
vt 0.625000 0.215064
vt 0.625000 0.168559
vt 0.625000 0.166671
vt 0.625000 0.162251
vt 0.625000 0.145744
vt 0.625000 0.140836
vt 0.625000 0.190871
vt 0.625000 0.186994
vt 0.625000 0.169944
vt 0.625000 0.165579
vt 0.625000 0.171867
vt 0.625000 0.167189
vt 0.625000 0.181477
vt 0.625000 0.162123
vt 0.625000 0.146294
vt 0.625000 0.563245
vt 0.625000 0.567283
vt 0.625000 0.541562
vt 0.625000 0.548621
vt 0.625000 0.571320
vt 0.625000 0.524529
vt 0.625000 0.530175
vt 0.625000 0.241434
vt 0.625000 0.247080
vt 0.625000 0.547425
vt 0.625000 0.605342
vt 0.625000 0.596610
vt 0.625000 0.573713
vt 0.625000 0.185689
vt 0.625000 0.176957
vt 0.625000 0.197429
vt 0.625000 0.220961
vt 0.505433 0.000000
vt 0.540708 0.014916
vt 0.505436 0.266982
vt 0.459292 0.237150
vt 0.540708 0.237150
vt 0.459292 0.512850
vt 0.540708 0.512850
vt 0.459292 0.487150
vt 0.540708 0.487150
vt 0.459292 0.762850
vt 0.540708 0.762850
vt 0.599755 0.483018
vt 0.585614 0.483018
vt 0.581053 0.588994
vt 0.625000 0.537850
vt 0.585614 0.516982
vt 0.599755 0.516982
vt 0.581053 0.516982
vt 0.581053 0.483018
vt 0.599755 0.766982
vt 0.585614 0.766982
vt 0.581053 0.266982
vt 0.581053 0.233018
vt 0.599755 0.983018
vt 0.585614 0.983018
vt 0.625000 0.518572
vt 0.625000 0.487911
vt 0.625000 0.262089
vt 0.625000 0.231428
vt 0.581053 0.000000
vt 0.625000 0.721314
vt 0.625000 0.178436
vt 0.625000 0.788184
vt 0.625000 0.749533
vt 0.585614 0.000000
vt 0.625000 0.001795
vt 0.625000 0.015187
vt 0.599755 0.000000
vt 0.540336 0.479801
vt 0.522062 0.480860
vt 0.524886 0.480696
vt 0.509567 0.784122
vt 0.509535 0.965880
vt 0.509535 0.965880
vt 0.540336 0.270199
vt 0.506811 0.267463
vt 0.509536 0.284121
vt 0.509539 0.465879
vt 0.506815 0.482537
vt 0.540336 0.979801
vt 0.522054 0.980860
vt 0.524876 0.980696
vt 0.540336 0.979801
vt 0.524934 0.769307
vt 0.509535 0.965879
vt 0.506808 0.982537
vt 0.540336 0.476402
vt 0.540336 0.462950
vt 0.540336 0.773598
vt 0.540336 0.773598
vt 0.506815 0.482537
vt 0.522062 0.480860
vt 0.522054 0.980860
vt 0.522058 0.269140
vt 0.522058 0.269140
vt 0.524880 0.269304
vt 0.540336 0.785642
vt 0.540336 0.964358
vt 0.509539 0.481586
vt 0.509536 0.268414
vt 0.509533 0.981580
vt 0.509564 0.768416
vt 0.540336 0.476402
vt 0.540336 0.273598
vt 0.540336 0.464358
vt 0.540336 0.285642
vt 0.540336 0.287050
vt 0.540336 0.273598
vt 0.540336 0.976402
vt 0.540336 0.976402
vt 0.540336 0.964358
vt 0.540336 0.962950
vt 0.540336 0.787050
vt 0.539337 0.286005
vt 0.539337 0.963996
vt 0.539337 0.462451
vt 0.539337 0.287549
vt 0.539337 0.787549
vt 0.539337 0.787549
vt 0.539337 0.462451
vt 0.539337 0.287549
vt 0.539337 0.962451
vt 0.539337 0.962451
s 0
usemtl M_Noir_Bleuté
f 563/5/2 560/6/2 315/6/2 317/7/2
f 28/8/3 27/9/3 60/9/3 5/8/3
f 47/10/1 1436/11/1 1427/12/1 28/8/1
f 17/13/4 539/14/4 542/15/4 18/16/4
f 548/17/2 545/18/2 61/18/2 62/17/2
f 25/19/1 1439/20/1 1447/21/1 48/22/1
f 31/23/3 26/24/3 65/24/3 66/23/3
f 39/25/5 1446/26/5 1443/27/5 32/28/5
f 44/29/1 41/30/1 5/8/1 14/31/1
f 27/9/3 30/36/3 59/36/3 60/9/3
f 18/16/1 542/37/1 558/38/1 46/39/1
f 31/23/6 1442/40/6 1437/41/6 26/24/6
f 45/42/1 559/43/1 543/44/1 19/45/1
f 24/46/5 550/47/5 555/48/5 49/49/5
f 50/50/5 557/51/5 551/52/5 21/53/5
f 540/54/2 553/55/2 63/55/2 64/54/2
f 550/47/7 24/46/7 23/56/7 547/57/7
f 30/36/3 29/62/3 4/62/3 59/36/3
f 549/71/2 548/17/2 62/17/2 11/71/2
f 26/76/3 25/19/3 16/19/3 65/76/3
f 20/77/9 546/78/9 547/57/9 23/56/9
f 13/79/5 6/80/5 230/80/5 231/79/5
f 36/7/5 33/81/5 1/28/5 10/82/5
f 12/83/2 13/79/2 231/79/2 232/83/2
f 1396/84/2 1393/85/2 1409/85/2 1411/84/2
f 1397/86/4 1398/87/4 1414/87/4 1413/86/4
f 1393/85/8 1394/88/8 1410/88/8 1409/85/8
f 1407/89/4 1408/90/4 1423/90/4 1424/89/4
f 553/55/2 552/82/2 10/82/2 63/55/2
f 39/25/3 32/28/3 1/28/3 33/81/3
f 22/91/6 554/92/6 539/93/6 17/94/6
f 47/10/3 28/8/3 5/8/3 41/30/3
f 564/5/9 557/51/9 50/50/9 56/50/9 562/95/9
f 32/28/3 31/23/3 66/23/3 1/28/3
f 29/62/3 40/96/3 34/96/3 4/62/3
f 554/92/10 22/91/10 21/53/10 551/52/10
f 11/71/5 4/62/5 34/96/5 35/6/5
f 1446/97/9 39/25/9 1066/25/9 1068/98/9 1452/99/9
f 38/100/6 2/101/6 9/102/6 63/55/6
f 49/49/6 555/103/6 556/104/6 561/105/6 55/49/6
f 20/77/3 23/56/3 24/46/3 49/49/3 55/49/3 56/50/3 50/50/3 21/53/3 22/91/3 17/94/3 18/16/3 46/39/3 58/39/3 57/42/3 45/42/3 19/45/3
f 25/19/3 48/22/3 42/22/3 16/19/3
f 57/42/1 58/39/1 566/106/1 568/107/1
f 570/108/6 559/109/6 45/42/6 57/42/6 568/107/6
f 7/110/1 16/19/1 42/22/1 43/111/1
f 14/31/2 544/31/2 570/108/2 44/29/2
f 1442/40/10 31/23/10 32/28/10 1443/27/10
f 55/49/5 561/112/5 562/95/5 56/50/5
f 318/113/2 316/114/2 89/114/2 90/113/2
f 10/82/2 552/82/2 564/5/2 36/7/2
f 569/29/2 565/111/2 319/111/2 320/29/2
f 7/110/2 43/124/2 567/124/2 541/110/2
f 1436/125/6 47/10/6 1074/10/6 1073/126/6 1454/127/6
f 46/39/9 558/128/9 567/124/9 566/106/9 58/39/9
f 38/100/6 66/23/6 1515/129/6 1526/130/6 1528/131/6
f 13/79/9 12/83/9 62/17/9 61/18/9
f 9/102/6 8/132/6 64/54/6 63/55/6
f 1530/133/9 1534/134/9 1535/135/9 1532/136/9
f 12/83/9 3/137/9 52/138/9 62/17/9
f 8/132/6 15/139/6 37/140/6 64/54/6
f 255/141/1 72/142/1 248/142/1 264/141/1
f 67/143/1 237/144/1 270/144/1 265/143/1
f 3/137/1 12/83/1 232/83/1 229/137/1
f 8/132/2 9/102/2 233/102/2 234/132/2
f 1575/145/11 1576/146/11 1583/146/11 1584/145/11
f 15/139/5 8/132/5 234/132/5 235/139/5
f 9/102/1 2/101/1 236/101/1 233/102/1
f 1570/147/1 1571/147/1 1580/147/1 1577/147/1
f 35/104/6 34/96/6 109/96/6 86/148/6 313/148/6 315/6/6 560/104/6
f 328/149/1 327/150/1 316/114/1 318/113/1
f 112/151/9 82/152/9 105/152/9 93/151/9
f 82/152/3 81/153/3 104/153/3 105/154/3
f 107/22/3 42/22/3 41/155/3 108/155/3
f 314/156/2 313/148/2 86/148/2 88/156/2
f 87/157/12 79/158/12 130/158/12 126/157/12
f 83/164/2 84/165/2 124/165/2 123/164/2
f 81/153/6 111/163/6 92/163/6 104/153/6
f 181/166/6 175/167/6 220/167/6 215/166/6
f 80/161/3 78/160/3 98/160/3 101/168/3
f 175/167/3 174/169/3 219/169/3 220/167/3
f 106/170/1 148/171/1 180/172/1 146/173/1
f 114/162/6 80/161/6 101/161/6 100/174/6
f 78/160/9 113/159/9 95/159/9 98/160/9
f 142/175/7 97/176/7 98/160/7 95/159/7 141/177/7
f 143/178/10 144/179/10 99/180/10
f 145/181/4 103/182/4 104/153/4 92/163/4 139/183/4
f 140/184/8 146/173/8 94/185/8
f 97/176/13 147/186/13 102/187/13 101/168/13 98/160/13
f 103/182/14 148/188/14 106/170/14 105/154/14 104/153/14
f 170/189/15 203/190/15 204/191/15 171/192/15
f 116/197/16 120/198/16 136/198/16 132/197/16
f 121/199/16 117/200/16 133/200/16 137/199/16
f 75/194/12 83/164/12 123/164/12 127/194/12
f 79/158/3 77/196/3 129/196/3 130/158/3
f 85/193/2 87/157/2 126/157/2 125/193/2
f 77/196/17 85/193/17 125/193/17 129/196/17
f 84/165/17 76/195/17 128/195/17 124/165/17
f 76/195/3 75/194/3 127/194/3 128/195/3
f 116/197/1 115/201/1 123/164/1 124/165/1
f 118/202/5 117/200/5 125/193/5 126/157/5
f 119/203/1 120/198/1 128/195/1 127/194/1
f 121/199/5 122/204/5 130/158/5 129/196/5
f 120/198/1 116/197/1 124/165/1 128/195/1
f 115/201/1 119/203/1 127/194/1 123/164/1
f 117/200/5 121/199/5 129/196/5 125/193/5
f 122/204/5 118/202/5 126/157/5 130/158/5
f 120/198/2 119/203/2 135/203/2 136/198/2
f 115/201/3 116/197/3 132/197/3 131/201/3
f 118/202/18 122/204/18 138/204/18 134/202/18
f 119/203/18 115/201/18 131/201/18 135/203/18
f 122/204/2 121/199/2 137/199/2 138/204/2
f 117/200/3 118/202/3 134/202/3 133/200/3
f 113/159/2 114/162/2 100/162/2 169/205/2 172/206/2 95/159/2
f 182/211/5 184/212/5 147/213/5
f 95/159/15 172/214/15 176/215/15 96/216/15 141/177/15
f 93/151/8 105/152/8 106/170/8 146/173/8 140/184/8
f 91/217/4 145/181/4 139/183/4
f 100/174/10 101/161/10 102/187/10 144/179/10 143/178/10
f 96/216/7 142/175/7 141/177/7
f 92/163/19 164/218/19 165/219/19 91/217/19 139/183/19
f 147/213/5 184/220/5 144/179/5 102/187/5
f 142/175/5 96/216/5 176/221/5 182/222/5
f 146/173/1 180/223/1 168/224/1 94/185/1
f 178/210/1 180/209/1 148/171/1
f 148/188/1 103/182/1 145/181/1 178/225/1
f 97/176/5 142/175/5 182/226/5 147/186/5
f 178/227/1 145/181/1 91/217/1 165/228/1
f 169/205/15 100/162/15 143/229/15 99/180/15 173/230/15
f 161/231/19 93/151/19 140/184/19 94/185/19 168/232/19
f 184/233/5 173/234/5 99/180/5 144/179/5
f 111/163/2 112/151/2 93/151/2 161/231/2 164/235/2 92/163/2
f 200/236/6 203/237/6 190/237/6 154/236/6
f 169/205/9 173/230/9 189/230/9 187/205/9
f 180/209/2 178/210/2 160/210/2 157/209/2
f 164/235/14 161/231/14 195/231/14 194/235/14
f 201/238/6 197/207/6 159/207/6 151/238/6
f 173/234/9 184/233/9 153/233/9 189/234/9
f 170/189/19 171/192/19 185/192/19 188/189/19
f 163/239/6 201/238/6 151/238/6 193/239/6
f 197/207/3 198/208/3 158/208/3 159/207/3
f 171/192/9 204/191/9 191/191/9 185/192/9
f 178/227/9 165/228/9 152/228/9 160/227/9
f 165/219/9 164/218/9 194/218/9 152/219/9
f 162/240/19 202/241/19 201/238/19 163/239/19
f 182/222/6 176/221/6 192/221/6 156/222/6
f 168/224/6 180/223/6 157/223/6 149/224/6
f 162/240/15 163/239/15 193/239/15 196/240/15
f 199/242/3 200/236/3 154/236/3 155/242/3
f 203/190/6 170/189/6 188/189/6 190/190/6
f 204/191/9 199/242/9 155/242/9 191/191/9
f 198/208/9 202/243/9 150/243/9 158/208/9
f 161/231/6 168/232/6 149/232/6 195/231/6
f 202/241/9 162/240/9 196/240/9 150/241/9
f 184/212/2 182/211/2 156/211/2 153/212/2
f 176/215/6 172/214/6 186/214/6 192/215/6
f 172/206/13 169/205/13 187/205/13 186/206/13
f 177/244/1 179/245/1 198/208/1 197/207/1
f 181/166/5 183/246/5 200/236/5 199/242/5
f 166/247/1 177/244/1 197/207/1 201/238/1
f 179/245/1 167/248/1 202/243/1 198/208/1
f 183/246/5 174/169/5 203/237/5 200/236/5
f 175/167/5 181/166/5 199/242/5 204/191/5
f 167/248/1 166/247/1 201/238/1 202/243/1
f 174/169/5 175/167/5 204/191/5 203/237/5
f 167/248/6 179/245/6 214/245/6 218/248/6
f 183/246/2 181/166/2 215/166/2 216/246/2
f 166/247/3 167/248/3 218/248/3 217/247/3
f 174/169/9 183/246/9 216/246/9 219/169/9
f 177/244/9 166/247/9 217/247/9 213/244/9
f 179/245/2 177/244/2 213/244/2 214/245/2
f 253/257/5 70/260/5 244/260/5 258/263/5
f 71/261/5 256/262/5 259/262/5 245/261/5
f 72/142/3 71/261/3 245/261/3 246/264/3 282/265/3 247/266/3 248/142/3
f 70/260/3 69/259/3 241/259/3 242/267/3 281/268/3 243/269/3 244/270/3
f 69/259/1 254/258/1 261/258/1 241/259/1
f 281/271/9 293/272/9 288/273/9 277/274/9 243/275/9
f 251/276/2 250/277/2 263/278/2 302/279/2 301/280/2 260/281/2
f 243/275/7 277/274/7 257/282/7 258/263/7 244/260/7
f 260/281/10 278/283/10 246/264/10 245/261/10 259/262/10
f 262/284/8 279/285/8 242/286/8 241/259/8 261/258/8
f 247/266/4 280/287/4 263/278/4 264/141/4 248/142/4
f 68/288/9 67/143/9 265/143/9 266/288/9
f 67/143/2 68/288/2 254/258/2 253/257/2
f 73/289/2 74/290/2 256/262/2 255/141/2
f 238/291/2 237/144/2 258/257/2 257/282/2
f 252/290/2 251/276/2 260/281/2 259/262/2
f 240/292/2 239/293/2 262/294/2 261/295/2
f 250/277/2 249/296/2 264/141/2 263/278/2
f 68/288/2 240/292/2 261/295/2 254/258/2
f 237/144/2 67/143/2 253/257/2 258/257/2
f 288/297/9 300/298/9 257/282/9 277/274/9
f 278/283/6 260/281/6 301/280/6 297/299/6
f 74/290/2 252/290/2 259/262/2 256/262/2
f 249/296/2 73/289/2 255/141/2 264/141/2
f 268/290/2 267/289/2 276/296/2 275/277/2 272/276/2 271/290/2
f 266/288/2 265/143/2 270/144/2 269/291/2 274/293/2 273/292/2
f 239/293/10 240/292/10 273/292/10 274/293/10
f 73/289/5 249/296/5 276/296/5 267/289/5
f 74/290/6 73/289/6 267/289/6 268/290/6
f 238/291/6 239/293/6 274/293/6 269/291/6
f 249/296/7 250/277/7 275/277/7 276/296/7
f 237/144/4 238/291/4 269/291/4 270/144/4
f 250/277/9 251/276/9 272/276/9 275/277/9
f 240/292/5 68/288/5 266/288/5 273/292/5
f 251/276/8 252/290/8 271/290/8 272/276/8
f 252/290/1 74/290/1 268/290/1 271/290/1
f 242/286/9 279/285/9 294/300/9 293/272/9 281/271/9
f 282/265/6 296/301/6 291/302/6 280/287/6 247/266/6
f 239/293/2 238/291/2 257/282/2 300/303/2 299/304/2 262/294/2
f 246/264/6 278/283/6 297/305/6 296/306/6 282/265/6
f 291/302/6 302/279/6 263/278/6 280/287/6
f 292/307/28 290/308/28 305/308/28 308/307/28
f 283/309/1 295/310/1 304/310/1 310/309/1
f 285/311/5 298/312/5 306/312/5 312/311/5
f 295/310/28 289/313/28 307/313/28 304/310/28
f 279/285/9 262/284/9 299/304/9 294/300/9
f 287/314/9 289/313/9 293/272/9 294/300/9
f 289/313/9 295/310/9 288/273/9 293/272/9
f 290/308/6 292/307/6 296/301/6 297/299/6
f 292/307/6 298/312/6 291/315/6 296/301/6
f 283/309/9 284/316/9 299/304/9 300/298/9
f 295/310/9 283/309/9 300/298/9 288/297/9
f 284/316/9 287/314/9 294/300/9 299/304/9
f 285/311/6 286/317/6 301/280/6 302/279/6
f 298/312/6 285/311/6 302/279/6 291/302/6
f 286/317/6 290/308/6 297/299/6 301/280/6
f 290/308/1 286/317/1 311/317/1 305/308/1
f 287/314/5 284/316/5 309/316/5 303/314/5
f 298/312/29 292/307/29 308/307/29 306/312/29
f 289/313/29 287/314/29 303/314/29 307/313/29
f 286/317/3 285/311/3 312/311/3 311/317/3
f 284/316/3 283/309/3 310/309/3 309/316/3
f 321/318/5 322/319/5 317/7/5 315/6/5
f 323/320/1 324/321/1 320/29/1 319/111/1
f 326/322/5 325/323/5 313/148/5 314/156/5
f 322/319/5 326/322/5 314/156/5 317/7/5
f 325/323/5 321/318/5 315/6/5 313/148/5
f 324/324/1 328/149/1 318/113/1 320/29/1
f 327/150/1 323/320/1 319/111/1 316/114/1
f 323/320/9 327/150/9 336/150/9 339/325/9 331/320/9
f 321/318/6 325/323/6 335/323/6 337/326/6 329/318/6
f 322/319/2 321/318/2 329/318/2 342/327/2 330/319/2
f 324/321/2 323/320/2 331/320/2 341/328/2 332/321/2
f 325/323/3 326/322/3 333/322/3 343/331/3 335/323/3
f 328/149/3 334/149/3 344/332/3 336/150/3 327/150/3
f 353/333/9 354/334/9 385/334/9 386/333/9
f 326/322/9 322/319/9 330/319/9 338/335/9 333/322/9
f 324/324/6 332/324/6 340/336/6 334/149/6 328/149/6
f 352/340/2 353/333/2 386/333/2 383/340/2
f 354/334/3 351/342/3 384/342/3 385/334/3
f 412/368/30 413/369/30 430/369/30 427/368/30
f 423/370/31 424/371/31 440/371/31 439/370/31
f 418/380/32 415/381/32 432/381/32 433/380/32
f 419/390/33 420/391/33 436/391/33 435/390/33
f 347/346/9 348/345/9 379/345/9 380/346/9
f 350/348/3 347/346/3 380/346/3 381/348/3
f 348/345/2 349/347/2 382/347/2 379/345/2
f 375/365/9 376/364/9 408/364/9 407/365/9
f 349/347/6 350/348/6 381/348/6 382/347/6
f 378/367/3 375/365/3 407/365/3 409/367/3
f 376/364/2 377/366/2 410/366/2 408/364/2
f 363/357/6 364/356/6 396/356/6 395/357/6
f 377/366/6 378/367/6 409/367/6 410/366/6
f 366/359/3 363/357/3 395/357/3 397/359/3
f 364/356/2 365/358/2 398/358/2 396/356/2
f 351/342/6 352/340/6 383/340/6 384/342/6
f 365/358/9 366/359/9 397/359/9 398/358/9
f 380/346/5 379/345/5 412/368/5 411/392/5
f 379/345/5 382/347/5 413/369/5 412/368/5
f 382/347/5 381/348/5 414/393/5 413/369/5
f 381/348/5 380/346/5 411/392/5 414/393/5
f 384/342/1 383/340/1 416/394/1 415/381/1
f 383/340/1 386/333/1 417/395/1 416/394/1
f 386/333/1 385/334/1 418/380/1 417/395/1
f 385/334/1 384/342/1 415/381/1 418/380/1
f 395/357/1 396/356/1 420/391/1 419/390/1
f 396/356/1 398/358/1 421/396/1 420/391/1
f 398/358/1 397/359/1 422/397/1 421/396/1
f 397/359/1 395/357/1 419/390/1 422/397/1
f 407/365/5 408/364/5 424/371/5 423/370/5
f 408/364/5 410/366/5 425/398/5 424/371/5
f 410/366/5 409/367/5 426/399/5 425/398/5
f 409/367/5 407/365/5 423/370/5 426/399/5
f 451/400/9 452/401/9 468/401/9 467/400/9
f 446/402/2 443/403/2 460/403/2 461/402/2
f 447/404/9 448/405/9 463/405/9 464/404/9
f 443/403/6 444/406/6 459/406/6 460/403/6
f 422/397/32 419/390/32 435/390/32 437/397/32
f 416/394/34 417/395/34 434/395/34 431/394/34
f 426/399/35 423/370/35 439/370/35 441/399/35
f 413/369/36 414/393/36 429/393/36 430/369/36
f 420/391/34 421/396/34 438/396/34 436/391/34
f 417/395/37 418/380/37 433/380/37 434/395/37
f 424/371/30 425/398/30 442/398/30 440/371/30
f 421/396/38 422/397/38 437/397/38 438/396/38
f 425/398/39 426/399/39 441/399/39 442/398/39
f 411/392/40 412/368/40 427/368/40 428/392/40
f 415/381/41 416/394/41 431/394/41 432/381/41
f 414/393/35 411/392/35 428/392/35 429/393/35
f 428/392/5 427/368/5 444/406/5 443/403/5
f 427/368/5 430/369/5 445/407/5 444/406/5
f 430/369/5 429/393/5 446/402/5 445/407/5
f 429/393/5 428/392/5 443/403/5 446/402/5
f 432/381/1 431/394/1 448/405/1 447/404/1
f 431/394/1 434/395/1 449/408/1 448/405/1
f 434/395/1 433/380/1 450/409/1 449/408/1
f 433/380/1 432/381/1 447/404/1 450/409/1
f 435/390/1 436/391/1 452/401/1 451/400/1
f 436/391/1 438/396/1 453/410/1 452/401/1
f 438/396/1 437/397/1 454/411/1 453/410/1
f 437/397/1 435/390/1 451/400/1 454/411/1
f 439/370/5 440/371/5 456/412/5 455/413/5
f 440/371/5 442/398/5 457/414/5 456/412/5
f 442/398/5 441/399/5 458/415/5 457/414/5
f 441/399/5 439/370/5 455/413/5 458/415/5
f 450/409/2 447/404/2 464/404/2 465/409/2
f 455/413/6 456/412/6 472/412/6 471/413/6
f 444/406/3 445/407/3 462/407/3 459/406/3
f 454/411/2 451/400/2 467/400/2 469/411/2
f 448/405/3 449/408/3 466/408/3 463/405/3
f 458/415/2 455/413/2 471/413/2 473/415/2
f 445/407/9 446/402/9 461/402/9 462/407/9
f 452/401/3 453/410/3 470/410/3 468/401/3
f 449/408/6 450/409/6 465/409/6 466/408/6
f 456/412/3 457/414/3 474/414/3 472/412/3
f 453/410/6 454/411/6 469/411/6 470/410/6
f 457/414/9 458/415/9 473/415/9 474/414/9
f 545/18/2 544/31/2 14/31/2 61/18/2
f 546/78/8 20/77/8 19/45/8 543/508/8
f 544/31/42 545/18/42 546/78/42 543/508/42
f 548/17/43 549/71/43 550/47/43 547/57/43
f 552/82/44 553/55/44 554/92/44 551/52/44
f 540/509/45 541/110/45 542/15/45 539/14/45
f 553/55/46 540/54/46 539/93/46 554/92/46
f 545/18/47 548/17/47 547/57/47 546/78/47
f 549/71/15 556/104/15 555/48/15 550/47/15
f 541/110/48 567/124/48 558/38/48 542/37/48
f 564/5/49 552/82/49 551/52/49 557/51/49
f 570/108/50 544/31/50 543/44/50 559/43/50
f 541/110/2 540/509/2 64/509/2 7/110/2
f 560/104/6 561/105/6 556/104/6 35/104/6
f 562/95/9 563/5/9 36/5/9 564/5/9
f 565/111/9 566/106/9 567/124/9 43/111/9
f 568/107/6 569/108/6 44/108/6 570/108/6
f 565/111/19 569/29/19 568/107/19 566/106/19
f 560/6/15 563/5/15 562/95/15 561/112/15
f 11/71/2 35/6/2 556/104/2 549/71/2
f 108/155/6 41/155/6 44/155/6 569/155/6 320/155/6 318/155/6 90/155/6
f 42/22/9 107/22/9 89/114/9 316/114/9 319/111/9 565/111/9 43/111/9
f 110/155/9 33/155/9 36/155/9 563/155/9 317/155/9 314/155/9 88/155/9
f 109/96/3 34/96/3 33/155/3 110/81/3
f 722/536/2 721/535/2 1040/535/2 1039/536/2
f 710/616/6 709/588/6 998/588/6 997/616/6
f 680/659/3 679/668/3 956/668/3 955/659/3
f 756/530/6 755/529/6 1038/529/6 1037/530/6
f 736/581/3 735/580/3 996/580/3 995/581/3
f 684/513/6 683/512/6 954/512/6 953/513/6
f 730/521/2 729/520/2 1036/520/2 1035/521/2
f 708/555/9 707/450/9 994/450/9 993/555/9
f 764/515/6 763/514/6 1034/514/6 1033/515/6
f 704/577/3 703/576/3 992/576/3 991/577/3
f 702/560/6 701/386/6 990/386/6 989/560/6
f 760/457/3 759/662/3 1032/662/3 1031/457/3
f 738/566/2 737/377/2 988/377/2 987/566/2
f 732/511/6 731/510/6 1030/510/6 1029/511/6
f 734/572/6 733/571/6 986/571/6 985/572/6
f 728/667/3 727/666/3 1028/666/3 1027/667/3
f 758/675/9 757/674/9 1026/674/9 1025/675/9
f 658/378/2 657/565/2 984/565/2 983/378/2
f 762/525/2 761/524/2 1024/524/2 1023/525/2
f 654/387/6 653/573/6 982/573/6 981/387/6
f 726/671/9 725/670/9 1022/670/9 1021/671/9
f 666/552/2 665/551/2 980/551/2 979/552/2
f 662/485/6 661/617/6 978/617/6 977/485/6
f 752/454/3 751/639/3 1020/639/3 1019/454/3
f 674/538/2 673/537/2 976/537/2 975/538/2
f 724/526/6 723/456/6 1018/456/6 1017/526/6
f 670/373/9 669/632/9 974/632/9 973/373/9
f 720/636/3 719/620/3 1016/620/3 1015/636/3
f 676/528/6 675/527/6 958/527/6 957/528/6
f 746/554/2 745/553/2 1000/553/2 999/554/2
f 672/638/3 671/637/3 960/637/3 959/638/3
f 742/607/6 741/484/6 1002/484/6 1001/607/6
f 668/542/9 667/541/9 962/541/9 961/542/9
f 712/610/3 711/609/3 1004/609/3 1003/610/3
f 748/544/9 747/543/9 1042/543/9 1041/544/9
f 664/603/3 663/611/3 964/611/3 963/603/3
f 716/540/9 715/453/9 1006/453/9 1005/540/9
f 714/550/2 713/549/2 1044/549/2 1043/550/2
f 660/557/9 659/556/9 966/556/9 965/557/9
f 744/451/3 743/612/3 1008/612/3 1007/451/3
f 740/559/9 739/558/9 1046/558/9 1045/559/9
f 656/579/3 655/578/3 968/578/3 967/579/3
f 750/493/9 749/574/9 1010/574/9 1009/493/9
f 706/564/2 705/563/2 1048/563/2 1047/564/2
f 678/673/9 677/672/9 970/672/9 969/673/9
f 754/539/2 753/473/2 1012/473/2 1011/539/2
f 682/523/2 681/522/2 972/522/2 971/523/2
f 718/618/9 717/372/9 1014/372/9 1013/618/9
f 1053/723/51 1049/724/51 1067/724/51 1065/723/51
f 1049/724/5 1053/723/5 1054/727/5 1051/728/5 1093/729/5
f 1055/730/1 1052/731/1 1094/732/1 1050/733/1 1056/734/1
f 1061/735/5 1095/736/5 1060/737/5 1084/737/5 1085/735/5
f 1104/741/9 1101/742/9 1118/742/9 1119/741/9
f 1052/731/52 1055/730/52 1080/730/52 1078/731/52
f 1051/728/53 1054/727/53 1079/727/53 1077/728/53
f 1057/748/1 1096/750/1 1064/749/1 1088/749/1 1081/748/1
f 1056/734/58 1050/733/58 1076/733/58 1075/734/58
f 1050/733/9 1061/735/9 1085/735/9 1076/733/9
f 1105/751/59 1106/752/59 1121/752/59 1122/751/59
f 33/155/3 34/96/3 1070/96/3 1079/727/3 1054/727/3 1053/723/3 1065/723/3 1066/25/3
f 1060/737/6 1052/731/6 1078/731/6 1084/737/6
f 1064/749/9 1051/728/9 1077/728/9 1088/749/9
f 41/155/3 42/22/3 1072/22/3 1080/730/3 1055/730/3 1056/734/3 1075/734/3 1074/10/3
f 1049/724/6 1057/748/6 1081/748/6 1067/724/6
f 1100/756/62 1097/757/62 1114/757/62 1115/756/62
f 1101/742/63 1102/758/63 1117/758/63 1118/742/63
f 1096/750/64 1093/729/64 1098/759/64 1097/757/64
f 1093/729/64 1051/728/64 1099/760/64 1098/759/64
f 1051/728/64 1064/749/64 1100/756/64 1099/760/64
f 1064/749/64 1096/750/64 1097/757/64 1100/756/64
f 1095/736/65 1061/735/65 1102/758/65 1101/742/65
f 1061/735/65 1050/733/65 1103/761/65 1102/758/65
f 1050/733/65 1094/732/65 1104/741/65 1103/761/65
f 1094/732/65 1095/736/65 1101/742/65 1104/741/65
f 1049/724/64 1093/729/64 1106/752/64 1105/751/64
f 1093/729/64 1096/750/64 1107/762/64 1106/752/64
f 1096/750/64 1057/748/64 1108/763/64 1107/762/64
f 1057/748/64 1049/724/64 1105/751/64 1108/763/64
f 1060/737/65 1095/736/65 1110/764/65 1109/765/65
f 1095/736/65 1094/732/65 1111/766/65 1110/764/65
f 1094/732/65 1052/731/65 1112/767/65 1111/766/65
f 1052/731/65 1060/737/65 1109/765/65 1112/767/65
f 1131/768/9 1132/769/9 1162/770/9 1163/768/9
f 1136/771/6 1133/772/6 1168/773/6 1170/771/6
f 1132/769/59 1129/774/59 1160/775/59 1162/776/59
f 1240/777/64 1219/778/64 1153/779/64 1216/780/64
f 1109/765/63 1110/764/63 1125/764/63 1126/765/63
f 1098/759/59 1099/760/59 1116/760/59 1113/759/59
f 1108/763/9 1105/751/9 1122/751/9 1123/763/9
f 1102/758/6 1103/761/6 1120/761/6 1117/758/6
f 1112/767/9 1109/765/9 1126/765/9 1127/767/9
f 1099/760/6 1100/756/6 1115/756/6 1116/760/6
f 1106/752/6 1107/762/6 1124/762/6 1121/752/6
f 1103/761/66 1104/741/66 1119/741/66 1120/761/66
f 1110/764/6 1111/766/6 1128/766/6 1125/764/6
f 1107/762/62 1108/763/62 1123/763/62 1124/762/62
f 1111/766/66 1112/767/66 1127/767/66 1128/766/66
f 1097/757/9 1098/759/9 1113/759/9 1114/757/9
f 1130/781/62 1131/768/62 1163/768/62 1157/781/62
f 1134/782/9 1135/783/9 1171/783/9 1165/782/9
f 1138/784/9 1139/786/9 1179/786/9 1173/784/9
f 1142/788/9 1143/790/9 1187/790/9 1181/788/9
f 1135/783/63 1136/771/63 1170/771/63 1171/783/63
f 1239/792/65 1201/793/65 1188/794/65 1230/795/65
f 1129/774/6 1130/781/6 1157/796/6 1160/774/6
f 1139/786/59 1140/787/59 1178/787/59 1179/786/59
f 1133/772/66 1134/782/66 1165/797/66 1168/772/66
f 1143/790/63 1144/791/63 1186/791/63 1187/790/63
f 1140/787/6 1137/785/6 1176/798/6 1178/787/6
f 1137/785/62 1138/784/62 1173/784/62 1176/785/62
f 1144/791/6 1141/789/6 1184/799/6 1186/791/6
f 1141/789/66 1142/788/66 1181/800/66 1184/789/66
f 1158/801/67 1207/802/67 1156/803/67 1221/804/67 1159/805/67 1160/774/67 1157/796/67
f 1159/805/68 1206/806/68 1155/807/68 1222/808/68 1161/809/68 1162/776/68 1160/775/68
f 1164/810/69 1205/811/69 1154/812/69 1223/813/69 1158/801/69 1157/781/69 1163/768/69
f 1163/768/70 1162/770/70 1161/809/70 1216/780/70 1153/779/70 1224/814/70 1164/810/70
f 1166/815/71 1152/816/71 1167/817/71 1168/772/71 1165/797/71
f 1167/817/72 1215/818/72 1151/819/72 1225/820/72 1169/821/72 1170/771/72 1168/773/72
f 1165/782/73 1171/783/73 1172/822/73 1204/823/73 1166/815/73
f 1169/821/74 1203/824/74 1172/822/74 1171/783/74 1170/771/74
f 1174/825/69 1220/826/69 1175/827/69 1176/785/69 1173/784/69
f 1178/787/67 1176/798/67 1175/827/67 1218/828/67 1177/829/67
f 1173/784/70 1179/786/70 1180/830/70 1202/831/70 1150/832/70 1226/833/70 1174/825/70
f 1177/829/68 1149/834/68 1180/830/68 1179/786/68 1178/787/68
f 1182/835/71 1200/836/71 1148/837/71 1227/838/71 1183/839/71 1184/789/71 1181/800/71
f 1186/791/72 1184/799/72 1183/839/72 1213/840/72 1147/841/72 1228/842/72 1185/843/72
f 1181/788/73 1187/790/73 1188/794/73 1201/793/73 1146/844/73 1229/845/73 1182/835/73
f 1185/843/74 1199/846/74 1145/847/74 1230/795/74 1188/794/74 1187/790/74 1186/791/74
f 1238/848/64 1205/811/64 1164/810/64 1224/814/64
f 1237/849/64 1214/850/64 1189/851/64 1198/852/64
f 1236/853/64 1223/813/64 1154/812/64 1211/854/64
f 1281/855/62 1282/856/62 1345/856/62 1346/855/62
f 1234/857/65 1217/858/65 1145/847/65 1199/846/65
f 1233/859/65 1212/860/65 1191/861/65 1195/862/65
f 1232/863/65 1229/845/65 1146/844/65 1209/864/65
f 1241/865/63 1242/866/63 1305/866/63 1306/865/63
f 1254/867/59 1255/868/59 1318/868/59 1319/867/59
f 1280/869/6 1281/855/6 1346/855/6 1343/869/6
f 1282/856/9 1279/870/9 1344/870/9 1345/856/9
f 1293/871/66 1294/872/66 1357/872/66 1358/871/66
f 1212/860/65 1232/863/65 1209/864/65 1191/861/65
f 1148/837/65 1200/836/65 1232/863/65 1212/860/65
f 1200/836/65 1182/835/65 1229/845/65 1232/863/65
f 1213/840/65 1233/859/65 1195/862/65 1147/841/65
f 1183/839/65 1227/838/65 1233/859/65 1213/840/65
f 1227/838/65 1148/837/65 1212/860/65 1233/859/65
f 1228/842/65 1234/857/65 1199/846/65 1185/843/65
f 1147/841/65 1195/862/65 1234/857/65 1228/842/65
f 1195/862/65 1191/861/65 1217/858/65 1234/857/65
f 1279/870/59 1280/869/59 1343/869/59 1344/870/59
f 1292/873/6 1293/871/6 1358/871/6 1355/873/6
f 1267/874/6 1268/875/6 1329/875/6 1332/874/6
f 1294/872/9 1291/876/9 1356/876/9 1357/872/9
f 1266/877/59 1267/874/59 1332/874/59 1331/877/59
f 1291/876/63 1292/873/63 1355/873/63 1356/876/63
f 1214/850/64 1236/853/64 1211/854/64 1189/851/64
f 1156/803/64 1207/802/64 1236/853/64 1214/850/64
f 1207/802/64 1158/801/64 1223/813/64 1236/853/64
f 1206/806/64 1237/849/64 1198/852/64 1155/807/64
f 1159/805/64 1221/804/64 1237/849/64 1206/806/64
f 1221/804/64 1156/803/64 1214/850/64 1237/849/64
f 1219/778/64 1238/848/64 1224/814/64 1153/779/64
f 1189/851/64 1211/854/64 1238/848/64 1219/778/64
f 1211/854/64 1154/812/64 1205/811/64 1238/848/64
f 1252/878/62 1253/879/62 1316/879/62 1317/878/62
f 1217/858/65 1239/792/65 1230/795/65 1145/847/65
f 1191/861/65 1209/864/65 1239/792/65 1217/858/65
f 1209/864/65 1146/844/65 1201/793/65 1239/792/65
f 1265/880/9 1266/877/9 1331/877/9 1330/880/9
f 1222/808/64 1240/777/64 1216/780/64 1161/809/64
f 1155/807/64 1198/852/64 1240/777/64 1222/808/64
f 1198/852/64 1189/851/64 1219/778/64 1240/777/64
f 1215/818/65 1210/881/65 1242/866/65 1241/865/65
f 1210/881/65 1190/882/65 1243/883/65 1242/866/65
f 1190/882/65 1197/884/65 1244/885/65 1243/883/65
f 1197/884/75 1151/819/75 1245/886/75 1244/885/75
f 1151/819/65 1215/818/65 1241/865/65 1245/886/65
f 1231/887/64 1226/833/64 1247/888/64 1246/889/64
f 1226/833/64 1150/832/64 1248/890/64 1247/888/64
f 1150/832/76 1193/891/76 1249/892/76 1248/890/76
f 1193/891/64 1231/887/64 1246/889/64 1249/892/64
f 1208/893/64 1231/887/64 1251/894/64 1250/895/64
f 1231/887/64 1193/891/64 1252/878/64 1251/894/64
f 1193/891/64 1192/896/64 1253/879/64 1252/878/64
f 1192/896/64 1208/893/64 1250/895/64 1253/879/64
f 1175/827/64 1220/826/64 1255/868/64 1254/867/64
f 1220/826/64 1231/887/64 1256/897/64 1255/868/64
f 1231/887/64 1208/893/64 1257/898/64 1256/897/64
f 1208/893/64 1218/828/64 1258/899/64 1257/898/64
f 1218/828/64 1175/827/64 1254/867/64 1258/899/64
f 1220/826/64 1174/825/64 1260/900/64 1259/901/64
f 1174/825/64 1226/833/64 1261/902/64 1260/900/64
f 1226/833/76 1231/887/76 1262/903/76 1261/902/76
f 1231/887/64 1220/826/64 1259/901/64 1262/903/64
f 1194/904/64 1149/834/64 1264/905/64 1263/906/64
f 1149/834/64 1177/829/64 1265/880/64 1264/905/64
f 1177/829/64 1218/828/64 1266/877/64 1265/880/64
f 1218/828/64 1208/893/64 1267/874/64 1266/877/64
f 1208/893/64 1192/896/64 1268/875/64 1267/874/64
f 1192/896/64 1194/904/64 1263/906/64 1268/875/64
f 1152/816/65 1166/815/65 1270/907/65 1269/908/65
f 1166/815/65 1204/823/65 1271/909/65 1270/907/65
f 1204/823/65 1196/910/65 1272/911/65 1271/909/65
f 1196/910/65 1190/882/65 1273/912/65 1272/911/65
f 1190/882/65 1210/881/65 1274/913/65 1273/912/65
f 1210/881/65 1152/816/65 1269/908/65 1274/913/65
f 1167/817/65 1152/816/65 1276/914/65 1275/915/65
f 1152/816/65 1210/881/65 1277/916/65 1276/914/65
f 1210/881/65 1215/818/65 1278/917/65 1277/916/65
f 1215/818/65 1167/817/65 1275/915/65 1278/917/65
f 1194/904/64 1202/831/64 1280/869/64 1279/870/64
f 1202/831/64 1180/830/64 1281/855/64 1280/869/64
f 1180/830/64 1149/834/64 1282/856/64 1281/855/64
f 1149/834/64 1194/904/64 1279/870/64 1282/856/64
f 1225/820/75 1235/918/75 1284/919/75 1283/920/75
f 1235/918/65 1203/824/65 1285/921/65 1284/919/65
f 1203/824/65 1169/821/65 1286/922/65 1285/921/65
f 1169/821/65 1225/820/65 1283/920/65 1286/922/65
f 1151/819/65 1197/884/65 1288/923/65 1287/924/65
f 1197/884/65 1235/918/65 1289/925/65 1288/923/65
f 1235/918/65 1225/820/65 1290/926/65 1289/925/65
f 1225/820/65 1151/819/65 1287/924/65 1290/926/65
f 1197/884/65 1190/882/65 1292/873/65 1291/876/65
f 1190/882/65 1196/910/65 1293/871/65 1292/873/65
f 1196/910/65 1235/918/65 1294/872/65 1293/871/65
f 1235/918/65 1197/884/65 1291/876/65 1294/872/65
f 1235/918/65 1196/910/65 1296/927/65 1295/928/65
f 1196/910/65 1204/823/65 1297/929/65 1296/927/65
f 1204/823/65 1172/822/65 1298/930/65 1297/929/65
f 1172/822/65 1203/824/65 1299/931/65 1298/930/65
f 1203/824/65 1235/918/65 1295/928/65 1299/931/65
f 1193/891/64 1150/832/64 1301/932/64 1300/933/64
f 1150/832/64 1202/831/64 1302/934/64 1301/932/64
f 1202/831/64 1194/904/64 1303/935/64 1302/934/64
f 1194/904/64 1192/896/64 1304/936/64 1303/935/64
f 1192/896/64 1193/891/64 1300/933/64 1304/936/64
f 1306/865/65 1305/866/65 1308/883/65 1309/885/65 1307/886/65
f 1365/933/64 1364/932/64 1367/934/64 1368/935/64 1366/936/64
f 1258/899/9 1254/867/9 1319/867/9 1320/899/9
f 1245/886/9 1241/865/9 1306/865/9 1307/886/9
f 1255/868/6 1256/897/6 1321/897/6 1318/868/6
f 1242/866/6 1243/883/6 1308/883/6 1305/866/6
f 1256/897/62 1257/898/62 1322/898/62 1321/897/62
f 1243/883/66 1244/885/66 1309/885/66 1308/883/66
f 1295/928/63 1296/927/63 1359/927/63 1360/928/63
f 1269/908/63 1270/907/63 1333/907/63 1334/908/63
f 1257/898/62 1258/899/62 1320/899/62 1322/898/62
f 1244/885/66 1245/886/66 1307/886/66 1309/885/66
f 1299/931/9 1295/928/9 1360/928/9 1361/931/9
f 1274/913/9 1269/908/9 1334/908/9 1335/913/9
f 1296/927/63 1297/929/63 1362/929/63 1359/927/63
f 1283/920/63 1284/919/63 1347/919/63 1348/920/63
f 1270/907/6 1271/909/6 1336/909/6 1333/907/6
f 1297/929/6 1298/930/6 1363/930/6 1362/929/6
f 1286/922/9 1283/920/9 1348/920/9 1349/922/9
f 1271/909/66 1272/911/66 1337/911/66 1336/909/66
f 1298/930/66 1299/931/66 1361/931/66 1363/930/66
f 1284/919/6 1285/921/6 1350/921/6 1347/919/6
f 1272/911/9 1273/912/9 1338/912/9 1337/911/9
f 1285/921/66 1286/922/66 1349/922/66 1350/921/66
f 1273/912/9 1274/913/9 1335/913/9 1338/912/9
f 1259/901/59 1260/900/59 1323/900/59 1324/901/59
f 1246/889/59 1247/888/59 1310/888/59 1311/889/59
f 1262/903/9 1259/901/9 1324/901/9 1325/903/9
f 1249/892/9 1246/889/9 1311/889/9 1312/892/9
f 1260/900/6 1261/902/6 1326/902/6 1323/900/6
f 1247/888/6 1248/890/6 1313/890/6 1310/888/6
f 1261/902/62 1262/903/62 1325/903/62 1326/902/62
f 1248/890/62 1249/892/62 1312/892/62 1313/890/62
f 1300/933/59 1301/932/59 1364/932/59 1365/933/59
f 1287/924/63 1288/923/63 1351/923/63 1352/924/63
f 1304/936/59 1300/933/59 1365/933/59 1366/936/59
f 1290/926/9 1287/924/9 1352/924/9 1353/926/9
f 1301/932/6 1302/934/6 1367/934/6 1364/932/6
f 1288/923/6 1289/925/6 1354/925/6 1351/923/6
f 1275/915/63 1276/914/63 1339/914/63 1340/915/63
f 1302/934/62 1303/935/62 1368/935/62 1367/934/62
f 1289/925/66 1290/926/66 1353/926/66 1354/925/66
f 1278/917/9 1275/915/9 1340/915/9 1341/917/9
f 1303/935/9 1304/936/9 1366/936/9 1368/935/9
f 1276/914/6 1277/916/6 1342/916/6 1339/914/6
f 1263/906/6 1264/905/6 1328/905/6 1327/906/6
f 1250/895/59 1251/894/59 1314/894/59 1315/895/59
f 1277/916/66 1278/917/66 1341/917/66 1342/916/66
f 1268/875/6 1263/906/6 1327/906/6 1329/875/6
f 1253/879/9 1250/895/9 1315/895/9 1316/879/9
f 1264/905/62 1265/880/62 1330/880/62 1328/905/62
f 1251/894/6 1252/878/6 1317/878/6 1314/894/6
f 64/509/4 37/949/4 65/76/4 1394/88/4 1393/85/4
f 65/76/4 16/19/4 1395/950/4 1394/88/4
f 16/19/4 7/110/4 1396/84/4 1395/950/4
f 7/110/4 64/509/4 1393/85/4 1396/84/4
f 60/9/8 51/951/8 61/18/8 1398/87/8 1397/86/8
f 61/18/8 14/31/8 1399/952/8 1398/87/8
f 14/31/8 5/8/8 1400/953/8 1399/952/8
f 5/8/8 60/9/8 1397/86/8 1400/953/8
f 4/62/7 11/71/7 1402/954/7 1401/955/7
f 11/71/7 62/17/7 1403/956/7 1402/954/7
f 62/17/7 52/138/7 59/36/7 1404/957/7 1403/956/7
f 59/36/7 4/62/7 1401/955/7 1404/957/7
f 66/23/10 38/100/10 63/55/10 1406/958/10 1405/959/10
f 63/55/10 10/82/10 1407/89/10 1406/958/10
f 10/82/10 1/28/10 1408/90/10 1407/89/10
f 1/28/10 66/23/10 1405/959/10 1408/90/10
f 1401/955/8 1402/954/8 1418/954/8 1417/955/8
f 1400/953/3 1397/86/3 1413/86/3 1415/953/3
f 1405/959/7 1406/958/7 1422/958/7 1421/959/7
f 1394/88/3 1395/950/3 1412/950/3 1410/88/3
f 1404/957/3 1401/955/3 1417/955/3 1419/957/3
f 1398/87/2 1399/952/2 1416/952/2 1414/87/2
f 1408/90/3 1405/959/3 1421/959/3 1423/90/3
f 1395/950/10 1396/84/10 1411/84/10 1412/950/10
f 1402/954/2 1403/956/2 1420/956/2 1418/954/2
f 1399/952/7 1400/953/7 1415/953/7 1416/952/7
f 1406/958/2 1407/89/2 1424/89/2 1422/958/2
f 1403/956/10 1404/957/10 1419/957/10 1420/956/10
f 1069/753/6 1070/96/6 40/96/6 1433/962/6 1449/963/6
f 1429/966/7 29/62/7 30/36/7 1431/967/7
f 1426/970/8 27/9/8 28/8/8 1427/971/8
f 29/62/5 1429/966/5 1433/962/5 40/96/5
f 48/22/9 1447/21/9 1455/740/9 1071/745/9 1072/22/9
f 26/76/4 1437/978/4 1439/20/4 25/19/4
f 1433/962/80 1459/962/80 1482/963/80 1449/963/80
f 1437/41/2 1442/40/2 1476/40/2 1479/41/2
f 1426/970/2 1427/971/2 1467/971/2 1466/970/2
f 1447/21/2 1439/20/2 1471/20/2 1469/21/2
f 1443/27/2 1446/26/2 1474/26/2 1477/27/2
f 27/9/9 1426/970/9 1431/967/9 30/36/9
f 1436/125/86 1454/127/86 1485/127/86 1458/125/86
f 1446/97/87 1452/99/87 1483/99/87 1474/97/87
f 1431/967/2 1426/970/2 1466/970/2 1463/967/2
f 1442/40/2 1443/27/2 1477/27/2 1476/40/2
f 1427/12/2 1436/11/2 1458/11/2 1467/12/2
f 1433/962/2 1429/966/2 1461/966/2 1459/962/2
f 1429/966/2 1431/967/2 1463/967/2 1461/966/2
f 1439/20/2 1437/978/2 1479/978/2 1471/20/2
f 1447/21/89 1469/21/89 1488/740/89 1455/740/89
f 51/951/9 6/80/9 13/79/9 61/18/9
f 1514/987/5 1518/988/5 1529/989/5 1531/987/5
f 1527/990/90 1542/990/90 1538/991/90 1523/992/90
f 60/9/9 59/36/9 1514/987/9 1513/993/9
f 3/137/9 6/80/9 51/951/9 1522/994/9 1521/995/9 1517/996/9 1519/997/9 52/138/9
f 1516/998/1 1524/999/1 1537/1000/1 1539/1001/1
f 1526/130/5 1515/129/5 1544/129/5 1541/1002/5
f 66/23/6 65/24/6 1516/998/6 1515/129/6
f 15/139/6 2/101/6 38/100/6 1528/131/6 1527/990/6 1523/1003/6 1525/1004/6 37/140/6
f 1547/1005/4 1548/1006/4 1561/1006/4 1560/1005/4
f 1556/1007/1 1551/1008/1 1564/1008/1 1565/1007/1
f 59/36/9 52/138/9 1519/1009/9 1518/1010/9 1514/987/9
f 65/24/6 37/140/6 1525/1004/6 1524/1011/6 1516/998/6
f 51/951/9 60/9/9 1513/993/9 1520/1012/9 1522/994/9
f 1520/1013/1 1513/993/1 1536/993/1 1533/1014/1
f 1538/992/6 1542/990/6 1543/1015/6 1540/1016/6
f 1517/133/9 1518/1017/9 1519/1009/9
f 1520/1013/9 1521/1018/9 1522/994/9
f 1523/992/6 1524/1019/6 1525/1004/6
f 1526/130/6 1527/1020/6 1528/131/6
f 1530/133/7 1532/136/7 1531/987/7 1529/989/7
f 1535/135/8 1534/134/8 1533/1014/8 1536/993/8
f 1538/992/4 1540/1016/4 1539/1001/4 1537/1000/4
f 1543/1015/10 1542/990/10 1541/1002/10 1544/129/10
f 1542/990/91 1527/990/91 1526/130/91 1541/1002/91
f 1523/992/92 1538/991/92 1537/1000/92 1524/999/92
f 1520/1013/93 1533/1014/93 1534/995/93 1521/134/93
f 1529/989/94 1518/988/94 1517/133/94 1530/996/94
f 1521/134/95 1534/995/95 1530/996/95 1517/133/95
f 1513/993/2 1514/987/2 1546/1021/2 1545/1022/2
f 1514/987/2 1531/987/2 1547/1005/2 1546/1021/2
f 1531/987/2 1532/1023/2 1548/1006/2 1547/1005/2
f 1532/1023/2 1535/1024/2 1549/1025/2 1548/1006/2
f 1535/1024/2 1536/993/2 1550/1026/2 1549/1025/2
f 1536/993/2 1513/993/2 1545/1022/2 1550/1026/2
f 1515/129/2 1516/998/2 1552/1027/2 1551/1008/2
f 1516/998/2 1539/1001/2 1553/1028/2 1552/1027/2
f 1539/1001/2 1540/1029/2 1554/1030/2 1553/1028/2
f 1540/1029/2 1543/1015/2 1555/1031/2 1554/1030/2
f 1543/1015/2 1544/129/2 1556/1007/2 1555/1031/2
f 1544/129/2 1515/129/2 1551/1008/2 1556/1007/2
f 1558/1022/2 1557/1021/2 1560/1005/2 1561/1006/2 1562/1025/2 1559/1026/2
f 1564/1008/2 1563/1027/2 1566/1028/2 1567/1030/2 1568/1031/2 1565/1007/2
f 1555/1031/8 1556/1007/8 1565/1007/8 1568/1031/8
f 1545/1022/9 1546/1021/9 1557/1021/9 1558/1022/9
f 1552/1027/5 1553/1028/5 1566/1028/5 1563/1027/5
f 1548/1006/6 1549/1025/6 1562/1025/6 1561/1006/6
f 1550/1026/5 1545/1022/5 1558/1022/5 1559/1026/5
f 1553/1028/7 1554/1030/7 1567/1030/7 1566/1028/7
f 1549/1025/10 1550/1026/10 1559/1026/10 1562/1025/10
f 1551/1008/6 1552/1027/6 1563/1027/6 1564/1008/6
f 1546/1021/1 1547/1005/1 1560/1005/1 1557/1021/1
f 1554/1030/9 1555/1031/9 1568/1031/9 1567/1030/9
f 6/80/96 3/137/96 1570/147/96 1569/1032/96
f 3/137/96 229/137/96 1571/147/96 1570/147/96
f 229/137/96 230/80/96 1572/1032/96 1571/147/96
f 230/80/96 6/80/96 1569/1032/96 1572/1032/96
f 2/101/97 15/139/97 1574/1033/97 1573/146/97
f 15/139/97 235/139/97 1575/145/97 1574/1033/97
f 235/139/97 236/101/97 1576/146/97 1575/145/97
f 236/101/97 2/101/97 1573/146/97 1576/146/97
f 1569/1032/99 1570/147/99 1577/147/99 1578/1032/99
f 1576/146/1 1573/146/1 1582/146/1 1583/146/1
f 1571/147/98 1572/1032/98 1579/1032/98 1580/147/98
f 1572/1032/5 1569/1032/5 1578/1032/5 1579/1032/5
f 1574/1033/5 1575/145/5 1584/145/5 1581/1033/5
f 1573/146/100 1574/1033/100 1581/1033/100 1582/146/100
usemtl M_Noir_Profond
f 113/159/5 78/160/5 86/148/5 109/96/5
f 80/161/5 114/162/5 110/81/5 88/156/5
f 111/163/1 81/153/1 89/114/1 107/22/1
f 82/152/1 112/151/1 108/30/1 90/113/1
f 78/160/5 80/161/5 88/156/5 86/148/5
f 81/153/1 82/152/1 90/113/1 89/114/1
f 84/165/1 83/164/1 107/22/1 108/30/1
f 87/157/5 85/193/5 109/96/5 110/81/5
f 75/194/1 76/195/1 112/151/1 111/163/1
f 77/196/5 79/158/5 114/162/5 113/159/5
f 76/195/1 84/165/1 108/30/1 112/151/1
f 83/164/1 75/194/1 111/163/1 107/22/1
f 85/193/5 77/196/5 113/159/5 109/96/5
f 79/158/5 87/157/5 110/81/5 114/162/5
f 159/207/1 158/208/1 157/209/1 160/210/1
f 155/242/5 154/236/5 153/212/5 156/211/5
f 160/227/20 152/228/20 151/238/20 159/207/20
f 149/224/21 157/223/21 158/208/21 150/243/21
f 186/206/15 187/205/15 188/189/15 185/192/15
f 187/205/22 189/230/22 190/190/22 188/189/22
f 192/215/23 186/214/23 185/192/23 191/191/23
f 194/235/19 195/231/19 196/240/19 193/239/19
f 195/231/24 149/232/24 150/241/24 196/240/24
f 152/219/25 194/218/25 193/239/25 151/238/25
f 189/234/26 153/233/26 154/236/26 190/237/26
f 156/222/27 192/221/27 191/191/27 155/242/27
f 209/249/3 210/250/3 226/250/3 225/249/3
f 208/251/2 207/252/2 223/252/2 224/251/2
f 205/253/1 206/254/1 214/245/1 213/244/1
f 207/252/5 208/251/5 216/246/5 215/166/5
f 209/249/1 205/253/1 213/244/1 217/247/1
f 206/254/1 210/250/1 218/248/1 214/245/1
f 208/251/5 211/255/5 219/169/5 216/246/5
f 212/256/5 207/252/5 215/166/5 220/167/5
f 210/250/1 209/249/1 217/247/1 218/248/1
f 211/255/5 212/256/5 220/167/5 219/169/5
f 211/255/9 208/251/9 224/251/9 227/255/9
f 205/253/9 209/249/9 225/249/9 221/253/9
f 206/254/2 205/253/2 221/253/2 222/254/2
f 212/256/3 211/255/3 227/255/3 228/256/3
f 207/252/6 212/256/6 228/256/6 223/252/6
f 210/250/6 206/254/6 222/254/6 226/250/6
f 253/257/9 254/258/9 230/80/9 229/137/9
f 69/259/9 70/260/9 232/83/9 231/79/9
f 71/261/6 72/142/6 234/132/6 233/102/6
f 255/141/6 256/262/6 236/101/6 235/139/6
f 70/260/9 253/257/9 229/137/9 232/83/9
f 256/262/6 71/261/6 233/102/6 236/101/6
f 254/258/9 69/259/9 231/79/9 230/80/9
f 72/142/6 255/141/6 235/139/6 234/132/6
f 346/344/5 343/331/5 348/345/5 347/346/5
f 343/331/5 333/322/5 349/347/5 348/345/5
f 333/322/5 338/335/5 350/348/5 349/347/5
f 338/335/5 346/344/5 347/346/5 350/348/5
f 345/349/1 344/332/1 352/340/1 351/342/1
f 344/332/1 334/149/1 353/333/1 352/340/1
f 334/149/1 340/350/1 354/334/1 353/333/1
f 340/350/1 345/349/1 351/342/1 354/334/1
f 341/328/1 345/349/1 356/351/1 355/352/1
f 345/349/1 340/350/1 357/353/1 356/351/1
f 340/350/1 332/321/1 358/354/1 357/353/1
f 332/321/1 341/328/1 355/352/1 358/354/1
f 331/320/1 339/325/1 360/339/1 359/330/1
f 339/325/1 345/349/1 361/355/1 360/339/1
f 345/349/1 341/328/1 362/329/1 361/355/1
f 341/328/1 331/320/1 359/330/1 362/329/1
f 339/325/1 336/150/1 364/356/1 363/357/1
f 336/150/1 344/332/1 365/358/1 364/356/1
f 344/332/1 345/349/1 366/359/1 365/358/1
f 345/349/1 339/325/1 363/357/1 366/359/1
f 342/327/5 346/344/5 368/360/5 367/361/5
f 346/344/5 338/335/5 369/362/5 368/360/5
f 338/335/5 330/319/5 370/363/5 369/362/5
f 330/319/5 342/327/5 367/361/5 370/363/5
f 329/318/5 337/326/5 372/341/5 371/343/5
f 337/326/5 346/344/5 373/337/5 372/341/5
f 346/344/5 342/327/5 374/338/5 373/337/5
f 342/327/5 329/318/5 371/343/5 374/338/5
f 337/326/5 335/323/5 376/364/5 375/365/5
f 335/323/5 343/331/5 377/366/5 376/364/5
f 343/331/5 346/344/5 378/367/5 377/366/5
f 346/344/5 337/326/5 375/365/5 378/367/5
f 489/416/9 490/417/9 505/417/9 506/416/9
f 485/418/6 486/419/6 501/419/6 502/418/6
f 488/420/3 489/416/3 506/416/3 504/420/3
f 481/421/6 482/422/6 497/422/6 498/421/6
f 460/403/5 459/406/5 476/423/5 475/424/5
f 459/406/5 462/407/5 477/425/5 476/423/5
f 462/407/5 461/402/5 478/426/5 477/425/5
f 461/402/5 460/403/5 475/424/5 478/426/5
f 464/404/1 463/405/1 480/427/1 479/428/1
f 463/405/1 466/408/1 481/421/1 480/427/1
f 466/408/1 465/409/1 482/422/1 481/421/1
f 465/409/1 464/404/1 479/428/1 482/422/1
f 467/400/1 468/401/1 484/429/1 483/430/1
f 468/401/1 470/410/1 485/418/1 484/429/1
f 470/410/1 469/411/1 486/419/1 485/418/1
f 469/411/1 467/400/1 483/430/1 486/419/1
f 471/413/5 472/412/5 488/420/5 487/431/5
f 472/412/5 474/414/5 489/416/5 488/420/5
f 474/414/5 473/415/5 490/417/5 489/416/5
f 473/415/5 471/413/5 487/431/5 490/417/5
f 475/424/6 476/423/6 491/423/6 492/424/6
f 479/428/9 480/427/9 495/427/9 496/428/9
f 478/426/2 475/424/2 492/424/2 493/426/2
f 483/430/9 484/429/9 500/429/9 499/430/9
f 482/422/2 479/428/2 496/428/2 497/422/2
f 487/431/6 488/420/6 504/420/6 503/431/6
f 476/423/3 477/425/3 494/425/3 491/423/3
f 486/419/2 483/430/2 499/430/2 501/419/2
f 480/427/3 481/421/3 498/421/3 495/427/3
f 490/417/2 487/431/2 503/431/2 505/417/2
f 477/425/9 478/426/9 493/426/9 494/425/9
f 484/429/3 485/418/3 502/418/3 500/429/3
f 1458/125/6 1485/127/6 1486/121/6 1457/120/6
f 1470/4/9 1487/67/9 1488/740/9 1469/21/9
f 1076/733/54 1085/735/54 1090/122/54 1453/743/54 1454/744/54 1073/126/54
f 1089/66/55 1084/737/55 1078/731/55 1071/745/55 1455/746/55 1456/747/55
f 1083/739/2 1086/725/2 1085/735/2 1084/737/2
f 1081/748/2 1088/749/2 1087/726/2 1082/738/2
f 1066/25/56 1065/723/56 1067/724/56 1068/98/56
f 1075/734/57 1076/733/57 1073/126/57 1074/10/57
f 1474/97/9 1483/99/9 1484/64/9 1473/63/9
f 1077/728/60 1079/727/60 1070/96/60 1069/753/60
f 1090/122/2 1085/735/2 1086/725/2 1087/726/2 1088/754/2 1091/123/2
f 1068/98/61 1067/724/61 1081/748/61 1092/65/61 1451/64/61 1452/755/61
f 1092/65/2 1081/748/2 1082/738/2 1083/739/2 1084/737/2 1089/66/2
f 1114/757/64 1113/759/64 1130/781/64 1129/774/64
f 1113/759/64 1116/760/64 1131/768/64 1130/781/64
f 1116/760/64 1115/756/64 1132/769/64 1131/768/64
f 1115/756/64 1114/757/64 1129/774/64 1132/769/64
f 1118/742/65 1117/758/65 1134/782/65 1133/772/65
f 1117/758/65 1120/761/65 1135/783/65 1134/782/65
f 1120/761/65 1119/741/65 1136/771/65 1135/783/65
f 1119/741/65 1118/742/65 1133/772/65 1136/771/65
f 1122/751/64 1121/752/64 1138/784/64 1137/785/64
f 1121/752/64 1124/762/64 1139/786/64 1138/784/64
f 1124/762/64 1123/763/64 1140/787/64 1139/786/64
f 1123/763/64 1122/751/64 1137/785/64 1140/787/64
f 1126/765/65 1125/764/65 1142/788/65 1141/789/65
f 1125/764/65 1128/766/65 1143/790/65 1142/788/65
f 1128/766/65 1127/767/65 1144/791/65 1143/790/65
f 1127/767/65 1126/765/65 1141/789/65 1144/791/65
f 1319/867/64 1318/868/64 1321/897/64 1322/898/64 1320/899/64
f 1370/937/62 1371/938/62 1384/938/62 1382/937/62
f 1375/939/63 1376/940/63 1387/940/63 1388/939/63
f 1360/928/65 1359/927/65 1362/929/65 1363/930/65 1361/931/65
f 1327/906/64 1328/905/64 1370/937/64 1369/941/64
f 1328/905/64 1330/880/64 1371/938/64 1370/937/64
f 1330/880/64 1331/877/64 1372/942/64 1371/938/64
f 1331/877/64 1332/874/64 1373/943/64 1372/942/64
f 1332/874/64 1329/875/64 1374/944/64 1373/943/64
f 1329/875/64 1327/906/64 1369/941/64 1374/944/64
f 1334/908/65 1333/907/65 1376/940/65 1375/939/65
f 1333/907/65 1336/909/65 1377/945/65 1376/940/65
f 1336/909/65 1337/911/65 1378/946/65 1377/945/65
f 1337/911/65 1338/912/65 1379/947/65 1378/946/65
f 1338/912/65 1335/913/65 1380/948/65 1379/947/65
f 1335/913/65 1334/908/65 1375/939/65 1380/948/65
f 1378/946/9 1379/947/9 1392/947/9 1391/946/9
f 1380/948/9 1375/939/9 1388/939/9 1389/948/9
f 1371/938/9 1372/942/9 1385/942/9 1384/938/9
f 1379/947/9 1380/948/9 1389/948/9 1392/947/9
f 1369/941/6 1370/937/6 1382/937/6 1381/941/6
f 1376/940/6 1377/945/6 1390/945/6 1387/940/6
f 1372/942/59 1373/943/59 1386/943/59 1385/942/59
f 1374/944/6 1369/941/6 1381/941/6 1383/944/6
f 1377/945/66 1378/946/66 1391/946/66 1390/945/66
f 1373/943/6 1374/944/6 1383/944/6 1386/943/6
f 1072/22/77 1071/745/77 1078/731/77 1080/730/77
f 1460/116/6 1481/115/6 1482/963/6 1459/962/6
f 1091/123/78 1088/754/78 1077/728/78 1069/753/78 1449/963/78 1450/115/78
f 1450/115/79 1449/963/79 1482/963/79 1481/115/79
f 1456/747/83 1455/746/83 1488/746/83 1487/747/83
f 1462/964/5 1460/116/5 1459/962/5 1461/966/5
f 1461/966/7 1463/967/7 1464/961/7 1462/964/7
f 1466/970/8 1467/971/8 1468/60/8 1465/59/8
f 1465/59/9 1464/961/9 1463/967/9 1466/970/9
f 1457/32/1 1468/35/1 1467/12/1 1458/11/1
f 1472/1/1 1470/4/1 1469/21/1 1471/20/1
f 1476/40/10 1477/27/10 1478/75/10 1475/969/10
f 1480/983/4 1472/1/4 1471/20/4 1479/978/4
f 1473/72/5 1478/75/5 1477/27/5 1474/26/5
f 1475/969/6 1480/973/6 1479/41/6 1476/40/6
f 1452/755/79 1451/64/79 1484/64/79 1483/755/79
f 1454/744/88 1453/743/88 1486/743/88 1485/744/88
f 1587/1034/98 1588/1035/98 1595/1035/98 1596/1034/98
f 1592/1036/1 1589/1037/1 1598/1037/1 1599/1036/1
f 1578/1032/96 1577/147/96 1586/1038/96 1585/1039/96
f 1577/147/96 1580/147/96 1587/1034/96 1586/1038/96
f 1580/147/96 1579/1032/96 1588/1035/96 1587/1034/96
f 1579/1032/96 1578/1032/96 1585/1039/96 1588/1035/96
f 1582/146/97 1581/1033/97 1590/1040/97 1589/1037/97
f 1581/1033/97 1584/145/97 1591/1041/97 1590/1040/97
f 1584/145/97 1583/146/97 1592/1036/97 1591/1041/97
f 1583/146/97 1582/146/97 1589/1037/97 1592/1036/97
f 1588/1035/5 1585/1039/5 1594/1039/5 1595/1035/5
f 1590/1040/5 1591/1041/5 1600/1041/5 1597/1040/5
f 1589/1037/101 1590/1040/101 1597/1040/101 1598/1037/101
f 1586/1038/1 1587/1034/1 1596/1034/1 1593/1038/1
f 1591/1041/11 1592/1036/11 1599/1036/11 1600/1041/11
f 1585/1039/102 1586/1038/102 1593/1038/102 1594/1039/102
usemtl M_Orange
f 136/198/1 135/203/1 131/201/1 132/197/1
f 138/204/5 137/199/5 133/200/5 134/202/5
f 303/314/9 304/310/9 307/313/9
f 305/308/6 306/312/6 308/307/6
f 310/309/9 304/310/9 303/314/9 309/316/9
f 312/311/6 306/312/6 305/308/6 311/317/6
f 1315/895/64 1314/894/64 1317/878/64 1316/879/64
f 1324/901/64 1323/900/64 1326/902/64 1325/903/64
f 1340/915/65 1339/914/65 1342/916/65 1341/917/65
f 1344/870/64 1343/869/64 1346/855/64 1345/856/64
f 1348/920/65 1347/919/65 1350/921/65 1349/922/65
f 1356/876/65 1355/873/65 1358/871/65 1357/872/65
f 1409/85/4 1410/88/4 1412/950/4 1411/84/4
f 1413/86/8 1414/87/8 1416/952/8 1415/953/8
f 1417/955/7 1418/954/7 1420/956/7 1419/957/7
f 1421/959/10 1422/958/10 1424/89/10 1423/90/10
usemtl M_Cyan
f 227/255/5 224/251/5 223/252/5 228/256/5
f 221/253/1 225/249/1 226/250/1 222/254/1
f 492/424/5 491/423/5 494/425/5 493/426/5
f 496/428/1 495/427/1 498/421/1 497/422/1
f 499/430/1 500/429/1 502/418/1 501/419/1
f 503/431/5 504/420/5 506/416/5 505/417/5
f 1311/889/64 1310/888/64 1313/890/64 1312/892/64
f 1352/924/65 1351/923/65 1354/925/65 1353/926/65
f 1381/941/64 1382/937/64 1384/938/64 1385/942/64 1386/943/64 1383/944/64
f 1388/939/65 1387/940/65 1390/945/65 1391/946/65 1392/947/65 1389/948/65
f 1594/1039/96 1593/1038/96 1596/1034/96 1595/1035/96
f 1598/1037/97 1597/1040/97 1600/1041/97 1599/1036/97
usemtl M_Gris_Metal
f 1440/1/1 1490/2/1 1509/3/1 1448/4/1
f 1435/32/1 1512/33/1 1495/34/1 1428/35/1
f 1494/58/8 1425/59/8 1428/60/8 1495/61/8
f 1445/63/9 1451/64/9 1092/65/9 1089/66/9 1456/67/9 1448/4/9 1509/3/9 1510/68/9 1505/69/9 1506/70/9
f 1445/72/5 1506/73/5 1499/74/5 1444/75/5
f 1450/115/6 1434/116/6 1507/117/6 1508/118/6 1511/119/6 1512/33/6 1435/120/6 1453/121/6 1090/122/6 1091/123/6
f 362/329/3 359/330/3 391/330/3 393/329/3
f 373/337/6 374/338/6 405/338/6 406/337/6
f 359/330/6 360/339/6 392/339/6 391/330/6
f 372/341/2 373/337/2 406/337/2 404/341/2
f 374/338/3 371/343/3 403/343/3 405/338/3
f 717/372/5 670/373/5 786/374/5 860/375/5
f 829/376/1 737/377/1 658/378/1 827/379/1
f 661/382/1 710/383/1 843/384/1 803/385/1
f 701/386/1 654/387/1 818/388/1 836/389/1
f 360/339/2 361/355/2 394/355/2 392/339/2
f 367/361/9 368/360/9 399/360/9 400/361/9
f 361/355/9 362/329/9 393/329/9 394/355/9
f 370/363/3 367/361/3 400/361/3 401/363/3
f 368/360/2 369/362/2 402/362/2 399/360/2
f 355/352/6 356/351/6 387/351/6 388/352/6
f 369/362/6 370/363/6 401/363/6 402/362/6
f 358/354/3 355/352/3 388/352/3 389/354/3
f 356/351/2 357/353/2 390/353/2 387/351/2
f 357/353/9 358/354/9 389/354/9 390/353/9
f 371/343/9 372/341/9 404/341/9 403/343/9
f 388/352/1 387/351/1 508/432/1 507/433/1
f 387/351/1 390/353/1 509/434/1 508/432/1
f 390/353/1 389/354/1 510/435/1 509/434/1
f 389/354/1 388/352/1 507/433/1 510/435/1
f 391/330/1 392/339/1 512/436/1 511/437/1
f 392/339/1 394/355/1 513/438/1 512/436/1
f 394/355/1 393/329/1 514/439/1 513/438/1
f 393/329/1 391/330/1 511/437/1 514/439/1
f 400/361/5 399/360/5 516/440/5 515/441/5
f 399/360/5 402/362/5 517/442/5 516/440/5
f 402/362/5 401/363/5 518/443/5 517/442/5
f 401/363/5 400/361/5 515/441/5 518/443/5
f 403/343/5 404/341/5 520/444/5 519/445/5
f 404/341/5 406/337/5 521/446/5 520/444/5
f 406/337/5 405/338/5 522/447/5 521/446/5
f 405/338/5 403/343/5 519/445/5 522/447/5
f 736/448/1 838/449/1 707/450/1 525/435/1
f 744/451/1 850/452/1 715/453/1 529/439/1
f 752/454/5 862/455/5 723/456/5 533/443/5
f 760/457/5 874/458/5 731/459/5 537/447/5
f 841/460/1 745/461/1 666/462/1 811/463/1
f 677/464/5 726/465/5 867/466/5 771/467/5
f 828/468/1 657/469/1 706/470/1 892/471/1
f 853/472/5 753/473/5 674/474/5 795/475/5
f 812/476/1 665/477/1 714/478/1 888/479/1
f 865/480/5 761/481/5 682/482/5 779/483/5
f 741/484/1 662/485/1 802/486/1 848/487/1
f 796/488/5 673/489/5 722/490/5 884/491/5
f 669/492/5 750/493/5 855/494/5 787/495/5
f 780/496/5 681/497/5 730/498/5 880/499/5
f 757/500/5 678/501/5 770/502/5 872/503/5
f 772/504/5 866/505/5 778/506/5 686/507/5
f 521/446/9 522/447/9 537/447/9 731/510/9 732/511/9 683/512/9 684/513/9 763/514/9 764/515/9 538/446/9
f 788/516/5 854/517/5 794/518/5 690/519/5
f 520/444/3 521/446/3 538/446/3 729/520/3 730/521/3 681/522/3 682/523/3 761/524/3 762/525/3 536/444/3
f 517/442/9 518/443/9 533/443/9 723/456/9 724/526/9 675/527/9 676/528/9 755/529/9 756/530/9 534/442/9
f 804/531/1 842/532/1 810/533/1 694/534/1
f 516/440/3 517/442/3 534/442/3 721/535/3 722/536/3 673/537/3 674/538/3 753/473/3 754/539/3 531/440/3
f 513/438/6 514/439/6 529/439/6 715/453/6 716/540/6 667/541/6 668/542/6 747/543/6 748/544/6 530/438/6
f 820/545/1 830/546/1 826/547/1 698/548/1
f 512/436/3 513/438/3 530/438/3 713/549/3 714/550/3 665/551/3 666/552/3 745/553/3 746/554/3 528/436/3
f 509/434/6 510/435/6 525/435/6 707/450/6 708/555/6 659/556/6 660/557/6 739/558/6 740/559/6 526/434/6
f 524/433/1 702/560/1 835/561/1 703/562/1
f 508/432/3 509/434/3 526/434/3 705/563/3 706/564/3 657/565/3 658/378/3 737/377/3 738/566/3 523/432/3
f 699/567/1 825/568/1 891/569/1 816/570/1
f 507/433/9 508/432/9 523/432/9 733/571/9 734/572/9 653/573/9 654/387/9 701/386/9 702/560/9 524/433/9
f 749/574/5 531/440/5 754/539/5 856/575/5
f 510/435/2 507/433/2 524/433/2 703/576/2 704/577/2 655/578/2 656/579/2 735/580/2 736/581/2 525/435/2
f 889/582/1 705/583/1 526/434/1 740/584/1
f 656/585/1 821/586/1 839/587/1 735/580/1
f 709/588/1 528/436/1 746/589/1 844/590/1
f 704/591/1 834/592/1 822/593/1 655/594/1
f 833/595/1 817/596/1 697/597/1 823/598/1
f 695/599/1 809/600/1 887/601/1 800/602/1
f 664/603/1 805/604/1 851/605/1 743/606/1
f 527/437/1 742/607/1 847/608/1 711/609/1
f 514/439/2 511/437/2 527/437/2 711/609/2 712/610/2 663/611/2 664/603/2 743/612/2 744/451/2 529/439/2
f 885/613/1 713/614/1 530/438/1 748/615/1
f 511/437/9 512/436/9 528/436/9 709/588/9 710/616/9 661/617/9 662/485/9 741/484/9 742/607/9 527/437/9
f 532/441/5 718/618/5 859/619/5 719/620/5
f 712/610/1 846/621/1 806/622/1 663/623/1
f 845/624/1 801/625/1 693/626/1 807/627/1
f 691/628/5 793/629/5 883/630/5 784/631/5
f 515/441/6 516/440/6 531/440/6 749/574/6 750/493/6 669/632/6 670/373/6 717/372/6 718/618/6 532/441/6
f 651/633/5 650/507/5 649/634/5 652/635/5
f 518/443/2 515/441/2 532/441/2 719/620/2 720/636/2 671/637/2 672/638/2 751/639/2 752/454/2 533/443/2
f 881/640/5 721/641/5 534/442/5 756/642/5
f 672/638/5 789/643/5 863/644/5 751/645/5
f 725/646/5 536/444/5 762/525/5 868/647/5
f 720/648/5 858/649/5 790/650/5 671/651/5
f 857/652/5 785/653/5 689/654/5 791/655/5
f 687/634/5 777/656/5 879/657/5 768/658/5
f 680/659/5 773/660/5 875/661/5 759/662/5
f 535/445/5 758/663/5 871/664/5 727/665/5
f 522/447/2 519/445/2 535/445/2 727/666/2 728/667/2 679/668/2 680/659/2 759/662/2 760/457/2 537/447/2
f 877/669/5 729/520/5 538/446/5 764/515/5
f 519/445/6 520/444/6 536/444/6 725/670/6 726/671/6 677/672/6 678/673/6 757/674/6 758/675/6 535/445/6
f 733/571/1 523/432/1 738/566/1 832/676/1
f 728/677/5 870/678/5 774/679/5 679/680/5
f 869/681/5 769/682/5 685/633/5 775/683/5
f 873/684/5 766/685/5 683/512/5 732/511/5
f 776/686/5 688/635/5 767/687/5 876/688/5
f 765/689/5 878/690/5 763/514/5 684/691/5
f 861/692/5 782/693/5 675/527/5 724/526/5
f 792/694/5 692/695/5 783/696/5 864/697/5
f 781/698/5 882/699/5 755/529/5 676/700/5
f 849/701/1 798/702/1 667/541/1 716/540/1
f 808/703/1 696/704/1 799/705/1 852/706/1
f 797/707/1 886/708/1 747/543/1 668/709/1
f 837/710/1 814/711/1 659/556/1 708/555/1
f 824/712/1 700/713/1 815/714/1 840/715/1
f 813/716/1 890/717/1 739/558/1 660/718/1
f 777/656/6 687/634/6 649/634/6 623/656/6
f 784/631/9 883/630/9 944/630/9 620/631/9
f 679/680/9 774/679/9 626/679/9 956/680/9
f 810/533/3 842/532/3 903/532/3 590/533/3
f 882/699/6 781/698/6 619/698/6 943/699/6
f 841/460/2 811/463/2 589/463/2 902/460/2
f 883/630/3 793/629/3 607/629/3 944/630/3
f 773/660/6 680/659/6 955/659/6 627/660/6
f 840/715/6 815/714/6 585/714/6 897/715/6
f 796/488/2 884/491/2 941/491/2 608/488/2
f 685/633/3 769/682/3 631/682/3 651/633/3
f 814/711/9 837/710/9 898/710/9 586/711/9
f 755/529/3 882/699/3 943/699/3 1038/529/3
f 772/504/2 686/507/2 650/507/2 632/504/2
f 735/580/6 839/587/6 900/587/6 996/580/6
f 683/512/3 766/685/3 634/685/3 954/512/3
f 881/640/2 756/642/2 1037/642/2 942/640/2
f 838/449/9 736/448/9 995/448/9 899/449/9
f 880/499/9 730/498/9 1035/498/9 937/499/9
f 765/689/2 684/691/2 953/691/2 635/689/2
f 839/587/3 821/586/3 579/586/3 900/587/3
f 729/520/6 877/669/6 938/669/6 1036/520/6
f 824/712/2 840/715/2 897/715/2 580/712/2
f 707/450/3 838/449/3 899/449/3 994/450/3
f 768/658/9 879/657/9 940/657/9 636/658/9
f 878/690/6 765/689/6 635/689/6 939/690/6
f 837/710/2 708/555/2 993/555/2 898/710/2
f 879/657/3 777/656/3 623/656/3 940/657/3
f 836/389/6 818/388/6 582/388/6 893/389/6
f 780/496/2 880/499/2 937/499/2 624/496/2
f 817/596/9 833/595/9 894/595/9 583/596/9
f 763/514/3 878/690/3 939/690/3 1034/514/3
f 703/562/6 835/561/6 896/561/6 992/562/6
f 877/669/2 764/515/2 1033/515/2 938/669/2
f 834/592/9 704/591/9 991/591/9 895/592/9
f 876/688/9 767/687/9 633/687/9 933/688/9
f 835/561/3 702/560/3 989/560/3 896/561/3
f 766/685/6 873/684/6 934/684/6 634/685/6
f 701/386/2 836/389/2 893/389/2 990/386/2
f 759/662/9 875/661/9 936/661/9 1032/662/9
f 822/593/3 834/592/3 895/592/3 578/593/3
f 874/458/6 760/457/6 1031/457/6 935/458/6
f 833/595/2 823/598/2 577/598/2 894/595/2
f 875/661/3 773/660/3 627/660/3 936/661/3
f 832/676/6 738/566/6 987/566/6 572/676/6
f 776/686/2 876/688/2 933/688/2 628/686/2
f 737/377/9 829/376/9 571/376/9 988/377/9
f 731/459/3 874/458/3 935/458/3 1030/459/3
f 819/719/6 831/720/6 53/720/6 581/719/6
f 873/684/2 732/511/2 1029/511/2 934/684/2
f 830/546/9 820/545/9 584/545/9 54/546/9
f 872/503/9 770/502/9 630/502/9 929/503/9
f 831/720/3 734/721/3 985/721/3 53/720/3
f 769/682/6 869/681/6 930/681/6 631/682/6
f 733/571/2 832/676/2 572/676/2 986/571/2
f 727/665/9 871/664/9 932/664/9 1028/665/9
f 826/547/3 830/546/3 54/546/3 574/547/3
f 870/678/6 728/677/6 1027/677/6 931/678/6
f 829/376/2 827/379/2 573/379/2 571/376/2
f 871/664/3 758/663/3 1025/663/3 932/664/3
f 827/379/6 658/378/6 983/378/6 573/379/6
f 757/500/2 872/503/2 929/503/2 1026/500/2
f 657/469/9 828/468/9 576/468/9 984/469/9
f 774/679/3 870/678/3 931/678/3 626/679/3
f 823/598/6 697/597/6 639/597/6 577/598/6
f 869/681/2 775/683/2 625/683/2 930/681/2
f 700/713/9 824/712/9 580/712/9 640/713/9
f 868/647/9 762/525/9 1023/525/9 925/647/9
f 818/388/3 654/387/3 981/387/3 582/388/3
f 761/481/6 865/480/6 926/480/6 1024/481/6
f 653/722/2 819/719/2 581/719/2 982/722/2
f 771/467/9 867/466/9 928/466/9 629/467/9
f 815/714/3 700/713/3 640/713/3 585/714/3
f 866/505/6 772/504/6 632/504/6 927/505/6
f 699/567/2 816/570/2 588/570/2 637/567/2
f 867/466/3 726/465/3 1021/465/3 928/466/3
f 811/463/6 666/462/6 979/462/6 589/463/6
f 725/646/2 868/647/2 925/647/2 1022/646/2
f 665/477/9 812/476/9 592/476/9 980/477/9
f 778/506/3 866/505/3 927/505/3 622/506/3
f 807/627/6 693/626/6 643/626/6 593/627/6
f 865/480/2 779/483/2 621/483/2 926/480/2
f 696/704/9 808/703/9 596/703/9 644/704/9
f 864/697/9 783/696/9 617/696/9 921/697/9
f 802/486/3 662/485/3 977/485/3 598/486/3
f 782/693/6 861/692/6 922/692/6 618/693/6
f 661/382/2 803/385/2 597/385/2 978/382/2
f 751/645/9 863/644/9 924/644/9 1020/645/9
f 799/705/3 696/704/3 644/704/3 601/705/3
f 862/455/6 752/454/6 1019/454/6 923/455/6
f 695/599/2 800/602/2 604/602/2 641/599/2
f 863/644/3 789/643/3 611/643/3 924/644/3
f 795/475/9 674/474/9 975/474/9 605/475/9
f 792/694/2 864/697/2 921/697/2 612/694/2
f 673/489/6 796/488/6 608/488/6 976/489/6
f 723/456/3 862/455/3 923/455/3 1018/456/3
f 791/655/9 689/654/9 647/654/9 609/655/9
f 861/692/2 724/526/2 1017/526/2 922/692/2
f 692/695/6 792/694/6 612/694/6 648/695/6
f 860/375/9 786/374/9 614/374/9 917/375/9
f 786/374/3 670/373/3 973/373/3 614/374/3
f 785/653/6 857/652/6 918/652/6 615/653/6
f 669/492/2 787/495/2 613/495/2 974/492/2
f 719/620/9 859/619/9 920/619/9 1016/620/9
f 653/722/1 734/721/1 831/720/1 819/719/1
f 647/654/5 646/519/5 645/628/5 648/695/5
f 643/626/1 642/534/1 641/599/1 644/704/1
f 639/597/1 638/548/1 637/567/1 640/713/1
f 635/689/5 634/685/5 633/687/5 636/658/5
f 631/682/5 630/502/5 629/467/5 632/504/5
f 627/660/5 626/679/5 625/683/5 628/686/5
f 623/656/5 622/506/5 621/483/5 624/496/5
f 619/698/5 618/693/5 617/696/5 620/631/5
f 615/653/5 614/374/5 613/495/5 616/516/5
f 611/643/5 610/650/5 609/655/5 612/694/5
f 607/629/5 606/518/5 605/475/5 608/488/5
f 603/707/1 602/702/1 601/705/1 604/602/1
f 599/625/1 598/486/1 597/385/1 600/531/1
f 595/604/1 594/622/1 593/627/1 596/703/1
f 591/600/1 590/533/1 589/463/1 592/476/1
f 587/716/1 586/711/1 585/714/1 588/570/1
f 583/596/1 582/388/1 581/719/1 584/545/1
f 579/586/1 578/593/1 577/598/1 580/712/1
f 575/568/1 574/547/1 573/379/1 576/468/1
f 571/376/1 54/546/1 53/720/1 572/676/1
f 894/595/1 895/592/1 896/561/1 893/389/1
f 898/710/1 899/449/1 900/587/1 897/715/1
f 902/460/1 903/532/1 904/384/1 901/590/1
f 906/624/1 907/621/1 908/608/1 905/487/1
f 910/701/1 911/452/1 912/605/1 909/706/1
f 914/472/5 915/517/5 916/494/5 913/575/5
f 918/652/5 919/649/5 920/619/5 917/375/5
f 922/692/5 923/455/5 924/644/5 921/697/5
f 926/480/5 927/505/5 928/466/5 925/647/5
f 930/681/5 931/678/5 932/664/5 929/503/5
f 934/684/5 935/458/5 936/661/5 933/688/5
f 938/669/5 939/690/5 940/657/5 937/499/5
f 942/640/5 943/699/5 944/630/5 941/491/5
f 946/613/1 947/708/1 948/601/1 945/479/1
f 950/582/1 951/717/1 952/569/1 949/471/1
f 635/689/5 953/691/5 954/512/5 634/685/5
f 632/504/5 650/507/5 651/633/5 631/682/5
f 627/660/5 955/659/5 956/680/5 626/679/5
f 623/656/5 649/634/5 650/507/5 622/506/5
f 619/698/5 957/700/5 958/527/5 618/693/5
f 616/516/5 646/519/5 647/654/5 615/653/5
f 611/643/5 959/638/5 960/651/5 610/650/5
f 607/629/5 645/628/5 646/519/5 606/518/5
f 603/707/1 961/709/1 962/541/1 602/702/1
f 600/531/1 642/534/1 643/626/1 599/625/1
f 595/604/1 963/603/1 964/623/1 594/622/1
f 591/600/1 641/599/1 642/534/1 590/533/1
f 587/716/1 965/718/1 966/556/1 586/711/1
f 584/545/1 638/548/1 639/597/1 583/596/1
f 579/586/1 967/585/1 968/594/1 578/593/1
f 575/568/1 637/567/1 638/548/1 574/547/1
f 649/634/5 636/658/5 633/687/5 652/635/5
f 970/464/5 629/467/5 630/502/5 969/501/5
f 652/635/5 628/686/5 625/683/5 651/633/5
f 972/497/5 624/496/5 621/483/5 971/482/5
f 645/628/5 620/631/5 617/696/5 648/695/5
f 974/492/5 613/495/5 614/374/5 973/373/5
f 648/695/5 612/694/5 609/655/5 647/654/5
f 976/489/5 608/488/5 605/475/5 975/474/5
f 641/599/1 604/602/1 601/705/1 644/704/1
f 978/382/1 597/385/1 598/486/1 977/485/1
f 644/704/1 596/703/1 593/627/1 643/626/1
f 980/477/1 592/476/1 589/463/1 979/462/1
f 637/567/1 588/570/1 585/714/1 640/713/1
f 982/722/1 581/719/1 582/388/1 981/387/1
f 640/713/1 580/712/1 577/598/1 639/597/1
f 984/469/1 576/468/1 573/379/1 983/378/1
f 571/376/1 573/379/1 574/547/1 54/546/1
f 986/571/1 572/676/1 53/720/1 985/721/1
f 54/546/1 584/545/1 581/719/1 53/720/1
f 988/377/1 571/376/1 572/676/1 987/566/1
f 894/595/1 577/598/1 578/593/1 895/592/1
f 990/386/1 893/389/1 896/561/1 989/560/1
f 895/592/1 991/591/1 992/562/1 896/561/1
f 583/596/1 894/595/1 893/389/1 582/388/1
f 898/710/1 993/555/1 994/450/1 899/449/1
f 580/712/1 897/715/1 900/587/1 579/586/1
f 899/449/1 995/448/1 996/580/1 900/587/1
f 586/711/1 898/710/1 897/715/1 585/714/1
f 902/460/1 589/463/1 590/533/1 903/532/1
f 998/588/1 901/590/1 904/384/1 997/383/1
f 903/532/1 600/531/1 597/385/1 904/384/1
f 1000/461/1 902/460/1 901/590/1 999/589/1
f 906/624/1 593/627/1 594/622/1 907/621/1
f 1002/484/1 905/487/1 908/608/1 1001/607/1
f 907/621/1 1003/610/1 1004/609/1 908/608/1
f 599/625/1 906/624/1 905/487/1 598/486/1
f 910/701/1 1005/540/1 1006/453/1 911/452/1
f 596/703/1 909/706/1 912/605/1 595/604/1
f 911/452/1 1007/451/1 1008/606/1 912/605/1
f 602/702/1 910/701/1 909/706/1 601/705/1
f 914/472/5 605/475/5 606/518/5 915/517/5
f 1010/574/5 913/575/5 916/494/5 1009/493/5
f 915/517/5 616/516/5 613/495/5 916/494/5
f 1012/473/5 914/472/5 913/575/5 1011/539/5
f 918/652/5 609/655/5 610/650/5 919/649/5
f 1014/372/5 917/375/5 920/619/5 1013/618/5
f 919/649/5 1015/648/5 1016/620/5 920/619/5
f 615/653/5 918/652/5 917/375/5 614/374/5
f 922/692/5 1017/526/5 1018/456/5 923/455/5
f 612/694/5 921/697/5 924/644/5 611/643/5
f 923/455/5 1019/454/5 1020/645/5 924/644/5
f 618/693/5 922/692/5 921/697/5 617/696/5
f 926/480/5 621/483/5 622/506/5 927/505/5
f 1022/646/5 925/647/5 928/466/5 1021/465/5
f 927/505/5 632/504/5 629/467/5 928/466/5
f 1024/481/5 926/480/5 925/647/5 1023/525/5
f 930/681/5 625/683/5 626/679/5 931/678/5
f 1026/500/5 929/503/5 932/664/5 1025/663/5
f 931/678/5 1027/677/5 1028/665/5 932/664/5
f 631/682/5 930/681/5 929/503/5 630/502/5
f 934/684/5 1029/511/5 1030/459/5 935/458/5
f 628/686/5 933/688/5 936/661/5 627/660/5
f 935/458/5 1031/457/5 1032/662/5 936/661/5
f 634/685/5 934/684/5 933/688/5 633/687/5
f 938/669/5 1033/515/5 1034/514/5 939/690/5
f 624/496/5 937/499/5 940/657/5 623/656/5
f 939/690/5 635/689/5 636/658/5 940/657/5
f 1036/520/5 938/669/5 937/499/5 1035/498/5
f 942/640/5 1037/642/5 1038/529/5 943/699/5
f 608/488/5 941/491/5 944/630/5 607/629/5
f 943/699/5 619/698/5 620/631/5 944/630/5
f 1040/641/5 942/640/5 941/491/5 1039/490/5
f 946/613/1 1041/615/1 1042/543/1 947/708/1
f 592/476/1 945/479/1 948/601/1 591/600/1
f 947/708/1 603/707/1 604/602/1 948/601/1
f 1044/614/1 946/613/1 945/479/1 1043/478/1
f 950/582/1 1045/584/1 1046/558/1 951/717/1
f 576/468/1 949/471/1 952/569/1 575/568/1
f 951/717/1 587/716/1 588/570/1 952/569/1
f 1048/583/1 950/582/1 949/471/1 1047/470/1
f 709/588/2 844/590/2 901/590/2 998/588/2
f 686/507/9 778/506/9 622/506/9 650/507/9
f 721/641/6 881/640/6 942/640/6 1040/641/6
f 843/384/3 710/383/3 997/383/3 904/384/3
f 781/698/2 676/700/2 957/700/2 619/698/2
f 884/491/9 722/490/9 1039/490/9 941/491/9
f 842/532/9 804/531/9 600/531/9 903/532/9
f 803/385/6 843/384/6 904/384/6 597/385/6
f 675/527/3 782/693/3 618/693/3 958/527/3
f 788/516/2 690/519/2 646/519/2 616/516/2
f 745/461/9 841/460/9 902/460/9 1000/461/9
f 689/654/3 785/653/3 615/653/3 647/654/3
f 844/590/6 746/589/6 999/589/6 901/590/6
f 789/643/6 672/638/6 959/638/6 611/643/6
f 845/624/2 807/627/2 593/627/2 906/624/2
f 806/622/3 846/621/3 907/621/3 594/622/3
f 671/651/9 790/650/9 610/650/9 960/651/9
f 793/629/6 691/628/6 645/628/6 607/629/6
f 741/484/2 848/487/2 905/487/2 1002/484/2
f 690/519/9 794/518/9 606/518/9 646/519/9
f 847/608/3 742/607/3 1001/607/3 908/608/3
f 797/707/2 668/709/2 961/709/2 603/707/2
f 846/621/9 712/610/9 1003/610/9 907/621/9
f 885/613/2 748/615/2 1041/615/2 946/613/2
f 667/541/3 798/702/3 602/702/3 962/541/3
f 711/609/6 847/608/6 908/608/6 1004/609/6
f 804/531/2 694/534/2 642/534/2 600/531/2
f 747/543/3 886/708/3 947/708/3 1042/543/3
f 801/625/9 845/624/9 906/624/9 599/625/9
f 693/626/3 801/625/3 599/625/3 643/626/3
f 812/476/2 888/479/2 945/479/2 592/476/2
f 848/487/6 802/486/6 598/486/6 905/487/6
f 805/604/9 664/603/9 963/603/9 595/604/9
f 887/601/3 809/600/3 591/600/3 948/601/3
f 849/701/2 716/540/2 1005/540/2 910/701/2
f 886/708/9 797/707/9 603/707/9 947/708/9
f 663/623/6 806/622/6 594/622/6 964/623/6
f 800/602/6 887/601/6 948/601/6 604/602/6
f 715/453/3 850/452/3 911/452/3 1006/453/3
f 809/600/9 695/599/9 641/599/9 591/600/9
f 808/703/2 852/706/2 909/706/2 596/703/2
f 694/534/6 810/533/6 590/533/6 642/534/6
f 713/614/9 885/613/9 946/613/9 1044/614/9
f 851/605/3 805/604/3 595/604/3 912/605/3
f 813/716/2 660/718/2 965/718/2 587/716/2
f 888/479/6 714/478/6 1043/478/6 945/479/6
f 850/452/9 744/451/9 1007/451/9 911/452/9
f 889/582/2 740/584/2 1045/584/2 950/582/2
f 659/556/3 814/711/3 586/711/3 966/556/3
f 743/606/6 851/605/6 912/605/6 1008/606/6
f 820/545/2 698/548/2 638/548/2 584/545/2
f 739/558/3 890/717/3 951/717/3 1046/558/3
f 798/702/9 849/701/9 910/701/9 602/702/9
f 697/597/3 817/596/3 583/596/3 639/597/3
f 828/468/2 892/471/2 949/471/2 576/468/2
f 852/706/6 799/705/6 601/705/6 909/706/6
f 821/586/9 656/585/9 967/585/9 579/586/9
f 891/569/3 825/568/3 575/568/3 952/569/3
f 853/472/2 795/475/2 605/475/2 914/472/2
f 890/717/9 813/716/9 587/716/9 951/717/9
f 794/518/3 854/517/3 915/517/3 606/518/3
f 655/594/6 822/593/6 578/593/6 968/594/6
f 816/570/6 891/569/6 952/569/6 588/570/6
f 825/568/9 699/567/9 637/567/9 575/568/9
f 749/574/2 856/575/2 913/575/2 1010/574/2
f 698/548/6 826/547/6 574/547/6 638/548/6
f 705/583/9 889/582/9 950/582/9 1048/583/9
f 855/494/3 750/493/3 1009/493/3 916/494/3
f 687/634/2 768/658/2 636/658/2 649/634/2
f 892/471/6 706/470/6 1047/470/6 949/471/6
f 854/517/6 788/516/6 616/516/6 915/517/6
f 767/687/3 688/635/3 652/635/3 633/687/3
f 787/495/9 855/494/9 916/494/9 613/495/9
f 677/464/2 771/467/2 629/467/2 970/464/2
f 753/473/6 853/472/6 914/472/6 1012/473/6
f 770/502/3 678/501/3 969/501/3 630/502/3
f 856/575/9 754/539/9 1011/539/9 913/575/9
f 688/635/6 776/686/6 628/686/6 652/635/6
f 857/652/2 791/655/2 609/655/2 918/652/2
f 775/683/9 685/633/9 651/633/9 625/683/9
f 790/650/3 858/649/3 919/649/3 610/650/3
f 681/497/6 780/496/6 624/496/6 972/497/6
f 717/372/2 860/375/2 917/375/2 1014/372/2
f 779/483/9 682/482/9 971/482/9 621/483/9
f 859/619/3 718/618/3 1013/618/3 920/619/3
f 691/628/2 784/631/2 620/631/2 645/628/2
f 858/649/6 720/648/6 1015/648/6 919/649/6
f 783/696/3 692/695/3 648/695/3 617/696/3
f 1062/725/9 1063/726/9 1087/726/9 1086/725/9
f 1058/738/6 1059/739/6 1083/739/6 1082/738/6
f 1059/739/1 1062/725/1 1086/725/1 1083/739/1
f 1058/738/2 1063/726/2 1062/725/2 1059/739/2
f 1063/726/5 1058/738/5 1082/738/5 1087/726/5
f 1425/59/9 1494/58/9 1503/960/9 1432/961/9
f 1430/964/5 1502/965/5 1507/117/5 1434/116/5
f 1498/968/10 1441/969/10 1444/75/10 1499/74/10
f 1441/969/6 1498/968/6 1491/972/6 1438/973/6
f 1502/965/7 1430/964/7 1432/961/7 1503/960/7
f 1501/974/2 1504/975/2 1493/976/2 1496/977/2 1511/119/2 1508/118/2
f 1500/979/2 1505/69/2 1510/68/2 1489/980/2 1492/981/2 1497/982/2
f 1425/59/3 1432/961/3 1464/961/3 1465/59/3
f 1428/60/3 1425/59/3 1465/59/3 1468/60/3
f 1451/64/81 1445/63/81 1473/63/81 1484/64/81
f 1441/969/3 1438/973/3 1480/973/3 1475/969/3
f 1448/4/82 1456/67/82 1487/67/82 1470/4/82
f 1440/1/3 1448/4/3 1470/4/3 1472/1/3
f 1445/72/3 1444/75/3 1478/75/3 1473/72/3
f 1432/961/3 1430/964/3 1462/964/3 1464/961/3
f 1453/121/84 1435/120/84 1457/120/84 1486/121/84
f 1434/116/85 1450/115/85 1481/115/85 1460/116/85
f 1435/32/3 1428/35/3 1468/35/3 1457/32/3
f 1430/964/3 1434/116/3 1460/116/3 1462/964/3
f 1444/75/3 1441/969/3 1475/969/3 1478/75/3
f 1438/983/3 1440/1/3 1472/1/3 1480/983/3
f 1492/984/45 1489/985/45 1490/2/45 1491/986/45
f 1496/977/42 1493/976/42 1494/58/42 1495/61/42
f 1504/975/43 1501/974/43 1502/965/43 1503/960/43
f 1500/979/44 1497/982/44 1498/968/44 1499/74/44
f 1497/982/46 1492/981/46 1491/972/46 1498/968/46
f 1507/117/15 1502/965/15 1501/974/15 1508/118/15
f 1503/960/47 1494/58/47 1493/976/47 1504/975/47
f 1499/74/15 1506/73/15 1505/69/15 1500/979/15
f 1489/980/19 1510/68/19 1509/3/19 1490/2/19
f 1511/119/19 1496/977/19 1495/34/19 1512/33/19
f 1438/983/4 1491/986/4 1490/2/4 1440/1/4
