# Blender 4.2.3 LTS
# www.blender.org
mtllib SM_Wall_Security_Panel.mtl
o SM_Wall_Security_Panel
v 0.000000 -0.150000 0.354970
v 0.000000 -0.129970 0.375000
v 0.000000 0.129970 0.375000
v 0.000000 0.150000 0.354970
v 0.000000 -0.129970 -0.375000
v 0.000000 -0.150000 -0.354970
v 0.000000 0.150000 -0.354970
v 0.000000 0.129970 -0.375000
v 0.080000 -0.124994 0.362987
v 0.065718 -0.129970 0.375000
v 0.080000 -0.137987 0.349994
v 0.065718 -0.150000 0.354970
v 0.080000 0.137987 0.349994
v 0.067987 0.150000 0.354970
v 0.080000 0.121613 0.359610
v 0.067987 0.129970 0.375000
v 0.080000 -0.137987 -0.349994
v 0.065718 -0.150000 -0.354970
v 0.080000 -0.124994 -0.362987
v 0.065718 -0.129970 -0.375000
v 0.080000 0.121623 -0.359610
v 0.067987 0.129970 -0.375000
v 0.080000 0.137987 -0.349994
v 0.067987 0.150000 -0.354970
v 0.047172 -0.129970 -0.375000
v 0.052337 -0.129970 -0.375000
v 0.052337 -0.150000 -0.354970
v 0.047172 -0.150000 -0.354970
v 0.050068 0.129970 -0.375000
v 0.047172 0.129970 -0.375000
v 0.047172 0.150000 -0.354970
v 0.050068 0.150000 -0.354970
v 0.052337 -0.129970 0.375000
v 0.047172 -0.129970 0.375000
v 0.047172 -0.150000 0.354970
v 0.052337 -0.150000 0.354970
v 0.047172 0.129970 0.375000
v 0.050068 0.129970 0.375000
v 0.050068 0.150000 0.354970
v 0.047172 0.150000 0.354970
v 0.000000 -0.150000 0.340005
v 0.000000 -0.150000 0.337108
v 0.000000 -0.150000 -0.337108
v 0.000000 -0.150000 -0.340005
v 0.047172 -0.150000 -0.337108
v 0.047172 -0.150000 -0.340005
v 0.047172 -0.150000 0.340005
v 0.047172 -0.150000 0.337108
v 0.000000 0.150000 0.337108
v 0.000000 0.150000 0.340005
v 0.000000 0.150000 -0.340005
v 0.000000 0.150000 -0.337108
v 0.047172 0.150000 0.340005
v 0.050068 0.150000 0.340005
v 0.050068 0.150000 0.337108
v 0.047172 0.150000 0.337108
v 0.047172 0.150000 -0.340005
v 0.047172 0.150000 -0.337108
v 0.050068 0.150000 -0.337108
v 0.050068 0.150000 -0.340005
v 0.080000 -0.130299 -0.330868
v 0.079488 -0.139011 -0.340005
v 0.079488 -0.139011 0.340005
v 0.067987 0.150000 -0.340005
v 0.067987 0.150000 -0.337108
v 0.067987 0.150000 0.337108
v 0.067987 0.150000 0.340005
v 0.078976 0.139011 0.337108
v 0.080000 0.137987 0.340005
v 0.080000 0.130506 -0.331075
v 0.080000 0.137987 -0.340005
v 0.078976 0.139011 -0.337108
v 0.052337 -0.150000 -0.041248
v 0.052337 -0.150000 -0.033813
v 0.052337 -0.150000 0.123636
v 0.052337 -0.150000 0.131071
v 0.050068 0.150000 0.128802
v 0.050068 0.150000 0.125906
v 0.050068 0.150000 -0.038979
v 0.050068 0.150000 -0.036082
v 0.078976 -0.139011 -0.038979
v 0.080000 -0.129468 -0.046049
v 0.080000 -0.136539 -0.036082
v 0.078976 -0.139011 -0.036082
v 0.078976 -0.139011 0.128802
v 0.078976 -0.139011 0.125906
v 0.080000 -0.136539 0.125906
v 0.065718 -0.150000 0.123636
v 0.065718 -0.150000 0.131071
v 0.065718 -0.150000 -0.041248
v 0.065718 -0.150000 -0.033813
v 0.067987 0.150000 -0.036082
v 0.067987 0.150000 -0.038979
v 0.067987 0.150000 0.128802
v 0.067987 0.150000 0.125906
v 0.080000 0.136539 0.125906
v 0.078976 0.139011 0.125906
v 0.078976 0.139011 0.128802
v 0.080000 0.130506 -0.045012
v 0.078976 0.139011 -0.038979
v 0.078976 0.139011 -0.036082
v 0.080000 0.136539 -0.036082
v 0.052337 -0.074222 0.375000
v 0.050068 -0.069056 0.375000
v 0.050068 -0.069056 -0.375000
v 0.052337 -0.074222 -0.375000
v 0.065718 -0.074222 -0.375000
v 0.067987 -0.069056 -0.375000
v 0.080000 -0.071953 -0.362987
v 0.080000 -0.065679 -0.359610
v 0.067987 -0.069056 0.375000
v 0.065718 -0.074222 0.375000
v 0.080000 -0.065679 0.359610
v 0.080000 -0.071953 0.362987
v 0.080000 -0.071953 -0.340005
v 0.080000 -0.065679 -0.343382
v 0.080000 -0.071953 0.340005
v 0.080000 -0.065679 0.343382
v 0.080000 0.012963 -0.331075
v 0.080000 -0.002208 -0.330868
v 0.080000 -0.003038 -0.046049
v 0.080000 0.012963 -0.045012
v 0.047172 -0.147252 -0.340005
v 0.047172 -0.147252 -0.337108
v 0.047172 -0.147252 0.340005
v 0.047172 -0.147252 0.337108
v 0.047172 0.147252 0.337108
v 0.047172 0.147252 0.340005
v 0.050068 0.147252 0.340005
v 0.050068 0.147252 0.337108
v 0.050068 0.147252 -0.340005
v 0.047172 0.147252 -0.340005
v 0.047172 0.147252 -0.337108
v 0.050068 0.147252 -0.337108
v 0.077264 0.135915 0.337238
v 0.076600 0.137517 0.337238
v 0.077305 0.136871 0.340167
v 0.076600 0.137517 -0.337238
v 0.077264 0.135915 -0.337238
v 0.077305 0.136871 -0.340167
v 0.050068 -0.147252 -0.038979
v 0.050068 -0.147252 -0.036082
v 0.050068 -0.147252 0.128802
v 0.050068 -0.147252 0.125906
v 0.050068 0.147252 0.128802
v 0.050068 0.147252 0.125906
v 0.050068 0.147252 -0.036082
v 0.050068 0.147252 -0.038979
v 0.076554 -0.137615 -0.036082
v 0.076500 -0.137683 -0.038979
v 0.077287 -0.135899 -0.038979
v 0.077300 -0.135813 -0.036082
v 0.077287 -0.135898 0.128803
v 0.076500 -0.137683 0.128803
v 0.076554 -0.137615 0.125906
v 0.077300 -0.135813 0.125906
v 0.076554 0.137615 0.128802
v 0.077300 0.135813 0.128802
v 0.077300 0.135813 0.125906
v 0.076554 0.137615 0.125906
v 0.077300 0.135813 -0.036082
v 0.077300 0.135813 -0.038979
v 0.076554 0.137615 -0.038979
v 0.076554 0.137615 -0.036082
v 0.050068 -0.071953 0.372252
v 0.050068 -0.069056 0.372252
v 0.050068 -0.071953 -0.372252
v 0.050068 -0.069056 -0.372252
v 0.077252 -0.071948 -0.339903
v 0.077252 -0.069056 -0.340005
v 0.077252 -0.069056 0.340005
v 0.077252 -0.071948 0.339903
v 0.077252 0.004033 -0.337108
v 0.077252 0.006929 -0.337108
v 0.077252 0.004033 -0.038979
v 0.077252 0.006929 -0.038979
v 0.047172 -0.128832 -0.372252
v 0.050068 -0.128832 -0.372252
v 0.050068 -0.147252 -0.353832
v 0.047172 -0.147252 -0.353832
v 0.050068 0.128832 -0.372252
v 0.047172 0.128832 -0.372252
v 0.047172 0.147252 -0.353832
v 0.050068 0.147252 -0.353832
v 0.050068 -0.128832 0.372252
v 0.047172 -0.128832 0.372252
v 0.047172 -0.147252 0.353832
v 0.050068 -0.147252 0.353832
v 0.047172 0.128832 0.372252
v 0.050068 0.128832 0.372252
v 0.050068 0.147252 0.353832
v 0.047172 0.147252 0.353832
v 0.077256 -0.136102 0.336993
v 0.076737 -0.138627 0.339874
v 0.066849 0.147252 -0.340005
v 0.066849 0.147252 -0.337108
v 0.066849 0.147252 0.337108
v 0.066849 0.147252 0.340005
v 0.002748 -0.147252 -0.337108
v 0.002748 -0.147252 -0.340005
v 0.002748 -0.147252 0.340005
v 0.002748 -0.147252 0.337108
v 0.002748 0.147252 -0.340005
v 0.002748 0.147252 -0.337108
v 0.002748 0.147252 0.337108
v 0.002748 0.147252 0.340005
v 0.077256 -0.136102 -0.336993
v 0.076737 -0.138628 -0.339874
v 0.066849 -0.147252 -0.038979
v 0.066849 -0.147252 -0.036082
v 0.066849 -0.147252 0.125906
v 0.066849 -0.147252 0.128802
v 0.066849 0.147252 -0.036082
v 0.066849 0.147252 -0.038979
v 0.066849 0.147252 0.128802
v 0.066849 0.147252 0.125906
v 0.077252 -0.069056 0.361849
v 0.077252 -0.071953 0.361849
v 0.077252 -0.071953 -0.361849
v 0.077252 -0.069056 -0.361849
v 0.066849 -0.069056 0.372252
v 0.066849 -0.071953 0.372252
v 0.066849 -0.071953 -0.372252
v 0.066849 -0.069056 -0.372252
v 0.080000 0.121651 -0.343382
v 0.080000 0.121592 0.343382
v 0.080000 -0.069056 0.362987
v 0.080000 0.124994 0.362987
v 0.080000 -0.069056 -0.340005
v 0.080000 0.125034 -0.340005
v 0.080000 -0.069056 -0.362987
v 0.080000 -0.069056 0.340005
v 0.080000 0.124964 0.340005
v 0.080000 0.124994 -0.362987
v 0.081600 -0.063014 0.356945
v 0.081600 0.118944 0.356945
v 0.081600 -0.063014 -0.346047
v 0.081600 0.118982 -0.346047
v 0.081600 -0.063014 -0.356945
v 0.081600 -0.063014 0.346047
v 0.081600 0.118930 0.346047
v 0.081600 0.118963 -0.356945
v 0.081600 -0.065679 0.359610
v 0.081600 0.121613 0.359610
v 0.081600 -0.065679 -0.343382
v 0.081600 0.121651 -0.343382
v 0.081600 -0.065679 -0.359610
v 0.081600 -0.065679 0.343382
v 0.081600 0.121592 0.343382
v 0.081600 0.121623 -0.359610
v 0.077614 -0.063014 0.356945
v 0.077614 0.118944 0.356945
v 0.077614 -0.063014 -0.346047
v 0.077614 0.118982 -0.346047
v 0.077614 -0.063014 -0.356945
v 0.077614 -0.063014 0.346047
v 0.077614 0.118930 0.346047
v 0.077614 0.118963 -0.356945
v 0.080000 0.136539 -0.038979
v 0.080000 0.136539 -0.337108
v 0.080000 0.006929 -0.337108
v 0.080000 0.006929 -0.038979
v 0.078163 0.127407 -0.048111
v 0.078163 0.127407 -0.327976
v 0.078163 0.016061 -0.327976
v 0.078163 0.016061 -0.048111
v 0.078163 0.130506 -0.045012
v 0.078163 0.130506 -0.331075
v 0.078163 0.012963 -0.331075
v 0.078163 0.012963 -0.045012
v 0.076514 0.127407 -0.048111
v 0.076514 0.127407 -0.327976
v 0.076514 0.016061 -0.327976
v 0.076514 0.016061 -0.048111
v 0.080000 -0.130299 -0.225738
v 0.080000 -0.002208 -0.225738
v 0.080000 -0.003038 -0.212426
v 0.080000 0.004033 -0.337108
v 0.080000 -0.136539 -0.337108
v 0.080000 -0.129468 -0.212426
v 0.071825 -0.005126 -0.228656
v 0.071825 -0.005126 -0.327949
v 0.071825 -0.127380 -0.327949
v 0.071825 -0.127380 -0.228656
v 0.071825 -0.002208 -0.225738
v 0.071825 -0.002208 -0.330868
v 0.071825 -0.130299 -0.330868
v 0.071825 -0.130299 -0.225738
v 0.076952 -0.045356 -0.237702
v 0.076952 -0.045356 -0.318903
v 0.076952 -0.121191 -0.322600
v 0.076952 -0.121191 -0.234005
v 0.076952 -0.009295 -0.233357
v 0.076952 -0.009295 -0.323248
v 0.076952 -0.127380 -0.327949
v 0.076952 -0.127380 -0.228656
v 0.074435 -0.058438 -0.242273
v 0.074435 -0.058438 -0.314333
v 0.074435 -0.117898 -0.319964
v 0.074435 -0.117898 -0.236641
v 0.076952 -0.005126 -0.228656
v 0.076952 -0.005126 -0.327949
v 0.076952 -0.049525 -0.234005
v 0.076952 -0.049525 -0.322600
v 0.076157 -0.009295 -0.233357
v 0.076157 -0.009295 -0.323248
v 0.076157 -0.045356 -0.237702
v 0.076157 -0.045356 -0.318903
v 0.074435 -0.052942 -0.241489
v 0.074435 -0.052942 -0.315116
v 0.074435 -0.121191 -0.322600
v 0.074435 -0.121191 -0.234005
v 0.076628 -0.068004 -0.236641
v 0.080598 -0.071974 -0.240610
v 0.080598 -0.071974 -0.315995
v 0.076628 -0.068004 -0.319964
v 0.076628 -0.117898 -0.319964
v 0.080598 -0.113928 -0.315995
v 0.080598 -0.113928 -0.240610
v 0.076628 -0.117898 -0.236641
v 0.074435 -0.049525 -0.234005
v 0.074435 -0.049525 -0.322600
v 0.074435 -0.068004 -0.236641
v 0.074435 -0.068004 -0.319964
v 0.073912 -0.052942 -0.241489
v 0.073912 -0.052942 -0.315116
v 0.073912 -0.058438 -0.242273
v 0.073912 -0.058438 -0.314333
v 0.080000 -0.136539 -0.219497
v 0.080000 -0.136539 -0.038979
v 0.080000 0.004033 -0.038979
v 0.080000 0.004033 -0.219497
v 0.076682 -0.129468 -0.212426
v 0.076682 -0.129468 -0.046049
v 0.076682 -0.003038 -0.046049
v 0.076682 -0.003038 -0.212426
v 0.076682 -0.129468 -0.129238
v 0.076682 -0.056790 -0.046049
v 0.076682 -0.003038 -0.129238
v 0.076682 -0.056790 -0.212426
v 0.076682 -0.129468 -0.087644
v 0.076682 -0.034646 -0.046049
v 0.076682 -0.003038 -0.170832
v 0.076682 -0.097861 -0.212426
v 0.076682 -0.129468 -0.170832
v 0.076682 -0.097861 -0.046049
v 0.076682 -0.003038 -0.087644
v 0.076682 -0.034646 -0.212426
v 0.076682 -0.097861 -0.129238
v 0.076682 -0.034646 -0.129238
v 0.076682 -0.034646 -0.170832
v 0.076682 -0.097861 -0.170832
v 0.076682 -0.097861 -0.087644
v 0.076682 -0.034646 -0.087644
v 0.076682 -0.129468 -0.066847
v 0.076682 -0.018842 -0.046049
v 0.076682 -0.113665 -0.212426
v 0.076682 -0.129468 -0.150035
v 0.076682 -0.113665 -0.129238
v 0.076682 -0.129468 -0.108441
v 0.076682 -0.129468 -0.191629
v 0.076682 -0.113665 -0.046049
v 0.076682 -0.018842 -0.212426
v 0.076682 -0.018842 -0.129238
v 0.076682 -0.018842 -0.170832
v 0.076682 -0.097861 -0.150035
v 0.076682 -0.097861 -0.191629
v 0.076682 -0.113665 -0.170832
v 0.076682 -0.097861 -0.066847
v 0.076682 -0.097861 -0.108441
v 0.076682 -0.113665 -0.087644
v 0.076682 -0.018842 -0.087644
v 0.076682 -0.113665 -0.108441
v 0.076682 -0.113665 -0.066847
v 0.076682 -0.113665 -0.191629
v 0.076682 -0.113665 -0.150035
v 0.076682 -0.054740 -0.210376
v 0.076682 -0.036696 -0.210376
v 0.076682 -0.036696 -0.170832
v 0.076682 -0.036696 -0.129238
v 0.076682 -0.036696 -0.087644
v 0.076682 -0.036696 -0.048100
v 0.076682 -0.054740 -0.048100
v 0.076682 -0.032595 -0.085593
v 0.076682 -0.020892 -0.085593
v 0.076682 -0.020892 -0.048100
v 0.076682 -0.032595 -0.048100
v 0.076682 -0.032595 -0.168781
v 0.076682 -0.020892 -0.168781
v 0.076682 -0.020892 -0.131288
v 0.076682 -0.032595 -0.131288
v 0.076682 -0.032595 -0.210376
v 0.076682 -0.020892 -0.210376
v 0.076682 -0.020892 -0.172883
v 0.076682 -0.032595 -0.172883
v 0.076682 -0.016791 -0.127187
v 0.076682 -0.005089 -0.127187
v 0.076682 -0.005089 -0.089694
v 0.076682 -0.016791 -0.089694
v 0.076682 -0.016791 -0.210376
v 0.076682 -0.005089 -0.210376
v 0.076682 -0.005089 -0.172883
v 0.076682 -0.016791 -0.172883
v 0.076682 -0.016791 -0.168781
v 0.076682 -0.005089 -0.168781
v 0.076682 -0.005089 -0.131288
v 0.076682 -0.016791 -0.131288
v 0.076682 -0.058841 -0.048100
v 0.076682 -0.095810 -0.048100
v 0.076682 -0.095810 -0.066847
v 0.076682 -0.095810 -0.087644
v 0.076682 -0.095810 -0.108441
v 0.076682 -0.095810 -0.129238
v 0.076682 -0.095810 -0.150035
v 0.076682 -0.095810 -0.170832
v 0.076682 -0.095810 -0.191629
v 0.076682 -0.095810 -0.210376
v 0.076682 -0.058841 -0.210376
v 0.076682 -0.016791 -0.085593
v 0.076682 -0.005089 -0.085593
v 0.076682 -0.005089 -0.048100
v 0.076682 -0.016791 -0.048100
v 0.076682 -0.032595 -0.127187
v 0.076682 -0.020892 -0.127187
v 0.076682 -0.020892 -0.089694
v 0.076682 -0.032595 -0.089694
v 0.075589 -0.036696 -0.210376
v 0.075589 -0.054740 -0.210376
v 0.075589 -0.054740 -0.048100
v 0.075589 -0.036696 -0.170832
v 0.075589 -0.036696 -0.129238
v 0.075589 -0.036696 -0.087644
v 0.075589 -0.036696 -0.048100
v 0.075589 -0.020892 -0.085593
v 0.075589 -0.032595 -0.085593
v 0.075589 -0.032595 -0.048100
v 0.075589 -0.020892 -0.048100
v 0.075589 -0.020892 -0.168781
v 0.075589 -0.032595 -0.168781
v 0.075589 -0.032595 -0.131288
v 0.075589 -0.020892 -0.131288
v 0.075589 -0.020892 -0.210376
v 0.075589 -0.032595 -0.210376
v 0.075589 -0.032595 -0.172883
v 0.075589 -0.020892 -0.172883
v 0.075589 -0.005089 -0.127187
v 0.075589 -0.016791 -0.127187
v 0.075589 -0.016791 -0.089694
v 0.075589 -0.005089 -0.089694
v 0.075589 -0.005089 -0.210376
v 0.075589 -0.016791 -0.210376
v 0.075589 -0.016791 -0.172883
v 0.075589 -0.005089 -0.172883
v 0.075589 -0.005089 -0.168781
v 0.075589 -0.016791 -0.168781
v 0.075589 -0.016791 -0.131288
v 0.075589 -0.005089 -0.131288
v 0.075589 -0.095810 -0.048100
v 0.075589 -0.058841 -0.048100
v 0.075589 -0.058841 -0.210376
v 0.075589 -0.095810 -0.066847
v 0.075589 -0.095810 -0.087644
v 0.075589 -0.095810 -0.108441
v 0.075589 -0.095810 -0.129238
v 0.075589 -0.095810 -0.150035
v 0.075589 -0.095810 -0.170832
v 0.075589 -0.095810 -0.191629
v 0.075589 -0.095810 -0.210376
v 0.075589 -0.005089 -0.085593
v 0.075589 -0.016791 -0.085593
v 0.075589 -0.016791 -0.048100
v 0.075589 -0.005089 -0.048100
v 0.075589 -0.020892 -0.127187
v 0.075589 -0.032595 -0.127187
v 0.075589 -0.032595 -0.089694
v 0.075589 -0.020892 -0.089694
v 0.075589 -0.053348 -0.208984
v 0.075589 -0.038088 -0.208984
v 0.075589 -0.038088 -0.170832
v 0.075589 -0.038088 -0.129238
v 0.075589 -0.038088 -0.087644
v 0.075589 -0.038088 -0.049491
v 0.075589 -0.053348 -0.049491
v 0.075589 -0.031204 -0.084202
v 0.075589 -0.022284 -0.084202
v 0.075589 -0.022284 -0.049491
v 0.075589 -0.031204 -0.049491
v 0.075589 -0.031204 -0.167390
v 0.075589 -0.022284 -0.167390
v 0.075589 -0.022284 -0.132680
v 0.075589 -0.031204 -0.132680
v 0.075589 -0.031204 -0.208984
v 0.075589 -0.022284 -0.208984
v 0.075589 -0.022284 -0.174274
v 0.075589 -0.031204 -0.174274
v 0.075589 -0.015400 -0.125796
v 0.075589 -0.006480 -0.125796
v 0.075589 -0.006480 -0.091086
v 0.075589 -0.015400 -0.091086
v 0.075589 -0.015400 -0.208984
v 0.075589 -0.006480 -0.208984
v 0.075589 -0.006480 -0.174274
v 0.075589 -0.015400 -0.174274
v 0.075589 -0.015400 -0.167390
v 0.075589 -0.006480 -0.167390
v 0.075589 -0.006480 -0.132680
v 0.075589 -0.015400 -0.132680
v 0.075589 -0.060232 -0.049491
v 0.075589 -0.094419 -0.049491
v 0.075589 -0.094419 -0.066847
v 0.075589 -0.094419 -0.087644
v 0.075589 -0.094419 -0.108441
v 0.075589 -0.094419 -0.129238
v 0.075589 -0.094419 -0.150035
v 0.075589 -0.094419 -0.170832
v 0.075589 -0.094419 -0.191629
v 0.075589 -0.094419 -0.208984
v 0.075589 -0.060232 -0.208984
v 0.075589 -0.015400 -0.084202
v 0.075589 -0.006480 -0.084202
v 0.075589 -0.006480 -0.049491
v 0.075589 -0.015400 -0.049491
v 0.075589 -0.031204 -0.125796
v 0.075589 -0.022284 -0.125796
v 0.075589 -0.022284 -0.091086
v 0.075589 -0.031204 -0.091086
v 0.074969 -0.038088 -0.208984
v 0.074969 -0.053348 -0.208984
v 0.074969 -0.053348 -0.049491
v 0.074969 -0.038088 -0.170832
v 0.074969 -0.038088 -0.129238
v 0.074969 -0.038088 -0.087644
v 0.074969 -0.038088 -0.049491
v 0.074969 -0.022284 -0.084202
v 0.074969 -0.031204 -0.084202
v 0.074969 -0.031204 -0.049491
v 0.074969 -0.022284 -0.049491
v 0.074969 -0.022284 -0.167390
v 0.074969 -0.031204 -0.167390
v 0.074969 -0.031204 -0.132680
v 0.074969 -0.022284 -0.132680
v 0.074969 -0.022284 -0.208984
v 0.074969 -0.031204 -0.208984
v 0.074969 -0.031204 -0.174274
v 0.074969 -0.022284 -0.174274
v 0.074969 -0.006480 -0.125796
v 0.074969 -0.015400 -0.125796
v 0.074969 -0.015400 -0.091086
v 0.074969 -0.006480 -0.091086
v 0.074969 -0.006480 -0.208984
v 0.074969 -0.015400 -0.208984
v 0.074969 -0.015400 -0.174274
v 0.074969 -0.006480 -0.174274
v 0.074969 -0.006480 -0.167390
v 0.074969 -0.015400 -0.167390
v 0.074969 -0.015400 -0.132680
v 0.074969 -0.006480 -0.132680
v 0.074969 -0.094419 -0.049491
v 0.074969 -0.060232 -0.049491
v 0.074969 -0.060232 -0.208984
v 0.074969 -0.094419 -0.066847
v 0.074969 -0.094419 -0.087644
v 0.074969 -0.094419 -0.108441
v 0.074969 -0.094419 -0.129238
v 0.074969 -0.094419 -0.150035
v 0.074969 -0.094419 -0.170832
v 0.074969 -0.094419 -0.191629
v 0.074969 -0.094419 -0.208984
v 0.074969 -0.006480 -0.084202
v 0.074969 -0.015400 -0.084202
v 0.074969 -0.015400 -0.049491
v 0.074969 -0.006480 -0.049491
v 0.074969 -0.022284 -0.125796
v 0.074969 -0.031204 -0.125796
v 0.074969 -0.031204 -0.091086
v 0.074969 -0.022284 -0.091086
v 0.076682 -0.111974 -0.148344
v 0.076682 -0.099552 -0.148344
v 0.076682 -0.099552 -0.130929
v 0.076682 -0.111974 -0.130929
v 0.076682 -0.111974 -0.189938
v 0.076682 -0.099552 -0.189938
v 0.076682 -0.099552 -0.172523
v 0.076682 -0.111974 -0.172523
v 0.076682 -0.111974 -0.065156
v 0.076682 -0.099552 -0.065156
v 0.076682 -0.099552 -0.047740
v 0.076682 -0.111974 -0.047740
v 0.076682 -0.127777 -0.106750
v 0.076682 -0.115355 -0.106750
v 0.076682 -0.115355 -0.089335
v 0.076682 -0.127777 -0.089335
v 0.076682 -0.127777 -0.085953
v 0.076682 -0.115355 -0.085953
v 0.076682 -0.115355 -0.068537
v 0.076682 -0.127777 -0.068537
v 0.076018 -0.099552 -0.148344
v 0.076018 -0.111974 -0.148344
v 0.076018 -0.111974 -0.130929
v 0.076018 -0.099552 -0.130929
v 0.076018 -0.099552 -0.189938
v 0.076018 -0.111974 -0.189938
v 0.076018 -0.111974 -0.172523
v 0.076018 -0.099552 -0.172523
v 0.076018 -0.099552 -0.065156
v 0.076018 -0.111974 -0.065156
v 0.076018 -0.111974 -0.047740
v 0.076018 -0.099552 -0.047740
v 0.076018 -0.115355 -0.106750
v 0.076018 -0.127777 -0.106750
v 0.076018 -0.127777 -0.089335
v 0.076018 -0.115355 -0.089335
v 0.076018 -0.115355 -0.085953
v 0.076018 -0.127777 -0.085953
v 0.076018 -0.127777 -0.068537
v 0.076018 -0.115355 -0.068537
v 0.076682 -0.111905 -0.106681
v 0.076682 -0.099620 -0.106681
v 0.076682 -0.099620 -0.089403
v 0.076682 -0.111905 -0.089403
v 0.076682 -0.127709 -0.065087
v 0.076682 -0.115424 -0.065087
v 0.076682 -0.115424 -0.047809
v 0.076682 -0.127709 -0.047809
v 0.076682 -0.127709 -0.189870
v 0.076682 -0.115424 -0.189870
v 0.076682 -0.115424 -0.172592
v 0.076682 -0.127709 -0.172591
v 0.076682 -0.111905 -0.210667
v 0.076682 -0.099620 -0.210667
v 0.076682 -0.099620 -0.193389
v 0.076682 -0.111905 -0.193389
v 0.076682 -0.127709 -0.148275
v 0.076682 -0.115424 -0.148275
v 0.076682 -0.115424 -0.130997
v 0.076682 -0.127709 -0.130997
v 0.076148 -0.099620 -0.106681
v 0.076148 -0.111905 -0.106681
v 0.076148 -0.111905 -0.089403
v 0.076148 -0.099620 -0.089403
v 0.076148 -0.115424 -0.065087
v 0.076148 -0.127709 -0.065087
v 0.076148 -0.127709 -0.047809
v 0.076148 -0.115424 -0.047809
v 0.076148 -0.115424 -0.189870
v 0.076148 -0.127709 -0.189870
v 0.076148 -0.127709 -0.172591
v 0.076148 -0.115424 -0.172592
v 0.076148 -0.099620 -0.210667
v 0.076148 -0.111905 -0.210667
v 0.076148 -0.111905 -0.193389
v 0.076148 -0.099620 -0.193389
v 0.076148 -0.115424 -0.148275
v 0.076148 -0.127709 -0.148275
v 0.076148 -0.127709 -0.130997
v 0.076148 -0.115424 -0.130997
v 0.080000 -0.119130 -0.018673
v 0.080000 0.119130 -0.018673
v 0.080000 0.119130 0.108497
v 0.080000 -0.119130 0.108497
v 0.076070 0.119130 -0.018673
v 0.076070 -0.119130 -0.018673
v 0.076070 -0.119130 0.108497
v 0.076070 0.119130 0.108497
v 0.076070 -0.118107 -0.017650
v 0.076070 0.118107 -0.017650
v 0.076070 0.118107 0.107474
v 0.076070 -0.118107 0.107474
v 0.084240 0.118107 -0.017650
v 0.084240 -0.118107 -0.017650
v 0.084240 -0.118107 0.107474
v 0.084240 0.118107 0.107474
v 0.084240 -0.115786 -0.015329
v 0.084240 0.115786 -0.015329
v 0.084240 0.115786 0.105153
v 0.084240 -0.115786 0.105153
v 0.070764 0.115786 -0.015329
v 0.070764 -0.115786 -0.015329
v 0.070764 -0.115786 0.105153
v 0.070764 0.115786 0.105153
v 0.070764 -0.113287 -0.012830
v 0.070764 0.113287 -0.012830
v 0.070764 0.113287 0.102653
v 0.070764 -0.113287 0.102653
v 0.074222 0.014517 0.099680
v 0.074222 0.014517 -0.009857
v 0.071249 0.113287 -0.012830
v 0.074222 0.110313 -0.009857
v 0.074222 -0.110313 -0.009857
v 0.071249 -0.113287 -0.012830
v 0.074222 -0.110313 0.099680
v 0.071249 -0.113287 0.102653
v 0.071249 0.113287 0.102653
v 0.074222 0.110313 0.099680
v 0.074222 0.110313 0.072296
v 0.074222 0.077859 -0.009857
v 0.074222 0.110313 0.017528
v 0.074222 0.077859 0.099680
v 0.074222 0.077859 0.017528
v 0.074222 0.077859 0.072296
v 0.074222 0.082735 0.017528
v 0.074222 0.082735 0.072296
v 0.074222 0.106918 0.020923
v 0.074222 0.106918 0.068900
v 0.074222 0.086131 0.068900
v 0.074222 0.086131 0.020923
v 0.072357 0.106918 0.068900
v 0.072357 0.106918 0.020923
v 0.072357 0.086131 0.020923
v 0.072357 0.086131 0.068900
v 0.074222 0.075344 0.097164
v 0.074222 0.017032 0.097164
v 0.074222 0.017032 -0.007341
v 0.074222 0.075344 -0.007341
v 0.072923 0.075344 -0.007341
v 0.072923 0.075344 0.097164
v 0.072923 0.017032 0.097164
v 0.072923 0.017032 -0.007341
v 0.072923 0.073494 0.095314
v 0.072923 0.018882 0.095314
v 0.072923 0.018882 -0.005491
v 0.072923 0.073494 -0.005491
v 0.072144 0.073494 -0.005491
v 0.072144 0.073494 0.095314
v 0.072144 0.018882 0.095314
v 0.072144 0.018882 -0.005491
v 0.074222 0.014517 0.085988
v 0.074222 -0.110313 0.085988
v 0.074222 -0.047455 0.031220
v 0.074222 -0.047455 0.085988
v 0.074222 -0.047455 0.058604
v 0.074222 -0.047455 0.003836
v 0.074222 -0.110313 0.031220
v 0.074222 -0.110313 0.058604
v 0.074222 0.014517 0.031220
v 0.074222 0.014517 0.058604
v 0.074222 -0.110313 0.003836
v 0.074222 0.014517 0.003836
v 0.074222 -0.073788 0.058604
v 0.074222 -0.073788 0.085988
v 0.074222 -0.021123 0.003836
v 0.074222 -0.021123 0.031220
v 0.074222 -0.021123 0.058604
v 0.074222 -0.021123 0.085988
v 0.074222 -0.073788 0.031220
v 0.074222 -0.075800 0.056219
v 0.074222 -0.098108 0.056219
v 0.074222 -0.098108 0.033605
v 0.074222 -0.075800 0.033605
v 0.074222 -0.049468 0.056219
v 0.074222 -0.071776 0.056219
v 0.074222 -0.071776 0.033605
v 0.074222 -0.049468 0.033605
v 0.074222 -0.023135 0.056219
v 0.074222 -0.045443 0.056219
v 0.074222 -0.045443 0.033605
v 0.074222 -0.023135 0.033605
v 0.074222 -0.019110 0.028835
v 0.074222 -0.019110 0.006221
v 0.074222 0.003198 0.006221
v 0.074222 0.003198 0.028835
v 0.074222 -0.019110 0.083603
v 0.074222 -0.019110 0.060989
v 0.074222 0.003198 0.060989
v 0.074222 0.003198 0.083603
v 0.074222 -0.071776 0.083603
v 0.074222 -0.071776 0.060989
v 0.074222 -0.049468 0.060989
v 0.074222 -0.049468 0.083603
v 0.074222 -0.045443 0.028835
v 0.074222 -0.045443 0.006221
v 0.074222 -0.023135 0.006221
v 0.074222 -0.023135 0.028835
v 0.074222 0.003198 0.056219
v 0.074222 -0.019110 0.056219
v 0.074222 -0.019110 0.033605
v 0.074222 0.003198 0.033605
v 0.074222 -0.098108 0.006221
v 0.074222 -0.049468 0.006221
v 0.074222 -0.049468 0.028835
v 0.074222 -0.098108 0.028835
v 0.074222 -0.098108 0.060989
v 0.074222 -0.075800 0.060989
v 0.074222 -0.075800 0.083603
v 0.074222 -0.098108 0.083603
v 0.074222 -0.045443 0.083603
v 0.074222 -0.045443 0.060989
v 0.074222 -0.023135 0.060989
v 0.074222 -0.023135 0.083603
v 0.072559 -0.098108 0.056219
v 0.072559 -0.075800 0.056219
v 0.072559 -0.075800 0.033605
v 0.072559 -0.098108 0.033605
v 0.072559 -0.071776 0.056219
v 0.072559 -0.049468 0.056219
v 0.072559 -0.049468 0.033605
v 0.072559 -0.071776 0.033605
v 0.072559 -0.045443 0.056219
v 0.072559 -0.023135 0.056219
v 0.072559 -0.023135 0.033605
v 0.072559 -0.045443 0.033605
v 0.072559 -0.019110 0.028835
v 0.072559 -0.019110 0.006221
v 0.072559 0.003198 0.028835
v 0.072559 0.003198 0.006221
v 0.072559 -0.019110 0.083603
v 0.072559 -0.019110 0.060989
v 0.072559 0.003198 0.083603
v 0.072559 0.003198 0.060989
v 0.072559 -0.071776 0.083603
v 0.072559 -0.071776 0.060989
v 0.072559 -0.049468 0.083603
v 0.072559 -0.049468 0.060989
v 0.072559 -0.045443 0.028835
v 0.072559 -0.045443 0.006221
v 0.072559 -0.023135 0.028835
v 0.072559 -0.023135 0.006221
v 0.072559 -0.019110 0.056219
v 0.072559 0.003198 0.056219
v 0.072559 0.003198 0.033605
v 0.072559 -0.019110 0.033605
v 0.072559 -0.098108 0.006221
v 0.072559 -0.049468 0.006221
v 0.072559 -0.098108 0.028835
v 0.072559 -0.049468 0.028835
v 0.072559 -0.098108 0.060989
v 0.072559 -0.075800 0.060989
v 0.072559 -0.098108 0.083603
v 0.072559 -0.075800 0.083603
v 0.072559 -0.045443 0.083603
v 0.072559 -0.045443 0.060989
v 0.072559 -0.023135 0.083603
v 0.072559 -0.023135 0.060989
v 0.072559 -0.077037 0.054753
v 0.072559 -0.096872 0.054753
v 0.072559 -0.096872 0.035070
v 0.072559 -0.077037 0.035070
v 0.072559 -0.050704 0.054753
v 0.072559 -0.070539 0.054753
v 0.072559 -0.070539 0.035070
v 0.072559 -0.050704 0.035070
v 0.072559 -0.024371 0.054753
v 0.072559 -0.044206 0.054753
v 0.072559 -0.044206 0.035070
v 0.072559 -0.024371 0.035070
v 0.072559 -0.017874 0.027369
v 0.072559 -0.017874 0.007686
v 0.072559 0.001961 0.007686
v 0.072559 0.001961 0.027369
v 0.072559 -0.017874 0.082138
v 0.072559 -0.017874 0.062454
v 0.072559 0.001961 0.062454
v 0.072559 0.001961 0.082138
v 0.072559 -0.070539 0.082138
v 0.072559 -0.070539 0.062454
v 0.072559 -0.050704 0.062454
v 0.072559 -0.050704 0.082138
v 0.072559 -0.044206 0.027369
v 0.072559 -0.044206 0.007686
v 0.072559 -0.024371 0.007686
v 0.072559 -0.024371 0.027369
v 0.072559 0.001961 0.054753
v 0.072559 -0.017874 0.054753
v 0.072559 -0.017874 0.035070
v 0.072559 0.001961 0.035070
v 0.072559 -0.096872 0.007686
v 0.072559 -0.050704 0.007686
v 0.072559 -0.050704 0.027369
v 0.072559 -0.096872 0.027369
v 0.072559 -0.096872 0.062454
v 0.072559 -0.077037 0.062454
v 0.072559 -0.077037 0.082138
v 0.072559 -0.096872 0.082138
v 0.072559 -0.044206 0.082138
v 0.072559 -0.044206 0.062454
v 0.072559 -0.024371 0.062454
v 0.072559 -0.024371 0.082138
v 0.074878 -0.096872 0.054753
v 0.077651 -0.094532 0.051980
v 0.077651 -0.079377 0.051980
v 0.074878 -0.077037 0.054753
v 0.077651 -0.079377 0.037843
v 0.074878 -0.077037 0.035070
v 0.074878 -0.096872 0.035070
v 0.077651 -0.094532 0.037843
v 0.074878 -0.070539 0.054753
v 0.077651 -0.068199 0.051980
v 0.077651 -0.053044 0.051980
v 0.074878 -0.050704 0.054753
v 0.077651 -0.053044 0.037843
v 0.074878 -0.050704 0.035070
v 0.074878 -0.070539 0.035070
v 0.077651 -0.068199 0.037843
v 0.074878 -0.044206 0.054753
v 0.077651 -0.041866 0.051980
v 0.077651 -0.026711 0.051980
v 0.074878 -0.024371 0.054753
v 0.077651 -0.026711 0.037843
v 0.074878 -0.024371 0.035070
v 0.074878 -0.044206 0.035070
v 0.077651 -0.041866 0.037843
v 0.077651 -0.015534 0.024596
v 0.074878 -0.017874 0.027369
v 0.074878 -0.017874 0.007686
v 0.077651 -0.015534 0.010459
v 0.077651 -0.000379 0.024596
v 0.074878 0.001961 0.027369
v 0.074878 0.001961 0.007686
v 0.077651 -0.000379 0.010459
v 0.077651 -0.015534 0.079364
v 0.074878 -0.017874 0.082138
v 0.074878 -0.017874 0.062454
v 0.077651 -0.015534 0.065227
v 0.077651 -0.000379 0.079364
v 0.074878 0.001961 0.082138
v 0.074878 0.001961 0.062454
v 0.077651 -0.000379 0.065227
v 0.077651 -0.068199 0.079364
v 0.074878 -0.070539 0.082138
v 0.074878 -0.070539 0.062454
v 0.077651 -0.068199 0.065227
v 0.077651 -0.053044 0.079364
v 0.074878 -0.050704 0.082138
v 0.074878 -0.050704 0.062454
v 0.077651 -0.053044 0.065227
v 0.077651 -0.041866 0.024596
v 0.074878 -0.044206 0.027369
v 0.074878 -0.044206 0.007686
v 0.077651 -0.041866 0.010459
v 0.077651 -0.026711 0.024596
v 0.074878 -0.024371 0.027369
v 0.074878 -0.024371 0.007686
v 0.077651 -0.026711 0.010459
v 0.074878 -0.017874 0.054753
v 0.077651 -0.015534 0.051980
v 0.077651 -0.000379 0.051980
v 0.074878 0.001961 0.054753
v 0.077651 -0.000379 0.037843
v 0.074878 0.001961 0.035070
v 0.074878 -0.017874 0.035070
v 0.077651 -0.015534 0.037843
v 0.077651 -0.094532 0.010459
v 0.074878 -0.096872 0.007686
v 0.074878 -0.050704 0.007686
v 0.077651 -0.053044 0.010459
v 0.077651 -0.094532 0.024596
v 0.074878 -0.096872 0.027369
v 0.074878 -0.050704 0.027369
v 0.077651 -0.053044 0.024596
v 0.077651 -0.094532 0.065227
v 0.074878 -0.096872 0.062454
v 0.074878 -0.077037 0.062454
v 0.077651 -0.079377 0.065227
v 0.077651 -0.094532 0.079364
v 0.074878 -0.096872 0.082138
v 0.074878 -0.077037 0.082138
v 0.077651 -0.079377 0.079364
v 0.077651 -0.041866 0.079364
v 0.074878 -0.044206 0.082138
v 0.074878 -0.044206 0.062454
v 0.077651 -0.041866 0.065227
v 0.077651 -0.026711 0.079364
v 0.074878 -0.024371 0.082138
v 0.074878 -0.024371 0.062454
v 0.077651 -0.026711 0.065227
v 0.067987 -0.129970 0.375000
v 0.067987 -0.150000 0.354970
v 0.067987 -0.150000 -0.354970
v 0.067987 -0.129970 -0.375000
v 0.050068 -0.129970 -0.375000
v 0.050068 -0.150000 -0.354970
v 0.050068 -0.150000 0.354970
v 0.050068 -0.129970 0.375000
v 0.050068 -0.071953 -0.375000
v 0.050068 -0.150000 0.128802
v 0.050068 -0.150000 -0.038979
v 0.050068 -0.150000 -0.036082
v 0.050068 -0.150000 0.125906
v 0.067987 -0.150000 -0.036082
v 0.067987 -0.150000 -0.038979
v 0.067987 -0.150000 0.128802
v 0.067987 -0.150000 0.125906
v 0.050068 -0.071953 0.375000
v 0.067987 -0.071953 -0.375000
v 0.067987 -0.071953 0.375000
v 0.065718 -0.129639 -0.374200
v 0.052337 -0.129639 -0.374200
v 0.065718 -0.149200 -0.354639
v 0.052337 -0.149200 -0.354639
v 0.052337 -0.149200 0.354639
v 0.065718 -0.149200 0.354639
v 0.064465 -0.129639 0.374200
v 0.052337 -0.129639 0.374200
v 0.053591 -0.075475 -0.374200
v 0.053591 -0.149200 0.132325
v 0.053591 -0.149200 -0.042501
v 0.053591 -0.149200 -0.032560
v 0.053591 -0.149200 0.122383
v 0.064465 -0.149200 -0.032560
v 0.064465 -0.149200 -0.042501
v 0.064465 -0.149200 0.132325
v 0.064465 -0.149200 0.122383
v 0.053591 -0.075475 0.374200
v 0.064465 -0.075475 -0.374200
v 0.064465 -0.075475 0.374200
v 0.065718 -0.129639 0.374200
v 0.064465 -0.149200 0.354639
v 0.064465 -0.149200 -0.354639
v 0.064465 -0.129639 -0.374200
v 0.053591 -0.129639 -0.374200
v 0.053591 -0.149200 -0.354639
v 0.053591 -0.149200 0.354639
v 0.053591 -0.129639 0.374200
v 0.052337 -0.074222 -0.374200
v 0.052337 -0.149200 0.131071
v 0.052337 -0.149200 -0.041248
v 0.052337 -0.149200 -0.033813
v 0.052337 -0.149200 0.123636
v 0.065718 -0.149200 -0.033813
v 0.065718 -0.149200 -0.041248
v 0.065718 -0.149200 0.131071
v 0.065718 -0.149200 0.123636
v 0.052337 -0.074222 0.374200
v 0.065718 -0.074222 -0.374200
v 0.065718 -0.074222 0.374200
v 0.064465 -0.129382 -0.373580
v 0.053591 -0.129382 -0.373580
v 0.064465 -0.148580 -0.354382
v 0.053591 -0.148580 -0.354382
v 0.053591 -0.148580 0.354382
v 0.064465 -0.148580 0.354382
v 0.064465 -0.129382 0.373580
v 0.053591 -0.129382 0.373580
v 0.053591 -0.075475 -0.373580
v 0.053591 -0.148580 0.132325
v 0.053591 -0.148580 -0.042501
v 0.053591 -0.148580 -0.032560
v 0.053591 -0.148580 0.122383
v 0.064465 -0.148580 -0.032560
v 0.064465 -0.148580 -0.042501
v 0.064465 -0.148580 0.132325
v 0.064465 -0.148580 0.122383
v 0.053591 -0.075475 0.373580
v 0.064465 -0.075475 -0.373580
v 0.064465 -0.075475 0.373580
v 0.080000 0.136539 0.337108
v 0.080000 0.072506 0.323386
v 0.080000 0.122817 0.273075
v 0.080000 0.122817 0.192835
v 0.080000 0.072506 0.142524
v 0.080000 0.136504 0.128837
v 0.080000 -0.045856 0.273075
v 0.080000 0.004455 0.323386
v 0.080000 0.004455 0.142524
v 0.080000 -0.045856 0.192835
v 0.080000 -0.059543 0.128837
v 0.073218 0.011462 0.306471
v 0.073218 -0.028941 0.266068
v 0.073218 0.105902 0.266068
v 0.073218 0.065499 0.306471
v 0.073218 0.065499 0.159439
v 0.073218 0.105902 0.199842
v 0.073218 -0.028941 0.199842
v 0.073218 0.011462 0.159439
v 0.073218 0.004455 0.142524
v 0.073218 -0.045856 0.192835
v 0.073218 -0.045856 0.273075
v 0.073218 0.004455 0.323386
v 0.073218 0.072506 0.323386
v 0.073218 0.122817 0.273075
v 0.073218 0.122817 0.192835
v 0.073218 0.072506 0.142524
v 0.073218 0.006201 0.146738
v 0.073218 -0.041642 0.194581
v 0.073218 -0.041642 0.271329
v 0.073218 0.006201 0.319172
v 0.073218 0.070760 0.319172
v 0.073218 0.118603 0.271329
v 0.073218 0.118603 0.194581
v 0.073218 0.070760 0.146738
v 0.073218 0.008583 0.152488
v 0.073218 -0.035892 0.196963
v 0.073218 -0.035892 0.268947
v 0.073218 0.008583 0.313422
v 0.073218 0.068378 0.313422
v 0.073218 0.112853 0.268947
v 0.073218 0.112853 0.196963
v 0.073218 0.068378 0.152488
v 0.084948 0.006201 0.146738
v 0.084948 -0.041642 0.194581
v 0.084948 -0.041642 0.271329
v 0.084948 0.006201 0.319172
v 0.095398 0.061143 0.170606
v 0.095398 0.095213 0.204676
v 0.095398 0.095213 0.261234
v 0.095398 0.061143 0.295304
v 0.084948 0.008583 0.152488
v 0.084948 -0.035892 0.196963
v 0.084948 -0.035892 0.268947
v 0.084948 0.008583 0.313422
v 0.095398 0.017342 0.295304
v 0.095398 -0.016844 0.260650
v 0.095398 -0.016844 0.205260
v 0.095398 0.017342 0.170606
v 0.080000 0.030327 0.323386
v 0.073218 0.030327 0.323386
v 0.073218 0.030327 0.319172
v 0.073218 0.030327 0.313422
v 0.116980 0.118603 0.271329
v 0.084948 0.030327 0.319172
v 0.084948 0.030327 0.313422
v 0.080000 0.030327 0.142524
v 0.073218 0.030327 0.142524
v 0.073218 0.030327 0.146738
v 0.073218 0.030327 0.152488
v 0.103211 0.070760 0.319172
v 0.084948 0.030327 0.146738
v 0.084948 0.030327 0.152488
v 0.116980 0.118603 0.194581
v 0.103211 0.070760 0.146738
v 0.103211 0.068378 0.313422
v 0.116980 0.112853 0.268947
v 0.116980 0.112853 0.196963
v 0.103211 0.068378 0.152488
v 0.087023 0.030327 0.319172
v 0.096747 0.038306 0.319172
v 0.096842 0.038286 0.313422
v 0.087023 0.030327 0.313422
v 0.096747 0.038306 0.146738
v 0.087023 0.030327 0.146738
v 0.087023 0.030327 0.152488
v 0.096842 0.038286 0.152488
v 0.095398 0.015689 0.166615
v 0.095398 -0.023651 0.202440
v 0.095398 0.062796 0.166615
v 0.095398 0.015689 0.299295
v 0.095398 0.062796 0.299295
v 0.095398 -0.023651 0.263470
v 0.095398 0.099204 0.262887
v 0.095398 0.099204 0.203023
v 0.117266 0.028221 0.204212
v 0.117266 0.012660 0.219773
v 0.117266 0.048740 0.204212
v 0.117266 0.028221 0.261698
v 0.117266 0.048740 0.261698
v 0.117266 0.012660 0.246137
v 0.117266 0.064301 0.246137
v 0.117266 0.064301 0.219773
v 0.117266 0.026993 0.201249
v 0.117266 0.009697 0.218546
v 0.117266 0.049968 0.201249
v 0.117266 0.026993 0.264661
v 0.117266 0.049968 0.264661
v 0.117266 0.009697 0.247364
v 0.117266 0.067264 0.247364
v 0.117266 0.067264 0.218546
v 0.115004 0.029979 0.208711
v 0.115004 0.016971 0.221718
v 0.115004 0.046982 0.208711
v 0.115004 0.029979 0.257199
v 0.115004 0.046982 0.257199
v 0.115004 0.016971 0.244192
v 0.115004 0.059990 0.244192
v 0.115004 0.059990 0.221718
v 0.115004 0.028877 0.206052
v 0.115004 0.014313 0.220617
v 0.115004 0.048084 0.206052
v 0.115004 0.028877 0.259858
v 0.115004 0.048084 0.259858
v 0.115004 0.014313 0.245293
v 0.115004 0.062648 0.245293
v 0.115004 0.062648 0.220617
v 0.113884 0.029979 0.208711
v 0.113884 0.016971 0.221718
v 0.113884 0.046982 0.208711
v 0.113884 0.029979 0.257199
v 0.113884 0.046982 0.257199
v 0.113884 0.016971 0.244192
v 0.113884 0.059990 0.244192
v 0.113884 0.059990 0.221718
v 0.095398 0.063379 0.165207
v 0.095398 0.013582 0.165207
v 0.095398 0.013582 0.300703
v 0.095398 0.063379 0.300703
v 0.095398 0.100612 0.263470
v 0.095398 0.100612 0.202440
v 0.095398 0.060560 0.172014
v 0.095398 0.016401 0.172014
v 0.095398 0.016401 0.293896
v 0.095398 0.060560 0.293896
v 0.095398 0.093805 0.260650
v 0.095398 0.093805 0.205260
v 0.094489 0.062796 0.166615
v 0.094489 0.061143 0.170606
v 0.094489 0.061143 0.295304
v 0.094489 0.062796 0.299295
v 0.094489 0.095213 0.261234
v 0.094489 0.099204 0.262887
v 0.094489 0.099204 0.203023
v 0.094489 0.095213 0.204676
v 0.094489 0.015689 0.166615
v 0.094489 0.015689 0.299295
v 0.094489 0.017342 0.170606
v 0.094489 0.017342 0.295304
v 0.080000 -0.136539 0.128802
v 0.080000 -0.136539 0.337108
v 0.080000 -0.059578 0.337108
v 0.077432 -0.066354 0.135578
v 0.077432 -0.129763 0.135578
v 0.077432 -0.129763 0.330332
v 0.077432 -0.066354 0.330332
v 0.077432 -0.063597 0.132821
v 0.077432 -0.132520 0.132821
v 0.077432 -0.132520 0.333089
v 0.077432 -0.063597 0.333089
v 0.078057 -0.111444 0.135578
v 0.081367 -0.128652 0.135578
v 0.081367 -0.106663 0.330332
v 0.078057 -0.089455 0.330332
v 0.078057 -0.089455 0.135578
v 0.081367 -0.106663 0.135578
v 0.077432 -0.089455 0.135578
v 0.077432 -0.106663 0.135578
v 0.077432 -0.106663 0.330332
v 0.077432 -0.089455 0.330332
v 0.077432 -0.111444 0.135578
v 0.077432 -0.128652 0.135578
v 0.077432 -0.084673 0.330332
v 0.077432 -0.067465 0.330332
v 0.077432 -0.067465 0.135578
v 0.077432 -0.084673 0.135578
v 0.077432 -0.128652 0.330332
v 0.077432 -0.111444 0.330332
v 0.078057 -0.111444 0.330332
v 0.081367 -0.128652 0.330332
v 0.081367 -0.084673 0.135578
v 0.078057 -0.067465 0.135578
v 0.078057 -0.067465 0.330332
v 0.081367 -0.084673 0.330332
v 0.081871 -0.059578 0.128802
v 0.081871 -0.136539 0.128802
v 0.081871 -0.136539 0.337108
v 0.081871 -0.059578 0.337108
v 0.081871 -0.063597 0.132821
v 0.081871 -0.132520 0.132821
v 0.081871 -0.132520 0.333089
v 0.081871 -0.063597 0.333089
vn -0.0000 -0.0000 -1.0000
vn -0.0000 1.0000 -0.0000
vn -0.0000 0.7071 0.7071
vn -0.0000 0.7071 -0.7071
vn -0.0000 -1.0000 -0.0000
vn -0.0000 -0.0000 1.0000
vn -1.0000 -0.0000 -0.0000
vn 0.6990 -0.7151 0.0001
vn 0.7071 0.5000 -0.5000
vn 0.7071 -0.5000 0.5000
vn 0.7071 -0.5000 -0.5000
vn 0.7071 0.5000 0.5000
vn -0.0000 1.0000 -0.0013
vn 0.7071 0.7071 -0.0000
vn -0.0000 -0.7071 0.7071
vn 0.7071 -0.0000 0.7071
vn 0.9999 -0.0018 -0.0118
vn 0.6990 -0.7151 -0.0001
vn 1.0000 -0.0000 -0.0000
vn 0.9999 -0.0018 0.0118
vn 0.7071 -0.7071 -0.0000
vn 0.7071 -0.0000 -0.7071
vn -0.0298 0.0004 -0.9996
vn 0.0238 -0.0005 -0.9997
vn -0.0298 0.0004 0.9996
vn -0.0001 0.0002 -1.0000
vn -0.0001 0.0001 1.0000
vn -0.0001 -0.0000 1.0000
vn 0.0133 0.0196 0.9997
vn -0.0174 -0.0247 -0.9995
vn -0.0174 -0.0247 0.9995
vn 0.0133 0.0196 -0.9997
vn 0.0008 1.0000 0.0001
vn 0.5159 -0.8566 0.0002
vn -0.2409 0.9705 0.0002
vn 0.0008 1.0000 -0.0001
vn 0.3113 0.9503 0.0016
vn 0.4993 -0.8664 -0.0000
vn -0.2596 0.9657 -0.0000
vn 0.5159 -0.8566 -0.0003
vn -0.2350 0.9720 -0.0003
vn 0.4993 0.8664 -0.0000
vn -0.2596 -0.9657 -0.0000
vn 0.0110 0.0001 -0.9999
vn 0.3112 0.9503 -0.0011
vn -0.0000 -0.7071 -0.7071
vn 0.9152 0.3791 -0.1367
vn 0.9152 0.3791 0.1367
vn 0.9502 -0.3115 -0.0000
vn 0.9239 0.3827 -0.0000
vn 0.9999 -0.0010 -0.0151
vn 1.0000 -0.0000 -0.0094
vn 0.7055 0.7086 0.0068
vn 0.7055 0.7086 -0.0068
vn 0.7044 -0.7098 0.0018
vn 0.7044 -0.7098 -0.0018
vn 0.7046 0.7096 -0.0000
vn 0.9999 -0.0010 0.0165
vn 1.0000 -0.0001 -0.0000
vn 1.0000 -0.0000 0.0022
vn -0.0210 -0.0004 -0.9998
vn 0.0028 -0.0004 1.0000
vn 0.0422 -0.0001 0.9991
vn 0.0421 -0.0001 -0.9991
vn -0.1938 -0.9810 0.0003
vn -0.0000 -1.0000 0.0017
vn -0.0000 1.0000 -0.0017
vn -0.0000 -1.0000 0.0013
vn -0.0000 0.1196 0.9928
vn -0.0000 0.1196 -0.9928
vn -0.0000 0.1412 0.9900
vn -0.0000 0.1412 -0.9900
vn 0.6449 0.7643 -0.0000
vn 0.6449 -0.7643 -0.0000
vn 0.2439 -0.6858 -0.6858
vn 0.9785 -0.1459 0.1459
vn 0.2517 -0.0000 -0.9678
vn 0.2320 0.9727 -0.0000
vn 0.9784 -0.2007 -0.0500
vn 0.9785 -0.1459 -0.1459
vn 0.7718 -0.6359 -0.0000
vn 0.2320 -0.9727 -0.0000
vn 0.2439 0.6858 -0.6858
vn 0.9784 -0.2007 0.0500
vn 0.2439 -0.6858 0.6858
vn 0.2439 0.6858 0.6858
vn 0.2517 -0.0000 0.9678
vn 0.6320 -0.7750 0.0066
vn 0.6320 -0.7750 -0.0066
vn -0.0000 0.9239 -0.3827
vn 0.5901 -0.8073 -0.0000
vn 0.8008 -0.0000 -0.5990
vn 0.7898 0.4337 -0.4337
vn 0.7898 0.4337 0.4337
vn 0.8008 -0.0000 0.5990
vn 0.7898 -0.4337 -0.4337
vn 0.7718 0.6359 -0.0000
vn 0.7898 -0.4337 0.4337
vn 0.6154 0.5574 -0.5574
vn 0.5901 0.8073 -0.0000
vn 0.6311 -0.0000 0.7757
vn 0.6154 -0.5574 0.5574
vn 0.6154 -0.5574 -0.5574
vn 0.6311 -0.0000 -0.7757
vn 0.6154 0.5574 0.5574
vn -0.0000 0.9239 0.3827
vn 0.0094 1.0000 0.0001
vn 0.9820 0.1889 -0.0000
vn -0.0094 0.0002 -1.0000
vn -0.1164 -0.9932 -0.0003
vt 0.449787 0.514622
vt 0.601416 0.514622
vt 0.662540 0.671401
vt 0.718537 0.671401
vt 0.718537 0.743323
vt 0.662540 0.743323
vt 0.625000 0.852589
vt 0.625000 1.000000
vt 0.608308 1.000000
vt 0.608308 0.852589
vt 0.625000 0.406463
vt 0.625000 0.462460
vt 0.608308 0.462460
vt 0.608308 0.406463
vt 0.727589 0.506677
vt 0.875000 0.506677
vt 0.875000 0.578599
vt 0.727589 0.578599
vt 0.125000 0.506677
vt 0.272411 0.506677
vt 0.272411 0.578599
vt 0.125000 0.578599
vt 0.727589 0.671401
vt 0.875000 0.671401
vt 0.875000 0.743323
vt 0.727589 0.743323
vt 0.391692 0.852589
vt 0.391692 1.000000
vt 0.625000 0.787540
vt 0.625000 0.843537
vt 0.608308 0.843537
vt 0.608308 0.787540
vt 0.445757 0.787540
vt 0.608308 0.843537
vt 0.445757 0.843537
vt 0.330369 0.639381
vt 0.330369 0.743323
vt 0.381971 0.673277
vt 0.385011 0.741665
vt 0.337460 0.743323
vt 0.337460 0.638327
vt 0.380957 0.638157
vt 0.614989 0.508335
vt 0.604162 0.504004
vt 0.608308 0.500000
vt 0.625000 0.506677
vt 0.395838 0.745996
vt 0.391692 0.750000
vt 0.375000 0.743323
vt 0.395838 0.504004
vt 0.385011 0.508335
vt 0.375000 0.506677
vt 0.391692 0.500000
vt 0.604162 0.745996
vt 0.614989 0.741665
vt 0.625000 0.743323
vt 0.608308 0.750000
vt 0.601356 0.684354
vt 0.601408 0.735378
vt 0.662540 0.638327
vt 0.662540 0.664261
vt 0.619043 0.663757
vt 0.619043 0.638157
vt 0.125000 0.743323
vt 0.272411 0.743323
vt 0.272411 0.750000
vt 0.125000 0.750000
vt 0.375000 0.243323
vt 0.625000 0.243323
vt 0.608308 0.250000
vt 0.391692 0.250000
vt 0.662540 0.585685
vt 0.662540 0.611727
vt 0.619043 0.611896
vt 0.619043 0.586190
vt 0.447834 0.745996
vt 0.445387 0.745996
vt 0.384158 0.673736
vt 0.439997 0.673736
vt 0.662540 0.506677
vt 0.662540 0.578599
vt 0.614989 0.576264
vt 0.381970 0.585950
vt 0.380957 0.611896
vt 0.337460 0.611727
vt 0.337460 0.506677
vt 0.288554 0.750000
vt 0.288554 0.743323
vt 0.718538 0.585685
vt 0.718538 0.611727
vt 0.875000 0.585685
vt 0.875000 0.664261
vt 0.727589 0.664261
vt 0.727589 0.585685
vt 0.718537 0.638327
vt 0.718538 0.664261
vt 0.625000 0.250000
vt 0.625000 0.397411
vt 0.608308 0.397411
vt 0.718537 0.506677
vt 0.718537 0.578599
vt 0.662540 0.578599
vt 0.510805 0.586756
vt 0.608755 0.586756
vt 0.272411 0.664261
vt 0.125000 0.664261
vt 0.125000 0.585685
vt 0.272411 0.585685
vt 0.439998 0.576264
vt 0.384158 0.576264
vt 0.445387 0.504004
vt 0.400724 0.615002
vt 0.599275 0.615002
vt 0.662540 0.612084
vt 0.718538 0.612084
vt 0.718537 0.637916
vt 0.662540 0.637916
vt 0.288554 0.639381
vt 0.619043 0.637750
vt 0.619043 0.612250
vt 0.662540 0.671401
vt 0.614989 0.673736
vt 0.625000 0.006677
vt 0.375000 0.006677
vt 0.391692 0.000000
vt 0.608308 0.000000
vt 0.380957 0.612250
vt 0.380957 0.637750
vt 0.337460 0.637916
vt 0.337460 0.612084
vt 0.375000 0.171401
vt 0.625000 0.171401
vt 0.375000 0.078599
vt 0.625000 0.078599
vt 0.330369 0.506677
vt 0.330369 0.610972
vt 0.288554 0.506677
vt 0.288554 0.500000
vt 0.125000 0.671401
vt 0.272411 0.671401
vt 0.272411 0.743323
vt 0.604137 0.673736
vt 0.443330 0.787540
vt 0.391692 0.787540
vt 0.391692 0.462460
vt 0.443331 0.462460
vt 0.445757 0.462460
vt 0.608308 0.462460
vt 0.447834 0.504004
vt 0.281463 0.743323
vt 0.281463 0.750000
vt 0.442411 0.673736
vt 0.391692 0.843538
vt 0.443330 0.843537
vt 0.613783 0.586237
vt 0.505778 0.586236
vt 0.442411 0.576264
vt 0.604196 0.576264
vt 0.614989 0.576264
vt 0.391692 0.397411
vt 0.375000 0.164315
vt 0.625000 0.164315
vt 0.445757 0.406463
vt 0.375000 0.085739
vt 0.625000 0.085739
vt 0.272411 0.500000
vt 0.386217 0.611913
vt 0.503363 0.611913
vt 0.281463 0.500000
vt 0.281463 0.506677
vt 0.443330 0.787540
vt 0.443331 0.462460
vt 0.443331 0.406463
vt 0.445757 0.462460
vt 0.281463 0.637916
vt 0.281463 0.638327
vt 0.281463 0.611727
vt 0.281463 0.612084
vt 0.613783 0.611913
vt 0.381970 0.664103
vt 0.613783 0.637735
vt 0.613783 0.612265
vt 0.613783 0.663710
vt 0.613783 0.638140
vt 0.386217 0.637735
vt 0.386217 0.612265
vt 0.500000 0.638141
vt 0.386217 0.638141
vt 0.125000 0.500000
vt 0.281463 0.743323
vt 0.386217 0.586236
vt 0.386217 0.663711
vt 0.392158 0.638634
vt 0.494058 0.638634
vt 0.391692 0.406463
vt 0.503363 0.586236
vt 0.505778 0.611913
vt 0.391692 0.250000
vt 0.500000 0.663711
vt 0.503363 0.599074
vt 0.288554 0.610972
vt 0.391692 0.794631
vt 0.441311 0.794631
vt 0.386217 0.599075
vt 0.449788 0.735378
vt 0.445993 0.565646
vt 0.601406 0.565646
vt 0.445993 0.684354
vt 0.599239 0.523002
vt 0.599214 0.557267
vt 0.448810 0.557267
vt 0.451339 0.726998
vt 0.599224 0.726998
vt 0.451339 0.523002
vt 0.448810 0.692733
vt 0.599171 0.692733
vt 0.608755 0.611393
vt 0.510805 0.611393
vt 0.606173 0.611126
vt 0.513388 0.611126
vt 0.606173 0.587023
vt 0.513388 0.587023
vt 0.498163 0.586918
vt 0.498163 0.598393
vt 0.497471 0.599577
vt 0.497471 0.611410
vt 0.497471 0.608452
vt 0.497471 0.605494
vt 0.497471 0.602535
vt 0.391417 0.586918
vt 0.391417 0.598393
vt 0.495731 0.598075
vt 0.393849 0.598075
vt 0.495731 0.587236
vt 0.393849 0.587236
vt 0.491273 0.587820
vt 0.491273 0.597491
vt 0.491691 0.588224
vt 0.495312 0.587749
vt 0.398307 0.587820
vt 0.398307 0.597491
vt 0.495312 0.597562
vt 0.491691 0.597087
vt 0.489055 0.588723
vt 0.490071 0.588637
vt 0.401726 0.588108
vt 0.401726 0.597203
vt 0.487854 0.588108
vt 0.487854 0.597203
vt 0.401726 0.597203
vt 0.401726 0.588108
vt 0.408578 0.588541
vt 0.481002 0.588541
vt 0.481002 0.596770
vt 0.408578 0.596770
vt 0.487854 0.588108
vt 0.490071 0.596674
vt 0.489055 0.596588
vt 0.392109 0.599577
vt 0.392109 0.611410
vt 0.495762 0.605348
vt 0.486009 0.605348
vt 0.392109 0.601056
vt 0.392109 0.602535
vt 0.392109 0.604015
vt 0.392109 0.605494
vt 0.392109 0.606973
vt 0.392109 0.608452
vt 0.392109 0.609931
vt 0.484300 0.599577
vt 0.471130 0.599577
vt 0.444790 0.599577
vt 0.418449 0.599577
vt 0.405279 0.599577
vt 0.405279 0.611410
vt 0.418449 0.611410
vt 0.444790 0.611410
vt 0.471130 0.611410
vt 0.484300 0.611410
vt 0.472839 0.599723
vt 0.482592 0.599723
vt 0.469421 0.602535
vt 0.469421 0.605493
vt 0.406688 0.602415
vt 0.406688 0.601177
vt 0.406688 0.610051
vt 0.417040 0.610051
vt 0.406688 0.605373
vt 0.406688 0.604135
vt 0.393575 0.611285
vt 0.393575 0.610056
vt 0.420158 0.602535
vt 0.420158 0.601056
vt 0.482592 0.608597
vt 0.482592 0.611264
vt 0.417040 0.601177
vt 0.405279 0.605494
vt 0.405279 0.606973
vt 0.418449 0.605494
vt 0.418449 0.606973
vt 0.393575 0.601182
vt 0.403813 0.601182
vt 0.417040 0.604135
vt 0.405279 0.608452
vt 0.418449 0.608452
vt 0.418449 0.609931
vt 0.405279 0.609931
vt 0.406746 0.608327
vt 0.406746 0.607098
vt 0.405279 0.601056
vt 0.403813 0.610056
vt 0.416983 0.607098
vt 0.405279 0.602535
vt 0.405279 0.604015
vt 0.418449 0.602535
vt 0.418449 0.604015
vt 0.495762 0.602681
vt 0.469421 0.599723
vt 0.420158 0.604015
vt 0.472839 0.611264
vt 0.472839 0.608597
vt 0.486009 0.602681
vt 0.446499 0.599723
vt 0.471130 0.602535
vt 0.471130 0.605494
vt 0.471130 0.608452
vt 0.469421 0.608452
vt 0.469421 0.611264
vt 0.446499 0.611264
vt 0.484300 0.608452
vt 0.484300 0.602535
vt 0.482592 0.602681
vt 0.472839 0.602681
vt 0.484300 0.605494
vt 0.482592 0.605348
vt 0.472839 0.605348
vt 0.482592 0.602390
vt 0.472839 0.602390
vt 0.495762 0.605639
vt 0.486009 0.605639
vt 0.495762 0.608306
vt 0.486009 0.608306
vt 0.495762 0.599723
vt 0.486009 0.599723
vt 0.495762 0.602390
vt 0.486009 0.602390
vt 0.420158 0.611264
vt 0.443081 0.611264
vt 0.420158 0.609931
vt 0.420158 0.608452
vt 0.420158 0.606973
vt 0.420158 0.605494
vt 0.418449 0.601056
vt 0.420158 0.599723
vt 0.443081 0.599723
vt 0.495762 0.608597
vt 0.486009 0.608597
vt 0.495762 0.611264
vt 0.486009 0.611264
vt 0.482592 0.605639
vt 0.472839 0.605639
vt 0.482592 0.608306
vt 0.472839 0.608306
vt 0.447658 0.599822
vt 0.468262 0.599822
vt 0.421318 0.606973
vt 0.421318 0.605494
vt 0.494602 0.605738
vt 0.494602 0.608207
vt 0.473999 0.608207
vt 0.473999 0.605738
vt 0.421318 0.608452
vt 0.487169 0.608207
vt 0.487169 0.605738
vt 0.481432 0.605249
vt 0.473999 0.605249
vt 0.481432 0.605738
vt 0.421318 0.609931
vt 0.468262 0.602535
vt 0.468262 0.605494
vt 0.468262 0.608452
vt 0.468262 0.611165
vt 0.447658 0.611165
vt 0.481432 0.608696
vt 0.473999 0.608696
vt 0.481432 0.611165
vt 0.473999 0.611165
vt 0.481432 0.602780
vt 0.473999 0.602780
vt 0.481432 0.599822
vt 0.473999 0.599822
vt 0.481432 0.602291
vt 0.473999 0.602291
vt 0.494602 0.599822
vt 0.487169 0.599822
vt 0.494602 0.602291
vt 0.487169 0.602291
vt 0.494602 0.602780
vt 0.487169 0.602780
vt 0.494602 0.605249
vt 0.487169 0.605249
vt 0.421318 0.611165
vt 0.441922 0.611165
vt 0.421318 0.604015
vt 0.421318 0.602535
vt 0.421318 0.601056
vt 0.421318 0.599822
vt 0.441921 0.599822
vt 0.494602 0.608696
vt 0.487169 0.608696
vt 0.494602 0.611165
vt 0.487169 0.611165
vt 0.481432 0.608207
vt 0.417040 0.605373
vt 0.417040 0.602415
vt 0.417040 0.611290
vt 0.406689 0.611290
vt 0.403870 0.607093
vt 0.393518 0.607093
vt 0.403870 0.608331
vt 0.393518 0.608331
vt 0.403870 0.608572
vt 0.393518 0.608572
vt 0.403870 0.609811
vt 0.393518 0.609811
vt 0.416983 0.608327
vt 0.403813 0.611285
vt 0.403813 0.602410
vt 0.393575 0.602410
vt 0.416983 0.599702
vt 0.406746 0.599702
vt 0.416983 0.600931
vt 0.406746 0.600931
vt 0.403813 0.604140
vt 0.393575 0.604140
vt 0.403813 0.605368
vt 0.393575 0.605368
vt 0.599275 0.634998
vt 0.400724 0.634998
vt 0.598423 0.634837
vt 0.401576 0.634837
vt 0.598423 0.615163
vt 0.401576 0.615163
vt 0.596489 0.615528
vt 0.596489 0.634472
vt 0.403511 0.615528
vt 0.403511 0.634472
vt 0.594405 0.615921
vt 0.405594 0.615921
vt 0.594405 0.634079
vt 0.405594 0.634079
vt 0.545964 0.629306
vt 0.568946 0.629306
vt 0.591928 0.629306
vt 0.591928 0.633612
vt 0.545964 0.633612
vt 0.591928 0.616389
vt 0.545964 0.616389
vt 0.500000 0.616389
vt 0.408071 0.616388
vt 0.408071 0.618541
vt 0.408071 0.622847
vt 0.408071 0.627153
vt 0.408071 0.631459
vt 0.408071 0.633612
vt 0.591928 0.620694
vt 0.500000 0.633612
vt 0.544138 0.633216
vt 0.544138 0.616784
vt 0.568946 0.620694
vt 0.545964 0.620694
vt 0.589098 0.628772
vt 0.589098 0.621228
vt 0.571776 0.628772
vt 0.571776 0.621228
vt 0.501825 0.633216
vt 0.500000 0.631459
vt 0.500000 0.627153
vt 0.500000 0.622847
vt 0.500000 0.618541
vt 0.501825 0.616784
vt 0.542796 0.632925
vt 0.542796 0.617075
vt 0.503167 0.632925
vt 0.503167 0.617075
vt 0.478774 0.618917
vt 0.498243 0.618917
vt 0.452279 0.618916
vt 0.452279 0.622472
vt 0.498243 0.622472
vt 0.478774 0.622472
vt 0.409828 0.622472
vt 0.409828 0.618916
vt 0.432810 0.623222
vt 0.452279 0.623222
vt 0.475261 0.618917
vt 0.475261 0.622472
vt 0.431053 0.631459
vt 0.454035 0.631459
vt 0.477017 0.631459
vt 0.432810 0.626778
vt 0.429297 0.631084
vt 0.409828 0.631084
vt 0.454035 0.618541
vt 0.477018 0.618541
vt 0.455792 0.618917
vt 0.431053 0.627153
vt 0.409828 0.626778
vt 0.429297 0.626778
vt 0.409828 0.623222
vt 0.431053 0.622847
vt 0.429297 0.623222
vt 0.454035 0.627153
vt 0.452279 0.626778
vt 0.454035 0.622847
vt 0.477017 0.627153
vt 0.455792 0.626778
vt 0.475261 0.626778
vt 0.455792 0.623222
vt 0.477018 0.622847
vt 0.475261 0.623222
vt 0.478774 0.627528
vt 0.478774 0.631084
vt 0.498243 0.627528
vt 0.498243 0.631084
vt 0.432810 0.627528
vt 0.432810 0.631084
vt 0.452279 0.627528
vt 0.452279 0.631084
vt 0.455792 0.622472
vt 0.478774 0.626778
vt 0.498243 0.626778
vt 0.478774 0.623222
vt 0.498243 0.623222
vt 0.429297 0.627528
vt 0.409828 0.627528
vt 0.455792 0.627528
vt 0.455792 0.631084
vt 0.475261 0.627528
vt 0.475261 0.631084
vt 0.474182 0.619147
vt 0.474182 0.622242
vt 0.474182 0.622242
vt 0.410907 0.623453
vt 0.428218 0.623452
vt 0.433889 0.623452
vt 0.451200 0.623453
vt 0.451200 0.623453
vt 0.428218 0.630853
vt 0.410907 0.630853
vt 0.410907 0.630853
vt 0.456871 0.622242
vt 0.456871 0.619147
vt 0.456871 0.619147
vt 0.428218 0.626547
vt 0.433889 0.630853
vt 0.433889 0.627758
vt 0.451200 0.626547
vt 0.428218 0.627758
vt 0.428218 0.630853
vt 0.474182 0.619147
vt 0.497164 0.627758
vt 0.497164 0.630853
vt 0.497164 0.630853
vt 0.410907 0.622242
vt 0.451200 0.622242
vt 0.410907 0.626548
vt 0.433889 0.626547
vt 0.456871 0.626548
vt 0.474182 0.626548
vt 0.456871 0.623453
vt 0.474182 0.623453
vt 0.479853 0.619147
vt 0.479853 0.622242
vt 0.497164 0.619147
vt 0.497164 0.622242
vt 0.479853 0.627758
vt 0.479853 0.630853
vt 0.451200 0.627758
vt 0.451200 0.630853
vt 0.479853 0.626548
vt 0.497164 0.626548
vt 0.479853 0.623453
vt 0.497164 0.623453
vt 0.451200 0.619147
vt 0.410907 0.619147
vt 0.410907 0.627758
vt 0.456871 0.627758
vt 0.456871 0.630853
vt 0.474182 0.627758
vt 0.474182 0.630853
vt 0.433889 0.623452
vt 0.456871 0.623453
vt 0.479853 0.622242
vt 0.479853 0.630853
vt 0.497164 0.630853
vt 0.433889 0.630853
vt 0.456871 0.622242
vt 0.479853 0.623453
vt 0.410907 0.619147
vt 0.456871 0.630853
vt 0.456871 0.627758
vt 0.412949 0.619583
vt 0.449158 0.619583
vt 0.449158 0.621806
vt 0.412949 0.621806
vt 0.410907 0.626547
vt 0.481895 0.621806
vt 0.481895 0.619583
vt 0.495122 0.619583
vt 0.495122 0.621806
vt 0.479853 0.626548
vt 0.456871 0.626548
vt 0.449158 0.626111
vt 0.435931 0.626111
vt 0.435931 0.623889
vt 0.449158 0.623889
vt 0.497164 0.619147
vt 0.410907 0.622242
vt 0.497164 0.622242
vt 0.435931 0.630417
vt 0.435931 0.628194
vt 0.449158 0.628194
vt 0.449158 0.630417
vt 0.479853 0.627758
vt 0.451200 0.627758
vt 0.458913 0.630417
vt 0.458913 0.628194
vt 0.472140 0.628194
vt 0.472140 0.630417
vt 0.451200 0.630853
vt 0.495122 0.626112
vt 0.481895 0.626111
vt 0.481895 0.623889
vt 0.495122 0.623889
vt 0.472140 0.626112
vt 0.458913 0.626112
vt 0.458913 0.623889
vt 0.472140 0.623889
vt 0.458913 0.621806
vt 0.458913 0.619583
vt 0.472140 0.619583
vt 0.472140 0.621806
vt 0.497164 0.623453
vt 0.474182 0.630853
vt 0.474182 0.623453
vt 0.497164 0.626548
vt 0.474182 0.626548
vt 0.481895 0.630417
vt 0.481895 0.628194
vt 0.495122 0.628194
vt 0.495122 0.630417
vt 0.451200 0.619147
vt 0.479853 0.619147
vt 0.412949 0.628194
vt 0.426176 0.628194
vt 0.426176 0.630417
vt 0.412949 0.630417
vt 0.412949 0.626111
vt 0.426176 0.626111
vt 0.426176 0.623889
vt 0.412949 0.623889
vt 0.330369 0.750000
vt 0.337460 0.750000
vt 0.330369 0.500000
vt 0.337460 0.500000
vt 0.337460 0.506677
vt 0.441311 0.413554
vt 0.391692 0.413554
vt 0.288554 0.612446
vt 0.288554 0.637554
vt 0.330369 0.612446
vt 0.330369 0.637554
vt 0.391692 0.836446
vt 0.441311 0.836446
vt 0.441311 0.455369
vt 0.391692 0.455369
vt 0.292471 0.610555
vt 0.292471 0.506677
vt 0.440189 0.417471
vt 0.440189 0.451452
vt 0.292470 0.743323
vt 0.292470 0.639964
vt 0.440189 0.832529
vt 0.391692 0.832530
vt 0.326452 0.612646
vt 0.326452 0.637354
vt 0.391692 0.417471
vt 0.292471 0.637354
vt 0.326452 0.750000
vt 0.326452 0.743323
vt 0.326452 0.506677
vt 0.326452 0.500000
vt 0.292470 0.500000
vt 0.292471 0.750000
vt 0.292471 0.612646
vt 0.326452 0.610555
vt 0.326452 0.639964
vt 0.440188 0.798548
vt 0.391692 0.451452
vt 0.391692 0.798548
vt 0.517964 0.646861
vt 0.541292 0.641901
vt 0.494058 0.663217
vt 0.605584 0.646001
vt 0.605584 0.655850
vt 0.605584 0.655850
vt 0.500021 0.663706
vt 0.537246 0.662026
vt 0.556891 0.662026
vt 0.576536 0.662026
vt 0.500021 0.638145
vt 0.508198 0.646001
vt 0.508198 0.655850
vt 0.556891 0.639825
vt 0.576536 0.639825
vt 0.556891 0.639825
vt 0.613761 0.638145
vt 0.537246 0.639825
vt 0.613761 0.663706
vt 0.576536 0.662026
vt 0.605584 0.662026
vt 0.605584 0.639825
vt 0.508198 0.662026
vt 0.508198 0.639825
vt 0.556891 0.662026
vt 0.538254 0.640342
vt 0.510632 0.646215
vt 0.510632 0.655636
vt 0.538254 0.661509
vt 0.575528 0.661509
vt 0.603150 0.655636
vt 0.603150 0.646215
vt 0.575528 0.640342
vt 0.556891 0.661509
vt 0.556891 0.640342
vt 0.556891 0.661509
vt 0.560569 0.661509
vt 0.513951 0.655344
vt 0.539629 0.660803
vt 0.539629 0.641048
vt 0.513951 0.646508
vt 0.556891 0.641048
vt 0.517964 0.654990
vt 0.541292 0.659950
vt 0.572491 0.659950
vt 0.595818 0.654990
vt 0.599831 0.655344
vt 0.574153 0.660803
vt 0.595818 0.646861
vt 0.572491 0.641901
vt 0.574153 0.641048
vt 0.599831 0.646508
vt 0.560502 0.641048
vt 0.560501 0.660803
vt 0.556891 0.660803
vt 0.556891 0.660803
vt 0.556891 0.660803
vt 0.560569 0.640342
vt 0.522229 0.654615
vt 0.522229 0.647236
vt 0.560501 0.660803
vt 0.543058 0.642808
vt 0.542612 0.642089
vt 0.572125 0.642089
vt 0.543648 0.642621
vt 0.594936 0.646939
vt 0.543058 0.659043
vt 0.543648 0.659231
vt 0.571090 0.659231
vt 0.592435 0.654692
vt 0.592435 0.647159
vt 0.587985 0.647551
vt 0.587985 0.654300
vt 0.570724 0.642808
vt 0.591553 0.647236
vt 0.591553 0.654615
vt 0.570724 0.659043
vt 0.544536 0.643566
vt 0.525797 0.647551
vt 0.569246 0.643566
vt 0.544536 0.658285
vt 0.569246 0.658285
vt 0.525797 0.654301
vt 0.529217 0.653999
vt 0.529217 0.647852
vt 0.545953 0.644294
vt 0.567830 0.644294
vt 0.545953 0.657557
vt 0.567829 0.657557
vt 0.584565 0.653999
vt 0.584565 0.647852
vt 0.542612 0.659762
vt 0.572125 0.659762
vt 0.594935 0.654913
vt 0.571090 0.642620
vt 0.392159 0.663217
vt 0.433938 0.638972
vt 0.433938 0.662879
vt 0.428842 0.662879
vt 0.428842 0.638972
vt 0.396235 0.638972
vt 0.396235 0.662879
vt 0.410501 0.638972
vt 0.410501 0.662879
vt 0.489981 0.662879
vt 0.489981 0.638972
vt 0.475715 0.638972
vt 0.457375 0.638972
vt 0.452278 0.638972
vt 0.475715 0.662879
vt 0.475715 0.638972
vt 0.452278 0.662879
vt 0.457375 0.662879
vt 0.475715 0.662879
s 0
usemtl M_Noir_Bleuté
f 110/1/1 21/2/1 250/2/1 247/1/1
f 67/3/2 54/4/2 39/5/2 14/6/2
f 40/7/3 4/8/3 3/9/3 37/10/3
f 32/11/4 24/12/4 22/13/4 29/14/4
f 31/15/2 7/16/2 51/17/2 57/18/2
f 6/19/5 28/20/5 46/21/5 44/22/5
f 53/23/2 50/24/2 4/25/2 40/26/2
f 34/27/6 37/10/6 3/9/6 2/28/6
f 14/29/3 39/30/3 38/31/3 16/32/3
f 111/33/6 16/32/6 38/34/6 104/35/6
f 89/36/7 12/37/7 991/37/7 1021/36/7
f 63/38/8 11/39/8 967/40/8 981/41/8 85/42/8
f 23/43/9 234/44/9 22/45/9 24/46/9
f 11/39/10 9/47/10 966/48/10 967/49/10
f 19/50/11 17/51/11 968/52/11 969/53/11
f 228/54/12 13/55/12 14/56/12 16/57/12
f 226/58/13 15/59/13 244/59/13 249/58/13
f 94/60/14 66/61/14 68/62/14 98/63/14
f 1/64/15 35/65/15 34/66/15 2/67/15
f 6/68/7 7/69/7 8/70/7 5/71/7
f 65/72/14 93/73/14 100/74/14 72/75/14
f 16/32/16 111/33/16 227/76/16 228/54/16
f 114/77/17 9/47/17 11/39/17 63/78/17 117/79/17
f 24/80/14 64/81/14 71/82/14 23/43/14
f 17/51/18 62/83/18 81/84/18 980/85/18 968/86/18
f 33/87/19 36/88/19 990/88/19 993/87/19
f 65/72/2 59/89/2 79/90/2 93/73/2
f 52/91/2 49/92/2 56/93/2 58/94/2
f 94/60/2 77/95/2 55/96/2 66/61/2
f 7/97/4 31/98/4 30/99/4 8/70/4
f 24/80/2 32/100/2 60/101/2 64/102/2
f 119/103/6 70/104/6 268/104/6 269/103/6
f 48/105/5 42/106/5 43/107/5 45/108/5
f 115/109/20 62/110/20 17/51/20 19/50/20 109/111/20
f 657/112/6 658/113/6 661/113/6 662/112/6
f 92/114/2 80/115/2 78/116/2 95/117/2
f 76/118/6 89/36/6 1021/36/6 1015/118/6
f 92/114/14 95/117/14 97/119/14 101/120/14
f 67/121/14 14/6/14 13/55/14 69/122/14
f 4/123/7 1/124/7 2/125/7 3/126/7
f 84/127/21 86/128/21 982/129/21 979/130/21
f 44/131/7 51/132/7 7/69/7 6/68/7
f 41/133/1 50/134/1 206/134/1 201/133/1
f 18/135/7 90/136/7 1020/136/7 988/135/7
f 1/124/7 4/123/7 50/134/7 41/133/7
f 27/137/19 26/138/19 987/138/19 989/137/19
f 41/139/5 47/140/5 35/141/5 1/64/5
f 228/54/19 233/142/19 69/122/19 13/55/19
f 985/143/16 966/144/16 9/47/16 114/77/16
f 969/145/22 984/146/22 109/111/22 19/50/22
f 108/147/22 22/148/22 234/44/22 231/149/22
f 972/150/7 973/151/7 185/151/7 188/150/7
f 232/152/23 171/152/23 137/122/23 69/122/23 233/142/23
f 57/18/6 51/17/6 203/17/6 132/18/6
f 973/153/7 983/154/7 165/154/7 185/153/7
f 260/155/24 261/156/24 174/156/24 139/155/24
f 52/91/1 58/94/1 133/94/1 204/91/1
f 97/119/6 95/117/6 216/117/6 160/119/6
f 34/66/19 35/65/19 187/65/19 186/66/19
f 229/157/25 230/158/25 71/159/25 140/159/25 170/157/25
f 94/60/1 98/63/1 157/63/1 215/60/1
f 25/160/19 30/99/19 182/99/19 177/160/19
f 100/74/6 93/73/6 214/73/6 163/74/6
f 32/11/7 29/14/7 181/14/7 184/11/7
f 43/161/1 52/162/1 204/162/1 199/161/1
f 92/114/1 101/120/1 164/120/1 213/114/1
f 982/129/6 86/128/6 155/128/6 211/129/6
f 30/99/19 31/98/19 183/98/19 182/99/19
f 105/163/7 168/163/7 181/14/7 29/14/7
f 202/164/6 205/165/6 49/165/6 42/164/6
f 85/42/26 981/41/26 212/41/26 154/42/26
f 37/10/19 34/27/19 186/27/19 189/10/19
f 980/85/27 81/84/27 150/84/27 209/85/27
f 28/20/19 25/166/19 177/166/19 180/20/19
f 38/34/7 190/34/7 166/35/7 104/35/7
f 84/127/1 979/130/1 210/130/1 149/127/1
f 330/167/28 331/168/28 175/168/28 151/167/28
f 66/61/6 55/96/6 130/96/6 197/61/6
f 95/117/6 78/116/6 146/116/6 216/117/6
f 970/169/7 971/170/7 179/170/7 178/169/7
f 54/4/1 67/3/1 198/3/1 129/4/1
f 64/102/6 60/101/6 131/101/6 195/102/6
f 77/95/1 94/60/1 215/60/1 145/95/1
f 983/154/2 985/171/2 222/171/2 165/154/2
f 59/89/1 65/72/1 196/72/1 134/89/1
f 93/73/6 79/90/6 148/90/6 214/73/6
f 111/33/5 104/35/5 166/35/5 221/33/5
f 42/106/6 48/105/6 126/105/6 202/106/6
f 984/172/2 974/173/2 167/173/2 223/172/2
f 80/115/1 92/114/1 213/114/1 147/115/1
f 105/163/5 108/174/5 224/174/5 168/163/5
f 47/140/1 41/139/1 201/139/1 125/140/1
f 978/175/6 982/129/6 211/129/6 144/175/6
f 109/111/2 984/146/2 223/146/2 219/111/2
f 44/22/6 46/21/6 123/21/6 200/22/6
f 981/41/1 975/176/1 143/176/1 212/41/1
f 108/147/5 231/149/5 220/149/5 224/147/5
f 45/108/1 43/107/1 199/107/1 124/108/1
f 976/177/6 980/85/6 209/85/6 141/177/6
f 227/76/5 111/33/5 221/33/5 217/76/5
f 68/62/29 66/61/29 197/61/29 136/62/29
f 979/130/1 977/178/1 142/178/1 210/130/1
f 985/143/2 114/77/2 218/77/2 222/143/2
f 67/121/30 69/122/30 137/122/30 198/121/30
f 71/82/31 64/81/31 195/81/31 140/82/31
f 105/163/1 29/14/1 22/148/1 108/174/1
f 65/72/32 72/75/32 138/75/32 196/72/32
f 114/77/33 117/79/33 172/79/33 218/77/33
f 72/75/34 100/74/34 163/74/34 138/75/34
f 232/152/5 227/76/5 217/76/5 171/152/5
f 259/179/35 260/155/35 139/155/35 162/179/35
f 115/109/36 109/111/36 219/111/36 169/109/36
f 63/180/37 85/42/37 154/42/37 194/180/37
f 101/120/38 97/119/38 160/119/38 164/120/38
f 96/181/39 102/182/39 161/182/39 159/181/39
f 231/149/5 229/157/5 170/157/5 220/149/5
f 98/63/40 68/62/40 136/62/40 157/63/40
f 1046/183/41 1051/184/41 158/184/41 135/183/41
f 79/90/7 59/89/7 134/89/7 148/90/7
f 86/128/42 84/127/42 149/127/42 155/128/42
f 87/185/6 96/181/6 159/181/6 156/185/6
f 53/23/19 40/26/19 192/26/19 128/23/19
f 83/186/43 87/185/43 156/185/43 152/186/43
f 1051/184/44 1056/187/44 1205/188/44 153/188/44 158/184/44
f 39/5/7 54/4/7 129/4/7 191/5/7
f 81/84/45 62/83/45 208/83/45 150/84/45
f 28/20/46 6/19/46 5/189/46 25/166/46
f 975/176/7 972/190/7 188/190/7 143/176/7
f 971/170/7 976/177/7 141/177/7 179/170/7
f 48/105/19 45/108/19 124/108/19 126/105/19
f 200/131/6 203/132/6 51/132/6 44/131/6
f 5/198/1 8/70/1 30/99/1 25/160/1
f 50/24/1 53/23/1 128/23/1 206/24/1
f 83/186/1 152/186/1 161/182/1 102/182/1
f 38/31/7 39/30/7 191/30/7 190/31/7
f 56/93/6 49/92/6 205/92/6 127/93/6
f 278/196/61 279/191/61 207/191/61 173/196/61
f 1206/192/62 1207/199/62 1046/183/62 135/183/62 193/192/62
f 262/197/6 259/179/6 162/179/6 176/197/6
f 40/7/19 37/10/19 189/10/19 192/7/19
f 62/110/63 115/109/63 169/109/63 208/110/63
f 35/141/19 47/140/19 125/140/19 187/141/19
f 117/79/64 63/78/64 194/78/64 172/79/64
f 261/156/5 262/197/5 176/197/5 174/156/5
f 230/158/19 234/44/19 23/43/19 71/159/19
f 331/168/2 332/200/2 278/196/2 173/196/2 175/168/2
f 90/136/1 73/201/1 1016/201/1 1020/136/1
f 58/94/19 56/93/19 127/93/19 133/94/19
f 60/101/7 32/100/7 184/100/7 131/101/7
f 977/178/7 978/175/7 144/175/7 142/178/7
f 31/15/19 57/18/19 132/18/19 183/15/19
f 974/173/7 970/195/7 178/195/7 167/173/7
f 55/96/7 77/95/7 145/95/7 130/96/7
f 10/202/7 112/203/7 1025/203/7 1006/202/7
f 78/116/7 80/115/7 147/115/7 146/116/7
f 46/21/19 28/20/19 180/20/19 123/21/19
f 279/191/65 329/204/65 330/167/65 151/167/65 207/191/65
f 42/164/7 49/165/7 52/162/7 43/161/7
f 113/205/19 15/59/19 228/54/19 227/76/19
f 116/206/19 225/207/19 230/158/19 229/157/19
f 110/1/19 116/206/19 229/157/19 231/149/19
f 118/208/19 113/205/19 227/76/19 232/152/19
f 226/58/19 118/208/19 232/152/19 233/142/19
f 21/2/19 110/1/19 231/149/19 234/44/19
f 225/207/19 21/2/19 234/44/19 230/158/19
f 15/59/19 226/58/19 233/142/19 228/54/19
f 242/209/66 238/210/66 254/210/66 258/209/66
f 238/210/1 237/211/1 253/211/1 254/210/1
f 113/205/5 118/208/5 248/208/5 243/205/5
f 225/207/6 116/206/6 245/206/6 246/207/6
f 21/2/67 225/207/67 246/207/67 250/2/67
f 118/208/1 226/58/1 249/58/1 248/208/1
f 116/206/5 110/1/5 247/1/5 245/206/5
f 15/59/6 113/205/6 243/205/6 244/59/6
f 235/212/19 236/213/19 244/59/19 243/205/19
f 237/211/19 238/210/19 246/207/19 245/206/19
f 239/214/19 237/211/19 245/206/19 247/1/19
f 240/215/19 235/212/19 243/205/19 248/208/19
f 241/216/19 240/215/19 248/208/19 249/58/19
f 242/209/19 239/214/19 247/1/19 250/2/19
f 238/210/19 242/209/19 250/2/19 246/207/19
f 236/213/19 241/216/19 249/58/19 244/59/19
f 240/215/6 241/216/6 257/216/6 256/215/6
f 237/211/2 239/214/2 255/214/2 253/211/2
f 236/213/1 235/212/1 251/212/1 252/213/1
f 241/216/68 236/213/68 252/213/68 257/216/68
f 239/214/6 242/209/6 258/209/6 255/214/6
f 235/212/2 240/215/2 256/215/2 251/212/2
f 99/217/19 70/104/19 260/155/19 259/179/19
f 70/104/19 119/103/19 261/156/19 260/155/19
f 122/218/19 99/217/19 259/179/19 262/197/19
f 119/103/19 122/218/19 262/197/19 261/156/19
f 99/217/1 122/218/1 270/218/1 267/217/1
f 70/104/5 99/217/5 267/217/5 268/104/5
f 122/218/2 119/103/2 269/103/2 270/218/2
f 120/223/5 276/224/5 285/224/5 286/223/5
f 277/225/5 121/226/5 335/226/5 347/227/5 339/228/5 343/229/5 336/225/5
f 276/224/19 120/223/19 278/196/19 332/200/19
f 61/230/19 275/231/19 329/204/19 279/191/19
f 120/223/19 61/230/19 279/191/19 278/196/19
f 275/231/19 276/224/19 332/200/19 329/204/19
f 276/224/1 275/231/1 288/231/1 285/224/1
f 275/231/2 61/230/2 287/230/2 288/231/2
f 61/230/6 120/223/6 286/223/6 287/230/6
f 304/236/5 303/237/5 321/237/5 322/236/5
f 290/238/69 294/239/69 306/239/69 308/238/69
f 291/240/19 292/241/19 296/233/19 295/235/19
f 304/236/19 291/240/19 295/235/19 302/234/19
f 292/241/19 303/237/19 301/232/19 296/233/19
f 303/237/1 292/241/1 312/241/1 321/237/1
f 292/241/2 291/240/2 311/240/2 312/241/2
f 291/240/6 304/236/6 322/236/6 311/240/6
f 293/242/19 294/239/19 302/234/19 301/232/19
f 290/238/19 289/243/19 303/237/19 304/236/19
f 289/243/19 293/242/19 301/232/19 303/237/19
f 294/239/19 290/238/19 304/236/19 302/234/19
f 289/243/2 290/238/2 308/238/2 307/243/2
f 293/242/70 289/243/70 307/243/70 305/242/70
f 294/239/5 293/242/5 305/242/5 306/239/5
f 323/249/6 300/247/6 320/250/6 313/249/6
f 300/247/5 299/246/5 317/251/5 320/250/5
f 318/252/19 315/253/19 314/254/19 319/255/19
f 299/246/1 324/248/1 316/256/1 317/251/1
f 314/254/14 315/253/14 316/256/14 313/249/14
f 318/252/21 319/255/21 320/250/21 317/251/21
f 315/253/22 318/252/22 317/251/22 316/256/22
f 313/249/16 320/250/16 319/255/16 314/254/16
f 324/248/2 323/249/2 313/249/2 316/256/2
f 280/259/19 82/260/19 330/167/19 329/204/19
f 82/260/19 121/226/19 331/168/19 330/167/19
f 121/226/19 277/225/19 332/200/19 331/168/19
f 277/225/19 280/259/19 329/204/19 332/200/19
f 406/261/1 407/262/1 456/262/1 457/261/1
f 82/260/2 280/259/2 333/259/2 361/263/2 345/264/2 358/265/2 337/266/2 360/267/2 341/268/2 355/269/2 334/260/2
f 280/259/6 277/225/6 336/225/6 363/270/6 348/271/6 340/272/6 344/273/6 357/274/6 333/259/6
f 121/226/1 82/260/1 334/260/1 362/275/1 346/276/1 338/277/1 342/278/1 356/279/1 335/226/1
f 392/280/6 393/281/6 442/281/6 443/280/6
f 379/282/5 380/283/5 431/283/5 430/282/5
f 584/284/2 581/285/2 602/285/2 603/284/2
f 585/286/6 586/287/6 605/287/6 606/286/6
f 580/288/2 577/289/2 598/289/2 599/288/2
f 624/290/2 621/291/2 642/291/2 643/290/2
f 415/292/2 416/293/2 467/293/2 466/292/2
f 385/294/5 386/295/5 437/295/5 434/294/5
f 581/285/6 582/296/6 601/296/6 602/285/6
f 337/266/19 359/297/19 373/298/19 360/267/19
f 359/297/19 349/299/19 370/300/19 373/298/19
f 625/301/6 626/302/6 645/302/6 646/301/6
f 577/289/6 578/303/6 597/303/6 598/289/6
f 371/304/19 353/305/19 369/306/19 374/307/19
f 620/308/2 617/309/2 638/309/2 639/308/2
f 333/259/19 357/274/19 375/310/19 361/263/19
f 621/291/6 622/311/6 641/311/6 642/291/6
f 617/309/6 618/312/6 637/312/6 638/309/6
f 345/264/19 368/313/19 376/314/19 358/265/19
f 368/313/19 352/315/19 366/316/19 376/314/19
f 405/317/5 406/261/5 457/261/5 454/317/5
f 378/318/5 379/282/5 430/282/5 427/318/5
f 414/319/2 415/292/2 466/292/2 465/319/2
f 387/320/2 384/321/2 435/321/2 436/320/2
f 407/262/2 404/322/2 455/322/2 456/262/2
f 340/272/19 348/271/19 378/318/19 377/323/19
f 348/271/19 351/324/19 379/282/19 378/318/19
f 351/324/19 350/325/19 380/283/19 379/282/19
f 350/325/19 354/326/19 381/327/19 380/283/19
f 354/326/19 342/278/19 382/328/19 381/327/19
f 342/278/19 338/277/19 383/329/19 382/328/19
f 338/277/19 340/272/19 377/323/19 383/329/19
f 354/326/19 372/330/19 385/294/19 384/321/19
f 372/330/19 356/279/19 386/295/19 385/294/19
f 356/279/19 342/278/19 387/320/19 386/295/19
f 342/278/19 354/326/19 384/321/19 387/320/19
f 351/324/19 365/331/19 389/332/19 388/333/19
f 365/331/19 364/334/19 390/335/19 389/332/19
f 364/334/19 350/325/19 391/336/19 390/335/19
f 350/325/19 351/324/19 388/333/19 391/336/19
f 348/271/19 363/270/19 393/281/19 392/280/19
f 363/270/19 365/331/19 394/337/19 393/281/19
f 365/331/19 351/324/19 395/338/19 394/337/19
f 351/324/19 348/271/19 392/280/19 395/338/19
f 364/334/19 339/228/19 397/339/19 396/340/19
f 339/228/19 347/227/19 398/341/19 397/339/19
f 347/227/19 372/330/19 399/342/19 398/341/19
f 372/330/19 364/334/19 396/340/19 399/342/19
f 363/270/19 336/225/19 401/343/19 400/344/19
f 336/225/19 343/229/19 402/345/19 401/343/19
f 343/229/19 365/331/19 403/346/19 402/345/19
f 365/331/19 363/270/19 400/344/19 403/346/19
f 365/331/19 343/229/19 405/317/19 404/322/19
f 343/229/19 339/228/19 406/261/19 405/317/19
f 339/228/19 364/334/19 407/262/19 406/261/19
f 364/334/19 365/331/19 404/322/19 407/262/19
f 338/277/19 346/276/19 409/347/19 408/348/19
f 346/276/19 369/306/19 410/349/19 409/347/19
f 369/306/19 353/305/19 411/350/19 410/349/19
f 353/305/19 370/300/19 412/351/19 411/350/19
f 370/300/19 349/299/19 413/352/19 412/351/19
f 349/299/19 366/316/19 414/319/19 413/352/19
f 366/316/19 352/315/19 415/292/19 414/319/19
f 352/315/19 367/353/19 416/293/19 415/292/19
f 367/353/19 344/273/19 417/354/19 416/293/19
f 344/273/19 340/272/19 418/355/19 417/354/19
f 340/272/19 338/277/19 408/348/19 418/355/19
f 372/330/19 347/227/19 420/356/19 419/357/19
f 347/227/19 335/226/19 421/358/19 420/356/19
f 335/226/19 356/279/19 422/359/19 421/358/19
f 356/279/19 372/330/19 419/357/19 422/359/19
f 350/325/19 364/334/19 424/360/19 423/361/19
f 364/334/19 372/330/19 425/362/19 424/360/19
f 372/330/19 354/326/19 426/363/19 425/362/19
f 354/326/19 350/325/19 423/361/19 426/363/19
f 419/357/6 420/356/6 469/356/6 470/357/6
f 386/295/1 387/320/1 436/320/1 437/295/1
f 416/293/2 417/354/2 468/354/2 467/293/2
f 380/283/5 381/327/5 432/327/5 431/283/5
f 395/338/2 392/280/2 443/280/2 444/338/2
f 422/359/2 419/357/2 470/357/2 471/359/2
f 417/354/6 418/355/6 460/355/6 468/354/6
f 381/327/5 382/328/5 433/328/5 432/327/5
f 393/281/5 394/337/5 445/337/5 442/281/5
f 420/356/5 421/358/5 472/358/5 469/356/5
f 400/344/6 401/343/6 450/343/6 451/344/6
f 382/328/1 383/329/1 429/329/1 433/328/1
f 394/337/1 395/338/1 444/338/1 445/337/1
f 421/358/1 422/359/1 471/359/1 472/358/1
f 403/346/2 400/344/2 451/344/2 452/346/2
f 401/343/5 402/345/5 453/345/5 450/343/5
f 408/348/1 409/347/1 458/347/1 459/348/1
f 388/333/6 389/332/6 438/332/6 439/333/6
f 402/345/1 403/346/1 452/346/1 453/345/1
f 418/355/5 408/348/5 459/348/5 460/355/5
f 391/336/2 388/333/2 439/333/2 440/336/2
f 409/347/2 410/349/2 461/349/2 458/347/2
f 389/332/5 390/335/5 441/335/5 438/332/5
f 396/340/6 397/339/6 446/339/6 447/340/6
f 410/349/2 411/350/2 462/350/2 461/349/2
f 423/361/6 424/360/6 473/360/6 474/361/6
f 390/335/1 391/336/1 440/336/1 441/335/1
f 399/342/2 396/340/2 447/340/2 448/342/2
f 411/350/2 412/351/2 463/351/2 462/350/2
f 426/363/2 423/361/2 474/361/2 475/363/2
f 397/339/5 398/341/5 449/341/5 446/339/5
f 412/351/2 413/352/2 464/352/2 463/351/2
f 377/323/6 378/318/6 427/318/6 428/323/6
f 424/360/5 425/362/5 476/362/5 473/360/5
f 404/322/6 405/317/6 454/317/6 455/322/6
f 384/321/6 385/294/6 434/294/6 435/321/6
f 398/341/1 399/342/1 448/342/1 449/341/1
f 413/352/2 414/319/2 465/319/2 464/352/2
f 383/329/2 377/323/2 428/323/2 429/329/2
f 425/362/1 426/363/1 475/363/1 476/362/1
f 376/314/19 366/316/19 578/303/19 577/289/19
f 366/316/19 349/299/19 579/414/19 578/303/19
f 349/299/19 359/297/19 580/288/19 579/414/19
f 359/297/19 376/314/19 577/289/19 580/288/19
f 375/310/19 367/353/19 582/296/19 581/285/19
f 367/353/19 352/315/19 583/415/19 582/296/19
f 352/315/19 368/313/19 584/284/19 583/415/19
f 368/313/19 375/310/19 581/285/19 584/284/19
f 374/307/19 369/306/19 586/287/19 585/286/19
f 369/306/19 346/276/19 587/416/19 586/287/19
f 346/276/19 362/275/19 588/417/19 587/416/19
f 362/275/19 374/307/19 585/286/19 588/417/19
f 360/267/19 373/298/19 590/418/19 589/419/19
f 373/298/19 371/304/19 591/420/19 590/418/19
f 371/304/19 341/268/19 592/421/19 591/420/19
f 341/268/19 360/267/19 589/419/19 592/421/19
f 341/268/19 371/304/19 594/422/19 593/423/19
f 371/304/19 374/307/19 595/424/19 594/422/19
f 374/307/19 355/269/19 596/425/19 595/424/19
f 355/269/19 341/268/19 593/423/19 596/425/19
f 589/419/6 590/418/6 609/418/6 610/419/6
f 578/303/5 579/414/5 600/414/5 597/303/5
f 588/417/2 585/286/2 606/286/2 607/417/2
f 593/423/6 594/422/6 613/422/6 614/423/6
f 582/296/5 583/415/5 604/415/5 601/296/5
f 592/421/2 589/419/2 610/419/2 611/421/2
f 579/414/1 580/288/1 599/288/1 600/414/1
f 586/287/5 587/416/5 608/416/5 605/287/5
f 596/425/2 593/423/2 614/423/2 615/425/2
f 583/415/1 584/284/1 603/284/1 604/415/1
f 590/418/5 591/420/5 612/420/5 609/418/5
f 587/416/1 588/417/1 607/417/1 608/416/1
f 594/422/5 595/424/5 616/424/5 613/422/5
f 591/420/1 592/421/1 611/421/1 612/420/1
f 595/424/1 596/425/1 615/425/1 616/424/1
f 373/298/19 370/300/19 618/312/19 617/309/19
f 370/300/19 353/305/19 619/426/19 618/312/19
f 353/305/19 371/304/19 620/308/19 619/426/19
f 371/304/19 373/298/19 617/309/19 620/308/19
f 355/269/19 374/307/19 622/311/19 621/291/19
f 374/307/19 362/275/19 623/427/19 622/311/19
f 362/275/19 334/260/19 624/290/19 623/427/19
f 334/260/19 355/269/19 621/291/19 624/290/19
f 361/263/19 375/310/19 626/302/19 625/301/19
f 375/310/19 368/313/19 627/428/19 626/302/19
f 368/313/19 345/264/19 628/429/19 627/428/19
f 345/264/19 361/263/19 625/301/19 628/429/19
f 357/274/19 344/273/19 630/430/19 629/431/19
f 344/273/19 367/353/19 631/432/19 630/430/19
f 367/353/19 375/310/19 632/433/19 631/432/19
f 375/310/19 357/274/19 629/431/19 632/433/19
f 358/265/19 376/314/19 634/434/19 633/435/19
f 376/314/19 359/297/19 635/436/19 634/434/19
f 359/297/19 337/266/19 636/437/19 635/436/19
f 337/266/19 358/265/19 633/435/19 636/437/19
f 629/431/6 630/430/6 649/430/6 650/431/6
f 618/312/5 619/426/5 640/426/5 637/312/5
f 628/429/2 625/301/2 646/301/2 647/429/2
f 633/435/6 634/434/6 653/434/6 654/435/6
f 622/311/5 623/427/5 644/427/5 641/311/5
f 632/433/2 629/431/2 650/431/2 651/433/2
f 619/426/1 620/308/1 639/308/1 640/426/1
f 626/302/5 627/428/5 648/428/5 645/302/5
f 636/437/2 633/435/2 654/435/2 655/437/2
f 623/427/1 624/290/1 643/290/1 644/427/1
f 630/430/5 631/432/5 652/432/5 649/430/5
f 627/428/1 628/429/1 647/429/1 648/428/1
f 634/434/5 635/436/5 656/436/5 653/434/5
f 631/432/1 632/433/1 651/433/1 652/432/1
f 635/436/1 636/437/1 655/437/1 656/436/1
f 83/186/19 102/182/19 658/113/19 657/112/19
f 102/182/19 96/181/19 659/438/19 658/113/19
f 96/181/19 87/185/19 660/439/19 659/438/19
f 87/185/19 83/186/19 657/112/19 660/439/19
f 659/438/1 660/439/1 663/439/1 664/438/1
f 660/439/2 657/112/2 662/112/2 663/439/2
f 658/113/5 659/438/5 664/438/5 661/113/5
f 674/444/5 675/445/5 680/445/5 677/444/5
f 670/443/19 669/442/19 674/444/19 673/446/19
f 669/442/19 672/440/19 675/445/19 674/444/19
f 672/440/19 671/441/19 676/447/19 675/445/19
f 671/441/19 670/443/19 673/446/19 676/447/19
f 673/446/6 674/444/6 677/444/6 678/446/6
f 675/445/1 676/447/1 679/447/1 680/445/1
f 676/447/2 673/446/2 678/446/2 679/447/2
f 860/541/2 861/542/2 931/543/2 932/541/2
f 836/544/1 837/545/1 883/545/1 884/544/1
f 840/546/1 841/547/1 891/548/1 892/546/1
f 872/549/6 873/550/6 955/551/6 956/549/6
f 858/552/5 859/553/5 928/554/5 927/552/5
f 837/545/2 834/555/2 881/555/2 883/545/2
f 854/556/5 855/557/5 920/557/5 919/556/5
f 841/547/2 838/558/2 889/558/2 891/547/2
f 871/559/2 872/549/2 956/560/2 952/559/2
f 859/553/1 860/541/1 932/561/1 928/553/1
f 852/562/2 853/563/2 915/564/2 916/562/2
f 870/587/1 871/559/1 952/559/1 951/587/1
f 835/567/5 836/544/5 884/544/5 878/567/5
f 839/568/5 840/546/5 892/592/5 886/568/5
f 843/569/5 844/571/5 900/593/5 894/569/5
f 849/576/6 846/574/6 903/594/6 907/576/6
f 853/563/6 850/578/6 911/595/6 915/596/6
f 857/580/6 854/556/6 919/597/6 923/580/6
f 861/542/6 858/552/6 927/598/6 931/542/6
f 863/581/5 864/583/5 940/599/5 934/581/5
f 873/550/5 870/587/5 951/587/5 955/550/5
f 877/591/6 874/589/6 959/601/6 963/591/6
f 874/589/5 875/588/5 960/602/5 959/589/5
f 838/558/6 839/568/6 886/568/6 889/558/6
f 834/555/6 835/567/6 878/607/6 881/555/6
f 902/608/19 905/609/19 909/610/19 906/611/19
f 862/582/6 863/581/6 934/612/6 937/582/6
f 842/570/6 843/569/6 894/613/6 897/570/6
f 888/614/19 887/615/19 893/616/19 890/617/19
f 847/573/1 848/575/1 908/618/1 904/573/1
f 848/575/2 849/576/2 907/620/2 908/575/2
f 918/621/19 921/622/19 925/623/19 922/624/19
f 850/578/5 851/577/5 912/625/5 911/578/5
f 855/557/1 856/579/1 924/626/1 920/557/1
f 958/627/19 961/628/19 965/629/19 962/630/19
f 856/579/2 857/580/2 923/631/2 924/579/2
f 936/632/19 935/633/19 941/634/19 938/635/19
f 875/588/1 876/590/1 964/590/1 960/588/1
f 896/636/19 895/637/19 901/638/19 898/639/19
f 926/640/19 929/641/19 933/642/19 930/643/19
f 864/583/1 865/584/1 939/644/1 940/583/1
f 876/590/2 877/591/2 963/645/2 964/590/2
f 844/571/1 845/572/1 899/646/1 900/571/1
f 865/584/2 862/582/2 937/647/2 939/584/2
f 845/572/2 842/570/2 897/648/2 899/572/2
f 910/649/19 913/650/19 917/651/19 914/652/19
f 846/574/5 847/573/5 904/654/5 903/574/5
f 851/577/1 852/562/1 916/562/1 912/577/1
f 950/655/19 953/656/19 957/657/19 954/658/19
f 879/659/16 880/660/16 881/555/16 878/607/16
f 880/660/73 882/661/73 883/545/73 881/555/73
f 885/662/74 879/659/74 878/567/74 884/544/74
f 884/544/22 883/545/22 882/661/22 885/662/22
f 887/615/16 888/614/16 889/558/16 886/568/16
f 888/614/73 890/617/73 891/547/73 889/558/73
f 886/568/74 892/592/74 893/616/74 887/615/74
f 892/546/22 891/548/22 890/617/22 893/616/22
f 895/637/16 896/636/16 897/570/16 894/613/16
f 896/636/73 898/639/73 899/572/73 897/648/73
f 894/569/74 900/593/74 901/638/74 895/637/74
f 900/571/22 899/646/22 898/639/22 901/638/22
f 903/574/74 904/654/74 905/609/74 902/608/74
f 902/608/16 906/611/16 907/576/16 903/594/16
f 904/573/22 908/618/22 909/610/22 905/609/22
f 908/575/73 907/620/73 906/611/73 909/610/73
f 911/578/74 912/625/74 913/650/74 910/649/74
f 910/649/16 914/652/16 915/596/16 911/595/16
f 912/577/22 916/562/22 917/651/22 913/650/22
f 916/562/73 915/564/73 914/652/73 917/651/73
f 919/556/74 920/557/74 921/622/74 918/621/74
f 918/621/16 922/624/16 923/580/16 919/597/16
f 920/557/22 924/626/22 925/623/22 921/622/22
f 922/624/73 925/623/73 924/579/73 923/631/73
f 927/552/74 928/554/74 929/641/74 926/640/74
f 926/640/16 930/643/16 931/542/16 927/598/16
f 928/553/22 932/561/22 933/642/22 929/641/22
f 930/643/73 933/642/73 932/541/73 931/543/73
f 935/633/16 936/632/16 937/582/16 934/612/16
f 939/584/73 937/647/73 936/632/73 938/635/73
f 934/581/74 940/599/74 941/634/74 935/633/74
f 940/583/22 939/644/22 938/635/22 941/634/22
f 951/587/22 952/559/22 953/656/22 950/655/22
f 950/655/74 954/658/74 955/550/74 951/587/74
f 957/657/73 953/656/73 952/559/73 956/560/73
f 954/658/16 957/657/16 956/549/16 955/551/16
f 959/589/74 960/602/74 961/628/74 958/627/74
f 958/627/16 962/630/16 963/591/16 959/601/16
f 960/588/22 964/590/22 965/629/22 961/628/22
f 962/630/73 965/629/73 964/590/73 963/645/73
f 880/660/19 879/659/19 885/662/19 882/661/19
f 10/663/15 12/37/15 967/40/15 966/664/15
f 18/135/46 20/665/46 969/666/46 968/667/46
f 26/138/46 27/137/46 971/170/46 970/169/46
f 36/88/15 33/87/15 973/151/15 972/150/15
f 106/668/1 26/669/1 970/195/1 974/173/1
f 76/118/5 36/88/5 972/190/5 975/176/5
f 27/137/5 73/201/5 976/177/5 971/170/5
f 74/670/5 75/671/5 978/175/5 977/178/5
f 91/672/5 74/670/5 977/178/5 979/130/5
f 73/201/5 90/136/5 980/85/5 976/177/5
f 89/36/5 76/118/5 975/176/5 981/41/5
f 75/671/5 88/673/5 982/129/5 978/175/5
f 33/674/6 103/675/6 983/154/6 973/153/6
f 107/676/1 106/668/1 974/173/1 984/172/1
f 103/675/6 112/203/6 985/171/6 983/154/6
f 20/677/1 107/676/1 984/172/1 969/145/1
f 112/203/6 10/202/6 966/144/6 985/171/6
f 90/136/5 18/135/5 968/86/5 980/85/5
f 12/37/5 89/36/5 981/41/5 967/40/5
f 88/673/5 91/672/5 979/130/5 982/129/5
f 88/673/1 75/671/1 1018/671/1 1022/673/1
f 26/669/19 106/668/19 1014/668/19 987/669/19
f 91/672/7 88/673/7 1022/673/7 1019/672/7
f 103/675/19 33/674/19 993/674/19 1023/675/19
f 36/88/19 76/118/19 1015/118/19 990/88/19
f 106/668/5 107/676/5 1024/676/5 1014/668/5
f 73/201/19 27/137/19 989/137/19 1016/201/19
f 112/203/5 103/675/5 1023/675/5 1025/203/5
f 75/671/19 74/670/19 1017/670/19 1018/671/19
f 12/37/7 10/663/7 1006/663/7 991/37/7
f 107/676/7 20/677/7 986/677/7 1024/676/7
f 74/670/6 91/672/6 1019/672/6 1017/670/6
f 20/665/7 18/135/7 988/135/7 986/665/7
f 1063/702/75 1064/703/75 1182/703/75 1134/702/75
f 1049/705/5 1048/706/5 1070/707/5 1071/705/5
f 1207/708/19 1053/709/19 1105/710/19 1047/711/19 1046/183/19
f 1056/712/19 1055/713/19 1052/714/19 1207/199/19
f 1052/714/2 1055/713/2 1066/713/2 1067/714/2
f 1112/715/6 1050/716/6 1072/716/6 1113/717/6
f 1051/718/19 1050/716/19 1112/715/19 1054/719/19 1056/187/19
f 1046/720/19 1048/707/19 1049/705/19 1051/184/19
f 1047/721/19 1048/722/19 1046/720/19
f 1049/705/19 1050/723/19 1051/718/19
f 1052/714/19 1053/724/19 1207/708/19
f 1054/719/19 1055/725/19 1056/712/19
f 1054/719/3 1065/719/3 1066/713/3 1055/713/3
f 1068/709/4 1053/709/4 1052/714/4 1067/714/4
f 1047/721/46 1069/711/46 1070/707/46 1048/706/46
f 1072/716/15 1050/716/15 1049/705/15 1071/705/15
f 1105/710/1 1053/709/1 1068/709/1 1106/726/1
f 1064/703/77 1061/751/77 1181/751/77 1182/703/77
f 1062/750/78 1059/747/78 1185/747/78 1186/750/78
f 1047/721/1 1105/710/1 1106/726/1 1069/711/1
f 1102/760/81 1103/761/81 1150/761/81 1154/760/81
f 1054/719/6 1112/715/6 1113/717/6 1065/719/6
f 1058/744/82 1063/702/82 1134/702/82 1138/744/82
f 1061/751/83 1062/750/83 1186/750/83 1181/751/83
f 1057/745/85 1058/744/85 1138/744/85 1183/745/85
f 1059/747/86 1060/746/86 1184/746/86 1185/747/86
f 1060/746/87 1057/745/87 1183/745/87 1184/746/87
f 1188/763/19 1103/761/19 1134/702/19 1182/703/19
f 1133/764/6 1135/765/6 1193/765/6 1201/764/6
f 1104/766/90 1133/764/90 1201/764/90 1203/766/90
f 1103/761/19 1102/760/19 1138/744/19 1134/702/19
f 1135/765/15 1140/767/15 1199/767/15 1193/765/15
f 1102/760/19 1189/768/19 1183/745/19 1138/744/19
f 1101/769/6 1096/770/6 1195/770/6 1204/769/6
f 1095/771/2 1094/772/2 1200/772/2 1197/771/2
f 1148/773/91 1147/774/91 1171/774/91 1172/773/91
f 1188/763/92 1187/775/92 1151/775/92 1149/763/92
f 1187/775/93 1192/776/93 1156/776/93 1151/775/93
f 1191/777/94 1190/778/94 1153/778/94 1155/777/94
f 1190/778/95 1189/768/95 1152/768/95 1153/778/95
f 1103/761/96 1188/763/96 1149/763/96 1150/761/96
f 1192/776/97 1191/777/97 1155/777/97 1156/776/97
f 1189/768/98 1102/760/98 1154/760/98 1152/768/98
f 1141/779/19 1142/780/19 1150/761/19 1149/763/19
f 1143/781/19 1141/779/19 1149/763/19 1151/775/19
f 1144/782/19 1145/783/19 1153/778/19 1152/768/19
f 1142/780/19 1146/784/19 1154/760/19 1150/761/19
f 1145/783/19 1147/774/19 1155/777/19 1153/778/19
f 1146/784/19 1144/782/19 1152/768/19 1154/760/19
f 1148/773/19 1143/781/19 1151/775/19 1156/776/19
f 1147/774/19 1148/773/19 1156/776/19 1155/777/19
f 1144/782/99 1146/784/99 1170/784/99 1168/782/99
f 1146/784/100 1142/780/100 1166/780/100 1170/784/100
f 1141/779/101 1143/781/101 1167/781/101 1165/779/101
f 1143/781/102 1148/773/102 1172/773/102 1167/781/102
f 1147/774/103 1145/783/103 1169/783/103 1171/774/103
f 1145/783/104 1144/782/104 1168/782/104 1169/783/104
f 1142/780/105 1141/779/105 1165/779/105 1166/780/105
f 1135/765/19 1133/764/19 1182/703/19 1181/751/19
f 1136/793/19 1137/794/19 1184/746/19 1183/745/19
f 1137/794/19 1139/795/19 1185/747/19 1184/746/19
f 1140/767/19 1135/765/19 1181/751/19 1186/750/19
f 1139/795/19 1140/767/19 1186/750/19 1185/747/19
f 1104/766/19 1093/796/19 1187/775/19 1188/763/19
f 1096/770/19 1101/769/19 1189/768/19 1190/778/19
f 1095/771/19 1096/770/19 1190/778/19 1191/777/19
f 1093/796/19 1094/772/19 1192/776/19 1187/775/19
f 1094/772/19 1095/771/19 1191/777/19 1192/776/19
f 1133/764/19 1104/766/19 1188/763/19 1182/703/19
f 1101/769/19 1136/793/19 1183/745/19 1189/768/19
f 1096/770/3 1095/771/3 1197/771/3 1195/770/3
f 1140/767/5 1139/795/5 1198/795/5 1199/767/5
f 1136/793/106 1101/769/106 1204/769/106 1202/793/106
f 1137/794/1 1136/793/1 1202/793/1 1196/794/1
f 1094/772/4 1093/796/4 1194/796/4 1200/772/4
f 1093/796/1 1104/766/1 1203/766/1 1194/796/1
f 1139/795/46 1137/794/46 1196/794/46 1198/795/46
usemtl M_Noir_Profond
f 188/190/5 187/141/5 125/140/5 126/105/5 124/108/5 123/21/5 180/20/5 179/170/5 141/177/5 142/178/5 144/175/5 143/176/5
f 128/23/2 129/4/2 130/96/2 127/93/2
f 132/18/2 133/94/2 134/89/2 131/101/2
f 136/62/47 137/122/47 135/183/47
f 139/155/48 140/82/48 138/75/48
f 148/90/2 134/89/2 133/94/2 127/93/2 130/96/2 145/95/2 146/116/2 147/115/2
f 207/191/49 151/167/49 152/186/49 156/185/49 153/188/49 193/192/49 194/180/49 154/42/49 155/128/49 149/127/49 150/84/49 208/83/49
f 158/184/50 159/181/50 160/119/50 157/63/50
f 162/179/50 163/74/50 164/120/50 161/182/50
f 185/153/6 165/154/6 166/35/6 190/34/6 189/10/6 186/27/6
f 167/173/1 178/195/1 177/160/1 182/99/1 181/14/1 168/163/1
f 207/191/51 208/110/51 169/109/51 170/157/51 140/159/51 139/155/51 174/156/51 173/196/51
f 178/169/46 179/170/46 180/20/46 177/166/46
f 182/99/4 183/98/4 184/11/4 181/14/4
f 186/66/15 187/65/15 188/150/15 185/151/15
f 190/31/3 191/30/3 192/7/3 189/10/3
f 152/186/52 151/167/52 175/168/52 176/197/52 162/179/52 161/182/52
f 131/101/2 184/100/2 183/15/2 132/18/2
f 191/5/2 129/4/2 128/23/2 192/26/2
f 162/179/50 139/155/50 138/75/50 163/74/50
f 196/72/53 138/75/53 140/82/53 195/81/53
f 198/121/54 137/122/54 136/62/54 197/61/54
f 124/108/5 199/107/5 200/22/5 123/21/5
f 125/140/5 201/139/5 202/106/5 126/105/5
f 134/89/2 196/72/2 195/102/2 131/101/2
f 129/4/2 198/3/2 197/61/2 130/96/2
f 203/132/7 200/131/7 199/161/7 204/162/7
f 204/91/2 133/94/2 132/18/2 203/17/2
f 206/24/2 128/23/2 127/93/2 205/92/2
f 135/183/50 158/184/50 157/63/50 136/62/50
f 159/181/50 161/182/50 164/120/50 160/119/50
f 205/165/7 202/164/7 201/133/7 206/134/7
f 210/130/5 142/178/5 141/177/5 209/85/5
f 212/41/5 143/176/5 144/175/5 211/129/5
f 147/115/2 213/114/2 214/73/2 148/90/2
f 145/95/2 215/60/2 216/117/2 146/116/2
f 149/127/55 210/130/55 209/85/55 150/84/55
f 154/42/56 212/41/56 211/129/56 155/128/56
f 213/114/57 164/120/57 163/74/57 214/73/57
f 215/60/57 157/63/57 160/119/57 216/117/57
f 172/79/58 194/78/58 193/192/58 135/183/58 137/122/58 171/152/58
f 171/152/59 217/76/59 218/77/59 172/79/59
f 222/143/16 218/77/16 217/76/16 221/33/16
f 224/147/22 220/149/22 219/111/22 223/146/22
f 168/163/1 224/174/1 223/172/1 167/173/1
f 221/33/6 166/35/6 165/154/6 222/171/6
f 153/188/60 156/185/60 159/181/60 158/184/60
f 169/109/59 219/111/59 220/149/59 170/157/59
f 174/156/19 176/197/19 175/168/19 173/196/19
f 263/219/1 266/220/1 274/220/1 271/219/1
f 263/219/19 264/221/19 268/104/19 267/217/19
f 264/221/19 265/222/19 269/103/19 268/104/19
f 266/220/19 263/219/19 267/217/19 270/218/19
f 265/222/19 266/220/19 270/218/19 269/103/19
f 264/221/5 263/219/5 271/219/5 272/221/5
f 266/220/2 265/222/2 273/222/2 274/220/2
f 265/222/6 264/221/6 272/221/6 273/222/6
f 281/232/6 284/233/6 296/233/6 301/232/6
f 281/232/19 282/234/19 286/223/19 285/224/19
f 283/235/19 284/233/19 288/231/19 287/230/19
f 282/234/19 283/235/19 287/230/19 286/223/19
f 284/233/19 281/232/19 285/224/19 288/231/19
f 284/233/5 283/235/5 295/235/5 296/233/5
f 283/235/1 282/234/1 302/234/1 295/235/1
f 282/234/2 281/232/2 301/232/2 302/234/2
f 298/244/71 310/245/71 326/245/71 328/244/71
f 299/246/19 300/247/19 312/241/19 311/240/19
f 324/248/19 299/246/19 311/240/19 322/236/19
f 300/247/19 323/249/19 321/237/19 312/241/19
f 309/257/19 310/245/19 322/236/19 321/237/19
f 298/244/19 297/258/19 323/249/19 324/248/19
f 297/258/19 309/257/19 321/237/19 323/249/19
f 310/245/19 298/244/19 324/248/19 322/236/19
f 297/258/2 298/244/2 328/244/2 327/258/2
f 309/257/72 297/258/72 327/258/72 325/257/72
f 310/245/5 309/257/5 325/257/5 326/245/5
f 477/364/6 478/365/6 527/365/6 528/364/6
f 512/366/2 513/367/2 564/367/2 563/366/2
f 497/368/5 498/369/5 549/369/5 546/368/5
f 526/370/2 523/371/2 574/371/2 575/370/2
f 511/372/2 512/366/2 563/366/2 562/372/2
f 499/373/2 496/374/2 547/374/2 548/373/2
f 490/375/1 491/376/1 540/376/1 541/375/1
f 523/371/6 524/377/6 573/377/6 574/371/6
f 510/378/2 511/372/2 562/372/2 561/378/2
f 496/374/6 497/368/6 546/368/6 547/374/6
f 428/323/19 427/318/19 478/365/19 477/364/19
f 427/318/19 430/282/19 479/379/19 478/365/19
f 430/282/19 431/283/19 480/380/19 479/379/19
f 431/283/19 432/327/19 481/381/19 480/380/19
f 432/327/19 433/328/19 482/382/19 481/381/19
f 433/328/19 429/329/19 483/383/19 482/382/19
f 429/329/19 428/323/19 477/364/19 483/383/19
f 435/321/19 434/294/19 485/384/19 484/385/19
f 434/294/19 437/295/19 486/386/19 485/384/19
f 437/295/19 436/320/19 487/387/19 486/386/19
f 436/320/19 435/321/19 484/385/19 487/387/19
f 439/333/19 438/332/19 489/388/19 488/389/19
f 438/332/19 441/335/19 490/375/19 489/388/19
f 441/335/19 440/336/19 491/376/19 490/375/19
f 440/336/19 439/333/19 488/389/19 491/376/19
f 443/280/19 442/281/19 493/390/19 492/391/19
f 442/281/19 445/337/19 494/392/19 493/390/19
f 445/337/19 444/338/19 495/393/19 494/392/19
f 444/338/19 443/280/19 492/391/19 495/393/19
f 447/340/19 446/339/19 497/368/19 496/374/19
f 446/339/19 449/341/19 498/369/19 497/368/19
f 449/341/19 448/342/19 499/373/19 498/369/19
f 448/342/19 447/340/19 496/374/19 499/373/19
f 451/344/19 450/343/19 501/394/19 500/395/19
f 450/343/19 453/345/19 502/396/19 501/394/19
f 453/345/19 452/346/19 503/397/19 502/396/19
f 452/346/19 451/344/19 500/395/19 503/397/19
f 455/322/19 454/317/19 505/398/19 504/399/19
f 454/317/19 457/261/19 506/400/19 505/398/19
f 457/261/19 456/262/19 507/401/19 506/400/19
f 456/262/19 455/322/19 504/399/19 507/401/19
f 459/348/19 458/347/19 509/402/19 508/403/19
f 458/347/19 461/349/19 510/378/19 509/402/19
f 461/349/19 462/350/19 511/372/19 510/378/19
f 462/350/19 463/351/19 512/366/19 511/372/19
f 463/351/19 464/352/19 513/367/19 512/366/19
f 464/352/19 465/319/19 514/404/19 513/367/19
f 465/319/19 466/292/19 515/405/19 514/404/19
f 466/292/19 467/293/19 516/406/19 515/405/19
f 467/293/19 468/354/19 517/407/19 516/406/19
f 468/354/19 460/355/19 518/408/19 517/407/19
f 460/355/19 459/348/19 508/403/19 518/408/19
f 470/357/19 469/356/19 520/409/19 519/410/19
f 469/356/19 472/358/19 521/411/19 520/409/19
f 472/358/19 471/359/19 522/412/19 521/411/19
f 471/359/19 470/357/19 519/410/19 522/412/19
f 474/361/19 473/360/19 524/377/19 523/371/19
f 473/360/19 476/362/19 525/413/19 524/377/19
f 476/362/19 475/363/19 526/370/19 525/413/19
f 475/363/19 474/361/19 523/371/19 526/370/19
f 524/377/5 525/413/5 576/413/5 573/377/5
f 504/399/6 505/398/6 554/398/6 555/399/6
f 484/385/6 485/384/6 534/384/6 535/385/6
f 498/369/1 499/373/1 548/373/1 549/369/1
f 513/367/2 514/404/2 565/404/2 564/367/2
f 483/383/2 477/364/2 528/364/2 529/383/2
f 525/413/1 526/370/1 575/370/1 576/413/1
f 507/401/2 504/399/2 555/399/2 556/401/2
f 487/387/2 484/385/2 535/385/2 536/387/2
f 514/404/2 515/405/2 566/405/2 565/404/2
f 478/365/5 479/379/5 530/379/5 527/365/5
f 505/398/5 506/400/5 557/400/5 554/398/5
f 485/384/5 486/386/5 537/386/5 534/384/5
f 515/405/2 516/406/2 567/406/2 566/405/2
f 479/379/5 480/380/5 531/380/5 530/379/5
f 492/391/6 493/390/6 542/390/6 543/391/6
f 506/400/1 507/401/1 556/401/1 557/400/1
f 519/410/6 520/409/6 569/409/6 570/410/6
f 486/386/1 487/387/1 536/387/1 537/386/1
f 516/406/2 517/407/2 568/407/2 567/406/2
f 480/380/5 481/381/5 532/381/5 531/380/5
f 495/393/2 492/391/2 543/391/2 544/393/2
f 522/412/2 519/410/2 570/410/2 571/412/2
f 517/407/6 518/408/6 560/408/6 568/407/6
f 481/381/5 482/382/5 533/382/5 532/381/5
f 493/390/5 494/392/5 545/392/5 542/390/5
f 520/409/5 521/411/5 572/411/5 569/409/5
f 500/395/6 501/394/6 550/394/6 551/395/6
f 482/382/1 483/383/1 529/383/1 533/382/1
f 494/392/1 495/393/1 544/393/1 545/392/1
f 521/411/1 522/412/1 571/412/1 572/411/1
f 503/397/2 500/395/2 551/395/2 552/397/2
f 501/394/5 502/396/5 553/396/5 550/394/5
f 508/403/1 509/402/1 558/402/1 559/403/1
f 488/389/6 489/388/6 538/388/6 539/389/6
f 502/396/1 503/397/1 552/397/1 553/396/1
f 518/408/5 508/403/5 559/403/5 560/408/5
f 491/376/2 488/389/2 539/389/2 540/376/2
f 509/402/2 510/378/2 561/378/2 558/402/2
f 489/388/5 490/375/5 541/375/5 538/388/5
f 667/440/6 668/441/6 671/441/6 672/440/6
f 662/112/19 661/113/19 666/442/19 665/443/19
f 661/113/19 664/438/19 667/440/19 666/442/19
f 664/438/19 663/439/19 668/441/19 667/440/19
f 663/439/19 662/112/19 665/443/19 668/441/19
f 668/441/5 665/443/5 670/443/5 671/441/5
f 666/442/2 667/440/2 672/440/2 669/442/2
f 665/443/1 666/442/1 669/442/1 670/443/1
f 678/446/19 677/444/19 682/448/19 681/449/19
f 677/444/19 680/445/19 683/450/19 682/448/19
f 680/445/19 679/447/19 684/451/19 683/450/19
f 679/447/19 678/446/19 681/449/19 684/451/19
f 682/448/2 683/450/2 693/450/2 687/448/2
f 683/450/6 684/451/6 692/451/6 693/450/6
f 684/451/5 681/449/5 690/449/5 692/451/5
f 681/449/1 682/448/1 687/448/1 690/449/1
f 715/469/19 716/468/19 719/482/19 722/483/19
f 716/468/19 717/476/19 720/484/19 719/482/19
f 717/476/19 718/481/19 721/485/19 720/484/19
f 718/481/19 715/469/19 722/483/19 721/485/19
f 719/482/1 720/484/1 725/484/1 724/482/1
f 719/482/5 724/482/5 723/483/5 722/483/5
f 721/485/6 722/483/6 723/483/6 726/485/6
f 720/484/2 721/485/2 726/485/2 725/484/2
f 825/489/19 824/492/19 869/565/19 868/566/19
f 791/509/19 790/508/19 835/567/19 834/555/19
f 790/508/19 793/510/19 836/544/19 835/567/19
f 793/510/19 792/512/19 837/545/19 836/544/19
f 792/512/19 791/509/19 834/555/19 837/545/19
f 795/514/19 794/501/19 839/568/19 838/558/19
f 794/501/19 797/494/19 840/546/19 839/568/19
f 797/494/19 796/495/19 841/547/19 840/546/19
f 796/495/19 795/514/19 838/558/19 841/547/19
f 799/518/19 798/517/19 843/569/19 842/570/19
f 798/517/19 801/519/19 844/571/19 843/569/19
f 801/519/19 800/521/19 845/572/19 844/571/19
f 800/521/19 799/518/19 842/570/19 845/572/19
f 802/491/19 803/486/19 847/573/19 846/574/19
f 803/486/19 805/487/19 848/575/19 847/573/19
f 805/487/19 804/490/19 849/576/19 848/575/19
f 804/490/19 802/491/19 846/574/19 849/576/19
f 806/523/19 807/522/19 851/577/19 850/578/19
f 807/522/19 809/524/19 852/562/19 851/577/19
f 809/524/19 808/525/19 853/563/19 852/562/19
f 808/525/19 806/523/19 850/578/19 853/563/19
f 810/527/19 811/526/19 855/557/19 854/556/19
f 811/526/19 813/528/19 856/579/19 855/557/19
f 813/528/19 812/529/19 857/580/19 856/579/19
f 812/529/19 810/527/19 854/556/19 857/580/19
f 814/530/19 815/506/19 859/553/19 858/552/19
f 815/506/19 817/496/19 860/541/19 859/553/19
f 817/496/19 816/497/19 861/542/19 860/541/19
f 816/497/19 814/530/19 858/552/19 861/542/19
f 819/532/19 818/531/19 863/581/19 862/582/19
f 818/531/19 821/533/19 864/583/19 863/581/19
f 821/533/19 820/534/19 865/584/19 864/583/19
f 820/534/19 819/532/19 862/582/19 865/584/19
f 822/493/19 823/488/19 867/585/19 866/586/19
f 823/488/19 825/489/19 868/566/19 867/585/19
f 824/492/19 822/493/19 866/586/19 869/565/19
f 826/536/19 827/535/19 871/559/19 870/587/19
f 827/535/19 829/502/19 872/549/19 871/559/19
f 829/502/19 828/503/19 873/550/19 872/549/19
f 828/503/19 826/536/19 870/587/19 873/550/19
f 830/538/19 831/537/19 875/588/19 874/589/19
f 831/537/19 833/539/19 876/590/19 875/588/19
f 833/539/19 832/540/19 877/591/19 876/590/19
f 832/540/19 830/538/19 874/589/19 877/591/19
f 996/678/19 1011/679/19 1029/679/19 1036/678/19
f 994/680/5 1004/681/5 1044/681/5 1034/680/5
f 1012/682/19 995/683/19 1035/683/19 1030/682/19
f 1003/684/19 1013/685/19 1033/685/19 1043/684/19
f 999/686/7 1002/687/7 1042/687/7 1039/686/7
f 1010/688/19 994/680/19 1034/680/19 1027/688/19
f 1002/687/1 998/689/1 1038/689/1 1042/687/1
f 992/690/15 1007/691/15 991/37/15 1006/663/15
f 1008/692/46 1009/693/46 986/665/46 988/135/46
f 1010/694/46 1011/679/46 989/137/46 987/138/46
f 1012/682/15 1013/695/15 993/87/15 990/88/15
f 994/680/1 1010/688/1 987/669/1 1014/668/1
f 995/683/5 1012/682/5 990/88/5 1015/118/5
f 1011/679/5 996/678/5 1016/201/5 989/137/5
f 997/696/5 998/689/5 1018/671/5 1017/670/5
f 999/686/5 997/696/5 1017/670/5 1019/672/5
f 996/678/5 1000/697/5 1020/136/5 1016/201/5
f 1001/698/5 995/683/5 1015/118/5 1021/36/5
f 998/689/5 1002/687/5 1022/673/5 1018/671/5
f 1013/685/6 1003/684/6 1023/675/6 993/674/6
f 1004/681/1 994/680/1 1014/668/1 1024/676/1
f 1003/684/6 1005/699/6 1025/203/6 1023/675/6
f 1009/700/1 1004/681/1 1024/676/1 986/677/1
f 1005/699/6 992/701/6 1006/202/6 1025/203/6
f 1000/697/5 1008/692/5 988/135/5 1020/136/5
f 1007/691/5 1001/698/5 1021/36/5 991/37/5
f 1002/687/5 999/686/5 1019/672/5 1022/673/5
f 1005/699/5 1003/684/5 1043/684/5 1045/699/5
f 998/689/19 997/696/19 1037/696/19 1038/689/19
f 1007/691/7 992/690/7 1032/690/7 1031/691/7
f 1004/681/7 1009/700/7 1026/700/7 1044/681/7
f 997/696/6 999/686/6 1039/686/6 1037/696/6
f 1009/693/7 1008/692/7 1028/692/7 1026/693/7
f 992/701/7 1005/699/7 1045/699/7 1032/701/7
f 1000/697/1 996/678/1 1036/678/1 1040/697/1
f 1011/679/19 1010/694/19 1027/694/19 1029/679/19
f 1008/692/7 1000/697/7 1040/697/7 1028/692/7
f 995/683/6 1001/698/6 1041/698/6 1035/683/6
f 1013/695/19 1012/682/19 1030/682/19 1033/695/19
f 1001/698/7 1007/691/7 1031/691/7 1041/698/7
f 1073/727/19 1074/728/19 1066/713/19 1065/719/19
f 1075/729/19 1076/730/19 1068/709/19 1067/714/19
f 1077/731/19 1078/732/19 1070/706/19 1069/721/19
f 1079/733/19 1080/734/19 1072/716/19 1071/705/19
f 1107/735/19 1077/731/19 1069/721/19 1106/726/19
f 1078/732/19 1079/733/19 1071/705/19 1070/706/19
f 1114/736/19 1073/727/19 1065/719/19 1113/717/19
f 1074/728/19 1075/729/19 1067/714/19 1066/713/19
f 1064/703/19 1063/702/19 1082/742/19 1081/741/19
f 1058/744/19 1057/745/19 1084/740/19 1083/739/19
f 1060/746/19 1059/747/19 1086/748/19 1085/749/19
f 1062/750/19 1061/751/19 1088/752/19 1087/753/19
f 1061/751/19 1064/703/19 1081/741/19 1115/743/19 1088/752/19
f 1059/747/19 1062/750/19 1087/753/19 1086/748/19
f 1063/702/19 1058/744/19 1083/739/19 1082/742/19
f 1076/730/19 1107/735/19 1106/726/19 1068/709/19
f 1080/734/19 1114/736/19 1113/717/19 1072/716/19
f 1057/745/19 1060/746/19 1085/749/19 1108/758/19 1084/740/19
f 1162/785/2 1158/786/2 1174/786/2 1178/785/2
f 1157/787/19 1158/786/19 1166/780/19 1165/779/19
f 1159/788/19 1157/787/19 1165/779/19 1167/781/19
f 1160/789/19 1161/790/19 1169/783/19 1168/782/19
f 1158/786/19 1162/785/19 1170/784/19 1166/780/19
f 1161/790/19 1163/791/19 1171/774/19 1169/783/19
f 1162/785/19 1160/789/19 1168/782/19 1170/784/19
f 1164/792/19 1159/788/19 1167/781/19 1172/773/19
f 1163/791/19 1164/792/19 1172/773/19 1171/774/19
f 1157/787/6 1159/788/6 1175/788/6 1173/787/6
f 1159/788/15 1164/792/15 1180/792/15 1175/788/15
f 1163/791/46 1161/790/46 1177/790/46 1179/791/46
f 1161/790/1 1160/789/1 1176/789/1 1177/790/1
f 1158/786/3 1157/787/3 1173/787/3 1174/786/3
f 1164/792/5 1163/791/5 1179/791/5 1180/792/5
f 1160/789/4 1162/785/4 1178/785/4 1176/789/4
f 1223/798/19 1224/799/19 1233/800/19 1226/801/19
f 1209/802/19 1210/803/19 1214/797/19 1213/193/19
f 1227/804/19 1232/805/19 1210/803/19 1209/802/19
f 1211/806/19 1208/807/19 1212/194/19 1215/704/19
f 1208/807/19 1230/808/19 1231/809/19 1222/810/19 1223/798/19 1226/801/19 1227/804/19 1209/802/19 1213/193/19 1212/194/19
f 1208/807/19 1211/806/19 1229/811/19 1230/812/19
f 1210/803/19 1232/805/19 1233/800/19 1224/799/19 1225/813/19 1228/814/19 1229/815/19 1211/806/19 1215/704/19 1214/797/19
f 1224/799/5 1223/798/5 1221/798/5 1218/799/5
f 1231/809/19 1228/814/19 1225/813/19 1222/810/19
f 1232/805/5 1227/804/5 1217/804/5 1235/805/5
f 1228/814/5 1231/809/5 1236/809/5 1239/814/5
usemtl M_Orange
f 258/209/19 254/210/19 253/211/19 255/214/19
f 257/216/19 252/213/19 251/212/19 256/215/19
f 535/385/19 534/384/19 537/386/19 536/387/19
f 547/374/19 546/368/19 549/369/19 548/373/19
f 559/403/19 558/402/19 561/378/19 562/372/19 563/366/19 564/367/19 565/404/19 566/405/19 567/406/19 568/407/19 560/408/19
f 574/371/19 573/377/19 576/413/19 575/370/19
f 598/289/19 597/303/19 600/414/19 599/288/19
f 602/285/19 601/296/19 604/415/19 603/284/19
f 606/286/19 605/287/19 608/416/19 607/417/19
f 610/419/19 609/418/19 612/420/19 611/421/19
f 614/423/19 613/422/19 616/424/19 615/425/19
f 708/473/19 707/472/19 710/474/19 709/475/19
f 869/565/5 866/586/5 943/600/5 947/565/5
f 942/603/19 945/604/19 949/605/19 946/606/19
f 867/585/2 868/566/2 948/566/2 944/585/2
f 869/565/6 947/619/6 948/566/6 868/566/6
f 866/586/1 867/585/1 944/653/1 943/586/1
f 943/586/22 944/653/22 945/604/22 942/603/22
f 942/603/74 946/606/74 947/565/74 943/600/74
f 949/605/73 945/604/73 944/585/73 948/566/73
f 946/606/16 949/605/16 948/566/16 947/619/16
f 1194/796/19 1203/766/19 1201/764/19 1193/765/19
f 1204/769/19 1195/770/19 1196/794/19 1202/793/19
f 1195/770/19 1197/771/19 1198/795/19 1196/794/19
f 1200/772/19 1194/796/19 1193/765/19 1199/767/19
f 1197/771/19 1200/772/19 1199/767/19 1198/795/19
usemtl M_Cyan
f 273/222/19 272/221/19 271/219/19 274/220/19
f 327/258/19 328/244/19 326/245/19 325/257/19
f 528/364/19 527/365/19 530/379/19 531/380/19 532/381/19 533/382/19 529/383/19
f 539/389/19 538/388/19 541/375/19 540/376/19
f 543/391/19 542/390/19 545/392/19 544/393/19
f 551/395/19 550/394/19 553/396/19 552/397/19
f 555/399/19 554/398/19 557/400/19 556/401/19
f 570/410/19 569/409/19 572/411/19 571/412/19
f 638/309/19 637/312/19 640/426/19 639/308/19
f 642/291/19 641/311/19 644/427/19 643/290/19
f 646/301/19 645/302/19 648/428/19 647/429/19
f 650/431/19 649/430/19 652/432/19 651/433/19
f 654/435/19 653/434/19 656/436/19 655/437/19
f 724/482/19 725/484/19 726/485/19 723/483/19
f 1032/701/6 1045/699/6 1043/684/6 1033/685/6
f 1030/682/15 1031/691/15 1032/690/15 1033/695/15
f 1037/696/5 1039/686/5 1042/687/5 1038/689/5
f 1028/692/46 1029/679/46 1027/694/46 1026/693/46
f 1027/688/1 1034/680/1 1044/681/1 1026/700/1
f 1035/683/5 1041/698/5 1031/691/5 1030/682/5
f 1028/692/5 1040/697/5 1036/678/5 1029/679/5
f 1174/786/19 1173/787/19 1175/788/19 1180/792/19 1179/791/19 1177/790/19 1176/789/19 1178/785/19
usemtl M_Gris_Metal
f 1213/193/6 1245/193/6 1244/194/6 1212/194/6
f 307/243/19 308/238/19 306/239/19 305/242/19
f 700/452/19 702/453/19 695/454/19 694/455/19 698/456/19
f 688/457/22 696/458/22 686/459/22 689/460/22 690/449/22 687/448/22
f 689/460/21 737/461/21 733/462/21 734/463/21 728/464/21 691/465/21 692/451/21 690/449/21
f 694/455/14 695/454/14 697/466/14 688/457/14 687/448/14 693/450/14
f 691/465/16 685/467/16 698/456/16 694/455/16 693/450/16 692/451/16
f 711/468/5 716/468/5 715/469/5 714/469/5
f 696/458/19 688/457/19 697/466/19 701/470/19 699/471/19
f 702/453/19 700/452/19 699/471/19 701/470/19
f 697/466/19 695/454/19 704/472/19 703/473/19
f 695/454/19 702/453/19 705/474/19 704/472/19
f 702/453/19 701/470/19 706/475/19 705/474/19
f 701/470/19 697/466/19 703/473/19 706/475/19
f 704/472/1 705/474/1 710/474/1 707/472/1
f 703/473/5 704/472/5 707/472/5 708/473/5
f 705/474/2 706/475/2 709/475/2 710/474/2
f 706/475/6 703/473/6 708/473/6 709/475/6
f 696/458/19 699/471/19 700/452/19 698/456/19 711/468/19 714/469/19
f 698/456/19 685/467/19 712/476/19 711/468/19
f 685/467/19 727/477/19 736/478/19 735/479/19 738/480/19 686/459/19 713/481/19 712/476/19
f 686/459/19 696/458/19 714/469/19 713/481/19
f 712/476/2 713/481/2 718/481/2 717/476/2
f 713/481/6 714/469/6 715/469/6 718/481/6
f 711/468/1 712/476/1 717/476/1 716/468/1
f 759/486/6 760/487/6 805/487/6 803/486/6
f 779/488/5 780/489/5 825/489/5 823/488/5
f 761/490/1 758/491/1 802/491/1 804/490/1
f 781/492/2 778/493/2 822/493/2 824/492/2
f 752/494/6 753/495/6 796/495/6 797/494/6
f 772/496/5 773/497/5 816/497/5 817/496/5
f 758/491/2 759/486/2 803/486/2 802/491/2
f 685/467/19 691/465/19 728/464/19 740/498/19 730/499/19 744/500/19 727/477/19
f 778/493/6 779/488/6 823/488/6 822/493/6
f 751/501/2 752/494/2 797/494/2 794/501/2
f 784/502/1 785/503/1 828/503/1 829/502/1
f 732/504/19 737/461/19 689/460/19 686/459/19 738/480/19 741/505/19
f 771/506/6 772/496/6 817/496/6 815/506/6
f 739/507/19 734/463/19 747/508/19 746/509/19
f 734/463/19 733/462/19 748/510/19 747/508/19
f 733/462/19 745/511/19 749/512/19 748/510/19
f 745/511/19 739/507/19 746/509/19 749/512/19
f 731/513/19 739/507/19 751/501/19 750/514/19
f 739/507/19 745/511/19 752/494/19 751/501/19
f 745/511/19 729/515/19 753/495/19 752/494/19
f 729/515/19 731/513/19 750/514/19 753/495/19
f 743/516/19 731/513/19 755/517/19 754/518/19
f 731/513/19 729/515/19 756/519/19 755/517/19
f 729/515/19 742/520/19 757/521/19 756/519/19
f 742/520/19 743/516/19 754/518/19 757/521/19
f 742/520/19 741/505/19 759/486/19 758/491/19
f 741/505/19 738/480/19 760/487/19 759/486/19
f 738/480/19 735/479/19 761/490/19 760/487/19
f 735/479/19 742/520/19 758/491/19 761/490/19
f 744/500/19 743/516/19 763/522/19 762/523/19
f 743/516/19 736/478/19 764/524/19 763/522/19
f 736/478/19 727/477/19 765/525/19 764/524/19
f 727/477/19 744/500/19 762/523/19 765/525/19
f 740/498/19 739/507/19 767/526/19 766/527/19
f 739/507/19 731/513/19 768/528/19 767/526/19
f 731/513/19 730/499/19 769/529/19 768/528/19
f 730/499/19 740/498/19 766/527/19 769/529/19
f 729/515/19 732/504/19 771/506/19 770/530/19
f 732/504/19 741/505/19 772/496/19 771/506/19
f 741/505/19 742/520/19 773/497/19 772/496/19
f 742/520/19 729/515/19 770/530/19 773/497/19
f 736/478/19 743/516/19 775/531/19 774/532/19
f 743/516/19 742/520/19 776/533/19 775/531/19
f 742/520/19 735/479/19 777/534/19 776/533/19
f 735/479/19 736/478/19 774/532/19 777/534/19
f 737/461/19 732/504/19 779/488/19 778/493/19
f 732/504/19 729/515/19 780/489/19 779/488/19
f 780/489/1 781/492/1 824/492/1 825/489/1
f 733/462/19 737/461/19 778/493/19 781/492/19
f 734/463/19 739/507/19 783/535/19 782/536/19
f 739/507/19 740/498/19 784/502/19 783/535/19
f 740/498/19 728/464/19 785/503/19 784/502/19
f 728/464/19 734/463/19 782/536/19 785/503/19
f 730/499/19 731/513/19 787/537/19 786/538/19
f 731/513/19 743/516/19 788/539/19 787/537/19
f 743/516/19 744/500/19 789/540/19 788/539/19
f 744/500/19 730/499/19 786/538/19 789/540/19
f 766/527/2 767/526/2 811/526/2 810/527/2
f 746/509/1 747/508/1 790/508/1 791/509/1
f 760/487/5 761/490/5 804/490/5 805/487/5
f 769/529/1 766/527/1 810/527/1 812/529/1
f 749/512/5 746/509/5 791/509/5 792/512/5
f 786/538/2 787/537/2 831/537/2 830/538/2
f 767/526/6 768/528/6 813/528/6 811/526/6
f 747/508/2 748/510/2 793/510/2 790/508/2
f 774/532/1 775/531/1 818/531/1 819/532/1
f 789/540/1 786/538/1 830/538/1 832/540/1
f 754/518/1 755/517/1 798/517/1 799/518/1
f 768/528/5 769/529/5 812/529/5 813/528/5
f 748/510/6 749/512/6 792/512/6 793/510/6
f 777/534/5 774/532/5 819/532/5 820/534/5
f 787/537/6 788/539/6 833/539/6 831/537/6
f 757/521/5 754/518/5 799/518/5 800/521/5
f 775/531/2 776/533/2 821/533/2 818/531/2
f 788/539/5 789/540/5 832/540/5 833/539/5
f 755/517/2 756/519/2 801/519/2 798/517/2
f 762/523/2 763/522/2 807/522/2 806/523/2
f 776/533/6 777/534/6 820/534/6 821/533/6
f 756/519/6 757/521/6 800/521/6 801/519/6
f 765/525/1 762/523/1 806/523/1 808/525/1
f 782/536/6 783/535/6 827/535/6 826/536/6
f 763/522/6 764/524/6 809/524/6 807/522/6
f 770/530/2 771/506/2 815/506/2 814/530/2
f 785/503/2 782/536/2 826/536/2 828/503/2
f 750/514/1 751/501/1 794/501/1 795/514/1
f 764/524/5 765/525/5 808/525/5 809/524/5
f 773/497/1 770/530/1 814/530/1 816/497/1
f 783/535/5 784/502/5 829/502/5 827/535/5
f 753/495/5 750/514/5 795/514/5 796/495/5
f 745/511/19 733/462/19 781/492/19 780/489/19 729/515/19
f 1212/194/5 1244/194/5 1247/704/5 1215/704/5
f 1110/737/6 1125/737/6 1126/738/6 1116/731/6 1077/731/6 1107/735/6
f 1083/739/4 1084/740/4 1100/740/4 1099/739/4
f 1079/733/4 1119/733/4 1120/734/4 1080/734/4
f 1081/741/3 1082/742/3 1098/742/3 1097/741/3
f 1076/730/15 1075/729/15 1091/729/15 1092/730/15
f 1082/742/2 1083/739/2 1099/739/2 1098/742/2
f 1074/728/46 1073/727/46 1089/727/46 1090/728/46
f 1115/743/6 1081/741/6 1097/741/6 1118/743/6
f 1121/749/76 1122/748/76 1109/732/76 1116/731/76
f 1097/741/19 1098/742/19 1090/728/19 1089/727/19
f 1099/739/19 1100/740/19 1092/730/19 1091/729/19
f 1077/731/3 1116/731/3 1109/732/3 1078/732/3
f 1088/752/15 1124/752/15 1123/753/15 1087/753/15
f 1118/743/6 1131/743/6 1132/754/6 1124/752/6 1088/752/6 1115/743/6
f 1118/743/19 1097/741/19 1089/727/19 1117/736/19
f 1098/742/19 1099/739/19 1091/729/19 1090/728/19
f 1107/735/6 1076/730/6 1092/730/6 1110/737/6
f 1085/749/1 1121/749/1 1127/755/1 1128/756/1 1111/757/1 1108/758/1
f 1120/734/1 1129/759/1 1130/736/1 1117/736/1 1114/736/1 1080/734/1
f 1086/748/5 1087/753/5 1123/753/5 1122/748/5
f 1085/749/46 1086/748/46 1122/748/46 1121/749/46
f 1075/729/5 1074/728/5 1090/728/5 1091/729/5
f 1084/740/1 1108/758/1 1111/757/1 1100/740/1
f 1078/732/2 1109/732/2 1119/733/2 1079/733/2
f 1100/740/19 1111/757/19 1110/737/19 1092/730/19
f 1110/737/5 1111/757/5 1128/756/5 1125/737/5
f 1073/727/1 1114/736/1 1117/736/1 1089/727/1
f 1124/752/79 1132/754/79 1129/759/79 1120/734/79
f 1123/753/80 1124/752/80 1120/734/80 1119/733/80
f 1122/748/19 1123/753/19 1119/733/19 1109/732/19
f 1127/762/84 1121/749/84 1116/731/84 1126/738/84
f 1118/743/5 1117/736/5 1130/736/5 1131/743/5
f 1127/762/88 1126/738/88 1125/737/88 1128/756/88
f 1131/743/89 1130/736/89 1129/759/89 1132/754/89
f 1207/199/6 1206/192/6 1242/192/6 1243/199/6
f 1056/187/107 1207/199/107 1243/199/107 1240/187/107
f 1214/797/2 1246/797/2 1245/193/2 1213/193/2
f 1215/704/1 1247/704/1 1246/797/1 1214/797/1
f 1220/810/108 1219/813/108 1218/799/108 1221/798/108
f 1229/815/6 1228/814/6 1239/814/6 1238/815/6
f 1233/800/6 1232/805/6 1235/805/6 1234/800/6
f 1216/801/108 1234/800/108 1235/805/108 1217/804/108
f 1237/812/108 1238/811/108 1239/814/108 1236/809/108
f 1223/798/1 1222/810/1 1220/810/1 1221/798/1
f 1227/804/1 1226/801/1 1216/801/1 1217/804/1
f 1222/810/2 1225/813/2 1219/813/2 1220/810/2
f 1231/809/1 1230/808/1 1237/808/1 1236/809/1
f 1226/801/2 1233/800/2 1234/800/2 1216/801/2
f 1225/813/6 1224/799/6 1218/799/6 1219/813/6
f 1230/812/2 1229/811/2 1238/811/2 1237/812/2
f 1244/194/19 1245/193/19 1241/188/19 1240/187/19
f 1245/193/19 1246/797/19 1242/192/19 1241/188/19
f 1246/797/19 1247/704/19 1243/199/19 1242/192/19
f 1247/704/19 1244/194/19 1240/187/19 1243/199/19
f 1205/188/109 1056/187/109 1240/187/109 1241/188/109
f 1205/188/110 1241/188/110 1242/192/110 1206/192/110 193/192/110 153/188/110
