# Blender 4.2.3 LTS
# www.blender.org
mtllib SM_Bench.mtl
o SM_Bench
v -0.274682 0.034652 0.965335
v -0.274682 0.415322 0.965335
v -0.274682 0.034652 -0.965335
v -0.274682 0.415322 -0.965335
v 0.275318 0.034652 0.965335
v 0.275318 0.415322 0.965335
v 0.275318 0.034652 -0.965335
v 0.275318 0.415322 -0.965335
v -0.274682 0.030407 0.969581
v -0.274682 0.419568 0.969581
v -0.274682 0.419568 -0.969581
v -0.274682 0.030407 -0.969581
v 0.275318 0.419568 -0.969581
v 0.275318 0.030407 -0.969581
v 0.275318 0.419568 0.969581
v 0.275318 0.030407 0.969581
v -0.255349 0.065071 -0.750517
v -0.274682 0.051975 -0.750517
v -0.274682 0.051975 0.750517
v -0.255349 0.065071 0.750517
v -0.255349 0.384903 0.750517
v -0.274682 0.405970 0.742547
v -0.274682 0.405970 -0.742547
v -0.255349 0.384903 -0.750517
v 0.255985 0.065071 0.750517
v 0.275318 0.051975 0.750517
v 0.275318 0.051975 -0.750517
v 0.255985 0.065071 -0.750517
v 0.255985 0.384903 -0.750517
v 0.275318 0.405970 -0.742547
v 0.275318 0.405970 0.742547
v 0.255985 0.384903 0.750517
v -0.255349 -0.000013 0.750517
v -0.274682 0.021031 0.750517
v -0.255349 0.449987 -0.750517
v -0.274682 0.420973 -0.742547
v 0.255985 -0.000013 -0.750517
v 0.275318 0.021031 -0.750517
v 0.255985 0.449987 0.750517
v 0.275318 0.420973 0.742547
v -0.274682 0.021031 -0.750517
v -0.255349 -0.000013 -0.750517
v -0.274682 0.420973 0.742547
v -0.255349 0.449987 0.750517
v 0.275318 0.021031 0.750517
v 0.255985 -0.000013 0.750517
v 0.275318 0.420973 -0.742547
v 0.255985 0.449987 -0.750517
v -0.274682 0.078252 0.947275
v -0.255349 0.108091 0.934916
v -0.255349 0.065071 0.891896
v -0.274682 0.052474 0.922309
v -0.255349 0.086581 0.929152
v -0.274682 0.065656 0.943732
v -0.255349 0.070835 0.913406
v -0.274682 0.056191 0.934423
v -0.274682 0.397500 0.922309
v -0.255349 0.384903 0.891896
v -0.255349 0.341884 0.934916
v -0.274682 0.371722 0.947275
v -0.255349 0.379139 0.913406
v -0.274682 0.393784 0.934423
v -0.255349 0.363393 0.929152
v -0.274682 0.384318 0.943732
v -0.274682 0.052474 -0.922309
v -0.255349 0.065071 -0.891896
v -0.255349 0.108091 -0.934916
v -0.274682 0.078252 -0.947275
v -0.255349 0.070835 -0.913406
v -0.274682 0.056191 -0.934423
v -0.255349 0.086581 -0.929152
v -0.274682 0.065656 -0.943732
v -0.274682 0.371722 -0.947275
v -0.255349 0.341884 -0.934916
v -0.255349 0.384903 -0.891896
v -0.274682 0.397500 -0.922309
v -0.255349 0.363393 -0.929152
v -0.274682 0.384318 -0.943732
v -0.255349 0.379139 -0.913406
v -0.274682 0.393784 -0.934423
v 0.275318 0.052474 0.922309
v 0.255985 0.065071 0.891896
v 0.255985 0.108091 0.934916
v 0.275318 0.078252 0.947275
v 0.255985 0.070835 0.913406
v 0.275318 0.056191 0.934423
v 0.255985 0.086581 0.929152
v 0.275318 0.065656 0.943732
v 0.275318 0.371722 0.947275
v 0.255985 0.341884 0.934916
v 0.255985 0.384903 0.891896
v 0.275318 0.397500 0.922309
v 0.255985 0.363393 0.929152
v 0.275318 0.384318 0.943732
v 0.255985 0.379139 0.913406
v 0.275318 0.393784 0.934423
v 0.275318 0.078252 -0.947275
v 0.255985 0.108091 -0.934916
v 0.255985 0.065071 -0.891896
v 0.275318 0.052474 -0.922309
v 0.255985 0.086581 -0.929152
v 0.275318 0.065656 -0.943732
v 0.255985 0.070835 -0.913406
v 0.275318 0.056191 -0.934423
v 0.275318 0.397500 -0.922309
v 0.255985 0.384903 -0.891896
v 0.255985 0.341884 -0.934916
v 0.275318 0.371722 -0.947275
v 0.255985 0.379139 -0.913406
v 0.275318 0.393784 -0.934423
v 0.255985 0.363393 -0.929152
v 0.275318 0.384318 -0.943732
v -0.274682 0.021168 0.965754
v -0.255349 -0.000013 0.956981
v -0.255349 0.043007 1.000000
v -0.274682 0.034128 0.978564
v -0.255349 0.005751 0.978490
v -0.274682 0.023107 0.972219
v -0.255349 0.021497 0.994237
v -0.274682 0.027796 0.976804
v -0.274682 0.415847 0.978564
v -0.255349 0.406968 1.000000
v -0.255349 0.449987 0.956981
v -0.274682 0.428807 0.965754
v -0.255349 0.428478 0.994237
v -0.274682 0.422178 0.976804
v -0.255349 0.444224 0.978490
v -0.274682 0.426868 0.972219
v -0.274682 0.428807 -0.965754
v -0.255349 0.449987 -0.956981
v -0.255349 0.406968 -1.000000
v -0.274682 0.415847 -0.978564
v -0.255349 0.444224 -0.978490
v -0.274682 0.426868 -0.972219
v -0.255349 0.428478 -0.994237
v -0.274682 0.422178 -0.976804
v -0.274682 0.034128 -0.978564
v -0.255349 0.043007 -1.000000
v -0.255349 -0.000013 -0.956981
v -0.274682 0.021168 -0.965754
v -0.255349 0.021497 -0.994237
v -0.274682 0.027796 -0.976804
v -0.255349 0.005751 -0.978490
v -0.274682 0.023107 -0.972219
v 0.275318 0.415847 -0.978564
v 0.255985 0.406968 -1.000000
v 0.255985 0.449987 -0.956981
v 0.275318 0.428807 -0.965754
v 0.255985 0.428478 -0.994237
v 0.275318 0.422178 -0.976804
v 0.255985 0.444224 -0.978490
v 0.275318 0.426868 -0.972219
v 0.275318 0.021168 -0.965754
v 0.255985 -0.000013 -0.956981
v 0.255985 0.043007 -1.000000
v 0.275318 0.034128 -0.978564
v 0.255985 0.005751 -0.978490
v 0.275318 0.023107 -0.972219
v 0.255985 0.021497 -0.994237
v 0.275318 0.027796 -0.976804
v 0.275318 0.428807 0.965754
v 0.255985 0.449987 0.956981
v 0.255985 0.406968 1.000000
v 0.275318 0.415847 0.978564
v 0.255985 0.444224 0.978490
v 0.275318 0.426868 0.972219
v 0.255985 0.428478 0.994237
v 0.275318 0.422178 0.976804
v 0.275318 0.034128 0.978564
v 0.255985 0.043007 1.000000
v 0.255985 -0.000013 0.956981
v 0.275318 0.021168 0.965754
v 0.255985 0.021497 0.994237
v 0.275318 0.027796 0.976804
v 0.255985 0.005751 0.978490
v 0.275318 0.023107 0.972219
v -0.274682 0.428943 -0.750517
v -0.274682 0.428943 0.750517
v 0.275318 0.428943 0.750517
v 0.275318 0.428943 -0.750517
v -0.274682 0.397999 0.750517
v -0.274682 0.397999 -0.750517
v 0.275318 0.397999 -0.750517
v 0.275318 0.397999 0.750517
v -0.273709 0.419387 -0.740960
v -0.273709 0.419387 0.740960
v 0.274344 0.419387 0.740960
v 0.274344 0.419387 -0.740960
v -0.273709 0.407556 0.740960
v -0.273709 0.407556 -0.740960
v 0.274344 0.407556 -0.740960
v 0.274344 0.407556 0.740960
v -0.273709 0.420973 -0.742547
v -0.273709 0.420973 0.742547
v 0.274344 0.420973 0.742547
v 0.274344 0.420973 -0.742547
v -0.273709 0.405970 0.742547
v -0.273709 0.405970 -0.742547
v 0.274344 0.405970 -0.742547
v 0.274344 0.405970 0.742547
v -0.272744 0.419387 -0.740960
v -0.272744 0.419387 0.740960
v 0.273379 0.419387 0.740960
v 0.273379 0.419387 -0.740960
v -0.272744 0.407556 0.740960
v -0.272744 0.407556 -0.740960
v 0.273379 0.407556 -0.740960
v 0.273379 0.407556 0.740960
v -0.136356 -0.000013 -0.750517
v 0.136356 -0.000013 -0.750517
v 0.136356 -0.000013 0.750517
v -0.136356 -0.000013 0.750517
v 0.136356 -0.000013 0.956981
v -0.136356 -0.000013 0.956981
v 0.136356 0.449987 -0.750517
v -0.136356 0.449987 -0.750517
v -0.136356 0.449987 0.750517
v 0.136356 0.449987 0.750517
v 0.136356 0.449987 -0.956981
v -0.136356 0.449987 -0.956981
v -0.136356 -0.000013 -0.956981
v 0.136356 -0.000013 -0.956981
v -0.136356 0.449987 0.956981
v 0.136356 0.449987 0.956981
v 0.136356 0.005751 0.978490
v -0.136356 0.005751 0.978490
v -0.136356 0.021497 0.994237
v 0.136356 0.021497 0.994237
v 0.136356 0.043007 1.000000
v -0.136356 0.043007 1.000000
v 0.136356 0.406968 1.000000
v -0.136356 0.406968 1.000000
v 0.136356 0.428478 0.994237
v -0.136356 0.428478 0.994237
v -0.136356 0.444224 0.978490
v 0.136356 0.444224 0.978490
v 0.136356 0.444224 -0.978490
v -0.136356 0.444224 -0.978490
v -0.136356 0.428478 -0.994237
v 0.136356 0.428478 -0.994237
v 0.136356 0.406968 -1.000000
v -0.136356 0.406968 -1.000000
v 0.136356 0.043007 -1.000000
v -0.136356 0.043007 -1.000000
v 0.136356 0.021497 -0.994237
v -0.136356 0.021497 -0.994237
v -0.136356 0.005751 -0.978490
v 0.136356 0.005751 -0.978490
v -0.136038 0.065071 0.750517
v 0.136673 0.065071 0.750517
v 0.136673 0.065071 -0.750517
v -0.136038 0.065071 -0.750517
v 0.136673 0.065071 -0.891896
v -0.136038 0.065071 -0.891896
v -0.136038 0.065071 0.891896
v 0.136673 0.065071 0.891896
v -0.136038 0.384903 0.750517
v 0.136673 0.384903 0.750517
v 0.136673 0.384903 0.891896
v -0.136038 0.384903 0.891896
v -0.136038 0.384903 -0.750517
v 0.136673 0.384903 -0.750517
v -0.136038 0.384903 -0.891896
v 0.136673 0.384903 -0.891896
v 0.136673 0.086581 0.929152
v -0.136038 0.086581 0.929152
v -0.136038 0.108091 0.934916
v 0.136673 0.108091 0.934916
v -0.136038 0.341884 0.934916
v 0.136673 0.341884 0.934916
v -0.136038 0.070835 0.913406
v 0.136673 0.070835 0.913406
v 0.136673 0.379139 0.913406
v -0.136038 0.379139 0.913406
v -0.136038 0.363393 0.929152
v 0.136673 0.363393 0.929152
v 0.136673 0.070835 -0.913406
v -0.136038 0.070835 -0.913406
v 0.136673 0.108091 -0.934916
v -0.136038 0.108091 -0.934916
v -0.136038 0.086581 -0.929152
v 0.136673 0.086581 -0.929152
v 0.136673 0.341884 -0.934916
v -0.136038 0.341884 -0.934916
v 0.136673 0.363393 -0.929152
v -0.136038 0.363393 -0.929152
v -0.136038 0.379139 -0.913406
v 0.136673 0.379139 -0.913406
v -0.130990 0.007399 -0.750517
v 0.130990 0.007399 -0.750517
v 0.130990 0.007399 0.750517
v -0.130990 0.007399 0.750517
v 0.130990 0.007336 0.956013
v -0.130990 0.007336 0.956013
v 0.130990 0.442575 -0.750517
v -0.130990 0.442575 -0.750517
v -0.130990 0.442575 0.750517
v 0.130990 0.442575 0.750517
v 0.130990 0.442638 -0.956013
v -0.136356 0.442638 -0.956013
v -0.136356 0.007336 -0.956013
v 0.136356 0.007336 -0.956013
v -0.130990 0.442638 0.956013
v 0.130990 0.442638 0.956013
v 0.130990 0.012170 0.974784
v -0.136356 0.012170 0.974784
v -0.130990 0.025203 0.987817
v 0.130990 0.025203 0.987817
v 0.130990 0.043974 0.992651
v -0.130990 0.043974 0.992651
v 0.136356 0.406000 0.992651
v -0.136356 0.406000 0.992651
v 0.136356 0.424771 0.987817
v -0.136356 0.424771 0.987817
v -0.130990 0.437805 0.974784
v 0.130990 0.437805 0.974784
v 0.136356 0.437805 -0.974784
v -0.136356 0.437805 -0.974784
v -0.130990 0.424771 -0.987817
v 0.136356 0.424771 -0.987817
v -0.130990 0.406000 -0.992651
v 0.136356 0.025203 -0.987817
v -0.136356 0.025203 -0.987817
v -0.136356 0.012170 -0.974784
v 0.136356 0.012170 -0.974784
v -0.130672 0.057659 0.750517
v 0.131308 0.057659 0.750517
v 0.131308 0.057659 -0.750517
v -0.130672 0.057659 -0.750517
v 0.136673 0.057723 -0.892864
v -0.136038 0.057723 -0.892864
v -0.130672 0.057723 0.892864
v 0.131308 0.057723 0.892864
v -0.130672 0.392315 0.750517
v 0.131308 0.392315 0.750517
v 0.131308 0.392252 0.892864
v -0.130672 0.392252 0.892864
v -0.136038 0.392315 -0.750517
v 0.136673 0.392315 -0.750517
v -0.136038 0.392252 -0.892864
v 0.136673 0.392252 -0.892864
v 0.131308 0.082875 0.935571
v -0.130672 0.082875 0.935571
v -0.130672 0.107123 0.942265
v 0.131308 0.107123 0.942265
v -0.130672 0.342851 0.942265
v 0.131308 0.342851 0.942265
v -0.130672 0.064416 0.917112
v 0.131308 0.064416 0.917112
v 0.136673 0.385559 0.917112
v -0.136038 0.385559 0.917112
v -0.136038 0.367099 0.935571
v 0.136673 0.367099 0.935571
v 0.136673 0.064416 -0.917112
v -0.136038 0.064416 -0.917112
v 0.136673 0.107123 -0.942265
v -0.136038 0.082875 -0.935571
v 0.136673 0.082875 -0.935571
v 0.136673 0.342851 -0.942265
v 0.136673 0.367099 -0.935571
v -0.136038 0.367099 -0.935571
v -0.136038 0.385559 -0.917112
v 0.136673 0.385559 -0.917112
v 0.136356 0.442638 0.956013
v 0.136356 0.437805 0.974784
v -0.136356 0.442638 0.956013
v -0.136356 0.437805 0.974784
v -0.136356 0.025203 0.987817
v -0.136356 0.043974 0.992651
v 0.136356 0.025203 0.987817
v 0.136356 0.043974 0.992651
v -0.136356 0.424771 -0.987817
v 0.130990 0.424771 -0.987817
v 0.130990 0.007336 -0.956013
v 0.130990 0.012170 -0.974784
v -0.130990 0.007336 -0.956013
v -0.130990 0.012170 -0.974784
v 0.130990 0.025203 -0.987817
v -0.130990 0.025203 -0.987817
v 0.130990 0.043974 -0.992651
v -0.130990 0.442638 -0.956013
v -0.130990 0.437805 -0.974784
v 0.136356 0.442638 -0.956013
v 0.130990 0.437805 -0.974784
v 0.130990 0.424771 0.987817
v -0.130990 0.424771 0.987817
v 0.130990 0.406000 0.992651
v -0.130990 0.406000 0.992651
v -0.136356 0.007336 0.956013
v -0.130990 0.012170 0.974784
v 0.136356 0.007336 0.956013
v 0.136356 0.012170 0.974784
v 0.136356 0.442575 -0.750517
v 0.136356 0.442575 0.750517
v -0.136356 0.442575 -0.750517
v -0.136356 0.442575 0.750517
v -0.136356 0.007399 -0.750517
v -0.136356 0.007399 0.750517
v 0.136356 0.007399 -0.750517
v 0.136356 0.007399 0.750517
v 0.136673 0.057659 -0.750517
v 0.136673 0.057659 0.750517
v -0.136038 0.057659 -0.750517
v -0.136038 0.057659 0.750517
v 0.136673 0.107123 0.942265
v 0.136673 0.342851 0.942265
v -0.136038 0.107123 0.942265
v -0.136038 0.342851 0.942265
v 0.131308 0.367099 0.935571
v -0.130672 0.367099 0.935571
v 0.131308 0.107123 -0.942265
v 0.131308 0.082875 -0.935571
v -0.130672 0.082875 -0.935571
v 0.131308 0.392252 -0.892864
v 0.131308 0.385559 -0.917112
v -0.130672 0.392252 -0.892864
v -0.130672 0.385559 -0.917112
v 0.131308 0.367099 -0.935571
v -0.130672 0.367099 -0.935571
v 0.131308 0.064416 -0.917112
v 0.131308 0.057723 -0.892864
v -0.130672 0.064416 -0.917112
v -0.130672 0.057723 -0.892864
v 0.131308 0.385559 0.917112
v -0.130672 0.385559 0.917112
v 0.136673 0.392252 0.892864
v -0.136038 0.392252 0.892864
v 0.136673 0.064416 0.917112
v 0.136673 0.082875 0.935571
v -0.136038 0.064416 0.917112
v -0.136038 0.082875 0.935571
v 0.136673 0.057723 0.892864
v -0.136038 0.057723 0.892864
v 0.136673 0.392315 0.750517
v -0.136038 0.392315 0.750517
v 0.131308 0.392315 -0.750517
v -0.130672 0.392315 -0.750517
v -0.130990 0.000000 -0.750516
v 0.130990 0.000000 -0.750516
v 0.130990 0.000000 0.750516
v -0.130990 0.000000 0.750516
v 0.130990 -0.000005 0.956942
v -0.130990 -0.000005 0.956942
v 0.130990 0.449974 -0.750516
v -0.130990 0.449974 -0.750516
v -0.130990 0.449974 0.750516
v 0.130990 0.449974 0.750516
v 0.130990 0.449979 -0.956942
v -0.130990 0.449979 -0.956942
v -0.130990 -0.000005 -0.956942
v 0.130990 -0.000005 -0.956942
v -0.130990 0.449979 0.956942
v 0.130990 0.449979 0.956942
v 0.130990 0.005744 0.978453
v -0.130990 0.005744 0.978453
v -0.130990 0.021535 0.994244
v 0.130990 0.021535 0.994244
v 0.130990 0.043044 0.999992
v -0.130990 0.043044 0.999992
v 0.130990 0.406930 0.999992
v -0.130990 0.406930 0.999992
v 0.130990 0.428440 0.994244
v -0.130990 0.428440 0.994244
v -0.130990 0.444231 0.978453
v 0.130990 0.444231 0.978453
v 0.130990 0.444231 -0.978453
v -0.130990 0.444231 -0.978453
v -0.130990 0.428440 -0.994244
v 0.130990 0.428440 -0.994244
v 0.130990 0.406930 -0.999992
v -0.130990 0.406930 -0.999992
v 0.130990 0.043044 -0.999992
v -0.130990 0.043044 -0.999992
v 0.130990 0.021535 -0.994244
v -0.130990 0.021535 -0.994244
v -0.130990 0.005744 -0.978453
v 0.130990 0.005744 -0.978453
v -0.130672 0.065059 0.750515
v 0.131308 0.065059 0.750515
v 0.131308 0.065059 -0.750515
v -0.130672 0.065059 -0.750515
v 0.131308 0.065055 -0.891869
v -0.130672 0.065055 -0.891869
v -0.130672 0.065055 0.891869
v 0.131308 0.065055 0.891869
v -0.130672 0.384916 0.750515
v 0.131308 0.384916 0.750515
v 0.131308 0.384920 0.891869
v -0.130672 0.384920 0.891869
v -0.130672 0.384916 -0.750515
v 0.131308 0.384916 -0.750515
v -0.130672 0.384920 -0.891869
v 0.131308 0.384920 -0.891869
v 0.131308 0.086599 0.929177
v -0.130672 0.086599 0.929177
v -0.130672 0.108117 0.934932
v 0.131308 0.108117 0.934932
v -0.130672 0.341858 0.934932
v 0.131308 0.341858 0.934932
v -0.130672 0.070810 0.913388
v 0.131308 0.070810 0.913388
v 0.131308 0.379165 0.913388
v -0.130672 0.379165 0.913388
v -0.130672 0.363376 0.929177
v 0.131308 0.363376 0.929177
v 0.131308 0.070810 -0.913388
v -0.130672 0.070810 -0.913388
v 0.131308 0.108117 -0.934932
v -0.130672 0.108117 -0.934932
v -0.130672 0.086599 -0.929177
v 0.131308 0.086599 -0.929177
v 0.131308 0.341858 -0.934932
v -0.130672 0.341858 -0.934932
v 0.131308 0.363376 -0.929177
v -0.130672 0.363376 -0.929177
v -0.130672 0.379165 -0.913388
v 0.131308 0.379165 -0.913388
v -0.136038 0.148231 0.942265
v -0.136038 0.301743 0.942265
v 0.136673 0.148231 0.942265
v 0.136673 0.301743 0.942265
v 0.131308 0.145944 -0.942265
v 0.131308 0.304030 -0.942265
v -0.130990 0.146079 0.992651
v -0.130990 0.303895 0.992651
v 0.130990 0.145809 0.992651
v 0.130990 0.304166 0.992651
v -0.130672 0.145944 0.942265
v -0.130672 0.304031 0.942265
v 0.131308 0.145944 0.942265
v 0.131308 0.304031 0.942265
v -0.136356 0.148367 -0.992651
v -0.136356 0.301608 -0.992651
v 0.136356 0.148096 -0.992651
v 0.136356 0.301879 -0.992651
v 0.136673 0.148231 -0.942265
v 0.136673 0.301743 -0.942265
v -0.136038 0.148231 -0.942265
v -0.136038 0.301743 -0.942265
v 0.136356 0.148096 0.992651
v 0.136356 0.301879 0.992651
v -0.136356 0.148367 0.992651
v -0.136356 0.301608 0.992651
v -0.130990 0.146079 -0.992651
v -0.130990 0.303895 -0.992651
v 0.130990 0.145808 -0.992651
v 0.130990 0.304166 -0.992651
v -0.130672 0.145944 -0.942265
v -0.130672 0.304030 -0.942265
v 0.136673 0.143231 0.942265
v 0.131308 0.140944 0.942265
v -0.136038 0.143231 0.942265
v -0.130672 0.309031 0.942265
v 0.131308 0.140944 -0.942265
v -0.130990 0.141079 -0.992651
v -0.136038 0.306743 0.942265
v -0.130672 0.140944 0.942265
v -0.136356 0.143367 -0.992651
v 0.131308 0.342851 -0.942265
v 0.130990 0.140808 -0.992651
v 0.130990 0.140809 0.992651
v 0.136356 0.143096 0.992651
v -0.130990 0.141079 0.992651
v -0.136356 0.143367 0.992651
v 0.136356 0.043974 -0.992651
v 0.136356 0.143096 -0.992651
v 0.136673 0.143231 -0.942265
v -0.136038 0.143231 -0.942265
v -0.130672 0.140944 -0.942265
v -0.136356 0.306608 -0.992651
v 0.136356 0.306879 -0.992651
v 0.130990 0.309166 -0.992651
v 0.130990 0.309166 0.992651
v 0.136356 0.306879 0.992651
v -0.130990 0.308895 0.992651
v -0.136356 0.306608 0.992651
v 0.136673 0.306743 0.942265
v 0.131308 0.309031 0.942265
v -0.136038 0.107123 -0.942265
v -0.130672 0.107123 -0.942265
v 0.136673 0.306743 -0.942265
v -0.136356 0.043974 -0.992651
v -0.130990 0.043974 -0.992651
v 0.136356 0.406000 -0.992651
v 0.130990 0.406000 -0.992651
v -0.136356 0.406000 -0.992651
v -0.130990 0.308895 -0.992651
v 0.131308 0.309031 -0.942265
v -0.136038 0.342851 -0.942265
v -0.130672 0.342851 -0.942265
v -0.136038 0.306743 -0.942265
v -0.130672 0.309030 -0.942265
v -0.197512 0.245427 -0.940524
v -0.202842 0.247420 -0.934916
v -0.167394 0.283194 -0.940524
v -0.170885 0.287621 -0.934916
v -0.186034 0.265080 -0.940524
v -0.190490 0.268569 -0.934916
v -0.136038 0.307839 -0.934916
v -0.136038 0.301743 -0.940524
v -0.142310 0.150905 -0.940524
v -0.144926 0.145924 -0.934916
v -0.136038 0.148231 -0.940524
v -0.136038 0.142135 -0.934916
v -0.144926 0.304051 -0.934916
v -0.142310 0.299070 -0.940524
v -0.201388 0.224987 -0.940524
v -0.207095 0.224987 -0.934916
v -0.167394 0.166781 -0.940524
v -0.170885 0.162354 -0.934916
v -0.186034 0.184894 -0.940524
v -0.190490 0.181405 -0.934916
v -0.197512 0.204548 -0.940524
v -0.202842 0.202554 -0.934916
v -0.197512 0.245427 0.994392
v -0.202842 0.247421 1.000000
v -0.186034 0.265080 0.994392
v -0.190490 0.268569 1.000000
v -0.142310 0.150905 0.994392
v -0.144926 0.145924 1.000000
v -0.136356 0.148367 0.994392
v -0.136356 0.142271 1.000000
v -0.136356 0.307704 1.000000
v -0.136356 0.301608 0.994392
v -0.144926 0.304051 1.000000
v -0.142310 0.299070 0.994392
v -0.167394 0.166781 0.994392
v -0.170885 0.162354 1.000000
v -0.167394 0.283194 0.994392
v -0.170885 0.287621 1.000000
v -0.201388 0.224987 0.994392
v -0.207095 0.224987 1.000000
v -0.186034 0.184894 0.994392
v -0.190490 0.181405 1.000000
v -0.197512 0.204548 0.994392
v -0.202842 0.202554 1.000000
v 0.142945 0.150905 -0.994392
v 0.145561 0.145924 -1.000000
v 0.136356 0.148096 -0.994392
v 0.136356 0.142000 -1.000000
v 0.136356 0.307975 -1.000000
v 0.136356 0.301879 -0.994392
v 0.142945 0.299070 -0.994392
v 0.145561 0.304051 -1.000000
v 0.198147 0.245427 -0.994392
v 0.203477 0.247420 -1.000000
v 0.186669 0.265080 -0.994392
v 0.191126 0.268569 -1.000000
v 0.168030 0.283194 -0.994392
v 0.171520 0.287621 -1.000000
v 0.168030 0.166781 -0.994392
v 0.171520 0.162354 -1.000000
v 0.186669 0.184894 -0.994392
v 0.191126 0.181405 -1.000000
v 0.202023 0.224987 -0.994392
v 0.207731 0.224987 -1.000000
v 0.198147 0.204548 -0.994392
v 0.203477 0.202554 -1.000000
v -0.197512 0.204548 0.940524
v -0.202842 0.202554 0.934916
v -0.167394 0.166781 0.940524
v -0.170885 0.162354 0.934916
v -0.186034 0.184894 0.940524
v -0.190490 0.181405 0.934916
v -0.136038 0.142135 0.934916
v -0.136038 0.148231 0.940524
v -0.144926 0.145924 0.934916
v -0.142310 0.150905 0.940524
v -0.136038 0.301743 0.940524
v -0.136038 0.307839 0.934916
v -0.142310 0.299070 0.940524
v -0.144926 0.304051 0.934916
v -0.201388 0.224987 0.940524
v -0.207095 0.224987 0.934916
v -0.167394 0.283194 0.940524
v -0.170885 0.287621 0.934916
v -0.186034 0.265080 0.940524
v -0.190490 0.268569 0.934916
v -0.197512 0.245427 0.940524
v -0.202842 0.247421 0.934916
v -0.201388 0.224987 -0.994392
v -0.207095 0.224987 -1.000000
v -0.186034 0.265080 -0.994392
v -0.190490 0.268569 -1.000000
v -0.197512 0.245427 -0.994392
v -0.202842 0.247420 -1.000000
v -0.197512 0.204548 -0.994392
v -0.202842 0.202554 -1.000000
v -0.186034 0.184894 -0.994392
v -0.190490 0.181405 -1.000000
v -0.167394 0.166781 -0.994392
v -0.170885 0.162354 -1.000000
v -0.142310 0.299070 -0.994392
v -0.144926 0.304051 -1.000000
v -0.136356 0.301608 -0.994392
v -0.136356 0.307704 -1.000000
v -0.142310 0.150905 -0.994392
v -0.144926 0.145924 -1.000000
v -0.136356 0.142271 -1.000000
v -0.136356 0.148367 -0.994392
v -0.167394 0.283194 -0.994392
v -0.170885 0.287621 -1.000000
v 0.186669 0.265080 0.994392
v 0.191126 0.268569 1.000000
v 0.202023 0.224987 0.994392
v 0.207731 0.224987 1.000000
v 0.198147 0.245427 0.994392
v 0.203477 0.247421 1.000000
v 0.142945 0.299070 0.994392
v 0.145561 0.304051 1.000000
v 0.145561 0.145924 1.000000
v 0.142945 0.150905 0.994392
v 0.136356 0.142000 1.000000
v 0.136356 0.148096 0.994392
v 0.136356 0.301879 0.994392
v 0.136356 0.307975 1.000000
v 0.198147 0.204548 0.994392
v 0.203477 0.202554 1.000000
v 0.168030 0.166781 0.994392
v 0.171520 0.162354 1.000000
v 0.186669 0.184894 0.994392
v 0.191126 0.181405 1.000000
v 0.168030 0.283194 0.994392
v 0.171520 0.287621 1.000000
v 0.136673 0.148231 0.940524
v 0.136673 0.142135 0.934916
v 0.136673 0.307839 0.934916
v 0.136673 0.301743 0.940524
v 0.186669 0.184894 0.940524
v 0.191126 0.181405 0.934916
v 0.168030 0.166781 0.940524
v 0.171520 0.162354 0.934916
v 0.202023 0.224987 0.940524
v 0.207731 0.224987 0.934916
v 0.198147 0.204548 0.940524
v 0.203477 0.202554 0.934916
v 0.142945 0.299070 0.940524
v 0.145561 0.304051 0.934916
v 0.142945 0.150905 0.940524
v 0.145561 0.145924 0.934916
v 0.168030 0.283194 0.940524
v 0.171520 0.287621 0.934916
v 0.198147 0.245427 0.940524
v 0.203477 0.247420 0.934916
v 0.186669 0.265080 0.940524
v 0.191126 0.268569 0.934916
v 0.186669 0.265080 -0.940524
v 0.191126 0.268569 -0.934916
v 0.168030 0.283194 -0.940524
v 0.171520 0.287621 -0.934916
v 0.202023 0.224987 -0.940524
v 0.207731 0.224987 -0.934916
v 0.198147 0.245427 -0.940524
v 0.203477 0.247420 -0.934916
v 0.145561 0.145924 -0.934916
v 0.142945 0.150905 -0.940524
v 0.136673 0.142135 -0.934916
v 0.136673 0.148231 -0.940524
v 0.136673 0.301743 -0.940524
v 0.136673 0.307839 -0.934916
v 0.142945 0.299070 -0.940524
v 0.145561 0.304051 -0.934916
v 0.168030 0.166781 -0.940524
v 0.171520 0.162354 -0.934916
v 0.198147 0.204548 -0.940524
v 0.203477 0.202554 -0.934916
v 0.186669 0.184894 -0.940524
v 0.191126 0.181405 -0.934916
v 0.131308 0.145944 -0.940540
v 0.131308 0.139848 -0.934932
v 0.131308 0.310127 -0.934932
v 0.131308 0.304030 -0.940540
v -0.130990 0.139983 0.999992
v -0.130990 0.146079 0.994384
v -0.130990 0.303895 0.994384
v -0.130990 0.309991 0.999992
v 0.130990 0.145809 0.994384
v 0.130990 0.139712 0.999992
v 0.130990 0.310262 0.999992
v 0.130990 0.304166 0.994384
v -0.130672 0.145944 0.940540
v -0.130672 0.139848 0.934932
v -0.130672 0.310127 0.934932
v -0.130672 0.304031 0.940540
v 0.131308 0.139848 0.934932
v 0.131308 0.145944 0.940540
v 0.131308 0.304031 0.940540
v 0.131308 0.310127 0.934932
v -0.130990 0.146079 -0.994384
v -0.130990 0.139983 -0.999992
v -0.130990 0.309991 -0.999992
v -0.130990 0.303895 -0.994384
v -0.097406 0.133895 -0.979504
v -0.113601 0.132571 -0.999992
v -0.076872 0.128194 -0.979504
v -0.078062 0.122704 -0.999992
v -0.097406 0.316080 -0.979504
v -0.113601 0.317403 -0.999992
v -0.039033 0.327743 -0.979504
v -0.039614 0.333328 -0.999992
v 0.039669 0.327743 -0.979504
v 0.040250 0.333328 -0.999992
v 0.000318 0.329756 -0.979504
v 0.000318 0.335371 -0.999992
v -0.076872 0.321781 -0.979504
v -0.078062 0.327270 -0.999992
v -0.039033 0.122232 -0.979504
v -0.039614 0.116646 -0.999992
v 0.039669 0.122232 -0.979504
v 0.040250 0.116646 -0.999992
v 0.000318 0.120219 -0.979504
v 0.000318 0.114603 -0.999992
v 0.077507 0.128194 -0.979504
v 0.078697 0.122704 -0.999992
v 0.130990 0.139712 -0.999992
v 0.130990 0.145808 -0.994384
v 0.130990 0.304166 -0.994384
v 0.130990 0.310262 -0.999992
v 0.098042 0.316080 -0.979504
v 0.114237 0.317403 -0.999992
v 0.098042 0.133895 -0.979504
v 0.114237 0.132571 -0.999992
v 0.077507 0.321781 -0.979504
v 0.078697 0.327270 -0.999992
v -0.039033 0.327743 0.979504
v -0.039614 0.333328 0.999992
v 0.039669 0.327743 0.979504
v 0.040250 0.333328 0.999992
v 0.000318 0.329756 0.979504
v 0.000318 0.335371 0.999992
v 0.098042 0.133895 0.979504
v 0.114237 0.132571 0.999992
v 0.077507 0.321781 0.979504
v 0.078697 0.327270 0.999992
v 0.114237 0.317403 0.999992
v 0.098042 0.316080 0.979504
v 0.077507 0.128194 0.979504
v 0.078697 0.122704 0.999992
v -0.076872 0.128194 0.979504
v -0.078062 0.122704 0.999992
v -0.097406 0.316080 0.979504
v -0.113601 0.317403 0.999992
v -0.113601 0.132571 0.999992
v -0.097406 0.133895 0.979504
v -0.039033 0.122232 0.979504
v -0.039614 0.116646 0.999992
v 0.000318 0.120219 0.979504
v 0.000318 0.114603 0.999992
v 0.039669 0.122232 0.979504
v 0.040250 0.116646 0.999992
v -0.076872 0.321781 0.979504
v -0.078062 0.327270 0.999992
v -0.039033 0.122232 0.955420
v -0.039614 0.116646 0.934932
v -0.076872 0.128194 0.955420
v -0.078062 0.122704 0.934932
v 0.000318 0.120219 0.955420
v 0.000318 0.114603 0.934932
v 0.114237 0.132571 0.934932
v 0.098042 0.133895 0.955420
v 0.077507 0.128194 0.955420
v 0.078697 0.122704 0.934932
v 0.098042 0.316080 0.955420
v 0.114237 0.317403 0.934932
v 0.039669 0.122232 0.955420
v 0.040250 0.116646 0.934932
v -0.097406 0.316080 0.955420
v -0.113601 0.317403 0.934932
v -0.097406 0.133895 0.955420
v -0.113601 0.132571 0.934932
v 0.077507 0.321781 0.955420
v 0.078697 0.327270 0.934932
v 0.039669 0.327743 0.955420
v 0.040250 0.333328 0.934932
v 0.000318 0.329756 0.955420
v 0.000318 0.335371 0.934932
v -0.039033 0.327743 0.955420
v -0.039614 0.333328 0.934932
v -0.076872 0.321781 0.955420
v -0.078062 0.327270 0.934932
v -0.076872 0.321781 -0.955420
v -0.078062 0.327270 -0.934932
v -0.039033 0.327743 -0.955420
v -0.039614 0.333328 -0.934932
v 0.000318 0.329756 -0.955420
v 0.000318 0.335371 -0.934932
v 0.077507 0.321781 -0.955420
v 0.078697 0.327270 -0.934932
v 0.114237 0.317403 -0.934932
v 0.098042 0.316080 -0.955420
v 0.098042 0.133895 -0.955420
v 0.114237 0.132571 -0.934932
v 0.039669 0.327743 -0.955420
v 0.040250 0.333328 -0.934932
v -0.130672 0.139848 -0.934932
v -0.130672 0.145944 -0.940540
v -0.130672 0.304030 -0.940540
v -0.130672 0.310127 -0.934932
v -0.113601 0.132571 -0.934932
v -0.097406 0.133895 -0.955420
v -0.097406 0.316080 -0.955420
v -0.113601 0.317403 -0.934932
v 0.077507 0.128194 -0.955420
v 0.078697 0.122704 -0.934932
v 0.039669 0.122232 -0.955420
v 0.040250 0.116646 -0.934932
v 0.000318 0.120219 -0.955420
v 0.000318 0.114603 -0.934932
v -0.039033 0.122232 -0.955420
v -0.039614 0.116646 -0.934932
v -0.076872 0.128194 -0.955420
v -0.078062 0.122704 -0.934932
v 0.112379 0.312099 -0.994384
v 0.077507 0.321781 -0.994384
v 0.039669 0.327743 -0.994384
v 0.000318 0.329756 -0.994384
v -0.039033 0.327743 -0.994384
v -0.076872 0.321781 -0.994384
v -0.111744 0.312099 -0.994384
v -0.111744 0.137875 -0.994384
v -0.076872 0.128194 -0.994384
v -0.039033 0.122232 -0.994384
v 0.000318 0.120219 -0.994384
v 0.039669 0.122232 -0.994384
v 0.077507 0.128194 -0.994384
v 0.112379 0.137875 -0.994384
v -0.111744 0.312099 0.994384
v -0.076872 0.321781 0.994384
v -0.039033 0.327743 0.994384
v 0.000318 0.329756 0.994384
v 0.039669 0.327743 0.994384
v 0.077507 0.321781 0.994384
v 0.112379 0.312099 0.994384
v 0.112379 0.137875 0.994384
v 0.077507 0.128194 0.994384
v 0.039669 0.122232 0.994384
v 0.000318 0.120219 0.994384
v -0.039033 0.122232 0.994384
v -0.076872 0.128194 0.994384
v -0.111744 0.137875 0.994384
v -0.111744 0.137875 0.940540
v -0.076872 0.128194 0.940540
v -0.039033 0.122232 0.940540
v 0.000318 0.120219 0.940540
v 0.039669 0.122232 0.940540
v 0.077507 0.128194 0.940540
v 0.112379 0.137875 0.940540
v 0.112379 0.312099 0.940540
v 0.077507 0.321781 0.940540
v 0.039669 0.327743 0.940540
v 0.000318 0.329756 0.940540
v -0.039033 0.327743 0.940540
v -0.076872 0.321781 0.940540
v -0.111744 0.312099 0.940540
v -0.111744 0.312099 -0.940540
v -0.076872 0.321781 -0.940540
v -0.039033 0.327743 -0.940540
v 0.000318 0.329756 -0.940540
v 0.039669 0.327743 -0.940540
v 0.077507 0.321781 -0.940540
v 0.112379 0.312099 -0.940540
v 0.112379 0.137875 -0.940540
v 0.077507 0.128194 -0.940540
v 0.039669 0.122232 -0.940540
v 0.000318 0.120219 -0.940540
v -0.039033 0.122232 -0.940540
v -0.076872 0.128194 -0.940540
v -0.111744 0.137875 -0.940540
v -0.077349 0.125993 -0.955420
v -0.077349 0.125993 -0.976550
v -0.039266 0.119992 -0.955420
v -0.039266 0.119992 -0.976550
v -0.077349 0.323982 -0.976550
v -0.077349 0.323982 -0.958374
v -0.039266 0.329983 -0.958374
v -0.039266 0.329983 -0.976550
v 0.000318 0.332008 -0.979504
v 0.000318 0.332008 -0.955420
v 0.039902 0.329983 -0.955420
v 0.039902 0.329983 -0.979504
v 0.077984 0.323982 -0.979504
v 0.077984 0.323982 -0.955420
v 0.000318 0.117967 -0.955420
v 0.000318 0.117967 -0.976550
v 0.039902 0.119992 -0.955420
v 0.039902 0.119992 -0.976550
v 0.077984 0.125993 -0.955420
v 0.077984 0.125993 -0.976550
v -0.039266 0.329983 0.958374
v -0.039266 0.329983 0.979504
v -0.077349 0.323982 0.979504
v -0.077349 0.323982 0.958374
v 0.000318 0.332008 0.958374
v 0.000318 0.332008 0.979504
v 0.039902 0.329983 0.958374
v 0.039902 0.329983 0.979504
v 0.077984 0.323982 0.958374
v 0.077984 0.323982 0.979504
v 0.077984 0.125993 0.955420
v 0.077984 0.125993 0.979504
v 0.039902 0.119992 0.955420
v 0.039902 0.119992 0.979504
v -0.077349 0.125993 0.955420
v -0.077349 0.125993 0.979504
v -0.039266 0.119992 0.979504
v -0.039266 0.119992 0.955420
v 0.000318 0.117967 0.979504
v 0.000318 0.117967 0.955420
v 0.095798 0.319039 -0.976550
v -0.095162 0.319039 -0.976550
v -0.095162 0.130935 -0.976550
v 0.095798 0.130935 -0.976550
v -0.095162 0.319040 0.976550
v 0.095798 0.319040 0.976550
v 0.095798 0.130935 0.976550
v -0.095162 0.130935 0.976550
v -0.095162 0.130935 0.958374
v 0.095798 0.130935 0.958374
v 0.095798 0.319040 0.958374
v -0.095162 0.319040 0.958374
v -0.095162 0.319039 -0.958374
v 0.095798 0.319039 -0.958374
v 0.095798 0.130935 -0.958374
v -0.095162 0.130935 -0.958374
v 0.098644 0.318250 -0.979504
v 0.077984 0.323982 -0.976550
v 0.039902 0.329983 -0.976550
v 0.000318 0.332008 -0.976550
v -0.039266 0.329983 -0.979504
v -0.077349 0.323982 -0.979504
v -0.098009 0.318250 -0.979504
v -0.098009 0.131725 -0.979504
v -0.077349 0.125993 -0.979504
v -0.039266 0.119992 -0.979504
v 0.000318 0.117967 -0.979504
v 0.039902 0.119992 -0.979504
v 0.077984 0.125993 -0.979504
v 0.098644 0.131725 -0.979504
v -0.098009 0.318250 0.979504
v -0.077349 0.323982 0.976550
v -0.039266 0.329983 0.976550
v 0.000318 0.332008 0.976550
v 0.039902 0.329983 0.976550
v 0.077984 0.323982 0.976550
v 0.098644 0.318250 0.979504
v 0.098644 0.131725 0.979504
v 0.077984 0.125993 0.976550
v 0.039902 0.119992 0.976550
v 0.000318 0.117967 0.976550
v -0.039266 0.119992 0.976550
v -0.077349 0.125993 0.976550
v -0.098009 0.131725 0.979504
v -0.098009 0.131725 0.955420
v -0.077349 0.125993 0.958374
v -0.039266 0.119992 0.958374
v 0.000318 0.117967 0.958374
v 0.039902 0.119992 0.958374
v 0.077984 0.125993 0.958374
v 0.098644 0.131725 0.955420
v 0.098644 0.318250 0.955420
v 0.077984 0.323982 0.955420
v 0.039902 0.329983 0.955420
v 0.000318 0.332008 0.955420
v -0.039266 0.329983 0.955420
v -0.077349 0.323982 0.955420
v -0.098009 0.318250 0.955420
v -0.098009 0.318250 -0.955420
v -0.077349 0.323982 -0.955420
v -0.039266 0.329983 -0.955420
v 0.000318 0.332008 -0.958374
v 0.039902 0.329983 -0.958374
v 0.077984 0.323982 -0.958374
v 0.098644 0.318250 -0.955420
v 0.098644 0.131725 -0.955420
v 0.077984 0.125993 -0.958374
v 0.039902 0.119992 -0.958374
v 0.000318 0.117967 -0.958374
v -0.039266 0.119992 -0.958374
v -0.077349 0.125993 -0.958374
v -0.098009 0.131725 -0.955420
v -0.077587 0.124892 -0.958374
v -0.077587 0.124892 -0.976550
v -0.039383 0.118872 -0.958374
v -0.039383 0.118872 -0.976550
v -0.077587 0.325082 -0.976550
v -0.077587 0.325082 -0.958374
v -0.039383 0.331103 -0.958374
v -0.039383 0.331103 -0.976550
v 0.000318 0.333134 -0.976550
v 0.000318 0.333134 -0.958374
v 0.040018 0.331103 -0.958374
v 0.040018 0.331103 -0.976550
v 0.078223 0.325082 -0.976550
v 0.078223 0.325082 -0.958374
v 0.000318 0.116841 -0.958374
v 0.000318 0.116841 -0.976550
v 0.040018 0.118872 -0.958374
v 0.040018 0.118872 -0.976550
v 0.078223 0.124892 -0.958374
v 0.078223 0.124892 -0.976550
v -0.039383 0.331103 0.958374
v -0.039383 0.331103 0.976550
v -0.077587 0.325082 0.976550
v -0.077587 0.325082 0.958374
v 0.000318 0.333134 0.958374
v 0.000318 0.333134 0.976550
v 0.040018 0.331103 0.958374
v 0.040018 0.331103 0.976550
v 0.078223 0.325082 0.958374
v 0.078223 0.325082 0.976550
v 0.078223 0.124892 0.958374
v 0.078223 0.124892 0.976550
v 0.040018 0.118872 0.958374
v 0.040018 0.118872 0.976550
v -0.077587 0.124892 0.958374
v -0.077587 0.124892 0.976550
v -0.039383 0.118872 0.976550
v -0.039383 0.118872 0.958374
v 0.000318 0.116841 0.976550
v 0.000318 0.116841 0.958374
v 0.096099 0.320124 -0.976550
v -0.095463 0.320124 -0.976550
v -0.095463 0.129850 -0.976550
v 0.096099 0.129850 -0.976550
v -0.095463 0.320125 0.976550
v 0.096099 0.320125 0.976550
v 0.096099 0.129850 0.976550
v -0.095463 0.129850 0.976550
v -0.095463 0.129850 0.958374
v 0.096099 0.129850 0.958374
v 0.096099 0.320125 0.958374
v -0.095463 0.320125 0.958374
v -0.095463 0.320124 -0.958374
v 0.096099 0.320124 -0.958374
v 0.096099 0.129850 -0.958374
v -0.095463 0.129850 -0.958374
vn -0.0000 1.0000 -0.0000
vn -1.0000 -0.0000 -0.0000
vn -0.0000 -0.8660 0.5000
vn 0.3488 -0.8140 0.4644
vn 0.3500 -0.4628 0.8145
vn -0.0000 -0.5000 0.8660
vn -0.0000 -1.0000 -0.0000
vn -0.0000 0.8660 -0.5000
vn 0.3488 0.8140 -0.4644
vn 0.3500 0.4628 -0.8145
vn -0.0000 0.5000 -0.8660
vn -0.0000 0.5000 0.8660
vn -0.4451 0.4252 0.7881
vn -0.4482 0.7851 0.4275
vn -0.0000 0.8660 0.5000
vn 1.0000 -0.0000 -0.0000
vn -0.0000 -0.0000 -1.0000
vn -0.0000 0.9659 -0.2588
vn -0.2656 0.9304 -0.2527
vn -0.4482 0.7851 -0.4275
vn -0.0000 -0.0000 1.0000
vn -0.4451 0.4252 -0.7881
vn -0.2635 0.2508 -0.9315
vn -0.0000 0.2588 -0.9659
vn -0.0000 -0.8660 -0.5000
vn -0.4482 -0.7851 -0.4275
vn -0.2656 -0.9304 -0.2527
vn -0.0000 -0.9659 -0.2588
vn -0.0000 -0.5000 -0.8660
vn -0.4451 -0.4252 -0.7881
vn -0.2656 0.9304 0.2527
vn -0.0000 0.9659 0.2588
vn 0.7227 -0.5657 0.3971
vn 0.8577 -0.3209 0.4018
vn 0.8577 -0.3209 -0.4018
vn 0.7227 -0.5657 -0.3971
vn -0.4451 -0.4252 0.7881
vn -0.2635 -0.2508 0.9315
vn -0.0000 -0.2588 0.9659
vn -0.4482 -0.7851 0.4275
vn -0.0000 -0.9659 0.2588
vn 0.3012 -0.9205 0.2489
vn -0.3500 0.4628 0.8145
vn -0.3026 0.2473 0.9205
vn -0.0000 0.2588 0.9659
vn -0.3488 0.8140 0.4644
vn 0.3012 0.9205 -0.2489
vn -0.5693 0.7220 0.3932
vn -0.5693 0.7220 -0.3932
vn -0.4280 0.8150 -0.3906
vn -0.4280 0.8150 0.3906
vn -0.3500 -0.4628 -0.8145
vn -0.3026 -0.2473 -0.9205
vn -0.0000 -0.2588 -0.9659
vn -0.3488 -0.8140 -0.4644
vn -0.3012 -0.9205 -0.2489
vn 0.3026 0.2473 -0.9205
vn 0.3026 -0.2473 0.9205
vn -0.3012 0.9205 0.2489
vn -0.2656 -0.9304 0.2527
vn -0.2635 0.2508 0.9315
vn -0.2635 -0.2508 -0.9315
vn -0.7364 -0.6765 -0.0000
vn -0.7364 0.6765 -0.0000
vn 0.7364 -0.6765 -0.0000
vn 0.7364 0.6765 -0.0000
vn -0.5608 0.8279 -0.0000
vn -0.5608 -0.8279 -0.0000
vn 0.5608 0.8279 -0.0000
vn 0.5608 -0.8279 -0.0000
vn -0.7745 0.3422 -0.5321
vn -0.7133 0.1845 -0.6761
vn -0.7765 0.5281 -0.3438
vn -0.7205 0.6674 -0.1882
vn -0.7765 -0.5281 -0.3438
vn -0.7205 -0.6674 -0.1882
vn -0.7745 -0.3422 -0.5321
vn -0.7133 -0.1845 -0.6761
vn -0.7765 0.5281 0.3438
vn -0.7205 0.6674 0.1882
vn -0.7745 0.3422 0.5321
vn -0.7133 0.1845 0.6761
vn -0.7745 -0.3422 0.5321
vn -0.7133 -0.1845 0.6761
vn -0.7765 -0.5281 0.3438
vn -0.7205 -0.6674 0.1882
vn 0.2656 0.9304 -0.2527
vn 0.4482 0.7851 -0.4275
vn 0.7765 0.5281 -0.3438
vn 0.7205 0.6674 -0.1882
vn 0.4451 0.4252 -0.7881
vn 0.7745 0.3422 -0.5321
vn 0.2635 0.2508 -0.9315
vn 0.7133 0.1845 -0.6761
vn 0.2635 -0.2508 -0.9315
vn 0.4451 -0.4252 -0.7881
vn 0.7745 -0.3422 -0.5321
vn 0.7133 -0.1845 -0.6761
vn 0.4482 -0.7851 -0.4275
vn 0.7765 -0.5281 -0.3438
vn 0.2656 -0.9304 -0.2527
vn 0.7205 -0.6674 -0.1882
vn 0.2635 0.2508 0.9315
vn 0.4451 0.4252 0.7881
vn 0.7745 0.3422 0.5321
vn 0.7133 0.1845 0.6761
vn 0.4482 0.7851 0.4275
vn 0.7765 0.5281 0.3438
vn 0.2656 0.9304 0.2527
vn 0.7205 0.6674 0.1882
vn 0.2656 -0.9304 0.2527
vn 0.4482 -0.7851 0.4275
vn 0.7765 -0.5281 0.3438
vn 0.7205 -0.6674 0.1882
vn 0.4451 -0.4252 0.7881
vn 0.7745 -0.3422 0.5321
vn 0.2635 -0.2508 0.9315
vn 0.7133 -0.1845 0.6761
vn -0.3012 -0.9205 0.2489
vn -0.3488 -0.8140 0.4644
vn -0.6818 -0.6222 0.3847
vn -0.6863 -0.7012 0.1931
vn -0.3500 -0.4628 0.8145
vn -0.6836 -0.3798 0.6232
vn -0.3026 -0.2473 0.9205
vn -0.6899 -0.1888 0.6988
vn -0.6836 0.3798 0.6232
vn -0.6899 0.1888 0.6988
vn -0.6818 0.6222 0.3847
vn -0.6863 0.7012 0.1931
vn -0.3012 0.9205 -0.2489
vn -0.3488 0.8140 -0.4644
vn -0.6818 0.6222 -0.3847
vn -0.6863 0.7012 -0.1931
vn -0.3500 0.4628 -0.8145
vn -0.6836 0.3798 -0.6232
vn -0.3026 0.2473 -0.9205
vn -0.6899 0.1888 -0.6988
vn -0.6836 -0.3798 -0.6232
vn -0.6899 -0.1888 -0.6988
vn -0.6818 -0.6222 -0.3847
vn -0.6863 -0.7012 -0.1931
vn 0.6836 0.3798 -0.6232
vn 0.6899 0.1888 -0.6988
vn 0.6818 0.6222 -0.3847
vn 0.6863 0.7012 -0.1931
vn 0.3012 -0.9205 -0.2489
vn 0.3488 -0.8140 -0.4644
vn 0.6818 -0.6222 -0.3847
vn 0.6863 -0.7012 -0.1931
vn 0.3500 -0.4628 -0.8145
vn 0.6836 -0.3798 -0.6232
vn 0.3026 -0.2473 -0.9205
vn 0.6899 -0.1888 -0.6988
vn 0.3012 0.9205 0.2489
vn 0.3488 0.8140 0.4644
vn 0.6818 0.6222 0.3847
vn 0.6863 0.7012 0.1931
vn 0.3500 0.4628 0.8145
vn 0.6836 0.3798 0.6232
vn 0.3026 0.2473 0.9205
vn 0.6899 0.1888 0.6988
vn 0.6836 -0.3798 0.6232
vn 0.6899 -0.1888 0.6988
vn 0.6818 -0.6222 0.3847
vn 0.6863 -0.7012 0.1931
vn 0.5542 0.8324 -0.0013
vn -0.5542 0.8324 -0.0013
vn -0.7375 -0.6754 0.0002
vn 0.5386 -0.0000 -0.8425
vn -0.5386 -0.0000 -0.8425
vn -0.7426 -0.0000 0.6697
vn -0.5542 -0.8324 -0.0013
vn -0.7375 0.6754 0.0002
vn 0.5542 -0.8324 -0.0013
vn 0.5542 0.8324 0.0013
vn -0.5542 0.8324 0.0013
vn -0.7375 -0.6754 -0.0002
vn 0.5386 -0.0000 0.8425
vn -0.5386 -0.0000 0.8425
vn -0.7426 -0.0000 -0.6697
vn 0.5542 -0.8324 0.0013
vn -0.5542 -0.8324 0.0013
vn -0.7375 0.6754 -0.0002
vn 0.7426 -0.0000 0.6697
vn 0.7375 -0.6754 0.0002
vn 0.7375 0.6754 0.0002
vn 0.7426 -0.0000 -0.6697
vn 0.7375 -0.6754 -0.0002
vn 0.7375 0.6754 -0.0002
vn -0.8577 -0.3209 -0.4018
vn -0.8577 -0.3209 0.4018
vn -0.7227 -0.5657 0.3971
vn -0.7227 -0.5657 -0.3971
vn 0.3921 0.9199 -0.0000
vn 0.3683 0.8641 0.3430
vn 0.3045 0.8695 0.3890
vn 0.3045 0.8695 -0.3890
vn 0.3683 0.8641 -0.3430
vn -0.3921 -0.9199 -0.0000
vn -0.3683 -0.8641 0.3430
vn -0.3045 -0.8695 0.3890
vn -0.3045 -0.8695 -0.3890
vn -0.3683 -0.8641 -0.3430
vn -0.5693 -0.7220 0.3932
vn -0.5693 -0.7220 -0.3932
vn -0.3568 -0.8369 -0.4151
vn -0.4280 -0.8150 -0.3906
vn -0.4280 -0.8150 0.3906
vn -0.3568 -0.8369 0.4151
vn -0.3921 0.9199 -0.0000
vn -0.3683 0.8641 -0.3430
vn -0.3045 0.8695 -0.3890
vn -0.3045 0.8695 0.3890
vn -0.3683 0.8641 0.3430
vn 0.9147 -0.0000 0.4041
vn 0.8577 0.3209 0.4018
vn 0.8577 0.3209 -0.4018
vn 0.9147 -0.0000 -0.4041
vn 0.3568 0.8369 -0.4151
vn 0.4280 0.8150 -0.3906
vn 0.4280 0.8150 0.3906
vn 0.3568 0.8369 0.4151
vn -0.7227 0.5657 -0.3971
vn -0.7227 0.5657 0.3971
vn -0.8577 0.3209 0.4018
vn -0.8577 0.3209 -0.4018
vn 0.3568 -0.8369 0.4151
vn 0.4280 -0.8150 0.3906
vn 0.4280 -0.8150 -0.3906
vn 0.3568 -0.8369 -0.4151
vn 0.3921 -0.9199 -0.0000
vn 0.5693 -0.7220 0.3932
vn 0.5693 -0.7220 -0.3932
vn -0.0000 0.9684 0.2494
vn -0.0000 -0.2494 0.9684
vn -0.0000 0.2494 -0.9684
vn -0.0000 -0.9684 -0.2494
vn -0.0000 -0.7071 -0.7071
vn -0.0000 -0.2494 -0.9684
vn -0.0000 0.9684 -0.2494
vn -0.0000 0.7071 0.7071
vn -0.0000 0.2494 0.9684
vn -0.0000 -0.9684 0.2494
vn -0.0000 -1.0000 -0.0003
vn -0.0000 1.0000 0.0003
vn -0.0000 0.7071 -0.7071
vn -0.0000 -1.0000 0.0003
vn -0.0000 -0.7071 0.7071
vn -0.0000 1.0000 -0.0003
vn -1.0000 -0.0000 -0.0063
vn -0.0000 -0.2661 -0.9640
vn -0.0000 0.2661 0.9640
vn -0.0000 -0.9640 0.2661
vn -0.0000 -0.2661 0.9640
vn -0.0000 0.9640 0.2661
vn -0.0000 -0.9640 -0.2661
vn -0.0000 0.2661 -0.9640
vn -0.0000 0.9640 -0.2661
vn -0.0000 -1.0000 -0.0004
vn -0.0000 1.0000 0.0004
vn -0.0000 -1.0000 0.0004
vn -0.0000 1.0000 -0.0004
vn -0.0000 0.9661 0.2582
vn -0.0000 0.8662 0.4997
vn -0.0000 -0.4997 0.8662
vn -0.0000 -0.2582 0.9661
vn -0.0000 0.4997 -0.8662
vn -0.0000 0.2582 -0.9661
vn -0.0000 -0.9661 -0.2582
vn -0.0000 -0.8662 -0.4997
vn -0.0000 -0.4997 -0.8662
vn -0.0000 -0.2582 -0.9661
vn 0.3683 -0.8641 -0.3430
vn 0.3045 -0.8695 -0.3890
vn 0.3045 -0.8695 0.3890
vn 0.3683 -0.8641 0.3430
vn -0.0000 0.9661 -0.2582
vn -0.0000 0.8662 -0.4997
vn -0.0000 0.4997 0.8662
vn -0.0000 0.2582 0.9661
vn -0.0000 -0.9661 0.2582
vn -0.0000 -0.8662 0.4997
vn -0.0000 -0.2584 -0.9660
vn -0.0000 -0.4998 -0.8661
vn -0.0000 0.2584 0.9660
vn -0.0000 0.4998 0.8661
vn -0.0000 -0.9661 0.2584
vn -0.0000 -0.8661 0.4998
vn -0.0000 -0.4998 0.8661
vn -0.0000 -0.2584 0.9660
vn -0.0000 0.8661 0.4998
vn -0.0000 0.9661 0.2584
vn -0.0000 -0.8661 -0.4998
vn -0.0000 -0.9661 -0.2584
vn -0.0000 0.8661 -0.4998
vn -0.0000 0.4998 -0.8661
vn -0.0000 0.2584 -0.9660
vn -0.0000 0.9661 -0.2584
vn -0.9147 -0.0000 -0.4041
vn -0.9147 -0.0000 0.4041
vn -0.3568 0.8369 -0.4151
vn -0.3568 0.8369 0.4151
vn 0.5693 0.7220 -0.3932
vn 0.5693 0.7220 0.3932
vn 0.7227 0.5657 0.3971
vn 0.7227 0.5657 -0.3971
vn 1.0000 -0.0000 0.0063
vn -1.0000 -0.0000 0.0063
vn 1.0000 -0.0000 -0.0063
vn 0.2773 -0.6505 0.7071
vn 0.3283 -0.6250 0.7083
vn 0.3283 0.6250 0.7083
vn 0.2773 0.6505 0.7071
vn 0.4366 0.5538 0.7090
vn 0.5542 0.4338 0.7104
vn 0.6574 0.2459 0.7123
vn 0.7008 -0.0000 0.7133
vn 0.6574 -0.2459 0.7123
vn 0.5542 -0.4338 0.7104
vn 0.4366 -0.5538 0.7090
vn -0.3283 0.6250 -0.7083
vn -0.2773 0.6505 -0.7071
vn -0.4366 0.5538 -0.7090
vn -0.5542 0.4338 -0.7104
vn -0.6574 0.2459 -0.7123
vn -0.7008 -0.0000 -0.7133
vn -0.6574 -0.2459 -0.7123
vn -0.5542 -0.4338 -0.7104
vn -0.4366 -0.5538 -0.7090
vn -0.3283 -0.6250 -0.7083
vn -0.2773 -0.6505 -0.7071
vn 0.2773 0.6505 -0.7071
vn 0.3283 0.6250 -0.7083
vn 0.3283 -0.6250 -0.7083
vn 0.2773 -0.6505 -0.7071
vn 0.4366 -0.5538 -0.7090
vn 0.5542 -0.4338 -0.7104
vn 0.6574 -0.2459 -0.7123
vn 0.7008 -0.0000 -0.7133
vn 0.6574 0.2459 -0.7123
vn 0.5542 0.4338 -0.7104
vn 0.4366 0.5538 -0.7090
vn -0.2773 0.6505 0.7071
vn -0.3283 0.6250 0.7083
vn -0.3283 -0.6250 0.7083
vn -0.2773 -0.6505 0.7071
vn -0.4366 -0.5538 0.7090
vn -0.5542 -0.4338 0.7104
vn -0.6574 -0.2459 0.7123
vn -0.7008 -0.0000 0.7133
vn -0.6574 0.2459 0.7123
vn -0.5542 0.4338 0.7104
vn -0.4366 0.5538 0.7090
vn -0.2335 -0.6666 -0.7079
vn -0.1953 -0.9007 -0.3881
vn -0.1497 -0.6905 -0.7077
vn -0.0731 -0.7028 -0.7076
vn -0.0954 -0.9169 -0.3876
vn -0.0000 -0.9219 -0.3875
vn -0.0000 -0.7066 -0.7076
vn 0.0731 -0.7028 -0.7076
vn 0.0954 -0.9169 -0.3876
vn 0.1953 -0.9007 -0.3881
vn 0.1497 -0.6905 -0.7077
vn 0.2335 -0.6666 -0.7079
vn 0.2335 0.6666 -0.7079
vn 0.1953 0.9007 -0.3881
vn 0.1497 0.6905 -0.7077
vn 0.0954 0.9169 -0.3876
vn 0.0731 0.7028 -0.7076
vn -0.0000 0.9219 -0.3875
vn -0.0000 0.7066 -0.7076
vn -0.0731 0.7028 -0.7076
vn -0.0954 0.9169 -0.3876
vn -0.1953 0.9007 -0.3881
vn -0.1497 0.6905 -0.7077
vn -0.2335 0.6666 -0.7079
vn -0.2335 -0.6666 0.7079
vn 0.2335 -0.6666 0.7079
vn 0.1953 -0.9007 0.3881
vn 0.1497 -0.6905 0.7077
vn 0.0731 -0.7028 0.7076
vn 0.0954 -0.9169 0.3876
vn -0.0000 -0.9219 0.3875
vn -0.0000 -0.7066 0.7076
vn -0.0731 -0.7028 0.7076
vn -0.0954 -0.9169 0.3876
vn -0.1953 -0.9007 0.3881
vn -0.1497 -0.6905 0.7077
vn 0.2335 0.6666 0.7079
vn -0.2335 0.6666 0.7079
vn -0.1953 0.9007 0.3881
vn -0.1497 0.6905 0.7077
vn -0.0954 0.9169 0.3876
vn -0.0731 0.7028 0.7076
vn -0.0000 0.7066 0.7076
vn -0.0000 0.9219 0.3875
vn 0.0731 0.7028 0.7076
vn 0.0954 0.9169 0.3876
vn 0.1497 0.6905 0.7077
vn 0.1953 0.9007 0.3881
vn -0.2675 -0.9636 -0.0000
vn -0.2119 -0.9773 -0.0000
vn -0.1035 -0.9946 -0.0000
vn 0.1035 -0.9946 -0.0000
vn 0.2119 -0.9773 -0.0000
vn 0.2675 -0.9636 -0.0000
vn 0.2675 0.9636 -0.0000
vn 0.2119 0.9773 -0.0000
vn 0.1035 0.9946 -0.0000
vn -0.1035 0.9946 -0.0000
vn -0.2119 0.9773 -0.0000
vn -0.2675 0.9636 -0.0000
vn -0.0000 -0.0001 1.0000
vn -0.0000 0.0001 1.0000
vn 0.9636 0.2674 -0.0000
vn 0.9636 -0.2674 -0.0000
vn -0.9636 -0.2675 -0.0000
vn -0.9636 0.2675 -0.0000
vn 0.9636 -0.2675 -0.0000
vn 0.9636 0.2675 -0.0000
vn -0.2673 -0.9636 -0.0000
vn -0.1557 -0.9878 -0.0000
vn -0.0511 -0.9987 -0.0000
vn 0.0511 -0.9987 -0.0000
vn 0.1557 -0.9878 -0.0000
vn 0.2673 -0.9636 -0.0000
vn 0.2673 0.9636 -0.0000
vn 0.1557 0.9878 -0.0000
vn 0.0511 0.9987 -0.0000
vn -0.0511 0.9987 -0.0000
vn -0.1557 0.9878 -0.0000
vn -0.2673 0.9636 -0.0000
vn 0.2674 -0.9636 -0.0000
vn -0.2674 -0.9636 -0.0000
vn -0.2674 0.9636 -0.0000
vn 0.2674 0.9636 -0.0000
vn -0.2118 -0.9773 -0.0000
vn -0.2118 0.9773 -0.0000
vn 0.2118 -0.9773 -0.0000
vn 0.2118 0.9773 -0.0000
vn -0.0000 0.0001 -1.0000
vn -0.0000 -0.0001 -1.0000
vn -0.9636 -0.2674 -0.0000
vn -0.9636 0.2674 -0.0000
vn 0.9636 -0.2673 -0.0000
vn 0.9636 0.2673 -0.0000
vn -0.9636 -0.2673 -0.0000
vn -0.9636 0.2673 -0.0000
vt 0.411158 0.269978
vt 0.411158 0.284613
vt 0.411158 0.103838
vt 0.411158 0.059934
vt 0.788882 0.666667
vt 0.866212 0.666667
vt 0.866212 0.735631
vt 0.788882 0.735631
vt 0.613309 0.166667
vt 0.613233 0.238561
vt 0.608100 0.239839
vt 0.605742 0.238421
vt 0.595841 0.224049
vt 0.596118 0.166667
vt 0.418480 0.017611
vt 0.411483 0.017645
vt 0.394258 0.011579
vt 0.288593 0.742815
vt 0.366212 0.742815
vt 0.366212 0.750000
vt 0.288593 0.750000
vt 0.288593 0.514369
vt 0.366212 0.514369
vt 0.366212 0.583333
vt 0.288593 0.583333
vt 0.625000 0.413593
vt 0.625000 0.491212
vt 0.613050 0.491212
vt 0.613050 0.413593
vt 0.788882 0.514369
vt 0.866212 0.514369
vt 0.866212 0.583333
vt 0.788882 0.583333
vt 0.288593 0.666667
vt 0.366212 0.666667
vt 0.366212 0.735631
vt 0.288593 0.735631
vt 0.588842 0.325072
vt 0.588842 0.310438
vt 0.588842 0.181313
vt 0.588842 0.225217
vt 0.423108 0.329525
vt 0.423108 0.238576
vt 0.411158 0.231897
vt 0.411158 0.327299
vt 0.411158 0.310438
vt 0.411158 0.325072
vt 0.411158 0.225217
vt 0.411158 0.181313
vt 0.403882 0.083333
vt 0.403882 0.166667
vt 0.386691 0.166667
vt 0.386691 0.083333
vt 0.581520 0.017611
vt 0.391900 0.010161
vt 0.393967 0.007160
vt 0.606033 0.007160
vt 0.608100 0.010161
vt 0.605742 0.011579
vt 0.588842 0.284613
vt 0.588842 0.103838
vt 0.404318 0.728096
vt 0.404348 0.731205
vt 0.394258 0.738421
vt 0.403882 0.583333
vt 0.403882 0.666667
vt 0.386691 0.666667
vt 0.386691 0.583333
vt 0.600546 0.083776
vt 0.608881 0.083776
vt 0.613309 0.666667
vt 0.613233 0.738561
vt 0.608100 0.739839
vt 0.605742 0.738421
vt 0.595841 0.724049
vt 0.596118 0.666667
vt 0.406224 0.517627
vt 0.404159 0.517532
vt 0.394258 0.511579
vt 0.404159 0.525951
vt 0.386767 0.511439
vt 0.391900 0.510161
vt 0.418480 0.232389
vt 0.581520 0.232389
vt 0.606033 0.242840
vt 0.393967 0.242840
vt 0.391900 0.239839
vt 0.394258 0.238421
vt 0.404159 0.224049
vt 0.386767 0.238561
vt 0.595841 0.025951
vt 0.613233 0.011439
vt 0.613309 0.083333
vt 0.596118 0.083333
vt 0.588842 0.269978
vt 0.588842 0.059934
vt 0.404159 0.724049
vt 0.391900 0.739839
vt 0.386767 0.738561
vt 0.595841 0.525951
vt 0.605742 0.511579
vt 0.608100 0.510161
vt 0.613233 0.511439
vt 0.613309 0.583333
vt 0.596118 0.583333
vt 0.411158 0.053254
vt 0.411158 0.267751
vt 0.600546 0.583776
vt 0.608881 0.583776
vt 0.423108 0.265525
vt 0.423108 0.046575
vt 0.435058 0.046575
vt 0.435058 0.265525
vt 0.595682 0.021904
vt 0.588842 0.267751
vt 0.588842 0.053254
vt 0.404318 0.228096
vt 0.576892 0.265525
vt 0.576892 0.046575
vt 0.588517 0.232355
vt 0.187500 0.538834
vt 0.218750 0.538834
vt 0.218750 0.526739
vt 0.187500 0.526739
vt 0.576892 0.329526
vt 0.576892 0.238576
vt 0.564942 0.238576
vt 0.564942 0.329525
vt 0.588842 0.327299
vt 0.588842 0.231897
vt 0.404291 0.732389
vt 0.581520 0.732389
vt 0.588517 0.732355
vt 0.418480 0.732389
vt 0.606033 0.742840
vt 0.393967 0.742840
vt 0.593776 0.732373
vt 0.595841 0.732468
vt 0.418480 0.517611
vt 0.411483 0.517645
vt 0.581520 0.517611
vt 0.393967 0.507160
vt 0.606033 0.507160
vt 0.595682 0.521904
vt 0.595652 0.518795
vt 0.595709 0.517611
vt 0.386767 0.011439
vt 0.386896 0.009280
vt 0.609551 0.007184
vt 0.187500 0.961166
vt 0.187500 0.973261
vt 0.218750 0.973261
vt 0.218750 0.961166
vt 0.613050 0.913882
vt 0.613050 0.991212
vt 0.601100 0.991212
vt 0.601100 0.913882
vt 0.609604 0.240743
vt 0.610861 0.241499
vt 0.625000 0.913882
vt 0.625000 0.991212
vt 0.711407 0.514369
vt 0.633788 0.514369
vt 0.633788 0.500000
vt 0.711407 0.500000
vt 0.390438 0.240718
vt 0.389168 0.241482
vt 0.656250 0.538834
vt 0.656250 0.526739
vt 0.625000 0.526739
vt 0.625000 0.538834
vt 0.375000 0.336118
vt 0.375000 0.258788
vt 0.398900 0.258788
vt 0.398900 0.336118
vt 0.609551 0.507184
vt 0.211118 0.507185
vt 0.133788 0.507185
vt 0.133788 0.500000
vt 0.211118 0.500000
vt 0.610861 0.508501
vt 0.609604 0.509257
vt 0.386896 0.509280
vt 0.389168 0.508518
vt 0.390438 0.509282
vt 0.609604 0.740743
vt 0.610861 0.741499
vt 0.609551 0.742816
vt 0.390438 0.740718
vt 0.389168 0.741482
vt 0.386896 0.740720
vt 0.386896 0.240720
vt 0.211118 0.514369
vt 0.133788 0.514369
vt 0.601100 0.491212
vt 0.601100 0.413593
vt 0.609551 0.242816
vt 0.375000 0.836407
vt 0.375000 0.758788
vt 0.398900 0.758788
vt 0.398900 0.836407
vt 0.389168 0.008518
vt 0.390438 0.009282
vt 0.610861 0.008501
vt 0.609604 0.009257
vt 0.866212 0.750000
vt 0.788882 0.750000
vt 0.593776 0.232373
vt 0.595841 0.232468
vt 0.404348 0.231205
vt 0.404291 0.232389
vt 0.435057 0.329525
vt 0.435058 0.238576
vt 0.595652 0.018795
vt 0.595709 0.017611
vt 0.564942 0.265525
vt 0.564942 0.046575
vt 0.406224 0.017627
vt 0.404159 0.017532
vt 0.457708 0.265525
vt 0.453971 0.265525
vt 0.457625 0.265525
vt 0.404159 0.025951
vt 0.133788 0.583333
vt 0.133788 0.666667
vt 0.125000 0.666667
vt 0.125000 0.583333
vt 0.625000 0.083333
vt 0.625000 0.166667
vt 0.633788 0.583333
vt 0.633788 0.666667
vt 0.411158 0.568687
vt 0.411158 0.646162
vt 0.588842 0.646162
vt 0.588842 0.568687
vt 0.423108 0.021740
vt 0.414360 0.021740
vt 0.411158 0.021740
vt 0.579300 0.023187
vt 0.586424 0.027471
vt 0.576892 0.021740
vt 0.411158 0.221076
vt 0.411158 0.226335
vt 0.411158 0.228260
vt 0.586424 0.222529
vt 0.579300 0.226813
vt 0.588842 0.221076
vt 0.411158 0.690066
vt 0.411158 0.696746
vt 0.411158 0.721076
vt 0.411158 0.726335
vt 0.411158 0.728260
vt 0.564942 0.703425
vt 0.576892 0.703425
vt 0.588842 0.696746
vt 0.586424 0.722529
vt 0.579300 0.726813
vt 0.588842 0.690066
vt 0.588842 0.721076
vt 0.435058 0.511424
vt 0.423108 0.511424
vt 0.423108 0.521740
vt 0.414360 0.521740
vt 0.411158 0.521740
vt 0.588842 0.524783
vt 0.588842 0.518103
vt 0.576892 0.511424
vt 0.579300 0.523187
vt 0.586424 0.527471
vt 0.564942 0.511424
vt 0.576892 0.521740
vt 0.133788 0.735631
vt 0.133788 0.742815
vt 0.125000 0.742310
vt 0.125000 0.740133
vt 0.133788 0.750000
vt 0.125000 0.747460
vt 0.125000 0.745344
vt 0.382576 0.004555
vt 0.386950 0.007185
vt 0.601100 0.000000
vt 0.613050 0.000000
vt 0.617424 0.004555
vt 0.613050 0.007185
vt 0.613050 0.242815
vt 0.617424 0.245445
vt 0.613050 0.250000
vt 0.613050 0.258788
vt 0.601100 0.258788
vt 0.386950 0.242815
vt 0.382576 0.245445
vt 0.125000 0.504656
vt 0.125000 0.502540
vt 0.125000 0.509867
vt 0.125000 0.507690
vt 0.613050 0.500000
vt 0.617424 0.504555
vt 0.613050 0.507185
vt 0.366212 0.507185
vt 0.366212 0.500000
vt 0.375000 0.502540
vt 0.375000 0.504656
vt 0.375000 0.491212
vt 0.398900 0.491212
vt 0.383741 0.500000
vt 0.376688 0.500000
vt 0.613050 0.742815
vt 0.617424 0.745445
vt 0.613050 0.750000
vt 0.613050 0.758788
vt 0.601100 0.758788
vt 0.376688 0.750000
vt 0.383741 0.750000
vt 0.375000 0.745344
vt 0.375000 0.747460
vt 0.125000 0.735631
vt 0.435058 0.703425
vt 0.398900 0.000000
vt 0.625000 0.014370
vt 0.411158 0.524783
vt 0.125000 0.514369
vt 0.625000 0.235630
vt 0.633788 0.735631
vt 0.608881 0.166224
vt 0.608881 0.666224
vt 0.600546 0.166224
vt 0.600546 0.666224
vt 0.608000 0.166136
vt 0.601427 0.166136
vt 0.608000 0.666136
vt 0.601427 0.666136
vt 0.608000 0.083864
vt 0.608000 0.583864
vt 0.601427 0.083864
vt 0.601427 0.583864
vt 0.711407 0.735631
vt 0.711407 0.750000
vt 0.633788 0.750000
vt 0.375000 0.991212
vt 0.375000 0.913882
vt 0.398900 0.913882
vt 0.398900 0.991212
vt 0.288593 0.500000
vt 0.288593 0.507185
vt 0.613050 0.336118
vt 0.601100 0.336118
vt 0.211118 0.583333
vt 0.423108 0.420475
vt 0.435058 0.420475
vt 0.411158 0.439562
vt 0.411158 0.424928
vt 0.375000 0.413593
vt 0.398900 0.413593
vt 0.542740 0.336118
vt 0.545954 0.336118
vt 0.542794 0.336118
vt 0.788882 0.500000
vt 0.866212 0.500000
vt 0.625000 0.758788
vt 0.625000 0.836407
vt 0.613050 0.836407
vt 0.601100 0.836407
vt 0.781250 0.961166
vt 0.781250 0.973261
vt 0.812500 0.973261
vt 0.812500 0.961166
vt 0.625000 0.336118
vt 0.211118 0.735631
vt 0.211118 0.742815
vt 0.576892 0.484475
vt 0.564942 0.484475
vt 0.711407 0.583333
vt 0.711407 0.666667
vt 0.588842 0.439562
vt 0.588842 0.465387
vt 0.211118 0.666667
vt 0.543924 0.330549
vt 0.534797 0.313679
vt 0.524212 0.300938
vt 0.512463 0.292911
vt 0.500000 0.290146
vt 0.487537 0.292911
vt 0.475788 0.300938
vt 0.465203 0.313679
vt 0.456076 0.330549
vt 0.454046 0.336118
vt 0.542375 0.265525
vt 0.546029 0.265525
vt 0.542292 0.265525
vt 0.625000 0.258788
vt 0.211118 0.750000
vt 0.546029 0.484475
vt 0.542375 0.484475
vt 0.542292 0.484475
vt 0.453971 0.420475
vt 0.564942 0.420475
vt 0.546029 0.420475
vt 0.543924 0.427249
vt 0.534797 0.447038
vt 0.524212 0.461983
vt 0.512463 0.471398
vt 0.500000 0.474641
vt 0.487537 0.471398
vt 0.475788 0.461983
vt 0.465204 0.447038
vt 0.456076 0.427249
vt 0.411158 0.465387
vt 0.588842 0.480022
vt 0.435058 0.484475
vt 0.457708 0.484475
vt 0.457625 0.484475
vt 0.453971 0.484475
vt 0.588842 0.424928
vt 0.588842 0.422701
vt 0.576892 0.420475
vt 0.457625 0.420475
vt 0.457708 0.420475
vt 0.411158 0.518103
vt 0.411158 0.422701
vt 0.411158 0.482249
vt 0.411158 0.480022
vt 0.588842 0.482249
vt 0.423108 0.484475
vt 0.423108 0.703425
vt 0.547310 0.418685
vt 0.564942 0.418685
vt 0.564942 0.331315
vt 0.547310 0.331315
vt 0.551354 0.337008
vt 0.556836 0.348860
vt 0.560203 0.361683
vt 0.561338 0.375000
vt 0.560203 0.388317
vt 0.556837 0.401140
vt 0.551354 0.412992
vt 0.452690 0.331315
vt 0.435057 0.331315
vt 0.435058 0.418685
vt 0.452690 0.418685
vt 0.448646 0.412992
vt 0.443163 0.401140
vt 0.439797 0.388317
vt 0.438662 0.375000
vt 0.439797 0.361683
vt 0.443163 0.348860
vt 0.448646 0.337008
vt 0.787357 0.735631
vt 0.787357 0.750000
vt 0.287069 0.583333
vt 0.287069 0.666667
vt 0.576892 0.331315
vt 0.411158 0.288170
vt 0.411158 0.274111
vt 0.712931 0.750000
vt 0.712931 0.735631
vt 0.212643 0.666667
vt 0.212643 0.583333
vt 0.576892 0.418685
vt 0.411158 0.475889
vt 0.411158 0.461830
vt 0.787358 0.583333
vt 0.787357 0.666667
vt 0.588842 0.329176
vt 0.588842 0.312978
vt 0.588842 0.327037
vt 0.712931 0.666667
vt 0.712931 0.583333
vt 0.588842 0.420824
vt 0.588842 0.422963
vt 0.588842 0.437022
vt 0.287069 0.735631
vt 0.287069 0.742815
vt 0.423108 0.331315
vt 0.411158 0.329176
vt 0.212643 0.742815
vt 0.212643 0.735631
vt 0.411158 0.420824
vt 0.423108 0.418685
vt 0.386898 0.961557
vt 0.386573 0.972870
vt 0.386573 0.973259
vt 0.406250 0.973259
vt 0.406250 0.961170
vt 0.386898 0.961170
vt 0.547385 0.837931
vt 0.601100 0.837931
vt 0.601100 0.912357
vt 0.547234 0.912357
vt 0.551353 0.907417
vt 0.556836 0.897321
vt 0.560202 0.886398
vt 0.561337 0.875054
vt 0.560202 0.863710
vt 0.556836 0.852787
vt 0.551353 0.842691
vt 0.411158 0.327037
vt 0.411158 0.312978
vt 0.452690 0.480167
vt 0.435058 0.480167
vt 0.435058 0.269833
vt 0.452690 0.269833
vt 0.448646 0.283538
vt 0.443164 0.312072
vt 0.439797 0.342940
vt 0.438662 0.375000
vt 0.439797 0.407060
vt 0.443164 0.437928
vt 0.448646 0.466462
vt 0.887223 0.972870
vt 0.887223 0.973259
vt 0.906250 0.973259
vt 0.906250 0.961170
vt 0.886898 0.961170
vt 0.886898 0.961557
vt 0.411158 0.437022
vt 0.411158 0.422963
vt 0.613050 0.912358
vt 0.564942 0.269833
vt 0.576892 0.269833
vt 0.588842 0.288170
vt 0.613050 0.837931
vt 0.576892 0.480167
vt 0.564942 0.480167
vt 0.588842 0.461830
vt 0.625000 0.912357
vt 0.456448 0.480167
vt 0.456360 0.480167
vt 0.547310 0.480167
vt 0.551354 0.466462
vt 0.556837 0.437928
vt 0.560203 0.407060
vt 0.561338 0.375000
vt 0.560203 0.342940
vt 0.556836 0.312072
vt 0.551354 0.283538
vt 0.547310 0.269833
vt 0.588842 0.274111
vt 0.625000 0.837931
vt 0.543640 0.480167
vt 0.543553 0.480167
vt 0.398900 0.337643
vt 0.455928 0.337643
vt 0.455981 0.337643
vt 0.452766 0.337643
vt 0.588842 0.475889
vt 0.712931 0.514370
vt 0.712931 0.500000
vt 0.454953 0.329525
vt 0.453971 0.329525
vt 0.843750 0.973261
vt 0.843750 0.961166
vt 0.542946 0.413593
vt 0.546104 0.413593
vt 0.542892 0.413593
vt 0.881737 0.526739
vt 0.875000 0.526739
vt 0.875000 0.538834
vt 0.881412 0.538834
vt 0.881412 0.538443
vt 0.881737 0.527130
vt 0.613102 0.538443
vt 0.612777 0.527130
vt 0.612777 0.526741
vt 0.593750 0.526741
vt 0.593750 0.538830
vt 0.613102 0.538830
vt 0.542375 0.420474
vt 0.542292 0.420475
vt 0.250000 0.538834
vt 0.281250 0.538834
vt 0.281250 0.526739
vt 0.250000 0.526739
vt 0.381087 0.526739
vt 0.375000 0.526739
vt 0.375000 0.538834
vt 0.381412 0.538834
vt 0.381412 0.538443
vt 0.381087 0.527130
vt 0.687500 0.961166
vt 0.687500 0.973261
vt 0.718750 0.973261
vt 0.718750 0.961166
vt 0.542946 0.836407
vt 0.542892 0.836407
vt 0.546104 0.836407
vt 0.118913 0.973261
vt 0.125000 0.973261
vt 0.125000 0.961166
vt 0.118588 0.961166
vt 0.118588 0.961557
vt 0.118913 0.972870
vt 0.156250 0.973261
vt 0.156250 0.961166
vt 0.375000 0.912357
vt 0.398900 0.912357
vt 0.398900 0.837931
vt 0.375000 0.837931
vt 0.613050 0.337643
vt 0.601100 0.337643
vt 0.601100 0.412069
vt 0.613050 0.412069
vt 0.287069 0.514369
vt 0.287069 0.507185
vt 0.212643 0.507185
vt 0.212643 0.514370
vt 0.287069 0.500000
vt 0.212643 0.500000
vt 0.375000 0.412069
vt 0.398900 0.412069
vt 0.375000 0.337643
vt 0.787357 0.514369
vt 0.787357 0.500000
vt 0.625000 0.337643
vt 0.625000 0.412069
vt 0.212643 0.750000
vt 0.287069 0.750000
vt 0.618263 0.972870
vt 0.618588 0.961557
vt 0.588842 0.478028
vt 0.588842 0.271972
vt 0.411158 0.478028
vt 0.423108 0.480167
vt 0.423108 0.269833
vt 0.411158 0.271972
vt 0.113102 0.538443
vt 0.113427 0.527130
vt 0.113427 0.526741
vt 0.093750 0.526741
vt 0.093750 0.538830
vt 0.113102 0.538830
vt 0.386573 0.527130
vt 0.386898 0.538443
vt 0.386898 0.538830
vt 0.406250 0.538830
vt 0.406250 0.526741
vt 0.386573 0.526741
vt 0.612777 0.972870
vt 0.613102 0.961557
vt 0.613102 0.961170
vt 0.593750 0.961170
vt 0.593750 0.973259
vt 0.612777 0.973259
vt 0.452766 0.912357
vt 0.455981 0.912357
vt 0.455928 0.912357
vt 0.456448 0.269833
vt 0.456360 0.269833
vt 0.543640 0.269833
vt 0.543553 0.269833
vt 0.452766 0.912357
vt 0.452615 0.837931
vt 0.448647 0.842691
vt 0.443164 0.852787
vt 0.439798 0.863710
vt 0.438663 0.875054
vt 0.439798 0.886398
vt 0.443164 0.897321
vt 0.448647 0.907418
vt 0.887223 0.527130
vt 0.886898 0.538443
vt 0.886898 0.538830
vt 0.906250 0.538830
vt 0.906250 0.526741
vt 0.887223 0.526741
vt 0.543640 0.331315
vt 0.543552 0.331315
vt 0.547385 0.412069
vt 0.551353 0.407309
vt 0.556836 0.397213
vt 0.560202 0.386290
vt 0.561337 0.374946
vt 0.560202 0.363601
vt 0.556836 0.352679
vt 0.551353 0.342582
vt 0.547234 0.337643
vt 0.448647 0.342582
vt 0.443164 0.352679
vt 0.439798 0.363602
vt 0.438663 0.374946
vt 0.439798 0.386290
vt 0.443164 0.397213
vt 0.448647 0.407309
vt 0.452615 0.412069
vt 0.544170 0.412069
vt 0.544223 0.412069
vt 0.968750 0.969918
vt 1.000000 0.969918
vt 0.919098 0.535489
vt 0.937500 0.535489
vt 0.000000 0.969918
vt 0.031250 0.969918
vt 0.968750 0.535489
vt 0.062500 0.969918
vt 1.000000 0.535489
vt 0.080902 0.969918
vt 0.452984 0.412069
vt 0.454262 0.413593
vt 0.875000 0.526739
vt 0.843750 0.526739
vt 0.843750 0.538834
vt 0.875000 0.538834
vt 0.750000 0.526739
vt 0.750000 0.538834
vt 0.781250 0.538834
vt 0.781250 0.526739
vt 0.625000 0.973261
vt 0.625000 0.961166
vt 0.618588 0.961166
vt 0.618263 0.973261
vt 0.687500 0.538834
vt 0.687500 0.526739
vt 0.656250 0.538834
vt 0.453896 0.836407
vt 0.543924 0.830434
vt 0.534797 0.813591
vt 0.524212 0.800870
vt 0.512463 0.792857
vt 0.500000 0.790096
vt 0.487537 0.792856
vt 0.475788 0.800870
vt 0.465204 0.813591
vt 0.456076 0.830434
vt 0.812500 0.526739
vt 0.812500 0.538834
vt 0.843750 0.538834
vt 0.750000 0.961166
vt 0.750000 0.973261
vt 0.781250 0.538834
vt 0.812500 0.538834
vt 0.543924 0.249215
vt 0.534797 0.201577
vt 0.524212 0.165598
vt 0.512463 0.142932
vt 0.500000 0.135126
vt 0.487537 0.142932
vt 0.475788 0.165598
vt 0.465204 0.201577
vt 0.456076 0.249215
vt 0.881737 0.972870
vt 0.881412 0.961557
vt 0.881412 0.961166
vt 0.875000 0.961166
vt 0.875000 0.973261
vt 0.881737 0.973261
vt 0.718750 0.526739
vt 0.718750 0.538834
vt 0.750000 0.538834
vt 0.656250 0.961166
vt 0.656250 0.973261
vt 0.687500 0.973261
vt 0.687500 0.961166
vt 0.687500 0.526739
vt 0.687500 0.538834
vt 0.718750 0.538834
vt 0.456076 0.500785
vt 0.465204 0.548424
vt 0.475788 0.584402
vt 0.487537 0.607068
vt 0.500000 0.614874
vt 0.512463 0.607068
vt 0.524212 0.584402
vt 0.534797 0.548424
vt 0.543924 0.500785
vt 0.457054 0.413593
vt 0.457108 0.413593
vt 0.453896 0.413593
vt 0.457108 0.836407
vt 0.457054 0.836407
vt 0.453896 0.413593
vt 0.456076 0.419566
vt 0.465204 0.436409
vt 0.475788 0.449130
vt 0.487537 0.457144
vt 0.500000 0.459904
vt 0.512463 0.457144
vt 0.524212 0.449130
vt 0.534796 0.436409
vt 0.543924 0.419566
vt 0.546104 0.413593
vt 0.455777 0.412069
vt 0.452615 0.412069
vt 0.455830 0.412069
vt 0.000000 0.535489
vt 0.031250 0.535489
vt 0.580902 0.530082
vt 0.562500 0.530082
vt 0.062500 0.535489
vt 0.531250 0.530082
vt 0.452690 0.331315
vt 0.456360 0.331315
vt 0.456447 0.331315
vt 0.080902 0.535489
vt 0.500000 0.530082
vt 0.080902 0.964511
vt 0.062500 0.964511
vt 0.468750 0.530082
vt 0.031250 0.964511
vt 0.437500 0.530082
vt 0.343750 0.961166
vt 0.343750 0.973261
vt 0.375000 0.973261
vt 0.375000 0.961166
vt 0.343750 0.526739
vt 0.343750 0.538834
vt 0.375000 0.538834
vt 0.457259 0.913882
vt 0.454046 0.913882
vt 0.457205 0.913882
vt 0.250000 0.973261
vt 0.281250 0.973261
vt 0.281250 0.961166
vt 0.250000 0.961166
vt 0.281250 0.538834
vt 0.312500 0.538834
vt 0.312500 0.526739
vt 0.618588 0.538834
vt 0.625000 0.538834
vt 0.618263 0.526739
vt 0.618263 0.527130
vt 0.618588 0.538443
vt 0.218750 0.973261
vt 0.218750 0.961166
vt 0.312500 0.973261
vt 0.312500 0.961166
vt 0.312500 0.538834
vt 0.343750 0.538834
vt 0.343750 0.526739
vt 0.545954 0.913882
vt 0.454046 0.913882
vt 0.456076 0.919451
vt 0.465203 0.936321
vt 0.475788 0.949062
vt 0.487537 0.957089
vt 0.500000 0.959854
vt 0.512463 0.957089
vt 0.524212 0.949062
vt 0.534796 0.936321
vt 0.543924 0.919451
vt 0.546029 0.329525
vt 0.456076 0.322751
vt 0.465204 0.302962
vt 0.475788 0.288017
vt 0.487537 0.278602
vt 0.500000 0.275360
vt 0.512463 0.278602
vt 0.524212 0.288017
vt 0.534796 0.302962
vt 0.543924 0.322751
vt 0.156250 0.538834
vt 0.187500 0.538834
vt 0.156250 0.526739
vt 0.381412 0.961166
vt 0.381087 0.973261
vt 0.381087 0.972870
vt 0.381412 0.961557
vt 0.125000 0.538834
vt 0.156250 0.538834
vt 0.125000 0.526739
vt 0.343750 0.973261
vt 0.343750 0.961166
vt 0.118588 0.538834
vt 0.125000 0.538834
vt 0.118913 0.526739
vt 0.118913 0.527130
vt 0.118588 0.538443
vt 0.542794 0.913882
vt 0.542741 0.913882
vt 0.542292 0.329525
vt 0.542375 0.329525
vt 0.000000 0.964511
vt 0.419098 0.530082
vt 1.000000 0.964511
vt 0.968750 0.964511
vt 0.080902 0.530082
vt 0.062500 0.530082
vt 0.937500 0.964511
vt 0.031250 0.530082
vt 0.113427 0.972870
vt 0.113102 0.961557
vt 0.113102 0.961170
vt 0.093750 0.961170
vt 0.093750 0.973259
vt 0.113427 0.973259
vt 0.455830 0.837931
vt 0.455777 0.837931
vt 0.544072 0.912357
vt 0.544019 0.912357
vt 0.547234 0.912357
vt 0.875000 0.973261
vt 0.875000 0.961166
vt 0.544223 0.837931
vt 0.544170 0.837931
vt 0.544072 0.337643
vt 0.544019 0.337643
vt 0.452984 0.837931
vt 0.454262 0.836407
vt 0.456360 0.418685
vt 0.456448 0.418685
vt 0.543553 0.418685
vt 0.543640 0.418685
vt 0.919098 0.964511
vt 0.545738 0.836407
vt 0.547016 0.837931
vt 0.546865 0.912357
vt 0.545587 0.913882
vt 0.454413 0.913882
vt 0.453135 0.912357
vt 0.545047 0.484475
vt 0.546308 0.480167
vt 0.453693 0.480167
vt 0.454953 0.484475
vt 0.454953 0.265525
vt 0.453693 0.269833
vt 0.545047 0.265525
vt 0.546308 0.269833
vt 0.453692 0.331315
vt 0.546307 0.331315
vt 0.545047 0.329525
vt 0.545738 0.413593
vt 0.547016 0.412069
vt 0.545047 0.420475
vt 0.546308 0.418685
vt 0.453693 0.418685
vt 0.454953 0.420475
vt 0.545587 0.336118
vt 0.546865 0.337643
vt 0.454413 0.336118
vt 0.453135 0.337643
vt 0.541157 0.324745
vt 0.542642 0.329525
vt 0.457358 0.329525
vt 0.458843 0.324745
vt 0.467663 0.305623
vt 0.477726 0.291415
vt 0.488645 0.282665
vt 0.500000 0.279710
vt 0.511355 0.282665
vt 0.522274 0.291414
vt 0.532337 0.305623
vt 0.541157 0.917751
vt 0.542567 0.913882
vt 0.457433 0.913882
vt 0.458843 0.917751
vt 0.467663 0.934053
vt 0.477726 0.946166
vt 0.488645 0.953625
vt 0.500000 0.956144
vt 0.511355 0.953625
vt 0.522274 0.946166
vt 0.532337 0.934053
vt 0.457282 0.413593
vt 0.458843 0.417868
vt 0.467663 0.434144
vt 0.477726 0.446238
vt 0.488645 0.453685
vt 0.500000 0.456200
vt 0.511355 0.453686
vt 0.522274 0.446238
vt 0.532337 0.434144
vt 0.541157 0.417868
vt 0.542717 0.413593
vt 0.458843 0.254016
vt 0.457358 0.265525
vt 0.542642 0.265525
vt 0.541157 0.254016
vt 0.532337 0.207983
vt 0.522274 0.173777
vt 0.511355 0.152713
vt 0.500000 0.145601
vt 0.488645 0.152713
vt 0.477726 0.173777
vt 0.467663 0.207983
vt 0.542567 0.336118
vt 0.541157 0.332249
vt 0.532337 0.315947
vt 0.522274 0.303834
vt 0.511355 0.296375
vt 0.500000 0.293856
vt 0.488645 0.296375
vt 0.477726 0.303834
vt 0.467663 0.315947
vt 0.458843 0.332249
vt 0.457433 0.336118
vt 0.458843 0.832132
vt 0.457283 0.836407
vt 0.542717 0.836407
vt 0.541157 0.832132
vt 0.532337 0.815856
vt 0.522274 0.803762
vt 0.511355 0.796314
vt 0.500000 0.793800
vt 0.488645 0.796315
vt 0.477726 0.803762
vt 0.467663 0.815856
vt 0.457358 0.484475
vt 0.458843 0.495984
vt 0.467663 0.542018
vt 0.477726 0.576223
vt 0.488645 0.597287
vt 0.500000 0.604400
vt 0.511355 0.597287
vt 0.522274 0.576223
vt 0.532337 0.542018
vt 0.541157 0.495984
vt 0.542642 0.484475
vt 0.458843 0.425255
vt 0.457358 0.420475
vt 0.542642 0.420475
vt 0.541157 0.425255
vt 0.532337 0.444377
vt 0.522274 0.458586
vt 0.511355 0.467335
vt 0.500000 0.470290
vt 0.488645 0.467335
vt 0.477726 0.458586
vt 0.467663 0.444377
vt 0.543997 0.412069
vt 0.548405 0.406781
vt 0.553785 0.396875
vt 0.557098 0.386125
vt 0.558217 0.374946
vt 0.557098 0.363767
vt 0.553785 0.353017
vt 0.548405 0.343110
vt 0.543847 0.337643
vt 0.456153 0.337643
vt 0.451595 0.343110
vt 0.446215 0.353017
vt 0.442902 0.363767
vt 0.441783 0.374946
vt 0.442902 0.386125
vt 0.446215 0.396875
vt 0.451594 0.406781
vt 0.456003 0.412069
vt 0.548405 0.843218
vt 0.543997 0.837931
vt 0.543847 0.912357
vt 0.548406 0.906890
vt 0.553785 0.896983
vt 0.557098 0.886233
vt 0.558217 0.875054
vt 0.557098 0.863875
vt 0.553785 0.853125
vt 0.451595 0.906890
vt 0.456153 0.912357
vt 0.456003 0.837931
vt 0.451595 0.843219
vt 0.446215 0.853125
vt 0.442902 0.863875
vt 0.441783 0.875054
vt 0.442902 0.886233
vt 0.446215 0.896983
vt 0.451594 0.464970
vt 0.456077 0.480167
vt 0.456077 0.269833
vt 0.451594 0.285030
vt 0.446214 0.313028
vt 0.442901 0.343407
vt 0.441782 0.375000
vt 0.442901 0.406593
vt 0.446214 0.436972
vt 0.543923 0.480167
vt 0.548406 0.464970
vt 0.553786 0.436973
vt 0.557099 0.406593
vt 0.558218 0.375000
vt 0.557099 0.343407
vt 0.553786 0.313027
vt 0.548406 0.285030
vt 0.543923 0.269833
vt 0.548406 0.412372
vt 0.543923 0.418685
vt 0.543923 0.331315
vt 0.548406 0.337628
vt 0.553786 0.349257
vt 0.557099 0.361877
vt 0.558218 0.375000
vt 0.557099 0.388124
vt 0.553786 0.400743
vt 0.451594 0.337628
vt 0.456077 0.331315
vt 0.456077 0.418685
vt 0.451594 0.412372
vt 0.446214 0.400743
vt 0.442901 0.388123
vt 0.441782 0.375000
vt 0.442901 0.361877
vt 0.446214 0.349257
vt 0.218750 0.538834
vt 0.250000 0.538834
vt 0.218750 0.526739
vt 0.919098 0.530082
vt 0.937500 0.530082
vt 0.937500 0.526741
vt 0.906250 0.526741
vt 0.968750 0.530082
vt 0.968750 0.526741
vt 0.937500 0.526741
vt 1.000000 0.530082
vt 1.000000 0.526741
vt 0.968750 0.526741
vt 0.000000 0.530082
vt 0.031250 0.526741
vt 0.000000 0.526741
vt 0.062500 0.526741
vt 0.031250 0.526741
vt 0.093750 0.526741
vt 0.062500 0.526741
vt 0.437500 0.526741
vt 0.406250 0.526741
vt 0.468750 0.526741
vt 0.437500 0.526741
vt 0.500000 0.526741
vt 0.468750 0.526741
vt 0.531250 0.526741
vt 0.500000 0.526741
vt 0.562500 0.526741
vt 0.531250 0.526741
vt 0.593750 0.526741
vt 0.562500 0.526741
vt 0.062500 0.973259
vt 0.031250 0.973259
vt 0.000000 0.973259
vt 0.968750 0.973259
vt 1.000000 0.973259
vt 0.937500 0.969918
vt 0.937500 0.973259
vt 0.919098 0.969918
vt 0.580902 0.969918
vt 0.562500 0.969918
vt 0.562500 0.973259
vt 0.593750 0.973259
vt 0.531250 0.969918
vt 0.531250 0.973259
vt 0.500000 0.969918
vt 0.500000 0.973259
vt 0.531250 0.973259
vt 0.468750 0.969918
vt 0.468750 0.973259
vt 0.437500 0.969918
vt 0.437500 0.973259
vt 0.419098 0.969918
vt 0.437500 0.973259
vt 0.419098 0.964511
vt 0.437500 0.964511
vt 0.437500 0.961170
vt 0.468750 0.964511
vt 0.468750 0.961170
vt 0.437500 0.961170
vt 0.500000 0.964511
vt 0.500000 0.961170
vt 0.531250 0.964511
vt 0.531250 0.961170
vt 0.562500 0.964511
vt 0.562500 0.961170
vt 0.580902 0.964511
vt 0.937500 0.961170
vt 0.968750 0.961170
vt 1.000000 0.961170
vt 0.031250 0.961170
vt 0.000000 0.961170
vt 0.062500 0.961170
vt 0.062500 0.538830
vt 0.031250 0.538830
vt 0.000000 0.538830
vt 0.968750 0.538830
vt 1.000000 0.538830
vt 0.937500 0.538830
vt 0.580902 0.535489
vt 0.562500 0.535489
vt 0.562500 0.538830
vt 0.531250 0.535489
vt 0.531250 0.538830
vt 0.500000 0.535489
vt 0.500000 0.538830
vt 0.468750 0.535489
vt 0.468750 0.538830
vt 0.437500 0.535489
vt 0.437500 0.538830
vt 0.419098 0.535489
vt 0.437500 0.538830
vt 0.578366 0.530745
vt 0.562500 0.530745
vt 0.031250 0.534826
vt 0.062500 0.534826
vt 0.531250 0.530745
vt 0.078366 0.534826
vt 0.500000 0.530745
vt 0.078366 0.965174
vt 0.062500 0.965174
vt 0.468750 0.530745
vt 0.031250 0.965174
vt 0.437500 0.530745
vt 0.000000 0.965174
vt 0.421634 0.530745
vt 1.000000 0.965174
vt 0.968750 0.965174
vt 0.078366 0.530745
vt 0.062500 0.530745
vt 0.937500 0.965174
vt 0.031250 0.530745
vt 0.921634 0.965174
vt 0.000000 0.530745
vt 0.578366 0.965174
vt 0.562500 0.965174
vt 1.000000 0.530745
vt 0.968750 0.530745
vt 0.531250 0.965174
vt 0.421634 0.534826
vt 0.937500 0.530745
vt 0.500000 0.965174
vt 0.921634 0.530745
vt 0.078366 0.969255
vt 0.062500 0.969255
vt 0.031250 0.969255
vt 0.000000 0.969255
vt 1.000000 0.969255
vt 0.968750 0.969255
vt 0.937500 0.969255
vt 0.921634 0.969255
vt 0.578366 0.969255
vt 0.562500 0.969255
vt 0.531250 0.969255
vt 0.500000 0.969255
vt 0.468750 0.969255
vt 0.437500 0.969255
vt 0.421634 0.969255
vt 0.421634 0.965174
vt 0.437500 0.965174
vt 0.468750 0.965174
vt 0.000000 0.534826
vt 1.000000 0.534826
vt 0.968750 0.534826
vt 0.937500 0.534826
vt 0.921634 0.534826
vt 0.578366 0.534826
vt 0.562500 0.534826
vt 0.531250 0.534826
vt 0.500000 0.534826
vt 0.468750 0.534826
vt 0.437500 0.534826
s 0
usemtl M_Noir_Bleuté
f 19/50/2 18/51/2 41/52/2 34/53/2
f 261/39/7 257/60/7 21/61/7 24/40/7
f 27/65/16 26/66/16 45/67/16 38/68/16
f 22/69/17 43/70/17 194/70/17 197/69/17
f 210/25/7 37/24/7 46/35/7 211/34/7
f 216/33/1 35/32/1 44/6/1 217/5/1
f 30/108/21 47/109/21 196/109/21 199/108/21
f 42/224/63 33/225/63 34/226/63 41/227/63
f 44/228/64 35/229/64 177/9/64 178/93/64
f 46/35/65 37/24/65 38/68/65 45/67/65
f 48/230/66 39/231/66 179/71/66 180/104/66
f 18/51/67 19/50/67 20/3/67 17/49/67
f 181/94/68 182/14/68 24/40/68 21/61/68
f 26/66/69 27/65/69 28/232/69 25/233/69
f 183/105/70 184/76/70 32/234/70 29/235/70
f 249/2/1 252/46/1 17/49/1 20/3/1
f 36/324/2 43/70/2 178/93/2 177/9/2
f 40/325/16 47/109/16 180/104/16 179/71/16
f 22/69/2 23/326/2 182/14/2 181/94/2
f 30/108/16 31/327/16 184/76/16 183/105/16
f 23/326/2 36/324/2 177/9/2 182/14/2
f 43/70/2 22/69/2 181/94/2 178/93/2
f 31/327/16 40/325/16 179/71/16 184/76/16
f 47/109/16 30/108/16 183/105/16 180/104/16
f 31/327/1 30/108/1 199/108/1 200/327/1
f 47/109/7 40/325/7 195/325/7 196/109/7
f 40/325/17 31/327/17 200/327/17 195/325/17
f 36/324/21 23/326/21 198/326/21 193/324/21
f 23/326/1 22/69/1 197/69/1 198/326/1
f 43/70/7 36/324/7 193/324/7 194/70/7
f 257/60/16 261/39/16 338/39/16 435/60/16
f 48/230/1 215/372/1 218/373/1 39/231/1
f 262/374/2 258/375/2 434/375/2 339/374/2
f 42/224/7 209/347/7 212/376/7 33/225/7
f 25/233/1 28/232/1 251/350/1 250/407/1
f 252/46/16 249/2/16 404/2/16 403/46/16
f 250/407/2 251/350/2 401/350/2 402/407/2
f 210/25/2 211/34/2 400/34/2 399/25/2
f 212/376/16 209/347/16 397/347/16 398/376/16
f 29/235/7 32/234/7 258/375/7 262/374/7
f 216/33/16 217/5/16 396/5/16 395/33/16
f 218/373/2 215/372/2 393/372/2 394/373/2
usemtl M_Orange
f 255/1/1 249/2/1 20/3/1 51/4/1
f 217/5/1 44/6/1 123/7/1 223/8/1
f 177/9/2 129/10/2 11/11/2 4/12/2 76/13/2 182/14/2
f 49/15/2 54/16/2 1/17/2
s 1
f 225/18/3 175/19/4 173/20/5 228/21/6
s 0
f 222/22/7 154/23/7 37/24/7 210/25/7
s 1
f 237/26/8 151/27/9 149/28/10 240/29/11
s 0
f 220/30/1 130/31/1 35/32/1 216/33/1
f 211/34/7 46/35/7 171/36/7 213/37/7
f 263/38/7 261/39/7 24/40/7 75/41/7
s 1
f 281/42/12 71/43/13 69/44/14 278/45/15
s 0
f 252/46/1 254/47/1 66/48/1 17/49/1
f 60/54/2 49/15/2 1/17/2 9/55/2 116/56/2 121/57/2 10/58/2 2/59/2
f 86/62/16 88/63/16 5/64/16
f 179/71/16 161/72/16 15/73/16 6/74/16 92/75/16 184/76/16
f 104/77/16 100/78/16 7/79/16
f 100/80/16 27/65/16 38/68/16 153/81/16 14/82/16 7/79/16
f 68/83/2 73/84/2 4/12/2 11/11/2 132/85/2 137/86/2 12/87/2 3/88/2
f 65/89/2 3/88/2 12/87/2 140/90/2 41/52/2 18/51/2
f 57/91/2 2/59/2 10/58/2 124/92/2 178/93/2 181/94/2
f 257/60/7 260/95/7 58/96/7 21/61/7
f 81/97/16 5/64/16 16/98/16 172/99/16 45/67/16 26/66/16
f 105/100/16 8/101/16 13/102/16 148/103/16 180/104/16 183/105/16
s 1
f 255/1/18 51/4/19 55/106/20 271/107/8
f 266/110/11 53/111/22 50/112/23 267/113/24
s 0
f 57/91/2 62/114/2 2/59/2
s 1
f 271/107/8 55/106/20 53/111/22 266/110/11
f 274/115/25 61/116/26 58/96/27 260/95/28
s 0
f 65/89/2 70/117/2 3/88/2
s 1
f 275/118/29 63/119/30 61/116/26 274/115/25
f 278/45/15 69/44/14 66/48/31 254/47/32
s 0
f 73/84/2 78/120/2 4/12/2
s 1
f 597/121/33 593/122/34 685/123/35 683/124/36
f 286/125/6 77/126/37 74/127/38 284/128/39
s 0
f 81/97/16 86/62/16 5/64/16
s 1
f 287/129/3 79/130/40 77/126/37 286/125/6
s 0
f 88/63/16 84/131/16 5/64/16
f 89/132/16 94/133/16 6/74/16
f 84/134/16 89/132/16 6/74/16 15/73/16 164/135/16 169/136/16 16/98/16 5/64/16
f 96/137/16 92/138/16 6/74/16
f 97/139/16 102/140/16 7/79/16
f 94/133/16 96/137/16 6/74/16
f 108/141/16 97/139/16 7/79/16 14/82/16 156/142/16 145/143/16 13/102/16 8/101/16
f 105/100/16 110/144/16 8/101/16
f 102/140/16 104/77/16 7/79/16
f 112/145/16 108/146/16 8/101/16
f 113/147/2 118/148/2 9/55/2
f 110/144/16 112/145/16 8/101/16
s 1
f 213/37/41 171/36/42 175/19/4 225/18/3
s 0
f 121/57/2 126/149/2 10/58/2
s 1
f 677/150/36 617/151/33 615/152/34 679/153/35
f 234/154/12 125/155/43 122/156/44 232/157/45
s 0
f 129/158/2 134/159/2 11/11/2
s 1
f 235/160/15 127/161/46 125/155/43 234/154/12
f 219/162/18 147/163/47 151/164/9 237/165/8
s 0
f 137/166/2 142/167/2 12/87/2
s 1
f 763/168/48 651/169/49 637/170/50 756/171/51
f 246/172/29 141/173/52 138/174/53 244/175/54
s 0
f 145/143/16 150/176/16 13/102/16
s 1
f 247/177/25 143/178/55 141/179/52 246/180/29
s 0
f 152/181/16 148/182/16 13/102/16
f 153/81/16 158/183/16 14/82/16
f 150/176/16 152/181/16 13/102/16
f 160/184/16 156/185/16 14/82/16
f 161/186/16 166/187/16 15/73/16
f 158/183/16 160/184/16 14/82/16
f 168/188/16 164/135/16 15/73/16
f 169/189/16 174/190/16 16/98/16
f 166/187/16 168/188/16 15/73/16
f 176/191/16 172/99/16 16/98/16
f 174/190/16 176/191/16 16/98/16
f 144/192/2 140/90/2 12/87/2
f 142/167/2 144/192/2 12/87/2
s 1
f 221/193/28 139/194/56 143/178/55 247/177/25
f 240/29/11 149/28/10 146/195/57 241/196/24
s 0
f 134/159/2 136/197/2 11/11/2
f 136/197/2 132/85/2 11/11/2
s 1
f 228/198/6 173/199/5 170/200/58 229/201/39
s 0
f 118/148/2 120/202/2 9/55/2
f 120/202/2 116/203/2 9/55/2
f 128/204/2 124/205/2 10/58/2
f 126/149/2 128/204/2 10/58/2
s 1
f 223/8/32 123/7/59 127/206/46 235/207/15
s 0
f 80/208/2 76/209/2 4/12/2
f 78/120/2 80/208/2 4/12/2
s 1
f 263/38/41 75/41/60 79/130/40 287/129/3
s 0
f 72/210/2 68/211/2 3/88/2
f 70/117/2 72/210/2 3/88/2
s 1
f 280/212/45 67/213/61 71/43/13 281/42/12
s 0
f 64/214/2 60/215/2 2/59/2
f 62/114/2 64/214/2 2/59/2
s 1
f 269/216/54 59/217/62 63/119/30 275/118/29
s 0
f 56/218/2 52/219/2 1/17/2
f 54/16/2 56/218/2 1/17/2
f 518/220/16 407/113/16 267/113/16 665/221/16 666/222/16
f 52/223/2 19/50/2 34/53/2 113/147/2 9/55/2 1/17/2
s 1
f 50/112/23 53/111/22 54/16/71 49/15/72
f 53/236/22 55/237/20 56/218/73 54/16/71
f 55/237/20 51/238/19 52/219/74 56/218/73
f 58/96/27 61/116/26 62/114/75 57/91/76
f 61/116/26 63/119/30 64/239/77 62/240/75
f 63/119/30 59/217/62 60/241/78 64/241/77
f 66/48/31 69/44/14 70/117/79 65/89/80
f 69/242/14 71/243/13 72/210/81 70/117/79
f 71/243/13 67/244/61 68/211/82 72/210/81
f 74/127/38 77/126/37 78/120/83 73/84/84
f 77/126/37 79/130/40 80/245/85 78/246/83
f 79/130/40 75/41/60 76/247/86 80/247/85
f 82/248/87 85/249/88 86/62/89 81/97/90
f 85/250/88 87/251/91 88/63/92 86/62/89
f 87/251/91 83/252/93 84/131/94 88/63/92
f 90/253/95 93/254/96 94/133/97 89/132/98
f 93/254/96 95/255/99 96/256/100 94/257/97
f 95/255/99 91/258/101 92/259/102 96/259/100
f 98/260/103 101/261/104 102/140/105 97/139/106
f 101/262/104 103/263/107 104/77/108 102/140/105
f 103/263/107 99/264/109 100/78/110 104/77/108
f 106/265/111 109/266/112 110/144/113 105/100/114
f 109/266/112 111/267/115 112/268/116 110/269/113
f 111/267/115 107/270/117 108/271/118 112/271/116
f 114/272/119 117/273/120 118/274/121 113/275/122
f 117/273/120 119/276/123 120/277/124 118/278/121
f 119/279/123 115/280/125 116/203/126 120/202/124
f 122/281/44 125/282/43 126/149/127 121/57/128
f 125/282/43 127/283/46 128/204/129 126/149/127
f 127/283/46 123/284/59 124/205/130 128/204/129
f 130/285/131 133/286/132 134/159/133 129/158/134
f 133/286/132 135/287/135 136/197/136 134/159/133
f 135/288/135 131/289/137 132/85/138 136/197/136
f 138/290/53 141/291/52 142/167/139 137/166/140
f 141/179/52 143/178/55 144/292/141 142/293/139
f 143/178/55 139/194/56 140/294/142 144/295/141
f 146/195/57 149/28/10 150/176/143 145/143/144
f 149/296/10 151/297/9 152/181/145 150/176/143
f 151/297/9 147/298/47 148/182/146 152/181/145
f 154/23/147 157/299/148 158/183/149 153/81/150
f 157/299/148 159/300/151 160/301/152 158/302/149
f 159/303/151 155/304/153 156/305/154 160/306/152
f 162/307/155 165/308/156 166/187/157 161/186/158
f 165/308/156 167/309/159 168/188/160 166/187/157
f 167/310/159 163/311/161 164/135/162 168/188/160
f 170/200/58 173/199/5 174/312/163 169/313/164
f 173/20/5 175/19/4 176/314/165 174/315/163
f 175/19/4 171/36/42 172/99/166 176/191/165
s 0
f 81/97/167 26/66/167 25/233/167 82/248/167
f 19/50/168 52/223/168 51/4/168 20/3/168
f 33/225/169 114/272/169 113/316/169 34/226/169
f 89/132/170 84/134/170 83/317/170 90/253/170
f 49/15/171 60/54/171 59/217/171 50/112/171
f 115/318/172 122/281/172 121/57/172 116/56/172
f 21/61/173 58/96/173 57/91/173 181/94/173
f 123/319/174 44/228/174 178/93/174 124/92/174
f 184/76/175 92/75/175 91/258/175 32/234/175
f 27/65/176 100/80/176 99/320/176 28/232/176
f 65/89/177 18/51/177 17/49/177 66/48/177
f 139/194/178 42/224/178 41/227/178 140/321/178
f 97/139/179 108/141/179 107/270/179 98/260/179
f 73/84/180 68/83/180 67/213/180 74/127/180
f 131/289/181 138/174/181 137/86/181 132/85/181
f 105/100/182 183/105/182 29/235/182 106/265/182
f 182/14/183 76/13/183 75/41/183 24/40/183
f 35/229/184 130/322/184 129/10/184 177/9/184
f 163/311/185 170/200/185 169/136/185 164/135/185
f 171/36/186 46/35/186 45/67/186 172/99/186
f 39/231/187 162/323/187 161/72/187 179/71/187
f 155/304/188 146/195/188 145/143/188 156/142/188
f 37/24/189 154/23/189 153/81/189 38/68/189
f 147/163/190 48/230/190 180/104/190 148/103/190
s 1
f 162/323/155 224/336/32 236/337/15 165/338/156
s 0
f 254/47/16 252/46/16 403/46/16 331/47/16
s 1
f 119/339/123 227/340/6 230/341/39 115/342/125
s 0
f 245/343/2 248/344/2 325/344/2 322/343/2
s 1
f 135/288/135 239/345/11 242/346/24 131/289/137
s 0
f 209/347/16 221/193/16 301/193/16 397/347/16
s 1
f 154/23/147 222/22/28 248/344/25 157/299/148
s 0
f 282/348/2 279/349/2 356/349/2 358/348/2
s 1
f 157/299/148 248/344/25 245/343/29 159/300/151
s 0
f 251/350/2 253/351/2 330/351/2 401/350/2
s 1
f 159/303/151 245/352/29 243/353/54 155/304/153
s 0
f 221/193/16 247/177/16 324/177/16 301/193/16
f 695/354/16 696/355/16 242/346/16 586/346/16 533/356/16
f 237/26/2 240/29/2 320/29/2 317/26/2
s 1
f 130/31/131 220/30/18 238/357/8 133/358/132
s 0
f 269/216/16 275/118/16 352/118/16 408/216/16
s 1
f 165/359/156 236/360/15 233/361/12 167/310/159
f 167/310/159 233/361/12 231/362/45 163/311/161
s 0
f 248/344/2 222/22/2 302/22/2 325/344/2
s 1
f 743/363/191 707/364/192 703/365/193 745/366/194
s 0
f 239/345/16 238/367/16 318/367/16 372/345/16
s 1
f 114/272/119 214/368/41 226/369/3 117/273/120
s 0
f 276/370/2 270/371/2 406/371/2 353/370/2
f 240/29/2 241/196/2 584/196/2 320/29/2
f 33/225/7 212/376/7 214/368/7 114/272/7
f 220/30/16 216/33/16 395/33/16 300/30/16
f 147/163/1 219/162/1 215/372/1 48/230/1
f 244/175/17 138/174/17 131/289/17 242/346/17 696/355/17 694/377/17 702/378/17 684/379/17 686/380/17 682/381/17 688/382/17 690/383/17 692/384/17 698/385/17 699/386/17
f 669/387/16 670/388/16 269/216/16 408/216/16 519/389/16
s 1
f 133/390/132 238/367/8 239/345/11 135/288/135
s 0
f 260/95/16 257/60/16 435/60/16 427/95/16
f 139/194/7 221/193/7 209/347/7 42/224/7
f 242/346/16 239/345/16 372/345/16 586/346/16
s 1
f 117/273/120 226/369/3 227/391/6 119/276/123
s 0
f 215/372/2 219/162/2 383/162/2 393/372/2
f 39/231/1 218/373/1 224/336/1 162/323/1
f 270/371/2 727/392/2 728/393/2 521/394/2 406/371/2
f 757/395/21 279/349/21 98/260/21 107/270/21 283/396/21 760/397/21 762/398/21 750/399/21 748/400/21 754/401/21 752/402/21 766/403/21 768/404/21 764/405/21 755/406/21
f 258/375/2 259/408/2 426/408/2 434/375/2
f 268/409/2 405/409/2 520/410/2 725/411/2 726/412/2
f 228/198/2 229/201/2 371/201/2 370/198/2
s 1
f 90/253/95 270/371/54 276/370/29 93/254/96
s 0
f 211/34/2 213/37/2 391/37/2 400/34/2
s 1
f 98/260/103 279/349/45 282/348/12 101/261/104
f 106/265/111 264/413/41 288/414/3 109/266/112
s 0
f 255/1/16 271/107/16 430/107/16 433/1/16
s 1
f 109/266/112 288/414/3 285/415/6 111/267/115
s 0
f 230/341/16 227/340/16 368/340/16 369/341/16
s 1
f 111/267/115 285/415/6 283/396/39 107/270/117
s 0
f 214/368/16 212/376/16 398/376/16 389/368/16
f 356/349/2 279/349/2 757/395/2 758/416/2 536/417/2
s 1
f 103/418/107 277/419/15 253/351/32 99/320/109
s 0
f 272/420/2 256/421/2 432/421/2 428/420/2
s 1
f 93/254/96 276/370/29 273/422/25 95/255/99
s 0
f 223/8/16 235/207/16 367/207/16 366/8/16
s 1
f 95/255/99 273/422/25 259/408/28 91/258/101
f 85/249/88 272/420/8 265/423/11 87/424/91
s 0
f 266/110/16 267/113/16 407/113/16 431/110/16
s 1
f 87/424/91 265/423/11 268/409/24 83/317/93
s 0
f 236/337/2 224/336/2 364/336/2 365/337/2
s 1
f 82/248/87 256/421/18 272/420/8 85/249/88
s 0
f 32/234/7 91/258/7 259/408/7 258/375/7
f 268/409/2 265/423/2 429/423/2 405/409/2
f 28/232/1 99/320/1 253/351/1 251/350/1
f 271/107/16 266/110/16 431/110/16 430/107/16
s 1
f 101/261/104 282/348/12 277/419/15 103/418/107
s 0
f 106/265/7 29/235/7 262/374/7 264/413/7
f 265/423/2 272/420/2 428/420/2 429/423/2
f 82/248/1 25/233/1 250/407/1 256/421/1
f 213/37/2 225/18/2 392/18/2 391/37/2
f 280/212/16 281/42/16 357/42/16 579/212/16
f 222/22/2 210/25/2 399/25/2 302/22/2
f 247/177/16 246/180/16 323/180/16 324/177/16
f 277/419/2 282/348/2 358/348/2 354/419/2
f 288/414/2 264/413/2 341/413/2 363/414/2
f 227/391/16 226/369/16 306/369/16 368/391/16
f 243/353/2 245/352/2 322/352/2 565/353/2
f 281/42/16 278/45/16 355/45/16 357/42/16
f 263/38/16 287/129/16 362/129/16 340/38/16
f 225/18/2 228/21/2 370/21/2 392/18/2
f 246/172/16 244/175/16 582/175/16 323/172/16
f 264/413/2 262/374/2 339/374/2 341/413/2
f 285/415/2 288/414/2 363/414/2 360/415/2
f 224/336/2 218/373/2 394/373/2 364/336/2
f 280/212/16 579/212/16 568/548/16 604/549/16
s 1
f 703/365/193 723/550/205 741/551/206 745/366/194
s 0
f 261/39/16 263/38/16 340/38/16 338/39/16
f 287/129/16 286/125/16 361/125/16 362/129/16
f 217/5/16 223/8/16 366/8/16 396/5/16
f 535/552/2 584/196/2 241/196/2 641/553/2 642/554/2
s 1
f 642/555/207 643/556/208 761/557/209 759/558/210 537/559/200 535/560/200
s 0
f 256/421/2 250/407/2 402/407/2 432/421/2
f 283/396/2 285/415/2 360/415/2 359/396/2
f 238/357/16 220/30/16 300/30/16 318/357/16
f 249/2/16 255/1/16 433/1/16 404/2/16
f 286/125/16 284/128/16 589/128/16 361/125/16
f 219/162/2 237/165/2 317/165/2 383/162/2
f 759/567/2 760/397/2 283/396/2 359/396/2 537/568/2
f 233/361/2 236/360/2 365/360/2 313/361/2
s 1
f 607/569/216 613/570/217 687/571/218 681/572/219
f 700/573/220 697/574/221 601/575/222 603/576/223 538/577/195 532/578/195
s 0
f 235/160/16 234/154/16 314/154/16 367/160/16
f 253/351/2 277/419/2 354/419/2 330/351/2
f 231/362/2 233/361/2 313/361/2 311/362/2
f 278/45/16 254/47/16 331/47/16 355/45/16
f 234/154/16 232/157/16 312/157/16 314/154/16
f 273/422/2 276/370/2 353/370/2 350/422/2
s 1
f 729/579/224 721/580/225 717/581/226 735/582/227
s 0
f 311/362/2 541/583/2 715/584/2 716/585/2 231/362/2
f 275/118/16 274/115/16 351/115/16 352/118/16
s 1
f 624/586/228 626/587/229 671/588/230 669/589/231 519/590/232 543/591/232
f 626/587/229 629/592/233 675/593/234 671/588/230
s 0
f 259/408/2 273/422/2 350/422/2 426/408/2
f 226/369/16 214/368/16 389/368/16 306/369/16
f 274/115/16 260/95/16 427/95/16 351/115/16
f 562/617/251 540/617/251 520/618/251 550/618/251
s 1
f 643/698/208 649/699/206 749/700/205 761/701/209
f 655/702/300 751/703/301 753/704/192 645/705/191
f 712/706/51 739/707/50 725/708/302 520/618/211 540/617/211 714/709/303
f 767/710/225 653/711/224 651/169/49 763/712/48
s 0
f 713/713/21 229/201/21 170/200/21 163/311/21 231/362/21 716/585/21 710/714/21 724/715/21 704/716/21 708/717/21 706/718/21 718/719/21 722/720/21 720/721/21 711/722/21
s 1
f 649/699/206 647/723/194 747/724/193 749/725/205
f 707/364/192 743/363/191 733/726/300 705/727/301
f 645/705/191 753/728/192 747/729/193 647/723/194
f 705/727/301 733/726/300 735/582/227 717/581/226
s 0
f 665/221/17 267/113/17 50/112/17 59/217/17 269/216/17 670/388/17 672/730/17 676/731/17 678/732/17 680/733/17 674/734/17 660/735/17 664/736/17 662/737/17 667/738/17
s 1
f 541/739/200 521/740/200 728/741/207 737/742/208 709/743/209 715/744/210
f 657/745/227 765/746/226 751/747/301 655/702/300
f 731/748/49 719/749/48 721/750/225 729/751/224
f 653/752/224 767/753/225 765/754/226 657/745/227
s 0
f 270/371/17 90/253/17 83/317/17 268/409/17 726/412/17 740/755/17 732/756/17 730/757/17 736/758/17 734/759/17 744/760/17 746/761/17 742/762/17 738/763/17 727/392/17
f 243/353/2 565/353/2 534/764/2 639/765/2 640/766/2
f 371/201/2 229/201/2 713/713/2 714/767/2 540/768/2
s 1
f 739/707/50 712/706/51 719/749/48 731/748/49
s 0
f 241/196/17 146/195/17 155/304/17 243/353/17 640/769/17 638/770/17 652/771/17 654/772/17 658/773/17 656/774/17 646/775/17 648/776/17 650/777/17 644/778/17 641/779/17
s 1
f 661/799/304 627/800/305 619/801/222 668/802/221
f 691/803/304 609/804/305 601/805/222 697/574/221
s 0
f 621/806/16 622/807/16 230/341/16 369/341/16 542/808/16
f 538/577/16 603/576/16 604/549/16 568/548/16
s 1
f 631/809/216 635/810/217 659/811/218 673/812/219
f 613/813/217 611/814/306 689/815/307 687/571/218
f 758/816/303 756/817/51 637/170/50 639/818/302 534/819/211 536/820/211
f 615/821/34 631/809/216 673/812/219 679/822/35
f 659/811/218 635/810/217 633/823/306 663/824/307
f 689/815/307 611/825/306 609/826/305 691/827/304
s 0
f 623/828/21 232/157/21 122/156/21 115/342/21 230/341/21 622/829/21 620/830/21 628/831/21 634/832/21 636/833/21 632/834/21 616/835/21 618/836/21 630/837/21 625/838/21
f 599/839/21 284/128/21 74/127/21 67/213/21 280/212/21 604/549/21 602/840/21 610/841/21 612/842/21 614/843/21 608/844/21 594/845/21 598/846/21 596/847/21 605/848/21
s 1
f 629/592/233 617/151/33 677/150/36 675/593/234
f 595/849/233 597/850/33 683/124/36 701/851/234
f 666/852/220 668/802/221 619/801/222 621/853/223 542/854/195 518/855/195
f 606/856/229 595/857/233 701/851/234 693/858/230
f 663/824/307 633/823/306 627/859/305 661/860/304
f 600/861/228 606/862/229 693/858/230 695/863/231 533/864/232 539/865/232
s 0
f 543/866/16 312/157/16 232/157/16 623/828/16 624/867/16
f 539/868/16 589/128/16 284/128/16 599/839/16 600/869/16
s 1
f 723/550/205 709/889/209 737/890/208 741/551/206
s 0
f 552/855/308 518/855/308 542/854/308 564/854/308
f 521/740/251 541/739/251 574/739/251 577/740/251
f 543/591/308 519/590/308 556/590/308 576/591/308
f 539/865/310 533/864/310 570/864/310 591/865/310
f 535/560/309 537/559/309 581/559/309 571/560/309
f 532/578/310 538/577/310 568/577/310 558/578/310
f 536/820/309 534/819/309 566/819/309 567/820/309
s 1
f 599/839/311 605/848/312 606/929/229 600/930/228
f 602/840/313 604/549/314 603/931/223 601/932/222
f 601/932/222 609/933/305 610/841/315 602/840/313
f 609/933/305 611/934/306 612/842/316 610/841/315
f 611/934/306 613/935/217 614/843/317 612/842/316
f 608/844/318 614/843/317 613/935/217 607/936/216
f 594/845/319 608/844/318 607/936/216 593/937/34
f 593/937/34 597/938/33 598/846/320 594/845/319
f 596/847/321 598/846/320 597/938/33 595/939/233
f 595/939/233 606/929/229 605/848/312 596/847/321
f 623/828/311 625/838/312 626/940/229 624/941/228
f 620/830/313 622/829/314 621/942/223 619/943/222
f 619/943/222 627/944/305 628/831/315 620/830/313
f 627/944/305 633/945/306 634/832/316 628/831/315
f 633/945/306 635/946/217 636/833/317 634/832/316
f 632/834/318 636/833/317 635/946/217 631/947/216
f 616/835/319 632/834/318 631/947/216 615/948/34
f 615/948/34 617/949/33 618/836/320 616/835/319
f 617/949/33 629/950/233 630/837/321 618/836/320
f 625/838/312 630/837/321 629/950/233 626/940/229
f 638/770/322 640/769/323 639/951/302 637/952/50
f 637/952/50 651/953/49 652/771/324 638/770/322
f 651/953/49 653/954/224 654/772/325 652/771/324
f 653/954/224 657/955/227 658/773/326 654/772/325
f 656/774/327 658/773/326 657/955/227 655/956/300
f 646/775/328 656/774/327 655/956/300 645/957/191
f 645/957/191 647/958/194 648/776/329 646/775/328
f 647/958/194 649/959/206 650/777/330 648/776/329
f 644/778/331 650/777/330 649/959/206 643/960/208
f 641/779/332 644/778/331 643/960/208 642/961/207
f 665/221/333 667/738/334 668/962/221 666/963/220
f 669/964/231 671/965/230 672/730/335 670/388/336
f 671/965/230 675/966/234 676/731/337 672/730/335
f 675/966/234 677/967/36 678/732/338 676/731/337
f 677/967/36 679/968/35 680/733/339 678/732/338
f 674/734/340 680/733/339 679/968/35 673/969/219
f 660/735/341 674/734/340 673/969/219 659/970/218
f 659/970/218 663/971/307 664/736/342 660/735/341
f 662/737/343 664/736/342 663/971/307 661/972/304
f 661/972/304 668/962/221 667/738/334 662/737/343
f 694/377/335 696/355/336 695/973/231 693/974/230
f 693/974/230 701/975/234 702/378/337 694/377/335
f 684/379/338 702/378/337 701/975/234 683/976/36
f 683/976/36 685/977/35 686/380/339 684/379/338
f 682/381/340 686/380/339 685/977/35 681/978/219
f 681/978/219 687/979/218 688/382/341 682/381/340
f 687/979/218 689/980/307 690/383/342 688/382/341
f 689/980/307 691/981/304 692/384/343 690/383/342
f 691/981/304 697/982/221 698/385/334 692/384/343
f 697/982/221 700/983/220 699/386/333 698/385/334
f 712/984/51 714/985/303 713/713/344 711/722/345
f 710/714/346 716/585/347 715/986/210 709/987/209
f 709/987/209 723/988/205 724/715/348 710/714/346
f 704/716/349 724/715/348 723/988/205 703/989/193
f 703/989/193 707/990/192 708/717/350 704/716/349
f 706/718/351 708/717/350 707/990/192 705/991/301
f 705/991/301 717/992/226 718/719/352 706/718/351
f 717/992/226 721/993/225 722/720/353 718/719/352
f 720/721/354 722/720/353 721/993/225 719/994/48
f 711/722/345 720/721/354 719/994/48 712/984/51
f 725/995/302 739/996/50 740/755/322 726/412/323
f 732/756/324 740/755/322 739/996/50 731/997/49
f 730/757/325 732/756/324 731/997/49 729/998/224
f 729/998/224 735/999/227 736/758/326 730/757/325
f 734/759/327 736/758/326 735/999/227 733/1000/300
f 733/1000/300 743/1001/191 744/760/328 734/759/327
f 743/1001/191 745/1002/194 746/761/329 744/760/328
f 742/762/330 746/761/329 745/1002/194 741/1003/206
f 738/763/331 742/762/330 741/1003/206 737/1004/208
f 727/392/332 738/763/331 737/1004/208 728/1005/207
f 756/1006/51 758/1007/303 757/395/344 755/406/345
f 759/1008/210 761/1009/209 762/398/346 760/397/347
f 750/399/348 762/398/346 761/1009/209 749/1010/205
f 748/400/349 750/399/348 749/1010/205 747/1011/193
f 747/1011/193 753/1012/192 754/401/350 748/400/349
f 752/402/351 754/401/350 753/1012/192 751/1013/301
f 751/1013/301 765/1014/226 766/403/352 752/402/351
f 765/1014/226 767/1015/225 768/404/353 766/403/352
f 764/405/354 768/404/353 767/1015/225 763/1016/48
f 755/406/345 764/405/354 763/1016/48 756/1006/51
f 593/1089/34 607/1090/216 681/572/219 685/1091/35
s 0
f 582/175/16 244/175/16 699/386/16 700/983/16 532/578/16 558/578/16
usemtl M_Noir_Profond
f 185/328/21 190/329/21 206/329/21 201/328/21
f 187/330/17 192/331/17 208/331/17 203/330/17
f 185/328/2 186/332/2 194/70/2 193/324/2
f 187/330/16 188/333/16 196/109/16 195/325/16
f 189/334/2 190/329/2 198/326/2 197/69/2
f 191/335/16 192/331/16 200/327/16 199/108/16
f 190/329/2 185/328/2 193/324/2 198/326/2
f 186/332/2 189/334/2 197/69/2 194/70/2
f 192/331/16 187/330/16 195/325/16 200/327/16
f 188/333/16 191/335/16 199/108/16 196/109/16
f 190/329/1 189/334/1 205/334/1 206/329/1
f 186/332/7 185/328/7 201/328/7 202/332/7
f 191/335/21 188/333/21 204/333/21 207/335/21
f 189/334/17 186/332/17 202/332/17 205/334/17
f 192/331/1 191/335/1 207/335/1 208/331/1
f 188/333/7 187/330/7 203/330/7 204/333/7
f 304/455/235 316/454/235 365/337/235 364/336/235
f 315/448/235 303/447/235 366/8/235 367/207/235
f 307/594/236 310/595/236 369/341/236 368/340/236
f 309/596/236 308/597/236 370/198/236 371/201/236
f 319/598/237 321/599/237 586/346/237 372/345/237
f 585/600/237 373/601/237 320/29/237 584/196/237
f 374/602/238 375/603/238 325/344/238 302/22/238
f 377/604/238 376/605/238 301/193/238 324/177/238
f 375/603/239 378/606/239 322/343/239 325/344/239
f 379/607/239 377/604/239 324/177/239 323/180/239
f 378/608/240 380/609/240 565/353/240 322/352/240
f 583/541/240 379/610/240 323/172/240 582/175/240
f 381/611/241 382/612/241 318/357/241 300/30/241
f 384/547/241 299/546/241 383/162/241 317/165/241
f 316/538/242 385/521/242 313/361/242 365/360/242
f 386/517/242 315/525/242 367/160/242 314/154/242
f 385/521/243 387/486/243 311/362/243 313/361/243
f 388/487/243 386/517/243 314/154/243 312/157/243
f 294/476/244 390/475/244 306/369/244 389/368/244
f 305/472/244 293/471/244 391/37/244 392/18/244
f 295/467/1 298/466/1 394/373/1 393/372/1
f 297/462/1 296/461/1 395/33/1 396/5/1
f 289/457/7 292/456/7 398/376/7 397/347/7
f 291/450/7 290/449/7 399/25/7 400/34/7
f 292/456/245 294/476/245 389/368/245 398/376/245
f 293/471/245 291/450/245 400/34/245 391/37/245
f 299/546/246 295/467/246 393/372/246 383/162/246
f 296/461/246 381/611/246 300/30/246 395/33/246
f 382/613/247 319/598/247 372/345/247 318/367/247
f 373/601/247 384/614/247 317/26/247 320/29/247
f 376/605/248 289/457/248 397/347/248 301/193/248
f 290/449/248 374/602/248 302/22/248 399/25/248
f 390/475/249 307/615/249 368/391/249 306/369/249
f 308/616/249 305/472/249 392/18/249 370/21/249
f 298/466/250 304/455/250 364/336/250 394/373/250
f 303/447/250 297/462/250 396/5/250 366/8/250
f 328/515/1 327/460/1 402/407/1 401/350/1
f 326/452/1 329/497/1 403/46/1 404/2/1
f 347/523/252 409/522/252 353/370/252 406/371/252
f 410/519/252 346/518/252 408/216/252 352/118/252
f 411/438/253 412/478/253 358/348/253 356/349/253
f 413/473/253 580/437/253 579/212/253 357/42/253
f 414/469/254 415/468/254 363/414/254 341/413/254
f 417/463/254 416/465/254 340/38/254 362/129/254
f 415/468/249 418/458/249 360/415/249 363/414/249
f 419/451/249 417/463/249 362/129/249 361/125/249
f 418/458/255 559/426/255 359/396/255 360/415/255
f 590/427/255 419/451/255 361/125/255 589/128/255
f 420/477/256 421/516/256 330/351/256 354/419/256
f 423/496/256 422/474/256 355/45/256 331/47/256
f 409/522/239 424/619/239 350/422/239 353/370/239
f 425/620/239 410/519/239 352/118/239 351/115/239
f 424/619/257 336/545/257 426/408/257 350/422/257
f 337/537/257 425/620/257 351/115/257 427/95/257
f 349/621/247 342/622/247 429/423/247 428/420/247
f 343/623/247 348/624/247 430/107/247 431/110/247
f 342/622/258 345/499/258 405/409/258 429/423/258
f 344/500/258 343/623/258 431/110/258 407/113/258
f 333/459/259 349/621/259 428/420/259 432/421/259
f 348/624/259 332/453/259 433/1/259 430/107/259
f 336/545/260 335/524/260 434/375/260 426/408/260
f 334/520/260 337/537/260 427/95/260 435/60/260
f 335/524/7 436/470/7 339/374/7 434/375/7
f 437/464/7 334/520/7 435/60/7 338/39/7
f 421/516/261 328/515/261 401/350/261 330/351/261
f 329/497/261 423/496/261 331/47/261 403/46/261
f 412/478/242 420/477/242 354/419/242 358/348/242
f 422/474/242 413/473/242 357/42/242 355/45/242
f 436/470/262 414/469/262 341/413/262 339/374/262
f 416/465/262 437/464/262 338/39/262 340/38/262
f 327/460/263 333/459/263 432/421/263 402/407/263
f 332/453/263 326/452/263 404/2/263 433/1/263
f 565/353/17 380/609/17 560/696/17 566/697/17
f 561/895/21 309/596/21 371/201/21 562/896/21
f 574/902/21 311/362/21 387/486/21 573/903/21
f 575/904/21 388/487/21 312/157/21 576/905/21
f 564/906/21 369/341/21 310/595/21 563/907/21
f 576/591/232 556/590/232 553/879/232 575/878/232
f 406/371/17 577/908/17 578/909/17 347/523/17
f 405/409/17 345/499/17 551/910/17 550/911/17
f 562/617/211 550/618/211 551/638/211 561/637/211
f 552/855/195 564/854/195 563/480/195 557/479/195
f 344/500/17 407/113/17 552/912/17 557/913/17
f 556/914/17 408/216/17 346/518/17 553/915/17
f 568/548/21 579/212/21 580/437/21 569/916/21
f 558/578/195 568/577/195 569/632/195 555/631/195
f 567/820/211 566/819/211 560/562/211 554/561/211
f 592/917/21 590/427/21 589/128/21 591/918/21
f 584/196/17 571/919/17 572/920/17 585/600/17
f 581/921/21 359/396/21 559/426/21 588/922/21
f 554/923/21 411/438/21 356/349/21 567/924/21
f 578/514/200 577/740/200 574/739/200 573/509/200
f 571/560/200 581/559/200 588/660/200 572/659/200
f 591/865/232 570/864/232 587/626/232 592/625/232
f 570/925/17 586/346/17 321/599/17 587/926/17
f 583/541/17 582/175/17 558/927/17 555/928/17
f 1012/1182/415 988/1183/415 1100/1183/415 1124/1182/415
f 975/1184/17 974/1185/17 1086/1185/17 1087/1184/17
f 988/1183/21 986/1186/21 1098/1186/21 1100/1183/21
f 974/1185/17 1021/1187/17 1133/1187/17 1086/1185/17
f 986/1186/21 984/1188/21 1096/1188/21 1098/1186/21
f 1020/1189/21 992/1190/21 1104/1190/21 1132/1189/21
f 984/1188/21 972/1191/21 1084/1191/21 1096/1188/21
f 992/1190/21 989/1192/21 1101/1192/21 1104/1190/21
f 972/1191/21 970/1193/21 1082/1193/21 1084/1191/21
f 989/1192/416 993/1194/416 1105/1194/416 1101/1192/416
f 970/1193/21 1011/1195/21 1123/1195/21 1082/1193/21
f 993/1196/416 995/1197/416 1107/1197/416 1105/1196/416
f 1010/1198/21 973/1199/21 1085/1199/21 1122/1198/21
f 995/1197/21 997/1200/21 1109/1200/21 1107/1197/21
f 973/1199/21 976/1201/21 1088/1201/21 1085/1199/21
f 997/1200/21 1019/1202/21 1131/1202/21 1109/1200/21
f 976/1201/21 1028/1203/21 1089/1203/21 1088/1201/21
f 1018/1204/21 1058/1205/21 1111/1205/21 1130/1204/21
f 1021/1187/417 1010/1198/417 1122/1198/417 1133/1187/417
f 1028/1206/21 1027/1207/21 1092/1207/21 1089/1206/21
f 1058/1205/21 1057/1208/21 1113/1208/21 1111/1205/21
f 1011/1195/418 1024/1209/418 1136/1209/418 1123/1195/418
f 1027/1207/21 1026/1210/21 1093/1210/21 1092/1207/21
f 1057/1208/415 1056/1211/415 1120/1211/415 1113/1208/415
f 1009/1212/423 1026/1210/423 981/1093/423 1025/1092/423
f 1026/1210/424 1027/1207/424 980/1096/424 981/1093/424
f 1027/1207/425 1028/1206/425 977/1099/425 980/1096/425
f 1028/1203/426 976/1201/426 1029/877/426 977/1102/426
f 976/1201/427 973/1199/427 1030/875/427 1029/877/427
f 973/1199/428 1010/1198/428 1031/874/428 1030/875/428
f 1011/1195/429 970/1193/429 1033/798/429 1032/871/429
f 970/1193/430 972/1191/430 1034/796/430 1033/798/430
f 972/1191/431 984/1188/431 1035/793/431 1034/796/431
f 984/1188/432 986/1186/432 1036/788/432 1035/793/432
f 986/1186/433 988/1183/433 1037/786/433 1036/788/433
f 988/1183/434 1012/1182/434 1038/785/434 1037/786/434
f 1013/1213/435 1040/1214/435 991/693/435 1039/695/435
f 1040/1214/427 1041/1215/427 990/691/427 991/693/427
f 1041/1215/426 1042/1216/426 994/690/426 990/691/426
f 1042/1217/425 1043/1218/425 996/686/425 994/687/425
f 1043/1218/424 1044/1219/424 998/1126/424 996/686/424
f 1044/1219/423 1014/1220/423 1045/1128/423 998/1126/423
f 1015/1221/434 1047/1222/434 1000/1130/434 1046/1129/434
f 1047/1222/433 1048/1223/433 1002/1133/433 1000/1130/433
f 1048/1223/432 1049/1224/432 1007/1135/432 1002/1133/432
f 1049/1224/431 1050/1225/431 1005/1138/431 1007/1135/431
f 1050/1225/430 1051/1226/430 1004/1140/430 1005/1138/430
f 1051/1226/429 1016/1227/429 1052/1142/429 1004/1140/429
f 1017/1228/429 1054/1229/429 1003/1145/429 1053/1144/429
f 1054/1229/430 1055/1230/430 1006/1147/430 1003/1145/430
f 1055/1230/431 1056/1211/431 1008/1150/431 1006/1147/431
f 1056/1211/432 1057/1208/432 1001/1152/432 1008/1150/432
f 1057/1208/433 1058/1205/433 999/1154/433 1001/1152/433
f 1058/1205/434 1018/1204/434 1059/1156/434 999/1154/434
f 1019/1202/436 997/1200/436 1061/876/436 1060/901/436
f 997/1200/424 995/1197/424 1062/873/424 1061/876/424
f 995/1197/425 993/1196/425 1063/872/425 1062/873/425
f 993/1194/426 989/1192/426 1064/797/426 1063/870/426
f 989/1192/427 992/1190/427 1065/795/427 1064/797/427
f 992/1190/435 1020/1189/435 1066/794/435 1065/795/435
f 1021/1187/428 974/1185/428 1068/787/428 1067/792/428
f 974/1185/427 975/1184/427 1069/784/427 1068/787/427
f 975/1184/426 1070/1231/426 978/783/426 1069/784/426
f 1070/1232/425 1071/1233/425 979/692/425 978/694/425
f 1071/1233/424 1072/1234/424 982/689/424 979/692/424
f 1072/1234/423 1022/1235/423 1073/688/423 982/689/423
f 1023/1236/434 1075/1237/434 987/1170/434 1074/1169/434
f 1075/1237/433 1076/1238/433 985/1172/433 987/1170/433
f 1076/1238/432 1077/1239/432 983/1174/432 985/1172/432
f 1077/1239/431 1078/1240/431 971/1176/431 983/1174/431
f 1078/1240/430 1079/1241/430 969/1178/430 971/1176/430
f 1079/1241/429 1024/1209/429 1080/1180/429 969/1178/429
f 1012/1182/437 1023/1236/437 1074/1169/437 1038/785/437
f 1022/1235/436 1009/1212/436 1025/1092/436 1073/688/436
f 1016/1227/429 1017/1228/429 1053/1144/429 1052/1142/429
f 1020/1189/428 1013/1213/428 1039/695/428 1066/794/428
f 1018/1204/434 1015/1221/434 1046/1129/434 1059/1156/434
f 1014/1220/423 1019/1202/423 1060/901/423 1045/1128/423
f 1024/1209/438 1011/1195/438 1032/871/438 1080/1180/438
f 1010/1198/435 1021/1187/435 1067/792/435 1031/874/435
f 1070/1231/443 975/1184/443 1087/1184/443 1090/1231/443
f 1040/1214/17 1013/1213/17 1125/1213/17 1103/1214/17
f 1071/1233/443 1070/1232/443 1090/1232/443 1091/1233/443
f 1041/1215/17 1040/1214/17 1103/1214/17 1102/1215/17
f 1072/1234/17 1071/1233/17 1091/1233/17 1094/1234/17
f 1042/1216/17 1041/1215/17 1102/1215/17 1106/1216/17
f 1022/1235/17 1072/1234/17 1094/1234/17 1134/1235/17
f 1043/1218/17 1042/1217/17 1106/1217/17 1108/1218/17
f 1075/1237/17 1023/1236/17 1135/1236/17 1099/1237/17
f 1044/1219/17 1043/1218/17 1108/1218/17 1110/1219/17
f 1076/1238/17 1075/1237/17 1099/1237/17 1097/1238/17
f 1014/1220/17 1044/1219/17 1110/1219/17 1126/1220/17
f 1077/1239/444 1076/1238/444 1097/1238/444 1095/1239/444
f 1047/1222/444 1015/1221/444 1127/1221/444 1112/1222/444
f 1078/1240/444 1077/1239/444 1095/1239/444 1083/1240/444
f 1048/1223/17 1047/1222/17 1112/1222/17 1114/1223/17
f 1079/1241/17 1078/1240/17 1083/1240/17 1081/1241/17
f 1049/1224/17 1048/1223/17 1114/1223/17 1119/1224/17
f 1024/1209/443 1079/1241/443 1081/1241/443 1136/1209/443
f 1050/1225/17 1049/1224/17 1119/1224/17 1117/1225/17
f 1023/1236/445 1012/1182/445 1124/1182/445 1135/1236/445
f 1051/1226/17 1050/1225/17 1117/1225/17 1116/1226/17
f 1009/1212/446 1022/1235/446 1134/1235/446 1121/1212/446
f 1016/1227/17 1051/1226/17 1116/1226/17 1128/1227/17
f 1017/1228/447 1016/1227/447 1128/1227/447 1129/1228/447
f 1054/1229/416 1017/1228/416 1129/1228/416 1115/1229/416
f 1013/1213/448 1020/1189/448 1132/1189/448 1125/1213/448
f 1055/1230/21 1054/1229/21 1115/1229/21 1118/1230/21
f 1015/1221/449 1018/1204/449 1130/1204/449 1127/1221/449
f 1056/1211/415 1055/1230/415 1118/1230/415 1120/1211/415
f 1026/1210/416 1009/1212/416 1121/1212/416 1093/1210/416
f 1019/1202/450 1014/1220/450 1126/1220/450 1131/1202/450
usemtl M_Cyan
f 208/331/16 207/335/16 204/333/16 203/330/16
f 206/329/2 205/334/2 202/332/2 201/328/2
s 1
f 1093/1210/439 1121/1212/423 1134/1235/423 1094/1234/439
f 1095/1239/1 1096/1188/1 1084/1191/411 1083/1240/411
f 1110/1219/439 1108/1218/405 1107/1197/405 1109/1200/439
f 1089/1206/7 1092/1207/405 1091/1233/405 1090/1232/7
f 1111/1205/440 1112/1222/440 1127/1221/434 1130/1204/434
f 1102/1215/406 1103/1214/441 1104/1190/441 1101/1192/406
f 1113/1208/412 1114/1223/412 1112/1222/440 1111/1205/440
f 1126/1220/423 1110/1219/439 1109/1200/439 1131/1202/423
f 1135/1236/434 1124/1182/434 1100/1183/440 1099/1237/440
f 1115/1229/442 1116/1226/442 1117/1225/411 1118/1230/411
f 1099/1237/440 1100/1183/440 1098/1186/412 1097/1238/412
f 1097/1238/412 1098/1186/412 1096/1188/1 1095/1239/1
f 1120/1211/1 1119/1224/1 1114/1223/412 1113/1208/412
f 1122/1198/428 1085/1199/441 1086/1185/441 1133/1187/428
f 1129/1228/429 1128/1227/429 1116/1226/442 1115/1229/442
f 1083/1240/411 1084/1191/411 1082/1193/442 1081/1241/442
f 1103/1214/441 1125/1213/428 1132/1189/428 1104/1190/441
f 1088/1201/406 1089/1203/7 1090/1231/7 1087/1184/406
f 1118/1230/411 1117/1225/411 1119/1224/1 1120/1211/1
f 1092/1207/405 1093/1210/439 1094/1234/439 1091/1233/405
f 1106/1216/7 1102/1215/406 1101/1192/406 1105/1194/7
f 1085/1199/441 1088/1201/406 1087/1184/406 1086/1185/441
f 1108/1218/405 1106/1217/7 1105/1196/7 1107/1197/405
f 1081/1241/442 1082/1193/442 1123/1195/429 1136/1209/429
s 0
usemtl M_Blanc
f 771/425/21 512/426/21 513/427/21 898/428/21 902/429/21 882/430/21 884/431/21 886/432/21 894/433/21 888/434/21 889/435/21
f 895/436/21 509/437/21 508/438/21 770/439/21 892/440/21 904/441/21 906/442/21 908/443/21 910/444/21 912/445/21 899/446/21
f 303/447/2 315/448/2 464/448/2 452/447/2
f 290/449/16 291/450/16 440/450/16 439/449/16
f 419/451/2 590/427/2 513/427/2 515/451/2
f 326/452/2 332/453/2 484/453/2 478/452/2
f 316/454/16 304/455/16 453/455/16 465/454/16
f 292/456/2 289/457/2 438/457/2 441/456/2
f 559/426/16 418/458/16 514/458/16 512/426/16
f 333/459/16 327/460/16 479/460/16 485/459/16
f 296/461/2 297/462/2 446/462/2 445/461/2
f 417/463/2 419/451/2 515/451/2 516/463/2
f 437/464/2 416/465/2 492/465/2 490/464/2
f 298/466/16 295/467/16 444/467/16 447/466/16
f 418/458/16 415/468/16 517/468/16 514/458/16
f 414/469/16 436/470/16 491/470/16 493/469/16
f 293/471/16 305/472/16 454/472/16 442/471/16
f 416/465/2 417/463/2 516/463/2 492/465/2
f 413/473/2 422/474/2 507/474/2 510/473/2
f 390/475/2 294/476/2 443/476/2 455/475/2
f 415/468/16 414/469/16 493/469/16 517/468/16
f 420/477/16 412/478/16 511/478/16 506/477/16
s 1
f 528/479/195 524/480/195 774/481/196 940/482/197 941/483/198 781/484/199
s 0
f 779/485/21 460/486/21 461/487/21 776/488/21 842/489/21 852/490/21 826/491/21 830/492/21 828/493/21 834/494/21 835/495/21
f 580/437/2 413/473/2 510/473/2 509/437/2
f 423/496/2 329/497/2 481/497/2 483/496/2
f 785/498/17 497/499/17 496/500/17 782/501/17 870/502/17 856/503/17 854/504/17 858/505/17 866/506/17 862/507/17 859/508/17
s 1
f 527/509/200 780/510/201 933/511/202 948/512/203 787/513/204 531/514/200
s 0
f 412/478/16 411/438/16 508/438/16 511/478/16
f 328/515/16 421/516/16 482/516/16 480/515/16
f 386/517/2 388/487/2 461/487/2 463/517/2
f 346/518/2 410/519/2 504/519/2 498/518/2
f 334/520/2 437/464/2 490/464/2 486/520/2
f 387/486/16 385/521/16 462/521/16 460/486/16
f 409/522/16 347/523/16 499/523/16 505/522/16
f 436/470/16 335/524/16 487/524/16 491/470/16
f 315/525/2 386/517/2 463/517/2 464/525/2
f 530/526/16 345/499/16 497/499/16 785/498/16 786/527/16
f 498/518/17 499/523/17 788/528/17 864/529/17 872/530/17 874/531/17 876/532/17 878/533/17 880/534/17 868/535/17 783/536/17
f 337/537/2 334/520/2 486/520/2 489/537/2
f 385/521/16 316/538/16 465/538/16 462/521/16
f 787/539/16 788/528/16 499/523/16 347/523/16 531/540/16
f 473/541/2 583/541/2 544/542/2 789/543/2 790/544/2
f 335/524/16 336/545/16 488/545/16 487/524/16
f 299/546/16 384/547/16 466/547/16 448/546/16
s 1
f 522/561/211 546/562/211 816/563/212 926/564/213 962/565/214 769/566/215
f 453/455/264 452/447/264 464/448/265 465/454/265
f 456/594/266 457/597/266 458/596/267 459/595/267
f 468/598/268 469/601/268 470/600/269 471/599/269
f 451/602/270 450/605/270 476/604/271 477/603/271
f 477/603/271 476/604/271 475/607/272 474/606/272
f 474/608/272 475/610/272 473/541/273 472/609/273
f 549/625/232 545/626/232 792/627/274 919/628/275 955/629/276 897/630/277
f 544/631/195 548/632/195 896/633/196 968/634/197 920/635/198 789/636/199
f 449/611/278 448/546/278 466/547/279 467/612/279
f 465/538/265 464/525/265 463/517/280 462/521/280
f 462/521/280 463/517/280 461/487/281 460/486/281
f 526/637/211 530/638/211 786/639/212 947/640/213 934/641/214 777/642/215
s 0
f 310/595/2 459/595/2 773/643/2 774/644/2 524/645/2
s 1
f 443/476/282 442/471/282 454/472/283 455/475/283
s 0
f 444/467/1 445/461/1 446/462/1 447/466/1
f 438/457/7 439/449/7 440/450/7 441/456/7
f 441/456/7 440/450/7 442/471/7 443/476/7
f 448/546/1 449/611/1 445/461/1 444/467/1
s 1
f 467/613/279 466/614/279 469/601/268 468/598/268
s 0
f 450/605/7 451/602/7 439/449/7 438/457/7
s 1
f 455/475/283 454/472/283 457/616/266 456/615/266
s 0
f 447/466/1 446/462/1 452/447/1 453/455/1
f 479/460/1 480/515/1 481/497/1 478/452/1
f 496/500/2 344/500/2 528/646/2 781/647/2 782/501/2
f 498/518/2 783/536/2 784/648/2 529/649/2 346/518/2
s 1
f 499/523/284 498/518/284 504/519/285 505/522/285
f 508/438/286 509/437/286 510/473/287 511/478/287
f 493/469/288 492/465/288 516/463/289 517/468/289
f 517/468/289 516/463/289 515/451/290 514/458/290
f 514/458/290 515/451/290 513/427/291 512/426/291
s 0
f 773/650/21 459/595/21 458/596/21 778/651/21 832/652/21 838/653/21 850/654/21 848/655/21 846/656/21 840/657/21 843/658/21
s 1
f 547/659/200 523/660/200 772/661/201 961/662/202 913/663/203 817/664/204
f 506/477/292 507/474/292 483/496/293 482/516/293
f 505/522/285 504/519/285 503/620/294 502/619/294
f 502/619/294 503/620/294 489/537/295 488/545/295
f 501/621/296 500/624/296 495/623/297 494/622/297
f 494/622/297 495/623/297 496/500/298 497/499/298
f 485/459/299 484/453/299 500/624/296 501/621/296
s 0
f 487/524/7 488/545/7 489/537/7 486/520/7
f 491/470/7 487/524/7 486/520/7 490/464/7
f 480/515/1 482/516/1 483/496/1 481/497/1
s 1
f 511/478/287 510/473/287 507/474/292 506/477/292
s 0
f 493/469/7 491/470/7 490/464/7 492/465/7
f 485/459/1 479/460/1 478/452/1 484/453/1
f 294/476/2 292/456/2 441/456/2 443/476/2
f 310/595/2 307/594/2 456/594/2 459/595/2
f 897/665/2 898/428/2 513/427/2 590/427/2 549/666/2
f 291/450/16 293/471/16 442/471/16 440/450/16
f 308/597/16 309/596/16 458/596/16 457/597/16
f 421/516/16 420/477/16 506/477/16 482/516/16
f 295/467/16 299/546/16 448/546/16 444/467/16
f 321/599/2 319/598/2 468/598/2 471/599/2
f 422/474/2 423/496/2 483/496/2 507/474/2
f 381/611/2 296/461/2 445/461/2 449/611/2
f 373/601/16 585/600/16 470/600/16 469/601/16
f 424/619/16 409/522/16 505/522/16 502/619/16
f 319/598/2 382/613/2 467/613/2 468/598/2
f 375/603/16 374/602/16 451/602/16 477/603/16
f 410/519/2 425/620/2 503/620/2 504/519/2
f 384/614/16 373/601/16 469/601/16 466/614/16
f 376/605/2 377/604/2 476/604/2 450/605/2
f 336/545/16 424/619/16 502/619/16 488/545/16
f 289/457/2 376/605/2 450/605/2 438/457/2
f 378/606/16 375/603/16 477/603/16 474/606/16
f 425/620/2 337/537/2 489/537/2 503/620/2
f 374/602/16 290/449/16 439/449/16 451/602/16
f 377/604/2 379/607/2 475/607/2 476/604/2
f 342/622/16 349/621/16 501/621/16 494/622/16
f 307/615/2 390/475/2 455/475/2 456/615/2
f 380/609/16 378/608/16 474/608/16 472/609/16
f 348/624/2 343/623/2 495/623/2 500/624/2
f 305/472/16 308/616/16 457/616/16 454/472/16
f 379/610/2 583/541/2 473/541/2 475/610/2
f 345/499/16 342/622/16 494/622/16 497/499/16
f 304/455/16 298/466/16 447/466/16 453/455/16
f 471/599/17 470/600/17 818/667/17 820/668/17 824/669/17 802/670/17 804/671/17 800/672/17 806/673/17 798/674/17 791/675/17
f 472/609/17 473/541/17 790/544/17 794/676/17 796/677/17 808/678/17 812/679/17 810/680/17 814/681/17 822/682/17 815/683/17
f 343/623/2 344/500/2 496/500/2 495/623/2
f 297/462/2 303/447/2 452/447/2 446/462/2
f 817/684/16 818/667/16 470/600/16 585/600/16 547/685/16
f 827/686/17 829/687/17 994/687/17 996/686/17
f 349/621/16 333/459/16 485/459/16 501/621/16
f 327/460/16 328/515/16 480/515/16 479/460/16
f 382/612/2 381/611/2 449/611/2 467/612/2
f 332/453/2 348/624/2 500/624/2 484/453/2
f 329/497/2 326/452/2 478/452/2 481/497/2
f 890/688/17 887/689/17 982/689/17 1073/688/17
f 829/690/17 825/691/17 990/691/17 994/690/17
f 887/689/17 893/692/17 979/692/17 982/689/17
f 825/691/17 851/693/17 991/693/17 990/691/17
f 893/692/17 885/694/17 978/694/17 979/692/17
f 851/693/17 841/695/17 1039/695/17 991/693/17
f 546/780/16 380/609/16 472/609/16 815/781/16 816/782/16
f 885/783/17 883/784/17 1069/784/17 978/783/17
f 821/785/21 813/786/21 1037/786/21 1038/785/21
f 883/784/17 881/787/17 1068/787/17 1069/784/17
f 813/786/21 809/788/21 1036/788/21 1037/786/21
f 580/437/2 509/437/2 895/789/2 896/790/2 548/791/2
f 881/787/17 901/792/17 1067/792/17 1068/787/17
f 809/788/21 811/793/21 1035/793/21 1036/788/21
f 867/794/21 879/795/21 1065/795/21 1066/794/21
f 811/793/21 807/796/21 1034/796/21 1035/793/21
f 879/795/21 877/797/21 1064/797/21 1065/795/21
f 807/796/21 795/798/21 1033/798/21 1034/796/21
f 877/797/21 875/870/21 1063/870/21 1064/797/21
f 795/798/21 793/871/21 1032/871/21 1033/798/21
f 875/872/21 873/873/21 1062/873/21 1063/872/21
f 797/874/21 805/875/21 1030/875/21 1031/874/21
f 873/873/21 871/876/21 1061/876/21 1062/873/21
f 805/875/21 799/877/21 1029/877/21 1030/875/21
f 561/637/308 551/638/308 530/638/308 526/637/308
s 1
f 525/878/232 529/879/232 784/880/274 954/881/275 927/882/276 775/883/277
s 0
f 777/884/16 778/651/16 458/596/16 309/596/16 526/885/16
f 563/480/251 524/480/251 528/479/251 557/479/251
f 388/487/2 525/886/2 775/887/2 776/888/2 461/487/2
f 527/509/308 531/514/308 578/514/308 573/509/308
f 527/891/16 387/486/16 460/486/16 779/485/16 780/892/16
f 545/893/2 321/599/2 471/599/2 791/675/2 792/894/2
f 769/897/16 770/439/16 508/438/16 411/438/16 522/898/16
f 545/626/309 549/625/309 592/625/309 587/626/309
f 523/899/16 559/426/16 512/426/16 771/425/16 772/900/16
f 871/876/21 863/901/21 1060/901/21 1061/876/21
f 529/879/251 525/878/251 575/878/251 553/879/251
f 523/660/310 547/659/310 572/659/310 588/660/310
f 548/632/309 544/631/309 555/631/309 569/632/309
f 546/562/310 522/561/310 554/561/310 560/562/310
s 1
f 817/1017/204 913/1018/203 820/668/355 818/667/332
f 913/1018/203 914/1019/356 824/669/357 820/668/355
f 802/670/358 824/669/357 914/1019/356 915/1020/359
f 915/1020/359 916/1021/360 804/671/361 802/670/358
f 800/672/362 804/671/361 916/1021/360 917/1022/363
f 917/1022/363 918/1023/364 806/673/365 800/672/362
f 798/674/366 806/673/365 918/1023/364 919/1024/275
f 791/675/336 798/674/366 919/1024/275 792/1025/274
f 789/1026/199 920/1027/198 794/676/367 790/544/333
f 920/1027/198 921/1028/368 796/677/369 794/676/367
f 921/1028/368 922/1029/370 808/678/371 796/677/369
f 922/1029/370 923/1030/372 812/679/373 808/678/371
f 810/680/374 812/679/373 923/1030/372 924/1031/375
f 924/1031/375 925/1032/376 814/681/377 810/680/374
f 925/1032/376 926/1033/213 822/682/378 814/681/377
f 815/683/323 822/682/378 926/1033/213 816/1034/212
f 779/485/347 835/495/379 933/1035/202 780/1036/201
f 775/1037/277 927/1038/276 842/489/380 776/488/311
f 927/1038/276 928/1039/381 852/490/382 842/489/380
f 826/491/383 852/490/382 928/1039/381 929/1040/384
f 929/1040/384 930/1041/385 830/492/386 826/491/383
f 828/493/387 830/492/386 930/1041/385 931/1042/388
f 931/1042/388 932/1043/389 834/494/390 828/493/387
f 932/1043/389 933/1035/202 835/495/379 834/494/390
f 773/650/314 843/658/391 940/1044/197 774/1045/196
f 777/1046/215 934/1047/214 832/652/392 778/651/344
f 934/1047/214 935/1048/393 838/653/394 832/652/392
f 935/1048/393 936/1049/395 850/654/396 838/653/394
f 848/655/397 850/654/396 936/1049/395 937/1050/398
f 846/656/399 848/655/397 937/1050/398 938/1051/400
f 840/657/401 846/656/399 938/1051/400 939/1052/402
f 939/1052/402 940/1044/197 843/658/391 840/657/401
f 785/498/323 859/508/378 947/1053/213 786/1054/212
f 781/1055/199 941/1056/198 870/502/367 782/501/333
f 856/503/369 870/502/367 941/1056/198 942/1057/368
f 854/504/371 856/503/369 942/1057/368 943/1058/370
f 943/1058/370 944/1059/372 858/505/373 854/504/371
f 944/1059/372 945/1060/375 866/506/374 858/505/373
f 862/507/377 866/506/374 945/1060/375 946/1061/376
f 859/508/378 862/507/377 946/1061/376 947/1053/213
f 787/1062/204 948/1063/203 864/529/355 788/528/332
f 948/1063/203 949/1064/356 872/530/357 864/529/355
f 949/1064/356 950/1065/359 874/531/358 872/530/357
f 950/1065/359 951/1066/360 876/532/361 874/531/358
f 951/1066/360 952/1067/363 878/533/362 876/532/361
f 952/1067/363 953/1068/364 880/534/365 878/533/362
f 868/535/366 880/534/365 953/1068/364 954/1069/275
f 783/536/336 868/535/366 954/1069/275 784/1070/274
f 771/425/347 889/435/379 961/1071/202 772/1072/201
f 897/1073/277 955/1074/276 902/429/380 898/428/311
f 882/430/382 902/429/380 955/1074/276 956/1075/381
f 956/1075/381 957/1076/384 884/431/383 882/430/382
f 957/1076/384 958/1077/385 886/432/386 884/431/383
f 958/1077/385 959/1078/388 894/433/387 886/432/386
f 888/434/390 894/433/387 959/1078/388 960/1079/389
f 960/1079/389 961/1071/202 889/435/379 888/434/390
f 895/436/314 899/446/391 968/1080/197 896/1081/196
f 769/1082/215 962/1083/214 892/440/392 770/439/344
f 962/1083/214 963/1084/393 904/441/394 892/440/392
f 963/1084/393 964/1085/395 906/442/396 904/441/394
f 964/1085/395 965/1086/398 908/443/397 906/442/396
f 965/1086/398 966/1087/400 910/444/399 908/443/397
f 966/1087/400 967/1088/402 912/445/401 910/444/399
f 899/446/391 912/445/401 967/1088/402 968/1080/197
f 819/1092/403 823/1093/404 914/1094/356 913/1095/203
f 823/1093/404 801/1096/405 915/1097/359 914/1098/356
f 801/1096/405 803/1099/7 916/1100/360 915/1101/359
f 803/1102/7 799/877/406 917/1103/363 916/1104/360
f 799/877/406 805/875/407 918/1105/364 917/1106/363
f 805/875/407 797/874/408 919/1107/275 918/1108/364
f 793/871/409 795/798/410 921/1109/368 920/1110/198
f 795/798/410 807/796/411 922/1111/370 921/1112/368
f 807/796/411 811/793/1 923/1113/372 922/1114/370
f 811/793/1 809/788/412 924/1115/375 923/1116/372
f 809/788/412 813/786/413 925/1117/376 924/1118/375
f 813/786/413 821/785/414 926/1119/213 925/1120/376
f 841/695/408 851/693/407 928/1121/381 927/882/276
f 851/693/407 825/691/406 929/1122/384 928/1121/381
f 825/691/406 829/690/7 930/1123/385 929/1122/384
f 829/687/7 827/686/405 931/1124/388 930/1125/385
f 827/686/405 833/1126/404 932/1127/389 931/1124/388
f 833/1126/404 836/1128/403 933/511/202 932/1127/389
f 831/1129/414 837/1130/413 935/1131/393 934/1132/214
f 837/1130/413 849/1133/412 936/1134/395 935/1131/393
f 849/1133/412 847/1135/1 937/1136/398 936/1137/395
f 847/1135/1 845/1138/411 938/1139/400 937/1136/398
f 845/1138/411 839/1140/410 939/1141/402 938/1139/400
f 839/1140/410 844/1142/409 940/482/197 939/1143/402
f 869/1144/409 855/1145/410 942/1146/368 941/483/198
f 855/1145/410 853/1147/411 943/1148/370 942/1149/368
f 853/1147/411 857/1150/1 944/1151/372 943/1148/370
f 857/1150/1 865/1152/412 945/1153/375 944/1151/372
f 865/1152/412 861/1154/413 946/1155/376 945/1153/375
f 861/1154/413 860/1156/414 947/640/213 946/1155/376
f 863/901/403 871/876/404 949/1157/356 948/512/203
f 871/876/404 873/873/405 950/1158/359 949/1157/356
f 873/873/405 875/872/7 951/1159/360 950/1158/359
f 875/870/7 877/797/406 952/1160/363 951/1161/360
f 877/797/406 879/795/407 953/1162/364 952/1160/363
f 879/795/407 867/794/408 954/881/275 953/1162/364
f 901/792/408 881/787/407 956/1163/381 955/629/276
f 881/787/407 883/784/406 957/1164/384 956/1163/381
f 883/784/406 885/783/7 958/1165/385 957/1164/384
f 885/694/7 893/692/405 959/1166/388 958/1167/385
f 893/692/405 887/689/404 960/1168/389 959/1166/388
f 887/689/404 890/688/403 961/662/202 960/1168/389
f 891/1169/414 903/1170/413 963/1171/393 962/565/214
f 903/1170/413 905/1172/412 964/1173/395 963/1171/393
f 905/1172/412 907/1174/1 965/1175/398 964/1173/395
f 907/1174/1 909/1176/411 966/1177/400 965/1175/398
f 909/1176/411 911/1178/410 967/1179/402 966/1177/400
f 911/1178/410 900/1180/409 968/634/197 967/1181/402
f 821/785/414 891/1169/414 962/565/214 926/1119/213
f 890/688/403 819/1092/403 913/1095/203 961/662/202
f 844/1142/409 869/1144/409 941/483/198 940/482/197
f 867/794/408 841/695/408 927/882/276 954/881/275
f 860/1156/414 831/1129/414 934/1132/214 947/640/213
f 836/1128/403 863/901/403 948/512/203 933/511/202
f 900/1180/409 793/871/409 920/1110/198 968/634/197
f 797/874/408 901/792/408 955/629/276 919/1107/275
s 0
f 903/1170/17 891/1169/17 1074/1169/17 987/1170/17
f 833/1126/17 827/686/17 996/686/17 998/1126/17
f 905/1172/17 903/1170/17 987/1170/17 985/1172/17
f 836/1128/17 833/1126/17 998/1126/17 1045/1128/17
f 907/1174/17 905/1172/17 985/1172/17 983/1174/17
f 837/1130/17 831/1129/17 1046/1129/17 1000/1130/17
f 909/1176/17 907/1174/17 983/1174/17 971/1176/17
f 849/1133/17 837/1130/17 1000/1130/17 1002/1133/17
f 911/1178/17 909/1176/17 971/1176/17 969/1178/17
f 847/1135/17 849/1133/17 1002/1133/17 1007/1135/17
f 900/1180/17 911/1178/17 969/1178/17 1080/1180/17
f 845/1138/17 847/1135/17 1007/1135/17 1005/1138/17
f 891/1169/419 821/785/419 1038/785/419 1074/1169/419
f 839/1140/17 845/1138/17 1005/1138/17 1004/1140/17
f 819/1092/420 890/688/420 1073/688/420 1025/1092/420
f 844/1142/17 839/1140/17 1004/1140/17 1052/1142/17
f 869/1144/421 844/1142/421 1052/1142/421 1053/1144/421
f 855/1145/21 869/1144/21 1053/1144/21 1003/1145/21
f 841/695/422 867/794/422 1066/794/422 1039/695/422
f 853/1147/21 855/1145/21 1003/1145/21 1006/1147/21
f 831/1129/419 860/1156/419 1059/1156/419 1046/1129/419
f 857/1150/21 853/1147/21 1006/1147/21 1008/1150/21
f 823/1093/21 819/1092/21 1025/1092/21 981/1093/21
f 863/901/420 836/1128/420 1045/1128/420 1060/901/420
f 865/1152/21 857/1150/21 1008/1150/21 1001/1152/21
f 801/1096/21 823/1093/21 981/1093/21 980/1096/21
f 793/871/421 900/1180/421 1080/1180/421 1032/871/421
f 861/1154/21 865/1152/21 1001/1152/21 999/1154/21
f 803/1099/21 801/1096/21 980/1096/21 977/1099/21
f 901/792/422 797/874/422 1031/874/422 1067/792/422
f 860/1156/21 861/1154/21 999/1154/21 1059/1156/21
f 799/877/21 803/1102/21 977/1102/21 1029/877/21
