# Blender 4.2.3 LTS
# www.blender.org
mtllib SM_Storage_Crate.mtl
o SM_Storage_Crate
v 0.245540 0.055480 -0.270751
v 0.245540 0.050166 -0.270751
v 0.245540 0.050009 -0.265437
v 0.245540 0.055637 -0.265437
v -0.245540 0.055480 -0.270750
v -0.245540 0.055637 -0.265436
v -0.245540 0.050009 -0.265436
v -0.245540 0.050166 -0.270750
v -0.245540 0.055480 0.270751
v -0.245540 0.050166 0.270751
v -0.245540 0.050009 0.265437
v -0.245540 0.055637 0.265437
v 0.161636 0.201732 -0.354929
v 0.166950 0.201732 -0.354929
v 0.166950 0.207046 -0.354929
v 0.161636 0.207046 -0.354929
v -0.161636 0.201732 -0.354929
v -0.161636 0.207046 -0.354929
v -0.166950 0.207046 -0.354929
v -0.166950 0.201732 -0.354929
v -0.161636 0.201732 0.354929
v -0.166950 0.201732 0.354929
v -0.166950 0.207046 0.354929
v -0.161636 0.207046 0.354929
v 0.161636 0.201732 0.354929
v 0.161636 0.207046 0.354929
v 0.166950 0.207046 0.354929
v 0.166950 0.201732 0.354929
v 0.245540 0.201732 0.265436
v 0.245540 0.201732 0.270750
v 0.245540 0.207046 0.270750
v 0.245540 0.207046 0.265436
v 0.245540 0.201732 -0.265436
v 0.245540 0.207046 -0.265436
v 0.245540 0.207046 -0.270751
v 0.245540 0.201732 -0.270751
v -0.245540 0.201732 -0.265436
v -0.245540 0.201732 -0.270750
v -0.245540 0.207046 -0.270750
v -0.245540 0.207046 -0.265436
v -0.245540 0.201732 0.265437
v -0.245540 0.207046 0.265437
v -0.245540 0.207046 0.270751
v -0.245540 0.201732 0.270751
v -0.161636 0.005806 0.270751
v -0.161636 0.005806 0.265437
v -0.166950 0.005806 0.265437
v -0.166950 0.005806 0.270751
v 0.161636 0.005806 0.270751
v 0.166950 0.005806 0.270751
v 0.166950 0.005806 0.265436
v 0.161636 0.005806 0.265436
v -0.161636 0.005806 -0.265436
v -0.161636 0.005806 -0.270750
v -0.166950 0.005806 -0.270750
v -0.166950 0.005806 -0.265436
v 0.161636 0.005806 -0.265436
v 0.166950 0.005806 -0.265436
v 0.166950 0.005806 -0.270751
v 0.161636 0.005806 -0.270751
v -0.161636 0.268050 -0.270751
v -0.164293 0.268050 -0.265436
v -0.166950 0.268050 -0.270751
v 0.161636 0.268050 -0.270751
v 0.166950 0.268050 -0.270751
v 0.164293 0.268050 -0.265436
v -0.161636 0.268050 0.270751
v -0.166950 0.268050 0.270751
v -0.164293 0.268050 0.265436
v 0.164293 0.268050 0.265436
v 0.166950 0.268050 0.270751
v 0.161636 0.268050 0.270751
v 0.251346 0.220499 -0.117963
v -0.251346 0.220499 0.117963
v -0.251346 0.220499 -0.104687
v 0.251346 0.220499 -0.104687
v 0.245540 0.050166 0.270750
v 0.245540 0.050009 0.265436
v 0.245540 0.055637 0.265436
v 0.245540 0.055480 0.270750
v 0.161636 0.055480 0.354929
v 0.161636 0.050166 0.354929
v 0.166950 0.050166 0.354929
v 0.166950 0.055480 0.354929
v -0.166950 0.050166 0.354929
v -0.161636 0.050166 0.354929
v -0.161636 0.055480 0.354929
v -0.166950 0.055480 0.354929
v -0.161636 0.055480 -0.354929
v -0.161636 0.050166 -0.354929
v -0.166950 0.050166 -0.354929
v -0.166950 0.055480 -0.354929
v 0.166950 0.050166 -0.354929
v 0.161636 0.050166 -0.354929
v 0.161636 0.055480 -0.354929
v 0.166950 0.055480 -0.354929
v 0.166950 0.005806 -0.131416
v 0.161636 0.005806 -0.131416
v -0.161636 0.005806 -0.131416
v -0.166950 0.005806 -0.131416
v 0.161636 0.005806 0.131416
v 0.166950 0.005806 0.131416
v 0.166950 0.005806 -0.104687
v 0.161636 0.005806 -0.104687
v -0.166950 0.005806 0.131417
v -0.161636 0.005806 0.131417
v -0.161636 0.005806 -0.104687
v -0.166950 0.005806 -0.104687
v 0.161636 0.005806 0.104687
v 0.166950 0.005806 0.104687
v -0.166950 0.005806 0.104687
v -0.161636 0.005806 0.104687
v 0.245540 0.201732 -0.104687
v 0.245540 0.207046 -0.104687
v 0.245540 0.207046 0.104687
v 0.245540 0.201732 0.104687
v 0.245540 0.201732 -0.131416
v 0.245540 0.207046 -0.131416
v -0.245540 0.201732 0.104687
v -0.245540 0.207046 0.104687
v -0.245540 0.207046 -0.104687
v -0.245540 0.201732 -0.104687
v -0.245540 0.201732 0.131417
v -0.245540 0.207046 0.131417
v -0.245540 0.207046 -0.131416
v -0.245540 0.201732 -0.131416
v 0.245540 0.207046 0.131416
v 0.245540 0.201732 0.131416
v -0.245540 0.050003 -0.131416
v -0.245540 0.055644 -0.131416
v 0.245540 0.050003 0.131416
v 0.245540 0.055644 0.131416
v 0.245540 0.055644 -0.131417
v 0.245540 0.050003 -0.131417
v 0.245540 0.032617 0.104687
v 0.245540 0.038266 0.104687
v -0.245540 0.055644 0.131417
v -0.245540 0.050003 0.131417
v -0.245540 0.032617 -0.104687
v -0.245540 0.038266 -0.104687
v -0.245540 0.038266 0.104687
v -0.245540 0.032617 0.104687
v 0.245540 0.038266 -0.104687
v 0.245540 0.032617 -0.104687
v -0.251346 0.018148 -0.335322
v -0.225940 0.018148 -0.360735
v -0.234880 0.257419 -0.360735
v -0.251346 0.257770 -0.344262
v -0.235242 0.273856 -0.344262
v 0.225940 0.018148 -0.360735
v 0.251346 0.018148 -0.335322
v 0.251346 0.257770 -0.344262
v 0.234879 0.257419 -0.360735
v 0.235242 0.273856 -0.344262
v -0.225940 0.018148 0.360735
v -0.251346 0.018148 0.335322
v -0.234879 0.257419 0.360735
v -0.235242 0.273856 0.344262
v -0.251346 0.257770 0.344262
v 0.251346 0.018148 0.335322
v 0.225940 0.018148 0.360735
v 0.234880 0.257419 0.360735
v 0.251346 0.257770 0.344262
v 0.235242 0.273856 0.344262
v 0.251346 0.244629 -0.117963
v 0.235519 0.273856 -0.131416
v 0.235519 0.273856 0.131416
v -0.235519 0.273856 0.131417
v -0.235519 0.273856 -0.131416
v 0.235585 0.273856 -0.104687
v 0.251346 0.244661 -0.104671
v 0.235585 0.273856 0.104687
v -0.235585 0.273856 0.104687
v -0.251346 0.244661 -0.104671
v -0.235585 0.273856 -0.104687
v -0.230785 0.269413 0.265437
v -0.246792 0.253216 0.265437
v -0.246791 0.253179 0.270751
v -0.230747 0.269401 0.270751
v -0.230747 0.269401 -0.270750
v -0.246791 0.253179 -0.270750
v -0.246792 0.253216 -0.265436
v -0.230785 0.269413 -0.265436
v 0.230747 0.269401 0.270751
v 0.246791 0.253179 0.270751
v 0.246792 0.253216 0.265436
v 0.230785 0.269413 0.265436
v 0.230785 0.269413 -0.265436
v 0.246792 0.253216 -0.265436
v 0.246791 0.253179 -0.270751
v 0.230747 0.269401 -0.270751
v 0.161636 0.269414 0.339665
v 0.161636 0.252706 0.356167
v 0.166950 0.252731 0.356168
v 0.166950 0.269415 0.339690
v -0.166950 0.269415 0.339691
v -0.166950 0.252731 0.356168
v -0.161636 0.252706 0.356167
v -0.161636 0.269414 0.339665
v 0.166950 0.269415 -0.339690
v 0.166950 0.252731 -0.356168
v 0.161636 0.252706 -0.356167
v 0.161636 0.269414 -0.339665
v -0.161636 0.269414 -0.339665
v -0.161636 0.252706 -0.356167
v -0.166950 0.252731 -0.356168
v -0.166950 0.269415 -0.339690
v -0.246905 0.201732 -0.339665
v -0.230261 0.201732 -0.356270
v -0.230286 0.207046 -0.356270
v -0.246905 0.207046 -0.339690
v 0.246905 0.201732 0.339665
v 0.230261 0.201732 0.356270
v 0.230286 0.207046 0.356270
v 0.246905 0.207046 0.339690
v 0.230261 0.201732 -0.356270
v 0.246904 0.201732 -0.339665
v 0.246905 0.207046 -0.339691
v 0.230286 0.207046 -0.356271
v -0.230261 0.201732 0.356270
v -0.246904 0.201732 0.339665
v -0.246905 0.207046 0.339691
v -0.230286 0.207046 0.356271
v 0.230261 0.055480 -0.356270
v 0.246904 0.055480 -0.339665
v 0.246905 0.050166 -0.339691
v 0.230286 0.050166 -0.356271
v 0.246905 0.055480 0.339665
v 0.230261 0.055480 0.356270
v 0.230286 0.050166 0.356270
v 0.246905 0.050166 0.339690
v -0.230261 0.055480 0.356270
v -0.246904 0.055480 0.339665
v -0.246905 0.050166 0.339691
v -0.230286 0.050166 0.356271
v -0.230261 0.055480 -0.356270
v -0.246905 0.055480 -0.339665
v -0.246905 0.050166 -0.339690
v -0.230286 0.050166 -0.356270
v -0.247428 0.191257 0.131417
v -0.247428 0.066119 0.128311
v -0.247428 0.071732 -0.126647
v -0.247428 0.191257 -0.131416
v 0.247428 0.185644 -0.131416
v 0.247428 0.071732 -0.126647
v 0.247428 0.066119 0.128311
v 0.247428 0.191257 0.131416
v 0.247428 0.185644 -0.104687
v 0.247428 0.054354 -0.099917
v 0.247428 0.048741 0.101581
v 0.247428 0.185644 0.104687
v -0.247428 0.191257 0.104687
v -0.247428 0.048741 0.101582
v -0.247428 0.048741 -0.101581
v -0.247428 0.191257 -0.104687
v -0.247428 0.185644 0.249348
v 0.247428 0.185644 -0.249348
v 0.247428 0.185644 0.249348
v -0.247428 0.185644 -0.249348
v -0.247428 0.071726 0.249348
v -0.247428 0.071726 -0.249348
v 0.247428 0.071726 -0.249348
v 0.247428 0.071726 0.249348
v 0.247428 0.191257 0.104687
v 0.247428 0.191257 -0.104687
v 0.247428 0.191257 -0.131416
v -0.247428 0.185644 -0.104687
v -0.247428 0.185644 0.104687
v -0.247428 0.185644 0.131417
v -0.247428 0.185644 -0.131416
v -0.247428 0.191257 0.254961
v 0.247428 0.185644 0.131416
v 0.247428 0.191257 -0.254961
v 0.247428 0.191257 0.254961
v -0.247428 0.191257 -0.254961
v -0.247428 0.066113 0.254961
v -0.247428 0.066113 -0.254961
v 0.247428 0.066113 -0.254961
v 0.247428 0.066113 0.254961
v -0.247428 0.066119 -0.128311
v 0.247428 0.071732 0.126647
v 0.247428 0.066119 -0.128311
v 0.247428 0.054354 0.099917
v -0.247428 0.071732 0.126647
v -0.247428 0.054354 -0.099917
v -0.247428 0.054354 0.099917
v 0.247428 0.048741 -0.101582
v -0.249212 0.083301 -0.123217
v 0.249211 0.174075 -0.131416
v 0.249211 0.083301 -0.123217
v 0.249212 0.065923 -0.096487
v -0.249212 0.065923 0.096487
v -0.249212 0.065923 -0.096487
v -0.249211 0.174075 0.237780
v 0.249211 0.174075 -0.237780
v 0.249212 0.174075 0.237780
v -0.249212 0.174075 -0.237780
v -0.249211 0.083295 0.237780
v -0.249212 0.083295 -0.237780
v 0.249211 0.083295 -0.237780
v 0.249212 0.083295 0.237780
v 0.094058 0.186404 0.360735
v -0.094058 0.186404 0.360735
v -0.094058 0.186404 -0.360735
v 0.094058 0.186404 -0.360735
v 0.090829 0.139177 0.360735
v -0.090828 0.139177 0.360735
v -0.090829 0.139177 -0.360735
v 0.090828 0.139177 -0.360735
v 0.072978 0.180101 -0.342058
v 0.080362 0.172718 -0.342058
v -0.080362 0.172718 -0.342058
v -0.072979 0.180101 -0.342058
v -0.072978 0.180101 0.342058
v -0.080362 0.172718 0.342058
v 0.080362 0.172718 0.342058
v 0.072978 0.180101 0.342058
v 0.072978 0.150796 0.342058
v 0.080362 0.158180 0.342058
v -0.080362 0.158180 0.342058
v -0.072978 0.150796 0.342058
v -0.072979 0.150796 -0.342058
v -0.080362 0.158180 -0.342058
v 0.080362 0.158180 -0.342058
v 0.072978 0.150796 -0.342058
v 0.084495 0.174430 -0.342058
v 0.074690 0.184235 -0.342058
v -0.074691 0.184235 -0.342058
v -0.084496 0.174430 -0.342058
v -0.084496 0.156468 -0.342058
v -0.074691 0.146663 -0.342058
v 0.074690 0.146663 -0.342058
v 0.084495 0.156468 -0.342058
v -0.074690 0.146663 0.342058
v -0.084495 0.156468 0.342058
v -0.084495 0.174430 0.342058
v -0.074690 0.184235 0.342058
v 0.074691 0.184235 0.342058
v 0.084496 0.174430 0.342058
v 0.084496 0.156468 0.342058
v 0.074691 0.146663 0.342058
v 0.070628 0.174427 -0.355809
v -0.070628 0.174427 -0.355809
v -0.074688 0.170367 -0.355809
v 0.070628 0.156470 -0.355809
v 0.074688 0.160530 -0.355809
v -0.074688 0.160530 0.355809
v -0.070628 0.174427 0.355809
v 0.074688 0.170367 0.355809
v 0.074688 0.160530 0.355809
v 0.070628 0.156470 0.355809
v 0.074688 0.170367 -0.355809
v -0.074688 0.160530 -0.355809
v -0.070628 0.156470 -0.355809
v -0.070628 0.156470 0.355809
v -0.074688 0.170367 0.355809
v 0.070628 0.174427 0.355809
v 0.074688 0.170367 -0.347215
v 0.070628 0.174427 -0.347215
v -0.070628 0.174427 -0.347215
v -0.074688 0.170367 -0.347215
v -0.074688 0.160530 -0.347215
v -0.070628 0.156470 -0.347215
v 0.070628 0.156470 -0.347215
v 0.074688 0.160530 -0.347215
v -0.070628 0.156470 0.347215
v -0.074688 0.160530 0.347215
v -0.074688 0.170367 0.347215
v -0.070628 0.174427 0.347215
v 0.070628 0.174427 0.347215
v 0.074688 0.170367 0.347215
v 0.074688 0.160530 0.347215
v 0.070628 0.156470 0.347215
v 0.080362 0.172718 -0.353539
v 0.078091 0.171777 -0.355809
v 0.072038 0.177831 -0.355809
v 0.072978 0.180101 -0.353539
v -0.072979 0.180101 -0.353539
v -0.072038 0.177831 -0.355809
v -0.078092 0.171777 -0.355809
v -0.080362 0.172718 -0.353539
v -0.080362 0.158180 -0.353539
v -0.078092 0.159120 -0.355809
v -0.072038 0.153066 -0.355809
v -0.072979 0.150796 -0.353539
v 0.072978 0.150796 -0.353539
v 0.072038 0.153066 -0.355809
v 0.078091 0.159120 -0.355809
v 0.080362 0.158180 -0.353539
v -0.072978 0.150796 0.353539
v -0.072038 0.153066 0.355809
v -0.078092 0.159120 0.355809
v -0.080362 0.158180 0.353539
v -0.080362 0.172718 0.353539
v -0.078092 0.171777 0.355809
v -0.072038 0.177831 0.355809
v -0.072978 0.180101 0.353539
v 0.072979 0.180101 0.353539
v 0.072038 0.177831 0.355809
v 0.078092 0.171777 0.355809
v 0.080362 0.172718 0.353539
v 0.080362 0.158180 0.353539
v 0.078092 0.159120 0.355809
v 0.072038 0.153066 0.355809
v 0.072979 0.150796 0.353539
v 0.077496 0.184549 0.360735
v 0.074691 0.184235 0.358278
v 0.084496 0.174430 0.358278
v 0.085867 0.176147 0.360735
v -0.085867 0.176147 0.360735
v -0.084495 0.174430 0.358278
v -0.074690 0.184235 0.358278
v -0.077496 0.184549 0.360735
v -0.077496 0.184549 -0.360735
v -0.074691 0.184235 -0.358278
v -0.084496 0.174430 -0.358278
v -0.085867 0.176147 -0.360735
v 0.085867 0.176147 -0.360735
v 0.084495 0.174430 -0.358278
v 0.074690 0.184235 -0.358278
v 0.077496 0.184549 -0.360735
v 0.085771 0.152987 0.360735
v 0.084496 0.156468 0.358278
v 0.074691 0.146663 0.358278
v 0.077921 0.145164 0.360735
v -0.077921 0.145164 0.360735
v -0.074690 0.146663 0.358278
v -0.084495 0.156468 0.358278
v -0.085770 0.152987 0.360735
v -0.085771 0.152987 -0.360735
v -0.084496 0.156468 -0.358278
v -0.074691 0.146663 -0.358278
v -0.077922 0.145164 -0.360735
v 0.077921 0.145164 -0.360735
v 0.074690 0.146663 -0.358278
v 0.084495 0.156468 -0.358278
v 0.085770 0.152987 -0.360735
v 0.249212 0.174075 0.104687
v 0.249212 0.174075 -0.104687
v -0.249212 0.174075 -0.104687
v -0.249212 0.174075 0.104687
v -0.249212 0.174075 0.131417
v -0.249212 0.174075 -0.131416
v 0.249212 0.174075 0.131416
v 0.249212 0.083301 0.123217
v 0.249212 0.065923 0.096487
v -0.249212 0.083301 0.123217
v -0.240954 0.169434 0.118935
v -0.240954 0.087281 0.111514
v -0.240954 0.087281 -0.111514
v -0.240954 0.169434 -0.118934
v 0.240954 0.169434 -0.118934
v 0.240954 0.087281 -0.111514
v 0.240954 0.087281 0.111514
v 0.240954 0.169434 0.118934
v 0.240954 0.169434 -0.094744
v 0.240954 0.071554 -0.087323
v 0.240954 0.071554 0.087323
v 0.240954 0.169434 0.094744
v -0.240954 0.169434 0.094744
v -0.240954 0.071554 0.087323
v -0.240954 0.071554 -0.087323
v -0.240954 0.169434 -0.094744
v -0.240954 0.169434 0.215195
v 0.240954 0.169434 -0.215195
v 0.240954 0.169434 0.215195
v -0.240954 0.169434 -0.215195
v -0.240954 0.087277 0.215195
v -0.240954 0.087277 -0.215195
v 0.240954 0.087277 -0.215195
v 0.240954 0.087277 0.215195
v 0.119298 0.266801 0.198475
v -0.119298 0.266801 0.198475
v 0.119298 0.266801 -0.198475
v -0.119298 0.266801 -0.198475
v 0.119298 0.266801 0.249533
v -0.119298 0.266801 0.249533
v -0.119298 0.266801 -0.249533
v 0.119298 0.266801 -0.249533
v 0.124545 0.266801 0.193228
v -0.124544 0.266801 0.193229
v 0.124544 0.266801 -0.193229
v -0.124545 0.266801 -0.193228
v 0.124545 0.266801 0.254779
v -0.124544 0.266801 0.254780
v -0.124545 0.266801 -0.254779
v 0.124544 0.266801 -0.254780
v 0.105396 0.272902 0.212377
v -0.105396 0.272902 0.212377
v 0.105396 0.272902 -0.212377
v -0.105396 0.272902 -0.212377
v 0.105396 0.272902 0.235631
v -0.105396 0.272902 0.235631
v -0.105396 0.272902 -0.235631
v 0.105396 0.272902 -0.235631
v 0.093475 0.269435 0.217730
v -0.093474 0.269435 0.217730
v 0.093474 0.269435 -0.217730
v -0.093475 0.269435 -0.217730
v 0.093475 0.269435 0.230278
v -0.093474 0.269435 0.230278
v -0.093475 0.269435 -0.230278
v 0.093474 0.269435 -0.230278
v 0.159252 0.264499 0.104687
v -0.159252 0.264499 0.104687
v 0.159252 0.264499 -0.104687
v -0.159252 0.264499 -0.104687
v 0.151207 0.273856 0.151766
v 0.164293 0.273856 0.155610
v 0.188487 0.273856 0.131416
v -0.188487 0.273856 0.131416
v -0.164293 0.273856 0.155610
v -0.151207 0.273856 0.151766
v 0.188487 0.273856 -0.131416
v 0.164293 0.273856 -0.155610
v 0.151207 0.273856 -0.151766
v -0.151207 0.273856 -0.151766
v -0.164293 0.273856 -0.155610
v -0.188487 0.273856 -0.131416
v 0.138011 0.264499 0.126376
v 0.159252 0.264499 0.105135
v -0.159252 0.264499 0.105135
v -0.138011 0.264499 0.126376
v 0.159252 0.264499 -0.105135
v 0.138011 0.264499 -0.126376
v -0.138011 0.264499 -0.126376
v -0.159252 0.264499 -0.105135
v 0.164293 0.264499 -0.104687
v 0.164293 0.264499 0.104687
v -0.164293 0.264499 -0.104687
v -0.164293 0.264499 0.104687
v -0.164293 0.264499 -0.107223
v -0.140099 0.264499 -0.131416
v 0.140099 0.264499 -0.131416
v 0.164293 0.264499 -0.107223
v -0.140099 0.264499 0.131416
v -0.164293 0.264499 0.107223
v 0.164293 0.264499 0.107223
v 0.140099 0.264499 0.131416
v 0.146222 0.272834 0.091657
v -0.146222 0.272834 0.091657
v 0.146222 0.272834 -0.091657
v -0.146222 0.272834 -0.091657
v 0.146222 0.265568 0.065147
v -0.146222 0.265568 0.065148
v 0.146222 0.265568 -0.065148
v -0.146222 0.265568 -0.065148
v 0.251346 0.258049 0.131416
v 0.251346 0.258114 0.104687
v -0.251346 0.258049 -0.131416
v -0.251346 0.258114 -0.104687
v 0.251346 0.258114 -0.104687
v 0.251346 0.258049 -0.131416
v -0.251346 0.258114 0.104687
v -0.251346 0.258049 0.131417
v 0.251346 0.220499 0.104687
v 0.251346 0.244661 0.104671
v -0.251346 0.244661 0.104671
v -0.251346 0.220499 0.104687
v -0.251346 0.220499 -0.117963
v 0.251346 0.220499 0.117963
v 0.251346 0.244629 0.117963
v -0.251346 0.244629 -0.117963
v -0.251346 0.244629 0.117963
v 0.248780 0.244661 -0.104671
v 0.248780 0.220499 -0.104687
v 0.248780 0.223424 0.104687
v 0.248780 0.244661 0.104671
v -0.248780 0.244661 0.104671
v -0.248780 0.220499 0.104687
v -0.248780 0.220499 -0.104687
v -0.248780 0.244661 -0.104671
v 0.248780 0.223424 -0.115039
v -0.248780 0.223424 0.115039
v -0.248780 0.223424 -0.115038
v 0.248780 0.223424 0.115038
v 0.248780 0.241711 0.115038
v -0.248780 0.241711 -0.115038
v 0.248780 0.241711 -0.115039
v -0.248780 0.241711 0.115039
v 0.248780 0.223424 -0.104687
v 0.248780 0.220499 0.104687
v 0.248780 0.220499 -0.117963
v -0.248780 0.223424 0.104687
v -0.248780 0.223424 -0.104687
v -0.248780 0.220499 0.117963
v -0.248780 0.220499 -0.117963
v 0.248780 0.220499 0.117963
v 0.248780 0.244629 0.117963
v 0.248780 0.241736 0.104667
v -0.248780 0.244629 -0.117963
v -0.248780 0.241736 -0.104667
v 0.248780 0.241736 -0.104667
v 0.248780 0.244629 -0.117963
v -0.248780 0.241736 0.104667
v -0.248780 0.244629 0.117963
v 0.247175 0.241736 -0.104667
v 0.247175 0.223424 -0.104687
v 0.247175 0.223424 0.104687
v 0.247175 0.241736 0.104667
v -0.247175 0.241736 0.104667
v -0.247175 0.223424 0.104687
v -0.247176 0.223424 -0.104687
v -0.247176 0.241736 -0.104667
v 0.247175 0.223424 -0.115039
v -0.247175 0.223424 0.115039
v -0.247176 0.223424 -0.115038
v 0.247175 0.223424 0.115038
v 0.247175 0.241711 0.115038
v -0.247176 0.241711 -0.115038
v 0.247175 0.241711 -0.115039
v -0.247175 0.241711 0.115039
v 0.251346 0.018148 0.281265
v 0.251346 0.018148 -0.281266
v -0.251346 0.018148 -0.281265
v -0.251346 0.018148 0.281266
v 0.148508 0.011541 -0.360735
v 0.177465 0.018148 -0.360735
v -0.177465 0.018148 -0.360735
v -0.148509 0.011541 -0.360735
v -0.148508 0.011541 0.360735
v -0.177465 0.018148 0.360735
v 0.177465 0.018148 0.360735
v 0.148509 0.011541 0.360735
v 0.168537 0.273856 0.272337
v 0.166950 0.272499 0.270751
v 0.160050 0.273856 0.272337
v 0.161636 0.272444 0.270751
v -0.168537 0.273856 0.272337
v -0.166950 0.272499 0.270751
v -0.160049 0.273856 0.272337
v -0.161636 0.272444 0.270751
v 0.168536 0.273856 -0.272337
v 0.166950 0.272499 -0.270751
v 0.160049 0.273856 -0.272337
v 0.161636 0.272444 -0.270751
v -0.160050 0.273856 -0.272337
v -0.161636 0.272444 -0.270751
v -0.168537 0.273856 -0.272337
v -0.166950 0.272499 -0.270751
v 0.166950 0.001486 -0.270751
v 0.168536 0.000000 -0.272337
v 0.168536 0.000000 -0.263850
v 0.166950 0.001586 -0.265436
v 0.161636 0.001586 -0.265436
v 0.160049 0.000000 -0.263850
v 0.160049 0.000000 -0.272337
v 0.161636 0.001586 -0.270751
v -0.168537 0.000000 -0.272337
v -0.166950 0.001486 -0.270750
v -0.161636 0.001586 -0.270750
v -0.160050 0.000000 -0.272337
v -0.160050 0.000000 -0.263850
v -0.161636 0.001586 -0.265436
v -0.166950 0.001586 -0.265436
v -0.168537 0.000000 -0.263850
v 0.166950 0.001586 0.265436
v 0.168537 0.000000 0.263850
v 0.168537 0.000000 0.272337
v 0.166950 0.001486 0.270751
v 0.160050 0.000000 0.272337
v 0.161636 0.001586 0.270751
v 0.160050 0.000000 0.263850
v 0.161636 0.001586 0.265436
v -0.168537 0.000000 0.263850
v -0.166950 0.001586 0.265437
v -0.161636 0.001586 0.265437
v -0.160049 0.000000 0.263850
v -0.160049 0.000000 0.272337
v -0.161636 0.001586 0.270751
v -0.168537 0.000000 0.272337
v -0.166950 0.001486 0.270751
v 0.160049 0.000000 0.131416
v 0.161636 0.001586 0.131416
v 0.166950 0.001586 0.131416
v 0.168537 0.000000 0.131416
v 0.168537 0.000000 -0.131416
v 0.166950 0.001586 -0.131416
v 0.161636 0.001586 -0.131416
v 0.160049 0.000000 -0.131416
v -0.168537 0.000000 0.131417
v -0.166950 0.001586 0.131417
v -0.161636 0.001586 0.131417
v -0.160049 0.000000 0.131417
v -0.160050 0.000000 -0.131416
v -0.161636 0.001586 -0.131416
v -0.166950 0.001586 -0.131416
v -0.168537 0.000000 -0.131416
v 0.160049 0.000000 0.104687
v 0.161636 0.001586 0.104687
v 0.166950 0.001586 0.104687
v 0.168537 0.000000 0.104687
v 0.168537 0.000000 -0.104687
v 0.166950 0.001586 -0.104687
v 0.161636 0.001586 -0.104687
v 0.160049 0.000000 -0.104687
v -0.168537 0.000000 0.104687
v -0.166950 0.001586 0.104687
v -0.161636 0.001586 0.104687
v -0.160049 0.000000 0.104687
v -0.160050 0.000000 -0.104687
v -0.161636 0.001586 -0.104687
v -0.166950 0.001586 -0.104687
v -0.168537 0.000000 -0.104687
v -0.251346 0.208633 0.272337
v -0.249988 0.207046 0.270751
v -0.251346 0.208633 0.263850
v -0.249891 0.207046 0.265437
v -0.249760 0.191257 0.254961
v -0.251346 0.192843 0.256548
v -0.251346 0.200145 0.272337
v -0.249934 0.201732 0.270751
v -0.251346 0.208633 -0.272337
v -0.249989 0.207046 -0.270750
v -0.251346 0.200145 -0.272337
v -0.249934 0.201732 -0.270750
v -0.251346 0.192843 -0.256548
v -0.249760 0.191257 -0.254961
v -0.251346 0.208633 -0.263850
v -0.249891 0.207046 -0.265436
v 0.251346 0.208633 -0.272337
v 0.249988 0.207046 -0.270751
v 0.251346 0.208633 -0.263850
v 0.249891 0.207046 -0.265436
v 0.249760 0.191257 -0.254961
v 0.251346 0.192843 -0.256548
v 0.251346 0.200145 -0.272337
v 0.249934 0.201732 -0.270751
v 0.251346 0.208633 0.272337
v 0.249989 0.207046 0.270750
v 0.251346 0.200145 0.272337
v 0.249934 0.201732 0.270750
v 0.251346 0.192843 0.256548
v 0.249760 0.191257 0.254961
v 0.251346 0.208633 0.263850
v 0.249891 0.207046 0.265436
v 0.168537 0.208633 0.360735
v 0.166950 0.207046 0.359378
v 0.160050 0.208633 0.360735
v 0.161636 0.207046 0.359323
v 0.168537 0.200145 0.360735
v 0.166950 0.201732 0.359323
v -0.168536 0.208633 0.360735
v -0.166950 0.207046 0.359378
v -0.168536 0.200145 0.360735
v -0.166950 0.201732 0.359323
v -0.160049 0.208633 0.360735
v -0.161636 0.207046 0.359323
v -0.168537 0.208633 -0.360735
v -0.166950 0.207046 -0.359378
v -0.160050 0.208633 -0.360735
v -0.161636 0.207046 -0.359323
v -0.168537 0.200145 -0.360735
v -0.166950 0.201732 -0.359323
v 0.168536 0.208633 -0.360735
v 0.166950 0.207046 -0.359378
v 0.168536 0.200145 -0.360735
v 0.166950 0.201732 -0.359323
v 0.160049 0.208633 -0.360735
v 0.161636 0.207046 -0.359323
v 0.249760 0.191257 -0.131416
v 0.251346 0.192843 -0.131416
v 0.251346 0.192843 0.131416
v 0.249760 0.191257 0.131416
v -0.249760 0.191257 0.131417
v -0.251346 0.192843 0.131417
v -0.251346 0.192843 -0.131416
v -0.249760 0.191257 -0.131416
v -0.249760 0.191257 0.104687
v -0.251346 0.192843 0.104687
v -0.251346 0.192843 -0.104687
v -0.249760 0.191257 -0.104687
v 0.249760 0.191257 -0.104687
v 0.251346 0.192843 -0.104687
v 0.251346 0.192843 0.104687
v 0.249760 0.191257 0.104687
v -0.251346 0.048329 0.263850
v -0.249760 0.050009 0.265437
v -0.251346 0.030432 0.281266
v -0.249876 0.050166 0.270751
v -0.251346 0.057067 0.272337
v -0.249934 0.055480 0.270751
v -0.249760 0.066113 0.254961
v -0.251346 0.064527 0.256548
v -0.251346 0.048329 -0.263850
v -0.249760 0.050009 -0.265436
v -0.251346 0.064527 -0.256548
v -0.249760 0.066113 -0.254961
v -0.251346 0.057067 -0.272337
v -0.249934 0.055480 -0.270750
v -0.251346 0.030432 -0.281265
v -0.249877 0.050166 -0.270750
v 0.251346 0.048329 -0.263850
v 0.249760 0.050009 -0.265437
v 0.251346 0.030432 -0.281266
v 0.249876 0.050166 -0.270751
v 0.251346 0.057067 -0.272337
v 0.249934 0.055480 -0.270751
v 0.249760 0.066113 -0.254961
v 0.251346 0.064527 -0.256548
v 0.251346 0.048329 0.263850
v 0.249760 0.050009 0.265436
v 0.251346 0.064527 0.256548
v 0.249760 0.066113 0.254961
v 0.251346 0.057067 0.272337
v 0.249934 0.055480 0.270750
v 0.251346 0.030432 0.281265
v 0.249876 0.050166 0.270750
v 0.148509 0.037039 0.360735
v 0.161636 0.050166 0.359149
v 0.177465 0.030432 0.360735
v 0.166950 0.050166 0.359265
v 0.168537 0.057067 0.360735
v 0.166950 0.055480 0.359323
v -0.148508 0.037039 0.360735
v -0.161636 0.050166 0.359149
v -0.168536 0.057067 0.360735
v -0.166950 0.055480 0.359323
v -0.177465 0.030432 0.360735
v -0.166950 0.050166 0.359265
v -0.148509 0.037039 -0.360735
v -0.161636 0.050166 -0.359149
v -0.177465 0.030432 -0.360735
v -0.166950 0.050166 -0.359265
v -0.168537 0.057067 -0.360735
v -0.166950 0.055480 -0.359323
v 0.148508 0.037039 -0.360735
v 0.161636 0.050166 -0.359149
v 0.168536 0.057067 -0.360735
v 0.166950 0.055480 -0.359323
v 0.177465 0.030432 -0.360735
v 0.166950 0.050166 -0.359265
v 0.249760 0.066119 -0.128311
v 0.251346 0.064533 -0.128781
v 0.249760 0.050003 -0.131417
v 0.251346 0.048319 -0.131417
v 0.251346 0.048319 0.131416
v 0.249760 0.050003 0.131416
v 0.251346 0.064533 0.128781
v 0.249760 0.066119 0.128311
v -0.249760 0.066119 0.128311
v -0.251346 0.064533 0.128781
v -0.249760 0.050003 0.131417
v -0.251346 0.048319 0.131417
v -0.251346 0.048319 -0.131416
v -0.249760 0.050003 -0.131416
v -0.251346 0.064533 -0.128781
v -0.249760 0.066119 -0.128311
v -0.249760 0.048741 0.101582
v -0.251346 0.047155 0.102052
v -0.249760 0.032617 0.104687
v -0.251346 0.030930 0.104687
v -0.251346 0.030930 -0.104687
v -0.249760 0.032617 -0.104687
v -0.251346 0.047155 -0.102052
v -0.249760 0.048741 -0.101581
v 0.249760 0.048741 -0.101582
v 0.251346 0.047155 -0.102052
v 0.249760 0.032617 -0.104687
v 0.251346 0.030930 -0.104687
v 0.251346 0.030930 0.104687
v 0.249760 0.032617 0.104687
v 0.251346 0.047155 0.102052
v 0.249760 0.048741 0.101581
v 0.251346 0.257916 -0.263850
v 0.249918 0.256441 -0.265436
v 0.233910 0.272434 -0.265436
v 0.235382 0.273856 -0.263850
v 0.235196 0.273856 -0.272337
v 0.233848 0.272508 -0.270751
v 0.249997 0.256378 -0.270751
v 0.251346 0.257725 -0.272337
v 0.233849 0.272508 0.270751
v 0.235196 0.273856 0.272337
v 0.251346 0.257725 0.272337
v 0.249997 0.256378 0.270751
v 0.249919 0.256441 0.265436
v 0.251346 0.257916 0.263850
v 0.235383 0.273856 0.263850
v 0.233910 0.272434 0.265436
v -0.251346 0.257916 0.263850
v -0.249919 0.256441 0.265437
v -0.233910 0.272434 0.265437
v -0.235382 0.273856 0.263850
v -0.235196 0.273856 0.272337
v -0.233848 0.272508 0.270751
v -0.249997 0.256378 0.270751
v -0.251346 0.257725 0.272337
v -0.251346 0.257725 -0.272337
v -0.249997 0.256378 -0.270750
v -0.233849 0.272508 -0.270750
v -0.235196 0.273856 -0.272337
v -0.249919 0.256441 -0.265436
v -0.251346 0.257916 -0.263850
v -0.235383 0.273856 -0.263850
v -0.233910 0.272434 -0.265436
v -0.161636 0.272458 -0.342682
v -0.160050 0.273856 -0.344067
v -0.160050 0.257230 -0.360735
v -0.161636 0.255845 -0.359337
v -0.166950 0.255993 -0.359387
v -0.168537 0.257361 -0.360735
v -0.168537 0.273856 -0.344201
v -0.166950 0.272509 -0.342832
v 0.166950 0.272509 -0.342832
v 0.168536 0.273856 -0.344202
v 0.168536 0.257361 -0.360735
v 0.166950 0.255993 -0.359387
v 0.161636 0.255845 -0.359337
v 0.160049 0.257230 -0.360735
v 0.160049 0.273856 -0.344068
v 0.161636 0.272458 -0.342682
v 0.161636 0.272458 0.342682
v 0.160050 0.273856 0.344068
v 0.160050 0.257230 0.360735
v 0.161636 0.255845 0.359337
v 0.166950 0.255993 0.359387
v 0.168537 0.257361 0.360735
v 0.168537 0.273856 0.344201
v 0.166950 0.272509 0.342832
v -0.166950 0.272509 0.342832
v -0.168536 0.273856 0.344202
v -0.168536 0.257361 0.360735
v -0.166950 0.255993 0.359387
v -0.161636 0.255845 0.359337
v -0.160049 0.257230 0.360735
v -0.160049 0.273856 0.344068
v -0.161636 0.272458 0.342682
v -0.233301 0.201732 -0.359337
v -0.234686 0.200145 -0.360735
v -0.251346 0.200145 -0.344067
v -0.249948 0.201732 -0.342682
v -0.249998 0.207046 -0.342831
v -0.251346 0.208633 -0.344202
v -0.234820 0.208633 -0.360735
v -0.233450 0.207046 -0.359387
v 0.249948 0.201732 -0.342682
v 0.251346 0.200145 -0.344068
v 0.234686 0.200145 -0.360735
v 0.233300 0.201732 -0.359337
v 0.233450 0.207046 -0.359387
v 0.234820 0.208633 -0.360735
v 0.251346 0.208633 -0.344202
v 0.249998 0.207046 -0.342832
v 0.233301 0.201732 0.359337
v 0.234686 0.200145 0.360735
v 0.251346 0.200145 0.344067
v 0.249948 0.201732 0.342682
v 0.249998 0.207046 0.342831
v 0.251346 0.208633 0.344202
v 0.234820 0.208633 0.360735
v 0.233450 0.207046 0.359387
v -0.249948 0.201732 0.342682
v -0.251346 0.200145 0.344068
v -0.234686 0.200145 0.360735
v -0.233301 0.201732 0.359337
v -0.233450 0.207046 0.359387
v -0.234820 0.208633 0.360735
v -0.251346 0.208633 0.344202
v -0.249998 0.207046 0.342832
v 0.251346 0.057067 -0.344068
v 0.249948 0.055480 -0.342682
v 0.233300 0.055480 -0.359337
v 0.234686 0.057067 -0.360735
v 0.225902 0.030432 -0.360735
v 0.233348 0.050166 -0.359287
v 0.249898 0.050166 -0.342730
v 0.251346 0.030432 -0.335285
v 0.234686 0.057067 0.360735
v 0.233301 0.055480 0.359337
v 0.249948 0.055480 0.342682
v 0.251346 0.057067 0.344067
v 0.251346 0.030432 0.335284
v 0.249898 0.050166 0.342730
v 0.233348 0.050166 0.359287
v 0.225903 0.030432 0.360735
v -0.251346 0.057067 0.344068
v -0.249948 0.055480 0.342682
v -0.233301 0.055480 0.359337
v -0.234686 0.057067 0.360735
v -0.225902 0.030432 0.360735
v -0.233348 0.050166 0.359287
v -0.249898 0.050166 0.342730
v -0.251346 0.030432 0.335285
v -0.249948 0.055480 -0.342682
v -0.251346 0.057067 -0.344067
v -0.234686 0.057067 -0.360735
v -0.233301 0.055480 -0.359337
v -0.233348 0.050166 -0.359287
v -0.225903 0.030432 -0.360735
v -0.251346 0.030432 -0.335284
v -0.249898 0.050166 -0.342730
v 0.249760 0.201732 0.104687
v 0.251346 0.200145 0.104687
v 0.251346 0.200145 -0.104687
v 0.249760 0.201732 -0.104687
v 0.251346 0.200145 -0.131416
v 0.249760 0.201732 -0.131416
v -0.249760 0.201732 -0.104687
v -0.251346 0.200145 -0.104687
v -0.251346 0.200145 0.104687
v -0.249760 0.201732 0.104687
v -0.251346 0.200145 0.131417
v -0.249760 0.201732 0.131417
v -0.249760 0.201732 -0.131416
v -0.251346 0.200145 -0.131416
v -0.251346 0.200145 0.263850
v -0.249760 0.201732 0.265437
v 0.249760 0.201732 0.131416
v 0.251346 0.200145 0.131416
v 0.251346 0.200145 -0.263850
v 0.249760 0.201732 -0.265436
v 0.249760 0.201732 0.265436
v 0.251346 0.200145 0.263850
v -0.249760 0.201732 -0.265436
v -0.251346 0.200145 -0.263850
v -0.251346 0.057224 0.263850
v -0.249760 0.055637 0.265437
v -0.249760 0.055637 -0.265436
v -0.251346 0.057224 -0.263850
v 0.251346 0.057224 -0.263850
v 0.249760 0.055637 -0.265437
v 0.249760 0.055637 0.265436
v 0.251346 0.057224 0.263850
v -0.249760 0.055644 -0.131416
v -0.251346 0.057230 -0.130946
v 0.249760 0.055644 0.131416
v 0.251346 0.057230 0.130946
v 0.251346 0.057230 -0.130946
v 0.249760 0.055644 -0.131417
v 0.249760 0.038266 0.104687
v 0.251346 0.039852 0.104217
v -0.251346 0.057230 0.130946
v -0.249760 0.055644 0.131417
v -0.249760 0.038266 -0.104687
v -0.251346 0.039852 -0.104217
v -0.251346 0.039852 0.104217
v -0.249760 0.038266 0.104687
v 0.251346 0.039852 -0.104217
v 0.249760 0.038266 -0.104687
v 0.161636 0.201732 -0.359149
v 0.160059 0.201374 -0.360735
v -0.160060 0.201374 -0.360735
v -0.161636 0.201732 -0.359149
v -0.161636 0.201732 0.359149
v -0.160059 0.201374 0.360735
v 0.160060 0.201374 0.360735
v 0.161636 0.201732 0.359149
v 0.160071 0.057330 0.360735
v 0.161636 0.055480 0.359149
v -0.161636 0.055480 0.359149
v -0.160071 0.057330 0.360735
v -0.160071 0.057330 -0.360735
v -0.161636 0.055480 -0.359149
v 0.161636 0.055480 -0.359149
v 0.160071 0.057330 -0.360735
v 0.164293 0.272422 0.265436
v 0.164293 0.273856 0.263850
v -0.164293 0.273856 0.263850
v -0.164293 0.272422 0.265436
v -0.164293 0.272422 -0.265436
v -0.164293 0.273856 -0.263850
v 0.164293 0.273856 -0.263850
v 0.164293 0.272422 -0.265436
v 0.249865 0.207046 -0.104687
v 0.251346 0.208633 -0.104687
v 0.251346 0.208633 0.104687
v 0.249865 0.207046 0.104687
v 0.249873 0.207046 -0.131416
v 0.251346 0.208633 -0.131416
v -0.249865 0.207046 0.104687
v -0.251346 0.208633 0.104687
v -0.251346 0.208633 -0.104687
v -0.249865 0.207046 -0.104687
v -0.249873 0.207046 0.131417
v -0.251346 0.208633 0.131417
v -0.251346 0.208633 -0.131416
v -0.249873 0.207046 -0.131416
v 0.251346 0.208633 0.131416
v 0.249873 0.207046 0.131416
v -0.249212 0.184703 0.131417
v -0.248271 0.185644 0.131417
v -0.249212 0.072672 0.126368
v -0.248271 0.071732 0.126647
v -0.248271 0.185644 -0.131416
v -0.249212 0.184703 -0.131416
v 0.248271 0.071732 0.126647
v 0.249212 0.072672 0.126368
v 0.248271 0.185644 0.131416
v 0.249212 0.184703 0.131416
v 0.249212 0.184703 -0.104687
v 0.248271 0.185644 -0.104687
v 0.248271 0.054354 0.099917
v 0.249212 0.055294 0.099638
v 0.248271 0.185644 0.104687
v 0.249212 0.184703 0.104687
v -0.249212 0.184703 0.104687
v -0.248271 0.185644 0.104687
v -0.248271 0.185644 -0.104687
v -0.249212 0.184703 -0.104687
v 0.249211 0.184703 -0.131416
v 0.248271 0.185644 -0.131416
v -0.249211 0.184703 0.248408
v -0.248271 0.185644 0.249348
v 0.249211 0.184703 -0.248408
v 0.248271 0.185644 -0.249348
v 0.248271 0.185644 0.249348
v 0.249212 0.184703 0.248408
v -0.248271 0.185644 -0.249348
v -0.249212 0.184703 -0.248408
v -0.249211 0.072667 0.248408
v -0.248271 0.071726 0.249348
v -0.248271 0.071726 -0.249348
v -0.249212 0.072667 -0.248408
v 0.249211 0.072667 -0.248408
v 0.248271 0.071726 -0.249348
v 0.248271 0.071726 0.249348
v 0.249212 0.072667 0.248408
v -0.248271 0.071732 -0.126647
v -0.249212 0.072672 -0.126368
v 0.249211 0.072672 -0.126368
v 0.248271 0.071732 -0.126647
v -0.248271 0.054354 -0.099917
v -0.249212 0.055294 -0.099638
v -0.249212 0.055294 0.099639
v -0.248271 0.054354 0.099917
v 0.249212 0.055294 -0.099639
v 0.248271 0.054354 -0.099917
v -0.156353 0.272834 -0.103934
v -0.159252 0.269935 -0.105135
v -0.136811 0.272834 -0.123476
v -0.138011 0.269935 -0.126376
v 0.138011 0.269935 -0.126376
v 0.136810 0.272834 -0.123477
v 0.156353 0.272834 -0.103934
v 0.159252 0.269935 -0.105135
v -0.138011 0.269935 0.126376
v -0.136810 0.272834 0.123477
v -0.156353 0.272834 0.103934
v -0.159252 0.269935 0.105135
v 0.159252 0.269935 0.105135
v 0.156353 0.272834 0.103934
v 0.136811 0.272834 0.123476
v 0.138011 0.269935 0.126376
v 0.156353 0.272834 0.101788
v 0.159252 0.269935 0.104687
v -0.159252 0.269935 0.104687
v -0.156353 0.272834 0.101788
v 0.159252 0.269935 -0.104687
v 0.156353 0.272834 -0.101788
v -0.156353 0.272834 -0.101788
v -0.159252 0.269935 -0.104687
v 0.116257 0.272902 0.201516
v 0.119298 0.269861 0.198475
v -0.119298 0.269861 0.198475
v -0.116257 0.272902 0.201516
v 0.119298 0.269861 -0.198475
v 0.116257 0.272902 -0.201516
v -0.116257 0.272902 -0.201516
v -0.119298 0.269861 -0.198475
v 0.119298 0.269861 0.249533
v 0.116257 0.272902 0.246492
v -0.116257 0.272902 0.246492
v -0.119298 0.269861 0.249533
v -0.119298 0.269861 -0.249533
v -0.116257 0.272902 -0.246492
v 0.116257 0.272902 -0.246492
v 0.119298 0.269861 -0.249533
v 0.125887 0.273856 -0.191141
v 0.124544 0.272264 -0.193229
v 0.124545 0.272264 0.193228
v 0.125887 0.273856 0.191141
v -0.124545 0.272264 -0.193228
v -0.125887 0.273856 -0.191141
v -0.125887 0.273856 0.191141
v -0.124544 0.272264 0.193229
v 0.125908 0.273856 0.255091
v 0.124545 0.272264 0.254779
v -0.124544 0.272264 0.254780
v -0.125908 0.273856 0.255091
v 0.124544 0.272264 -0.254780
v 0.125908 0.273856 -0.255091
v -0.125908 0.273856 -0.255091
v -0.124545 0.272264 -0.254779
v 0.166765 0.273856 -0.104687
v 0.164293 0.270891 -0.104687
v 0.164293 0.270891 0.104687
v 0.166765 0.273856 0.104687
v -0.164293 0.270891 -0.104687
v -0.166765 0.273856 -0.104687
v -0.166765 0.273856 0.104687
v -0.164293 0.270891 0.104687
v 0.166726 0.273856 0.109656
v 0.164293 0.270891 0.107223
v 0.140099 0.270891 0.131416
v 0.141806 0.273856 0.134542
v -0.141805 0.273856 0.134542
v -0.140099 0.270891 0.131416
v -0.164293 0.270891 0.107223
v -0.166726 0.273856 0.109656
v 0.141805 0.273856 -0.134542
v 0.140099 0.270891 -0.131416
v 0.164293 0.270891 -0.107223
v 0.166726 0.273856 -0.109656
v -0.166726 0.273856 -0.109655
v -0.164293 0.270891 -0.107223
v -0.140099 0.270891 -0.131416
v -0.141806 0.273856 -0.134542
v -0.251346 0.048580 0.272337
v -0.251346 0.048580 -0.272337
v 0.251346 0.048580 -0.272337
v 0.251346 0.048580 0.272337
v 0.168537 0.048580 0.360735
v -0.168536 0.048580 0.360735
v -0.168537 0.048580 -0.360735
v 0.168536 0.048580 -0.360735
v -0.251346 0.048580 -0.344202
v -0.234820 0.048580 -0.360735
v 0.251346 0.048580 -0.344202
v 0.234820 0.048580 -0.360735
v -0.251346 0.048580 0.344202
v -0.234820 0.048580 0.360735
v 0.251346 0.048580 0.344202
v 0.234820 0.048580 0.360735
v -0.250128 0.019689 0.282807
v -0.250128 0.028891 0.282807
v -0.250128 0.028891 -0.282807
v -0.250128 0.019689 -0.282807
v 0.250128 0.019689 -0.282807
v 0.250128 0.028891 -0.282807
v 0.250128 0.028891 0.282807
v 0.250128 0.019689 0.282807
v 0.179007 0.019689 0.359517
v 0.179007 0.028891 0.359517
v -0.179006 0.028891 0.359517
v -0.179006 0.019689 0.359517
v -0.179007 0.019689 -0.359517
v -0.179007 0.028891 -0.359517
v 0.179006 0.028891 -0.359517
v 0.179006 0.019689 -0.359517
v -0.250128 0.028891 -0.333748
v -0.224366 0.028891 -0.359517
v 0.250128 0.028891 -0.333748
v 0.224366 0.028891 -0.359517
v -0.250128 0.028891 0.333748
v -0.224366 0.028891 0.359517
v 0.250128 0.028891 0.333748
v 0.224366 0.028891 0.359517
v 0.250128 0.019689 0.333776
v 0.224394 0.019689 0.359517
v 0.224394 0.019689 -0.359517
v 0.250128 0.019689 -0.333776
v -0.224394 0.019689 -0.359517
v -0.250128 0.019689 -0.333776
v -0.250128 0.019689 0.333776
v -0.224394 0.019689 0.359517
v -0.250128 0.018148 0.281266
v -0.250128 0.030432 0.281266
v -0.250128 0.030432 -0.281265
v -0.250128 0.018148 -0.281265
v 0.250128 0.018148 -0.281266
v 0.250128 0.030432 -0.281266
v 0.250128 0.030432 0.281265
v 0.250128 0.018148 0.281265
v 0.177465 0.018148 0.359517
v 0.177465 0.030432 0.359517
v -0.177465 0.030432 0.359517
v -0.177465 0.018148 0.359517
v -0.177465 0.018148 -0.359517
v -0.177465 0.030432 -0.359517
v 0.177465 0.030432 -0.359517
v 0.177465 0.018148 -0.359517
v -0.250128 0.030432 -0.335284
v -0.225903 0.030432 -0.359517
v 0.250128 0.030432 -0.335285
v 0.225902 0.030432 -0.359517
v -0.250128 0.030432 0.335285
v -0.225902 0.030432 0.359517
v 0.250128 0.030432 0.335284
v 0.225903 0.030432 0.359517
v 0.250128 0.018148 0.335322
v 0.225940 0.018148 0.359517
v 0.225940 0.018148 -0.359517
v 0.250128 0.018148 -0.335322
v -0.225940 0.018148 -0.359517
v -0.250128 0.018148 -0.335322
v -0.250128 0.018148 0.335322
v -0.225940 0.018148 0.359517
v -0.248910 0.019689 0.282807
v -0.248910 0.028891 0.282807
v -0.248910 0.028891 -0.282807
v -0.248910 0.019689 -0.282807
v 0.248910 0.019689 -0.282807
v 0.248910 0.028891 -0.282807
v 0.248910 0.028891 0.282807
v 0.248910 0.019689 0.282807
v 0.179007 0.019689 0.358299
v 0.179007 0.028891 0.358299
v -0.179006 0.028891 0.358299
v -0.179006 0.019689 0.358299
v -0.179007 0.019689 -0.358299
v -0.179007 0.028891 -0.358299
v 0.179006 0.028891 -0.358299
v 0.179006 0.019689 -0.358299
v -0.248910 0.028891 -0.333748
v -0.224366 0.028891 -0.358299
v 0.248910 0.028891 -0.333748
v 0.224366 0.028891 -0.358299
v -0.248910 0.028891 0.333748
v -0.224366 0.028891 0.358299
v 0.248910 0.028891 0.333748
v 0.224366 0.028891 0.358299
v 0.248910 0.019689 0.333776
v 0.224394 0.019689 0.358299
v 0.224394 0.019689 -0.358299
v 0.248910 0.019689 -0.333776
v -0.224394 0.019689 -0.358299
v -0.248910 0.019689 -0.333776
v -0.248910 0.019689 0.333776
v -0.224394 0.019689 0.358299
v 0.160050 0.048580 0.360735
v -0.160049 0.048580 0.360735
v -0.160050 0.048580 -0.360735
v 0.160049 0.048580 -0.360735
v 0.148509 0.037039 0.352986
v 0.148509 0.011541 0.352986
v -0.148508 0.011541 0.352987
v -0.148508 0.037039 0.352987
v -0.148509 0.037039 -0.352986
v -0.148509 0.011541 -0.352986
v 0.148508 0.011541 -0.352987
v 0.148508 0.037039 -0.352987
v 0.251346 0.003567 0.131416
v 0.247766 0.000000 0.131416
v 0.247766 0.000000 -0.131417
v 0.251346 0.003567 -0.131417
v -0.251346 0.003567 -0.131416
v -0.247766 0.000000 -0.131416
v -0.247766 0.000000 0.131417
v -0.251346 0.003567 0.131417
v 0.247785 0.000000 0.104687
v 0.251346 0.003549 0.104687
v 0.251346 0.003549 -0.104687
v 0.247785 0.000000 -0.104687
v -0.247785 0.000000 -0.104687
v -0.251346 0.003549 -0.104687
v -0.251346 0.003549 0.104687
v -0.247785 0.000000 0.104687
v -0.243462 0.004186 -0.265436
v -0.247099 0.007919 -0.265436
v -0.247100 0.007924 -0.270750
v -0.243454 0.004186 -0.270750
v -0.243453 0.004186 0.270751
v -0.247099 0.007924 0.270751
v -0.247099 0.007919 0.265437
v -0.243461 0.004186 0.265437
v 0.247099 0.007919 -0.265437
v 0.243461 0.004186 -0.265437
v 0.243453 0.004186 -0.270751
v 0.247099 0.007924 -0.270751
v 0.247100 0.007924 0.270750
v 0.243454 0.004186 0.270750
v 0.243462 0.004186 0.265436
v 0.247099 0.007919 0.265436
v 0.161636 0.004183 -0.352751
v 0.161636 0.007997 -0.356486
v 0.166950 0.007986 -0.356486
v 0.166950 0.004182 -0.352758
v -0.166950 0.004182 -0.352758
v -0.166950 0.007986 -0.356486
v -0.161636 0.007997 -0.356486
v -0.161636 0.004183 -0.352751
v 0.166950 0.004182 0.352758
v 0.166950 0.007986 0.356486
v 0.161636 0.007997 0.356486
v 0.161636 0.004183 0.352751
v -0.161636 0.004183 0.352751
v -0.161636 0.007997 0.356486
v -0.166950 0.007986 0.356486
v -0.166950 0.004182 0.352758
v 0.246142 0.001482 0.270750
v 0.249865 0.005170 0.270750
v 0.249760 0.005247 0.265436
v 0.246080 0.001586 0.265436
v 0.247726 0.000000 0.263850
v 0.251346 0.003605 0.263850
v 0.251346 0.003605 -0.263850
v 0.247726 0.000000 -0.263850
v 0.246079 0.001586 -0.265437
v 0.249760 0.005247 -0.265437
v 0.249865 0.005170 -0.270751
v 0.246142 0.001482 -0.270751
v -0.247726 0.000000 -0.263850
v -0.251346 0.003605 -0.263850
v -0.249760 0.005247 -0.265436
v -0.246080 0.001586 -0.265436
v -0.246142 0.001482 -0.270750
v -0.249865 0.005170 -0.270750
v -0.249865 0.005170 0.270751
v -0.246142 0.001482 0.270751
v -0.246079 0.001586 0.265437
v -0.249760 0.005247 0.265437
v -0.251346 0.003605 0.263850
v -0.247726 0.000000 0.263850
v 0.161636 0.005366 -0.359149
v 0.161636 0.001586 -0.355324
v 0.166950 0.001482 -0.355462
v 0.166950 0.005203 -0.359254
v -0.166950 0.005203 -0.359254
v -0.166950 0.001482 -0.355462
v -0.161636 0.001586 -0.355324
v -0.161636 0.005366 -0.359149
v -0.161636 0.005366 0.359149
v -0.161636 0.001586 0.355324
v -0.166950 0.001482 0.355462
v -0.166950 0.005203 0.359254
v 0.166950 0.005203 0.359254
v 0.166950 0.001482 0.355462
v 0.161636 0.001586 0.355324
v 0.161636 0.005366 0.359149
v -0.247654 0.000000 0.272337
v -0.251346 0.003654 0.272337
v -0.251346 0.003654 -0.272337
v -0.247654 0.000000 -0.272337
v 0.247654 0.000000 -0.272337
v 0.251346 0.003654 -0.272337
v 0.251346 0.003654 0.272337
v 0.247654 0.000000 0.272337
v 0.168537 0.000000 0.356983
v 0.168537 0.003670 0.360735
v -0.168536 0.003670 0.360735
v -0.168536 0.000000 0.356983
v -0.168537 0.000000 -0.356983
v -0.168537 0.003670 -0.360735
v 0.168536 0.003670 -0.360735
v 0.168536 0.000000 -0.356983
v 0.247668 0.000000 0.343244
v 0.251346 0.003634 0.344257
v 0.234875 0.003640 0.360735
v 0.233918 0.000000 0.357000
v 0.233918 0.000000 -0.357000
v 0.234875 0.003640 -0.360735
v 0.251346 0.003634 -0.344257
v 0.247668 0.000000 -0.343244
v -0.234875 0.003640 -0.360735
v -0.233918 0.000000 -0.357000
v -0.247668 0.000000 -0.343244
v -0.251346 0.003634 -0.344257
v -0.251346 0.003634 0.344258
v -0.247668 0.000000 0.343244
v -0.233918 0.000000 0.357000
v -0.234875 0.003640 0.360735
v 0.160050 0.003765 0.360735
v 0.160050 0.000000 0.356929
v -0.160049 0.000000 0.356930
v -0.160049 0.003765 0.360735
v -0.160050 0.003765 -0.360735
v -0.160050 0.000000 -0.356929
v 0.160049 0.000000 -0.356930
v 0.160049 0.003765 -0.360735
vn -0.0000 -0.0000 1.0000
vn -0.0000 -0.0000 -1.0000
vn -0.0000 -1.0000 -0.0000
vn 1.0000 -0.0000 -0.0000
vn -0.0000 1.0000 -0.0000
vn -1.0000 -0.0000 -0.0000
vn -0.0000 0.0369 -0.9993
vn -0.0000 -0.7302 -0.6832
vn -0.0000 0.8383 -0.5453
vn -0.0212 -0.9998 -0.0000
vn -0.0000 0.8383 0.5453
vn -0.0000 0.8384 0.5451
vn 0.7066 0.7076 -0.0007
vn -0.0000 0.8384 -0.5451
vn 0.0212 -0.9998 -0.0000
vn -0.0000 -0.8384 0.5451
vn -0.0000 -0.9998 0.0198
vn -0.9993 0.0370 0.0006
vn -0.0000 0.0369 0.9993
vn -0.0000 -0.0031 -1.0000
vn -0.0000 -0.9998 -0.0198
vn -0.0000 -0.8384 -0.5451
vn -0.9996 -0.0271 -0.0000
vn -0.7067 0.7075 -0.0004
vn -0.0208 0.9998 0.0063
vn 0.9996 -0.0271 -0.0000
vn -0.0000 -0.0271 0.9996
vn 0.9993 0.0370 0.0006
vn -0.0000 0.9998 0.0198
vn -0.0000 -0.0271 -0.9996
vn -0.9998 -0.0000 0.0198
vn 0.0208 0.9998 0.0063
vn 0.0208 0.9998 -0.0063
vn -0.0208 0.9998 -0.0063
vn -0.0000 0.9998 -0.0198
vn 0.9998 -0.0000 -0.0198
vn -0.0212 -0.0000 -0.9998
vn 0.0212 -0.0000 0.9998
vn 0.0212 -0.0000 -0.9998
vn -0.9998 -0.0000 -0.0198
vn -0.0212 -0.0000 0.9998
vn 0.9998 -0.0000 0.0198
vn -0.0000 -0.0031 1.0000
vn -0.5731 0.5738 -0.5851
vn 0.5731 0.5738 -0.5851
vn -0.5731 0.5738 0.5851
vn 0.5731 0.5738 0.5851
vn 0.0034 0.7027 -0.7115
vn -0.0034 0.7027 0.7115
vn 0.0034 0.7027 0.7115
vn -0.0034 0.7027 -0.7115
vn 0.7111 0.7031 -0.0058
vn 0.7067 0.7075 0.0017
vn -0.7067 0.7075 -0.0017
vn -0.7111 0.7031 0.0058
vn -0.7111 0.7031 -0.0058
vn 0.7067 0.7075 -0.0017
vn 0.7067 0.7075 -0.0000
vn -0.7067 0.7075 0.0017
vn -0.7067 0.7075 -0.0000
vn 0.7111 0.7031 0.0058
vn 0.7066 0.7076 0.0007
vn 0.7073 -0.0000 -0.7069
vn 0.7073 -0.0000 0.7069
vn -0.0006 0.7079 -0.7063
vn -0.7073 -0.0000 0.7069
vn -0.0000 0.7080 -0.7062
vn 0.0006 0.7079 0.7063
vn -0.7073 -0.0000 -0.7069
vn -0.0000 0.7080 0.7062
vn -0.7066 0.7076 -0.0007
vn -0.7073 -0.0009 0.7070
vn 0.7067 0.7075 -0.0004
vn 0.0006 0.7079 -0.7063
vn -0.0006 0.7079 0.7063
vn -0.7073 -0.0009 -0.7070
vn 0.7073 -0.0009 -0.7070
vn 0.7073 -0.0009 0.7070
vn -0.7063 -0.0035 -0.7079
vn 0.7063 -0.0035 0.7079
vn 0.7063 -0.0035 -0.7079
vn -0.7063 -0.0035 0.7079
vn 0.7063 0.0035 -0.7079
vn 0.7063 0.0035 0.7079
vn -0.7063 0.0035 0.7079
vn -0.7063 0.0035 -0.7079
vn 0.7067 0.7075 0.0004
vn -0.7067 0.7075 0.0004
vn -0.9993 0.0370 -0.0006
vn 0.4342 0.9008 -0.0000
vn 0.4899 -0.8718 -0.0000
vn 0.5634 0.8262 -0.0000
vn 0.7620 0.5429 0.3530
vn -0.4342 0.9008 -0.0000
vn -0.5634 0.8262 -0.0000
vn -0.7071 -0.7071 -0.0000
vn 0.7071 -0.7071 -0.0000
vn -0.7071 0.7071 -0.0000
vn 0.7071 0.7071 -0.0000
vn 0.5000 0.5000 -0.7071
vn -0.5000 0.5000 -0.7071
vn -0.5000 -0.5000 -0.7071
vn 0.5000 -0.5000 -0.7071
vn -0.5000 -0.5000 0.7071
vn -0.5000 0.5000 0.7071
vn 0.5000 0.5000 0.7071
vn 0.5000 -0.5000 0.7071
vn -0.0000 0.7071 0.7071
vn 0.7071 -0.0000 0.7071
vn -0.7071 -0.0000 0.7071
vn -0.7071 -0.0000 -0.7071
vn -0.0000 0.7071 -0.7071
vn 0.7071 -0.0000 -0.7071
vn -0.0000 -0.7071 0.7071
vn -0.0000 -0.7071 -0.7071
vn -0.5278 -0.5269 0.6662
vn 0.5278 -0.5269 0.6662
vn 0.5278 -0.5269 -0.6662
vn -0.5278 -0.5269 -0.6662
vn -0.4177 0.4183 0.8066
vn 0.4177 0.4183 0.8066
vn 0.4177 0.4183 -0.8066
vn -0.4177 0.4183 -0.8066
vn -0.0000 -0.9919 0.1268
vn -0.8802 0.0021 0.4746
vn 0.8802 0.0021 0.4746
vn -0.0000 -0.9919 -0.1268
vn 0.8802 0.0021 -0.4746
vn -0.8802 0.0021 -0.4746
vn -0.0000 0.8538 0.5206
vn -0.0000 0.8538 -0.5206
vn -0.4899 -0.8718 -0.0000
vn 0.7620 0.5429 -0.3530
vn -0.9392 -0.0000 -0.3434
vn -0.9392 -0.0000 0.3434
vn -0.7620 0.5429 0.3530
vn 0.9392 -0.0000 0.3434
vn -0.7620 0.5429 -0.3530
vn 0.9392 -0.0000 -0.3434
vn -0.7066 0.7076 0.0007
vn -0.2793 0.9602 -0.0000
vn 0.2793 0.9602 -0.0000
vn -0.0000 0.8393 0.5437
vn -0.0000 0.8393 -0.5437
vn -0.0000 0.9644 0.2643
vn -0.0000 0.9644 -0.2643
vn -0.0000 -1.0000 0.0024
vn -0.0000 -1.0000 -0.0024
vn -0.7322 -0.0001 -0.6811
vn -0.0000 -0.7302 0.6832
vn -0.7322 -0.0001 0.6811
vn -0.0000 0.7418 0.6706
vn -0.0000 0.7470 -0.6648
vn -0.0000 0.7470 0.6648
vn -0.0000 0.7418 -0.6706
vn 0.7322 -0.0001 0.6811
vn 0.7322 -0.0001 -0.6811
vn -0.6811 -0.0001 -0.7322
vn 0.6811 -0.0001 -0.7322
vn -0.6811 -0.0001 0.7322
vn 0.6811 -0.0001 0.7322
vn -0.6832 -0.7302 -0.0000
vn 0.6832 -0.7302 -0.0000
vn 0.7309 -0.6825 -0.0000
vn 0.7319 -0.6815 0.0001
vn -0.7309 -0.6825 -0.0000
vn -0.7319 -0.6815 -0.0001
vn -0.7319 -0.6815 0.0001
vn -0.7348 -0.6783 -0.0000
vn 0.7319 -0.6815 -0.0001
vn 0.7348 -0.6783 -0.0000
vn -0.0000 -0.6649 -0.7469
vn -0.0000 0.9755 -0.2198
vn -0.0000 -0.6649 0.7469
vn -0.0000 0.9755 0.2198
vn 0.7348 -0.6782 -0.0000
vn -0.7348 -0.6782 -0.0000
vn -0.7470 -0.0000 -0.6648
vn -0.7470 -0.0000 0.6648
vn 0.7470 -0.0000 0.6648
vn 0.7470 -0.0000 -0.6648
vn 0.7107 -0.0000 0.7035
vn -0.6648 -0.0000 0.7470
vn 0.6648 -0.0000 0.7470
vn -0.7107 -0.0000 0.7035
vn -0.7107 -0.0000 -0.7035
vn 0.6648 -0.0000 -0.7470
vn -0.6648 -0.0000 -0.7470
vn 0.7107 -0.0000 -0.7035
vn -0.7275 0.6861 -0.0000
vn 0.7275 0.6861 -0.0000
vn -0.0000 -0.6511 0.7590
vn -0.0000 -0.6511 -0.7590
vn 0.7071 -0.5928 0.3854
vn 0.6650 0.6260 -0.4072
vn -0.7071 -0.5928 -0.3854
vn -0.6650 0.6260 0.4072
vn -0.7071 -0.5928 0.3854
vn -0.6650 0.6260 -0.4072
vn -0.7284 0.6852 -0.0000
vn 0.7071 -0.5928 -0.3854
vn 0.6650 0.6260 0.4072
vn 0.7284 0.6852 -0.0000
vn 0.4521 0.4526 -0.7686
vn 0.4438 0.7786 -0.4436
vn 0.4502 -0.7712 -0.4500
vn 0.4438 0.7786 0.4436
vn 0.7710 0.4508 -0.4498
vn 0.4502 -0.7713 0.4500
vn -0.7785 0.4443 -0.4432
vn -0.7710 0.4508 -0.4498
vn 0.7785 0.4443 -0.4432
vn 0.7710 0.4508 0.4498
vn -0.4438 0.7786 -0.4436
vn -0.7710 0.4508 0.4498
vn -0.4502 -0.7712 -0.4500
vn -0.7785 0.4443 0.4432
vn -0.4309 0.7930 -0.4307
vn 0.7785 0.4443 0.4432
vn -0.4326 0.4331 -0.7907
vn -0.4438 0.7786 0.4436
vn -0.4438 -0.7786 -0.4436
vn 0.4326 0.4331 0.7907
vn -0.4502 -0.7713 0.4500
vn 0.4309 0.7930 0.4307
vn 0.4309 0.7930 -0.4307
vn 0.4521 0.4526 0.7686
vn 0.4326 0.4331 -0.7907
vn -0.4309 0.7930 0.4307
vn -0.4521 0.4526 -0.7686
vn -0.4326 0.4331 0.7907
vn -0.4521 0.4526 0.7686
vn 0.4439 -0.7786 -0.4436
vn 0.4438 -0.7786 0.4436
vn -0.4438 -0.7786 0.4436
vn -0.7361 0.6768 0.0001
vn 0.0001 0.6769 -0.7361
vn 0.0001 -0.6488 -0.7610
vn 0.6488 -0.0001 -0.7609
vn -0.0000 0.7609 0.6488
vn 0.6486 0.7611 0.0001
vn -0.7610 -0.6488 0.0001
vn -0.7608 -0.0001 0.6490
vn 0.7361 0.6768 0.0001
vn -0.0001 0.6769 -0.7361
vn 0.7610 -0.6488 0.0001
vn 0.7608 -0.0001 0.6490
vn -0.6486 0.7611 0.0001
vn -0.0001 -0.6488 -0.7610
vn -0.6488 -0.0001 -0.7609
vn -0.7361 0.6769 -0.0001
vn 0.0001 0.6769 0.7361
vn -0.7610 -0.6488 -0.0001
vn -0.7608 -0.0001 -0.6490
vn 0.6486 0.7611 -0.0001
vn -0.0000 0.7609 -0.6488
vn 0.0001 -0.6488 0.7610
vn 0.6488 -0.0001 0.7609
vn 0.7361 0.6768 -0.0001
vn -0.0001 0.6769 0.7361
vn -0.0001 -0.6488 0.7610
vn -0.6488 -0.0001 0.7609
vn -0.6486 0.7611 -0.0001
vn 0.7610 -0.6488 -0.0001
vn 0.7608 -0.0001 -0.6490
vn -0.0001 0.7433 -0.6690
vn 0.7402 -0.0002 -0.6724
vn 0.7402 -0.0002 0.6724
vn -0.0001 0.7433 0.6690
vn 0.0001 0.7433 0.6690
vn -0.7402 -0.0002 0.6724
vn -0.7402 -0.0002 -0.6724
vn 0.0001 0.7433 -0.6690
vn -0.6630 -0.0001 -0.7486
vn 0.6630 -0.0001 -0.7486
vn -0.6629 0.7487 0.0001
vn 0.6629 0.7487 0.0001
vn 0.6629 0.7487 -0.0001
vn 0.6630 -0.0001 0.7486
vn -0.6630 -0.0001 0.7486
vn -0.6629 0.7487 -0.0001
vn 0.0001 0.6629 -0.7487
vn 0.0001 -0.6629 -0.7487
vn -0.7487 0.6629 0.0001
vn -0.7487 -0.6629 0.0001
vn 0.7487 0.6629 0.0001
vn 0.7487 -0.6629 0.0001
vn -0.0001 0.6630 -0.7486
vn -0.0001 -0.6630 -0.7486
vn -0.0001 0.6630 0.7487
vn -0.0001 -0.6630 0.7487
vn 0.7487 0.6629 -0.0001
vn 0.7487 -0.6629 -0.0001
vn -0.7487 0.6629 -0.0001
vn 0.0001 -0.6630 0.7487
vn 0.0001 0.6630 0.7487
vn -0.7487 -0.6629 -0.0001
vn 0.7071 0.5928 -0.3854
vn -0.7071 0.5928 0.3854
vn -0.7071 0.5928 -0.3854
vn 0.7071 0.5928 0.3854
vn 0.9993 0.0370 -0.0006
vn -0.5000 0.7071 -0.5000
vn 0.5000 0.7071 -0.5000
vn -0.5000 0.7071 0.5000
vn 0.5000 0.7071 0.5000
vn -0.0000 0.7952 0.6064
vn -0.0000 0.7952 -0.6064
vn -0.0000 0.1918 -0.9814
vn -0.0000 0.1918 0.9814
vn -0.7620 0.6476 -0.0001
vn -0.7620 0.6476 0.0001
vn 0.7620 0.6476 0.0001
vn 0.7620 0.6476 -0.0001
vn -0.7681 0.6404 -0.0000
vn 0.7681 0.6404 -0.0000
vn -0.4624 0.7564 -0.4627
vn 0.4624 0.7564 -0.4627
vn -0.4624 0.7564 0.4627
vn 0.4624 0.7564 0.4627
vn -0.7698 0.6383 -0.0040
vn -0.0000 0.7255 -0.6882
vn 0.7698 0.6383 -0.0040
vn -0.0000 0.7255 0.6882
vn -0.7698 0.6383 0.0040
vn 0.7698 0.6383 0.0040
vn 0.7073 0.0009 0.7070
vn -0.7073 0.0009 -0.7070
vn -0.7073 0.0009 0.7070
vn 0.7073 0.0009 -0.7070
vn -1.0000 -0.0031 -0.0000
vn 1.0000 -0.0031 -0.0000
vn -0.0012 -0.6998 0.7143
vn 0.0012 -0.6998 0.7143
vn -0.0012 -0.6998 -0.7143
vn 0.7160 -0.6981 0.0009
vn 0.7059 -0.7083 -0.0005
vn -0.7059 -0.7083 0.0005
vn -0.7160 -0.6981 0.0009
vn 0.7160 -0.6981 -0.0009
vn 0.7059 -0.7083 0.0005
vn 0.7059 -0.7083 -0.0000
vn -0.7059 -0.7083 -0.0005
vn -0.7059 -0.7083 -0.0000
vn -0.7160 -0.6981 -0.0009
vn 0.0012 -0.6998 -0.7143
vn 0.5224 -0.6739 0.5223
vn 0.5225 -0.6739 -0.5223
vn -0.5224 -0.6739 -0.5223
vn -0.5225 -0.6739 0.5223
vn -0.4024 -0.4043 -0.8214
vn -0.4218 -0.4260 0.8004
vn -0.4218 -0.4260 -0.8004
vn -0.4024 -0.4043 0.8214
vn 0.4024 -0.4043 -0.8214
vn 0.4218 -0.4260 0.8004
vn 0.4218 -0.4260 -0.8004
vn 0.4024 -0.4043 0.8214
vn 0.8179 -0.4091 -0.4045
vn -0.8017 -0.4270 -0.4183
vn 0.8017 -0.4270 -0.4183
vn -0.8179 -0.4091 -0.4045
vn 0.8179 -0.4091 0.4045
vn -0.8017 -0.4270 0.4183
vn 0.8017 -0.4270 0.4183
vn -0.8179 -0.4091 0.4045
vn 0.7032 -0.7110 -0.0002
vn -0.0003 -0.7156 0.6986
vn 0.7057 -0.7085 0.0002
vn 0.7057 -0.7085 -0.0002
vn -0.0003 -0.7156 -0.6986
vn 0.7032 -0.7110 0.0002
vn -0.7057 -0.7085 -0.0002
vn 0.0003 -0.7155 -0.6986
vn -0.7032 -0.7110 0.0002
vn -0.7032 -0.7110 -0.0002
vn 0.0003 -0.7155 0.6986
vn -0.7057 -0.7085 0.0002
vn -0.0000 -0.7109 -0.7033
vn -0.0000 -0.7109 0.7033
vt 0.420653 0.833874
vt 0.378451 0.833873
vt 0.378792 0.833873
vt 0.420653 0.833874
vt 0.736111 0.660531
vt 0.736111 0.589469
vt 0.736111 0.660531
vt 0.245370 0.503409
vt 0.254630 0.503409
vt 0.254630 0.579271
vt 0.245370 0.579271
vt 0.791127 0.666667
vt 0.791127 0.583333
vt 0.549596 0.836002
vt 0.549596 0.861111
vt 0.564010 0.333873
vt 0.564010 0.361111
vt 0.420796 0.919057
vt 0.378469 0.919057
vt 0.378796 0.919057
vt 0.564010 0.833873
vt 0.564010 0.861111
vt 0.559159 0.669210
vt 0.425647 0.669210
vt 0.559159 0.669210
vt 0.383151 0.725680
vt 0.383151 0.679276
vt 0.559159 0.419057
vt 0.425647 0.419057
vt 0.425647 0.419057
vt 0.559159 0.419057
vt 0.564010 0.370370
vt 0.564010 0.379630
vt 0.208873 0.503591
vt 0.208873 0.580790
vt 0.208873 0.503803
vt 0.254630 0.580790
vt 0.263889 0.580790
vt 0.609499 0.169210
vt 0.564010 0.169210
vt 0.608446 0.169210
vt 0.564010 0.080790
vt 0.609499 0.080790
vt 0.608446 0.080790
vt 0.236111 0.584007
vt 0.208873 0.584007
vt 0.208873 0.584007
vt 0.716952 0.656586
vt 0.716952 0.593414
vt 0.420796 0.169210
vt 0.378858 0.169210
vt 0.378869 0.165993
vt 0.420796 0.165993
vt 0.435354 0.336002
vt 0.549596 0.336002
vt 0.549596 0.336002
vt 0.435354 0.336002
vt 0.383151 0.772859
vt 0.383151 0.821485
vt 0.376641 0.829516
vt 0.376632 0.764822
vt 0.128467 0.580790
vt 0.205943 0.580790
vt 0.128649 0.580790
vt 0.378451 0.416127
vt 0.420653 0.416127
vt 0.378792 0.416127
vt 0.705943 0.734195
vt 0.705943 0.669210
vt 0.705943 0.669210
vt 0.705943 0.733404
vt 0.559159 0.580790
vt 0.559159 0.516304
vt 0.559159 0.517085
vt 0.794057 0.669210
vt 0.794057 0.734195
vt 0.794057 0.733404
vt 0.794057 0.669210
vt 0.609393 0.084007
vt 0.564010 0.084007
vt 0.608422 0.084007
vt 0.716686 0.656932
vt 0.728306 0.656926
vt 0.733452 0.663348
vt 0.731194 0.666667
vt 0.709196 0.666667
vt 0.745370 0.583333
vt 0.754630 0.583333
vt 0.420796 0.084007
vt 0.378563 0.084007
vt 0.378869 0.084007
vt 0.291127 0.584007
vt 0.263889 0.584007
vt 0.236111 0.580790
vt 0.245370 0.580790
vt 0.245370 0.580790
vt 0.378469 0.330943
vt 0.420796 0.330943
vt 0.378796 0.330943
vt 0.263889 0.669210
vt 0.254630 0.669210
vt 0.794057 0.580790
vt 0.859795 0.580790
vt 0.859034 0.580790
vt 0.794057 0.580790
vt 0.564010 0.888889
vt 0.564010 0.916126
vt 0.564010 0.916126
vt 0.559159 0.919057
vt 0.425647 0.919057
vt 0.425647 0.919057
vt 0.420647 0.388889
vt 0.295484 0.503534
vt 0.295484 0.579271
vt 0.294057 0.580790
vt 0.294057 0.503627
vt 0.254630 0.584007
vt 0.245370 0.584007
vt 0.245370 0.584007
vt 0.754629 0.666667
vt 0.745370 0.666667
vt 0.608882 0.330943
vt 0.609861 0.330943
vt 0.625000 0.330943
vt 0.565458 0.015820
vt 0.609995 0.015763
vt 0.609941 0.079271
vt 0.565458 0.079271
vt 0.552129 0.370370
vt 0.551044 0.361111
vt 0.557710 0.361111
vt 0.558109 0.370370
vt 0.432815 0.370487
vt 0.432815 0.379513
vt 0.426834 0.379609
vt 0.426834 0.370391
vt 0.564010 0.388889
vt 0.564010 0.416127
vt 0.564010 0.416127
vt 0.564010 0.388889
vt 0.425647 0.484693
vt 0.425647 0.484010
vt 0.254630 0.665993
vt 0.263889 0.665993
vt 0.245370 0.665993
vt 0.236111 0.584007
vt 0.245370 0.669210
vt 0.744492 0.583333
vt 0.755508 0.583333
vt 0.755508 0.583333
vt 0.755508 0.666667
vt 0.419379 0.379630
vt 0.564010 0.580790
vt 0.609499 0.580790
vt 0.608446 0.580790
vt 0.754629 0.515087
vt 0.763889 0.515151
vt 0.763889 0.560173
vt 0.756351 0.581004
vt 0.754630 0.580967
vt 0.564010 0.330943
vt 0.609861 0.330943
vt 0.754629 0.669033
vt 0.756351 0.668996
vt 0.763889 0.689827
vt 0.763889 0.734849
vt 0.754629 0.734913
vt 0.552129 0.379630
vt 0.552129 0.370370
vt 0.558109 0.370370
vt 0.558109 0.379630
vt 0.771967 0.593414
vt 0.783048 0.593414
vt 0.783048 0.593414
vt 0.771967 0.593414
vt 0.435175 0.362024
vt 0.432815 0.370487
vt 0.427470 0.361274
vt 0.744492 0.666667
vt 0.564010 0.165993
vt 0.609393 0.165993
vt 0.608422 0.165993
vt 0.511091 0.097157
vt 0.502641 0.095556
vt 0.505575 0.094214
vt 0.518176 0.096601
vt 0.565458 0.515820
vt 0.609995 0.515763
vt 0.609941 0.579271
vt 0.565458 0.579271
vt 0.473709 0.091690
vt 0.511097 0.091690
vt 0.565458 0.264872
vt 0.610315 0.264818
vt 0.610274 0.329516
vt 0.565458 0.329516
vt 0.551044 0.335680
vt 0.433905 0.335680
vt 0.427239 0.334196
vt 0.557710 0.334196
vt 0.609861 0.919057
vt 0.564010 0.919057
vt 0.608882 0.919057
vt 0.551044 0.914320
vt 0.551044 0.888889
vt 0.557710 0.888889
vt 0.557710 0.915804
vt 0.435175 0.887976
vt 0.433905 0.914320
vt 0.427239 0.915804
vt 0.427470 0.888726
vt 0.564010 0.665993
vt 0.609393 0.665993
vt 0.608422 0.665993
vt 0.551044 0.414320
vt 0.551044 0.388889
vt 0.557710 0.388889
vt 0.557710 0.415804
vt 0.378500 0.080790
vt 0.420796 0.080790
vt 0.420796 0.080790
vt 0.378858 0.080790
vt 0.379829 0.379630
vt 0.417084 0.379630
vt 0.419110 0.388889
vt 0.378256 0.388889
vt 0.420796 0.669210
vt 0.378500 0.669210
vt 0.378858 0.669210
vt 0.378257 0.888889
vt 0.419110 0.888889
vt 0.419119 0.915804
vt 0.378291 0.915804
vt 0.291127 0.746410
vt 0.291127 0.669210
vt 0.291127 0.746197
vt 0.205943 0.746373
vt 0.205943 0.669210
vt 0.205943 0.669210
vt 0.205943 0.746189
vt 0.205943 0.503627
vt 0.205943 0.503811
vt 0.565458 0.584410
vt 0.609822 0.584410
vt 0.609822 0.665590
vt 0.565458 0.665590
vt 0.640205 0.580790
vt 0.705943 0.580790
vt 0.640966 0.580790
vt 0.294057 0.665993
vt 0.371498 0.665993
vt 0.371345 0.665993
vt 0.859795 0.669210
vt 0.859034 0.669210
vt 0.420796 0.169210
vt 0.378500 0.169210
vt 0.294057 0.503811
vt 0.291127 0.580790
vt 0.291127 0.503803
vt 0.420647 0.888889
vt 0.419379 0.879630
vt 0.640307 0.665993
vt 0.705943 0.665993
vt 0.705943 0.665993
vt 0.640990 0.665993
vt 0.434114 0.379492
vt 0.434114 0.370508
vt 0.434114 0.370508
vt 0.434114 0.379492
vt 0.436849 0.887813
vt 0.434114 0.879492
vt 0.610570 0.361111
vt 0.610448 0.334196
vt 0.625000 0.334196
vt 0.625000 0.361111
vt 0.436849 0.387813
vt 0.434114 0.379492
vt 0.708873 0.583333
vt 0.705943 0.584007
vt 0.559408 0.370370
vt 0.559159 0.361111
vt 0.209196 0.584409
vt 0.236111 0.584409
vt 0.236111 0.665590
vt 0.209196 0.665590
vt 0.208873 0.669210
vt 0.208873 0.746197
vt 0.205943 0.746189
vt 0.425647 0.733696
vt 0.425647 0.732915
vt 0.291127 0.665993
vt 0.576291 0.379630
vt 0.576291 0.384229
vt 0.565458 0.388889
vt 0.565458 0.379630
vt 0.236111 0.503427
vt 0.245370 0.579271
vt 0.236111 0.579271
vt 0.425647 0.265307
vt 0.425647 0.330943
vt 0.425647 0.265990
vt 0.378291 0.334196
vt 0.419119 0.334196
vt 0.419110 0.361111
vt 0.378256 0.361111
vt 0.559159 0.916127
vt 0.559159 0.888889
vt 0.756351 0.668996
vt 0.764297 0.666157
vt 0.766548 0.663348
vt 0.768806 0.666667
vt 0.245370 0.584410
vt 0.245370 0.665590
vt 0.609967 0.833873
vt 0.608917 0.833873
vt 0.859693 0.584007
vt 0.794057 0.584007
vt 0.859010 0.584007
vt 0.427470 0.361274
vt 0.427239 0.334196
vt 0.245370 0.670729
vt 0.254630 0.670729
vt 0.254630 0.746591
vt 0.245370 0.746591
vt 0.559408 0.870370
vt 0.559159 0.861111
vt 0.559408 0.870370
vt 0.565458 0.334196
vt 0.610448 0.334196
vt 0.565458 0.361111
vt 0.559159 0.084007
vt 0.425647 0.084007
vt 0.294057 0.584007
vt 0.425797 0.861111
vt 0.425535 0.870370
vt 0.564010 0.265205
vt 0.564010 0.265966
vt 0.427096 0.170729
vt 0.557710 0.170729
vt 0.557710 0.234052
vt 0.427096 0.234052
vt 0.209196 0.503466
vt 0.209196 0.579271
vt 0.576291 0.879629
vt 0.576291 0.884228
vt 0.565458 0.888889
vt 0.565458 0.879629
vt 0.559159 0.080790
vt 0.559159 0.016304
vt 0.559159 0.017085
vt 0.559159 0.833873
vt 0.639993 0.584410
vt 0.704516 0.584409
vt 0.704516 0.665590
vt 0.639993 0.665590
vt 0.534933 0.090737
vt 0.514514 0.091553
vt 0.469144 0.091563
vt 0.451031 0.091059
vt 0.426208 0.084163
vt 0.558594 0.084164
vt 0.385536 0.162664
vt 0.385535 0.087336
vt 0.425535 0.370370
vt 0.425535 0.379630
vt 0.564010 0.879629
vt 0.564010 0.888889
vt 0.783048 0.656586
vt 0.783048 0.656586
vt 0.559159 0.584007
vt 0.425647 0.584007
vt 0.128649 0.669210
vt 0.128655 0.665993
vt 0.205943 0.665993
vt 0.378796 0.919057
vt 0.378792 0.916127
vt 0.420653 0.916127
vt 0.709196 0.515282
vt 0.736111 0.515151
vt 0.736111 0.560173
vt 0.731194 0.583333
vt 0.709196 0.583333
vt 0.427096 0.670729
vt 0.557710 0.670729
vt 0.557710 0.734052
vt 0.427096 0.734052
vt 0.411197 0.821485
vt 0.534933 0.159263
vt 0.532001 0.155143
vt 0.532002 0.094857
vt 0.558594 0.084164
vt 0.558594 0.165836
vt 0.559159 0.888889
vt 0.559408 0.879629
vt 0.565458 0.388889
vt 0.610570 0.388889
vt 0.610448 0.415804
vt 0.565458 0.415804
vt 0.427096 0.515948
vt 0.557710 0.515948
vt 0.557710 0.579271
vt 0.427096 0.579271
vt 0.378869 0.665993
vt 0.420796 0.665993
vt 0.263889 0.670729
vt 0.290804 0.670729
vt 0.290804 0.746534
vt 0.263889 0.746573
vt 0.534933 0.590737
vt 0.514515 0.591553
vt 0.469144 0.591563
vt 0.451031 0.591059
vt 0.426208 0.584163
vt 0.558594 0.584164
vt 0.408812 0.662664
vt 0.385536 0.662664
vt 0.576291 0.865771
vt 0.576291 0.870370
vt 0.565458 0.870370
vt 0.565458 0.861111
vt 0.419119 0.415804
vt 0.378291 0.415804
vt 0.425791 0.916126
vt 0.378500 0.580790
vt 0.420796 0.580790
vt 0.420796 0.580790
vt 0.378858 0.580790
vt 0.425535 0.870370
vt 0.425535 0.879630
vt 0.427096 0.420484
vt 0.557710 0.420484
vt 0.557710 0.485007
vt 0.427096 0.485007
vt 0.411197 0.679276
vt 0.411197 0.725644
vt 0.209196 0.670729
vt 0.236111 0.670729
vt 0.236111 0.746573
vt 0.209196 0.746534
vt 0.559159 0.333873
vt 0.411197 0.772894
vt 0.427096 0.264993
vt 0.557710 0.264993
vt 0.557710 0.329516
vt 0.427096 0.329516
vt 0.705943 0.515805
vt 0.705943 0.516596
vt 0.425535 0.379630
vt 0.425797 0.388889
vt 0.564010 0.388889
vt 0.383151 0.272859
vt 0.383151 0.321485
vt 0.376641 0.329516
vt 0.376632 0.264822
vt 0.425791 0.416127
vt 0.559159 0.416127
vt 0.385535 0.587336
vt 0.378437 0.665590
vt 0.378437 0.584409
vt 0.425791 0.833873
vt 0.425797 0.861111
vt 0.425791 0.833873
vt 0.420796 0.830943
vt 0.420796 0.765230
vt 0.420796 0.765966
vt 0.559159 0.388889
vt 0.559408 0.379630
vt 0.245370 0.670729
vt 0.245370 0.746591
vt 0.427096 0.920484
vt 0.557710 0.920484
vt 0.557710 0.985007
vt 0.427096 0.985007
vt 0.383151 0.928515
vt 0.383151 0.977140
vt 0.376632 0.985178
vt 0.376641 0.920484
vt 0.559159 0.830943
vt 0.559159 0.765307
vt 0.559159 0.765990
vt 0.371345 0.584007
vt 0.371351 0.580790
vt 0.425797 0.888889
vt 0.576291 0.365771
vt 0.576291 0.370370
vt 0.565458 0.370370
vt 0.565458 0.361111
vt 0.378469 0.830943
vt 0.420796 0.830943
vt 0.378796 0.830943
vt 0.371351 0.669210
vt 0.294057 0.669210
vt 0.378256 0.361111
vt 0.419110 0.361111
vt 0.417084 0.370370
vt 0.379829 0.370370
vt 0.559159 0.233696
vt 0.559159 0.169210
vt 0.559159 0.232915
vt 0.425797 0.361111
vt 0.425535 0.370370
vt 0.705943 0.665993
vt 0.378563 0.165993
vt 0.425647 0.580790
vt 0.794057 0.584007
vt 0.794057 0.665993
vt 0.794057 0.665993
vt 0.794057 0.665993
vt 0.859693 0.665993
vt 0.859010 0.665993
vt 0.378256 0.861111
vt 0.419110 0.861111
vt 0.417084 0.870370
vt 0.379829 0.870370
vt 0.559159 0.484693
vt 0.559159 0.484010
vt 0.795484 0.584410
vt 0.860007 0.584409
vt 0.860007 0.665590
vt 0.795484 0.665590
vt 0.420796 0.265230
vt 0.420796 0.265966
vt 0.236111 0.580790
vt 0.427096 0.764993
vt 0.557710 0.764993
vt 0.557710 0.829516
vt 0.427096 0.829516
vt 0.427096 0.015948
vt 0.557710 0.015948
vt 0.557710 0.079271
vt 0.427096 0.079271
vt 0.565458 0.764872
vt 0.610315 0.764818
vt 0.610274 0.829516
vt 0.565458 0.829516
vt 0.425647 0.169210
vt 0.425647 0.169210
vt 0.564010 0.233804
vt 0.564010 0.232940
vt 0.411197 0.179276
vt 0.411197 0.225644
vt 0.420796 0.233777
vt 0.420796 0.169210
vt 0.420796 0.232940
vt 0.549596 0.361111
vt 0.550829 0.370370
vt 0.550829 0.370370
vt 0.420796 0.080790
vt 0.420796 0.016223
vt 0.420796 0.017060
vt 0.794057 0.515805
vt 0.794057 0.516596
vt 0.559159 0.984693
vt 0.559159 0.919057
vt 0.559159 0.984010
vt 0.451031 0.091059
vt 0.452847 0.094655
vt 0.452847 0.155345
vt 0.451031 0.158941
vt 0.426208 0.165837
vt 0.426208 0.084163
vt 0.639872 0.670729
vt 0.704516 0.670729
vt 0.704516 0.734540
vt 0.639818 0.734584
vt 0.254630 0.670729
vt 0.254630 0.746591
vt 0.559159 0.330943
vt 0.564010 0.016196
vt 0.564010 0.017060
vt 0.608917 0.833873
vt 0.564010 0.830943
vt 0.608882 0.830943
vt 0.640307 0.584007
vt 0.640990 0.584007
vt 0.565458 0.888889
vt 0.610570 0.888889
vt 0.610448 0.915804
vt 0.565458 0.915804
vt 0.559159 0.733696
vt 0.559159 0.732915
vt 0.420647 0.361111
vt 0.420653 0.333873
vt 0.625000 0.764818
vt 0.625000 0.829516
vt 0.565458 0.670729
vt 0.609941 0.670729
vt 0.609995 0.734237
vt 0.565458 0.734180
vt 0.420796 0.584007
vt 0.378563 0.584007
vt 0.378869 0.584007
vt 0.708873 0.666667
vt 0.205943 0.584007
vt 0.208873 0.665993
vt 0.564010 0.419057
vt 0.564010 0.584007
vt 0.564010 0.669210
vt 0.559159 0.665993
vt 0.559159 0.165993
vt 0.425647 0.830943
vt 0.425791 0.333873
vt 0.420796 0.419057
vt 0.425647 0.665993
vt 0.425647 0.080790
vt 0.425647 0.165993
vt 0.608917 0.916127
vt 0.708873 0.516532
vt 0.705943 0.516596
vt 0.378451 0.916127
vt 0.378792 0.916127
vt 0.294057 0.746373
vt 0.294057 0.746189
vt 0.208873 0.746409
vt 0.378451 0.333873
vt 0.378792 0.333873
vt 0.378469 0.419057
vt 0.378796 0.419057
vt 0.608882 0.419057
vt 0.608917 0.416127
vt 0.608422 0.584007
vt 0.608446 0.580790
vt 0.294057 0.503811
vt 0.236111 0.669210
vt 0.236111 0.665993
vt 0.128502 0.584007
vt 0.128655 0.584007
vt 0.128502 0.665993
vt 0.205943 0.665993
vt 0.128655 0.665993
vt 0.608446 0.669210
vt 0.608422 0.665993
vt 0.859010 0.584007
vt 0.859034 0.580790
vt 0.608422 0.165993
vt 0.564010 0.984034
vt 0.371498 0.584007
vt 0.371345 0.584007
vt 0.378563 0.665993
vt 0.371533 0.580790
vt 0.371533 0.669210
vt 0.371351 0.669210
vt 0.128467 0.669210
vt 0.708873 0.733468
vt 0.791127 0.733468
vt 0.791127 0.516532
vt 0.608917 0.333873
vt 0.608882 0.330943
vt 0.640966 0.669210
vt 0.640990 0.665993
vt 0.859010 0.665993
vt 0.608422 0.084007
vt 0.608446 0.080790
vt 0.564010 0.370370
vt 0.564010 0.870370
vt 0.564010 0.879629
vt 0.564010 0.861111
vt 0.564010 0.870370
vt 0.564010 0.484034
vt 0.564010 0.732940
vt 0.425647 0.232915
vt 0.559159 0.017085
vt 0.564010 0.765966
vt 0.564010 0.517060
vt 0.564010 0.265966
vt 0.559159 0.265990
vt 0.425647 0.265990
vt 0.425647 0.517085
vt 0.420796 0.517060
vt 0.425647 0.765990
vt 0.420796 0.765966
vt 0.425647 0.017085
vt 0.420796 0.017060
vt 0.425647 0.984010
vt 0.420796 0.984034
vt 0.425647 0.484010
vt 0.420796 0.484034
vt 0.425647 0.732915
vt 0.420796 0.732940
vt 0.420647 0.861111
vt 0.425535 0.879630
vt 0.419379 0.870370
vt 0.420647 0.861111
vt 0.419379 0.879630
vt 0.419379 0.370370
vt 0.425647 0.516304
vt 0.609967 0.333873
vt 0.608917 0.333873
vt 0.436849 0.862187
vt 0.435354 0.836002
vt 0.435354 0.836002
vt 0.383151 0.428515
vt 0.383151 0.477141
vt 0.376632 0.485178
vt 0.376641 0.420484
vt 0.379829 0.879630
vt 0.417084 0.879630
vt 0.419110 0.888889
vt 0.378256 0.888889
vt 0.291127 0.503590
vt 0.291127 0.503803
vt 0.565458 0.084410
vt 0.609822 0.084410
vt 0.609822 0.165590
vt 0.565458 0.165590
vt 0.236111 0.669210
vt 0.425647 0.765307
vt 0.425647 0.830943
vt 0.425647 0.765990
vt 0.291127 0.584007
vt 0.469144 0.158437
vt 0.514514 0.158447
vt 0.534933 0.159263
vt 0.558594 0.165836
vt 0.426208 0.165837
vt 0.254630 0.584410
vt 0.263889 0.584409
vt 0.263889 0.665590
vt 0.254630 0.665590
vt 0.425647 0.233696
vt 0.290804 0.584409
vt 0.290804 0.665590
vt 0.565458 0.920484
vt 0.610274 0.920484
vt 0.610315 0.985182
vt 0.565458 0.985128
vt 0.263889 0.503427
vt 0.290804 0.503466
vt 0.290804 0.579271
vt 0.263889 0.579271
vt 0.425647 0.016304
vt 0.425647 0.017085
vt 0.245370 0.584410
vt 0.254630 0.584409
vt 0.254630 0.665590
vt 0.245370 0.665590
vt 0.208873 0.665993
vt 0.609393 0.584007
vt 0.417084 0.370370
vt 0.417084 0.379630
vt 0.420796 0.984770
vt 0.420796 0.984034
vt 0.451031 0.658941
vt 0.469144 0.658437
vt 0.514514 0.658447
vt 0.534933 0.659263
vt 0.558594 0.665836
vt 0.426208 0.665837
vt 0.378291 0.834196
vt 0.419119 0.834196
vt 0.419110 0.861111
vt 0.425797 0.361111
vt 0.208873 0.669210
vt 0.565458 0.420484
vt 0.610274 0.420484
vt 0.610315 0.485182
vt 0.565458 0.485128
vt 0.236111 0.665993
vt 0.245370 0.665993
vt 0.435354 0.913998
vt 0.436849 0.887813
vt 0.378437 0.165590
vt 0.378437 0.084410
vt 0.609499 0.669210
vt 0.417084 0.870370
vt 0.417084 0.879630
vt 0.434114 0.370508
vt 0.436849 0.362187
vt 0.609967 0.416127
vt 0.609861 0.830943
vt 0.608882 0.830943
vt 0.420796 0.484770
vt 0.420796 0.484034
vt 0.411197 0.977107
vt 0.640205 0.669210
vt 0.378858 0.080790
vt 0.795484 0.670729
vt 0.860128 0.670729
vt 0.860182 0.734584
vt 0.795484 0.734540
vt 0.565458 0.170729
vt 0.609941 0.170729
vt 0.609995 0.234237
vt 0.565458 0.234180
vt 0.768806 0.666667
vt 0.790804 0.666667
vt 0.790804 0.734718
vt 0.763889 0.734849
vt 0.435175 0.387976
vt 0.433905 0.414320
vt 0.427239 0.415804
vt 0.427470 0.388726
vt 0.609861 0.419057
vt 0.564010 0.419057
vt 0.565458 0.834196
vt 0.610448 0.834196
vt 0.610570 0.861111
vt 0.565458 0.861111
vt 0.564010 0.665993
vt 0.609967 0.916127
vt 0.795484 0.515460
vt 0.860182 0.515416
vt 0.860128 0.579271
vt 0.795484 0.579271
vt 0.420796 0.733777
vt 0.420796 0.732940
vt 0.564010 0.765205
vt 0.564010 0.484795
vt 0.452847 0.594655
vt 0.452847 0.655345
vt 0.451031 0.658941
vt 0.426208 0.665837
vt 0.564010 0.516196
vt 0.564010 0.517060
vt 0.564010 0.984795
vt 0.639818 0.515416
vt 0.704516 0.515460
vt 0.704516 0.579271
vt 0.639872 0.579271
vt 0.420796 0.580790
vt 0.420796 0.516223
vt 0.420796 0.517060
vt 0.564010 0.733804
vt 0.610315 0.000000
vt 0.625000 0.015416
vt 0.610315 0.250000
vt 0.625000 0.234584
vt 0.609995 0.750000
vt 0.609995 0.500000
vt 0.625000 0.485182
vt 0.625000 0.080790
vt 0.625000 0.084007
vt 0.625000 0.165993
vt 0.625000 0.169210
vt 0.625000 0.333873
vt 0.625000 0.379630
vt 0.625000 0.388889
vt 0.610570 0.388889
vt 0.610629 0.379630
vt 0.625000 0.879629
vt 0.625000 0.888889
vt 0.610570 0.888889
vt 0.610629 0.879629
vt 0.625000 0.830943
vt 0.625000 0.833873
vt 0.625000 0.916127
vt 0.625000 0.919057
vt 0.625000 0.370370
vt 0.610629 0.370370
vt 0.610629 0.379630
vt 0.610629 0.370370
vt 0.625000 0.861111
vt 0.625000 0.870370
vt 0.610629 0.870370
vt 0.610570 0.861111
vt 0.610629 0.879629
vt 0.610629 0.870370
vt 0.625000 0.416127
vt 0.625000 0.419057
vt 0.625000 0.415804
vt 0.610448 0.415804
vt 0.427096 0.234052
vt 0.427096 0.264993
vt 0.427096 0.485007
vt 0.427096 0.515948
vt 0.609941 0.170729
vt 0.625000 0.170729
vt 0.427096 0.734052
vt 0.427096 0.764993
vt 0.625000 0.084410
vt 0.625000 0.165590
vt 0.609822 0.165590
vt 0.609822 0.084410
vt 0.609393 0.584007
vt 0.609941 0.670729
vt 0.427096 0.015948
vt 0.427096 0.000000
vt 0.557710 0.000000
vt 0.559159 0.265307
vt 0.559159 0.000000
vt 0.639993 0.584410
vt 0.639993 0.665590
vt 0.609822 0.665590
vt 0.609822 0.584410
vt 0.625000 0.915804
vt 0.564010 0.733804
vt 0.411197 0.024356
vt 0.383151 0.024320
vt 0.378322 0.015767
vt 0.419348 0.015820
vt 0.708873 0.515683
vt 0.708873 0.583333
vt 0.708873 0.516532
vt 0.565458 0.734180
vt 0.425647 0.765307
vt 0.425647 0.733696
vt 0.625000 0.420484
vt 0.609967 0.333873
vt 0.564010 0.233804
vt 0.640205 0.580790
vt 0.564010 0.516196
vt 0.420796 0.000000
vt 0.625000 0.830943
vt 0.625000 0.833873
vt 0.609967 0.833873
vt 0.791127 0.734317
vt 0.564010 0.000000
vt 0.625000 0.079271
vt 0.565458 0.000000
vt 0.565458 0.234180
vt 0.565458 0.264872
vt 0.559159 0.765307
vt 0.425647 0.000000
vt 0.625000 0.264818
vt 0.625000 0.329516
vt 0.790804 0.515282
vt 0.790804 0.583333
vt 0.768806 0.583333
vt 0.763889 0.560173
vt 0.383151 0.225680
vt 0.419348 0.234180
vt 0.378322 0.234233
vt 0.411197 0.477107
vt 0.419348 0.485128
vt 0.378318 0.485178
vt 0.378318 0.764822
vt 0.419348 0.764872
vt 0.425647 0.000000
vt 0.425647 0.016304
vt 0.709196 0.666667
vt 0.736111 0.689827
vt 0.736111 0.734849
vt 0.709196 0.734718
vt 0.610274 0.920484
vt 0.625000 0.920484
vt 0.625000 0.985182
vt 0.378796 0.830943
vt 0.550829 0.379630
vt 0.549596 0.388889
vt 0.549596 0.388889
vt 0.550829 0.379630
vt 0.550829 0.879629
vt 0.549596 0.888889
vt 0.549596 0.888889
vt 0.550829 0.870370
vt 0.550829 0.879630
vt 0.549596 0.836002
vt 0.550829 0.870370
vt 0.559159 0.330943
vt 0.549596 0.413998
vt 0.435354 0.413998
vt 0.435354 0.413998
vt 0.549596 0.913998
vt 0.435354 0.913998
vt 0.551044 0.861111
vt 0.551044 0.835680
vt 0.557710 0.834196
vt 0.557710 0.861111
vt 0.549596 0.913998
vt 0.551044 0.361111
vt 0.551044 0.335680
vt 0.557710 0.334196
vt 0.557710 0.361111
vt 0.425647 0.984693
vt 0.435354 0.413998
vt 0.436849 0.387813
vt 0.435354 0.336002
vt 0.434114 0.870508
vt 0.436849 0.862187
vt 0.434114 0.870508
vt 0.434114 0.879492
vt 0.442645 0.887289
vt 0.438711 0.879419
vt 0.546221 0.370334
vt 0.546221 0.379666
vt 0.536699 0.879786
vt 0.536699 0.870214
vt 0.545447 0.870324
vt 0.545447 0.879676
vt 0.536699 0.379786
vt 0.536699 0.370214
vt 0.545447 0.370324
vt 0.545447 0.379676
vt 0.448184 0.379270
vt 0.454382 0.386254
vt 0.443599 0.387205
vt 0.439481 0.379407
vt 0.534187 0.361192
vt 0.543697 0.361136
vt 0.454382 0.363746
vt 0.448184 0.370730
vt 0.439481 0.370593
vt 0.443599 0.362795
vt 0.533975 0.339513
vt 0.543630 0.337339
vt 0.543697 0.361136
vt 0.454382 0.886253
vt 0.451246 0.910445
vt 0.441403 0.912646
vt 0.443599 0.887205
vt 0.448184 0.870730
vt 0.448184 0.879270
vt 0.439481 0.879406
vt 0.439481 0.870593
vt 0.552129 0.879629
vt 0.552129 0.870370
vt 0.558109 0.870370
vt 0.558109 0.879629
vt 0.432815 0.379513
vt 0.427470 0.388726
vt 0.426834 0.379609
vt 0.552129 0.870370
vt 0.551044 0.861111
vt 0.557710 0.861111
vt 0.558109 0.870370
vt 0.433906 0.835680
vt 0.435175 0.862024
vt 0.427470 0.861274
vt 0.427239 0.834196
vt 0.551044 0.914320
vt 0.557710 0.915804
vt 0.427239 0.915804
vt 0.551044 0.888889
vt 0.552129 0.879629
vt 0.558109 0.879629
vt 0.557710 0.888889
vt 0.432815 0.879513
vt 0.426834 0.879609
vt 0.433906 0.835680
vt 0.557710 0.834196
vt 0.435175 0.862024
vt 0.432815 0.870487
vt 0.426834 0.870391
vt 0.427470 0.861274
vt 0.433905 0.414320
vt 0.557710 0.415804
vt 0.427239 0.415804
vt 0.551044 0.388889
vt 0.552129 0.379630
vt 0.558109 0.379630
vt 0.557710 0.388889
vt 0.432815 0.870487
vt 0.426834 0.879609
vt 0.426834 0.870391
vt 0.544538 0.361131
vt 0.546221 0.879666
vt 0.546221 0.870334
vt 0.544538 0.861131
vt 0.544538 0.888869
vt 0.544484 0.837147
vt 0.544538 0.388869
vt 0.544484 0.337147
vt 0.544484 0.412853
vt 0.544484 0.912853
vt 0.440532 0.837159
vt 0.440532 0.912841
vt 0.440532 0.337159
vt 0.440532 0.412841
vt 0.442645 0.387289
vt 0.442645 0.362711
vt 0.438711 0.379419
vt 0.442645 0.862711
vt 0.438711 0.870581
vt 0.438711 0.370581
vt 0.451246 0.339555
vt 0.534187 0.388808
vt 0.533975 0.410487
vt 0.451246 0.410445
vt 0.441403 0.412646
vt 0.443599 0.387205
vt 0.545447 0.379676
vt 0.543697 0.388864
vt 0.534187 0.861192
vt 0.533975 0.839513
vt 0.543630 0.837339
vt 0.543697 0.861136
vt 0.454382 0.863747
vt 0.439481 0.870593
vt 0.443599 0.862795
vt 0.442645 0.887289
vt 0.533975 0.910487
vt 0.534187 0.888808
vt 0.543697 0.888864
vt 0.543630 0.912661
vt 0.443599 0.887205
vt 0.441403 0.337354
vt 0.543630 0.912661
vt 0.543697 0.388864
vt 0.543630 0.412661
vt 0.514514 0.158447
vt 0.532001 0.158448
vt 0.532001 0.658448
vt 0.425647 0.665993
vt 0.452844 0.658437
vt 0.453301 0.154445
vt 0.453301 0.095555
vt 0.452844 0.158437
vt 0.473715 0.597157
vt 0.473715 0.652843
vt 0.466630 0.653399
vt 0.466630 0.596601
vt 0.469144 0.591563
vt 0.452847 0.591563
vt 0.531996 0.091553
vt 0.473709 0.591690
vt 0.511097 0.591690
vt 0.473709 0.591690
vt 0.453301 0.654445
vt 0.453301 0.595555
vt 0.532001 0.655143
vt 0.532002 0.594857
vt 0.558594 0.584164
vt 0.558594 0.665836
vt 0.531505 0.595555
vt 0.531505 0.654445
vt 0.511097 0.658310
vt 0.531505 0.095555
vt 0.531505 0.095555
vt 0.511097 0.158310
vt 0.511097 0.158310
vt 0.531505 0.154445
vt 0.453301 0.654445
vt 0.473709 0.658310
vt 0.473709 0.658310
vt 0.473709 0.158310
vt 0.473709 0.158310
vt 0.469144 0.091563
vt 0.452847 0.091563
vt 0.531505 0.654445
vt 0.507533 0.156681
vt 0.522901 0.153770
vt 0.522901 0.096230
vt 0.507533 0.093319
vt 0.477273 0.093319
vt 0.461905 0.096230
vt 0.461905 0.153770
vt 0.477273 0.156681
vt 0.461905 0.653770
vt 0.477273 0.656681
vt 0.507533 0.656681
vt 0.522901 0.653770
vt 0.522901 0.596230
vt 0.507533 0.593319
vt 0.477273 0.593319
vt 0.461905 0.596230
vt 0.511091 0.652843
vt 0.511091 0.597157
vt 0.518176 0.596601
vt 0.518176 0.653399
vt 0.511091 0.152843
vt 0.518176 0.153399
vt 0.502641 0.595556
vt 0.482165 0.595556
vt 0.479231 0.594214
vt 0.505575 0.594214
vt 0.482165 0.654444
vt 0.502641 0.654444
vt 0.505575 0.655786
vt 0.479231 0.655786
vt 0.482165 0.154444
vt 0.502641 0.154444
vt 0.505575 0.155786
vt 0.479231 0.155786
vt 0.473715 0.152843
vt 0.479231 0.155786
vt 0.466630 0.153399
vt 0.518176 0.596601
vt 0.482165 0.095556
vt 0.479231 0.094214
vt 0.479231 0.594214
vt 0.473715 0.097157
vt 0.466630 0.096601
vt 0.466630 0.653399
vt 0.466630 0.096601
vt 0.479231 0.094214
vt 0.477273 0.593319
vt 0.477273 0.656681
vt 0.477273 0.093319
vt 0.511457 0.591758
vt 0.528912 0.595064
vt 0.528912 0.654936
vt 0.511456 0.658242
vt 0.511456 0.091758
vt 0.528912 0.095064
vt 0.528912 0.154936
vt 0.511456 0.158242
vt 0.453301 0.591690
vt 0.453301 0.658310
vt 0.453301 0.091690
vt 0.453301 0.158310
vt 0.531997 0.591553
vt 0.546221 0.370334
vt 0.439481 0.370593
vt 0.546221 0.879666
vt 0.544538 0.861131
vt 0.544538 0.888869
vt 0.451246 0.839555
vt 0.443599 0.862795
vt 0.441403 0.837354
vt 0.544538 0.388869
vt 0.441403 0.837354
vt 0.544484 0.412853
vt 0.544484 0.912853
vt 0.544484 0.837147
vt 0.543630 0.412661
vt 0.440532 0.412841
vt 0.441403 0.337354
vt 0.438711 0.379419
vt 0.442645 0.862711
vt 0.442645 0.362711
vt 0.438711 0.870581
vt 0.438711 0.370581
vt 0.610448 0.834196
vt 0.625000 0.834196
vt 0.745370 0.515087
vt 0.745370 0.580967
vt 0.743649 0.581004
vt 0.728033 0.593414
vt 0.728033 0.656586
vt 0.791127 0.515683
vt 0.735703 0.660963
vt 0.736111 0.668996
vt 0.708873 0.734317
vt 0.737857 0.589999
vt 0.745215 0.584612
vt 0.737857 0.589999
vt 0.727088 0.594744
vt 0.727088 0.655255
vt 0.727088 0.594744
vt 0.720399 0.598270
vt 0.720399 0.651730
vt 0.718444 0.654484
vt 0.718444 0.595516
vt 0.716716 0.593068
vt 0.716716 0.656932
vt 0.710076 0.666667
vt 0.710076 0.583333
vt 0.728305 0.593073
vt 0.716686 0.593068
vt 0.731194 0.583333
vt 0.733452 0.586652
vt 0.771694 0.656926
vt 0.783314 0.656932
vt 0.790804 0.666667
vt 0.771967 0.656586
vt 0.771967 0.656586
vt 0.783284 0.656932
vt 0.783284 0.593068
vt 0.789924 0.583333
vt 0.789924 0.666667
vt 0.783314 0.593068
vt 0.771694 0.593073
vt 0.766548 0.586652
vt 0.790804 0.583333
vt 0.772912 0.594744
vt 0.772912 0.655255
vt 0.717896 0.594744
vt 0.717896 0.655255
vt 0.782104 0.655255
vt 0.782104 0.594744
vt 0.724586 0.598270
vt 0.779601 0.651730
vt 0.775415 0.651730
vt 0.779601 0.598270
vt 0.775414 0.598270
vt 0.773459 0.595516
vt 0.781556 0.595516
vt 0.773459 0.654484
vt 0.781556 0.654484
vt 0.726541 0.595516
vt 0.772912 0.655255
vt 0.717896 0.655255
vt 0.772912 0.594744
vt 0.724585 0.651730
vt 0.726541 0.654484
vt 0.727088 0.655255
vt 0.782104 0.655255
vt 0.762143 0.589999
vt 0.762143 0.660001
vt 0.762143 0.589999
vt 0.743649 0.581004
vt 0.735703 0.583843
vt 0.733451 0.586652
vt 0.728033 0.593414
vt 0.771694 0.656926
vt 0.764297 0.660963
vt 0.764297 0.589036
vt 0.743649 0.668996
vt 0.745370 0.669033
vt 0.745370 0.734913
vt 0.736111 0.734849
vt 0.763889 0.589469
vt 0.763889 0.660531
vt 0.763889 0.660531
vt 0.764297 0.589036
vt 0.763889 0.581004
vt 0.728306 0.593073
vt 0.735703 0.589036
vt 0.735703 0.660964
vt 0.754629 0.669033
vt 0.754630 0.584612
vt 0.745370 0.584612
vt 0.745370 0.665388
vt 0.754629 0.665388
vt 0.754784 0.665388
vt 0.754785 0.584612
vt 0.737857 0.660001
vt 0.745215 0.665388
vt 0.744492 0.583333
vt 0.754053 0.662084
vt 0.745947 0.662084
vt 0.754053 0.587916
vt 0.754501 0.585347
vt 0.754860 0.585347
vt 0.761330 0.590303
vt 0.761330 0.659697
vt 0.754860 0.664653
vt 0.754501 0.664653
vt 0.745947 0.587916
vt 0.745498 0.664653
vt 0.745140 0.664653
vt 0.738670 0.659697
vt 0.738670 0.590303
vt 0.745140 0.585347
vt 0.745499 0.585347
vt 0.754501 0.585347
vt 0.754501 0.664653
vt 0.565458 0.370370
vt 0.565458 0.879629
vt 0.565458 0.870370
vt 0.598318 0.865771
vt 0.565458 0.861111
vt 0.598318 0.365771
vt 0.598318 0.384229
vt 0.598348 0.379629
vt 0.598318 0.884228
vt 0.598348 0.879629
vt 0.598348 0.370371
vt 0.598348 0.870371
vt 0.564010 0.879629
vt 0.565458 0.888889
vt 0.565458 0.388889
vt 0.578961 0.383216
vt 0.578961 0.379630
vt 0.578961 0.366784
vt 0.595655 0.366784
vt 0.578961 0.883215
vt 0.578961 0.879630
vt 0.595678 0.870371
vt 0.595678 0.879629
vt 0.578961 0.870370
vt 0.578961 0.866784
vt 0.595655 0.866784
vt 0.578961 0.370370
vt 0.595655 0.383216
vt 0.595678 0.379629
vt 0.595655 0.883216
vt 0.595678 0.370371
vt 0.378451 0.916127
vt 0.378336 0.829516
vt 0.419348 0.829516
vt 0.378291 0.834196
vt 0.378451 0.833873
vt 0.419348 0.165590
vt 0.378563 0.165993
vt 0.291127 0.746409
vt 0.295484 0.670729
vt 0.295484 0.746465
vt 0.294057 0.746373
vt 0.204516 0.746465
vt 0.204516 0.670729
vt 0.205943 0.746373
vt 0.419348 0.920484
vt 0.378336 0.920484
vt 0.209196 0.503466
vt 0.208873 0.503590
vt 0.209196 0.746534
vt 0.208873 0.746410
vt 0.290804 0.503466
vt 0.291127 0.503591
vt 0.378291 0.334196
vt 0.378451 0.333873
vt 0.204516 0.579271
vt 0.204516 0.503535
vt 0.378336 0.329516
vt 0.419348 0.329516
vt 0.204516 0.665590
vt 0.204516 0.584409
vt 0.419348 0.420484
vt 0.378336 0.420484
vt 0.378291 0.415804
vt 0.378451 0.416127
vt 0.295484 0.584409
vt 0.295484 0.665590
vt 0.419348 0.170729
vt 0.378350 0.170729
vt 0.378350 0.079271
vt 0.419348 0.079271
vt 0.419348 0.084410
vt 0.378437 0.084410
vt 0.378563 0.084007
vt 0.419348 0.665590
vt 0.371625 0.670729
vt 0.371640 0.733317
vt 0.359266 0.746479
vt 0.419348 0.584409
vt 0.378437 0.584410
vt 0.378563 0.584007
vt 0.378350 0.579271
vt 0.419348 0.579271
vt 0.378500 0.580790
vt 0.419348 0.670729
vt 0.378350 0.670729
vt 0.371577 0.584410
vt 0.371625 0.579271
vt 0.371533 0.580790
vt 0.371577 0.665590
vt 0.128423 0.665590
vt 0.128375 0.670729
vt 0.128375 0.579271
vt 0.128423 0.584409
vt 0.419348 0.015820
vt 0.419348 0.000000
vt 0.419348 0.515820
vt 0.419348 0.264872
vt 0.419348 0.734180
vt 0.419348 0.985128
vt 0.419348 0.264872
vt 0.419348 0.734180
vt 0.419348 0.515820
vt 0.378796 0.419057
vt 0.378792 0.416127
vt 0.545447 0.870324
vt 0.543697 0.861136
vt 0.762143 0.660001
vt 0.754630 0.580967
vt 0.745370 0.515087
vt 0.754630 0.515087
vt 0.128375 0.670729
vt 0.204516 0.746465
vt 0.140734 0.746479
vt 0.128360 0.733317
vt 0.411197 0.321485
vt 0.128360 0.516683
vt 0.140734 0.503521
vt 0.204516 0.503534
vt 0.128375 0.579271
vt 0.295484 0.503535
vt 0.359266 0.503521
vt 0.371640 0.516683
vt 0.383151 0.524320
vt 0.383151 0.570724
vt 0.376648 0.579271
vt 0.376635 0.515767
vt 0.376635 0.734233
vt 0.376648 0.670729
vt 0.383151 0.070724
vt 0.376648 0.079271
vt 0.376635 0.015767
vt 0.383151 0.179276
vt 0.376635 0.234233
vt 0.376648 0.170729
vt 0.411197 0.928515
vt 0.411197 0.070724
vt 0.411197 0.272893
vt 0.411197 0.428515
vt 0.411197 0.570724
vt 0.411197 0.524356
vt 0.378350 0.579271
vt 0.378350 0.670729
vt 0.378322 0.515767
vt 0.378336 0.420484
vt 0.378318 0.000000
vt 0.378350 0.170729
vt 0.378322 0.734233
vt 0.378318 0.764822
vt 0.378336 0.829516
vt 0.378350 0.079271
vt 0.378318 0.264822
vt 0.378318 0.985178
vt 0.386670 0.525800
vt 0.407678 0.525828
vt 0.407678 0.569249
vt 0.386670 0.569249
vt 0.407678 0.724173
vt 0.386670 0.724199
vt 0.386670 0.429902
vt 0.407678 0.429902
vt 0.386670 0.475750
vt 0.386670 0.025800
vt 0.407678 0.025827
vt 0.407678 0.320098
vt 0.386670 0.320098
vt 0.386670 0.820098
vt 0.407678 0.820098
vt 0.407678 0.929902
vt 0.386670 0.929902
vt 0.407678 0.680751
vt 0.386670 0.680751
vt 0.386670 0.069249
vt 0.407678 0.069249
vt 0.407678 0.180751
vt 0.386670 0.180751
vt 0.407678 0.975724
vt 0.407678 0.274276
vt 0.407678 0.224173
vt 0.407678 0.774276
vt 0.407678 0.475724
vt 0.386670 0.224200
vt 0.386670 0.274250
vt 0.386670 0.975750
vt 0.386670 0.774250
vt 0.128423 0.584409
vt 0.408812 0.162664
vt 0.408812 0.587336
vt 0.408812 0.087336
vt 0.125000 0.584007
vt 0.125000 0.580790
vt 0.291127 0.500000
vt 0.294057 0.500000
vt 0.236111 0.500000
vt 0.245370 0.500000
vt 0.263889 0.750000
vt 0.254630 0.750000
vt 0.294057 0.750000
vt 0.291127 0.750000
vt 0.205943 0.500000
vt 0.208873 0.500000
vt 0.254630 0.500000
vt 0.263889 0.500000
vt 0.245370 0.750000
vt 0.236111 0.750000
vt 0.208873 0.750000
vt 0.205943 0.750000
vt 0.125000 0.669210
vt 0.125000 0.665993
vt 0.360182 0.500000
vt 0.375000 0.515763
vt 0.125000 0.515763
vt 0.139818 0.500000
vt 0.139818 0.750000
vt 0.125000 0.734237
vt 0.375000 0.734237
vt 0.360182 0.750000
vt 0.208952 0.750000
vt 0.205943 0.750000
vt 0.205635 0.750000
vt 0.294365 0.750000
vt 0.294057 0.750000
vt 0.291048 0.750000
vt 0.208952 0.500000
vt 0.205635 0.500000
vt 0.294365 0.500000
vt 0.291048 0.500000
vt 0.125000 0.584091
vt 0.125000 0.580466
vt 0.125000 0.669533
vt 0.125000 0.665909
vt 0.294057 0.500000
vt 0.295484 0.500000
vt 0.360178 0.500000
vt 0.290804 0.500000
vt 0.209196 0.500000
vt 0.125000 0.579271
vt 0.125000 0.515767
vt 0.139822 0.500000
vt 0.204516 0.500000
vt 0.209196 0.750000
vt 0.125000 0.734233
vt 0.125000 0.670729
vt 0.204516 0.750000
vt 0.139822 0.750000
vt 0.360178 0.750000
vt 0.295484 0.750000
vt 0.290804 0.750000
vt 0.125000 0.665590
vt 0.125000 0.584409
s 0
usemtl M_Noir_Bleuté
f 778/1/1 1402/2/1 1355/3/1 11/4/1
f 1198/5/2 1195/6/2 539/6/2 536/7/2
f 1344/8/3 1341/9/3 692/10/3 693/11/3
f 1061/12/2 1064/13/2 66/13/2 62/12/2
f 709/14/3 765/15/3 240/15/3 271/14/3
f 724/16/3 1069/17/3 118/17/3 34/16/3
f 792/18/1 1398/19/1 1351/20/1 8/18/1
f 708/21/3 1075/22/3 124/22/3 42/21/3
f 746/23/4 818/24/4 88/24/4 22/25/4
f 155/26/5 622/27/5 1268/27/5 1288/26/5
f 732/28/2 806/29/2 80/30/2 30/31/2
f 1065/32/3 1068/33/3 115/33/3 114/32/3
f 1389/34/2 644/35/2 58/35/2 1358/36/2
f 691/37/6 675/38/6 102/38/6 110/37/6
f 679/45/4 645/46/4 57/47/4 98/45/4
f 1179/48/2 1178/49/2 484/49/2 485/48/2
f 799/54/1 725/55/1 273/56/1 278/57/1
f 156/58/6 616/59/6 1422/60/6 1449/61/6
f 1407/62/6 641/63/6 59/63/6 1368/64/6
f 1383/65/1 802/66/1 78/66/1 1364/67/1
f 742/72/5 945/73/5 213/74/5 28/72/5
f 900/79/6 752/80/6 18/80/6 205/81/6
f 1180/82/5 1175/83/5 513/84/5 512/85/5 1059/86/5
f 1187/87/6 1186/88/6 528/88/6 529/87/6
f 822/89/6 1412/90/6 1371/91/6 90/89/6
f 664/92/4 674/93/4 101/93/4 52/92/4
f 678/94/6 694/95/6 103/96/6 97/94/6
f 1391/97/1 796/98/1 2/98/1 1360/99/1
f 682/100/4 698/101/4 111/101/4 105/100/4
f 1078/106/3 720/107/3 40/108/3 125/106/3
f 716/109/1 790/110/1 5/111/1 38/109/1
f 802/66/5 838/112/5 131/112/5 78/66/5
f 1428/113/8 659/114/8 660/115/8 1381/116/8
f 690/117/4 695/118/4 104/119/4 109/117/4
f 1189/120/4 1192/121/4 531/121/4 530/120/4
f 694/96/6 691/37/6 110/37/6 103/96/6
f 774/129/4 762/130/4 997/131/4 995/132/4
f 858/133/4 863/134/4 1032/135/4 1039/136/4
f 1080/137/3 736/138/3 32/139/3 127/140/3
f 806/30/3 971/141/3 228/142/3 80/30/3
f 699/143/6 683/144/6 106/144/6 112/143/6
f 702/145/6 699/143/6 112/143/6 107/145/6
f 695/119/4 679/146/4 98/45/4 104/119/4
f 698/101/4 703/147/4 108/147/4 111/101/4
f 1194/148/6 1187/87/6 529/87/6 538/148/6
f 1186/88/6 1203/149/6 535/150/6 528/88/6
f 1206/151/4 1189/120/4 530/120/4 532/151/4
f 838/112/9 862/152/9 135/152/9 131/112/9
f 170/156/5 166/157/5 514/158/5 1204/159/5 1185/160/5
f 1190/163/5 1205/164/5 519/165/5 169/166/5 175/167/5
f 775/168/4 774/169/4 995/170/4 994/171/4
f 1170/172/6 1181/173/6 487/174/6 482/175/6
f 834/176/4 858/177/4 1039/136/4 1029/178/4
f 1192/121/4 1199/179/4 537/179/4 531/121/4
f 760/180/4 909/181/4 202/182/4 16/180/4
f 431/191/4 416/192/4 329/192/4 330/191/4
f 726/197/4 800/198/4 1021/199/4 1011/200/4
f 717/204/6 767/205/6 1006/206/6 1016/207/6
f 847/208/6 787/209/6 1020/210/6 1026/211/6
f 748/212/6 925/213/6 198/214/6 24/212/6
f 733/215/4 763/216/4 1010/217/4 1014/218/4
f 1409/219/4 824/220/4 91/221/4 1370/222/4
f 1342/223/4 861/224/4 837/225/4 1333/226/4
f 820/227/4 1416/228/4 1379/229/4 85/227/4
f 1337/230/6 845/231/6 785/232/6 1394/233/6
f 1401/234/1 666/235/1 47/235/1 1356/236/1
f 1397/237/1 650/238/1 55/239/1 1352/240/1
f 641/63/1 1392/241/1 1359/242/1 59/63/1
f 739/243/1 915/244/1 926/245/1 747/246/1
f 670/250/6 1414/251/6 1377/252/6 45/250/6
f 832/255/6 1408/256/6 1367/51/6 93/50/6
f 846/260/11 854/261/11 139/261/11 129/260/11
f 928/262/6 632/263/6 67/264/6 199/265/6
f 864/266/5 857/267/5 287/268/5 250/269/5
f 848/270/12 856/271/12 254/271/12 280/270/12
f 553/272/13 865/273/13 868/274/13 166/275/13
f 840/276/14 864/277/14 250/269/14 246/276/14
f 996/280/5 998/281/5 117/281/5 113/280/5
f 646/282/3 680/283/3 685/284/3 653/285/3
f 818/24/3 979/289/3 232/290/3 88/24/3
f 683/144/6 667/291/6 46/291/6 106/144/6
f 556/292/4 561/293/4 1079/294/4 1067/295/4
f 1335/296/3 1344/8/3 693/297/3 677/298/3
f 962/299/3 798/300/3 1/300/3 225/301/3
f 1387/302/4 793/303/4 836/304/4 1336/305/4
f 1015/306/5 1005/307/5 126/307/5 37/306/5
f 1205/308/5 1208/309/5 517/310/5 518/311/5 519/165/5
f 680/283/3 696/312/3 701/313/3 685/284/3
f 882/314/1 708/21/1 42/21/1 177/315/1
f 912/316/4 636/317/4 64/317/4 203/318/4
f 800/198/4 834/176/4 1029/319/4 1021/320/4
f 704/321/3 697/322/3 1348/323/3 1345/324/3
f 1002/325/5 1004/326/5 123/326/5 119/327/5
f 723/328/4 865/329/4 553/272/4 1070/330/4
f 1044/331/6 1054/332/6 89/332/6 17/331/6
f 662/333/2 670/250/2 45/250/2 49/333/2
f 1034/334/16 1038/335/16 141/335/16 137/334/16
f 829/338/2 757/339/2 939/340/2 964/341/2
f 1388/342/3 1335/296/3 677/298/3 643/343/3
f 75/344/6 560/345/6 1077/346/6 1073/347/6
f 754/348/5 929/349/5 209/350/5 20/348/5
f 666/235/4 682/100/4 105/100/4 47/235/4
f 1004/326/5 1008/351/5 41/351/5 123/326/5
f 914/352/5 627/353/5 631/354/5 927/355/5
f 304/356/2 417/357/2 430/358/2 308/359/2 1053/360/2 1043/361/2
f 617/362/5 620/363/5 1330/363/5 1331/362/5
f 1040/364/3 1031/365/3 136/365/3 143/364/3
f 1074/366/3 1078/367/3 125/367/3 121/366/3
f 1181/174/1 1184/368/1 486/369/1 487/174/1
f 1048/370/4 1050/371/4 81/371/4 25/370/4
f 879/378/5 167/379/5 510/380/5 509/381/5 1058/382/5
f 817/383/1 745/384/1 955/385/1 980/386/1
f 779/387/1 616/59/1 1257/59/1 1258/387/1
f 305/388/2 421/389/2 414/390/2 304/356/2 1043/391/2 1042/392/2
f 1005/393/5 999/394/5 122/394/5 126/393/5
f 1079/395/4 548/396/4 878/397/4 735/398/4
f 969/399/1 946/400/1 741/401/1 813/402/1
f 681/405/3 665/406/3 1404/407/3 1339/408/3
f 302/409/1 409/410/1 422/411/1 306/412/1 1049/413/1 1047/414/1
f 815/415/4 621/416/4 1327/416/4 1328/415/4
f 74/417/6 559/418/6 1072/419/6 1076/420/6
f 1333/226/4 837/225/4 801/421/4 1386/422/4
f 1019/423/2 1015/306/2 37/306/2 6/423/2
f 1417/424/6 812/425/6 83/426/6 1374/427/6
f 1038/428/3 1035/429/3 140/429/3 141/428/3
f 805/430/4 731/431/4 947/432/4 972/433/4
f 819/434/3 981/435/3 1278/435/3 1267/434/3
f 656/436/3 688/437/3 1338/438/3 1393/439/3
f 998/281/5 1012/440/5 33/440/5 117/281/5
f 156/58/20 984/441/20 1277/441/20 1287/58/20
f 961/442/4 938/443/4 727/444/4 797/445/4
f 1031/448/16 1027/449/16 132/449/16 136/448/16
f 1068/33/3 1080/450/3 127/450/3 115/33/3
f 151/451/4 614/452/4 1426/453/4 1443/454/4
f 1023/455/1 1013/456/1 29/456/1 79/455/1
f 624/457/1 621/416/1 1456/458/1 1453/459/1
f 1018/460/3 1034/461/3 137/334/3 12/462/3
f 984/441/3 779/387/3 1258/387/3 1277/441/3
f 780/463/5 983/464/5 234/465/5 10/463/5
f 1009/466/5 993/467/5 116/467/5 128/466/5
f 688/437/3 704/468/3 1345/469/3 1338/438/3
f 789/470/6 715/471/6 931/472/6 986/473/6
f 615/474/6 145/475/6 1448/476/6 1423/477/6
f 712/478/5 953/479/5 221/480/5 44/478/5
f 1025/483/3 1019/423/3 6/423/3 130/483/3
f 73/484/4 76/485/4 1066/486/4 1070/487/4
f 1399/488/2 780/489/2 10/463/2 1354/490/2
f 1013/456/5 1009/466/5 128/466/5 29/456/5
f 1336/493/4 836/494/4 860/495/4 1343/496/4
f 940/497/5 758/498/5 14/498/5 216/499/5
f 1030/500/22 1040/501/22 143/501/22 133/500/22
f 632/502/2 628/279/2 72/279/2 67/264/2
f 1405/503/4 828/53/4 94/53/4 1366/52/4
f 814/504/6 742/72/6 28/72/6 84/504/6
f 636/505/1 638/506/1 61/507/1 64/317/1
f 638/508/6 897/509/6 204/510/6 61/507/6
f 1340/511/6 844/512/6 852/513/6 1347/514/6
f 948/515/5 732/31/5 30/31/5 212/516/5
f 635/517/5 911/518/5 898/519/5 637/520/5
f 796/98/5 967/521/5 226/522/5 2/98/5
f 644/35/6 678/523/6 97/94/6 58/35/6
f 977/524/6 954/525/6 711/526/6 781/527/6
f 987/528/2 930/529/2 753/530/2 825/531/2
f 616/59/5 156/58/5 1287/58/5 1257/59/5
f 758/498/6 830/536/6 96/537/6 14/498/6
f 1027/449/3 1023/455/3 79/455/3 132/449/3
f 831/540/3 965/541/3 1276/541/3 1271/540/3
f 966/542/5 832/543/5 93/50/5 227/544/5
f 761/545/3 773/546/3 265/547/3 266/545/3
f 824/548/5 989/549/5 239/550/5 91/221/5
f 932/553/5 716/554/5 38/109/5 208/555/5
f 308/556/2 433/557/2 434/558/2 309/559/2 1056/560/2 1053/561/2
f 697/566/3 681/405/3 1339/408/3 1348/567/3
f 798/300/1 728/568/1 36/568/1 1/300/1
f 628/279/4 913/574/4 192/575/4 72/279/4
f 1077/576/6 550/577/6 894/578/6 719/579/6
f 956/580/5 746/23/5 22/25/5 220/581/5
f 835/582/5 794/583/5 3/583/5 134/582/5
f 810/590/4 1420/591/4 1375/592/4 82/590/4
f 1395/610/2 786/377/2 7/377/2 1350/611/2
f 672/492/2 1400/612/2 1353/613/2 48/492/2
f 655/286/2 1396/614/2 1349/287/2 56/286/2
f 794/583/2 1390/615/2 1357/616/2 3/583/2
f 808/603/2 1382/617/2 1361/618/2 77/603/2
f 1381/116/2 660/115/2 50/115/2 1362/623/2
f 648/594/4 1406/626/4 1365/627/4 60/594/4
f 1411/628/6 651/629/6 54/374/6 1372/630/6
f 1419/637/4 662/333/4 49/333/4 1376/638/4
f 1413/639/6 816/404/6 86/404/6 1378/403/6
f 660/115/6 1418/640/6 1373/482/6 50/115/6
f 1415/641/4 672/492/4 48/492/4 1380/642/4
f 650/239/4 1410/643/4 1369/372/4 55/239/4
f 674/93/4 690/117/4 109/117/4 101/93/4
f 970/686/3 814/504/3 84/504/3 229/668/3
f 654/595/6 686/625/6 99/625/6 53/595/6
f 866/687/2 724/16/2 34/16/2 189/688/2
f 841/689/5 783/690/5 276/691/5 241/689/5
f 613/692/4 160/693/4 1438/694/4 1427/695/4
f 999/394/5 1002/325/5 119/325/5 122/394/5
f 1346/696/6 853/697/6 845/698/6 1337/699/6
f 657/258/1 1384/700/1 1363/701/1 51/258/1
f 751/702/2 899/703/2 910/704/2 759/705/2
f 703/147/4 687/706/4 100/624/4 108/147/4
f 978/707/3 782/708/3 9/601/3 233/709/3
f 667/291/1 664/710/1 52/92/1 46/291/1
f 309/559/2 437/711/2 418/712/2 305/713/2 1042/714/2 1056/715/2
f 689/716/3 673/717/3 684/718/3 700/719/3
f 830/537/3 963/720/3 224/661/3 96/537/3
f 673/717/3 663/721/3 668/722/3 684/718/3
f 1334/727/3 1385/728/3 658/729/3 676/730/3
f 988/731/3 826/605/3 92/605/3 236/732/3
f 651/629/1 648/594/1 60/594/1 54/374/1
f 826/605/4 754/348/4 20/348/4 92/605/4
f 696/733/3 689/734/3 700/735/3 701/736/3
f 828/53/5 822/89/5 90/89/5 94/53/5
f 645/47/2 654/737/2 53/595/2 57/47/2
f 916/738/4 740/597/4 26/597/4 193/621/4
f 1343/496/4 860/739/4 861/740/4 1342/223/4
f 992/741/5 792/18/5 8/18/5 238/742/5
f 307/743/1 429/744/1 410/745/1 303/746/1 1046/747/1 1052/748/1
f 1403/749/6 777/750/6 844/751/6 1340/511/6
f 675/38/6 657/258/6 51/258/6 102/38/6
f 1022/602/3 1030/752/3 133/500/3 4/602/3
f 687/706/4 655/753/4 56/286/4 100/624/4
f 686/758/6 702/759/6 107/145/6 99/625/6
f 788/760/5 848/761/5 280/270/5 277/760/5
f 620/363/2 617/362/2 1460/762/2 1457/763/2
f 1347/514/6 852/765/6 853/766/6 1346/696/6
f 857/767/12 833/768/12 282/768/12 287/268/12
f 736/139/1 877/769/1 186/620/1 32/139/1
f 974/772/5 808/603/5 77/603/5 231/773/5
f 991/774/43 145/475/43 1286/475/43 1273/774/43
f 1012/440/2 1022/602/2 4/602/2 33/440/2
f 1035/681/22 1025/483/22 130/483/22 140/681/22
f 519/165/5 518/785/5 1062/786/5 895/787/5 169/788/5
f 839/789/4 803/790/4 1024/791/4 1028/792/4
f 707/795/6 881/796/6 555/797/6 1076/798/6
f 752/80/3 760/180/3 16/180/3 18/80/3
f 816/404/5 810/590/5 82/590/5 86/404/5
f 740/597/3 748/799/3 24/212/3 26/597/3
f 720/108/2 893/800/2 182/607/2 40/108/2
f 982/805/5 820/227/5 85/227/5 235/806/5
f 1008/351/1 1018/462/1 12/462/1 41/351/1
f 306/412/1 425/809/1 426/810/1 307/811/1 1052/812/1 1049/413/1
f 812/820/5 975/821/5 230/822/5 83/426/5
f 172/836/53 167/837/53 548/838/53 549/839/53
f 175/840/54 169/841/54 550/842/54 551/843/54
f 166/275/57 170/848/57 552/849/57 553/272/57
f 170/848/58 172/836/58 549/850/58 552/851/58
f 168/852/59 173/853/59 554/854/59 555/855/59
f 173/853/60 175/840/60 551/856/60 554/857/60
f 167/837/62 879/860/62 878/861/62 548/396/62
f 964/862/63 939/340/63 938/443/63 961/863/63
f 213/74/5 945/73/5 948/515/5 212/516/5
f 972/864/64 947/432/64 946/400/64 969/865/64
f 980/868/66 955/385/66 954/525/66 977/869/66
f 898/870/67 911/871/67 910/872/67 899/873/67
f 202/182/4 909/181/4 912/833/4 203/833/4
f 192/575/4 913/574/4 916/874/4 193/621/4
f 930/529/69 987/876/69 986/877/69 931/878/69
f 217/666/5 937/879/5 940/497/5 216/499/5
f 209/350/5 929/349/5 932/880/5 208/880/5
f 993/467/5 996/280/5 113/280/5 116/467/5
f 914/881/70 927/882/70 926/883/70 915/884/70
f 169/841/71 895/885/71 894/578/71 550/577/71
f 990/887/2 146/888/2 1445/889/2 1218/890/2
f 880/891/1 1057/892/1 70/278/1 187/893/1
f 978/895/3 233/709/3 232/290/3 979/896/3
f 226/522/5 967/521/5 966/542/5 227/544/5
f 866/898/2 189/688/2 188/835/2 867/835/2
f 880/858/1 187/858/1 186/620/1 877/769/1
f 992/902/5 238/902/5 239/550/5 989/549/5
f 234/465/5 983/464/5 982/805/5 235/806/5
f 962/299/3 225/301/3 224/661/3 963/720/3
f 198/214/6 925/213/6 928/262/6 199/265/6
f 176/845/1 883/904/1 882/905/1 177/315/1
f 896/906/2 1061/12/2 62/12/2 183/645/2
f 956/580/5 220/581/5 221/480/5 953/912/5
f 166/157/5 868/916/5 1063/917/5 515/918/5 514/919/5
f 150/920/2 965/541/2 1220/921/2 1442/922/2
f 970/686/3 229/668/3 228/142/3 971/141/3
f 230/822/5 975/821/5 974/772/5 231/773/5
f 160/693/4 973/923/4 1223/924/4 1438/925/4
f 984/441/6 156/58/6 1449/926/6 1221/927/6
f 237/913/3 985/928/3 988/929/3 236/732/3
f 1059/930/5 512/85/5 511/931/5 168/932/5 884/933/5
f 182/607/2 893/800/2 896/846/2 183/846/2
f 843/680/5 778/4/5 11/4/5 138/680/5
f 776/938/3 764/939/3 247/940/3 264/938/3
f 773/547/3 776/941/3 264/938/3 265/547/3
f 772/942/3 768/943/3 243/944/3 255/942/3
f 769/945/3 772/946/3 255/942/3 252/945/3
f 783/691/2 709/947/2 271/14/2 276/691/2
f 765/15/3 769/948/3 252/945/3 240/15/3
f 728/949/5 937/879/5 217/666/5 36/568/5
f 734/950/2 804/951/2 279/952/2 274/950/2
f 718/953/1 788/954/1 277/760/1 275/953/1
f 766/955/6 710/956/6 1007/957/6 1003/958/6
f 768/944/3 718/959/3 275/953/3 243/944/3
f 762/960/4 726/961/4 1011/962/4 997/963/4
f 764/940/3 734/950/3 274/950/3 247/940/3
f 790/111/3 985/964/3 237/674/3 5/111/3
f 804/965/5 840/966/5 246/276/5 279/952/5
f 833/768/5 799/967/5 278/57/5 282/768/5
f 849/968/14 841/969/14 241/689/14 253/970/14
f 786/377/5 846/260/5 129/260/5 7/377/5
f 856/971/5 849/968/5 253/970/5 254/271/5
f 851/682/9 843/683/9 138/683/9 142/682/9
f 854/684/5 851/682/5 142/682/5 139/684/5
f 859/685/11 835/582/11 134/582/11 144/685/11
f 862/152/5 859/685/5 144/685/5 135/152/5
f 771/1005/6 770/1006/6 1001/1007/6 1000/1008/6
f 863/1009/4 839/789/4 1028/1010/4 1032/1011/4
f 782/601/2 712/478/2 44/478/2 9/601/2
f 770/1012/6 766/1013/6 1003/1014/6 1001/1015/6
f 784/1016/6 842/1017/6 1033/1018/6 1017/1019/6
f 787/209/6 717/1020/6 1016/1021/6 1020/1022/6
f 767/1023/6 771/1024/6 1000/1025/6 1006/1026/6
f 855/1027/6 847/208/6 1026/211/6 1036/1028/6
f 725/56/3 761/545/3 266/545/3 273/56/3
f 710/956/6 784/1029/6 1017/1019/6 1007/1030/6
f 842/1031/6 850/1032/6 1037/1033/6 1033/1034/6
f 803/1035/4 733/215/4 1014/1036/4 1024/1037/4
f 763/1038/4 775/1039/4 994/1040/4 1010/1041/4
f 850/1042/6 855/1027/6 1036/1043/6 1037/1044/6
f 418/1090/2 421/1091/2 305/388/2
f 410/745/1 413/1092/1 303/746/1
f 1050/371/3 1051/1093/3 87/604/3 81/371/3
f 1045/599/5 1048/370/5 25/370/5 21/599/5
f 1055/606/4 1041/600/4 13/600/4 95/606/4
f 426/810/1 429/1094/1 307/743/1
f 435/1095/5 432/1096/5 331/1096/5 332/1095/5
f 434/558/2 437/1097/2 309/559/2
f 422/1102/1 425/1103/1 306/412/1
f 414/390/2 417/1104/2 304/356/2
f 423/1105/6 408/1106/6 339/1106/6 340/1107/6
f 427/1108/5 424/1109/5 341/1109/5 334/1108/5
f 1041/600/5 1044/331/5 17/331/5 13/600/5
f 303/746/1 413/1110/1 406/1111/1 302/409/1 1047/1112/1 1046/1113/1
f 339/1106/96 408/1106/96 407/1114/96 338/1114/96
f 337/1115/97 412/1115/97 411/1116/97 336/1116/97
f 329/192/97 416/192/97 415/1117/97 328/1118/97
f 419/1119/96 326/1120/96 327/1121/96 420/1121/96
f 423/1105/98 340/1107/98 341/1109/98 424/1109/98
f 427/1122/99 334/1108/99 335/1123/99 428/1124/99
f 431/191/99 330/191/99 331/1096/99 432/1096/99
f 333/1125/98 436/1125/98 435/1095/98 332/1095/98
f 419/1120/6 436/1126/6 333/1125/6 326/1120/6
f 415/1118/3 420/1121/3 327/1121/3 328/1118/3
f 1057/278/1 1060/593/1 69/593/1 70/278/1
f 430/1127/2 433/1128/2 308/556/2
f 411/1116/4 428/1124/4 335/1123/4 336/1116/4
f 407/1114/3 412/1129/3 337/1115/3 338/1114/3
f 1054/332/3 1055/606/3 95/606/3 89/332/3
f 1051/1093/6 1045/599/6 21/599/6 87/604/6
f 407/1114/116 408/1106/116 409/1179/116 406/1180/116
f 411/1116/117 412/1115/117 413/1181/117 410/1182/117
f 415/1117/118 416/192/118 417/1183/118 414/1184/118
f 419/1119/119 420/1121/119 421/1185/119 418/1186/119
f 423/1105/120 424/1187/120 425/1103/120 422/1102/120
f 427/1108/121 428/1188/121 429/1094/121 426/810/121
f 431/191/122 432/1189/122 433/1128/122 430/1127/122
f 435/1095/123 436/1190/123 437/1097/123 434/558/123
f 406/1111/124 413/1110/124 412/1129/124 407/1114/124
f 408/1106/125 423/1105/125 422/411/125 409/410/125
f 410/745/126 429/744/126 428/1124/126 411/1116/126
f 420/1121/127 415/1118/127 414/390/127 421/389/127
f 430/358/128 417/357/128 416/192/128 431/191/128
f 418/712/129 437/711/129 436/1126/129 419/1120/129
f 426/810/130 425/809/130 424/1109/130 427/1108/130
f 432/1096/131 435/1095/131 434/558/131 433/557/131
f 406/1111/1 409/1191/1 302/409/1
f 555/797/140 881/1213/140 884/1214/140 168/852/140
f 167/379/5 172/1215/5 1188/1216/5 1193/1217/5 510/380/5
f 1178/49/6 1171/1218/6 480/1218/6 484/49/6
f 1176/1219/4 1179/48/4 485/48/4 481/1219/4
f 1064/13/2 867/1220/2 188/646/2 66/13/2
f 1197/1221/5 1200/1222/5 511/931/5 512/85/5 513/84/5
f 1060/593/1 883/1223/1 176/644/1 69/593/1
f 1177/1234/5 1180/1235/5 1059/1236/5 1058/1237/5
f 1172/1238/5 1177/1239/5 1058/382/5 509/1240/5 508/1241/5
f 1174/1242/5 1183/1243/5 1062/1244/5 518/311/5 517/310/5
f 1184/369/4 1173/1245/4 483/1246/4 486/369/4
f 1183/1247/5 1182/1248/5 1063/1249/5 1062/1250/5
f 1182/1251/5 1169/1252/5 516/1253/5 515/918/5 1063/1254/5
f 1193/1281/5 1196/1282/5 508/1283/5 509/1240/5 510/380/5
f 1171/1284/1 1176/1219/1 481/1219/1 480/1218/1
f 204/832/6 897/832/6 900/79/6 205/81/6
f 1169/1252/5 1174/1285/5 517/310/5 1208/1286/5 1201/1287/5 516/1253/5
f 511/931/5 1200/1288/5 1191/1289/5 173/1290/5 168/1291/5
f 539/6/111 1195/6/111 1194/148/111 538/148/111
f 1198/5/113 536/7/113 537/179/113 1199/179/113
f 535/150/110 1203/149/110 1202/1292/110 534/1292/110
f 1206/151/109 532/151/109 533/1293/109 1207/1294/109
f 1202/1292/1 1207/1294/1 533/1293/1 534/1292/1
f 1201/1295/5 1204/1296/5 514/158/5 515/918/5 516/1253/5
f 1175/83/5 1172/1297/5 508/1283/5 1196/1298/5 1197/1299/5 513/84/5
f 1191/1289/5 1190/1300/5 175/167/5 173/1290/5
f 1069/17/3 1065/654/3 114/654/3 118/17/3
f 76/485/4 556/292/4 1067/295/4 1066/1328/4
f 1075/657/3 1071/658/3 120/658/3 124/657/3
f 559/418/6 75/344/6 1073/1329/6 1072/1330/6
f 564/1331/6 74/417/6 1076/1332/6 555/855/6
f 165/1333/4 73/484/4 1070/330/4 553/272/4
f 562/1334/4 557/1335/4 549/839/4 548/838/4
f 563/1336/6 174/1337/6 551/843/6 550/842/6
f 171/1338/4 165/1333/4 553/272/4 552/849/4
f 557/1335/4 171/1338/4 552/851/4 549/850/4
f 558/1339/6 564/1331/6 555/855/6 554/854/6
f 174/1337/6 558/1339/6 554/857/6 551/856/6
f 1071/655/3 1074/1340/3 121/656/3 120/655/3
f 560/345/6 563/1336/6 550/842/6 1077/1341/6
f 561/293/4 562/1334/4 548/838/4 1079/1342/4
f 174/1337/147 563/1336/147 591/1336/147 572/1337/147
f 74/417/2 564/1331/2 596/1331/2 586/417/2
f 557/1335/148 562/1334/148 589/1334/148 568/1335/148
f 562/1334/2 561/293/2 588/293/2 589/1334/2
f 561/293/5 556/292/5 582/292/5 588/293/5
f 73/484/1 165/1333/1 594/1333/1 583/484/1
f 556/292/5 76/485/5 566/485/5 582/292/5
f 563/1336/1 560/345/1 587/345/1 591/1336/1
f 165/1333/147 171/1338/147 565/1338/147 594/1333/147
f 76/485/5 73/484/5 583/484/5 566/485/5
f 171/1338/3 557/1335/3 568/1335/3 565/1338/3
f 75/344/5 559/418/5 570/418/5 571/344/5
f 564/1331/148 558/1339/148 569/1339/148 596/1331/148
f 559/418/5 74/417/5 586/417/5 570/418/5
f 558/1339/3 174/1337/3 572/1337/3 569/1339/3
f 560/345/5 75/344/5 571/344/5 587/345/5
f 1394/233/111 785/232/111 786/377/111 1395/1359/111
f 1422/1360/149 1209/1361/149 780/489/149 1399/488/149
f 777/750/110 1403/1362/110 1402/1363/110 778/1/110
f 1460/762/113 1324/1364/113 828/53/113 1405/1365/113
f 1404/407/114 665/406/114 666/235/114 1401/1366/114
f 671/1367/8 1421/1368/8 1400/1369/8 672/492/8
f 1424/1370/150 649/1371/150 650/238/150 1397/1372/150
f 1210/1373/151 1423/1374/151 1398/19/151 792/18/151
f 1388/1375/115 643/343/115 644/35/115 1389/1376/115
f 656/436/115 1393/1377/115 1396/1378/115 655/286/115
f 658/729/114 1385/1379/114 1384/1380/114 657/258/114
f 793/303/113 1387/1381/113 1390/1382/113 794/583/113
f 1058/1237/152 1059/1236/152 1060/593/152 1057/278/152
f 631/354/153 627/353/153 628/279/153 632/502/153
f 635/517/154 637/520/154 638/506/154 636/505/154
f 1062/1250/155 1063/1249/155 1064/13/155 1061/12/155
f 642/1383/150 1425/1384/150 1392/241/150 641/63/150
f 1426/1385/156 1211/1386/156 796/98/156 1391/97/156
f 646/282/115 653/285/115 654/737/115 645/47/115
f 652/1387/114 647/1388/114 648/594/114 651/629/114
f 1212/1389/157 1427/1390/157 1382/617/157 808/603/157
f 1386/1391/109 801/421/109 802/66/109 1383/1392/109
f 661/1393/115 669/1394/115 670/250/115 662/333/115
f 668/722/114 663/721/114 664/710/114 667/291/114
f 680/283/97 646/282/97 645/46/97 679/45/97
f 643/343/96 677/298/96 678/523/96 644/35/96
f 688/437/97 656/436/97 655/753/97 687/706/97
f 653/285/96 685/284/96 686/625/96 654/595/96
f 1216/1395/158 1435/1396/158 1408/256/158 832/255/158
f 1434/1397/159 1215/1398/159 824/220/159 1409/219/159
f 1323/1399/111 1457/1400/111 1412/1401/111 822/89/111
f 1456/458/110 1322/1402/110 816/404/110 1413/639/110
f 671/1367/3 1432/1403/3 1451/1404/3 1450/1405/3 1421/1368/3
f 1321/1406/109 1453/1407/109 1420/1408/109 810/590/109
f 1430/1409/160 1213/1410/160 812/425/160 1417/1411/160
f 1214/1412/161 1431/1413/161 1416/228/161 820/227/161
f 1454/1414/97 661/1393/97 662/333/97 1419/637/97
f 659/114/162 1429/1415/162 1418/1416/162 660/115/162
f 1432/1403/163 671/1367/163 672/492/163 1415/641/163
f 669/1394/96 1455/1417/96 1414/251/96 670/250/96
f 1458/1418/96 652/1387/96 651/629/96 1411/628/96
f 649/1371/163 1433/1419/163 1410/643/163 650/239/163
f 1436/1420/162 642/1383/162 641/63/162 1407/62/162
f 647/1388/97 1459/1421/97 1406/626/97 648/594/97
f 663/721/97 673/717/97 674/93/97 664/92/97
f 676/730/96 658/729/96 657/258/96 675/38/96
f 696/312/97 680/283/97 679/146/97 695/119/97
f 677/298/96 693/297/96 694/95/96 678/94/96
f 665/406/97 681/405/97 682/100/97 666/235/97
f 684/718/96 668/722/96 667/291/96 683/144/96
f 704/468/97 688/437/97 687/706/97 703/147/97
f 685/284/96 701/313/96 702/759/96 686/758/96
f 673/717/97 689/716/97 690/117/97 674/93/97
f 692/10/96 676/730/96 675/38/96 691/37/96
f 689/734/97 696/733/97 695/118/97 690/117/97
f 693/11/96 692/10/96 691/37/96 694/96/96
f 681/405/97 697/566/97 698/101/97 682/100/97
f 700/719/96 684/718/96 683/144/96 699/143/96
f 697/322/97 704/321/97 703/147/97 698/101/97
f 701/736/96 700/735/96 699/143/96 702/145/96
f 1066/1328/164 1067/295/164 1068/33/164 1065/32/164
f 994/171/99 995/170/99 996/280/99 993/467/99
f 1070/487/165 1066/486/165 1065/654/165 1069/17/165
f 995/132/99 997/131/99 998/281/99 996/280/99
f 1072/1330/166 1073/1329/166 1074/1340/166 1071/655/166
f 1000/1008/98 1001/1007/98 1002/325/98 999/394/98
f 1076/420/167 1072/419/167 1071/658/167 1075/657/167
f 1001/1015/98 1003/1014/98 1004/326/98 1002/325/98
f 1073/347/168 1077/346/168 1078/367/168 1074/366/168
f 1006/1026/98 1000/1025/98 999/394/98 1005/393/98
f 707/795/169 1076/798/169 1075/22/169 708/21/169
f 1003/958/98 1007/957/98 1008/351/98 1004/326/98
f 1067/295/170 1079/294/170 1080/450/170 1068/33/170
f 1010/1041/99 994/1040/99 993/467/99 1009/466/99
f 723/328/171 1070/330/171 1069/17/171 724/16/171
f 997/963/99 1011/962/99 1012/440/99 998/281/99
f 751/702/172 759/705/172 760/180/172 752/80/172
f 1042/392/173 1043/391/173 1044/331/173 1041/600/173
f 739/243/174 747/246/174 748/799/174 740/597/174
f 1046/1113/175 1047/1112/175 1048/370/175 1045/599/175
f 1079/395/176 735/398/176 736/138/176 1080/137/176
f 1014/218/99 1010/217/99 1009/466/99 1013/456/99
f 1077/576/177 719/579/177 720/107/177 1078/106/177
f 1016/207/98 1006/206/98 1005/307/98 1015/306/98
f 1007/1030/110 1017/1019/110 1018/462/110 1008/351/110
f 781/527/178 711/526/178 712/478/178 782/601/178
f 715/471/179 789/470/179 790/110/179 716/109/179
f 1020/1022/111 1016/1021/111 1015/306/111 1019/423/111
f 1011/200/113 1021/199/113 1022/602/113 1012/440/113
f 797/445/180 727/444/180 728/568/180 798/300/180
f 731/431/181 805/430/181 806/29/181 732/28/181
f 1024/1037/109 1014/1036/109 1013/456/109 1023/455/109
f 1047/414/182 1049/413/182 1050/371/182 1048/370/182
f 813/402/183 741/401/183 742/72/183 814/504/183
f 745/384/184 817/383/184 818/24/184 746/23/184
f 1052/748/185 1046/747/185 1045/599/185 1051/1093/185
f 1043/361/186 1053/360/186 1054/332/186 1044/331/186
f 825/531/187 753/530/187 754/348/187 826/605/187
f 757/339/188 829/338/188 830/536/188 758/498/188
f 1056/715/189 1042/714/189 1041/600/189 1055/606/189
f 1026/211/96 1020/210/96 1019/423/96 1025/483/96
f 785/232/190 845/231/190 846/260/190 786/377/190
f 1028/792/97 1024/791/97 1023/455/97 1027/449/97
f 801/421/191 837/225/191 838/112/191 802/66/191
f 1049/413/192 1052/812/192 1051/1093/192 1050/371/192
f 1322/1402/108 1321/1406/108 810/590/108 816/404/108
f 1053/561/193 1056/560/193 1055/606/193 1054/332/193
f 1324/1364/112 1323/1399/112 822/89/112 828/53/112
f 1021/320/97 1029/319/97 1030/752/97 1022/602/97
f 836/304/191 793/303/191 794/583/191 835/582/191
f 1032/1011/194 1028/1010/194 1027/449/194 1031/448/194
f 837/225/195 861/224/195 862/152/195 838/112/195
f 1017/1019/96 1033/1018/96 1034/461/96 1018/460/96
f 844/751/190 777/750/190 778/4/190 843/680/190
f 1036/1028/196 1026/211/196 1025/483/196 1035/681/196
f 845/698/197 853/697/197 854/261/197 846/260/197
f 1033/1034/198 1037/1033/198 1038/335/198 1034/334/198
f 852/513/199 844/512/199 843/683/199 851/682/199
f 1037/1044/96 1036/1043/96 1035/429/96 1038/428/96
f 853/766/200 852/765/200 851/682/200 854/684/200
f 1029/178/201 1039/136/201 1040/501/201 1030/500/201
f 860/495/202 836/494/202 835/582/202 859/685/202
f 1039/136/97 1032/135/97 1031/365/97 1040/364/97
f 861/740/203 860/739/203 859/685/203 862/152/203
f 938/443/205 939/340/205 940/497/205 937/879/205
f 946/400/207 947/432/207 948/515/207 945/73/207
f 898/870/210 899/873/210 900/79/210 897/832/210
f 910/872/212 911/871/212 912/833/212 909/181/212
f 930/529/214 931/878/214 932/880/214 929/349/214
f 926/883/217 927/882/217 928/262/217 925/213/217
f 1218/1422/218 1217/1423/218 992/902/218 989/549/218
f 914/881/219 915/884/219 916/874/219 913/574/219
f 894/578/220 895/885/220 896/846/220 893/800/220
f 954/525/221 955/385/221 956/580/221 953/912/221
f 986/877/222 987/876/222 988/929/222 985/928/222
f 878/861/223 879/860/223 880/858/223 877/769/223
f 974/772/225 975/821/225 1224/1424/225 1223/924/225
f 966/542/226 967/521/226 1219/1425/226 1220/921/226
f 866/898/228 867/835/228 868/274/228 865/273/228
f 982/805/229 983/464/229 1221/927/229 1222/1426/229
f 882/905/231 883/904/231 884/1214/231 881/1213/231
f 962/299/233 963/720/233 964/862/233 961/863/233
f 970/686/234 971/141/234 972/864/234 969/865/234
f 978/895/235 979/896/235 980/868/235 977/869/235
f 792/18/236 992/741/236 1217/1427/236 1210/1373/236
f 989/549/237 824/548/237 1215/1398/237 1218/890/237
f 967/521/244 796/98/244 1211/1386/244 1219/1428/244
f 832/543/245 966/542/245 1220/921/245 1216/1395/245
f 983/464/251 780/463/251 1209/1361/251 1221/927/251
f 820/227/252 982/805/252 1222/1429/252 1214/1412/252
f 808/603/259 974/772/259 1223/924/259 1212/1389/259
f 975/821/260 812/820/260 1213/1410/260 1224/1430/260
f 867/1220/266 1064/13/266 1063/917/266 868/916/266
f 724/16/267 866/687/267 865/329/267 723/328/267
f 877/769/268 736/139/268 735/398/268 878/397/268
f 1057/892/269 880/891/269 879/378/269 1058/382/269
f 883/1223/270 1060/593/270 1059/930/270 884/933/270
f 708/21/271 882/314/271 881/796/271 707/795/271
f 893/800/272 720/108/272 719/579/272 894/578/272
f 1061/12/273 896/906/273 895/787/273 1062/786/273
f 899/703/274 751/702/274 752/80/274 900/79/274
f 909/181/275 760/180/275 759/705/275 910/704/275
f 637/520/276 898/519/276 897/509/276 638/508/276
f 636/317/277 912/316/277 911/518/277 635/517/277
f 627/353/278 914/352/278 913/574/278 628/279/278
f 740/597/279 916/738/279 915/244/279 739/243/279
f 925/213/280 748/212/280 747/246/280 926/245/280
f 632/263/281 928/262/281 927/355/281 631/354/281
f 753/530/282 930/529/282 929/349/282 754/348/282
f 826/605/283 988/731/283 987/528/283 825/531/283
f 931/472/284 715/471/284 716/554/284 932/553/284
f 985/964/285 790/111/285 789/470/285 986/473/285
f 727/444/286 938/443/286 937/879/286 728/949/286
f 798/300/287 962/299/287 961/442/287 797/445/287
f 939/340/288 757/339/288 758/498/288 940/497/288
f 963/720/289 830/537/289 829/338/289 964/341/289
f 741/401/290 946/400/290 945/73/290 742/72/290
f 814/504/291 970/686/291 969/399/291 813/402/291
f 947/432/292 731/431/292 732/31/292 948/515/292
f 971/141/293 806/30/293 805/430/293 972/433/293
f 711/526/294 954/525/294 953/479/294 712/478/294
f 979/289/295 818/24/295 817/383/295 980/386/295
f 746/23/296 956/580/296 955/385/296 745/384/296
f 782/708/297 978/707/297 977/524/297 781/527/297
f 776/941/97 773/547/97 774/169/97 775/168/97
f 773/546/97 761/545/97 762/130/97 774/129/97
f 772/946/96 769/945/96 770/1006/96 771/1005/96
f 769/948/96 765/15/96 766/1013/96 770/1012/96
f 768/943/96 772/942/96 771/1024/96 767/1023/96
f 765/15/96 709/14/96 710/956/96 766/955/96
f 764/939/97 776/938/97 775/1039/97 763/1038/97
f 761/545/97 725/56/97 726/961/97 762/960/97
f 734/950/97 764/940/97 763/216/97 733/215/97
f 718/959/96 768/944/96 767/205/96 717/204/96
f 709/947/111 783/691/111 784/1029/111 710/956/111
f 788/954/110 718/953/110 717/1020/110 787/209/110
f 725/55/109 799/54/109 800/198/109 726/197/109
f 804/951/113 734/950/113 733/215/113 803/1035/113
f 848/761/98 788/760/98 787/209/98 847/208/98
f 840/966/99 804/965/99 803/790/99 839/789/99
f 799/967/99 833/768/99 834/176/99 800/198/99
f 864/277/298 840/276/298 839/789/298 863/1009/298
f 783/690/98 841/689/98 842/1017/98 784/1016/98
f 856/271/299 848/270/299 847/208/299 855/1027/299
f 841/969/300 849/968/300 850/1032/300 842/1031/300
f 849/968/98 856/971/98 855/1027/98 850/1042/98
f 833/768/301 857/767/301 858/177/301 834/176/301
f 857/267/99 864/266/99 863/134/99 858/133/99
f 1172/1297/307 1175/83/307 1176/1219/307 1171/1284/307
f 1170/175/308 1173/1246/308 1174/1285/308 1169/1252/308
f 1178/49/309 1179/48/309 1180/1235/309 1177/1234/309
f 1184/368/310 1181/174/310 1182/1248/310 1183/1247/310
f 1181/173/311 1170/172/311 1169/1252/311 1182/1251/311
f 1171/1218/312 1178/49/312 1177/1239/312 1172/1238/312
f 1179/48/313 1176/1219/313 1175/83/313 1180/82/313
f 1173/1245/314 1184/369/314 1183/1243/314 1174/1242/314
f 1173/1246/2 1170/175/2 482/175/2 483/1246/2
f 1186/88/315 1187/87/315 1188/1216/315 1185/1436/315
f 1190/1300/316 1191/1289/316 1192/121/316 1189/120/316
f 1194/148/317 1195/6/317 1196/6/317 1193/1309/317
f 1198/5/318 1199/179/318 1200/179/318 1197/5/318
f 1202/1292/319 1203/149/319 1204/150/319 1201/1292/319
f 1206/151/320 1207/1294/320 1208/1294/320 1205/151/320
f 1193/1217/321 1188/1216/321 1187/87/321 1194/148/321
f 1195/6/322 1198/5/322 1197/1299/322 1196/1298/322
f 1191/1289/323 1200/1288/323 1199/179/323 1192/121/323
f 1207/1294/324 1202/1292/324 1201/1287/324 1208/1286/324
f 1185/160/325 1204/159/325 1203/149/325 1186/88/325
f 1205/164/326 1190/163/326 1189/120/326 1206/151/326
f 172/1437/5 170/1438/5 1185/1436/5 1188/1216/5
f 1433/1439/3 649/1371/3 1424/1440/3 1447/1441/3 1446/1442/3
f 614/452/4 795/1443/4 1211/1386/4 1426/1385/4
f 1441/1444/3 1444/1445/3 1425/1446/3 642/1383/3 1436/1447/3
f 1428/1448/3 1437/1449/3 1440/1450/3 1429/1415/3 659/114/3
f 161/1451/1 623/1452/1 1430/1453/1 1439/1454/1
f 622/27/1 155/26/1 1452/1455/1 1431/1456/1
f 146/888/2 619/1457/2 1434/1458/2 1445/1459/2
f 618/1460/2 150/920/2 1442/1461/2 1435/1462/2
f 991/774/6 791/1463/6 1210/1373/6 1217/1427/6
f 823/1464/2 990/887/2 1218/890/2 1215/1398/2
f 795/1443/4 968/1465/4 1219/1428/4 1211/1386/4
f 965/541/2 831/540/2 1216/1395/2 1220/921/2
f 779/387/6 984/441/6 1221/927/6 1209/1361/6
f 981/435/1 819/434/1 1214/1412/1 1222/1429/1
f 973/923/4 807/1466/4 1212/1389/4 1223/924/4
f 811/1467/1 976/1468/1 1224/1430/1 1213/1410/1
f 623/1452/1 811/1467/1 1213/1410/1 1430/1469/1
f 819/434/1 622/27/1 1431/1470/1 1214/1412/1
f 976/1468/1 161/1451/1 1439/1471/1 1224/1430/1
f 1224/1424/327 1439/1471/327 1438/925/327 1223/924/327
f 807/1466/4 613/692/4 1427/1472/4 1212/1389/4
f 1218/1422/328 1445/889/328 1448/1473/328 1217/1423/328
f 831/540/2 618/1460/2 1435/1474/2 1216/1395/2
f 791/1463/6 615/474/6 1423/1374/6 1210/1373/6
f 1452/1475/329 1222/1426/329 1221/927/329 1449/1476/329
f 616/59/6 779/387/6 1209/1361/6 1422/1477/6
f 155/26/1 981/435/1 1222/1429/1 1452/1475/1
f 619/1457/2 823/1464/2 1215/1398/2 1434/1478/2
f 968/1465/4 151/451/4 1443/1479/4 1219/1428/4
f 145/475/6 991/774/6 1217/1427/6 1448/1480/6
f 661/1393/3 1454/1414/3 1455/1417/3 669/1394/3
f 1442/922/330 1220/921/330 1219/1425/330 1443/1479/330
f 807/1466/3 973/923/3 1279/923/3 1263/1466/3
f 615/474/2 791/1463/2 1259/1463/2 1260/474/2
f 965/541/331 150/920/331 1283/920/331 1276/541/331
f 976/1468/3 811/1467/3 1266/1467/3 1280/1468/3
f 795/1443/2 614/452/2 1261/452/2 1262/1443/2
f 146/888/332 990/887/332 1274/887/332 1285/888/332
f 160/693/5 613/692/5 1264/692/5 1281/693/5
f 613/692/1 807/1466/1 1263/1466/1 1264/692/1
f 981/435/332 155/26/332 1288/26/332 1278/435/332
f 623/1452/5 161/1451/5 1282/1451/5 1265/1452/5
f 811/1467/4 623/1452/4 1265/1452/4 1266/1467/4
f 161/1451/331 976/1468/331 1280/1468/331 1282/1451/331
f 973/923/20 160/693/20 1281/693/20 1279/923/20
f 622/27/6 819/434/6 1267/434/6 1268/27/6
f 150/920/5 618/1460/5 1272/1460/5 1283/920/5
f 823/1464/6 619/1457/6 1269/1457/6 1270/1464/6
f 614/452/5 151/451/5 1284/451/5 1261/452/5
f 618/1460/4 831/540/4 1271/540/4 1272/1460/4
f 151/451/43 968/1465/43 1275/1465/43 1284/451/43
f 791/1463/3 991/774/3 1273/774/3 1259/1463/3
f 619/1457/5 146/888/5 1285/888/5 1269/1457/5
f 990/887/3 823/1464/3 1270/1464/3 1274/887/3
f 145/475/5 615/474/5 1260/474/5 1286/475/5
f 968/1465/3 795/1443/3 1262/1443/3 1275/1465/3
f 621/416/1 815/415/1 1322/1402/1 1456/458/1
f 1459/1513/3 647/1388/3 652/1387/3 1458/1418/3
f 617/362/2 827/1514/2 1324/1364/2 1460/762/2
f 815/415/1 809/1515/1 1321/1406/1 1322/1402/1
f 827/1514/2 821/1516/2 1323/1399/2 1324/1364/2
f 821/1516/2 620/363/2 1457/1400/2 1323/1399/2
f 809/1515/1 624/457/1 1453/1407/1 1321/1406/1
f 809/1515/3 815/415/3 1328/415/3 1325/1515/3
f 620/363/4 821/1516/4 1329/1516/4 1330/363/4
f 624/457/6 809/1515/6 1325/1515/6 1326/457/6
f 621/416/5 624/457/5 1326/457/5 1327/416/5
f 821/1516/3 827/1514/3 1332/1514/3 1329/1516/3
f 827/1514/6 617/362/6 1331/362/6 1332/1514/6
f 1344/8/337 1335/296/337 1336/1521/337 1343/1522/337
f 1348/567/338 1339/408/338 1340/1523/338 1347/1524/338
f 1334/727/341 1341/9/341 1342/1529/341 1333/1530/341
f 1341/9/342 1344/8/342 1343/1522/342 1342/1529/342
f 1338/438/343 1345/469/343 1346/1531/343 1337/1532/343
f 1345/324/344 1348/323/344 1347/1524/344 1346/1531/344
f 1440/1450/347 1437/1449/347 1438/1537/347 1439/1538/347
f 1444/1445/348 1441/1444/348 1442/1539/348 1443/1540/348
f 1446/1442/349 1447/1441/349 1448/1541/349 1445/1542/349
f 1450/1405/350 1451/1404/350 1452/1543/350 1449/1544/350
f 1394/1545/351 1395/1533/351 1396/1378/351 1393/1377/351
f 1398/1546/352 1423/1547/352 1424/1370/352 1397/1372/352
f 1422/1548/353 1399/1549/353 1400/1369/353 1421/1368/353
f 1402/1526/354 1403/1550/354 1404/407/354 1401/1366/354
f 1388/1375/355 1389/1376/355 1390/1528/355 1387/1551/355
f 1392/241/356 1425/1384/356 1426/1552/356 1391/1527/356
f 1428/113/357 1381/116/357 1382/1520/357 1427/1553/357
f 1384/1380/358 1385/1379/358 1386/1554/358 1383/1519/358
f 1460/1555/359 1405/1517/359 1406/626/359 1459/1421/359
f 1408/1518/360 1435/1556/360 1436/1420/360 1407/62/360
f 1434/1557/361 1409/1535/361 1410/643/361 1433/1419/361
f 1412/1536/362 1457/1558/362 1458/1418/362 1411/628/362
f 1420/1408/363 1453/1407/363 1454/1414/363 1419/637/363
f 1430/1409/364 1417/1411/364 1418/1416/364 1429/1415/364
f 1416/228/365 1431/1413/365 1432/1403/365 1415/641/365
f 1456/458/366 1413/639/366 1414/251/366 1455/1417/366
f 1361/1520/2 1382/1559/2 1381/116/2 1362/623/2
f 1427/1560/367 1438/1561/367 1437/1449/367 1428/1448/367
f 1439/1454/368 1430/1453/368 1429/1415/368 1440/1450/368
f 1383/1519/1 1364/1519/1 1363/701/1 1384/700/1
f 1333/1530/369 1386/1562/369 1385/728/369 1334/727/369
f 1389/34/2 1358/36/2 1357/1528/2 1390/1528/2
f 1335/296/370 1388/342/370 1387/1563/370 1336/1521/370
f 1359/242/1 1392/241/1 1391/1527/1 1360/1527/1
f 1435/1564/371 1442/1565/371 1441/1444/371 1436/1447/371
f 1443/1566/372 1426/1567/372 1425/1446/372 1444/1445/372
f 1395/1533/2 1350/1533/2 1349/287/2 1396/614/2
f 1393/439/373 1338/438/373 1337/1532/373 1394/1568/373
f 1445/1569/374 1434/1570/374 1433/1439/374 1446/1442/374
f 1423/1571/375 1448/1572/375 1447/1441/375 1424/1440/375
f 1351/1534/1 1398/1534/1 1397/237/1 1352/240/1
f 1399/1549/2 1354/1525/2 1353/613/2 1400/612/2
f 1421/1368/376 1450/1405/376 1449/1573/376 1422/1574/376
f 1431/1456/377 1452/1455/377 1451/1404/377 1432/1403/377
f 1355/1526/1 1402/1526/1 1401/234/1 1356/236/1
f 1339/408/378 1404/407/378 1403/1575/378 1340/1523/378
f 1405/1517/4 1366/1517/4 1365/627/4 1406/626/4
f 1457/1576/379 1460/1577/379 1459/1513/379 1458/1418/379
f 1367/1518/6 1408/1518/6 1407/62/6 1368/64/6
f 1409/1535/4 1370/1535/4 1369/372/4 1410/643/4
f 1371/1536/6 1412/1536/6 1411/628/6 1372/630/6
f 1413/639/6 1378/403/6 1377/252/6 1414/251/6
f 1453/459/380 1456/458/380 1455/1417/380 1454/1414/380
f 1379/229/4 1416/228/4 1415/641/4 1380/642/4
f 1417/424/6 1374/427/6 1373/482/6 1418/640/6
f 1375/592/4 1420/591/4 1419/637/4 1376/638/4
f 1341/9/3 1334/727/3 676/730/3 692/10/3
usemtl M_Noir_Profond
f 93/50/7 1367/51/7 1366/52/7 94/53/7
f 1362/257/10 50/115/10 51/258/10 1363/259/10
f 71/248/5 70/278/5 72/279/5
f 56/286/15 1349/287/15 1352/288/15 55/239/15
f 55/239/17 1369/372/17 1372/373/17 54/374/17
f 8/18/18 1351/375/18 1350/376/18 7/377/18
f 85/227/19 1379/229/19 1378/403/19 86/404/19
f 1376/481/21 49/333/21 50/115/21 1373/482/21
f 1380/491/21 48/492/21 45/250/21 1377/252/21
f 1358/36/10 58/35/10 59/63/10 1359/242/10
f 177/571/23 42/21/23 43/572/23 178/573/23
f 68/70/5 67/264/5 69/593/5
f 65/105/5 64/317/5 66/13/5
f 62/12/5 61/507/5 63/78/5
f 59/63/3 58/35/3 57/47/3 60/594/3
f 55/239/3 54/374/3 53/595/3 56/286/3
f 51/258/3 50/115/3 49/333/3 52/92/3
f 47/235/3 46/291/3 45/250/3 48/492/3
f 43/572/6 42/21/6 41/351/6 44/478/6
f 39/202/6 38/109/6 37/306/6 40/108/6
f 35/161/4 34/16/4 33/440/4 36/568/4
f 31/596/4 30/31/4 29/456/4 32/139/4
f 27/153/1 26/597/1 25/370/1 28/72/1
f 23/598/1 22/25/1 21/599/1 24/212/1
f 19/42/2 18/80/2 17/331/2 20/348/2
f 15/40/2 14/498/2 13/600/2 16/180/2
f 11/4/6 10/463/6 9/601/6 12/462/6
f 7/377/6 6/423/6 5/111/6 8/18/6
f 3/583/4 2/98/4 1/300/4 4/602/4
f 78/66/4 79/455/4 80/30/4 77/603/4
f 82/590/1 83/426/1 84/504/1 81/371/1
f 86/404/1 87/604/1 88/24/1 85/227/1
f 90/89/2 91/221/2 92/605/2 89/332/2
f 94/53/2 95/606/2 96/537/2 93/50/2
f 181/203/23 39/202/23 40/108/23 182/607/23
f 187/608/25 70/278/25 71/248/25 184/609/25
f 48/492/15 1353/613/15 1356/236/15 47/235/15
f 185/619/26 31/596/26 32/139/26 186/620/26
f 70/278/5 69/593/5 67/264/5 72/279/5
f 193/621/27 26/597/27 27/153/27 194/622/27
f 64/317/5 61/507/5 62/12/5 66/13/5
f 3/583/28 1357/616/28 1360/99/28 2/98/28
f 57/47/3 53/595/3 54/374/3 60/594/3
f 49/333/3 45/250/3 46/291/3 52/92/3
f 98/45/3 57/47/3 58/35/3 97/94/3
f 100/624/3 56/286/3 53/595/3 99/625/3
f 197/631/27 23/598/27 24/212/27 198/632/27
f 203/633/29 64/317/29 65/105/29 200/634/29
f 201/41/30 15/40/30 16/180/30 202/635/30
f 39/202/31 211/636/31 208/555/31 38/109/31
f 60/594/17 1365/627/17 1368/64/17 59/63/17
f 52/92/3 101/93/3 102/38/3 51/258/3
f 104/119/3 98/45/3 97/94/3 103/96/3
f 47/235/3 105/100/3 106/144/3 46/291/3
f 108/147/3 100/624/3 99/625/3 107/145/3
f 101/93/3 109/117/3 110/37/3 102/38/3
f 109/117/3 104/119/3 103/96/3 110/37/3
f 105/100/3 111/101/3 112/143/3 106/144/3
f 111/101/3 108/147/3 107/145/3 112/143/3
f 69/593/32 176/644/32 179/71/32 68/70/32
f 63/78/33 180/77/33 183/645/33 62/12/33
f 191/552/34 65/105/34 66/13/34 188/646/34
f 189/647/26 34/16/26 35/161/26 190/648/26
f 72/279/35 192/575/35 195/249/35 71/248/35
f 68/70/35 196/649/35 199/650/35 67/264/35
f 207/254/29 63/78/29 61/507/29 204/651/29
f 205/652/30 18/80/30 19/42/30 206/653/30
f 114/32/4 115/33/4 116/467/4 113/280/4
f 118/17/4 114/654/4 113/280/4 117/281/4
f 120/655/6 121/656/6 122/394/6 119/325/6
f 124/657/6 120/658/6 119/327/6 123/326/6
f 121/366/6 125/367/6 126/393/6 122/394/6
f 42/21/6 124/22/6 123/326/6 41/351/6
f 115/33/4 127/450/4 128/466/4 116/467/4
f 34/16/4 118/17/4 117/281/4 33/440/4
f 18/80/2 16/180/2 13/600/2 17/331/2
f 31/596/36 215/659/36 212/516/36 30/31/36
f 26/597/1 24/212/1 21/599/1 25/370/1
f 15/40/37 219/539/37 216/499/37 14/498/37
f 127/140/4 32/139/4 29/456/4 128/466/4
f 23/598/38 223/660/38 220/581/38 22/25/38
f 125/106/6 40/108/6 37/306/6 126/307/6
f 96/537/37 224/661/37 227/544/37 93/50/37
f 210/570/39 19/42/39 20/348/39 209/662/39
f 222/663/40 43/572/40 44/478/40 221/480/40
f 214/664/41 27/153/41 28/72/41 213/74/41
f 218/665/42 35/161/42 36/568/42 217/666/42
f 41/351/6 12/462/6 9/601/6 44/478/6
f 38/109/6 5/111/6 6/423/6 37/306/6
f 33/440/4 4/602/4 1/300/4 36/568/4
f 30/31/4 80/30/4 79/455/4 29/456/4
f 25/370/1 81/371/1 84/504/1 28/72/1
f 22/25/1 88/24/1 87/604/1 21/599/1
f 17/331/2 89/332/2 92/605/2 20/348/2
f 14/498/2 96/537/2 95/606/2 13/600/2
f 225/667/42 1/300/42 2/98/42 226/522/42
f 229/668/41 84/504/41 83/426/41 230/669/41
f 233/670/40 9/601/40 10/463/40 234/671/40
f 236/672/39 92/605/39 91/221/39 239/673/39
f 5/111/31 237/674/31 238/675/31 8/18/31
f 130/483/6 6/423/6 7/377/6 129/260/6
f 80/30/36 228/676/36 231/677/36 77/603/36
f 132/449/4 79/455/4 78/66/4 131/112/4
f 88/24/38 232/678/38 235/679/38 85/227/38
f 81/371/1 87/604/1 86/404/1 82/590/1
f 89/332/2 95/606/2 94/53/2 90/89/2
f 4/602/4 133/500/4 134/582/4 3/583/4
f 136/448/4 132/449/4 131/112/4 135/152/4
f 12/462/6 137/334/6 138/680/6 11/4/6
f 140/681/6 130/483/6 129/260/6 139/261/6
f 137/334/6 141/335/6 142/682/6 138/683/6
f 141/428/6 140/429/6 139/684/6 142/682/6
f 133/500/4 143/501/4 144/685/4 134/582/4
f 143/364/4 136/365/4 135/152/4 144/685/4
f 90/89/7 1371/91/7 1370/776/7 91/221/7
f 82/590/19 1375/592/19 1374/427/19 83/426/19
f 205/652/48 206/653/48 207/831/48 204/832/48
f 193/621/49 194/622/49 195/249/49 192/575/49
f 197/631/50 198/632/50 199/650/50 196/649/50
f 201/41/51 202/635/51 203/833/51 200/834/51
f 189/647/52 190/648/52 191/124/52 188/835/52
f 177/571/55 178/573/55 179/844/55 176/845/55
f 181/203/56 182/607/56 183/846/56 180/847/56
f 185/619/61 186/620/61 187/858/61 184/859/61
f 208/880/79 211/907/79 210/570/79 209/662/79
f 212/516/80 215/659/80 214/664/80 213/74/80
f 216/499/81 219/539/81 218/665/81 217/666/81
f 220/581/82 223/660/82 222/663/82 221/480/82
f 225/667/83 226/522/83 227/544/83 224/661/83
f 229/668/84 230/669/84 231/677/84 228/676/84
f 233/670/85 234/671/85 235/679/85 232/678/85
f 236/672/86 239/673/86 238/902/86 237/913/86
f 11/4/89 1355/3/89 1354/937/89 10/463/89
f 251/975/4 248/974/4 265/547/4 264/938/4
f 248/974/4 244/1045/4 266/545/4 265/547/4
f 267/1046/6 268/1047/6 252/945/6 255/942/6
f 268/1047/6 269/1048/6 240/15/6 252/945/6
f 270/1049/6 267/1046/6 255/942/6 243/944/6
f 269/1048/6 256/1050/6 271/14/6 240/15/6
f 272/1051/4 251/975/4 264/938/4 247/940/4
f 244/1045/4 257/1052/4 273/56/4 266/545/4
f 258/1053/4 272/1051/4 247/940/4 274/950/4
f 259/1054/6 270/1049/6 243/944/6 275/953/6
f 256/1050/6 260/1055/6 276/691/6 271/14/6
f 261/1056/6 259/1054/6 275/953/6 277/760/6
f 257/1052/4 262/1057/4 278/57/4 273/56/4
f 263/1058/4 258/1053/4 274/950/4 279/952/4
f 242/972/6 261/1056/6 277/760/6 280/270/6
f 281/1059/4 263/1058/4 279/952/4 246/276/4
f 262/1057/4 245/1060/4 282/768/4 278/57/4
f 283/1061/4 281/1059/4 246/276/4 250/269/4
f 260/1055/6 284/1062/6 241/689/6 276/691/6
f 285/973/6 242/972/6 280/270/6 254/271/6
f 284/1062/6 286/1063/6 253/970/6 241/689/6
f 286/1063/6 285/973/6 254/271/6 253/970/6
f 245/1060/4 249/1064/4 287/268/4 282/768/4
f 249/1064/4 283/1061/4 250/269/4 287/268/4
f 311/1130/2 310/1131/2 327/1121/2 326/1120/2
f 313/1132/2 312/1133/2 329/192/2 328/1118/2
f 323/1134/2 322/1135/2 331/1096/2 330/191/2
f 325/1136/2 324/1137/2 333/1125/2 332/1095/2
f 321/1138/1 320/1139/1 335/1124/1 334/1108/1
f 315/1140/1 314/1141/1 337/1115/1 336/1116/1
f 317/1142/1 316/1143/1 339/1106/1 338/1114/1
f 319/1144/1 318/1145/1 341/1109/1 340/1105/1
f 314/1141/1 317/1142/1 338/1114/1 337/1115/1
f 316/1143/1 319/1144/1 340/1105/1 339/1106/1
f 320/1139/1 315/1140/1 336/1116/1 335/1124/1
f 312/1133/2 323/1134/2 330/191/2 329/192/2
f 310/1131/2 313/1132/2 328/1118/2 327/1121/2
f 324/1137/2 311/1130/2 326/1120/2 333/1125/2
f 318/1145/1 321/1138/1 334/1108/1 341/1109/1
f 322/1135/2 325/1136/2 332/1095/2 331/1096/2
f 473/1228/5 472/1227/5 480/1218/5 481/1219/5
f 474/1255/5 475/1256/5 483/1246/5 482/175/5
f 476/1257/5 477/1258/5 485/48/5 484/49/5
f 478/1259/5 479/1260/5 487/174/5 486/369/5
f 479/1260/5 474/1255/5 482/175/5 487/174/5
f 472/1227/5 476/1257/5 484/49/5 480/1218/5
f 477/1258/5 473/1228/5 481/1219/5 485/48/5
f 475/1256/5 478/1259/5 486/369/5 483/1246/5
f 506/1301/5 504/1302/5 529/87/5 528/88/5
f 505/1303/5 507/1304/5 530/120/5 531/121/5
f 527/1305/5 526/1279/5 533/1294/5 532/151/5
f 525/1278/5 524/1306/5 535/150/5 534/1292/5
f 523/1307/5 522/1308/5 537/179/5 536/5/5
f 521/1225/5 520/1224/5 539/6/5 538/1309/5
f 504/1302/5 521/1225/5 538/1309/5 529/87/5
f 520/1224/5 523/1307/5 536/5/5 539/6/5
f 522/1308/5 505/1303/5 531/121/5 537/179/5
f 524/1306/5 506/1301/5 528/88/5 535/150/5
f 526/1279/5 525/1278/5 534/1292/5 533/1294/5
f 507/1304/5 527/1305/5 532/151/5 530/120/5
f 576/1343/5 567/1344/5 599/1344/5 608/1343/5
f 573/1345/1 579/1346/1 611/1346/1 605/1345/1
f 575/1347/5 585/1348/5 603/1348/5 607/1347/5
f 595/1349/3 592/1350/3 604/1350/3 601/1349/3
f 584/1351/5 574/1352/5 606/1352/5 602/1351/5
f 580/1353/148 595/1349/148 601/1349/148 612/1353/148
f 581/1354/4 567/1344/4 582/292/4 566/485/4
f 573/1345/4 581/1354/4 566/485/4 583/484/4
f 584/1351/6 585/1348/6 571/344/6 570/418/6
f 574/1352/6 584/1351/6 570/418/6 586/417/6
f 585/1348/6 575/1347/6 587/345/6 571/344/6
f 567/1344/4 576/1343/4 588/293/4 582/292/4
f 577/1355/4 590/1356/4 568/1335/4 589/1334/4
f 578/1357/6 592/1350/6 572/1337/6 591/1336/6
f 593/1358/4 579/1346/4 594/1333/4 565/1338/4
f 590/1356/4 593/1358/4 565/1338/4 568/1335/4
f 595/1349/6 580/1353/6 596/1331/6 569/1339/6
f 592/1350/6 595/1349/6 569/1339/6 572/1337/6
f 579/1346/4 573/1345/4 583/484/4 594/1333/4
f 576/1343/4 577/1355/4 589/1334/4 588/293/4
f 580/1353/6 574/1352/6 586/417/6 596/1331/6
f 575/1347/6 578/1357/6 591/1336/6 587/345/6
f 577/1355/2 576/1343/2 608/1343/2 609/1355/2
f 590/1356/148 577/1355/148 609/1355/148 600/1356/148
f 574/1352/2 580/1353/2 612/1353/2 606/1352/2
f 592/1350/147 578/1357/147 610/1357/147 604/1350/147
f 567/1344/5 581/1354/5 598/1354/5 599/1344/5
f 578/1357/1 575/1347/1 607/1347/1 610/1357/1
f 579/1346/147 593/1358/147 597/1358/147 611/1346/147
f 581/1354/5 573/1345/5 605/1345/5 598/1354/5
f 593/1358/3 590/1356/3 600/1356/3 597/1358/3
f 585/1348/5 584/1351/5 602/1351/5 603/1348/5
f 77/603/302 1361/1431/302 1364/1432/302 78/66/302
f 1250/1481/331 1248/1482/331 1312/1482/331 1314/1481/331
f 1234/1483/4 1233/1484/4 1297/1484/4 1298/1483/4
f 1233/1484/5 1250/1481/5 1314/1481/5 1297/1484/5
f 1246/1485/332 1256/1486/332 1320/1486/332 1310/1485/332
f 1232/1487/1 1231/1488/1 1295/1488/1 1296/1487/1
f 1249/1489/5 1232/1487/5 1296/1487/5 1313/1489/5
f 1253/1490/332 1242/1491/332 1306/1491/332 1317/1490/332
f 1230/1492/2 1229/1493/2 1293/1493/2 1294/1492/2
f 1225/1494/6 1226/1495/6 1258/387/6 1257/59/6
f 1227/1496/6 1228/1497/6 1260/474/6 1259/1463/6
f 1229/1493/4 1230/1492/4 1262/1443/4 1261/452/4
f 1231/1488/4 1232/1487/4 1264/692/4 1263/1466/4
f 1233/1484/1 1234/1483/1 1266/1467/1 1265/1452/1
f 1235/1498/1 1236/1499/1 1268/27/1 1267/434/1
f 1237/1500/2 1238/1501/2 1270/1464/2 1269/1457/2
f 1239/1502/2 1240/1503/2 1272/1460/2 1271/540/2
f 1241/1504/6 1227/1496/6 1259/1463/6 1273/774/6
f 1238/1501/2 1242/1491/2 1274/887/2 1270/1464/2
f 1230/1492/4 1243/1505/4 1275/1465/4 1262/1443/4
f 1244/1506/2 1239/1502/2 1271/540/2 1276/541/2
f 1226/1495/6 1245/1507/6 1277/441/6 1258/387/6
f 1246/1485/1 1235/1498/1 1267/434/1 1278/435/1
f 1247/1508/4 1231/1488/4 1263/1466/4 1279/923/4
f 1234/1483/1 1248/1482/1 1280/1468/1 1266/1467/1
f 1232/1487/4 1249/1489/4 1281/693/4 1264/692/4
f 1250/1481/1 1233/1484/1 1265/1452/1 1282/1451/1
f 1249/1489/4 1247/1508/4 1279/923/4 1281/693/4
f 1240/1503/2 1251/1509/2 1283/920/2 1272/1460/2
f 1252/1510/4 1229/1493/4 1261/452/4 1284/451/4
f 1243/1505/4 1252/1510/4 1284/451/4 1275/1465/4
f 1253/1490/2 1237/1500/2 1269/1457/2 1285/888/2
f 1228/1497/6 1254/1511/6 1286/475/6 1260/474/6
f 1254/1511/6 1241/1504/6 1273/774/6 1286/475/6
f 1255/1512/6 1225/1494/6 1257/59/6 1287/58/6
f 1245/1507/6 1255/1512/6 1287/58/6 1277/441/6
f 1236/1499/1 1256/1486/1 1288/26/1 1268/27/1
f 1251/1509/2 1244/1506/2 1276/541/2 1283/920/2
f 1242/1491/2 1253/1490/2 1285/888/2 1274/887/2
f 1256/1486/1 1246/1485/1 1278/435/1 1288/26/1
f 1248/1482/1 1250/1481/1 1282/1451/1 1280/1468/1
f 1247/1508/20 1249/1489/20 1313/1489/20 1311/1508/20
f 1236/1499/6 1235/1498/6 1299/1498/6 1300/1499/6
f 1251/1509/5 1240/1503/5 1304/1503/5 1315/1509/5
f 1238/1501/6 1237/1500/6 1301/1500/6 1302/1501/6
f 1229/1493/5 1252/1510/5 1316/1510/5 1293/1493/5
f 1240/1503/4 1239/1502/4 1303/1502/4 1304/1503/4
f 1252/1510/43 1243/1505/43 1307/1505/43 1316/1510/43
f 1227/1496/3 1241/1504/3 1305/1504/3 1291/1496/3
f 1237/1500/5 1253/1490/5 1317/1490/5 1301/1500/5
f 1242/1491/3 1238/1501/3 1302/1501/3 1306/1491/3
f 1254/1511/5 1228/1497/5 1292/1497/5 1318/1511/5
f 1243/1505/3 1230/1492/3 1294/1492/3 1307/1505/3
f 1241/1504/43 1254/1511/43 1318/1511/43 1305/1504/43
f 1239/1502/3 1244/1506/3 1308/1506/3 1303/1502/3
f 1225/1494/5 1255/1512/5 1319/1512/5 1289/1494/5
f 1245/1507/3 1226/1495/3 1290/1495/3 1309/1507/3
f 1255/1512/20 1245/1507/20 1309/1507/20 1319/1512/20
f 1235/1498/3 1246/1485/3 1310/1485/3 1299/1498/3
f 1226/1495/1 1225/1494/1 1289/1494/1 1290/1495/1
f 1256/1486/5 1236/1499/5 1300/1499/5 1320/1486/5
f 1231/1488/3 1247/1508/3 1311/1508/3 1295/1488/3
f 1228/1497/2 1227/1496/2 1291/1496/2 1292/1497/2
f 1244/1506/331 1251/1509/331 1315/1509/331 1308/1506/331
f 1248/1482/3 1234/1483/3 1298/1483/3 1312/1482/3
f 1330/363/2 1329/1516/2 1332/1514/2 1331/362/2
f 1326/457/1 1325/1515/1 1328/415/1 1327/416/1
f 1374/427/333 1375/592/333 1376/481/333 1373/482/333
f 1378/403/334 1379/229/334 1380/491/334 1377/252/334
f 1366/1517/335 1367/1518/335 1368/64/335 1365/627/335
f 1362/257/336 1363/259/336 1364/1519/336 1361/1520/336
f 1354/1525/339 1355/1526/339 1356/236/339 1353/613/339
f 1358/36/340 1359/242/340 1360/1527/340 1357/1528/340
f 1350/1533/345 1351/1534/345 1352/288/345 1349/287/345
f 1370/1535/346 1371/1536/346 1372/373/346 1369/372/346
usemtl M_Gris_Metal
f 242/972/22 285/973/22 1123/973/22 1119/972/22
f 248/974/5 251/975/5 1095/975/5 1092/974/5
f 440/976/6 441/977/6 1097/978/6 1100/979/6
f 438/980/4 439/981/4 1091/982/4 1096/983/4
f 446/984/4 445/985/4 1088/986/4 1094/987/4
f 439/981/4 289/988/4 1101/989/4 1091/982/4
f 290/990/4 291/991/4 1127/992/4 1121/993/4
f 289/988/4 295/994/4 1105/995/4 1101/996/4
f 288/997/6 299/998/6 1114/999/6 1120/1000/6
f 292/1001/6 293/1002/6 1124/1003/6 1125/1004/6
f 290/990/90 300/1065/90 470/1065/90 453/990/90
f 289/988/91 439/981/91 456/981/91 452/988/91
f 446/984/92 291/991/92 457/991/92 458/984/92
f 444/1066/91 296/1067/91 466/1067/91 455/1066/91
f 301/1068/90 445/985/90 454/985/90 471/1068/90
f 439/981/91 438/980/91 459/980/91 456/981/91
f 291/991/93 290/990/93 453/990/93 457/991/93
f 295/994/91 289/988/91 452/988/91 465/994/91
f 299/998/94 288/997/94 450/997/94 469/998/94
f 293/1002/95 292/1001/95 461/1001/95 462/1002/95
f 445/985/4 301/1068/4 1118/1069/4 1088/1070/4
f 257/1052/5 244/1045/5 1102/1045/5 1106/1052/5
f 444/1066/4 438/980/4 1096/1071/4 1090/1072/4
f 262/1057/2 257/1052/2 1106/1052/2 1116/1057/2
f 442/1073/6 294/1074/6 1103/1075/6 1081/1076/6
f 447/1077/6 292/1001/6 1125/1078/6 1083/1079/6
f 261/1056/3 242/972/3 1119/1080/3 1113/1056/3
f 297/1081/6 443/1082/6 1086/1083/6 1110/1084/6
f 293/1002/6 288/997/6 1120/1085/6 1124/1003/6
f 295/994/4 300/1065/4 1115/1086/4 1105/995/4
f 269/1048/5 268/1047/5 1098/1047/5 1082/1048/5
f 284/1062/3 260/1055/3 1112/1055/3 1084/1062/3
f 299/998/6 297/1081/6 1110/1087/6 1114/999/6
f 296/1067/4 444/1066/4 1090/1088/4 1108/1089/4
f 244/1045/5 248/974/5 1092/1192/5 1102/1045/5
f 291/991/4 446/984/4 1094/987/4 1127/1193/4
f 268/1047/5 267/1046/5 1099/1194/5 1098/1047/5
f 256/1050/5 269/1048/5 1082/1195/5 1104/1050/5
f 267/1046/5 270/1049/5 1085/1196/5 1099/1046/5
f 298/1197/6 447/1077/6 1083/1198/6 1111/1199/6
f 251/975/5 272/1051/5 1089/1200/5 1095/975/5
f 294/1074/6 298/1197/6 1111/1201/6 1103/1075/6
f 272/1051/5 258/1053/5 1107/1202/5 1089/1051/5
f 270/1049/5 259/1054/5 1109/1203/5 1085/1049/5
f 260/1055/1 256/1050/1 1104/1204/1 1112/1055/1
f 259/1054/2 261/1056/2 1113/1056/2 1109/1054/2
f 301/1068/4 296/1067/4 1108/1205/4 1118/1069/4
f 258/1053/1 263/1058/1 1117/1206/1 1107/1053/1
f 300/1065/4 290/990/4 1121/993/4 1115/1207/4
f 263/1058/3 281/1059/3 1087/1059/3 1117/1058/3
f 245/1060/3 262/1057/3 1116/1057/3 1122/1060/3
f 281/1059/16 283/1061/16 1093/1208/16 1087/1059/16
f 286/1063/16 284/1062/16 1084/1209/16 1126/1063/16
f 249/1064/22 245/1060/22 1122/1210/22 1128/1064/22
f 443/1082/6 440/976/6 1100/979/6 1086/1083/6
f 285/973/3 286/1063/3 1126/1211/3 1123/973/3
f 283/1061/3 249/1064/3 1128/1212/3 1093/1061/3
f 458/984/4 459/980/4 455/1066/4 454/985/4
f 462/1002/6 463/976/6 451/1082/6 450/997/6
f 449/1077/6 448/1073/6 460/977/6 461/1001/6
f 461/1001/6 460/977/6 463/976/6 462/1002/6
f 453/990/4 452/988/4 456/981/4 457/991/4
f 457/991/4 456/981/4 459/980/4 458/984/4
f 450/997/6 451/1082/6 467/1081/6 469/998/6
f 454/985/4 455/1066/4 466/1067/4 471/1068/4
f 470/1065/4 465/994/4 452/988/4 453/990/4
f 468/1197/6 464/1074/6 448/1073/6 449/1077/6
f 443/1082/132 297/1081/132 467/1081/132 451/1082/132
f 441/977/132 440/976/132 463/976/132 460/977/132
f 445/985/133 446/984/133 458/984/133 454/985/133
f 298/1197/134 294/1074/134 464/1074/134 468/1197/134
f 442/1073/132 441/977/132 460/977/132 448/1073/132
f 447/1077/94 298/1197/94 468/1197/94 449/1077/94
f 297/1081/135 299/998/135 469/998/135 467/1081/135
f 440/976/132 443/1082/132 451/1082/132 463/976/132
f 288/997/136 293/1002/136 462/1002/136 450/997/136
f 300/1065/137 295/994/137 465/994/137 470/1065/137
f 294/1074/132 442/1073/132 448/1073/132 464/1074/132
f 292/1001/138 447/1077/138 449/1077/138 461/1001/138
f 296/1067/139 301/1068/139 471/1068/139 466/1067/139
f 438/980/91 444/1066/91 455/1066/91 459/980/91
f 520/1224/109 521/1225/109 1141/1225/109 1144/1226/109
f 525/1278/2 526/1279/2 1132/1279/2 1133/1280/2
f 527/1305/6 507/1304/6 1152/1304/6 1130/1305/6
f 543/1310/4 541/1311/4 545/1311/4 547/1310/4
f 521/1225/4 504/1302/4 1146/1302/4 1141/1225/4
f 543/1310/5 542/1312/5 1150/1313/5 1135/1314/5 1134/1315/5 1131/1316/5 1129/1317/5 1151/1318/5
f 540/1319/5 541/1311/5 1148/1320/5 1139/1321/5 1138/1322/5 1143/1323/5 1142/1324/5 1145/1325/5
f 542/1312/5 540/1319/5 1145/1325/5 1150/1326/5
f 506/1301/4 524/1306/4 1136/1306/4 1149/1301/4
f 524/1306/113 525/1278/113 1133/1278/113 1136/1306/113
f 541/1311/5 543/1310/5 1151/1327/5 1148/1320/5
f 522/1308/110 523/1307/110 1137/1307/110 1140/1308/110
f 505/1303/6 522/1308/6 1140/1308/6 1147/1303/6
f 504/1302/4 506/1301/4 1149/1301/4 1146/1302/4
f 507/1304/6 505/1303/6 1147/1303/6 1152/1304/6
f 544/1319/5 546/1312/5 547/1310/5 545/1311/5
f 542/1312/145 543/1310/145 547/1310/145 546/1312/145
f 540/1319/6 542/1312/6 546/1312/6 544/1319/6
f 541/1311/146 540/1319/146 544/1319/146 545/1311/146
f 1096/983/99 1091/982/99 1092/974/99 1095/975/99
f 1091/982/99 1101/989/99 1102/1045/99 1092/1192/99
f 1100/979/98 1097/978/98 1098/1047/98 1099/1194/98
f 1097/1433/98 1081/1434/98 1082/1048/98 1098/1047/98
f 1086/1083/98 1100/979/98 1099/1046/98 1085/1196/98
f 1081/1076/98 1103/1075/98 1104/1050/98 1082/1195/98
f 1090/1072/99 1096/1071/99 1095/975/99 1089/1200/99
f 1101/996/99 1105/995/99 1106/1052/99 1102/1045/99
f 1108/1089/99 1090/1088/99 1089/1051/99 1107/1202/99
f 1110/1084/98 1086/1083/98 1085/1049/98 1109/1203/98
f 1103/1075/110 1111/1201/110 1112/1055/110 1104/1204/110
f 1114/999/111 1110/1087/111 1109/1054/111 1113/1056/111
f 1105/995/113 1115/1086/113 1116/1057/113 1106/1052/113
f 1118/1069/109 1108/1205/109 1107/1053/109 1117/1206/109
f 1120/1000/96 1114/999/96 1113/1056/96 1119/1080/96
f 1088/1070/97 1118/1069/97 1117/1058/97 1087/1059/97
f 1115/1207/97 1121/993/97 1122/1060/97 1116/1057/97
f 1094/987/194 1088/986/194 1087/1059/194 1093/1208/194
f 1111/1199/96 1083/1198/96 1084/1062/96 1112/1055/96
f 1124/1003/196 1120/1085/196 1119/972/196 1123/973/196
f 1083/1079/198 1125/1078/198 1126/1063/198 1084/1209/198
f 1125/1004/96 1124/1003/96 1123/973/96 1126/1211/96
f 1121/993/201 1127/992/201 1128/1064/201 1122/1210/201
f 1127/1193/97 1094/987/97 1093/1061/97 1128/1212/97
f 441/977/6 442/1073/6 1081/1434/6 1097/1433/6
f 523/1307/1 520/1224/1 1144/1224/1 1137/1307/1
f 1150/1326/99 1145/1325/99 1146/1302/99 1149/1301/99
f 1152/1304/98 1147/1303/98 1148/1320/98 1151/1327/98
f 1129/1317/303 1131/1316/303 1132/1435/303 1130/1305/303
f 1134/1315/304 1135/1314/304 1136/1306/304 1133/1278/304
f 1138/1322/305 1139/1321/305 1140/1308/305 1137/1307/305
f 1142/1324/306 1143/1323/306 1144/1226/306 1141/1225/306
f 1145/1325/99 1142/1324/99 1141/1225/99 1146/1302/99
f 1143/1323/108 1138/1322/108 1137/1307/108 1144/1224/108
f 1139/1321/98 1148/1320/98 1147/1303/98 1140/1308/98
f 1135/1314/99 1150/1313/99 1149/1301/99 1136/1306/99
f 1131/1316/112 1134/1315/112 1133/1280/112 1132/1279/112
f 1151/1318/98 1129/1317/98 1130/1305/98 1152/1304/98
f 526/1279/111 527/1305/111 1130/1305/111 1132/1435/111
usemtl M_Orange
f 908/39/6 756/40/6 15/40/6 201/41/6
f 750/42/4 901/43/4 206/44/4 19/42/4
f 886/68/2 630/69/2 68/70/2 179/71/2
f 640/75/1 891/76/1 180/77/1 63/78/1
f 634/102/6 905/103/6 200/104/6 65/105/6
f 190/122/1 871/123/1 870/124/1 191/124/1
f 935/125/2 147/126/2 902/127/2 749/128/2
f 738/153/6 917/154/6 194/155/6 27/153/6
f 722/161/1 871/162/1 190/122/1 35/161/1
f 343/183/2 344/184/2 380/185/2 379/186/2
f 951/187/1 162/188/1 918/189/1 737/190/1
f 943/193/4 152/194/4 872/195/4 721/196/4
f 890/201/1 714/202/1 39/202/1 181/203/1
f 920/247/6 626/248/6 71/248/6 195/249/6
f 904/253/4 640/78/4 63/78/4 207/254/4
f 944/336/3 722/161/3 35/161/3 218/337/3
f 626/248/2 873/446/2 184/447/2 71/248/2
f 959/532/6 159/533/6 888/534/6 705/535/6
f 756/40/3 941/538/3 219/539/3 15/40/3
f 870/551/1 634/105/1 65/105/1 191/552/1
f 922/562/5 629/563/5 885/564/5 158/565/5
f 936/569/3 750/42/3 19/42/3 210/570/3
f 158/584/24 885/585/24 888/534/24 159/533/24
f 743/586/1 923/587/1 157/588/1 958/589/1
f 713/723/6 889/724/6 148/725/6 934/726/6
f 729/754/4 875/755/4 163/756/4 950/757/4
f 924/764/4 744/598/4 23/598/4 197/631/4
f 706/572/2 887/770/2 178/771/2 43/572/2
f 630/70/4 921/775/4 196/649/4 68/70/4
f 639/777/5 903/778/5 149/779/5 892/780/5
f 755/781/2 907/782/2 153/783/2 942/784/2
f 876/793/2 730/794/2 31/596/2 185/619/2
f 869/801/5 154/802/5 906/803/5 633/804/5
f 960/807/3 706/572/3 43/572/3 222/663/3
f 730/596/3 949/808/3 215/659/3 31/596/3
f 952/813/3 738/153/3 27/153/3 214/814/3
f 714/202/3 933/815/3 211/636/3 39/202/3
f 164/816/5 874/817/5 625/818/5 919/819/5
f 744/598/3 957/823/3 223/660/3 23/598/3
f 147/126/44 148/824/44 149/825/44
f 152/826/45 153/783/45 154/827/45
f 157/828/46 158/584/46 159/533/46
f 162/829/47 163/756/47 164/830/47
f 153/783/65 907/866/65 906/867/65 154/827/65
f 157/588/68 923/875/68 922/562/68 158/565/68
f 196/649/4 921/775/4 924/764/4 197/631/4
f 223/660/3 957/886/3 960/807/3 222/663/3
f 958/894/72 157/588/72 159/533/72 959/532/72
f 163/756/73 875/755/73 874/897/73 164/830/73
f 908/39/6 201/41/6 200/834/6 905/834/6
f 944/336/3 218/337/3 219/539/3 941/899/3
f 920/900/6 195/249/6 194/155/6 917/154/6
f 876/793/2 185/619/2 184/859/2 873/859/2
f 952/901/3 214/814/3 215/659/3 949/808/3
f 886/903/2 179/844/2 178/771/2 887/770/2
f 904/831/4 207/831/4 206/44/4 901/43/4
f 180/847/1 891/847/1 890/201/1 181/203/1
f 936/569/3 210/570/3 211/907/3 933/907/3
f 902/127/74 147/126/74 149/825/74 903/908/74
f 918/189/75 162/188/75 164/816/75 919/819/75
f 147/126/76 935/125/76 934/909/76 148/824/76
f 942/910/77 153/783/77 152/194/77 943/911/77
f 162/188/78 951/187/78 950/757/78 163/756/78
f 872/195/87 152/194/87 154/914/87 869/915/87
f 148/725/88 889/934/88 892/935/88 149/936/88
f 351/1098/1 355/1099/1 391/1100/1 404/1101/1
f 348/1146/1 357/1147/1 399/1148/1 396/1149/1
f 342/1150/2 343/183/2 379/186/2 376/1151/2
f 349/1152/1 350/1153/1 403/1154/1 400/1155/1
f 347/1156/1 356/1157/1 395/1158/1 392/1159/1
f 346/1160/2 352/1161/2 375/1162/2 388/1163/2
f 345/1164/2 346/1160/2 388/1165/2 387/1166/2
f 357/1147/1 349/1152/1 400/1155/1 399/1167/1
f 344/184/2 353/1168/2 383/1169/2 380/185/2
f 350/1153/1 351/1098/1 404/1101/1 403/1170/1
f 354/1171/2 345/1164/2 387/1166/2 384/1172/2
f 356/1157/1 348/1146/1 396/1149/1 395/1158/1
f 355/1099/1 347/1156/1 392/1159/1 391/1173/1
f 353/1168/2 354/1171/2 384/1174/2 383/1175/2
f 310/1131/99 311/1130/99 374/1130/99 377/1131/99
f 312/1133/98 313/1132/98 378/1132/98 381/1133/98
f 322/1135/96 323/1134/96 382/1134/96 385/1135/96
f 324/1137/97 325/1136/97 386/1136/97 389/1137/97
f 320/1139/96 321/1138/96 390/1138/96 393/1139/96
f 314/1141/98 315/1140/98 394/1140/98 397/1141/98
f 316/1143/99 317/1142/99 398/1142/99 401/1143/99
f 318/1145/97 319/1144/97 402/1176/97 405/1145/97
f 317/1142/5 314/1141/5 397/1141/5 398/1142/5
f 319/1144/4 316/1143/4 401/1143/4 402/1176/4
f 315/1140/6 320/1139/6 393/1177/6 394/1140/6
f 323/1134/6 312/1133/6 381/1133/6 382/1178/6
f 313/1132/5 310/1131/5 377/1131/5 378/1132/5
f 311/1130/4 324/1137/4 389/1137/4 374/1130/4
f 321/1138/3 318/1145/3 405/1145/3 390/1138/3
f 325/1136/3 322/1135/3 385/1135/3 386/1136/3
f 353/1168/4 344/184/4 361/184/4 362/1168/4
f 346/1160/98 345/1164/98 364/1164/98 365/1160/98
f 363/1171/2 362/1168/2 361/184/2 360/183/2 359/1150/2 358/1161/2 365/1160/2 364/1164/2
f 373/1098/1 372/1153/1 371/1152/1 370/1147/1 369/1146/1 368/1157/1 367/1156/1 366/1099/1
f 347/1156/99 355/1099/99 366/1099/99 367/1156/99
f 343/183/3 342/1150/3 359/1150/3 360/183/3
f 348/1146/97 356/1157/97 368/1157/97 369/1146/97
f 352/1161/6 346/1160/6 365/1160/6 358/1161/6
f 349/1152/96 357/1147/96 370/1147/96 371/1152/96
f 355/1099/5 351/1098/5 373/1098/5 366/1099/5
f 351/1098/98 350/1153/98 372/1153/98 373/1098/98
f 342/1150/96 352/1161/96 358/1161/96 359/1150/96
f 345/1164/5 354/1171/5 363/1171/5 364/1164/5
f 357/1147/3 348/1146/3 369/1146/3 370/1147/3
f 344/184/97 343/183/97 360/183/97 361/184/97
f 350/1153/6 349/1152/6 371/1152/6 372/1153/6
f 354/1171/99 353/1168/99 362/1168/99 363/1171/99
f 356/1157/4 347/1156/4 367/1156/4 368/1157/4
f 375/1162/100 376/1151/100 377/1131/100 374/1130/100
f 379/186/101 380/185/101 381/1133/101 378/1132/101
f 383/1175/102 384/1174/102 385/1135/102 382/1134/102
f 387/1166/103 388/1165/103 389/1137/103 386/1136/103
f 391/1173/104 392/1159/104 393/1139/104 390/1138/104
f 395/1158/105 396/1149/105 397/1141/105 394/1140/105
f 399/1167/106 400/1155/106 401/1143/106 398/1142/106
f 403/1170/107 404/1101/107 405/1145/107 402/1176/107
f 396/1149/108 399/1148/108 398/1142/108 397/1141/108
f 400/1155/109 403/1154/109 402/1176/109 401/1143/109
f 392/1159/110 395/1158/110 394/1140/110 393/1177/110
f 380/185/111 383/1169/111 382/1178/111 381/1133/111
f 376/1151/112 379/186/112 378/1132/112 377/1131/112
f 388/1163/113 375/1162/113 374/1130/113 389/1137/113
f 404/1101/114 391/1100/114 390/1138/114 405/1145/114
f 384/1172/115 387/1166/115 386/1136/115 385/1135/115
f 352/1161/2 342/1150/2 376/1151/2 375/1162/2
f 472/1227/2 473/1228/2 1155/1228/2 1154/1229/2
f 492/1230/5 493/1231/5 1163/1232/5 1162/1233/5
f 492/1230/141 488/1261/141 496/1261/141 500/1230/141
f 494/1262/142 491/1263/142 499/1263/142 502/1262/142
f 495/1264/5 490/1265/5 1158/1266/5 1167/1267/5
f 490/1265/5 491/1263/5 1159/1268/5 1158/1266/5
f 491/1263/5 494/1262/5 1166/1269/5 1159/1268/5
f 494/1262/5 495/1264/5 1167/1267/5 1166/1269/5
f 488/1261/5 492/1230/5 1162/1233/5 1153/1270/5
f 476/1257/4 472/1227/4 1154/1227/4 1161/1257/4
f 475/1256/1 474/1255/1 1157/1255/1 1160/1271/1
f 477/1258/1 476/1257/1 1161/1257/1 1164/1272/1
f 479/1260/2 478/1259/2 1165/1259/2 1168/1260/2
f 474/1255/4 479/1260/4 1168/1260/4 1157/1273/4
f 493/1231/5 489/1274/5 1156/1275/5 1163/1232/5
f 473/1228/6 477/1258/6 1164/1258/6 1155/1276/6
f 478/1259/6 475/1256/6 1160/1256/6 1165/1277/6
f 500/1230/5 496/1261/5 497/1274/5 501/1231/5
f 498/1265/5 503/1264/5 502/1262/5 499/1263/5
f 495/1264/143 494/1262/143 502/1262/143 503/1264/143
f 491/1263/144 490/1265/144 498/1265/144 499/1263/144
f 489/1274/142 493/1231/142 501/1231/142 497/1274/142
f 490/1265/141 495/1264/141 503/1264/141 498/1265/141
f 493/1231/144 492/1230/144 500/1230/144 501/1231/144
f 488/1261/143 489/1274/143 497/1274/143 496/1261/143
f 874/897/204 875/755/204 876/793/204 873/859/204
f 942/910/206 943/911/206 944/336/206 941/899/206
f 902/127/208 903/908/208 904/831/208 901/43/208
f 950/757/209 951/187/209 952/901/209 949/808/209
f 906/867/211 907/866/211 908/39/211 905/834/211
f 922/562/213 923/875/213 924/764/213 921/775/213
f 918/189/215 919/819/215 920/900/215 917/154/215
f 934/909/216 935/125/216 936/569/216 933/907/216
f 958/894/224 959/532/224 960/807/224 957/886/224
f 870/124/227 871/123/227 872/195/227 869/915/227
f 886/903/230 887/770/230 888/534/230 885/585/230
f 890/201/232 891/847/232 892/935/232 889/934/232
f 750/42/238 936/569/238 935/125/238 749/128/238
f 901/43/239 750/42/239 749/128/239 902/127/239
f 891/76/240 640/75/240 639/777/240 892/780/240
f 640/78/241 904/253/241 903/778/241 639/777/241
f 933/815/242 714/202/242 713/723/242 934/726/242
f 714/202/243 890/201/243 889/724/243 713/723/243
f 722/161/246 944/336/246 943/193/246 721/196/246
f 871/162/247 722/161/247 721/196/247 872/195/247
f 634/105/240 870/551/240 869/801/240 633/804/240
f 905/103/248 634/102/248 633/804/248 906/803/248
f 941/538/249 756/40/249 755/781/249 942/784/249
f 756/40/250 908/39/250 907/782/250 755/781/250
f 706/572/253 960/807/253 959/532/253 705/535/253
f 887/770/254 706/572/254 705/535/254 888/534/254
f 921/775/255 630/70/255 629/563/255 922/562/255
f 630/69/256 886/68/256 885/564/256 629/563/256
f 957/823/257 744/598/257 743/586/257 958/589/257
f 744/598/258 924/764/258 923/587/258 743/586/258
f 738/153/261 952/813/261 951/187/261 737/190/261
f 917/154/262 738/153/262 737/190/262 918/189/262
f 873/446/256 626/248/256 625/818/256 874/817/256
f 626/248/263 920/247/263 919/819/263 625/818/263
f 949/808/264 730/596/264 729/754/264 950/757/264
f 730/794/265 876/793/265 875/755/265 729/754/265
f 1154/1229/112 1155/1228/112 1156/1275/112 1153/1270/112
f 1158/1266/108 1159/1268/108 1160/1271/108 1157/1255/108
f 1162/1233/108 1163/1232/108 1164/1272/108 1161/1257/108
f 1166/1269/112 1167/1267/112 1168/1260/112 1165/1259/112
f 1167/1267/99 1158/1266/99 1157/1273/99 1168/1260/99
f 1153/1270/99 1162/1233/99 1161/1257/99 1154/1227/99
f 1163/1232/98 1156/1275/98 1155/1276/98 1164/1258/98
f 1159/1268/98 1166/1269/98 1165/1277/98 1160/1256/98
f 489/1274/5 488/1261/5 1153/1270/5 1156/1275/5
usemtl M_Cyan
f 598/1354/4 597/1358/4 600/1356/4 599/1344/4
f 599/1344/4 600/1356/4 609/1355/4 608/1343/4
f 605/1345/4 611/1346/4 597/1358/4 598/1354/4
f 603/1348/6 604/1350/6 610/1357/6 607/1347/6
f 606/1352/6 612/1353/6 601/1349/6 602/1351/6
f 602/1351/6 601/1349/6 604/1350/6 603/1348/6
f 1316/1510/4 1307/1505/4 1294/1492/4 1293/1493/4
f 1317/1490/2 1306/1491/2 1302/1501/2 1301/1500/2
f 1314/1481/1 1312/1482/1 1298/1483/1 1297/1484/1
f 1296/1487/4 1295/1488/4 1311/1508/4 1313/1489/4
f 1300/1499/1 1299/1498/1 1310/1485/1 1320/1486/1
f 1319/1512/6 1309/1507/6 1290/1495/6 1289/1494/6
f 1292/1497/6 1291/1496/6 1305/1504/6 1318/1511/6
f 1304/1503/2 1303/1502/2 1308/1506/2 1315/1509/2
