# Blender 4.2.3 LTS
# www.blender.org
mtllib SM_BioChem_T3.mtl
o SM_BioChem_T3
v 1.150000 0.000000 -1.500000
v -1.150000 0.000000 -1.500000
v -1.150000 0.000000 1.500000
v 1.150000 0.000000 1.500000
v -1.500000 0.000000 -1.300000
v -1.500000 0.000000 1.300000
v 1.500000 0.000000 1.300000
v 1.500000 0.000000 -1.300000
v -1.150000 0.000000 -1.300000
v -1.150000 0.000000 1.300000
v 1.150000 0.000000 -1.300000
v 1.150000 0.000000 1.300000
v -1.391911 0.000000 1.500000
v -1.500000 0.000000 1.391911
v -1.500000 0.000000 -1.391911
v -1.391911 0.000000 -1.500000
v 1.500000 0.000000 1.391911
v 1.391911 0.000000 1.500000
v 1.391911 0.000000 -1.500000
v 1.500000 0.000000 -1.391911
v -1.150000 0.843750 -1.500000
v 1.150000 0.843750 -1.500000
v 1.150000 0.843750 1.500000
v 1.335962 0.905231 -1.364929
v -1.150000 0.843750 1.500000
v -1.500000 0.843750 1.300000
v -1.500000 0.843750 -1.300000
v 1.500000 0.843750 -1.300000
v 1.500000 0.843750 1.300000
v -1.395880 0.914766 1.348783
v -1.500000 0.843750 1.391911
v -1.348783 0.914766 1.395880
v -1.391911 0.843750 1.500000
v -1.348783 0.914766 -1.395880
v -1.391911 0.843750 -1.500000
v -1.395880 0.914766 -1.348784
v -1.500000 0.843750 -1.391911
v 1.348783 0.914766 1.395880
v 1.391911 0.843750 1.500000
v 1.395880 0.914766 1.348783
v 1.500000 0.843750 1.391911
v 1.395880 0.914766 -1.348783
v 1.500000 0.843750 -1.391911
v 1.348783 0.914766 -1.395880
v 1.391911 0.843750 -1.500000
v 1.150000 0.000000 -1.490049
v -1.150000 0.000000 -1.490049
v -1.150000 0.000000 1.490049
v 1.150000 0.000000 1.490049
v -1.490049 0.000000 -1.300000
v -1.490049 0.000000 1.300000
v 1.490049 0.000000 1.300000
v 1.490049 0.000000 -1.300000
v -1.150000 0.839943 -1.490807
v -1.126293 0.905235 -1.401469
v 1.126293 0.905235 -1.401469
v 1.150000 0.839943 -1.490807
v 1.150000 0.839943 1.490807
v 1.157245 0.914766 1.395883
v -1.126293 0.905235 1.401469
v -1.150000 0.839943 1.490807
v -1.490807 0.839943 1.300000
v -1.401469 0.905233 1.276293
v -1.401469 0.905233 -1.276293
v -1.490807 0.839943 -1.300000
v 1.490807 0.839943 -1.300000
v 1.401469 0.905233 -1.276293
v 1.401469 0.905233 1.276293
v 1.490807 0.839943 1.300000
v -1.359495 0.914766 1.421740
v -1.421740 0.914766 1.359495
v -1.421740 0.914766 -1.359495
v -1.359495 0.914766 -1.421740
v 1.359495 0.914766 -1.421740
v 1.421739 0.914766 -1.359495
v 1.421739 0.914766 1.359495
v 1.359495 0.914766 1.421740
v -1.421740 0.914766 1.307245
v -1.157245 0.914766 1.421740
v -1.157245 0.914766 -1.421740
v -1.421740 0.914766 -1.307245
v 1.421739 0.914766 1.307245
v 1.157245 0.914766 1.421740
v 1.421739 0.914766 -1.307245
v 1.157245 0.914766 -1.421740
v 1.126293 0.905235 -1.364935
v -1.157245 0.914766 1.395888
v -1.150000 0.905234 -1.388639
v -1.157245 0.914766 -1.395884
v 1.157245 0.914766 -1.395886
v -1.395882 0.914766 -1.307245
v -1.364918 0.905233 1.276293
v -1.395880 0.914766 1.307245
v -1.335963 0.905231 -1.364929
v -1.364933 0.905233 -1.276293
v 1.364925 0.905233 -1.276293
v 1.395878 0.914766 -1.307245
v -1.364929 0.905231 -1.335962
v -1.364918 0.905231 1.335973
v -1.335962 0.905231 1.364929
v 1.126293 0.905235 1.401469
v -1.150000 0.905234 1.388654
v 1.395879 0.914766 1.307245
v 1.364923 0.905233 1.276293
v 1.364923 0.905231 1.335968
v 1.335963 0.905231 1.364929
v 1.150000 0.905234 1.388638
v 1.364925 0.905231 -1.335966
v 1.150000 0.905234 -1.425176
v -1.425176 0.905234 -1.300000
v 1.425176 0.905234 1.300000
v 1.150000 0.905234 -1.388642
v 1.388632 0.905234 -1.300000
v 1.425176 0.905234 -1.300000
v -1.388625 0.905234 1.300000
v -1.425176 0.905234 1.300000
v 1.388632 0.905230 -1.345786
v 1.345783 0.905230 -1.388636
v -1.388625 0.905230 1.345793
v -1.345783 0.905230 1.388636
v 1.388630 0.905230 1.345788
v 1.388630 0.905234 1.300000
v -1.150000 0.905234 -1.425176
v -1.126293 0.905235 -1.364932
v -1.388638 0.905234 -1.300000
v -1.388635 0.905230 -1.345783
v -1.126293 0.905235 1.364949
v -1.345783 0.905230 -1.388636
v -1.150000 0.905234 1.425176
v 1.345783 0.905230 1.388636
v 1.126293 0.905235 1.364931
v 1.150000 0.905234 1.425176
v 1.150000 0.889070 1.300000
v 1.126293 0.889070 1.364931
v 1.150000 0.889070 -1.300000
v -1.126293 0.889070 -1.364932
v -1.150000 0.889070 -1.300000
v 1.126293 0.889070 -1.364935
v -1.364933 0.889069 -1.276293
v -1.126293 0.889070 1.364949
v -1.150000 0.889070 1.300000
v 1.364925 0.889069 -1.276293
v -1.364918 0.889069 1.276293
v 1.364923 0.889069 1.276293
v 1.126293 0.889070 -1.401469
v -1.401469 0.889068 -1.276293
v 1.401469 0.889068 1.276293
v 1.401469 0.889068 -1.276293
v -1.401469 0.889068 1.276293
v 1.364925 0.889066 -1.335966
v 1.335962 0.889067 -1.364929
v -1.364918 0.889066 1.335973
v -1.335962 0.889067 1.364929
v 1.364923 0.889066 1.335968
v -1.126293 0.889070 -1.401469
v -1.364929 0.889066 -1.335962
v -1.335963 0.889067 -1.364929
v -1.126293 0.889070 1.401469
v 1.335963 0.889067 1.364929
v 1.126293 0.889070 1.401469
v -1.362496 0.914766 1.428984
v -1.428984 0.914766 1.362496
v -1.428984 0.914766 -1.362496
v -1.362496 0.914766 -1.428984
v 1.362495 0.914766 -1.428984
v 1.428984 0.914766 -1.362496
v 1.428984 0.914766 1.362496
v 1.362495 0.914766 1.428984
v -1.428984 0.914766 1.300000
v -1.150000 0.914766 1.428984
v -1.150000 0.914766 -1.428984
v -1.428984 0.914766 -1.300000
v 1.428984 0.914766 1.300000
v 1.150000 0.914766 1.428984
v 1.428984 0.914766 -1.300000
v 1.150000 0.914766 -1.428984
v 1.150000 0.914766 -1.388642
v 1.388633 0.914766 -1.300000
v -1.150000 0.914766 1.388643
v -1.388635 0.914766 1.300000
v -1.345783 0.914766 1.388636
v -1.388635 0.914766 1.345783
v -1.388635 0.914766 -1.345783
v -1.345783 0.914766 -1.388636
v 1.345783 0.914766 -1.388636
v 1.388635 0.914766 -1.345783
v 1.388635 0.914766 1.345783
v 1.345783 0.914766 1.388636
v 1.388634 0.914766 1.300000
v 1.150000 0.914766 1.388638
v -1.150000 0.914766 -1.388639
v -1.388638 0.914766 -1.300000
v -1.359495 0.912727 1.421740
v -1.348783 0.912727 1.395880
v -1.395880 0.912727 1.348783
v -1.421740 0.912727 1.359495
v -1.421740 0.912727 -1.359495
v -1.395880 0.912727 -1.348784
v -1.348783 0.912727 -1.395880
v -1.359495 0.912727 -1.421740
v 1.359495 0.912727 -1.421740
v 1.348783 0.912727 -1.395880
v 1.395880 0.912727 -1.348783
v 1.421739 0.912727 -1.359495
v 1.421739 0.912727 1.359495
v 1.395880 0.912727 1.348783
v 1.348783 0.912727 1.395880
v 1.359495 0.912727 1.421740
v -1.421740 0.912727 1.307245
v -1.157245 0.912727 1.421740
v -1.157245 0.912727 -1.421740
v -1.421740 0.912727 -1.307245
v 1.421739 0.912727 1.307245
v 1.157245 0.912727 1.421740
v 1.421739 0.912727 -1.307245
v 1.157245 0.912727 -1.421740
v 1.157245 0.912727 -1.395886
v 1.395878 0.912727 -1.307245
v -1.157245 0.912727 1.395888
v -1.395880 0.912727 1.307245
v 1.395879 0.912727 1.307245
v 1.157245 0.912727 1.395883
v -1.157245 0.912727 -1.395884
v -1.395882 0.912727 -1.307245
v 1.150000 0.052255 1.500000
v 1.150000 0.074304 1.500000
v -1.150000 0.052255 1.500000
v -1.150000 0.074304 1.500000
v -1.150000 0.052255 -1.500000
v -1.150000 0.074304 -1.500000
v 1.150000 0.052255 -1.500000
v 1.150000 0.074304 -1.500000
v 1.500000 0.052255 -1.300000
v 1.500000 0.052255 1.300000
v -1.500000 0.052255 1.300000
v -1.500000 0.052255 -1.300000
v -1.500000 0.052255 1.391911
v -1.391911 0.052255 1.500000
v -1.391911 0.074304 1.500000
v -1.500000 0.052255 -1.391911
v -1.391911 0.074304 -1.500000
v -1.391911 0.052255 -1.500000
v 1.391911 0.052255 -1.500000
v 1.391911 0.074304 -1.500000
v 1.500000 0.052255 -1.391911
v 1.500000 0.052255 1.391911
v 1.391911 0.074304 1.500000
v 1.391911 0.052255 1.500000
v -1.391911 0.818895 -1.500000
v -1.391911 0.810842 -1.500000
v -1.150000 0.818894 -1.500000
v -1.150000 0.810842 -1.500000
v 1.150000 0.810842 -1.500000
v 1.150000 0.818894 -1.500000
v 1.391911 0.810842 -1.500000
v 1.391911 0.818895 -1.500000
v 1.150000 0.810842 1.500000
v 1.150000 0.818894 1.500000
v -1.150000 0.818894 1.500000
v -1.150000 0.810842 1.500000
v 1.391911 0.818895 1.500000
v 1.391911 0.810842 1.500000
v -1.391911 0.810842 1.500000
v -1.391911 0.818895 1.500000
v -1.500000 0.818894 1.300000
v -1.500000 0.818894 -1.300000
v -1.500000 0.818895 1.391911
v -1.500000 0.818895 -1.391911
v 1.500000 0.818894 -1.300000
v 1.500000 0.818894 1.300000
v 1.500000 0.818895 -1.391911
v 1.500000 0.818895 1.391911
v 1.132939 0.091365 1.490049
v 1.150000 0.052255 1.490049
v -1.150000 0.052255 1.490049
v -1.132939 0.091365 1.490049
v -1.132939 0.091365 -1.490049
v -1.150000 0.052255 -1.490049
v 1.132939 0.091365 -1.490049
v 1.150000 0.052255 -1.490049
v 1.468176 0.140767 -1.220746
v 1.490049 0.052255 -1.300000
v 1.468176 0.140767 1.220746
v 1.490049 0.052255 1.300000
v -1.468176 0.140767 1.220746
v -1.490049 0.052255 1.300000
v -1.468176 0.140767 -1.220746
v -1.490049 0.052255 -1.300000
v -1.150000 0.818894 -1.490171
v -1.132939 0.793781 -1.490049
v 1.150000 0.818894 -1.490171
v 1.132939 0.793781 -1.490049
v 1.150000 0.818894 1.490171
v 1.132939 0.793781 1.490049
v -1.132939 0.793781 1.490049
v -1.150000 0.818894 1.490171
v -1.490171 0.818894 1.300000
v -1.462625 0.736231 1.225389
v -1.490171 0.818894 -1.300000
v -1.462625 0.736231 -1.225389
v 1.490171 0.818894 -1.300000
v 1.462625 0.736231 -1.225389
v 1.490171 0.818894 1.300000
v 1.462625 0.736231 1.225389
v -1.471055 0.142728 0.848000
v -1.490049 0.074304 0.770408
v -1.490049 0.074304 -0.770408
v -1.471055 0.142728 -0.848000
v 1.471055 0.142728 -0.848000
v 1.471055 0.142728 0.848000
v -1.401469 0.905230 1.265238
v -1.401469 0.905232 1.273291
v -1.401469 0.905232 -1.273291
v -1.401469 0.905230 -1.265238
v -1.490807 0.839943 -1.273291
v -1.490807 0.839943 -1.265238
v -1.490807 0.839943 1.265238
v -1.490807 0.839943 1.273291
v 1.401469 0.905230 -1.265238
v 1.401469 0.905232 -1.273291
v 1.401469 0.905232 1.273291
v 1.401469 0.905230 1.265238
v 1.490807 0.839943 1.273291
v 1.490807 0.839943 1.265238
v 1.490807 0.839943 -1.265238
v 1.490807 0.839943 -1.273291
v -1.490171 0.818894 1.273291
v -1.490171 0.818893 1.265238
v -1.468176 0.731589 0.846039
v -1.490171 0.818894 -1.273291
v -1.468176 0.731589 -0.846039
v -1.490171 0.818893 -1.265238
v 1.490171 0.818894 -1.273291
v 1.490171 0.818893 -1.265238
v 1.490049 0.810842 -0.770408
v 1.468176 0.731589 -0.846039
v 1.490171 0.818894 1.273291
v 1.468176 0.731589 0.846039
v 1.490049 0.810842 0.770408
v 1.490171 0.818893 1.265238
v -1.002430 0.091365 -1.490049
v -0.977316 0.074304 -1.490049
v 0.977316 0.074304 -1.490049
v 1.002430 0.091365 -1.490049
v 1.002430 0.091365 1.490049
v 0.977316 0.074304 1.490049
v -0.977316 0.074304 1.490049
v -1.002430 0.091365 1.490049
v -0.977316 0.905231 -1.401469
v -0.985369 0.905231 -1.401469
v 0.985369 0.905231 -1.401469
v 0.977316 0.905231 -1.401469
v 0.985369 0.839943 -1.490807
v 0.977316 0.839943 -1.490807
v -0.977316 0.839943 -1.490807
v -0.985369 0.839943 -1.490807
v -0.985369 0.839943 1.490807
v -0.977316 0.839943 1.490807
v 0.977316 0.839943 1.490807
v 0.985369 0.839943 1.490807
v 0.985369 0.818894 1.490171
v 0.977316 0.818893 1.490171
v 0.977316 0.810842 1.490049
v 1.002430 0.793781 1.490049
v -0.985369 0.818894 1.490171
v -1.002430 0.793781 1.490049
v -0.977316 0.810842 1.490049
v -0.977316 0.818893 1.490171
v -0.985369 0.818894 -1.490171
v -0.977316 0.818893 -1.490171
v -0.977316 0.810842 -1.490049
v -1.002430 0.793781 -1.490049
v 0.985369 0.818894 -1.490171
v 1.002430 0.793781 -1.490049
v 0.977316 0.810842 -1.490049
v 0.977316 0.818893 -1.490171
v 0.977316 0.905231 1.401469
v 0.985369 0.905231 1.401469
v -0.985369 0.905231 1.401469
v -0.977316 0.905231 1.401469
v 0.977316 0.905230 -1.425176
v 0.985369 0.905230 -1.425176
v -1.425176 0.905230 -1.265238
v -1.425176 0.905231 -1.273291
v 1.425176 0.905230 1.265238
v 1.425176 0.905231 1.273291
v -1.425176 0.905231 1.273291
v -1.425176 0.905230 1.265238
v 1.425176 0.905231 -1.273291
v 1.425176 0.905230 -1.265238
v -0.977316 0.905230 1.425176
v -0.985369 0.905230 1.425176
v -0.985369 0.905230 -1.425176
v -0.977316 0.905230 -1.425176
v 0.985369 0.905230 1.425176
v 0.977316 0.905230 1.425176
v -1.401469 0.889067 -1.273291
v -1.401469 0.889066 -1.265238
v -1.401469 0.889066 1.265238
v -1.401469 0.889067 1.273291
v 1.401469 0.889066 -1.265238
v 1.401469 0.889067 -1.273291
v 1.401469 0.889067 1.273291
v 1.401469 0.889066 1.265238
v 0.985369 0.889066 -1.401469
v 0.977316 0.889066 -1.401469
v 0.977316 0.889066 1.401469
v 0.985369 0.889066 1.401469
v -0.977316 0.889066 -1.401469
v -0.985369 0.889066 -1.401469
v -0.985369 0.889066 1.401469
v -0.977316 0.889066 1.401469
v -1.481623 0.074304 0.779575
v -1.481623 0.074304 0.770408
v -1.481623 0.074304 -0.779575
v -1.481623 0.074304 -0.770408
v 1.481623 0.074304 -0.779575
v 1.481623 0.074304 -0.770408
v 1.481623 0.074304 0.779575
v 1.481623 0.074304 0.770408
v -1.481623 0.810927 0.779575
v -1.481746 0.819064 1.273291
v -1.481746 0.819063 1.265238
v -1.481623 0.810927 0.770408
v -1.481746 0.819063 -1.265238
v -1.481746 0.819064 -1.273291
v -1.481623 0.810927 -0.779575
v -1.481623 0.810927 -0.770408
v 1.481623 0.810927 -0.779575
v 1.481746 0.819064 -1.273291
v 1.481746 0.819063 -1.265238
v 1.481623 0.810927 -0.770408
v 1.481746 0.819063 1.265238
v 1.481746 0.819064 1.273291
v 1.481623 0.810927 0.779575
v 1.481623 0.810927 0.770408
v -0.985369 0.074304 -1.481623
v -0.977316 0.074304 -1.481623
v 0.985369 0.074304 -1.481623
v 0.977316 0.074304 -1.481623
v 0.985369 0.074304 1.481623
v 0.977316 0.074304 1.481623
v -0.985369 0.074304 1.481623
v -0.977316 0.074304 1.481623
v 0.985369 0.810927 1.481623
v 0.985369 0.819064 1.481746
v 0.977316 0.819063 1.481746
v 0.977316 0.810927 1.481623
v -0.977316 0.819063 1.481746
v -0.985369 0.819064 1.481746
v -0.985369 0.810927 1.481623
v -0.977316 0.810927 1.481623
v -0.985369 0.810927 -1.481623
v -0.985369 0.819064 -1.481746
v -0.977316 0.819063 -1.481746
v -0.977316 0.810927 -1.481623
v 0.977316 0.819063 -1.481746
v 0.985369 0.819064 -1.481746
v 0.985369 0.810927 -1.481623
v 0.977316 0.810927 -1.481623
v -1.409896 0.889067 -1.273291
v -1.409896 0.889066 -1.265238
v -1.409896 0.889066 1.265238
v -1.409896 0.889067 1.273291
v 1.409896 0.889066 -1.265238
v 1.409896 0.889067 -1.273291
v 1.409896 0.889067 1.273291
v 1.409896 0.889066 1.265238
v 0.985369 0.889066 -1.409896
v 0.977316 0.889066 -1.409896
v 0.977316 0.889066 1.409896
v 0.985369 0.889066 1.409896
v -0.977316 0.889066 -1.409896
v -0.985369 0.889066 -1.409896
v -0.985369 0.889066 1.409896
v -0.977316 0.889066 1.409896
v -1.158427 0.818894 1.491573
v -1.158427 0.810842 1.491573
v -1.158386 0.810970 1.481583
v -1.158467 0.819021 1.481786
v -1.158427 0.066251 -1.491573
v -1.158427 0.074304 -1.491573
v -1.158427 0.074304 -1.481623
v -1.158427 0.066251 -1.481623
v 1.158427 0.074304 1.481623
v 1.158427 0.066251 1.481623
v 1.158427 0.066251 1.491573
v 1.158427 0.074304 1.491573
v -1.491573 0.074304 1.388421
v -1.491573 0.066251 1.388421
v -1.388421 0.066251 1.491573
v -1.388421 0.074304 1.491573
v -1.491573 0.066251 -1.388421
v -1.491573 0.074304 -1.388421
v -1.388421 0.074304 -1.491573
v -1.388421 0.066251 -1.491573
v 1.388421 0.066251 -1.491573
v 1.388421 0.074304 -1.491573
v 1.491573 0.074304 -1.388421
v 1.491573 0.066251 -1.388421
v 1.491573 0.066251 1.388421
v 1.491573 0.074304 1.388421
v 1.388421 0.074304 1.491573
v 1.388421 0.066251 1.491573
v -1.491573 0.074304 1.308427
v -1.491573 0.066251 1.308427
v -1.158427 0.066251 1.491573
v -1.158427 0.074304 1.491573
v -1.491573 0.066251 -1.308427
v -1.491573 0.074304 -1.308427
v 1.491573 0.066251 1.308427
v 1.491573 0.074304 1.308427
v 1.158427 0.066251 -1.491573
v 1.158427 0.074304 -1.491573
v 1.491573 0.074304 -1.308427
v 1.491573 0.066251 -1.308427
v 1.158427 0.810842 1.491573
v 1.158427 0.818894 1.491573
v 1.158467 0.819021 1.481786
v 1.158386 0.810970 1.481583
v -1.158427 0.066251 1.481623
v -1.158427 0.074304 1.481623
v 1.491573 0.818895 -1.388421
v 1.491573 0.810842 -1.388421
v 1.388421 0.810842 -1.491573
v 1.388421 0.818895 -1.491573
v 1.388421 0.818895 1.491573
v 1.388421 0.810842 1.491573
v 1.491573 0.810842 1.388421
v 1.491573 0.818895 1.388421
v -1.388421 0.818895 -1.491573
v -1.388421 0.810842 -1.491573
v -1.491573 0.810842 -1.388421
v -1.491573 0.818895 -1.388421
v -1.491573 0.810842 -1.308427
v -1.491573 0.818894 -1.308427
v 1.158427 0.810842 -1.491573
v 1.158427 0.818894 -1.491573
v -1.491573 0.810842 1.388421
v -1.491573 0.818895 1.388421
v -1.491573 0.818894 1.308427
v -1.491573 0.810842 1.308427
v 1.491573 0.818894 -1.308427
v 1.491573 0.810842 -1.308427
v 1.491573 0.810842 1.308427
v 1.491573 0.818894 1.308427
v -1.158427 0.818894 -1.491573
v -1.158427 0.810842 -1.491573
v -1.388421 0.810842 1.491573
v -1.388421 0.818895 1.491573
v -1.481623 0.074304 -1.308427
v -1.481623 0.066251 -1.308427
v 1.481623 0.074304 1.308427
v 1.481623 0.066251 1.308427
v 1.158427 0.074304 -1.481623
v 1.158427 0.066251 -1.481623
v -1.481786 0.819021 -1.308467
v 1.158467 0.819021 -1.481786
v 1.158386 0.810970 -1.481583
v 1.481786 0.819021 1.308467
v 1.481583 0.810970 1.308386
v -1.481786 0.819021 1.308467
v -1.158467 0.819021 -1.481786
v -1.158386 0.810970 -1.481583
v -1.481623 0.074304 1.308427
v -1.481623 0.066251 1.308427
v 1.481623 0.074304 -1.308427
v 1.481623 0.066251 -1.308427
v 1.481786 0.819021 -1.308467
v 1.481583 0.810970 -1.308386
v 1.421699 0.896804 -1.273292
v 1.421699 0.896804 -1.265239
v 1.482274 0.836545 -1.265239
v 1.482274 0.836545 -1.273291
v 1.421699 0.896804 1.265239
v 1.421699 0.896804 1.273292
v 1.482274 0.836545 1.273291
v 1.482274 0.836545 1.265239
v -1.421699 0.896804 1.273292
v -1.421699 0.896804 1.265239
v -1.482274 0.836545 1.265239
v -1.482274 0.836545 1.273291
v -1.421699 0.896804 -1.265239
v -1.421699 0.896804 -1.273292
v -1.482274 0.836545 -1.273291
v -1.482274 0.836545 -1.265239
v 0.985369 0.896804 -1.409896
v 0.977316 0.896804 -1.409896
v -0.977316 0.896804 -1.409896
v -0.985369 0.896804 -1.409896
v 1.409896 0.896804 -1.265239
v 1.409895 0.896805 -1.273292
v -1.409895 0.896805 -1.273292
v -1.409896 0.896804 -1.265239
v -1.409896 0.896804 1.265239
v -1.409895 0.896805 1.273292
v 0.985369 0.896804 1.421699
v 0.977316 0.896804 1.421699
v 0.977316 0.836545 1.482274
v 0.985369 0.836545 1.482274
v -0.977316 0.896804 1.421699
v -0.985369 0.896804 1.421699
v -0.985369 0.836545 1.482274
v -0.977316 0.836545 1.482274
v -0.985369 0.896804 -1.421699
v -0.977316 0.896804 -1.421699
v -0.977316 0.836545 -1.482274
v -0.985369 0.836545 -1.482274
v 0.977316 0.896804 -1.421699
v 0.985369 0.896804 -1.421699
v 0.985369 0.836545 -1.482274
v 0.977316 0.836545 -1.482274
v 1.409895 0.896805 1.273292
v 1.409896 0.896804 1.265239
v -0.985369 0.896804 1.409896
v -0.977316 0.896804 1.409896
v 0.977316 0.896804 1.409896
v 0.985369 0.896804 1.409896
v -1.500000 0.074304 1.391911
v -1.500000 0.074304 1.300000
v -1.500000 0.074304 -1.300000
v -1.500000 0.074304 -1.391911
v 1.500000 0.074304 1.300000
v 1.500000 0.074304 1.391911
v 1.500000 0.074304 -1.391911
v 1.500000 0.074304 -1.300000
v -1.500000 0.810842 -1.391911
v -1.500000 0.810842 -1.300000
v -1.500000 0.810842 1.300000
v -1.500000 0.810842 1.391911
v 1.500000 0.810842 -1.300000
v 1.500000 0.810842 -1.391911
v 1.500000 0.810842 1.391911
v 1.500000 0.810842 1.300000
v 0.985369 0.074304 -1.490049
v 1.150000 0.074304 -1.490049
v -0.985369 0.074304 1.490049
v -1.150000 0.074304 1.490049
v -1.150000 0.810842 1.490049
v -0.985369 0.810842 1.490049
v 1.150000 0.810842 -1.490049
v 0.985369 0.810842 -1.490049
v -1.150000 0.074304 -1.490049
v -0.985369 0.074304 -1.490049
v 1.150000 0.074304 1.490049
v 0.985369 0.074304 1.490049
v 0.985369 0.810842 1.490049
v 1.150000 0.810842 1.490049
v -0.985369 0.810842 -1.490049
v -1.150000 0.810842 -1.490049
v 1.010934 0.099869 -1.483754
v 1.124434 0.099869 -1.483754
v -1.010935 0.099869 1.483754
v -1.124434 0.099869 1.483754
v -1.124434 0.785277 1.483754
v -1.010935 0.785277 1.483754
v 1.124434 0.785277 -1.483754
v 1.010934 0.785277 -1.483754
v -1.124434 0.099869 -1.483754
v -1.010935 0.099869 -1.483754
v 1.124434 0.099869 1.483754
v 1.010934 0.099869 1.483754
v 1.010934 0.785277 1.483754
v 1.124434 0.785277 1.483754
v -1.010935 0.785277 -1.483754
v -1.124434 0.785277 -1.483754
v 1.002430 0.091365 -1.483754
v 1.132939 0.091365 -1.483754
v -1.002430 0.091365 1.483754
v -1.132939 0.091365 1.483754
v -1.132939 0.793781 1.483754
v -1.002430 0.793781 1.483754
v 1.132939 0.793781 -1.483754
v 1.002430 0.793781 -1.483754
v -1.132939 0.091365 -1.483754
v -1.002430 0.091365 -1.483754
v 1.132939 0.091365 1.483754
v 1.002430 0.091365 1.483754
v 1.002430 0.793781 1.483754
v 1.132939 0.793781 1.483754
v -1.002430 0.793781 -1.483754
v -1.132939 0.793781 -1.483754
v 1.010934 0.785277 -1.490535
v 1.124434 0.785277 -1.490535
v -1.010935 0.785277 1.490535
v -1.124434 0.785277 1.490535
v -1.124434 0.099869 1.490535
v -1.010935 0.099869 1.490535
v 1.124434 0.099869 -1.490535
v 1.010934 0.099869 -1.490535
v -1.010935 0.609377 -1.483754
v -1.010935 0.619850 -1.483754
v 1.010934 0.619850 -1.483754
v 1.010934 0.609377 -1.483754
v 1.010934 0.609377 1.483754
v 1.010934 0.619850 1.483754
v -1.010935 0.619850 1.483754
v -1.010935 0.609377 1.483754
v 1.124434 0.619850 1.483754
v 1.124434 0.609377 1.483754
v -1.124434 0.609377 1.483754
v -1.124434 0.619850 1.483754
v -1.124434 0.619850 -1.483754
v -1.124434 0.609377 -1.483754
v 1.124434 0.609377 -1.483754
v 1.124434 0.619850 -1.483754
v -1.124434 0.099869 -1.490535
v -1.010935 0.099869 -1.490535
v 1.124434 0.099869 1.490535
v 1.010934 0.099869 1.490535
v 1.010934 0.785277 1.490535
v 1.124434 0.785277 1.490535
v -1.010935 0.785277 -1.490535
v -1.124434 0.785277 -1.490535
v -1.124434 0.619850 -1.490535
v -1.010935 0.619850 -1.490535
v -1.010935 0.609377 -1.490535
v -1.124434 0.609377 -1.490535
v 1.124434 0.619850 1.490535
v 1.010934 0.619850 1.490535
v 1.010934 0.609377 1.490535
v 1.124434 0.609377 1.490535
v -1.010935 0.619850 1.490535
v -1.124434 0.619850 1.490535
v -1.124434 0.609377 1.490535
v -1.010935 0.609377 1.490535
v 1.010934 0.619850 -1.490535
v 1.124434 0.619850 -1.490535
v 1.124434 0.609377 -1.490535
v 1.010934 0.609377 -1.490535
v -1.124434 0.702563 -1.490535
v 1.067684 0.619850 1.490535
v -1.067684 0.785277 -1.490535
v 1.067684 0.785277 -1.490535
v -1.067684 0.619850 1.490535
v 1.067684 0.785277 1.490535
v -1.067684 0.785277 1.490535
v -1.010935 0.702563 -1.490535
v -1.067684 0.619850 -1.490535
v 1.067684 0.619850 -1.490535
v 1.010934 0.702563 -1.490535
v 1.124434 0.702563 -1.490535
v 1.124434 0.702563 1.490535
v 1.010934 0.702563 1.490535
v -1.010935 0.702563 1.490535
v -1.124434 0.702563 1.490535
v -1.067684 0.702563 -1.490535
v -1.067684 0.702563 1.490535
v 1.067684 0.702563 -1.490535
v 1.067684 0.702563 1.490535
v 1.061314 0.708934 1.490535
v 1.061314 0.778906 1.490535
v 1.017305 0.778906 1.490535
v 1.017305 0.708934 1.490535
v 1.074055 0.708934 -1.490535
v 1.074055 0.778906 -1.490535
v 1.118064 0.778906 -1.490535
v 1.118064 0.708934 -1.490535
v -1.074055 0.708934 1.490535
v -1.074055 0.778906 1.490535
v -1.118064 0.778906 1.490535
v -1.118064 0.708934 1.490535
v -1.061314 0.708934 -1.490535
v -1.061314 0.778906 -1.490535
v -1.017305 0.778906 -1.490535
v -1.017305 0.708934 -1.490535
v -1.061314 0.626221 -1.490535
v -1.061314 0.696193 -1.490535
v -1.017305 0.696193 -1.490535
v -1.017305 0.626221 -1.490535
v -1.118064 0.626221 -1.490535
v -1.118064 0.696193 -1.490535
v -1.074055 0.696193 -1.490535
v -1.074055 0.626221 -1.490535
v -1.118064 0.708934 -1.490535
v -1.118064 0.778906 -1.490535
v -1.074055 0.778906 -1.490535
v -1.074055 0.708934 -1.490535
v -1.074055 0.626221 1.490535
v -1.074055 0.696193 1.490535
v -1.118064 0.696193 1.490535
v -1.118064 0.626221 1.490535
v -1.017305 0.626221 1.490535
v -1.017305 0.696193 1.490535
v -1.061314 0.696193 1.490535
v -1.061314 0.626221 1.490535
v -1.017305 0.708934 1.490535
v -1.017305 0.778906 1.490535
v -1.061314 0.778906 1.490535
v -1.061314 0.708934 1.490535
v 1.074055 0.626221 -1.490535
v 1.074055 0.696193 -1.490535
v 1.118064 0.696193 -1.490535
v 1.118064 0.626221 -1.490535
v 1.017305 0.626221 -1.490535
v 1.017305 0.696193 -1.490535
v 1.061314 0.696193 -1.490535
v 1.061314 0.626221 -1.490535
v 1.017305 0.708934 -1.490535
v 1.017305 0.778906 -1.490535
v 1.061314 0.778906 -1.490535
v 1.061314 0.708934 -1.490535
v 1.061314 0.626221 1.490535
v 1.061314 0.696193 1.490535
v 1.017305 0.696193 1.490535
v 1.017305 0.626221 1.490535
v 1.118064 0.626221 1.490535
v 1.118064 0.696193 1.490535
v 1.074055 0.696193 1.490535
v 1.074055 0.626221 1.490535
v 1.118064 0.708934 1.490535
v 1.118064 0.778906 1.490535
v 1.074055 0.778906 1.490535
v 1.074055 0.708934 1.490535
v 1.061314 0.778906 1.487901
v 1.061314 0.708934 1.487901
v 1.017305 0.708934 1.487901
v 1.017305 0.778906 1.487901
v 1.074055 0.778906 -1.487901
v 1.074055 0.708934 -1.487901
v 1.118064 0.708934 -1.487901
v 1.118064 0.778906 -1.487901
v -1.074055 0.778906 1.487901
v -1.074055 0.708934 1.487901
v -1.118064 0.708934 1.487901
v -1.118064 0.778906 1.487901
v -1.061314 0.778906 -1.487901
v -1.061314 0.708934 -1.487901
v -1.017305 0.708934 -1.487901
v -1.017305 0.778906 -1.487901
v -1.061314 0.696193 -1.487901
v -1.061314 0.626221 -1.487901
v -1.017305 0.626221 -1.487901
v -1.017305 0.696193 -1.487901
v -1.118064 0.626221 -1.487901
v -1.118064 0.696193 -1.487901
v -1.074055 0.626221 -1.487901
v -1.074055 0.696193 -1.487901
v -1.118064 0.708934 -1.487901
v -1.118064 0.778906 -1.487901
v -1.074055 0.708934 -1.487901
v -1.074055 0.778906 -1.487901
v -1.074055 0.696193 1.487901
v -1.074055 0.626221 1.487901
v -1.118064 0.626221 1.487901
v -1.118064 0.696193 1.487901
v -1.017305 0.696193 1.487901
v -1.017305 0.626221 1.487901
v -1.061314 0.626221 1.487901
v -1.061314 0.696193 1.487901
v -1.017305 0.778906 1.487901
v -1.017305 0.708934 1.487901
v -1.061314 0.708934 1.487901
v -1.061314 0.778906 1.487901
v 1.074055 0.696193 -1.487901
v 1.074055 0.626221 -1.487901
v 1.118064 0.626221 -1.487901
v 1.118064 0.696193 -1.487901
v 1.017305 0.696193 -1.487901
v 1.017305 0.626221 -1.487901
v 1.061314 0.626221 -1.487901
v 1.061314 0.696193 -1.487901
v 1.017305 0.778906 -1.487901
v 1.017305 0.708934 -1.487901
v 1.061314 0.708934 -1.487901
v 1.061314 0.778906 -1.487901
v 1.061314 0.696193 1.487901
v 1.061314 0.626221 1.487901
v 1.017305 0.626221 1.487901
v 1.017305 0.696193 1.487901
v 1.118064 0.626221 1.487901
v 1.118064 0.696193 1.487901
v 1.074055 0.626221 1.487901
v 1.074055 0.696193 1.487901
v 1.118064 0.708934 1.487901
v 1.118064 0.778906 1.487901
v 1.074055 0.708934 1.487901
v 1.074055 0.778906 1.487901
v 0.500000 0.074304 -1.490049
v -0.500000 0.074304 1.490049
v -0.500000 0.810842 1.490049
v 0.500000 0.810842 -1.490049
v -0.501203 0.052255 1.490049
v -0.519025 0.093349 1.490049
v -0.519025 0.791817 1.490049
v -0.958291 0.791817 1.490049
v -0.958291 0.093349 1.490049
v 0.519025 0.093349 -1.490049
v 0.519025 0.791817 -1.490049
v 0.958291 0.791817 -1.490049
v 0.958291 0.093349 -1.490049
v -0.519025 0.791817 1.483340
v -0.519025 0.093349 1.483340
v -0.958291 0.093349 1.483340
v -0.958291 0.791817 1.483340
v 0.519025 0.791817 -1.483340
v 0.519025 0.093349 -1.483340
v 0.958291 0.093349 -1.483340
v 0.958291 0.791817 -1.483340
v -0.524392 0.098715 1.483340
v -0.524392 0.786450 1.483340
v -0.952924 0.786450 1.483340
v -0.952924 0.098715 1.483340
v 0.524392 0.098715 -1.483340
v 0.524392 0.786450 -1.483340
v 0.952924 0.786450 -1.483340
v 0.952924 0.098715 -1.483340
v -0.524392 0.786450 1.500192
v -0.524392 0.098715 1.500192
v -0.952924 0.098715 1.500192
v -0.952924 0.786450 1.500192
v 0.524392 0.786450 -1.500192
v 0.524392 0.098715 -1.500192
v 0.952924 0.098715 -1.500192
v 0.952924 0.786450 -1.500192
v -0.537353 0.111676 1.500192
v -0.537353 0.773489 1.500192
v -0.939963 0.773489 1.500192
v -0.939963 0.111676 1.500192
v 0.537353 0.111676 -1.500192
v 0.537353 0.773489 -1.500192
v 0.939963 0.773489 -1.500192
v 0.939963 0.111676 -1.500192
v -0.537353 0.773489 1.495655
v -0.537353 0.111676 1.495655
v -0.939963 0.111676 1.495655
v -0.939963 0.773489 1.495655
v 0.537353 0.773489 -1.495655
v 0.537353 0.111676 -1.495655
v 0.939963 0.111676 -1.495655
v 0.939963 0.773489 -1.495655
v -0.544821 0.119145 1.495655
v -0.544821 0.766021 1.495655
v -0.932495 0.766021 1.495655
v -0.932495 0.119145 1.495655
v 0.544821 0.119145 -1.495655
v 0.544821 0.766021 -1.495655
v 0.932495 0.766021 -1.495655
v 0.932495 0.119145 -1.495655
v -0.544821 0.766021 1.491669
v -0.544821 0.119145 1.491669
v -0.932495 0.119145 1.491669
v -0.932495 0.766021 1.491669
v 0.544821 0.766021 -1.491669
v 0.544821 0.119145 -1.491669
v 0.932495 0.119145 -1.491669
v 0.932495 0.766021 -1.491669
v 0.961655 0.089965 1.490049
v 0.961655 0.795181 1.490049
v -0.961655 0.089965 -1.462665
v -0.961655 0.795181 -1.462665
v 0.484339 0.089965 -1.462665
v 0.484339 0.795181 -1.462665
v -0.484339 0.089965 1.462665
v 0.484339 0.795181 -1.490049
v -0.484339 0.795181 1.462665
v 0.484339 0.089965 -1.490049
v -0.484339 0.089965 1.490049
v -0.484339 0.795181 1.490049
v -0.961655 0.795181 -1.490049
v -0.961655 0.089965 -1.490049
v 0.961655 0.089965 1.462665
v 0.961655 0.795181 1.462665
v -0.948086 0.103533 -1.462665
v -0.948086 0.781613 -1.462665
v 0.470770 0.781613 -1.462665
v 0.470770 0.103533 -1.462665
v 0.948086 0.103533 1.462665
v 0.948086 0.781613 1.462665
v -0.470770 0.781613 1.462665
v -0.470770 0.103533 1.462665
v 0.470770 0.581166 -1.462665
v 0.470770 0.600379 -1.462665
v 0.948086 0.679966 1.462665
v -0.470770 0.205180 1.462665
v -0.470770 0.284767 1.462665
v -0.948086 0.402779 -1.462665
v 0.948086 0.402779 1.462665
v -0.948086 0.482367 -1.462665
v -0.948086 0.284767 -1.462665
v -0.948086 0.205180 -1.462665
v 0.948086 0.205180 1.462665
v -0.470770 0.106380 1.462665
v -0.948086 0.581166 -1.462665
v 0.948086 0.581166 1.462665
v 0.948086 0.501579 1.462665
v -0.470770 0.581166 1.462665
v 0.470770 0.303980 -1.462665
v -0.948086 0.699178 -1.462665
v 0.470770 0.778766 -1.462665
v -0.470770 0.699178 1.462665
v 0.948086 0.106380 1.462665
v -0.948086 0.106380 -1.462665
v -0.948086 0.185967 -1.462665
v 0.470770 0.185967 -1.462665
v -0.948086 0.303980 -1.462665
v 0.470770 0.383567 -1.462665
v 0.948086 0.383567 1.462665
v -0.948086 0.778766 -1.462665
v -0.470770 0.383567 1.462665
v -0.948086 0.383567 -1.462665
v 0.948086 0.185967 1.462665
v -0.948086 0.600379 -1.462665
v -0.948086 0.679966 -1.462665
v 0.470770 0.501579 -1.462665
v 0.948086 0.482367 1.462665
v -0.470770 0.185967 1.462665
v 0.470770 0.402779 -1.462665
v 0.470770 0.482367 -1.462665
v -0.470770 0.482367 1.462665
v -0.470770 0.402779 1.462665
v 0.470770 0.284767 -1.462665
v 0.470770 0.205180 -1.462665
v 0.948086 0.284767 1.462665
v -0.470770 0.679966 1.462665
v -0.470770 0.600379 1.462665
v 0.948086 0.600379 1.462665
v -0.948086 0.501579 -1.462665
v -0.470770 0.501579 1.462665
v -0.470770 0.303980 1.462665
v 0.948086 0.303980 1.462665
v 0.948086 0.699178 1.462665
v 0.948086 0.778766 1.462665
v -0.470770 0.778766 1.462665
v 0.470770 0.699178 -1.462665
v 0.470770 0.679966 -1.462665
v 0.470770 0.106380 -1.462665
v 0.948086 0.383567 1.468015
v -0.470770 0.383567 1.468015
v -0.948086 0.303980 -1.488852
v -0.948086 0.383567 -1.468015
v -0.948086 0.185967 -1.468015
v 0.470770 0.185967 -1.468015
v 0.948086 0.106380 1.488852
v 0.948086 0.185967 1.468015
v -0.948086 0.600379 -1.488852
v -0.948086 0.679966 -1.468015
v 0.470770 0.581166 -1.468015
v 0.470770 0.501579 -1.488852
v 0.470770 0.383567 -1.468015
v -0.948086 0.106380 -1.488852
v 0.948086 0.402779 1.488852
v 0.948086 0.482367 1.468015
v -0.470770 0.185967 1.468015
v 0.470770 0.600379 -1.488852
v -0.470770 0.284767 1.468015
v -0.470770 0.205180 1.488852
v 0.470770 0.402779 -1.488852
v -0.948086 0.402779 -1.488852
v 0.470770 0.482367 -1.468015
v -0.470770 0.482367 1.468015
v -0.470770 0.402779 1.488852
v -0.948086 0.205180 -1.488852
v -0.948086 0.284767 -1.468015
v 0.470770 0.284767 -1.468015
v 0.470770 0.205180 -1.488852
v 0.948086 0.205180 1.488852
v 0.948086 0.284767 1.468015
v -0.470770 0.679966 1.468015
v -0.470770 0.600379 1.488852
v 0.948086 0.600379 1.488852
v -0.948086 0.501579 -1.488852
v -0.948086 0.581166 -1.468015
v 0.948086 0.501579 1.488852
v 0.948086 0.581166 1.468015
v -0.470770 0.581166 1.468015
v -0.470770 0.501579 1.488852
v -0.470770 0.303980 1.488852
v 0.948086 0.303980 1.488852
v 0.948086 0.699178 1.488852
v 0.948086 0.778766 1.468015
v -0.470770 0.778766 1.468015
v -0.470770 0.699178 1.488852
v 0.470770 0.778766 -1.468015
v 0.470770 0.699178 -1.488852
v -0.948086 0.699178 -1.488852
v 0.470770 0.303980 -1.488852
v -0.470770 0.106380 1.488852
v 0.470770 0.679966 -1.468015
v 0.948086 0.679966 1.468015
v 0.470770 0.106380 -1.488852
v -0.948086 0.482367 -1.468015
v -0.948086 0.778766 -1.468015
v -1.029200 0.118135 1.490535
v -1.029200 0.591112 1.490535
v -1.106169 0.591112 1.490535
v -1.106169 0.118135 1.490535
v 1.029200 0.118135 -1.490535
v 1.029200 0.591112 -1.490535
v 1.106169 0.591112 -1.490535
v 1.106169 0.118135 -1.490535
v -1.029200 0.591112 1.484497
v -1.029200 0.118135 1.484497
v -1.106169 0.118135 1.484497
v -1.106169 0.591112 1.484497
v 1.029200 0.591112 -1.484497
v 1.029200 0.118135 -1.484497
v 1.106169 0.118135 -1.484497
v 1.106169 0.591112 -1.484497
v 0.500002 0.074304 -1.481623
v -0.503990 0.066251 1.481623
v -1.490049 0.074304 -0.779575
v -1.490049 0.074304 -1.300000
v 1.490049 0.074304 0.779575
v 1.490049 0.074304 1.300000
v -1.490049 0.810842 -1.300000
v -1.490049 0.810842 -0.779575
v 1.490049 0.810842 1.300000
v 1.490049 0.810842 0.779575
v -1.490049 0.074304 1.300000
v -1.490049 0.074304 0.779575
v 1.490049 0.074304 -1.300000
v 1.490049 0.074304 -0.779575
v -1.490049 0.810842 0.779575
v -1.490049 0.810842 1.300000
v 1.490049 0.810842 -0.779575
v 1.490049 0.810842 -1.300000
v -1.481619 0.114848 -0.820120
v -1.484498 0.116809 -1.244704
v 1.481619 0.114848 0.820120
v 1.484498 0.116809 1.244704
v -1.490049 0.776485 -1.265643
v -1.484498 0.755546 -0.822081
v 1.490049 0.776485 1.265643
v 1.484498 0.755546 0.822081
v -1.484498 0.116809 1.244704
v -1.481619 0.114848 0.820120
v 1.484498 0.116809 -1.244704
v 1.481619 0.114848 -0.820120
v -1.484498 0.755546 0.822081
v -1.490049 0.776485 1.265643
v 1.484498 0.755546 -0.822081
v 1.490049 0.776485 -1.265643
v -1.490049 0.108661 -0.813933
v -1.490049 0.108661 -1.265643
v 1.490049 0.108661 0.813933
v 1.490049 0.108661 1.265643
v -1.490049 0.108661 1.265643
v -1.490049 0.108661 0.813933
v 1.490049 0.108661 -1.265643
v 1.490049 0.108661 -0.813933
v 1.490049 0.776485 -0.813933
v 1.490049 0.776485 0.813933
v -1.490049 0.776485 0.813933
v -1.490049 0.776485 -0.813933
v -1.462625 0.148915 -0.854187
v -1.462625 0.148915 -1.225389
v 1.462625 0.148915 0.854187
v 1.462625 0.148915 1.225389
v -1.462625 0.148915 1.225389
v -1.462625 0.148915 0.854187
v 1.462625 0.148915 -1.225389
v 1.462625 0.148915 -0.854187
v 1.462625 0.736231 -0.854187
v 1.462625 0.736231 0.854187
v -1.462625 0.736231 0.854187
v -1.462625 0.736231 -0.854187
v -1.478551 0.114053 -0.819324
v -1.467987 0.141933 -0.847204
v 1.478551 0.114053 0.819324
v 1.467987 0.141933 0.847204
v -1.467987 0.141933 0.847204
v -1.478551 0.114053 0.819324
v 1.467987 0.141933 -0.847204
v 1.478551 0.114053 -0.819324
v -1.481597 0.115305 -1.244704
v 1.481597 0.115305 1.244704
v -1.481597 0.115305 1.244704
v 1.481597 0.115305 -1.244704
v 1.481597 0.755546 -0.820576
v 1.481597 0.755546 0.820576
v -1.481597 0.755546 0.820576
v -1.481597 0.755546 -0.820576
v -1.465275 0.139262 -1.220746
v 1.465275 0.139262 1.220746
v -1.465275 0.139262 1.220746
v 1.465275 0.139262 -1.220746
v 1.465275 0.731589 -0.844534
v 1.465275 0.731589 0.844534
v -1.465275 0.731589 0.844534
v -1.465275 0.731589 -0.844534
v 1.490049 0.074304 -0.770408
v 1.490049 0.074304 0.770408
v -1.490049 0.810842 -0.770408
v -1.490049 0.810842 0.770408
v -1.417717 0.110799 1.474194
v -1.417717 0.774347 1.474194
v -1.474194 0.774347 1.417717
v -1.474194 0.110799 1.417717
v 1.474194 0.774347 -1.417717
v 1.474194 0.110799 -1.417717
v 1.417717 0.110799 -1.474194
v 1.417717 0.774347 -1.474194
v -1.417717 0.774347 -1.474194
v -1.417717 0.110799 -1.474194
v -1.474194 0.110799 -1.417717
v -1.474194 0.774347 -1.417717
v 1.417717 0.774347 1.474194
v 1.417717 0.110799 1.474194
v 1.474194 0.110799 1.417717
v 1.474194 0.774347 1.417717
v -1.410498 0.774347 1.466975
v -1.410498 0.110799 1.466975
v -1.466975 0.110799 1.410498
v -1.466975 0.774347 1.410498
v 1.466975 0.110799 -1.410498
v 1.466975 0.774347 -1.410498
v 1.410498 0.774347 -1.466975
v 1.410498 0.110799 -1.466975
v -1.410498 0.110799 -1.466975
v -1.410498 0.774347 -1.466975
v -1.466975 0.774347 -1.410498
v -1.466975 0.110799 -1.410498
v 1.410498 0.110799 1.466975
v 1.410498 0.774347 1.466975
v 1.466975 0.774347 1.410498
v 1.466975 0.110799 1.410498
v -1.416113 0.118740 1.461360
v -1.416113 0.766406 1.461360
v -1.461360 0.766406 1.416113
v -1.461360 0.118740 1.416113
v 1.461360 0.766406 -1.416113
v 1.461360 0.118740 -1.416113
v 1.416113 0.118740 -1.461360
v 1.416113 0.766406 -1.461360
v -1.416113 0.766406 -1.461360
v -1.416113 0.118740 -1.461360
v -1.461360 0.118740 -1.416113
v -1.461360 0.766406 -1.416113
v 1.416113 0.766406 1.461360
v 1.416113 0.118740 1.461360
v 1.461360 0.118740 1.416113
v 1.461360 0.766406 1.416113
v -1.412364 0.766406 1.457610
v -1.412364 0.118740 1.457610
v -1.457610 0.118740 1.412364
v -1.457610 0.766406 1.412364
v 1.457610 0.118740 -1.412364
v 1.457610 0.766406 -1.412364
v 1.412364 0.766406 -1.457610
v 1.412364 0.118740 -1.457610
v -1.412364 0.118740 -1.457610
v -1.412364 0.766406 -1.457610
v -1.457610 0.766406 -1.412364
v -1.457610 0.118740 -1.412364
v 1.412364 0.118740 1.457610
v 1.412364 0.766406 1.457610
v 1.457610 0.766406 1.412364
v 1.457610 0.118740 1.412364
v 1.461176 0.111414 -0.213307
v 1.461176 0.111414 0.213307
v 1.461176 0.773732 0.213307
v 1.461176 0.773732 -0.213307
v -1.461176 0.773732 -0.213307
v -1.461176 0.111414 -0.213307
v -1.461176 0.773732 0.213307
v -1.461176 0.111414 0.213307
v 1.461176 0.128356 0.197042
v 1.461176 0.128356 -0.197042
v 1.461176 0.756790 -0.197042
v 1.461176 0.756790 0.197042
v -1.461176 0.756790 -0.197042
v -1.461176 0.128356 -0.197042
v -1.461176 0.128356 0.197042
v -1.461176 0.756790 0.197042
v 1.478492 0.128356 0.197042
v 1.478492 0.756790 0.197042
v -1.478492 0.756790 0.197042
v -1.478492 0.128356 0.197042
v 1.478492 0.168965 0.080080
v 1.478492 0.250192 0.158058
v 1.478492 0.250192 -0.158058
v 1.478492 0.168965 -0.080080
v 1.478492 0.128392 -0.197008
v 1.478492 0.716181 -0.080080
v 1.478492 0.634954 -0.158058
v 1.478492 0.756754 -0.197008
v 1.478492 0.634954 0.158058
v 1.478492 0.716181 0.080080
v -1.478492 0.634954 -0.158058
v -1.478492 0.716181 -0.080080
v -1.478492 0.756754 -0.197008
v -1.478492 0.168965 -0.080080
v -1.478492 0.250192 -0.158058
v -1.478492 0.128392 -0.197008
v -1.478492 0.250192 0.158058
v -1.478492 0.168965 0.080080
v -1.478492 0.716181 0.080080
v -1.478492 0.634954 0.158058
v 1.445944 0.168965 -0.080080
v 1.445944 0.250192 -0.158058
v 1.445944 0.250192 0.158058
v 1.445944 0.168965 0.080080
v 1.445944 0.716181 0.080080
v 1.445944 0.634954 0.158058
v 1.445944 0.634954 -0.158058
v 1.445944 0.716181 -0.080080
v -1.445944 0.716181 -0.080080
v -1.445944 0.634954 -0.158058
v -1.445944 0.250192 -0.158058
v -1.445944 0.168965 -0.080080
v -1.445944 0.634954 0.158058
v -1.445944 0.716181 0.080080
v -1.445944 0.168965 0.080080
v -1.445944 0.250192 0.158058
v 1.445944 0.257238 0.141730
v 1.445944 0.185973 0.073316
v 1.445944 0.185973 -0.073316
v 1.445944 0.257238 -0.141730
v 1.445944 0.627908 -0.141730
v 1.445944 0.699173 -0.073316
v 1.445944 0.699173 0.073316
v 1.445944 0.627908 0.141730
v -1.445944 0.699173 -0.073316
v -1.445944 0.627908 -0.141730
v -1.445944 0.257238 -0.141730
v -1.445944 0.185973 -0.073316
v -1.445944 0.185973 0.073316
v -1.445944 0.257238 0.141730
v -1.445944 0.627908 0.141730
v -1.445944 0.699173 0.073316
v 1.437412 0.185973 0.073316
v 1.437412 0.257238 0.141730
v 1.437412 0.627908 0.141730
v 1.437412 0.185973 -0.073316
v 1.437412 0.257238 -0.141730
v 1.437412 0.627908 -0.141730
v 1.437412 0.699173 -0.073316
v 1.437412 0.699173 0.073316
v -1.437412 0.627908 -0.141730
v -1.437412 0.699173 -0.073316
v -1.437412 0.699173 0.073316
v -1.437412 0.257238 -0.141730
v -1.437412 0.185973 -0.073316
v -1.437412 0.185973 0.073316
v -1.437412 0.257238 0.141730
v -1.437412 0.627908 0.141730
v 1.472954 0.111414 0.213307
v 1.490049 0.094319 0.229719
v 1.490049 0.094319 -0.229718
v 1.472954 0.111414 -0.213307
v 1.490049 0.790827 -0.229718
v 1.472954 0.773732 -0.213307
v 1.472954 0.773732 0.213307
v 1.490049 0.790827 0.229719
v -1.472954 0.773732 -0.213307
v -1.490049 0.790827 -0.229718
v -1.490049 0.094319 -0.229718
v -1.472954 0.111414 -0.213307
v -1.490049 0.094319 0.229719
v -1.472954 0.111414 0.213307
v -1.472954 0.773732 0.213307
v -1.490049 0.790827 0.229719
v -1.130858 1.231893 -0.999823
v -1.130858 1.231893 0.999823
v -1.193091 1.175569 -0.999823
v -1.110606 1.187642 -1.032780
v 1.130858 1.231893 -0.999823
v 1.193090 1.175569 -0.999823
v 1.130858 1.231893 0.999823
v 1.110606 1.187642 -1.032780
v 1.144198 1.157240 -1.032780
v 1.101670 1.168118 -1.032780
v 1.127138 1.145068 -1.032780
v -1.101670 1.168118 -1.032780
v 1.101670 1.168118 -1.027641
v -1.101670 1.168118 -1.027641
v 1.127138 1.145068 -1.027641
v 1.141466 1.123907 -1.027641
v 1.141466 1.123907 -1.032780
v -1.141466 1.123907 -1.027641
v -1.141466 1.123907 -1.032780
v -1.127138 1.145068 -1.027641
v -1.127138 1.145068 -1.032780
v -1.144198 1.157240 -1.032780
v -1.179988 1.104383 -1.032780
v -1.193091 1.104383 -0.999823
v -1.193091 1.104383 -1.032780
v 1.179988 1.104383 -1.032780
v 1.193090 1.104383 -1.032780
v 1.193090 1.104383 -0.999823
v 1.193090 1.128846 -0.981603
v 1.193091 1.104383 0.999823
v 1.193091 1.104383 1.032780
v 1.179988 1.104383 1.032780
v 1.193091 1.175569 0.999823
v 1.193091 1.128846 0.981603
v 1.193091 1.151107 0.981603
v 1.190818 1.128846 0.981603
v 1.190818 1.151107 0.981603
v 1.190818 1.128846 -0.981603
v 1.190818 1.132813 0.978648
v 1.189546 1.132813 0.978648
v 1.190818 1.132813 -0.978648
v 1.190818 1.147139 0.978648
v 1.190818 1.147139 -0.978648
v 1.189546 1.147139 0.978648
v 1.189546 1.147139 -0.978648
v 1.189546 1.132813 -0.978648
v 1.190818 1.151107 -0.981603
v 1.193090 1.151107 -0.981603
v 1.144198 1.157240 1.032780
v 1.110606 1.187642 1.032780
v 1.127138 1.145068 1.032780
v 1.101670 1.168118 1.032780
v 1.141466 1.123907 1.032780
v 1.127138 1.145068 1.027641
v 1.141466 1.123907 1.027641
v 1.101670 1.168118 1.027641
v -1.101670 1.168118 1.027641
v -1.101670 1.168118 1.032780
v -1.127138 1.145068 1.027641
v -1.127138 1.145068 1.032780
v -1.141466 1.123907 1.027641
v -1.141466 1.123907 1.032780
v -1.179988 1.104383 1.032780
v -1.193091 1.104383 1.032780
v -1.193091 1.104383 0.999823
v -1.144198 1.157240 1.032780
v -1.193091 1.175569 0.999823
v -1.110606 1.187642 1.032780
v -1.193091 1.151107 0.981603
v -1.193091 1.128846 0.981603
v -1.193091 1.151107 -0.981603
v -1.190819 1.151107 0.981603
v -1.190819 1.151107 -0.981603
v -1.190819 1.128846 0.981603
v -1.190819 1.147139 0.978648
v -1.190819 1.132813 0.978648
v -1.190819 1.147139 -0.978648
v -1.189546 1.147139 0.978648
v -1.189546 1.132813 0.978648
v -1.189546 1.147139 -0.978648
v -1.189546 1.132813 -0.978648
v -1.190819 1.132813 -0.978648
v -1.190819 1.128846 -0.981603
v -1.193091 1.128846 -0.981603
v -1.193091 1.104383 -1.057668
v -1.193091 1.104383 1.057669
v -1.240690 1.104383 1.057669
v 1.193091 1.104383 1.057669
v 1.193090 1.104383 -1.057668
v 1.240690 1.104383 1.057669
v 1.240690 1.104383 -1.057668
v 1.282138 1.066870 1.057669
v 1.237420 1.097239 1.057669
v 1.274244 1.063911 1.057669
v -1.237420 1.097239 1.057669
v 1.237420 1.097239 1.066368
v 1.240690 1.104383 1.066368
v 1.274244 1.063911 1.066368
v -1.237420 1.097239 1.066368
v -1.240690 1.104383 1.066368
v -1.274244 1.063911 1.066368
v -1.274244 1.063911 1.057669
v -1.273594 0.952972 1.066368
v -1.282138 1.066870 1.066368
v -1.282138 1.066870 1.275774
v -1.282138 0.952972 1.066368
v -1.282138 0.952972 1.275774
v -1.209111 0.952972 1.325000
v -1.274244 0.952972 1.273570
v -1.205841 0.952972 1.319679
v -1.274244 0.941292 1.273570
v -1.205841 0.941292 1.319679
v -1.273594 0.941292 1.062018
v -1.282138 0.924895 1.275774
v -1.282138 0.848322 1.275774
v -1.282138 0.924895 1.062018
v -1.209111 0.924895 1.325000
v -1.209111 0.848322 1.325000
v -1.012414 0.924895 1.325000
v -1.005334 0.924895 1.307212
v -1.012414 0.848322 1.325000
v -1.017615 0.941292 1.320430
v -1.010534 0.941292 1.302642
v -1.017615 0.952972 1.320430
v -1.012414 0.952972 1.325000
v -1.010534 0.952972 1.302642
v -1.005334 0.952972 1.307212
v 1.010534 0.952972 1.302642
v 1.005334 0.952972 1.307212
v 1.017615 0.952972 1.320430
v 1.010534 0.941292 1.302642
v 1.005334 0.924895 1.307212
v 1.017615 0.941292 1.320430
v 1.012414 0.924895 1.325000
v 1.205841 0.941292 1.319679
v 1.209111 0.924895 1.325000
v 1.205841 0.952972 1.319679
v 1.274244 0.941292 1.273570
v 1.282138 0.924895 1.275774
v 1.273594 0.941292 1.062018
v 1.274244 0.952972 1.273570
v 1.282138 0.952972 1.275774
v 1.273594 0.952972 1.066368
v 1.282138 0.952972 1.066368
v 1.273594 0.952972 1.057669
v 1.282138 0.952972 1.057669
v 1.273594 0.952972 -1.057668
v 1.273594 0.952972 -1.066368
v 1.273594 0.941292 -1.062018
v 1.274244 1.063911 -1.057668
v 1.282138 0.952972 -1.057668
v 1.282138 1.066870 -1.057668
v 1.237420 1.097239 -1.057668
v 1.274244 1.063911 -1.066368
v 1.282138 1.066870 -1.066368
v 1.237420 1.097239 -1.066368
v -1.237420 1.097239 -1.066368
v 1.240690 1.104383 -1.066368
v 1.240690 1.104383 -1.264201
v -1.240690 1.104383 -1.066368
v 1.199108 1.104383 -1.094398
v 1.233972 1.104383 -1.077301
v 1.233972 1.102532 -1.077301
v 1.233972 1.104383 -1.262325
v 1.205826 1.104383 -1.096273
v 1.205826 1.102532 -1.096273
v 1.205826 1.104383 -1.254467
v 1.199108 1.104383 -1.252591
v 1.182115 1.104383 -1.270450
v 1.205826 1.102532 -1.254467
v 1.233972 1.102532 -1.262325
v 1.182115 1.102532 -1.270450
v 1.193761 1.102532 -1.289430
v 1.039428 1.102532 -1.270354
v 1.017619 1.102532 -1.289312
v 1.032341 1.102532 -1.251847
v 1.039428 1.104383 -1.270354
v 1.044633 1.104383 -1.265829
v 1.032341 1.104383 -1.251847
v 1.037544 1.104383 -1.247319
v -1.032341 1.104383 -1.251847
v -1.037544 1.104383 -1.247319
v -1.039428 1.104383 -1.270354
v -1.032341 1.102532 -1.251847
v -1.010538 1.102532 -1.270820
v -1.039428 1.102532 -1.270354
v -1.017620 1.102532 -1.289312
v -1.182115 1.102532 -1.270450
v -1.182115 1.104383 -1.270450
v -1.205826 1.102532 -1.254467
v -1.193762 1.102532 -1.289430
v -1.193762 1.104383 -1.289430
v -1.233972 1.102532 -1.262325
v -1.233972 1.104383 -1.262325
v -1.233972 1.102532 -1.077301
v -1.233972 1.104383 -1.077301
v -1.205826 1.102532 -1.096273
v -1.205826 1.104383 -1.096273
v -1.205826 1.104383 -1.254467
v -1.199108 1.104383 -1.094398
v -1.155388 1.130751 -1.119476
v -1.199108 1.104383 -1.252591
v -1.179335 1.104383 -1.265920
v -1.155388 1.130751 -1.228302
v -1.137781 1.130751 -1.237472
v -1.017835 1.130751 -1.237409
v -1.011523 1.130751 -1.224676
v -1.044633 1.104383 -1.265829
v 1.011523 1.130751 -1.224676
v 1.017835 1.130751 -1.237409
v 1.137781 1.130751 -1.237472
v 1.155388 1.130751 -1.228302
v 1.179335 1.104383 -1.265920
v 1.155388 1.130751 -1.119476
v -1.240690 1.104383 -1.264201
v -1.282138 1.066870 -1.275774
v -1.196542 1.104383 -1.293961
v -1.209111 1.066870 -1.325000
v -1.012414 1.104383 -1.293837
v -1.012414 1.066870 -1.325000
v -1.005334 1.104383 -1.275349
v -1.017620 1.104383 -1.289312
v -1.010538 1.104383 -1.270820
v 1.010538 1.104383 -1.270820
v 1.017619 1.104383 -1.289312
v 1.010538 1.102532 -1.270820
v 1.005334 1.104383 -1.275349
v 1.005334 1.066870 -1.307212
v 1.012414 1.104383 -1.293837
v 1.012414 1.066870 -1.325000
v 1.196541 1.104383 -1.293961
v 1.209111 1.066870 -1.325000
v 1.193761 1.104383 -1.289430
v 1.209111 0.952972 -1.325000
v 1.282138 1.066870 -1.275774
v 1.282138 0.952972 -1.275774
v 1.282138 0.952972 -1.066368
v 1.274244 0.952972 -1.273570
v 1.205841 0.952972 -1.319679
v 1.274244 0.941292 -1.273570
v 1.282138 0.924895 -1.275774
v 1.205841 0.941292 -1.319679
v 1.209111 0.924895 -1.325000
v 1.017615 0.941292 -1.320430
v 1.012414 0.924895 -1.325000
v 1.010534 0.941292 -1.302642
v 1.017615 0.952972 -1.320430
v 1.012414 0.952972 -1.325000
v 1.010534 0.952972 -1.302642
v 1.005334 0.952972 -1.307212
v -1.010534 0.952972 -1.302642
v -1.010534 0.941292 -1.302642
v -1.017615 0.952972 -1.320430
v -1.005334 0.952972 -1.307212
v -1.012415 0.952972 -1.325000
v -1.005334 1.066870 -1.307212
v -1.209111 0.952972 -1.325000
v -1.282138 0.952972 -1.275774
v -1.205841 0.952972 -1.319679
v -1.274244 0.952972 -1.273570
v -1.205841 0.941292 -1.319679
v -1.209111 0.924895 -1.325000
v -1.274244 0.941292 -1.273570
v -1.017615 0.941292 -1.320430
v -1.012415 0.924895 -1.325000
v -1.012415 0.848322 -1.325000
v -1.005334 0.924895 -1.307212
v -1.005334 0.848322 -1.307212
v 1.005334 0.924895 -1.307212
v -0.984432 0.898262 -1.307212
v -0.984432 0.874955 -1.307212
v 0.984432 0.898262 -1.307212
v -0.984432 0.898262 -1.305162
v 0.984432 0.898262 -1.305162
v -0.984432 0.874955 -1.305162
v -0.981244 0.895378 -1.305162
v -0.981244 0.877840 -1.305162
v 0.981244 0.895378 -1.305162
v -0.981244 0.895378 -1.303932
v -0.981244 0.877840 -1.303932
v 0.981244 0.895378 -1.303932
v 0.981244 0.877840 -1.303932
v 0.981244 0.877840 -1.305162
v 0.984432 0.874955 -1.305162
v 0.984432 0.874955 -1.307212
v 1.005334 0.848322 -1.307212
v 1.005334 0.848322 -1.032780
v 1.012414 0.848322 -1.325000
v 1.209111 0.848322 -1.325000
v 1.012414 0.848322 -1.032780
v 1.012414 0.848322 1.032780
v 1.282138 0.848322 -1.062018
v 1.282138 0.848322 -1.275774
v 1.282138 0.924895 -1.062018
v 1.282138 0.848322 1.062018
v 1.282138 0.848322 1.275774
v 1.282138 0.924895 1.062018
v 1.209111 0.848322 1.325000
v 1.012414 0.848322 1.325000
v 1.005334 0.848322 1.307212
v 1.005334 0.848322 1.032780
v -1.005334 0.848322 1.307212
v 0.984432 0.874955 1.307212
v 0.984432 0.898262 1.307212
v -0.984432 0.874955 1.307212
v 0.984432 0.874955 1.305162
v 0.984432 0.898262 1.305162
v -0.984432 0.874955 1.305162
v 0.981244 0.877840 1.305162
v -0.981244 0.877840 1.305162
v 0.981244 0.877840 1.303933
v 0.981244 0.895378 1.305162
v -0.981244 0.895378 1.305162
v 0.981244 0.895378 1.303933
v -0.981244 0.895378 1.303933
v -0.981244 0.877840 1.303933
v -0.984432 0.898262 1.305162
v -0.984432 0.898262 1.307212
v -1.005334 0.848322 1.032780
v -1.012414 0.848322 1.032780
v -1.005334 0.848322 -1.032780
v -1.012414 0.848322 -1.032780
v -1.282138 0.848322 -1.062018
v -1.282138 0.848322 1.062018
v -1.282138 0.848322 -1.275774
v -1.282138 0.924895 -1.062018
v -1.282138 0.924895 -1.275774
v -1.273594 0.941292 -1.062018
v -1.273594 0.952972 -1.057668
v -1.273594 0.952972 -1.066368
v -1.274244 1.063911 -1.066368
v -1.282138 0.952972 -1.066368
v -1.282138 1.066870 -1.066368
v -1.274244 1.063911 -1.057668
v -1.282138 1.066870 -1.057668
v -1.237420 1.097239 -1.057668
v -1.240690 1.104383 -1.057668
v -1.282138 1.066870 1.057669
v -1.282138 0.952972 -1.057668
v -1.282138 0.952972 1.057669
v -1.273594 0.952972 1.057669
v -1.209111 0.848322 -1.325000
v 1.282138 1.066870 1.066368
v 1.282138 1.066870 1.275774
v 1.209111 1.066870 1.325000
v 1.240690 1.104383 1.264201
v 1.196541 1.104383 1.293961
v 1.233972 1.104383 1.262326
v 1.193762 1.104383 1.289431
v 1.233972 1.104383 1.077301
v 1.233972 1.102532 1.262326
v 1.193762 1.102532 1.289431
v 1.205826 1.102532 1.254467
v 1.233972 1.102532 1.077301
v 1.205826 1.102532 1.096273
v 1.205826 1.104383 1.096273
v 1.205826 1.104383 1.254467
v 1.199108 1.104383 1.094398
v -1.199108 1.104383 1.094398
v 1.155388 1.130751 1.119476
v 1.199108 1.104383 1.252591
v 1.179335 1.104383 1.265920
v 1.155388 1.130751 1.228303
v 1.137781 1.130751 1.237472
v 1.017835 1.130751 1.237410
v 1.011523 1.130751 1.224676
v 1.044633 1.104383 1.265829
v 1.037544 1.104383 1.247319
v 1.039428 1.104383 1.270354
v 1.182115 1.104383 1.270450
v 1.039428 1.102532 1.270354
v 1.032341 1.104383 1.251848
v 1.032341 1.102532 1.251848
v -1.032341 1.104383 1.251848
v -1.039428 1.104383 1.270354
v -1.037544 1.104383 1.247319
v -1.032341 1.102532 1.251848
v -1.010538 1.102532 1.270820
v -1.039428 1.102532 1.270354
v -1.017619 1.102532 1.289312
v -1.182115 1.102532 1.270450
v -1.193762 1.102532 1.289431
v -1.205826 1.102532 1.254467
v -1.182115 1.104383 1.270450
v -1.205826 1.104383 1.254467
v -1.179335 1.104383 1.265920
v -1.199108 1.104383 1.252591
v -1.137781 1.130751 1.237472
v -1.044633 1.104383 1.265829
v -1.017835 1.130751 1.237410
v -1.011523 1.130751 1.224676
v -1.155388 1.130751 1.228303
v -1.155388 1.130751 1.119476
v -1.205826 1.104383 1.096273
v -1.205826 1.102532 1.096273
v -1.233972 1.104383 1.077301
v -1.233972 1.102532 1.077301
v -1.233972 1.104383 1.262326
v -1.193762 1.104383 1.289431
v -1.240690 1.104383 1.264201
v -1.233972 1.102532 1.262326
v -1.196541 1.104383 1.293961
v -1.209111 1.066870 1.325000
v -1.012414 1.104383 1.293837
v -1.005334 1.104383 1.275349
v -1.012414 1.066870 1.325000
v -1.017619 1.104383 1.289312
v -1.010538 1.104383 1.270820
v 1.010538 1.104383 1.270820
v 1.017619 1.104383 1.289312
v 1.005334 1.104383 1.275349
v 1.010538 1.102532 1.270820
v 1.017619 1.102532 1.289312
v 1.012414 1.104383 1.293837
v 1.005334 1.066870 1.307212
v 1.012414 1.066870 1.325000
v -1.005334 1.066870 1.307212
v 1.012414 0.952972 1.325000
v 1.209111 0.952972 1.325000
v 1.182115 1.102532 1.270450
v 0.734317 1.232302 0.073362
v 0.730076 1.330832 0.089191
v 0.932320 1.232302 0.187680
v 0.920733 1.330832 0.199267
v 1.046638 1.232302 0.385683
v 1.030809 1.330832 0.389924
v 1.046638 1.232302 0.614317
v 1.030809 1.330832 0.610076
v 0.932320 1.232302 0.812320
v 0.920733 1.330832 0.800733
v 0.734317 1.232302 0.926638
v 0.730076 1.330832 0.910809
v 0.505683 1.232302 0.926638
v 0.509924 1.330832 0.910809
v 0.307680 1.232302 0.812320
v 0.319267 1.330832 0.800733
v 0.193362 1.232302 0.614317
v 0.209191 1.330832 0.610076
v 0.193362 1.232302 0.385683
v 0.209191 1.330832 0.389924
v 0.307680 1.232302 0.187680
v 0.319267 1.330832 0.199267
v 0.505683 1.232302 0.073362
v 0.509924 1.330832 0.089191
v 0.932320 1.330832 0.187680
v 0.734317 1.330832 0.073362
v 1.046638 1.330832 0.385683
v 1.046638 1.330832 0.614317
v 0.932320 1.330832 0.812320
v 0.734317 1.330832 0.926638
v 0.505683 1.330832 0.926638
v 0.307680 1.330832 0.812320
v 0.193362 1.330832 0.614317
v 0.193362 1.330832 0.385683
v 0.307680 1.330832 0.187680
v 0.505683 1.330832 0.073362
v 0.920733 1.344867 0.199267
v 0.730076 1.344867 0.089191
v 1.030809 1.344867 0.389924
v 1.030809 1.344867 0.610076
v 0.920733 1.344867 0.800733
v 0.730076 1.344867 0.910809
v 0.509924 1.344867 0.910809
v 0.319267 1.344867 0.800733
v 0.209191 1.344867 0.610076
v 0.209191 1.344867 0.389924
v 0.319267 1.344867 0.199267
v 0.509924 1.344867 0.089191
v 0.931300 1.368103 0.188700
v 0.733944 1.368103 0.074757
v 1.045243 1.368103 0.386056
v 1.045243 1.368103 0.613944
v 0.931300 1.368103 0.811300
v 0.733944 1.368103 0.925243
v 0.506056 1.368103 0.925243
v 0.308700 1.368103 0.811300
v 0.194757 1.368103 0.613944
v 0.194757 1.368103 0.386056
v 0.308700 1.368103 0.188700
v 0.506056 1.368103 0.074757
v 0.926976 1.413102 0.193024
v 0.732361 1.413102 0.080664
v 1.039336 1.413102 0.387639
v 1.039336 1.413102 0.612361
v 0.926976 1.413102 0.806976
v 0.732361 1.413102 0.919336
v 0.507639 1.413102 0.919336
v 0.313024 1.413102 0.806976
v 0.200664 1.413102 0.612361
v 0.200664 1.413102 0.387639
v 0.313024 1.413102 0.193024
v 0.507639 1.413102 0.080664
v 0.931300 1.389866 0.188700
v 0.733944 1.389866 0.074757
v 1.045243 1.389866 0.386056
v 1.045243 1.389866 0.613944
v 0.931300 1.389866 0.811300
v 0.733944 1.389866 0.925243
v 0.506056 1.389866 0.925243
v 0.308700 1.389866 0.811300
v 0.194757 1.389866 0.613944
v 0.194757 1.389866 0.386056
v 0.308700 1.389866 0.188700
v 0.506056 1.389866 0.074757
v 0.926976 2.393582 0.193024
v 0.732361 2.393582 0.080664
v 1.039336 2.393582 0.387639
v 1.039336 2.393582 0.612361
v 0.926976 2.393582 0.806976
v 0.732361 2.393582 0.919336
v 0.507639 2.393582 0.919336
v 0.313024 2.393582 0.806976
v 0.200664 2.393582 0.612361
v 0.200664 2.393582 0.387639
v 0.313024 2.393582 0.193024
v 0.507639 2.393582 0.080664
v 0.931193 2.393582 0.188807
v 0.733904 2.393582 0.074903
v 1.045097 2.393582 0.386095
v 1.045097 2.393582 0.613904
v 0.931193 2.393582 0.811193
v 0.733904 2.393582 0.925097
v 0.506096 2.393582 0.925097
v 0.308807 2.393582 0.811193
v 0.194903 2.393582 0.613904
v 0.194903 2.393582 0.386095
v 0.308807 2.393582 0.188807
v 0.506096 2.393582 0.074903
v 0.732564 2.460538 0.920095
v 0.732002 2.469816 0.917999
v 0.927531 2.460538 0.807531
v 0.925996 2.469816 0.805996
v 1.040095 2.460538 0.612564
v 1.037999 2.469816 0.612002
v 1.040095 2.460538 0.387436
v 1.037999 2.469816 0.387998
v 0.732002 2.469816 0.082001
v 0.732564 2.460538 0.079905
v 0.927531 2.460538 0.192469
v 0.925996 2.469816 0.194004
v 0.876604 2.623240 0.243396
v 0.713924 2.623240 0.149472
v 0.970528 2.623240 0.593924
v 0.713924 2.623240 0.850528
v 0.363396 2.623240 0.756604
v 0.269472 2.623240 0.406076
v 0.363396 2.623240 0.243396
v 0.526076 2.623240 0.149472
v 0.970528 2.623240 0.406076
v 0.876604 2.623240 0.756604
v 0.526076 2.623240 0.850528
v 0.269472 2.623240 0.593924
v 0.782114 2.728785 0.337886
v 0.679338 2.728785 0.278548
v 0.841452 2.728785 0.440662
v 0.841452 2.728785 0.559338
v 0.782114 2.728785 0.662114
v 0.679338 2.728785 0.721452
v 0.560662 2.728785 0.721452
v 0.457886 2.728785 0.662114
v 0.398548 2.728785 0.559338
v 0.398548 2.728785 0.440662
v 0.457886 2.728785 0.337886
v 0.560662 2.728785 0.278548
v 0.713167 2.760441 0.406833
v 0.654101 2.760441 0.372732
v 0.747268 2.760441 0.465899
v 0.747268 2.760441 0.534101
v 0.713167 2.760441 0.593167
v 0.654101 2.760441 0.627268
v 0.585899 2.760441 0.627268
v 0.526833 2.760441 0.593167
v 0.492732 2.760441 0.534101
v 0.492732 2.760441 0.465899
v 0.526833 2.760441 0.406833
v 0.585899 2.760441 0.372732
v 0.877902 1.448539 0.193691
v 0.756321 1.448539 0.123496
v 1.014222 1.448539 0.429805
v 1.014222 1.448539 0.570195
v 0.877902 1.448539 0.806309
v 0.756321 1.448539 0.876504
v 0.483679 1.448539 0.876504
v 0.362098 1.448539 0.806309
v 0.225778 1.448539 0.570195
v 0.225778 1.448539 0.429805
v 0.362098 1.448539 0.193691
v 0.483679 1.448539 0.123496
v 0.877902 2.358145 0.193691
v 0.756321 2.358145 0.123496
v 1.014222 2.358145 0.429805
v 1.014222 2.358145 0.570195
v 0.877902 2.358145 0.806309
v 0.756321 2.358145 0.876504
v 0.483679 2.358145 0.876504
v 0.362098 2.358145 0.806309
v 0.225778 2.358145 0.570195
v 0.225778 2.358145 0.429805
v 0.362098 2.358145 0.193691
v 0.483679 2.358145 0.123496
v 0.889844 1.413102 0.230156
v 0.718770 1.413102 0.131387
v 0.988613 1.413102 0.401230
v 0.988613 1.413102 0.598770
v 0.889844 1.413102 0.769844
v 0.718770 1.413102 0.868613
v 0.521230 1.413102 0.868613
v 0.350156 1.413102 0.769844
v 0.251387 1.413102 0.598770
v 0.251387 1.413102 0.401230
v 0.350156 1.413102 0.230156
v 0.521230 1.413102 0.131387
v 0.889844 2.393582 0.230156
v 0.718770 2.393582 0.131387
v 0.988613 2.393582 0.401230
v 0.988613 2.393582 0.598770
v 0.889844 2.393582 0.769844
v 0.718770 2.393582 0.868613
v 0.521230 2.393582 0.868613
v 0.350156 2.393582 0.769844
v 0.251387 2.393582 0.598770
v 0.251387 2.393582 0.401230
v 0.350156 2.393582 0.230156
v 0.521230 2.393582 0.131387
v 0.908591 1.413102 0.211409
v 0.725632 1.413102 0.105778
v 1.014222 1.413102 0.605632
v 1.014222 1.413102 0.394368
v 0.725632 1.413102 0.894222
v 0.908591 1.413102 0.788591
v 0.331409 1.413102 0.788591
v 0.514368 1.413102 0.894222
v 0.225778 1.413102 0.394368
v 0.225778 1.413102 0.605632
v 0.514368 1.413102 0.105778
v 0.331409 1.413102 0.211409
v 0.908591 2.393582 0.211409
v 0.725632 2.393582 0.105778
v 1.014222 2.393582 0.605632
v 1.014222 2.393582 0.394368
v 0.725632 2.393582 0.894222
v 0.908591 2.393582 0.788591
v 0.331409 2.393582 0.788591
v 0.514368 2.393582 0.894222
v 0.225778 2.393582 0.394368
v 0.225778 2.393582 0.605632
v 0.514368 2.393582 0.105778
v 0.331409 2.393582 0.211409
v 0.362098 1.903342 0.806309
v 0.483679 1.903342 0.876504
v 0.756321 1.903342 0.876504
v 0.877902 1.903342 0.806309
v 1.014222 1.903342 0.570195
v 1.014222 1.903342 0.429805
v 0.877902 1.903342 0.193691
v 0.756321 1.903342 0.123496
v 0.483679 1.903342 0.123496
v 0.362098 1.903342 0.193691
v 0.225778 1.903342 0.429805
v 0.225778 1.903342 0.570195
v 0.362098 2.130744 0.806309
v 0.483679 2.130744 0.876504
v 0.756321 2.130744 0.876504
v 0.877902 2.130744 0.806309
v 1.014222 2.130744 0.570195
v 1.014222 2.130744 0.429805
v 0.877902 2.130744 0.193691
v 0.756321 2.130744 0.123496
v 0.483679 2.130744 0.123496
v 0.362098 2.130744 0.193691
v 0.225778 2.130744 0.429805
v 0.225778 2.130744 0.570195
v 0.362098 1.675941 0.806309
v 0.483679 1.675941 0.876504
v 0.756321 1.675941 0.876504
v 0.877902 1.675941 0.806309
v 1.014222 1.675941 0.570195
v 1.014222 1.675941 0.429805
v 0.877902 1.675941 0.193691
v 0.756321 1.675941 0.123496
v 0.483679 1.675941 0.123496
v 0.362098 1.675941 0.193691
v 0.225778 1.675941 0.429805
v 0.225778 1.675941 0.570195
v 0.444813 1.890794 0.854065
v 0.444813 1.688489 0.854065
v 0.400964 1.688489 0.828748
v 0.400964 1.890794 0.828748
v 0.400964 1.663393 0.828748
v 0.444813 1.663393 0.854065
v 0.444813 1.461087 0.854065
v 0.400964 1.461087 0.828748
v 1.014222 1.890794 0.474684
v 1.014222 1.688489 0.474684
v 1.014222 1.688489 0.525316
v 1.014222 1.890794 0.525316
v 1.014222 1.663393 0.525316
v 1.014222 1.663393 0.474684
v 1.014222 1.461087 0.474684
v 1.014222 1.461087 0.525316
v 0.839036 2.118195 0.171251
v 0.795187 2.118195 0.145935
v 0.795187 1.915890 0.145935
v 0.839036 1.915890 0.171251
v 0.225778 1.890794 0.525316
v 0.225778 1.688489 0.525316
v 0.225778 1.688489 0.474684
v 0.225778 1.890794 0.474684
v 0.400964 2.118195 0.828748
v 0.444813 2.118195 0.854065
v 0.444813 1.915890 0.854065
v 0.400964 1.915890 0.828748
v 0.400964 2.345597 0.828748
v 0.444813 2.345597 0.854065
v 0.444813 2.143291 0.854065
v 0.400964 2.143291 0.828748
v 0.839036 2.143291 0.828748
v 0.795187 2.143291 0.854065
v 0.795187 2.345597 0.854065
v 0.839036 2.345597 0.828748
v 0.839036 1.915890 0.828748
v 0.795187 1.915890 0.854065
v 0.795187 2.118195 0.854065
v 0.839036 2.118195 0.828748
v 1.014222 2.118195 0.525316
v 1.014222 2.118195 0.474684
v 1.014222 1.915890 0.474684
v 1.014222 1.915890 0.525316
v 1.014222 2.345597 0.525316
v 1.014222 2.345597 0.474684
v 1.014222 2.143291 0.474684
v 1.014222 2.143291 0.525316
v 0.839036 1.663393 0.171251
v 0.795187 1.663393 0.145935
v 0.795187 1.461087 0.145935
v 0.839036 1.461087 0.171251
v 0.839036 1.890794 0.171251
v 0.795187 1.890794 0.145935
v 0.795187 1.688489 0.145935
v 0.839036 1.688489 0.171251
v 0.400964 2.143291 0.171252
v 0.444813 2.143291 0.145935
v 0.444813 2.345597 0.145935
v 0.400964 2.345597 0.171252
v 0.400964 1.915890 0.171252
v 0.444813 1.915890 0.145935
v 0.444813 2.118195 0.145935
v 0.400964 2.118195 0.171252
v 0.225778 2.118195 0.474684
v 0.225778 2.118195 0.525316
v 0.225778 1.915890 0.525316
v 0.225778 1.915890 0.474684
v 0.225778 2.345597 0.474684
v 0.225778 2.345597 0.525316
v 0.225778 2.143291 0.525316
v 0.225778 2.143291 0.474684
v 0.225778 1.663393 0.474684
v 0.225778 1.663393 0.525316
v 0.225778 1.461087 0.525316
v 0.225778 1.461087 0.474684
v 0.400964 1.688489 0.171252
v 0.444813 1.688489 0.145935
v 0.444813 1.890794 0.145935
v 0.400964 1.890794 0.171252
v 0.444813 1.461087 0.145935
v 0.444813 1.663393 0.145935
v 0.400964 1.663393 0.171251
v 0.400964 1.461087 0.171251
v 0.839036 2.345597 0.171251
v 0.795187 2.345597 0.145935
v 0.795187 2.143291 0.145935
v 0.839036 2.143291 0.171251
v 0.839036 1.688489 0.828748
v 0.795187 1.688489 0.854065
v 0.795187 1.890794 0.854065
v 0.839036 1.890794 0.828748
v 0.795187 1.461087 0.854065
v 0.795187 1.663393 0.854065
v 0.839036 1.663393 0.828748
v 0.839036 1.461087 0.828748
v 0.454353 1.688489 0.837541
v 0.454354 1.890794 0.837541
v 0.410505 1.890794 0.812224
v 0.410505 1.688489 0.812224
v 0.454354 1.663393 0.837541
v 0.410505 1.663393 0.812224
v 0.410505 1.461087 0.812224
v 0.454354 1.461087 0.837541
v 0.995142 1.688489 0.474684
v 0.995142 1.890794 0.474684
v 0.995142 1.890794 0.525316
v 0.995142 1.688489 0.525316
v 0.995142 1.663393 0.474684
v 0.995142 1.663393 0.525316
v 0.995142 1.461087 0.525316
v 0.995142 1.461087 0.474684
v 0.829496 2.118195 0.187776
v 0.785647 2.118195 0.162459
v 0.829496 1.915890 0.187776
v 0.785647 1.915890 0.162459
v 0.244858 1.688489 0.525316
v 0.244858 1.890794 0.525316
v 0.244858 1.890794 0.474684
v 0.244858 1.688489 0.474684
v 0.454354 2.118195 0.837541
v 0.410505 2.118195 0.812224
v 0.410505 1.915890 0.812224
v 0.454354 1.915890 0.837541
v 0.410505 2.345597 0.812224
v 0.454354 2.345597 0.837541
v 0.410505 2.143291 0.812224
v 0.454354 2.143291 0.837541
v 0.829495 2.143291 0.812224
v 0.785647 2.143291 0.837541
v 0.829495 2.345597 0.812224
v 0.785647 2.345597 0.837541
v 0.829495 1.915890 0.812224
v 0.785647 1.915890 0.837541
v 0.829495 2.118195 0.812224
v 0.785647 2.118195 0.837541
v 0.995142 2.118195 0.474684
v 0.995142 2.118195 0.525316
v 0.995142 1.915890 0.525316
v 0.995142 1.915890 0.474684
v 0.995142 2.345597 0.525316
v 0.995142 2.345597 0.474684
v 0.995142 2.143291 0.525316
v 0.995142 2.143291 0.474684
v 0.829496 1.663393 0.187776
v 0.785647 1.663393 0.162459
v 0.829496 1.461087 0.187776
v 0.785647 1.461087 0.162459
v 0.829496 1.890794 0.187776
v 0.785647 1.890794 0.162459
v 0.829496 1.688489 0.187776
v 0.785647 1.688489 0.162459
v 0.410505 2.143291 0.187776
v 0.454354 2.143291 0.162459
v 0.410505 2.345597 0.187776
v 0.454354 2.345597 0.162459
v 0.410505 1.915890 0.187776
v 0.454354 1.915890 0.162459
v 0.410505 2.118195 0.187776
v 0.454354 2.118195 0.162459
v 0.244858 2.118195 0.525316
v 0.244858 2.118195 0.474684
v 0.244858 1.915890 0.474684
v 0.244858 1.915890 0.525316
v 0.244858 2.345597 0.474684
v 0.244858 2.345597 0.525316
v 0.244858 2.143291 0.474684
v 0.244858 2.143291 0.525316
v 0.244858 1.663393 0.525316
v 0.244858 1.663393 0.474684
v 0.244858 1.461087 0.474684
v 0.244858 1.461087 0.525316
v 0.410505 1.688489 0.187776
v 0.454354 1.688489 0.162459
v 0.410505 1.890794 0.187776
v 0.454354 1.890794 0.162459
v 0.454353 1.461087 0.162459
v 0.454353 1.663393 0.162459
v 0.410505 1.461087 0.187776
v 0.410505 1.663393 0.187776
v 0.829496 2.345597 0.187776
v 0.785647 2.345597 0.162459
v 0.829496 2.143291 0.187776
v 0.785647 2.143291 0.162459
v 0.829495 1.688489 0.812224
v 0.785647 1.688489 0.837541
v 0.829495 1.890794 0.812224
v 0.785647 1.890794 0.837541
v 0.785647 1.461087 0.837541
v 0.785647 1.663393 0.837541
v 0.829495 1.461087 0.812224
v 0.829495 1.663393 0.812224
v 0.929658 2.471027 0.190342
v 0.931193 2.461749 0.188807
v 0.733904 2.461749 0.074903
v 0.733343 2.471027 0.076999
v 1.043001 2.471027 0.386657
v 1.045097 2.461749 0.386095
v 1.043001 2.471027 0.613343
v 1.045097 2.461749 0.613904
v 0.929658 2.471027 0.809658
v 0.931193 2.461749 0.811193
v 0.733343 2.471027 0.923001
v 0.733904 2.461749 0.925097
v 0.506657 2.471027 0.923001
v 0.506096 2.461749 0.925097
v 0.310342 2.471027 0.809658
v 0.308807 2.461749 0.811193
v 0.196999 2.471027 0.613343
v 0.194903 2.461749 0.613904
v 0.196999 2.471027 0.386657
v 0.194903 2.461749 0.386095
v 0.310342 2.471027 0.190342
v 0.308807 2.461749 0.188807
v 0.506657 2.471027 0.076999
v 0.506096 2.461749 0.074903
v 0.507998 2.469816 0.917999
v 0.507436 2.460538 0.920095
v 0.314004 2.469816 0.805996
v 0.312469 2.460538 0.807531
v 0.202001 2.469816 0.612002
v 0.199905 2.460538 0.612564
v 0.202001 2.469816 0.387998
v 0.199905 2.460538 0.387436
v 0.314004 2.469816 0.194004
v 0.312469 2.460538 0.192469
v 0.507998 2.469816 0.082001
v 0.507436 2.460538 0.079905
v 0.931300 1.344867 0.188700
v 0.733944 1.344867 0.074757
v 1.045243 1.344867 0.386056
v 1.045243 1.344867 0.613944
v 0.931300 1.344867 0.811300
v 0.733944 1.344867 0.925243
v 0.506056 1.344867 0.925243
v 0.308700 1.344867 0.811300
v 0.194757 1.344867 0.613944
v 0.194757 1.344867 0.386056
v 0.308700 1.344867 0.188700
v 0.506056 1.344867 0.074757
v 0.931300 1.413102 0.188700
v 0.733944 1.413102 0.074757
v 1.045243 1.413102 0.386056
v 1.045243 1.413102 0.613944
v 0.931300 1.413102 0.811300
v 0.733944 1.413102 0.925243
v 0.506056 1.413102 0.925243
v 0.308700 1.413102 0.811300
v 0.194757 1.413102 0.613944
v 0.194757 1.413102 0.386056
v 0.308700 1.413102 0.188700
v 0.506056 1.413102 0.074757
v 1.042994 1.368103 0.386659
v 1.042994 1.386342 0.386659
v 1.042994 1.386342 0.613341
v 1.042994 1.368103 0.613341
v 0.197006 1.368103 0.386659
v 0.197006 1.386342 0.386659
v 0.310347 1.386342 0.190347
v 0.310347 1.368103 0.190347
v 0.506659 1.371627 0.922994
v 0.506659 1.389866 0.922994
v 0.310347 1.389866 0.809653
v 0.310347 1.371627 0.809653
v 0.929653 1.389866 0.809653
v 0.929653 1.368103 0.809653
v 0.506659 1.386342 0.077006
v 0.506659 1.368103 0.077006
v 0.733341 1.368103 0.077006
v 0.733341 1.386342 0.077006
v 0.929653 1.386342 0.190347
v 0.929653 1.368103 0.190347
v 0.197006 1.386342 0.613341
v 0.197006 1.371627 0.613341
v 0.733341 1.389866 0.922994
v 0.733341 1.371627 0.922994
v 0.929653 1.371627 0.190347
v 0.733341 1.371627 0.077006
v 1.042994 1.371627 0.386659
v 1.042994 1.371627 0.613341
v 0.929653 1.371627 0.809653
v 0.733341 1.368103 0.922994
v 0.506659 1.368103 0.922994
v 0.310347 1.368103 0.809653
v 0.197006 1.368103 0.613341
v 0.197006 1.371627 0.386659
v 0.310347 1.371627 0.190347
v 0.506659 1.371627 0.077006
v 0.929653 1.389866 0.190347
v 0.733341 1.389866 0.077006
v 1.042994 1.389866 0.386659
v 1.042994 1.389866 0.613341
v 0.929653 1.386342 0.809653
v 0.733341 1.386342 0.922994
v 0.506659 1.386342 0.922994
v 0.310347 1.386342 0.809653
v 0.197006 1.389866 0.613341
v 0.197006 1.389866 0.386659
v 0.310347 1.389866 0.190347
v 0.506659 1.389866 0.077006
v 1.040995 1.371627 0.387195
v 1.040995 1.386342 0.387195
v 1.040995 1.386342 0.612805
v 1.040995 1.371627 0.612805
v 0.199005 1.371627 0.387195
v 0.199005 1.386342 0.387195
v 0.311810 1.386342 0.191810
v 0.311810 1.371627 0.191810
v 0.507195 1.371627 0.920995
v 0.507195 1.386342 0.920995
v 0.311810 1.386342 0.808190
v 0.311810 1.371627 0.808190
v 0.928190 1.386342 0.808190
v 0.928190 1.371627 0.808190
v 0.507195 1.386342 0.079005
v 0.507195 1.371627 0.079005
v 0.732805 1.371627 0.079005
v 0.732805 1.386342 0.079005
v 0.928190 1.386342 0.191810
v 0.928190 1.371627 0.191810
v 0.199005 1.386342 0.612805
v 0.199005 1.371627 0.612805
v 0.732805 1.386342 0.920995
v 0.732805 1.371627 0.920995
v 0.698103 2.836799 0.421897
v 0.713167 2.816221 0.406833
v 0.654101 2.816221 0.372732
v 0.648588 2.836799 0.393309
v 0.726691 2.836799 0.471412
v 0.747268 2.816221 0.465899
v 0.726691 2.836799 0.528588
v 0.747268 2.816221 0.534101
v 0.698103 2.836799 0.578103
v 0.713167 2.816221 0.593167
v 0.648588 2.836799 0.606691
v 0.654101 2.816221 0.627268
v 0.591412 2.836799 0.606691
v 0.585899 2.816221 0.627268
v 0.541897 2.836799 0.578103
v 0.526833 2.816221 0.593167
v 0.513309 2.836799 0.528588
v 0.492732 2.816221 0.534101
v 0.513309 2.836799 0.471412
v 0.492732 2.816221 0.465899
v 0.541897 2.836799 0.421897
v 0.526833 2.816221 0.406833
v 0.591412 2.836799 0.393309
v 0.585899 2.816221 0.372732
v 0.457389 1.258854 -0.870578
v 0.558371 2.118308 -0.841934
v 0.668496 1.258854 -0.870578
v 0.539219 2.113175 -0.841934
v 0.804816 1.258854 -0.791873
v 0.789485 1.322339 -0.776543
v 0.883520 1.258854 -0.655553
v 0.525198 2.099155 -0.841934
v 0.883520 1.258854 -0.444447
v 0.520066 2.080002 -0.841934
v 0.804816 1.258854 -0.308127
v 0.789485 1.322339 -0.323457
v 0.668496 1.258854 -0.229422
v 0.567514 2.118308 -0.841934
v 0.457389 1.258854 -0.229422
v 0.586667 2.113175 -0.841934
v 0.321069 1.258854 -0.308127
v 0.336400 1.322339 -0.323457
v 0.242365 1.258854 -0.444447
v 0.600687 2.099155 -0.841934
v 0.242365 1.258854 -0.655553
v 0.605819 2.080002 -0.841934
v 0.321069 1.258854 -0.791873
v 0.336400 1.322339 -0.776543
v 0.668496 1.293335 -0.870578
v 0.457389 1.293335 -0.870578
v 0.804816 1.293335 -0.791873
v 0.883520 1.293335 -0.655553
v 0.883520 1.293335 -0.444447
v 0.804816 1.293335 -0.308127
v 0.668496 1.293335 -0.229422
v 0.457389 1.293335 -0.229422
v 0.321069 1.293335 -0.308127
v 0.242365 1.293335 -0.444447
v 0.242365 1.293335 -0.655553
v 0.321069 1.293335 -0.791873
v 0.567514 1.362382 -0.841934
v 0.586667 1.367514 -0.841934
v 0.789485 2.158351 -0.776543
v 0.600687 1.381535 -0.841934
v 0.605819 1.400688 -0.841934
v 0.789485 2.158351 -0.323457
v 0.558371 1.362382 -0.841934
v 0.539219 1.367514 -0.841934
v 0.336400 2.158351 -0.323457
v 0.525198 1.381535 -0.841934
v 0.520066 1.400688 -0.841934
v 0.336400 2.158351 -0.776543
v 0.637703 2.225883 -0.829009
v 0.488182 2.225883 -0.829009
v 0.767192 2.225883 -0.754249
v 0.841952 2.225883 -0.624760
v 0.841952 2.225883 -0.475240
v 0.767192 2.225883 -0.345751
v 0.637703 2.225883 -0.270991
v 0.488182 2.225883 -0.270991
v 0.358694 2.225883 -0.345751
v 0.283933 2.225883 -0.475240
v 0.283933 2.225883 -0.624760
v 0.358694 2.225883 -0.754249
v 0.595161 2.322481 -0.670242
v 0.530724 2.322481 -0.670242
v 0.650966 2.322481 -0.638023
v 0.683185 2.322481 -0.582219
v 0.683185 2.322481 -0.517781
v 0.650966 2.322481 -0.461977
v 0.595161 2.322481 -0.429758
v 0.530724 2.322481 -0.429758
v 0.474919 2.322481 -0.461977
v 0.442700 2.322481 -0.517781
v 0.442700 2.322481 -0.582219
v 0.474919 2.322481 -0.638023
v 0.645863 1.322339 -0.859463
v 0.480022 1.322339 -0.859463
v 0.872406 1.322339 -0.467080
v 0.872406 1.322339 -0.632920
v 0.480022 1.322339 -0.240537
v 0.645863 1.322339 -0.240537
v 0.253479 1.322339 -0.632920
v 0.253479 1.322339 -0.467080
v 0.645863 2.158351 -0.859463
v 0.480022 2.158351 -0.859463
v 0.872406 2.158351 -0.467080
v 0.872406 2.158351 -0.632920
v 0.480022 2.158351 -0.240537
v 0.645863 2.158351 -0.240537
v 0.253479 2.158351 -0.632920
v 0.253479 2.158351 -0.467080
v 0.854877 2.080002 -0.507123
v 0.854877 2.099155 -0.512255
v 0.854877 2.113175 -0.526276
v 0.854877 2.118308 -0.545429
v 0.854877 2.080002 -0.592877
v 0.854877 2.099155 -0.587745
v 0.854877 2.113175 -0.573724
v 0.854877 2.118308 -0.554571
v 0.854877 1.362382 -0.545429
v 0.854877 1.367514 -0.526276
v 0.854877 1.381535 -0.512255
v 0.854877 1.400688 -0.507123
v 0.854877 1.362382 -0.554571
v 0.854877 1.367514 -0.573724
v 0.854877 1.381535 -0.587745
v 0.854877 1.400688 -0.592877
v 0.520066 1.400688 -0.859463
v 0.558371 1.362382 -0.859463
v 0.492980 1.335296 -0.859463
v 0.525198 1.381535 -0.859463
v 0.539219 1.367514 -0.859463
v 0.567514 1.362382 -0.859463
v 0.605819 1.400688 -0.859463
v 0.632905 1.335296 -0.859463
v 0.586667 1.367514 -0.859463
v 0.600687 1.381535 -0.859463
v 0.872406 1.400688 -0.592877
v 0.872406 1.362382 -0.554571
v 0.872406 1.335296 -0.619963
v 0.872406 1.381535 -0.587745
v 0.872406 1.367514 -0.573724
v 0.872406 1.362382 -0.545429
v 0.872406 1.400688 -0.507123
v 0.872406 1.335296 -0.480037
v 0.872406 1.367514 -0.526276
v 0.872406 1.381535 -0.512255
v 0.605819 1.400688 -0.240537
v 0.567514 1.362382 -0.240537
v 0.632905 1.335296 -0.240537
v 0.600687 1.381535 -0.240537
v 0.586667 1.367514 -0.240537
v 0.558371 1.362382 -0.240537
v 0.520066 1.400688 -0.240537
v 0.492980 1.335296 -0.240537
v 0.539219 1.367514 -0.240537
v 0.525198 1.381535 -0.240537
v 0.253479 1.400688 -0.507123
v 0.253479 1.362382 -0.545429
v 0.253479 1.335296 -0.480037
v 0.253479 1.381535 -0.512255
v 0.253479 1.367514 -0.526276
v 0.253479 1.362382 -0.554571
v 0.253479 1.400688 -0.592877
v 0.253479 1.335296 -0.619963
v 0.253479 1.367514 -0.573724
v 0.253479 1.381535 -0.587745
v 0.605819 2.080002 -0.859463
v 0.567514 2.118308 -0.859463
v 0.632905 2.145394 -0.859463
v 0.600687 2.099155 -0.859463
v 0.586667 2.113175 -0.859463
v 0.558371 2.118308 -0.859463
v 0.520066 2.080002 -0.859463
v 0.492980 2.145394 -0.859463
v 0.539219 2.113175 -0.859463
v 0.525198 2.099155 -0.859463
v 0.872406 2.118308 -0.554571
v 0.872406 2.080002 -0.592877
v 0.872406 2.145394 -0.619963
v 0.872406 2.113175 -0.573724
v 0.872406 2.099155 -0.587745
v 0.872406 2.080002 -0.507123
v 0.872406 2.118308 -0.545429
v 0.872406 2.145394 -0.480037
v 0.872406 2.099155 -0.512255
v 0.872406 2.113175 -0.526276
v 0.567514 2.118308 -0.240537
v 0.605819 2.080002 -0.240537
v 0.632905 2.145394 -0.240537
v 0.586667 2.113175 -0.240537
v 0.600687 2.099155 -0.240537
v 0.520066 2.080002 -0.240537
v 0.558371 2.118308 -0.240537
v 0.492980 2.145394 -0.240537
v 0.525198 2.099155 -0.240537
v 0.539219 2.113175 -0.240537
v 0.253479 2.118308 -0.545429
v 0.253479 2.080002 -0.507123
v 0.253479 2.145394 -0.480037
v 0.253479 2.113175 -0.526276
v 0.253479 2.099155 -0.512255
v 0.253479 2.080002 -0.592877
v 0.253479 2.118308 -0.554571
v 0.253479 2.145394 -0.619963
v 0.253479 2.099155 -0.587745
v 0.253479 2.113175 -0.573724
v 0.605819 1.400688 -0.824406
v 0.567514 1.362382 -0.824406
v 0.600687 1.381535 -0.824406
v 0.586667 1.367514 -0.824406
v 0.558371 1.362382 -0.824406
v 0.520066 1.400688 -0.824406
v 0.539219 1.367514 -0.824406
v 0.525198 1.381535 -0.824406
v 0.837348 1.400688 -0.507123
v 0.837348 1.362382 -0.545429
v 0.837348 1.381535 -0.512255
v 0.837348 1.367514 -0.526276
v 0.837348 1.362382 -0.554571
v 0.837348 1.400688 -0.592877
v 0.837348 1.367514 -0.573724
v 0.837348 1.381535 -0.587745
v 0.520066 1.400688 -0.275594
v 0.558371 1.362382 -0.275594
v 0.525198 1.381535 -0.275594
v 0.539219 1.367514 -0.275594
v 0.567514 1.362382 -0.275594
v 0.605819 1.400688 -0.275594
v 0.586667 1.367514 -0.275594
v 0.600687 1.381535 -0.275594
v 0.288537 1.400688 -0.592877
v 0.288537 1.362382 -0.554571
v 0.288537 1.381535 -0.587745
v 0.288537 1.367514 -0.573724
v 0.288537 1.362382 -0.545429
v 0.288537 1.400688 -0.507123
v 0.288537 1.367514 -0.526276
v 0.288537 1.381535 -0.512255
v 0.567514 2.118308 -0.824406
v 0.605819 2.080002 -0.824406
v 0.586667 2.113175 -0.824406
v 0.600687 2.099155 -0.824406
v 0.520066 2.080002 -0.824406
v 0.558371 2.118308 -0.824406
v 0.525198 2.099155 -0.824406
v 0.539219 2.113175 -0.824406
v 0.837348 2.118308 -0.545429
v 0.837348 2.080002 -0.507123
v 0.837348 2.113175 -0.526276
v 0.837348 2.099155 -0.512255
v 0.837348 2.080002 -0.592877
v 0.837348 2.118308 -0.554571
v 0.837348 2.099155 -0.587745
v 0.837348 2.113175 -0.573724
v 0.558371 2.118308 -0.275594
v 0.520066 2.080002 -0.275594
v 0.539219 2.113175 -0.275594
v 0.525198 2.099155 -0.275594
v 0.605819 2.080002 -0.275594
v 0.567514 2.118308 -0.275594
v 0.600687 2.099155 -0.275594
v 0.586667 2.113175 -0.275594
v 0.288537 2.118308 -0.554571
v 0.288537 2.080002 -0.592877
v 0.288537 2.113175 -0.573724
v 0.288537 2.099155 -0.587745
v 0.288537 2.080002 -0.507123
v 0.288537 2.118308 -0.545429
v 0.288537 2.099155 -0.512255
v 0.288537 2.113175 -0.526276
v 0.271008 2.080002 -0.592877
v 0.271008 2.099155 -0.587745
v 0.271008 2.113175 -0.573724
v 0.271008 2.118308 -0.554571
v 0.271008 2.080002 -0.507123
v 0.271008 2.099155 -0.512255
v 0.271008 2.113175 -0.526276
v 0.271008 2.118308 -0.545429
v 0.271008 1.362382 -0.545429
v 0.271008 1.367514 -0.526276
v 0.271008 1.381535 -0.512255
v 0.271008 1.400688 -0.507123
v 0.271008 1.400688 -0.592877
v 0.271008 1.381535 -0.587745
v 0.271008 1.367514 -0.573724
v 0.271008 1.362382 -0.554571
v 0.567514 2.118308 -0.258066
v 0.586667 2.113175 -0.258066
v 0.600687 2.099155 -0.258066
v 0.605819 2.080002 -0.258066
v 0.567514 1.362382 -0.258066
v 0.586667 1.367514 -0.258066
v 0.600687 1.381535 -0.258066
v 0.605819 1.400688 -0.258066
v 0.558371 1.362382 -0.258066
v 0.539219 1.367514 -0.258066
v 0.525198 1.381535 -0.258066
v 0.520066 1.400688 -0.258066
v 0.558371 2.118308 -0.258066
v 0.539219 2.113175 -0.258066
v 0.525198 2.099155 -0.258066
v 0.520066 2.080002 -0.258066
v 0.474411 1.229851 -0.880405
v 0.474411 1.322339 -0.880405
v 0.651474 1.322339 -0.880405
v 0.651474 1.229851 -0.880405
v 0.804816 1.229851 -0.791873
v 0.804816 1.322339 -0.791873
v 0.893348 1.229851 -0.638532
v 0.893348 1.322339 -0.638532
v 0.893348 1.322339 -0.461468
v 0.893348 1.229851 -0.461468
v 0.804816 1.229851 -0.308127
v 0.804816 1.322339 -0.308127
v 0.651474 1.229851 -0.219595
v 0.651474 1.322339 -0.219595
v 0.474411 1.322339 -0.219595
v 0.474411 1.229851 -0.219595
v 0.321069 1.229851 -0.308127
v 0.321069 1.322339 -0.308127
v 0.232538 1.229851 -0.461468
v 0.232538 1.322339 -0.461468
v 0.232538 1.322339 -0.638532
v 0.232538 1.229851 -0.638532
v 0.321069 1.229851 -0.791873
v 0.321069 1.322339 -0.791873
v 0.802108 1.293335 -0.789165
v 0.802108 1.258854 -0.789165
v 0.802108 1.293335 -0.310835
v 0.802108 1.258854 -0.310835
v 0.323777 1.293335 -0.310835
v 0.323777 1.258854 -0.310835
v 0.323777 1.293335 -0.789165
v 0.323777 1.258854 -0.789165
v 0.455314 1.263386 -0.865108
v 0.455314 1.288803 -0.865108
v 0.670571 1.288803 -0.865108
v 0.670571 1.263386 -0.865108
v 0.878050 1.263386 -0.657628
v 0.878050 1.288803 -0.657628
v 0.878050 1.288803 -0.442372
v 0.878050 1.263386 -0.442372
v 0.670571 1.263386 -0.234892
v 0.670571 1.288803 -0.234892
v 0.455314 1.288803 -0.234892
v 0.455314 1.263386 -0.234892
v 0.247835 1.263386 -0.442372
v 0.247835 1.288803 -0.442372
v 0.247835 1.288803 -0.657628
v 0.247835 1.263386 -0.657628
v 0.459239 1.258854 -0.867374
v 0.459239 1.293335 -0.867374
v 0.666646 1.293335 -0.867374
v 0.666646 1.258854 -0.867374
v 0.802108 1.263386 -0.789165
v 0.802108 1.288803 -0.789165
v 0.880317 1.258854 -0.653703
v 0.880317 1.293335 -0.653703
v 0.880317 1.293335 -0.446297
v 0.880317 1.258854 -0.446297
v 0.802108 1.263386 -0.310835
v 0.802108 1.288803 -0.310835
v 0.666646 1.258854 -0.232626
v 0.666646 1.293335 -0.232626
v 0.459239 1.293335 -0.232626
v 0.459239 1.258854 -0.232626
v 0.323777 1.263386 -0.310835
v 0.323777 1.288803 -0.310835
v 0.245569 1.258854 -0.446297
v 0.245569 1.293335 -0.446297
v 0.245569 1.293335 -0.653704
v 0.245569 1.258854 -0.653704
v 0.323777 1.263386 -0.789165
v 0.323777 1.288803 -0.789165
v 0.800631 1.288803 -0.787688
v 0.800631 1.263386 -0.787688
v 0.800631 1.288803 -0.312312
v 0.800631 1.263386 -0.312312
v 0.325255 1.288803 -0.312312
v 0.325255 1.263386 -0.312312
v 0.325255 1.288803 -0.787688
v 0.325255 1.263386 -0.787688
v 0.456359 1.263386 -0.863299
v 0.456359 1.288803 -0.863299
v 0.669527 1.288803 -0.863299
v 0.669527 1.263386 -0.863299
v 0.876241 1.263386 -0.656584
v 0.876241 1.288803 -0.656584
v 0.876241 1.288803 -0.443416
v 0.876241 1.263386 -0.443416
v 0.669527 1.263386 -0.236701
v 0.669527 1.288803 -0.236701
v 0.456359 1.288803 -0.236701
v 0.456359 1.263386 -0.236701
v 0.249644 1.263386 -0.443416
v 0.249644 1.288803 -0.443416
v 0.249644 1.288803 -0.656584
v 0.249644 1.263386 -0.656584
v 0.589132 2.377164 -0.647739
v 0.595161 2.354661 -0.670242
v 0.530724 2.354661 -0.670242
v 0.536754 2.377164 -0.647739
v 0.634492 2.377164 -0.621550
v 0.650966 2.354661 -0.638023
v 0.660682 2.377164 -0.576189
v 0.683185 2.354661 -0.582219
v 0.660682 2.377164 -0.523811
v 0.683185 2.354661 -0.517781
v 0.634492 2.377164 -0.478450
v 0.650966 2.354661 -0.461977
v 0.589132 2.377164 -0.452261
v 0.595161 2.354661 -0.429758
v 0.536754 2.377164 -0.452261
v 0.530724 2.354661 -0.429758
v 0.491393 2.377164 -0.478450
v 0.474919 2.354661 -0.461977
v 0.465204 2.377164 -0.523811
v 0.442700 2.354661 -0.517781
v 0.465204 2.377164 -0.576189
v 0.442700 2.354661 -0.582219
v 0.491393 2.377164 -0.621550
v 0.474919 2.354661 -0.638023
v -0.103131 1.242032 -0.265118
v -0.103131 1.702919 -0.265118
v -0.047508 1.288129 -0.959190
v 0.103131 1.242032 -0.265118
v 0.103131 1.702919 -0.265118
v 0.047508 1.288129 -0.959190
v -0.019169 1.702296 -0.831632
v -0.047508 1.520801 -0.959190
v -0.019169 1.689891 -0.877927
v -0.019169 1.630403 -0.937416
v 0.047508 1.520801 -0.959190
v 0.019169 1.702296 -0.831632
v 0.019169 1.630403 -0.937416
v 0.019169 1.689891 -0.877927
v 0.103131 1.242032 -0.950443
v -0.103131 1.242032 -0.950443
v -0.103131 1.682049 -0.873400
v -0.103131 1.702919 -0.795513
v 0.103131 1.702919 -0.795513
v 0.103131 1.682049 -0.873400
v -0.103131 1.625875 -0.929574
v 0.103131 1.625875 -0.929574
v -0.103131 1.547989 -0.950443
v 0.103131 1.547989 -0.950443
v 0.019169 1.678351 -0.871265
v -0.019169 1.678351 -0.871265
v 0.019169 1.623740 -0.925875
v -0.019169 1.623740 -0.925875
v 0.019169 1.547401 -0.945978
v -0.019169 1.547401 -0.945978
v 0.019169 1.269486 -0.945864
v -0.019169 1.269486 -0.945864
v -0.019169 1.689425 -0.828183
v 0.019169 1.689425 -0.828183
v 0.019169 1.548271 -0.952584
v 0.019169 1.269486 -0.952527
v -0.019169 1.269486 -0.952527
v 0.019169 1.627072 -0.931646
v -0.019169 1.684121 -0.874596
v -0.019169 1.627072 -0.931646
v -0.019169 1.695860 -0.829908
v -0.019169 1.548271 -0.952584
v 0.019169 1.684121 -0.874596
v 0.019169 1.695860 -0.829908
v -0.074792 1.276365 -0.959190
v -0.103131 1.233285 -0.256371
v -0.091682 1.711666 -0.267820
v 0.103131 1.233285 -0.256371
v 0.074792 1.276365 -0.959190
v 0.091682 1.711666 -0.267820
v -0.103131 1.689891 -0.877927
v -0.091682 1.711666 -0.785216
v 0.091682 1.711666 -0.785216
v 0.103131 1.689891 -0.877927
v -0.103131 1.630403 -0.937416
v 0.103131 1.630403 -0.937416
v -0.074792 1.520801 -0.959190
v 0.074792 1.520801 -0.959190
v -0.098954 1.251032 -0.941444
v -0.098954 1.251032 -0.274117
v -0.098954 1.693920 -0.274117
v 0.098954 1.251032 -0.274117
v 0.098954 1.251032 -0.941444
v 0.098954 1.693920 -0.274117
v -0.098954 1.673981 -0.868741
v -0.098954 1.693920 -0.794329
v 0.098954 1.693920 -0.794329
v 0.098954 1.673981 -0.868741
v -0.098954 1.621217 -0.921505
v 0.098954 1.621217 -0.921505
v -0.098954 1.546804 -0.941444
v 0.098954 1.546804 -0.941444
v -0.098954 1.242032 -0.950443
v -0.098954 1.242032 -0.265118
v -0.098954 1.702919 -0.265118
v 0.098954 1.242032 -0.265118
v 0.098954 1.242032 -0.950443
v 0.098954 1.702919 -0.265118
v -0.098954 1.682049 -0.873400
v -0.098954 1.702919 -0.795513
v 0.098954 1.702919 -0.795513
v 0.098954 1.682049 -0.873400
v -0.098954 1.625875 -0.929574
v 0.098954 1.625875 -0.929574
v -0.098954 1.547989 -0.950443
v 0.098954 1.547989 -0.950443
v -0.118163 1.262489 -0.929986
v -0.106705 1.251032 -0.941444
v -0.106705 1.251032 -0.274117
v -0.118163 1.262489 -0.285574
v -0.106705 1.693920 -0.274117
v -0.118163 1.682462 -0.285574
v 0.118163 1.262489 -0.285574
v 0.106705 1.251032 -0.274117
v 0.106705 1.251032 -0.941444
v 0.118163 1.262489 -0.929986
v 0.118163 1.682462 -0.285574
v 0.106705 1.693920 -0.274117
v -0.106705 1.673981 -0.868741
v -0.118163 1.663708 -0.862811
v -0.118163 1.682462 -0.792820
v -0.106705 1.693920 -0.794329
v 0.106705 1.693920 -0.794329
v 0.118163 1.682462 -0.792820
v 0.118163 1.663708 -0.862811
v 0.106705 1.673981 -0.868741
v -0.106705 1.621217 -0.921505
v -0.118163 1.615286 -0.911233
v 0.118163 1.615286 -0.911233
v 0.106705 1.621217 -0.921505
v -0.106705 1.546804 -0.941444
v -0.118163 1.545296 -0.929986
v 0.118163 1.545296 -0.929986
v 0.106705 1.546804 -0.941444
v 0.103131 1.711666 -0.256371
v -0.103131 1.711666 -0.256371
v -0.103131 1.711666 -0.796665
v 0.103131 1.711666 -0.796665
v 0.091682 1.709262 -0.267820
v -0.091682 1.709262 -0.267820
v -0.091682 1.709262 -0.785216
v 0.091682 1.709262 -0.785216
v -0.103131 1.549140 -0.959190
v -0.103131 1.233285 -0.959190
v 0.103131 1.549140 -0.959190
v 0.103131 1.233285 -0.959190
v -0.019169 1.549140 -0.959190
v -0.019169 1.269486 -0.959190
v 0.019169 1.549140 -0.959190
v 0.019169 1.269486 -0.959190
v -0.074792 1.520801 -0.956643
v -0.074792 1.276365 -0.956643
v 0.074792 1.520801 -0.956643
v 0.074792 1.276365 -0.956643
v -0.047508 1.520801 -0.956643
v -0.047508 1.288129 -0.956643
v 0.047508 1.520801 -0.956643
v 0.047508 1.288129 -0.956643
v -0.383131 1.242032 -0.265118
v -0.383131 1.702919 -0.265118
v -0.327508 1.288129 -0.959190
v -0.176869 1.242032 -0.265118
v -0.176869 1.702919 -0.265118
v -0.232492 1.288129 -0.959190
v -0.299169 1.702296 -0.831632
v -0.327508 1.520801 -0.959190
v -0.299169 1.689891 -0.877927
v -0.299169 1.630403 -0.937416
v -0.232492 1.520801 -0.959190
v -0.260831 1.702296 -0.831632
v -0.260831 1.630403 -0.937416
v -0.260831 1.689891 -0.877927
v -0.176869 1.242032 -0.950443
v -0.383131 1.242032 -0.950443
v -0.383131 1.682049 -0.873400
v -0.383131 1.702919 -0.795513
v -0.176869 1.702919 -0.795513
v -0.176869 1.682049 -0.873400
v -0.383131 1.625875 -0.929574
v -0.176869 1.625875 -0.929574
v -0.383131 1.547989 -0.950443
v -0.176869 1.547989 -0.950443
v -0.260831 1.678351 -0.871265
v -0.299169 1.678351 -0.871265
v -0.260831 1.623740 -0.925875
v -0.299169 1.623740 -0.925875
v -0.260831 1.547401 -0.945978
v -0.299169 1.547401 -0.945978
v -0.260831 1.269486 -0.945864
v -0.299169 1.269486 -0.945864
v -0.299169 1.689425 -0.828183
v -0.260831 1.689425 -0.828183
v -0.260831 1.548271 -0.952584
v -0.260831 1.269486 -0.952527
v -0.299169 1.269486 -0.952527
v -0.260831 1.627072 -0.931646
v -0.299169 1.684121 -0.874596
v -0.299169 1.627072 -0.931646
v -0.299169 1.695860 -0.829908
v -0.299169 1.548271 -0.952584
v -0.260831 1.684121 -0.874596
v -0.260831 1.695860 -0.829908
v -0.354792 1.276365 -0.959190
v -0.383131 1.233285 -0.256371
v -0.371682 1.711666 -0.267820
v -0.176869 1.233285 -0.256371
v -0.205208 1.276365 -0.959190
v -0.188318 1.711666 -0.267820
v -0.383131 1.689891 -0.877927
v -0.371682 1.711666 -0.785216
v -0.188318 1.711666 -0.785216
v -0.176869 1.689891 -0.877927
v -0.383131 1.630403 -0.937416
v -0.176869 1.630403 -0.937416
v -0.354792 1.520801 -0.959190
v -0.205208 1.520801 -0.959190
v -0.378954 1.251032 -0.941444
v -0.378954 1.251032 -0.274117
v -0.378954 1.693920 -0.274117
v -0.181046 1.251032 -0.274117
v -0.181046 1.251032 -0.941444
v -0.181046 1.693920 -0.274117
v -0.378954 1.673981 -0.868741
v -0.378954 1.693920 -0.794329
v -0.181046 1.693920 -0.794329
v -0.181046 1.673981 -0.868741
v -0.378954 1.621217 -0.921505
v -0.181046 1.621217 -0.921505
v -0.378954 1.546804 -0.941444
v -0.181046 1.546804 -0.941444
v -0.378954 1.242032 -0.950443
v -0.378954 1.242032 -0.265118
v -0.378954 1.702919 -0.265118
v -0.181046 1.242032 -0.265118
v -0.181046 1.242032 -0.950443
v -0.181046 1.702919 -0.265118
v -0.378954 1.682049 -0.873400
v -0.378954 1.702919 -0.795513
v -0.181046 1.702919 -0.795513
v -0.181046 1.682049 -0.873400
v -0.378954 1.625875 -0.929574
v -0.181046 1.625875 -0.929574
v -0.378954 1.547989 -0.950443
v -0.181046 1.547989 -0.950443
v -0.398163 1.262489 -0.929986
v -0.386705 1.251032 -0.941444
v -0.386705 1.251032 -0.274117
v -0.398163 1.262489 -0.285574
v -0.386705 1.693920 -0.274117
v -0.398163 1.682462 -0.285574
v -0.161837 1.262489 -0.285574
v -0.173295 1.251032 -0.274117
v -0.173295 1.251032 -0.941444
v -0.161837 1.262489 -0.929986
v -0.161837 1.682462 -0.285574
v -0.173295 1.693920 -0.274117
v -0.386705 1.673981 -0.868741
v -0.398163 1.663708 -0.862811
v -0.398163 1.682462 -0.792820
v -0.386705 1.693920 -0.794329
v -0.173295 1.693920 -0.794329
v -0.161837 1.682462 -0.792820
v -0.161837 1.663708 -0.862811
v -0.173295 1.673981 -0.868741
v -0.386705 1.621217 -0.921505
v -0.398163 1.615286 -0.911233
v -0.161837 1.615286 -0.911233
v -0.173295 1.621217 -0.921505
v -0.386705 1.546804 -0.941444
v -0.398163 1.545296 -0.929986
v -0.161837 1.545296 -0.929986
v -0.173295 1.546804 -0.941444
v -0.176869 1.711666 -0.256371
v -0.383131 1.711666 -0.256371
v -0.383131 1.711666 -0.796665
v -0.176869 1.711666 -0.796665
v -0.188318 1.709262 -0.267820
v -0.371682 1.709262 -0.267820
v -0.371682 1.709262 -0.785216
v -0.188318 1.709262 -0.785216
v -0.383131 1.549140 -0.959190
v -0.383131 1.233285 -0.959190
v -0.176869 1.549140 -0.959190
v -0.176869 1.233285 -0.959190
v -0.299169 1.549140 -0.959190
v -0.299169 1.269486 -0.959190
v -0.260831 1.549140 -0.959190
v -0.260831 1.269486 -0.959190
v -0.354792 1.520801 -0.956643
v -0.354792 1.276365 -0.956643
v -0.205208 1.520801 -0.956643
v -0.205208 1.276365 -0.956643
v -0.327508 1.520801 -0.956643
v -0.327508 1.288129 -0.956643
v -0.232492 1.520801 -0.956643
v -0.232492 1.288129 -0.956643
v -0.850000 1.238516 -0.769959
v -0.730020 1.238516 -0.737811
v -0.642189 1.238516 -0.649980
v -0.642189 1.238516 -0.410020
v -0.730020 1.238516 -0.322189
v -0.850000 1.238516 -0.290041
v -0.969980 1.238516 -0.322189
v -1.057811 1.238516 -0.410020
v -1.089959 1.238516 -0.530000
v -1.057811 1.238516 -0.649980
v -0.969980 1.238516 -0.737811
v -0.850000 1.573820 -0.712703
v -0.850000 1.546220 -0.758686
v -0.758648 1.573820 -0.688226
v -0.730020 1.534550 -0.737811
v -0.691774 1.573820 -0.621352
v -0.642189 1.534550 -0.649980
v -0.691774 1.573820 -0.438648
v -0.642189 1.534550 -0.410020
v -0.758648 1.573820 -0.371774
v -0.730020 1.534550 -0.322189
v -0.850000 1.573820 -0.347296
v -0.850000 1.534550 -0.290041
v -0.941352 1.573820 -0.371774
v -0.969980 1.534550 -0.322189
v -1.008226 1.573820 -0.438648
v -1.057811 1.534550 -0.410020
v -1.032704 1.573820 -0.530000
v -1.089959 1.534550 -0.530000
v -1.008226 1.573820 -0.621352
v -1.057811 1.534550 -0.649980
v -0.941352 1.573820 -0.688226
v -0.969980 1.534550 -0.737811
v -0.850000 1.573820 -0.729304
v -0.750348 1.573820 -0.702602
v -0.677398 1.573820 -0.629652
v -0.667386 1.561372 -0.426060
v -0.750348 1.573820 -0.357398
v -0.850000 1.573820 -0.330696
v -0.949652 1.573820 -0.357398
v -1.022602 1.573820 -0.430348
v -1.049304 1.573820 -0.530000
v -1.022602 1.573820 -0.629652
v -0.949652 1.573820 -0.702602
v -0.850000 1.584542 -0.712703
v -0.758648 1.584542 -0.688226
v -0.691774 1.584542 -0.621352
v -0.691774 1.584542 -0.438648
v -0.758648 1.584542 -0.371774
v -0.850000 1.584542 -0.347296
v -0.941352 1.584542 -0.371774
v -1.008226 1.584542 -0.438648
v -1.032704 1.584542 -0.530000
v -1.008226 1.584542 -0.621352
v -0.941352 1.584542 -0.688226
v -0.850000 1.584542 -0.728246
v -0.750877 1.584542 -0.701686
v -0.678314 1.606478 -0.607186
v -0.678314 1.606478 -0.452814
v -0.750877 1.584542 -0.358314
v -0.850000 1.584542 -0.331754
v -0.949123 1.584542 -0.358314
v -1.021686 1.584542 -0.430877
v -1.048246 1.584542 -0.530000
v -1.021686 1.584542 -0.629123
v -0.949123 1.584542 -0.701686
v -0.850000 3.206093 -0.723945
v -0.753027 3.206093 -0.697961
v -0.678314 3.177001 -0.607186
v -0.678314 3.177001 -0.452814
v -0.753027 3.206093 -0.362039
v -0.850000 3.206093 -0.336055
v -0.946973 3.206093 -0.362039
v -1.017961 3.206093 -0.433027
v -1.043945 3.206093 -0.530000
v -1.017961 3.206093 -0.626972
v -0.946973 3.206093 -0.697961
v -0.850000 3.238919 -0.702181
v -0.763909 3.238919 -0.679113
v -0.700972 3.238660 -0.615587
v -0.698843 3.238797 -0.530000
v -0.700972 3.238660 -0.444413
v -0.763909 3.238919 -0.380887
v -0.850000 3.238919 -0.357819
v -0.936091 3.238919 -0.380887
v -0.999113 3.238919 -0.443909
v -1.022181 3.238919 -0.530000
v -0.999113 3.238919 -0.616091
v -0.936091 3.238919 -0.679113
v -0.850000 3.288720 -0.622979
v -0.803510 3.288720 -0.610523
v -0.769477 3.288720 -0.576490
v -0.757021 3.288720 -0.530000
v -0.769477 3.288720 -0.483510
v -0.803510 3.288720 -0.449477
v -0.850000 3.288720 -0.437021
v -0.896490 3.288720 -0.449477
v -0.930523 3.288720 -0.483510
v -0.942979 3.288720 -0.530000
v -0.930523 3.288720 -0.576490
v -0.896490 3.288720 -0.610523
v -0.850000 3.330802 -0.622979
v -0.803510 3.330802 -0.610523
v -0.769477 3.330802 -0.576490
v -0.757021 3.330802 -0.530000
v -0.769477 3.330802 -0.483510
v -0.803510 3.330802 -0.449477
v -0.850000 3.330802 -0.437021
v -0.896490 3.330802 -0.449477
v -0.930523 3.330802 -0.483510
v -0.942980 3.330802 -0.530000
v -0.930523 3.330802 -0.576490
v -0.896490 3.330802 -0.610523
v -0.678314 1.584542 -0.629123
v -0.678314 1.584542 -0.430877
v -0.681961 3.206367 -0.627518
v -0.681961 3.206367 -0.432482
v -0.694712 1.606478 -0.607186
v -0.694712 1.606478 -0.452814
v -0.694712 3.177001 -0.607186
v -0.694712 3.177001 -0.452814
v -0.735657 1.546220 -0.728048
v -0.850000 1.534550 -0.769959
v -0.850000 1.562149 -0.740577
v -0.744712 1.562149 -0.712365
v -0.652201 1.546998 -0.645692
v -0.667386 1.561372 -0.633939
v -0.677398 1.573820 -0.430348
v -0.652201 1.546998 -0.414308
v -0.735657 1.546220 -0.331952
v -0.744712 1.562149 -0.347635
v -0.850000 1.546220 -0.301314
v -0.850000 1.562149 -0.319423
v -0.964343 1.546220 -0.331952
v -0.955288 1.562149 -0.347635
v -1.048048 1.546220 -0.415657
v -1.032365 1.562149 -0.424712
v -1.078686 1.546220 -0.530000
v -1.060577 1.562149 -0.530000
v -1.048048 1.546220 -0.644343
v -1.032365 1.562149 -0.635288
v -0.964343 1.546220 -0.728048
v -0.955288 1.562149 -0.712365
v -0.745267 1.560809 -0.711386
v -0.737664 1.547474 -0.724581
v -0.850000 1.544906 -0.757530
v -0.850000 1.560835 -0.739421
v -0.665805 1.557277 -0.634703
v -0.655830 1.548386 -0.644088
v -0.668440 1.560023 -0.426424
v -0.653196 1.545639 -0.414782
v -0.743814 1.558215 -0.346126
v -0.736213 1.544880 -0.332930
v -0.850001 1.558179 -0.317761
v -0.849999 1.547563 -0.305287
v -0.954711 1.560835 -0.348636
v -0.962356 1.547563 -0.335393
v -1.031364 1.560835 -0.425289
v -1.047047 1.544906 -0.416235
v -1.062239 1.558179 -0.530000
v -1.074713 1.547563 -0.530000
v -1.033804 1.558179 -0.636119
v -1.044607 1.547563 -0.642356
v -0.954711 1.560835 -0.711364
v -0.963765 1.544906 -0.727047
v -0.736213 1.544880 -0.727070
v -0.849999 1.547563 -0.754713
v -0.850001 1.558179 -0.742239
v -0.743814 1.558215 -0.713874
v -0.653196 1.545639 -0.645218
v -0.668440 1.560023 -0.633576
v -0.665805 1.557277 -0.425297
v -0.655830 1.548386 -0.415912
v -0.737664 1.547474 -0.335419
v -0.745267 1.560809 -0.348614
v -0.850000 1.544906 -0.302469
v -0.850000 1.560835 -0.320579
v -0.963765 1.544906 -0.332953
v -0.956119 1.558179 -0.346196
v -1.044607 1.547563 -0.417644
v -1.033804 1.558179 -0.423881
v -1.077531 1.544906 -0.530000
v -1.059421 1.560835 -0.530000
v -1.047047 1.544906 -0.643765
v -1.031364 1.560835 -0.634711
v -0.962356 1.547563 -0.724607
v -0.956119 1.558179 -0.713804
v -0.744188 1.557257 -0.713207
v -0.738038 1.546516 -0.723914
v -0.850000 1.546631 -0.753916
v -0.850001 1.557248 -0.741442
v -0.666520 1.556308 -0.634473
v -0.656487 1.547407 -0.643753
v -0.666520 1.556308 -0.425527
v -0.656487 1.547407 -0.416247
v -0.744188 1.557257 -0.346793
v -0.738038 1.546516 -0.336086
v -0.850001 1.557248 -0.318558
v -0.850000 1.546631 -0.306084
v -0.955722 1.557245 -0.346884
v -0.961959 1.546629 -0.336081
v -1.033116 1.557245 -0.424278
v -1.043919 1.546629 -0.418041
v -1.061444 1.557245 -0.530000
v -1.073918 1.546629 -0.530000
v -1.033116 1.557245 -0.635722
v -1.043919 1.546629 -0.641959
v -0.955722 1.557245 -0.713116
v -0.961959 1.546629 -0.723919
v -0.850000 1.938967 -0.744663
v -0.850000 1.947626 -0.744663
v -0.957332 1.947626 -0.715904
v -0.957332 1.938967 -0.715904
v -0.850000 1.759590 -0.744663
v -0.850000 1.768248 -0.744663
v -0.957332 1.768248 -0.715904
v -0.957332 1.759590 -0.715904
v -0.742668 3.023890 -0.715904
v -0.742668 3.015231 -0.715904
v -0.742668 2.844512 -0.715904
v -0.742668 2.835854 -0.715904
v -0.742668 2.665135 -0.715904
v -0.742668 2.656476 -0.715904
v -0.742668 2.485758 -0.715904
v -0.742668 2.477099 -0.715904
v -0.742668 2.306381 -0.715904
v -0.742668 2.297722 -0.715904
v -0.742668 2.127003 -0.715904
v -0.742668 2.118345 -0.715904
v -0.742668 1.947626 -0.715904
v -0.742668 1.938967 -0.715904
v -0.742668 1.768248 -0.715904
v -0.742668 1.759590 -0.715904
v -1.064663 3.015231 -0.530000
v -1.064663 3.023890 -0.530000
v -1.035904 3.023890 -0.422668
v -1.035904 3.015231 -0.422668
v -1.064663 2.835854 -0.530000
v -1.064663 2.844512 -0.530000
v -1.035904 2.844512 -0.422668
v -1.035904 2.835854 -0.422668
v -1.064663 2.656476 -0.530000
v -1.064663 2.665135 -0.530000
v -1.035904 2.665135 -0.422668
v -1.035904 2.656476 -0.422668
v -1.064663 2.477099 -0.530000
v -1.064663 2.485758 -0.530000
v -1.035904 2.485758 -0.422668
v -1.035904 2.477099 -0.422668
v -1.064663 2.297722 -0.530000
v -1.064663 2.306381 -0.530000
v -1.035904 2.306381 -0.422668
v -1.035904 2.297722 -0.422668
v -1.064663 2.118345 -0.530000
v -1.064663 2.127003 -0.530000
v -1.035904 2.127003 -0.422668
v -1.035904 2.118345 -0.422668
v -1.064663 1.938967 -0.530000
v -1.064663 1.947626 -0.530000
v -1.035904 1.947626 -0.422668
v -1.035904 1.938967 -0.422668
v -1.064663 1.759590 -0.530000
v -1.064663 1.768248 -0.530000
v -1.035904 1.768248 -0.422668
v -1.035904 1.759590 -0.422668
v -0.666705 1.759590 -0.419268
v -0.666705 1.768248 -0.419268
v -0.666705 1.938967 -0.419268
v -0.666705 1.947626 -0.419268
v -0.666705 2.118345 -0.419268
v -0.666705 2.127003 -0.419268
v -0.666705 2.297722 -0.419268
v -0.666705 2.306381 -0.419268
v -0.666705 2.477099 -0.419268
v -0.666705 2.485758 -0.419268
v -0.666705 2.656476 -0.419268
v -0.666705 2.665135 -0.419268
v -0.666705 2.835854 -0.419268
v -0.666705 2.844512 -0.419268
v -0.666705 3.015231 -0.419268
v -0.666705 3.023890 -0.419268
v -0.666705 3.023890 -0.640732
v -0.666705 3.015231 -0.640732
v -0.666705 2.844512 -0.640732
v -0.666705 2.835854 -0.640732
v -0.666705 2.665135 -0.640732
v -0.666705 2.656476 -0.640732
v -0.666705 2.485758 -0.640732
v -0.666705 2.477099 -0.640732
v -0.666705 2.306381 -0.640732
v -0.666705 2.297722 -0.640732
v -0.666705 2.127003 -0.640732
v -0.666705 2.118345 -0.640732
v -0.666705 1.947626 -0.640732
v -0.666705 1.938967 -0.640732
v -0.666705 1.768248 -0.640732
v -0.666705 1.759590 -0.640732
v -0.678314 1.780981 -0.607186
v -0.678314 1.955484 -0.607186
v -0.678314 2.129986 -0.607186
v -0.678314 2.304489 -0.607186
v -0.678314 2.478991 -0.607186
v -0.678314 2.653493 -0.607186
v -0.678314 2.827996 -0.607186
v -0.678314 3.002499 -0.607186
v -0.678314 3.002499 -0.452814
v -0.678314 2.827996 -0.452814
v -0.678314 2.653494 -0.452814
v -0.678314 2.478991 -0.452814
v -0.678314 2.304489 -0.452814
v -0.678314 2.129986 -0.452814
v -0.678314 1.955483 -0.452814
v -0.678314 1.780981 -0.452814
v -0.694712 1.780981 -0.607186
v -0.694712 1.955484 -0.607186
v -0.694712 2.129986 -0.607186
v -0.694712 2.304489 -0.607186
v -0.694712 2.478991 -0.607186
v -0.694712 2.653493 -0.607186
v -0.694712 2.827996 -0.607186
v -0.694712 3.002499 -0.607186
v -0.694712 3.002499 -0.452814
v -0.694712 2.827996 -0.452814
v -0.694712 2.653494 -0.452814
v -0.694712 2.478991 -0.452814
v -0.694712 2.304489 -0.452814
v -0.694712 2.129986 -0.452814
v -0.694712 1.955483 -0.452814
v -0.694712 1.780981 -0.452814
v -0.750877 1.777956 -0.358314
v -0.750877 1.749882 -0.358314
v -0.750877 1.957334 -0.358314
v -0.750877 1.929259 -0.358314
v -0.750877 2.136711 -0.358314
v -0.750877 2.108636 -0.358314
v -0.750877 2.316088 -0.358314
v -0.750877 2.288014 -0.358314
v -0.750877 2.495466 -0.358314
v -0.750877 2.467391 -0.358314
v -0.750877 2.674843 -0.358314
v -0.750877 2.646769 -0.358314
v -0.750877 2.854220 -0.358314
v -0.750877 2.826146 -0.358314
v -0.750877 3.033598 -0.358314
v -0.750877 3.005523 -0.358314
v -0.850000 3.005523 -0.331754
v -0.850000 3.033598 -0.331754
v -0.850000 2.826146 -0.331754
v -0.850000 2.854220 -0.331754
v -0.850000 2.646769 -0.331754
v -0.850000 2.674843 -0.331754
v -0.850000 2.467391 -0.331754
v -0.850000 2.495466 -0.331754
v -0.850000 2.288014 -0.331754
v -0.850000 2.316089 -0.331754
v -0.850000 2.108636 -0.331754
v -0.850000 2.136711 -0.331754
v -0.850000 1.929259 -0.331754
v -0.850000 1.957334 -0.331754
v -0.850000 1.749882 -0.331754
v -0.850000 1.777956 -0.331754
v -0.678314 1.749882 -0.629123
v -0.678314 1.777956 -0.629123
v -0.678314 1.772537 -0.618042
v -0.678314 1.929259 -0.629123
v -0.678314 1.957334 -0.629123
v -0.678314 1.950114 -0.616852
v -0.678314 2.108636 -0.629123
v -0.678314 2.136711 -0.629123
v -0.678314 2.127113 -0.615806
v -0.678314 2.288014 -0.629123
v -0.678314 2.316088 -0.629123
v -0.678314 2.303601 -0.615171
v -0.678314 2.467391 -0.629123
v -0.678314 2.495466 -0.629123
v -0.678314 2.479878 -0.615171
v -0.678314 2.646769 -0.629123
v -0.678314 2.674843 -0.629123
v -0.678314 2.656367 -0.615806
v -0.678314 2.826146 -0.629123
v -0.678314 2.854220 -0.629123
v -0.678314 2.833366 -0.616852
v -0.678314 3.005523 -0.629123
v -0.678314 3.033598 -0.629123
v -0.678314 3.010942 -0.618042
v -1.048246 1.777956 -0.530000
v -1.048246 1.749882 -0.530000
v -1.048246 1.957334 -0.530000
v -1.048246 1.929259 -0.530000
v -1.048246 2.136711 -0.530000
v -1.048246 2.108636 -0.530000
v -1.048246 2.316088 -0.530000
v -1.048246 2.288014 -0.530000
v -1.048246 2.495466 -0.530000
v -1.048246 2.467391 -0.530000
v -1.048246 2.674843 -0.530000
v -1.048246 2.646769 -0.530000
v -1.048246 2.854220 -0.530000
v -1.048246 2.826146 -0.530000
v -1.048246 3.033598 -0.530000
v -1.048246 3.005523 -0.530000
v -1.021686 3.005523 -0.629123
v -1.021686 3.033598 -0.629123
v -1.021686 2.826146 -0.629123
v -1.021686 2.854220 -0.629123
v -1.021686 2.646769 -0.629123
v -1.021686 2.674843 -0.629123
v -1.021686 2.467391 -0.629123
v -1.021686 2.495466 -0.629123
v -1.021686 2.288014 -0.629123
v -1.021686 2.316089 -0.629123
v -1.021686 2.108636 -0.629123
v -1.021686 2.136711 -0.629123
v -1.021686 1.929259 -0.629123
v -1.021686 1.957334 -0.629123
v -1.021686 1.749882 -0.629123
v -1.021686 1.777956 -0.629123
v -0.949123 3.005523 -0.358314
v -0.949123 3.033598 -0.358314
v -0.949123 2.826146 -0.358314
v -0.949123 2.854220 -0.358314
v -0.949123 2.646769 -0.358314
v -0.949123 2.674843 -0.358314
v -0.949123 2.467391 -0.358314
v -0.949123 2.495466 -0.358314
v -0.949123 2.288014 -0.358314
v -0.949123 2.316089 -0.358314
v -0.949123 2.108636 -0.358314
v -0.949123 2.136711 -0.358314
v -0.949123 1.929259 -0.358314
v -0.949123 1.957334 -0.358314
v -0.949123 1.749882 -0.358314
v -0.949123 1.777956 -0.358314
v -0.678314 3.033598 -0.430877
v -0.678314 3.005523 -0.430877
v -0.678314 3.010942 -0.441958
v -0.678314 2.854220 -0.430877
v -0.678314 2.826146 -0.430877
v -0.678314 2.833366 -0.443148
v -0.678314 2.674843 -0.430877
v -0.678314 2.646769 -0.430877
v -0.678314 2.656367 -0.444194
v -0.678314 2.495466 -0.430877
v -0.678314 2.467391 -0.430877
v -0.678314 2.479878 -0.444829
v -0.678314 2.316089 -0.430877
v -0.678314 2.288014 -0.430877
v -0.678314 2.303601 -0.444829
v -0.678314 2.136711 -0.430877
v -0.678314 2.108636 -0.430877
v -0.678314 2.127113 -0.444194
v -0.678314 1.957334 -0.430877
v -0.678314 1.929259 -0.430877
v -0.678314 1.950114 -0.443148
v -0.678314 1.777956 -0.430877
v -0.678314 1.749882 -0.430877
v -0.678314 1.772537 -0.441958
v -0.949123 3.005523 -0.701686
v -0.949123 3.033598 -0.701686
v -0.949123 2.826146 -0.701686
v -0.949123 2.854220 -0.701686
v -0.949123 2.646769 -0.701686
v -0.949123 2.674843 -0.701686
v -0.949123 2.467391 -0.701686
v -0.949123 2.495466 -0.701686
v -0.949123 2.288014 -0.701686
v -0.949123 2.316089 -0.701686
v -0.949123 2.108636 -0.701686
v -0.949123 2.136711 -0.701686
v -0.949123 1.929259 -0.701686
v -0.949123 1.957334 -0.701686
v -0.949123 1.749882 -0.701686
v -0.949123 1.777956 -0.701686
v -0.850000 1.777956 -0.728246
v -0.850000 1.749882 -0.728246
v -0.850000 1.957334 -0.728246
v -0.850000 1.929259 -0.728246
v -0.850000 2.136711 -0.728246
v -0.850000 2.108636 -0.728246
v -0.850000 2.316088 -0.728246
v -0.850000 2.288014 -0.728246
v -0.850000 2.495466 -0.728246
v -0.850000 2.467391 -0.728246
v -0.850000 2.674843 -0.728246
v -0.850000 2.646769 -0.728246
v -0.850000 2.854220 -0.728246
v -0.850000 2.826146 -0.728246
v -0.850000 3.033598 -0.728246
v -0.850000 3.005523 -0.728246
v -0.750877 3.005523 -0.701686
v -0.750877 3.033598 -0.701686
v -0.750877 2.826146 -0.701686
v -0.750877 2.854220 -0.701686
v -0.750877 2.646769 -0.701686
v -0.750877 2.674843 -0.701686
v -0.750877 2.467391 -0.701686
v -0.750877 2.495466 -0.701686
v -0.750877 2.288014 -0.701686
v -0.750877 2.316089 -0.701686
v -0.750877 2.108636 -0.701686
v -0.750877 2.136711 -0.701686
v -0.750877 1.929259 -0.701686
v -0.750877 1.957334 -0.701686
v -0.750877 1.749882 -0.701686
v -0.750877 1.777956 -0.701686
v -1.021686 3.005523 -0.430877
v -1.021686 3.033598 -0.430877
v -1.021686 2.826146 -0.430877
v -1.021686 2.854220 -0.430877
v -1.021686 2.646769 -0.430877
v -1.021686 2.674843 -0.430877
v -1.021686 2.467391 -0.430877
v -1.021686 2.495466 -0.430877
v -1.021686 2.288014 -0.430877
v -1.021686 2.316089 -0.430877
v -1.021686 2.108636 -0.430877
v -1.021686 2.136711 -0.430877
v -1.021686 1.929259 -0.430877
v -1.021686 1.957334 -0.430877
v -1.021686 1.749882 -0.430877
v -1.021686 1.777956 -0.430877
v -0.957332 2.118345 -0.715904
v -0.957332 2.127003 -0.715904
v -0.850000 2.127003 -0.744663
v -0.850000 2.118345 -0.744663
v -0.957332 2.297722 -0.715904
v -0.957332 2.306381 -0.715904
v -0.850000 2.306381 -0.744663
v -0.850000 2.297722 -0.744663
v -0.957332 2.477099 -0.715904
v -0.957332 2.485758 -0.715904
v -0.850000 2.485758 -0.744663
v -0.850000 2.477099 -0.744663
v -0.957332 2.656476 -0.715904
v -0.957332 2.665135 -0.715904
v -0.850000 2.665135 -0.744663
v -0.850000 2.656476 -0.744663
v -0.957332 2.835854 -0.715904
v -0.957332 2.844512 -0.715904
v -0.850000 2.844512 -0.744663
v -0.850000 2.835854 -0.744663
v -0.957332 3.015231 -0.715904
v -0.957332 3.023890 -0.715904
v -0.850000 3.023890 -0.744663
v -0.850000 3.015231 -0.744663
v -0.742668 1.768248 -0.344096
v -0.742668 1.759590 -0.344096
v -0.742668 1.947626 -0.344096
v -0.742668 1.938967 -0.344096
v -0.742668 2.127003 -0.344096
v -0.742668 2.118345 -0.344096
v -0.742668 2.306381 -0.344096
v -0.742668 2.297722 -0.344096
v -0.742668 2.485758 -0.344096
v -0.742668 2.477099 -0.344096
v -0.742668 2.665135 -0.344096
v -0.742668 2.656476 -0.344096
v -0.742668 2.844512 -0.344096
v -0.742668 2.835854 -0.344096
v -0.742668 3.023890 -0.344096
v -0.742668 3.015231 -0.344096
v -0.957332 1.759590 -0.344096
v -0.957332 1.768248 -0.344096
v -0.957332 1.938967 -0.344096
v -0.957332 1.947626 -0.344096
v -0.957332 2.118345 -0.344096
v -0.957332 2.127003 -0.344096
v -0.957332 2.297722 -0.344096
v -0.957332 2.306381 -0.344096
v -0.957332 2.477099 -0.344096
v -0.957332 2.485758 -0.344096
v -0.957332 2.656476 -0.344096
v -0.957332 2.665135 -0.344096
v -0.957332 2.835854 -0.344096
v -0.957332 2.844512 -0.344096
v -0.957332 3.015231 -0.344096
v -0.957332 3.023890 -0.344096
v -1.035904 1.759590 -0.637332
v -1.035904 1.768248 -0.637332
v -1.035904 1.938967 -0.637332
v -1.035904 1.947626 -0.637332
v -1.035904 2.118345 -0.637332
v -1.035904 2.127003 -0.637332
v -1.035904 2.297722 -0.637332
v -1.035904 2.306381 -0.637332
v -1.035904 2.477099 -0.637332
v -1.035904 2.485758 -0.637332
v -1.035904 2.656476 -0.637332
v -1.035904 2.665135 -0.637332
v -1.035904 2.835854 -0.637332
v -1.035904 2.844512 -0.637332
v -1.035904 3.015231 -0.637332
v -1.035904 3.023890 -0.637332
v -0.850000 1.759590 -0.315337
v -0.850000 1.768248 -0.315337
v -0.850000 1.938967 -0.315337
v -0.850000 1.947626 -0.315337
v -0.850000 2.118345 -0.315337
v -0.850000 2.127003 -0.315337
v -0.850000 2.297722 -0.315337
v -0.850000 2.306381 -0.315337
v -0.850000 2.477099 -0.315337
v -0.850000 2.485758 -0.315337
v -0.850000 2.656476 -0.315337
v -0.850000 2.665135 -0.315337
v -0.850000 2.835854 -0.315337
v -0.850000 2.844512 -0.315337
v -0.850000 3.015231 -0.315337
v -0.850000 3.023890 -0.315337
v -0.850000 3.198938 -0.728246
v -0.750877 3.198938 -0.701686
v -0.678314 3.198938 -0.629123
v -0.678314 3.198938 -0.430877
v -0.750877 3.198938 -0.358314
v -0.850000 3.198938 -0.331754
v -0.949123 3.198938 -0.358314
v -1.021686 3.198938 -0.430877
v -1.048246 3.198938 -0.530000
v -1.021686 3.198938 -0.629123
v -0.949123 3.198938 -0.701686
v -0.850000 3.246074 -0.697881
v -0.766060 3.246074 -0.675389
v -0.704611 3.246074 -0.613940
v -0.702772 3.246074 -0.530000
v -0.704611 3.246074 -0.446060
v -0.766060 3.246074 -0.384611
v -0.850000 3.246074 -0.362119
v -0.933940 3.246074 -0.384611
v -0.995389 3.246074 -0.446060
v -1.017881 3.246074 -0.530000
v -0.995389 3.246074 -0.613940
v -0.933940 3.246074 -0.675389
v -0.753902 3.204915 -0.363557
v -0.764784 3.237741 -0.382405
v -0.850000 3.237752 -0.359579
v -0.850000 3.204926 -0.337815
v -0.683577 3.205203 -0.626813
v -0.702624 3.237504 -0.614958
v -1.042185 3.204926 -0.530000
v -1.020421 3.237752 -0.530000
v -0.997589 3.237752 -0.615211
v -1.016437 3.204926 -0.626092
v -0.935211 3.237752 -0.382411
v -0.946092 3.204926 -0.363563
v -0.702624 3.237504 -0.445042
v -0.683577 3.205203 -0.433187
v -0.935211 3.237752 -0.677589
v -0.946092 3.204926 -0.696437
v -0.850000 3.204926 -0.722185
v -0.850000 3.237752 -0.700421
v -0.764784 3.237741 -0.677595
v -0.753902 3.204915 -0.696442
v -0.997589 3.237752 -0.444789
v -1.016437 3.204926 -0.433908
v -0.700688 3.237770 -0.530000
v -0.644114 1.303382 -0.157842
v -0.639106 2.742149 -0.139149
v -0.355886 1.303382 -0.157842
v -0.360894 2.742149 -0.139149
v -0.106273 1.303382 -0.013728
v -0.119957 2.742149 -0.000043
v 0.037842 1.303382 0.235886
v 0.019149 2.742149 0.240894
v 0.037842 1.303382 0.524114
v 0.019149 2.742149 0.519106
v -0.106272 1.303382 0.773727
v -0.119957 2.742149 0.760043
v -0.355886 1.303382 0.917842
v -0.360894 2.742149 0.899149
v -0.644114 1.303382 0.917842
v -0.639106 2.742149 0.899149
v -0.893727 1.303382 0.773728
v -0.880043 2.742149 0.760043
v -1.037842 1.303382 0.524114
v -1.019149 2.742149 0.519106
v -1.037842 1.303382 0.235886
v -1.019149 2.742149 0.240894
v -0.893728 1.303382 -0.013727
v -0.880043 2.742149 -0.000043
v -0.644114 1.499210 -0.157842
v -0.644114 1.352975 -0.157842
v -0.355886 1.352975 -0.157842
v -0.355886 1.499210 -0.157842
v -0.106273 1.352975 -0.013728
v -0.106273 1.499210 -0.013728
v 0.037842 1.352975 0.235886
v 0.037842 1.499210 0.235886
v 0.037842 1.352975 0.524114
v 0.037842 1.499210 0.524114
v -0.106272 1.352975 0.773727
v -0.106272 1.499210 0.773727
v -0.355886 1.352975 0.917842
v -0.355886 1.499210 0.917842
v -0.644114 1.352975 0.917842
v -0.644114 1.499210 0.917842
v -0.893727 1.352975 0.773728
v -0.893727 1.499210 0.773728
v -1.037842 1.352975 0.524114
v -1.037842 1.499210 0.524114
v -1.037842 1.352975 0.235886
v -1.037842 1.499210 0.235886
v -0.893728 1.352975 -0.013727
v -0.893728 1.499210 -0.013727
v -0.884157 1.437455 -0.004157
v -0.884157 1.461451 -0.004157
v -0.640611 1.461451 -0.144768
v -0.640611 1.437455 -0.144768
v -1.024768 1.437455 0.239389
v -1.024768 1.461451 0.239389
v -1.024768 1.437455 0.520611
v -1.024768 1.461451 0.520611
v -0.884157 1.437455 0.764157
v -0.884157 1.461451 0.764157
v -0.640611 1.437455 0.904768
v -0.640611 1.461451 0.904768
v -0.359389 1.437455 0.904768
v -0.359389 1.461451 0.904768
v -0.115843 1.437455 0.764157
v -0.115843 1.461451 0.764157
v 0.024768 1.437455 0.520611
v 0.024768 1.461451 0.520611
v 0.024768 1.437455 0.239389
v 0.024768 1.461451 0.239389
v -0.115843 1.437455 -0.004157
v -0.115843 1.461451 -0.004157
v -0.359389 1.437455 -0.144768
v -0.359389 1.461451 -0.144768
v -0.355886 2.704391 -0.157842
v -0.644114 2.704391 -0.157842
v -0.106273 2.704391 -0.013728
v 0.037842 2.704391 0.235886
v 0.037842 2.704391 0.524114
v -0.106272 2.704391 0.773727
v -0.355886 2.704391 0.917842
v -0.644114 2.704391 0.917842
v -0.893727 2.704391 0.773728
v -1.037842 2.704391 0.524114
v -1.037842 2.704391 0.235886
v -0.893728 2.704391 -0.013727
v -0.360894 2.758020 -0.139149
v -0.639106 2.758020 -0.139149
v -0.119957 2.758020 -0.000043
v 0.019149 2.758020 0.240894
v 0.019149 2.758020 0.519106
v -0.119957 2.758020 0.760043
v -0.360894 2.758020 0.899149
v -0.639106 2.758020 0.899149
v -0.880043 2.758020 0.760043
v -1.019149 2.758020 0.519106
v -1.019149 2.758020 0.240894
v -0.880043 2.758020 -0.000043
v -0.356273 2.758020 -0.156396
v -0.643727 2.758020 -0.156396
v -0.107331 2.758020 -0.012669
v 0.036396 2.758020 0.236273
v 0.036396 2.758020 0.523727
v -0.107331 2.758020 0.772669
v -0.356273 2.758020 0.916396
v -0.643727 2.758020 0.916396
v -0.892669 2.758020 0.772669
v -1.036396 2.758020 0.523727
v -1.036396 2.758020 0.236273
v -0.892669 2.758020 -0.012669
v -0.357714 2.842615 -0.151020
v -0.642286 2.842615 -0.151020
v -0.111266 2.842615 -0.008734
v 0.031020 2.842615 0.237714
v 0.031020 2.842615 0.522286
v -0.111266 2.842615 0.768734
v -0.357714 2.842615 0.911020
v -0.642286 2.842615 0.911020
v -0.888734 2.842615 0.768734
v -1.031020 2.842615 0.522286
v -1.031020 2.842615 0.237714
v -0.888734 2.842615 -0.008734
v -0.361444 2.862396 -0.137098
v -0.638556 2.862396 -0.137098
v -0.121458 2.862396 0.001458
v 0.017098 2.862396 0.241444
v 0.017098 2.862396 0.518556
v -0.121458 2.862396 0.758542
v -0.361444 2.862396 0.897098
v -0.638556 2.862396 0.897098
v -0.878542 2.862396 0.758542
v -1.017098 2.862396 0.518556
v -1.017098 2.862396 0.241444
v -0.878542 2.862396 0.001458
v -0.381472 2.982434 -0.062354
v -0.618528 2.982434 -0.062354
v -0.176174 2.982434 0.056174
v -0.057646 2.982434 0.261472
v -0.057646 2.982434 0.498528
v -0.176174 2.982434 0.703826
v -0.381472 2.982434 0.822354
v -0.618528 2.982434 0.822354
v -0.823826 2.982434 0.703826
v -0.942354 2.982434 0.498528
v -0.942354 2.982434 0.261472
v -0.823826 2.982434 0.056174
v -0.430763 3.069070 0.121604
v -0.569237 3.069070 0.121604
v -0.310841 3.069070 0.190841
v -0.241604 3.069070 0.310763
v -0.241604 3.069070 0.449237
v -0.310841 3.069070 0.569159
v -0.430763 3.069070 0.638396
v -0.569237 3.069070 0.638396
v -0.689159 3.069070 0.569159
v -0.758396 3.069070 0.449237
v -0.758396 3.069070 0.310763
v -0.689159 3.069070 0.190841
v -0.430763 3.104281 0.121604
v -0.569237 3.104281 0.121604
v -0.310841 3.104281 0.190841
v -0.241604 3.104281 0.310763
v -0.241604 3.104281 0.449237
v -0.310841 3.104281 0.569159
v -0.430763 3.104281 0.638396
v -0.569237 3.104281 0.638396
v -0.689159 3.104281 0.569159
v -0.758396 3.104281 0.449237
v -0.758396 3.104281 0.310763
v -0.689159 3.104281 0.190841
v -0.644114 1.218902 -0.157842
v -0.355886 1.218902 -0.157842
v -0.106273 1.218902 -0.013728
v 0.037842 1.218902 0.235886
v 0.037842 1.218902 0.524114
v -0.106272 1.218902 0.773727
v -0.355886 1.218902 0.917842
v -0.644114 1.218902 0.917842
v -0.893727 1.218902 0.773728
v -1.037842 1.218902 0.524114
v -1.037842 1.218902 0.235886
v -0.893728 1.218902 -0.013727
v -0.644114 1.437455 -0.157842
v -0.893728 1.437455 -0.013727
v -1.037842 1.437455 0.235886
v -1.037842 1.437455 0.524114
v -0.893727 1.437455 0.773728
v -0.644114 1.437455 0.917842
v -0.355886 1.437455 0.917842
v -0.106272 1.437455 0.773727
v 0.037842 1.437455 0.524114
v 0.037842 1.437455 0.235886
v -0.106273 1.437455 -0.013728
v -0.355886 1.437455 -0.157842
v -0.643139 1.308850 -0.154202
v -0.643139 1.347507 -0.154202
v -0.356861 1.352975 -0.154202
v -0.356861 1.303382 -0.154202
v -0.891063 1.308850 -0.011063
v -0.891063 1.347507 -0.011063
v -0.108937 1.352975 -0.011063
v -0.108937 1.303382 -0.011063
v 0.034202 1.352975 0.236861
v 0.034202 1.308850 0.236861
v 0.034202 1.347507 0.523139
v 0.034202 1.308850 0.523139
v -0.108937 1.347507 0.771063
v -0.108937 1.308850 0.771063
v -0.356861 1.347507 0.914202
v -0.356861 1.303382 0.914202
v -0.643139 1.347507 0.914202
v -0.643139 1.303382 0.914202
v -0.891063 1.352975 0.771063
v -0.891063 1.303382 0.771063
v -1.034202 1.352975 0.523139
v -1.034202 1.303382 0.523139
v -1.034202 1.352975 0.236861
v -1.034202 1.308850 0.236861
v -0.643139 1.303382 -0.154202
v -0.356861 1.308850 -0.154202
v -0.108937 1.308850 -0.011063
v 0.034202 1.303382 0.236861
v 0.034202 1.303382 0.523139
v -0.108937 1.303382 0.771063
v -0.356861 1.308850 0.914202
v -0.643139 1.308850 0.914202
v -0.891063 1.308850 0.771063
v -1.034202 1.308850 0.523139
v -1.034202 1.303382 0.236861
v -0.891063 1.303382 -0.011063
v -0.643139 1.352975 -0.154202
v -0.891063 1.352975 -0.011063
v -1.034202 1.347507 0.236861
v -1.034202 1.347507 0.523139
v -0.891063 1.347507 0.771063
v -0.643139 1.352975 0.914202
v -0.356861 1.352975 0.914202
v -0.108937 1.352975 0.771063
v 0.034202 1.352975 0.523139
v 0.034202 1.347507 0.236861
v -0.108937 1.347507 -0.011063
v -0.356861 1.347507 -0.154202
v -0.642194 1.308850 -0.150675
v -0.642194 1.347507 -0.150675
v -0.357806 1.347507 -0.150675
v -0.357806 1.308850 -0.150675
v -0.888481 1.308850 -0.008481
v -0.888481 1.347507 -0.008481
v -0.111519 1.347507 -0.008481
v -0.111519 1.308850 -0.008481
v 0.030675 1.347507 0.237806
v 0.030675 1.308850 0.237806
v 0.030675 1.347507 0.522194
v 0.030675 1.308850 0.522194
v -0.111519 1.347507 0.768481
v -0.111519 1.308850 0.768481
v -0.357806 1.347507 0.910675
v -0.357806 1.308850 0.910675
v -0.642194 1.347507 0.910675
v -0.642194 1.308850 0.910675
v -0.888481 1.347507 0.768481
v -0.888481 1.308850 0.768481
v -1.030675 1.347507 0.522194
v -1.030675 1.308850 0.522194
v -1.030675 1.347507 0.237806
v -1.030675 1.308850 0.237806
v -0.356273 2.835631 -0.156396
v -0.643727 2.835631 -0.156396
v -0.107331 2.835631 -0.012669
v 0.036396 2.835631 0.236273
v 0.036396 2.835631 0.523727
v -0.107331 2.835631 0.772669
v -0.356273 2.835631 0.916396
v -0.643727 2.835631 0.916396
v -0.892669 2.835631 0.772669
v -1.036396 2.835631 0.523727
v -1.036396 2.835631 0.236273
v -0.892669 2.835631 -0.012669
v -0.361444 2.842615 -0.137098
v -0.638556 2.842615 -0.137098
v -0.121458 2.842615 0.001458
v 0.017098 2.842615 0.241444
v 0.017098 2.842615 0.518556
v -0.121458 2.842615 0.758542
v -0.361444 2.842615 0.897098
v -0.638556 2.842615 0.897098
v -0.878542 2.842615 0.758542
v -1.017098 2.842615 0.518556
v -1.017098 2.842615 0.241444
v -0.878542 2.842615 0.001458
v -0.430763 3.053990 0.121604
v -0.569237 3.053990 0.121604
v -0.310841 3.053990 0.190841
v -0.241604 3.053990 0.310763
v -0.241604 3.053990 0.449237
v -0.310841 3.053990 0.569159
v -0.430763 3.053990 0.638396
v -0.569237 3.053990 0.638396
v -0.689159 3.053990 0.569159
v -0.758396 3.053990 0.449237
v -0.758396 3.053990 0.310763
v -0.689159 3.053990 0.190841
v -0.467897 3.119361 0.260188
v -0.532104 3.119361 0.260188
v -0.412292 3.119361 0.292292
v -0.380188 3.119361 0.347896
v -0.380188 3.119361 0.412103
v -0.412292 3.119361 0.467708
v -0.467897 3.119361 0.499812
v -0.532104 3.119361 0.499812
v -0.587708 3.119361 0.467708
v -0.619812 3.119361 0.412103
v -0.619812 3.119361 0.347896
v -0.587708 3.119361 0.292292
v -0.314107 3.076367 0.194107
v -0.314107 3.104281 0.194107
v -0.246065 3.104281 0.311958
v -0.246065 3.076367 0.311958
v -0.753935 3.069070 0.448042
v -0.753935 3.104281 0.448042
v -0.753935 3.104281 0.311958
v -0.753935 3.076367 0.311958
v -0.431958 3.069070 0.633935
v -0.431958 3.096984 0.633935
v -0.568042 3.096984 0.633935
v -0.568042 3.069070 0.633935
v -0.246065 3.104281 0.448042
v -0.246065 3.076367 0.448042
v -0.685893 3.104281 0.194107
v -0.685893 3.076367 0.194107
v -0.568042 3.076367 0.126065
v -0.568042 3.104281 0.126065
v -0.431958 3.096984 0.126065
v -0.431958 3.069070 0.126065
v -0.685893 3.096984 0.565893
v -0.685893 3.069070 0.565893
v -0.314107 3.096984 0.565893
v -0.314107 3.076367 0.565893
v -0.431958 3.076367 0.126065
v -0.568042 3.069070 0.126065
v -0.314107 3.069070 0.194107
v -0.246065 3.069070 0.311958
v -0.246065 3.069070 0.448042
v -0.314107 3.069070 0.565893
v -0.431958 3.076367 0.633935
v -0.568042 3.076367 0.633935
v -0.685893 3.076367 0.565893
v -0.753935 3.076367 0.448042
v -0.753935 3.069070 0.311958
v -0.685893 3.069070 0.194107
v -0.431958 3.104281 0.126065
v -0.568042 3.096984 0.126065
v -0.314107 3.096984 0.194107
v -0.246065 3.096984 0.311958
v -0.246065 3.096984 0.448042
v -0.314107 3.104281 0.565893
v -0.431958 3.104281 0.633935
v -0.568042 3.104281 0.633935
v -0.685893 3.104281 0.565893
v -0.753935 3.096984 0.448042
v -0.753935 3.096984 0.311958
v -0.685893 3.096984 0.194107
v -0.318122 3.076367 0.198122
v -0.318122 3.096984 0.198122
v -0.251550 3.096984 0.313428
v -0.251550 3.076367 0.313428
v -0.748450 3.076367 0.446572
v -0.748450 3.096984 0.446572
v -0.748450 3.096984 0.313428
v -0.748450 3.076367 0.313428
v -0.433428 3.076367 0.628450
v -0.433428 3.096984 0.628450
v -0.566572 3.096984 0.628450
v -0.566572 3.076367 0.628450
v -0.251550 3.096984 0.446572
v -0.251550 3.076367 0.446572
v -0.681878 3.096984 0.198122
v -0.681878 3.076367 0.198122
v -0.566572 3.076367 0.131550
v -0.566572 3.096984 0.131550
v -0.433428 3.096984 0.131550
v -0.433428 3.076367 0.131550
v -0.681878 3.096984 0.561878
v -0.681878 3.076367 0.561878
v -0.318122 3.096984 0.561878
v -0.318122 3.076367 0.561878
v -0.435555 3.119361 0.139489
v -0.564445 3.119361 0.139489
v -0.323934 3.119361 0.203934
v -0.259489 3.119361 0.315555
v -0.259489 3.119361 0.444445
v -0.323934 3.119361 0.556066
v -0.435555 3.119361 0.620511
v -0.564445 3.119361 0.620511
v -0.676066 3.119361 0.556066
v -0.740511 3.119361 0.444445
v -0.740511 3.119361 0.315555
v -0.676066 3.119361 0.203934
v -0.467897 3.111565 0.260188
v -0.532104 3.111565 0.260188
v -0.412292 3.111565 0.292292
v -0.380188 3.111565 0.347896
v -0.380188 3.111565 0.412103
v -0.412292 3.111565 0.467708
v -0.467897 3.111565 0.499812
v -0.532104 3.111565 0.499812
v -0.587708 3.111565 0.467708
v -0.619812 3.111565 0.412103
v -0.619812 3.111565 0.347896
v -0.587708 3.111565 0.292292
v 0.601958 2.359865 -0.591877
v 0.601958 2.393775 -0.591877
v 0.620142 2.359865 -0.552024
v 0.620142 2.393775 -0.552024
v 0.604820 2.359865 -0.510985
v 0.604820 2.393775 -0.510985
v 0.564966 2.359865 -0.492801
v 0.564966 2.393775 -0.492801
v 0.523928 2.359865 -0.508123
v 0.523928 2.393775 -0.508123
v 0.505744 2.359865 -0.547976
v 0.505744 2.393775 -0.547976
v 0.521066 2.359865 -0.589015
v 0.521066 2.393775 -0.589015
v 0.560919 2.359865 -0.607199
v 0.560919 2.393775 -0.607199
v 0.663697 2.453304 -0.511445
v 0.675124 2.493775 -0.523711
v 0.636109 2.436540 -0.481834
v 0.608522 2.453304 -0.452222
v 0.597095 2.493775 -0.439957
v 0.608522 2.534246 -0.452222
v 0.636109 2.551010 -0.481834
v 0.663697 2.534246 -0.511445
v 0.844940 2.453304 -0.342589
v 0.856367 2.493775 -0.354854
v 0.817352 2.436540 -0.312977
v 0.789765 2.453304 -0.283366
v 0.778337 2.493775 -0.271101
v 0.789765 2.534246 -0.283366
v 0.817352 2.551010 -0.312977
v 0.844940 2.534246 -0.342589
v 0.606599 2.437242 -0.587552
v 0.620433 2.468524 -0.574664
v 0.643321 2.487431 -0.553341
v 0.567299 2.450903 -0.601255
v 0.588067 2.497141 -0.581906
v 0.621899 2.525527 -0.550387
v 0.528165 2.456561 -0.582401
v 0.551807 2.508995 -0.560375
v 0.590171 2.541307 -0.524633
v 0.512123 2.450903 -0.542033
v 0.532892 2.497141 -0.522683
v 0.566723 2.525527 -0.491164
v 0.528570 2.437242 -0.503798
v 0.542403 2.468524 -0.490910
v 0.565291 2.487431 -0.469587
v 0.567870 2.423582 -0.490095
v 0.574769 2.439906 -0.483668
v 0.586713 2.449335 -0.472540
v 0.607004 2.417923 -0.508950
v 0.611030 2.428052 -0.505199
v 0.618441 2.433555 -0.498295
v 0.641888 2.449335 -0.531763
v 0.629944 2.439906 -0.542891
v 0.623046 2.423582 -0.549318
v 0.888495 2.393775 -0.302010
v 0.929534 2.393775 -0.286688
v 0.848642 2.393775 -0.283826
v 0.833320 2.393775 -0.242787
v 0.851504 2.393775 -0.202934
v 0.892543 2.393775 -0.187612
v 0.932396 2.393775 -0.205796
v 0.947718 2.393775 -0.246835
v 0.888495 1.229483 -0.302010
v 0.929534 1.229483 -0.286688
v 0.848642 1.229483 -0.283826
v 0.833320 1.229483 -0.242787
v 0.851504 1.229483 -0.202934
v 0.892543 1.229483 -0.187612
v 0.932396 1.229483 -0.205796
v 0.947718 1.229483 -0.246835
v 0.888171 2.487431 -0.325224
v 0.911059 2.468524 -0.303901
v 0.924892 2.437242 -0.291013
v 0.886739 2.525527 -0.303647
v 0.920570 2.497141 -0.272128
v 0.941339 2.450903 -0.252779
v 0.863291 2.541307 -0.270179
v 0.901655 2.508995 -0.234436
v 0.925297 2.456561 -0.212411
v 0.831563 2.525527 -0.244424
v 0.865394 2.497141 -0.212905
v 0.886163 2.450903 -0.193556
v 0.810141 2.487431 -0.241470
v 0.833029 2.468524 -0.220147
v 0.846862 2.437242 -0.207259
v 0.811573 2.449335 -0.263048
v 0.823517 2.439906 -0.251920
v 0.830416 2.423582 -0.245493
v 0.835021 2.433555 -0.296516
v 0.842432 2.428052 -0.289612
v 0.846458 2.417923 -0.285861
v 0.885591 2.423582 -0.304716
v 0.878693 2.439906 -0.311143
v 0.866749 2.449335 -0.322271
v -0.907235 3.327943 -0.530000
v -0.907235 3.361854 -0.530000
v -0.890471 3.327943 -0.570471
v -0.890471 3.361854 -0.570471
v -0.850000 3.327943 -0.587235
v -0.850000 3.361854 -0.587235
v -0.809529 3.327943 -0.570471
v -0.809529 3.361854 -0.570471
v -0.792765 3.327943 -0.530000
v -0.792765 3.361854 -0.530000
v -0.809529 3.327943 -0.489529
v -0.809529 3.361854 -0.489529
v -0.850000 3.327943 -0.472765
v -0.850000 3.361854 -0.472765
v -0.890471 3.327943 -0.489529
v -0.890471 3.361854 -0.489529
v -0.890471 3.421382 -0.630000
v -0.907235 3.461854 -0.630000
v -0.850000 3.404619 -0.630000
v -0.809529 3.421382 -0.630000
v -0.792765 3.461854 -0.630000
v -0.809529 3.502325 -0.630000
v -0.850000 3.519088 -0.630000
v -0.890471 3.502325 -0.630000
v -0.890471 3.421382 -0.799089
v -0.907235 3.461854 -0.799089
v -0.850000 3.404619 -0.799089
v -0.809529 3.421382 -0.799089
v -0.792765 3.461854 -0.799089
v -0.809529 3.502325 -0.799089
v -0.850000 3.519088 -0.799089
v -0.890471 3.502325 -0.799089
v -0.907235 3.405321 -0.536344
v -0.907235 3.436602 -0.555251
v -0.907235 3.455509 -0.586533
v -0.890471 3.418981 -0.498248
v -0.890471 3.465220 -0.526634
v -0.890471 3.493605 -0.572872
v -0.850000 3.424640 -0.482468
v -0.850000 3.477073 -0.514780
v -0.850000 3.509385 -0.567214
v -0.809529 3.418981 -0.498248
v -0.809529 3.465220 -0.526634
v -0.809529 3.493605 -0.572872
v -0.792765 3.405321 -0.536344
v -0.792765 3.436602 -0.555251
v -0.792765 3.455509 -0.586533
v -0.809529 3.391660 -0.574440
v -0.809529 3.407985 -0.583869
v -0.809529 3.417413 -0.600193
v -0.850000 3.386002 -0.590220
v -0.850000 3.396131 -0.595722
v -0.850000 3.401633 -0.605851
v -0.890471 3.417413 -0.600193
v -0.890471 3.407985 -0.583869
v -0.890471 3.391660 -0.574440
v -0.890471 3.361854 -0.858618
v -0.907235 3.361854 -0.899089
v -0.850000 3.361854 -0.841855
v -0.809529 3.361854 -0.858618
v -0.792765 3.361854 -0.899089
v -0.809529 3.361854 -0.939561
v -0.850000 3.361854 -0.956324
v -0.890471 3.361854 -0.939561
v -0.890471 1.231309 -0.858618
v -0.907235 1.231309 -0.899090
v -0.850000 1.231309 -0.841855
v -0.809529 1.231309 -0.858618
v -0.792765 1.231309 -0.899090
v -0.809529 1.231309 -0.939561
v -0.850000 1.231309 -0.956324
v -0.890471 1.231309 -0.939561
v -0.907235 3.455509 -0.842557
v -0.907235 3.436602 -0.873838
v -0.907235 3.405321 -0.892745
v -0.890471 3.493605 -0.856217
v -0.890471 3.465220 -0.902456
v -0.890471 3.418981 -0.930841
v -0.850000 3.509385 -0.861875
v -0.850000 3.477073 -0.914309
v -0.850000 3.424640 -0.946621
v -0.809529 3.493605 -0.856217
v -0.809529 3.465220 -0.902456
v -0.809529 3.418981 -0.930841
v -0.792765 3.455509 -0.842557
v -0.792765 3.436602 -0.873838
v -0.792765 3.405321 -0.892745
v -0.809529 3.417413 -0.828896
v -0.809529 3.407985 -0.845221
v -0.809529 3.391660 -0.854649
v -0.850000 3.401633 -0.823238
v -0.850000 3.396131 -0.833367
v -0.850000 3.386002 -0.838869
v -0.890471 3.391660 -0.854649
v -0.890471 3.407985 -0.845221
v -0.890471 3.417413 -0.828896
v -0.494084 3.110174 0.323072
v -0.494084 3.150813 0.323072
v -0.455563 3.110174 0.343929
v -0.455563 3.150813 0.343929
v -0.443072 3.110174 0.385916
v -0.443072 3.150813 0.385916
v -0.463929 3.110174 0.424437
v -0.463929 3.150813 0.424437
v -0.505916 3.110174 0.436928
v -0.505916 3.150813 0.436928
v -0.544437 3.110174 0.416071
v -0.544437 3.150813 0.416071
v -0.556928 3.110174 0.374084
v -0.556928 3.150813 0.374084
v -0.536071 3.110174 0.335562
v -0.536071 3.150813 0.335562
v -0.396352 3.210342 0.350081
v -0.394620 3.250813 0.333407
v -0.400535 3.193578 0.390336
v -0.404718 3.210342 0.430590
v -0.406451 3.250813 0.447264
v -0.404718 3.291284 0.430590
v -0.400535 3.308048 0.390336
v -0.396352 3.291284 0.350081
v 0.529889 3.210342 0.446332
v 0.531622 3.250813 0.429658
v 0.525706 3.193578 0.486586
v 0.521523 3.210342 0.526841
v 0.519790 3.250813 0.543514
v 0.521523 3.291284 0.526841
v 0.525706 3.308048 0.486586
v 0.529889 3.291284 0.446332
v -0.487774 3.194280 0.323727
v -0.468968 3.225562 0.325682
v -0.437854 3.244469 0.328915
v -0.527399 3.207941 0.336464
v -0.499165 3.254179 0.339398
v -0.453174 3.282565 0.344177
v -0.547277 3.213599 0.375087
v -0.515138 3.266033 0.378427
v -0.462985 3.298345 0.383846
v -0.535765 3.207941 0.416973
v -0.507531 3.254179 0.419907
v -0.461540 3.282565 0.424686
v -0.499605 3.194280 0.437584
v -0.480800 3.225562 0.439538
v -0.449686 3.244469 0.442772
v -0.459981 3.180620 0.424848
v -0.450603 3.196944 0.425822
v -0.434366 3.206373 0.427509
v -0.440102 3.174962 0.386224
v -0.434629 3.185091 0.386793
v -0.424555 3.190593 0.387840
v -0.426000 3.206373 0.347001
v -0.442237 3.196944 0.345313
v -0.451615 3.180620 0.344339
v 0.589099 3.150813 0.452484
v 0.631086 3.150813 0.439994
v 0.568242 3.150813 0.491006
v 0.580733 3.150813 0.532993
v 0.619255 3.150813 0.553850
v 0.661242 3.150813 0.541359
v 0.682099 3.150813 0.502838
v 0.669608 3.150813 0.460850
v 0.589099 2.836356 0.452484
v 0.631086 2.836356 0.439994
v 0.568242 2.836356 0.491006
v 0.580733 2.836356 0.532993
v 0.619255 2.836356 0.553850
v 0.661242 2.836356 0.541359
v 0.682099 2.836356 0.502838
v 0.669608 2.836356 0.460850
v 0.574856 3.244469 0.434150
v 0.605970 3.225562 0.437384
v 0.624776 3.194280 0.439338
v 0.586711 3.282565 0.452236
v 0.632702 3.254179 0.457015
v 0.660936 3.207941 0.459949
v 0.588156 3.298345 0.493076
v 0.640309 3.266033 0.498495
v 0.672448 3.213599 0.501835
v 0.578345 3.282565 0.532745
v 0.624336 3.254179 0.537524
v 0.652570 3.207941 0.540458
v 0.563025 3.244469 0.548007
v 0.594139 3.225562 0.551240
v 0.612945 3.194280 0.553195
v 0.551170 3.206373 0.529921
v 0.567407 3.196944 0.531609
v 0.576785 3.180620 0.532583
v 0.549726 3.190593 0.489082
v 0.559800 3.185091 0.490129
v 0.565273 3.174962 0.490698
v 0.585152 3.180620 0.452074
v 0.575773 3.196944 0.451100
v 0.559537 3.206373 0.449412
v -0.683311 2.654273 -0.570471
v -0.683311 2.694744 -0.587235
v -0.683311 2.637509 -0.530000
v -0.683311 2.654273 -0.489529
v -0.683311 2.694744 -0.472765
v -0.683311 2.735215 -0.489529
v -0.683311 2.751979 -0.530000
v -0.683311 2.735215 -0.570471
v -0.635278 2.654273 -0.570471
v -0.635278 2.694744 -0.587235
v -0.635278 2.637509 -0.530000
v -0.635278 2.654273 -0.489529
v -0.635278 2.694744 -0.472765
v -0.635278 2.735215 -0.489529
v -0.635278 2.751979 -0.530000
v -0.635278 2.735215 -0.570471
v -0.575749 2.594744 -0.570471
v -0.535278 2.594744 -0.587235
v -0.592513 2.594744 -0.530000
v -0.575749 2.594744 -0.489529
v -0.535278 2.594744 -0.472765
v -0.494807 2.594744 -0.489529
v -0.478043 2.594744 -0.530000
v -0.494807 2.594744 -0.570471
v -0.575749 1.222999 -0.570471
v -0.535278 1.222999 -0.587235
v -0.592513 1.222999 -0.530000
v -0.575749 1.222999 -0.489529
v -0.535278 1.222999 -0.472765
v -0.494806 1.222999 -0.489529
v -0.478043 1.222999 -0.530000
v -0.494806 1.222999 -0.570471
v -0.591811 2.688400 -0.587235
v -0.560529 2.669492 -0.587235
v -0.541622 2.638211 -0.587235
v -0.578150 2.726496 -0.570471
v -0.531912 2.698110 -0.570471
v -0.503526 2.651872 -0.570471
v -0.572492 2.742276 -0.530000
v -0.520058 2.709964 -0.530000
v -0.487746 2.657530 -0.530000
v -0.578150 2.726496 -0.489529
v -0.531912 2.698110 -0.489529
v -0.503526 2.651872 -0.489529
v -0.591811 2.688400 -0.472765
v -0.560529 2.669492 -0.472765
v -0.541622 2.638211 -0.472765
v -0.605471 2.650304 -0.489529
v -0.589146 2.640875 -0.489529
v -0.579718 2.624551 -0.489529
v -0.611129 2.634524 -0.530000
v -0.601000 2.629021 -0.530000
v -0.595498 2.618892 -0.530000
v -0.579718 2.624551 -0.570471
v -0.589146 2.640875 -0.570471
v -0.605471 2.650304 -0.570471
v -0.280000 1.707984 -0.739054
v -0.280000 1.731362 -0.739054
v -0.239529 1.707984 -0.722290
v -0.239529 1.731362 -0.722290
v -0.222765 1.707984 -0.681819
v -0.222765 1.731362 -0.681819
v -0.239529 1.707984 -0.641348
v -0.239529 1.731362 -0.641348
v -0.280000 1.707984 -0.624584
v -0.280000 1.731362 -0.624584
v -0.320471 1.707984 -0.641348
v -0.325179 1.751603 -0.660286
v -0.337235 1.707984 -0.681819
v -0.334571 1.751665 -0.681819
v -0.320471 1.707984 -0.722290
v -0.325179 1.751603 -0.703352
v -0.180000 1.790891 -0.722290
v -0.180000 1.831362 -0.739054
v -0.180000 1.774127 -0.681819
v -0.180000 1.790891 -0.641348
v -0.180000 1.831362 -0.624584
v -0.180583 1.879570 -0.660275
v -0.180000 1.871833 -0.722290
v -0.100000 1.790891 -0.722290
v -0.100000 1.831362 -0.739054
v -0.100000 1.774127 -0.681819
v -0.100000 1.790891 -0.641348
v -0.100000 1.831362 -0.624584
v -0.099417 1.879570 -0.660275
v -0.100000 1.871833 -0.722290
v -0.273656 1.774830 -0.739054
v -0.254749 1.806111 -0.739054
v -0.223467 1.825018 -0.739054
v -0.318874 1.791091 -0.703240
v -0.288675 1.840038 -0.703188
v -0.239729 1.870236 -0.703240
v -0.318874 1.791091 -0.660398
v -0.288675 1.840038 -0.660450
v -0.239729 1.870236 -0.660398
v -0.273656 1.774830 -0.624584
v -0.254749 1.806111 -0.624584
v -0.223467 1.825018 -0.624584
v -0.235560 1.761169 -0.641348
v -0.226131 1.777493 -0.641348
v -0.209807 1.786922 -0.641348
v -0.219780 1.755511 -0.681819
v -0.214278 1.765640 -0.681819
v -0.204148 1.771142 -0.681819
v -0.209807 1.786922 -0.722290
v -0.226131 1.777493 -0.722290
v -0.235560 1.761169 -0.722290
v -0.040471 1.731362 -0.722290
v 0.000000 1.731362 -0.739054
v -0.057235 1.731362 -0.681819
v -0.040471 1.731362 -0.641348
v 0.000000 1.731362 -0.624584
v 0.045180 1.751603 -0.660286
v 0.054572 1.751665 -0.681819
v 0.045180 1.751603 -0.703352
v -0.040471 1.708424 -0.722290
v 0.000000 1.708424 -0.739054
v -0.057235 1.708424 -0.681819
v -0.040471 1.708424 -0.641348
v 0.000000 1.708424 -0.624584
v 0.040472 1.708424 -0.641348
v 0.057235 1.708424 -0.681819
v 0.040472 1.708424 -0.722290
v -0.056532 1.825018 -0.739054
v -0.025251 1.806111 -0.739054
v -0.006344 1.774829 -0.739054
v -0.040271 1.870236 -0.703240
v 0.008676 1.840037 -0.703188
v 0.038875 1.791091 -0.703240
v -0.040271 1.870236 -0.660398
v 0.008676 1.840037 -0.660450
v 0.038875 1.791091 -0.660398
v -0.056532 1.825018 -0.624584
v -0.025251 1.806111 -0.624584
v -0.006344 1.774829 -0.624584
v -0.070193 1.786922 -0.641348
v -0.053868 1.777493 -0.641348
v -0.044440 1.761169 -0.641348
v -0.075851 1.771142 -0.681819
v -0.065722 1.765640 -0.681819
v -0.060220 1.755511 -0.681819
v -0.044440 1.761169 -0.722290
v -0.053868 1.777493 -0.722290
v -0.070193 1.786922 -0.722290
v -0.337235 1.731362 -0.681819
v -0.320471 1.731362 -0.641348
v -0.320471 1.731362 -0.722290
v -0.100000 1.871833 -0.641348
v -0.180000 1.871833 -0.641348
v -0.180583 1.879570 -0.703363
v -0.099417 1.879570 -0.703363
v -0.237128 1.863114 -0.641348
v -0.237128 1.863114 -0.722290
v -0.311752 1.788490 -0.722290
v -0.283366 1.834728 -0.722290
v -0.311752 1.788490 -0.641348
v -0.283366 1.834728 -0.641348
v 0.057235 1.731362 -0.681819
v 0.040472 1.731362 -0.641348
v 0.040472 1.731362 -0.722290
v 0.031752 1.788490 -0.641348
v 0.031752 1.788490 -0.722290
v -0.042872 1.863114 -0.722290
v 0.003367 1.834728 -0.722290
v -0.042872 1.863114 -0.641348
v 0.003367 1.834728 -0.641348
v -0.179721 1.884886 -0.681819
v -0.180329 1.876413 -0.661600
v -0.180329 1.876413 -0.702038
v -0.100278 1.884886 -0.681819
v -0.099671 1.876413 -0.661600
v -0.099671 1.876413 -0.702038
v -0.241477 1.875342 -0.681819
v -0.330897 1.751065 -0.681819
v -0.323980 1.792825 -0.681819
v -0.292521 1.843883 -0.681819
v -0.238617 1.867232 -0.701874
v -0.286400 1.837763 -0.701798
v -0.315881 1.789971 -0.701861
v -0.238617 1.867232 -0.661764
v -0.286400 1.837763 -0.661840
v -0.315881 1.789971 -0.661777
v 0.050898 1.751065 -0.681819
v 0.043980 1.792825 -0.681819
v -0.038523 1.875342 -0.681819
v 0.012521 1.843883 -0.681819
v 0.035882 1.789971 -0.701861
v 0.006401 1.837763 -0.701798
v -0.041382 1.867232 -0.701874
v 0.035882 1.789971 -0.661777
v 0.006401 1.837763 -0.661840
v -0.041382 1.867232 -0.661764
v -0.322071 1.751095 -0.661629
v -0.322071 1.751095 -0.702009
v 0.042071 1.751095 -0.661629
v 0.042071 1.751095 -0.702009
v -0.280000 1.707984 -0.466907
v -0.280000 1.731362 -0.466907
v -0.239529 1.707984 -0.450143
v -0.239529 1.731362 -0.450143
v -0.222765 1.707984 -0.409672
v -0.222765 1.731362 -0.409672
v -0.239529 1.707984 -0.369201
v -0.239529 1.731362 -0.369201
v -0.280000 1.707984 -0.352437
v -0.280000 1.731362 -0.352437
v -0.320471 1.707984 -0.369201
v -0.325179 1.751603 -0.388139
v -0.337235 1.707984 -0.409672
v -0.334571 1.751665 -0.409672
v -0.320471 1.707984 -0.450143
v -0.325179 1.751603 -0.431205
v -0.180000 1.790891 -0.450143
v -0.180000 1.831362 -0.466907
v -0.180000 1.774127 -0.409672
v -0.180000 1.790891 -0.369201
v -0.180000 1.831362 -0.352437
v -0.180583 1.879570 -0.388128
v -0.180000 1.871833 -0.450143
v -0.100000 1.790891 -0.450143
v -0.100000 1.831362 -0.466907
v -0.100000 1.774127 -0.409672
v -0.100000 1.790891 -0.369201
v -0.100000 1.831362 -0.352437
v -0.099417 1.879570 -0.388128
v -0.100000 1.871833 -0.450143
v -0.273656 1.774830 -0.466907
v -0.254749 1.806111 -0.466907
v -0.223467 1.825018 -0.466907
v -0.318874 1.791091 -0.431093
v -0.288675 1.840038 -0.431041
v -0.239729 1.870236 -0.431093
v -0.318874 1.791091 -0.388251
v -0.288675 1.840038 -0.388303
v -0.239729 1.870236 -0.388251
v -0.273656 1.774830 -0.352437
v -0.254749 1.806111 -0.352437
v -0.223467 1.825018 -0.352437
v -0.235560 1.761169 -0.369201
v -0.226131 1.777493 -0.369201
v -0.209807 1.786922 -0.369201
v -0.219780 1.755511 -0.409672
v -0.214278 1.765640 -0.409672
v -0.204148 1.771142 -0.409672
v -0.209807 1.786922 -0.450143
v -0.226131 1.777493 -0.450143
v -0.235560 1.761169 -0.450143
v -0.040471 1.731362 -0.450143
v 0.000000 1.731362 -0.466907
v -0.057235 1.731362 -0.409672
v -0.040471 1.731362 -0.369201
v 0.000000 1.731362 -0.352437
v 0.045180 1.751603 -0.388139
v 0.054572 1.751665 -0.409672
v 0.045180 1.751603 -0.431205
v -0.040471 1.708424 -0.450143
v 0.000000 1.708424 -0.466907
v -0.057235 1.708424 -0.409672
v -0.040471 1.708424 -0.369201
v 0.000000 1.708424 -0.352437
v 0.040472 1.708424 -0.369201
v 0.057235 1.708424 -0.409672
v 0.040472 1.708424 -0.450143
v -0.056532 1.825018 -0.466907
v -0.025251 1.806111 -0.466907
v -0.006344 1.774829 -0.466907
v -0.040271 1.870236 -0.431093
v 0.008676 1.840037 -0.431041
v 0.038875 1.791091 -0.431093
v -0.040271 1.870236 -0.388251
v 0.008676 1.840037 -0.388303
v 0.038875 1.791091 -0.388251
v -0.056532 1.825018 -0.352437
v -0.025251 1.806111 -0.352437
v -0.006344 1.774829 -0.352437
v -0.070193 1.786922 -0.369201
v -0.053868 1.777493 -0.369201
v -0.044440 1.761169 -0.369201
v -0.075851 1.771142 -0.409672
v -0.065722 1.765640 -0.409672
v -0.060220 1.755511 -0.409672
v -0.044440 1.761169 -0.450143
v -0.053868 1.777493 -0.450143
v -0.070193 1.786922 -0.450143
v -0.337235 1.731362 -0.409672
v -0.320471 1.731362 -0.369201
v -0.320471 1.731362 -0.450143
v -0.100000 1.871833 -0.369201
v -0.180000 1.871833 -0.369201
v -0.180583 1.879570 -0.431216
v -0.099417 1.879570 -0.431216
v -0.237128 1.863114 -0.369201
v -0.237128 1.863114 -0.450143
v -0.311752 1.788490 -0.450143
v -0.283366 1.834728 -0.450143
v -0.311752 1.788490 -0.369201
v -0.283366 1.834728 -0.369201
v 0.057235 1.731362 -0.409672
v 0.040472 1.731362 -0.369201
v 0.040472 1.731362 -0.450143
v 0.031752 1.788490 -0.369201
v 0.031752 1.788490 -0.450143
v -0.042872 1.863114 -0.450143
v 0.003367 1.834728 -0.450143
v -0.042872 1.863114 -0.369201
v 0.003367 1.834728 -0.369201
v -0.179721 1.884886 -0.409672
v -0.180329 1.876413 -0.389453
v -0.180329 1.876413 -0.429891
v -0.100278 1.884886 -0.409672
v -0.099671 1.876413 -0.389453
v -0.099671 1.876413 -0.429891
v -0.241477 1.875342 -0.409672
v -0.330897 1.751065 -0.409672
v -0.323980 1.792825 -0.409672
v -0.292521 1.843883 -0.409672
v -0.238617 1.867232 -0.429727
v -0.286400 1.837763 -0.429651
v -0.315881 1.789971 -0.429714
v -0.238617 1.867232 -0.389617
v -0.286400 1.837763 -0.389693
v -0.315881 1.789971 -0.389630
v 0.050898 1.751065 -0.409672
v 0.043980 1.792825 -0.409672
v -0.038523 1.875342 -0.409672
v 0.012521 1.843883 -0.409672
v 0.035882 1.789971 -0.429714
v 0.006401 1.837763 -0.429651
v -0.041382 1.867232 -0.429727
v 0.035882 1.789971 -0.389630
v 0.006401 1.837763 -0.389693
v -0.041382 1.867232 -0.389617
v -0.322071 1.751095 -0.389482
v -0.322071 1.751095 -0.429862
v 0.042071 1.751095 -0.389482
v 0.042071 1.751095 -0.429862
v 0.048071 1.223561 -0.099503
v 0.048071 1.443194 -0.099503
v 0.088542 1.223561 -0.082739
v 0.088542 1.443194 -0.082739
v 0.105306 1.223561 -0.042268
v 0.105306 1.443194 -0.042268
v 0.088542 1.223561 -0.001797
v 0.088542 1.443194 -0.001797
v 0.048071 1.223561 0.014967
v 0.048071 1.443194 0.014967
v 0.007600 1.223561 -0.001797
v 0.007600 1.443194 -0.001797
v -0.009164 1.223561 -0.042268
v -0.009164 1.443194 -0.042268
v 0.007600 1.223561 -0.082739
v 0.007600 1.443194 -0.082739
v 0.148071 1.502722 -0.082739
v 0.148071 1.543194 -0.099503
v 0.148071 1.485959 -0.042268
v 0.148071 1.502722 -0.001797
v 0.148071 1.543194 0.014967
v 0.148071 1.583665 -0.001797
v 0.148071 1.600428 -0.042268
v 0.148071 1.583665 -0.082739
v 0.920380 1.502722 -0.082739
v 0.920380 1.543194 -0.099503
v 0.920380 1.485959 -0.042268
v 0.920380 1.502722 -0.001797
v 0.920380 1.543194 0.014967
v 0.920380 1.583665 -0.001797
v 0.920380 1.600428 -0.042268
v 0.920380 1.583665 -0.082739
v 0.054415 1.486661 -0.099503
v 0.073323 1.517942 -0.099503
v 0.104604 1.536849 -0.099503
v 0.016319 1.500321 -0.082739
v 0.044705 1.546560 -0.082739
v 0.090944 1.574945 -0.082739
v 0.000539 1.505980 -0.042268
v 0.032851 1.558414 -0.042268
v 0.085285 1.590725 -0.042268
v 0.016319 1.500321 -0.001797
v 0.044705 1.546560 -0.001797
v 0.090944 1.574945 -0.001797
v 0.054415 1.486661 0.014967
v 0.073323 1.517942 0.014967
v 0.104604 1.536849 0.014967
v 0.092511 1.473001 -0.001797
v 0.101940 1.489325 -0.001797
v 0.118264 1.498753 -0.001797
v 0.108291 1.467342 -0.042268
v 0.113794 1.477471 -0.042268
v 0.123923 1.482973 -0.042268
v 0.118264 1.498753 -0.082739
v 0.101940 1.489325 -0.082739
v 0.092511 1.473001 -0.082739
v 0.979909 1.443194 -0.082739
v 1.020381 1.443194 -0.099503
v 0.963146 1.443194 -0.042268
v 0.979909 1.443194 -0.001797
v 1.020381 1.443194 0.014967
v 1.060852 1.443194 -0.001797
v 1.077616 1.443194 -0.042268
v 1.060852 1.443194 -0.082739
v 0.979910 1.214051 -0.082739
v 1.020381 1.214051 -0.099503
v 0.963146 1.214051 -0.042268
v 0.979910 1.214051 -0.001797
v 1.020381 1.214051 0.014967
v 1.060852 1.214051 -0.001797
v 1.077616 1.214051 -0.042268
v 1.060852 1.214051 -0.082739
v 0.963848 1.536849 -0.099503
v 0.995129 1.517942 -0.099503
v 1.014036 1.486661 -0.099503
v 0.977508 1.574945 -0.082739
v 1.023747 1.546560 -0.082739
v 1.052132 1.500321 -0.082739
v 0.983167 1.590725 -0.042268
v 1.035601 1.558414 -0.042268
v 1.067912 1.505980 -0.042268
v 0.977508 1.574945 -0.001797
v 1.023747 1.546560 -0.001797
v 1.052132 1.500321 -0.001797
v 0.963848 1.536849 0.014967
v 0.995129 1.517942 0.014967
v 1.014036 1.486661 0.014967
v 0.950187 1.498753 -0.001797
v 0.966512 1.489325 -0.001797
v 0.975940 1.473001 -0.001797
v 0.944529 1.482973 -0.042268
v 0.954658 1.477471 -0.042268
v 0.960160 1.467342 -0.042268
v 0.975940 1.473001 -0.082739
v 0.966512 1.489325 -0.082739
v 0.950188 1.498753 -0.082739
vn -0.0000 -0.0000 -1.0000
vn 0.7071 -0.0000 0.7071
vn 1.0000 -0.0000 -0.0000
vn -0.0000 -0.0000 1.0000
vn -0.0000 -1.0000 -0.0000
vn 0.7071 -0.0000 -0.7071
vn -1.0000 -0.0000 -0.0000
vn -0.0000 1.0000 -0.0000
vn -0.7071 -0.0000 -0.7071
vn -0.5000 0.7071 0.5000
vn -0.5000 0.7071 -0.5000
vn 0.5000 0.7071 -0.5000
vn 0.5000 0.7071 0.5000
vn -0.7071 0.7071 -0.0000
vn -0.0000 0.7071 0.7071
vn -0.0000 0.7071 -0.7071
vn 0.7071 0.7071 -0.0000
vn -0.7071 -0.0000 0.7071
vn -0.0000 -0.0302 0.9995
vn -0.9995 -0.0302 -0.0000
vn 0.9995 -0.0302 -0.0000
vn -0.0000 -0.0302 -0.9995
vn 0.7053 0.7089 0.0001
vn -0.7053 0.7089 -0.0001
vn -0.7053 0.7090 -0.0000
vn 0.7053 0.7090 -0.0000
vn 0.0001 -0.0006 -1.0000
vn 1.0000 0.0011 -0.0000
vn 1.0000 -0.0000 0.0001
vn -1.0000 0.0002 -0.0000
vn -1.0000 0.0005 -0.0000
vn -0.0000 0.7089 0.7053
vn -0.0000 0.7089 -0.7053
vn -0.0000 0.7090 0.7053
vn -0.0000 0.7090 -0.7053
vn 0.0001 -0.0000 -1.0000
vn 0.0001 1.0000 -0.0002
vn -0.7053 0.7089 0.0001
vn 0.7053 0.7089 -0.0001
vn -0.0000 1.0000 0.0001
vn -0.0000 1.0000 -0.0001
vn -0.0001 1.0000 -0.0002
vn 0.0001 1.0000 0.0002
vn -0.0001 1.0000 0.0001
vn 0.0001 1.0000 -0.0001
vn 0.0001 1.0000 0.0001
vn -0.0001 1.0000 -0.0001
vn -0.0001 1.0000 0.0002
vn -1.0000 -0.0000 -0.0001
vn 0.0101 0.9999 -0.0000
vn -0.0201 -0.9998 -0.0000
vn -0.0012 1.0000 0.0064
vn 0.0126 0.9999 -0.0000
vn -0.0180 -0.9998 0.0007
vn 0.0011 -1.0000 -0.0064
vn -0.0101 0.9999 -0.0000
vn 0.0201 -0.9998 -0.0000
vn 0.8567 0.5158 -0.0000
vn 0.0001 0.0001 -1.0000
vn 0.0180 -0.9998 -0.0007
vn -0.0001 -0.0000 1.0000
vn -0.0000 0.5158 -0.8567
vn -0.0000 0.5158 0.8567
vn -0.8567 0.5158 -0.0000
vn 0.0064 1.0000 -0.0012
vn -0.0064 -1.0000 0.0011
vn -0.0064 -1.0000 -0.0011
vn 0.0064 1.0000 0.0012
vn 0.6058 0.5158 0.6058
vn -0.0012 1.0000 -0.0064
vn 0.0011 -1.0000 0.0064
vn 0.6058 0.5158 -0.6058
vn 0.0064 -1.0000 -0.0011
vn 0.0012 1.0000 -0.0064
vn -0.6058 0.5158 -0.6058
vn -0.0011 -1.0000 0.0064
vn 0.0064 -1.0000 0.0011
vn -0.0000 0.9999 -0.0101
vn -0.6058 0.5158 0.6058
vn -0.0000 -0.9998 0.0201
vn 0.0001 0.9999 -0.0125
vn 0.0001 -0.9998 0.0177
vn -0.0180 -0.9998 -0.0007
vn -0.0000 0.9999 0.0101
vn -0.0001 0.9999 -0.0125
vn -0.0000 -0.9998 -0.0201
vn -0.0001 0.9999 0.0125
vn -0.0001 -0.9998 0.0177
vn -0.0001 -0.9998 -0.0177
vn 0.0001 0.9999 0.0125
vn 0.0001 -0.9998 -0.0177
vn -0.0011 -1.0000 -0.0064
vn 0.9999 -0.0162 -0.0000
vn -0.0000 -0.0159 0.9999
vn -0.0000 -0.0158 -0.9999
vn 1.0000 0.0050 0.0001
vn -1.0000 0.0050 0.0001
vn 1.0000 0.0050 -0.0001
vn -0.9264 0.3764 -0.0000
vn -1.0000 0.0050 -0.0001
vn 0.0001 0.0050 1.0000
vn 0.0001 0.0050 -1.0000
vn -1.0000 -0.0000 0.0001
vn 1.0000 -0.0000 -0.0001
vn -0.0000 0.0001 -1.0000
vn -0.0000 -0.0001 1.0000
vn -0.0000 0.0001 1.0000
vn -0.0000 -0.0001 -1.0000
vn -0.0000 1.0000 0.0002
vn -0.0000 1.0000 -0.0002
vn -0.0001 -0.0000 -1.0000
vn 0.0001 0.0001 1.0000
vn -0.0001 0.0001 1.0000
vn 0.0001 -0.0000 1.0000
vn -0.0001 0.0001 -1.0000
vn 0.0012 1.0000 0.0064
vn 0.0180 -0.9998 0.0007
vn -0.0000 0.2533 0.9674
vn -0.0000 0.2533 -0.9674
vn 0.3598 -0.0020 0.9330
vn 0.2945 -0.7686 -0.5679
vn -0.8264 -0.5630 -0.0000
vn 0.8264 -0.5630 -0.0000
vn -0.3596 -0.0007 -0.9331
vn 0.3599 -0.9330 0.0031
vn -0.2945 -0.7686 0.5679
vn -0.3594 0.9332 0.0010
vn -0.3599 -0.9330 -0.0031
vn 0.2946 -0.5679 -0.7686
vn 0.8264 -0.0000 0.5630
vn 0.8264 -0.0000 -0.5630
vn -0.8264 -0.0000 -0.5630
vn -0.8264 -0.0000 0.5630
vn -0.7179 0.6961 0.0039
vn 0.7179 0.6961 -0.0039
vn -0.7179 0.6961 -0.0039
vn 0.7179 0.6961 0.0039
vn 0.7172 -0.0026 -0.6968
vn 0.7172 -0.0026 0.6968
vn -0.7172 -0.0026 0.6968
vn -0.7172 -0.0026 -0.6968
vn -0.7176 0.6964 -0.0046
vn 0.7176 0.6964 0.0046
vn -0.7176 0.6964 0.0046
vn 0.7176 0.6964 -0.0046
vn 0.7170 0.0029 -0.6971
vn 0.7170 0.0029 0.6971
vn -0.7170 0.0029 0.6971
vn -0.7170 0.0029 -0.6971
vn -0.8264 0.5630 -0.0000
vn 0.8264 0.5630 -0.0000
vn -0.8877 0.4604 -0.0004
vn 0.8877 0.4604 0.0004
vn -0.8877 0.4604 0.0004
vn 0.8877 0.4604 -0.0004
vn 0.8877 0.0003 -0.4604
vn 0.8877 0.0003 0.4604
vn -0.8877 0.0003 0.4604
vn -0.8877 0.0003 -0.4604
vn -0.3596 -0.0007 0.9331
vn -0.2945 -0.5679 -0.7686
vn 0.3598 -0.0020 -0.9330
vn 0.3595 -0.0007 0.9331
vn 0.2946 -0.5679 0.7686
vn -0.3598 -0.0020 -0.9330
vn 0.3595 -0.0007 -0.9331
vn -0.2945 -0.7686 -0.5679
vn 0.3594 0.9332 0.0010
vn -0.3598 -0.0020 0.9330
vn -0.3599 -0.9330 0.0031
vn 0.2945 -0.7686 0.5679
vn -0.3594 0.9332 -0.0010
vn -0.2946 -0.5679 0.7686
vn 0.3599 -0.9330 -0.0031
vn 0.3594 0.9332 -0.0010
vn 0.0010 1.0000 -0.0000
vn -0.0010 -1.0000 -0.0000
vn -0.0020 -0.0000 -1.0000
vn 0.0020 -0.0000 -1.0000
vn 0.0010 -1.0000 -0.0000
vn -0.0010 1.0000 -0.0000
vn -0.0000 -0.6925 -0.7214
vn -0.0000 0.6925 -0.7214
vn -0.0000 0.6925 0.7214
vn -0.0000 -0.6925 0.7214
vn 0.6925 -0.0000 -0.7214
vn 0.6925 -0.0000 0.7214
vn 0.7071 -0.7071 -0.0000
vn -0.6925 -0.0000 0.7214
vn -0.7071 -0.7071 -0.0000
vn -0.6925 -0.0000 -0.7214
vn -0.6710 0.7414 -0.0000
vn -0.3886 0.4294 -0.8153
vn -0.0000 0.5973 -0.8020
vn 0.3886 0.4294 -0.8153
vn 0.6710 0.7414 -0.0000
vn -0.6710 -0.7414 -0.0000
vn -0.8280 -0.5607 -0.0000
vn 0.8280 -0.5607 -0.0000
vn 0.6710 -0.7414 -0.0000
vn -0.6860 0.1979 -0.7002
vn 0.6860 0.1979 -0.7002
vn 0.6860 0.1979 0.7002
vn 0.3886 0.4294 0.8153
vn -0.6860 0.1979 0.7002
vn -0.3886 0.4294 0.8153
vn -0.0000 0.5973 0.8020
vn -1.0000 -0.0059 -0.0000
vn -0.5589 -0.0000 0.8292
vn -1.0000 0.0006 -0.0031
vn -0.5224 0.3557 0.7750
vn -0.8940 0.4480 -0.0014
vn -0.0019 0.2887 0.9574
vn 0.8633 0.3696 0.3436
vn 0.9291 -0.0000 0.3698
vn -0.0040 -0.0000 1.0000
vn -0.9291 -0.0000 0.3698
vn -0.0000 0.2685 0.9633
vn -0.8633 0.3696 0.3436
vn 0.0019 0.2887 0.9574
vn 0.0040 -0.0000 1.0000
vn 0.5224 0.3557 0.7750
vn 0.5589 -0.0000 0.8292
vn 0.8940 0.4480 -0.0014
vn 1.0000 0.0006 -0.0031
vn 1.0000 -0.0059 -0.0000
vn 0.5589 -0.0000 -0.8292
vn 0.5590 -0.0000 -0.8292
vn -0.0007 -0.0000 -1.0000
vn -0.9339 -0.0000 -0.3576
vn 0.9339 -0.0000 -0.3576
vn 0.0007 -0.0000 -1.0000
vn -0.5590 -0.0000 -0.8292
vn -0.0007 -0.0000 1.0000
vn -0.5589 -0.0000 -0.8292
vn -0.0000 0.6892 0.7246
vn -0.5165 0.8563 -0.0000
vn -0.2625 0.8607 -0.4362
vn 0.0004 0.7330 -0.6802
vn 0.8091 -0.4743 -0.3470
vn -0.0000 0.6515 -0.7587
vn -0.8091 -0.4743 -0.3470
vn -0.0004 0.7330 -0.6802
vn 0.2625 0.8607 -0.4362
vn 0.5165 0.8563 -0.0000
vn -0.4210 0.6578 -0.6245
vn 0.0003 0.6382 -0.7698
vn 0.8909 0.2922 -0.3478
vn -0.9339 -0.0000 0.3577
vn 0.9339 -0.0000 0.3577
vn -0.0000 0.6474 -0.7622
vn -0.8909 0.2922 -0.3478
vn -0.0003 0.6382 -0.7698
vn 0.4210 0.6578 -0.6245
vn 0.0007 -0.0000 1.0000
vn 1.0000 0.0006 0.0031
vn 0.8940 0.4480 0.0014
vn 0.5224 0.3557 -0.7750
vn 0.0019 0.2887 -0.9574
vn 0.0040 -0.0000 -1.0000
vn -0.8633 0.3696 -0.3437
vn -0.9291 -0.0000 -0.3698
vn 0.9291 -0.0000 -0.3698
vn -0.0040 -0.0000 -1.0000
vn -0.0019 0.2887 -0.9574
vn -0.5224 0.3557 -0.7750
vn 0.8633 0.3696 -0.3436
vn -0.0000 0.2685 -0.9633
vn 0.8868 0.4621 -0.0000
vn -0.8940 0.4480 0.0014
vn -0.8868 0.4621 -0.0000
vn -1.0000 0.0006 0.0031
vn 0.4210 0.6578 0.6245
vn -0.0000 0.6892 -0.7246
vn 0.2625 0.8607 0.4362
vn -0.0004 0.7330 0.6802
vn -0.8091 -0.4743 0.3470
vn -0.9339 -0.0000 0.3576
vn 0.9339 -0.0000 0.3576
vn -0.2625 0.8607 0.4362
vn 0.0004 0.7330 0.6802
vn 0.8091 -0.4743 0.3470
vn -0.0000 0.6515 0.7587
vn -0.4210 0.6578 0.6245
vn 0.0003 0.6382 0.7698
vn 0.8909 0.2922 0.3478
vn -0.8909 0.2922 0.3478
vn -0.0000 0.6474 0.7622
vn -0.0003 0.6382 0.7698
vn 0.5000 -0.0000 -0.8660
vn 0.8660 -0.0000 -0.5000
vn 0.8660 -0.0000 0.5000
vn 0.5000 -0.0000 0.8660
vn -0.5000 -0.0000 0.8660
vn -0.8660 -0.0000 0.5000
vn -0.8660 -0.0000 -0.5000
vn -0.5000 -0.0000 -0.8660
vn -0.0001 1.0000 -0.0000
vn 0.0001 1.0000 -0.0000
vn -0.0001 -1.0000 -0.0000
vn 0.0001 -1.0000 -0.0000
vn 0.4514 0.4299 0.7819
vn -0.7819 0.4299 0.4514
vn 0.4877 0.2204 -0.8447
vn 0.7819 0.4299 -0.4514
vn -0.9029 0.4299 -0.0000
vn -0.0000 0.4299 0.9029
vn 0.9029 0.4299 -0.0000
vn -0.7819 0.4299 -0.4514
vn 0.7819 0.4299 0.4514
vn -0.4514 0.4299 -0.7819
vn -0.4514 0.4299 0.7819
vn -0.0000 0.4299 -0.9029
vn -0.5482 0.7741 -0.3165
vn 0.3186 0.9479 -0.0000
vn -0.3165 0.7741 0.5482
vn 0.5482 0.7741 0.3165
vn -0.3165 0.7741 -0.5482
vn 0.3165 0.7741 -0.5482
vn -0.5482 0.7741 0.3165
vn 0.3165 0.7741 0.5482
vn -0.0000 0.7741 -0.6330
vn 0.5482 0.7741 -0.3165
vn -0.6330 0.7741 -0.0000
vn -0.0000 0.7741 0.6330
vn 0.6330 0.7741 -0.0000
vn -0.2759 0.9479 -0.1593
vn -0.1593 0.9479 0.2759
vn 0.2759 0.9479 0.1593
vn -0.1593 0.9479 -0.2759
vn 0.1593 0.9479 -0.2759
vn -0.2759 0.9479 0.1593
vn 0.1593 0.9479 0.2759
vn -0.0000 0.9479 -0.3186
vn 0.2759 0.9479 -0.1593
vn -0.3186 0.9479 -0.0000
vn -0.0000 0.9479 0.3186
vn 0.2353 0.9719 -0.0000
vn -0.2038 0.9719 -0.1177
vn -0.1177 -0.9719 -0.2038
vn -0.0000 -0.9719 0.2353
vn 0.1177 -0.9719 -0.2038
vn 0.1177 0.9719 0.2038
vn -0.0000 0.9719 -0.2353
vn -0.2038 -0.9719 0.1177
vn 0.2353 -0.9719 -0.0000
vn -0.1176 0.9719 0.2038
vn 0.2038 0.9719 -0.1177
vn -0.2353 0.9719 -0.0000
vn 0.4514 0.4299 -0.7819
vn 0.8447 0.2204 -0.4877
vn 0.9754 0.2204 -0.0000
vn 0.8447 0.2204 0.4877
vn 0.4877 0.2204 0.8447
vn -0.0000 0.2203 0.9754
vn -0.4877 0.2204 0.8447
vn -0.8447 0.2204 0.4877
vn -0.9754 0.2204 -0.0000
vn -0.8447 0.2204 -0.4877
vn -0.4877 0.2204 -0.8447
vn -0.0000 0.2204 -0.9754
vn -0.0000 0.9719 0.2353
vn 0.2038 -0.9719 0.1177
vn -0.2353 -0.9719 -0.0000
vn -0.2038 0.9719 0.1177
vn 0.1177 0.9719 -0.2038
vn -0.0000 -0.9719 -0.2353
vn 0.2038 -0.9719 -0.1177
vn -0.1177 -0.9719 0.2038
vn -0.1177 0.9719 -0.2038
vn 0.2038 0.9719 0.1177
vn 0.1177 -0.9719 0.2038
vn -0.2038 -0.9719 -0.1177
vn 0.3536 0.7071 -0.6124
vn 0.6124 0.7071 -0.3536
vn 0.6124 0.7071 0.3536
vn 0.3536 0.7071 0.6124
vn -0.3536 0.7071 0.6124
vn -0.6124 0.7071 0.3536
vn -0.6124 0.7071 -0.3536
vn -0.3536 0.7071 -0.6124
vn -0.9116 0.4111 -0.0000
vn 0.4501 0.8543 -0.2599
vn -0.0000 0.4111 0.9116
vn 0.9116 0.4111 -0.0000
vn -0.7895 0.4111 -0.4558
vn -0.0000 0.4111 -0.9116
vn -0.4558 0.4111 0.7895
vn 0.7895 0.4111 0.4558
vn -0.4558 0.4111 -0.7895
vn 0.4558 0.4111 -0.7895
vn -0.7895 0.4111 0.4558
vn 0.4558 0.4111 0.7895
vn 0.7895 0.4111 -0.4558
vn -0.5198 0.8543 -0.0000
vn -0.0000 0.8543 0.5198
vn 0.5198 0.8543 -0.0000
vn -0.4501 0.8543 -0.2599
vn -0.0000 0.8543 -0.5198
vn -0.2599 0.8543 0.4501
vn 0.4501 0.8543 0.2599
vn -0.2599 0.8543 -0.4501
vn 0.2599 0.8543 -0.4501
vn -0.4501 0.8543 0.2599
vn 0.2599 0.8543 0.4501
vn -0.0000 -0.2588 -0.9659
vn -0.0000 -0.2588 0.9659
vn -0.0000 -0.7071 0.7071
vn -0.0000 -0.9659 0.2588
vn -0.0000 -0.7071 -0.7071
vn -0.0000 -0.9659 -0.2588
vn 0.9659 0.2588 -0.0000
vn 0.2588 0.9659 -0.0000
vn -0.9659 0.2588 -0.0000
vn -0.2588 0.9659 -0.0000
vn -0.0000 0.9659 -0.2588
vn -0.0000 0.2588 -0.9659
vn -0.2588 -0.9659 -0.0000
vn -0.9659 -0.2588 -0.0000
vn -0.0000 0.2588 0.9659
vn -0.0000 0.9659 0.2588
vn 0.2588 -0.9659 -0.0000
vn 0.9659 -0.2588 -0.0000
vn 0.4996 -0.0000 -0.8663
vn 0.8663 -0.0000 -0.4996
vn 0.8663 -0.0000 0.4996
vn 0.4996 -0.0000 0.8663
vn -0.4996 -0.0000 0.8663
vn -0.8663 -0.0000 0.4996
vn -0.8663 -0.0000 -0.4996
vn -0.4996 -0.0000 -0.8663
vn -0.0000 -0.0004 -1.0000
vn -0.0000 0.9685 -0.2489
vn -0.0000 0.2547 -0.9670
vn -0.0000 -0.0002 -1.0000
vn -0.0000 0.2568 -0.9665
vn -0.0000 0.9672 -0.2541
vn -0.7071 0.6830 -0.1830
vn 0.7071 0.6830 -0.1830
vn -0.7071 0.5000 -0.5000
vn 0.7071 0.5000 -0.5000
vn -0.7071 0.1830 -0.6830
vn 0.7071 0.1830 -0.6830
vn -0.3959 0.9183 -0.0000
vn 0.3959 0.9183 -0.0000
vn -0.2588 -0.0000 -0.9659
vn 0.2588 -0.0000 0.9659
vn -0.2588 -0.0000 0.9659
vn -0.9659 -0.0000 0.2588
vn -0.9659 -0.0000 -0.2588
vn 0.2588 -0.0000 -0.9659
vn 0.5389 0.6475 -0.5389
vn -0.5389 -0.6475 -0.5389
vn 0.7881 -0.6155 -0.0000
vn -0.1973 -0.6475 0.7361
vn 0.5389 0.6474 0.5389
vn 0.5593 -0.6131 -0.5579
vn 0.1972 0.6475 -0.7361
vn -0.7361 -0.6475 -0.1972
vn -0.5548 0.6183 0.5567
vn 0.1989 -0.6391 0.7430
vn -0.1464 -0.8245 0.5466
vn -0.5843 0.8115 -0.0000
vn -0.4905 0.8615 0.1314
vn 0.4001 0.8245 0.4001
vn 0.1471 -0.8227 0.5492
vn -0.4063 0.8182 0.4069
vn 0.5465 0.8245 0.1465
vn 0.4080 -0.8169 0.4078
vn -0.1471 0.8227 0.5492
vn -0.1464 -0.8245 -0.5466
vn 0.5466 0.8245 -0.1464
vn 0.5281 -0.8491 0.0106
vn 0.1314 0.8615 0.4905
vn 0.5680 0.8206 -0.0623
vn -0.4905 0.8615 -0.1314
vn -0.1314 0.8615 0.4905
vn 0.5680 0.8206 0.0623
vn -0.3591 0.8615 -0.3591
vn 0.1314 0.8615 -0.4905
vn -0.3591 0.8615 0.3591
vn 0.3591 0.8615 0.3591
vn -0.1314 0.8615 -0.4905
vn 0.3591 0.8615 -0.3591
vn 0.9659 -0.0000 -0.2588
vn 0.9659 -0.0000 0.2588
vn 0.7361 0.6475 0.1972
vn 0.1892 0.6822 -0.7063
vn 0.5301 0.6565 -0.5366
vn 0.5368 0.6568 -0.5296
vn 0.7792 0.6267 -0.0000
vn 0.5301 0.6565 0.5366
vn 0.5368 0.6568 0.5296
vn 0.1892 0.6822 0.7063
vn -0.1892 0.6822 0.7063
vn -0.5170 0.6822 0.5170
vn -0.7063 0.6822 0.1892
vn -0.7063 0.6822 -0.1892
vn -0.5170 0.6822 -0.5170
vn -0.1892 0.6822 -0.7063
vn -0.1997 -0.6360 0.7454
vn 0.5462 0.6350 0.5462
vn 0.5718 -0.5892 -0.5709
vn 0.1997 0.6360 -0.7454
vn -0.7461 -0.6351 -0.1999
vn -0.5664 0.5960 0.5693
vn 0.2016 -0.6246 0.7545
vn 0.7461 0.6351 0.1999
vn 0.2016 -0.6246 -0.7545
vn -0.2017 0.6246 -0.7544
vn -0.7461 -0.6351 0.1999
vn -0.8068 0.5908 -0.0000
vn 0.1973 0.6474 0.7361
vn -0.5389 -0.6475 0.5389
vn -0.5547 0.6184 -0.5567
vn -0.1972 -0.6475 -0.7361
vn 0.7361 0.6475 -0.1973
vn 0.5593 -0.6131 0.5579
vn -0.1989 0.6390 0.7430
vn -0.7361 -0.6475 0.1972
vn -0.1989 0.6391 -0.7430
vn 0.1989 -0.6390 -0.7430
vn 0.1790 0.7234 -0.6668
vn 0.1783 0.7234 -0.6671
vn 0.4878 0.7137 -0.5027
vn 0.5021 0.7143 -0.4874
vn 0.7216 0.6924 -0.0000
vn 0.7218 0.6921 -0.0000
vn 0.4878 0.7137 0.5027
vn 0.5021 0.7143 0.4874
vn 0.1790 0.7234 0.6668
vn 0.1783 0.7233 0.6671
vn -0.1808 0.7157 0.6747
vn -0.1808 0.7157 0.6746
vn -0.4939 0.7156 0.4939
vn -0.6747 0.7156 0.1808
vn -0.6747 0.7156 -0.1808
vn -0.4939 0.7156 -0.4939
vn -0.1808 0.7157 -0.6746
vn 0.1721 0.7468 -0.6424
vn 0.4304 0.7931 -0.4310
vn 0.4304 0.7931 0.4310
vn 0.1721 0.7468 0.6424
vn -0.1711 0.7503 0.6386
vn -0.4675 0.7503 0.4675
vn -0.6386 0.7503 0.1711
vn -0.6386 0.7503 -0.1711
vn -0.4675 0.7503 -0.4675
vn -0.1711 0.7503 -0.6386
vn 0.6636 0.7481 -0.0000
vn 0.8044 -0.5941 -0.0000
vn -0.5462 -0.6350 -0.5462
vn 0.5462 0.6351 -0.5463
vn -0.8305 0.5571 -0.0000
vn 0.1997 0.6360 0.7454
vn -0.5462 -0.6351 0.5462
vn -0.5663 0.5960 -0.5693
vn -0.1997 -0.6360 -0.7454
vn 0.7462 0.6350 -0.1999
vn 0.5719 -0.5892 0.5708
vn -0.2017 0.6246 0.7544
vn -0.3692 -0.8529 0.3692
vn -0.3692 0.8529 -0.3692
vn -0.1351 0.8529 -0.5043
vn 0.1351 -0.8529 0.5043
vn -0.3692 0.8529 0.3692
vn -0.5043 0.8529 0.1351
vn 0.1351 0.8529 0.5043
vn -0.3692 -0.8529 -0.3692
vn -0.1351 -0.8529 -0.5043
vn -0.5043 -0.8529 0.1351
vn -0.5043 -0.8529 -0.1351
vn -0.5043 0.8529 -0.1351
vn 0.3634 -0.8570 0.3654
vn 0.3634 0.8570 0.3654
vn 0.3634 -0.8570 -0.3654
vn 0.3635 0.8570 -0.3654
vn 0.3634 0.8570 -0.3654
vn 0.1351 -0.8529 -0.5043
vn 0.1351 0.8529 -0.5043
vn -0.1351 -0.8529 0.5043
vn -0.1351 0.8529 0.5043
vn 0.7034 -0.0000 -0.7108
vn 0.7034 -0.0000 0.7108
vn 0.2238 0.5021 -0.8353
vn 0.6205 0.4747 -0.6241
vn 0.8977 0.4407 -0.0000
vn 0.6205 0.4748 0.6241
vn 0.2238 0.5021 0.8353
vn -0.2238 0.5021 0.8353
vn -0.6115 0.5021 0.6115
vn -0.8354 0.5021 0.2238
vn -0.8354 0.5021 -0.2238
vn -0.6115 0.5021 -0.6115
vn -0.2238 0.5021 -0.8353
vn 0.2238 0.5021 -0.8354
vn 0.6237 0.4763 -0.6198
vn 0.8878 0.4598 -0.0211
vn 0.8878 0.4598 0.0211
vn 0.6237 0.4763 0.6198
vn 0.2238 0.5021 0.8354
vn -0.2238 0.5021 0.8354
vn -0.8354 0.5020 0.2238
vn -0.8354 0.5020 -0.2238
vn -0.2238 0.5021 -0.8354
vn 0.2180 0.5393 0.8134
vn 0.8727 0.4883 -0.0000
vn -0.8134 0.5393 -0.2180
vn -0.2180 0.5393 0.8134
vn -0.5955 0.5393 -0.5955
vn 0.2180 0.5393 -0.8134
vn -0.5955 0.5393 0.5955
vn 0.5900 0.5499 0.5912
vn -0.2180 0.5393 -0.8134
vn 0.5900 0.5499 -0.5912
vn -0.8134 0.5393 0.2180
vn 0.1465 0.8245 0.5466
vn -0.4063 0.8182 -0.4068
vn -0.4001 -0.8245 0.4001
vn 0.1471 -0.8227 -0.5491
vn -0.1471 0.8227 -0.5492
vn -0.5464 -0.8246 0.1465
vn 0.4080 -0.8169 -0.4077
vn 0.1465 0.8245 -0.5466
vn -0.5464 -0.8246 -0.1465
vn 0.5281 -0.8491 -0.0106
vn 0.4001 0.8245 -0.4001
vn -0.4001 -0.8245 -0.4001
vn 0.8184 -0.3272 -0.4725
vn -0.4725 -0.3272 0.8184
vn 0.4725 -0.3272 0.8184
vn -0.8184 -0.3272 -0.4725
vn -0.0000 -0.3272 -0.9450
vn -0.9450 -0.3272 -0.0000
vn 0.8184 -0.3272 0.4725
vn -0.4725 -0.3272 -0.8184
vn -0.0000 -0.3272 0.9450
vn 0.4725 -0.3272 -0.8184
vn -0.8184 -0.3272 0.4725
vn 0.9450 -0.3272 -0.0000
vn -0.0000 0.4437 -0.8962
vn 0.4481 0.4437 -0.7761
vn 0.7761 0.4437 -0.4481
vn 0.8962 0.4437 -0.0000
vn 0.7761 0.4437 0.4481
vn 0.4481 0.4437 0.7761
vn -0.0000 0.4437 0.8962
vn -0.4481 0.4437 0.7761
vn -0.7761 0.4437 0.4481
vn -0.8962 0.4437 -0.0000
vn -0.7761 0.4437 -0.4481
vn -0.4481 0.4437 -0.7761
vn -0.0000 0.5286 0.8489
vn -0.3625 0.9320 -0.0000
vn 0.8489 0.5286 -0.0000
vn -0.7352 0.5286 -0.4244
vn -0.0000 0.5286 -0.8489
vn -0.4244 0.5286 0.7352
vn 0.7352 0.5286 0.4244
vn -0.4244 0.5286 -0.7352
vn 0.4244 0.5286 -0.7352
vn -0.7352 0.5286 0.4244
vn 0.4244 0.5286 0.7352
vn 0.7352 0.5286 -0.4244
vn -0.8489 0.5286 -0.0000
vn -0.0000 0.9320 0.3625
vn 0.3625 0.9320 -0.0000
vn -0.3140 0.9320 -0.1813
vn -0.0000 0.9320 -0.3625
vn -0.1813 0.9320 0.3140
vn 0.3140 0.9320 0.1813
vn -0.1813 0.9320 -0.3140
vn 0.1813 0.9320 -0.3140
vn -0.3140 0.9320 0.1813
vn 0.1813 0.9320 0.3140
vn 0.3140 0.9320 -0.1813
vn -0.0000 0.6099 -0.7925
vn 0.3962 0.6099 -0.6863
vn 0.6863 0.6099 -0.3962
vn 0.7925 0.6099 -0.0000
vn 0.6863 0.6099 0.3962
vn 0.3962 0.6099 0.6863
vn -0.0000 0.6099 0.7925
vn -0.3962 0.6099 0.6863
vn -0.6863 0.6099 0.3962
vn -0.7925 0.6099 -0.0000
vn -0.6863 0.6099 -0.3962
vn -0.3962 0.6099 -0.6863
vn -0.0000 0.7645 -0.6446
vn 0.3223 0.7645 -0.5582
vn 0.5582 0.7645 -0.3223
vn 0.6446 0.7645 -0.0000
vn 0.5583 0.7645 0.3223
vn 0.3223 0.7645 0.5582
vn -0.0000 0.7645 0.6446
vn -0.3223 0.7645 0.5582
vn -0.5583 0.7645 0.3223
vn -0.6446 0.7645 -0.0000
vn -0.5582 0.7645 -0.3223
vn -0.3223 0.7645 -0.5582
vn 0.9098 -0.0000 -0.4151
vn 0.9368 -0.0000 0.3498
vn 0.4151 -0.0000 0.9098
vn -0.3498 -0.0000 0.9368
vn -0.9098 -0.0000 0.4151
vn -0.9368 -0.0000 -0.3498
vn -0.4151 -0.0000 -0.9098
vn 0.3498 -0.0000 -0.9368
vn -0.6298 0.3827 0.6760
vn -0.1707 -0.9184 0.3569
vn 0.3440 -0.9184 -0.1955
vn -0.2609 -0.9239 0.2800
vn 0.6298 -0.3827 -0.6760
vn 0.6298 0.3827 -0.6760
vn -0.2609 0.9239 0.2800
vn -0.6298 -0.3827 0.6760
vn 0.2609 -0.9239 -0.2800
vn 0.2609 0.9239 -0.2800
vn -0.5888 -0.3840 0.7113
vn -0.6704 0.3834 0.6353
vn -0.3604 0.9152 0.1806
vn 0.1547 0.9152 -0.3722
vn 0.5864 0.3834 -0.7136
vn 0.6679 -0.3840 -0.6376
vn 0.4785 0.3336 -0.8122
vn 0.3834 0.2035 -0.9009
vn 0.3478 0.0574 -0.9358
vn -0.1000 0.7897 -0.6053
vn -0.3224 0.4858 -0.8125
vn -0.4121 0.1406 -0.9002
vn -0.6108 0.7897 -0.0570
vn -0.8332 0.4858 -0.2641
vn -0.9271 0.1406 -0.3474
vn -0.7764 0.3336 0.5347
vn -0.8715 0.2035 0.4461
vn -0.9089 0.0574 0.4131
vn -0.4812 -0.3359 0.8097
vn -0.3817 -0.1999 0.9024
vn -0.3474 -0.0540 0.9362
vn 0.0783 -0.8076 0.5846
vn 0.3357 -0.4558 0.8243
vn 0.4146 -0.1184 0.9023
vn 0.5886 -0.8076 0.0368
vn 0.8460 -0.4558 0.2766
vn 0.9293 -0.1184 0.3498
vn 0.7737 -0.3359 -0.5372
vn 0.8732 -0.1999 -0.4445
vn 0.9093 -0.0540 -0.4127
vn -0.9293 -0.1184 -0.3498
vn -0.4146 -0.1184 -0.9023
vn -0.9093 -0.0540 0.4127
vn -0.3478 0.0574 0.9358
vn 0.4121 0.1406 0.9002
vn 0.9271 0.1406 0.3474
vn 0.9089 0.0574 -0.4131
vn 0.3474 -0.0540 -0.9362
vn 0.8715 0.2035 -0.4461
vn 0.7764 0.3336 -0.5347
vn 0.6704 0.3834 -0.6353
vn 0.8332 0.4858 0.2642
vn 0.6108 0.7897 0.0570
vn 0.3604 0.9152 -0.1806
vn 0.3224 0.4858 0.8125
vn 0.1000 0.7897 0.6053
vn -0.1547 0.9152 0.3722
vn -0.3834 0.2035 0.9009
vn -0.4785 0.3336 0.8122
vn -0.5864 0.3834 0.7136
vn -0.8732 -0.1999 0.4445
vn -0.7737 -0.3359 0.5372
vn -0.6679 -0.3840 0.6376
vn -0.8460 -0.4558 -0.2766
vn -0.5886 -0.8076 -0.0368
vn -0.3440 -0.9184 0.1955
vn -0.3357 -0.4558 -0.8243
vn -0.0783 -0.8076 -0.5846
vn 0.1707 -0.9184 -0.3569
vn 0.3817 -0.1999 -0.9024
vn 0.4812 -0.3359 -0.8097
vn 0.5888 -0.3840 -0.7113
vn -0.9239 -0.0000 -0.3827
vn -0.3827 -0.0000 -0.9239
vn 0.3827 -0.0000 -0.9239
vn 0.9239 -0.0000 -0.3827
vn 0.9239 -0.0000 0.3827
vn 0.3827 -0.0000 0.9239
vn -0.3827 -0.0000 0.9239
vn -0.9239 -0.0000 0.3827
vn 0.9239 0.3827 -0.0000
vn 0.3775 -0.9184 -0.1184
vn -0.3775 -0.9184 -0.1184
vn 0.3827 -0.9239 -0.0000
vn -0.9239 -0.3827 -0.0000
vn -0.9239 0.3827 -0.0000
vn 0.3827 0.9239 -0.0000
vn 0.9239 -0.3827 -0.0000
vn -0.3827 -0.9239 -0.0000
vn -0.3827 0.9239 -0.0000
vn 0.9218 -0.3840 -0.0540
vn 0.9218 0.3834 0.0574
vn 0.3778 0.9152 0.1406
vn -0.3778 0.9152 0.1406
vn -0.9218 0.3834 0.0574
vn -0.9218 -0.3840 -0.0540
vn -0.9205 0.3336 0.2035
vn -0.9205 0.2035 0.3336
vn -0.9218 0.0574 0.3834
vn -0.3747 0.7897 0.4858
vn -0.3747 0.4858 0.7897
vn -0.3778 0.1406 0.9152
vn 0.3747 0.7897 0.4858
vn 0.3747 0.4858 0.7897
vn 0.3778 0.1406 0.9152
vn 0.9205 0.3336 0.2035
vn 0.9205 0.2035 0.3336
vn 0.9218 0.0574 0.3834
vn 0.9204 -0.3359 -0.1999
vn 0.9204 -0.1999 -0.3359
vn 0.9218 -0.0540 -0.3840
vn 0.3743 -0.8076 -0.4558
vn 0.3743 -0.4558 -0.8076
vn 0.3775 -0.1184 -0.9184
vn -0.3743 -0.8076 -0.4558
vn -0.3743 -0.4558 -0.8075
vn -0.3775 -0.1184 -0.9184
vn -0.9204 -0.3359 -0.1999
vn -0.9204 -0.1999 -0.3359
vn -0.9218 -0.0540 -0.3840
vn 0.3775 -0.1184 0.9184
vn -0.3775 -0.1184 0.9184
vn 0.9218 -0.0540 0.3840
vn 0.9218 0.0574 -0.3834
vn 0.3778 0.1406 -0.9152
vn -0.3778 0.1406 -0.9152
vn -0.9218 0.0574 -0.3834
vn -0.9218 -0.0540 0.3840
vn -0.9205 0.2035 -0.3336
vn -0.9205 0.3336 -0.2035
vn -0.9218 0.3834 -0.0574
vn -0.3747 0.4858 -0.7897
vn -0.3747 0.7897 -0.4858
vn -0.3778 0.9152 -0.1406
vn 0.3747 0.4858 -0.7897
vn 0.3747 0.7897 -0.4858
vn 0.3778 0.9152 -0.1406
vn 0.9205 0.2035 -0.3336
vn 0.9205 0.3336 -0.2035
vn 0.9218 0.3834 -0.0574
vn 0.9204 -0.1999 0.3359
vn 0.9204 -0.3359 0.1999
vn 0.9218 -0.3840 0.0540
vn 0.3743 -0.4558 0.8076
vn 0.3743 -0.8076 0.4558
vn 0.3775 -0.9184 0.1184
vn -0.3743 -0.4558 0.8076
vn -0.3743 -0.8076 0.4558
vn -0.3775 -0.9184 0.1184
vn -0.9204 -0.1999 0.3359
vn -0.9204 -0.3359 0.1999
vn -0.9218 -0.3840 0.0540
vn 0.4761 -0.0000 -0.8794
vn 0.9585 -0.0000 -0.2851
vn 0.8794 -0.0000 0.4761
vn 0.2851 -0.0000 0.9585
vn -0.4761 -0.0000 0.8794
vn -0.9585 -0.0000 0.2851
vn -0.8794 -0.0000 -0.4761
vn -0.2851 -0.0000 -0.9585
vn -0.0955 0.3827 0.9189
vn 0.0787 -0.9184 0.3877
vn 0.1568 -0.9184 -0.3633
vn -0.0396 -0.9239 0.3806
vn 0.0955 -0.3827 -0.9189
vn 0.0955 0.3827 -0.9189
vn -0.0396 0.9239 0.3806
vn -0.0955 -0.3827 0.9189
vn 0.0396 -0.9239 -0.3806
vn 0.0396 0.9239 -0.3806
vn -0.0415 -0.3840 0.9224
vn -0.1524 0.3834 0.9109
vn -0.1789 0.9152 0.3612
vn -0.1008 0.9152 -0.3903
vn 0.0382 0.3834 -0.9228
vn 0.1490 -0.3840 -0.9112
vn -0.1073 0.3336 -0.9366
vn -0.2367 0.2035 -0.9500
vn -0.2861 0.0574 -0.9565
vn -0.4444 0.7897 -0.4229
vn -0.7467 0.4858 -0.4543
vn -0.8712 0.1406 -0.4703
vn -0.5219 0.7897 0.3225
vn -0.8242 0.4858 0.2911
vn -0.9493 0.1406 0.2812
vn -0.2976 0.3336 0.8945
vn -0.4270 0.2035 0.8811
vn -0.4766 0.0574 0.8772
vn 0.1037 -0.3359 0.9362
vn 0.2389 -0.1999 0.9502
vn 0.2866 -0.0540 0.9565
vn 0.4147 -0.8076 0.4194
vn 0.7645 -0.4558 0.4558
vn 0.8745 -0.1184 0.4704
vn 0.4920 -0.8076 -0.3252
vn 0.8419 -0.4558 -0.2888
vn 0.9525 -0.1184 -0.2806
vn 0.2940 -0.3359 -0.8949
vn 0.4292 -0.1999 -0.8808
vn 0.4772 -0.0540 -0.8771
vn -0.9525 -0.1184 0.2806
vn -0.8745 -0.1184 -0.4704
vn -0.4772 -0.0540 0.8771
vn 0.2861 0.0574 0.9565
vn 0.8712 0.1406 0.4703
vn 0.9493 0.1406 -0.2812
vn 0.4766 0.0574 -0.8772
vn -0.2866 -0.0540 -0.9565
vn 0.4270 0.2035 -0.8811
vn 0.2976 0.3336 -0.8945
vn 0.1524 0.3834 -0.9109
vn 0.8242 0.4858 -0.2911
vn 0.5219 0.7897 -0.3225
vn 0.1789 0.9152 -0.3612
vn 0.7467 0.4858 0.4543
vn 0.4444 0.7897 0.4229
vn 0.1008 0.9152 0.3903
vn 0.2367 0.2035 0.9500
vn 0.1073 0.3336 0.9366
vn -0.0382 0.3834 0.9228
vn -0.4292 -0.1999 0.8808
vn -0.2940 -0.3359 0.8948
vn -0.1490 -0.3840 0.9112
vn -0.8419 -0.4558 0.2888
vn -0.4920 -0.8076 0.3252
vn -0.1567 -0.9184 0.3633
vn -0.7645 -0.4558 -0.4558
vn -0.4147 -0.8075 -0.4194
vn -0.0787 -0.9184 -0.3877
vn -0.2389 -0.1999 -0.9502
vn -0.1037 -0.3359 -0.9362
vn 0.0415 -0.3840 -0.9224
vn -0.0000 0.3827 0.9239
vn -0.0000 -0.9239 0.3827
vn -0.0000 -0.3827 -0.9239
vn -0.0000 0.3827 -0.9239
vn -0.0000 0.9239 0.3827
vn -0.0000 -0.3827 0.9239
vn -0.0000 -0.9239 -0.3827
vn -0.0000 0.9239 -0.3827
vn -0.9184 -0.1184 0.3775
vn -0.9184 -0.1184 -0.3775
vn -0.3840 -0.0540 0.9218
vn 0.3834 0.0574 0.9218
vn 0.9152 0.1406 0.3778
vn 0.9152 0.1406 -0.3778
vn 0.3834 0.0574 -0.9218
vn -0.3840 -0.0540 -0.9218
vn 0.3336 0.2035 -0.9205
vn 0.2035 0.3336 -0.9205
vn 0.0574 0.3834 -0.9218
vn 0.7897 0.4858 -0.3747
vn 0.4858 0.7897 -0.3747
vn 0.1406 0.9152 -0.3778
vn 0.7897 0.4858 0.3747
vn 0.4858 0.7897 0.3747
vn 0.1406 0.9152 0.3778
vn 0.3336 0.2035 0.9205
vn 0.2035 0.3336 0.9205
vn 0.0574 0.3834 0.9218
vn -0.3359 -0.1999 0.9204
vn -0.1999 -0.3359 0.9204
vn -0.0540 -0.3840 0.9218
vn -0.8075 -0.4558 0.3743
vn -0.4558 -0.8076 0.3743
vn -0.1184 -0.9184 0.3775
vn -0.8075 -0.4558 -0.3743
vn -0.4558 -0.8075 -0.3743
vn -0.1184 -0.9184 -0.3775
vn -0.3359 -0.1999 -0.9204
vn -0.1999 -0.3359 -0.9204
vn -0.0540 -0.3840 -0.9218
vn 0.1184 -0.9184 0.3775
vn 0.1184 -0.9184 -0.3775
vn 0.2103 0.3429 0.9156
vn -0.0000 0.3871 -0.9220
vn 0.0540 -0.3840 0.9218
vn -0.0574 0.3834 0.9218
vn -0.3934 0.0597 -0.9174
vn 0.0590 0.3885 0.9195
vn -0.0574 0.3834 -0.9218
vn 0.0540 -0.3840 -0.9218
vn -0.2035 0.3336 -0.9205
vn -0.3336 0.2035 -0.9205
vn -0.3834 0.0574 -0.9218
vn 0.1486 0.9868 0.0641
vn -0.2103 0.3429 0.9156
vn 0.3934 0.0597 0.9174
vn 0.1486 0.9868 -0.0641
vn -0.3444 0.2114 0.9147
vn 0.3934 0.0597 -0.9174
vn -0.2035 0.3336 0.9205
vn -0.3336 0.2035 0.9205
vn -0.3834 0.0574 0.9218
vn 0.1999 -0.3359 0.9204
vn 0.3359 -0.1999 0.9204
vn 0.3840 -0.0540 0.9218
vn 0.4558 -0.8076 0.3743
vn 0.8076 -0.4558 0.3743
vn 0.9184 -0.1184 0.3775
vn 0.4558 -0.8076 -0.3743
vn 0.8076 -0.4558 -0.3743
vn 0.9184 -0.1184 -0.3775
vn 0.1999 -0.3359 -0.9204
vn 0.3359 -0.1999 -0.9204
vn 0.3840 -0.0540 -0.9218
vn 0.3444 0.2114 -0.9147
vn -0.3934 0.0597 0.9174
vn -0.1486 0.9868 0.0641
vn 0.2103 0.3429 -0.9155
vn -0.0590 0.3885 0.9195
vn -0.1486 0.9868 -0.0641
vn 0.0590 0.3885 -0.9195
vn -0.0590 0.3885 -0.9195
vn -0.8076 -0.4558 0.3743
vn -0.8076 -0.4558 -0.3743
vn -0.4558 -0.8076 -0.3743
vn -0.9130 0.1339 0.3853
vn -0.9130 0.1339 -0.3853
vn -0.0000 0.9257 0.3784
vn -0.0000 0.9257 -0.3784
vn -0.1429 0.9176 0.3710
vn -0.1429 0.9176 -0.3710
vn -0.9173 0.1431 -0.3717
vn -0.7944 0.4891 -0.3602
vn -0.4891 0.7944 -0.3602
vn -0.9173 0.1431 0.3717
vn -0.7944 0.4891 0.3602
vn -0.4891 0.7944 0.3602
vn 0.9130 0.1339 0.3853
vn 0.9130 0.1339 -0.3853
vn 0.9173 0.1431 0.3717
vn 0.9173 0.1431 -0.3717
vn 0.1429 0.9176 -0.3710
vn 0.4891 0.7944 -0.3602
vn 0.7944 0.4891 -0.3602
vn 0.1429 0.9176 0.3710
vn 0.4891 0.7944 0.3602
vn 0.7944 0.4891 0.3602
vn -0.0000 0.9223 0.3865
vn -0.0000 0.9223 -0.3865
vn -0.1428 0.9124 0.3836
vn -0.1428 0.9124 -0.3836
vn -0.4840 0.7846 -0.3875
vn -0.7847 0.4840 -0.3873
vn -0.9078 0.1483 -0.3923
vn -0.4840 0.7846 0.3875
vn -0.7847 0.4840 0.3873
vn -0.9078 0.1483 0.3923
vn 0.9078 0.1483 0.3923
vn 0.9078 0.1483 -0.3923
vn 0.7847 0.4840 -0.3873
vn 0.4840 0.7846 -0.3875
vn 0.1428 0.9124 -0.3836
vn 0.7847 0.4840 0.3873
vn 0.4840 0.7846 0.3875
vn 0.1428 0.9124 0.3836
vn -0.3444 0.2114 -0.9147
vn -0.0000 0.3871 0.9220
vn 0.3444 0.2114 0.9147
vn -0.2103 0.3428 -0.9156
vn 0.2103 0.3429 0.9155
vn 0.0590 0.3885 0.9196
vn -0.2103 0.3428 0.9156
vn 0.2103 0.3428 -0.9156
vn -0.0590 0.3885 0.9196
vn -0.1406 0.9152 0.3778
vn -0.1406 0.9152 -0.3778
vn -0.4858 0.7897 -0.3747
vn -0.7897 0.4858 -0.3747
vn -0.9152 0.1406 -0.3778
vn -0.4858 0.7897 0.3747
vn -0.7897 0.4858 0.3747
vn -0.9152 0.1406 0.3778
vt 0.432823 0.416667
vt 0.601131 0.416667
vt 0.601131 0.474265
vt 0.432823 0.474265
vt 0.607246 0.775735
vt 0.602775 0.775735
vt 0.602775 0.704963
vt 0.607246 0.704963
vt 0.607246 0.916667
vt 0.602775 0.916667
vt 0.602885 0.916667
vt 0.601131 0.916667
vt 0.432823 0.916667
vt 0.602775 0.083333
vt 0.607246 0.083333
vt 0.602885 0.083333
vt 0.607246 0.333333
vt 0.625000 0.333333
vt 0.428643 0.166667
vt 0.375000 0.166667
vt 0.375000 0.083333
vt 0.208333 0.583333
vt 0.208333 0.666667
vt 0.375000 0.583333
vt 0.428643 0.583333
vt 0.602775 0.333333
vt 0.602885 0.333333
vt 0.428643 0.833333
vt 0.428643 0.886630
vt 0.428643 0.916667
vt 0.375000 0.916667
vt 0.375000 0.833333
vt 0.607246 0.666667
vt 0.602775 0.666667
vt 0.602885 0.666667
vt 0.607246 0.166667
vt 0.602775 0.166667
vt 0.602885 0.166667
vt 0.607246 0.545037
vt 0.602775 0.545037
vt 0.602775 0.474265
vt 0.607246 0.474265
vt 0.607246 0.583333
vt 0.641908 0.583333
vt 0.441162 0.221860
vt 0.592791 0.221860
vt 0.375000 0.666667
vt 0.291667 0.666667
vt 0.291667 0.583333
vt 0.375000 0.275735
vt 0.428643 0.275735
vt 0.428643 0.333333
vt 0.375000 0.333333
vt 0.125000 0.666667
vt 0.208333 0.750000
vt 0.150735 0.750000
vt 0.125000 0.704963
vt 0.602775 0.045037
vt 0.607246 0.045037
vt 0.602775 0.083333
vt 0.291667 0.500000
vt 0.349265 0.500000
vt 0.375000 0.545037
vt 0.375000 0.416667
vt 0.428643 0.416667
vt 0.428643 0.474265
vt 0.375000 0.474265
vt 0.125000 0.545037
vt 0.150735 0.500000
vt 0.208333 0.500000
vt 0.125000 0.583333
vt 0.625000 0.166667
vt 0.375000 0.704963
vt 0.349265 0.750000
vt 0.291667 0.750000
vt 0.602775 0.583333
vt 0.602885 0.583333
vt 0.441162 0.758838
vt 0.441162 0.721860
vt 0.441162 0.491161
vt 0.592791 0.491161
vt 0.441162 0.258839
vt 0.607246 0.275735
vt 0.602775 0.275735
vt 0.602775 0.204963
vt 0.607246 0.204963
vt 0.375000 0.204963
vt 0.428643 0.204963
vt 0.428643 0.775735
vt 0.375000 0.775735
vt 0.428643 0.704963
vt 0.428643 0.545037
vt 0.607246 0.974265
vt 0.602775 0.974265
vt 0.432823 0.275735
vt 0.601131 0.275735
vt 0.601131 0.333333
vt 0.432823 0.333333
vt 0.791667 0.529590
vt 0.791667 0.546400
vt 0.791667 0.545277
vt 0.625000 0.008667
vt 0.625000 0.036370
vt 0.607246 0.000000
vt 0.625000 0.218582
vt 0.625000 0.262116
vt 0.625000 0.487884
vt 0.625000 0.531418
vt 0.625000 0.718582
vt 0.625000 0.762116
vt 0.625000 0.057294
vt 0.625000 0.083333
vt 0.625000 0.916667
vt 0.625000 0.967261
vt 0.625000 0.282739
vt 0.625000 0.192706
vt 0.641909 0.666667
vt 0.641908 0.692706
vt 0.607246 0.833333
vt 0.625000 0.782739
vt 0.625000 0.833333
vt 0.641908 0.557293
vt 0.607246 0.416667
vt 0.625000 0.416667
vt 0.625000 0.467261
vt 0.858091 0.666667
vt 0.848484 0.666667
vt 0.849268 0.666667
vt 0.602775 0.833333
vt 0.602885 0.833333
vt 0.602775 0.000000
vt 0.601131 0.166667
vt 0.432823 0.166667
vt 0.601131 0.166667
vt 0.428643 0.974265
vt 0.375000 0.974265
vt 0.432823 0.416667
vt 0.432823 0.083333
vt 0.601131 0.083333
vt 0.601131 0.083333
vt 0.432823 0.583333
vt 0.601131 0.583333
vt 0.601131 0.666667
vt 0.432823 0.666667
vt 0.766963 0.539768
vt 0.733042 0.539768
vt 0.736227 0.529590
vt 0.763773 0.529590
vt 0.375000 0.000000
vt 0.428643 0.000000
vt 0.428643 0.045037
vt 0.375000 0.045037
vt 0.432823 0.833333
vt 0.601131 0.833333
vt 0.432823 0.833333
vt 0.428643 0.083333
vt 0.602885 0.833333
vt 0.607246 0.860448
vt 0.602885 0.860448
vt 0.843440 0.673509
vt 0.836169 0.690931
vt 0.602885 0.083333
vt 0.607246 0.107472
vt 0.602885 0.107472
vt 0.714056 0.666667
vt 0.663444 0.666667
vt 0.602885 0.583333
vt 0.607246 0.607472
vt 0.602885 0.607472
vt 0.656453 0.583333
vt 0.663444 0.583333
vt 0.449872 0.145988
vt 0.584081 0.145988
vt 0.584081 0.163206
vt 0.449872 0.163206
vt 0.449872 0.645989
vt 0.584081 0.645988
vt 0.584081 0.663206
vt 0.449872 0.663206
vt 0.597232 0.357638
vt 0.436721 0.357638
vt 0.597232 0.413857
vt 0.436721 0.413857
vt 0.602884 0.361227
vt 0.607246 0.361227
vt 0.607246 0.388773
vt 0.602885 0.388773
vt 0.602885 0.861227
vt 0.607246 0.861227
vt 0.607246 0.888773
vt 0.602885 0.888773
vt 0.602885 0.111319
vt 0.607246 0.111319
vt 0.607246 0.138681
vt 0.602885 0.138681
vt 0.602885 0.611319
vt 0.607246 0.611319
vt 0.607246 0.638681
vt 0.602885 0.638681
vt 0.656453 0.666667
vt 0.602885 0.333333
vt 0.607246 0.360448
vt 0.602885 0.360448
vt 0.428643 0.666667
vt 0.428643 0.545037
vt 0.651516 0.583333
vt 0.650730 0.583333
vt 0.602775 0.166667
vt 0.428643 0.704963
vt 0.428643 0.045037
vt 0.601131 0.974265
vt 0.432823 0.974265
vt 0.708333 0.720410
vt 0.708333 0.703599
vt 0.708333 0.704721
vt 0.602775 0.416667
vt 0.602885 0.416667
vt 0.432823 0.775735
vt 0.601131 0.775735
vt 0.852369 0.642528
vt 0.852369 0.645241
vt 0.647631 0.611319
vt 0.647631 0.607472
vt 0.647631 0.604759
vt 0.656453 0.583333
vt 0.708333 0.583333
vt 0.708333 0.666667
vt 0.656453 0.645241
vt 0.647631 0.645241
vt 0.647631 0.642528
vt 0.647631 0.638681
vt 0.641909 0.583333
vt 0.641909 0.607472
vt 0.625000 0.107472
vt 0.449872 0.586794
vt 0.584081 0.586794
vt 0.584081 0.604012
vt 0.449872 0.604011
vt 0.449872 0.086794
vt 0.584081 0.086794
vt 0.584081 0.104012
vt 0.449872 0.104012
vt 0.432823 0.638681
vt 0.601131 0.638681
vt 0.661718 0.703598
vt 0.602885 0.142528
vt 0.607246 0.142528
vt 0.602885 0.166667
vt 0.625000 0.111319
vt 0.625000 0.138681
vt 0.641909 0.638681
vt 0.641909 0.611319
vt 0.764441 0.723383
vt 0.703473 0.810260
vt 0.852369 0.604759
vt 0.852369 0.607472
vt 0.602885 0.642528
vt 0.607246 0.642528
vt 0.649791 0.669685
vt 0.649790 0.686993
vt 0.643633 0.691456
vt 0.643633 0.669685
vt 0.793392 0.706620
vt 0.838996 0.706617
vt 0.856367 0.558544
vt 0.856367 0.580315
vt 0.850210 0.686993
vt 0.850209 0.669685
vt 0.793392 0.532609
vt 0.841546 0.532609
vt 0.661004 0.706617
vt 0.841546 0.717391
vt 0.793392 0.717391
vt 0.661718 0.546402
vt 0.708333 0.546399
vt 0.708333 0.546399
vt 0.838282 0.546402
vt 0.848485 0.564257
vt 0.848484 0.564257
vt 0.661004 0.543383
vt 0.649790 0.563007
vt 0.651516 0.564256
vt 0.651515 0.564257
vt 0.000000 0.000000
vt 0.848485 0.685743
vt 0.838282 0.703598
vt 0.791667 0.704730
vt 0.791667 0.703601
vt 0.791667 0.720410
vt 0.849275 0.583333
vt 0.848485 0.583333
vt 0.858091 0.583333
vt 0.708333 0.545276
vt 0.708333 0.529590
vt 0.856367 0.669685
vt 0.856367 0.691456
vt 0.765337 0.713010
vt 0.760573 0.725095
vt 0.850209 0.563007
vt 0.838996 0.543383
vt 0.852369 0.638681
vt 0.852369 0.611319
vt 0.858091 0.611319
vt 0.858091 0.638681
vt 0.650730 0.583333
vt 0.651515 0.685743
vt 0.651517 0.685745
vt 0.650730 0.666667
vt 0.651516 0.666667
vt 0.650730 0.666667
vt 0.836556 0.583333
vt 0.843548 0.583333
vt 0.843634 0.659359
vt 0.766963 0.539768
vt 0.732307 0.710232
vt 0.711579 0.710231
vt 0.625000 0.860448
vt 0.607246 0.860448
vt 0.625000 0.889552
vt 0.607246 0.889552
vt 0.625000 0.360448
vt 0.607246 0.360448
vt 0.436721 0.392362
vt 0.521324 0.888224
vt 0.521324 0.875549
vt 0.597232 0.336143
vt 0.596783 0.888224
vt 0.602885 0.889552
vt 0.607246 0.889552
vt 0.602885 0.916667
vt 0.625000 0.861227
vt 0.625000 0.888773
vt 0.607246 0.888773
vt 0.602885 0.389552
vt 0.607246 0.389552
vt 0.602885 0.416667
vt 0.625000 0.361227
vt 0.625000 0.388773
vt 0.843550 0.604759
vt 0.714056 0.583333
vt 0.711073 0.694544
vt 0.711074 0.555454
vt 0.711579 0.539768
vt 0.785944 0.583333
vt 0.641908 0.666667
vt 0.641908 0.642528
vt 0.625000 0.389552
vt 0.607246 0.389552
vt 0.625000 0.142528
vt 0.708333 0.529590
vt 0.852369 0.642528
vt 0.858091 0.642528
vt 0.641908 0.607472
vt 0.661073 0.583333
vt 0.788925 0.555455
vt 0.788419 0.539768
vt 0.849271 0.583333
vt 0.849271 0.583333
vt 0.838927 0.583333
vt 0.661073 0.666667
vt 0.732306 0.539768
vt 0.732306 0.539768
vt 0.767698 0.539768
vt 0.764552 0.529590
vt 0.766962 0.710232
vt 0.733042 0.710232
vt 0.766962 0.710232
vt 0.735448 0.720410
vt 0.708333 0.720410
vt 0.791667 0.583333
vt 0.791667 0.666667
vt 0.767698 0.539768
vt 0.735448 0.529590
vt 0.763773 0.720410
vt 0.736227 0.720410
vt 0.858091 0.607472
vt 0.858092 0.692706
vt 0.842261 0.720410
vt 0.842261 0.529590
vt 0.858091 0.557293
vt 0.658454 0.532609
vt 0.643633 0.558544
vt 0.657739 0.529590
vt 0.658454 0.717391
vt 0.657739 0.720410
vt 0.706608 0.717391
vt 0.643633 0.580315
vt 0.706608 0.532609
vt 0.706608 0.543381
vt 0.649791 0.580315
vt 0.706608 0.706618
vt 0.793392 0.543382
vt 0.850210 0.580315
vt 0.601131 0.611319
vt 0.601131 0.607472
vt 0.601131 0.138681
vt 0.601131 0.111319
vt 0.432823 0.545037
vt 0.432823 0.611319
vt 0.432823 0.607472
vt 0.432823 0.111319
vt 0.432823 0.138681
vt 0.432823 0.704963
vt 0.432823 0.107472
vt 0.432823 0.204963
vt 0.432823 0.045037
vt 0.432823 0.704963
vt 0.432823 0.888773
vt 0.601131 0.888773
vt 0.601131 0.889552
vt 0.432823 0.889552
vt 0.432823 0.860448
vt 0.601131 0.860448
vt 0.601131 0.861227
vt 0.432823 0.861227
vt 0.432823 0.388773
vt 0.601131 0.388773
vt 0.432823 0.204963
vt 0.432823 0.275735
vt 0.601131 0.389552
vt 0.432823 0.389552
vt 0.432823 0.360448
vt 0.601131 0.360448
vt 0.432823 0.000000
vt 0.601131 0.361227
vt 0.432823 0.361227
vt 0.601131 0.375000
vt 0.601131 0.642528
vt 0.601131 0.875000
vt 0.428643 0.886650
vt 0.432823 0.875000
vt 0.432823 0.142528
vt 0.432823 0.642528
vt 0.432823 0.379734
vt 0.601131 0.545037
vt 0.601131 0.474265
vt 0.601131 0.704963
vt 0.601131 0.204963
vt 0.601131 0.045037
vt 0.601131 0.000000
vt 0.601131 0.142528
vt 0.601131 0.107472
vt 0.852369 0.614750
vt 0.852369 0.639096
vt 0.647631 0.610903
vt 0.647631 0.635250
vt 0.733491 0.539768
vt 0.732756 0.710232
vt 0.767249 0.539768
vt 0.768872 0.707453
vt 0.432823 0.375000
vt 0.436721 0.892362
vt 0.436721 0.913857
vt 0.597232 0.913857
vt 0.597232 0.892362
vt 0.597232 0.392362
vt 0.436721 0.336143
vt 0.436721 0.836143
vt 0.436721 0.857638
vt 0.597232 0.857638
vt 0.597232 0.836143
vt 0.519379 0.912456
vt 0.519379 0.893763
vt 0.519379 0.903109
vt 0.595289 0.837544
vt 0.519379 0.837544
vt 0.516180 0.837544
vt 0.438665 0.837544
vt 0.595289 0.893763
vt 0.516180 0.893763
vt 0.438665 0.893762
vt 0.438665 0.393763
vt 0.438665 0.412456
vt 0.438665 0.912456
vt 0.595289 0.912456
vt 0.595289 0.412456
vt 0.595289 0.393763
vt 0.438665 0.337544
vt 0.438665 0.356237
vt 0.438665 0.856237
vt 0.595289 0.856237
vt 0.595288 0.356237
vt 0.595288 0.337544
vt 0.595289 0.903109
vt 0.516180 0.337544
vt 0.516180 0.356237
vt 0.516180 0.912456
vt 0.519379 0.337544
vt 0.516180 0.412456
vt 0.519379 0.412456
vt 0.560257 0.838593
vt 0.592365 0.838593
vt 0.519379 0.356237
vt 0.516180 0.856237
vt 0.519379 0.856237
vt 0.516180 0.837544
vt 0.516180 0.856237
vt 0.519379 0.393763
vt 0.516180 0.393763
vt 0.516180 0.356237
vt 0.516180 0.337544
vt 0.516180 0.912456
vt 0.516180 0.893763
vt 0.516180 0.412456
vt 0.516180 0.393763
vt 0.522303 0.345841
vt 0.522303 0.338593
vt 0.554411 0.902060
vt 0.522303 0.902060
vt 0.513401 0.409448
vt 0.441444 0.409448
vt 0.513401 0.896771
vt 0.513401 0.909448
vt 0.554411 0.338593
vt 0.557334 0.393763
vt 0.595289 0.403109
vt 0.557334 0.412456
vt 0.595289 0.846891
vt 0.519379 0.403109
vt 0.557334 0.837544
vt 0.595288 0.346891
vt 0.519379 0.346891
vt 0.557334 0.856237
vt 0.557334 0.337544
vt 0.557334 0.356237
vt 0.557334 0.893763
vt 0.519379 0.846891
vt 0.557334 0.912456
vt 0.554411 0.894812
vt 0.522303 0.894812
vt 0.554411 0.402060
vt 0.522303 0.402060
vt 0.554411 0.394812
vt 0.592365 0.411407
vt 0.560257 0.411407
vt 0.522303 0.394812
vt 0.554411 0.845841
vt 0.522303 0.845841
vt 0.592365 0.404159
vt 0.554411 0.838593
vt 0.560257 0.404159
vt 0.557334 0.846891
vt 0.592365 0.847940
vt 0.560257 0.847940
vt 0.592365 0.855188
vt 0.560257 0.855188
vt 0.557334 0.403109
vt 0.557334 0.903109
vt 0.592365 0.904158
vt 0.560257 0.904159
vt 0.592365 0.911407
vt 0.560257 0.911407
vt 0.557334 0.346891
vt 0.592365 0.347940
vt 0.560257 0.347940
vt 0.592365 0.355188
vt 0.560257 0.355188
vt 0.554411 0.347940
vt 0.522303 0.347940
vt 0.554411 0.355188
vt 0.522303 0.355188
vt 0.554411 0.345841
vt 0.592365 0.338593
vt 0.560257 0.338593
vt 0.592365 0.345841
vt 0.560257 0.345841
vt 0.554411 0.904158
vt 0.522303 0.904159
vt 0.554411 0.911407
vt 0.522303 0.911407
vt 0.592365 0.894812
vt 0.560257 0.894812
vt 0.592365 0.902060
vt 0.560257 0.902060
vt 0.554411 0.404159
vt 0.522303 0.404159
vt 0.554411 0.411407
vt 0.522303 0.411407
vt 0.592365 0.394812
vt 0.560257 0.394812
vt 0.592365 0.402060
vt 0.560257 0.402060
vt 0.554411 0.847940
vt 0.522303 0.847940
vt 0.554411 0.855188
vt 0.522303 0.855188
vt 0.522303 0.838593
vt 0.592365 0.845841
vt 0.560257 0.845841
vt 0.597552 0.374548
vt 0.436401 0.374548
vt 0.596783 0.875549
vt 0.521324 0.375549
vt 0.596783 0.375549
vt 0.596783 0.388224
vt 0.521324 0.388224
vt 0.522550 0.888069
vt 0.522550 0.875704
vt 0.595557 0.888069
vt 0.595557 0.875704
vt 0.595557 0.375704
vt 0.522550 0.375704
vt 0.595557 0.388069
vt 0.522551 0.388069
vt 0.525512 0.876078
vt 0.592595 0.876078
vt 0.592595 0.387695
vt 0.525512 0.387695
vt 0.592595 0.887695
vt 0.525512 0.887695
vt 0.592595 0.376078
vt 0.525512 0.376078
vt 0.590888 0.387479
vt 0.527219 0.387479
vt 0.590888 0.876293
vt 0.590888 0.887480
vt 0.527219 0.876293
vt 0.527219 0.887479
vt 0.590888 0.376293
vt 0.527219 0.376293
vt 0.436401 0.361679
vt 0.597552 0.861679
vt 0.436401 0.861679
vt 0.597552 0.874548
vt 0.597552 0.361679
vt 0.436401 0.874548
vt 0.547913 0.362071
vt 0.547913 0.374157
vt 0.544146 0.374157
vt 0.544146 0.362071
vt 0.439502 0.374157
vt 0.451070 0.374157
vt 0.466672 0.374157
vt 0.470438 0.374157
vt 0.486040 0.374157
vt 0.489807 0.374157
vt 0.505409 0.374157
vt 0.509175 0.374157
vt 0.524778 0.374157
vt 0.528544 0.374157
vt 0.544146 0.374157
vt 0.547913 0.374157
vt 0.563515 0.374157
vt 0.567281 0.374157
vt 0.582884 0.374157
vt 0.594451 0.374157
vt 0.594451 0.362071
vt 0.528544 0.862071
vt 0.528544 0.874157
vt 0.524778 0.874157
vt 0.524778 0.862071
vt 0.439502 0.362071
vt 0.439502 0.874157
vt 0.451070 0.874157
vt 0.466672 0.874157
vt 0.470438 0.874157
vt 0.486041 0.874157
vt 0.489807 0.874157
vt 0.505409 0.874157
vt 0.509176 0.874157
vt 0.544147 0.874157
vt 0.547913 0.874157
vt 0.563515 0.874157
vt 0.567282 0.874157
vt 0.582884 0.874157
vt 0.594451 0.874157
vt 0.594451 0.862071
vt 0.489807 0.362071
vt 0.486040 0.362071
vt 0.439502 0.862071
vt 0.547913 0.862071
vt 0.547913 0.874157
vt 0.544146 0.874157
vt 0.544147 0.862071
vt 0.567281 0.362071
vt 0.567281 0.374157
vt 0.563515 0.374157
vt 0.563515 0.362071
vt 0.470438 0.862071
vt 0.466672 0.862071
vt 0.470438 0.362071
vt 0.470438 0.374157
vt 0.466672 0.362071
vt 0.489807 0.862071
vt 0.486041 0.862071
vt 0.451070 0.362071
vt 0.451070 0.374157
vt 0.582884 0.362071
vt 0.509176 0.862071
vt 0.505409 0.862071
vt 0.567282 0.862071
vt 0.567282 0.874157
vt 0.563515 0.874157
vt 0.563515 0.862071
vt 0.451070 0.862071
vt 0.451070 0.874157
vt 0.509175 0.362071
vt 0.505409 0.362071
vt 0.563515 0.362071
vt 0.528544 0.362071
vt 0.524778 0.362071
vt 0.470438 0.362071
vt 0.582884 0.862071
vt 0.563515 0.862071
vt 0.544146 0.862071
vt 0.451070 0.862071
vt 0.441444 0.896771
vt 0.441444 0.909448
vt 0.513401 0.396771
vt 0.441444 0.396771
vt 0.440674 0.144121
vt 0.440674 0.165073
vt 0.440674 0.644121
vt 0.440674 0.665073
vt 0.593279 0.165073
vt 0.593279 0.144121
vt 0.593279 0.665073
vt 0.593279 0.644121
vt 0.440674 0.084927
vt 0.440674 0.105879
vt 0.440674 0.584927
vt 0.440674 0.605879
vt 0.593280 0.105879
vt 0.593280 0.084927
vt 0.593280 0.605879
vt 0.593280 0.584927
vt 0.448459 0.604389
vt 0.583020 0.604389
vt 0.588495 0.644499
vt 0.583020 0.645610
vt 0.588495 0.605501
vt 0.442088 0.605501
vt 0.448010 0.587009
vt 0.588495 0.144499
vt 0.583020 0.145611
vt 0.442536 0.585898
vt 0.448010 0.087009
vt 0.448458 0.104389
vt 0.448010 0.662991
vt 0.442536 0.664102
vt 0.442088 0.144499
vt 0.442536 0.164102
vt 0.442088 0.644499
vt 0.442536 0.085898
vt 0.442088 0.105501
vt 0.588495 0.105501
vt 0.448010 0.162991
vt 0.448458 0.145611
vt 0.448458 0.645611
vt 0.583020 0.104389
vt 0.592650 0.611978
vt 0.592650 0.638022
vt 0.592791 0.010753
vt 0.441162 0.010753
vt 0.592791 0.034284
vt 0.441162 0.034284
vt 0.441162 0.528140
vt 0.592791 0.528140
vt 0.592791 0.258839
vt 0.592791 0.758839
vt 0.592791 0.721860
vt 0.442977 0.524463
vt 0.442977 0.494838
vt 0.590976 0.225536
vt 0.590976 0.255162
vt 0.590976 0.013092
vt 0.590976 0.031945
vt 0.590976 0.755162
vt 0.442977 0.755162
vt 0.442977 0.013092
vt 0.442977 0.031945
vt 0.590976 0.524464
vt 0.590976 0.494838
vt 0.442977 0.255162
vt 0.442977 0.225536
vt 0.442977 0.725536
vt 0.590976 0.725536
vt 0.441303 0.638022
vt 0.441303 0.611978
vt 0.592650 0.138022
vt 0.441303 0.138022
vt 0.437396 0.615928
vt 0.437396 0.634072
vt 0.592650 0.111978
vt 0.596557 0.111957
vt 0.437396 0.111957
vt 0.441303 0.111978
vt 0.437396 0.138043
vt 0.596557 0.138043
vt 0.588779 0.637029
vt 0.445174 0.637029
vt 0.588779 0.612971
vt 0.437396 0.638043
vt 0.596557 0.638043
vt 0.596557 0.634072
vt 0.596557 0.615928
vt 0.596557 0.611957
vt 0.437396 0.611957
vt 0.437396 0.115928
vt 0.437396 0.134072
vt 0.596557 0.134072
vt 0.596557 0.115928
vt 0.445174 0.612971
vt 0.445174 0.137029
vt 0.588779 0.137029
vt 0.445174 0.112971
vt 0.588779 0.112971
vt 0.445182 0.637027
vt 0.473015 0.634649
vt 0.560938 0.634649
vt 0.474625 0.116347
vt 0.559328 0.116347
vt 0.473015 0.634649
vt 0.579499 0.620111
vt 0.579499 0.629889
vt 0.579499 0.629889
vt 0.560938 0.134649
vt 0.473015 0.134649
vt 0.473015 0.615351
vt 0.560938 0.615351
vt 0.579499 0.120111
vt 0.579499 0.129889
vt 0.588771 0.112973
vt 0.560938 0.115351
vt 0.473015 0.115351
vt 0.473015 0.115351
vt 0.445183 0.137027
vt 0.575613 0.629476
vt 0.559328 0.633652
vt 0.454454 0.129889
vt 0.454454 0.120111
vt 0.454454 0.129889
vt 0.588771 0.637027
vt 0.454454 0.629889
vt 0.454454 0.620111
vt 0.454454 0.620111
vt 0.445182 0.112973
vt 0.588771 0.137027
vt 0.588771 0.612973
vt 0.473015 0.615351
vt 0.454454 0.634649
vt 0.454454 0.615351
vt 0.445183 0.612973
vt 0.579499 0.615351
vt 0.579499 0.634649
vt 0.579499 0.134649
vt 0.454454 0.134649
vt 0.454454 0.115351
vt 0.579499 0.115351
vt 0.473015 0.634649
vt 0.458341 0.629476
vt 0.474625 0.633652
vt 0.458340 0.620524
vt 0.474625 0.616347
vt 0.560938 0.615351
vt 0.559328 0.616347
vt 0.575613 0.620524
vt 0.560938 0.634649
vt 0.559328 0.133653
vt 0.575613 0.129476
vt 0.473015 0.134649
vt 0.474625 0.133653
vt 0.458341 0.129476
vt 0.458340 0.120524
vt 0.575613 0.120524
vt 0.789089 0.589930
vt 0.789089 0.660070
vt 0.710911 0.660070
vt 0.710911 0.589930
vt 0.710911 0.583333
vt 0.789089 0.583333
vt 0.708333 0.596394
vt 0.708333 0.595424
vt 0.708333 0.653606
vt 0.708333 0.654576
vt 0.710911 0.666667
vt 0.789089 0.666667
vt 0.708333 0.647964
vt 0.708333 0.649671
vt 0.708333 0.600329
vt 0.708333 0.642959
vt 0.708333 0.607040
vt 0.708333 0.602036
vt 0.708333 0.611111
vt 0.708333 0.638889
vt 0.708333 0.662686
vt 0.710911 0.666667
vt 0.712336 0.666667
vt 0.712336 0.666667
vt 0.787664 0.666667
vt 0.789089 0.666667
vt 0.791667 0.654576
vt 0.791667 0.638889
vt 0.787433 0.666667
vt 0.787433 0.666667
vt 0.712567 0.666667
vt 0.712567 0.666667
vt 0.791667 0.653606
vt 0.791667 0.649671
vt 0.791667 0.647964
vt 0.791667 0.642959
vt 0.791667 0.600329
vt 0.791667 0.602036
vt 0.791667 0.607040
vt 0.791667 0.611111
vt 0.791667 0.595424
vt 0.791667 0.583333
vt 0.791667 0.587314
vt 0.789089 0.583333
vt 0.791667 0.596394
vt 0.712336 0.583333
vt 0.787664 0.583333
vt 0.787664 0.583333
vt 0.712567 0.583333
vt 0.787433 0.583333
vt 0.787433 0.583333
vt 0.712567 0.583333
vt 0.790367 0.583333
vt 0.789074 0.583333
vt 0.710603 0.583333
vt 0.791344 0.583333
vt 0.791344 0.512806
vt 0.791344 0.737194
vt 0.791667 0.662686
vt 0.708656 0.512806
vt 0.708656 0.583333
vt 0.708656 0.666667
vt 0.791344 0.666667
vt 0.708656 0.737194
vt 0.625000 0.833656
vt 0.625000 0.916344
vt 0.578434 0.916344
vt 0.578434 0.833656
vt 0.625000 0.918086
vt 0.578434 0.918077
vt 0.793086 0.512806
vt 0.793087 0.737194
vt 0.578434 0.331923
vt 0.625000 0.331913
vt 0.625000 0.333656
vt 0.578434 0.333656
vt 0.504905 0.333656
vt 0.504905 0.331923
vt 0.578434 0.264038
vt 0.625000 0.267338
vt 0.504905 0.264038
vt 0.504905 0.227438
vt 0.578434 0.227438
vt 0.490406 0.333333
vt 0.490406 0.264038
vt 0.490406 0.227438
vt 0.490406 0.227438
vt 0.375000 0.264038
vt 0.375000 0.227438
vt 0.490406 0.166667
vt 0.490406 0.138889
vt 0.375000 0.138889
vt 0.504905 0.166667
vt 0.504905 0.138889
vt 0.504905 0.138889
vt 0.504905 0.111111
vt 0.490406 0.111111
vt 0.504905 0.083333
vt 0.490406 0.083333
vt 0.490406 0.022562
vt 0.504905 0.022562
vt 0.490406 0.000000
vt 0.504905 0.000000
vt 0.490406 0.985962
vt 0.490406 0.916667
vt 0.504905 0.918077
vt 0.504905 0.985962
vt 0.504905 0.916344
vt 0.504905 0.833656
vt 0.490406 0.833333
vt 0.504905 0.831923
vt 0.578434 0.831923
vt 0.625000 0.831913
vt 0.706913 0.737194
vt 0.706913 0.512806
vt 0.578434 0.764038
vt 0.625000 0.767338
vt 0.643010 0.735001
vt 0.703343 0.732269
vt 0.642338 0.737194
vt 0.697745 0.706355
vt 0.697745 0.543645
vt 0.697141 0.711585
vt 0.645827 0.725812
vt 0.646499 0.723619
vt 0.641094 0.718576
vt 0.642489 0.717616
vt 0.635247 0.722595
vt 0.635191 0.667662
vt 0.640654 0.671831
vt 0.636723 0.643825
vt 0.645299 0.664507
vt 0.641958 0.672826
vt 0.647346 0.669443
vt 0.645299 0.585493
vt 0.647346 0.580557
vt 0.640654 0.578169
vt 0.641958 0.577174
vt 0.636723 0.606175
vt 0.635191 0.582338
vt 0.635247 0.527405
vt 0.641094 0.531424
vt 0.645827 0.524188
vt 0.643010 0.514999
vt 0.703343 0.517731
vt 0.697141 0.538415
vt 0.646499 0.526381
vt 0.642489 0.532384
vt 0.642338 0.512806
vt 0.633852 0.526446
vt 0.625000 0.492046
vt 0.625000 0.514173
vt 0.578434 0.522562
vt 0.578434 0.485962
vt 0.578434 0.418077
vt 0.625000 0.418086
vt 0.625000 0.482662
vt 0.578434 0.583333
vt 0.633887 0.583333
vt 0.634676 0.611111
vt 0.578434 0.611111
vt 0.634676 0.638889
vt 0.633887 0.666667
vt 0.578434 0.638889
vt 0.578434 0.666667
vt 0.578434 0.727438
vt 0.633852 0.723554
vt 0.625000 0.735827
vt 0.625000 0.757954
vt 0.504905 0.666667
vt 0.504905 0.727438
vt 0.504905 0.764038
vt 0.504905 0.727438
vt 0.490406 0.764038
vt 0.490406 0.727438
vt 0.490406 0.666667
vt 0.490406 0.638889
vt 0.504905 0.638889
vt 0.504905 0.638889
vt 0.504905 0.611111
vt 0.490406 0.611111
vt 0.504905 0.583333
vt 0.490406 0.583333
vt 0.504905 0.522562
vt 0.504905 0.485962
vt 0.490406 0.522562
vt 0.490406 0.485962
vt 0.375000 0.522562
vt 0.375000 0.583333
vt 0.375000 0.611111
vt 0.461894 0.612525
vt 0.403511 0.612525
vt 0.461895 0.637475
vt 0.454668 0.637259
vt 0.454668 0.612741
vt 0.410738 0.612741
vt 0.410738 0.637259
vt 0.403511 0.637475
vt 0.375000 0.638889
vt 0.291667 0.611111
vt 0.291667 0.638889
vt 0.375000 0.666667
vt 0.375000 0.727438
vt 0.360962 0.750000
vt 0.208333 0.638889
vt 0.375000 0.764038
vt 0.125000 0.727438
vt 0.139038 0.750000
vt 0.375000 0.985962
vt 0.375000 0.022562
vt 0.375000 0.111111
vt 0.125000 0.638889
vt 0.125000 0.611111
vt 0.208333 0.611111
vt 0.403511 0.112525
vt 0.403511 0.137475
vt 0.461894 0.112525
vt 0.454668 0.112741
vt 0.410738 0.112741
vt 0.410738 0.137259
vt 0.461895 0.137475
vt 0.454668 0.137259
vt 0.291667 0.583333
vt 0.360962 0.500000
vt 0.490406 0.416667
vt 0.375000 0.485962
vt 0.504905 0.416344
vt 0.504905 0.418077
vt 0.578434 0.418077
vt 0.578434 0.416344
vt 0.625000 0.416344
vt 0.708333 0.587314
vt 0.139038 0.500000
vt 0.125000 0.522562
vt 0.578434 0.985962
vt 0.625000 0.982662
vt 0.578434 0.000000
vt 0.578434 0.022562
vt 0.625000 0.003751
vt 0.625000 0.017391
vt 0.796657 0.732269
vt 0.856990 0.735001
vt 0.857662 0.737194
vt 0.864753 0.722595
vt 0.866148 0.723554
vt 0.854173 0.725812
vt 0.858906 0.718576
vt 0.802859 0.711585
vt 0.802255 0.706355
vt 0.853501 0.723619
vt 0.802255 0.543645
vt 0.857511 0.717616
vt 0.853501 0.526381
vt 0.857511 0.532384
vt 0.858042 0.577174
vt 0.852654 0.580557
vt 0.852654 0.669443
vt 0.858042 0.672826
vt 0.854701 0.664507
vt 0.859346 0.671831
vt 0.854701 0.585493
vt 0.859346 0.578169
vt 0.863277 0.606175
vt 0.863277 0.643825
vt 0.864809 0.582338
vt 0.864753 0.527405
vt 0.858906 0.531424
vt 0.856990 0.514999
vt 0.854173 0.524188
vt 0.802859 0.538415
vt 0.796657 0.517731
vt 0.857662 0.512806
vt 0.866148 0.526446
vt 0.625000 0.235827
vt 0.625000 0.257954
vt 0.578434 0.166667
vt 0.625000 0.166667
vt 0.625000 0.223554
vt 0.866113 0.583333
vt 0.865324 0.611111
vt 0.625000 0.138889
vt 0.578434 0.138889
vt 0.865324 0.638889
vt 0.864809 0.667662
vt 0.866113 0.666667
vt 0.625000 0.111111
vt 0.578434 0.111111
vt 0.578434 0.083333
vt 0.625000 0.026446
vt 0.625000 0.083333
vt 1.000000 0.500000
vt 1.000000 1.000000
vt 0.916667 1.000000
vt 0.916667 0.500000
vt 0.833333 1.000000
vt 0.833333 0.500000
vt 0.750000 1.000000
vt 0.750000 0.500000
vt 0.666667 1.000000
vt 0.666667 0.500000
vt 0.583333 1.000000
vt 0.583333 0.500000
vt 0.500000 1.000000
vt 0.500000 0.500000
vt 0.416667 1.000000
vt 0.416667 0.500000
vt 0.333333 1.000000
vt 0.333333 0.500000
vt 0.250000 1.000000
vt 0.250000 0.500000
vt 0.166667 1.000000
vt 0.166667 0.500000
vt 0.049865 0.365548
vt 0.018904 0.250000
vt 0.083333 1.000000
vt 0.083333 0.500000
vt 0.000000 1.000000
vt 0.000000 0.500000
vt 0.750000 0.490000
vt 0.870000 0.457846
vt 0.957846 0.370000
vt 0.990000 0.250000
vt 0.957846 0.130000
vt 0.870000 0.042154
vt 0.750000 0.010000
vt 0.630000 0.042154
vt 0.542154 0.130000
vt 0.510000 0.250000
vt 0.542154 0.370000
vt 0.630000 0.457846
vt 0.250000 0.481096
vt 0.365548 0.450135
vt 0.370000 0.457846
vt 0.250000 0.490000
vt 0.450135 0.365548
vt 0.457846 0.370000
vt 0.481096 0.250000
vt 0.490000 0.250000
vt 0.450135 0.134452
vt 0.457846 0.130000
vt 0.365548 0.049865
vt 0.370000 0.042154
vt 0.250000 0.018904
vt 0.250000 0.010000
vt 0.134452 0.049865
vt 0.130000 0.042154
vt 0.049865 0.134452
vt 0.042154 0.130000
vt 0.010000 0.250000
vt 0.042154 0.370000
vt 0.134452 0.450135
vt 0.130000 0.457846
vt 0.250000 0.018904
vt 0.250000 0.477886
vt 0.363943 0.447355
vt 0.447355 0.363943
vt 0.477886 0.250000
vt 0.447355 0.136057
vt 0.363943 0.052645
vt 0.250000 0.022114
vt 0.136057 0.052645
vt 0.052645 0.136057
vt 0.022114 0.250000
vt 0.052645 0.363943
vt 0.136057 0.447355
vt 0.447355 0.136057
vt 0.136057 0.052645
vt 0.250000 0.477886
vt 0.022114 0.250000
vt 0.250000 0.022114
vt 0.477886 0.250000
vt 0.052645 0.363943
vt 0.345520 0.415446
vt 0.250000 0.441040
vt 0.154480 0.415446
vt 0.084555 0.345520
vt 0.058960 0.250000
vt 0.084555 0.154480
vt 0.154480 0.084555
vt 0.250000 0.058960
vt 0.345520 0.084555
vt 0.415445 0.154480
vt 0.441040 0.250000
vt 0.415446 0.345520
vt 0.022114 0.250000
vt 0.363943 0.052645
vt 0.250000 0.022114
vt 0.045711 0.161937
vt 0.029049 0.224120
vt 0.045711 0.161937
vt 0.071591 0.382889
vt 0.117112 0.428409
vt 0.029049 0.224120
vt 0.382889 0.071591
vt 0.428409 0.117112
vt 0.344830 0.452476
vt 0.269113 0.472765
vt 0.472765 0.269113
vt 0.452476 0.344830
vt 0.377934 0.066637
vt 0.433363 0.122066
vt 0.155170 0.047524
vt 0.230887 0.027236
vt 0.027236 0.230887
vt 0.047524 0.155170
vt 0.122066 0.433363
vt 0.066637 0.377934
vt 0.269113 0.472765
vt 0.344830 0.452476
vt 0.452476 0.344830
vt 0.433363 0.122066
vt 0.230887 0.027236
vt 0.047524 0.155170
vt 0.027236 0.230887
vt 0.066637 0.377934
vt 0.122066 0.433363
vt 0.230887 0.027236
vt 0.230887 0.027236
vt 0.344830 0.452476
vt 0.344830 0.452476
vt 0.269113 0.472765
vt 0.122066 0.433363
vt 0.029049 0.224120
vt 0.275880 0.470951
vt 0.338063 0.454289
vt 0.382889 0.071591
vt 0.454289 0.338063
vt 0.470951 0.275880
vt 0.224120 0.029049
vt 0.161937 0.045711
vt 0.117112 0.428409
vt 0.071591 0.382889
vt 0.224120 0.029049
vt 0.117112 0.428409
vt 0.224120 0.029049
vt 0.161937 0.045711
vt 0.161937 0.045711
vt 0.454289 0.338063
vt 0.454289 0.338063
vt 0.470951 0.275880
vt 0.275880 0.470951
vt 0.275880 0.470951
vt 0.338063 0.454289
vt 0.161937 0.045711
vt 0.224120 0.029049
vt 0.161937 0.045711
vt 0.224120 0.029049
vt 0.224120 0.029049
vt 0.382889 0.071591
vt 0.382889 0.071591
vt 0.338063 0.454289
vt 0.275880 0.470951
vt 0.275880 0.470951
vt 0.338063 0.454289
vt 0.275880 0.470951
vt 0.071591 0.382889
vt 0.045711 0.161937
vt 0.045711 0.161937
vt 0.117112 0.428409
vt 0.117112 0.428409
vt 0.071591 0.382888
vt 0.428409 0.117112
vt 0.428409 0.117112
vt 0.049865 0.365548
vt 0.365548 0.049865
vt 0.134452 0.049865
vt 0.450135 0.134452
vt 0.134452 0.450135
vt 0.365548 0.450135
vt 0.450135 0.365548
vt 0.049865 0.365548
vt 0.407417 0.893744
vt 0.333333 0.893744
vt 0.009250 0.893744
vt 0.009250 0.606256
vt 0.083333 0.606256
vt 0.657416 0.606256
vt 0.657416 0.893744
vt 0.333333 0.606256
vt 0.407416 0.606256
vt 0.157416 0.893744
vt 0.083333 0.893744
vt 0.241218 0.027565
vt 0.222861 0.032484
vt 0.222861 0.032484
vt 0.241218 0.027565
vt 0.250000 0.025212
vt 0.759250 0.893744
vt 0.759250 0.606256
vt 0.250000 0.474788
vt 0.362394 0.444672
vt 0.444672 0.362394
vt 0.474788 0.250000
vt 0.444672 0.137606
vt 0.362394 0.055328
vt 0.137606 0.055328
vt 0.055328 0.137606
vt 0.025212 0.250000
vt 0.055328 0.362394
vt 0.137606 0.444672
vt 0.027565 0.258782
vt 0.032484 0.277139
vt 0.032484 0.277139
vt 0.335255 0.451944
vt 0.335256 0.451944
vt 0.335256 0.451944
vt 0.335255 0.451944
vt 0.334096 0.452255
vt 0.322275 0.455422
vt 0.309295 0.458900
vt 0.303099 0.460560
vt 0.290119 0.464038
vt 0.278298 0.467206
vt 0.277139 0.467516
vt 0.277139 0.467516
vt 0.278298 0.467206
vt 0.290119 0.464038
vt 0.303099 0.460560
vt 0.309295 0.458900
vt 0.322275 0.455422
vt 0.334096 0.452255
vt 0.335255 0.451944
vt 0.362394 0.444672
vt 0.444672 0.362394
vt 0.137606 0.444672
vt 0.055328 0.137606
vt 0.341359 0.408239
vt 0.250000 0.432719
vt 0.158641 0.408239
vt 0.091761 0.341359
vt 0.067281 0.250000
vt 0.091761 0.158640
vt 0.158641 0.091761
vt 0.250000 0.067281
vt 0.341359 0.091761
vt 0.408239 0.158641
vt 0.432719 0.250000
vt 0.408239 0.341359
vt 0.055328 0.137606
vt 0.250000 0.025212
vt 0.474788 0.250000
vt 0.137606 0.444672
vt 0.025212 0.250000
vt 0.055328 0.362394
vt 0.137606 0.055328
vt 0.277139 0.467516
vt 0.467516 0.222861
vt 0.467516 0.222861
vt 0.032484 0.277139
vt 0.460560 0.196901
vt 0.458900 0.190705
vt 0.458900 0.190705
vt 0.196901 0.039440
vt 0.190705 0.041100
vt 0.190705 0.041100
vt 0.196901 0.039440
vt 0.052975 0.353612
vt 0.041100 0.309295
vt 0.039440 0.303099
vt 0.041100 0.309295
vt 0.164744 0.048056
vt 0.164744 0.048056
vt 0.164744 0.048056
vt 0.164744 0.048056
vt 0.041100 0.309295
vt 0.039440 0.303099
vt 0.041100 0.309295
vt 0.451944 0.164744
vt 0.451944 0.164744
vt 0.451944 0.164744
vt 0.451944 0.164744
vt 0.190705 0.041100
vt 0.196901 0.039440
vt 0.303099 0.460560
vt 0.309295 0.458900
vt 0.303099 0.460560
vt 0.458900 0.190705
vt 0.460560 0.196901
vt 0.048056 0.335255
vt 0.048056 0.335256
vt 0.048056 0.335256
vt 0.048056 0.335255
vt 0.047745 0.334096
vt 0.044578 0.322275
vt 0.041100 0.309295
vt 0.039440 0.303099
vt 0.035962 0.290119
vt 0.032794 0.278298
vt 0.032794 0.278298
vt 0.039440 0.303099
vt 0.044578 0.322275
vt 0.047745 0.334096
vt 0.048056 0.335255
vt 0.165904 0.047745
vt 0.177725 0.044578
vt 0.190705 0.041100
vt 0.196901 0.039440
vt 0.209881 0.035962
vt 0.221702 0.032794
vt 0.209881 0.035962
vt 0.196901 0.039440
vt 0.190705 0.041100
vt 0.177725 0.044578
vt 0.165904 0.047745
vt 0.164744 0.048056
vt 0.452255 0.165904
vt 0.455422 0.177725
vt 0.458900 0.190705
vt 0.464038 0.209881
vt 0.467206 0.221702
vt 0.467206 0.221702
vt 0.464038 0.209881
vt 0.460560 0.196901
vt 0.455422 0.177725
vt 0.452255 0.165904
vt 0.452099 0.165324
vt 0.472435 0.241218
vt 0.458900 0.190705
vt 0.447025 0.146388
vt 0.146388 0.052975
vt 0.146388 0.052975
vt 0.241218 0.027565
vt 0.190705 0.041100
vt 0.472435 0.241218
vt 0.472435 0.241218
vt 0.052975 0.353612
vt 0.447025 0.146388
vt 0.353612 0.447025
vt 0.309295 0.458900
vt 0.258782 0.472435
vt 0.447025 0.146388
vt 0.472435 0.241218
vt 0.146388 0.052975
vt 0.277139 0.467516
vt 0.322275 0.455422
vt 0.331777 0.452876
vt 0.467516 0.222861
vt 0.452876 0.168223
vt 0.222861 0.032484
vt 0.168223 0.047124
vt 0.164744 0.048056
vt 0.032484 0.277139
vt 0.047124 0.331777
vt 0.335256 0.451944
vt 0.280617 0.466584
vt 0.464038 0.209881
vt 0.466585 0.219383
vt 0.209881 0.035962
vt 0.219383 0.033416
vt 0.035962 0.290119
vt 0.033416 0.280617
vt 0.048056 0.335256
vt 0.047901 0.334676
vt 0.044578 0.322275
vt 0.032639 0.277718
vt 0.277718 0.467361
vt 0.290119 0.464038
vt 0.334676 0.452099
vt 0.322275 0.455422
vt 0.035962 0.290119
vt 0.032639 0.277718
vt 0.222282 0.032639
vt 0.209881 0.035962
vt 0.467361 0.222282
vt 0.464038 0.209881
vt 0.452100 0.165324
vt 0.455422 0.177725
vt 0.177725 0.044578
vt 0.165324 0.047901
vt 0.177725 0.044578
vt 0.177725 0.044578
vt 0.165324 0.047901
vt 0.047901 0.334676
vt 0.044578 0.322275
vt 0.455422 0.177725
vt 0.455422 0.177725
vt 0.334676 0.452099
vt 0.322275 0.455422
vt 0.277718 0.467361
vt 0.464038 0.209881
vt 0.322275 0.455422
vt 0.907416 0.893744
vt 0.907416 0.606256
vt 0.833333 0.606256
vt 0.833333 0.893744
vt 0.583333 0.606256
vt 0.583333 0.893744
vt 0.509250 0.606256
vt 0.509250 0.893744
vt 0.259250 0.606256
vt 0.259250 0.893744
vt 0.157416 0.606256
vt 0.155270 0.855957
vt 0.083333 0.855957
vt 0.761397 0.855957
vt 0.761397 0.644043
vt 0.405270 0.644043
vt 0.405270 0.855957
vt 0.083333 0.644043
vt 0.155270 0.644043
vt 0.833333 0.855957
vt 0.511397 0.855957
vt 0.511397 0.644043
vt 0.833333 0.644043
vt 0.011397 0.644043
vt 0.011397 0.855957
vt 0.905270 0.855957
vt 0.905270 0.644043
vt 0.655270 0.855957
vt 0.655270 0.644043
vt 0.583333 0.644043
vt 0.583333 0.855957
vt 0.333333 0.644043
vt 0.333333 0.855957
vt 0.261397 0.644043
vt 0.261397 0.855957
vt 0.362394 0.444672
vt 0.831123 0.500000
vt 0.831123 0.548388
vt 0.831123 0.548388
vt 0.539463 0.245429
vt 0.379571 0.245429
vt 0.375000 0.750000
vt 0.625000 0.750000
vt 0.625000 1.000000
vt 0.375000 1.000000
vt 0.125000 0.500000
vt 0.375000 0.500000
vt 0.125000 0.750000
vt 0.620429 0.164463
vt 0.609522 0.205166
vt 0.582532 0.293877
vt 0.625000 0.293877
vt 0.582532 0.293877
vt 0.582532 0.456123
vt 0.540065 0.456123
vt 0.582532 0.456123
vt 0.393918 0.456123
vt 0.393919 0.293877
vt 0.393918 0.293877
vt 0.393918 0.456123
vt 0.638877 0.744017
vt 0.638877 0.590918
vt 0.375000 0.250000
vt 0.875000 0.500000
vt 0.875000 0.584935
vt 0.668877 0.548387
vt 0.625000 0.584935
vt 0.625000 0.456123
vt 0.625000 0.500000
vt 0.582532 0.250000
vt 0.625000 0.250000
vt 0.582532 0.500000
vt 0.540065 0.293877
vt 0.540065 0.250000
vt 0.540065 0.500000
vt 0.525255 0.485190
vt 0.397513 0.485190
vt 0.403661 0.470932
vt 0.525255 0.470932
vt 0.625000 0.456122
vt 0.379571 0.004571
vt 0.620429 0.004571
vt 0.625000 0.000000
vt 0.379571 0.504571
vt 0.379571 0.745429
vt 0.620429 0.745429
vt 0.625000 0.165065
vt 0.613621 0.207532
vt 0.620429 0.585537
vt 0.609523 0.544834
vt 0.613621 0.542468
vt 0.580166 0.234523
vt 0.582532 0.238621
vt 0.580166 0.515477
vt 0.582532 0.511379
vt 0.539463 0.504571
vt 0.384274 0.509274
vt 0.538844 0.509274
vt 0.384274 0.009274
vt 0.384274 0.240726
vt 0.615726 0.009274
vt 0.384274 0.740726
vt 0.615726 0.740726
vt 0.605306 0.202732
vt 0.615726 0.163844
vt 0.615726 0.586156
vt 0.605306 0.547268
vt 0.577732 0.230306
vt 0.577732 0.519694
vt 0.538844 0.240726
vt 0.538844 0.240726
vt 0.390262 0.515262
vt 0.538056 0.515262
vt 0.574632 0.525062
vt 0.599938 0.550368
vt 0.609738 0.586944
vt 0.609738 0.734738
vt 0.390262 0.734738
vt 0.390262 0.015262
vt 0.609738 0.015262
vt 0.609738 0.163056
vt 0.599938 0.199632
vt 0.574632 0.224938
vt 0.538056 0.234738
vt 0.390262 0.234738
vt 0.861123 0.744017
vt 0.875000 0.750000
vt 0.861123 0.590918
vt 0.525255 0.264810
vt 0.397513 0.264810
vt 0.403661 0.279068
vt 0.525255 0.279068
vt 0.083333 0.941441
vt 0.000000 0.941441
vt 0.408253 0.341367
vt 0.408253 0.158633
vt 0.422632 0.150331
vt 0.422632 0.349669
vt 0.666667 0.941441
vt 0.583333 0.941441
vt 0.583333 0.941441
vt 0.500000 0.941441
vt 0.416667 0.941441
vt 0.416667 0.941441
vt 0.333333 0.941441
vt 0.250000 0.941441
vt 0.166667 0.941441
vt 0.166667 0.941441
vt 1.000000 0.941441
vt 0.916667 0.941441
vt 0.916667 0.941441
vt 0.833333 0.941441
vt 0.052296 0.135739
vt 0.135914 0.052195
vt 0.067328 0.355583
vt 0.144592 0.432774
vt 0.833333 0.941441
vt 0.666667 0.941441
vt 0.433282 0.353957
vt 0.433472 0.145216
vt 0.249899 0.039010
vt 0.144417 0.067328
vt 0.135739 0.447704
vt 0.052195 0.364086
vt 0.355583 0.432672
vt 0.250101 0.021653
vt 0.039010 0.250101
vt 0.447195 0.365712
vt 0.364086 0.447805
vt 0.355408 0.067226
vt 0.250000 0.432734
vt 0.341367 0.408253
vt 0.349669 0.422632
vt 0.250000 0.449338
vt 0.341367 0.091747
vt 0.349669 0.077368
vt 0.250000 0.067265
vt 0.250000 0.050662
vt 0.158633 0.091747
vt 0.150331 0.077368
vt 0.091747 0.158633
vt 0.077368 0.150331
vt 0.067265 0.250000
vt 0.050662 0.250000
vt 0.091747 0.341367
vt 0.077368 0.349669
vt 0.158633 0.408253
vt 0.150331 0.422632
vt 0.408253 0.321147
vt 0.250000 0.067265
vt 0.249944 0.067280
vt 0.158592 0.091788
vt 0.408064 0.158444
vt 0.408207 0.342071
vt 0.158633 0.408253
vt 0.091747 0.341367
vt 0.250000 0.067265
vt 0.091747 0.158633
vt 0.067265 0.250000
vt 0.091747 0.158633
vt 0.158633 0.091747
vt 0.091747 0.158633
vt 0.341367 0.091747
vt 0.250000 0.432734
vt 0.091747 0.341367
vt 0.067265 0.250000
vt 0.158578 0.408238
vt 0.091707 0.341327
vt 0.341311 0.091732
vt 0.341327 0.408293
vt 0.067251 0.249946
vt 0.408423 0.158803
vt 0.250054 0.432749
vt 0.158689 0.408268
vt 0.249944 0.432719
vt 0.091762 0.158578
vt 0.426546 0.250000
vt 0.432735 0.250000
vt 0.021653 0.249899
vt 0.408253 0.178853
vt 0.408253 0.341367
vt 0.341367 0.408253
vt 0.408253 0.341367
vt 0.408253 0.178853
vt 0.408253 0.168846
vt 0.408253 0.158633
vt 0.408253 0.169943
vt 0.408253 0.178853
vt 0.408253 0.178853
vt 0.250101 0.478347
vt 0.249899 0.460990
vt 0.447006 0.135115
vt 0.364261 0.052296
vt 0.067226 0.144592
vt 0.249908 0.036227
vt 0.143034 0.064913
vt 0.137138 0.445299
vt 0.054609 0.362703
vt 0.356967 0.435090
vt 0.435805 0.355102
vt 0.137297 0.054609
vt 0.250092 0.024435
vt 0.036227 0.250092
vt 0.064913 0.356966
vt 0.444673 0.364564
vt 0.362705 0.445386
vt 0.356837 0.064830
vt 0.024435 0.249908
vt 0.249908 0.463772
vt 0.362835 0.054694
vt 0.064822 0.143193
vt 0.250092 0.475565
vt 0.436101 0.144074
vt 0.444378 0.136260
vt 0.054701 0.137138
vt 0.143193 0.435178
vt 0.408253 0.178853
vt 0.408253 0.321147
vt 0.408253 0.168846
vt 0.408253 0.158633
vt 0.408253 0.169943
vt 0.408253 0.170908
vt 0.408253 0.158633
vt 0.408253 0.169943
vt 0.408253 0.171493
vt 0.408253 0.158633
vt 0.408253 0.170908
vt 0.408253 0.171493
vt 0.408253 0.170908
vt 0.408253 0.169943
vt 0.408253 0.158633
vt 0.408253 0.341367
vt 0.408253 0.331154
vt 0.408253 0.341367
vt 0.408253 0.341367
vt 0.341367 0.408253
vt 0.341367 0.408253
vt 0.408253 0.331154
vt 0.091747 0.341367
vt 0.067265 0.250000
vt 0.091747 0.341367
vt 0.091747 0.341367
vt 0.067265 0.250000
vt 0.067265 0.250000
vt 0.408253 0.330057
vt 0.408253 0.329092
vt 0.408253 0.321147
vt 0.408253 0.329092
vt 0.408253 0.328507
vt 0.408253 0.328507
vt 0.408253 0.329092
vt 0.408253 0.321147
vt 0.408253 0.341367
vt 0.408253 0.330056
vt 0.408253 0.341367
vt 0.250000 0.432734
vt 0.158633 0.408253
vt 0.158633 0.408253
vt 0.250000 0.432734
vt 0.158633 0.408253
vt 0.250000 0.432734
vt 0.250000 0.432734
vt 0.250000 0.432734
vt 0.341367 0.091747
vt 0.341367 0.091747
vt 0.341367 0.091747
vt 0.158633 0.091747
vt 0.158633 0.091747
vt 0.158633 0.091747
vt 0.158633 0.091747
vt 0.091747 0.158633
vt 0.091747 0.158633
vt 0.091747 0.158633
vt 0.091747 0.158633
vt 0.250000 0.432734
vt 0.250000 0.432734
vt 0.250000 0.432734
vt 0.091747 0.158633
vt 0.408253 0.158633
vt 0.408253 0.341367
vt 0.408253 0.341367
vt 0.408253 0.158633
vt 0.408253 0.158633
vt 0.341422 0.091762
vt 0.250054 0.067251
vt 0.158672 0.091707
vt 0.341408 0.408212
vt 0.408321 0.340698
vt 0.091732 0.158689
vt 0.067280 0.250056
vt 0.091788 0.341408
vt 0.416667 0.527145
vt 0.500000 0.527145
vt 0.166667 0.543080
vt 0.083333 0.543080
vt 0.750000 0.543080
vt 0.666667 0.543080
vt 0.583333 0.527145
vt 0.000000 0.543080
vt 0.583333 0.543080
vt 0.666667 0.527145
vt 0.000000 0.527145
vt 0.083333 0.527145
vt 0.500000 0.543080
vt 0.750000 0.527145
vt 0.481659 0.250000
vt 0.450622 0.365829
vt 0.166667 0.527145
vt 0.416667 0.543080
vt 0.166667 0.577935
vt 0.083333 0.577935
vt 0.250000 0.577935
vt 0.333333 0.577935
vt 0.416667 0.577935
vt 0.500000 0.577935
vt 0.583333 0.577935
vt 0.666667 0.577935
vt 0.750000 0.577935
vt 0.833333 0.577935
vt 0.916667 0.577935
vt 1.000000 0.577935
vt 0.750000 0.570225
vt 0.833333 0.570225
vt 0.333333 0.570225
vt 0.416667 0.570225
vt 0.500000 0.570225
vt 0.583333 0.570225
vt 0.083333 0.570225
vt 0.166667 0.570225
vt 0.916667 0.570225
vt 1.000000 0.570225
vt 0.666667 0.570225
vt 0.750000 0.570225
vt 0.250000 0.570225
vt 0.000000 0.577935
vt 0.000000 0.570225
vt 0.083333 0.570225
vt 0.166667 0.570225
vt 0.416667 0.570225
vt 0.833333 0.570225
vt 0.250000 0.481659
vt 0.365829 0.450622
vt 0.450622 0.134171
vt 0.365829 0.049378
vt 0.250000 0.018341
vt 0.134171 0.049378
vt 0.049378 0.134171
vt 0.018341 0.250000
vt 0.049378 0.365829
vt 0.134171 0.450622
vt 0.138338 0.056595
vt 0.250000 0.026675
vt 0.443405 0.138338
vt 0.473325 0.250000
vt 0.138338 0.443405
vt 0.056595 0.361662
vt 0.361662 0.443405
vt 0.250000 0.473325
vt 0.056595 0.138338
vt 0.361662 0.056595
vt 0.443405 0.361662
vt 0.026675 0.250000
vt 0.346346 0.305625
vt 0.305625 0.346346
vt 0.056595 0.138338
vt 0.138338 0.056595
vt 1.000000 0.527145
vt 0.916667 0.527145
vt 0.833333 0.527145
vt 0.333333 0.527145
vt 0.250000 0.527145
vt 0.250000 0.543080
vt 0.333333 0.543080
vt 0.833333 0.543080
vt 0.916667 0.543080
vt 1.000000 0.543080
vt 0.333333 0.541323
vt 0.250000 0.541323
vt 0.916667 0.528902
vt 1.000000 0.528902
vt 0.916667 0.541323
vt 0.833333 0.541323
vt 0.333333 0.528902
vt 0.416667 0.528902
vt 0.166667 0.541323
vt 0.750000 0.541323
vt 0.500000 0.528902
vt 0.083333 0.541323
vt 0.666667 0.541323
vt 0.583333 0.528902
vt 0.000000 0.541323
vt 0.583333 0.541323
vt 0.833333 0.528902
vt 0.750000 0.528902
vt 0.666667 0.528902
vt 0.250000 0.528902
vt 0.166667 0.528902
vt 0.083333 0.528902
vt 0.000000 0.528902
vt 0.416667 0.541323
vt 0.500000 0.541323
vt 1.000000 0.541323
vt 0.250000 0.479337
vt 0.364669 0.448612
vt 0.448612 0.364669
vt 0.479337 0.250000
vt 0.448612 0.135331
vt 0.364669 0.051388
vt 0.250000 0.020663
vt 0.135331 0.051388
vt 0.051388 0.135331
vt 0.020663 0.250000
vt 0.051388 0.364669
vt 0.135331 0.448612
vt 0.138338 0.056595
vt 0.361662 0.443405
vt 0.250000 0.473325
vt 0.443405 0.138338
vt 0.138338 0.443405
vt 0.473325 0.250000
vt 0.056595 0.361662
vt 0.026675 0.250000
vt 0.250000 0.361251
vt 0.361251 0.250000
vt 0.346346 0.194375
vt 0.305625 0.153654
vt 0.250000 0.138750
vt 0.194375 0.153654
vt 0.153654 0.194375
vt 0.138750 0.250000
vt 0.153654 0.305625
vt 0.194375 0.346346
vt 0.875000 1.000000
vt 0.750000 1.000000
vt 0.750000 0.500000
vt 0.500000 1.000000
vt 0.500000 0.500000
vt 0.250000 1.000000
vt 0.250000 0.500000
vt 0.125000 1.000000
vt 0.000000 1.000000
vt 0.000000 0.500000
vt 0.919706 0.419706
vt 0.919706 0.080294
vt 0.580294 0.080294
vt 0.580294 0.419706
vt 0.419706 0.419706
vt 0.080294 0.419706
vt 0.080294 0.080294
vt 0.419706 0.080294
vt 0.183578 1.000000
vt 0.183526 1.000000
vt 0.316556 1.000000
vt 0.316556 1.000000
vt 0.316536 1.000000
vt 0.316474 1.000000
vt 0.183444 1.000000
vt 0.183464 1.000000
vt 0.250506 1.000000
vt 0.183526 1.000000
vt 0.183578 1.000000
vt 0.183464 1.000000
vt 0.183526 1.000000
vt 0.183526 1.000000
vt 0.316474 1.000000
vt 0.316536 1.000000
vt 0.316422 1.000000
vt 0.250506 1.000000
vt 0.183444 1.000000
vt 0.316474 1.000000
vt 0.316422 1.000000
s 0
usemtl M_Noir_Bleuté
f 236/19/4 5/20/4 50/20/4 288/19/4
f 51/21/5 50/20/5 9/22/5 10/23/5
f 8/24/4 233/25/4 282/25/4 53/24/4
f 274/28/4 883/29/4 275/30/4 48/31/4 49/32/4
f 53/24/5 52/47/5 12/48/5 11/49/5
f 16/50/1 242/51/1 229/52/1 2/53/1
f 6/54/5 10/23/5 3/55/5 13/56/5 14/57/5
f 1/61/5 19/62/5 20/63/5 8/24/5 11/49/5
f 1/64/1 231/65/1 243/66/1 19/67/1
f 15/68/5 16/69/5 2/70/5 9/22/5 5/71/5
f 12/48/5 7/47/5 17/73/5 18/74/5 4/75/5
f 227/30/3 3/31/3 48/31/3 275/30/3
f 231/65/7 1/64/7 46/64/7 280/65/7
f 242/51/9 16/50/9 15/87/9 240/88/9
f 248/89/2 18/90/2 17/73/2 246/91/2
f 245/92/6 20/63/6 19/67/6 243/66/6
f 18/90/4 248/89/4 225/28/4 4/32/4
f 3/31/4 227/30/4 238/135/4 13/136/4
f 349/145/8 352/146/8 381/147/8 394/148/8
f 13/149/18 238/150/18 237/151/18 14/152/18
f 2/53/3 229/52/3 278/52/3 47/53/3
f 51/21/7 286/156/7 288/19/7 50/20/7
f 293/157/19 58/119/19 360/158/19 361/159/19
f 99/160/6 100/161/6 153/161/6 152/160/6
f 297/162/20 62/15/20 318/163/20 327/164/20
f 131/165/1 106/166/1 159/166/1 134/165/1
f 301/167/21 66/43/21 326/168/21 333/169/21
f 108/170/18 24/171/18 151/171/18 150/170/18
f 1146/172/7 1157/173/7 300/174/7 1147/175/7
f 1148/176/3 1155/177/3 304/178/3 1149/179/3
f 372/180/7 341/181/7 676/181/7 681/180/7
f 292/182/7 279/183/7 668/183/7 673/182/7
f 370/184/22 355/185/22 354/186/22 376/187/22
f 362/188/19 359/189/19 358/190/19 368/191/19
f 106/166/9 105/200/9 154/200/9 159/166/9
f 289/201/22 54/17/22 356/202/22 369/203/22
f 278/52/1 280/65/1 46/64/1 47/53/1
f 282/25/3 284/204/3 52/47/3 53/24/3
f 20/63/3 245/205/3 233/25/3 8/24/3
f 7/47/3 234/204/3 246/209/3 17/73/3
f 6/21/1 235/156/1 286/156/1 51/21/1
f 14/152/7 237/210/7 235/156/7 6/21/7
f 5/20/7 236/19/7 240/88/7 15/87/7
f 234/204/1 7/47/1 52/47/1 284/204/1
f 312/220/3 63/221/3 149/221/3 400/220/3
f 114/232/23 389/233/23 326/168/23 66/43/23
f 320/223/7 67/224/7 148/224/7 402/223/7
f 116/112/24 387/234/24 318/163/24 62/15/24
f 1152/235/3 302/236/3 1154/237/3 1153/238/3
f 1150/239/7 298/240/7 1156/241/7 1151/242/7
f 68/229/7 321/230/7 403/230/7 147/229/7
f 330/246/20 315/247/20 65/36/20 299/248/20
f 104/228/1 68/229/1 147/229/1 144/228/1
f 127/253/3 60/254/3 158/254/3 140/253/3
f 64/255/3 313/256/3 397/256/3 146/255/3
f 337/257/21 323/258/21 69/33/21 303/35/21
f 379/297/8 60/254/8 129/113/8 392/298/8
f 94/311/2 98/312/2 156/312/2 157/311/2
f 63/221/1 92/313/1 143/313/1 149/221/1
f 9/22/5 11/49/5 12/48/5 10/23/5
f 49/32/5 48/31/5 10/23/5 12/48/5
f 47/53/5 46/64/5 11/49/5 9/22/5
f 352/146/4 349/314/4 409/145/4 406/146/4
f 378/315/1 101/316/1 160/316/1 408/315/1
f 132/121/32 395/317/32 360/318/32 58/119/32
f 392/319/32 129/113/32 61/9/32 357/320/32
f 123/18/33 393/321/33 356/322/33 54/17/33
f 279/183/8 344/323/8 667/323/8 668/183/8
f 887/324/8 884/325/8 893/325/8 894/324/8
f 290/326/5 372/180/5 681/180/5 682/326/5
f 886/327/3 887/324/3 894/324/3 895/327/3
f 365/328/19 357/329/19 61/9/19 296/330/19
f 396/331/34 391/332/34 358/333/34 359/189/34
f 373/334/22 353/335/22 57/123/22 291/336/22
f 394/337/35 381/338/35 354/186/35 355/185/35
f 95/339/4 64/255/4 146/255/4 139/339/4
f 24/171/4 86/340/4 138/340/4 151/171/4
f 67/224/4 96/225/4 142/225/4 148/224/4
f 96/225/7 108/170/7 150/170/7 142/225/7
f 101/316/7 131/341/7 134/341/7 160/316/7
f 86/342/7 56/343/7 145/343/7 138/342/7
f 100/161/36 127/253/36 140/253/36 153/161/36
f 124/344/4 94/311/4 157/311/4 136/344/4
f 321/230/37 68/229/37 111/345/37 386/346/37
f 92/313/3 99/160/3 152/160/3 143/313/3
f 60/254/1 379/297/1 411/297/1 158/254/1
f 382/347/33 109/124/33 57/123/33 353/348/33
f 384/349/38 110/72/38 65/36/38 315/247/38
f 386/346/39 111/345/39 69/33/39 323/258/39
f 56/343/8 86/342/8 112/293/8 109/350/8
f 96/225/40 67/224/40 114/232/40 113/305/40
f 92/313/41 63/221/41 116/126/41 115/128/41
f 63/221/42 312/351/42 387/352/42 116/126/42
f 67/224/43 320/223/43 389/353/43 114/232/43
f 24/171/8 108/170/8 117/305/8 118/354/8
f 100/161/8 99/160/8 119/128/8 120/286/8
f 104/228/44 105/200/44 121/310/44 122/310/44
f 124/355/8 55/356/8 123/99/8 88/101/8
f 95/339/45 98/312/45 126/357/45 125/358/45
f 99/160/46 92/313/46 115/128/46 119/128/46
f 127/253/8 100/161/8 120/286/8 102/287/8
f 108/170/47 96/225/47 113/305/47 117/305/47
f 64/255/40 95/339/40 125/290/40 110/292/40
f 98/312/8 94/311/8 128/359/8 126/357/8
f 60/254/8 127/253/8 102/287/8 129/113/8
f 68/229/41 104/228/41 122/310/41 111/345/41
f 105/200/8 106/166/8 130/360/8 121/310/8
f 106/166/8 131/165/8 107/227/8 130/360/8
f 56/343/4 351/361/4 405/362/4 145/343/4
f 55/356/8 350/363/8 393/364/8 123/99/8
f 380/365/1 377/366/1 407/366/1 412/367/1
f 101/316/8 378/315/8 395/368/8 132/369/8
f 94/311/8 124/344/8 88/370/8 128/359/8
f 131/341/8 101/316/8 132/369/8 107/215/8
f 86/340/8 24/171/8 118/354/8 112/226/8
f 105/200/7 104/228/7 144/228/7 154/200/7
f 350/372/4 55/356/4 155/356/4 410/363/4
f 55/356/3 124/355/3 136/355/3 155/356/3
f 351/362/8 56/343/8 109/350/8 382/373/8
f 377/366/8 380/367/8 391/374/8 396/375/8
f 98/312/29 95/339/29 139/339/29 156/312/29
f 313/256/48 64/255/48 110/292/48 384/376/48
f 381/147/3 352/146/3 588/146/3 609/147/3
f 407/366/3 377/366/3 617/366/3 471/366/3
f 378/315/7 408/315/7 472/315/7 618/315/7
f 1116/395/53 1117/142/53 570/142/53 429/395/53
f 301/167/54 333/169/54 430/169/54 569/167/54
f 380/365/7 412/367/7 476/367/7 616/365/7
f 411/297/3 379/297/3 615/297/3 475/297/3
f 233/25/58 245/205/58 500/205/58 516/25/58
f 403/230/59 321/230/59 613/230/59 467/230/59
f 297/162/60 327/164/60 422/164/60 562/162/60
f 243/66/62 231/65/62 513/65/62 497/66/62
f 376/187/3 354/186/3 612/186/3 457/187/3
f 353/335/7 373/334/7 458/334/7 611/335/7
f 1112/141/5 1113/400/5 417/400/5 567/141/5
f 369/203/3 356/202/3 608/202/3 454/203/3
f 225/28/63 248/89/63 504/89/63 487/28/63
f 288/19/64 286/156/64 566/156/64 552/19/64
f 355/185/7 370/184/7 455/184/7 607/185/7
f 368/191/7 358/190/7 604/190/7 449/191/7
f 246/209/58 234/204/58 511/204/58 501/209/58
f 357/329/3 365/328/3 450/328/3 603/329/3
f 1110/138/5 1111/404/5 413/404/5 565/138/5
f 361/159/7 360/158/7 600/158/7 446/159/7
f 359/189/3 362/188/3 447/188/3 599/189/3
f 229/52/62 242/51/62 496/51/62 481/52/62
f 354/186/3 381/338/3 609/338/3 612/186/3
f 234/204/62 284/204/62 554/204/62 511/204/62
f 240/88/64 236/19/64 509/19/64 493/88/64
f 382/347/7 353/348/7 611/348/7 610/347/7
f 356/322/3 393/321/3 605/321/3 608/322/3
f 238/135/63 227/30/63 507/30/63 491/135/63
f 282/25/63 233/25/63 516/25/63 568/25/63
f 394/337/7 355/185/7 607/185/7 606/337/7
f 235/156/64 237/210/64 490/210/64 506/156/64
f 358/333/7 391/332/7 601/332/7 604/333/7
f 286/156/62 235/156/62 506/156/62 566/156/62
f 392/319/3 357/320/3 603/320/3 602/319/3
f 248/89/69 246/91/69 501/91/69 504/89/69
f 360/318/7 395/317/7 597/317/7 600/318/7
f 396/331/3 359/189/3 599/189/3 598/331/3
f 245/92/72 243/66/72 497/66/72 500/92/72
f 347/408/7 367/409/7 452/409/7 444/408/7
f 236/19/63 288/19/63 552/19/63 509/19/63
f 640/410/3 637/411/3 443/411/3 451/410/3
f 646/412/7 647/413/7 445/413/7 441/412/7
f 242/51/75 240/88/75 493/88/75 496/51/75
f 363/414/3 346/415/3 442/415/3 448/414/3
f 343/416/3 375/417/3 460/417/3 440/416/3
f 642/420/7 635/421/7 439/421/7 459/420/7
f 644/422/3 649/423/3 453/423/3 437/422/3
f 371/425/7 342/426/7 438/426/7 456/425/7
f 231/65/64 280/65/64 556/65/64 513/65/64
f 375/417/78 882/427/78 371/425/78 456/425/78 460/417/78
f 237/151/79 238/150/79 491/150/79 490/151/79
f 370/184/80 376/187/80 457/187/80 455/184/80
f 1108/143/53 1109/428/53 435/428/53 561/143/53
f 649/423/81 650/97/81 564/97/81 453/423/81
f 289/201/82 369/203/82 454/203/82 563/201/82
f 337/257/83 303/35/83 560/35/83 434/257/83
f 367/409/84 881/429/84 363/414/84 448/414/84 452/409/84
f 274/28/64 225/28/64 487/28/64 486/28/64
f 641/2/85 642/420/85 459/420/85 559/2/85
f 362/188/86 368/191/86 449/191/86 447/188/86
f 647/413/87 648/154/87 520/154/87 445/413/87
f 278/52/58 229/52/58 481/52/58 484/52/58
f 373/334/88 291/336/88 558/336/88 458/334/88
f 293/157/89 361/159/89 446/159/89 519/157/89
f 639/12/90 640/410/90 451/410/90 479/12/90
f 275/30/63 883/29/63 1101/430/63 521/30/63
f 365/328/91 296/330/91 480/330/91 450/328/91
f 346/415/5 880/431/5 347/408/5 444/408/5 442/415/5
f 4/32/7 225/28/7 274/28/7 49/32/7
f 282/25/58 568/25/58 554/204/58 284/204/58
f 227/30/58 275/30/58 521/30/58 507/30/58
f 351/362/7 382/373/7 610/373/7 587/362/7
f 1113/400/4 1116/395/4 429/395/4 417/400/4
f 1109/428/1 1104/433/1 419/433/1 435/428/1
f 313/256/106 384/376/106 584/376/106 593/256/106
f 321/230/108 386/346/108 576/346/108 613/230/108
f 1111/404/1 1114/442/1 421/442/1 413/404/1
f 1107/441/4 1102/432/4 415/432/4 427/441/4
f 387/352/108 312/351/108 596/351/108 579/352/108
f 389/353/106 320/223/106 592/223/106 571/353/106
f 391/374/7 380/367/7 616/367/7 601/374/7
f 379/297/3 392/298/3 602/298/3 615/297/3
f 326/168/4 389/233/4 571/233/4 574/168/4
f 349/145/7 394/148/7 606/148/7 589/145/7
f 393/364/3 350/363/3 590/363/3 605/364/3
f 386/346/1 323/258/1 577/258/1 576/346/1
f 377/366/3 396/375/3 598/375/3 617/366/3
f 395/368/7 378/315/7 618/315/7 597/368/7
f 318/163/1 387/234/1 579/234/1 582/163/1
f 384/349/4 315/247/4 585/247/4 584/349/4
f 405/362/7 351/361/7 587/361/7 469/362/7
f 352/146/3 406/146/3 470/146/3 588/146/3
f 327/164/1 318/163/1 582/163/1 422/164/1
f 315/247/4 330/246/4 426/246/4 585/247/4
f 409/145/7 349/314/7 589/314/7 473/145/7
f 350/372/3 410/363/3 474/363/3 590/372/3
f 333/169/4 326/168/4 574/168/4 430/169/4
f 323/258/1 337/257/1 434/257/1 577/258/1
f 1102/432/5 1103/133/5 551/133/5 415/432/5
f 320/223/112 402/223/112 466/223/112 592/223/112
f 397/256/113 313/256/113 593/256/113 461/256/113
f 1104/433/5 1105/144/5 553/144/5 419/433/5
f 635/421/5 636/137/5 555/137/5 439/421/5
f 312/220/115 400/220/115 464/220/115 596/220/115
f 643/98/5 644/422/5 437/422/5 483/98/5
f 280/65/62 278/52/62 484/52/62 556/65/62
f 637/411/5 638/13/5 522/13/5 443/411/5
f 342/426/5 879/451/5 1100/434/5 438/426/5
f 330/246/117 299/248/117 557/248/117 426/246/117
f 645/153/5 646/412/5 441/412/5 485/153/5
f 344/323/1 279/183/1 636/137/1 635/421/1
f 348/452/4 276/453/4 638/13/4 637/411/4
f 295/454/4 366/455/4 640/410/4 639/12/4
f 292/182/1 374/456/1 642/420/1 641/2/1
f 277/457/1 341/181/1 644/422/1 643/98/1
f 273/458/4 345/459/4 646/412/4 645/153/4
f 364/460/4 294/461/4 648/154/4 647/413/4
f 372/180/1 290/326/1 650/97/1 649/423/1
f 341/181/1 372/180/1 649/423/1 644/422/1
f 374/456/1 344/323/1 635/421/1 642/420/1
f 345/459/4 364/460/4 647/413/4 646/412/4
f 366/455/4 348/452/4 637/411/4 640/410/4
f 294/461/4 273/458/4 645/153/4 648/154/4
f 276/453/4 295/454/4 639/12/4 638/13/4
f 290/326/1 277/457/1 643/98/1 650/97/1
f 279/183/1 292/182/1 641/2/1 636/137/1
f 276/453/8 348/452/8 669/452/8 670/453/8
f 344/323/3 374/456/3 674/456/3 667/323/3
f 366/455/5 295/454/5 671/454/5 672/455/5
f 364/460/3 345/459/3 678/459/3 679/460/3
f 374/456/5 292/182/5 673/182/5 674/456/5
f 348/452/7 366/455/7 672/455/7 669/452/7
f 341/181/8 277/457/8 675/457/8 676/181/8
f 273/458/7 294/461/7 680/461/7 677/458/7
f 345/459/8 273/458/8 677/458/8 678/459/8
f 295/454/3 276/453/3 670/453/3 671/454/3
f 294/461/5 364/460/5 679/460/5 680/461/5
f 277/457/3 290/326/3 682/326/3 675/457/3
f 811/491/7 812/492/7 876/492/7 875/491/7
f 707/478/1 718/501/1 717/500/1 708/479/1
f 774/506/8 771/507/8 835/507/8 837/506/8
f 709/468/4 722/496/4 721/497/4 710/480/4
f 785/508/3 786/509/3 849/509/3 850/508/3
f 1090/510/7 1091/511/7 1098/511/7 1099/510/7
f 1085/512/5 1086/513/5 1095/513/5 1092/512/5
f 771/507/3 772/514/3 836/514/3 835/507/3
f 784/529/5 785/508/5 850/508/5 847/529/5
f 786/509/8 783/530/8 848/530/8 849/509/8
f 797/531/7 798/532/7 861/532/7 862/531/7
f 783/530/7 784/529/7 847/529/7 848/530/7
f 796/533/5 797/531/5 862/531/5 859/533/5
f 757/534/7 758/535/7 821/535/7 822/534/7
f 798/532/8 795/536/8 860/536/8 861/532/8
f 809/537/3 810/538/3 873/538/3 874/537/3
f 756/539/5 757/534/5 822/534/5 819/539/5
f 795/536/3 796/533/3 859/533/3 860/536/3
f 808/540/5 809/537/5 874/537/5 872/540/5
f 758/535/8 755/541/8 820/541/8 821/535/8
f 750/542/4 736/518/4 752/543/4 751/544/4
f 736/518/4 711/481/4 753/545/4 752/543/4
f 711/481/4 744/523/4 754/546/4 753/545/4
f 744/523/4 750/542/4 751/544/4 754/546/4
f 749/547/1 734/516/1 756/539/1 755/541/1
f 734/516/1 684/476/1 757/534/1 756/539/1
f 684/476/1 742/517/1 758/535/1 757/534/1
f 742/517/1 749/547/1 755/541/1 758/535/1
f 748/548/4 737/484/4 760/549/4 759/550/4
f 737/484/4 686/475/4 761/551/4 760/549/4
f 686/475/4 746/528/4 762/552/4 761/551/4
f 746/528/4 748/548/4 759/550/4 762/552/4
f 747/553/1 733/521/1 764/554/1 763/555/1
f 733/521/1 713/482/1 765/556/1 764/554/1
f 713/482/1 738/525/1 766/557/1 765/556/1
f 738/525/1 747/553/1 763/555/1 766/557/1
f 739/522/1 747/553/1 768/558/1 767/559/1
f 747/553/1 738/525/1 769/560/1 768/558/1
f 738/525/1 716/493/1 770/561/1 769/560/1
f 716/493/1 739/522/1 767/559/1 770/561/1
f 715/488/1 731/524/1 772/514/1 771/507/1
f 731/524/1 747/553/1 773/562/1 772/514/1
f 747/553/1 739/522/1 774/506/1 773/562/1
f 739/522/1 715/488/1 771/507/1 774/506/1
f 731/524/1 714/483/1 776/563/1 775/564/1
f 714/483/1 733/521/1 777/565/1 776/563/1
f 733/521/1 747/553/1 778/566/1 777/565/1
f 747/553/1 731/524/1 775/564/1 778/566/1
f 735/464/4 748/548/4 780/567/4 779/568/4
f 748/548/4 746/528/4 781/569/4 780/567/4
f 746/528/4 724/462/4 782/570/4 781/569/4
f 724/462/4 735/464/4 779/568/4 782/570/4
f 723/463/4 745/526/4 784/529/4 783/530/4
f 745/526/4 748/548/4 785/508/4 784/529/4
f 748/548/4 735/464/4 786/509/4 785/508/4
f 735/464/4 723/463/4 783/530/4 786/509/4
f 745/526/4 685/469/4 788/571/4 787/572/4
f 685/469/4 737/484/4 789/573/4 788/571/4
f 737/484/4 748/548/4 790/574/4 789/573/4
f 748/548/4 745/526/4 787/572/4 790/574/4
f 740/519/1 749/547/1 792/575/1 791/576/1
f 749/547/1 742/517/1 793/577/1 792/575/1
f 742/517/1 728/490/1 794/578/1 793/577/1
f 728/490/1 740/519/1 791/576/1 794/578/1
f 727/498/1 741/515/1 796/533/1 795/536/1
f 741/515/1 749/547/1 797/531/1 796/533/1
f 749/547/1 740/519/1 798/532/1 797/531/1
f 740/519/1 727/498/1 795/536/1 798/532/1
f 741/515/1 683/477/1 800/579/1 799/580/1
f 683/477/1 734/516/1 801/581/1 800/579/1
f 734/516/1 749/547/1 802/582/1 801/581/1
f 749/547/1 741/515/1 799/580/1 802/582/1
f 732/527/4 750/542/4 804/583/4 803/584/4
f 750/542/4 744/523/4 805/585/4 804/583/4
f 744/523/4 720/495/4 806/586/4 805/585/4
f 720/495/4 732/527/4 803/584/4 806/586/4
f 719/466/4 743/520/4 808/540/4 807/587/4
f 743/520/4 750/542/4 809/537/4 808/540/4
f 750/542/4 732/527/4 810/538/4 809/537/4
f 732/527/4 719/466/4 807/587/4 810/538/4
f 743/520/4 712/465/4 812/492/4 811/491/4
f 712/465/4 736/518/4 813/588/4 812/492/4
f 736/518/4 750/542/4 814/589/4 813/588/4
f 750/542/4 743/520/4 811/491/4 814/589/4
f 772/514/5 773/562/5 838/562/5 836/514/5
f 759/550/7 760/549/7 823/549/7 824/550/7
f 814/589/8 811/491/8 875/491/8 877/589/8
f 773/562/7 774/506/7 837/506/7 838/562/7
f 762/552/8 759/550/8 824/550/8 825/552/8
f 812/492/5 813/588/5 878/588/5 876/492/5
f 799/580/3 800/579/3 863/579/3 864/580/3
f 760/549/5 761/551/5 826/551/5 823/549/5
f 813/588/3 814/589/3 877/589/3 878/588/3
f 802/582/8 799/580/8 864/580/8 865/582/8
f 761/551/3 762/552/3 825/552/3 826/551/3
f 800/579/5 801/581/5 866/581/5 863/579/5
f 787/572/7 788/571/7 851/571/7 852/572/7
f 801/581/7 802/582/7 865/582/7 866/581/7
f 790/574/8 787/572/8 852/572/8 853/574/8
f 788/571/5 789/573/5 854/573/5 851/571/5
f 775/564/3 776/563/3 840/563/3 839/564/3
f 789/573/3 790/574/3 853/574/3 854/573/3
f 778/566/8 775/564/8 839/564/8 841/566/8
f 776/563/5 777/565/5 842/565/5 840/563/5
f 763/555/3 764/554/3 827/554/3 828/555/3
f 777/565/7 778/566/7 841/566/7 842/565/7
f 766/557/8 763/555/8 828/555/8 829/557/8
f 803/584/7 804/583/7 867/583/7 868/584/7
f 764/554/5 765/556/5 830/556/5 827/554/5
f 751/544/7 752/543/7 815/543/7 816/544/7
f 806/586/8 803/584/8 868/584/8 869/586/8
f 765/556/7 766/557/7 829/557/7 830/556/7
f 754/546/8 751/544/8 816/544/8 817/546/8
f 804/583/5 805/585/5 870/585/5 867/583/5
f 791/576/3 792/575/3 855/575/3 856/576/3
f 752/543/5 753/545/5 818/545/5 815/543/5
f 805/585/3 806/586/3 869/586/3 870/585/3
f 794/578/8 791/576/8 856/576/8 857/578/8
f 753/545/3 754/546/3 817/546/3 818/545/3
f 792/575/5 793/577/5 858/577/5 855/575/5
f 779/568/7 780/567/7 843/567/7 844/568/7
f 793/577/7 794/578/7 857/578/7 858/577/7
f 782/570/8 779/568/8 844/568/8 845/570/8
f 780/567/5 781/569/5 846/569/5 843/567/5
f 767/559/3 768/558/3 831/558/3 832/559/3
f 781/569/3 782/570/3 845/570/3 846/569/3
f 770/561/8 767/559/8 832/559/8 833/561/8
f 807/587/7 808/540/7 872/540/7 871/587/7
f 768/558/5 769/560/5 834/560/5 831/558/5
f 755/541/3 756/539/3 819/539/3 820/541/3
f 810/538/8 807/587/8 871/587/8 873/538/8
f 769/560/7 770/561/7 833/561/7 834/560/7
f 955/590/7 957/591/7 952/591/7 953/590/7
f 884/325/4 880/431/4 881/429/4 885/592/4
f 881/429/4 367/409/4 886/327/4 885/592/4
f 888/593/1 879/451/1 882/427/1 889/594/1
f 882/427/1 375/417/1 890/595/1 889/594/1
f 343/416/1 879/451/1 888/593/1 891/596/1
f 343/416/1 891/596/1 890/595/1 375/417/1
f 889/594/5 890/595/5 899/595/5 896/594/5
f 888/593/3 889/594/3 896/594/3 897/593/3
f 885/592/5 886/327/5 895/327/5 892/592/5
f 890/595/7 891/596/7 898/596/7 899/595/7
f 884/325/7 885/592/7 892/592/7 893/325/7
f 891/596/8 888/593/8 897/593/8 898/596/8
f 957/591/8 961/621/8 950/621/8 952/591/8
f 346/415/4 363/414/4 949/622/4 948/623/4
f 363/414/4 881/429/4 959/624/4 949/622/4
f 879/451/1 957/591/1 955/590/1 882/427/1
f 961/621/3 960/625/3 951/625/3 950/621/3
f 880/431/4 346/415/4 948/623/4 958/626/4
f 342/426/1 371/425/1 960/625/1 961/621/1
f 371/425/1 882/427/1 955/590/1 960/625/1
f 959/624/3 958/626/3 954/626/3 956/624/3
f 958/626/8 948/623/8 962/623/8 954/626/8
f 879/451/1 342/426/1 961/621/1 957/591/1
f 880/431/4 958/626/4 959/624/4 881/429/4
f 948/623/7 949/622/7 963/622/7 962/623/7
f 949/622/5 959/624/5 956/624/5 963/622/5
f 960/625/5 955/590/5 953/590/5 951/625/5
f 688/471/4 726/503/4 1085/512/4 1084/707/4
f 726/503/4 725/502/4 1086/513/4 1085/512/4
f 725/502/4 687/474/4 1087/708/4 1086/513/4
f 687/474/4 688/471/4 1084/707/4 1087/708/4
f 690/472/1 730/505/1 1089/709/1 1088/710/1
f 730/505/1 729/504/1 1090/510/1 1089/709/1
f 729/504/1 689/473/1 1091/511/1 1090/510/1
f 689/473/1 690/472/1 1088/710/1 1091/511/1
f 1084/707/7 1085/512/7 1092/512/7 1093/707/7
f 1091/511/8 1088/710/8 1097/710/8 1098/511/8
f 1086/513/3 1087/708/3 1094/708/3 1095/513/3
f 1087/708/8 1084/707/8 1093/707/8 1094/708/8
f 1089/709/5 1090/510/5 1099/510/5 1096/709/5
f 1088/710/3 1089/709/3 1096/709/3 1097/710/3
f 887/324/4 347/408/4 880/431/4 884/325/4
f 1101/430/63 883/29/63 274/28/63 486/28/63
f 1100/434/5 879/451/5 343/416/5 440/416/5
f 347/408/4 887/324/4 886/327/4 367/409/4
f 1134/711/7 1135/712/7 1103/133/7 1102/432/7
f 1136/713/3 1137/714/3 1105/144/3 1104/433/3
f 1122/715/7 1145/716/7 1107/441/7 1106/132/7
f 1124/717/3 1143/718/3 1109/428/3 1108/143/3
f 1138/719/7 1139/720/7 1111/404/7 1110/138/7
f 1140/721/3 1141/722/3 1113/400/3 1112/141/3
f 1144/723/7 1131/724/7 1115/139/7 1114/442/7
f 1142/725/3 1133/726/3 1117/142/3 1116/395/3
f 1141/722/3 1142/725/3 1116/395/3 1113/400/3
f 1143/718/3 1136/713/3 1104/433/3 1109/428/3
f 1139/720/7 1144/723/7 1114/442/7 1111/404/7
f 1145/716/7 1134/711/7 1102/432/7 1107/441/7
f 1133/726/3 1140/721/3 1112/141/3 1117/142/3
f 1137/714/3 1124/717/3 1108/143/3 1105/144/3
f 1131/724/7 1138/719/7 1110/138/7 1115/139/7
f 1135/712/7 1122/715/7 1106/132/7 1103/133/7
f 309/727/120 336/728/120 1178/728/120 1164/727/120
f 1125/729/121 338/730/121 1179/730/121 1171/729/121
f 300/174/122 1157/173/122 1145/716/122 1122/715/122
f 304/178/123 1155/177/123 1143/718/123 1124/717/123
f 1132/731/124 1129/732/124 1165/732/124 1170/731/124
f 281/733/125 309/727/125 1164/727/125 1177/733/125
f 1156/241/122 298/240/122 1131/724/122 1144/723/122
f 1154/237/123 302/236/123 1133/726/123 1142/725/123
f 1123/734/126 331/735/126 1181/735/126 1173/734/126
f 1129/732/127 1128/736/127 1169/736/127 1165/732/127
f 285/737/128 305/738/128 1162/738/128 1176/737/128
f 283/739/129 1121/740/129 1167/740/129 1175/739/129
f 302/236/130 1152/235/130 1140/721/130 1133/726/130
f 1149/179/131 304/178/131 1124/717/131 1137/714/131
f 298/240/132 1150/239/132 1138/719/132 1131/724/132
f 1147/175/133 300/174/133 1122/715/133 1135/712/133
f 1118/741/134 1119/742/134 1135/712/134 1134/711/134
f 1120/743/135 1121/740/135 1137/714/135 1136/713/135
f 1126/744/136 1127/745/136 1139/720/136 1138/719/136
f 1128/736/137 1129/732/137 1141/722/137 1140/721/137
f 1129/732/138 1132/731/138 1142/725/138 1141/722/138
f 1125/729/139 1120/743/139 1136/713/139 1143/718/139
f 1127/745/140 1130/746/140 1144/723/140 1139/720/140
f 1123/734/141 1118/741/141 1134/711/141 1145/716/141
f 287/747/142 308/748/142 1146/172/142 1147/175/142
f 283/739/143 310/749/143 1148/176/143 1149/179/143
f 305/738/144 285/737/144 1150/239/144 1151/242/144
f 309/727/145 281/733/145 1152/235/145 1153/238/145
f 336/728/146 309/727/146 1153/238/146 1154/237/146
f 310/749/147 338/730/147 1155/177/147 1148/176/147
f 329/750/148 305/738/148 1151/242/148 1156/241/148
f 308/748/149 331/735/149 1157/173/149 1146/172/149
f 1119/742/150 287/747/150 1147/175/150 1135/712/150
f 1121/740/151 283/739/151 1149/179/151 1137/714/151
f 331/735/132 1123/734/132 1145/716/132 1157/173/132
f 338/730/130 1125/729/130 1143/718/130 1155/177/130
f 285/737/150 1126/744/150 1138/719/150 1150/239/150
f 281/733/151 1128/736/151 1140/721/151 1152/235/151
f 1130/746/133 329/750/133 1156/241/133 1144/723/133
f 1132/731/131 336/728/131 1154/237/131 1142/725/131
f 1120/743/160 1125/729/160 1171/729/160 1160/743/160
f 1126/744/161 285/737/161 1176/737/161 1168/744/161
f 338/730/162 310/749/162 1161/749/162 1179/730/162
f 1130/746/163 1127/745/163 1163/745/163 1172/746/163
f 1128/736/164 281/733/164 1177/733/164 1169/736/164
f 305/738/165 329/750/165 1180/750/165 1162/738/165
f 1118/741/166 1123/734/166 1173/734/166 1158/741/166
f 329/750/167 1130/746/167 1172/746/167 1180/750/167
f 1119/742/168 1118/741/168 1158/741/168 1166/742/168
f 331/735/169 308/748/169 1159/748/169 1181/735/169
f 308/748/170 287/747/170 1174/747/170 1159/748/170
f 336/728/171 1132/731/171 1170/731/171 1178/728/171
f 1121/740/172 1120/743/172 1160/743/172 1167/740/172
f 287/747/173 1119/742/173 1166/742/173 1174/747/173
f 310/749/174 283/739/174 1175/739/174 1161/749/174
f 1127/745/175 1126/744/175 1168/744/175 1163/745/175
f 1267/790/3 1266/808/3 1271/809/3 1278/810/3
f 1278/810/1 1271/813/1 1292/813/1 1295/810/1
f 1275/814/5 1279/815/5 1294/816/5 1297/814/5
f 1280/817/4 1284/818/4 1300/818/4 1299/817/4
f 1272/819/4 1276/820/4 1296/820/4 1291/819/4
f 1288/821/5 1281/822/5 1298/822/5 1303/821/5
f 1269/806/7 1268/823/7 1289/824/7 1286/825/7
f 1286/826/1 1289/824/1 1302/824/1 1305/826/1
f 1282/805/7 1285/827/7 1284/818/7 1280/817/7
f 1283/830/8 1287/831/8 1304/831/8 1301/832/8
f 1277/792/3 1267/833/3 1279/816/3 1275/814/3
f 1270/834/8 1273/835/8 1290/836/8 1293/834/8
f 1285/804/7 1269/837/7 1287/831/7 1283/832/7
f 1268/807/7 1282/838/7 1281/822/7 1288/821/7
f 1274/803/3 1277/839/3 1276/820/3 1272/840/3
f 1270/834/3 1271/841/3 1266/808/3
f 1272/819/3 1273/842/3 1274/843/3
f 1275/814/3 1276/844/3 1277/839/3
f 1278/810/3 1279/845/3 1267/833/3
f 1280/817/7 1281/846/7 1282/838/7
f 1283/830/7 1284/847/7 1285/827/7
f 1286/826/7 1287/848/7 1269/837/7
f 1288/821/7 1289/849/7 1268/823/7
f 1288/821/182 1303/821/182 1302/824/182 1289/824/182
f 1304/831/183 1287/831/183 1286/826/183 1305/826/183
f 1272/819/184 1291/819/184 1290/836/184 1273/835/184
f 1292/813/183 1271/813/183 1270/834/183 1293/834/183
f 1280/817/185 1299/817/185 1298/822/185 1281/822/185
f 1278/810/182 1295/810/182 1294/816/182 1279/815/182
f 1296/820/185 1276/820/185 1275/814/185 1297/814/185
f 1300/818/184 1284/818/184 1283/830/184 1301/832/184
f 1266/791/3 1274/843/3 1273/836/3 1270/834/3
f 1355/866/8 1360/867/8 1358/868/8 1354/869/8
f 1355/866/192 1354/869/192 1356/870/192 1420/871/192
f 1357/872/193 1375/873/193 1356/870/193 1354/869/193
f 1361/874/194 1357/872/194 1354/869/194 1358/868/194
f 1362/875/195 1361/874/195 1358/868/195 1359/876/195
f 1386/877/196 1359/876/196 1358/868/196 1360/867/196
f 1364/878/1 1363/879/1 1361/874/1 1362/875/1
f 1363/879/1 1365/880/1 1357/872/1 1361/874/1
f 1363/879/197 1364/878/197 1368/878/197 1366/879/197
f 1365/880/5 1363/879/5 1366/879/5 1367/880/5
f 1364/878/198 1370/881/198 1369/881/198 1368/878/198
f 1370/881/8 1372/882/8 1371/882/8 1369/881/8
f 1372/882/199 1374/883/199 1373/883/199 1371/882/199
f 1374/883/200 1365/880/200 1367/880/200 1373/883/200
f 1365/880/1 1374/883/1 1375/873/1 1357/872/1
f 1374/883/1 1372/882/1 1376/884/1 1375/873/1
f 1375/873/201 1376/884/201 1377/870/201 1356/870/201
f 1377/870/8 1376/226/8 1378/226/8
f 1379/885/8 1380/227/8 1442/886/8 1438/226/8 1378/226/8 1376/884/8
f 1372/882/1 1370/881/1 1379/885/1 1376/884/1
f 1379/885/8 1381/227/8 1380/227/8
f 1359/876/202 1381/887/202 1379/885/202 1362/875/202
f 1370/881/1 1364/878/1 1362/875/1 1379/885/1
f 1401/888/3 1382/889/3 1381/887/3 1359/876/3
f 1382/889/3 1387/890/3 1383/891/3 1381/887/3
f 1383/891/8 1385/371/8 1384/371/8
f 1402/892/203 1385/893/203 1383/891/203 1386/877/203
f 1387/890/3 1388/890/3 1386/877/3 1383/891/3
f 1388/890/1 1387/890/1 1389/890/1 1390/890/1
f 1387/890/8 1382/889/8 1391/889/8 1389/890/8
f 1382/889/4 1401/888/4 1400/888/4 1391/889/4
f 1401/888/5 1388/890/5 1390/890/5 1400/888/5
f 1388/890/3 1401/888/3 1359/876/3 1386/877/3
f 1403/898/204 1402/892/204 1386/877/204 1360/867/204
f 1405/899/4 1404/900/4 1402/892/4 1403/898/4
f 1404/900/4 1406/901/4 1385/893/4 1402/892/4
f 1404/900/197 1405/899/197 1409/899/197 1407/900/197
f 1406/901/198 1404/900/198 1407/900/198 1408/901/198
f 1405/899/5 1411/902/5 1410/902/5 1409/899/5
f 1411/902/200 1413/903/200 1412/903/200 1410/902/200
f 1413/903/199 1415/904/199 1414/904/199 1412/903/199
f 1415/904/8 1406/901/8 1408/901/8 1414/904/8
f 1406/901/4 1415/904/4 1416/905/4 1385/893/4
f 1415/904/4 1413/903/4 1419/906/4 1416/905/4
f 1416/905/8 1417/907/8 1439/908/8 1441/371/8 1384/371/8 1385/893/8
f 1416/905/8 1418/907/8 1417/907/8
f 1416/905/205 1419/906/205 1420/871/205 1418/909/205
f 1419/906/206 1421/910/206 1355/866/206 1420/871/206
f 1413/903/4 1411/902/4 1421/910/4 1419/906/4
f 1421/910/207 1403/898/207 1360/867/207 1355/866/207
f 1411/902/4 1405/899/4 1403/898/4 1421/910/4
f 1424/911/7 1422/912/7 1420/871/7 1356/870/7
f 1422/912/7 1423/913/7 1418/909/7 1420/871/7
f 1423/913/1 1422/912/1 1425/912/1 1427/913/1
f 1422/912/5 1424/911/5 1426/911/5 1425/912/5
f 1437/911/8 1423/913/8 1427/913/8 1436/911/8
f 1424/911/4 1437/911/4 1436/911/4 1426/911/4
f 1437/911/7 1424/911/7 1356/870/7 1377/870/7
f 1423/913/7 1437/911/7 1377/870/7 1418/909/7
f 1417/918/8 1418/919/8 1377/920/8
f 1438/226/8 1417/918/8 1377/920/8
f 1438/226/7 1439/921/7 1417/918/7
f 1448/922/4 1446/923/4 1443/923/4 1441/924/4 1439/921/4 1440/922/4
f 1690/925/8 1440/922/8 1439/921/8 1438/926/8
f 1442/927/8 1441/928/8 1443/923/8 1444/929/8
f 1444/930/196 1443/931/196 1445/932/196 1505/933/196
f 1445/932/4 1443/931/4 1446/931/4 1447/932/4
f 1467/950/211 1470/952/211 1465/951/211 1464/950/211
f 1469/949/212 1467/950/212 1464/950/212 1466/949/212
f 1467/950/209 1468/953/209 1471/954/209 1470/952/209
f 1468/953/7 1467/950/7 1469/949/7 1677/53/7
f 1474/20/4 1472/955/4 1470/952/4 1471/954/4
f 1470/952/213 1472/955/213 1475/955/213 1465/951/213
f 1472/955/214 1473/956/214 1476/956/214 1475/955/214
f 1655/957/215 1473/956/215 1472/955/215 1474/20/215
f 1473/956/218 1485/962/218 1484/962/218 1476/956/218
f 1485/962/219 1487/964/219 1486/964/219 1484/962/219
f 1487/964/220 1489/965/220 1488/965/220 1486/964/220
f 1489/965/222 1492/967/222 1491/967/222 1488/965/222
f 1492/969/224 1650/970/224 1493/970/224 1491/969/224
f 1504/974/5 1499/973/5 1498/973/5 1500/974/5
f 1499/973/4 1445/932/4 1447/932/4 1498/973/4
f 1505/933/1 1504/974/1 1500/974/1 1503/933/1
f 1504/974/3 1505/933/3 1445/932/3 1499/973/3
f 1444/930/1 1505/933/1 1503/933/1 1506/930/1
f 1514/986/236 1567/986/236 1554/987/236 1553/987/236
f 1555/1012/237 1553/987/237 1554/987/237 1557/1012/237
f 1556/1013/238 1555/1012/238 1557/1012/238 1558/1013/238
f 1557/1012/8 1554/987/8 1567/986/8 1565/990/8 1564/992/8 1563/998/8 1562/999/8 1560/1001/8 1559/1003/8 1558/1013/8
f 1561/1003/239 1556/1013/239 1558/1013/239 1559/1003/239
f 1535/1001/240 1561/1003/240 1559/1003/240 1560/1001/240
f 1533/999/241 1535/1001/241 1560/1001/241 1562/999/241
f 1531/998/242 1533/999/242 1562/999/242 1563/998/242
f 1566/992/243 1531/998/243 1563/998/243 1564/992/243
f 1521/990/244 1566/992/244 1564/992/244 1565/990/244
f 1514/986/245 1521/990/245 1565/990/245 1567/986/245
f 1647/975/257 1594/1039/257 1593/1039/257 1502/975/257
f 1594/1039/258 1596/1040/258 1595/1040/258 1593/1039/258
f 1596/1040/259 1598/1041/259 1597/1041/259 1595/1040/259
f 1598/1041/261 1622/1042/261 1599/1042/261 1597/1041/261
f 1618/1048/265 1615/1051/265 1614/1051/265 1617/1048/265
f 1615/1051/266 1680/1052/266 1616/1052/266 1614/1051/266
f 1620/1046/267 1618/1048/267 1617/1048/267 1605/1046/267
f 1695/1053/1 1615/1051/1 1618/1048/1 1619/1054/1
f 1619/1054/263 1618/1048/263 1620/1046/263 1621/1055/263
f 1621/1055/1 1620/1046/1 1623/1056/1 1624/1057/1
f 1622/1042/268 1620/1046/268 1605/1046/268 1599/1042/268
f 1620/1046/1 1622/1042/1 1625/1058/1 1623/1056/1
f 1624/1057/3 1623/1056/3 1626/1056/3 1628/1057/3
f 1623/1056/5 1625/1058/5 1627/1058/5 1626/1056/5
f 1638/1063/8 1624/1057/8 1628/1057/8 1637/1063/8
f 1625/1058/7 1638/1063/7 1637/1063/7 1627/1058/7
f 1622/1042/1 1639/1064/1 1638/1063/1 1625/1058/1
f 1639/1064/1 1621/1055/1 1624/1057/1 1638/1063/1
f 1674/1065/5 1621/1055/5 1639/1064/5 1640/1066/5
f 1640/1066/5 1639/1064/5 1641/1067/5 1643/48/5
f 1639/1064/262 1622/1042/262 1598/1041/262 1641/1067/262
f 1641/1067/5 1642/1068/5 1646/1069/5 1645/75/5 1643/48/5
f 1641/1067/1 1598/1041/1 1596/1040/1 1642/1068/1
f 1654/1070/5 1640/1066/5 1643/48/5 1644/23/5
f 1644/23/5 1643/48/5 1645/75/5 1648/55/5
f 1646/1071/3 1594/1039/3 1647/975/3 1645/32/3
f 1645/32/3 1647/975/3 1650/970/3 1648/31/3
f 1651/1072/5 1652/54/5 1644/23/5 1648/55/5 1649/1073/5
f 1648/31/3 1650/970/3 1492/969/3 1649/1074/3
f 1650/970/269 1647/975/269 1502/975/269 1493/970/269
f 1649/149/223 1492/967/223 1489/965/223 1651/1075/223
f 1651/1075/4 1489/965/4 1487/964/4 1652/21/4
f 1652/21/217 1487/964/217 1485/962/217 1653/1076/217
f 1653/1077/5 1654/1070/5 1644/23/5 1652/54/5
f 1655/1078/5 1672/1079/5 1654/1070/5 1653/1077/5
f 1655/957/4 1653/1076/4 1656/1080/4 1658/1081/4
f 1653/1076/4 1485/962/4 1657/1082/4 1656/1080/4
f 1656/1080/7 1657/1082/7 1660/1082/7 1659/1080/7
f 1658/1081/8 1656/1080/8 1659/1080/8 1661/1081/8
f 1671/1086/3 1658/1081/3 1661/1081/3 1670/1086/3
f 1657/1082/5 1671/1086/5 1670/1086/5 1660/1082/5
f 1485/962/4 1473/956/4 1671/1086/4 1657/1082/4
f 1473/956/4 1655/957/4 1658/1081/4 1671/1086/4
f 1474/71/5 1673/22/5 1672/1079/5 1655/1078/5
f 1673/22/5 1675/1088/5 1674/1065/5 1672/1079/5
f 1672/1079/5 1674/1065/5 1640/1066/5 1654/1070/5
f 1675/1088/5 1619/1054/5 1621/1055/5 1674/1065/5
f 1678/1089/5 1695/1053/5 1619/1054/5 1675/1088/5 1676/61/5
f 1677/70/5 1676/61/5 1675/1088/5 1673/22/5
f 1677/53/7 1469/949/7 1679/1090/7 1676/64/7
f 1676/64/7 1679/1090/7 1680/1052/7 1678/1091/7
f 1680/1052/270 1679/1090/270 1681/1090/270 1616/1052/270
f 1679/1090/271 1469/949/271 1466/949/271 1681/1090/271
f 1692/1092/1 1688/1095/1 1687/1095/1 1682/1092/1
f 1688/1095/1 1690/1096/1 1689/1096/1 1687/1095/1
f 1506/929/1 1689/925/1 1690/925/1 1438/1097/1 1442/927/1 1444/929/1
f 1440/940/192 1690/1096/192 1688/1095/192 1691/941/192
f 1693/942/7 1691/941/7 1688/1095/7 1692/1092/7
f 1693/942/5 1692/1092/5 1682/1092/5 1694/942/5
f 1691/941/4 1693/942/4 1694/942/4 1455/941/4
f 1440/940/4 1691/941/4 1455/941/4 1448/940/4
f 1615/1051/235 1695/1053/235 1678/1091/235 1680/1052/235
f 1468/1098/5 1677/70/5 1673/22/5 1474/71/5 1471/1099/5
f 1594/1039/227 1646/1071/227 1642/1068/227 1596/1040/227
f 1712/1116/274 1746/1116/274 1713/1114/274 1711/1114/274
f 1714/1115/245 1711/1114/245 1713/1114/245 1716/1115/245
f 1715/1117/275 1714/1115/275 1716/1115/275 1717/1117/275
f 1713/1114/8 1746/1116/8 1745/1118/8 1741/1119/8 1743/1120/8 1744/1121/8 1719/1122/8 1718/1123/8 1717/1117/8 1716/1115/8
f 1720/1123/276 1715/1117/276 1717/1117/276 1718/1123/276
f 1721/1122/277 1720/1123/277 1718/1123/277 1719/1122/277
f 1740/1118/280 1739/1119/280 1741/1119/280 1745/1118/280
f 1739/1119/281 1742/1120/281 1743/1120/281 1741/1119/281
f 1742/1120/282 1729/1121/282 1744/1121/282 1743/1120/282
f 1729/1121/283 1721/1122/283 1719/1122/283 1744/1121/283
f 1712/1116/237 1740/1118/237 1745/1118/237 1746/1116/237
f 1774/1156/290 1799/1157/290 1798/1158/290 1776/1159/290
f 1776/1159/291 1798/1158/291 1800/1160/291 1778/1161/291
f 1778/1161/3 1800/1160/3 1801/1162/3 1780/1163/3
f 1780/1163/292 1801/1162/292 1802/1164/292 1782/1165/292
f 1782/1165/293 1802/1164/293 1803/1166/293 1784/1167/293
f 1784/1167/4 1803/1166/4 1804/1168/4 1786/1169/4
f 1786/1169/294 1804/1168/294 1805/1170/294 1788/1171/294
f 1788/1171/295 1805/1170/295 1806/1172/295 1790/1173/295
f 1790/1173/7 1806/1172/7 1807/1174/7 1792/1175/7
f 1792/1175/296 1807/1174/296 1808/1176/296 1794/1177/296
f 1794/1177/297 1808/1176/297 1809/1180/297 1796/1181/297
f 1796/1181/1 1809/1180/1 1799/1182/1 1774/1183/1
f 1775/1196/8 1777/1197/8 1798/1198/8 1799/1199/8
f 1777/1197/8 1779/1200/8 1800/1201/8 1798/1198/8
f 1779/1200/8 1781/1202/8 1801/1203/8 1800/1201/8
f 1781/1202/8 1783/1204/8 1802/1205/8 1801/1203/8
f 1783/1204/8 1785/1206/8 1803/1207/8 1802/1205/8
f 1785/1206/8 1787/1208/8 1804/1209/8 1803/1207/8
f 1787/1208/8 1789/1210/8 1805/1211/8 1804/1209/8
f 1789/1210/8 1791/1212/8 1806/1213/8 1805/1211/8
f 1791/1212/8 1793/1179/8 1807/1214/8 1806/1213/8
f 1793/1179/8 1795/1178/8 1808/1215/8 1807/1214/8
f 1795/1178/8 1797/1216/8 1809/1217/8 1808/1215/8
f 1797/1216/8 1775/1196/8 1799/1199/8 1809/1217/8
f 1862/1223/5 1861/1222/5 1873/1222/5 1874/1223/5
f 1869/1230/5 1868/1229/5 1880/1229/5 1881/1230/5
f 1858/1220/5 1859/1219/5 1871/1219/5 1870/1220/5
f 1866/1227/5 1865/1226/5 1877/1226/5 1878/1227/5
f 1863/1224/5 1862/1223/5 1874/1223/5 1875/1224/5
f 1859/1219/5 1869/1230/5 1881/1230/5 1871/1219/5
f 1860/1221/5 1858/1220/5 1870/1220/5 1872/1221/5
f 1867/1228/5 1866/1227/5 1878/1227/5 1879/1228/5
f 1864/1225/5 1863/1224/5 1875/1224/5 1876/1225/5
f 1861/1222/5 1860/1221/5 1872/1221/5 1873/1222/5
f 1868/1229/5 1867/1228/5 1879/1228/5 1880/1229/5
f 1865/1226/5 1864/1225/5 1876/1225/5 1877/1226/5
f 1870/1220/290 1871/1219/290 2232/1219/290 2231/1220/290
f 1877/1226/294 1876/1225/294 2243/1225/294 2245/1226/294
f 1874/1223/292 1873/1222/292 2237/1222/292 2239/1223/292
f 1881/1230/297 1880/1229/297 2251/1229/297 2253/1230/297
f 1872/1221/291 1870/1220/291 2231/1220/291 2235/1221/291
f 1878/1227/295 1877/1226/295 2245/1226/295 2247/1227/295
f 1875/1224/293 1874/1223/293 2239/1223/293 2241/1224/293
f 1871/1219/1 1881/1230/1 2253/1230/1 2232/1233/1
f 1879/1228/7 1878/1227/7 2247/1227/7 2249/1234/7
f 1876/1225/4 1875/1224/4 2241/1224/4 2243/1235/4
f 1873/1222/3 1872/1221/3 2235/1221/3 2237/1236/3
f 1880/1229/296 1879/1228/296 2249/1228/296 2251/1229/296
f 1922/1223/292 1921/1222/292 2369/1222/292 2371/1223/292
f 1920/1221/291 1918/1220/291 2363/1220/291 2367/1221/291
f 1929/1230/297 1928/1229/297 2383/1237/297 2385/1230/297
f 1926/1227/295 1925/1226/295 2377/1226/295 2379/1227/295
f 1923/1224/293 1922/1223/293 2371/1223/293 2373/1224/293
f 2362/1238/8 2365/1239/8 2384/1240/8 2382/1241/8 2380/1242/8 2378/1243/8 2376/1244/8 2374/1245/8 2372/1246/8 2370/1247/8 2368/1248/8 2366/1249/8
f 1927/1228/7 1926/1227/7 2379/1227/7 2381/1250/7
f 1924/1225/4 1923/1224/4 2373/1251/4 2375/1252/4
f 1921/1222/3 1920/1221/3 2367/1221/3 2369/1222/3
f 1919/1219/1 1929/1230/1 2385/1230/1 2364/1219/1
f 1928/1229/296 1927/1228/296 2381/1250/296 2383/1237/296
f 1925/1226/294 1924/1225/294 2375/1252/294 2377/1226/294
f 2112/1253/8 2209/1253/8 2208/1254/8 2113/1254/8
f 2059/1255/8 2154/1255/8 2157/1254/8 2060/1254/8
f 2098/1256/8 2194/1256/8 2195/1257/8 2099/1257/8
f 2111/1255/1 2206/1255/1 2209/1253/1 2112/1253/1
f 2061/1258/5 2156/1258/5 2155/1253/5 2058/1253/5
f 2072/1259/5 2169/1259/5 2168/1260/5 2073/1260/5
f 1930/1261/290 1978/1220/290 1979/1219/290 1931/1262/290
f 1933/1263/3 1980/1222/3 1981/1221/3 1932/1264/3
f 1935/1265/293 1982/1224/293 1983/1223/293 1934/1266/293
f 1937/1267/294 1984/1226/294 1985/1225/294 1936/1268/294
f 1939/1269/7 1986/1228/7 1987/1227/7 1938/1270/7
f 1941/1271/297 1988/1230/297 1989/1229/297 1940/1272/297
f 1943/1273/290 1991/1219/290 1990/1220/290 1942/1274/290
f 1944/1275/3 1993/1221/3 1992/1222/3 1945/1263/3
f 1946/1276/293 1995/1223/293 1994/1224/293 1947/1265/293
f 1948/1277/294 1997/1225/294 1996/1226/294 1949/1267/294
f 1950/1278/7 1999/1227/7 1998/1228/7 1951/1279/7
f 1952/1280/297 2001/1229/297 2000/1230/297 1953/1281/297
f 1949/1267/294 1996/1226/294 1984/1226/294 1937/1267/294 2026/1267/294 2002/1267/294 2014/1267/294
f 1936/1268/294 1985/1225/294 1997/1225/294 1948/1277/294 2015/1282/294 2003/1282/294 2027/1283/294
f 1947/1265/293 1994/1224/293 1982/1224/293 1935/1265/293 2028/1265/293 2004/1265/293 2016/1265/293
f 1934/1266/293 1983/1223/293 1995/1223/293 1946/1276/293 2017/1276/293 2005/1276/293 2029/1276/293
f 1945/1263/3 1992/1222/3 1980/1222/3 1933/1263/3 2030/1263/3 2006/1263/3 2018/1263/3
f 1932/1264/3 1981/1221/3 1993/1221/3 1944/1275/3 2019/1264/3 2007/1264/3 2031/1264/3
f 1942/1274/290 1990/1220/290 1978/1220/290 1930/1261/290 2032/1261/290 2008/1284/290 2020/1285/290
f 1931/1262/290 1979/1219/290 1991/1219/290 1943/1273/290 2021/1273/290 2009/1286/290 2033/1262/290
f 1953/1281/297 2000/1230/297 1988/1230/297 1941/1271/297 2034/1287/297 2010/1287/297 2022/1287/297
f 1940/1272/297 1989/1229/297 2001/1229/297 1952/1280/297 2023/1280/297 2011/1280/297 2035/1280/297
f 1951/1279/7 1998/1228/7 1986/1228/7 1939/1269/7 2036/1269/7 2012/1269/7 2024/1269/7
f 1938/1270/7 1987/1227/7 1999/1227/7 1950/1278/7 2025/1270/7 2013/1270/7 2037/1270/7
f 2113/1254/4 2208/1254/4 2207/1288/4 2110/1288/4
f 2058/1253/1 2155/1253/1 2154/1255/1 2059/1255/1
f 2124/1289/8 2221/1289/8 2220/1290/8 2125/1290/8
f 2071/1291/291 2167/1291/291 2169/1259/291 2072/1259/291
f 2110/1288/5 2207/1288/5 2206/1255/5 2111/1255/5
f 2123/1289/292 2219/1289/292 2221/1289/292 2124/1289/292
f 2073/1260/295 2168/1260/295 2166/1260/295 2070/1260/295
f 2084/1292/8 2181/1292/8 2180/1293/8 2085/1293/8
f 2125/1290/296 2220/1290/296 2218/1290/296 2122/1290/296
f 2070/1260/8 2166/1260/8 2167/1291/8 2071/1291/8
f 2083/1292/4 2179/1292/4 2181/1292/4 2084/1292/4
f 2044/1294/8 2141/1294/8 2140/1295/8 2045/1295/8
f 2122/1290/5 2218/1290/5 2219/1289/5 2123/1289/5
f 2085/1293/1 2180/1293/1 2178/1293/1 2082/1293/1
f 2096/1296/5 2193/1296/5 2192/1297/5 2097/1297/5
f 2043/1298/296 2138/1298/296 2141/1294/296 2044/1294/296
f 2082/1293/5 2178/1293/5 2179/1292/5 2083/1292/5
f 2095/1299/295 2191/1299/295 2193/1296/295 2096/1296/295
f 2003/1282/294 2038/1300/294 2039/1294/294 2027/1283/294
f 2027/1283/294 2039/1294/294 2040/1301/294 2026/1267/294
f 2026/1267/294 2040/1301/294 2041/1295/294 2002/1267/294
f 2002/1267/294 2041/1295/294 2038/1300/294 2003/1282/294
f 2026/1267/294 2042/1302/294 2043/1298/294 2027/1283/294
f 2027/1283/294 2043/1298/294 2044/1294/294 1936/1268/294
f 1936/1268/294 2044/1294/294 2045/1295/294 1937/1267/294
f 1937/1267/294 2045/1295/294 2042/1302/294 2026/1267/294
f 2007/1264/3 2046/1303/3 2047/1304/3 2031/1264/3
f 2031/1264/3 2047/1304/3 2048/1293/3 2030/1263/3
f 2030/1263/3 2048/1293/3 2049/1305/3 2006/1263/3
f 2006/1263/3 2049/1305/3 2046/1303/3 2007/1264/3
f 2030/1263/3 2050/1293/3 2051/1304/3 2031/1264/3
f 2031/1264/3 2051/1304/3 2052/1292/3 1932/1264/3
f 1932/1264/3 2052/1292/3 2053/1293/3 1933/1263/3
f 1933/1263/3 2053/1293/3 2050/1293/3 2030/1263/3
f 2020/1285/290 2054/1290/290 2055/1306/290 2021/1273/290
f 2021/1273/290 2055/1306/290 2056/1307/290 2009/1286/290
f 2009/1286/290 2056/1307/290 2057/1308/290 2008/1284/290
f 2008/1284/290 2057/1308/290 2054/1290/290 2020/1285/290
f 2013/1270/7 2058/1253/7 2059/1255/7 2037/1270/7
f 2037/1270/7 2059/1255/7 2060/1254/7 2036/1269/7
f 2036/1269/7 2060/1254/7 2061/1258/7 2012/1269/7
f 2012/1269/7 2061/1258/7 2058/1253/7 2013/1270/7
f 2014/1267/294 2062/1309/294 2063/1310/294 2015/1282/294
f 2015/1282/294 2063/1310/294 2064/1310/294 2003/1282/294
f 2003/1282/294 2064/1310/294 2065/1311/294 2002/1267/294
f 2002/1267/294 2065/1311/294 2062/1309/294 2014/1267/294
f 1949/1267/294 2066/1302/294 2067/1312/294 1948/1277/294
f 1948/1277/294 2067/1312/294 2068/1313/294 2015/1282/294
f 2015/1282/294 2068/1313/294 2069/1302/294 2014/1267/294
f 2014/1267/294 2069/1302/294 2066/1302/294 1949/1267/294
f 2017/1276/293 2070/1260/293 2071/1291/293 2016/1265/293
f 2016/1265/293 2071/1291/293 2072/1259/293 1947/1265/293
f 1947/1265/293 2072/1259/293 2073/1260/293 1946/1276/293
f 1946/1276/293 2073/1260/293 2070/1260/293 2017/1276/293
f 2005/1276/293 2074/1260/293 2075/1314/293 2004/1265/293
f 2004/1265/293 2075/1314/293 2076/1315/293 2016/1265/293
f 2016/1265/293 2076/1315/293 2077/1260/293 2017/1276/293
f 2017/1276/293 2077/1260/293 2074/1260/293 2005/1276/293
f 2018/1263/3 2078/1293/3 2079/1304/3 2019/1264/3
f 2019/1264/3 2079/1304/3 2080/1292/3 2007/1264/3
f 2007/1264/3 2080/1292/3 2081/1293/3 2006/1263/3
f 2006/1263/3 2081/1293/3 2078/1293/3 2018/1263/3
f 1945/1263/3 2082/1293/3 2083/1292/3 1944/1275/3
f 1944/1275/3 2083/1292/3 2084/1292/3 2019/1264/3
f 2019/1264/3 2084/1292/3 2085/1293/3 2018/1263/3
f 2018/1263/3 2085/1293/3 2082/1293/3 1945/1263/3
f 2032/1261/290 2086/1316/290 2087/1317/290 2033/1262/290
f 2033/1262/290 2087/1317/290 2088/1318/290 1931/1262/290
f 1931/1262/290 2088/1318/290 2089/1319/290 1930/1261/290
f 1930/1261/290 2089/1319/290 2086/1316/290 2032/1261/290
f 2008/1284/290 2090/1308/290 2091/1320/290 2009/1286/290
f 2009/1286/290 2091/1320/290 2092/1318/290 2033/1262/290
f 2033/1262/290 2092/1318/290 2093/1319/290 2032/1261/290
f 2032/1261/290 2093/1319/290 2090/1308/290 2008/1284/290
f 2023/1280/297 2094/1321/297 2095/1299/297 2022/1287/297
f 2022/1287/297 2095/1299/297 2096/1296/297 1953/1281/297
f 1953/1281/297 2096/1296/297 2097/1297/297 1952/1280/297
f 1952/1280/297 2097/1297/297 2094/1321/297 2023/1280/297
f 2011/1280/297 2098/1256/297 2099/1257/297 2010/1287/297
f 2010/1287/297 2099/1257/297 2100/1257/297 2022/1287/297
f 2022/1287/297 2100/1257/297 2101/1297/297 2023/1280/297
f 2023/1280/297 2101/1297/297 2098/1256/297 2011/1280/297
f 2024/1269/7 2102/1288/7 2103/1322/7 2025/1270/7
f 2025/1270/7 2103/1322/7 2104/1253/7 2013/1270/7
f 2013/1270/7 2104/1253/7 2105/1254/7 2012/1269/7
f 2012/1269/7 2105/1254/7 2102/1288/7 2024/1269/7
f 1951/1279/7 2106/1254/7 2107/1323/7 1950/1278/7
f 1950/1278/7 2107/1323/7 2108/1253/7 2025/1270/7
f 2025/1270/7 2108/1253/7 2109/1254/7 2024/1269/7
f 2024/1269/7 2109/1254/7 2106/1254/7 1951/1279/7
f 2036/1269/7 2110/1288/7 2111/1255/7 2037/1270/7
f 2037/1270/7 2111/1255/7 2112/1253/7 1938/1270/7
f 1938/1270/7 2112/1253/7 2113/1254/7 1939/1269/7
f 1939/1269/7 2113/1254/7 2110/1288/7 2036/1269/7
f 2035/1280/297 2114/1321/297 2115/1299/297 2034/1287/297
f 2034/1287/297 2115/1299/297 2116/1324/297 2010/1287/297
f 2010/1287/297 2116/1324/297 2117/1297/297 2011/1280/297
f 2011/1280/297 2117/1297/297 2114/1321/297 2035/1280/297
f 1941/1271/297 2118/1325/297 2119/1299/297 2034/1287/297
f 2034/1287/297 2119/1299/297 2120/1297/297 2035/1280/297
f 2035/1280/297 2120/1297/297 2121/1326/297 1940/1272/297
f 1940/1272/297 2121/1326/297 2118/1325/297 1941/1271/297
f 1942/1274/290 2122/1290/290 2123/1289/290 1943/1273/290
f 1943/1273/290 2123/1289/290 2124/1289/290 2021/1273/290
f 2021/1273/290 2124/1289/290 2125/1290/290 2020/1285/290
f 2020/1285/290 2125/1290/290 2122/1290/290 1942/1274/290
f 2029/1276/293 2126/1260/293 2127/1291/293 2028/1265/293
f 2028/1265/293 2127/1291/293 2128/1259/293 2004/1265/293
f 2004/1265/293 2128/1259/293 2129/1260/293 2005/1276/293
f 2005/1276/293 2129/1260/293 2126/1260/293 2029/1276/293
f 1935/1265/293 2130/1291/293 2131/1291/293 2028/1265/293
f 2028/1265/293 2131/1291/293 2132/1327/293 2029/1276/293
f 2029/1276/293 2132/1327/293 2133/1328/293 1934/1266/293
f 1934/1266/293 2133/1328/293 2130/1291/293 1935/1265/293
f 2046/1303/4 2143/1303/4 2142/1304/4 2047/1304/4
f 2101/1297/291 2196/1297/291 2194/1256/291 2098/1256/291
f 2060/1254/4 2157/1254/4 2156/1258/4 2061/1258/4
f 2049/1305/5 2144/1305/5 2143/1303/5 2046/1303/5
f 2099/1257/295 2195/1257/295 2197/1257/295 2100/1257/295
f 2086/1316/5 2182/1316/5 2183/1317/5 2087/1317/5
f 2047/1304/8 2142/1304/8 2145/1293/8 2048/1293/8
f 2100/1257/5 2197/1257/5 2196/1297/5 2101/1297/5
f 2089/1319/296 2184/1319/296 2182/1316/296 2086/1316/296
f 2126/1260/8 2222/1260/8 2223/1291/8 2127/1291/8
f 2048/1293/1 2145/1293/1 2144/1305/1 2049/1305/1
f 2087/1317/292 2183/1317/292 2185/1318/292 2088/1318/292
f 2074/1260/8 2170/1260/8 2171/1314/8 2075/1314/8
f 2129/1260/295 2224/1260/295 2222/1260/295 2126/1260/295
f 2088/1318/8 2185/1318/8 2184/1319/8 2089/1319/8
f 2077/1260/295 2172/1260/295 2170/1260/295 2074/1260/295
f 2127/1291/291 2223/1291/291 2225/1259/291 2128/1259/291
f 2114/1321/8 2210/1321/8 2211/1299/8 2115/1299/8
f 2075/1314/291 2171/1314/291 2173/1315/291 2076/1315/291
f 2128/1259/5 2225/1259/5 2224/1260/5 2129/1260/5
f 2062/1309/5 2159/1309/5 2158/1310/5 2063/1310/5
f 2117/1297/291 2212/1297/291 2210/1321/291 2114/1321/291
f 2076/1315/5 2173/1315/5 2172/1260/5 2077/1260/5
f 2065/1311/292 2160/1311/292 2159/1309/292 2062/1309/292
f 2115/1299/295 2211/1299/295 2213/1324/295 2116/1324/295
f 2102/1288/5 2199/1288/5 2198/1322/5 2103/1322/5
f 2063/1310/296 2158/1310/296 2161/1310/296 2064/1310/296
f 2116/1324/5 2213/1324/5 2212/1297/5 2117/1297/5
f 2050/1293/5 2147/1293/5 2146/1304/5 2051/1304/5
f 2105/1254/4 2200/1254/4 2199/1288/4 2102/1288/4
f 2064/1310/8 2161/1310/8 2160/1311/8 2065/1311/8
f 2053/1293/1 2148/1293/1 2147/1293/1 2050/1293/1
f 2103/1322/1 2198/1322/1 2201/1253/1 2104/1253/1
f 2090/1308/5 2186/1308/5 2187/1320/5 2091/1320/5
f 2051/1304/4 2146/1304/4 2149/1292/4 2052/1292/4
f 2104/1253/8 2201/1253/8 2200/1254/8 2105/1254/8
f 2038/1300/296 2135/1300/296 2134/1294/296 2039/1294/296
f 2093/1319/296 2188/1319/296 2186/1308/296 2090/1308/296
f 2130/1291/291 2226/1291/291 2227/1291/291 2131/1291/291
f 2052/1292/8 2149/1292/8 2148/1293/8 2053/1293/8
f 2041/1295/5 2136/1295/5 2135/1300/5 2038/1300/5
f 2091/1320/292 2187/1320/292 2189/1318/292 2092/1318/292
f 2078/1293/5 2175/1293/5 2174/1304/5 2079/1304/5
f 2133/1328/8 2228/1328/8 2226/1291/8 2130/1291/8
f 2039/1294/8 2134/1294/8 2137/1301/8 2040/1301/8
f 2092/1318/8 2189/1318/8 2188/1319/8 2093/1319/8
f 2081/1293/1 2176/1293/1 2175/1293/1 2078/1293/1
f 2131/1291/5 2227/1291/5 2229/1327/5 2132/1327/5
f 2118/1325/295 2214/1325/295 2215/1299/295 2119/1299/295
f 2040/1301/292 2137/1301/292 2136/1295/292 2041/1295/292
f 2079/1304/4 2174/1304/4 2177/1292/4 2080/1292/4
f 2132/1327/295 2229/1327/295 2228/1328/295 2133/1328/295
f 2066/1302/5 2162/1302/5 2163/1312/5 2067/1312/5
f 2121/1326/8 2216/1326/8 2214/1325/8 2118/1325/8
f 2080/1292/8 2177/1292/8 2176/1293/8 2081/1293/8
f 2069/1302/292 2164/1302/292 2162/1302/292 2066/1302/292
f 2119/1299/5 2215/1299/5 2217/1297/5 2120/1297/5
f 2106/1254/5 2202/1254/5 2203/1323/5 2107/1323/5
f 2067/1312/296 2163/1312/296 2165/1313/296 2068/1313/296
f 2120/1297/291 2217/1297/291 2216/1326/291 2121/1326/291
f 2054/1290/5 2150/1290/5 2151/1306/5 2055/1306/5
f 2109/1254/4 2204/1254/4 2202/1254/4 2106/1254/4
f 2068/1313/8 2165/1313/8 2164/1302/8 2069/1302/8
f 2057/1308/296 2152/1308/296 2150/1290/296 2054/1290/296
f 2107/1323/1 2203/1323/1 2205/1253/1 2108/1253/1
f 2094/1321/8 2190/1321/8 2191/1299/8 2095/1299/8
f 2055/1306/292 2151/1306/292 2153/1307/292 2056/1307/292
f 2108/1253/8 2205/1253/8 2204/1254/8 2109/1254/8
f 2042/1302/5 2139/1302/5 2138/1298/5 2043/1298/5
f 2097/1297/291 2192/1297/291 2190/1321/291 2094/1321/291
f 2056/1307/8 2153/1307/8 2152/1308/8 2057/1308/8
f 2045/1295/292 2140/1295/292 2139/1302/292 2042/1302/292
f 2249/1234/338 2247/1227/338 2259/1227/338 2261/1234/338
f 2239/1223/339 2237/1222/339 1886/1222/339 1884/1223/339
f 2253/1230/343 2251/1229/343 2263/1229/343 2265/1230/343
f 2243/1235/344 2241/1224/344 1882/1224/344 2255/1235/344
f 2231/1220/347 2232/1219/347 1891/1219/347 1892/1220/347
f 2247/1227/348 2245/1226/348 2257/1226/348 2259/1227/348
f 2237/1236/349 2235/1221/349 1888/1221/349 1886/1236/349
f 2232/1233/362 2253/1230/362 2265/1230/362 1891/1233/362
f 2235/1221/365 2231/1220/365 1892/1220/365 1888/1221/365
f 2245/1226/366 2243/1225/366 2255/1225/366 2257/1226/366
f 2241/1224/370 2239/1223/370 1884/1223/370 1882/1224/370
f 2251/1229/371 2249/1228/371 2261/1228/371 2263/1229/371
f 2363/1220/374 2364/1219/374 2365/1239/374 2362/1238/374
f 2367/1221/375 2363/1220/375 2362/1238/375 2366/1249/375
f 2369/1222/17 2367/1221/17 2366/1249/17 2368/1248/17
f 2371/1223/376 2369/1222/376 2368/1248/376 2370/1247/376
f 2373/1224/377 2371/1223/377 2370/1247/377 2372/1246/377
f 2375/1252/15 2373/1251/15 2372/1246/15 2374/1245/15
f 2377/1226/378 2375/1252/378 2374/1245/378 2376/1244/378
f 2379/1227/379 2377/1226/379 2376/1244/379 2378/1243/379
f 2381/1250/14 2379/1227/14 2378/1243/14 2380/1242/14
f 2383/1237/380 2381/1250/380 2380/1242/380 2382/1241/380
f 2385/1230/381 2383/1237/381 2382/1241/381 2384/1240/381
f 2364/1219/16 2385/1230/16 2384/1240/16 2365/1239/16
f 1918/1220/290 1919/1219/290 2364/1219/290 2363/1220/290
f 2666/1156/1 2667/1157/1 2668/1158/1 2669/1159/1
f 2417/1337/5 2418/1338/5 2694/1338/5 2728/1337/5
f 2411/1339/295 2386/1340/295 2714/1340/295 2715/1339/295
f 2672/1163/3 2673/1162/3 2674/1164/3 2675/1165/3
f 2386/1340/8 2408/1341/8 2697/1341/8 2714/1340/8
f 2394/1342/294 2414/1343/294 2722/1343/294 2723/1342/294
f 2678/1169/4 2679/1168/4 2680/1170/4 2681/1171/4
f 2402/1344/8 2400/1345/8 2729/1345/8 2695/1344/8
f 2420/1346/5 2421/1347/5 2696/1347/5 2734/1346/5
f 2684/1175/7 2685/1174/7 2686/1176/7 2687/1177/7
f 2413/1353/297 2392/1354/297 2720/1354/297 2721/1353/297
f 2400/1345/296 2417/1337/296 2728/1337/296 2729/1345/296
f 2459/1355/8 2458/1356/8 2668/1198/8 2667/1199/8
f 2458/1356/8 2391/1357/8 2671/1201/8 2668/1198/8
f 2391/1357/8 2461/1358/8 2673/1203/8 2671/1201/8
f 2461/1358/8 2460/1359/8 2674/1205/8 2673/1203/8
f 2460/1359/8 2397/1360/8 2677/1207/8 2674/1205/8
f 2397/1360/8 2463/1352/8 2679/1209/8 2677/1207/8
f 2463/1352/8 2462/1361/8 2680/1211/8 2679/1209/8
f 2462/1361/8 2403/1362/8 2683/1213/8 2680/1211/8
f 2403/1362/8 2465/1363/8 2685/1214/8 2683/1213/8
f 2465/1363/8 2464/1364/8 2686/1215/8 2685/1214/8
f 2464/1364/8 2409/1365/8 2689/1217/8 2686/1215/8
f 2409/1365/8 2459/1355/8 2667/1199/8 2689/1217/8
f 2450/1359/3 2449/1358/3 2769/1358/3 2771/1359/3
f 2448/1357/290 2446/1356/290 2763/1388/290 2767/1389/290
f 2457/1365/296 2456/1364/296 2783/1364/296 2785/1390/296
f 2454/1362/294 2453/1361/294 2777/1361/294 2779/1391/294
f 2451/1360/292 2450/1359/292 2771/1359/292 2773/1360/292
f 2762/1392/8 2765/1393/8 2784/1394/8 2782/1395/8 2780/1396/8 2778/1397/8 2776/1398/8 2774/1399/8 2772/1400/8 2770/1401/8 2768/1402/8 2766/1403/8
f 2455/1363/295 2454/1362/295 2779/1404/295 2781/1363/295
f 2452/1352/293 2451/1360/293 2773/1360/293 2775/1405/293
f 2449/1358/291 2448/1357/291 2767/1389/291 2769/1406/291
f 2447/1355/297 2457/1365/297 2785/1407/297 2764/1355/297
f 2456/1364/7 2455/1363/7 2781/1408/7 2783/1409/7
f 2453/1361/4 2452/1352/4 2775/1352/4 2777/1410/4
f 2386/1340/297 2411/1339/297 2667/1182/297 2666/1183/297
f 2410/1547/290 2388/1548/290 2669/1159/290 2668/1158/290
f 2388/1548/290 2390/1549/290 2670/1161/290 2669/1159/290
f 2412/1550/290 2410/1547/290 2668/1158/290 2671/1160/290
f 2390/1549/291 2392/1354/291 2672/1163/291 2670/1161/291
f 2413/1353/291 2412/1550/291 2671/1160/291 2673/1162/291
f 2392/1354/291 2413/1353/291 2673/1162/291 2672/1163/291
f 2414/1343/292 2394/1342/292 2675/1165/292 2674/1164/292
f 2394/1342/292 2396/1551/292 2676/1167/292 2675/1165/292
f 2415/1552/292 2414/1343/292 2674/1164/292 2677/1166/292
f 2396/1551/293 2398/1553/293 2678/1169/293 2676/1167/293
f 2416/1554/293 2415/1552/293 2677/1166/293 2679/1168/293
f 2398/1553/293 2416/1554/293 2679/1168/293 2678/1169/293
f 2417/1337/294 2400/1345/294 2681/1171/294 2680/1170/294
f 2400/1345/294 2402/1344/294 2682/1173/294 2681/1171/294
f 2418/1338/294 2417/1337/294 2680/1170/294 2683/1172/294
f 2402/1344/295 2404/1555/295 2684/1175/295 2682/1173/295
f 2419/1556/295 2418/1338/295 2683/1172/295 2685/1174/295
f 2404/1555/295 2419/1556/295 2685/1174/295 2684/1175/295
f 2420/1346/296 2406/1557/296 2687/1177/296 2686/1176/296
f 2406/1557/296 2408/1341/296 2688/1181/296 2687/1177/296
f 2421/1347/296 2420/1346/296 2686/1176/296 2689/1180/296
f 2408/1341/297 2386/1340/297 2666/1183/297 2688/1181/297
f 2411/1339/297 2421/1347/297 2689/1180/297 2667/1182/297
f 2396/1551/8 2394/1342/8 2723/1342/8 2693/1551/8
f 2421/1347/5 2411/1339/5 2715/1339/5 2696/1347/5
f 2388/1548/292 2410/1547/292 2716/1547/292 2717/1548/292
f 2404/1555/8 2402/1344/8 2695/1344/8 2732/1555/8
f 2414/1343/5 2415/1552/5 2692/1552/5 2722/1343/5
f 2390/1549/8 2388/1548/8 2717/1548/8 2691/1549/8
f 2418/1338/5 2419/1556/5 2733/1556/5 2694/1338/5
f 2398/1553/8 2396/1551/8 2693/1551/8 2726/1553/8
f 2410/1547/5 2412/1550/5 2690/1550/5 2716/1547/5
f 2419/1556/293 2404/1555/293 2732/1555/293 2733/1556/293
f 2415/1552/5 2416/1554/5 2727/1554/5 2692/1552/5
f 2392/1354/8 2390/1549/8 2691/1549/8 2720/1354/8
f 2406/1557/290 2420/1346/290 2734/1346/290 2735/1557/290
f 2416/1554/291 2398/1553/291 2726/1553/291 2727/1554/291
f 2412/1550/5 2413/1353/5 2721/1353/5 2690/1550/5
f 2408/1341/8 2406/1557/8 2735/1557/8 2697/1341/8
f 2763/1582/16 2764/1355/16 2765/1393/16 2762/1392/16
f 2767/1389/374 2763/1388/374 2762/1392/374 2766/1403/374
f 2769/1406/375 2767/1389/375 2766/1403/375 2768/1402/375
f 2771/1359/17 2769/1358/17 2768/1402/17 2770/1401/17
f 2773/1360/376 2771/1359/376 2770/1401/376 2772/1400/376
f 2775/1405/377 2773/1360/377 2772/1400/377 2774/1399/377
f 2777/1410/15 2775/1352/15 2774/1399/15 2776/1398/15
f 2779/1391/378 2777/1361/378 2776/1398/378 2778/1397/378
f 2781/1363/379 2779/1404/379 2778/1397/379 2780/1396/379
f 2783/1409/14 2781/1408/14 2780/1396/14 2782/1395/14
f 2785/1390/380 2783/1364/380 2782/1395/380 2784/1394/380
f 2764/1355/381 2785/1407/381 2784/1394/381 2765/1393/381
f 2446/1356/1 2447/1355/1 2764/1355/1 2763/1582/1
f 2848/1643/1 2857/1644/1 2899/1644/1 2880/1643/1
f 2849/1649/4 2847/1648/4 2879/1648/4 2883/1649/4
f 2856/1656/1 2844/1646/1 2873/1646/1 2896/1657/1
f 2851/1651/416 2850/1650/416 2884/1650/416 2887/1651/416
f 2847/1648/5 2848/1643/5 2880/1643/5 2879/1648/5
f 2881/1658/3 2898/1659/3 2894/1660/3 2890/1661/3 2889/1662/3 2882/1663/3 2878/1664/3
f 2850/1650/16 2854/1654/16 2892/1654/16 2884/1650/16
f 2845/1645/4 2846/1647/4 2876/1647/4 2874/1645/4
f 2855/1655/16 2853/1653/16 2891/1653/16 2895/1655/16
f 2852/1652/8 2849/1649/8 2883/1649/8 2888/1652/8
f 2853/1653/416 2852/1652/416 2888/1652/416 2891/1653/416
f 2854/1654/417 2856/1656/417 2896/1657/417 2892/1654/417
f 2875/1665/7 2877/1666/7 2886/1667/7 2885/1668/7 2893/1669/7 2897/1670/7 2872/1671/7
f 2857/1644/417 2855/1655/417 2895/1655/417 2899/1644/417
f 2846/1647/8 2851/1651/8 2887/1651/8 2876/1647/8
f 2873/1646/190 2874/1645/190 2875/1665/190 2872/1671/190
f 2874/1645/18 2876/1647/18 2877/1666/18 2875/1665/18
f 2879/1648/188 2880/1643/188 2881/1658/188 2878/1664/188
f 2883/1649/2 2879/1648/2 2878/1664/2 2882/1663/2
f 2885/1668/438 2886/1667/438 2887/1651/438 2884/1650/438
f 2889/1662/439 2890/1661/439 2891/1653/439 2888/1652/439
f 2893/1669/440 2885/1668/440 2884/1650/440 2892/1654/440
f 2890/1661/441 2894/1660/441 2895/1655/441 2891/1653/441
f 2897/1670/442 2893/1669/442 2892/1654/442 2896/1657/442
f 2894/1660/443 2898/1659/443 2899/1644/443 2895/1655/443
f 2882/1663/17 2889/1662/17 2888/1652/17 2883/1649/17
f 2886/1667/14 2877/1666/14 2876/1647/14 2887/1651/14
f 2896/1657/9 2873/1646/9 2872/1671/9 2897/1670/9
f 2898/1659/6 2881/1658/6 2880/1643/6 2899/1644/6
f 2844/1646/5 2845/1645/5 2874/1645/5 2873/1646/5
f 2986/1643/1 2995/1644/1 3037/1644/1 3018/1643/1
f 2987/1649/4 2985/1648/4 3017/1648/4 3021/1649/4
f 2994/1656/1 2982/1646/1 3011/1646/1 3034/1657/1
f 2989/1651/416 2988/1650/416 3022/1650/416 3025/1651/416
f 2985/1648/5 2986/1643/5 3018/1643/5 3017/1648/5
f 3019/1658/3 3036/1659/3 3032/1660/3 3028/1661/3 3027/1662/3 3020/1663/3 3016/1664/3
f 2988/1650/16 2992/1654/16 3030/1654/16 3022/1650/16
f 2983/1645/4 2984/1647/4 3014/1647/4 3012/1645/4
f 2993/1655/16 2991/1653/16 3029/1653/16 3033/1655/16
f 2990/1652/8 2987/1649/8 3021/1649/8 3026/1652/8
f 2991/1653/416 2990/1652/416 3026/1652/416 3029/1653/416
f 2992/1654/417 2994/1656/417 3034/1657/417 3030/1654/417
f 3013/1665/7 3015/1666/7 3024/1667/7 3023/1668/7 3031/1669/7 3035/1670/7 3010/1671/7
f 2995/1644/417 2993/1655/417 3033/1655/417 3037/1644/417
f 2984/1647/8 2989/1651/8 3025/1651/8 3014/1647/8
f 3011/1646/190 3012/1645/190 3013/1665/190 3010/1671/190
f 3012/1645/18 3014/1647/18 3015/1666/18 3013/1665/18
f 3017/1648/188 3018/1643/188 3019/1658/188 3016/1664/188
f 3021/1649/2 3017/1648/2 3016/1664/2 3020/1663/2
f 3023/1668/438 3024/1667/438 3025/1651/438 3022/1650/438
f 3027/1662/439 3028/1661/439 3029/1653/439 3026/1652/439
f 3031/1669/440 3023/1668/440 3022/1650/440 3030/1654/440
f 3028/1661/441 3032/1660/441 3033/1655/441 3029/1653/441
f 3035/1670/442 3031/1669/442 3030/1654/442 3034/1657/442
f 3032/1660/443 3036/1659/443 3037/1644/443 3033/1655/443
f 3020/1663/17 3027/1662/17 3026/1652/17 3021/1649/17
f 3024/1667/14 3015/1666/14 3014/1647/14 3025/1651/14
f 3034/1657/9 3011/1646/9 3010/1671/9 3035/1670/9
f 3036/1659/6 3019/1658/6 3018/1643/6 3037/1644/6
f 2982/1646/5 2983/1645/5 3012/1645/5 3011/1646/5
f 3325/1744/449 3324/1729/449 3323/1745/449 3326/1744/449
f 3153/1681/6 3152/1718/6 3164/1718/6 3165/1681/6
f 3164/1718/8 3163/1717/8 3174/1733/8 3173/1731/8 3172/1729/8 3171/1727/8 3170/1725/8 3169/1723/8 3168/1721/8 3167/1682/8 3166/1764/8 3165/1681/8
f 3160/1729/449 3159/1727/449 3171/1727/449 3172/1729/449
f 3157/1723/447 3156/1721/447 3168/1721/447 3169/1723/447
f 3154/1764/485 3153/1681/485 3165/1681/485 3166/1764/485
f 3161/1731/450 3160/1729/450 3172/1729/450 3173/1731/450
f 3158/1725/448 3157/1723/448 3169/1723/448 3170/1725/448
f 3155/1682/486 3154/1764/486 3166/1764/486 3167/1682/486
f 3162/1733/9 3161/1731/9 3173/1731/9 3174/1733/9
f 3152/1718/451 3151/1717/451 3163/1717/451 3164/1718/451
f 3159/1727/18 3158/1725/18 3170/1725/18 3171/1727/18
f 3156/1721/2 3155/1682/2 3167/1682/2 3168/1721/2
f 3151/1717/446 3162/1733/446 3174/1733/446 3163/1717/446
f 3579/1744/562 3491/1855/562 3625/1855/562 3322/1744/562
f 3468/1742/563 3524/1741/563 3596/1741/563 3650/1742/563
f 3530/1844/564 3539/1845/564 3585/1845/564 3584/1844/564
f 3433/1681/2 3432/1767/2 3352/1767/2 3351/1681/2
f 3419/1736/565 3394/1721/565 3610/1721/565 3657/1736/565
f 3492/1856/566 3580/1744/566 3321/1744/566 3626/1856/566
f 3576/1857/567 3453/1729/567 3312/1729/567 3313/1857/567
f 3393/1850/568 3420/1736/568 3658/1736/568 3609/1850/568
f 3525/1741/569 3469/1731/569 3647/1731/569 3591/1741/569
f 3538/1842/570 3531/1741/570 3274/1741/570 3271/1842/570
f 3421/1736/565 3392/1721/565 3608/1721/565 3655/1736/565
f 3581/1744/562 3493/1853/562 3623/1853/562 3326/1744/562
f 3452/1826/571 3577/1744/571 3318/1744/571 3315/1826/571
f 3470/1731/563 3526/1741/563 3592/1741/563 3648/1731/563
f 3430/1867/2 3429/1767/2 3354/1767/2 3353/1867/2
f 3391/1850/568 3422/1736/568 3656/1736/568 3607/1850/568
f 3494/1854/566 3582/1744/566 3325/1744/566 3624/1854/566
f 3532/1843/564 3537/1842/564 3272/1842/564 3273/1843/564
f 3463/1742/572 3462/1826/572 3295/1826/572 3653/1742/572
f 3578/1744/567 3451/1745/567 3316/1745/567 3317/1744/567
f 3527/1741/569 3471/1828/569 3645/1828/569 3587/1741/569
f 3461/1752/573 3464/1742/573 3654/1742/573 3296/1752/573
f 3406/1749/574 3496/1682/574 3341/1682/574 3622/1749/574
f 3472/1828/563 3528/1741/563 3588/1741/563 3646/1828/563
f 3536/1717/570 3533/1733/570 3278/1733/570 3275/1717/570
f 3427/1767/2 3426/1769/2 3356/1769/2 3355/1767/2
f 3465/1742/572 3460/1729/572 3299/1729/572 3651/1742/572
f 3450/1745/571 3579/1744/571 3322/1744/571 3319/1745/571
f 3459/1745/573 3466/1742/573 3652/1742/573 3300/1745/573
f 3495/1772/575 3405/1749/575 3621/1749/575 3342/1772/575
f 3529/1844/569 3473/1827/569 3643/1827/569 3583/1844/569
f 3534/1733/564 3535/1842/564 3276/1842/564 3277/1733/564
f 3467/1742/572 3458/1745/572 3303/1745/572 3649/1742/572
f 3404/1749/574 3499/1682/574 3339/1682/574 3620/1749/574
f 3580/1864/567 3449/1745/567 3320/1745/567 3321/1864/567
f 3474/1827/563 3530/1844/563 3584/1844/563 3644/1827/563
f 3424/1866/2 3423/1767/2 3358/1767/2 3357/1866/2
f 3457/1826/573 3468/1742/573 3650/1742/573 3304/1826/573
f 3444/1820/576 3551/1718/576 3280/1718/576 3344/1820/576
f 3469/1731/572 3456/1829/572 3307/1829/572 3647/1731/572
f 3498/1772/575 3403/1749/575 3619/1749/575 3340/1772/575
f 3448/1745/571 3581/1744/571 3326/1744/571 3323/1745/571
f 3531/1741/569 3475/1825/569 3641/1825/569 3274/1741/569
f 3552/1768/577 3445/1818/577 3343/1818/577 3279/1768/577
f 3455/1830/573 3470/1731/573 3648/1731/573 3308/1830/573
f 3402/1852/574 3502/1817/574 3337/1817/574 3618/1852/574
f 3476/1825/563 3532/1741/563 3273/1741/563 3642/1825/563
f 3471/1828/572 3454/1729/572 3311/1729/572 3645/1828/572
f 3582/1744/567 3447/1729/567 3324/1729/567 3325/1744/567
f 3441/1821/576 3553/1718/576 3282/1718/576 3346/1821/576
f 3453/1729/573 3472/1828/573 3646/1828/573 3312/1729/573
f 3501/1812/575 3401/1852/575 3617/1852/575 3338/1812/575
f 3533/1733/569 3477/1825/569 3639/1825/569 3278/1733/569
f 3554/1768/578 3442/1821/578 3345/1821/578 3281/1768/578
f 3473/1827/572 3452/1745/572 3315/1745/572 3643/1827/572
f 3400/1749/574 3505/1809/574 3335/1809/574 3616/1749/574
f 3478/1751/563 3534/1733/563 3277/1733/563 3640/1751/563
f 3451/1745/573 3474/1827/573 3644/1827/573 3316/1745/573
f 3517/1772/6 3516/1806/6 3328/1806/6 3327/1772/6
f 3438/1681/576 3555/1718/576 3284/1718/576 3348/1681/576
f 3475/1751/572 3450/1745/572 3319/1745/572 3641/1751/572
f 3504/1809/575 3399/1749/575 3615/1749/575 3336/1809/575
f 3551/1768/579 3550/1717/579 3606/1717/579 3280/1768/579
f 3556/1768/578 3439/1681/578 3347/1681/578 3283/1768/578
f 3449/1826/573 3476/1825/573 3642/1825/573 3320/1826/573
f 3398/1851/574 3508/1812/574 3333/1812/574 3614/1851/574
f 3549/1750/580 3552/1718/580 3279/1718/580 3605/1750/580
f 3477/1751/572 3448/1729/572 3323/1729/572 3639/1751/572
f 3514/1809/6 3513/1865/6 3330/1865/6 3329/1809/6
f 3553/1768/579 3548/1717/579 3602/1717/579 3282/1768/579
f 3435/1681/576 3557/1822/576 3286/1822/576 3350/1681/576
f 3447/1745/573 3478/1825/573 3640/1825/573 3324/1745/573
f 3507/1812/575 3397/1851/575 3613/1851/575 3334/1812/575
f 3547/1750/580 3554/1718/580 3281/1718/580 3601/1750/580
f 3558/1768/578 3436/1681/578 3349/1681/578 3285/1768/578
f 3479/1725/581 3407/1723/581 3669/1723/581 3637/1725/581
f 3396/1749/574 3511/1809/574 3331/1809/574 3612/1749/574
f 3555/1768/579 3546/1842/579 3598/1842/579 3284/1768/579
f 3408/1736/582 3480/1725/582 3638/1725/582 3670/1736/582
f 3511/1809/6 3510/1809/6 3332/1809/6 3331/1809/6
f 3321/1864/449 3320/1745/449 3319/1745/449 3322/1744/449
f 3317/1744/449 3316/1745/449 3315/1826/449 3318/1744/449
f 3313/1857/449 3312/1729/449 3311/1729/449 3314/1858/449
f 3309/1860/449 3308/1829/449 3307/1829/449 3310/1746/449
f 3305/1748/449 3304/1745/449 3303/1745/449 3306/1727/449
f 3301/1746/449 3300/1729/449 3299/1745/449 3302/1746/449
f 3297/1748/449 3296/1826/449 3295/1752/449 3298/1727/449
f 3293/1768/583 3357/1767/583 3358/1767/583 3294/1718/583
f 3291/1822/583 3355/1769/583 3356/1769/583 3292/1718/583
f 3289/1822/583 3353/1767/583 3354/1767/583 3290/1718/583
f 3287/1822/583 3351/1767/583 3352/1767/583 3288/1823/583
f 3285/1768/583 3349/1681/583 3350/1681/583 3286/1822/583
f 3283/1768/583 3347/1681/583 3348/1681/583 3284/1718/583
f 3281/1768/583 3345/1821/583 3346/1821/583 3282/1718/583
f 3279/1768/583 3343/1818/583 3344/1820/583 3280/1718/583
f 3277/1733/446 3276/1842/446 3275/1717/446 3278/1733/446
f 3273/1843/446 3272/1842/446 3271/1842/446 3274/1741/446
f 3584/1844/446 3585/1845/446 3586/1845/446 3583/1844/446
f 3588/1741/446 3589/1847/446 3590/1847/446 3587/1846/446
f 3592/1741/446 3593/1849/446 3594/1848/446 3591/1741/446
f 3596/1741/446 3597/1842/446 3598/1842/446 3595/1741/446
f 3600/1741/446 3601/1717/446 3602/1750/446 3599/1741/446
f 3604/1741/446 3605/1717/446 3606/1750/446 3603/1741/446
f 3328/1806/584 3607/1721/584 3608/1850/584 3327/1806/584
f 3330/1865/584 3609/1721/584 3610/1850/584 3329/1682/584
f 3332/1809/584 3611/1749/584 3612/1749/584 3331/1809/584
f 3334/1812/584 3613/1851/584 3614/1851/584 3333/1812/584
f 3336/1809/584 3615/1749/584 3616/1749/584 3335/1809/584
f 3338/1812/584 3617/1852/584 3618/1852/584 3337/1817/584
f 3340/1772/584 3619/1749/584 3620/1749/584 3339/1682/584
f 3342/1772/584 3621/1749/584 3622/1749/584 3341/1682/584
f 3624/1854/18 3325/1744/18 3326/1744/18 3623/1853/18
f 3626/1856/18 3321/1744/18 3322/1744/18 3625/1855/18
f 3628/1856/18 3317/1744/18 3318/1744/18 3627/1856/18
f 3630/1855/18 3313/1858/18 3314/1857/18 3629/1855/18
f 3632/1747/18 3309/1746/18 3310/1859/18 3631/1725/18
f 3634/1747/18 3305/1727/18 3306/1748/18 3633/1725/18
f 3636/1747/18 3301/1746/18 3302/1860/18 3635/1725/18
f 3638/1747/18 3297/1727/18 3298/1748/18 3637/1725/18
f 3276/1842/451 3293/1718/451 3294/1768/451 3275/1842/451
f 3272/1717/451 3291/1718/451 3292/1768/451 3271/1842/451
f 3585/1861/451 3289/1822/451 3290/1822/451 3586/1845/451
f 3589/1862/451 3287/1823/451 3288/1822/451 3590/1847/451
f 3593/1849/451 3285/1718/451 3286/1768/451 3594/1849/451
f 3597/1863/451 3283/1718/451 3284/1768/451 3598/1842/451
f 3601/1750/451 3281/1718/451 3282/1768/451 3602/1717/451
f 3605/1750/451 3279/1718/451 3280/1768/451 3606/1717/451
f 3640/1751/9 3277/1733/9 3278/1733/9 3639/1825/9
f 3642/1825/9 3273/1741/9 3274/1741/9 3641/1825/9
f 3644/1827/9 3584/1844/9 3583/1844/9 3643/1827/9
f 3646/1828/9 3588/1741/9 3587/1741/9 3645/1828/9
f 3648/1731/9 3592/1741/9 3591/1741/9 3647/1731/9
f 3650/1742/9 3596/1741/9 3595/1741/9 3649/1742/9
f 3652/1742/9 3600/1741/9 3599/1741/9 3651/1742/9
f 3654/1742/9 3604/1741/9 3603/1741/9 3653/1742/9
f 3656/1736/448 3624/1853/448 3623/1854/448 3655/1736/448
f 3658/1736/448 3626/1855/448 3625/1853/448 3657/1736/448
f 3660/1743/448 3628/1856/448 3627/1856/448 3659/1743/448
f 3662/1736/448 3630/1855/448 3629/1855/448 3661/1736/448
f 3664/1743/448 3632/1725/448 3631/1725/448 3663/1743/448
f 3666/1723/448 3634/1725/448 3633/1747/448 3665/1723/448
f 3668/1743/448 3636/1725/448 3635/1747/448 3667/1743/448
f 3670/1736/448 3638/1725/448 3637/1725/448 3669/1723/448
f 3324/1745/450 3640/1825/450 3639/1751/450 3323/1729/450
f 3320/1826/450 3642/1825/450 3641/1751/450 3319/1745/450
f 3316/1745/450 3644/1827/450 3643/1827/450 3315/1745/450
f 3312/1729/450 3646/1828/450 3645/1828/450 3311/1729/450
f 3308/1830/450 3648/1731/450 3647/1731/450 3307/1829/450
f 3304/1826/450 3650/1742/450 3649/1742/450 3303/1745/450
f 3300/1745/450 3652/1742/450 3651/1742/450 3299/1729/450
f 3296/1752/450 3654/1742/450 3653/1742/450 3295/1826/450
f 3607/1850/447 3656/1736/447 3655/1736/447 3608/1721/447
f 3609/1850/447 3658/1736/447 3657/1736/447 3610/1721/447
f 3611/1749/447 3660/1743/447 3659/1743/447 3612/1749/447
f 3613/1851/447 3662/1736/447 3661/1736/447 3614/1851/447
f 3615/1749/447 3664/1743/447 3663/1743/447 3616/1749/447
f 3617/1852/447 3666/1723/447 3665/1723/447 3618/1852/447
f 3619/1749/447 3668/1743/447 3667/1743/447 3620/1749/447
f 3621/1749/447 3670/1723/447 3669/1723/447 3622/1749/447
f 3395/1749/568 3418/1743/568 3660/1743/568 3611/1749/568
f 3523/1741/569 3467/1742/569 3649/1742/569 3595/1741/569
f 3454/1729/571 3575/1858/571 3314/1858/571 3311/1729/571
f 3417/1743/565 3396/1749/565 3612/1749/565 3659/1743/565
f 3540/1845/570 3529/1844/570 3583/1844/570 3586/1845/570
f 3490/1856/566 3578/1744/566 3317/1744/566 3628/1856/566
f 3397/1851/568 3416/1736/568 3662/1736/568 3613/1851/568
f 3436/1821/2 3435/1681/2 3350/1681/2 3349/1821/2
f 3466/1742/563 3522/1741/563 3600/1741/563 3652/1742/563
f 3574/1860/567 3455/1829/567 3308/1829/567 3309/1860/567
f 3577/1744/562 3489/1856/562 3627/1856/562 3318/1744/562
f 3415/1736/565 3398/1851/565 3614/1851/565 3661/1736/565
f 3528/1741/564 3541/1847/564 3589/1847/564 3588/1741/564
f 3521/1741/569 3465/1742/569 3651/1742/569 3599/1741/569
f 3399/1749/568 3414/1743/568 3664/1743/568 3615/1749/568
f 3456/1829/571 3573/1746/571 3310/1746/571 3307/1829/571
f 3488/1855/566 3576/1858/566 3313/1858/566 3630/1855/566
f 3413/1743/565 3400/1749/565 3616/1749/565 3663/1743/565
f 3439/1681/2 3438/1681/2 3348/1681/2 3347/1681/2
f 3542/1847/570 3527/1846/570 3587/1846/570 3590/1847/570
f 3464/1742/563 3520/1741/563 3604/1741/563 3654/1742/563
f 3575/1857/562 3487/1855/562 3629/1855/562 3314/1857/562
f 3401/1852/568 3412/1723/568 3666/1723/568 3617/1852/568
f 3519/1741/569 3463/1742/569 3653/1742/569 3603/1741/569
f 3572/1748/567 3457/1745/567 3304/1745/567 3305/1748/567
f 3411/1723/565 3402/1852/565 3618/1852/565 3665/1723/565
f 3526/1741/564 3543/1849/564 3593/1849/564 3592/1741/564
f 3486/1747/566 3574/1746/566 3309/1746/566 3632/1747/566
f 3403/1749/568 3410/1743/568 3668/1743/568 3619/1749/568
f 3442/1821/2 3441/1821/2 3346/1821/2 3345/1821/2
f 3422/1736/582 3494/1853/582 3624/1853/582 3656/1736/582
f 3458/1745/571 3571/1727/571 3306/1727/571 3303/1745/571
f 3573/1859/562 3485/1725/562 3631/1725/562 3310/1859/562
f 3409/1743/565 3404/1749/565 3620/1749/565 3667/1743/565
f 3544/1848/570 3525/1741/570 3591/1741/570 3594/1848/570
f 3493/1854/581 3421/1736/581 3655/1736/581 3623/1854/581
f 3405/1749/568 3408/1723/568 3670/1723/568 3621/1749/568
f 3570/1746/567 3459/1729/567 3300/1729/567 3301/1746/567
f 3484/1747/566 3572/1727/566 3305/1727/566 3634/1747/566
f 3407/1723/565 3406/1749/565 3622/1749/565 3669/1723/565
f 3445/1820/2 3444/1820/2 3344/1820/2 3343/1820/2
f 3524/1741/564 3545/1842/564 3597/1842/564 3596/1741/564
f 3420/1736/582 3492/1855/582 3626/1855/582 3658/1736/582
f 3571/1748/562 3483/1725/562 3633/1725/562 3306/1748/562
f 3491/1853/581 3419/1736/581 3657/1736/581 3625/1853/581
f 3460/1745/571 3569/1746/571 3302/1746/571 3299/1745/571
f 3546/1842/570 3523/1741/570 3595/1741/570 3598/1842/570
f 3482/1747/566 3570/1746/566 3301/1746/566 3636/1747/566
f 3496/1682/6 3495/1772/6 3342/1772/6 3341/1682/6
f 3418/1743/582 3490/1856/582 3628/1856/582 3660/1743/582
f 3568/1748/567 3461/1826/567 3296/1826/567 3297/1748/567
f 3569/1860/562 3481/1725/562 3635/1725/562 3302/1860/562
f 3522/1741/564 3547/1717/564 3601/1717/564 3600/1741/564
f 3489/1856/581 3417/1743/581 3659/1743/581 3627/1856/581
f 3462/1752/571 3567/1727/571 3298/1727/571 3295/1752/571
f 3480/1747/566 3568/1727/566 3297/1727/566 3638/1747/566
f 3499/1772/6 3498/1772/6 3340/1772/6 3339/1772/6
f 3548/1750/570 3521/1741/570 3599/1741/570 3602/1750/570
f 3416/1736/582 3488/1855/582 3630/1855/582 3662/1736/582
f 3567/1748/562 3479/1725/562 3637/1725/562 3298/1748/562
f 3487/1855/581 3415/1736/581 3661/1736/581 3629/1855/581
f 3566/1768/578 3424/1767/578 3357/1767/578 3293/1768/578
f 3535/1842/580 3566/1718/580 3293/1718/580 3276/1842/580
f 3520/1741/564 3549/1717/564 3605/1717/564 3604/1741/564
f 3423/1767/576 3565/1718/576 3294/1718/576 3358/1767/576
f 3565/1768/579 3536/1842/579 3275/1842/579 3294/1768/579
f 3502/1868/6 3501/1812/6 3338/1812/6 3337/1868/6
f 3414/1743/582 3486/1725/582 3632/1725/582 3664/1743/582
f 3537/1717/580 3564/1718/580 3291/1718/580 3272/1717/580
f 3550/1750/570 3519/1741/570 3603/1741/570 3606/1750/570
f 3485/1725/581 3413/1743/581 3663/1743/581 3631/1725/581
f 3564/1822/578 3427/1769/578 3355/1769/578 3291/1822/578
f 3563/1768/579 3538/1842/579 3271/1842/579 3292/1768/579
f 3516/1806/575 3391/1721/575 3607/1721/575 3328/1806/575
f 3426/1769/576 3563/1718/576 3292/1718/576 3356/1769/576
f 3539/1861/580 3562/1822/580 3289/1822/580 3585/1861/580
f 3505/1869/6 3504/1809/6 3336/1809/6 3335/1869/6
f 3412/1723/582 3484/1725/582 3634/1725/582 3666/1723/582
f 3561/1822/579 3540/1845/579 3586/1845/579 3290/1822/579
f 3392/1850/574 3517/1806/574 3327/1806/574 3608/1850/574
f 3483/1747/581 3411/1723/581 3665/1723/581 3633/1747/581
f 3562/1822/578 3430/1767/578 3353/1767/578 3289/1822/578
f 3541/1862/580 3560/1823/580 3287/1823/580 3589/1862/580
f 3513/1865/575 3393/1721/575 3609/1721/575 3330/1865/575
f 3429/1767/576 3561/1718/576 3290/1718/576 3354/1767/576
f 3559/1822/579 3542/1847/579 3590/1847/579 3288/1822/579
f 3508/1812/6 3507/1812/6 3334/1812/6 3333/1812/6
f 3410/1743/582 3482/1725/582 3636/1725/582 3668/1743/582
f 3543/1849/580 3558/1718/580 3285/1718/580 3593/1849/580
f 3394/1850/574 3514/1682/574 3329/1682/574 3610/1850/574
f 3481/1747/581 3409/1743/581 3667/1743/581 3635/1747/581
f 3560/1822/578 3433/1767/578 3351/1767/578 3287/1822/578
f 3557/1768/579 3544/1849/579 3594/1849/579 3286/1768/579
f 3510/1809/575 3395/1749/575 3611/1749/575 3332/1809/575
f 3432/1767/576 3559/1823/576 3288/1823/576 3352/1767/576
f 3545/1863/580 3556/1718/580 3283/1718/580 3597/1863/580
f 3731/1878/8 3729/1879/8 3924/1879/8 3926/1878/8
f 3761/1880/5 3763/1881/5 3946/1881/5 3931/1880/5
f 3747/1882/300 3749/1883/300 3953/1883/300 3917/1882/300
f 3729/1879/8 3727/1884/8 3938/1884/8 3924/1879/8
f 3763/1881/5 3742/1885/5 3945/1885/5 3946/1881/5
f 3749/1883/5 3751/1886/5 3952/1886/5 3953/1883/5
f 3727/1884/8 3725/1887/8 3937/1887/8 3938/1884/8
f 3717/1888/8 3739/1889/8 3944/1889/8 3933/1888/8
f 3751/1886/5 3753/1890/5 3951/1890/5 3952/1886/5
f 3725/1887/8 3723/1891/8 3936/1891/8 3937/1887/8
f 3739/1889/8 3737/1894/8 3943/1894/8 3944/1889/8
f 3885/1184/5 3886/1185/5 3887/1186/5 3888/1187/5 3889/1188/5 3890/1189/5 3891/1190/5 3892/1191/5 3893/1192/5 3894/1193/5 3895/1194/5 3896/1195/5
f 3753/1890/5 3755/1895/5 3950/1895/5 3951/1890/5
f 3906/1908/8 3907/1909/8 3785/1909/8 3783/1908/8
f 3901/1910/8 3902/1911/8 3775/1911/8 3773/1910/8
f 3903/1912/8 3904/1913/8 3779/1913/8 3777/1912/8
f 3898/1914/8 3899/1915/8 3769/1915/8 3765/1914/8
f 3908/1916/8 3897/1917/8 3768/1917/8 3787/1916/8
f 3905/1918/8 3906/1919/8 3783/1919/8 3781/1918/8
f 3900/1920/8 3901/1910/8 3773/1910/8 3771/1920/8
f 3899/1924/8 3900/1920/8 3771/1920/8 3769/1924/8
f 3904/1913/8 3905/1918/8 3781/1918/8 3779/1913/8
f 3897/1922/8 3898/1923/8 3765/1923/8 3768/1922/8
f 3902/1925/8 3903/1912/8 3777/1912/8 3775/1925/8
f 3907/1926/8 3908/1916/8 3787/1916/8 3785/1926/8
f 3807/1931/5 3806/1930/5 3818/1930/5 3819/1931/5
f 3819/1931/293 3818/1930/293 3986/1930/293 3987/1931/293
f 3804/1892/5 3803/1893/5 3815/1893/5 3816/1892/5
f 3811/1935/5 3810/1934/5 3822/1934/5 3823/1935/5
f 3808/1932/5 3807/1931/5 3819/1931/5 3820/1932/5
f 3805/1929/5 3804/1892/5 3816/1892/5 3817/1929/5
f 3812/1936/5 3811/1935/5 3823/1935/5 3824/1936/5
f 3801/1928/5 3802/1927/5 3814/1927/5 3813/1928/5
f 3809/1933/5 3808/1932/5 3820/1932/5 3821/1933/5
f 3806/1930/5 3805/1929/5 3817/1929/5 3818/1930/5
f 3802/1927/5 3812/1936/5 3824/1936/5 3814/1927/5
f 3803/1893/5 3801/1928/5 3813/1928/5 3815/1893/5
f 3810/1934/5 3809/1933/5 3821/1933/5 3822/1934/5
f 3816/1892/291 3815/1893/291 3983/1893/291 3984/1892/291
f 3823/1935/7 3822/1934/7 3990/1934/7 3991/1935/7
f 3820/1932/4 3819/1931/4 3987/1931/4 3988/1932/4
f 3817/1929/3 3816/1892/3 3984/1892/3 3985/1929/3
f 3824/1936/296 3823/1935/296 3991/1935/296 3992/1936/296
f 3813/1928/1 3814/1927/1 3982/1927/1 3981/1928/1
f 3821/1933/294 3820/1932/294 3988/1932/294 3989/1933/294
f 3818/1930/292 3817/1929/292 3985/1929/292 3986/1930/292
f 3814/1927/297 3824/1936/297 3992/1936/297 3982/1927/297
f 3815/1893/290 3813/1928/290 3981/1928/290 3983/1893/290
f 3822/1934/295 3821/1933/295 3989/1933/295 3990/1934/295
f 3873/1943/5 3875/1947/5 4030/1947/5 4065/1943/5
f 4019/1949/294 4017/1950/294 4113/1950/294 4115/1949/294
f 3881/1951/5 3882/1948/5 4034/1948/5 4073/1951/5
f 3867/1938/8 3866/1946/8 4058/1946/8 4037/1938/8
f 3874/1944/5 3873/1943/5 4065/1943/5 4046/1944/5
f 3880/1952/5 3881/1951/5 4073/1951/5 4072/1952/5
f 3866/1946/8 3865/1939/8 4057/1939/8 4058/1946/8
f 3862/1944/8 3872/1941/8 4064/1941/8 4054/1944/8
f 3879/1938/5 3880/1952/5 4072/1952/5 4071/1938/5
f 3865/1939/8 3864/1940/8 4056/1940/8 4057/1939/8
f 3872/1941/8 3871/1942/8 4063/1942/8 4064/1941/8
f 3878/1946/5 3879/1938/5 4071/1938/5 4070/1946/5
f 3864/1940/8 3863/1947/8 4055/1947/8 4056/1940/8
f 3717/1953/1 3719/1954/1 3886/1159/1 3885/1156/1
f 3719/1954/290 3721/1955/290 3887/1161/290 3886/1159/290
f 3721/1955/291 3723/1891/291 3888/1163/291 3887/1161/291
f 3723/1891/3 3725/1887/3 3889/1165/3 3888/1163/3
f 3725/1887/292 3727/1884/292 3890/1167/292 3889/1165/292
f 3727/1884/293 3729/1879/293 3891/1169/293 3890/1167/293
f 3729/1879/4 3731/1878/4 3892/1171/4 3891/1169/4
f 3731/1878/294 3733/1956/294 3893/1173/294 3892/1171/294
f 3733/1956/295 3735/1957/295 3894/1175/295 3893/1173/295
f 3735/1957/7 3737/1894/7 3895/1177/7 3894/1175/7
f 3737/1894/296 3739/1889/296 3896/1181/296 3895/1177/296
f 3739/1889/297 3717/1888/297 3885/1183/297 3896/1181/297
f 3742/1885/297 3763/1881/297 3898/1923/297 3897/1922/297
f 3763/1881/296 3761/1880/296 3899/1915/296 3898/1914/296
f 3761/1880/7 3759/1958/7 3900/1920/7 3899/1924/7
f 3759/1958/295 3757/1959/295 3901/1910/295 3900/1920/295
f 3757/1959/294 3755/1895/294 3902/1911/294 3901/1910/294
f 3755/1895/4 3753/1890/4 3903/1912/4 3902/1925/4
f 3753/1890/293 3751/1886/293 3904/1913/293 3903/1912/293
f 3751/1886/292 3749/1883/292 3905/1918/292 3904/1913/292
f 3749/1883/3 3747/1882/3 3906/1919/3 3905/1918/3
f 3747/1882/291 3745/1960/291 3907/1909/291 3906/1908/291
f 3745/1960/290 3743/1961/290 3908/1916/290 3907/1926/290
f 3743/1961/1 3742/1962/1 3897/1917/1 3908/1916/1
f 3745/1960/5 3747/1882/5 3917/1882/5 3915/1960/5
f 3759/1958/5 3761/1880/5 3931/1880/5 3929/1958/5
f 3733/1956/8 3731/1878/8 3926/1878/8 3928/1956/8
f 3743/1961/5 3745/1960/5 3915/1960/5 3911/1961/5
f 3719/1954/8 3717/1953/8 3933/1953/8 3912/1954/8
f 3757/1959/5 3759/1958/5 3929/1958/5 3927/1959/5
f 3735/1957/8 3733/1956/8 3928/1956/8 3930/1957/8
f 3742/1962/5 3743/1961/5 3911/1961/5 3945/1962/5
f 3721/1955/8 3719/1954/8 3912/1954/8 3916/1955/8
f 3755/1895/5 3757/1959/5 3927/1959/5 3950/1895/5
f 3737/1894/8 3735/1957/8 3930/1957/8 3943/1894/8
f 3723/1891/8 3721/1955/8 3916/1955/8 3936/1891/8
f 3826/1989/677 3825/1990/677 3981/1928/677 3982/1927/677
f 3825/1990/678 3827/1991/678 3983/1893/678 3981/1928/678
f 3827/1991/679 3828/1992/679 3984/1892/679 3983/1893/679
f 3828/1992/680 3829/1993/680 3985/1929/680 3984/1892/680
f 3829/1993/681 3830/1994/681 3986/1930/681 3985/1929/681
f 3830/1994/682 3831/1995/682 3987/1931/682 3986/1930/682
f 3831/1995/683 3832/1996/683 3988/1932/683 3987/1931/683
f 3832/1996/684 3833/1997/684 3989/1933/684 3988/1932/684
f 3833/1997/685 3834/1998/685 3990/1934/685 3989/1933/685
f 3834/1998/686 3835/1999/686 3991/1935/686 3990/1934/686
f 3835/1999/687 3836/2000/687 3992/1936/687 3991/1935/687
f 3836/2000/688 3826/1989/688 3982/1927/688 3992/1936/688
f 4004/1941/8 3994/1944/8 3826/1989/8 3836/2000/8
f 4003/1942/8 4004/1941/8 3836/2000/8 3835/1999/8
f 4002/1948/8 4003/1942/8 3835/1999/8 3834/1998/8
f 4001/1945/8 4002/1948/8 3834/1998/8 3833/1997/8
f 4000/1937/8 4001/1945/8 3833/1997/8 3832/1996/8
f 3999/1938/8 4000/1937/8 3832/1996/8 3831/1995/8
f 3998/1946/8 3999/1938/8 3831/1995/8 3830/1994/8
f 3997/1939/8 3998/1946/8 3830/1994/8 3829/1993/8
f 3996/1940/8 3997/1939/8 3829/1993/8 3828/1992/8
f 3995/1947/8 3996/1940/8 3828/1992/8 3827/1991/8
f 3993/1943/8 3995/1947/8 3827/1991/8 3825/1990/8
f 3994/1944/8 3993/1943/8 3825/1990/8 3826/1989/8
f 3862/1944/1 3861/1943/1 4005/1943/1 4006/1944/1
f 3861/1943/290 3863/1947/290 4007/1947/290 4005/1943/290
f 3863/1947/291 3864/1940/291 4008/1940/291 4007/1947/291
f 3864/1940/3 3865/1939/3 4009/1939/3 4008/1940/3
f 3865/1939/292 3866/1946/292 4010/1946/292 4009/1939/292
f 3866/1946/293 3867/1938/293 4011/1938/293 4010/1946/293
f 3867/1938/4 3868/1952/4 4012/1937/4 4011/1938/4
f 3868/1952/294 3869/1951/294 4013/1945/294 4012/1937/294
f 3869/1951/295 3870/1948/295 4014/1948/295 4013/1945/295
f 3870/1948/7 3871/1942/7 4015/1942/7 4014/1948/7
f 3871/1942/296 3872/1941/296 4016/1941/296 4015/1942/296
f 3872/1941/297 3862/1944/297 4006/1944/297 4016/1941/297
f 3873/1943/689 3874/1944/689 4102/1944/689 4101/1943/689
f 3875/1947/690 3873/1943/690 4101/1943/690 4103/1947/690
f 3876/1940/691 3875/1947/691 4103/1947/691 4104/1940/691
f 3877/1939/692 3876/1940/692 4104/1940/692 4105/1939/692
f 3878/1946/693 3877/1939/693 4105/1939/693 4106/1946/693
f 3879/1938/694 3878/1946/694 4106/1946/694 4107/1938/694
f 3880/1952/695 3879/1938/695 4107/1938/695 4108/1937/695
f 3881/1951/696 3880/1952/696 4108/1937/696 4109/1945/696
f 3882/1948/697 3881/1951/697 4109/1945/697 4110/1948/697
f 3883/1942/698 3882/1948/698 4110/1948/698 4111/1942/698
f 3884/1941/699 3883/1942/699 4111/1942/699 4112/1941/699
f 3874/1944/700 3884/1941/700 4112/1941/700 4102/1944/700
f 3868/1952/8 3867/1938/8 4037/1938/8 4040/1952/8
f 3882/1948/5 3883/1942/5 4035/1942/5 4034/1948/5
f 3875/1947/5 3876/1940/5 4031/1940/5 4030/1947/5
f 3869/1951/8 3868/1952/8 4040/1952/8 4050/1951/8
f 3883/1942/5 3884/1941/5 4043/1941/5 4035/1942/5
f 3861/1943/8 3862/1944/8 4054/1944/8 4048/1943/8
f 3876/1940/5 3877/1939/5 4041/1939/5 4031/1940/5
f 3870/1948/8 3869/1951/8 4050/1951/8 4033/1948/8
f 3884/1941/5 3874/1944/5 4046/1944/5 4043/1941/5
f 3863/1947/8 3861/1943/8 4048/1943/8 4055/1947/8
f 3877/1939/5 3878/1946/5 4070/1946/5 4041/1939/5
f 3871/1942/8 3870/1948/8 4033/1948/8 4063/1942/8
f 4018/2009/8 4017/1950/8 4101/1943/8 4102/1944/8
f 4017/1950/8 4019/1949/8 4103/1947/8 4101/1943/8
f 4019/1949/8 4020/2010/8 4104/1940/8 4103/1947/8
f 4020/2010/8 4021/2011/8 4105/1939/8 4104/1940/8
f 4021/2011/8 4022/2012/8 4106/1946/8 4105/1939/8
f 4022/2012/8 4023/2013/8 4107/1938/8 4106/1946/8
f 4023/2013/8 4024/2014/8 4108/1937/8 4107/1938/8
f 4024/2014/8 4025/2015/8 4109/1945/8 4108/1937/8
f 4025/2015/8 4026/2016/8 4110/1948/8 4109/1945/8
f 4026/2016/8 4027/2017/8 4111/1942/8 4110/1948/8
f 4027/2017/8 4028/2018/8 4112/1941/8 4111/1942/8
f 4028/2018/8 4018/2009/8 4102/1944/8 4112/1941/8
f 4026/2016/291 4025/2015/291 4121/2015/291 4122/2016/291
f 4023/2013/297 4022/2012/297 4118/2012/297 4119/2013/297
f 4020/2010/295 4019/1949/295 4115/1949/295 4116/2010/295
f 4027/2017/3 4026/2016/3 4122/2016/3 4123/2017/3
f 4024/2014/1 4023/2013/1 4119/2013/1 4120/2014/1
f 4021/2011/7 4020/2010/7 4116/2010/7 4117/2011/7
f 4028/2018/292 4027/2017/292 4123/2017/292 4124/2018/292
f 4017/1950/4 4018/2009/4 4114/2009/4 4113/1950/4
f 4025/2015/290 4024/2014/290 4120/2014/290 4121/2015/290
f 4022/2012/296 4021/2011/296 4117/2011/296 4118/2012/296
f 4018/2009/293 4028/2018/293 4124/2018/293 4114/2009/293
usemtl M_Noir_Profond
f 401/222/8 402/223/8 148/224/8 142/225/8 135/226/8 133/227/8 144/228/8 147/229/8 403/230/8 404/231/8
f 138/340/8 135/226/8 142/225/8 150/170/8 151/171/8
f 157/311/8 156/312/8 139/339/8 137/370/8 136/344/8
f 154/200/8 144/228/8 133/227/8 134/165/8 159/166/8
f 411/297/8 412/365/8 407/366/8 408/315/8 160/316/8 134/341/8 133/227/8 141/371/8 140/253/8 158/254/8
f 135/226/8 137/370/8 141/371/8 133/227/8
f 152/160/8 153/161/8 140/253/8 141/371/8 143/313/8
f 397/256/8 398/302/8 399/301/8 400/220/8 149/221/8 143/313/8 141/371/8 137/370/8 139/339/8 146/255/8
f 405/362/8 406/146/8 409/145/8 410/372/8 155/356/8 136/355/8 137/370/8 135/226/8 138/342/8 145/343/8
f 415/432/7 551/133/7 552/19/7 566/156/7 565/138/7 413/404/7 414/401/7 416/402/7
f 419/433/3 553/144/3 554/204/3 568/25/3 567/141/3 417/400/3 418/399/3 420/243/3
f 434/257/93 560/35/93 561/143/93 435/428/93 436/244/93 432/394/93 429/395/93 570/142/93 569/167/93 430/169/93 431/196/93 433/199/93
f 439/421/1 555/137/1 556/65/1 484/52/1 483/98/1 437/422/1 438/426/1 1100/434/1 440/416/1
f 443/411/4 522/13/4 521/30/4 1101/430/4 486/28/4 485/153/4 441/412/4 442/415/4 444/408/4
f 450/328/94 480/330/94 479/12/94 451/410/94 452/409/94 448/414/94 445/413/94 520/154/94 519/157/94 446/159/94 447/188/94 449/191/94
f 458/334/95 558/336/95 559/2/95 459/420/95 460/417/95 456/425/95 453/423/95 564/97/95 563/201/95 454/203/95 455/184/95 457/187/95
f 478/12/96 479/12/96 480/11/96 477/10/96
f 482/98/3 483/98/3 484/52/3 481/52/3
f 486/28/7 487/28/7 488/153/7 485/155/7
f 490/151/18 491/150/18 492/424/18 489/406/18
f 494/418/9 495/419/9 496/51/9 493/88/9
f 498/4/6 499/398/6 500/92/6 497/66/6
f 502/407/2 503/218/2 504/89/2 501/91/2
f 489/406/7 505/138/7 506/156/7 490/210/7
f 508/13/4 492/212/4 491/135/4 507/30/4
f 510/133/7 494/405/7 493/88/7 509/19/7
f 495/95/1 482/98/1 481/52/1 496/51/1
f 512/144/3 502/403/3 501/209/3 511/204/3
f 503/218/4 488/155/4 487/28/4 504/89/4
f 514/1/1 498/4/1 497/66/1 513/65/1
f 499/398/3 515/141/3 516/25/3 500/205/3
f 518/129/97 519/130/97 520/154/97 517/154/97
f 522/13/3 508/13/3 507/30/3 521/30/3
f 524/435/6 525/436/6 526/41/6 523/40/6
f 528/219/2 529/437/2 530/7/2 527/6/2
f 532/96/9 533/438/9 534/85/9 531/84/9
f 536/208/7 534/85/7 533/438/7 535/134/7
f 538/216/1 526/41/1 525/3/1 537/2/1
f 540/58/7 541/60/7 542/140/7 539/439/7
f 523/40/3 543/76/3 544/142/3 524/435/3
f 546/34/3 530/7/3 529/437/3 545/143/3
f 531/84/1 547/26/1 548/97/1 532/96/1
f 550/131/18 540/58/18 539/439/18 549/440/18
f 527/6/4 518/129/4 517/154/4 528/219/4
f 477/10/4 550/94/4 549/211/4 478/12/4
f 555/1/7 514/137/7 513/65/7 556/65/7
f 547/26/98 563/27/98 564/97/98 548/97/98
f 509/19/4 552/19/4 551/133/4 510/133/4
f 426/246/99 557/38/99 536/37/99 535/132/99 628/132/99 1106/132/99 1107/441/99 427/441/99 428/396/99 424/397/99 421/442/99 1114/442/99 1115/140/99 629/139/99 542/139/99 541/14/99 562/162/99 422/164/99 423/192/99 425/195/99
f 558/217/100 538/216/100 537/2/100 559/2/100
f 566/156/1 506/156/1 505/138/1 565/138/1
f 515/141/4 567/141/4 568/25/4 516/25/4
f 570/142/101 544/142/101 543/76/101 569/77/101
f 553/144/1 512/144/1 511/204/1 554/204/1
f 560/35/102 546/34/102 545/143/102 561/143/102
f 432/394/3 418/399/3 417/400/3 429/395/3
f 435/428/3 419/433/3 420/243/3 436/244/3
f 424/397/7 414/401/7 413/404/7 421/442/7
f 427/441/7 415/432/7 416/402/7 428/396/7
f 572/252/26 573/197/26 574/168/26 571/233/26
f 576/346/26 577/258/26 578/198/26 575/251/26
f 580/249/25 581/193/25 582/163/25 579/234/25
f 584/349/25 585/247/25 586/194/25 583/250/25
f 469/362/4 587/361/4 588/146/4 470/146/4
f 581/193/20 423/192/20 422/164/20 582/163/20
f 585/247/20 426/246/20 425/195/20 586/194/20
f 473/145/4 589/314/4 590/372/4 474/363/4
f 573/197/21 431/196/21 430/169/21 574/168/21
f 577/258/21 434/257/21 433/199/21 578/198/21
f 465/222/103 591/222/103 592/223/103 466/223/103
f 461/256/29 593/256/29 594/302/29 462/302/29
f 463/301/104 595/301/104 596/220/104 464/220/104
f 456/425/1 438/426/1 437/422/1 453/423/1
f 459/420/1 439/421/1 440/416/1 460/417/1
f 448/414/4 442/415/4 441/412/4 445/413/4
f 451/410/4 443/411/4 444/408/4 452/409/4
f 598/331/34 599/189/34 600/318/34 597/317/34
f 602/319/34 603/320/34 604/333/34 601/332/34
f 606/337/35 607/185/35 608/322/35 605/321/35
f 610/347/35 611/348/35 612/186/35 609/338/35
f 599/189/19 447/188/19 446/159/19 600/158/19
f 603/329/19 450/328/19 449/191/19 604/190/19
f 607/185/22 455/184/22 454/203/22 608/202/22
f 611/335/22 458/334/22 457/187/22 612/186/22
f 614/231/49 468/231/49 467/230/49 613/230/49
f 475/297/1 615/297/1 616/365/1 476/367/1
f 618/315/1 472/315/1 471/366/1 617/366/1
f 609/147/8 588/146/8 587/362/8 610/373/8
f 583/303/40 594/302/40 593/256/40 584/376/40
f 575/251/41 614/231/41 613/230/41 576/346/41
f 595/301/41 580/304/41 579/352/41 596/351/41
f 591/222/40 572/252/40 571/353/40 592/223/40
f 601/374/8 616/367/8 615/297/8 602/298/8
f 589/145/8 606/148/8 605/364/8 590/363/8
f 617/366/8 598/375/8 597/368/8 618/315/8
f 398/443/109 397/256/109 461/256/109 462/443/109
f 400/444/110 399/301/110 463/301/110 464/444/110
f 402/445/109 401/222/109 465/222/109 466/445/109
f 404/446/110 403/230/110 467/230/110 468/446/110
f 406/447/8 405/362/8 469/362/8 470/447/8
f 408/448/8 407/366/8 471/366/8 472/448/8
f 410/449/8 409/145/8 473/145/8 474/449/8
f 412/450/8 411/297/8 475/297/8 476/450/8
f 702/462/5 697/463/5 723/463/5 735/464/5 724/462/5
f 664/465/4 699/466/4 700/467/4 661/468/4 677/458/4 680/461/4
f 656/469/4 697/463/4 698/470/4 653/471/4 669/452/4 672/455/4
f 651/472/1 652/473/1 668/183/1 667/323/1
f 653/471/4 654/474/4 670/453/4 669/452/4
f 655/475/4 656/469/4 672/455/4 671/454/4
f 657/476/1 658/477/1 674/456/1 673/182/1
f 659/478/1 660/479/1 676/181/1 675/457/1
f 661/468/4 662/480/4 678/459/4 677/458/4
f 663/481/4 664/465/4 680/461/4 679/460/4
f 665/482/1 666/483/1 682/326/1 681/180/1
f 656/469/8 655/475/8 686/475/8 737/484/8 685/469/8
f 659/478/7 704/485/7 718/485/7 707/478/7
f 654/474/5 653/471/5 688/471/5 687/474/5
f 691/486/3 660/479/3 708/479/3 717/486/3
f 654/474/4 701/487/4 702/462/4 655/475/4 671/454/4 670/453/4
f 666/483/1 703/488/1 704/485/1 659/478/1 675/457/1 682/326/1
f 652/473/1 705/489/1 706/490/1 657/476/1 673/182/1 668/183/1
f 660/479/1 691/486/1 692/493/1 665/482/1 681/180/1 676/181/1
f 662/480/4 695/494/4 696/495/4 663/481/4 679/460/4 678/459/4
f 700/496/8 695/497/8 721/497/8 722/496/8
f 701/487/7 654/474/7 687/474/7 725/487/7
f 658/477/1 693/498/1 694/499/1 651/472/1 667/323/1 674/456/1
f 703/488/1 692/493/1 691/500/1 704/501/1
f 699/466/4 696/495/4 695/497/4 700/496/4
f 697/463/4 702/462/4 701/502/4 698/503/4
f 693/498/1 706/490/1 705/504/1 694/505/1
f 652/473/5 651/472/5 690/472/5 689/473/5
f 693/498/7 658/477/7 683/477/7 741/515/7 727/498/7
f 658/477/8 657/476/8 684/476/8 734/516/8 683/477/8
f 651/472/7 694/499/7 730/499/7 690/472/7
f 660/479/5 659/478/5 707/478/5 708/479/5
f 698/503/8 701/502/8 725/502/8 726/503/8
f 657/476/3 706/490/3 728/490/3 742/517/3 684/476/3
f 662/480/5 661/468/5 709/468/5 710/480/5
f 705/489/3 652/473/3 689/473/3 729/489/3
f 664/465/8 663/481/8 711/481/8 736/518/8 712/465/8
f 706/490/5 693/498/5 727/498/5 740/519/5 728/490/5
f 699/466/3 664/465/3 712/465/3 743/520/3 719/466/3
f 666/483/8 665/482/8 713/482/8 733/521/8 714/483/8
f 692/493/5 703/488/5 715/488/5 739/522/5 716/493/5
f 663/481/7 696/495/7 720/495/7 744/523/7 711/481/7
f 694/505/8 705/504/8 729/504/8 730/505/8
f 695/494/7 662/480/7 710/480/7 721/494/7
f 703/488/7 666/483/7 714/483/7 731/524/7 715/488/7
f 704/501/8 691/500/8 717/500/8 718/501/8
f 661/468/3 700/467/3 722/467/3 709/468/3
f 665/482/3 692/493/3 716/493/3 738/525/3 713/482/3
f 697/463/3 656/469/3 685/469/3 745/526/3 723/463/3
f 653/471/3 698/470/3 726/470/3 688/471/3
f 696/495/5 699/466/5 719/466/5 732/527/5 720/495/5
f 655/475/7 702/462/7 724/462/7 746/528/7 686/475/7
f 839/564/1 840/563/1 842/565/1 841/566/1
f 875/491/4 876/492/4 878/588/4 877/589/4
f 903/597/5 900/598/5 909/598/5 910/597/5
f 902/599/7 903/597/7 910/597/7 911/599/7
f 893/325/4 892/592/4 901/600/4 900/598/4
f 892/592/4 895/327/4 902/599/4 901/600/4
f 895/327/4 894/324/4 903/597/4 902/599/4
f 894/324/4 893/325/4 900/598/4 903/597/4
f 897/593/1 896/594/1 905/601/1 904/602/1
f 896/594/1 899/595/1 906/603/1 905/601/1
f 899/595/1 898/596/1 907/604/1 906/603/1
f 898/596/1 897/593/1 904/602/1 907/604/1
f 905/601/8 906/603/8 915/603/8 912/601/8
f 904/602/7 905/601/7 912/601/7 913/602/7
f 901/600/8 902/599/8 911/599/8 908/600/8
f 906/603/3 907/604/3 914/604/3 915/603/3
f 900/598/3 901/600/3 908/600/3 909/598/3
f 907/604/5 904/602/5 913/602/5 914/604/5
f 938/613/7 939/614/7 946/614/7 947/613/7
f 933/615/5 934/616/5 943/616/5 940/615/5
f 925/605/4 924/606/4 933/615/4 932/617/4
f 924/606/4 927/609/4 934/616/4 933/615/4
f 927/609/4 926/610/4 935/618/4 934/616/4
f 926/610/4 925/605/4 932/617/4 935/618/4
f 929/612/1 928/611/1 937/619/1 936/620/1
f 928/611/1 931/607/1 938/613/1 937/619/1
f 931/607/1 930/608/1 939/614/1 938/613/1
f 930/608/1 929/612/1 936/620/1 939/614/1
f 932/617/7 933/615/7 940/615/7 941/617/7
f 939/614/8 936/620/8 945/620/8 946/614/8
f 934/616/3 935/618/3 942/618/3 943/616/3
f 935/618/8 932/617/8 941/617/8 942/618/8
f 937/619/5 938/613/5 947/613/5 944/619/5
f 936/620/3 937/619/3 944/619/3 945/620/3
f 1003/627/1 973/628/1 972/629/1 984/630/1
f 953/590/1 952/591/1 967/631/1 1027/632/1 995/633/1 1013/634/1 1012/635/1 988/636/1 997/637/1 1008/638/1 1009/639/1 1005/640/1 972/641/1 973/642/1 1026/643/1 1025/644/1 990/645/1 966/646/1
f 951/625/1 953/590/1 966/646/1 965/647/1
f 986/648/4 1019/649/4 1010/650/4 1006/651/4
f 952/591/1 950/621/1 964/652/1 967/631/1
f 956/624/4 954/626/4 971/653/4 983/654/4 1007/655/4 975/656/4 976/657/4 1020/658/4 1000/659/4 1011/660/4 1010/650/4 1019/649/4 987/661/4 1016/662/4 1015/663/4 991/664/4 1024/665/4 970/666/4
f 963/622/4 956/624/4 970/666/4 969/667/4
f 996/668/1 988/636/1 1012/635/1 980/669/1
f 954/626/4 962/623/4 968/670/4 971/653/4
f 1017/671/4 1016/672/4 987/673/4 985/674/4
f 989/675/1 1025/676/1 1026/677/1 1004/678/1
f 982/679/4 975/656/4 1007/655/4 1002/680/4
f 981/681/1 1013/682/1 995/633/1 994/683/1
f 1021/684/4 1020/658/4 976/657/4 1014/685/4
f 993/686/1 1027/687/1 967/631/1 964/652/1
f 966/646/108 990/645/108 999/688/108 965/647/108
f 978/689/4 1011/660/4 1000/659/4 998/690/4
f 1022/691/4 991/692/4 1015/693/4 974/694/4
f 992/695/4 983/696/4 971/653/4 968/670/4
f 977/697/1 1008/638/1 997/637/1 1001/698/1
f 950/621/1 951/625/1 965/647/1 999/688/1 989/675/1 1004/699/1 1003/627/1 984/630/1 1018/700/1 979/701/1 977/697/1 1001/698/1 996/668/1 980/669/1 981/702/1 994/683/1 993/686/1 964/652/1
f 962/623/4 963/622/4 969/667/4 1023/703/4 1022/691/4 974/704/4 1017/671/4 985/705/4 986/648/4 1006/651/4 978/689/4 998/690/4 1021/684/4 1014/685/4 982/679/4 1002/680/4 992/706/4 968/670/4
f 970/666/4 1024/665/4 1023/703/4 969/667/4
f 1018/700/1 1005/640/1 1009/639/1 979/701/1
f 1020/658/5 1021/684/5 1069/684/5 1068/658/5
f 1019/649/5 986/648/5 1064/648/5 1067/649/5
f 991/692/5 1022/691/5 1070/691/5 1073/692/5
f 1025/676/5 989/675/5 1076/675/5 1075/676/5
f 975/656/5 982/679/5 1057/679/5 1047/656/5
f 973/628/5 1003/627/5 1036/627/5 1045/628/5
f 983/696/5 992/695/5 1034/695/5 1078/696/5
f 1005/640/5 1018/700/5 1062/700/5 1039/640/5
f 1008/638/5 977/697/5 1049/697/5 1048/638/5
f 1013/682/5 981/681/5 1053/681/5 1056/682/5
f 1027/687/5 993/686/5 1041/686/5 1081/687/5
f 988/636/5 996/668/5 1030/668/5 1077/636/5
f 1016/672/5 1017/671/5 1061/671/5 1060/672/5
f 1011/660/5 978/689/5 1042/689/5 1052/660/5
f 1223/762/8 1224/763/8 1241/763/8 1238/762/8
f 1229/764/5 1226/765/5 1243/765/5 1244/764/5
f 1219/766/5 1220/767/5 1237/767/5 1234/766/5
f 1230/768/6 1231/769/6 1246/769/6 1247/768/6
f 1203/754/18 1202/753/18 1219/766/18 1218/770/18
f 1202/753/18 1205/755/18 1220/767/18 1219/766/18
f 1205/755/18 1204/756/18 1221/771/18 1220/767/18
f 1204/756/18 1203/754/18 1218/770/18 1221/771/18
f 1207/758/6 1206/757/6 1223/762/6 1222/772/6
f 1206/757/6 1209/80/6 1224/763/6 1223/762/6
f 1209/80/6 1208/81/6 1225/773/6 1224/763/6
f 1208/81/6 1207/758/6 1222/772/6 1225/773/6
f 1211/759/9 1210/82/9 1227/774/9 1226/765/9
f 1210/82/9 1213/45/9 1228/775/9 1227/774/9
f 1213/45/9 1212/46/9 1229/764/9 1228/775/9
f 1212/46/9 1211/759/9 1226/765/9 1229/764/9
f 1215/760/2 1214/78/2 1231/769/2 1230/768/2
f 1214/78/2 1217/79/2 1232/776/2 1231/769/2
f 1217/79/2 1216/761/2 1233/777/2 1232/776/2
f 1216/761/2 1215/760/2 1230/768/2 1233/777/2
f 1233/777/5 1230/768/5 1247/768/5 1248/777/5
f 1220/767/2 1221/771/2 1236/771/2 1237/767/2
f 1227/774/8 1228/775/8 1245/775/8 1242/774/8
f 1224/763/2 1225/773/2 1240/773/2 1241/763/2
f 1231/769/8 1232/776/8 1249/776/8 1246/769/8
f 1228/775/6 1229/764/6 1244/764/6 1245/775/6
f 1232/776/18 1233/777/18 1248/777/18 1249/776/18
f 1218/770/9 1219/766/9 1234/766/9 1235/770/9
f 1222/772/9 1223/762/9 1238/762/9 1239/772/9
f 1221/771/8 1218/770/8 1235/770/8 1236/771/8
f 1226/765/18 1227/774/18 1242/774/18 1243/765/18
f 1225/773/5 1222/772/5 1239/772/5 1240/773/5
f 1261/790/4 1258/791/4 1266/791/4 1267/790/4
f 1260/792/176 1261/790/176 1267/790/176 1277/792/176
f 1251/778/3 1250/779/3 1259/803/3 1258/791/3
f 1250/779/3 1253/751/3 1260/792/3 1259/803/3
f 1253/751/3 1252/752/3 1261/790/3 1260/792/3
f 1252/752/3 1251/778/3 1258/791/3 1261/790/3
f 1254/780/7 1255/781/7 1263/804/7 1262/805/7
f 1255/781/7 1257/787/7 1264/806/7 1263/804/7
f 1257/787/7 1256/784/7 1265/807/7 1264/806/7
f 1256/784/7 1254/780/7 1262/805/7 1265/807/7
f 1319/811/1 1320/812/1 1337/812/1 1336/811/1
f 1263/804/177 1264/806/177 1269/806/177 1285/804/177
f 1262/805/178 1263/804/178 1285/804/178 1282/805/178
f 1259/803/179 1260/792/179 1277/792/179 1274/803/179
f 1264/806/4 1265/807/4 1268/807/4 1269/806/4
f 1258/791/180 1259/803/180 1274/803/180 1266/791/180
f 1265/807/181 1262/805/181 1282/805/181 1268/807/181
f 1312/828/182 1313/829/182 1324/829/182 1329/828/182
f 1292/850/3 1293/834/3 1307/851/3 1306/852/3
f 1293/834/3 1290/835/3 1308/853/3 1307/851/3
f 1290/835/3 1291/819/3 1309/854/3 1308/853/3
f 1291/819/3 1296/855/3 1310/856/3 1309/854/3
f 1296/855/3 1297/814/3 1311/857/3 1310/856/3
f 1297/814/3 1294/815/3 1312/828/3 1311/857/3
f 1294/815/3 1295/858/3 1313/829/3 1312/828/3
f 1295/858/3 1292/850/3 1306/852/3 1313/829/3
f 1298/822/7 1299/817/7 1315/859/7 1314/860/7
f 1299/817/7 1300/861/7 1316/862/7 1315/859/7
f 1300/861/7 1301/830/7 1317/863/7 1316/862/7
f 1301/830/7 1304/831/7 1318/864/7 1317/863/7
f 1304/831/7 1305/825/7 1319/811/7 1318/864/7
f 1305/825/7 1302/824/7 1320/812/7 1319/811/7
f 1302/824/7 1303/821/7 1321/865/7 1320/812/7
f 1303/821/7 1298/822/7 1314/860/7 1321/865/7
f 1306/852/183 1307/851/183 1322/851/183 1323/852/183
f 1320/812/182 1321/865/182 1332/865/182 1337/812/182
f 1313/829/1 1306/852/1 1323/852/1 1324/829/1
f 1314/860/185 1315/859/185 1330/859/185 1331/860/185
f 1307/851/8 1308/853/8 1325/853/8 1322/851/8
f 1321/865/5 1314/860/5 1331/860/5 1332/865/5
f 1308/853/184 1309/854/184 1326/854/184 1325/853/184
f 1315/859/4 1316/862/4 1333/862/4 1330/859/4
f 1309/854/4 1310/856/4 1327/856/4 1326/854/4
f 1316/862/184 1317/863/184 1334/863/184 1333/862/184
f 1310/856/185 1311/857/185 1328/857/185 1327/856/185
f 1317/863/8 1318/864/8 1335/864/8 1334/863/8
f 1311/857/5 1312/828/5 1329/828/5 1328/857/5
f 1318/864/183 1319/811/183 1336/811/183 1335/864/183
f 1369/881/1 1371/882/1 1373/883/1 1367/880/1 1366/879/1 1368/878/1
f 1392/894/3 1395/895/3 1390/890/3 1389/890/3
f 1394/896/3 1392/894/3 1389/890/3 1391/889/3
f 1395/895/1 1392/894/1 1393/894/1 1397/895/1
f 1392/894/8 1394/896/8 1399/896/8 1393/894/8
f 1395/895/3 1396/897/3 1400/888/3 1390/890/3
f 1396/897/5 1395/895/5 1397/895/5 1398/897/5
f 1394/896/4 1396/897/4 1398/897/4 1399/896/4
f 1396/897/3 1394/896/3 1391/889/3 1400/888/3
f 1408/901/4 1407/900/4 1409/899/4 1410/902/4 1412/903/4 1414/904/4
f 1430/914/7 1428/915/7 1425/912/7 1426/911/7
f 1428/915/7 1429/916/7 1427/913/7 1425/912/7
f 1429/916/1 1428/915/1 1431/915/1 1432/916/1
f 1428/915/5 1430/914/5 1433/914/5 1431/915/5
f 1430/914/4 1435/917/4 1434/917/4 1433/914/4
f 1435/917/8 1429/916/8 1432/916/8 1434/917/8
f 1429/916/7 1435/917/7 1436/911/7 1427/913/7
f 1435/917/7 1430/914/7 1426/911/7 1436/911/7
f 1449/934/196 1451/935/196 1447/932/196 1446/931/196
f 1452/936/8 1449/937/8 1446/923/8 1448/922/8
f 1454/938/192 1452/939/192 1448/940/192 1455/941/192
f 1455/941/208 1694/942/208 1456/943/208 1454/938/208
f 1462/946/210 1456/943/210 1466/949/210 1464/950/210
f 1463/947/209 1462/946/209 1464/950/209 1465/951/209
f 1477/958/216 1463/947/216 1465/951/216 1475/955/216
f 1479/959/215 1477/958/215 1475/955/215 1476/956/215
f 1481/961/4 1479/959/4 1476/956/4 1484/962/4
f 1483/963/217 1481/961/217 1484/962/217 1486/964/217
f 1490/966/221 1483/963/221 1486/964/221 1488/965/221
f 1488/965/223 1491/967/223 1494/968/223 1490/966/223
f 1496/971/225 1494/972/225 1491/969/225 1493/970/225
f 1451/935/226 1496/971/226 1498/973/226 1447/932/226
f 1498/973/3 1496/971/3 1493/970/3
f 1500/974/3 1498/973/3 1493/970/3 1502/975/3
f 1501/976/226 1507/977/226 1503/933/226 1500/974/226
f 1500/974/3 1502/975/3 1501/976/3
f 1507/977/196 1509/978/196 1506/930/196 1503/933/196
f 1509/979/8 1510/980/8 1689/925/8 1506/929/8
f 1592/1038/227 1591/1037/227 1593/1039/227 1595/1040/227
f 1591/1037/256 1501/976/256 1502/975/256 1593/1039/256
f 1600/1035/260 1592/1038/260 1595/1040/260 1597/1041/260
f 1602/1043/262 1600/1035/262 1597/1041/262 1599/1042/262
f 1604/1045/1 1602/1043/1 1599/1042/1 1605/1046/1
f 1606/1047/263 1604/1045/263 1605/1046/263 1617/1048/263
f 1613/1050/235 1612/1049/235 1614/1051/235 1616/1052/235
f 1612/1049/264 1606/1047/264 1617/1048/264 1614/1051/264
f 1626/1056/1 1627/1058/1 1631/1059/1 1629/1060/1
f 1628/1057/1 1626/1056/1 1629/1060/1 1630/1061/1
f 1630/1061/3 1629/1060/3 1632/1060/3 1633/1061/3
f 1629/1060/5 1631/1059/5 1634/1059/5 1632/1060/5
f 1631/1059/7 1636/1062/7 1635/1062/7 1634/1059/7
f 1636/1062/8 1630/1061/8 1633/1061/8 1635/1062/8
f 1637/1063/1 1628/1057/1 1630/1061/1 1636/1062/1
f 1627/1058/1 1637/1063/1 1636/1062/1 1631/1059/1
f 1659/1080/4 1660/1082/4 1665/1083/4 1662/1084/4
f 1661/1081/4 1659/1080/4 1662/1084/4 1663/1085/4
f 1663/1085/8 1662/1084/8 1664/1084/8 1669/1085/8
f 1662/1084/7 1665/1083/7 1667/1083/7 1664/1084/7
f 1660/1082/4 1670/1086/4 1666/1087/4 1665/1083/4
f 1665/1083/5 1666/1087/5 1668/1087/5 1667/1083/5
f 1666/1087/3 1663/1085/3 1669/1085/3 1668/1087/3
f 1670/1086/4 1661/1081/4 1663/1085/4 1666/1087/4
f 1694/942/7 1682/1092/7 1681/1090/7 1466/949/7
f 1682/1092/7 1683/1093/7 1681/1090/7
f 1683/1093/272 1613/1050/272 1616/1052/272 1681/1090/272
f 1684/1094/208 1683/1093/208 1682/1092/208 1687/1095/208
f 1510/1021/192 1684/1094/192 1687/1095/192 1689/1096/192
f 1694/942/7 1466/949/7 1456/943/7
f 1795/1178/296 1793/1179/296 1819/1179/296 1820/1178/296
f 1789/1210/294 1787/1208/294 1816/1208/294 1817/1210/294
f 1783/1204/292 1781/1202/292 1813/1202/292 1814/1204/292
f 1797/1216/297 1795/1178/297 1820/1178/297 1821/1216/297
f 1777/1197/290 1775/1196/290 1811/1196/290 1810/1197/290
f 1791/1212/295 1789/1210/295 1817/1210/295 1818/1212/295
f 1785/1206/293 1783/1204/293 1814/1204/293 1815/1206/293
f 1775/1196/1 1797/1216/1 1821/1216/1 1811/1196/1
f 1779/1200/291 1777/1197/291 1810/1197/291 1812/1200/291
f 1793/1179/7 1791/1212/7 1818/1212/7 1819/1179/7
f 1787/1208/4 1785/1206/4 1815/1206/4 1816/1208/4
f 1781/1202/3 1779/1200/3 1812/1200/3 1813/1202/3
f 1892/1220/304 1891/1219/304 1890/1219/304 1893/1220/304
f 1837/1222/8 1836/1221/8 1981/1221/8 1980/1222/8
f 1866/1227/5 1867/1228/5 1998/1228/5 1999/1227/5
f 1845/1230/8 1844/1229/8 1989/1229/8 1988/1230/8
f 1858/1220/5 1860/1221/5 1993/1221/5 1990/1220/5
f 1838/1223/8 1837/1222/8 1980/1222/8 1983/1223/8
f 1867/1228/5 1868/1229/5 2001/1229/5 1998/1228/5
f 1835/1219/8 1845/1230/8 1988/1230/8 1979/1219/8
f 1860/1221/5 1861/1222/5 1992/1222/5 1993/1221/5
f 1839/1224/8 1838/1223/8 1983/1223/8 1982/1224/8
f 1868/1229/5 1869/1230/5 2000/1230/5 2001/1229/5
f 1861/1222/5 1862/1223/5 1995/1223/5 1992/1222/5
f 1840/1225/8 1839/1224/8 1982/1224/8 1985/1225/8
f 1869/1230/5 1859/1219/5 1991/1219/5 2000/1230/5
f 1862/1223/5 1863/1224/5 1994/1224/5 1995/1223/5
f 1841/1226/8 1840/1225/8 1985/1225/8 1984/1226/8
f 1863/1224/5 1864/1225/5 1997/1225/5 1994/1224/5
f 1842/1227/8 1841/1226/8 1984/1226/8 1987/1227/8
f 1834/1220/8 1835/1219/8 1979/1219/8 1978/1220/8
f 1864/1225/5 1865/1226/5 1996/1226/5 1997/1225/5
f 1843/1228/8 1842/1227/8 1987/1227/8 1986/1228/8
f 1836/1221/8 1834/1220/8 1978/1220/8 1981/1221/8
f 1865/1226/5 1866/1227/5 1999/1227/5 1996/1226/5
f 1844/1229/8 1843/1228/8 1986/1228/8 1989/1229/8
f 1859/1219/5 1858/1220/5 1990/1220/5 1991/1219/5
f 1888/1221/351 1892/1220/351 1893/1220/351 1889/1221/351
f 1886/1236/352 1888/1221/352 1889/1221/352 1887/1222/352
f 1884/1223/353 1886/1222/353 1887/1222/353 1885/1223/353
f 1882/1224/354 1884/1223/354 1885/1231/354 1883/1224/354
f 2255/1235/355 1882/1224/355 1883/1224/355 2254/1225/355
f 2257/1226/356 2255/1225/356 2254/1225/356 2256/1226/356
f 2259/1227/357 2257/1226/357 2256/1232/357 2258/1227/357
f 2261/1234/358 2259/1227/358 2258/1227/358 2260/1228/358
f 2263/1229/359 2261/1228/359 2260/1228/359 2262/1229/359
f 2265/1230/360 2263/1229/360 2262/1229/360 2264/1230/360
f 1891/1233/361 2265/1230/361 2264/1230/361 1890/1219/361
f 2296/1329/5 2304/1216/5 2352/1216/5 2344/1329/5
f 2311/1212/8 2301/1210/8 2349/1210/8 2359/1212/8
f 2291/1200/5 2292/1202/5 2340/1202/5 2339/1200/5
f 2295/1179/5 2296/1329/5 2344/1329/5 2343/1179/5
f 2301/1210/8 2298/1218/8 2346/1218/8 2349/1210/8
f 2308/1197/301 2291/1200/301 2339/1200/301 2356/1197/301
f 2310/1212/5 2295/1179/5 2343/1179/5 2358/1212/5
f 2298/1218/8 2313/1330/8 2361/1330/8 2346/1218/8
f 2307/1196/5 2308/1197/5 2356/1197/5 2355/1196/5
f 2333/1331/5 2310/1212/5 2358/1212/5 2348/1331/5
f 2313/1330/8 2318/1332/8 2351/1332/8 2361/1330/8
f 2315/1196/8 2325/1333/8 2353/1333/8 2354/1196/8
f 2315/1196/290 2314/1334/290 2309/1197/290 2306/1196/290
f 2314/1334/291 2316/1335/291 2290/1200/291 2309/1197/291
f 2316/1335/3 2317/1202/3 2293/1202/3 2290/1200/3
f 2317/1202/292 2318/1332/292 2303/1204/292 2293/1202/292
f 2318/1332/293 2313/1330/293 2319/1206/293 2303/1204/293
f 2313/1330/4 2298/1218/4 2320/1218/4 2319/1206/4
f 2298/1218/294 2301/1210/294 2321/1210/294 2320/1218/294
f 2301/1210/295 2311/1212/295 2322/1212/295 2321/1210/295
f 2311/1212/7 2323/1179/7 2294/1179/7 2322/1212/7
f 2323/1179/296 2324/1336/296 2297/1178/296 2294/1179/296
f 2324/1336/297 2325/1333/297 2305/1216/297 2297/1178/297
f 2325/1333/1 2315/1196/1 2306/1196/1 2305/1216/1
f 2308/1197/290 2307/1196/290 2327/1196/290 2326/1197/290
f 2291/1200/291 2308/1197/291 2326/1197/291 2328/1200/291
f 2292/1202/3 2291/1200/3 2328/1200/3 2329/1202/3
f 2330/1204/292 2292/1202/292 2329/1202/292 2302/1204/292
f 2331/1206/293 2330/1204/293 2302/1204/293 2312/1206/293
f 2332/1218/4 2331/1206/4 2312/1206/4 2299/1218/4
f 2333/1331/294 2332/1218/294 2299/1218/294 2300/1210/294
f 2310/1212/295 2333/1331/295 2300/1210/295 2334/1212/295
f 2295/1179/7 2310/1212/7 2334/1212/7 2335/1179/7
f 2296/1329/296 2295/1179/296 2335/1179/296 2336/1178/296
f 2304/1216/297 2296/1329/297 2336/1178/297 2337/1216/297
f 2307/1196/1 2304/1216/1 2337/1216/1 2327/1196/1
f 2314/1334/8 2315/1196/8 2354/1196/8 2357/1334/8
f 2292/1202/5 2330/1204/5 2350/1204/5 2340/1202/5
f 2323/1179/299 2311/1212/299 2359/1212/299 2342/1179/299
f 2304/1216/5 2307/1196/5 2355/1196/5 2352/1216/5
f 2316/1335/299 2314/1334/299 2357/1334/299 2338/1335/299
f 2330/1204/5 2331/1206/5 2360/1206/5 2350/1204/5
f 2324/1336/8 2323/1179/8 2342/1179/8 2345/1336/8
f 2317/1202/298 2316/1335/298 2338/1335/298 2341/1202/298
f 2331/1206/5 2332/1218/5 2347/1218/5 2360/1206/5
f 2325/1333/8 2324/1336/8 2345/1336/8 2353/1333/8
f 2318/1332/8 2317/1202/8 2341/1202/8 2351/1332/8
f 2332/1218/5 2333/1331/5 2348/1331/5 2347/1218/5
f 2407/1369/7 2426/1370/7 2570/1371/7 2603/1372/7
f 2432/1379/3 2395/1411/3 2606/1380/3 2575/1379/3
f 2489/1412/4 2478/1413/4 2614/1413/4 2583/1412/4
f 2657/1350/7 2653/1349/7 2622/1349/7 2591/1350/7
f 2645/1368/1 2638/1414/1 2630/1367/1 2599/1368/1
f 2481/1415/5 2477/1416/5 2610/1417/5 2615/1415/5
f 2650/1418/5 2662/1419/5 2618/1420/5 2623/1421/5
f 2641/1424/5 2637/1425/5 2626/1423/5 2631/1424/5
f 2665/1426/3 2661/1427/3 2586/1428/3 2619/1429/3
f 2649/1430/8 2642/1431/8 2598/1431/8 2595/1432/8
f 2474/1433/1 2485/1434/1 2578/1435/1 2611/1436/1
f 2658/1437/8 2654/1438/8 2590/1438/8 2587/1437/8
f 2387/1439/5 2399/1440/5 2602/1384/5 2607/1441/5
f 2422/1375/8 2428/1376/8 2574/1376/8 2571/1375/8
f 2482/1442/8 2486/1443/8 2582/1443/8 2579/1442/8
f 2634/1444/4 2646/1445/4 2594/1446/4 2627/1447/4
f 2613/1480/406 2475/1481/406 2474/1433/406 2611/1436/406
f 2634/1444/407 2627/1447/407 2629/1457/407 2635/1518/407
f 2635/1518/408 2629/1457/408 2628/1456/408 2636/1519/408
f 2636/1519/409 2628/1456/409 2626/1423/409 2637/1425/409
f 2432/1379/412 2575/1379/412 2577/1378/412 2431/1521/412
f 2431/1521/17 2577/1378/17 2576/1377/17 2429/1522/17
f 2429/1522/413 2576/1377/413 2574/1376/413 2428/1376/413
f 2650/1418/418 2623/1421/418 2625/1465/418 2651/1465/418
f 2651/1465/190 2625/1465/190 2624/1464/190 2652/1527/190
f 2652/1527/419 2624/1464/419 2622/1349/419 2653/1349/419
f 2489/1412/420 2583/1412/420 2585/1475/420 2488/1529/420
f 2488/1529/15 2585/1475/15 2584/1474/15 2487/1530/15
f 2487/1530/421 2584/1474/421 2582/1443/421 2486/1443/421
f 2658/1437/413 2587/1437/413 2589/1460/413 2659/1533/413
f 2659/1533/17 2589/1460/17 2588/1459/17 2660/1534/17
f 2660/1534/412 2588/1459/412 2586/1428/412 2661/1427/412
f 2481/1415/409 2615/1415/409 2617/1477/409 2480/1477/409
f 2480/1477/408 2617/1477/408 2616/1476/408 2479/1529/408
f 2479/1529/407 2616/1476/407 2614/1413/407 2478/1413/407
f 2407/1369/419 2603/1372/419 2605/1386/419 2405/1542/419
f 2405/1542/190 2605/1386/190 2604/1385/190 2401/1543/190
f 2401/1543/418 2604/1385/418 2602/1384/418 2399/1440/418
f 2612/1479/410 2476/1541/410 2475/1481/410 2613/1480/410
f 2610/1417/411 2477/1416/411 2476/1541/411 2612/1479/411
f 2581/1472/416 2483/1532/416 2482/1442/416 2579/1442/416
f 2580/1471/16 2484/1531/16 2483/1532/16 2581/1472/16
f 2578/1435/417 2485/1434/417 2484/1531/417 2580/1471/417
f 2609/1382/422 2389/1382/422 2387/1439/422 2607/1441/422
f 2608/1381/188 2393/1544/188 2389/1382/188 2609/1382/188
f 2606/1380/423 2395/1411/423 2393/1544/423 2608/1381/423
f 2573/1374/415 2423/1524/415 2422/1375/415 2571/1375/415
f 2572/1373/14 2425/1523/14 2423/1524/14 2573/1374/14
f 2570/1371/414 2426/1370/414 2425/1523/414 2572/1373/414
f 2597/1449/421 2648/1539/421 2649/1430/421 2595/1432/421
f 2596/1448/15 2647/1538/15 2648/1539/15 2597/1449/15
f 2594/1446/420 2646/1445/420 2647/1538/420 2596/1448/420
f 2601/1453/417 2644/1526/417 2645/1368/417 2599/1368/417
f 2600/1452/16 2643/1525/16 2644/1526/16 2601/1453/16
f 2598/1431/416 2642/1431/416 2643/1525/416 2600/1452/416
f 2633/1452/411 2640/1452/411 2641/1424/411 2631/1424/411
f 2632/1454/410 2639/1520/410 2640/1452/410 2633/1452/410
f 2630/1367/406 2638/1414/406 2639/1520/406 2632/1454/406
f 2621/1469/423 2664/1537/423 2665/1426/423 2619/1429/423
f 2620/1468/188 2663/1536/188 2664/1537/188 2621/1469/188
f 2618/1420/422 2662/1419/422 2663/1536/422 2620/1468/422
f 2593/1464/414 2656/1527/414 2657/1350/414 2591/1350/414
f 2592/1463/14 2655/1528/14 2656/1527/14 2593/1464/14
f 2590/1438/415 2654/1438/415 2655/1528/415 2592/1463/415
f 2712/1558/5 2737/1559/5 2744/1559/5 2760/1558/5
f 2703/1560/297 2702/1561/297 2750/1561/297 2751/1560/297
f 2709/1562/296 2708/1563/296 2756/1563/296 2757/1562/296
f 2736/1564/8 2713/1565/8 2761/1565/8 2745/1564/8
f 2719/1566/5 2703/1560/5 2751/1560/5 2738/1566/5
f 2707/1567/291 2706/1568/291 2754/1568/291 2755/1567/291
f 2713/1565/290 2712/1558/290 2760/1558/290 2761/1565/290
f 2702/1561/8 2718/1569/8 2739/1569/8 2750/1561/8
f 2698/1570/297 2699/1571/297 2715/1339/297 2714/1340/297
f 2700/1572/290 2701/1573/290 2717/1548/290 2716/1547/290
f 2701/1573/290 2718/1569/290 2691/1549/290 2717/1548/290
f 2719/1566/290 2700/1572/290 2716/1547/290 2690/1550/290
f 2718/1569/291 2702/1561/291 2720/1354/291 2691/1549/291
f 2703/1560/291 2719/1566/291 2690/1550/291 2721/1353/291
f 2702/1561/291 2703/1560/291 2721/1353/291 2720/1354/291
f 2704/1574/292 2705/1575/292 2723/1342/292 2722/1343/292
f 2705/1575/292 2724/1576/292 2693/1551/292 2723/1342/292
f 2725/1577/292 2704/1574/292 2722/1343/292 2692/1552/292
f 2724/1576/293 2706/1568/293 2726/1553/293 2693/1551/293
f 2707/1567/293 2725/1577/293 2692/1552/293 2727/1554/293
f 2706/1568/293 2707/1567/293 2727/1554/293 2726/1553/293
f 2708/1563/294 2709/1562/294 2729/1345/294 2728/1337/294
f 2709/1562/294 2730/1578/294 2695/1344/294 2729/1345/294
f 2731/1579/294 2708/1563/294 2728/1337/294 2694/1338/294
f 2730/1578/295 2710/1580/295 2732/1555/295 2695/1344/295
f 2711/1581/295 2731/1579/295 2694/1338/295 2733/1556/295
f 2710/1580/295 2711/1581/295 2733/1556/295 2732/1555/295
f 2712/1558/296 2713/1565/296 2735/1557/296 2734/1346/296
f 2713/1565/296 2736/1564/296 2697/1341/296 2735/1557/296
f 2737/1559/296 2712/1558/296 2734/1346/296 2696/1347/296
f 2736/1564/297 2698/1570/297 2714/1340/297 2697/1341/297
f 2699/1571/297 2737/1559/297 2696/1347/297 2715/1339/297
f 2730/1578/8 2709/1562/8 2757/1562/8 2743/1578/8
f 2705/1575/294 2704/1574/294 2752/1574/294 2753/1575/294
f 2698/1570/8 2736/1564/8 2745/1564/8 2746/1570/8
f 2699/1571/295 2698/1570/295 2746/1570/295 2747/1571/295
f 2708/1563/5 2731/1579/5 2742/1579/5 2756/1563/5
f 2724/1576/8 2705/1575/8 2753/1575/8 2741/1576/8
f 2737/1559/5 2699/1571/5 2747/1571/5 2744/1559/5
f 2701/1573/292 2700/1572/292 2748/1572/292 2749/1573/292
f 2710/1580/8 2730/1578/8 2743/1578/8 2758/1580/8
f 2704/1574/5 2725/1577/5 2740/1577/5 2752/1574/5
f 2718/1569/8 2701/1573/8 2749/1573/8 2739/1569/8
f 2731/1579/5 2711/1581/5 2759/1581/5 2742/1579/5
f 2706/1568/8 2724/1576/8 2741/1576/8 2754/1568/8
f 2700/1572/5 2719/1566/5 2738/1566/5 2748/1572/5
f 2711/1581/293 2710/1580/293 2758/1580/293 2759/1581/293
f 2725/1577/5 2707/1567/5 2755/1567/5 2740/1577/5
f 2824/1583/3 2826/1584/3 2818/1585/3 2811/1583/3
f 2825/1597/3 2824/1598/3 2811/1598/3 2813/1599/3
f 2823/1600/7 2820/1601/7 2814/1601/7 2812/1602/7
f 2821/1603/8 2822/1604/8 2817/1605/8 2816/1606/8
f 2822/1604/3 2827/1619/3 2815/1619/3 2817/1605/3
f 2828/1626/7 2823/1600/7 2812/1602/7 2810/1614/7
f 2826/1584/406 2829/1612/406 2819/1612/406 2818/1585/406
f 2820/1601/7 2821/1603/7 2816/1606/7 2814/1601/7
f 2827/1619/3 2825/1597/3 2813/1599/3 2815/1619/3
f 2829/1612/7 2828/1626/7 2810/1614/7 2819/1612/7
f 2845/1645/7 2844/1646/7 2858/1587/7 2859/1627/7
f 2846/1647/7 2845/1645/7 2859/1627/7 2860/1628/7
f 2848/1643/3 2847/1648/3 2861/1631/3 2862/1630/3
f 2847/1648/3 2849/1649/3 2863/1632/3 2861/1631/3
f 2850/1650/7 2851/1651/7 2865/1595/7 2864/1596/7
f 2852/1652/3 2853/1653/3 2867/1636/3 2866/1635/3
f 2854/1654/7 2850/1650/7 2864/1596/7 2868/1638/7
f 2853/1653/3 2855/1655/3 2869/1640/3 2867/1636/3
f 2856/1656/7 2854/1654/7 2868/1638/7 2870/1586/7
f 2855/1655/3 2857/1644/3 2871/1642/3 2869/1640/3
f 2849/1649/3 2852/1652/3 2866/1635/3 2863/1632/3
f 2851/1651/7 2846/1647/7 2860/1628/7 2865/1595/7
f 2844/1646/7 2856/1656/7 2870/1586/7 2858/1587/7
f 2857/1644/3 2848/1643/3 2862/1630/3 2871/1642/3
f 2907/1608/8 2906/1674/8 2905/1672/8 2904/1607/8
f 2962/1583/3 2964/1584/3 2956/1585/3 2949/1583/3
f 2963/1597/3 2962/1598/3 2949/1598/3 2951/1599/3
f 2961/1600/7 2958/1601/7 2952/1601/7 2950/1602/7
f 2959/1603/8 2960/1604/8 2955/1605/8 2954/1606/8
f 2960/1604/3 2965/1619/3 2953/1619/3 2955/1605/3
f 2966/1626/7 2961/1600/7 2950/1602/7 2948/1614/7
f 2964/1584/406 2967/1612/406 2957/1612/406 2956/1585/406
f 2958/1601/7 2959/1603/7 2954/1606/7 2952/1601/7
f 2965/1619/3 2963/1597/3 2951/1599/3 2953/1619/3
f 2967/1612/7 2966/1626/7 2948/1614/7 2957/1612/7
f 2983/1645/7 2982/1646/7 2996/1587/7 2997/1627/7
f 2984/1647/7 2983/1645/7 2997/1627/7 2998/1628/7
f 2986/1643/3 2985/1648/3 2999/1631/3 3000/1630/3
f 2985/1648/3 2987/1649/3 3001/1632/3 2999/1631/3
f 2988/1650/7 2989/1651/7 3003/1595/7 3002/1596/7
f 2990/1652/3 2991/1653/3 3005/1636/3 3004/1635/3
f 2992/1654/7 2988/1650/7 3002/1596/7 3006/1638/7
f 2991/1653/3 2993/1655/3 3007/1640/3 3005/1636/3
f 2994/1656/7 2992/1654/7 3006/1638/7 3008/1586/7
f 2993/1655/3 2995/1644/3 3009/1642/3 3007/1640/3
f 2987/1649/3 2990/1652/3 3004/1635/3 3001/1632/3
f 2989/1651/7 2984/1647/7 2998/1628/7 3003/1595/7
f 2982/1646/7 2994/1656/7 3008/1586/7 2996/1587/7
f 2995/1644/3 2986/1643/3 3000/1630/3 3009/1642/3
f 3045/1608/8 3044/1674/8 3043/1672/8 3042/1607/8
f 3079/1682/3 3077/1681/3 3108/1681/3 3109/1682/3
f 3091/1731/450 3089/1729/450 3114/1729/450 3115/1731/450
f 3085/1725/448 3083/1723/448 3111/1723/448 3112/1725/448
f 3093/1733/9 3091/1731/9 3115/1731/9 3116/1733/9
f 3075/1718/451 3073/1717/451 3106/1717/451 3107/1718/451
f 3087/1727/18 3085/1725/18 3112/1725/18 3113/1727/18
f 3081/1721/2 3079/1682/2 3109/1682/2 3110/1721/2
f 3073/1717/446 3093/1733/446 3116/1733/446 3106/1717/446
f 3077/1681/6 3075/1718/6 3107/1718/6 3108/1681/6
f 3089/1729/449 3087/1727/449 3113/1727/449 3114/1729/449
f 3083/1723/447 3081/1721/447 3110/1721/447 3111/1723/447
f 3383/1766/3 3382/1735/3 3181/1735/3 3182/1766/3
f 3215/1781/501 3240/1782/501 3261/1782/501 3259/1781/501
f 3247/1783/502 3224/1784/502 3268/1784/502 3270/1783/502
f 3230/1785/503 3209/1786/503 3253/1786/503 3249/1785/503
f 3218/1787/504 3216/1788/504 3260/1788/504 3262/1787/504
f 3221/1789/505 3223/1790/505 3267/1790/505 3265/1789/505
f 3210/1791/506 3206/1792/506 3250/1792/506 3254/1791/506
f 3213/1793/507 3215/1781/507 3259/1781/507 3257/1793/507
f 3224/1784/508 3222/1794/508 3266/1794/508 3268/1784/508
f 3229/1795/509 3230/1785/509 3249/1785/509 3252/1795/509
f 3216/1788/510 3235/1796/510 3258/1796/510 3260/1788/510
f 3242/1797/511 3221/1789/511 3265/1789/511 3263/1797/511
f 3228/1798/523 3206/1792/523 3227/1715/523 3207/1776/523
f 3230/1785/524 3229/1795/524 3208/1777/524 3205/1711/524
f 3206/1792/525 3210/1791/525 3231/1714/525 3227/1715/525
f 3209/1786/526 3230/1785/526 3205/1711/526 3232/1705/526
f 3233/1799/527 3209/1786/527 3232/1705/527 3211/1706/527
f 3210/1791/528 3234/1800/528 3212/1778/528 3231/1714/528
f 3234/1800/529 3235/1796/529 3214/1779/529 3212/1778/529
f 3213/1793/530 3233/1799/530 3211/1706/530 3236/1716/530
f 3235/1796/531 3216/1788/531 3237/1712/531 3214/1779/531
f 3215/1781/532 3213/1793/532 3236/1716/532 3238/1707/532
f 3216/1788/533 3218/1787/533 3239/1700/533 3237/1712/533
f 3240/1782/534 3215/1781/534 3238/1707/534 3217/1708/534
f 3218/1787/535 3241/1801/535 3220/1699/535 3239/1700/535
f 3242/1797/535 3240/1782/535 3217/1708/535 3219/1780/535
f 3241/1801/536 3222/1794/536 3243/1765/536 3220/1699/536
f 3221/1789/536 3242/1797/536 3219/1780/536 3244/1713/536
f 3222/1794/537 3224/1784/537 3245/1710/537 3243/1765/537
f 3223/1790/537 3221/1789/537 3244/1713/537 3246/1701/537
f 3224/1784/538 3247/1783/538 3226/1709/538 3245/1710/538
f 3248/1802/538 3223/1790/538 3246/1701/538 3225/1702/538
f 3247/1783/539 3228/1798/539 3207/1776/539 3226/1709/539
f 3229/1795/539 3248/1802/539 3225/1702/539 3208/1777/539
f 3209/1786/551 3233/1799/551 3255/1799/551 3253/1786/551
f 3223/1790/552 3248/1802/552 3269/1802/552 3267/1790/552
f 3241/1801/553 3218/1787/553 3262/1787/553 3264/1801/553
f 3234/1800/554 3210/1791/554 3254/1791/554 3256/1800/554
f 3228/1798/555 3247/1783/555 3270/1783/555 3251/1798/555
f 3240/1782/556 3242/1797/556 3263/1797/556 3261/1782/556
f 3235/1796/557 3234/1800/557 3256/1800/557 3258/1796/557
f 3248/1802/558 3229/1795/558 3252/1795/558 3269/1802/558
f 3222/1794/559 3241/1801/559 3264/1801/559 3266/1794/559
f 3233/1799/560 3213/1793/560 3257/1793/560 3255/1799/560
f 3206/1792/561 3228/1798/561 3251/1798/561 3250/1792/561
f 3180/1766/3 3179/1735/3 3375/1735/3 3390/1775/3
f 3390/1775/3 3375/1735/3 3376/1735/3 3389/1766/3
f 3389/1766/3 3376/1735/3 3377/1735/3 3388/1766/3
f 3388/1766/3 3377/1735/3 3378/1804/3 3387/1775/3
f 3387/1775/3 3378/1804/3 3379/1735/3 3386/1775/3
f 3386/1775/3 3379/1735/3 3380/1735/3 3385/1775/3
f 3385/1775/3 3380/1735/3 3381/1804/3 3384/1766/3
f 3384/1766/3 3381/1804/3 3382/1735/3 3383/1766/3
f 3724/1892/291 3722/1893/291 3803/1893/291 3804/1892/291
f 3766/1897/297 3767/1921/297 3768/1922/297 3765/1923/297
f 3770/1896/296 3766/1897/296 3765/1914/296 3769/1915/296
f 3772/1898/7 3770/1896/7 3769/1924/7 3771/1920/7
f 3774/1899/295 3772/1898/295 3771/1920/295 3773/1910/295
f 3776/1900/294 3774/1899/294 3773/1910/294 3775/1911/294
f 3778/1901/4 3776/1900/4 3775/1925/4 3777/1912/4
f 3780/1902/293 3778/1901/293 3777/1912/293 3779/1913/293
f 3782/1903/292 3780/1902/292 3779/1913/292 3781/1918/292
f 3784/1904/3 3782/1903/3 3781/1918/3 3783/1919/3
f 3786/1905/291 3784/1904/291 3783/1908/291 3785/1909/291
f 3788/1906/290 3786/1905/290 3785/1926/290 3787/1916/290
f 3767/1907/1 3788/1906/1 3787/1916/1 3768/1917/1
f 3738/1935/7 3736/1934/7 3810/1934/7 3811/1935/7
f 3732/1932/4 3730/1931/4 3807/1931/4 3808/1932/4
f 3726/1929/3 3724/1892/3 3804/1892/3 3805/1929/3
f 3740/1936/296 3738/1935/296 3811/1935/296 3812/1936/296
f 3720/1928/1 3718/1927/1 3802/1927/1 3801/1928/1
f 3734/1933/294 3732/1932/294 3808/1932/294 3809/1933/294
f 3728/1930/292 3726/1929/292 3805/1929/292 3806/1930/292
f 3718/1927/297 3740/1936/297 3812/1936/297 3802/1927/297
f 3722/1893/290 3720/1928/290 3801/1928/290 3803/1893/290
f 3736/1934/295 3734/1933/295 3809/1933/295 3810/1934/295
f 3730/1931/293 3728/1930/293 3806/1930/293 3807/1931/293
f 3949/1963/5 3948/1964/5 3977/1964/5 3975/1963/5
f 3934/1965/8 3909/1966/8 3957/1966/8 3960/1965/8
f 3956/1967/5 3955/1968/5 3963/1968/5 3959/1967/5
f 3941/1969/8 3940/1970/8 3974/1970/8 3976/1969/8
f 3948/1964/5 3947/1971/5 3979/1971/5 3977/1964/5
f 3955/1968/5 3954/1972/5 3965/1972/5 3963/1968/5
f 3940/1970/8 3939/1973/8 3972/1973/8 3974/1970/8
f 3947/1971/5 3914/1974/5 3962/1974/5 3979/1971/5
f 3954/1972/5 3919/1975/5 3967/1975/5 3965/1972/5
f 3939/1973/8 3922/1976/8 3970/1976/8 3972/1973/8
f 3914/1974/5 3910/1977/5 3958/1977/5 3962/1974/5
f 3919/1975/5 3921/1978/5 3969/1978/5 3967/1975/5
f 3909/1966/1 3934/1965/1 3912/1954/1 3933/1953/1
f 3934/1965/290 3935/1979/290 3916/1955/290 3912/1954/290
f 3935/1979/291 3918/1980/291 3936/1891/291 3916/1955/291
f 3918/1980/3 3920/1981/3 3937/1887/3 3936/1891/3
f 3920/1981/292 3922/1976/292 3938/1884/292 3937/1887/292
f 3922/1976/293 3939/1973/293 3924/1879/293 3938/1884/293
f 3939/1973/4 3940/1970/4 3926/1878/4 3924/1879/4
f 3940/1970/294 3941/1969/294 3928/1956/294 3926/1878/294
f 3941/1969/295 3942/1982/295 3930/1957/295 3928/1956/295
f 3942/1982/7 3932/1983/7 3943/1894/7 3930/1957/7
f 3932/1983/296 3913/1984/296 3944/1889/296 3943/1894/296
f 3913/1984/297 3909/1985/297 3933/1888/297 3944/1889/297
f 3910/1977/297 3914/1974/297 3946/1881/297 3945/1885/297
f 3914/1974/296 3947/1971/296 3931/1880/296 3946/1881/296
f 3947/1971/7 3948/1964/7 3929/1958/7 3931/1880/7
f 3948/1964/295 3949/1963/295 3927/1959/295 3929/1958/295
f 3949/1963/294 3925/1986/294 3950/1895/294 3927/1959/294
f 3925/1986/4 3923/1987/4 3951/1890/4 3950/1895/4
f 3923/1987/293 3921/1978/293 3952/1886/293 3951/1890/293
f 3921/1978/292 3919/1975/292 3953/1883/292 3952/1886/292
f 3919/1975/3 3954/1972/3 3917/1882/3 3953/1883/3
f 3954/1972/291 3955/1968/291 3915/1960/291 3917/1882/291
f 3955/1968/290 3956/1967/290 3911/1961/290 3915/1960/290
f 3956/1967/1 3910/1988/1 3945/1962/1 3911/1961/1
f 3942/1982/8 3941/1969/8 3976/1969/8 3978/1982/8
f 3910/1988/5 3956/1967/5 3959/1967/5 3958/1988/5
f 3935/1979/8 3934/1965/8 3960/1965/8 3964/1979/8
f 3925/1986/5 3949/1963/5 3975/1963/5 3973/1986/5
f 3932/1983/8 3942/1982/8 3978/1982/8 3980/1983/8
f 3918/1980/8 3935/1979/8 3964/1979/8 3966/1980/8
f 3923/1987/5 3925/1986/5 3973/1986/5 3971/1987/5
f 3913/1984/8 3932/1983/8 3980/1983/8 3961/1984/8
f 3920/1981/8 3918/1980/8 3966/1980/8 3968/1981/8
f 3921/1978/5 3923/1987/5 3971/1987/5 3969/1978/5
f 3909/1985/8 3913/1984/8 3961/1984/8 3957/1985/8
f 3922/1976/8 3920/1981/8 3968/1981/8 3970/1976/8
f 4074/1948/5 4075/1942/5 4083/1942/5 4082/1948/5
f 4060/2001/8 4059/1938/8 4085/1938/8 4088/2001/8
f 4047/2002/5 4067/1947/5 4078/1947/5 4095/2002/5
f 4049/1951/5 4074/1948/5 4082/1948/5 4097/1951/5
f 4059/1938/8 4052/1946/8 4100/1946/8 4085/1938/8
f 4066/2003/5 4047/2002/5 4095/2002/5 4094/2003/5
f 4039/1952/5 4049/1951/5 4097/1951/5 4087/1952/5
f 4052/1946/8 4042/2004/8 4090/2004/8 4100/1946/8
f 4045/1944/8 4044/2005/8 4092/2005/8 4093/1944/8
f 4038/1938/5 4039/1952/5 4087/1952/5 4086/1938/5
f 4042/2004/8 4032/2006/8 4080/2006/8 4090/2004/8
f 4044/2005/8 4036/2007/8 4084/2007/8 4092/2005/8
f 4045/1944/1 4053/2002/1 4048/1943/1 4054/1944/1
f 4053/2002/290 4029/1947/290 4055/1947/290 4048/1943/290
f 4029/1947/291 4032/2006/291 4056/1940/291 4055/1947/291
f 4032/2006/3 4042/2004/3 4057/1939/3 4056/1940/3
f 4042/2004/292 4052/1946/292 4058/1946/292 4057/1939/292
f 4052/1946/293 4059/1938/293 4037/1938/293 4058/1946/293
f 4059/1938/4 4060/2001/4 4040/1952/4 4037/1938/4
f 4060/2001/294 4061/1951/294 4050/1951/294 4040/1952/294
f 4061/1951/295 4062/2008/295 4033/1948/295 4050/1951/295
f 4062/2008/7 4036/2007/7 4063/1942/7 4033/1948/7
f 4036/2007/296 4044/2005/296 4064/1941/296 4063/1942/296
f 4044/2005/297 4045/1944/297 4054/1944/297 4064/1941/297
f 4047/2002/1 4066/2003/1 4046/1944/1 4065/1943/1
f 4067/1947/290 4047/2002/290 4065/1943/290 4030/1947/290
f 4068/1940/291 4067/1947/291 4030/1947/291 4031/1940/291
f 4069/1939/3 4068/1940/3 4031/1940/3 4041/1939/3
f 4051/1946/292 4069/1939/292 4041/1939/292 4070/1946/292
f 4038/1938/293 4051/1946/293 4070/1946/293 4071/1938/293
f 4039/1952/4 4038/1938/4 4071/1938/4 4072/1952/4
f 4049/1951/294 4039/1952/294 4072/1952/294 4073/1951/294
f 4074/1948/295 4049/1951/295 4073/1951/295 4034/1948/295
f 4075/1942/7 4074/1948/7 4034/1948/7 4035/1942/7
f 4076/2005/296 4075/1942/296 4035/1942/296 4043/1941/296
f 4066/2003/297 4076/2005/297 4043/1941/297 4046/1944/297
f 4067/1947/5 4068/1940/5 4079/1940/5 4078/1947/5
f 4061/1951/8 4060/2001/8 4088/2001/8 4098/1951/8
f 4075/1942/5 4076/2005/5 4091/2005/5 4083/1942/5
f 4053/2002/8 4045/1944/8 4093/1944/8 4096/2002/8
f 4068/1940/5 4069/1939/5 4089/1939/5 4079/1940/5
f 4062/2008/8 4061/1951/8 4098/1951/8 4081/2008/8
f 4076/2005/5 4066/2003/5 4094/2003/5 4091/2005/5
f 4029/1947/8 4053/2002/8 4096/2002/8 4077/1947/8
f 4069/1939/5 4051/1946/5 4099/1946/5 4089/1939/5
f 4036/2007/8 4062/2008/8 4081/2008/8 4084/2007/8
f 4032/2006/8 4029/1947/8 4077/1947/8 4080/2006/8
f 4051/1946/5 4038/1938/5 4086/1938/5 4099/1946/5
f 4113/1950/8 4114/2009/8 4124/2018/8 4123/2017/8 4122/2016/8 4121/2015/8 4120/2014/8 4119/2013/8 4118/2012/8 4117/2011/8 4116/2010/8 4115/1949/8
usemtl M_Orange
f 194/264/8 195/267/8 196/296/8 193/272/8
f 198/299/8 199/300/8 200/270/8 197/265/8
f 202/280/8 203/281/8 204/382/8 201/381/8
f 206/260/8 207/271/8 208/384/8 205/261/8
f 219/263/8 194/264/8 193/272/8 210/273/8
f 224/393/8 198/299/8 197/265/8 212/266/8
f 207/271/8 222/391/8 214/386/8 208/384/8
f 217/389/8 202/280/8 201/381/8 216/388/8
f 199/300/8 223/392/8 211/269/8 200/270/8
f 221/259/8 206/260/8 205/261/8 213/262/8
f 220/268/8 209/295/8 196/296/8 195/267/8
f 203/281/8 218/390/8 215/387/8 204/382/8
f 816/544/4 815/543/4 818/545/4 817/546/4
f 820/541/1 819/539/1 822/534/1 821/535/1
f 824/550/4 823/549/4 826/551/4 825/552/4
f 828/555/1 827/554/1 830/556/1 829/557/1
f 835/507/1 836/514/1 838/562/1 837/506/1
f 844/568/4 843/567/4 846/569/4 845/570/4
f 856/576/1 855/575/1 858/577/1 857/578/1
f 871/587/4 872/540/4 874/537/4 873/538/4
f 1093/707/4 1092/512/4 1095/513/4 1094/708/4
f 1097/710/1 1096/709/1 1099/510/1 1098/511/1
f 1159/748/152 1174/747/152 1166/742/152 1158/741/152
f 1161/749/153 1175/739/153 1167/740/153 1160/743/153
f 1176/737/154 1162/738/154 1163/745/154 1168/744/154
f 1177/733/155 1164/727/155 1165/732/155 1169/736/155
f 1164/727/156 1178/728/156 1170/731/156 1165/732/156
f 1179/730/157 1161/749/157 1160/743/157 1171/729/157
f 1162/738/158 1180/750/158 1172/746/158 1163/745/158
f 1181/735/159 1159/748/159 1158/741/159 1173/734/159
f 1524/983/8 1526/993/8 1525/991/8 1523/989/8
f 1516/984/8 1524/983/8 1523/989/8 1519/988/8
f 1526/993/8 1528/994/8 1527/995/8 1525/991/8
f 1528/994/8 1579/996/8 1529/997/8 1527/995/8
f 1538/1004/8 1540/1005/8 1539/1002/8 1537/1000/8
f 1579/996/8 1538/1004/8 1537/1000/8 1529/997/8
f 1540/1005/8 1544/1006/8 1541/1007/8 1539/1002/8
f 1544/1006/8 1546/1009/8 1543/1008/8 1541/1007/8
f 1546/1009/8 1548/1010/8 1550/1011/8 1543/1008/8
f 1705/1109/8 1704/1107/8 1706/1111/8 1773/1112/8
f 1704/1107/8 1707/1106/8 1708/1113/8 1706/1111/8
f 1731/1128/8 1765/1129/8 1726/1124/8 1730/1126/8
f 1733/1130/8 1731/1128/8 1730/1126/8 1732/1127/8
f 1735/1131/8 1733/1130/8 1732/1127/8 1734/1132/8
f 1754/1133/8 1735/1131/8 1734/1132/8 1736/1134/8
f 1750/1136/8 1754/1133/8 1736/1134/8 1748/1135/8
f 1765/1129/8 1766/1149/8 1724/1125/8 1726/1124/8
f 1766/1149/8 1705/1109/8 1773/1112/8 1724/1125/8
f 2920/1678/1 2921/1677/1 2917/1676/1 2916/1675/1
f 2923/1624/1 2922/1625/1 2918/1622/1 2919/1623/1
f 3058/1678/1 3059/1677/1 3055/1676/1 3054/1675/1
f 3061/1624/1 3060/1625/1 3056/1622/1 3057/1623/1
f 3697/1871/606 3694/1870/606 3695/1755/606 3696/1737/606
f 3707/1739/607 3698/1740/607 3699/1874/607 3716/1763/607 3706/1758/607
f 3703/1754/608 3700/1757/608 3701/1876/608 3702/1877/608
f 3705/1872/609 3697/1871/609 3696/1737/609 3704/1738/609
f 3709/1753/610 3703/1754/610 3702/1877/610 3708/1760/610
f 3713/1756/611 3710/1759/611 3711/1761/611 3712/1873/611
f 3715/1762/612 3705/1872/612 3704/1738/612 3714/1875/612
f 3694/1870/613 3707/1739/613 3706/1758/613 3695/1755/613
f 3710/1759/614 3709/1753/614 3708/1760/614 3711/1761/614
f 3698/1740/615 3713/1756/615 3712/1873/615 3699/1874/615
f 3700/1757/616 3715/1762/616 3714/1875/616 3701/1876/616
f 4000/1937/4 3999/1938/4 3843/1938/4 3844/1937/4
f 3997/1939/3 3996/1940/3 3840/1940/3 3841/1939/3
f 4004/1941/296 4003/1942/296 3847/1942/296 3848/1941/296
f 3993/1943/1 3994/1944/1 3838/1944/1 3837/1943/1
f 4001/1945/294 4000/1937/294 3844/1937/294 3845/1945/294
f 3998/1946/292 3997/1939/292 3841/1939/292 3842/1946/292
f 3994/1944/297 4004/1941/297 3848/1941/297 3838/1944/297
f 3995/1947/290 3993/1943/290 3837/1943/290 3839/1947/290
f 4002/1948/295 4001/1945/295 3845/1945/295 3846/1948/295
f 3999/1938/293 3998/1946/293 3842/1946/293 3843/1938/293
f 3996/1940/291 3995/1947/291 3839/1947/291 3840/1940/291
f 4003/1942/7 4002/1948/7 3846/1948/7 3847/1942/7
usemtl M_Gris_Metal
f 232/1/1 253/2/1 255/3/1 244/4/1
f 39/5/2 261/6/2 272/7/2 41/8/2
f 25/9/3 259/10/3 296/11/3 61/9/3
f 260/12/3 228/13/3 638/13/3 639/12/3
f 265/14/1 26/15/1 62/15/1 297/16/1
f 21/17/3 171/18/3 123/18/3 54/17/3
f 251/26/3 21/17/3 54/17/3 289/27/3
f 29/33/1 270/34/1 303/35/1 69/33/1
f 27/36/4 266/37/4 299/38/4 65/36/4
f 43/39/6 271/40/6 256/41/6 45/42/6
f 28/43/4 175/44/4 114/44/4 66/43/4
f 1196/45/6 1197/46/6 1212/46/6 1213/45/6
f 267/58/7 31/59/7 26/15/7 265/60/7
f 172/72/4 27/36/4 65/36/4 110/72/4
f 269/76/4 28/43/4 66/43/4 301/77/4
f 1199/78/8 1200/79/8 1217/79/8 1214/78/8
f 1192/80/2 1193/81/2 1208/81/2 1209/80/2
f 1195/82/8 1196/45/8 1213/45/8 1210/82/8
f 35/83/9 249/84/9 268/85/9 37/86/9
f 259/10/4 25/9/4 33/93/4 264/94/4
f 241/95/1 250/96/1 252/97/1 230/98/1
f 171/99/3 191/100/3 88/101/3 123/99/3
f 161/102/10 162/103/10 31/59/10 33/104/10
f 163/105/11 164/106/11 35/83/11 37/86/11
f 165/107/12 166/108/12 43/39/12 45/42/12
f 167/109/13 168/110/13 39/5/13 41/8/13
f 162/111/14 169/112/14 26/15/14 31/59/14
f 170/113/15 161/114/15 33/93/15 25/9/15
f 21/17/16 35/83/16 164/115/16 171/18/16
f 37/86/14 27/36/14 172/72/14 163/116/14
f 41/8/17 29/33/17 173/117/17 167/118/17
f 23/119/15 39/5/15 168/120/15 174/121/15
f 28/43/17 43/39/17 166/122/17 175/44/17
f 45/42/16 22/123/16 176/124/16 165/125/16
f 169/126/1 180/127/1 115/128/1 116/126/1
f 258/129/7 23/119/7 58/119/7 293/130/7
f 264/131/18 33/104/18 31/59/18 267/58/18
f 249/84/1 35/83/1 21/17/1 251/26/1
f 628/132/4 621/133/4 1103/133/4 1106/134/4
f 26/15/1 169/112/1 116/112/1 62/15/1
f 253/2/7 232/137/7 636/1/7 641/2/7
f 620/138/1 629/139/1 1115/140/1 1110/138/1
f 626/141/4 631/142/4 1117/142/4 1112/141/4
f 634/143/1 623/144/1 1105/144/1 1108/143/1
f 230/98/3 252/97/3 650/97/3 643/98/3
f 226/153/7 257/154/7 648/154/7 645/155/7
f 328/192/20 317/193/20 316/194/20 332/195/20
f 334/196/21 325/197/21 324/198/21 340/199/21
f 175/44/4 178/206/4 113/207/4 114/44/4
f 266/208/7 27/36/7 37/86/7 268/85/7
f 173/117/1 29/33/1 69/33/1 111/117/1
f 271/40/3 43/39/3 28/43/3 269/76/3
f 176/124/7 22/123/7 57/123/7 109/124/7
f 261/6/4 39/5/4 23/119/4 258/129/4
f 228/13/4 260/12/4 263/211/4 239/212/4
f 23/119/7 174/121/7 132/121/7 58/119/7
f 174/213/7 190/214/7 107/215/7 132/213/7
f 270/34/3 29/33/3 41/8/3 272/7/3
f 22/123/7 254/216/7 291/217/7 57/123/7
f 170/113/3 25/9/3 61/9/3 129/113/3
f 254/216/1 22/123/1 45/42/1 256/41/1
f 247/218/4 262/219/4 257/154/4 226/155/4
f 1183/243/4 339/244/4 436/244/4 420/243/4
f 190/214/1 188/245/1 130/245/1 107/214/1
f 388/249/25 383/250/25 316/194/25 317/193/25
f 319/222/8 322/231/8 385/251/8 390/252/8
f 390/252/26 385/251/26 324/198/26 325/197/26
f 103/259/3 40/260/3 206/260/3 221/259/3
f 76/261/7 82/262/7 213/262/7 205/261/7
f 87/263/4 32/264/4 194/264/4 219/263/4
f 72/265/3 81/266/3 212/266/3 197/265/3
f 30/267/7 93/268/7 220/268/7 195/267/7
f 80/269/4 73/270/4 200/270/4 211/269/4
f 40/260/2 38/271/2 207/271/2 206/260/2
f 70/272/1 79/273/1 210/273/1 193/272/1
f 118/274/4 185/274/4 177/275/4 112/276/4
f 128/277/2 184/277/2 183/278/2 126/279/2
f 44/280/6 42/281/6 203/281/6 202/280/6
f 117/282/18 186/283/18 185/274/18 118/274/18
f 82/262/4 103/259/4 221/259/4 213/262/4
f 119/284/6 182/285/6 181/286/6 120/286/6
f 102/287/3 179/288/3 170/289/3 129/289/3
f 88/100/4 191/100/4 184/277/4 128/277/4
f 125/290/4 192/291/4 172/292/4 110/292/4
f 112/293/7 177/275/7 176/294/7 109/294/7
f 78/295/3 71/296/3 196/296/3 209/295/3
f 120/286/27 181/286/27 179/288/27 102/288/27
f 182/285/28 119/128/28 115/128/28 180/127/28
f 126/278/29 183/278/29 192/291/29 125/291/29
f 36/299/9 34/300/9 199/300/9 198/299/9
f 311/301/8 314/302/8 383/303/8 388/304/8
f 113/305/30 178/206/30 186/283/30 117/305/30
f 130/245/9 188/245/9 187/306/9 121/307/9
f 122/308/1 189/309/1 173/117/1 111/117/1
f 189/309/31 122/310/31 121/310/31 187/306/31
f 314/302/3 311/301/3 399/301/3 398/302/3
f 322/231/7 319/222/7 401/222/7 404/231/7
f 70/272/8 71/296/8 162/377/8 161/378/8
f 72/265/8 73/270/8 164/379/8 163/380/8
f 74/381/8 75/382/8 166/122/8 165/383/8
f 76/261/8 77/384/8 168/385/8 167/118/8
f 71/296/8 78/295/8 169/126/8 162/377/8
f 79/273/8 70/272/8 161/378/8 170/289/8
f 73/270/8 80/269/8 171/99/8 164/379/8
f 81/266/8 72/265/8 163/380/8 172/292/8
f 82/262/8 76/261/8 167/118/8 173/117/8
f 77/384/8 83/386/8 174/213/8 168/385/8
f 75/382/8 84/387/8 175/44/8 166/122/8
f 85/388/8 74/381/8 165/383/8 176/294/8
f 90/389/8 85/388/8 176/294/8 177/275/8
f 84/387/8 97/390/8 178/206/8 175/44/8
f 87/263/8 79/273/8 170/289/8 179/288/8
f 78/295/8 93/268/8 180/127/8 169/126/8
f 30/267/8 32/264/8 181/286/8 182/285/8
f 34/300/8 36/299/8 183/278/8 184/277/8
f 42/281/8 44/280/8 185/274/8 186/283/8
f 38/271/8 40/260/8 187/306/8 188/245/8
f 93/268/8 30/267/8 182/285/8 180/127/8
f 32/264/8 87/263/8 179/288/8 181/286/8
f 40/260/8 103/259/8 189/309/8 187/306/8
f 83/386/8 59/391/8 190/214/8 174/213/8
f 59/391/8 38/271/8 188/245/8 190/214/8
f 80/269/8 89/392/8 191/100/8 171/99/8
f 89/392/8 34/300/8 184/277/8 191/100/8
f 44/280/8 90/389/8 177/275/8 185/274/8
f 91/393/8 81/266/8 172/292/8 192/291/8
f 36/299/8 91/393/8 192/291/8 183/278/8
f 97/390/8 42/281/8 186/283/8 178/206/8
f 103/259/8 82/262/8 173/117/8 189/309/8
f 83/386/1 77/384/1 208/384/1 214/386/1
f 59/391/3 83/386/3 214/386/3 222/391/3
f 84/387/7 75/382/7 204/382/7 215/387/7
f 38/271/4 59/391/4 222/391/4 207/271/4
f 74/381/4 85/388/4 216/388/4 201/381/4
f 89/392/7 80/269/7 211/269/7 223/392/7
f 85/388/3 90/389/3 217/389/3 216/388/3
f 34/300/1 89/392/1 223/392/1 199/300/1
f 97/390/1 84/387/1 215/387/1 218/390/1
f 71/296/6 70/272/6 193/272/6 196/296/6
f 90/389/1 44/280/1 202/280/1 217/389/1
f 79/273/7 87/263/7 219/263/7 210/273/7
f 73/270/2 72/265/2 197/265/2 200/270/2
f 81/266/1 91/393/1 224/393/1 212/266/1
f 93/268/4 78/295/4 209/295/4 220/268/4
f 75/382/18 74/381/18 201/381/18 204/382/18
f 91/393/49 36/299/49 198/299/49 224/393/49
f 32/264/18 30/267/18 195/267/18 194/264/18
f 77/384/9 76/261/9 205/261/9 208/384/9
f 42/281/29 97/390/29 218/390/29 203/281/29
f 638/13/5 228/13/5 508/13/5 522/13/5
f 339/244/50 335/394/50 432/394/50 436/244/50
f 334/196/51 340/199/51 433/199/51 431/196/51
f 648/154/52 257/154/52 517/154/52 520/154/52
f 258/129/55 293/130/55 519/130/55 518/129/55
f 1184/396/56 1185/397/56 424/397/56 428/396/56
f 328/192/57 332/195/57 425/195/57 423/192/57
f 322/231/61 404/231/61 468/231/61 614/231/61
f 625/398/5 626/141/5 515/141/5 499/398/5
f 1182/399/5 1183/243/5 420/243/5 418/399/5
f 232/1/5 244/4/5 498/4/5 514/1/5
f 247/218/5 226/155/5 488/155/5 503/218/5
f 306/401/5 307/402/5 416/402/5 414/401/5
f 623/144/5 624/403/5 502/403/5 512/144/5
f 634/143/65 1108/143/65 561/143/65 545/143/65
f 303/35/66 270/34/66 546/34/66 560/35/66
f 241/95/5 230/98/5 482/98/5 495/95/5
f 1105/144/5 623/144/5 512/144/5 553/144/5
f 621/133/5 622/405/5 494/405/5 510/133/5
f 269/76/67 301/77/67 569/77/67 543/76/67
f 1117/142/68 631/142/68 544/142/68 570/142/68
f 228/13/5 239/212/5 492/212/5 508/13/5
f 626/141/5 1112/141/5 567/141/5 515/141/5
f 620/138/5 1110/138/5 565/138/5 505/138/5
f 619/406/5 620/138/5 505/138/5 489/406/5
f 253/2/70 641/2/70 559/2/70 537/2/70
f 624/407/5 247/218/5 503/218/5 502/407/5
f 291/217/71 254/216/71 538/216/71 558/217/71
f 299/38/73 266/37/73 536/37/73 557/38/73
f 1103/133/5 621/133/5 510/133/5 551/133/5
f 244/4/5 625/398/5 499/398/5 498/4/5
f 650/97/74 252/97/74 548/97/74 564/97/74
f 251/26/76 289/27/76 563/27/76 547/26/76
f 622/418/5 241/419/5 495/419/5 494/418/5
f 265/14/77 297/16/77 562/16/77 541/14/77
f 239/424/5 619/406/5 489/406/5 492/424/5
f 636/1/5 232/137/5 514/137/5 555/1/5
f 226/153/5 645/155/5 485/155/5 488/153/5
f 230/98/5 643/98/5 483/98/5 482/98/5
f 296/11/92 259/10/92 477/10/92 480/11/92
f 383/303/105 314/302/105 594/302/105 583/303/105
f 632/435/8 255/436/8 525/436/8 524/435/8
f 385/251/107 322/231/107 614/231/107 575/251/107
f 256/41/5 271/40/5 523/40/5 526/41/5
f 311/301/107 388/304/107 580/304/107 595/301/107
f 262/219/8 633/437/8 529/437/8 528/219/8
f 319/222/105 390/252/105 572/252/105 591/222/105
f 272/7/5 261/6/5 527/6/5 530/7/5
f 390/252/1 325/197/1 573/197/1 572/252/1
f 250/96/8 627/438/8 533/438/8 532/96/8
f 268/85/5 249/84/5 531/84/5 534/85/5
f 266/208/5 268/85/5 534/85/5 536/208/5
f 324/198/4 385/251/4 575/251/4 578/198/4
f 627/438/8 628/134/8 535/134/8 533/438/8
f 388/249/4 317/193/4 581/193/4 580/249/4
f 254/216/5 256/41/5 526/41/5 538/216/5
f 255/3/8 253/2/8 537/2/8 525/3/8
f 267/58/5 265/60/5 541/60/5 540/58/5
f 629/140/8 630/439/8 539/439/8 542/140/8
f 316/194/1 383/250/1 583/250/1 586/194/1
f 271/40/5 269/76/5 543/76/5 523/40/5
f 631/142/8 632/435/8 524/435/8 544/142/8
f 317/193/4 328/192/4 423/192/4 581/193/4
f 270/34/5 272/7/5 530/7/5 546/34/5
f 633/437/8 634/143/8 545/143/8 529/437/8
f 249/84/5 251/26/5 547/26/5 531/84/5
f 332/195/1 316/194/1 586/194/1 425/195/1
f 252/97/8 250/96/8 532/96/8 548/97/8
f 264/131/5 267/58/5 540/58/5 550/131/5
f 325/197/1 334/196/1 431/196/1 573/197/1
f 630/439/8 263/440/8 549/440/8 539/439/8
f 261/6/5 258/129/5 518/129/5 527/6/5
f 257/154/8 262/219/8 528/219/8 517/154/8
f 340/199/4 324/198/4 578/198/4 433/199/4
f 259/10/5 264/94/5 550/94/5 477/10/5
f 401/222/111 319/222/111 591/222/111 465/222/111
f 263/211/8 260/12/8 478/12/8 549/211/8
f 314/302/36 398/302/36 462/302/36 594/302/36
f 399/301/114 311/301/114 595/301/114 463/301/114
f 260/12/116 639/12/116 479/12/116 478/12/116
f 621/133/7 628/132/7 627/438/7 622/418/7
f 619/406/7 630/439/7 629/140/7 620/138/7
f 623/144/3 634/143/3 633/437/3 624/407/3
f 625/398/3 632/435/3 631/142/3 626/141/3
f 916/605/7 917/606/7 924/606/7 925/605/7
f 922/607/7 923/608/7 930/608/7 931/607/7
f 909/598/4 908/600/4 917/606/4 916/605/4
f 908/600/4 911/599/4 918/609/4 917/606/4
f 911/599/4 910/597/4 919/610/4 918/609/4
f 910/597/4 909/598/4 916/605/4 919/610/4
f 913/602/1 912/601/1 921/611/1 920/612/1
f 912/601/1 915/603/1 922/607/1 921/611/1
f 915/603/1 914/604/1 923/608/1 922/607/1
f 914/604/1 913/602/1 920/612/1 923/608/1
f 923/608/8 920/612/8 929/612/8 930/608/8
f 918/609/3 919/610/3 926/610/3 927/609/3
f 919/610/8 916/605/8 925/605/8 926/610/8
f 921/611/5 922/607/5 931/607/5 928/611/5
f 920/612/3 921/611/3 928/611/3 929/612/3
f 917/606/5 918/609/5 927/609/5 924/606/5
f 1003/627/7 1004/699/7 1037/699/7 1036/627/7
f 1024/665/7 991/664/7 1073/664/7 1072/665/7
f 992/706/3 1002/680/3 1035/680/3 1034/706/3
f 1023/703/8 1024/665/8 1072/665/8 1071/703/8
f 999/688/8 990/645/8 1074/645/8 1083/688/8
f 994/683/8 995/633/8 1033/633/8 1032/683/8
f 1022/691/3 1023/703/3 1071/703/3 1070/691/3
f 989/675/7 999/688/7 1083/688/7 1076/675/7
f 996/668/7 1001/698/7 1031/698/7 1030/668/7
f 1000/659/7 1020/658/7 1068/658/7 1029/659/7
f 998/690/8 1000/659/8 1029/659/8 1028/690/8
f 977/697/7 979/701/7 1082/701/7 1049/697/7
f 1043/651/118 1051/650/118 1052/660/118 1042/689/118
f 1082/701/119 1050/639/119 1048/638/119 1049/697/119
f 1054/669/119 1055/635/119 1056/682/119 1053/681/119
f 1058/685/118 1046/657/118 1047/656/118 1057/679/118
f 1080/694/118 1059/693/118 1060/672/118 1061/671/118
f 1037/678/119 1079/677/119 1045/628/119 1036/627/119
f 1063/630/119 1038/629/119 1039/640/119 1062/700/119
f 1065/674/118 1066/673/118 1067/649/118 1064/648/118
f 1035/680/118 1044/655/118 1078/696/118 1034/695/118
f 1032/683/119 1033/633/119 1081/687/119 1041/686/119
f 1031/698/119 1040/637/119 1077/636/119 1030/668/119
f 1028/690/118 1029/659/118 1068/658/118 1069/684/118
f 1071/703/118 1072/665/118 1073/692/118 1070/691/118
f 1083/688/119 1074/645/119 1075/676/119 1076/675/119
f 972/641/3 1005/640/3 1039/640/3 1038/641/3
f 990/645/3 1025/644/3 1075/644/3 1074/645/3
f 1001/698/8 997/637/8 1040/637/8 1031/698/8
f 993/686/7 994/683/7 1032/683/7 1041/686/7
f 978/689/3 1006/651/3 1043/651/3 1042/689/3
f 1014/685/8 976/657/8 1046/657/8 1058/685/8
f 1002/680/8 1007/655/8 1044/655/8 1035/680/8
f 997/637/3 988/636/3 1077/636/3 1040/637/3
f 976/657/7 975/656/7 1047/656/7 1046/657/7
f 984/630/8 972/629/8 1038/629/8 1063/630/8
f 1009/639/3 1008/638/3 1048/638/3 1050/639/3
f 1026/643/3 973/642/3 1045/642/3 1079/643/3
f 1010/650/7 1011/660/7 1052/660/7 1051/650/7
f 974/694/8 1015/693/8 1059/693/8 1080/694/8
f 981/702/7 980/669/7 1054/669/7 1053/702/7
f 1007/655/7 983/654/7 1078/654/7 1044/655/7
f 980/669/8 1012/635/8 1055/635/8 1054/669/8
f 1004/678/8 1026/677/8 1079/677/8 1037/678/8
f 1012/635/3 1013/634/3 1056/634/3 1055/635/3
f 1017/671/3 974/704/3 1080/704/3 1061/671/3
f 982/679/3 1014/685/3 1058/685/3 1057/679/3
f 1021/684/3 998/690/3 1028/690/3 1069/684/3
f 1015/663/7 1016/662/7 1060/662/7 1059/663/7
f 995/633/3 1027/632/3 1081/632/3 1033/633/3
f 1018/700/7 984/630/7 1063/630/7 1062/700/7
f 979/701/8 1009/639/8 1050/639/8 1082/701/8
f 986/648/3 985/705/3 1065/705/3 1064/648/3
f 985/674/8 987/673/8 1066/673/8 1065/674/8
f 1006/651/8 1010/650/8 1051/650/8 1043/651/8
f 987/661/7 1019/649/7 1067/649/7 1066/661/7
f 307/402/1 1184/396/1 428/396/1 416/402/1
f 1185/397/4 306/401/4 414/401/4 424/397/4
f 1343/751/5 1344/752/5 1252/752/5 1253/751/5
f 335/394/1 1182/399/1 418/399/1 432/394/1
f 239/424/18 263/440/18 1187/753/18 1186/754/18
f 263/440/18 630/439/18 1188/755/18 1187/753/18
f 630/439/18 619/406/18 1189/756/18 1188/755/18
f 619/406/18 239/424/18 1186/754/18 1189/756/18
f 632/435/6 625/398/6 1191/757/6 1190/758/6
f 625/398/6 244/4/6 1192/80/6 1191/757/6
f 244/4/6 255/436/6 1193/81/6 1192/80/6
f 255/436/6 632/435/6 1190/758/6 1193/81/6
f 250/96/9 241/419/9 1195/82/9 1194/759/9
f 241/419/9 622/418/9 1196/45/9 1195/82/9
f 622/418/9 627/438/9 1197/46/9 1196/45/9
f 627/438/9 250/96/9 1194/759/9 1197/46/9
f 262/219/2 247/218/2 1199/78/2 1198/760/2
f 247/218/2 624/407/2 1200/79/2 1199/78/2
f 624/407/2 633/437/2 1201/761/2 1200/79/2
f 633/437/2 262/219/2 1198/760/2 1201/761/2
f 1200/79/18 1201/761/18 1216/761/18 1217/79/18
f 1186/754/9 1187/753/9 1202/753/9 1203/754/9
f 1190/758/9 1191/757/9 1206/757/9 1207/758/9
f 1189/756/8 1186/754/8 1203/754/8 1204/756/8
f 1194/759/18 1195/82/18 1210/82/18 1211/759/18
f 1193/81/5 1190/758/5 1207/758/5 1208/81/5
f 1198/760/6 1199/78/6 1214/78/6 1215/760/6
f 1187/753/5 1188/755/5 1205/755/5 1202/753/5
f 1197/46/5 1194/759/5 1211/759/5 1212/46/5
f 1191/757/8 1192/80/8 1209/80/8 1206/757/8
f 1201/761/5 1198/760/5 1215/760/5 1216/761/5
f 1188/755/2 1189/756/2 1204/756/2 1205/755/2
f 1344/752/1 1338/778/1 1251/778/1 1252/752/1
f 1341/779/4 1343/751/4 1253/751/4 1250/779/4
f 1346/780/4 1349/781/4 1255/781/4 1254/780/4
f 1183/243/3 1182/399/3 1340/782/3 1339/783/3
f 1352/784/5 1346/780/5 1254/780/5 1256/784/5
f 306/401/7 1185/397/7 1353/785/7 1350/786/7
f 1351/787/1 1352/784/1 1256/784/1 1257/787/1
f 1184/396/7 307/402/7 1348/788/7 1347/789/7
f 339/244/3 1183/243/3 1339/793/3 1345/794/3
f 1349/781/8 1351/787/8 1257/787/8 1255/781/8
f 335/394/3 339/244/3 1345/795/3 1342/796/3
f 1182/399/3 335/394/3 1342/797/3 1340/798/3
f 307/402/7 306/401/7 1350/799/7 1348/800/7
f 1185/397/7 1184/396/7 1347/801/7 1353/802/7
f 1341/779/17 1338/778/17 1339/783/17 1340/782/17
f 1345/794/186 1339/793/186 1338/778/186 1344/752/186
f 1343/751/187 1341/779/187 1340/798/187 1342/797/187
f 1344/752/188 1343/751/188 1342/796/188 1345/795/188
f 1347/789/189 1348/788/189 1349/781/189 1346/780/189
f 1346/780/190 1352/784/190 1353/802/190 1347/801/190
f 1351/787/14 1349/781/14 1348/800/14 1350/799/14
f 1350/786/191 1353/785/191 1352/784/191 1351/787/191
f 1338/778/8 1341/779/8 1250/779/8 1251/778/8
f 1453/936/1 1450/937/1 1449/937/1 1452/936/1
f 1450/934/1 1696/935/1 1451/935/1 1449/934/1
f 1457/938/1 1453/939/1 1452/939/1 1454/938/1
f 1459/943/1 1457/938/1 1454/938/1 1456/943/1
f 1457/938/192 1458/944/192 1753/945/192 1453/939/192
f 1460/946/7 1458/944/7 1457/938/7 1459/943/7
f 1460/946/5 1459/943/5 1456/943/5 1462/946/5
f 1458/944/209 1460/946/209 1461/947/209 1756/948/209
f 1461/947/5 1460/946/5 1462/946/5 1463/947/5
f 1480/960/5 1478/958/5 1477/958/5 1479/959/5
f 1478/958/5 1461/947/5 1463/947/5 1477/958/5
f 1482/961/5 1480/960/5 1479/959/5 1481/961/5
f 1771/963/5 1482/961/5 1481/961/5 1483/963/5
f 1495/968/5 1772/966/5 1490/966/5 1494/968/5
f 1497/971/5 1495/972/5 1494/972/5 1496/971/5
f 1696/935/1 1497/971/1 1496/971/1 1451/935/1
f 1590/976/4 1508/977/4 1507/977/4 1501/976/4
f 1508/977/4 1511/978/4 1509/978/4 1507/977/4
f 1511/979/4 1513/980/4 1510/980/4 1509/979/4
f 1508/977/196 1588/981/196 1512/982/196 1511/978/196
f 1517/983/8 1515/984/8 1511/979/8 1512/985/8
f 1513/980/8 1511/979/8 1514/986/8 1553/987/8
f 1515/984/8 1518/988/8 1514/986/8 1511/979/8
f 1518/988/227 1515/984/227 1516/984/227 1519/988/227
f 1515/984/7 1517/983/7 1524/983/7 1516/984/7
f 1520/989/3 1518/988/3 1519/988/3 1523/989/3
f 1518/988/8 1520/989/8 1521/990/8 1514/986/8
f 1520/989/8 1522/991/8 1566/992/8 1521/990/8
f 1522/991/228 1520/989/228 1523/989/228 1525/991/228
f 1530/995/229 1522/991/229 1525/991/229 1527/995/229
f 1532/997/230 1530/995/230 1527/995/230 1529/997/230
f 1522/991/8 1530/995/8 1531/998/8 1566/992/8
f 1530/995/8 1532/997/8 1533/999/8 1531/998/8
f 1532/997/8 1534/1000/8 1535/1001/8 1533/999/8
f 1534/1000/1 1532/997/1 1529/997/1 1537/1000/1
f 1534/1000/8 1536/1002/8 1561/1003/8 1535/1001/8
f 1536/1002/231 1534/1000/231 1537/1000/231 1539/1002/231
f 1542/1007/232 1536/1002/232 1539/1002/232 1541/1007/232
f 1552/1008/233 1542/1007/233 1541/1007/233 1543/1008/233
f 1545/1006/223 1547/1009/223 1546/1009/223 1544/1006/223
f 1575/1005/234 1545/1006/234 1544/1006/234 1540/1005/234
f 1547/1009/3 1549/1010/3 1548/1010/3 1546/1009/3
f 1549/1010/235 1551/1011/235 1550/1011/235 1548/1010/235
f 1551/1011/7 1552/1008/7 1543/1008/7 1550/1011/7
f 1551/1011/8 1549/1010/8 1513/980/8 1553/987/8
f 1552/1008/8 1551/1011/8 1553/987/8 1555/1012/8
f 1542/1007/8 1552/1008/8 1555/1012/8 1556/1013/8
f 1536/1002/8 1542/1007/8 1556/1013/8 1561/1003/8
f 1549/1010/8 1547/1009/8 1568/1014/8 1513/980/8
f 1547/1009/8 1545/1006/8 1570/1015/8 1568/1014/8
f 1568/1016/246 1570/1017/246 1571/1018/246 1569/1019/246
f 1569/1019/192 1686/1020/192 1513/1021/192 1568/1022/192
f 1573/1023/247 1571/1018/247 1570/1015/247 1572/1024/247
f 1545/1006/8 1575/1005/8 1572/1024/8 1570/1015/8
f 1572/1024/248 1574/1025/248 1609/1026/248 1573/1023/248
f 1575/1005/8 1576/1004/8 1574/1025/8 1572/1024/8
f 1576/1004/249 1575/1005/249 1540/1005/249 1538/1004/249
f 1576/1004/8 1577/996/8 1580/1027/8 1574/1025/8
f 1577/996/4 1576/1004/4 1538/1004/4 1579/996/4
f 1577/996/8 1578/994/8 1582/1028/8 1580/1027/8
f 1578/994/250 1577/996/250 1579/996/250 1528/994/250
f 1574/1025/251 1580/1027/251 1581/1029/251 1609/1026/251
f 1580/1027/252 1582/1028/252 1583/1030/252 1581/1029/252
f 1585/1031/253 1583/1030/253 1582/1028/253 1584/1032/253
f 1578/994/8 1586/993/8 1584/1032/8 1582/1028/8
f 1584/1033/254 1512/1034/254 1588/981/254 1585/1031/254
f 1586/993/8 1517/983/8 1512/985/8 1584/1032/8
f 1517/983/209 1586/993/209 1526/993/209 1524/983/209
f 1586/993/255 1578/994/255 1528/994/255 1526/993/255
f 1601/1035/1 1583/1030/1 1585/1031/1 1587/1036/1
f 1588/981/227 1589/1037/227 1587/1036/227 1585/1031/227
f 1589/1037/3 1588/981/3 1508/977/3 1590/976/3
f 1589/1037/5 1590/976/5 1501/976/5 1591/1037/5
f 1587/1036/5 1589/1037/5 1591/1037/5 1592/1038/5
f 1601/1035/5 1587/1036/5 1592/1038/5 1600/1035/5
f 1603/1044/5 1601/1035/5 1600/1035/5 1602/1043/5
f 1607/1045/5 1603/1044/5 1602/1043/5 1604/1045/5
f 1608/1047/5 1607/1045/5 1604/1045/5 1606/1047/5
f 1608/1047/263 1573/1023/263 1609/1026/263 1607/1045/263
f 1607/1045/1 1609/1026/1 1581/1029/1 1603/1044/1
f 1610/1049/1 1571/1018/1 1573/1023/1 1608/1047/1
f 1610/1049/5 1608/1047/5 1606/1047/5 1612/1049/5
f 1571/1018/235 1610/1049/235 1611/1050/235 1569/1019/235
f 1611/1050/5 1610/1049/5 1612/1049/5 1613/1050/5
f 1685/1093/5 1611/1050/5 1613/1050/5 1683/1093/5
f 1686/1020/4 1685/1093/4 1683/1093/4 1684/1094/4
f 1685/1093/7 1686/1020/7 1569/1019/7 1611/1050/7
f 1513/1021/4 1686/1020/4 1684/1094/4 1510/1021/4
f 1603/1044/262 1581/1029/262 1583/1030/262 1601/1035/262
f 1497/971/3 1696/935/3 1697/1100/3 1495/972/3
f 1450/934/196 1699/1101/196 1697/1100/196 1696/935/196
f 1495/968/223 1697/1102/223 1698/1103/223 1772/966/223
f 1699/1104/273 1700/1105/273 1698/1103/273 1697/1102/273
f 1703/1106/8 1701/1107/8 1699/1108/8 1450/937/8
f 1701/1107/8 1702/1109/8 1700/1110/8 1699/1108/8
f 1702/1109/235 1701/1107/235 1704/1107/235 1705/1109/235
f 1701/1107/7 1703/1106/7 1707/1106/7 1704/1107/7
f 1703/1106/223 1709/1113/223 1708/1113/223 1707/1106/223
f 1709/1113/3 1710/1111/3 1706/1111/3 1708/1113/3
f 1709/1113/8 1703/1106/8 1450/937/8 1711/1114/8
f 1710/1111/8 1709/1113/8 1711/1114/8 1714/1115/8
f 1450/937/8 1453/936/8 1712/1116/8 1711/1114/8
f 1723/1112/8 1710/1111/8 1714/1115/8 1715/1117/8
f 1725/1124/8 1722/1125/8 1720/1123/8 1721/1122/8
f 1722/1125/8 1723/1112/8 1715/1117/8 1720/1123/8
f 1723/1112/234 1722/1125/234 1724/1125/234 1773/1112/234
f 1722/1125/278 1725/1124/278 1726/1124/278 1724/1125/278
f 1725/1124/4 1727/1126/4 1730/1126/4 1726/1124/4
f 1727/1126/8 1725/1124/8 1721/1122/8 1729/1121/8
f 1727/1126/279 1728/1127/279 1732/1127/279 1730/1126/279
f 1728/1127/8 1727/1126/8 1729/1121/8 1742/1120/8
f 1728/1127/255 1737/1132/255 1734/1132/255 1732/1127/255
f 1737/1132/209 1738/1134/209 1736/1134/209 1734/1132/209
f 1738/1134/8 1737/1132/8 1739/1119/8 1740/1118/8
f 1737/1132/8 1728/1127/8 1742/1120/8 1739/1119/8
f 1747/1135/8 1738/1134/8 1740/1118/8 1712/1116/8
f 1738/1134/7 1747/1135/7 1748/1135/7 1736/1134/7
f 1747/1135/209 1749/1136/209 1750/1136/209 1748/1135/209
f 1749/1136/8 1747/1135/8 1712/1116/8 1453/936/8
f 1749/1136/3 1751/1133/3 1754/1133/3 1750/1136/3
f 1751/1133/8 1749/1136/8 1453/936/8 1753/1137/8
f 1751/1133/227 1752/1131/227 1735/1131/227 1754/1133/227
f 1752/1131/8 1751/1133/8 1753/1137/8 1755/1138/8
f 1755/1139/284 1753/1140/284 1458/944/284 1756/948/284
f 1756/948/285 1759/1141/285 1757/1142/285 1755/1143/285
f 1760/1130/8 1752/1131/8 1755/1138/8 1757/1144/8
f 1761/1128/8 1760/1130/8 1757/1144/8 1758/1145/8
f 1758/1146/286 1757/1146/286 1759/1141/286 1770/1147/286
f 1752/1131/229 1760/1130/229 1733/1130/229 1735/1131/229
f 1760/1130/230 1761/1128/230 1731/1128/230 1733/1130/230
f 1761/1128/1 1762/1129/1 1765/1129/1 1731/1128/1
f 1762/1129/8 1761/1128/8 1758/1145/8 1764/1148/8
f 1762/1129/231 1763/1149/231 1766/1149/231 1765/1129/231
f 1763/1149/8 1762/1129/8 1764/1148/8 1767/1150/8
f 1763/1149/232 1702/1109/232 1705/1109/232 1766/1149/232
f 1767/1151/287 1764/1151/287 1768/1152/287 1769/1153/287
f 1764/1151/288 1758/1146/288 1770/1147/288 1768/1152/288
f 1771/963/217 1769/1153/217 1768/1152/217 1482/961/217
f 1482/961/4 1768/1152/4 1770/1147/4 1480/960/4
f 1480/960/215 1770/1147/215 1759/1141/215 1478/958/215
f 1772/966/4 1698/1103/4 1769/1153/4 1771/963/4
f 1700/1154/289 1767/1155/289 1769/1153/289 1698/1103/289
f 1772/966/5 1771/963/5 1483/963/5 1490/966/5
f 1702/1109/8 1763/1149/8 1767/1150/8 1700/1110/8
f 1478/958/4 1759/1141/4 1756/948/4 1461/947/4
f 1710/1111/223 1723/1112/223 1773/1112/223 1706/1111/223
f 1774/1184/5 1776/1185/5 1778/1186/5 1780/1187/5 1782/1188/5 1784/1189/5 1786/1190/5 1788/1191/5 1790/1192/5 1792/1193/5 1794/1194/5 1796/1195/5
f 1813/1202/5 1812/1200/5 2268/1200/5 2269/1202/5
f 1831/1179/298 1830/1212/298 2322/1212/298 2294/1179/298
f 1820/1178/5 1819/1179/5 2275/1179/5 2276/1178/5
f 1817/1210/5 1816/1208/5 2272/1208/5 2273/1210/5
f 1814/1204/5 1813/1202/5 2269/1202/5 2270/1204/5
f 1821/1216/5 1820/1178/5 2276/1178/5 2277/1216/5
f 1810/1197/5 1811/1196/5 2267/1196/5 2266/1197/5
f 1818/1212/5 1817/1210/5 2273/1210/5 2274/1212/5
f 1815/1206/5 1814/1204/5 2270/1204/5 2271/1206/5
f 1811/1196/5 1821/1216/5 2277/1216/5 2267/1196/5
f 1812/1200/5 1810/1197/5 2266/1197/5 2268/1200/5
f 1819/1179/5 1818/1212/5 2274/1212/5 2275/1179/5
f 1816/1208/5 1815/1206/5 2271/1206/5 2272/1208/5
f 1849/1202/5 1850/1204/5 2302/1204/5 2329/1202/5
f 1822/1197/8 1823/1196/8 2306/1196/8 2309/1197/8
f 1856/1178/5 1857/1216/5 2337/1216/5 2336/1178/5
f 1830/1212/299 1829/1210/299 2321/1210/299 2322/1212/299
f 1848/1200/300 1849/1202/300 2329/1202/300 2328/1200/300
f 1855/1179/300 1856/1178/300 2336/1178/300 2335/1179/300
f 1829/1210/8 1828/1218/8 2320/1218/8 2321/1210/8
f 1846/1197/5 1848/1200/5 2328/1200/5 2326/1197/5
f 1854/1212/301 1855/1179/301 2335/1179/301 2334/1212/301
f 1828/1218/8 1827/1206/8 2319/1206/8 2320/1218/8
f 1847/1196/5 1846/1197/5 2326/1197/5 2327/1196/5
f 1835/1219/8 1834/1220/8 2278/1197/8 2279/1196/8
f 1834/1220/8 1836/1221/8 2280/1200/8 2278/1197/8
f 1836/1221/8 1837/1222/8 2281/1202/8 2280/1200/8
f 1837/1222/8 1838/1223/8 2282/1204/8 2281/1202/8
f 1838/1223/8 1839/1224/8 2283/1206/8 2282/1204/8
f 1839/1224/8 1840/1225/8 2284/1208/8 2283/1206/8
f 1840/1225/8 1841/1226/8 2285/1210/8 2284/1208/8
f 1841/1226/8 1842/1227/8 2286/1212/8 2285/1210/8
f 1842/1227/8 1843/1228/8 2287/1179/8 2286/1212/8
f 1843/1228/8 1844/1229/8 2288/1178/8 2287/1179/8
f 1844/1229/8 1845/1230/8 2289/1216/8 2288/1178/8
f 1845/1230/8 1835/1219/8 2279/1196/8 2289/1216/8
f 2240/1224/302 2238/1231/302 1903/1223/302 1897/1224/302
f 2246/1227/303 2244/1232/303 1898/1226/303 1905/1227/303
f 2234/1221/305 2230/1220/305 1894/1220/305 1902/1221/305
f 2248/1228/306 2246/1227/306 1905/1227/306 1899/1228/306
f 2242/1225/307 2240/1224/307 1897/1224/307 1904/1225/307
f 2236/1222/308 2234/1221/308 1902/1221/308 1896/1222/308
f 2250/1229/309 2248/1228/309 1899/1228/309 1900/1229/309
f 2238/1223/310 2236/1222/310 1896/1222/310 1903/1223/310
f 2252/1230/311 2250/1229/311 1900/1229/311 1901/1230/311
f 2244/1226/312 2242/1225/312 1904/1225/312 1898/1226/312
f 2233/1219/313 2252/1230/313 1901/1230/313 1895/1219/313
f 1900/1229/314 1899/1228/314 1915/1228/314 1916/1229/314
f 1909/1222/315 1908/1221/315 1920/1221/315 1921/1222/315
f 1898/1226/316 1904/1225/316 1912/1225/316 1913/1226/316
f 1903/1223/317 1896/1222/317 1909/1222/317 1910/1223/317
f 1901/1230/318 1900/1229/318 1916/1229/318 1917/1230/318
f 1894/1220/319 1895/1219/319 1907/1219/319 1906/1220/319
f 1905/1227/320 1898/1226/320 1913/1226/320 1914/1227/320
f 1897/1224/321 1903/1223/321 1910/1223/321 1911/1224/321
f 1895/1219/322 1901/1230/322 1917/1230/322 1907/1219/322
f 1902/1221/323 1894/1220/323 1906/1220/323 1908/1221/323
f 1899/1228/324 1905/1227/324 1914/1227/324 1915/1228/324
f 1904/1225/325 1897/1224/325 1911/1224/325 1912/1225/325
f 1896/1222/326 1902/1221/326 1908/1221/326 1909/1222/326
f 1916/1229/327 1915/1228/327 1927/1228/327 1928/1229/327
f 1913/1226/328 1912/1225/328 1924/1225/328 1925/1226/328
f 1910/1223/329 1909/1222/329 1921/1222/329 1922/1223/329
f 1917/1230/330 1916/1229/330 1928/1229/330 1929/1230/330
f 1906/1220/331 1907/1219/331 1919/1219/331 1918/1220/331
f 1914/1227/332 1913/1226/332 1925/1226/332 1926/1227/332
f 1911/1224/333 1910/1223/333 1922/1223/333 1923/1224/333
f 1907/1219/334 1917/1230/334 1929/1230/334 1919/1219/334
f 1908/1221/335 1906/1220/335 1918/1220/335 1920/1221/335
f 1915/1228/336 1914/1227/336 1926/1227/336 1927/1228/336
f 1912/1225/337 1911/1224/337 1923/1224/337 1924/1225/337
f 1999/1227/8 1974/1227/8 1975/1228/8 1998/1228/8
f 1990/1220/8 1966/1220/8 1968/1221/8 1993/1221/8
f 1984/1226/5 1961/1226/5 1960/1225/5 1985/1225/5
f 1998/1228/8 1975/1228/8 1976/1229/8 2001/1229/8
f 1993/1221/8 1968/1221/8 1969/1222/8 1992/1222/8
f 1987/1227/5 1962/1227/5 1961/1226/5 1984/1226/5
f 2001/1229/8 1976/1229/8 1977/1230/8 2000/1230/8
f 1978/1220/5 1954/1220/5 1955/1219/5 1979/1219/5
f 1992/1222/8 1969/1222/8 1970/1223/8 1995/1223/8
f 1986/1228/5 1963/1228/5 1962/1227/5 1987/1227/5
f 2000/1230/8 1977/1230/8 1967/1219/8 1991/1219/8
f 1981/1221/5 1956/1221/5 1954/1220/5 1978/1220/5
f 1995/1223/8 1970/1223/8 1971/1224/8 1994/1224/8
f 1989/1229/5 1964/1229/5 1963/1228/5 1986/1228/5
f 1980/1222/5 1957/1222/5 1956/1221/5 1981/1221/5
f 1994/1224/8 1971/1224/8 1972/1225/8 1997/1225/8
f 1988/1230/5 1965/1230/5 1964/1229/5 1989/1229/5
f 1983/1223/5 1958/1223/5 1957/1222/5 1980/1222/5
f 1997/1225/8 1972/1225/8 1973/1226/8 1996/1226/8
f 1979/1219/5 1955/1219/5 1965/1230/5 1988/1230/5
f 1982/1224/5 1959/1224/5 1958/1223/5 1983/1223/5
f 1996/1226/8 1973/1226/8 1974/1227/8 1999/1227/8
f 1991/1219/8 1967/1219/8 1966/1220/8 1990/1220/8
f 1985/1225/5 1960/1225/5 1959/1224/5 1982/1224/5
f 1994/1224/4 1997/1225/4 1985/1225/4 1982/1224/4
f 1995/1223/292 1983/1223/292 1980/1222/292 1992/1222/292
f 1993/1221/291 1981/1221/291 1978/1220/291 1990/1220/291
f 1991/1219/1 1979/1219/1 1988/1230/1 2000/1230/1
f 2001/1229/296 1989/1229/296 1986/1228/296 1998/1228/296
f 1999/1227/295 1987/1227/295 1984/1226/295 1996/1226/295
f 2250/1229/340 2252/1230/340 2264/1230/340 2262/1229/340
f 2240/1224/341 2242/1225/341 2254/1225/341 1883/1224/341
f 2233/1219/342 2230/1220/342 1893/1220/342 1890/1219/342
f 2244/1232/345 2246/1227/345 2258/1227/345 2256/1232/345
f 2234/1221/346 2236/1222/346 1887/1222/346 1889/1221/346
f 2230/1220/350 2233/1219/350 1895/1219/350 1894/1220/350
f 2236/1222/363 2238/1223/363 1885/1223/363 1887/1222/363
f 2246/1227/364 2248/1228/364 2260/1228/364 2258/1227/364
f 2252/1230/367 2233/1219/367 1890/1219/367 2264/1230/367
f 2230/1220/368 2234/1221/368 1889/1221/368 1893/1220/368
f 2242/1225/369 2244/1226/369 2256/1226/369 2254/1225/369
f 2238/1231/372 2240/1224/372 1883/1224/372 1885/1231/372
f 2248/1228/373 2250/1229/373 2262/1229/373 2260/1228/373
f 1823/1196/290 1822/1197/290 2266/1197/290 2267/1196/290
f 1822/1197/291 1824/1200/291 2268/1200/291 2266/1197/291
f 1824/1200/3 1825/1202/3 2269/1202/3 2268/1200/3
f 1825/1202/292 1826/1204/292 2270/1204/292 2269/1202/292
f 1826/1204/293 1827/1206/293 2271/1206/293 2270/1204/293
f 1827/1206/4 1828/1218/4 2272/1208/4 2271/1206/4
f 1828/1218/294 1829/1210/294 2273/1210/294 2272/1208/294
f 1829/1210/295 1830/1212/295 2274/1212/295 2273/1210/295
f 1830/1212/7 1831/1179/7 2275/1179/7 2274/1212/7
f 1831/1179/296 1832/1178/296 2276/1178/296 2275/1179/296
f 1832/1178/297 1833/1216/297 2277/1216/297 2276/1178/297
f 1833/1216/1 1823/1196/1 2267/1196/1 2277/1216/1
f 1846/1197/290 1847/1196/290 2279/1196/290 2278/1197/290
f 1848/1200/291 1846/1197/291 2278/1197/291 2280/1200/291
f 1849/1202/3 1848/1200/3 2280/1200/3 2281/1202/3
f 1850/1204/292 1849/1202/292 2281/1202/292 2282/1204/292
f 1851/1206/293 1850/1204/293 2282/1204/293 2283/1206/293
f 1852/1218/4 1851/1206/4 2283/1206/4 2284/1208/4
f 1853/1210/294 1852/1218/294 2284/1208/294 2285/1210/294
f 1854/1212/295 1853/1210/295 2285/1210/295 2286/1212/295
f 1855/1179/7 1854/1212/7 2286/1212/7 2287/1179/7
f 1856/1178/296 1855/1179/296 2287/1179/296 2288/1178/296
f 1857/1216/297 1856/1178/297 2288/1178/297 2289/1216/297
f 1847/1196/1 1857/1216/1 2289/1216/1 2279/1196/1
f 1857/1216/5 1847/1196/5 2327/1196/5 2337/1216/5
f 1824/1200/8 1822/1197/8 2309/1197/8 2290/1200/8
f 1850/1204/5 1851/1206/5 2312/1206/5 2302/1204/5
f 1832/1178/299 1831/1179/299 2294/1179/299 2297/1178/299
f 1825/1202/299 1824/1200/299 2290/1200/299 2293/1202/299
f 1851/1206/5 1852/1218/5 2299/1218/5 2312/1206/5
f 1833/1216/8 1832/1178/8 2297/1178/8 2305/1216/8
f 1826/1204/298 1825/1202/298 2293/1202/298 2303/1204/298
f 1852/1218/5 1853/1210/5 2300/1210/5 2299/1218/5
f 1823/1196/8 1833/1216/8 2305/1216/8 2306/1196/8
f 1827/1206/8 1826/1204/8 2303/1204/8 2319/1206/8
f 1853/1210/5 1854/1212/5 2334/1212/5 2300/1210/5
f 2552/1348/4 2551/1349/4 2510/1350/4 2512/1351/4 2463/1352/4 2471/1352/4
f 2666/1184/5 2669/1185/5 2670/1186/5 2672/1187/5 2675/1188/5 2676/1189/5 2678/1190/5 2681/1191/5 2682/1192/5 2684/1193/5 2687/1194/5 2688/1195/5
f 2472/1364/382 2473/1363/382 2443/1363/382 2444/1364/382
f 2562/1366/7 2561/1367/7 2520/1368/7 2522/1366/7 2465/1363/7 2473/1363/7
f 2409/1365/296 2464/1364/296 2472/1364/296 2433/1365/296
f 2403/1362/294 2462/1361/294 2470/1361/294 2430/1362/294
f 2397/1360/292 2460/1359/292 2468/1359/292 2427/1360/292
f 2459/1355/297 2409/1365/297 2433/1365/297 2467/1355/297
f 2391/1357/290 2458/1356/290 2466/1356/290 2424/1357/290
f 2465/1363/295 2403/1362/295 2430/1362/295 2473/1363/295
f 2463/1352/293 2397/1360/293 2427/1360/293 2471/1352/293
f 2461/1358/291 2391/1357/291 2424/1357/291 2469/1358/291
f 2437/1358/383 2436/1357/383 2448/1357/383 2449/1358/383
f 2470/1361/384 2471/1352/384 2440/1352/384 2441/1361/384
f 2468/1359/385 2469/1358/385 2437/1358/385 2438/1359/385
f 2433/1365/386 2472/1364/386 2444/1364/386 2445/1365/386
f 2466/1356/387 2467/1355/387 2435/1355/387 2434/1356/387
f 2430/1362/388 2470/1361/388 2441/1361/388 2442/1362/388
f 2427/1360/389 2468/1359/389 2438/1359/389 2439/1360/389
f 2467/1355/390 2433/1365/390 2445/1365/390 2435/1355/390
f 2424/1357/391 2466/1356/391 2434/1356/391 2436/1357/391
f 2473/1363/392 2430/1362/392 2442/1362/392 2443/1363/392
f 2471/1352/393 2427/1360/393 2439/1360/393 2440/1352/393
f 2469/1358/394 2424/1357/394 2436/1357/394 2437/1358/394
f 2444/1364/395 2443/1363/395 2455/1363/395 2456/1364/395
f 2441/1361/396 2440/1352/396 2452/1352/396 2453/1361/396
f 2438/1359/397 2437/1358/397 2449/1358/397 2450/1359/397
f 2445/1365/398 2444/1364/398 2456/1364/398 2457/1365/398
f 2434/1356/399 2435/1355/399 2447/1355/399 2446/1356/399
f 2442/1362/400 2441/1361/400 2453/1361/400 2454/1362/400
f 2439/1360/401 2438/1359/401 2450/1359/401 2451/1360/401
f 2435/1355/402 2445/1365/402 2457/1365/402 2447/1355/402
f 2436/1357/403 2434/1356/403 2446/1356/403 2448/1357/403
f 2443/1363/404 2442/1362/404 2454/1362/404 2455/1363/404
f 2440/1352/405 2439/1360/405 2451/1360/405 2452/1352/405
f 2567/1422/7 2566/1423/7 2560/1424/7 2562/1366/7 2473/1363/7 2472/1364/7
f 2502/1482/3 2501/1443/3 2505/1483/3 2507/1484/3 2460/1359/3 2461/1358/3
f 2517/1485/4 2516/1428/4 2555/1429/4 2557/1486/4 2470/1361/4 2462/1361/4
f 2512/1487/4 2511/1438/4 2515/1488/4 2517/1485/4 2462/1361/4 2463/1352/4
f 2542/1489/3 2541/1413/3 2500/1412/3 2502/1490/3 2461/1358/3 2469/1358/3
f 2522/1366/7 2521/1431/7 2525/1450/7 2527/1491/7 2464/1364/7 2465/1363/7
f 2507/1484/3 2506/1435/3 2545/1436/3 2547/1492/3 2468/1359/3 2460/1359/3
f 2532/1493/1 2531/1494/1 2535/1441/1 2537/1495/1 2467/1355/1 2466/1356/1
f 2527/1491/7 2526/1446/7 2565/1447/7 2567/1422/7 2472/1364/7 2464/1364/7
f 2547/1496/3 2546/1416/3 2540/1415/3 2542/1497/3 2469/1358/3 2468/1359/3
f 2537/1495/1 2536/1380/1 2490/1379/1 2492/1495/1 2459/1355/1 2467/1355/1
f 2557/1498/4 2556/1420/4 2550/1418/4 2552/1487/4 2471/1352/4 2470/1361/4
f 2497/1493/1 2496/1371/1 2530/1372/1 2532/1493/1 2466/1356/1 2458/1356/1
f 2490/1379/1 2493/1499/1 2492/1495/1
f 2493/1499/1 2494/1379/1 2492/1495/1
f 2494/1379/1 2491/1379/1 2492/1495/1
f 2495/1375/1 2498/1500/1 2497/1493/1
f 2498/1500/1 2499/1501/1 2497/1493/1
f 2499/1501/1 2496/1371/1 2497/1493/1
f 2500/1412/3 2503/1413/3 2502/1482/3
f 2503/1413/3 2504/1502/3 2502/1482/3
f 2504/1502/3 2501/1412/3 2502/1482/3
f 2505/1442/3 2508/1472/3 2507/1484/3
f 2508/1472/3 2509/1503/3 2507/1484/3
f 2509/1503/3 2506/1435/3 2507/1484/3
f 2510/1350/4 2513/1349/4 2512/1487/4
f 2513/1349/4 2514/1504/4 2512/1487/4
f 2514/1504/4 2511/1350/4 2512/1487/4
f 2515/1437/4 2518/1460/4 2517/1485/4
f 2518/1460/4 2519/1505/4 2517/1485/4
f 2519/1505/4 2516/1506/4 2517/1485/4
f 2520/1368/7 2523/1368/7 2522/1366/7
f 2523/1368/7 2524/1507/7 2522/1366/7
f 2524/1507/7 2521/1368/7 2522/1366/7
f 2525/1432/7 2528/1449/7 2527/1491/7
f 2528/1449/7 2529/1508/7 2527/1491/7
f 2529/1508/7 2526/1446/7 2527/1491/7
f 2530/1387/1 2533/1509/1 2532/1493/1
f 2533/1509/1 2534/1372/1 2532/1493/1
f 2534/1372/1 2531/1372/1 2532/1493/1
f 2535/1439/1 2538/1377/1 2537/1495/1
f 2538/1377/1 2539/1510/1 2537/1495/1
f 2539/1510/1 2536/1380/1 2537/1495/1
f 2540/1415/3 2543/1511/3 2542/1489/3
f 2543/1511/3 2544/1512/3 2542/1489/3
f 2544/1512/3 2541/1413/3 2542/1489/3
f 2545/1433/3 2548/1436/3 2547/1496/3
f 2548/1436/3 2549/1436/3 2547/1496/3
f 2549/1436/3 2546/1436/3 2547/1496/3
f 2550/1418/4 2553/1513/4 2552/1348/4
f 2553/1513/4 2554/1514/4 2552/1348/4
f 2554/1514/4 2551/1349/4 2552/1348/4
f 2555/1470/4 2558/1426/4 2557/1498/4
f 2558/1426/4 2559/1426/4 2557/1498/4
f 2559/1426/4 2556/1426/4 2557/1498/4
f 2560/1424/7 2563/1515/7 2562/1366/7
f 2563/1515/7 2564/1516/7 2562/1366/7
f 2564/1516/7 2561/1367/7 2562/1366/7
f 2565/1458/7 2568/1517/7 2567/1422/7
f 2568/1517/7 2569/1447/7 2567/1422/7
f 2569/1447/7 2566/1447/7 2567/1422/7
f 2638/1414/406 2561/1367/406 2564/1367/406 2639/1520/406
f 2639/1520/410 2564/1367/410 2563/1515/410 2640/1452/410
f 2640/1452/411 2563/1515/411 2560/1424/411 2641/1424/411
f 2426/1370/414 2496/1371/414 2499/1371/414 2425/1523/414
f 2425/1523/14 2499/1371/14 2498/1500/14 2423/1524/14
f 2423/1524/415 2498/1500/415 2495/1375/415 2422/1375/415
f 2642/1431/416 2521/1431/416 2524/1452/416 2643/1525/416
f 2643/1525/16 2524/1452/16 2523/1368/16 2644/1526/16
f 2644/1526/417 2523/1368/417 2520/1368/417 2645/1368/417
f 2654/1438/415 2511/1438/415 2514/1513/415 2655/1528/415
f 2655/1528/14 2514/1513/14 2513/1349/14 2656/1527/14
f 2656/1527/414 2513/1349/414 2510/1350/414 2657/1350/414
f 2485/1434/417 2506/1435/417 2509/1435/417 2484/1531/417
f 2484/1531/16 2509/1435/16 2508/1472/16 2483/1532/16
f 2483/1532/416 2508/1472/416 2505/1442/416 2482/1442/416
f 2662/1419/422 2556/1420/422 2559/1535/422 2663/1536/422
f 2663/1536/188 2559/1535/188 2558/1426/188 2664/1537/188
f 2664/1537/423 2558/1426/423 2555/1470/423 2665/1426/423
f 2646/1445/420 2526/1446/420 2529/1446/420 2647/1538/420
f 2647/1538/15 2529/1446/15 2528/1449/15 2648/1539/15
f 2648/1539/421 2528/1449/421 2525/1432/421 2649/1430/421
f 2477/1416/411 2546/1417/411 2549/1540/411 2476/1541/411
f 2476/1541/410 2549/1540/410 2548/1436/410 2475/1481/410
f 2475/1481/406 2548/1436/406 2545/1433/406 2474/1433/406
f 2395/1411/423 2536/1380/423 2539/1380/423 2393/1544/423
f 2393/1544/188 2539/1380/188 2538/1377/188 2389/1382/188
f 2389/1382/422 2538/1377/422 2535/1439/422 2387/1439/422
f 2492/1495/1 2491/1376/1 2495/1375/1 2497/1493/1 2458/1356/1 2459/1355/1
f 2544/1413/407 2479/1529/407 2478/1413/407 2541/1413/407
f 2543/1511/408 2480/1477/408 2479/1529/408 2544/1413/408
f 2540/1415/409 2481/1415/409 2480/1477/409 2543/1511/409
f 2504/1545/421 2487/1530/421 2486/1443/421 2501/1443/421
f 2503/1413/15 2488/1529/15 2487/1530/15 2504/1545/15
f 2500/1412/420 2489/1412/420 2488/1529/420 2503/1413/420
f 2505/1442/8 2501/1443/8 2486/1443/8 2482/1442/8
f 2545/1433/1 2506/1435/1 2485/1434/1 2474/1433/1
f 2540/1415/5 2546/1417/5 2477/1416/5 2481/1415/5
f 2500/1412/4 2541/1413/4 2478/1413/4 2489/1412/4
f 2534/1546/418 2401/1543/418 2399/1440/418 2531/1384/418
f 2533/1509/190 2405/1542/190 2401/1543/190 2534/1546/190
f 2530/1387/419 2407/1369/419 2405/1542/419 2533/1509/419
f 2494/1382/413 2429/1522/413 2428/1376/413 2491/1376/413
f 2493/1499/17 2431/1521/17 2429/1522/17 2494/1382/17
f 2490/1379/412 2432/1379/412 2431/1521/412 2493/1499/412
f 2495/1375/8 2491/1376/8 2428/1376/8 2422/1375/8
f 2535/1439/5 2531/1384/5 2399/1440/5 2387/1439/5
f 2490/1379/3 2536/1380/3 2395/1411/3 2432/1379/3
f 2530/1387/7 2496/1371/7 2426/1370/7 2407/1369/7
f 2569/1519/409 2636/1519/409 2637/1425/409 2566/1423/409
f 2568/1517/408 2635/1518/408 2636/1519/408 2569/1519/408
f 2565/1458/407 2634/1444/407 2635/1518/407 2568/1517/407
f 2565/1458/4 2526/1446/4 2646/1445/4 2634/1444/4
f 2525/1432/8 2521/1431/8 2642/1431/8 2649/1430/8
f 2560/1424/5 2566/1423/5 2637/1425/5 2641/1424/5
f 2520/1368/1 2561/1367/1 2638/1414/1 2645/1368/1
f 2519/1506/412 2660/1534/412 2661/1427/412 2516/1428/412
f 2518/1460/17 2659/1533/17 2660/1534/17 2519/1506/17
f 2515/1437/413 2658/1437/413 2659/1533/413 2518/1460/413
f 2554/1349/419 2652/1527/419 2653/1349/419 2551/1349/419
f 2553/1513/190 2651/1465/190 2652/1527/190 2554/1349/190
f 2550/1418/418 2650/1418/418 2651/1465/418 2553/1513/418
f 2515/1437/8 2511/1438/8 2654/1438/8 2658/1437/8
f 2555/1470/3 2516/1428/3 2661/1427/3 2665/1426/3
f 2550/1418/5 2556/1420/5 2662/1419/5 2650/1418/5
f 2510/1350/7 2551/1349/7 2653/1349/7 2657/1350/7
f 2808/1586/4 2801/1587/4 2858/1587/4 2870/1586/4
f 2833/1588/4 2900/1589/4 2901/1590/4 2831/1591/4
f 2909/1592/5 2911/1593/5 2833/1588/5 2831/1594/5
f 2803/1595/409 2802/1596/409 2864/1596/409 2865/1595/409
f 2835/1607/7 2838/1608/7 2907/1608/7 2904/1607/7
f 2913/1605/1 2915/1606/1 2911/1593/1 2909/1609/1
f 2792/1585/416 2794/1583/416 2836/1610/416 2902/1611/416
f 2797/1612/416 2792/1585/416 2902/1611/416 2903/1613/416
f 2799/1614/416 2797/1612/416 2903/1613/416 2839/1615/416
f 2794/1598/16 2795/1599/16 2840/1616/16 2836/1617/16
f 2798/1602/16 2799/1614/16 2839/1615/16 2841/1618/16
f 2795/1599/417 2912/1619/417 2908/1620/417 2840/1616/417
f 2914/1601/417 2798/1602/417 2841/1618/417 2910/1621/417
f 2843/1622/7 2834/1623/7 2919/1623/7 2918/1622/7
f 2791/1624/3 2796/1625/3 2922/1625/3 2923/1624/3
f 2797/1612/7 2799/1614/7 2828/1626/7 2829/1612/7
f 2912/1619/3 2795/1599/3 2825/1597/3 2827/1619/3
f 2914/1601/7 2915/1606/7 2821/1603/7 2820/1601/7
f 2792/1585/406 2797/1612/406 2829/1612/406 2826/1584/406
f 2799/1614/7 2798/1602/7 2823/1600/7 2828/1626/7
f 2913/1605/3 2912/1619/3 2827/1619/3 2822/1604/3
f 2915/1606/8 2913/1605/8 2822/1604/8 2821/1603/8
f 2798/1602/7 2914/1601/7 2820/1601/7 2823/1600/7
f 2795/1599/3 2794/1598/3 2824/1598/3 2825/1597/3
f 2794/1583/3 2792/1585/3 2826/1584/3 2824/1583/3
f 2786/1627/7 2801/1587/7 2909/1609/7 2831/149/7
f 2787/1628/7 2786/1627/7 2831/149/7 2901/1629/7
f 2800/1630/3 2789/1631/3 2833/1588/3 2911/1593/3
f 2789/1631/3 2790/1632/3 2900/1589/3 2833/1588/3
f 2802/1596/7 2803/1595/7 2902/1633/7 2836/1634/7
f 2804/1635/3 2805/1636/3 2839/1637/3 2903/1613/3
f 2806/1638/7 2802/1596/7 2836/1634/7 2840/1639/7
f 2805/1636/3 2807/1640/3 2841/1641/3 2839/1637/3
f 2808/1586/7 2806/1638/7 2840/1639/7 2908/1620/7
f 2807/1640/3 2809/1642/3 2910/1621/3 2841/1641/3
f 2790/1632/3 2804/1635/3 2903/1613/3 2900/1589/3
f 2803/1595/7 2787/1628/7 2901/1629/7 2902/1633/7
f 2801/1587/7 2808/1586/7 2908/1620/7 2909/1609/7
f 2809/1642/3 2800/1630/3 2911/1593/3 2910/1621/3
f 2805/1636/409 2804/1635/409 2866/1635/409 2867/1636/409
f 2800/1630/4 2809/1642/4 2871/1642/4 2862/1630/4
f 2802/1596/408 2806/1638/408 2868/1638/408 2864/1596/408
f 2807/1640/408 2805/1636/408 2867/1636/408 2869/1640/408
f 2801/1587/8 2786/1627/8 2859/1627/8 2858/1587/8
f 2806/1638/407 2808/1586/407 2870/1586/407 2868/1638/407
f 2786/1627/1 2787/1628/1 2860/1628/1 2859/1627/1
f 2809/1642/407 2807/1640/407 2869/1640/407 2871/1642/407
f 2789/1631/8 2800/1630/8 2862/1630/8 2861/1631/8
f 2804/1635/5 2790/1632/5 2863/1632/5 2866/1635/5
f 2790/1632/1 2789/1631/1 2861/1631/1 2863/1632/1
f 2787/1628/5 2803/1595/5 2865/1595/5 2860/1628/5
f 2835/1607/8 2832/1672/8 2901/1673/8 2900/1589/8
f 2837/1674/8 2838/1608/8 2903/1613/8 2902/1611/8
f 2838/1608/8 2835/1607/8 2900/1589/8 2903/1613/8
f 2832/1672/8 2837/1674/8 2902/1611/8 2901/1673/8
f 2832/1672/1 2835/1607/1 2904/1607/1 2905/1672/1
f 2837/1674/3 2832/1672/3 2905/1672/3 2906/1674/3
f 2838/1608/4 2837/1674/4 2906/1674/4 2907/1608/4
f 2842/1675/1 2830/1676/1 2909/1609/1 2908/1620/1
f 2834/1623/1 2843/1622/1 2910/1621/1 2911/1593/1
f 2788/1677/1 2793/1678/1 2912/1619/1 2913/1605/1
f 2796/1625/1 2791/1624/1 2915/1606/1 2914/1601/1
f 2830/1676/1 2788/1677/1 2913/1605/1 2909/1609/1
f 2791/1624/1 2834/1623/1 2911/1593/1 2915/1606/1
f 2793/1678/1 2842/1675/1 2908/1620/1 2912/1619/1
f 2843/1622/1 2796/1625/1 2914/1601/1 2910/1621/1
f 2842/1675/5 2793/1678/5 2920/1678/5 2916/1675/5
f 2788/1677/444 2830/1676/444 2917/1676/444 2921/1677/444
f 2793/1678/7 2788/1677/7 2921/1677/7 2920/1678/7
f 2830/1676/3 2842/1675/3 2916/1675/3 2917/1676/3
f 2796/1625/5 2843/1622/5 2918/1622/5 2922/1625/5
f 2834/1623/445 2791/1624/445 2923/1624/445 2919/1623/445
f 2946/1586/4 2939/1587/4 2996/1587/4 3008/1586/4
f 2971/1588/4 3038/1589/4 3039/1590/4 2969/1591/4
f 3047/1592/5 3049/1593/5 2971/1588/5 2969/1594/5
f 2941/1595/409 2940/1596/409 3002/1596/409 3003/1595/409
f 2973/1607/7 2976/1608/7 3045/1608/7 3042/1607/7
f 3051/1605/1 3053/1606/1 3049/1593/1 3047/1609/1
f 2930/1585/416 2932/1583/416 2974/1610/416 3040/1611/416
f 2935/1612/416 2930/1585/416 3040/1611/416 3041/1613/416
f 2937/1614/416 2935/1612/416 3041/1613/416 2977/1615/416
f 2932/1598/16 2933/1599/16 2978/1616/16 2974/1617/16
f 2936/1602/16 2937/1614/16 2977/1615/16 2979/1618/16
f 2933/1599/417 3050/1619/417 3046/1620/417 2978/1616/417
f 3052/1601/417 2936/1602/417 2979/1618/417 3048/1621/417
f 2981/1622/7 2972/1623/7 3057/1623/7 3056/1622/7
f 2929/1624/3 2934/1625/3 3060/1625/3 3061/1624/3
f 2935/1612/7 2937/1614/7 2966/1626/7 2967/1612/7
f 3050/1619/3 2933/1599/3 2963/1597/3 2965/1619/3
f 3052/1601/7 3053/1606/7 2959/1603/7 2958/1601/7
f 2930/1585/406 2935/1612/406 2967/1612/406 2964/1584/406
f 2937/1614/7 2936/1602/7 2961/1600/7 2966/1626/7
f 3051/1605/3 3050/1619/3 2965/1619/3 2960/1604/3
f 3053/1606/8 3051/1605/8 2960/1604/8 2959/1603/8
f 2936/1602/7 3052/1601/7 2958/1601/7 2961/1600/7
f 2933/1599/3 2932/1598/3 2962/1598/3 2963/1597/3
f 2932/1583/3 2930/1585/3 2964/1584/3 2962/1583/3
f 2924/1627/7 2939/1587/7 3047/1609/7 2969/149/7
f 2925/1628/7 2924/1627/7 2969/149/7 3039/1629/7
f 2938/1630/3 2927/1631/3 2971/1588/3 3049/1593/3
f 2927/1631/3 2928/1632/3 3038/1589/3 2971/1588/3
f 2940/1596/7 2941/1595/7 3040/1633/7 2974/1634/7
f 2942/1635/3 2943/1636/3 2977/1637/3 3041/1613/3
f 2944/1638/7 2940/1596/7 2974/1634/7 2978/1639/7
f 2943/1636/3 2945/1640/3 2979/1641/3 2977/1637/3
f 2946/1586/7 2944/1638/7 2978/1639/7 3046/1620/7
f 2945/1640/3 2947/1642/3 3048/1621/3 2979/1641/3
f 2928/1632/3 2942/1635/3 3041/1613/3 3038/1589/3
f 2941/1595/7 2925/1628/7 3039/1629/7 3040/1633/7
f 2939/1587/7 2946/1586/7 3046/1620/7 3047/1609/7
f 2947/1642/3 2938/1630/3 3049/1593/3 3048/1621/3
f 2943/1636/409 2942/1635/409 3004/1635/409 3005/1636/409
f 2938/1630/4 2947/1642/4 3009/1642/4 3000/1630/4
f 2940/1596/408 2944/1638/408 3006/1638/408 3002/1596/408
f 2945/1640/408 2943/1636/408 3005/1636/408 3007/1640/408
f 2939/1587/8 2924/1627/8 2997/1627/8 2996/1587/8
f 2944/1638/407 2946/1586/407 3008/1586/407 3006/1638/407
f 2924/1627/1 2925/1628/1 2998/1628/1 2997/1627/1
f 2947/1642/407 2945/1640/407 3007/1640/407 3009/1642/407
f 2927/1631/8 2938/1630/8 3000/1630/8 2999/1631/8
f 2942/1635/5 2928/1632/5 3001/1632/5 3004/1635/5
f 2928/1632/1 2927/1631/1 2999/1631/1 3001/1632/1
f 2925/1628/5 2941/1595/5 3003/1595/5 2998/1628/5
f 2973/1607/8 2970/1672/8 3039/1673/8 3038/1589/8
f 2975/1674/8 2976/1608/8 3041/1613/8 3040/1611/8
f 2976/1608/8 2973/1607/8 3038/1589/8 3041/1613/8
f 2970/1672/8 2975/1674/8 3040/1611/8 3039/1673/8
f 2970/1672/1 2973/1607/1 3042/1607/1 3043/1672/1
f 2975/1674/3 2970/1672/3 3043/1672/3 3044/1674/3
f 2976/1608/4 2975/1674/4 3044/1674/4 3045/1608/4
f 2980/1675/1 2968/1676/1 3047/1609/1 3046/1620/1
f 2972/1623/1 2981/1622/1 3048/1621/1 3049/1593/1
f 2926/1677/1 2931/1678/1 3050/1619/1 3051/1605/1
f 2934/1625/1 2929/1624/1 3053/1606/1 3052/1601/1
f 2968/1676/1 2926/1677/1 3051/1605/1 3047/1609/1
f 2929/1624/1 2972/1623/1 3049/1593/1 3053/1606/1
f 2931/1678/1 2980/1675/1 3046/1620/1 3050/1619/1
f 2981/1622/1 2934/1625/1 3052/1601/1 3048/1621/1
f 2980/1675/5 2931/1678/5 3058/1678/5 3054/1675/5
f 2926/1677/444 2968/1676/444 3055/1676/444 3059/1677/444
f 2931/1678/7 2926/1677/7 3059/1677/7 3058/1678/7
f 2968/1676/3 2980/1675/3 3054/1675/3 3055/1676/3
f 2934/1625/5 2981/1622/5 3056/1622/5 3060/1625/5
f 2972/1623/445 2929/1624/445 3061/1624/445 3057/1623/445
f 3072/1181/446 3094/1679/446 3184/1680/446 3062/1183/446
f 3077/1681/8 3079/1682/8 3189/1683/8 3097/1684/8
f 3065/1165/2 3080/1685/2 3082/1686/2 3066/1167/2
f 3066/1167/447 3082/1687/447 3084/1688/447 3067/1169/447
f 3067/1169/448 3084/1688/448 3086/1689/448 3068/1171/448
f 3068/1171/18 3086/1690/18 3088/1691/18 3069/1173/18
f 3069/1173/449 3088/1691/449 3090/1692/449 3070/1175/449
f 3070/1175/450 3090/1692/450 3092/1693/450 3071/1177/450
f 3071/1177/9 3092/1694/9 3094/1679/9 3072/1181/9
f 3062/1156/451 3184/1695/451 3076/1696/451 3063/1159/451
f 3063/1159/6 3076/1697/6 3078/1698/6 3064/1161/6
f 3062/1184/5 3063/1185/5 3064/1186/5 3065/1188/5 3066/1189/5 3067/1190/5 3068/1191/5 3069/1192/5 3070/1193/5 3071/1194/5 3072/1195/5
f 3197/1699/452 3195/1700/452 3239/1700/452 3220/1699/452
f 3202/1701/453 3204/1702/453 3225/1702/453 3246/1701/453
f 3078/1703/3 3080/1704/3 3065/1165/3 3064/1161/3
f 3188/1705/454 3098/1706/454 3211/1706/454 3232/1705/454
f 3194/1707/455 3196/1708/455 3217/1708/455 3238/1707/455
f 3203/1709/456 3201/1710/456 3245/1710/456 3226/1709/456
f 3186/1711/457 3188/1705/457 3232/1705/457 3205/1711/457
f 3195/1700/458 3193/1712/458 3237/1712/458 3239/1700/458
f 3200/1713/459 3202/1701/459 3246/1701/459 3244/1713/459
f 3187/1714/460 3183/1715/460 3227/1715/460 3231/1714/460
f 3192/1716/461 3194/1707/461 3238/1707/461 3236/1716/461
f 3109/1682/5 3108/1681/5 3175/1681/5 3176/1682/5
f 3073/1717/8 3075/1718/8 3096/1719/8 3095/1720/8
f 3075/1718/8 3077/1681/8 3097/1684/8 3096/1719/8
f 3079/1682/8 3081/1721/8 3099/1722/8 3189/1683/8
f 3081/1721/8 3083/1723/8 3100/1724/8 3099/1722/8
f 3083/1723/8 3085/1725/8 3101/1726/8 3100/1724/8
f 3085/1725/8 3087/1727/8 3102/1728/8 3101/1726/8
f 3087/1727/8 3089/1729/8 3103/1730/8 3102/1728/8
f 3089/1729/8 3091/1731/8 3104/1732/8 3103/1730/8
f 3091/1731/8 3093/1733/8 3105/1734/8 3104/1732/8
f 3093/1733/8 3073/1717/8 3095/1720/8 3105/1734/8
f 3366/1735/4 3130/1735/4 3181/1735/4 3382/1735/4
f 3480/1725/448 3408/1736/448 3676/1723/448 3677/1725/448
f 3115/1731/5 3114/1729/5 3125/1729/5 3126/1731/5
f 3112/1725/5 3111/1723/5 3122/1723/5 3123/1725/5
f 3116/1733/5 3115/1731/5 3126/1731/5 3127/1733/5
f 3107/1718/5 3106/1717/5 3117/1717/5 3118/1718/5
f 3113/1727/5 3112/1725/5 3123/1725/5 3124/1727/5
f 3110/1721/5 3109/1682/5 3176/1682/5 3121/1721/5
f 3106/1717/5 3116/1733/5 3127/1733/5 3117/1717/5
f 3108/1681/5 3107/1718/5 3118/1718/5 3175/1681/5
f 3114/1729/5 3113/1727/5 3124/1727/5 3125/1729/5
f 3111/1723/5 3110/1721/5 3121/1721/5 3122/1723/5
f 3145/1737/462 3146/1738/462 3704/1738/462 3696/1737/462
f 3178/1739/463 3177/1740/463 3698/1740/463 3707/1739/463
f 3520/1741/9 3464/1742/9 3680/1731/9 3681/1733/9
f 3482/1725/448 3410/1743/448 3407/1723/448 3479/1725/448
f 3522/1741/9 3466/1742/9 3463/1742/9 3519/1741/9
f 3570/1746/18 3482/1747/18 3479/1725/18 3567/1748/18
f 3408/1723/447 3405/1749/447 3675/1721/447 3676/1723/447
f 3547/1717/446 3522/1741/446 3519/1741/446 3550/1750/446
f 3126/1731/450 3125/1729/450 3448/1729/450 3477/1751/450
f 3464/1742/450 3461/1752/450 3679/1729/450 3680/1731/450
f 3691/1729/464 3690/1727/464 3159/1727/464 3160/1729/464
f 3138/1753/465 3137/1754/465 3703/1754/465 3709/1753/465
f 3144/1755/466 3145/1737/466 3696/1737/466 3695/1755/466
f 3177/1740/467 3129/1756/467 3713/1756/467 3698/1740/467
f 3137/1754/468 3136/1757/468 3700/1757/468 3703/1754/468
f 3143/1758/469 3144/1755/469 3695/1755/469 3706/1758/469
f 3129/1756/470 3128/1759/470 3710/1759/470 3713/1756/470
f 3150/1760/471 3139/1761/471 3711/1761/471 3708/1760/471
f 3136/1757/472 3135/1762/472 3715/1762/472 3700/1757/472
f 3142/1763/473 3143/1758/473 3706/1758/473 3716/1763/473
f 3688/1723/474 3687/1721/474 3156/1721/474 3157/1723/474
f 3685/1764/475 3684/1681/475 3153/1681/475 3154/1764/475
f 3692/1731/476 3691/1729/476 3160/1729/476 3161/1731/476
f 3689/1725/477 3688/1723/477 3157/1723/477 3158/1725/477
f 3686/1682/478 3685/1764/478 3154/1764/478 3155/1682/478
f 3693/1733/479 3692/1731/479 3161/1731/479 3162/1733/479
f 3683/1718/480 3682/1717/480 3151/1717/480 3152/1718/480
f 3690/1727/481 3689/1725/481 3158/1725/481 3159/1727/481
f 3687/1721/482 3686/1682/482 3155/1682/482 3156/1721/482
f 3682/1717/483 3693/1733/483 3162/1733/483 3151/1717/483
f 3684/1681/484 3683/1718/484 3152/1718/484 3153/1681/484
f 3201/1710/487 3199/1765/487 3243/1765/487 3245/1710/487
f 3119/1735/3 3120/1766/3 3176/1682/3 3175/1681/3
f 3131/1766/3 3130/1735/3 3673/1681/3 3674/1682/3
f 3424/1767/6 3566/1768/6 3563/1718/6 3426/1769/6
f 3368/1766/3 3367/1770/3 3497/1771/3 3496/1772/3 3498/1682/3 3500/1773/3
f 3120/1766/8 3119/1735/8 3179/1735/8 3180/1766/8
f 3374/1774/1 3120/1766/1 3180/1766/1 3390/1775/1
f 3130/1735/5 3131/1766/5 3182/1766/5 3181/1735/5
f 3074/1776/488 3183/1715/488 3076/1198/488 3184/1199/488
f 3186/1711/488 3185/1777/488 3095/1720/488 3096/1719/488
f 3183/1715/489 3187/1714/489 3078/1201/489 3076/1198/489
f 3188/1705/490 3186/1711/490 3096/1719/490 3097/1684/490
f 3098/1706/491 3188/1705/491 3097/1684/491 3189/1683/491
f 3187/1714/491 3190/1778/491 3080/1205/491 3078/1201/491
f 3190/1778/492 3191/1779/492 3082/1207/492 3080/1205/492
f 3192/1716/493 3098/1706/493 3189/1683/493 3099/1722/493
f 3191/1779/494 3193/1712/494 3084/1209/494 3082/1207/494
f 3194/1707/494 3192/1716/494 3099/1722/494 3100/1724/494
f 3193/1712/495 3195/1700/495 3086/1211/495 3084/1209/495
f 3196/1708/495 3194/1707/495 3100/1724/495 3101/1726/495
f 3195/1700/496 3197/1699/496 3088/1213/496 3086/1211/496
f 3198/1780/496 3196/1708/496 3101/1726/496 3102/1728/496
f 3197/1699/497 3199/1765/497 3090/1214/497 3088/1213/497
f 3200/1713/497 3198/1780/497 3102/1728/497 3103/1730/497
f 3199/1765/498 3201/1710/498 3092/1215/498 3090/1214/498
f 3202/1701/498 3200/1713/498 3103/1730/498 3104/1732/498
f 3201/1710/499 3203/1709/499 3094/1217/499 3092/1215/499
f 3204/1702/499 3202/1701/499 3104/1732/499 3105/1734/499
f 3203/1709/500 3074/1776/500 3184/1199/500 3094/1217/500
f 3185/1777/500 3204/1702/500 3105/1734/500 3095/1720/500
f 3190/1778/512 3187/1714/512 3231/1714/512 3212/1778/512
f 3074/1776/513 3203/1709/513 3226/1709/513 3207/1776/513
f 3196/1708/514 3198/1780/514 3219/1780/514 3217/1708/514
f 3191/1779/515 3190/1778/515 3212/1778/515 3214/1779/515
f 3204/1702/516 3185/1777/516 3208/1777/516 3225/1702/516
f 3199/1765/517 3197/1699/517 3220/1699/517 3243/1765/517
f 3098/1706/518 3192/1716/518 3236/1716/518 3211/1706/518
f 3183/1715/519 3074/1776/519 3207/1776/519 3227/1715/519
f 3198/1780/520 3200/1713/520 3244/1713/520 3219/1780/520
f 3193/1712/521 3191/1779/521 3214/1779/521 3237/1712/521
f 3185/1777/522 3186/1711/522 3205/1711/522 3208/1777/522
f 3131/1766/1 3367/1770/1 3383/1766/1 3182/1766/1
f 3367/1770/1 3368/1766/1 3384/1766/1 3383/1766/1
f 3368/1766/1 3369/1766/1 3385/1775/1 3384/1766/1
f 3369/1766/1 3370/1766/1 3386/1775/1 3385/1775/1
f 3370/1766/1 3371/1803/1 3387/1775/1 3386/1775/1
f 3371/1803/1 3372/1766/1 3388/1766/1 3387/1775/1
f 3372/1766/1 3373/1774/1 3389/1766/1 3388/1766/1
f 3373/1774/1 3374/1774/1 3390/1775/1 3389/1766/1
f 3549/1717/446 3520/1741/446 3681/1733/446 3671/1717/446
f 3120/1766/3 3374/1774/3 3518/1805/3 3517/1806/3 3176/1682/3
f 3374/1774/3 3373/1774/3 3515/1807/3 3514/1682/3 3516/1806/3 3518/1805/3
f 3373/1774/3 3372/1766/3 3512/1808/3 3511/1809/3 3513/1682/3 3515/1810/3
f 3372/1766/3 3371/1803/3 3509/1811/3 3508/1812/3 3510/1809/3 3512/1813/3
f 3371/1803/3 3370/1766/3 3506/1814/3 3505/1809/3 3507/1812/3 3509/1814/3
f 3370/1766/3 3369/1766/3 3503/1815/3 3502/1812/3 3504/1809/3 3506/1814/3
f 3369/1766/3 3368/1766/3 3500/1816/3 3499/1772/3 3501/1817/3 3503/1815/3
f 3445/1818/6 3552/1768/6 3672/1718/6 3673/1681/6
f 3130/1735/3 3366/1735/3 3446/1819/3 3445/1820/3 3673/1681/3
f 3442/1821/6 3554/1768/6 3551/1718/6 3444/1820/6
f 3439/1681/6 3556/1768/6 3553/1718/6 3441/1821/6
f 3436/1681/6 3558/1768/6 3555/1718/6 3438/1681/6
f 3433/1767/6 3560/1822/6 3557/1822/6 3435/1681/6
f 3430/1767/6 3562/1822/6 3559/1823/6 3432/1767/6
f 3359/1735/3 3119/1735/3 3175/1681/3 3423/1767/3 3425/1824/3
f 3478/1825/450 3447/1745/450 3450/1745/450 3475/1751/450
f 3476/1825/450 3449/1826/450 3452/1745/450 3473/1827/450
f 3474/1827/450 3451/1745/450 3454/1729/450 3471/1828/450
f 3472/1828/450 3453/1729/450 3456/1829/450 3469/1731/450
f 3470/1731/450 3455/1830/450 3458/1745/450 3467/1742/450
f 3468/1742/450 3457/1826/450 3460/1729/450 3465/1742/450
f 3466/1742/450 3459/1745/450 3462/1826/450 3463/1742/450
f 3461/1826/449 3568/1748/449 3678/1727/449 3679/1729/449
f 3360/1735/3 3359/1735/3 3425/1824/3 3424/1767/3 3426/1769/3 3428/1831/3
f 3427/1769/6 3564/1822/6 3561/1718/6 3429/1767/6
f 3361/1735/3 3360/1735/3 3428/1831/3 3427/1769/3 3429/1767/3 3431/1832/3
f 3362/1833/3 3361/1735/3 3431/1834/3 3430/1767/3 3432/1767/3 3434/1835/3
f 3363/1735/3 3362/1833/3 3434/1836/3 3433/1767/3 3435/1681/3 3437/1836/3
f 3364/1804/3 3363/1735/3 3437/1836/3 3436/1681/3 3438/1681/3 3440/1837/3
f 3365/1838/3 3364/1804/3 3440/1837/3 3439/1839/3 3441/1821/3 3443/1840/3
f 3366/1735/3 3365/1838/3 3443/1840/3 3442/1841/3 3444/1820/3 3446/1819/3
f 3118/1718/451 3117/1717/451 3536/1842/451 3565/1768/451
f 3117/1717/446 3127/1733/446 3533/1733/446 3536/1717/446
f 3535/1842/446 3534/1733/446 3531/1741/446 3538/1842/446
f 3537/1842/446 3532/1843/446 3529/1844/446 3540/1845/446
f 3539/1845/446 3530/1844/446 3527/1846/446 3542/1847/446
f 3541/1847/446 3528/1741/446 3525/1741/446 3544/1848/446
f 3543/1849/446 3526/1741/446 3523/1741/446 3546/1842/446
f 3545/1842/446 3524/1741/446 3521/1741/446 3548/1750/446
f 3422/1736/447 3391/1850/447 3394/1721/447 3419/1736/447
f 3420/1736/447 3393/1850/447 3396/1749/447 3417/1743/447
f 3418/1743/447 3395/1749/447 3398/1851/447 3415/1736/447
f 3416/1736/447 3397/1851/447 3400/1749/447 3413/1743/447
f 3414/1743/447 3399/1749/447 3402/1852/447 3411/1723/447
f 3412/1723/447 3401/1852/447 3404/1749/447 3409/1743/447
f 3410/1743/447 3403/1749/447 3406/1749/447 3407/1723/447
f 3405/1749/2 3495/1772/2 3674/1682/2 3675/1721/2
f 3367/1770/3 3131/1766/3 3674/1682/3 3495/1682/3 3497/1771/3
f 3124/1727/18 3123/1725/18 3493/1853/18 3581/1744/18
f 3582/1744/18 3494/1854/18 3491/1855/18 3579/1744/18
f 3580/1744/18 3492/1856/18 3489/1856/18 3577/1744/18
f 3578/1744/18 3490/1856/18 3487/1855/18 3575/1857/18
f 3576/1858/18 3488/1855/18 3485/1725/18 3573/1859/18
f 3574/1746/18 3486/1747/18 3483/1725/18 3571/1748/18
f 3572/1727/18 3484/1747/18 3481/1725/18 3569/1860/18
f 3566/1718/451 3535/1842/451 3538/1842/451 3563/1768/451
f 3564/1718/451 3537/1717/451 3540/1845/451 3561/1822/451
f 3562/1822/451 3539/1861/451 3542/1847/451 3559/1822/451
f 3560/1823/451 3541/1862/451 3544/1849/451 3557/1768/451
f 3558/1718/451 3543/1849/451 3546/1842/451 3555/1768/451
f 3556/1718/451 3545/1863/451 3548/1717/451 3553/1768/451
f 3554/1718/451 3547/1750/451 3550/1717/451 3551/1768/451
f 3552/1718/451 3549/1750/451 3671/1717/451 3672/1718/451
f 3568/1727/18 3480/1747/18 3677/1725/18 3678/1727/18
f 3127/1733/9 3126/1731/9 3477/1825/9 3533/1733/9
f 3534/1733/9 3478/1751/9 3475/1825/9 3531/1741/9
f 3532/1741/9 3476/1825/9 3473/1827/9 3529/1844/9
f 3530/1844/9 3474/1827/9 3471/1828/9 3527/1741/9
f 3528/1741/9 3472/1828/9 3469/1731/9 3525/1741/9
f 3526/1741/9 3470/1731/9 3467/1742/9 3523/1741/9
f 3524/1741/9 3468/1742/9 3465/1742/9 3521/1741/9
f 3175/1681/6 3118/1718/6 3565/1718/6 3423/1767/6
f 3123/1725/448 3122/1723/448 3421/1736/448 3493/1854/448
f 3494/1853/448 3422/1736/448 3419/1736/448 3491/1853/448
f 3492/1855/448 3420/1736/448 3417/1743/448 3489/1856/448
f 3490/1856/448 3418/1743/448 3415/1736/448 3487/1855/448
f 3488/1855/448 3416/1736/448 3413/1743/448 3485/1725/448
f 3486/1725/448 3414/1743/448 3411/1723/448 3483/1747/448
f 3484/1725/448 3412/1723/448 3409/1743/448 3481/1747/448
f 3125/1729/449 3124/1727/449 3581/1744/449 3448/1745/449
f 3447/1729/449 3582/1744/449 3579/1744/449 3450/1745/449
f 3449/1745/449 3580/1864/449 3577/1744/449 3452/1826/449
f 3451/1745/449 3578/1744/449 3575/1858/449 3454/1729/449
f 3453/1729/449 3576/1857/449 3573/1746/449 3456/1829/449
f 3455/1829/449 3574/1860/449 3571/1727/449 3458/1745/449
f 3457/1745/449 3572/1748/449 3569/1746/449 3460/1745/449
f 3459/1729/449 3570/1746/449 3567/1727/449 3462/1752/449
f 3121/1721/2 3176/1682/2 3517/1806/2 3392/1850/2
f 3391/1721/2 3516/1806/2 3514/1682/2 3394/1850/2
f 3393/1721/2 3513/1865/2 3511/1809/2 3396/1749/2
f 3395/1749/2 3510/1809/2 3508/1812/2 3398/1851/2
f 3397/1851/2 3507/1812/2 3505/1809/2 3400/1749/2
f 3399/1749/2 3504/1809/2 3502/1817/2 3402/1852/2
f 3401/1852/2 3501/1812/2 3499/1682/2 3404/1749/2
f 3403/1749/2 3498/1772/2 3496/1682/2 3406/1749/2
f 3119/1735/4 3359/1735/4 3375/1735/4 3179/1735/4
f 3359/1735/4 3360/1735/4 3376/1735/4 3375/1735/4
f 3360/1735/4 3361/1735/4 3377/1735/4 3376/1735/4
f 3361/1735/4 3362/1833/4 3378/1804/4 3377/1735/4
f 3362/1833/4 3363/1735/4 3379/1735/4 3378/1804/4
f 3363/1735/4 3364/1804/4 3380/1735/4 3379/1735/4
f 3364/1804/4 3365/1838/4 3381/1804/4 3380/1735/4
f 3365/1838/4 3366/1735/4 3382/1735/4 3381/1804/4
f 3423/1767/3 3424/1866/3 3425/1824/3
f 3426/1769/3 3427/1767/3 3428/1831/3
f 3429/1767/3 3430/1867/3 3431/1834/3
f 3432/1767/3 3433/1681/3 3434/1836/3
f 3435/1681/3 3436/1821/3 3437/1836/3
f 3438/1681/3 3439/1681/3 3440/1837/3
f 3441/1821/3 3442/1821/3 3443/1840/3
f 3444/1820/3 3445/1820/3 3446/1819/3
f 3495/1772/3 3496/1682/3 3497/1771/3
f 3498/1772/3 3499/1772/3 3500/1816/3
f 3501/1812/3 3502/1868/3 3503/1815/3
f 3504/1809/3 3505/1869/3 3506/1814/3
f 3507/1812/3 3508/1812/3 3509/1811/3
f 3510/1809/3 3511/1809/3 3512/1808/3
f 3513/1865/3 3514/1809/3 3515/1807/3
f 3516/1806/3 3517/1772/3 3518/1805/3
f 3122/1723/447 3121/1721/447 3392/1721/447 3421/1736/447
f 3128/1759/585 3129/1756/585 3672/1718/585 3671/1717/585
f 3129/1756/586 3177/1740/586 3673/1681/586 3672/1718/586
f 3177/1740/587 3178/1739/587 3674/1682/587 3673/1681/587
f 3178/1739/588 3132/1870/588 3675/1721/588 3674/1682/588
f 3132/1870/589 3133/1871/589 3676/1723/589 3675/1721/589
f 3133/1871/590 3134/1872/590 3677/1725/590 3676/1723/590
f 3134/1872/591 3135/1762/591 3678/1727/591 3677/1725/591
f 3135/1762/592 3136/1757/592 3679/1729/592 3678/1727/592
f 3136/1757/593 3137/1754/593 3680/1731/593 3679/1729/593
f 3137/1754/594 3138/1753/594 3681/1733/594 3680/1731/594
f 3138/1753/595 3128/1759/595 3671/1717/595 3681/1733/595
f 3140/1873/596 3139/1761/596 3682/1717/596 3683/1718/596
f 3141/1874/597 3140/1873/597 3683/1718/597 3684/1681/597
f 3142/1763/598 3141/1874/598 3684/1681/598 3685/1764/598
f 3143/1758/599 3142/1763/599 3685/1764/599 3686/1682/599
f 3144/1755/600 3143/1758/600 3686/1682/600 3687/1721/600
f 3145/1737/601 3144/1755/601 3687/1721/601 3688/1723/601
f 3146/1738/602 3145/1737/602 3688/1723/602 3689/1725/602
f 3147/1875/591 3146/1738/591 3689/1725/591 3690/1727/591
f 3148/1876/603 3147/1875/603 3690/1727/603 3691/1729/603
f 3149/1877/604 3148/1876/604 3691/1729/604 3692/1731/604
f 3150/1760/594 3149/1877/594 3692/1731/594 3693/1733/594
f 3139/1761/605 3150/1760/605 3693/1733/605 3682/1717/605
f 3128/1759/617 3138/1753/617 3709/1753/617 3710/1759/617
f 3132/1870/618 3178/1739/618 3707/1739/618 3694/1870/618
f 3146/1738/619 3147/1875/619 3714/1875/619 3704/1738/619
f 3139/1761/620 3140/1873/620 3712/1873/620 3711/1761/620
f 3133/1871/621 3132/1870/621 3694/1870/621 3697/1871/621
f 3147/1875/622 3148/1876/622 3701/1876/622 3714/1875/622
f 3140/1873/623 3141/1874/623 3699/1874/623 3712/1873/623
f 3134/1872/624 3133/1871/624 3697/1871/624 3705/1872/624
f 3148/1876/625 3149/1877/625 3702/1877/625 3701/1876/625
f 3141/1874/626 3142/1763/626 3716/1763/626 3699/1874/626
f 3135/1762/627 3134/1872/627 3705/1872/627 3715/1762/627
f 3149/1877/628 3150/1760/628 3708/1760/628 3702/1877/628
f 3762/1896/296 3799/1176/296 3800/1180/296 3764/1897/296
f 3760/1898/7 3798/1174/7 3799/1176/7 3762/1896/7
f 3758/1899/295 3797/1172/295 3798/1174/295 3760/1898/295
f 3756/1900/294 3796/1170/294 3797/1172/294 3758/1899/294
f 3754/1901/4 3795/1168/4 3796/1170/4 3756/1900/4
f 3752/1902/293 3794/1166/293 3795/1168/293 3754/1901/293
f 3750/1903/292 3793/1164/292 3794/1166/292 3752/1902/292
f 3748/1904/3 3792/1162/3 3793/1164/3 3750/1903/3
f 3746/1905/291 3791/1160/291 3792/1162/291 3748/1904/291
f 3744/1906/290 3789/1158/290 3791/1160/290 3746/1905/290
f 3741/1907/1 3790/1157/1 3789/1158/1 3744/1906/1
f 3746/1905/629 3748/1904/629 3784/1904/629 3786/1905/629
f 3756/1900/630 3758/1899/630 3774/1899/630 3776/1900/630
f 3752/1902/631 3754/1901/631 3778/1901/631 3780/1902/631
f 3762/1896/632 3764/1897/632 3766/1897/632 3770/1896/632
f 3741/1907/633 3744/1906/633 3788/1906/633 3767/1907/633
f 3764/1897/297 3800/1180/297 3790/1182/297 3741/1921/297
f 3760/1898/634 3762/1896/634 3770/1896/634 3772/1898/634
f 3750/1903/635 3752/1902/635 3780/1902/635 3782/1903/635
f 3764/1897/636 3741/1921/636 3767/1921/636 3766/1897/636
f 3754/1901/637 3756/1900/637 3776/1900/637 3778/1901/637
f 3744/1906/638 3746/1905/638 3786/1905/638 3788/1906/638
f 3758/1899/639 3760/1898/639 3772/1898/639 3774/1899/639
f 3748/1904/640 3750/1903/640 3782/1903/640 3784/1904/640
f 3718/1927/641 3720/1928/641 3789/1198/641 3790/1199/641
f 3720/1928/642 3722/1893/642 3791/1201/642 3789/1198/642
f 3722/1893/643 3724/1892/643 3792/1203/643 3791/1201/643
f 3724/1892/644 3726/1929/644 3793/1205/644 3792/1203/644
f 3726/1929/645 3728/1930/645 3794/1207/645 3793/1205/645
f 3728/1930/646 3730/1931/646 3795/1209/646 3794/1207/646
f 3730/1931/647 3732/1932/647 3796/1211/647 3795/1209/647
f 3732/1932/648 3734/1933/648 3797/1213/648 3796/1211/648
f 3734/1933/649 3736/1934/649 3798/1214/649 3797/1213/649
f 3736/1934/650 3738/1935/650 3799/1215/650 3798/1214/650
f 3738/1935/651 3740/1936/651 3800/1217/651 3799/1215/651
f 3740/1936/652 3718/1927/652 3790/1199/652 3800/1217/652
f 3844/1937/653 3843/1938/653 3855/1938/653 3856/1937/653
f 3859/1942/654 3858/1948/654 4014/1948/654 4015/1942/654
f 3841/1939/655 3840/1940/655 3852/1940/655 3853/1939/655
f 3848/1941/656 3847/1942/656 3859/1942/656 3860/1941/656
f 3837/1943/657 3838/1944/657 3850/1944/657 3849/1943/657
f 3845/1945/658 3844/1937/658 3856/1937/658 3857/1945/658
f 3842/1946/659 3841/1939/659 3853/1939/659 3854/1946/659
f 3838/1944/660 3848/1941/660 3860/1941/660 3850/1944/660
f 3839/1947/661 3837/1943/661 3849/1943/661 3851/1947/661
f 3846/1948/662 3845/1945/662 3857/1945/662 3858/1948/662
f 3843/1938/663 3842/1946/663 3854/1946/663 3855/1938/663
f 3840/1940/664 3839/1947/664 3851/1947/664 3852/1940/664
f 3847/1942/665 3846/1948/665 3858/1948/665 3859/1942/665
f 3856/1937/666 3855/1938/666 4011/1938/666 4012/1937/666
f 3853/1939/667 3852/1940/667 4008/1940/667 4009/1939/667
f 3860/1941/668 3859/1942/668 4015/1942/668 4016/1941/668
f 3849/1943/669 3850/1944/669 4006/1944/669 4005/1943/669
f 3857/1945/670 3856/1937/670 4012/1937/670 4013/1945/670
f 3854/1946/671 3853/1939/671 4009/1939/671 4010/1946/671
f 3850/1944/672 3860/1941/672 4016/1941/672 4006/1944/672
f 3851/1947/673 3849/1943/673 4005/1943/673 4007/1947/673
f 3858/1948/674 3857/1945/674 4013/1945/674 4014/1948/674
f 3855/1938/675 3854/1946/675 4010/1946/675 4011/1938/675
f 3852/1940/676 3851/1947/676 4007/1947/676 4008/1940/676
f 4125/1156/701 4126/1157/701 4128/2019/701 4127/1610/701
f 4127/1610/702 4128/2019/702 4130/2020/702 4129/2021/702
f 4129/2021/703 4130/2020/703 4132/1590/703 4131/1615/703
f 4131/1615/704 4132/1590/704 4134/2022/704 4133/2023/704
f 4133/2023/705 4134/2022/705 4136/1591/705 4135/1593/705
f 4135/1593/706 4136/1591/706 4138/2024/706 4137/2025/706
f 4137/2025/707 4138/2024/707 4140/2026/707 4139/1592/707
f 4139/1592/708 4140/2026/708 4126/2027/708 4125/2028/708
f 4125/1184/5 4127/2029/5 4129/1187/5 4131/2030/5 4133/1190/5 4135/2031/5 4137/1193/5 4139/2032/5
f 4146/1591/709 4145/2022/709 4153/2022/709 4154/1591/709
f 4143/2020/710 4144/1590/710 4174/1590/710 4177/2020/710
f 4141/2019/711 4143/2020/711 4177/2020/711 4178/2019/711
f 4144/1590/712 4143/2020/712 4151/2020/712 4152/1590/712
f 4141/2019/713 4142/1157/713 4150/1157/713 4149/2019/713
f 4142/2027/714 4148/2026/714 4156/2026/714 4150/2027/714
f 4147/2024/715 4146/1591/715 4154/1591/715 4155/2024/715
f 4145/2022/716 4144/1590/716 4152/1590/716 4153/2022/716
f 4143/2020/717 4141/2019/717 4149/2019/717 4151/2020/717
f 4148/2026/718 4147/2024/718 4155/2024/718 4156/2026/718
f 4144/1590/719 4145/2022/719 4171/2022/719 4174/1590/719
f 4145/2022/720 4146/1591/720 4168/1591/720 4171/2022/720
f 4146/1591/721 4147/2024/721 4165/2024/721 4168/1591/721
f 4147/2024/722 4148/2026/722 4162/2026/722 4165/2024/722
f 4148/2026/723 4142/2027/723 4159/2027/723 4162/2026/723
f 4142/1157/724 4141/2019/724 4178/2019/724 4159/1157/724
f 4162/2026/725 4159/2027/725 4158/2027/725 4161/2026/725
f 4161/2026/726 4158/2027/726 4157/2027/726 4160/2026/726
f 4160/2026/727 4157/2027/727 4126/2027/727 4140/2026/727
f 4165/2024/728 4162/2026/728 4161/2026/728 4164/2024/728
f 4164/2024/729 4161/2026/729 4160/2026/729 4163/2024/729
f 4163/2024/730 4160/2026/730 4140/2026/730 4138/2024/730
f 4168/1591/731 4165/2024/731 4164/2024/731 4167/1591/731
f 4167/1591/732 4164/2024/732 4163/2024/732 4166/1591/732
f 4166/1591/733 4163/2024/733 4138/2024/733 4136/1591/733
f 4171/2022/734 4168/1591/734 4167/1591/734 4170/2022/734
f 4170/2022/735 4167/1591/735 4166/1591/735 4169/2022/735
f 4169/2022/736 4166/1591/736 4136/1591/736 4134/2022/736
f 4174/1590/737 4171/2022/737 4170/2022/737 4173/1590/737
f 4173/1590/738 4170/2022/738 4169/2022/738 4172/1590/738
f 4172/1590/739 4169/2022/739 4134/2022/739 4132/1590/739
f 4177/2020/740 4174/1590/740 4173/1590/740 4176/2020/740
f 4176/2020/741 4173/1590/741 4172/1590/741 4175/2020/741
f 4175/2020/742 4172/1590/742 4132/1590/742 4130/2020/742
f 4178/2019/743 4177/2020/743 4176/2020/743 4179/2019/743
f 4179/2019/744 4176/2020/744 4175/2020/744 4180/2019/744
f 4180/2019/745 4175/2020/745 4130/2020/745 4128/2019/745
f 4159/1157/746 4178/2019/746 4179/2019/746 4158/1157/746
f 4158/1157/747 4179/2019/747 4180/2019/747 4157/1157/747
f 4157/1157/748 4180/2019/748 4128/2019/748 4126/1157/748
f 4188/2026/702 4187/2024/702 4195/2024/702 4196/2026/702
f 4183/2020/749 4184/1590/749 4214/1590/749 4217/2020/749
f 4181/2019/750 4183/2020/750 4217/2020/750 4218/2019/750
f 4189/2033/5 4190/1199/5 4196/2034/5 4195/1214/5 4194/2035/5 4193/1209/5 4192/2036/5 4191/1203/5
f 4186/1591/704 4185/2022/704 4193/2022/704 4194/1591/704
f 4184/1590/706 4183/2020/706 4191/2020/706 4192/1590/706
f 4181/2019/708 4182/1157/708 4190/1157/708 4189/2019/708
f 4182/2027/701 4188/2026/701 4196/2026/701 4190/2027/701
f 4187/2024/703 4186/1591/703 4194/1591/703 4195/2024/703
f 4185/2022/705 4184/1590/705 4192/1590/705 4193/2022/705
f 4183/2020/707 4181/2019/707 4189/2019/707 4191/2020/707
f 4184/1590/751 4185/2022/751 4211/2022/751 4214/1590/751
f 4185/2022/752 4186/1591/752 4208/1591/752 4211/2022/752
f 4186/1591/753 4187/2024/753 4205/2024/753 4208/1591/753
f 4187/2024/754 4188/2026/754 4202/2026/754 4205/2024/754
f 4188/2026/755 4182/2027/755 4199/2027/755 4202/2026/755
f 4182/1157/756 4181/2019/756 4218/2019/756 4199/1157/756
f 4202/2026/757 4199/2027/757 4198/2027/757 4201/2026/757
f 4201/2026/758 4198/2027/758 4197/2027/758 4200/2026/758
f 4200/2026/759 4197/2027/759 4150/2027/759 4156/2026/759
f 4205/2024/760 4202/2026/760 4201/2026/760 4204/2024/760
f 4204/2024/761 4201/2026/761 4200/2026/761 4203/2024/761
f 4203/2024/762 4200/2026/762 4156/2026/762 4155/2024/762
f 4208/1591/763 4205/2024/763 4204/2024/763 4207/1591/763
f 4207/1591/764 4204/2024/764 4203/2024/764 4206/1591/764
f 4206/1591/765 4203/2024/765 4155/2024/765 4154/1591/765
f 4211/2022/766 4208/1591/766 4207/1591/766 4210/2022/766
f 4210/2022/767 4207/1591/767 4206/1591/767 4209/2022/767
f 4209/2022/768 4206/1591/768 4154/1591/768 4153/2022/768
f 4214/1590/769 4211/2022/769 4210/2022/769 4213/1590/769
f 4213/1590/770 4210/2022/770 4209/2022/770 4212/1590/770
f 4212/1590/771 4209/2022/771 4153/2022/771 4152/1590/771
f 4217/2020/772 4214/1590/772 4213/1590/772 4216/2020/772
f 4216/2020/773 4213/1590/773 4212/1590/773 4215/2020/773
f 4215/2020/774 4212/1590/774 4152/1590/774 4151/2020/774
f 4218/2019/775 4217/2020/775 4216/2020/775 4219/2019/775
f 4219/2019/776 4216/2020/776 4215/2020/776 4220/2019/776
f 4220/2019/777 4215/2020/777 4151/2020/777 4149/2019/777
f 4199/1157/778 4218/2019/778 4219/2019/778 4198/1157/778
f 4198/1157/779 4219/2019/779 4220/2019/779 4197/1157/779
f 4197/1157/780 4220/2019/780 4149/2019/780 4150/1157/780
f 4221/1156/781 4222/1157/781 4224/2019/781 4223/1610/781
f 4223/1610/782 4224/2019/782 4226/2020/782 4225/2021/782
f 4225/2021/783 4226/2020/783 4228/1590/783 4227/1615/783
f 4227/1615/784 4228/1590/784 4230/2022/784 4229/2023/784
f 4229/2023/785 4230/2022/785 4232/1591/785 4231/1593/785
f 4231/1593/786 4232/1591/786 4234/2024/786 4233/2025/786
f 4233/2025/787 4234/2024/787 4236/2026/787 4235/1592/787
f 4235/1592/788 4236/2026/788 4222/2027/788 4221/2028/788
f 4221/1184/5 4223/2029/5 4225/1187/5 4227/2030/5 4229/1190/5 4231/2031/5 4233/1193/5 4235/2032/5
f 4242/1591/789 4241/2022/789 4249/2022/789 4250/1591/789
f 4239/2020/790 4240/1590/790 4270/1590/790 4273/2020/790
f 4237/2019/791 4239/2020/791 4273/2020/791 4274/2019/791
f 4240/1590/792 4239/2020/792 4247/2020/792 4248/1590/792
f 4237/2019/793 4238/1157/793 4246/1157/793 4245/2019/793
f 4238/2027/794 4244/2026/794 4252/2026/794 4246/2027/794
f 4243/2024/795 4242/1591/795 4250/1591/795 4251/2024/795
f 4241/2022/796 4240/1590/796 4248/1590/796 4249/2022/796
f 4239/2020/797 4237/2019/797 4245/2019/797 4247/2020/797
f 4244/2026/798 4243/2024/798 4251/2024/798 4252/2026/798
f 4240/1590/799 4241/2022/799 4267/2022/799 4270/1590/799
f 4241/2022/800 4242/1591/800 4264/1591/800 4267/2022/800
f 4242/1591/801 4243/2024/801 4261/2024/801 4264/1591/801
f 4243/2024/802 4244/2026/802 4258/2026/802 4261/2024/802
f 4244/2026/803 4238/2027/803 4255/2027/803 4258/2026/803
f 4238/1157/804 4237/2019/804 4274/2019/804 4255/1157/804
f 4258/2026/805 4255/2027/805 4254/2027/805 4257/2026/805
f 4257/2026/806 4254/2027/806 4253/2027/806 4256/2026/806
f 4256/2026/807 4253/2027/807 4222/2027/807 4236/2026/807
f 4261/2024/808 4258/2026/808 4257/2026/808 4260/2024/808
f 4260/2024/809 4257/2026/809 4256/2026/809 4259/2024/809
f 4259/2024/810 4256/2026/810 4236/2026/810 4234/2024/810
f 4264/1591/811 4261/2024/811 4260/2024/811 4263/1591/811
f 4263/1591/812 4260/2024/812 4259/2024/812 4262/1591/812
f 4262/1591/813 4259/2024/813 4234/2024/813 4232/1591/813
f 4267/2022/814 4264/1591/814 4263/1591/814 4266/2022/814
f 4266/2022/815 4263/1591/815 4262/1591/815 4265/2022/815
f 4265/2022/816 4262/1591/816 4232/1591/816 4230/2022/816
f 4270/1590/817 4267/2022/817 4266/2022/817 4269/1590/817
f 4269/1590/818 4266/2022/818 4265/2022/818 4268/1590/818
f 4268/1590/819 4265/2022/819 4230/2022/819 4228/1590/819
f 4273/2020/820 4270/1590/820 4269/1590/820 4272/2020/820
f 4272/2020/821 4269/1590/821 4268/1590/821 4271/2020/821
f 4271/2020/822 4268/1590/822 4228/1590/822 4226/2020/822
f 4274/2019/823 4273/2020/823 4272/2020/823 4275/2019/823
f 4275/2019/824 4272/2020/824 4271/2020/824 4276/2019/824
f 4276/2019/825 4271/2020/825 4226/2020/825 4224/2019/825
f 4255/1157/826 4274/2019/826 4275/2019/826 4254/1157/826
f 4254/1157/827 4275/2019/827 4276/2019/827 4253/1157/827
f 4253/1157/828 4276/2019/828 4224/2019/828 4222/1157/828
f 4284/2026/782 4283/2024/782 4291/2024/782 4292/2026/782
f 4279/2020/829 4280/1590/829 4310/1590/829 4313/2020/829
f 4277/2019/830 4279/2020/830 4313/2020/830 4314/2019/830
f 4285/2033/5 4286/1199/5 4292/2034/5 4291/1214/5 4290/2035/5 4289/1209/5 4288/2036/5 4287/1203/5
f 4282/1591/784 4281/2022/784 4289/2022/784 4290/1591/784
f 4280/1590/786 4279/2020/786 4287/2020/786 4288/1590/786
f 4277/2019/788 4278/1157/788 4286/1157/788 4285/2019/788
f 4278/2027/781 4284/2026/781 4292/2026/781 4286/2027/781
f 4283/2024/783 4282/1591/783 4290/1591/783 4291/2024/783
f 4281/2022/785 4280/1590/785 4288/1590/785 4289/2022/785
f 4279/2020/787 4277/2019/787 4285/2019/787 4287/2020/787
f 4280/1590/831 4281/2022/831 4307/2022/831 4310/1590/831
f 4281/2022/832 4282/1591/832 4304/1591/832 4307/2022/832
f 4282/1591/833 4283/2024/833 4301/2024/833 4304/1591/833
f 4283/2024/834 4284/2026/834 4298/2026/834 4301/2024/834
f 4284/2026/835 4278/2027/835 4295/2027/835 4298/2026/835
f 4278/1157/836 4277/2019/836 4314/2019/836 4295/1157/836
f 4298/2026/837 4295/2027/837 4294/2027/837 4297/2026/837
f 4297/2026/838 4294/2027/838 4293/2027/838 4296/2026/838
f 4296/2026/839 4293/2027/839 4246/2027/839 4252/2026/839
f 4301/2024/840 4298/2026/840 4297/2026/840 4300/2024/840
f 4300/2024/841 4297/2026/841 4296/2026/841 4299/2024/841
f 4299/2024/842 4296/2026/842 4252/2026/842 4251/2024/842
f 4304/1591/843 4301/2024/843 4300/2024/843 4303/1591/843
f 4303/1591/844 4300/2024/844 4299/2024/844 4302/1591/844
f 4302/1591/845 4299/2024/845 4251/2024/845 4250/1591/845
f 4307/2022/846 4304/1591/846 4303/1591/846 4306/2022/846
f 4306/2022/847 4303/1591/847 4302/1591/847 4305/2022/847
f 4305/2022/848 4302/1591/848 4250/1591/848 4249/2022/848
f 4310/1590/849 4307/2022/849 4306/2022/849 4309/1590/849
f 4309/1590/850 4306/2022/850 4305/2022/850 4308/1590/850
f 4308/1590/851 4305/2022/851 4249/2022/851 4248/1590/851
f 4313/2020/852 4310/1590/852 4309/1590/852 4312/2020/852
f 4312/2020/853 4309/1590/853 4308/1590/853 4311/2020/853
f 4311/2020/854 4308/1590/854 4248/1590/854 4247/2020/854
f 4314/2019/855 4313/2020/855 4312/2020/855 4315/2019/855
f 4315/2019/856 4312/2020/856 4311/2020/856 4316/2019/856
f 4316/2019/857 4311/2020/857 4247/2020/857 4245/2019/857
f 4295/1157/858 4314/2019/858 4315/2019/858 4294/1157/858
f 4294/1157/859 4315/2019/859 4316/2019/859 4293/1157/859
f 4293/1157/860 4316/2019/860 4245/2019/860 4246/1157/860
f 4317/1156/861 4318/1157/861 4320/2019/861 4319/1610/861
f 4319/1610/862 4320/2019/862 4322/2020/862 4321/2021/862
f 4321/2021/863 4322/2020/863 4324/1590/863 4323/1615/863
f 4323/1615/864 4324/1590/864 4326/2022/864 4325/2023/864
f 4325/2023/865 4326/2022/865 4328/1591/865 4327/1593/865
f 4327/1593/866 4328/1591/866 4330/2024/866 4329/2025/866
f 4329/2025/867 4330/2024/867 4332/2026/867 4331/1592/867
f 4331/1592/868 4332/2026/868 4318/2027/868 4317/2028/868
f 4317/1184/5 4319/2029/5 4321/1187/5 4323/2030/5 4325/1190/5 4327/2031/5 4329/1193/5 4331/2032/5
f 4338/1591/869 4337/2022/869 4345/2022/869 4346/1591/869
f 4335/2020/870 4336/1590/870 4366/1590/870 4369/2020/870
f 4333/2019/871 4335/2020/871 4369/2020/871 4370/2019/871
f 4336/1590/872 4335/2020/872 4343/2020/872 4344/1590/872
f 4333/2019/873 4334/1157/873 4342/1157/873 4341/2019/873
f 4334/2027/874 4340/2026/874 4348/2026/874 4342/2027/874
f 4339/2024/875 4338/1591/875 4346/1591/875 4347/2024/875
f 4337/2022/876 4336/1590/876 4344/1590/876 4345/2022/876
f 4335/2020/877 4333/2019/877 4341/2019/877 4343/2020/877
f 4340/2026/878 4339/2024/878 4347/2024/878 4348/2026/878
f 4336/1590/879 4337/2022/879 4363/2022/879 4366/1590/879
f 4337/2022/880 4338/1591/880 4360/1591/880 4363/2022/880
f 4338/1591/881 4339/2024/881 4357/2024/881 4360/1591/881
f 4339/2024/882 4340/2026/882 4354/2026/882 4357/2024/882
f 4340/2026/883 4334/2027/883 4351/2027/883 4354/2026/883
f 4334/1157/884 4333/2019/884 4370/2019/884 4351/1157/884
f 4354/2026/885 4351/2027/885 4350/2027/885 4353/2026/885
f 4353/2026/886 4350/2027/886 4349/2027/886 4352/2026/886
f 4352/2026/887 4349/2027/887 4318/2027/887 4332/2026/887
f 4357/2024/888 4354/2026/888 4353/2026/888 4356/2024/888
f 4356/2024/889 4353/2026/889 4352/2026/889 4355/2024/889
f 4355/2024/890 4352/2026/890 4332/2026/890 4330/2024/890
f 4360/1591/891 4357/2024/891 4356/2024/891 4359/1591/891
f 4359/1591/892 4356/2024/892 4355/2024/892 4358/1591/892
f 4358/1591/893 4355/2024/893 4330/2024/893 4328/1591/893
f 4363/2022/894 4360/1591/894 4359/1591/894 4362/2022/894
f 4362/2022/895 4359/1591/895 4358/1591/895 4361/2022/895
f 4361/2022/896 4358/1591/896 4328/1591/896 4326/2022/896
f 4366/1590/897 4363/2022/897 4362/2022/897 4365/1590/897
f 4365/1590/898 4362/2022/898 4361/2022/898 4364/1590/898
f 4364/1590/899 4361/2022/899 4326/2022/899 4324/1590/899
f 4369/2020/900 4366/1590/900 4365/1590/900 4368/2020/900
f 4368/2020/901 4365/1590/901 4364/1590/901 4367/2020/901
f 4367/2020/902 4364/1590/902 4324/1590/902 4322/2020/902
f 4370/2019/903 4369/2020/903 4368/2020/903 4371/2019/903
f 4371/2019/904 4368/2020/904 4367/2020/904 4372/2019/904
f 4372/2019/905 4367/2020/905 4322/2020/905 4320/2019/905
f 4351/1157/906 4370/2019/906 4371/2019/906 4350/1157/906
f 4350/1157/907 4371/2019/907 4372/2019/907 4349/1157/907
f 4349/1157/908 4372/2019/908 4320/2019/908 4318/1157/908
f 4380/2026/862 4379/2024/862 4387/2024/862 4388/2026/862
f 4375/2020/909 4376/1590/909 4406/1590/909 4409/2020/909
f 4373/2019/910 4375/2020/910 4409/2020/910 4410/2019/910
f 4381/2033/5 4382/1199/5 4388/2034/5 4387/1214/5 4386/2035/5 4385/1209/5 4384/2036/5 4383/1203/5
f 4378/1591/864 4377/2022/864 4385/2022/864 4386/1591/864
f 4376/1590/866 4375/2020/866 4383/2020/866 4384/1590/866
f 4373/2019/868 4374/1157/868 4382/1157/868 4381/2019/868
f 4374/2027/861 4380/2026/861 4388/2026/861 4382/2027/861
f 4379/2024/863 4378/1591/863 4386/1591/863 4387/2024/863
f 4377/2022/865 4376/1590/865 4384/1590/865 4385/2022/865
f 4375/2020/867 4373/2019/867 4381/2019/867 4383/2020/867
f 4376/1590/911 4377/2022/911 4403/2022/911 4406/1590/911
f 4377/2022/912 4378/1591/912 4400/1591/912 4403/2022/912
f 4378/1591/913 4379/2024/913 4397/2024/913 4400/1591/913
f 4379/2024/914 4380/2026/914 4394/2026/914 4397/2024/914
f 4380/2026/915 4374/2027/915 4391/2027/915 4394/2026/915
f 4374/1157/916 4373/2019/916 4410/2019/916 4391/1157/916
f 4394/2026/917 4391/2027/917 4390/2027/917 4393/2026/917
f 4393/2026/918 4390/2027/918 4389/2027/918 4392/2026/918
f 4392/2026/919 4389/2027/919 4342/2027/919 4348/2026/919
f 4397/2024/920 4394/2026/920 4393/2026/920 4396/2024/920
f 4396/2024/921 4393/2026/921 4392/2026/921 4395/2024/921
f 4395/2024/922 4392/2026/922 4348/2026/922 4347/2024/922
f 4400/1591/923 4397/2024/923 4396/2024/923 4399/1591/923
f 4399/1591/924 4396/2024/924 4395/2024/924 4398/1591/924
f 4398/1591/925 4395/2024/925 4347/2024/925 4346/1591/925
f 4403/2022/926 4400/1591/926 4399/1591/926 4402/2022/926
f 4402/2022/927 4399/1591/927 4398/1591/927 4401/2022/927
f 4401/2022/928 4398/1591/928 4346/1591/928 4345/2022/928
f 4406/1590/929 4403/2022/929 4402/2022/929 4405/1590/929
f 4405/1590/930 4402/2022/930 4401/2022/930 4404/1590/930
f 4404/1590/931 4401/2022/931 4345/2022/931 4344/1590/931
f 4409/2020/932 4406/1590/932 4405/1590/932 4408/2020/932
f 4408/2020/933 4405/1590/933 4404/1590/933 4407/2020/933
f 4407/2020/934 4404/1590/934 4344/1590/934 4343/2020/934
f 4410/2019/935 4409/2020/935 4408/2020/935 4411/2019/935
f 4411/2019/936 4408/2020/936 4407/2020/936 4412/2019/936
f 4412/2019/937 4407/2020/937 4343/2020/937 4341/2019/937
f 4391/1157/938 4410/2019/938 4411/2019/938 4390/1157/938
f 4390/1157/939 4411/2019/939 4412/2019/939 4389/1157/939
f 4389/1157/940 4412/2019/940 4341/2019/940 4342/1157/940
f 4418/1591/941 4417/2022/941 4425/2022/941 4426/1591/941
f 4416/1590/942 4415/2020/942 4423/2020/942 4424/1590/942
f 4413/2019/943 4414/1157/943 4422/1157/943 4421/2019/943
f 4414/2027/944 4420/2026/944 4428/2026/944 4422/2027/944
f 4419/2024/945 4418/1591/945 4426/1591/945 4427/2024/945
f 4417/2022/946 4416/1590/946 4424/1590/946 4425/2022/946
f 4415/2020/947 4413/2019/947 4421/2019/947 4423/2020/947
f 4420/2026/948 4419/2024/948 4427/2024/948 4428/2026/948
f 4413/2019/7 4415/2020/7 4416/1590/7 4417/2022/7 4418/1591/7 4419/2024/7 4420/2026/7 4414/2027/7
f 4436/2026/784 4435/2024/784 4443/2024/784 4444/2026/784
f 4431/2020/949 4432/1590/949 4462/1590/949 4465/2020/949
f 4429/2019/950 4431/2020/950 4465/2020/950 4466/2019/950
f 4437/2033/5 4438/1199/5 4444/2034/5 4443/1214/5 4442/2035/5 4441/1209/5 4440/2036/5 4439/1203/5
f 4434/1591/786 4433/2022/786 4441/2022/786 4442/1591/786
f 4432/1590/788 4431/2020/788 4439/2020/788 4440/1590/788
f 4429/2019/782 4430/1157/782 4438/1157/782 4437/2019/782
f 4430/2027/783 4436/2026/783 4444/2026/783 4438/2027/783
f 4435/2024/785 4434/1591/785 4442/1591/785 4443/2024/785
f 4433/2022/787 4432/1590/787 4440/1590/787 4441/2022/787
f 4431/2020/781 4429/2019/781 4437/2019/781 4439/2020/781
f 4432/1590/951 4433/2022/951 4459/2022/951 4462/1590/951
f 4433/2022/952 4434/1591/952 4456/1591/952 4459/2022/952
f 4434/1591/953 4435/2024/953 4453/2024/953 4456/1591/953
f 4435/2024/954 4436/2026/954 4450/2026/954 4453/2024/954
f 4436/2026/955 4430/2027/955 4447/2027/955 4450/2026/955
f 4430/1157/956 4429/2019/956 4466/2019/956 4447/1157/956
f 4450/2026/957 4447/2027/957 4446/2027/957 4449/2026/957
f 4449/2026/958 4446/2027/958 4445/2027/958 4448/2026/958
f 4448/2026/959 4445/2027/959 4422/2027/959 4428/2026/959
f 4453/2024/960 4450/2026/960 4449/2026/960 4452/2024/960
f 4452/2024/961 4449/2026/961 4448/2026/961 4451/2024/961
f 4451/2024/962 4448/2026/962 4428/2026/962 4427/2024/962
f 4456/1591/963 4453/2024/963 4452/2024/963 4455/1591/963
f 4455/1591/964 4452/2024/964 4451/2024/964 4454/1591/964
f 4454/1591/965 4451/2024/965 4427/2024/965 4426/1591/965
f 4459/2022/966 4456/1591/966 4455/1591/966 4458/2022/966
f 4458/2022/967 4455/1591/967 4454/1591/967 4457/2022/967
f 4457/2022/968 4454/1591/968 4426/1591/968 4425/2022/968
f 4462/1590/969 4459/2022/969 4458/2022/969 4461/1590/969
f 4461/1590/970 4458/2022/970 4457/2022/970 4460/1590/970
f 4460/1590/971 4457/2022/971 4425/2022/971 4424/1590/971
f 4465/2020/972 4462/1590/972 4461/1590/972 4464/2020/972
f 4464/2020/973 4461/1590/973 4460/1590/973 4463/2020/973
f 4463/2020/974 4460/1590/974 4424/1590/974 4423/2020/974
f 4466/2019/975 4465/2020/975 4464/2020/975 4467/2019/975
f 4467/2019/976 4464/2020/976 4463/2020/976 4468/2019/976
f 4468/2019/977 4463/2020/977 4423/2020/977 4421/2019/977
f 4447/1157/978 4466/2019/978 4467/2019/978 4446/1157/978
f 4446/1157/979 4467/2019/979 4468/2019/979 4445/1157/979
f 4445/1157/980 4468/2019/980 4421/2019/980 4422/1157/980
f 4469/1156/783 4470/1157/783 4472/2019/783 4471/1610/783
f 4471/1610/784 4472/2019/784 4474/2020/784 4473/2021/784
f 4473/2021/785 4474/2020/785 4476/1590/785 4475/1615/785
f 4475/1615/786 4476/1590/786 4478/2022/786 4477/2023/786
f 4477/2023/787 4478/2022/787 4558/1591/787 4479/1593/787
f 4479/1593/788 4558/1591/788 4557/2024/788 4481/2025/788
f 4481/2025/781 4557/2024/781 4559/2026/781 4483/1592/781
f 4483/1592/782 4559/2026/782 4470/2027/782 4469/2028/782
f 4469/1184/5 4471/2029/5 4473/1187/5 4475/2030/5 4477/1190/5 4479/2031/5 4481/1193/5 4483/2032/5
f 4561/1591/941 4489/2022/941 4496/2022/941 4560/1591/941
f 4487/2020/981 4488/1590/981 4513/1590/981 4516/2020/981
f 4485/2019/982 4487/2020/982 4516/2020/982 4517/2019/982
f 4488/1590/942 4487/2020/942 4494/2020/942 4495/1590/942
f 4485/2019/943 4486/1157/943 4493/1157/943 4492/2019/943
f 4486/2027/944 4491/2026/944 4498/2026/944 4493/2027/944
f 4540/2037/983 4539/2038/983 4601/2038/983 4600/2037/983
f 4489/2022/946 4488/1590/946 4495/1590/946 4496/2022/946
f 4487/2020/947 4485/2019/947 4492/2019/947 4494/2020/947
f 4490/2039/984 4497/2040/984 4583/2040/984 4580/2039/984
f 4488/1590/985 4489/2022/985 4510/2022/985 4513/1590/985
f 4489/2022/986 4561/1591/986 4564/1591/986 4510/2022/986
f 4480/2041/987 4505/2042/987 4594/2042/987 4605/2041/987
f 4539/2038/988 4563/2043/988 4584/2043/988 4601/2038/988
f 4491/2026/989 4486/2027/989 4501/2027/989 4565/2026/989
f 4486/1157/990 4485/2019/990 4517/2019/990 4501/1157/990
f 4565/2026/991 4501/2027/991 4500/2027/991 4567/2026/991
f 4567/2026/992 4500/2027/992 4499/2027/992 4566/2026/992
f 4566/2026/993 4499/2027/993 4470/2027/993 4559/2026/993
f 4484/2044/994 4482/2045/994 4586/2045/994 4606/2044/994
f 4504/2046/995 4503/2047/995 4590/2047/995 4589/2046/995
f 4527/2048/996 4541/2049/996 4599/2049/996 4608/2048/996
f 4482/2045/997 4480/2041/997 4605/2041/997 4586/2045/997
f 4503/2047/998 4502/2050/998 4591/2050/998 4590/2047/998
f 4544/2051/999 4525/2052/999 4607/2052/999 4602/2051/999
f 4510/2022/1000 4564/1591/1000 4569/1591/1000 4509/2022/1000
f 4509/2022/1001 4569/1591/1001 4568/1591/1001 4508/2022/1001
f 4508/2022/1002 4568/1591/1002 4558/1591/1002 4478/2022/1002
f 4513/1590/1003 4510/2022/1003 4509/2022/1003 4512/1590/1003
f 4512/1590/1004 4509/2022/1004 4508/2022/1004 4511/1590/1004
f 4511/1590/1005 4508/2022/1005 4478/2022/1005 4476/1590/1005
f 4516/2020/1006 4513/1590/1006 4512/1590/1006 4515/2020/1006
f 4515/2020/1007 4512/1590/1007 4511/1590/1007 4514/2020/1007
f 4514/2020/1008 4511/1590/1008 4476/1590/1008 4474/2020/1008
f 4517/2019/1009 4516/2020/1009 4515/2020/1009 4518/2019/1009
f 4518/2019/1010 4515/2020/1010 4514/2020/1010 4519/2019/1010
f 4519/2019/1011 4514/2020/1011 4474/2020/1011 4472/2019/1011
f 4501/1157/1012 4517/2019/1012 4518/2019/1012 4500/1157/1012
f 4500/1157/1013 4518/2019/1013 4519/2019/1013 4499/1157/1013
f 4499/1157/1014 4519/2019/1014 4472/2019/1014 4470/1157/1014
f 4572/2026/784 4570/2024/784 4534/2024/784 4535/2026/784
f 4522/2020/949 4523/1590/949 4550/1590/949 4553/2020/949
f 4520/2019/950 4522/2020/950 4553/2020/950 4554/2019/950
f 4528/2033/5 4529/1199/5 4535/2034/5 4534/1214/5 4533/2035/5 4532/1209/5 4531/2036/5 4530/1203/5
f 4571/1591/786 4524/2022/786 4532/2022/786 4533/1591/786
f 4523/1590/788 4522/2020/788 4530/2020/788 4531/1590/788
f 4520/2019/782 4521/1157/782 4529/1157/782 4528/2019/782
f 4521/2027/783 4572/2026/783 4535/2026/783 4529/2027/783
f 4570/2024/785 4571/1591/785 4533/1591/785 4534/2024/785
f 4524/2022/787 4523/1590/787 4531/1590/787 4532/2022/787
f 4522/2020/781 4520/2019/781 4528/2019/781 4530/2020/781
f 4523/1590/951 4524/2022/951 4547/2022/951 4550/1590/951
f 4524/2022/952 4571/1591/952 4573/1591/952 4547/2022/952
f 4543/2053/1015 4544/2051/1015 4602/2051/1015 4603/2053/1015
f 4502/2050/1016 4484/2044/1016 4606/2044/1016 4591/2050/1016
f 4572/2026/955 4521/2027/955 4538/2027/955 4574/2026/955
f 4521/1157/956 4520/2019/956 4554/2019/956 4538/1157/956
f 4574/2026/957 4538/2027/957 4537/2027/957 4576/2026/957
f 4576/2026/958 4537/2027/958 4536/2027/958 4575/2026/958
f 4575/2026/959 4536/2027/959 4493/2027/959 4498/2026/959
f 4526/2054/1017 4527/2048/1017 4608/2048/1017 4595/2054/1017
f 4542/2051/1018 4543/2053/1018 4603/2053/1018 4604/2051/1018
f 4562/2055/1019 4504/2046/1019 4589/2046/1019 4581/2055/1019
f 4525/2052/1020 4526/2054/1020 4595/2054/1020 4607/2052/1020
f 4497/2040/1021 4542/2051/1021 4604/2051/1021 4583/2040/1021
f 4507/2056/1022 4490/2039/1022 4580/2039/1022 4592/2056/1022
f 4547/2022/966 4573/1591/966 4578/1591/966 4546/2022/966
f 4546/2022/967 4578/1591/967 4577/1591/967 4545/2022/967
f 4545/2022/968 4577/1591/968 4560/1591/968 4496/2022/968
f 4550/1590/969 4547/2022/969 4546/2022/969 4549/1590/969
f 4549/1590/970 4546/2022/970 4545/2022/970 4548/1590/970
f 4548/1590/971 4545/2022/971 4496/2022/971 4495/1590/971
f 4553/2020/1023 4550/1590/1023 4549/1590/1023 4552/2020/1023
f 4552/2020/973 4549/1590/973 4548/1590/973 4551/2020/973
f 4551/2020/974 4548/1590/974 4495/1590/974 4494/2020/974
f 4554/2019/1024 4553/2020/1024 4552/2020/1024 4555/2019/1024
f 4555/2019/1025 4552/2020/1025 4551/2020/1025 4556/2019/1025
f 4556/2019/977 4551/2020/977 4494/2020/977 4492/2019/977
f 4538/1157/978 4554/2019/978 4555/2019/978 4537/1157/978
f 4537/1157/979 4555/2019/979 4556/2019/979 4536/1157/979
f 4536/1157/980 4556/2019/980 4492/2019/980 4493/1157/980
f 4480/2041/1026 4482/2045/1026 4557/2024/1026 4558/1591/1026
f 4482/2045/1027 4484/2044/1027 4559/2026/1027 4557/2024/1027
f 4497/2040/1028 4490/2039/1028 4561/1591/1028 4560/1591/1028
f 4562/2055/1029 4563/2043/1029 4498/2026/1029 4491/2026/1029
f 4490/2039/1030 4507/2056/1030 4564/1591/1030 4561/1591/1030
f 4504/2046/1031 4562/2055/1031 4491/2026/1031 4565/2026/1031
f 4484/2044/1032 4502/2050/1032 4566/2026/1032 4559/2026/1032
f 4502/2050/1033 4503/2047/1033 4567/2026/1033 4566/2026/1033
f 4503/2047/1034 4504/2046/1034 4565/2026/1034 4567/2026/1034
f 4505/2042/1035 4480/2041/1035 4558/1591/1035 4568/1591/1035
f 4506/2057/1036 4505/2042/1036 4568/1591/1036 4569/1591/1036
f 4507/2056/1037 4506/2057/1037 4569/1591/1037 4564/1591/1037
f 4526/2054/1038 4525/2052/1038 4571/1591/1038 4570/2024/1038
f 4527/2048/1039 4526/2054/1039 4570/2024/1039 4572/2026/1039
f 4525/2052/1040 4544/2051/1040 4573/1591/1040 4571/1591/1040
f 4541/2049/1041 4527/2048/1041 4572/2026/1041 4574/2026/1041
f 4563/2043/1042 4539/2038/1042 4575/2026/1042 4498/2026/1042
f 4539/2038/1043 4540/2037/1043 4576/2026/1043 4575/2026/1043
f 4540/2037/1044 4541/2049/1044 4574/2026/1044 4576/2026/1044
f 4542/2051/1045 4497/2040/1045 4560/1591/1045 4577/1591/1045
f 4543/2053/1046 4542/2051/1046 4577/1591/1046 4578/1591/1046
f 4544/2051/1047 4543/2053/1047 4578/1591/1047 4573/1591/1047
f 4505/2042/1066 4506/2057/1066 4593/2057/1066 4594/2042/1066
f 4563/2043/1067 4562/2055/1067 4581/2055/1067 4584/2043/1067
f 4541/2049/1068 4540/2037/1068 4600/2037/1068 4599/2049/1068
f 4506/2057/1069 4507/2056/1069 4592/2056/1069 4593/2057/1069
f 4609/1156/783 4610/1157/783 4612/2019/783 4611/1610/783
f 4611/1610/784 4612/2019/784 4614/2020/784 4613/2021/784
f 4613/2021/785 4614/2020/785 4616/1590/785 4615/1615/785
f 4615/1615/786 4616/1590/786 4618/2022/786 4617/2023/786
f 4617/2023/787 4618/2022/787 4698/1591/787 4619/1593/787
f 4619/1593/788 4698/1591/788 4697/2024/788 4621/2025/788
f 4621/2025/781 4697/2024/781 4699/2026/781 4623/1592/781
f 4623/1592/782 4699/2026/782 4610/2027/782 4609/2028/782
f 4609/1184/5 4611/2029/5 4613/1187/5 4615/2030/5 4617/1190/5 4619/2031/5 4621/1193/5 4623/2032/5
f 4701/1591/941 4629/2022/941 4636/2022/941 4700/1591/941
f 4627/2020/981 4628/1590/981 4653/1590/981 4656/2020/981
f 4625/2019/982 4627/2020/982 4656/2020/982 4657/2019/982
f 4628/1590/942 4627/2020/942 4634/2020/942 4635/1590/942
f 4625/2019/943 4626/1157/943 4633/1157/943 4632/2019/943
f 4626/2027/944 4631/2026/944 4638/2026/944 4633/2027/944
f 4680/2037/1070 4679/2038/1070 4741/2038/1070 4740/2037/1070
f 4629/2022/946 4628/1590/946 4635/1590/946 4636/2022/946
f 4627/2020/947 4625/2019/947 4632/2019/947 4634/2020/947
f 4630/2039/984 4637/2040/984 4723/2040/984 4720/2039/984
f 4628/1590/985 4629/2022/985 4650/2022/985 4653/1590/985
f 4629/2022/986 4701/1591/986 4704/1591/986 4650/2022/986
f 4620/2041/987 4645/2042/987 4734/2042/987 4745/2041/987
f 4679/2038/1071 4703/2043/1071 4724/2043/1071 4741/2038/1071
f 4631/2026/989 4626/2027/989 4641/2027/989 4705/2026/989
f 4626/1157/990 4625/2019/990 4657/2019/990 4641/1157/990
f 4705/2026/991 4641/2027/991 4640/2027/991 4707/2026/991
f 4707/2026/992 4640/2027/992 4639/2027/992 4706/2026/992
f 4706/2026/993 4639/2027/993 4610/2027/993 4699/2026/993
f 4624/2044/994 4622/2045/994 4726/2045/994 4746/2044/994
f 4644/2046/1072 4643/2047/1072 4730/2047/1072 4729/2046/1072
f 4667/2048/996 4681/2049/996 4739/2049/996 4748/2048/996
f 4622/2045/997 4620/2041/997 4745/2041/997 4726/2045/997
f 4643/2047/998 4642/2050/998 4731/2050/998 4730/2047/998
f 4684/2051/999 4665/2052/999 4747/2052/999 4742/2051/999
f 4650/2022/1000 4704/1591/1000 4709/1591/1000 4649/2022/1000
f 4649/2022/1001 4709/1591/1001 4708/1591/1001 4648/2022/1001
f 4648/2022/1002 4708/1591/1002 4698/1591/1002 4618/2022/1002
f 4653/1590/1003 4650/2022/1003 4649/2022/1003 4652/1590/1003
f 4652/1590/1004 4649/2022/1004 4648/2022/1004 4651/1590/1004
f 4651/1590/1005 4648/2022/1005 4618/2022/1005 4616/1590/1005
f 4656/2020/1006 4653/1590/1006 4652/1590/1006 4655/2020/1006
f 4655/2020/1007 4652/1590/1007 4651/1590/1007 4654/2020/1007
f 4654/2020/1008 4651/1590/1008 4616/1590/1008 4614/2020/1008
f 4657/2019/1009 4656/2020/1009 4655/2020/1009 4658/2019/1009
f 4658/2019/1010 4655/2020/1010 4654/2020/1010 4659/2019/1010
f 4659/2019/1011 4654/2020/1011 4614/2020/1011 4612/2019/1011
f 4641/1157/1012 4657/2019/1012 4658/2019/1012 4640/1157/1012
f 4640/1157/1013 4658/2019/1013 4659/2019/1013 4639/1157/1013
f 4639/1157/1014 4659/2019/1014 4612/2019/1014 4610/1157/1014
f 4712/2026/784 4710/2024/784 4674/2024/784 4675/2026/784
f 4662/2020/949 4663/1590/949 4690/1590/949 4693/2020/949
f 4660/2019/950 4662/2020/950 4693/2020/950 4694/2019/950
f 4668/2033/5 4669/1199/5 4675/2034/5 4674/1214/5 4673/2035/5 4672/1209/5 4671/2036/5 4670/1203/5
f 4711/1591/786 4664/2022/786 4672/2022/786 4673/1591/786
f 4663/1590/788 4662/2020/788 4670/2020/788 4671/1590/788
f 4660/2019/782 4661/1157/782 4669/1157/782 4668/2019/782
f 4661/2027/783 4712/2026/783 4675/2026/783 4669/2027/783
f 4710/2024/785 4711/1591/785 4673/1591/785 4674/2024/785
f 4664/2022/787 4663/1590/787 4671/1590/787 4672/2022/787
f 4662/2020/781 4660/2019/781 4668/2019/781 4670/2020/781
f 4663/1590/951 4664/2022/951 4687/2022/951 4690/1590/951
f 4664/2022/952 4711/1591/952 4713/1591/952 4687/2022/952
f 4683/2053/1015 4684/2051/1015 4742/2051/1015 4743/2053/1015
f 4642/2050/1016 4624/2044/1016 4746/2044/1016 4731/2050/1016
f 4712/2026/955 4661/2027/955 4678/2027/955 4714/2026/955
f 4661/1157/956 4660/2019/956 4694/2019/956 4678/1157/956
f 4714/2026/957 4678/2027/957 4677/2027/957 4716/2026/957
f 4716/2026/958 4677/2027/958 4676/2027/958 4715/2026/958
f 4715/2026/959 4676/2027/959 4633/2027/959 4638/2026/959
f 4666/2054/1017 4667/2048/1017 4748/2048/1017 4735/2054/1017
f 4682/2051/1073 4683/2053/1073 4743/2053/1073 4744/2051/1073
f 4702/2055/1074 4644/2046/1074 4729/2046/1074 4721/2055/1074
f 4665/2052/1020 4666/2054/1020 4735/2054/1020 4747/2052/1020
f 4637/2040/1021 4682/2051/1021 4744/2051/1021 4723/2040/1021
f 4647/2056/1022 4630/2039/1022 4720/2039/1022 4732/2056/1022
f 4687/2022/966 4713/1591/966 4718/1591/966 4686/2022/966
f 4686/2022/967 4718/1591/967 4717/1591/967 4685/2022/967
f 4685/2022/968 4717/1591/968 4700/1591/968 4636/2022/968
f 4690/1590/969 4687/2022/969 4686/2022/969 4689/1590/969
f 4689/1590/970 4686/2022/970 4685/2022/970 4688/1590/970
f 4688/1590/971 4685/2022/971 4636/2022/971 4635/1590/971
f 4693/2020/1023 4690/1590/1023 4689/1590/1023 4692/2020/1023
f 4692/2020/973 4689/1590/973 4688/1590/973 4691/2020/973
f 4691/2020/974 4688/1590/974 4635/1590/974 4634/2020/974
f 4694/2019/975 4693/2020/975 4692/2020/975 4695/2019/975
f 4695/2019/1025 4692/2020/1025 4691/2020/1025 4696/2019/1025
f 4696/2019/977 4691/2020/977 4634/2020/977 4632/2019/977
f 4678/1157/978 4694/2019/978 4695/2019/978 4677/1157/978
f 4677/1157/979 4695/2019/979 4696/2019/979 4676/1157/979
f 4676/1157/980 4696/2019/980 4632/2019/980 4633/1157/980
f 4620/2041/1026 4622/2045/1026 4697/2024/1026 4698/1591/1026
f 4622/2045/1027 4624/2044/1027 4699/2026/1027 4697/2024/1027
f 4637/2040/1028 4630/2039/1028 4701/1591/1028 4700/1591/1028
f 4702/2055/1029 4703/2043/1029 4638/2026/1029 4631/2026/1029
f 4630/2039/1030 4647/2056/1030 4704/1591/1030 4701/1591/1030
f 4644/2046/1031 4702/2055/1031 4631/2026/1031 4705/2026/1031
f 4624/2044/1032 4642/2050/1032 4706/2026/1032 4699/2026/1032
f 4642/2050/1033 4643/2047/1033 4707/2026/1033 4706/2026/1033
f 4643/2047/1034 4644/2046/1034 4705/2026/1034 4707/2026/1034
f 4645/2042/1035 4620/2041/1035 4698/1591/1035 4708/1591/1035
f 4646/2057/1036 4645/2042/1036 4708/1591/1036 4709/1591/1036
f 4647/2056/1037 4646/2057/1037 4709/1591/1037 4704/1591/1037
f 4666/2054/1038 4665/2052/1038 4711/1591/1038 4710/2024/1038
f 4667/2048/1039 4666/2054/1039 4710/2024/1039 4712/2026/1039
f 4665/2052/1040 4684/2051/1040 4713/1591/1040 4711/1591/1040
f 4681/2049/1041 4667/2048/1041 4712/2026/1041 4714/2026/1041
f 4703/2043/1042 4679/2038/1042 4715/2026/1042 4638/2026/1042
f 4679/2038/1043 4680/2037/1043 4716/2026/1043 4715/2026/1043
f 4680/2037/1044 4681/2049/1044 4714/2026/1044 4716/2026/1044
f 4682/2051/1045 4637/2040/1045 4700/1591/1045 4717/1591/1045
f 4683/2053/1046 4682/2051/1046 4717/1591/1046 4718/1591/1046
f 4684/2051/1047 4683/2053/1047 4718/1591/1047 4713/1591/1047
f 4645/2042/1066 4646/2057/1066 4733/2057/1066 4734/2042/1066
f 4703/2043/1067 4702/2055/1067 4721/2055/1067 4724/2043/1067
f 4681/2049/1068 4680/2037/1068 4740/2037/1068 4739/2049/1068
f 4646/2057/1069 4647/2056/1069 4732/2056/1069 4733/2057/1069
f 4749/1156/783 4750/1157/783 4752/2019/783 4751/1610/783
f 4751/1610/784 4752/2019/784 4754/2020/784 4753/2021/784
f 4753/2021/785 4754/2020/785 4756/1590/785 4755/1615/785
f 4755/1615/786 4756/1590/786 4758/2022/786 4757/2023/786
f 4757/2023/787 4758/2022/787 4760/1591/787 4759/1593/787
f 4759/1593/788 4760/1591/788 4762/2024/788 4761/2025/788
f 4761/2025/781 4762/2024/781 4764/2026/781 4763/1592/781
f 4763/1592/782 4764/2026/782 4750/2027/782 4749/2028/782
f 4749/1184/5 4751/2029/5 4753/1187/5 4755/2030/5 4757/1190/5 4759/2031/5 4761/1193/5 4763/2032/5
f 4770/1591/941 4769/2022/941 4777/2022/941 4778/1591/941
f 4767/2020/981 4768/1590/981 4798/1590/981 4801/2020/981
f 4765/2019/982 4767/2020/982 4801/2020/982 4802/2019/982
f 4768/1590/942 4767/2020/942 4775/2020/942 4776/1590/942
f 4765/2019/943 4766/1157/943 4774/1157/943 4773/2019/943
f 4766/2027/944 4772/2026/944 4780/2026/944 4774/2027/944
f 4771/2024/945 4770/1591/945 4778/1591/945 4779/2024/945
f 4769/2022/946 4768/1590/946 4776/1590/946 4777/2022/946
f 4767/2020/947 4765/2019/947 4773/2019/947 4775/2020/947
f 4772/2026/948 4771/2024/948 4779/2024/948 4780/2026/948
f 4768/1590/985 4769/2022/985 4795/2022/985 4798/1590/985
f 4769/2022/986 4770/1591/986 4792/1591/986 4795/2022/986
f 4770/1591/1075 4771/2024/1075 4789/2024/1075 4792/1591/1075
f 4771/2024/1076 4772/2026/1076 4786/2026/1076 4789/2024/1076
f 4772/2026/989 4766/2027/989 4783/2027/989 4786/2026/989
f 4766/1157/990 4765/2019/990 4802/2019/990 4783/1157/990
f 4786/2026/991 4783/2027/991 4782/2027/991 4785/2026/991
f 4785/2026/992 4782/2027/992 4781/2027/992 4784/2026/992
f 4784/2026/993 4781/2027/993 4750/2027/993 4764/2026/993
f 4789/2024/1077 4786/2026/1077 4785/2026/1077 4788/2024/1077
f 4788/2024/1078 4785/2026/1078 4784/2026/1078 4787/2024/1078
f 4787/2024/1079 4784/2026/1079 4764/2026/1079 4762/2024/1079
f 4792/1591/1080 4789/2024/1080 4788/2024/1080 4791/1591/1080
f 4791/1591/1081 4788/2024/1081 4787/2024/1081 4790/1591/1081
f 4790/1591/1082 4787/2024/1082 4762/2024/1082 4760/1591/1082
f 4795/2022/1000 4792/1591/1000 4791/1591/1000 4794/2022/1000
f 4794/2022/1001 4791/1591/1001 4790/1591/1001 4793/2022/1001
f 4793/2022/1002 4790/1591/1002 4760/1591/1002 4758/2022/1002
f 4798/1590/1003 4795/2022/1003 4794/2022/1003 4797/1590/1003
f 4797/1590/1004 4794/2022/1004 4793/2022/1004 4796/1590/1004
f 4796/1590/1005 4793/2022/1005 4758/2022/1005 4756/1590/1005
f 4801/2020/1006 4798/1590/1006 4797/1590/1006 4800/2020/1006
f 4800/2020/1007 4797/1590/1007 4796/1590/1007 4799/2020/1007
f 4799/2020/1008 4796/1590/1008 4756/1590/1008 4754/2020/1008
f 4802/2019/1009 4801/2020/1009 4800/2020/1009 4803/2019/1009
f 4803/2019/1010 4800/2020/1010 4799/2020/1010 4804/2019/1010
f 4804/2019/1011 4799/2020/1011 4754/2020/1011 4752/2019/1011
f 4783/1157/1012 4802/2019/1012 4803/2019/1012 4782/1157/1012
f 4782/1157/1013 4803/2019/1013 4804/2019/1013 4781/1157/1013
f 4781/1157/1014 4804/2019/1014 4752/2019/1014 4750/1157/1014
f 4812/2026/784 4811/2024/784 4819/2024/784 4820/2026/784
f 4807/2020/949 4808/1590/949 4838/1590/949 4841/2020/949
f 4805/2019/950 4807/2020/950 4841/2020/950 4842/2019/950
f 4813/2033/5 4814/1199/5 4820/2034/5 4819/1214/5 4818/2035/5 4817/1209/5 4816/2036/5 4815/1203/5
f 4810/1591/786 4809/2022/786 4817/2022/786 4818/1591/786
f 4808/1590/788 4807/2020/788 4815/2020/788 4816/1590/788
f 4805/2019/782 4806/1157/782 4814/1157/782 4813/2019/782
f 4806/2027/783 4812/2026/783 4820/2026/783 4814/2027/783
f 4811/2024/785 4810/1591/785 4818/1591/785 4819/2024/785
f 4809/2022/787 4808/1590/787 4816/1590/787 4817/2022/787
f 4807/2020/781 4805/2019/781 4813/2019/781 4815/2020/781
f 4808/1590/951 4809/2022/951 4835/2022/951 4838/1590/951
f 4809/2022/952 4810/1591/952 4832/1591/952 4835/2022/952
f 4810/1591/953 4811/2024/953 4829/2024/953 4832/1591/953
f 4811/2024/954 4812/2026/954 4826/2026/954 4829/2024/954
f 4812/2026/955 4806/2027/955 4823/2027/955 4826/2026/955
f 4806/1157/956 4805/2019/956 4842/2019/956 4823/1157/956
f 4826/2026/957 4823/2027/957 4822/2027/957 4825/2026/957
f 4825/2026/958 4822/2027/958 4821/2027/958 4824/2026/958
f 4824/2026/959 4821/2027/959 4774/2027/959 4780/2026/959
f 4829/2024/960 4826/2026/960 4825/2026/960 4828/2024/960
f 4828/2024/961 4825/2026/961 4824/2026/961 4827/2024/961
f 4827/2024/962 4824/2026/962 4780/2026/962 4779/2024/962
f 4832/1591/963 4829/2024/963 4828/2024/963 4831/1591/963
f 4831/1591/964 4828/2024/964 4827/2024/964 4830/1591/964
f 4830/1591/965 4827/2024/965 4779/2024/965 4778/1591/965
f 4835/2022/966 4832/1591/966 4831/1591/966 4834/2022/966
f 4834/2022/967 4831/1591/967 4830/1591/967 4833/2022/967
f 4833/2022/968 4830/1591/968 4778/1591/968 4777/2022/968
f 4838/1590/969 4835/2022/969 4834/2022/969 4837/1590/969
f 4837/1590/970 4834/2022/970 4833/2022/970 4836/1590/970
f 4836/1590/971 4833/2022/971 4777/2022/971 4776/1590/971
f 4841/2020/1023 4838/1590/1023 4837/1590/1023 4840/2020/1023
f 4840/2020/973 4837/1590/973 4836/1590/973 4839/2020/973
f 4839/2020/974 4836/1590/974 4776/1590/974 4775/2020/974
f 4842/2019/975 4841/2020/975 4840/2020/975 4843/2019/975
f 4843/2019/1025 4840/2020/1025 4839/2020/1025 4844/2019/1025
f 4844/2019/977 4839/2020/977 4775/2020/977 4773/2019/977
f 4823/1157/978 4842/2019/978 4843/2019/978 4822/1157/978
f 4822/1157/979 4843/2019/979 4844/2019/979 4821/1157/979
f 4821/1157/980 4844/2019/980 4773/2019/980 4774/1157/980
usemtl M_Cyan
f 832/559/1 831/558/1 834/560/1 833/561/1
f 848/530/4 847/529/4 850/508/4 849/509/4
f 852/572/4 851/571/4 854/573/4 853/574/4
f 860/536/1 859/533/1 862/531/1 861/532/1
f 864/580/1 863/579/1 866/581/1 865/582/1
f 868/584/4 867/583/4 870/585/4 869/586/4
f 941/617/4 940/615/4 943/616/4 942/618/4
f 945/620/1 944/619/1 947/613/1 946/614/1
f 1235/770/18 1234/766/18 1237/767/18 1236/771/18
f 1239/772/6 1238/762/6 1241/763/6 1240/773/6
f 1243/765/9 1242/774/9 1245/775/9 1244/764/9
f 1247/768/2 1246/769/2 1249/776/2 1248/777/2
f 1323/852/3 1322/851/3 1325/853/3 1326/854/3 1327/856/3 1328/857/3 1329/828/3 1324/829/3
f 1331/860/7 1330/859/7 1333/862/7 1334/863/7 1335/864/7 1336/811/7 1337/812/7 1332/865/7
f 1393/894/3 1399/896/3 1398/897/3 1397/895/3
f 1434/917/7 1432/916/7 1431/915/7 1433/914/7
f 1633/1061/1 1632/1060/1 1634/1059/1 1635/1062/1
f 1664/1084/4 1667/1083/4 1668/1087/4 1669/1085/4
f 2341/1202/3 2338/1335/3 2339/1200/3 2340/1202/3
f 2345/1336/296 2342/1179/296 2343/1179/296 2344/1329/296
f 2349/1210/294 2346/1218/294 2347/1218/294 2348/1331/294
f 2351/1332/292 2341/1202/292 2340/1202/292 2350/1204/292
f 2353/1333/297 2345/1336/297 2344/1329/297 2352/1216/297
f 2357/1334/290 2354/1196/290 2355/1196/290 2356/1197/290
f 2359/1212/295 2349/1210/295 2348/1331/295 2358/1212/295
f 2361/1330/293 2351/1332/293 2350/1204/293 2360/1206/293
f 2354/1196/1 2353/1333/1 2352/1216/1 2355/1196/1
f 2338/1335/291 2357/1334/291 2356/1197/291 2339/1200/291
f 2342/1179/7 2359/1212/7 2358/1212/7 2343/1179/7
f 2346/1218/4 2361/1330/4 2360/1206/4 2347/1218/4
f 2749/1573/424 2748/1572/424 2738/1566/424 2739/1569/424
f 2739/1569/425 2738/1566/425 2751/1560/425 2750/1561/425
f 2753/1575/426 2752/1574/426 2740/1577/426 2741/1576/426
f 2741/1576/427 2740/1577/427 2755/1567/427 2754/1568/427
f 2757/1562/428 2756/1563/428 2742/1579/428 2743/1578/428
f 2743/1578/429 2742/1579/429 2759/1581/429 2758/1580/429
f 2761/1565/430 2760/1558/430 2744/1559/430 2745/1564/430
f 2745/1564/431 2744/1559/431 2747/1571/431 2746/1570/431
f 3250/1792/540 3251/1798/540 3252/1795/540 3249/1785/540
f 3254/1791/541 3250/1792/541 3249/1785/541 3253/1786/541
f 3258/1796/542 3256/1800/542 3255/1799/542 3257/1793/542
f 3260/1788/543 3258/1796/543 3257/1793/543 3259/1781/543
f 3262/1787/544 3260/1788/544 3259/1781/544 3261/1782/544
f 3264/1801/545 3262/1787/545 3261/1782/545 3263/1797/545
f 3266/1794/546 3264/1801/546 3263/1797/546 3265/1789/546
f 3268/1784/547 3266/1794/547 3265/1789/547 3267/1790/547
f 3270/1783/548 3268/1784/548 3267/1790/548 3269/1802/548
f 3251/1798/549 3270/1783/549 3269/1802/549 3252/1795/549
f 3256/1800/550 3254/1791/550 3253/1786/550 3255/1799/550
f 3961/1984/297 3962/1974/297 3958/1977/297 3957/1985/297
f 3964/1979/291 3963/1968/291 3965/1972/291 3966/1980/291
f 3966/1980/3 3965/1972/3 3967/1975/3 3968/1981/3
f 3968/1981/292 3967/1975/292 3969/1978/292 3970/1976/292
f 3970/1976/293 3969/1978/293 3971/1987/293 3972/1973/293
f 3972/1973/4 3971/1987/4 3973/1986/4 3974/1970/4
f 3974/1970/294 3973/1986/294 3975/1963/294 3976/1969/294
f 3976/1969/295 3975/1963/295 3977/1964/295 3978/1982/295
f 3978/1982/7 3977/1964/7 3979/1971/7 3980/1983/7
f 3980/1983/296 3979/1971/296 3962/1974/296 3961/1984/296
f 3957/1966/1 3958/1988/1 3959/1967/1 3960/1965/1
f 3960/1965/290 3959/1967/290 3963/1968/290 3964/1979/290
f 4080/2006/291 4077/1947/291 4078/1947/291 4079/1940/291
f 4084/2007/7 4081/2008/7 4082/1948/7 4083/1942/7
f 4088/2001/4 4085/1938/4 4086/1938/4 4087/1952/4
f 4090/2004/3 4080/2006/3 4079/1940/3 4089/1939/3
f 4092/2005/296 4084/2007/296 4083/1942/296 4091/2005/296
f 4096/2002/1 4093/1944/1 4094/2003/1 4095/2002/1
f 4098/1951/294 4088/2001/294 4087/1952/294 4097/1951/294
f 4100/1946/292 4090/2004/292 4089/1939/292 4099/1946/292
f 4093/1944/297 4092/2005/297 4091/2005/297 4094/2003/297
f 4077/1947/290 4096/2002/290 4095/2002/290 4078/1947/290
f 4081/2008/295 4098/1951/295 4097/1951/295 4082/1948/295
f 4085/1938/293 4100/1946/293 4099/1946/293 4086/1938/293
usemtl M_Green_E
f 1964/1229/297 1976/1229/297 1977/1230/297 1965/1230/297
f 1965/1230/1 1977/1230/1 1967/1219/1 1955/1219/1
f 1955/1219/290 1967/1219/290 1966/1220/290 1954/1220/290
f 1954/1220/291 1966/1220/291 1968/1221/291 1956/1221/291
f 1956/1221/3 1968/1221/3 1969/1222/3 1957/1222/3
f 1957/1222/292 1969/1222/292 1970/1223/292 1958/1223/292
f 1958/1223/293 1970/1223/293 1971/1224/293 1959/1224/293
f 1959/1224/4 1971/1224/4 1972/1225/4 1960/1225/4
f 1960/1225/294 1972/1225/294 1973/1226/294 1961/1226/294
f 1961/1226/295 1973/1226/295 1974/1227/295 1962/1227/295
f 1962/1227/7 1974/1227/7 1975/1228/7 1963/1228/7
f 1963/1228/296 1975/1228/296 1976/1229/296 1964/1229/296
f 2570/1371/1 2572/1373/1 2573/1374/1 2571/1375/1 2574/1376/1 2576/1377/1 2577/1378/1 2575/1379/1 2606/1380/1 2608/1381/1 2609/1382/1 2607/1383/1 2602/1384/1 2604/1385/1 2605/1386/1 2603/1387/1
f 2594/1446/7 2596/1448/7 2597/1449/7 2595/1450/7 2598/1451/7 2600/1452/7 2601/1453/7 2599/1368/7 2630/1367/7 2632/1454/7 2633/1452/7 2631/1455/7 2626/1423/7 2628/1456/7 2629/1457/7 2627/1458/7
f 2586/1428/4 2588/1459/4 2589/1460/4 2587/1461/4 2590/1462/4 2592/1463/4 2593/1464/4 2591/1350/4 2622/1349/4 2624/1464/4 2625/1465/4 2623/1466/4 2618/1467/4 2620/1468/4 2621/1469/4 2619/1470/4
f 2578/1435/3 2580/1471/3 2581/1472/3 2579/1473/3 2582/1443/3 2584/1474/3 2585/1475/3 2583/1412/3 2614/1413/3 2616/1476/3 2617/1477/3 2615/1478/3 2610/1417/3 2612/1479/3 2613/1480/3 2611/1433/3
f 2817/1605/432 2815/1619/432 2814/1601/432 2816/1606/432
f 2818/1585/433 2819/1612/433 2810/1614/433 2811/1583/433
f 2811/1598/16 2810/1614/16 2812/1602/16 2813/1599/16
f 2813/1599/434 2812/1602/434 2814/1601/434 2815/1619/434
f 2955/1605/432 2953/1619/432 2952/1601/432 2954/1606/432
f 2956/1585/433 2957/1612/433 2948/1614/433 2949/1583/433
f 2949/1598/16 2948/1614/16 2950/1602/16 2951/1599/16
f 2951/1599/434 2950/1602/434 2952/1601/434 2953/1619/434
f 4579/2024/1048 4580/2039/1048 4583/2040/1048 4582/2024/1048
f 4581/2055/1049 4579/2024/1049 4582/2024/1049 4584/2043/1049
f 4580/2039/1050 4579/2024/1050 4585/2024/1050 4592/2056/1050
f 4579/2024/1051 4581/2055/1051 4589/2046/1051 4585/2024/1051
f 4585/2024/1052 4589/2046/1052 4590/2047/1052 4588/2024/1052
f 4588/2024/1053 4590/2047/1053 4591/2050/1053 4587/2024/1053
f 4587/2024/1054 4591/2050/1054 4606/2044/1054 4586/2045/1054
f 4592/2056/1055 4585/2024/1055 4588/2024/1055 4593/2057/1055
f 4593/2057/1056 4588/2024/1056 4587/2024/1056 4594/2042/1056
f 4594/2042/1057 4587/2024/1057 4586/2045/1057 4605/2041/1057
f 4607/2052/1058 4595/2054/1058 4596/2024/1058 4602/2051/1058
f 4595/2054/1059 4608/2048/1059 4599/2049/1059 4596/2024/1059
f 4596/2024/1060 4599/2049/1060 4600/2037/1060 4598/2024/1060
f 4598/2024/1061 4600/2037/1061 4601/2038/1061 4597/2024/1061
f 4597/2024/1062 4601/2038/1062 4584/2043/1062 4582/2024/1062
f 4602/2051/1063 4596/2024/1063 4598/2024/1063 4603/2053/1063
f 4603/2053/1064 4598/2024/1064 4597/2024/1064 4604/2051/1064
f 4604/2051/1065 4597/2024/1065 4582/2024/1065 4583/2040/1065
f 4719/2024/1048 4720/2039/1048 4723/2040/1048 4722/2024/1048
f 4721/2055/1049 4719/2024/1049 4722/2024/1049 4724/2043/1049
f 4720/2039/1050 4719/2024/1050 4725/2024/1050 4732/2056/1050
f 4719/2024/1051 4721/2055/1051 4729/2046/1051 4725/2024/1051
f 4725/2024/1052 4729/2046/1052 4730/2047/1052 4728/2024/1052
f 4728/2024/1053 4730/2047/1053 4731/2050/1053 4727/2024/1053
f 4727/2024/1054 4731/2050/1054 4746/2044/1054 4726/2045/1054
f 4732/2056/1055 4725/2024/1055 4728/2024/1055 4733/2057/1055
f 4733/2057/1056 4728/2024/1056 4727/2024/1056 4734/2042/1056
f 4734/2042/1057 4727/2024/1057 4726/2045/1057 4745/2041/1057
f 4747/2052/1058 4735/2054/1058 4736/2024/1058 4742/2051/1058
f 4735/2054/1059 4748/2048/1059 4739/2049/1059 4736/2024/1059
f 4736/2024/1060 4739/2049/1060 4740/2037/1060 4738/2024/1060
f 4738/2024/1061 4740/2037/1061 4741/2038/1061 4737/2024/1061
f 4737/2024/1062 4741/2038/1062 4724/2043/1062 4722/2024/1062
f 4742/2051/1063 4736/2024/1063 4738/2024/1063 4743/2053/1063
f 4743/2053/1064 4738/2024/1064 4737/2024/1064 4744/2051/1064
f 4744/2051/1065 4737/2024/1065 4722/2024/1065 4723/2040/1065
usemtl M_Green
f 1860/1221/291 1836/1221/291 1834/1220/291 1858/1220/291
f 1861/1222/3 1837/1222/3 1836/1221/3 1860/1221/3
f 1862/1223/292 1838/1223/292 1837/1222/292 1861/1222/292
f 1863/1224/293 1839/1224/293 1838/1223/293 1862/1223/293
f 1863/1224/4 1864/1225/4 1840/1225/4 1839/1224/4
f 1865/1226/294 1841/1226/294 1840/1225/294 1864/1225/294
f 1866/1227/295 1842/1227/295 1841/1226/295 1865/1226/295
f 1867/1228/7 1843/1228/7 1842/1227/7 1866/1227/7
f 1868/1229/296 1844/1229/296 1843/1228/296 1867/1228/296
f 1869/1230/297 1845/1230/297 1844/1229/297 1868/1229/297
f 1859/1219/1 1835/1219/1 1845/1230/1 1869/1230/1
f 1834/1220/290 1835/1219/290 1859/1219/290 1858/1220/290
f 2477/284/3 2476/284/3 2475/284/3 2474/284/3 2485/284/3 2484/284/3 2483/284/3 2482/284/3 2486/284/3 2487/284/3 2488/284/3 2489/284/3 2478/284/3 2479/284/3 2480/284/3 2481/284/3
f 2426/284/1 2425/284/1 2423/284/1 2422/284/1 2428/284/1 2429/284/1 2431/284/1 2432/284/1 2395/284/1 2393/284/1 2389/284/1 2387/284/1 2399/284/1 2401/284/1 2405/284/1 2407/284/1
f 2648/284/7 2649/284/7 2642/284/7 2643/284/7 2644/284/7 2645/284/7 2638/284/7 2639/284/7 2640/284/7 2641/284/7 2637/284/7 2636/284/7 2635/284/7 2634/284/7 2646/284/7 2647/284/7
f 2663/284/4 2664/284/4 2665/284/4 2661/284/4 2660/284/4 2659/284/4 2658/284/4 2654/284/4 2655/284/4 2656/284/4 2657/284/4 2653/284/4 2652/284/4 2651/284/4 2650/284/4 2662/284/4
f 2821/284/435 2822/284/435 2827/284/435 2820/284/435
f 2825/1597/436 2823/1600/436 2820/1601/436 2827/284/436
f 2823/1600/16 2825/1597/16 2824/1598/16 2828/1626/16
f 2824/1583/437 2826/1584/437 2829/1612/437 2828/1626/437
f 2959/284/435 2960/284/435 2965/284/435 2958/284/435
f 2963/1597/436 2961/1600/436 2958/1601/436 2965/284/436
f 2961/1600/16 2963/1597/16 2962/1598/16 2966/1626/16
f 2962/1583/437 2964/1584/437 2967/1612/437 2966/1626/437
