# Blender 4.2.3 LTS
# www.blender.org
mtllib SM_BioChem_T2.mtl
o SM_BioChem_T2
v 0.900000 0.000000 -1.000000
v -0.900000 0.000000 -1.000000
v -0.900000 0.000000 1.000000
v 0.900000 0.000000 1.000000
v -1.250000 0.000000 -0.800000
v -1.250000 0.000000 0.800000
v 1.250000 0.000000 0.800000
v 1.250000 0.000000 -0.800000
v -0.900000 0.000000 -0.800000
v -0.900000 0.000000 0.800000
v 0.900000 0.000000 -0.800000
v 0.900000 0.000000 0.800000
v -1.141911 0.000000 1.000000
v -1.250000 0.000000 0.891911
v -1.250000 0.000000 -0.891911
v -1.141911 0.000000 -1.000000
v 1.250000 0.000000 0.891911
v 1.141911 0.000000 1.000000
v 1.141911 0.000000 -1.000000
v 1.250000 0.000000 -0.891911
v -0.900000 0.843750 -1.000000
v 0.900000 0.843750 -1.000000
v 0.900000 0.843750 1.000000
v 1.085962 0.905231 -0.864929
v -0.900000 0.843750 1.000000
v -1.250000 0.843750 0.800000
v -1.250000 0.843750 -0.800000
v 1.250000 0.843750 -0.800000
v 1.250000 0.843750 0.800000
v -1.145880 0.914766 0.848783
v -1.250000 0.843750 0.891911
v -1.098783 0.914766 0.895880
v -1.141911 0.843750 1.000000
v -1.098783 0.914766 -0.895880
v -1.141911 0.843750 -1.000000
v -1.145880 0.914766 -0.848784
v -1.250000 0.843750 -0.891911
v 1.098783 0.914766 0.895880
v 1.141911 0.843750 1.000000
v 1.145880 0.914766 0.848783
v 1.250000 0.843750 0.891911
v 1.145880 0.914766 -0.848783
v 1.250000 0.843750 -0.891911
v 1.098783 0.914766 -0.895880
v 1.141911 0.843750 -1.000000
v 0.900000 0.000000 -0.990049
v -0.900000 0.000000 -0.990049
v -0.900000 0.000000 0.990049
v 0.900000 0.000000 0.990049
v -1.240049 0.000000 -0.800000
v -1.240049 0.000000 0.800000
v 1.240049 0.000000 0.800000
v 1.240049 0.000000 -0.800000
v -0.900000 0.839943 -0.990807
v -0.876293 0.905235 -0.901469
v 0.876293 0.905235 -0.901469
v 0.900000 0.839943 -0.990807
v 0.900000 0.839943 0.990807
v 0.907245 0.914766 0.895883
v -0.876293 0.905235 0.901469
v -0.900000 0.839943 0.990807
v -1.240807 0.839943 0.800000
v -1.151469 0.905233 0.776293
v -1.151469 0.905233 -0.776293
v -1.240807 0.839943 -0.800000
v 1.240807 0.839943 -0.800000
v 1.151469 0.905233 -0.776293
v 1.151469 0.905233 0.776293
v 1.240807 0.839943 0.800000
v -1.109495 0.914766 0.921740
v -1.171740 0.914766 0.859495
v -1.171740 0.914766 -0.859495
v -1.109495 0.914766 -0.921740
v 1.109495 0.914766 -0.921740
v 1.171739 0.914766 -0.859495
v 1.171739 0.914766 0.859495
v 1.109495 0.914766 0.921740
v -1.171740 0.914766 0.807245
v -0.907245 0.914766 0.921740
v -0.907245 0.914766 -0.921740
v -1.171740 0.914766 -0.807245
v 1.171739 0.914766 0.807245
v 0.907245 0.914766 0.921740
v 1.171739 0.914766 -0.807245
v 0.907245 0.914766 -0.921740
v 0.876293 0.905235 -0.864935
v -0.907245 0.914766 0.895888
v -0.900000 0.905234 -0.888639
v -0.907245 0.914766 -0.895884
v 0.907245 0.914766 -0.895886
v -1.145882 0.914766 -0.807245
v -1.114918 0.905233 0.776293
v -1.145880 0.914766 0.807245
v -1.085963 0.905231 -0.864929
v -1.114933 0.905233 -0.776293
v 1.114925 0.905233 -0.776293
v 1.145878 0.914766 -0.807245
v -1.114929 0.905231 -0.835962
v -1.114918 0.905231 0.835973
v -1.085962 0.905231 0.864929
v 0.876293 0.905235 0.901469
v -0.900000 0.905234 0.888654
v 1.145879 0.914766 0.807245
v 1.114923 0.905233 0.776293
v 1.114923 0.905231 0.835968
v 1.085963 0.905231 0.864929
v 0.900000 0.905234 0.888638
v 1.114925 0.905231 -0.835966
v 0.900000 0.905234 -0.925176
v -1.175176 0.905234 -0.800000
v 1.175176 0.905234 0.800000
v 0.900000 0.905234 -0.888642
v 1.138632 0.905234 -0.800000
v 1.175176 0.905234 -0.800000
v -1.138625 0.905234 0.800000
v -1.175176 0.905234 0.800000
v 1.138632 0.905230 -0.845786
v 1.095783 0.905230 -0.888636
v -1.138625 0.905230 0.845793
v -1.095783 0.905230 0.888636
v 1.138630 0.905230 0.845788
v 1.138630 0.905234 0.800000
v -0.900000 0.905234 -0.925176
v -0.876293 0.905235 -0.864932
v -1.138638 0.905234 -0.800000
v -1.138635 0.905230 -0.845783
v -0.876293 0.905235 0.864949
v -1.095783 0.905230 -0.888636
v -0.900000 0.905234 0.925176
v 1.095783 0.905230 0.888636
v 0.876293 0.905235 0.864931
v 0.900000 0.905234 0.925176
v 0.900000 0.889070 0.800000
v 0.876293 0.889070 0.864931
v 0.900000 0.889070 -0.800000
v -0.876293 0.889070 -0.864932
v -0.900000 0.889070 -0.800000
v 0.876293 0.889070 -0.864935
v -1.114933 0.889069 -0.776293
v -0.876293 0.889070 0.864949
v -0.900000 0.889070 0.800000
v 1.114925 0.889069 -0.776293
v -1.114918 0.889069 0.776293
v 1.114923 0.889069 0.776293
v 0.876293 0.889070 -0.901469
v -1.151469 0.889068 -0.776293
v 1.151469 0.889068 0.776293
v 1.151469 0.889068 -0.776293
v -1.151469 0.889068 0.776293
v 1.114925 0.889066 -0.835966
v 1.085962 0.889067 -0.864929
v -1.114918 0.889066 0.835973
v -1.085962 0.889067 0.864929
v 1.114923 0.889066 0.835968
v -0.876293 0.889070 -0.901469
v -1.114929 0.889066 -0.835962
v -1.085963 0.889067 -0.864929
v -0.876293 0.889070 0.901469
v 1.085963 0.889067 0.864929
v 0.876293 0.889070 0.901469
v -1.112496 0.914766 0.928984
v -1.178984 0.914766 0.862496
v -1.178984 0.914766 -0.862496
v -1.112496 0.914766 -0.928984
v 1.112495 0.914766 -0.928984
v 1.178984 0.914766 -0.862496
v 1.178984 0.914766 0.862496
v 1.112495 0.914766 0.928984
v -1.178984 0.914766 0.800000
v -0.900000 0.914766 0.928984
v -0.900000 0.914766 -0.928984
v -1.178984 0.914766 -0.800000
v 1.178984 0.914766 0.800000
v 0.900000 0.914766 0.928984
v 1.178984 0.914766 -0.800000
v 0.900000 0.914766 -0.928984
v 0.900000 0.914766 -0.888642
v 1.138633 0.914766 -0.800000
v -0.900000 0.914766 0.888643
v -1.138635 0.914766 0.800000
v -1.095783 0.914766 0.888636
v -1.138635 0.914766 0.845783
v -1.138635 0.914766 -0.845783
v -1.095783 0.914766 -0.888636
v 1.095783 0.914766 -0.888636
v 1.138635 0.914766 -0.845783
v 1.138635 0.914766 0.845783
v 1.095783 0.914766 0.888636
v 1.138634 0.914766 0.800000
v 0.900000 0.914766 0.888638
v -0.900000 0.914766 -0.888639
v -1.138638 0.914766 -0.800000
v -1.109495 0.912727 0.921740
v -1.098783 0.912727 0.895880
v -1.145880 0.912727 0.848783
v -1.171740 0.912727 0.859495
v -1.171740 0.912727 -0.859495
v -1.145880 0.912727 -0.848784
v -1.098783 0.912727 -0.895880
v -1.109495 0.912727 -0.921740
v 1.109495 0.912727 -0.921740
v 1.098783 0.912727 -0.895880
v 1.145880 0.912727 -0.848783
v 1.171739 0.912727 -0.859495
v 1.171739 0.912727 0.859495
v 1.145880 0.912727 0.848783
v 1.098783 0.912727 0.895880
v 1.109495 0.912727 0.921740
v -1.171740 0.912727 0.807245
v -0.907245 0.912727 0.921740
v -0.907245 0.912727 -0.921740
v -1.171740 0.912727 -0.807245
v 1.171739 0.912727 0.807245
v 0.907245 0.912727 0.921740
v 1.171739 0.912727 -0.807245
v 0.907245 0.912727 -0.921740
v 0.907245 0.912727 -0.895886
v 1.145878 0.912727 -0.807245
v -0.907245 0.912727 0.895888
v -1.145880 0.912727 0.807245
v 1.145879 0.912727 0.807245
v 0.907245 0.912727 0.895883
v -0.907245 0.912727 -0.895884
v -1.145882 0.912727 -0.807245
v 0.900000 0.052255 1.000000
v 0.900000 0.074304 1.000000
v -0.900000 0.052255 1.000000
v -0.900000 0.074304 1.000000
v -0.900000 0.052255 -1.000000
v -0.900000 0.074304 -1.000000
v 0.900000 0.052255 -1.000000
v 0.900000 0.074304 -1.000000
v 1.250000 0.107498 -0.833194
v 1.250000 0.052255 -0.800000
v 1.250000 0.052255 0.800000
v 1.250000 0.107498 0.833194
v -1.250000 0.107498 0.833194
v -1.250000 0.052255 0.800000
v -1.250000 0.052255 -0.800000
v -1.250000 0.107498 -0.833194
v -1.250000 0.107498 0.858717
v -1.250000 0.052255 0.891911
v -1.141911 0.052255 1.000000
v -1.141911 0.074304 1.000000
v -1.250000 0.052255 -0.891911
v -1.250000 0.107498 -0.858717
v -1.141911 0.074304 -1.000000
v -1.141911 0.052255 -1.000000
v 1.141911 0.052255 -1.000000
v 1.141911 0.074304 -1.000000
v 1.250000 0.107498 -0.858717
v 1.250000 0.052255 -0.891911
v 1.250000 0.052255 0.891911
v 1.250000 0.107498 0.858717
v 1.141911 0.074304 1.000000
v 1.141911 0.052255 1.000000
v -1.141911 0.818895 -1.000000
v -1.141911 0.810842 -1.000000
v -0.900000 0.818894 -1.000000
v -0.900000 0.810842 -1.000000
v 0.900000 0.810842 -1.000000
v 0.900000 0.818894 -1.000000
v 1.141911 0.810842 -1.000000
v 1.141911 0.818895 -1.000000
v 0.900000 0.810842 1.000000
v 0.900000 0.818894 1.000000
v -0.900000 0.818894 1.000000
v -0.900000 0.810842 1.000000
v 1.141911 0.818895 1.000000
v 1.141911 0.810842 1.000000
v -1.141911 0.810842 1.000000
v -1.141911 0.818895 1.000000
v -1.250000 0.818894 0.800000
v -1.250000 0.777648 0.833194
v -1.250000 0.777648 -0.833194
v -1.250000 0.818894 -0.800000
v -1.250000 0.777648 0.858717
v -1.250000 0.818895 0.891911
v -1.250000 0.777648 -0.858717
v -1.250000 0.818895 -0.891911
v 1.250000 0.818894 -0.800000
v 1.250000 0.777648 -0.833194
v 1.250000 0.777648 0.833194
v 1.250000 0.818894 0.800000
v 1.250000 0.818895 -0.891911
v 1.250000 0.777648 -0.858717
v 1.250000 0.777648 0.858717
v 1.250000 0.818895 0.891911
v 0.882939 0.091365 0.990049
v 0.900000 0.052255 0.990049
v -0.900000 0.052255 0.990049
v -0.882939 0.091365 0.990049
v -0.882939 0.091365 -0.990049
v -0.900000 0.052255 -0.990049
v 0.882939 0.091365 -0.990049
v 0.900000 0.052255 -0.990049
v 1.218176 0.140767 -0.720746
v 1.240049 0.052255 -0.800000
v 1.218176 0.140767 0.720746
v 1.240049 0.052255 0.800000
v -1.218176 0.140767 0.720746
v -1.240049 0.052255 0.800000
v -1.218176 0.140767 -0.720746
v -1.240049 0.052255 -0.800000
v -0.900000 0.818894 -0.990171
v -0.882939 0.793781 -0.990049
v 0.900000 0.818894 -0.990171
v 0.882939 0.793781 -0.990049
v 0.900000 0.818894 0.990171
v 0.882939 0.793781 0.990049
v -0.882939 0.793781 0.990049
v -0.900000 0.818894 0.990171
v -1.240171 0.818894 0.800000
v -1.212625 0.736231 0.725389
v -1.240171 0.818894 -0.800000
v -1.212625 0.736231 -0.725389
v 1.240171 0.818894 -0.800000
v 1.212625 0.736231 -0.725389
v 1.240171 0.818894 0.800000
v 1.212625 0.736231 0.725389
v -1.221055 0.142728 0.348000
v -1.240049 0.074304 0.270408
v -1.240049 0.074304 -0.270408
v -1.221055 0.142728 -0.348000
v 1.221055 0.142728 -0.348000
v 1.221055 0.142728 0.348000
v -1.151469 0.905230 0.765238
v -1.151469 0.905232 0.773291
v -1.151469 0.905232 -0.773291
v -1.151469 0.905230 -0.765238
v -1.240807 0.839943 -0.773291
v -1.240807 0.839943 -0.765238
v -1.240807 0.839943 0.765238
v -1.240807 0.839943 0.773291
v 1.151469 0.905230 -0.765238
v 1.151469 0.905232 -0.773291
v 1.151469 0.905232 0.773291
v 1.151469 0.905230 0.765238
v 1.240807 0.839943 0.773291
v 1.240807 0.839943 0.765238
v 1.240807 0.839943 -0.765238
v 1.240807 0.839943 -0.773291
v -1.240171 0.818894 0.773291
v -1.240171 0.818893 0.765238
v -1.218176 0.731589 0.346039
v -1.240171 0.818894 -0.773291
v -1.218176 0.731589 -0.346039
v -1.240171 0.818893 -0.765238
v 1.240171 0.818894 -0.773291
v 1.240171 0.818893 -0.765238
v 1.240049 0.810842 -0.270408
v 1.218176 0.731589 -0.346039
v 1.240171 0.818894 0.773291
v 1.218176 0.731589 0.346039
v 1.240049 0.810842 0.270408
v 1.240171 0.818893 0.765238
v -0.752430 0.091365 -0.990049
v -0.727316 0.074304 -0.990049
v 0.727316 0.074304 -0.990049
v 0.752430 0.091365 -0.990049
v 0.752430 0.091365 0.990049
v 0.727316 0.074304 0.990049
v -0.727316 0.074304 0.990049
v -0.752430 0.091365 0.990049
v -0.727316 0.905231 -0.901469
v -0.735369 0.905231 -0.901469
v 0.735369 0.905231 -0.901469
v 0.727316 0.905231 -0.901469
v 0.735369 0.839943 -0.990807
v 0.727316 0.839943 -0.990807
v -0.727316 0.839943 -0.990807
v -0.735369 0.839943 -0.990807
v -0.735369 0.839943 0.990807
v -0.727316 0.839943 0.990807
v 0.727316 0.839943 0.990807
v 0.735369 0.839943 0.990807
v 0.735369 0.818894 0.990171
v 0.727316 0.818893 0.990171
v 0.727316 0.810842 0.990049
v 0.752430 0.793781 0.990049
v -0.735369 0.818894 0.990171
v -0.752430 0.793781 0.990049
v -0.727316 0.810842 0.990049
v -0.727316 0.818893 0.990171
v -0.735369 0.818894 -0.990171
v -0.727316 0.818893 -0.990171
v -0.727316 0.810842 -0.990049
v -0.752430 0.793781 -0.990049
v 0.735369 0.818894 -0.990171
v 0.752430 0.793781 -0.990049
v 0.727316 0.810842 -0.990049
v 0.727316 0.818893 -0.990171
v 0.727316 0.905231 0.901469
v 0.735369 0.905231 0.901469
v -0.735369 0.905231 0.901469
v -0.727316 0.905231 0.901469
v 0.727316 0.905230 -0.925176
v 0.735369 0.905230 -0.925176
v -1.175176 0.905230 -0.765238
v -1.175176 0.905231 -0.773291
v 1.175176 0.905230 0.765238
v 1.175176 0.905231 0.773291
v -1.175176 0.905231 0.773291
v -1.175176 0.905230 0.765238
v 1.175176 0.905231 -0.773291
v 1.175176 0.905230 -0.765238
v -0.727316 0.905230 0.925176
v -0.735369 0.905230 0.925176
v -0.735369 0.905230 -0.925176
v -0.727316 0.905230 -0.925176
v 0.735369 0.905230 0.925176
v 0.727316 0.905230 0.925176
v -1.151469 0.889067 -0.773291
v -1.151469 0.889066 -0.765238
v -1.151469 0.889066 0.765238
v -1.151469 0.889067 0.773291
v 1.151469 0.889066 -0.765238
v 1.151469 0.889067 -0.773291
v 1.151469 0.889067 0.773291
v 1.151469 0.889066 0.765238
v 0.735369 0.889066 -0.901469
v 0.727316 0.889066 -0.901469
v 0.727316 0.889066 0.901469
v 0.735369 0.889066 0.901469
v -0.727316 0.889066 -0.901469
v -0.735369 0.889066 -0.901469
v -0.735369 0.889066 0.901469
v -0.727316 0.889066 0.901469
v -1.231623 0.074304 0.279575
v -1.231623 0.074304 0.270408
v -1.231623 0.074304 -0.279575
v -1.231623 0.074304 -0.270408
v 1.231623 0.074304 -0.279575
v 1.231623 0.074304 -0.270408
v 1.231623 0.074304 0.279575
v 1.231623 0.074304 0.270408
v -1.231623 0.810927 0.279575
v -1.231746 0.819064 0.773291
v -1.231746 0.819063 0.765238
v -1.231623 0.810927 0.270408
v -1.231746 0.819063 -0.765238
v -1.231746 0.819064 -0.773291
v -1.231623 0.810927 -0.279575
v -1.231623 0.810927 -0.270408
v 1.231623 0.810927 -0.279575
v 1.231746 0.819064 -0.773291
v 1.231746 0.819063 -0.765238
v 1.231623 0.810927 -0.270408
v 1.231746 0.819063 0.765238
v 1.231746 0.819064 0.773291
v 1.231623 0.810927 0.279575
v 1.231623 0.810927 0.270408
v -0.735369 0.074304 -0.981623
v -0.727316 0.074304 -0.981623
v 0.735369 0.074304 -0.981623
v 0.727316 0.074304 -0.981623
v 0.735369 0.074304 0.981623
v 0.727316 0.074304 0.981623
v -0.735369 0.074304 0.981623
v -0.727316 0.074304 0.981623
v 0.735369 0.810927 0.981623
v 0.735369 0.819064 0.981746
v 0.727316 0.819063 0.981746
v 0.727316 0.810927 0.981623
v -0.727316 0.819063 0.981746
v -0.735369 0.819064 0.981746
v -0.735369 0.810927 0.981623
v -0.727316 0.810927 0.981623
v -0.735369 0.810927 -0.981623
v -0.735369 0.819064 -0.981746
v -0.727316 0.819063 -0.981746
v -0.727316 0.810927 -0.981623
v 0.727316 0.819063 -0.981746
v 0.735369 0.819064 -0.981746
v 0.735369 0.810927 -0.981623
v 0.727316 0.810927 -0.981623
v -1.159896 0.889067 -0.773291
v -1.159896 0.889066 -0.765238
v -1.159896 0.889066 0.765238
v -1.159896 0.889067 0.773291
v 1.159896 0.889066 -0.765238
v 1.159896 0.889067 -0.773291
v 1.159896 0.889067 0.773291
v 1.159896 0.889066 0.765238
v 0.735369 0.889066 -0.909896
v 0.727316 0.889066 -0.909896
v 0.727316 0.889066 0.909896
v 0.735369 0.889066 0.909896
v -0.727316 0.889066 -0.909896
v -0.735369 0.889066 -0.909896
v -0.735369 0.889066 0.909896
v -0.727316 0.889066 0.909896
v -0.908427 0.818894 0.991573
v -0.908427 0.810842 0.991573
v -0.908386 0.810970 0.981583
v -0.908467 0.819021 0.981786
v -0.908427 0.066251 -0.991573
v -0.908427 0.074304 -0.991573
v -0.908427 0.074304 -0.981623
v -0.908427 0.066251 -0.981623
v 0.908427 0.074304 0.981623
v 0.908427 0.066251 0.981623
v 0.908427 0.066251 0.991573
v 0.908427 0.074304 0.991573
v -1.241573 0.074304 0.888421
v -1.241573 0.066251 0.888421
v -1.138421 0.066251 0.991573
v -1.138421 0.074304 0.991573
v -1.241573 0.066251 -0.888421
v -1.241573 0.074304 -0.888421
v -1.138421 0.074304 -0.991573
v -1.138421 0.066251 -0.991573
v 1.138421 0.066251 -0.991573
v 1.138421 0.074304 -0.991573
v 1.241573 0.074304 -0.888421
v 1.241573 0.066251 -0.888421
v 1.241573 0.066251 0.888421
v 1.241573 0.074304 0.888421
v 1.138421 0.074304 0.991573
v 1.138421 0.066251 0.991573
v -1.241573 0.074304 0.808427
v -1.241573 0.066251 0.808427
v -0.908427 0.066251 0.991573
v -0.908427 0.074304 0.991573
v -1.241573 0.066251 -0.808427
v -1.241573 0.074304 -0.808427
v 1.241573 0.066251 0.808427
v 1.241573 0.074304 0.808427
v 0.908427 0.066251 -0.991573
v 0.908427 0.074304 -0.991573
v 1.241573 0.074304 -0.808427
v 1.241573 0.066251 -0.808427
v 0.908427 0.810842 0.991573
v 0.908427 0.818894 0.991573
v 0.908467 0.819021 0.981786
v 0.908386 0.810970 0.981583
v -0.908427 0.066251 0.981623
v -0.908427 0.074304 0.981623
v 1.241573 0.818895 -0.888421
v 1.241573 0.810842 -0.888421
v 1.138421 0.810842 -0.991573
v 1.138421 0.818895 -0.991573
v 1.138421 0.818895 0.991573
v 1.138421 0.810842 0.991573
v 1.241573 0.810842 0.888421
v 1.241573 0.818895 0.888421
v -1.138421 0.818895 -0.991573
v -1.138421 0.810842 -0.991573
v -1.241573 0.810842 -0.888421
v -1.241573 0.818895 -0.888421
v -1.241573 0.810842 -0.808427
v -1.241573 0.818894 -0.808427
v 0.908427 0.810842 -0.991573
v 0.908427 0.818894 -0.991573
v -1.241573 0.810842 0.888421
v -1.241573 0.818895 0.888421
v -1.241573 0.818894 0.808427
v -1.241573 0.810842 0.808427
v 1.241573 0.818894 -0.808427
v 1.241573 0.810842 -0.808427
v 1.241573 0.810842 0.808427
v 1.241573 0.818894 0.808427
v -0.908427 0.818894 -0.991573
v -0.908427 0.810842 -0.991573
v -1.138421 0.810842 0.991573
v -1.138421 0.818895 0.991573
v -1.231623 0.074304 -0.808427
v -1.231623 0.066251 -0.808427
v 1.231623 0.074304 0.808427
v 1.231623 0.066251 0.808427
v 0.908427 0.074304 -0.981623
v 0.908427 0.066251 -0.981623
v -1.231786 0.819021 -0.808467
v 0.908467 0.819021 -0.981786
v 0.908386 0.810970 -0.981583
v 1.231786 0.819021 0.808467
v 1.231583 0.810970 0.808386
v -1.231786 0.819021 0.808467
v -0.908467 0.819021 -0.981786
v -0.908386 0.810970 -0.981583
v -1.231623 0.074304 0.808427
v -1.231623 0.066251 0.808427
v 1.231623 0.074304 -0.808427
v 1.231623 0.066251 -0.808427
v 1.231786 0.819021 -0.808467
v 1.231583 0.810970 -0.808386
v 1.171699 0.896804 -0.773292
v 1.171699 0.896804 -0.765239
v 1.232274 0.836545 -0.765238
v 1.232274 0.836545 -0.773291
v 1.171699 0.896804 0.765239
v 1.171699 0.896804 0.773292
v 1.232274 0.836545 0.773291
v 1.232274 0.836545 0.765238
v -1.171699 0.896804 0.773292
v -1.171699 0.896804 0.765239
v -1.232274 0.836545 0.765238
v -1.232274 0.836545 0.773291
v -1.171699 0.896804 -0.765239
v -1.171699 0.896804 -0.773292
v -1.232274 0.836545 -0.773291
v -1.232274 0.836545 -0.765238
v 0.735369 0.896804 -0.909896
v 0.727316 0.896804 -0.909896
v -0.727316 0.896804 -0.909896
v -0.735369 0.896804 -0.909896
v 1.159896 0.896804 -0.765239
v 1.159895 0.896805 -0.773292
v -1.159895 0.896805 -0.773292
v -1.159896 0.896804 -0.765239
v -1.159896 0.896804 0.765239
v -1.159895 0.896805 0.773292
v 0.735369 0.896804 0.921699
v 0.727316 0.896804 0.921699
v 0.727316 0.836545 0.982274
v 0.735369 0.836545 0.982274
v -0.727316 0.896804 0.921699
v -0.735369 0.896804 0.921699
v -0.735369 0.836545 0.982274
v -0.727316 0.836545 0.982274
v -0.735369 0.896804 -0.921699
v -0.727316 0.896804 -0.921699
v -0.727316 0.836545 -0.982274
v -0.735369 0.836545 -0.982274
v 0.727316 0.896804 -0.921699
v 0.735369 0.896804 -0.921699
v 0.735369 0.836545 -0.982274
v 0.727316 0.836545 -0.982274
v 1.159895 0.896805 0.773292
v 1.159896 0.896804 0.765239
v -0.735369 0.896804 0.909896
v -0.727316 0.896804 0.909896
v 0.727316 0.896804 0.909896
v 0.735369 0.896804 0.909896
v -1.250000 0.074304 0.891911
v -1.250000 0.074304 0.800000
v -1.250000 0.074304 -0.800000
v -1.250000 0.074304 -0.891911
v 1.250000 0.074304 0.800000
v 1.250000 0.074304 0.891911
v 1.250000 0.074304 -0.891911
v 1.250000 0.074304 -0.800000
v -1.250000 0.810842 -0.891911
v -1.250000 0.810842 -0.800000
v -1.250000 0.810842 0.800000
v -1.250000 0.810842 0.891911
v 1.250000 0.810842 -0.800000
v 1.250000 0.810842 -0.891911
v 1.250000 0.810842 0.891911
v 1.250000 0.810842 0.800000
v -1.246573 0.111312 0.854903
v -1.246573 0.111312 0.837009
v -1.246573 0.111312 -0.837009
v -1.246573 0.111312 -0.854903
v 1.246573 0.111312 0.837009
v 1.246573 0.111312 0.854903
v 1.246573 0.111312 -0.854903
v 1.246573 0.111312 -0.837009
v -1.246573 0.773834 -0.854903
v -1.246573 0.773834 -0.837009
v -1.246573 0.773834 0.837009
v -1.246573 0.773834 0.854903
v 1.246573 0.773834 -0.837009
v 1.246573 0.773834 -0.854903
v 1.246573 0.773834 0.854903
v 1.246573 0.773834 0.837009
v -1.246573 0.107498 0.858717
v -1.246573 0.107498 0.833194
v -1.246573 0.107498 -0.833194
v -1.246573 0.107498 -0.858717
v 1.246573 0.107498 0.833194
v 1.246573 0.107498 0.858717
v 1.246573 0.107498 -0.858717
v 1.246573 0.107498 -0.833194
v -1.246573 0.777648 -0.858717
v -1.246573 0.777648 -0.833194
v -1.246573 0.777648 0.833194
v -1.246573 0.777648 0.858717
v 1.246573 0.777648 -0.833194
v 1.246573 0.777648 -0.858717
v 1.246573 0.777648 0.858717
v 1.246573 0.777648 0.833194
v -1.244004 0.111312 0.854903
v -1.244004 0.111312 0.837009
v -1.244004 0.111312 -0.837009
v -1.244004 0.111312 -0.854903
v 1.244003 0.111312 0.837009
v 1.244003 0.111312 0.854903
v 1.244003 0.111312 -0.854903
v 1.244003 0.111312 -0.837009
v -1.244004 0.773834 -0.854903
v -1.244004 0.773834 -0.837009
v -1.244004 0.773834 0.837009
v -1.244004 0.773834 0.854903
v 1.244003 0.773834 -0.837009
v 1.244003 0.773834 -0.854903
v 1.244003 0.773834 0.854903
v 1.244003 0.773834 0.837009
v 0.735369 0.074304 -0.990049
v 0.900000 0.074304 -0.990049
v -0.735369 0.074304 0.990049
v -0.900000 0.074304 0.990049
v -0.900000 0.810842 0.990049
v -0.735369 0.810842 0.990049
v 0.900000 0.810842 -0.990049
v 0.735369 0.810842 -0.990049
v -0.900000 0.074304 -0.990049
v -0.735369 0.074304 -0.990049
v 0.900000 0.074304 0.990049
v 0.735369 0.074304 0.990049
v 0.735369 0.810842 0.990049
v 0.900000 0.810842 0.990049
v -0.735369 0.810842 -0.990049
v -0.900000 0.810842 -0.990049
v 0.760934 0.099869 -0.983754
v 0.874434 0.099869 -0.983754
v -0.760935 0.099869 0.983754
v -0.874434 0.099869 0.983754
v -0.874434 0.785277 0.983754
v -0.760935 0.785277 0.983754
v 0.874434 0.785277 -0.983754
v 0.760934 0.785277 -0.983754
v -0.874434 0.099869 -0.983754
v -0.760935 0.099869 -0.983754
v 0.874434 0.099869 0.983754
v 0.760934 0.099869 0.983754
v 0.760934 0.785277 0.983754
v 0.874434 0.785277 0.983754
v -0.760935 0.785277 -0.983754
v -0.874434 0.785277 -0.983754
v 0.752430 0.091365 -0.983754
v 0.882939 0.091365 -0.983754
v -0.752430 0.091365 0.983754
v -0.882939 0.091365 0.983754
v -0.882939 0.793781 0.983754
v -0.752430 0.793781 0.983754
v 0.882939 0.793781 -0.983754
v 0.752430 0.793781 -0.983754
v -0.882939 0.091365 -0.983754
v -0.752430 0.091365 -0.983754
v 0.882939 0.091365 0.983754
v 0.752430 0.091365 0.983754
v 0.752430 0.793781 0.983754
v 0.882939 0.793781 0.983754
v -0.752430 0.793781 -0.983754
v -0.882939 0.793781 -0.983754
v 0.760934 0.785277 -0.990535
v 0.874434 0.785277 -0.990535
v -0.760935 0.785277 0.990535
v -0.874434 0.785277 0.990535
v -0.874434 0.099869 0.990535
v -0.760935 0.099869 0.990535
v 0.874434 0.099869 -0.990535
v 0.760934 0.099869 -0.990535
v -0.760935 0.609377 -0.983754
v -0.760935 0.619850 -0.983754
v 0.760934 0.619850 -0.983754
v 0.760934 0.609377 -0.983754
v 0.760934 0.609377 0.983754
v 0.760934 0.619850 0.983754
v -0.760935 0.619850 0.983754
v -0.760935 0.609377 0.983754
v 0.874434 0.619850 0.983754
v 0.874434 0.609377 0.983754
v -0.874434 0.609377 0.983754
v -0.874434 0.619850 0.983754
v -0.874434 0.619850 -0.983754
v -0.874434 0.609377 -0.983754
v 0.874434 0.609377 -0.983754
v 0.874434 0.619850 -0.983754
v -0.874434 0.099869 -0.990535
v -0.760935 0.099869 -0.990535
v 0.874434 0.099869 0.990535
v 0.760934 0.099869 0.990535
v 0.760934 0.785277 0.990535
v 0.874434 0.785277 0.990535
v -0.760935 0.785277 -0.990535
v -0.874434 0.785277 -0.990535
v -0.874434 0.619850 -0.990535
v -0.760935 0.619850 -0.990535
v -0.760935 0.609377 -0.990535
v -0.874434 0.609377 -0.990535
v 0.874434 0.619850 0.990535
v 0.760934 0.619850 0.990535
v 0.760934 0.609377 0.990535
v 0.874434 0.609377 0.990535
v -0.760935 0.619850 0.990535
v -0.874434 0.619850 0.990535
v -0.874434 0.609377 0.990535
v -0.760935 0.609377 0.990535
v 0.760934 0.619850 -0.990535
v 0.874434 0.619850 -0.990535
v 0.874434 0.609377 -0.990535
v 0.760934 0.609377 -0.990535
v -0.874434 0.702563 -0.990535
v 0.817684 0.619850 0.990535
v -0.817684 0.785277 -0.990535
v 0.817684 0.785277 -0.990535
v -0.817684 0.619850 0.990535
v 0.817684 0.785277 0.990535
v -0.817684 0.785277 0.990535
v -0.760935 0.702563 -0.990535
v -0.817684 0.619850 -0.990535
v 0.817684 0.619850 -0.990535
v 0.760934 0.702563 -0.990535
v 0.874434 0.702563 -0.990535
v 0.874434 0.702563 0.990535
v 0.760934 0.702563 0.990535
v -0.760935 0.702563 0.990535
v -0.874434 0.702563 0.990535
v -0.817684 0.702563 -0.990535
v -0.817684 0.702563 0.990535
v 0.817684 0.702563 -0.990535
v 0.817684 0.702563 0.990535
v 0.811314 0.708934 0.990535
v 0.811314 0.778906 0.990535
v 0.767305 0.778906 0.990535
v 0.767305 0.708934 0.990535
v 0.824055 0.708934 -0.990535
v 0.824055 0.778906 -0.990535
v 0.868064 0.778906 -0.990535
v 0.868064 0.708934 -0.990535
v -0.824055 0.708934 0.990535
v -0.824055 0.778906 0.990535
v -0.868064 0.778906 0.990535
v -0.868064 0.708934 0.990535
v -0.811314 0.708934 -0.990535
v -0.811314 0.778906 -0.990535
v -0.767305 0.778906 -0.990535
v -0.767305 0.708934 -0.990535
v -0.811314 0.626221 -0.990535
v -0.811314 0.696193 -0.990535
v -0.767305 0.696193 -0.990535
v -0.767305 0.626221 -0.990535
v -0.868064 0.626221 -0.990535
v -0.868064 0.696193 -0.990535
v -0.824055 0.696193 -0.990535
v -0.824055 0.626221 -0.990535
v -0.868064 0.708934 -0.990535
v -0.868064 0.778906 -0.990535
v -0.824055 0.778906 -0.990535
v -0.824055 0.708934 -0.990535
v -0.824055 0.626221 0.990535
v -0.824055 0.696193 0.990535
v -0.868064 0.696193 0.990535
v -0.868064 0.626221 0.990535
v -0.767305 0.626221 0.990535
v -0.767305 0.696193 0.990535
v -0.811314 0.696193 0.990535
v -0.811314 0.626221 0.990535
v -0.767305 0.708934 0.990535
v -0.767305 0.778906 0.990535
v -0.811314 0.778906 0.990535
v -0.811314 0.708934 0.990535
v 0.824055 0.626221 -0.990535
v 0.824055 0.696193 -0.990535
v 0.868064 0.696193 -0.990535
v 0.868064 0.626221 -0.990535
v 0.767305 0.626221 -0.990535
v 0.767305 0.696193 -0.990535
v 0.811314 0.696193 -0.990535
v 0.811314 0.626221 -0.990535
v 0.767305 0.708934 -0.990535
v 0.767305 0.778906 -0.990535
v 0.811314 0.778906 -0.990535
v 0.811314 0.708934 -0.990535
v 0.811314 0.626221 0.990535
v 0.811314 0.696193 0.990535
v 0.767305 0.696193 0.990535
v 0.767305 0.626221 0.990535
v 0.868064 0.626221 0.990535
v 0.868064 0.696193 0.990535
v 0.824055 0.696193 0.990535
v 0.824055 0.626221 0.990535
v 0.868064 0.708934 0.990535
v 0.868064 0.778906 0.990535
v 0.824055 0.778906 0.990535
v 0.824055 0.708934 0.990535
v 0.811314 0.778906 0.987901
v 0.811314 0.708934 0.987901
v 0.767305 0.708934 0.987901
v 0.767305 0.778906 0.987901
v 0.824055 0.778906 -0.987901
v 0.824055 0.708934 -0.987901
v 0.868064 0.708934 -0.987901
v 0.868064 0.778906 -0.987901
v -0.824055 0.778906 0.987901
v -0.824055 0.708934 0.987901
v -0.868064 0.708934 0.987901
v -0.868064 0.778906 0.987901
v -0.811314 0.778906 -0.987901
v -0.811314 0.708934 -0.987901
v -0.767305 0.708934 -0.987901
v -0.767305 0.778906 -0.987901
v -0.811314 0.696193 -0.987901
v -0.811314 0.626221 -0.987901
v -0.767305 0.626221 -0.987901
v -0.767305 0.696193 -0.987901
v -0.868064 0.626221 -0.987901
v -0.868064 0.696193 -0.987901
v -0.824055 0.626221 -0.987901
v -0.824055 0.696193 -0.987901
v -0.868064 0.708934 -0.987901
v -0.868064 0.778906 -0.987901
v -0.824055 0.708934 -0.987901
v -0.824055 0.778906 -0.987901
v -0.824055 0.696193 0.987901
v -0.824055 0.626221 0.987901
v -0.868064 0.626221 0.987901
v -0.868064 0.696193 0.987901
v -0.767305 0.696193 0.987901
v -0.767305 0.626221 0.987901
v -0.811314 0.626221 0.987901
v -0.811314 0.696193 0.987901
v -0.767305 0.778906 0.987901
v -0.767305 0.708934 0.987901
v -0.811314 0.708934 0.987901
v -0.811314 0.778906 0.987901
v 0.824055 0.696193 -0.987901
v 0.824055 0.626221 -0.987901
v 0.868064 0.626221 -0.987901
v 0.868064 0.696193 -0.987901
v 0.767305 0.696193 -0.987901
v 0.767305 0.626221 -0.987901
v 0.811314 0.626221 -0.987901
v 0.811314 0.696193 -0.987901
v 0.767305 0.778906 -0.987901
v 0.767305 0.708934 -0.987901
v 0.811314 0.708934 -0.987901
v 0.811314 0.778906 -0.987901
v 0.811314 0.696193 0.987901
v 0.811314 0.626221 0.987901
v 0.767305 0.626221 0.987901
v 0.767305 0.696193 0.987901
v 0.868064 0.626221 0.987901
v 0.868064 0.696193 0.987901
v 0.824055 0.626221 0.987901
v 0.824055 0.696193 0.987901
v 0.868064 0.708934 0.987901
v 0.868064 0.778906 0.987901
v 0.824055 0.708934 0.987901
v 0.824055 0.778906 0.987901
v 0.250000 0.074304 -0.990049
v -0.250000 0.074304 0.990049
v -0.250000 0.810842 0.990049
v 0.250000 0.810842 -0.990049
v -0.251203 0.052255 0.990049
v -0.269025 0.093349 0.990049
v -0.269025 0.791817 0.990049
v -0.708291 0.791817 0.990049
v -0.708291 0.093349 0.990049
v 0.269025 0.093349 -0.990049
v 0.269025 0.791817 -0.990049
v 0.708291 0.791817 -0.990049
v 0.708291 0.093349 -0.990049
v -0.269025 0.791817 0.983340
v -0.269025 0.093349 0.983340
v -0.708291 0.093349 0.983340
v -0.708291 0.791817 0.983340
v 0.269025 0.791817 -0.983340
v 0.269025 0.093349 -0.983340
v 0.708291 0.093349 -0.983340
v 0.708291 0.791817 -0.983340
v -0.274392 0.098715 0.983340
v -0.274392 0.786450 0.983340
v -0.702924 0.786450 0.983340
v -0.702924 0.098715 0.983340
v 0.274392 0.098715 -0.983340
v 0.274392 0.786450 -0.983340
v 0.702924 0.786450 -0.983340
v 0.702924 0.098715 -0.983340
v -0.274392 0.786450 1.000192
v -0.274392 0.098715 1.000192
v -0.702924 0.098715 1.000192
v -0.702924 0.786450 1.000192
v 0.274392 0.786450 -1.000192
v 0.274392 0.098715 -1.000192
v 0.702924 0.098715 -1.000192
v 0.702924 0.786450 -1.000192
v -0.287353 0.111676 1.000192
v -0.287353 0.773489 1.000192
v -0.689963 0.773489 1.000192
v -0.689963 0.111676 1.000192
v 0.287353 0.111676 -1.000192
v 0.287353 0.773489 -1.000192
v 0.689963 0.773489 -1.000192
v 0.689963 0.111676 -1.000192
v -0.287353 0.773489 0.995655
v -0.287353 0.111676 0.995655
v -0.689963 0.111676 0.995655
v -0.689963 0.773489 0.995655
v 0.287353 0.773489 -0.995655
v 0.287353 0.111676 -0.995655
v 0.689963 0.111676 -0.995655
v 0.689963 0.773489 -0.995655
v -0.294821 0.119145 0.995655
v -0.294821 0.766021 0.995655
v -0.682495 0.766021 0.995655
v -0.682495 0.119145 0.995655
v 0.294821 0.119145 -0.995655
v 0.294821 0.766021 -0.995655
v 0.682495 0.766021 -0.995655
v 0.682495 0.119145 -0.995655
v -0.294821 0.766021 0.991669
v -0.294821 0.119145 0.991669
v -0.682495 0.119145 0.991669
v -0.682495 0.766021 0.991669
v 0.294821 0.766021 -0.991669
v 0.294821 0.119145 -0.991669
v 0.682495 0.119145 -0.991669
v 0.682495 0.766021 -0.991669
v 0.711655 0.089965 0.990049
v 0.711655 0.795181 0.990049
v -0.711655 0.089965 -0.962665
v -0.711655 0.795181 -0.962665
v 0.234339 0.089965 -0.962665
v 0.234339 0.795181 -0.962665
v -0.234339 0.089965 0.962665
v 0.234339 0.795181 -0.990049
v -0.234339 0.795181 0.962665
v 0.234339 0.089965 -0.990049
v -0.234339 0.089965 0.990049
v -0.234339 0.795181 0.990049
v -0.711655 0.795181 -0.990049
v -0.711655 0.089965 -0.990049
v 0.711655 0.089965 0.962665
v 0.711655 0.795181 0.962665
v -0.698086 0.103533 -0.962665
v -0.698086 0.781613 -0.962665
v 0.220770 0.781613 -0.962665
v 0.220770 0.103533 -0.962665
v 0.698086 0.103533 0.962665
v 0.698086 0.781613 0.962665
v -0.220770 0.781613 0.962665
v -0.220771 0.103533 0.962665
v 0.220770 0.581166 -0.962665
v 0.220770 0.600379 -0.962665
v 0.698086 0.679966 0.962665
v -0.220770 0.205180 0.962665
v -0.220770 0.284767 0.962665
v -0.698086 0.402779 -0.962665
v 0.698086 0.402779 0.962665
v -0.698086 0.482367 -0.962665
v -0.698086 0.284767 -0.962665
v -0.698086 0.205180 -0.962665
v 0.698086 0.205180 0.962665
v -0.220770 0.106380 0.962665
v -0.698086 0.581166 -0.962665
v 0.698086 0.581166 0.962665
v 0.698086 0.501579 0.962665
v -0.220770 0.581166 0.962665
v 0.220770 0.303980 -0.962665
v -0.698086 0.699178 -0.962665
v 0.220770 0.778766 -0.962665
v -0.220770 0.699178 0.962665
v 0.698086 0.106380 0.962665
v -0.698086 0.106380 -0.962665
v -0.698086 0.185967 -0.962665
v 0.220770 0.185967 -0.962665
v -0.698086 0.303980 -0.962665
v 0.220770 0.383567 -0.962665
v 0.698086 0.383567 0.962665
v -0.698086 0.778766 -0.962665
v -0.220770 0.383567 0.962665
v -0.698086 0.383567 -0.962665
v 0.698086 0.185967 0.962665
v -0.698086 0.600379 -0.962665
v -0.698086 0.679966 -0.962665
v 0.220770 0.501579 -0.962665
v 0.698086 0.482367 0.962665
v -0.220770 0.185967 0.962665
v 0.220770 0.402779 -0.962665
v 0.220770 0.482367 -0.962665
v -0.220770 0.482367 0.962665
v -0.220770 0.402779 0.962665
v 0.220770 0.284767 -0.962665
v 0.220770 0.205180 -0.962665
v 0.698086 0.284767 0.962665
v -0.220770 0.679966 0.962665
v -0.220770 0.600379 0.962665
v 0.698086 0.600379 0.962665
v -0.698086 0.501579 -0.962665
v -0.220770 0.501579 0.962665
v -0.220770 0.303980 0.962665
v 0.698086 0.303980 0.962665
v 0.698086 0.699178 0.962665
v 0.698086 0.778766 0.962665
v -0.220770 0.778766 0.962665
v 0.220770 0.699178 -0.962665
v 0.220770 0.679966 -0.962665
v 0.220770 0.106380 -0.962665
v 0.698086 0.383567 0.968015
v -0.220770 0.383567 0.968015
v -0.698086 0.303980 -0.988852
v -0.698086 0.383567 -0.968015
v -0.698086 0.185967 -0.968015
v 0.220770 0.185967 -0.968015
v 0.698086 0.106380 0.988852
v 0.698086 0.185967 0.968015
v -0.698086 0.600379 -0.988852
v -0.698086 0.679966 -0.968015
v 0.220770 0.581166 -0.968015
v 0.220770 0.501579 -0.988852
v 0.220770 0.383567 -0.968015
v -0.698086 0.106380 -0.988852
v 0.698086 0.402779 0.988852
v 0.698086 0.482367 0.968015
v -0.220770 0.185967 0.968015
v 0.220770 0.600379 -0.988852
v -0.220770 0.284767 0.968015
v -0.220770 0.205180 0.988852
v 0.220770 0.402779 -0.988852
v -0.698086 0.402779 -0.988852
v 0.220770 0.482367 -0.968015
v -0.220770 0.482367 0.968015
v -0.220770 0.402779 0.988852
v -0.698086 0.205180 -0.988852
v -0.698086 0.284767 -0.968015
v 0.220770 0.284767 -0.968015
v 0.220770 0.205180 -0.988852
v 0.698086 0.205180 0.988852
v 0.698086 0.284767 0.968015
v -0.220770 0.679966 0.968015
v -0.220770 0.600379 0.988852
v 0.698086 0.600379 0.988852
v -0.698086 0.501579 -0.988852
v -0.698086 0.581166 -0.968015
v 0.698086 0.501579 0.988852
v 0.698086 0.581166 0.968015
v -0.220770 0.581166 0.968015
v -0.220770 0.501579 0.988852
v -0.220770 0.303980 0.988852
v 0.698086 0.303980 0.988852
v 0.698086 0.699178 0.988852
v 0.698086 0.778766 0.968015
v -0.220770 0.778766 0.968015
v -0.220770 0.699178 0.988852
v 0.220770 0.778766 -0.968015
v 0.220770 0.699178 -0.988852
v -0.698086 0.699178 -0.988852
v 0.220770 0.303980 -0.988852
v -0.220770 0.106380 0.988852
v 0.220770 0.679966 -0.968015
v 0.698086 0.679966 0.968015
v 0.220770 0.106380 -0.988852
v -0.698086 0.482367 -0.968015
v -0.698086 0.778766 -0.968015
v -0.779200 0.118135 0.990535
v -0.779200 0.591112 0.990535
v -0.856169 0.591112 0.990535
v -0.856169 0.118135 0.990535
v 0.779200 0.118135 -0.990535
v 0.779200 0.591112 -0.990535
v 0.856169 0.591112 -0.990535
v 0.856169 0.118135 -0.990535
v -0.779200 0.591112 0.984497
v -0.779200 0.118135 0.984497
v -0.856169 0.118135 0.984497
v -0.856169 0.591112 0.984497
v 0.779200 0.591112 -0.984497
v 0.779200 0.118135 -0.984497
v 0.856169 0.118135 -0.984497
v 0.856169 0.591112 -0.984497
v 0.250002 0.074304 -0.981623
v -0.253990 0.066251 0.981623
v -1.240049 0.074304 -0.279575
v -1.240049 0.074304 -0.800000
v 1.240049 0.074304 0.279575
v 1.240049 0.074304 0.800000
v -1.240049 0.810842 -0.800000
v -1.240049 0.810842 -0.279575
v 1.240049 0.810842 0.800000
v 1.240049 0.810842 0.279575
v -1.240049 0.074304 0.800000
v -1.240049 0.074304 0.279575
v 1.240049 0.074304 -0.800000
v 1.240049 0.074304 -0.279575
v -1.240049 0.810842 0.279575
v -1.240049 0.810842 0.800000
v 1.240049 0.810842 -0.279575
v 1.240049 0.810842 -0.800000
v -1.231619 0.114848 -0.320120
v -1.234498 0.116809 -0.744704
v 1.231619 0.114848 0.320120
v 1.234498 0.116809 0.744704
v -1.240049 0.776485 -0.765643
v -1.234498 0.755546 -0.322081
v 1.240049 0.776485 0.765643
v 1.234498 0.755546 0.322081
v -1.234498 0.116809 0.744704
v -1.231619 0.114848 0.320120
v 1.234498 0.116809 -0.744704
v 1.231619 0.114848 -0.320120
v -1.234498 0.755546 0.322081
v -1.240049 0.776485 0.765643
v 1.234498 0.755546 -0.322081
v 1.240049 0.776485 -0.765643
v -1.240049 0.108661 -0.313933
v -1.240049 0.108661 -0.765643
v 1.240049 0.108661 0.313933
v 1.240049 0.108661 0.765643
v -1.240049 0.108661 0.765643
v -1.240049 0.108661 0.313933
v 1.240049 0.108661 -0.765643
v 1.240049 0.108661 -0.313933
v 1.240049 0.776485 -0.313933
v 1.240049 0.776485 0.313933
v -1.240049 0.776485 0.313933
v -1.240049 0.776485 -0.313933
v -1.212625 0.148915 -0.354187
v -1.212625 0.148915 -0.725389
v 1.212625 0.148915 0.354187
v 1.212625 0.148915 0.725389
v -1.212625 0.148915 0.725389
v -1.212625 0.148915 0.354187
v 1.212625 0.148915 -0.725389
v 1.212625 0.148915 -0.354187
v 1.212625 0.736231 -0.354187
v 1.212625 0.736231 0.354187
v -1.212625 0.736231 0.354187
v -1.212625 0.736231 -0.354187
v -1.228551 0.114053 -0.319324
v -1.217987 0.141933 -0.347204
v 1.228551 0.114053 0.319324
v 1.217987 0.141933 0.347204
v -1.217987 0.141933 0.347204
v -1.228551 0.114053 0.319324
v 1.217987 0.141933 -0.347204
v 1.228551 0.114053 -0.319324
v -1.231597 0.115305 -0.744704
v 1.231597 0.115305 0.744704
v -1.231597 0.115305 0.744704
v 1.231597 0.115305 -0.744704
v 1.231597 0.755546 -0.320576
v 1.231597 0.755546 0.320576
v -1.231597 0.755546 0.320576
v -1.231597 0.755546 -0.320576
v -1.215275 0.139262 -0.720746
v 1.215275 0.139262 0.720746
v -1.215275 0.139262 0.720746
v 1.215275 0.139262 -0.720746
v 1.215275 0.731589 -0.344534
v 1.215275 0.731589 0.344534
v -1.215275 0.731589 0.344534
v -1.215275 0.731589 -0.344534
v 1.240049 0.583384 -0.270408
v 1.240049 0.583384 0.270408
v -1.240049 0.301762 0.270408
v -1.240049 0.301762 -0.270408
v 1.240049 0.074304 -0.270408
v 1.240049 0.074304 0.270408
v -1.240049 0.810842 -0.270408
v -1.240049 0.810842 0.270408
v -1.240049 0.583384 0.270408
v -1.240049 0.583384 -0.270408
v 1.240049 0.301762 0.270408
v 1.240049 0.301762 -0.270408
v 0.660000 1.217984 -0.540203
v 0.759576 1.217984 -0.520397
v 0.843992 1.217984 -0.463992
v 0.900397 1.217984 -0.379576
v 0.920204 1.217984 -0.280000
v 0.900397 1.217984 -0.180424
v 0.843992 1.217984 -0.096008
v 0.759576 1.217984 -0.039603
v 0.660000 1.217984 -0.019797
v 0.560424 1.217984 -0.039603
v 0.476008 1.217984 -0.096008
v 0.419603 1.217984 -0.180424
v 0.399797 1.217984 -0.280000
v 0.419603 1.217984 -0.379576
v 0.476008 1.217984 -0.463992
v 0.560424 1.217984 -0.520397
v 0.660000 1.269989 -0.503619
v 0.660000 1.253446 -0.540203
v 0.745575 1.269989 -0.486597
v 0.759576 1.253446 -0.520397
v 0.818122 1.269989 -0.438122
v 0.843992 1.253446 -0.463992
v 0.866597 1.269989 -0.365575
v 0.900397 1.253446 -0.379576
v 0.883619 1.269989 -0.280000
v 0.920204 1.253446 -0.280000
v 0.866597 1.269989 -0.194425
v 0.900397 1.253446 -0.180424
v 0.818122 1.269989 -0.121878
v 0.843992 1.253446 -0.096008
v 0.745575 1.269989 -0.073403
v 0.759576 1.253446 -0.039603
v 0.660000 1.269989 -0.056381
v 0.660000 1.253446 -0.019797
v 0.574425 1.269989 -0.073403
v 0.560424 1.253446 -0.039603
v 0.501878 1.269989 -0.121878
v 0.476008 1.253446 -0.096008
v 0.453403 1.269989 -0.194425
v 0.419603 1.253446 -0.180424
v 0.436381 1.269989 -0.280000
v 0.399797 1.253446 -0.280000
v 0.453403 1.269989 -0.365575
v 0.419603 1.253446 -0.379576
v 0.501878 1.269989 -0.438122
v 0.476008 1.253446 -0.463992
v 0.574425 1.269989 -0.486597
v 0.560424 1.253446 -0.520397
v 0.660000 1.269989 -0.518557
v 0.751292 1.269989 -0.500398
v 0.828685 1.269989 -0.448685
v 0.880397 1.269989 -0.371292
v 0.898557 1.269989 -0.280000
v 0.880397 1.269989 -0.188708
v 0.828685 1.269989 -0.111315
v 0.751292 1.269989 -0.059603
v 0.660000 1.269989 -0.041443
v 0.568708 1.269989 -0.059603
v 0.491315 1.269989 -0.111315
v 0.439603 1.269989 -0.188708
v 0.421444 1.269989 -0.280000
v 0.439603 1.269989 -0.371292
v 0.491315 1.269989 -0.448685
v 0.568708 1.269989 -0.500398
v 0.660000 1.291163 -0.498838
v 0.743746 1.291163 -0.482180
v 0.814742 1.291163 -0.434742
v 0.862180 1.291163 -0.363746
v 0.878838 1.291163 -0.280000
v 0.862180 1.291163 -0.196254
v 0.814742 1.291163 -0.125258
v 0.743746 1.291163 -0.077820
v 0.660000 1.291163 -0.061162
v 0.576254 1.291163 -0.077820
v 0.505258 1.291163 -0.125258
v 0.457820 1.291163 -0.196254
v 0.441162 1.291163 -0.280000
v 0.457820 1.291163 -0.363746
v 0.505258 1.291163 -0.434742
v 0.576254 1.291163 -0.482180
v 0.660000 1.291163 -0.514334
v 0.749676 1.291163 -0.496497
v 0.825699 1.291163 -0.445699
v 0.876497 1.291163 -0.369676
v 0.894334 1.291163 -0.280000
v 0.876497 1.291163 -0.190324
v 0.825699 1.291163 -0.114301
v 0.749676 1.291163 -0.063503
v 0.660000 1.291163 -0.045666
v 0.570324 1.291163 -0.063503
v 0.494301 1.291163 -0.114301
v 0.443503 1.291163 -0.190324
v 0.425666 1.291163 -0.280000
v 0.443503 1.291163 -0.369676
v 0.494301 1.291163 -0.445699
v 0.570324 1.291163 -0.496497
v 0.744793 1.316657 -0.484708
v 0.816676 1.316657 -0.436676
v 0.881574 1.316657 -0.280000
v 0.816676 1.316657 -0.123324
v 0.455292 1.316657 -0.195207
v 0.660000 1.316657 -0.514334
v 0.749676 1.316657 -0.496497
v 0.825699 1.316657 -0.445699
v 0.876497 1.316657 -0.369676
v 0.894334 1.316657 -0.280000
v 0.876497 1.316657 -0.190324
v 0.825699 1.316657 -0.114301
v 0.749676 1.316657 -0.063503
v 0.660000 1.316657 -0.045666
v 0.570324 1.316657 -0.063503
v 0.494301 1.316657 -0.114301
v 0.443503 1.316657 -0.190324
v 0.425666 1.316657 -0.280000
v 0.443503 1.316657 -0.369676
v 0.494301 1.316657 -0.445699
v 0.570324 1.316657 -0.496497
v 0.660000 1.997962 -0.501574
v 0.744793 1.997962 -0.484708
v 0.816676 1.997962 -0.123324
v 0.660000 1.997962 -0.058426
v 0.438426 1.997962 -0.280000
v 0.575207 1.997962 -0.484708
v 0.660000 1.997962 -0.512671
v 0.749039 1.997962 -0.494960
v 0.824523 1.997962 -0.444523
v 0.874960 1.997962 -0.369039
v 0.892671 1.997962 -0.280000
v 0.874960 1.997962 -0.190961
v 0.824523 1.997962 -0.115477
v 0.749039 1.997962 -0.065040
v 0.660000 1.997962 -0.047329
v 0.570961 1.997962 -0.065040
v 0.495477 1.997962 -0.115477
v 0.445040 1.997962 -0.190961
v 0.427329 1.997962 -0.280000
v 0.445040 1.997962 -0.369039
v 0.495477 1.997962 -0.444523
v 0.570961 1.997962 -0.494960
v 0.660000 2.059819 -0.499523
v 0.744008 2.059819 -0.482813
v 0.815226 2.059819 -0.435226
v 0.862813 2.059819 -0.364008
v 0.879523 2.059819 -0.280000
v 0.862813 2.059819 -0.195992
v 0.815226 2.059819 -0.124774
v 0.744008 2.059819 -0.077187
v 0.660000 2.059819 -0.060477
v 0.575992 2.059819 -0.077187
v 0.504774 2.059819 -0.124774
v 0.457187 2.059819 -0.195992
v 0.440477 2.059819 -0.280000
v 0.457187 2.059819 -0.364008
v 0.504774 2.059819 -0.435226
v 0.575992 2.059819 -0.482813
v 0.660000 2.059819 -0.512671
v 0.749039 2.059819 -0.494960
v 0.824523 2.059819 -0.444523
v 0.874960 2.059819 -0.369039
v 0.892671 2.059819 -0.280000
v 0.874960 2.059819 -0.190961
v 0.824523 2.059819 -0.115477
v 0.749039 2.059819 -0.065040
v 0.660000 2.059819 -0.047329
v 0.570961 2.059819 -0.065040
v 0.495477 2.059819 -0.115477
v 0.445040 2.059819 -0.190961
v 0.427329 2.059819 -0.280000
v 0.445040 2.059819 -0.369039
v 0.495477 2.059819 -0.444523
v 0.570961 2.059819 -0.494960
v 0.660000 2.096428 -0.466147
v 0.731235 2.096428 -0.451977
v 0.791625 2.096428 -0.411626
v 0.831977 2.096428 -0.351235
v 0.846147 2.096428 -0.280000
v 0.831977 2.096428 -0.208765
v 0.791625 2.096428 -0.148374
v 0.731235 2.096428 -0.108023
v 0.660000 2.096428 -0.093853
v 0.588765 2.096428 -0.108023
v 0.528375 2.096428 -0.148374
v 0.488023 2.096428 -0.208765
v 0.473853 2.096428 -0.280000
v 0.488023 2.096428 -0.351235
v 0.528375 2.096428 -0.411626
v 0.588765 2.096428 -0.451977
v 0.660000 2.125376 -0.386893
v 0.700906 2.125376 -0.378757
v 0.735585 2.125376 -0.355585
v 0.758757 2.125376 -0.320906
v 0.766893 2.125376 -0.280000
v 0.758757 2.125376 -0.239094
v 0.735585 2.125376 -0.204415
v 0.700906 2.125376 -0.181243
v 0.660000 2.125376 -0.173107
v 0.619094 2.125376 -0.181243
v 0.584415 2.125376 -0.204415
v 0.561243 2.125376 -0.239094
v 0.553107 2.125376 -0.280000
v 0.561243 2.125376 -0.320906
v 0.584415 2.125376 -0.355585
v 0.619094 2.125376 -0.378757
v 0.660000 2.125376 -0.396076
v 0.704421 2.125376 -0.387241
v 0.742078 2.125376 -0.362078
v 0.767241 2.125376 -0.324420
v 0.776076 2.125376 -0.280000
v 0.767241 2.125376 -0.235580
v 0.742078 2.125376 -0.197922
v 0.704421 2.125376 -0.172759
v 0.660000 2.125376 -0.163924
v 0.615580 2.125376 -0.172759
v 0.577922 2.125376 -0.197922
v 0.552760 2.125376 -0.235580
v 0.543924 2.125376 -0.280000
v 0.552760 2.125376 -0.324420
v 0.577922 2.125376 -0.362078
v 0.615580 2.125376 -0.387241
v 0.660000 2.125358 -0.375390
v 0.696504 2.125358 -0.368128
v 0.727451 2.125358 -0.347451
v 0.748128 2.125358 -0.316504
v 0.755390 2.125358 -0.280000
v 0.748128 2.125358 -0.243496
v 0.727451 2.125358 -0.212549
v 0.696504 2.125358 -0.191872
v 0.660000 2.125358 -0.184610
v 0.623496 2.125358 -0.191872
v 0.592549 2.125358 -0.212549
v 0.571872 2.125358 -0.243496
v 0.564610 2.125358 -0.280000
v 0.571872 2.125358 -0.316504
v 0.592549 2.125358 -0.347451
v 0.623496 2.125358 -0.368128
v 0.660000 2.117755 -0.386893
v 0.700906 2.117755 -0.378757
v 0.735585 2.117755 -0.355585
v 0.758757 2.117755 -0.320906
v 0.766893 2.117755 -0.280000
v 0.758757 2.117755 -0.239094
v 0.735585 2.117755 -0.204415
v 0.700906 2.117755 -0.181243
v 0.660000 2.117755 -0.173107
v 0.619094 2.117755 -0.181243
v 0.584415 2.117755 -0.204415
v 0.561243 2.117755 -0.239094
v 0.553107 2.117755 -0.280000
v 0.561243 2.117755 -0.320906
v 0.584415 2.117755 -0.355585
v 0.619094 2.117755 -0.378757
v 0.660000 2.153782 -0.355250
v 0.688797 2.153782 -0.349522
v 0.713210 2.153782 -0.333210
v 0.729522 2.153782 -0.308797
v 0.735250 2.153782 -0.280000
v 0.729522 2.153782 -0.251203
v 0.713210 2.153782 -0.226790
v 0.688797 2.153782 -0.210478
v 0.660000 2.153782 -0.204750
v 0.631203 2.153782 -0.210478
v 0.606790 2.153782 -0.226790
v 0.590478 2.153782 -0.251203
v 0.584750 2.153782 -0.280000
v 0.590478 2.153782 -0.308797
v 0.606790 2.153782 -0.333210
v 0.631203 2.153782 -0.349522
v 0.660000 2.153782 -0.375390
v 0.696504 2.153782 -0.368128
v 0.727451 2.153782 -0.347451
v 0.748128 2.153782 -0.316504
v 0.755390 2.153782 -0.280000
v 0.748128 2.153782 -0.243496
v 0.727451 2.153782 -0.212549
v 0.696504 2.153782 -0.191872
v 0.660000 2.153782 -0.184610
v 0.623496 2.153782 -0.191872
v 0.592549 2.153782 -0.212549
v 0.571872 2.153782 -0.243496
v 0.564610 2.153782 -0.280000
v 0.571872 2.153782 -0.316504
v 0.592549 2.153782 -0.347451
v 0.623496 2.153782 -0.368128
v 0.660000 2.145761 -0.342208
v 0.683806 2.145761 -0.337473
v 0.703988 2.145761 -0.323988
v 0.719238 2.154811 -0.294930
v 0.722208 2.154811 -0.280000
v 0.719238 2.154811 -0.265070
v 0.703988 2.145761 -0.236012
v 0.683806 2.145761 -0.222527
v 0.660000 2.145761 -0.217792
v 0.636194 2.145761 -0.222527
v 0.616012 2.145761 -0.236012
v 0.602527 2.145761 -0.256194
v 0.597792 2.145761 -0.280000
v 0.602527 2.145761 -0.303806
v 0.616012 2.145761 -0.323988
v 0.636194 2.145761 -0.337473
v 0.696504 2.136255 -0.368128
v 0.727451 2.143858 -0.347451
v 0.623496 2.136255 -0.191872
v 0.592549 2.143858 -0.212549
v 0.748128 2.143858 -0.316504
v 0.571872 2.143858 -0.243496
v 0.755390 2.143858 -0.280000
v 0.564610 2.143858 -0.280000
v 0.748128 2.143858 -0.243496
v 0.571872 2.143858 -0.316504
v 0.727451 2.143858 -0.212549
v 0.592549 2.143858 -0.347451
v 0.696504 2.143858 -0.191872
v 0.623496 2.143858 -0.368128
v 0.660000 2.143858 -0.184610
v 0.660000 2.136255 -0.375390
v 0.660000 2.117755 -0.375390
v 0.696504 2.117755 -0.368128
v 0.727451 2.117755 -0.347451
v 0.748128 2.117755 -0.316504
v 0.755390 2.117755 -0.280000
v 0.748128 2.117755 -0.243496
v 0.727451 2.117755 -0.212549
v 0.696504 2.117755 -0.191872
v 0.660000 2.117755 -0.184610
v 0.623496 2.117755 -0.191872
v 0.592549 2.117755 -0.212549
v 0.571872 2.117755 -0.243496
v 0.564610 2.117755 -0.280000
v 0.571872 2.117755 -0.316504
v 0.592549 2.117755 -0.347451
v 0.623496 2.117755 -0.368128
v 0.660000 2.136255 -0.184610
v 0.623496 2.143858 -0.191872
v 0.623496 2.136255 -0.368128
v 0.660000 2.143858 -0.375390
v 0.696504 2.143858 -0.368128
v 0.696504 2.136255 -0.191872
v 0.592549 2.136255 -0.347451
v 0.727451 2.136255 -0.212549
v 0.571872 2.136255 -0.316504
v 0.748128 2.136255 -0.243496
v 0.564610 2.136255 -0.280000
v 0.755390 2.136255 -0.280000
v 0.571872 2.136255 -0.243496
v 0.748128 2.136255 -0.316504
v 0.592549 2.136255 -0.212549
v 0.727451 2.136255 -0.347451
v 0.726604 2.136255 -0.346604
v 0.726604 2.125358 -0.346604
v 0.593396 2.136255 -0.213396
v 0.593396 2.125358 -0.213396
v 0.747022 2.136255 -0.316046
v 0.747022 2.125358 -0.316046
v 0.572978 2.136255 -0.243954
v 0.572978 2.125358 -0.243954
v 0.754192 2.136255 -0.280000
v 0.754192 2.125358 -0.280000
v 0.565808 2.136255 -0.280000
v 0.565808 2.125358 -0.280000
v 0.747022 2.136255 -0.243954
v 0.747022 2.125358 -0.243954
v 0.572978 2.136255 -0.316046
v 0.572978 2.125358 -0.316046
v 0.726604 2.136255 -0.213396
v 0.726604 2.125358 -0.213396
v 0.593396 2.136255 -0.346604
v 0.593396 2.125358 -0.346604
v 0.696046 2.136255 -0.192978
v 0.696046 2.125358 -0.192978
v 0.623954 2.136255 -0.367022
v 0.623954 2.125358 -0.367022
v 0.660000 2.136255 -0.185808
v 0.660000 2.125358 -0.185808
v 0.696046 2.125358 -0.367022
v 0.696046 2.136255 -0.367022
v 0.623954 2.125358 -0.192978
v 0.623954 2.136255 -0.192978
v 0.660000 2.125358 -0.374192
v 0.660000 2.136255 -0.374192
v 0.660000 1.316657 -0.058426
v 0.575207 1.316657 -0.075292
v 0.438426 1.316657 -0.280000
v 0.503324 1.316657 -0.436676
v 0.575207 1.316657 -0.484708
v 0.864708 1.997962 -0.364793
v 0.744793 1.997962 -0.075292
v 0.575207 1.997962 -0.075292
v 0.455292 1.997962 -0.364793
v 0.503324 1.997962 -0.436676
v 0.660000 1.316657 -0.501574
v 0.864708 1.316657 -0.364793
v 0.864708 1.316657 -0.195207
v 0.744793 1.316657 -0.075292
v 0.503324 1.316657 -0.123324
v 0.455292 1.316657 -0.364793
v 0.816676 1.997962 -0.436676
v 0.881574 1.997962 -0.280000
v 0.864708 1.997962 -0.195207
v 0.503324 1.997962 -0.123324
v 0.455292 1.997962 -0.195207
v 0.660000 1.997962 -0.469960
v 0.732695 1.997962 -0.455500
v 0.794322 1.997962 -0.145678
v 0.660000 1.997962 -0.090040
v 0.470040 1.997962 -0.280000
v 0.587305 1.997962 -0.455500
v 0.835500 1.997962 -0.352695
v 0.732695 1.997962 -0.104500
v 0.587305 1.997962 -0.104500
v 0.484500 1.997962 -0.352695
v 0.525678 1.997962 -0.414322
v 0.794322 1.997962 -0.414322
v 0.849960 1.997962 -0.280000
v 0.835500 1.997962 -0.207305
v 0.525678 1.997962 -0.145678
v 0.484500 1.997962 -0.207305
v 0.660000 1.316712 -0.488195
v 0.739673 1.316712 -0.472347
v 0.807216 1.316712 -0.132784
v 0.660000 1.316712 -0.071805
v 0.451805 1.316712 -0.280000
v 0.580327 1.316712 -0.472347
v 0.852347 1.316712 -0.359673
v 0.739673 1.316712 -0.087653
v 0.580327 1.316712 -0.087653
v 0.467653 1.316712 -0.359673
v 0.512784 1.316712 -0.427216
v 0.807216 1.316712 -0.427216
v 0.868195 1.316712 -0.280000
v 0.852347 1.316712 -0.200327
v 0.512784 1.316712 -0.132784
v 0.467653 1.316712 -0.200327
v 0.660000 1.285155 -0.488195
v 0.739673 1.285155 -0.472347
v 0.807216 1.285155 -0.132784
v 0.660000 1.285155 -0.071805
v 0.451805 1.285155 -0.280000
v 0.580327 1.285155 -0.472347
v 0.852347 1.285155 -0.359673
v 0.739673 1.285155 -0.087653
v 0.580327 1.285155 -0.087653
v 0.467653 1.285155 -0.359673
v 0.512784 1.285155 -0.427216
v 0.807216 1.285155 -0.427216
v 0.868195 1.285155 -0.280000
v 0.852347 1.285155 -0.200327
v 0.512784 1.285155 -0.132784
v 0.467653 1.285155 -0.200327
v 0.660000 1.285155 -0.481328
v 0.802361 1.285155 -0.137639
v 0.660000 1.285155 -0.078672
v 0.458672 1.285155 -0.280000
v 0.846003 1.285155 -0.357045
v 0.582955 1.285155 -0.093997
v 0.517639 1.285155 -0.422361
v 0.473997 1.285155 -0.202955
v 0.737045 1.285155 -0.466003
v 0.582955 1.285155 -0.466003
v 0.737045 1.285155 -0.093997
v 0.473997 1.285155 -0.357045
v 0.802361 1.285155 -0.422361
v 0.861328 1.285155 -0.280000
v 0.846003 1.285155 -0.202955
v 0.517639 1.285155 -0.137639
v 0.660000 1.269989 -0.523337
v 0.753121 1.269989 -0.504814
v 0.832065 1.269989 -0.452065
v 0.884814 1.269989 -0.373121
v 0.903337 1.269989 -0.280000
v 0.884814 1.269989 -0.186879
v 0.832065 1.269989 -0.107935
v 0.753121 1.269989 -0.055186
v 0.660000 1.269989 -0.036663
v 0.566879 1.269989 -0.055186
v 0.487935 1.269989 -0.107935
v 0.435186 1.269989 -0.186879
v 0.416663 1.269989 -0.280000
v 0.435186 1.269989 -0.373121
v 0.487935 1.269989 -0.452065
v 0.566879 1.269989 -0.504814
v 0.660000 1.269989 -0.498838
v 0.743746 1.269989 -0.482180
v 0.814742 1.269989 -0.434742
v 0.862180 1.269989 -0.363746
v 0.878838 1.269989 -0.280000
v 0.862180 1.269989 -0.196254
v 0.814742 1.269989 -0.125258
v 0.743746 1.269989 -0.077820
v 0.660000 1.269989 -0.061162
v 0.576254 1.269989 -0.077820
v 0.505258 1.269989 -0.125258
v 0.457820 1.269989 -0.196254
v 0.441162 1.269989 -0.280000
v 0.457820 1.269989 -0.363746
v 0.505258 1.269989 -0.434742
v 0.576254 1.269989 -0.482180
v 0.660000 1.268058 -0.518557
v 0.660000 1.268058 -0.503619
v 0.745575 1.268058 -0.486597
v 0.751292 1.268058 -0.500398
v 0.818122 1.268058 -0.438122
v 0.828685 1.268058 -0.448685
v 0.866597 1.268058 -0.365575
v 0.880397 1.268058 -0.371292
v 0.883619 1.268058 -0.280000
v 0.898557 1.268058 -0.280000
v 0.866597 1.268058 -0.194425
v 0.880397 1.268058 -0.188708
v 0.818122 1.268058 -0.121878
v 0.828685 1.268058 -0.111315
v 0.745575 1.268058 -0.073403
v 0.751292 1.268058 -0.059603
v 0.660000 1.268058 -0.056381
v 0.660000 1.268058 -0.041443
v 0.574425 1.268058 -0.073403
v 0.568708 1.268058 -0.059603
v 0.501878 1.268058 -0.121878
v 0.491315 1.268058 -0.111315
v 0.453403 1.268058 -0.194425
v 0.439603 1.268058 -0.188708
v 0.436381 1.268058 -0.280000
v 0.421444 1.268058 -0.280000
v 0.453403 1.268058 -0.365575
v 0.439603 1.268058 -0.371292
v 0.501878 1.268058 -0.438122
v 0.491315 1.268058 -0.448685
v 0.574425 1.268058 -0.486597
v 0.568708 1.268058 -0.500398
v 0.660000 1.997962 -0.488195
v 0.739673 1.997962 -0.472347
v 0.580327 1.997962 -0.472347
v 0.467653 1.997962 -0.359673
v 0.512784 1.997962 -0.427216
v 0.868195 1.997962 -0.280000
v 0.852347 1.997962 -0.200327
v 0.512784 1.997962 -0.132784
v 0.467653 1.997962 -0.200327
v 0.807216 1.997962 -0.427216
v 0.852347 1.997962 -0.359673
v 0.807216 1.997962 -0.132784
v 0.739673 1.997962 -0.087653
v 0.660000 1.997962 -0.071805
v 0.580327 1.997962 -0.087653
v 0.451805 1.997962 -0.280000
v 0.660000 2.032125 -0.328005
v 0.678371 2.032125 -0.324351
v 0.641629 2.032125 -0.324351
v 0.615649 2.032125 -0.298371
v 0.626055 2.032125 -0.313945
v 0.708005 2.032125 -0.280000
v 0.704351 2.032125 -0.261629
v 0.626055 2.032125 -0.246055
v 0.615649 2.032125 -0.261629
v 0.693945 2.032125 -0.313945
v 0.704351 2.032125 -0.298371
v 0.693945 2.032125 -0.246055
v 0.678371 2.032125 -0.235649
v 0.660000 2.032125 -0.231995
v 0.641629 2.032125 -0.235649
v 0.611995 2.032125 -0.280000
v 0.660000 2.032125 -0.394327
v 0.703751 2.032125 -0.385624
v 0.616249 2.032125 -0.385624
v 0.554376 2.032125 -0.323751
v 0.579159 2.032125 -0.360841
v 0.774327 2.032125 -0.280000
v 0.765624 2.032125 -0.236249
v 0.579159 2.032125 -0.199159
v 0.554376 2.032125 -0.236249
v 0.740841 2.032125 -0.360841
v 0.765624 2.032125 -0.323751
v 0.740841 2.032125 -0.199159
v 0.703751 2.032125 -0.174376
v 0.660000 2.032125 -0.165673
v 0.616249 2.032125 -0.174376
v 0.545673 2.032125 -0.280000
v 0.660000 1.727854 -0.481328
v 0.737045 1.727854 -0.466003
v 0.582955 1.727854 -0.466003
v 0.473997 1.727854 -0.357045
v 0.517639 1.727854 -0.422361
v 0.861328 1.727854 -0.280000
v 0.846003 1.727854 -0.202955
v 0.517639 1.727854 -0.137639
v 0.473997 1.727854 -0.202955
v 0.802361 1.727854 -0.422361
v 0.846003 1.727854 -0.357045
v 0.802361 1.727854 -0.137639
v 0.737045 1.727854 -0.093997
v 0.660000 1.727854 -0.078672
v 0.582955 1.727854 -0.093997
v 0.458672 1.727854 -0.280000
v 0.660000 1.727854 -0.338130
v 0.660000 1.744314 -0.327742
v 0.678270 1.744314 -0.324108
v 0.682245 1.727854 -0.333705
v 0.693759 1.744314 -0.246241
v 0.701104 1.727854 -0.238896
v 0.660000 1.744314 -0.232258
v 0.660000 1.727854 -0.221870
v 0.612258 1.744314 -0.280000
v 0.601870 1.727854 -0.280000
v 0.637755 1.727854 -0.333705
v 0.641730 1.744314 -0.324108
v 0.704108 1.744314 -0.298270
v 0.713705 1.727854 -0.302245
v 0.678270 1.744314 -0.235892
v 0.682245 1.727854 -0.226295
v 0.641730 1.744314 -0.235892
v 0.637755 1.727854 -0.226295
v 0.606295 1.727854 -0.302245
v 0.615892 1.744314 -0.298270
v 0.626241 1.744314 -0.313759
v 0.618896 1.727854 -0.321104
v 0.693759 1.744314 -0.313759
v 0.701104 1.727854 -0.321104
v 0.718130 1.727854 -0.280000
v 0.707742 1.744314 -0.280000
v 0.704108 1.744314 -0.261730
v 0.713705 1.727854 -0.257755
v 0.618896 1.727854 -0.238896
v 0.626241 1.744314 -0.246241
v 0.615892 1.744314 -0.261730
v 0.606295 1.727854 -0.257755
v -0.660000 1.217984 -0.540203
v -0.560425 1.217984 -0.520397
v -0.476008 1.217984 -0.463992
v -0.419603 1.217984 -0.379576
v -0.399797 1.217984 -0.280000
v -0.419603 1.217984 -0.180424
v -0.476008 1.217984 -0.096008
v -0.560425 1.217984 -0.039603
v -0.660000 1.217984 -0.019797
v -0.759576 1.217984 -0.039603
v -0.843992 1.217984 -0.096008
v -0.900397 1.217984 -0.180424
v -0.920204 1.217984 -0.280000
v -0.900397 1.217984 -0.379576
v -0.843992 1.217984 -0.463992
v -0.759576 1.217984 -0.520397
v -0.660000 1.269989 -0.503619
v -0.660000 1.253446 -0.540203
v -0.574425 1.269989 -0.486597
v -0.560425 1.253446 -0.520397
v -0.501878 1.269989 -0.438122
v -0.476008 1.253446 -0.463992
v -0.453403 1.269989 -0.365575
v -0.419603 1.253446 -0.379576
v -0.436381 1.269989 -0.280000
v -0.399797 1.253446 -0.280000
v -0.453403 1.269989 -0.194425
v -0.419603 1.253446 -0.180424
v -0.501878 1.269989 -0.121878
v -0.476008 1.253446 -0.096008
v -0.574425 1.269989 -0.073403
v -0.560425 1.253446 -0.039603
v -0.660000 1.269989 -0.056381
v -0.660000 1.253446 -0.019797
v -0.745575 1.269989 -0.073403
v -0.759576 1.253446 -0.039603
v -0.818122 1.269989 -0.121878
v -0.843992 1.253446 -0.096008
v -0.866597 1.269989 -0.194425
v -0.900397 1.253446 -0.180424
v -0.883619 1.269989 -0.280000
v -0.920204 1.253446 -0.280000
v -0.866597 1.269989 -0.365575
v -0.900397 1.253446 -0.379576
v -0.818122 1.269989 -0.438122
v -0.843992 1.253446 -0.463992
v -0.745575 1.269989 -0.486597
v -0.759576 1.253446 -0.520397
v -0.660000 1.269989 -0.518557
v -0.568708 1.269989 -0.500398
v -0.491315 1.269989 -0.448685
v -0.439603 1.269989 -0.371292
v -0.421444 1.269989 -0.280000
v -0.439603 1.269989 -0.188708
v -0.491315 1.269989 -0.111315
v -0.568708 1.269989 -0.059603
v -0.660000 1.269989 -0.041443
v -0.751292 1.269989 -0.059603
v -0.828685 1.269989 -0.111315
v -0.880397 1.269989 -0.188708
v -0.898557 1.269989 -0.280000
v -0.880397 1.269989 -0.371292
v -0.828685 1.269989 -0.448685
v -0.751292 1.269989 -0.500398
v -0.660000 1.291163 -0.498838
v -0.576254 1.291163 -0.482180
v -0.505258 1.291163 -0.434742
v -0.457820 1.291163 -0.363746
v -0.441162 1.291163 -0.280000
v -0.457820 1.291163 -0.196254
v -0.505258 1.291163 -0.125258
v -0.576254 1.291163 -0.077820
v -0.660000 1.291163 -0.061162
v -0.743746 1.291163 -0.077820
v -0.814742 1.291163 -0.125258
v -0.862180 1.291163 -0.196254
v -0.878838 1.291163 -0.280000
v -0.862180 1.291163 -0.363746
v -0.814742 1.291163 -0.434742
v -0.743746 1.291163 -0.482180
v -0.660000 1.291163 -0.514334
v -0.570324 1.291163 -0.496497
v -0.494301 1.291163 -0.445699
v -0.443503 1.291163 -0.369676
v -0.425666 1.291163 -0.280000
v -0.443503 1.291163 -0.190324
v -0.494301 1.291163 -0.114301
v -0.570324 1.291163 -0.063503
v -0.660000 1.291163 -0.045666
v -0.749676 1.291163 -0.063503
v -0.825699 1.291163 -0.114301
v -0.876497 1.291163 -0.190324
v -0.894334 1.291163 -0.280000
v -0.876497 1.291163 -0.369676
v -0.825699 1.291163 -0.445699
v -0.749676 1.291163 -0.496497
v -0.575207 1.316657 -0.484708
v -0.503324 1.316657 -0.436676
v -0.438426 1.316657 -0.280000
v -0.503324 1.316657 -0.123324
v -0.864708 1.316657 -0.195207
v -0.660000 1.316657 -0.514334
v -0.570324 1.316657 -0.496497
v -0.494301 1.316657 -0.445699
v -0.443503 1.316657 -0.369676
v -0.425666 1.316657 -0.280000
v -0.443503 1.316657 -0.190324
v -0.494301 1.316657 -0.114301
v -0.570324 1.316657 -0.063503
v -0.660000 1.316657 -0.045666
v -0.749676 1.316657 -0.063503
v -0.825699 1.316657 -0.114301
v -0.876497 1.316657 -0.190324
v -0.894334 1.316657 -0.280000
v -0.876497 1.316657 -0.369676
v -0.825699 1.316657 -0.445699
v -0.749676 1.316657 -0.496497
v -0.660000 1.997962 -0.501574
v -0.575207 1.997962 -0.484708
v -0.503324 1.997962 -0.123324
v -0.660000 1.997962 -0.058426
v -0.881574 1.997962 -0.280000
v -0.744793 1.997962 -0.484708
v -0.660000 1.997962 -0.512671
v -0.570961 1.997962 -0.494960
v -0.495477 1.997962 -0.444523
v -0.445040 1.997962 -0.369039
v -0.427329 1.997962 -0.280000
v -0.445040 1.997962 -0.190961
v -0.495477 1.997962 -0.115477
v -0.570961 1.997962 -0.065040
v -0.660000 1.997962 -0.047329
v -0.749039 1.997962 -0.065040
v -0.824523 1.997962 -0.115477
v -0.874960 1.997962 -0.190961
v -0.892671 1.997962 -0.280000
v -0.874960 1.997962 -0.369039
v -0.824523 1.997962 -0.444523
v -0.749039 1.997962 -0.494960
v -0.660000 2.059819 -0.499523
v -0.575992 2.059819 -0.482813
v -0.504774 2.059819 -0.435226
v -0.457187 2.059819 -0.364008
v -0.440477 2.059819 -0.280000
v -0.457187 2.059819 -0.195992
v -0.504774 2.059819 -0.124774
v -0.575992 2.059819 -0.077187
v -0.660000 2.059819 -0.060477
v -0.744008 2.059819 -0.077187
v -0.815226 2.059819 -0.124774
v -0.862813 2.059819 -0.195992
v -0.879523 2.059819 -0.280000
v -0.862813 2.059819 -0.364008
v -0.815226 2.059819 -0.435226
v -0.744008 2.059819 -0.482813
v -0.660000 2.059819 -0.512671
v -0.570961 2.059819 -0.494960
v -0.495477 2.059819 -0.444523
v -0.445040 2.059819 -0.369039
v -0.427329 2.059819 -0.280000
v -0.445040 2.059819 -0.190961
v -0.495477 2.059819 -0.115477
v -0.570961 2.059819 -0.065040
v -0.660000 2.059819 -0.047329
v -0.749039 2.059819 -0.065040
v -0.824523 2.059819 -0.115477
v -0.874960 2.059819 -0.190961
v -0.892671 2.059819 -0.280000
v -0.874960 2.059819 -0.369039
v -0.824523 2.059819 -0.444523
v -0.749039 2.059819 -0.494960
v -0.660000 2.096428 -0.466147
v -0.588765 2.096428 -0.451977
v -0.528374 2.096428 -0.411626
v -0.488023 2.096428 -0.351235
v -0.473853 2.096428 -0.280000
v -0.488023 2.096428 -0.208765
v -0.528374 2.096428 -0.148374
v -0.588765 2.096428 -0.108023
v -0.660000 2.096428 -0.093853
v -0.731235 2.096428 -0.108023
v -0.791626 2.096428 -0.148374
v -0.831977 2.096428 -0.208765
v -0.846147 2.096428 -0.280000
v -0.831977 2.096428 -0.351235
v -0.791626 2.096428 -0.411626
v -0.731235 2.096428 -0.451977
v -0.660000 2.125376 -0.386893
v -0.619094 2.125376 -0.378757
v -0.584415 2.125376 -0.355585
v -0.561243 2.125376 -0.320906
v -0.553107 2.125376 -0.280000
v -0.561243 2.125376 -0.239094
v -0.584415 2.125376 -0.204415
v -0.619094 2.125376 -0.181243
v -0.660000 2.125376 -0.173107
v -0.700906 2.125376 -0.181243
v -0.735585 2.125376 -0.204415
v -0.758757 2.125376 -0.239094
v -0.766893 2.125376 -0.280000
v -0.758757 2.125376 -0.320906
v -0.735585 2.125376 -0.355585
v -0.700906 2.125376 -0.378757
v -0.660000 2.125376 -0.396076
v -0.615580 2.125376 -0.387241
v -0.577922 2.125376 -0.362078
v -0.552759 2.125376 -0.324420
v -0.543924 2.125376 -0.280000
v -0.552759 2.125376 -0.235580
v -0.577922 2.125376 -0.197922
v -0.615580 2.125376 -0.172759
v -0.660000 2.125376 -0.163924
v -0.704421 2.125376 -0.172759
v -0.742078 2.125376 -0.197922
v -0.767241 2.125376 -0.235580
v -0.776076 2.125376 -0.280000
v -0.767241 2.125376 -0.324420
v -0.742078 2.125376 -0.362078
v -0.704421 2.125376 -0.387241
v -0.660000 2.125358 -0.375390
v -0.623496 2.125358 -0.368128
v -0.592550 2.125358 -0.347451
v -0.571872 2.125358 -0.316504
v -0.564611 2.125358 -0.280000
v -0.571872 2.125358 -0.243496
v -0.592550 2.125358 -0.212549
v -0.623496 2.125358 -0.191872
v -0.660000 2.125358 -0.184610
v -0.696504 2.125358 -0.191872
v -0.727451 2.125358 -0.212549
v -0.748128 2.125358 -0.243496
v -0.755390 2.125358 -0.280000
v -0.748128 2.125358 -0.316504
v -0.727451 2.125358 -0.347451
v -0.696504 2.125358 -0.368128
v -0.660000 2.117755 -0.386893
v -0.619094 2.117755 -0.378757
v -0.584415 2.117755 -0.355585
v -0.561243 2.117755 -0.320906
v -0.553107 2.117755 -0.280000
v -0.561243 2.117755 -0.239094
v -0.584415 2.117755 -0.204415
v -0.619094 2.117755 -0.181243
v -0.660000 2.117755 -0.173107
v -0.700906 2.117755 -0.181243
v -0.735585 2.117755 -0.204415
v -0.758757 2.117755 -0.239094
v -0.766893 2.117755 -0.280000
v -0.758757 2.117755 -0.320906
v -0.735585 2.117755 -0.355585
v -0.700906 2.117755 -0.378757
v -0.660000 2.153782 -0.355250
v -0.631203 2.153782 -0.349522
v -0.606790 2.153782 -0.333210
v -0.590478 2.153782 -0.308797
v -0.584750 2.153782 -0.280000
v -0.590478 2.153782 -0.251203
v -0.606790 2.153782 -0.226790
v -0.631203 2.153782 -0.210478
v -0.660000 2.153782 -0.204750
v -0.688797 2.153782 -0.210478
v -0.713210 2.153782 -0.226790
v -0.729522 2.153782 -0.251203
v -0.735250 2.153782 -0.280000
v -0.729522 2.153782 -0.308797
v -0.713210 2.153782 -0.333210
v -0.688797 2.153782 -0.349522
v -0.660000 2.153782 -0.375390
v -0.623496 2.153782 -0.368128
v -0.592550 2.153782 -0.347451
v -0.571872 2.153782 -0.316504
v -0.564611 2.153782 -0.280000
v -0.571872 2.153782 -0.243496
v -0.592550 2.153782 -0.212549
v -0.623496 2.153782 -0.191872
v -0.660000 2.153782 -0.184610
v -0.696504 2.153782 -0.191872
v -0.727451 2.153782 -0.212549
v -0.748128 2.153782 -0.243496
v -0.755390 2.153782 -0.280000
v -0.748128 2.153782 -0.316504
v -0.727451 2.153782 -0.347451
v -0.696504 2.153782 -0.368128
v -0.660000 2.145761 -0.342208
v -0.636194 2.145761 -0.337473
v -0.616012 2.145761 -0.323988
v -0.602527 2.145761 -0.303806
v -0.597792 2.145761 -0.280000
v -0.602527 2.145761 -0.256194
v -0.616012 2.145761 -0.236012
v -0.636194 2.145761 -0.222527
v -0.660000 2.145761 -0.217792
v -0.683806 2.145761 -0.222527
v -0.703988 2.145761 -0.236012
v -0.719238 2.154811 -0.265070
v -0.722208 2.154811 -0.280000
v -0.719238 2.154811 -0.294930
v -0.703988 2.145761 -0.323988
v -0.683806 2.145761 -0.337473
v -0.623496 2.136255 -0.368128
v -0.592550 2.143858 -0.347451
v -0.696504 2.136255 -0.191872
v -0.727451 2.143858 -0.212549
v -0.571872 2.143858 -0.316504
v -0.748128 2.143858 -0.243496
v -0.564611 2.143858 -0.280000
v -0.755390 2.143858 -0.280000
v -0.571872 2.143858 -0.243496
v -0.748128 2.143858 -0.316504
v -0.592550 2.143858 -0.212549
v -0.727451 2.143858 -0.347451
v -0.623496 2.143858 -0.191872
v -0.696504 2.143858 -0.368128
v -0.660000 2.143858 -0.184610
v -0.660000 2.136255 -0.375390
v -0.660000 2.117755 -0.375390
v -0.623496 2.117755 -0.368128
v -0.592550 2.117755 -0.347451
v -0.571872 2.117755 -0.316504
v -0.564611 2.117755 -0.280000
v -0.571872 2.117755 -0.243496
v -0.592550 2.117755 -0.212549
v -0.623496 2.117755 -0.191872
v -0.660000 2.117755 -0.184610
v -0.696504 2.117755 -0.191872
v -0.727451 2.117755 -0.212549
v -0.748128 2.117755 -0.243496
v -0.755390 2.117755 -0.280000
v -0.748128 2.117755 -0.316504
v -0.727451 2.117755 -0.347451
v -0.696504 2.117755 -0.368128
v -0.660000 2.136255 -0.184610
v -0.696504 2.143858 -0.191872
v -0.696504 2.136255 -0.368128
v -0.660000 2.143858 -0.375390
v -0.623496 2.143858 -0.368128
v -0.623496 2.136255 -0.191872
v -0.727451 2.136255 -0.347451
v -0.592550 2.136255 -0.212549
v -0.748128 2.136255 -0.316504
v -0.571872 2.136255 -0.243496
v -0.755390 2.136255 -0.280000
v -0.564611 2.136255 -0.280000
v -0.748128 2.136255 -0.243496
v -0.571872 2.136255 -0.316504
v -0.727451 2.136255 -0.212549
v -0.592550 2.136255 -0.347451
v -0.593396 2.136255 -0.346604
v -0.593396 2.125358 -0.346604
v -0.726604 2.136255 -0.213396
v -0.726604 2.125358 -0.213396
v -0.572978 2.136255 -0.316046
v -0.572978 2.125358 -0.316046
v -0.747022 2.136255 -0.243954
v -0.747022 2.125358 -0.243954
v -0.565808 2.136255 -0.280000
v -0.565808 2.125358 -0.280000
v -0.754192 2.136255 -0.280000
v -0.754192 2.125358 -0.280000
v -0.572978 2.136255 -0.243954
v -0.572978 2.125358 -0.243954
v -0.747022 2.136255 -0.316046
v -0.747022 2.125358 -0.316046
v -0.593396 2.136255 -0.213396
v -0.593396 2.125358 -0.213396
v -0.726604 2.136255 -0.346604
v -0.726604 2.125358 -0.346604
v -0.623954 2.136255 -0.192978
v -0.623954 2.125358 -0.192978
v -0.696046 2.136255 -0.367022
v -0.696046 2.125358 -0.367022
v -0.660000 2.136255 -0.185808
v -0.660000 2.125358 -0.185808
v -0.623954 2.125358 -0.367022
v -0.623954 2.136255 -0.367022
v -0.696046 2.125358 -0.192978
v -0.696046 2.136255 -0.192978
v -0.660000 2.125358 -0.374192
v -0.660000 2.136255 -0.374192
v -0.660000 1.316657 -0.058426
v -0.744793 1.316657 -0.075292
v -0.881574 1.316657 -0.280000
v -0.816676 1.316657 -0.436676
v -0.744793 1.316657 -0.484708
v -0.455292 1.997962 -0.364793
v -0.575207 1.997962 -0.075292
v -0.744793 1.997962 -0.075292
v -0.864708 1.997962 -0.364793
v -0.816676 1.997962 -0.436676
v -0.660000 1.316657 -0.501574
v -0.455292 1.316657 -0.364793
v -0.455292 1.316657 -0.195207
v -0.575207 1.316657 -0.075292
v -0.816676 1.316657 -0.123324
v -0.864708 1.316657 -0.364793
v -0.503324 1.997962 -0.436676
v -0.438426 1.997962 -0.280000
v -0.455292 1.997962 -0.195207
v -0.816676 1.997962 -0.123324
v -0.864708 1.997962 -0.195207
v -0.660000 1.997962 -0.469960
v -0.587305 1.997962 -0.455500
v -0.525678 1.997962 -0.145678
v -0.660000 1.997962 -0.090040
v -0.849960 1.997962 -0.280000
v -0.732695 1.997962 -0.455500
v -0.484500 1.997962 -0.352695
v -0.587305 1.997962 -0.104500
v -0.732695 1.997962 -0.104500
v -0.835500 1.997962 -0.352695
v -0.794322 1.997962 -0.414322
v -0.525678 1.997962 -0.414322
v -0.470040 1.997962 -0.280000
v -0.484500 1.997962 -0.207305
v -0.794322 1.997962 -0.145678
v -0.835500 1.997962 -0.207305
v -0.660000 1.316712 -0.488195
v -0.580327 1.316712 -0.472347
v -0.512784 1.316712 -0.132784
v -0.660000 1.316712 -0.071805
v -0.868195 1.316712 -0.280000
v -0.739673 1.316712 -0.472347
v -0.467653 1.316712 -0.359673
v -0.580327 1.316712 -0.087653
v -0.739673 1.316712 -0.087653
v -0.852347 1.316712 -0.359673
v -0.807216 1.316712 -0.427216
v -0.512784 1.316712 -0.427216
v -0.451805 1.316712 -0.280000
v -0.467653 1.316712 -0.200327
v -0.807216 1.316712 -0.132784
v -0.852347 1.316712 -0.200327
v -0.660000 1.285155 -0.488195
v -0.580327 1.285155 -0.472347
v -0.512784 1.285155 -0.132784
v -0.660000 1.285155 -0.071805
v -0.868195 1.285155 -0.280000
v -0.739673 1.285155 -0.472347
v -0.467653 1.285155 -0.359673
v -0.580327 1.285155 -0.087653
v -0.739673 1.285155 -0.087653
v -0.852347 1.285155 -0.359673
v -0.807216 1.285155 -0.427216
v -0.512784 1.285155 -0.427216
v -0.451805 1.285155 -0.280000
v -0.467653 1.285155 -0.200327
v -0.807216 1.285155 -0.132784
v -0.852347 1.285155 -0.200327
v -0.582955 1.285155 -0.466003
v -0.660000 1.285155 -0.078672
v -0.861328 1.285155 -0.280000
v -0.517639 1.285155 -0.422361
v -0.458672 1.285155 -0.280000
v -0.846003 1.285155 -0.202955
v -0.660000 1.285155 -0.481328
v -0.517639 1.285155 -0.137639
v -0.737045 1.285155 -0.466003
v -0.473997 1.285155 -0.357045
v -0.582955 1.285155 -0.093997
v -0.737045 1.285155 -0.093997
v -0.846003 1.285155 -0.357045
v -0.802361 1.285155 -0.422361
v -0.473997 1.285155 -0.202955
v -0.802361 1.285155 -0.137639
v -0.660000 1.269989 -0.523337
v -0.566879 1.269989 -0.504814
v -0.487935 1.269989 -0.452065
v -0.435186 1.269989 -0.373121
v -0.416663 1.269989 -0.280000
v -0.435186 1.269989 -0.186879
v -0.487935 1.269989 -0.107935
v -0.566879 1.269989 -0.055186
v -0.660000 1.269989 -0.036663
v -0.753121 1.269989 -0.055186
v -0.832065 1.269989 -0.107935
v -0.884814 1.269989 -0.186879
v -0.903337 1.269989 -0.280000
v -0.884814 1.269989 -0.373121
v -0.832065 1.269989 -0.452065
v -0.753121 1.269989 -0.504814
v -0.660000 1.269989 -0.498838
v -0.576254 1.269989 -0.482180
v -0.505258 1.269989 -0.434742
v -0.457820 1.269989 -0.363746
v -0.441162 1.269989 -0.280000
v -0.457820 1.269989 -0.196254
v -0.505258 1.269989 -0.125258
v -0.576254 1.269989 -0.077820
v -0.660000 1.269989 -0.061162
v -0.743746 1.269989 -0.077820
v -0.814742 1.269989 -0.125258
v -0.862180 1.269989 -0.196254
v -0.878838 1.269989 -0.280000
v -0.862180 1.269989 -0.363746
v -0.814742 1.269989 -0.434742
v -0.743746 1.269989 -0.482180
v -0.660000 1.268058 -0.518557
v -0.660000 1.268058 -0.503619
v -0.574425 1.268058 -0.486597
v -0.568708 1.268058 -0.500398
v -0.501878 1.268058 -0.438122
v -0.491315 1.268058 -0.448685
v -0.453403 1.268058 -0.365575
v -0.439603 1.268058 -0.371292
v -0.436381 1.268058 -0.280000
v -0.421444 1.268058 -0.280000
v -0.453403 1.268058 -0.194425
v -0.439603 1.268058 -0.188708
v -0.501878 1.268058 -0.121878
v -0.491315 1.268058 -0.111315
v -0.574425 1.268058 -0.073403
v -0.568708 1.268058 -0.059603
v -0.660000 1.268058 -0.056381
v -0.660000 1.268058 -0.041443
v -0.745575 1.268058 -0.073403
v -0.751292 1.268058 -0.059603
v -0.818122 1.268058 -0.121878
v -0.828685 1.268058 -0.111315
v -0.866597 1.268058 -0.194425
v -0.880397 1.268058 -0.188708
v -0.883619 1.268058 -0.280000
v -0.898557 1.268058 -0.280000
v -0.866597 1.268058 -0.365575
v -0.880397 1.268058 -0.371292
v -0.818122 1.268058 -0.438122
v -0.828685 1.268058 -0.448685
v -0.745575 1.268058 -0.486597
v -0.751292 1.268058 -0.500398
v -0.660000 1.997962 -0.488195
v -0.580327 1.997962 -0.472347
v -0.739673 1.997962 -0.472347
v -0.852347 1.997962 -0.359673
v -0.807216 1.997962 -0.427216
v -0.451805 1.997962 -0.280000
v -0.467653 1.997962 -0.200327
v -0.807216 1.997962 -0.132784
v -0.852347 1.997962 -0.200327
v -0.512784 1.997962 -0.427216
v -0.467653 1.997962 -0.359673
v -0.512784 1.997962 -0.132784
v -0.580327 1.997962 -0.087653
v -0.660000 1.997962 -0.071805
v -0.739673 1.997962 -0.087653
v -0.868195 1.997962 -0.280000
v -0.660000 2.032125 -0.328005
v -0.641629 2.032125 -0.324351
v -0.678371 2.032125 -0.324351
v -0.704351 2.032125 -0.298371
v -0.693945 2.032125 -0.313945
v -0.611995 2.032125 -0.280000
v -0.615649 2.032125 -0.261629
v -0.693945 2.032125 -0.246055
v -0.704351 2.032125 -0.261629
v -0.626055 2.032125 -0.313945
v -0.615649 2.032125 -0.298371
v -0.626055 2.032125 -0.246055
v -0.641629 2.032125 -0.235649
v -0.660000 2.032125 -0.231995
v -0.678371 2.032125 -0.235649
v -0.708005 2.032125 -0.280000
v -0.660000 2.032125 -0.394327
v -0.616249 2.032125 -0.385624
v -0.703751 2.032125 -0.385624
v -0.765624 2.032125 -0.323751
v -0.740841 2.032125 -0.360841
v -0.545673 2.032125 -0.280000
v -0.554376 2.032125 -0.236249
v -0.740841 2.032125 -0.199159
v -0.765624 2.032125 -0.236249
v -0.579159 2.032125 -0.360841
v -0.554376 2.032125 -0.323751
v -0.579159 2.032125 -0.199159
v -0.616249 2.032125 -0.174376
v -0.660000 2.032125 -0.165673
v -0.703751 2.032125 -0.174376
v -0.774327 2.032125 -0.280000
v -0.660000 1.636818 -0.481328
v -0.582955 1.636818 -0.466003
v -0.737045 1.636818 -0.466003
v -0.846003 1.636818 -0.357045
v -0.802361 1.636818 -0.422361
v -0.458672 1.636818 -0.280000
v -0.473997 1.636818 -0.202955
v -0.802361 1.636818 -0.137639
v -0.846003 1.636818 -0.202955
v -0.517639 1.636818 -0.422361
v -0.473997 1.636818 -0.357045
v -0.517639 1.636818 -0.137639
v -0.582955 1.636818 -0.093997
v -0.660000 1.636818 -0.078672
v -0.737045 1.636818 -0.093997
v -0.861328 1.636818 -0.280000
v -0.660000 1.636818 -0.338130
v -0.660000 1.653278 -0.327742
v -0.641730 1.653278 -0.324108
v -0.637755 1.636818 -0.333705
v -0.626241 1.653278 -0.246241
v -0.618896 1.636818 -0.238896
v -0.660000 1.653278 -0.232258
v -0.660000 1.636818 -0.221870
v -0.707742 1.653278 -0.280000
v -0.718130 1.636818 -0.280000
v -0.682245 1.636818 -0.333705
v -0.678270 1.653278 -0.324108
v -0.615892 1.653278 -0.298270
v -0.606295 1.636818 -0.302245
v -0.641730 1.653278 -0.235892
v -0.637755 1.636818 -0.226295
v -0.678270 1.653278 -0.235892
v -0.682245 1.636818 -0.226295
v -0.713705 1.636818 -0.302245
v -0.704108 1.653278 -0.298270
v -0.693759 1.653278 -0.313759
v -0.701104 1.636818 -0.321104
v -0.626241 1.653278 -0.313759
v -0.618896 1.636818 -0.321104
v -0.601870 1.636818 -0.280000
v -0.612258 1.653278 -0.280000
v -0.615892 1.653278 -0.261730
v -0.606295 1.636818 -0.257755
v -0.701104 1.636818 -0.238896
v -0.693759 1.653278 -0.246241
v -0.704108 1.653278 -0.261730
v -0.713705 1.636818 -0.257755
v -0.660000 1.217984 0.019797
v -0.560425 1.217984 0.039603
v -0.476008 1.217984 0.096008
v -0.419603 1.217984 0.180424
v -0.399797 1.217984 0.280000
v -0.419603 1.217984 0.379576
v -0.476008 1.217984 0.463992
v -0.560425 1.217984 0.520397
v -0.660000 1.217984 0.540203
v -0.759576 1.217984 0.520397
v -0.843992 1.217984 0.463992
v -0.900397 1.217984 0.379576
v -0.920204 1.217984 0.280000
v -0.900397 1.217984 0.180424
v -0.843992 1.217984 0.096008
v -0.759576 1.217984 0.039603
v -0.660000 1.269989 0.056381
v -0.660000 1.253446 0.019797
v -0.574425 1.269989 0.073403
v -0.560425 1.253446 0.039603
v -0.501878 1.269989 0.121878
v -0.476008 1.253446 0.096008
v -0.453403 1.269989 0.194425
v -0.419603 1.253446 0.180424
v -0.436381 1.269989 0.280000
v -0.399797 1.253446 0.280000
v -0.453403 1.269989 0.365575
v -0.419603 1.253446 0.379576
v -0.501878 1.269989 0.438122
v -0.476008 1.253446 0.463992
v -0.574425 1.269989 0.486597
v -0.560425 1.253446 0.520397
v -0.660000 1.269989 0.503619
v -0.660000 1.253446 0.540203
v -0.745575 1.269989 0.486597
v -0.759576 1.253446 0.520397
v -0.818122 1.269989 0.438122
v -0.843992 1.253446 0.463992
v -0.866597 1.269989 0.365575
v -0.900397 1.253446 0.379576
v -0.883619 1.269989 0.280000
v -0.920204 1.253446 0.280000
v -0.866597 1.269989 0.194425
v -0.900397 1.253446 0.180424
v -0.818122 1.269989 0.121878
v -0.843992 1.253446 0.096008
v -0.745575 1.269989 0.073403
v -0.759576 1.253446 0.039603
v -0.660000 1.269989 0.041443
v -0.568708 1.269989 0.059603
v -0.491315 1.269989 0.111315
v -0.439603 1.269989 0.188708
v -0.421444 1.269989 0.280000
v -0.439603 1.269989 0.371292
v -0.491315 1.269989 0.448685
v -0.568708 1.269989 0.500397
v -0.660000 1.269989 0.518556
v -0.751292 1.269989 0.500397
v -0.828685 1.269989 0.448685
v -0.880397 1.269989 0.371292
v -0.898557 1.269989 0.280000
v -0.880397 1.269989 0.188708
v -0.828685 1.269989 0.111315
v -0.751292 1.269989 0.059603
v -0.660000 1.291163 0.061162
v -0.576254 1.291163 0.077820
v -0.505258 1.291163 0.125258
v -0.457820 1.291163 0.196254
v -0.441162 1.291163 0.280000
v -0.457820 1.291163 0.363746
v -0.505258 1.291163 0.434742
v -0.576254 1.291163 0.482180
v -0.660000 1.291163 0.498838
v -0.743746 1.291163 0.482180
v -0.814742 1.291163 0.434742
v -0.862180 1.291163 0.363746
v -0.878838 1.291163 0.280000
v -0.862180 1.291163 0.196254
v -0.814742 1.291163 0.125258
v -0.743746 1.291163 0.077820
v -0.660000 1.291163 0.045666
v -0.570324 1.291163 0.063503
v -0.494301 1.291163 0.114301
v -0.443503 1.291163 0.190324
v -0.425666 1.291163 0.280000
v -0.443503 1.291163 0.369676
v -0.494301 1.291163 0.445699
v -0.570324 1.291163 0.496497
v -0.660000 1.291163 0.514334
v -0.749676 1.291163 0.496497
v -0.825699 1.291163 0.445699
v -0.876497 1.291163 0.369676
v -0.894334 1.291163 0.280000
v -0.876497 1.291163 0.190324
v -0.825699 1.291163 0.114301
v -0.749676 1.291163 0.063503
v -0.575207 1.316657 0.075292
v -0.503324 1.316657 0.123324
v -0.438426 1.316657 0.280000
v -0.503324 1.316657 0.436676
v -0.864708 1.316657 0.364793
v -0.660000 1.316657 0.045666
v -0.570324 1.316657 0.063503
v -0.494301 1.316657 0.114301
v -0.443503 1.316657 0.190324
v -0.425666 1.316657 0.280000
v -0.443503 1.316657 0.369676
v -0.494301 1.316657 0.445699
v -0.570324 1.316657 0.496497
v -0.660000 1.316657 0.514334
v -0.749676 1.316657 0.496497
v -0.825699 1.316657 0.445699
v -0.876497 1.316657 0.369676
v -0.894334 1.316657 0.280000
v -0.876497 1.316657 0.190324
v -0.825699 1.316657 0.114301
v -0.749676 1.316657 0.063503
v -0.660000 1.997962 0.058426
v -0.575207 1.997962 0.075292
v -0.503324 1.997962 0.436676
v -0.660000 1.997962 0.501574
v -0.881574 1.997962 0.280000
v -0.744793 1.997962 0.075292
v -0.660000 1.997962 0.047329
v -0.570961 1.997962 0.065040
v -0.495477 1.997962 0.115477
v -0.445040 1.997962 0.190961
v -0.427329 1.997962 0.280000
v -0.445040 1.997962 0.369039
v -0.495477 1.997962 0.444523
v -0.570961 1.997962 0.494960
v -0.660000 1.997962 0.512671
v -0.749039 1.997962 0.494960
v -0.824523 1.997962 0.444523
v -0.874960 1.997962 0.369039
v -0.892671 1.997962 0.280000
v -0.874960 1.997962 0.190961
v -0.824523 1.997962 0.115477
v -0.749039 1.997962 0.065040
v -0.660000 2.059819 0.060477
v -0.575992 2.059819 0.077187
v -0.504774 2.059819 0.124774
v -0.457187 2.059819 0.195992
v -0.440477 2.059819 0.280000
v -0.457187 2.059819 0.364008
v -0.504774 2.059819 0.435226
v -0.575992 2.059819 0.482813
v -0.660000 2.059819 0.499523
v -0.744008 2.059819 0.482813
v -0.815226 2.059819 0.435226
v -0.862813 2.059819 0.364008
v -0.879523 2.059819 0.280000
v -0.862813 2.059819 0.195992
v -0.815226 2.059819 0.124774
v -0.744008 2.059819 0.077187
v -0.660000 2.059819 0.047329
v -0.570961 2.059819 0.065040
v -0.495477 2.059819 0.115477
v -0.445040 2.059819 0.190961
v -0.427329 2.059819 0.280000
v -0.445040 2.059819 0.369039
v -0.495477 2.059819 0.444523
v -0.570961 2.059819 0.494960
v -0.660000 2.059819 0.512671
v -0.749039 2.059819 0.494960
v -0.824523 2.059819 0.444523
v -0.874960 2.059819 0.369039
v -0.892671 2.059819 0.280000
v -0.874960 2.059819 0.190961
v -0.824523 2.059819 0.115477
v -0.749039 2.059819 0.065040
v -0.660000 2.096428 0.093853
v -0.588765 2.096428 0.108023
v -0.528374 2.096428 0.148374
v -0.488023 2.096428 0.208765
v -0.473853 2.096428 0.280000
v -0.488023 2.096428 0.351235
v -0.528374 2.096428 0.411625
v -0.588765 2.096428 0.451977
v -0.660000 2.096428 0.466147
v -0.731235 2.096428 0.451977
v -0.791626 2.096428 0.411625
v -0.831977 2.096428 0.351235
v -0.846147 2.096428 0.280000
v -0.831977 2.096428 0.208765
v -0.791626 2.096428 0.148374
v -0.731235 2.096428 0.108023
v -0.660000 2.125376 0.173107
v -0.619094 2.125376 0.181243
v -0.584415 2.125376 0.204415
v -0.561243 2.125376 0.239094
v -0.553107 2.125376 0.280000
v -0.561243 2.125376 0.320906
v -0.584415 2.125376 0.355585
v -0.619094 2.125376 0.378757
v -0.660000 2.125376 0.386893
v -0.700906 2.125376 0.378757
v -0.735585 2.125376 0.355585
v -0.758757 2.125376 0.320906
v -0.766893 2.125376 0.280000
v -0.758757 2.125376 0.239094
v -0.735585 2.125376 0.204415
v -0.700906 2.125376 0.181243
v -0.660000 2.125376 0.163924
v -0.615580 2.125376 0.172759
v -0.577922 2.125376 0.197922
v -0.552759 2.125376 0.235580
v -0.543924 2.125376 0.280000
v -0.552759 2.125376 0.324420
v -0.577922 2.125376 0.362078
v -0.615580 2.125376 0.387240
v -0.660000 2.125376 0.396076
v -0.704421 2.125376 0.387240
v -0.742078 2.125376 0.362078
v -0.767241 2.125376 0.324420
v -0.776076 2.125376 0.280000
v -0.767241 2.125376 0.235580
v -0.742078 2.125376 0.197922
v -0.704421 2.125376 0.172759
v -0.660000 2.125358 0.184610
v -0.623496 2.125358 0.191872
v -0.592550 2.125358 0.212549
v -0.571872 2.125358 0.243496
v -0.564611 2.125358 0.280000
v -0.571872 2.125358 0.316504
v -0.592550 2.125358 0.347451
v -0.623496 2.125358 0.368128
v -0.660000 2.125358 0.375390
v -0.696504 2.125358 0.368128
v -0.727451 2.125358 0.347451
v -0.748128 2.125358 0.316504
v -0.755390 2.125358 0.280000
v -0.748128 2.125358 0.243496
v -0.727451 2.125358 0.212549
v -0.696504 2.125358 0.191872
v -0.660000 2.117755 0.173107
v -0.619094 2.117755 0.181243
v -0.584415 2.117755 0.204415
v -0.561243 2.117755 0.239094
v -0.553107 2.117755 0.280000
v -0.561243 2.117755 0.320906
v -0.584415 2.117755 0.355585
v -0.619094 2.117755 0.378757
v -0.660000 2.117755 0.386893
v -0.700906 2.117755 0.378757
v -0.735585 2.117755 0.355585
v -0.758757 2.117755 0.320906
v -0.766893 2.117755 0.280000
v -0.758757 2.117755 0.239094
v -0.735585 2.117755 0.204415
v -0.700906 2.117755 0.181243
v -0.660000 2.153782 0.204750
v -0.631203 2.153782 0.210478
v -0.606790 2.153782 0.226790
v -0.590478 2.153782 0.251203
v -0.584750 2.153782 0.280000
v -0.590478 2.153782 0.308797
v -0.606790 2.153782 0.333210
v -0.631203 2.153782 0.349522
v -0.660000 2.153782 0.355250
v -0.688797 2.153782 0.349522
v -0.713210 2.153782 0.333210
v -0.729522 2.153782 0.308797
v -0.735250 2.153782 0.280000
v -0.729522 2.153782 0.251203
v -0.713210 2.153782 0.226790
v -0.688797 2.153782 0.210478
v -0.660000 2.153782 0.184610
v -0.623496 2.153782 0.191872
v -0.592550 2.153782 0.212549
v -0.571872 2.153782 0.243496
v -0.564611 2.153782 0.280000
v -0.571872 2.153782 0.316504
v -0.592550 2.153782 0.347451
v -0.623496 2.153782 0.368128
v -0.660000 2.153782 0.375390
v -0.696504 2.153782 0.368128
v -0.727451 2.153782 0.347451
v -0.748128 2.153782 0.316504
v -0.755390 2.153782 0.280000
v -0.748128 2.153782 0.243496
v -0.727451 2.153782 0.212549
v -0.696504 2.153782 0.191872
v -0.660000 2.145761 0.217792
v -0.636194 2.145761 0.222527
v -0.616012 2.145761 0.236012
v -0.602527 2.145761 0.256194
v -0.597792 2.145761 0.280000
v -0.602527 2.145761 0.303806
v -0.616012 2.145761 0.323988
v -0.636194 2.145761 0.337473
v -0.660000 2.145761 0.342208
v -0.683806 2.145761 0.337473
v -0.703988 2.145761 0.323988
v -0.719238 2.154811 0.294930
v -0.722208 2.154811 0.280000
v -0.719238 2.154811 0.265070
v -0.703988 2.145761 0.236012
v -0.683806 2.145761 0.222527
v -0.623496 2.136255 0.191872
v -0.592550 2.143858 0.212549
v -0.696504 2.136255 0.368128
v -0.727451 2.143858 0.347451
v -0.571872 2.143858 0.243496
v -0.748128 2.143858 0.316504
v -0.564611 2.143858 0.280000
v -0.755390 2.143858 0.280000
v -0.571872 2.143858 0.316504
v -0.748128 2.143858 0.243496
v -0.592550 2.143858 0.347451
v -0.727451 2.143858 0.212549
v -0.623496 2.143858 0.368128
v -0.696504 2.143858 0.191872
v -0.660000 2.143858 0.375390
v -0.660000 2.136255 0.184610
v -0.660000 2.117755 0.184610
v -0.623496 2.117755 0.191872
v -0.592550 2.117755 0.212549
v -0.571872 2.117755 0.243496
v -0.564611 2.117755 0.280000
v -0.571872 2.117755 0.316504
v -0.592550 2.117755 0.347451
v -0.623496 2.117755 0.368128
v -0.660000 2.117755 0.375390
v -0.696504 2.117755 0.368128
v -0.727451 2.117755 0.347451
v -0.748128 2.117755 0.316504
v -0.755390 2.117755 0.280000
v -0.748128 2.117755 0.243496
v -0.727451 2.117755 0.212549
v -0.696504 2.117755 0.191872
v -0.660000 2.136255 0.375390
v -0.696504 2.143858 0.368128
v -0.696504 2.136255 0.191872
v -0.660000 2.143858 0.184610
v -0.623496 2.143858 0.191872
v -0.623496 2.136255 0.368128
v -0.727451 2.136255 0.212549
v -0.592550 2.136255 0.347451
v -0.748128 2.136255 0.243496
v -0.571872 2.136255 0.316504
v -0.755390 2.136255 0.280000
v -0.564611 2.136255 0.280000
v -0.748128 2.136255 0.316504
v -0.571872 2.136255 0.243496
v -0.727451 2.136255 0.347451
v -0.592550 2.136255 0.212549
v -0.593396 2.136255 0.213396
v -0.593396 2.125358 0.213396
v -0.726604 2.136255 0.346604
v -0.726604 2.125358 0.346604
v -0.572978 2.136255 0.243954
v -0.572978 2.125358 0.243954
v -0.747022 2.136255 0.316046
v -0.747022 2.125358 0.316046
v -0.565808 2.136255 0.280000
v -0.565808 2.125358 0.280000
v -0.754192 2.136255 0.280000
v -0.754192 2.125358 0.280000
v -0.572978 2.136255 0.316046
v -0.572978 2.125358 0.316046
v -0.747022 2.136255 0.243954
v -0.747022 2.125358 0.243954
v -0.593396 2.136255 0.346604
v -0.593396 2.125358 0.346604
v -0.726604 2.136255 0.213396
v -0.726604 2.125358 0.213396
v -0.623954 2.136255 0.367022
v -0.623954 2.125358 0.367022
v -0.696046 2.136255 0.192978
v -0.696046 2.125358 0.192978
v -0.660000 2.136255 0.374192
v -0.660000 2.125358 0.374192
v -0.623954 2.125358 0.192978
v -0.623954 2.136255 0.192978
v -0.696046 2.125358 0.367022
v -0.696046 2.136255 0.367022
v -0.660000 2.125358 0.185808
v -0.660000 2.136255 0.185808
v -0.660000 1.316657 0.501574
v -0.744793 1.316657 0.484708
v -0.881574 1.316657 0.280000
v -0.816676 1.316657 0.123324
v -0.744793 1.316657 0.075292
v -0.455292 1.997962 0.195207
v -0.575207 1.997962 0.484708
v -0.744793 1.997962 0.484708
v -0.864708 1.997962 0.195207
v -0.816676 1.997962 0.123324
v -0.660000 1.316657 0.058426
v -0.455292 1.316657 0.195207
v -0.455292 1.316657 0.364793
v -0.575207 1.316657 0.484708
v -0.816676 1.316657 0.436676
v -0.864708 1.316657 0.195207
v -0.503324 1.997962 0.123324
v -0.438426 1.997962 0.280000
v -0.455292 1.997962 0.364793
v -0.816676 1.997962 0.436676
v -0.864708 1.997962 0.364793
v -0.660000 1.997962 0.090040
v -0.587305 1.997962 0.104500
v -0.525678 1.997962 0.414322
v -0.660000 1.997962 0.469960
v -0.849960 1.997962 0.280000
v -0.732695 1.997962 0.104500
v -0.484500 1.997962 0.207305
v -0.587305 1.997962 0.455500
v -0.732695 1.997962 0.455500
v -0.835500 1.997962 0.207305
v -0.794322 1.997962 0.145678
v -0.525678 1.997962 0.145678
v -0.470040 1.997962 0.280000
v -0.484500 1.997962 0.352695
v -0.794322 1.997962 0.414322
v -0.835500 1.997962 0.352695
v -0.660000 1.316712 0.071805
v -0.580327 1.316712 0.087653
v -0.512784 1.316712 0.427216
v -0.660000 1.316712 0.488195
v -0.868195 1.316712 0.280000
v -0.739673 1.316712 0.087653
v -0.467653 1.316712 0.200327
v -0.580327 1.316712 0.472347
v -0.739673 1.316712 0.472347
v -0.852347 1.316712 0.200327
v -0.807216 1.316712 0.132784
v -0.512784 1.316712 0.132784
v -0.451805 1.316712 0.280000
v -0.467653 1.316712 0.359673
v -0.807216 1.316712 0.427216
v -0.852347 1.316712 0.359673
v -0.660000 1.285155 0.071805
v -0.580327 1.285155 0.087653
v -0.512784 1.285155 0.427216
v -0.660000 1.285155 0.488195
v -0.868195 1.285155 0.280000
v -0.739673 1.285155 0.087653
v -0.467653 1.285155 0.200327
v -0.580327 1.285155 0.472347
v -0.739673 1.285155 0.472347
v -0.852347 1.285155 0.200327
v -0.807216 1.285155 0.132784
v -0.512784 1.285155 0.132784
v -0.451805 1.285155 0.280000
v -0.467653 1.285155 0.359673
v -0.807216 1.285155 0.427216
v -0.852347 1.285155 0.359673
v -0.582955 1.285155 0.466003
v -0.517639 1.285155 0.137639
v -0.458672 1.285155 0.280000
v -0.846003 1.285155 0.357045
v -0.660000 1.285155 0.078672
v -0.582955 1.285155 0.093997
v -0.517639 1.285155 0.422361
v -0.660000 1.285155 0.481328
v -0.861328 1.285155 0.280000
v -0.737045 1.285155 0.093997
v -0.473997 1.285155 0.202955
v -0.737045 1.285155 0.466003
v -0.846003 1.285155 0.202955
v -0.802361 1.285155 0.137639
v -0.473997 1.285155 0.357045
v -0.802361 1.285155 0.422361
v -0.660000 1.269989 0.036663
v -0.566879 1.269989 0.055186
v -0.487935 1.269989 0.107935
v -0.435186 1.269989 0.186879
v -0.416663 1.269989 0.280000
v -0.435186 1.269989 0.373121
v -0.487935 1.269989 0.452065
v -0.566879 1.269989 0.504814
v -0.660000 1.269989 0.523337
v -0.753121 1.269989 0.504814
v -0.832065 1.269989 0.452065
v -0.884814 1.269989 0.373121
v -0.903337 1.269989 0.280000
v -0.884814 1.269989 0.186879
v -0.832065 1.269989 0.107935
v -0.753121 1.269989 0.055186
v -0.660000 1.269989 0.061162
v -0.576254 1.269989 0.077820
v -0.505258 1.269989 0.125258
v -0.457820 1.269989 0.196254
v -0.441162 1.269989 0.280000
v -0.457820 1.269989 0.363746
v -0.505258 1.269989 0.434742
v -0.576254 1.269989 0.482180
v -0.660000 1.269989 0.498838
v -0.743746 1.269989 0.482180
v -0.814742 1.269989 0.434742
v -0.862180 1.269989 0.363746
v -0.878838 1.269989 0.280000
v -0.862180 1.269989 0.196254
v -0.814742 1.269989 0.125258
v -0.743746 1.269989 0.077820
v -0.660000 1.268058 0.041443
v -0.660000 1.268058 0.056381
v -0.574425 1.268058 0.073403
v -0.568708 1.268058 0.059603
v -0.501878 1.268058 0.121878
v -0.491315 1.268058 0.111315
v -0.453403 1.268058 0.194425
v -0.439603 1.268058 0.188708
v -0.436381 1.268058 0.280000
v -0.421444 1.268058 0.280000
v -0.453403 1.268058 0.365575
v -0.439603 1.268058 0.371292
v -0.501878 1.268058 0.438122
v -0.491315 1.268058 0.448685
v -0.574425 1.268058 0.486597
v -0.568708 1.268058 0.500397
v -0.660000 1.268058 0.503619
v -0.660000 1.268058 0.518556
v -0.745575 1.268058 0.486597
v -0.751292 1.268058 0.500397
v -0.818122 1.268058 0.438122
v -0.828685 1.268058 0.448685
v -0.866597 1.268058 0.365575
v -0.880397 1.268058 0.371292
v -0.883619 1.268058 0.280000
v -0.898557 1.268058 0.280000
v -0.866597 1.268058 0.194425
v -0.880397 1.268058 0.188708
v -0.818122 1.268058 0.121878
v -0.828685 1.268058 0.111315
v -0.745575 1.268058 0.073403
v -0.751292 1.268058 0.059603
v -0.660000 1.997962 0.071805
v -0.580327 1.997962 0.087653
v -0.739673 1.997962 0.087653
v -0.852347 1.997962 0.200327
v -0.807216 1.997962 0.132784
v -0.451805 1.997962 0.280000
v -0.467653 1.997962 0.359673
v -0.807216 1.997962 0.427216
v -0.852347 1.997962 0.359673
v -0.512784 1.997962 0.132784
v -0.467653 1.997962 0.200327
v -0.512784 1.997962 0.427216
v -0.580327 1.997962 0.472347
v -0.660000 1.997962 0.488195
v -0.739673 1.997962 0.472347
v -0.868195 1.997962 0.280000
v -0.660000 2.032125 0.231995
v -0.641629 2.032125 0.235649
v -0.678371 2.032125 0.235649
v -0.704351 2.032125 0.261629
v -0.693945 2.032125 0.246055
v -0.611995 2.032125 0.280000
v -0.615649 2.032125 0.298371
v -0.693945 2.032125 0.313945
v -0.704351 2.032125 0.298371
v -0.626055 2.032125 0.246055
v -0.615649 2.032125 0.261629
v -0.626055 2.032125 0.313945
v -0.641629 2.032125 0.324351
v -0.660000 2.032125 0.328005
v -0.678371 2.032125 0.324351
v -0.708005 2.032125 0.280000
v -0.660000 2.032125 0.165673
v -0.616249 2.032125 0.174376
v -0.703751 2.032125 0.174376
v -0.765624 2.032125 0.236249
v -0.740841 2.032125 0.199159
v -0.545673 2.032125 0.280000
v -0.554376 2.032125 0.323751
v -0.740841 2.032125 0.360841
v -0.765624 2.032125 0.323751
v -0.579159 2.032125 0.199159
v -0.554376 2.032125 0.236249
v -0.579159 2.032125 0.360841
v -0.616249 2.032125 0.385624
v -0.660000 2.032125 0.394327
v -0.703751 2.032125 0.385624
v -0.774327 2.032125 0.280000
v -0.660000 1.854832 0.078672
v -0.582955 1.854832 0.093997
v -0.737045 1.854832 0.093997
v -0.846003 1.854832 0.202955
v -0.802361 1.854832 0.137639
v -0.458672 1.854832 0.280000
v -0.473997 1.854832 0.357045
v -0.802361 1.854832 0.422361
v -0.846003 1.854832 0.357045
v -0.517639 1.854832 0.137639
v -0.473997 1.854832 0.202955
v -0.517639 1.854832 0.422361
v -0.582955 1.854832 0.466003
v -0.660000 1.854832 0.481328
v -0.737045 1.854832 0.466003
v -0.861328 1.854832 0.280000
v -0.660000 1.854832 0.221870
v -0.660000 1.871292 0.232258
v -0.641730 1.871292 0.235892
v -0.637755 1.854832 0.226295
v -0.626241 1.871292 0.313759
v -0.618896 1.854832 0.321104
v -0.660000 1.871292 0.327742
v -0.660000 1.854832 0.338130
v -0.707742 1.871292 0.280000
v -0.718130 1.854832 0.280000
v -0.682245 1.854832 0.226295
v -0.678270 1.871292 0.235892
v -0.615892 1.871292 0.261730
v -0.606295 1.854832 0.257755
v -0.641730 1.871292 0.324108
v -0.637755 1.854832 0.333705
v -0.678270 1.871292 0.324108
v -0.682245 1.854832 0.333705
v -0.713705 1.854832 0.257755
v -0.704108 1.871292 0.261730
v -0.693759 1.871292 0.246241
v -0.701104 1.854832 0.238896
v -0.626241 1.871292 0.246241
v -0.618896 1.854832 0.238896
v -0.601870 1.854832 0.280000
v -0.612258 1.871292 0.280000
v -0.615892 1.871292 0.298270
v -0.606295 1.854832 0.302245
v -0.701104 1.854832 0.321104
v -0.693759 1.871292 0.313759
v -0.704108 1.871292 0.298270
v -0.713705 1.854832 0.302245
v 0.660000 1.217984 0.019797
v 0.759576 1.217984 0.039603
v 0.843992 1.217984 0.096008
v 0.900397 1.217984 0.180424
v 0.920204 1.217984 0.280000
v 0.900397 1.217984 0.379576
v 0.843992 1.217984 0.463992
v 0.759576 1.217984 0.520397
v 0.660000 1.217984 0.540203
v 0.560425 1.217984 0.520397
v 0.476008 1.217984 0.463992
v 0.419603 1.217984 0.379576
v 0.399797 1.217984 0.280000
v 0.419603 1.217984 0.180424
v 0.476008 1.217984 0.096008
v 0.560425 1.217984 0.039603
v 0.660000 1.269989 0.056381
v 0.660000 1.253446 0.019797
v 0.745575 1.269989 0.073403
v 0.759576 1.253446 0.039603
v 0.818122 1.269989 0.121878
v 0.843992 1.253446 0.096008
v 0.866597 1.269989 0.194425
v 0.900397 1.253446 0.180424
v 0.883619 1.269989 0.280000
v 0.920204 1.253446 0.280000
v 0.866597 1.269989 0.365575
v 0.900397 1.253446 0.379576
v 0.818122 1.269989 0.438122
v 0.843992 1.253446 0.463992
v 0.745575 1.269989 0.486597
v 0.759576 1.253446 0.520397
v 0.660000 1.269989 0.503619
v 0.660000 1.253446 0.540203
v 0.574425 1.269989 0.486597
v 0.560425 1.253446 0.520397
v 0.501878 1.269989 0.438122
v 0.476008 1.253446 0.463992
v 0.453403 1.269989 0.365575
v 0.419603 1.253446 0.379576
v 0.436381 1.269989 0.280000
v 0.399797 1.253446 0.280000
v 0.453403 1.269989 0.194425
v 0.419603 1.253446 0.180424
v 0.501878 1.269989 0.121878
v 0.476008 1.253446 0.096008
v 0.574425 1.269989 0.073403
v 0.560425 1.253446 0.039603
v 0.660000 1.269989 0.041443
v 0.751292 1.269989 0.059603
v 0.828685 1.269989 0.111315
v 0.880397 1.269989 0.188708
v 0.898557 1.269989 0.280000
v 0.880397 1.269989 0.371292
v 0.828685 1.269989 0.448685
v 0.751292 1.269989 0.500397
v 0.660000 1.269989 0.518556
v 0.568708 1.269989 0.500397
v 0.491315 1.269989 0.448685
v 0.439603 1.269989 0.371292
v 0.421444 1.269989 0.280000
v 0.439603 1.269989 0.188708
v 0.491315 1.269989 0.111315
v 0.568708 1.269989 0.059603
v 0.660000 1.291163 0.061162
v 0.743746 1.291163 0.077820
v 0.814742 1.291163 0.125258
v 0.862180 1.291163 0.196254
v 0.878838 1.291163 0.280000
v 0.862180 1.291163 0.363746
v 0.814742 1.291163 0.434742
v 0.743746 1.291163 0.482180
v 0.660000 1.291163 0.498838
v 0.576254 1.291163 0.482180
v 0.505258 1.291163 0.434742
v 0.457820 1.291163 0.363746
v 0.441162 1.291163 0.280000
v 0.457820 1.291163 0.196254
v 0.505258 1.291163 0.125258
v 0.576254 1.291163 0.077820
v 0.660000 1.291163 0.045666
v 0.749676 1.291163 0.063503
v 0.825699 1.291163 0.114301
v 0.876497 1.291163 0.190324
v 0.894334 1.291163 0.280000
v 0.876497 1.291163 0.369676
v 0.825699 1.291163 0.445699
v 0.749676 1.291163 0.496497
v 0.660000 1.291163 0.514334
v 0.570324 1.291163 0.496497
v 0.494301 1.291163 0.445699
v 0.443503 1.291163 0.369676
v 0.425666 1.291163 0.280000
v 0.443503 1.291163 0.190324
v 0.494301 1.291163 0.114301
v 0.570324 1.291163 0.063503
v 0.744793 1.316657 0.075292
v 0.816676 1.316657 0.123324
v 0.881574 1.316657 0.280000
v 0.816676 1.316657 0.436676
v 0.455292 1.316657 0.364793
v 0.660000 1.316657 0.045666
v 0.749676 1.316657 0.063503
v 0.825699 1.316657 0.114301
v 0.876497 1.316657 0.190324
v 0.894334 1.316657 0.280000
v 0.876497 1.316657 0.369676
v 0.825699 1.316657 0.445699
v 0.749676 1.316657 0.496497
v 0.660000 1.316657 0.514334
v 0.570324 1.316657 0.496497
v 0.494301 1.316657 0.445699
v 0.443503 1.316657 0.369676
v 0.425666 1.316657 0.280000
v 0.443503 1.316657 0.190324
v 0.494301 1.316657 0.114301
v 0.570324 1.316657 0.063503
v 0.660000 1.997962 0.058426
v 0.744793 1.997962 0.075292
v 0.816676 1.997962 0.436676
v 0.660000 1.997962 0.501574
v 0.438426 1.997962 0.280000
v 0.575207 1.997962 0.075292
v 0.660000 1.997962 0.047329
v 0.749039 1.997962 0.065040
v 0.824523 1.997962 0.115477
v 0.874960 1.997962 0.190961
v 0.892671 1.997962 0.280000
v 0.874960 1.997962 0.369039
v 0.824523 1.997962 0.444523
v 0.749039 1.997962 0.494960
v 0.660000 1.997962 0.512671
v 0.570961 1.997962 0.494960
v 0.495477 1.997962 0.444523
v 0.445040 1.997962 0.369039
v 0.427329 1.997962 0.280000
v 0.445040 1.997962 0.190961
v 0.495477 1.997962 0.115477
v 0.570961 1.997962 0.065040
v 0.660000 2.059819 0.060477
v 0.744008 2.059819 0.077187
v 0.815226 2.059819 0.124774
v 0.862813 2.059819 0.195992
v 0.879523 2.059819 0.280000
v 0.862813 2.059819 0.364008
v 0.815226 2.059819 0.435226
v 0.744008 2.059819 0.482813
v 0.660000 2.059819 0.499523
v 0.575992 2.059819 0.482813
v 0.504774 2.059819 0.435226
v 0.457187 2.059819 0.364008
v 0.440477 2.059819 0.280000
v 0.457187 2.059819 0.195992
v 0.504774 2.059819 0.124774
v 0.575992 2.059819 0.077187
v 0.660000 2.059819 0.047329
v 0.749039 2.059819 0.065040
v 0.824523 2.059819 0.115477
v 0.874960 2.059819 0.190961
v 0.892671 2.059819 0.280000
v 0.874960 2.059819 0.369039
v 0.824523 2.059819 0.444523
v 0.749039 2.059819 0.494960
v 0.660000 2.059819 0.512671
v 0.570961 2.059819 0.494960
v 0.495477 2.059819 0.444523
v 0.445040 2.059819 0.369039
v 0.427329 2.059819 0.280000
v 0.445040 2.059819 0.190961
v 0.495477 2.059819 0.115477
v 0.570961 2.059819 0.065040
v 0.660000 2.096428 0.093853
v 0.731235 2.096428 0.108023
v 0.791626 2.096428 0.148374
v 0.831977 2.096428 0.208765
v 0.846147 2.096428 0.280000
v 0.831977 2.096428 0.351235
v 0.791626 2.096428 0.411625
v 0.731235 2.096428 0.451977
v 0.660000 2.096428 0.466147
v 0.588765 2.096428 0.451977
v 0.528374 2.096428 0.411625
v 0.488023 2.096428 0.351235
v 0.473853 2.096428 0.280000
v 0.488023 2.096428 0.208765
v 0.528374 2.096428 0.148374
v 0.588765 2.096428 0.108023
v 0.660000 2.125376 0.173107
v 0.700906 2.125376 0.181243
v 0.735585 2.125376 0.204415
v 0.758757 2.125376 0.239094
v 0.766893 2.125376 0.280000
v 0.758757 2.125376 0.320906
v 0.735585 2.125376 0.355585
v 0.700906 2.125376 0.378757
v 0.660000 2.125376 0.386893
v 0.619094 2.125376 0.378757
v 0.584415 2.125376 0.355585
v 0.561243 2.125376 0.320906
v 0.553107 2.125376 0.280000
v 0.561243 2.125376 0.239094
v 0.584415 2.125376 0.204415
v 0.619094 2.125376 0.181243
v 0.660000 2.125376 0.163924
v 0.704421 2.125376 0.172759
v 0.742078 2.125376 0.197922
v 0.767241 2.125376 0.235580
v 0.776076 2.125376 0.280000
v 0.767241 2.125376 0.324420
v 0.742078 2.125376 0.362078
v 0.704421 2.125376 0.387240
v 0.660000 2.125376 0.396076
v 0.615580 2.125376 0.387240
v 0.577922 2.125376 0.362078
v 0.552759 2.125376 0.324420
v 0.543924 2.125376 0.280000
v 0.552759 2.125376 0.235580
v 0.577922 2.125376 0.197922
v 0.615580 2.125376 0.172759
v 0.660000 2.125358 0.184610
v 0.696504 2.125358 0.191872
v 0.727451 2.125358 0.212549
v 0.748128 2.125358 0.243496
v 0.755390 2.125358 0.280000
v 0.748128 2.125358 0.316504
v 0.727451 2.125358 0.347451
v 0.696504 2.125358 0.368128
v 0.660000 2.125358 0.375390
v 0.623496 2.125358 0.368128
v 0.592550 2.125358 0.347451
v 0.571872 2.125358 0.316504
v 0.564611 2.125358 0.280000
v 0.571872 2.125358 0.243496
v 0.592550 2.125358 0.212549
v 0.623496 2.125358 0.191872
v 0.660000 2.117755 0.173107
v 0.700906 2.117755 0.181243
v 0.735585 2.117755 0.204415
v 0.758757 2.117755 0.239094
v 0.766893 2.117755 0.280000
v 0.758757 2.117755 0.320906
v 0.735585 2.117755 0.355585
v 0.700906 2.117755 0.378757
v 0.660000 2.117755 0.386893
v 0.619094 2.117755 0.378757
v 0.584415 2.117755 0.355585
v 0.561243 2.117755 0.320906
v 0.553107 2.117755 0.280000
v 0.561243 2.117755 0.239094
v 0.584415 2.117755 0.204415
v 0.619094 2.117755 0.181243
v 0.660000 2.153782 0.204750
v 0.688797 2.153782 0.210478
v 0.713210 2.153782 0.226790
v 0.729522 2.153782 0.251203
v 0.735250 2.153782 0.280000
v 0.729522 2.153782 0.308797
v 0.713210 2.153782 0.333210
v 0.688797 2.153782 0.349522
v 0.660000 2.153782 0.355250
v 0.631203 2.153782 0.349522
v 0.606790 2.153782 0.333210
v 0.590478 2.153782 0.308797
v 0.584750 2.153782 0.280000
v 0.590478 2.153782 0.251203
v 0.606790 2.153782 0.226790
v 0.631203 2.153782 0.210478
v 0.660000 2.153782 0.184610
v 0.696504 2.153782 0.191872
v 0.727451 2.153782 0.212549
v 0.748128 2.153782 0.243496
v 0.755390 2.153782 0.280000
v 0.748128 2.153782 0.316504
v 0.727451 2.153782 0.347451
v 0.696504 2.153782 0.368128
v 0.660000 2.153782 0.375390
v 0.623496 2.153782 0.368128
v 0.592550 2.153782 0.347451
v 0.571872 2.153782 0.316504
v 0.564611 2.153782 0.280000
v 0.571872 2.153782 0.243496
v 0.592550 2.153782 0.212549
v 0.623496 2.153782 0.191872
v 0.660000 2.145761 0.217792
v 0.683806 2.145761 0.222527
v 0.703988 2.145761 0.236012
v 0.719239 2.154811 0.265070
v 0.722208 2.154811 0.280000
v 0.719239 2.154811 0.294930
v 0.703988 2.145761 0.323988
v 0.683806 2.145761 0.337473
v 0.660000 2.145761 0.342208
v 0.636194 2.145761 0.337473
v 0.616012 2.145761 0.323988
v 0.602527 2.145761 0.303806
v 0.597792 2.145761 0.280000
v 0.602527 2.145761 0.256194
v 0.616012 2.145761 0.236012
v 0.636194 2.145761 0.222527
v 0.696504 2.136255 0.191872
v 0.727451 2.143858 0.212549
v 0.623496 2.136255 0.368128
v 0.592550 2.143858 0.347451
v 0.748128 2.143858 0.243496
v 0.571872 2.143858 0.316504
v 0.755390 2.143858 0.280000
v 0.564611 2.143858 0.280000
v 0.748128 2.143858 0.316504
v 0.571872 2.143858 0.243496
v 0.727451 2.143858 0.347451
v 0.592550 2.143858 0.212549
v 0.696504 2.143858 0.368128
v 0.623496 2.143858 0.191872
v 0.660000 2.143858 0.375390
v 0.660000 2.136255 0.184610
v 0.660000 2.117755 0.184610
v 0.696504 2.117755 0.191872
v 0.727451 2.117755 0.212549
v 0.748128 2.117755 0.243496
v 0.755390 2.117755 0.280000
v 0.748128 2.117755 0.316504
v 0.727451 2.117755 0.347451
v 0.696504 2.117755 0.368128
v 0.660000 2.117755 0.375390
v 0.623496 2.117755 0.368128
v 0.592550 2.117755 0.347451
v 0.571872 2.117755 0.316504
v 0.564611 2.117755 0.280000
v 0.571872 2.117755 0.243496
v 0.592550 2.117755 0.212549
v 0.623496 2.117755 0.191872
v 0.660000 2.136255 0.375390
v 0.623496 2.143858 0.368128
v 0.623496 2.136255 0.191872
v 0.660000 2.143858 0.184610
v 0.696504 2.143858 0.191872
v 0.696504 2.136255 0.368128
v 0.592550 2.136255 0.212549
v 0.727451 2.136255 0.347451
v 0.571872 2.136255 0.243496
v 0.748128 2.136255 0.316504
v 0.564611 2.136255 0.280000
v 0.755390 2.136255 0.280000
v 0.571872 2.136255 0.316504
v 0.748128 2.136255 0.243496
v 0.592550 2.136255 0.347451
v 0.727451 2.136255 0.212549
v 0.726604 2.136255 0.213396
v 0.726604 2.125358 0.213396
v 0.593396 2.136255 0.346604
v 0.593396 2.125358 0.346604
v 0.747022 2.136255 0.243954
v 0.747022 2.125358 0.243954
v 0.572978 2.136255 0.316046
v 0.572978 2.125358 0.316046
v 0.754192 2.136255 0.280000
v 0.754192 2.125358 0.280000
v 0.565808 2.136255 0.280000
v 0.565808 2.125358 0.280000
v 0.747022 2.136255 0.316046
v 0.747022 2.125358 0.316046
v 0.572978 2.136255 0.243954
v 0.572978 2.125358 0.243954
v 0.726604 2.136255 0.346604
v 0.726604 2.125358 0.346604
v 0.593396 2.136255 0.213396
v 0.593396 2.125358 0.213396
v 0.696046 2.136255 0.367022
v 0.696046 2.125358 0.367022
v 0.623954 2.136255 0.192978
v 0.623954 2.125358 0.192978
v 0.660000 2.136255 0.374192
v 0.660000 2.125358 0.374192
v 0.696046 2.125358 0.192978
v 0.696046 2.136255 0.192978
v 0.623954 2.125358 0.367022
v 0.623954 2.136255 0.367022
v 0.660000 2.125358 0.185808
v 0.660000 2.136255 0.185808
v 0.660000 1.316657 0.501574
v 0.575207 1.316657 0.484708
v 0.438426 1.316657 0.280000
v 0.503324 1.316657 0.123324
v 0.575207 1.316657 0.075292
v 0.864708 1.997962 0.195207
v 0.744793 1.997962 0.484708
v 0.575207 1.997962 0.484708
v 0.455292 1.997962 0.195207
v 0.503324 1.997962 0.123324
v 0.660000 1.316657 0.058426
v 0.864708 1.316657 0.195207
v 0.864708 1.316657 0.364793
v 0.744793 1.316657 0.484708
v 0.503324 1.316657 0.436676
v 0.455292 1.316657 0.195207
v 0.816676 1.997962 0.123324
v 0.881574 1.997962 0.280000
v 0.864708 1.997962 0.364793
v 0.503324 1.997962 0.436676
v 0.455292 1.997962 0.364793
v 0.660000 1.997962 0.090040
v 0.732695 1.997962 0.104500
v 0.794322 1.997962 0.414322
v 0.660000 1.997962 0.469960
v 0.470040 1.997962 0.280000
v 0.587305 1.997962 0.104500
v 0.835500 1.997962 0.207305
v 0.732695 1.997962 0.455500
v 0.587305 1.997962 0.455500
v 0.484500 1.997962 0.207305
v 0.525678 1.997962 0.145678
v 0.794322 1.997962 0.145678
v 0.849960 1.997962 0.280000
v 0.835500 1.997962 0.352695
v 0.525678 1.997962 0.414322
v 0.484500 1.997962 0.352695
v 0.660000 1.316712 0.071805
v 0.739673 1.316712 0.087653
v 0.807216 1.316712 0.427216
v 0.660000 1.316712 0.488195
v 0.451805 1.316712 0.280000
v 0.580327 1.316712 0.087653
v 0.852347 1.316712 0.200327
v 0.739673 1.316712 0.472347
v 0.580327 1.316712 0.472347
v 0.467653 1.316712 0.200327
v 0.512784 1.316712 0.132784
v 0.807216 1.316712 0.132784
v 0.868195 1.316712 0.280000
v 0.852347 1.316712 0.359673
v 0.512784 1.316712 0.427216
v 0.467653 1.316712 0.359673
v 0.660000 1.285155 0.071805
v 0.739673 1.285155 0.087653
v 0.807216 1.285155 0.427216
v 0.660000 1.285155 0.488195
v 0.451805 1.285155 0.280000
v 0.580327 1.285155 0.087653
v 0.852347 1.285155 0.200327
v 0.739673 1.285155 0.472347
v 0.580327 1.285155 0.472347
v 0.467653 1.285155 0.200327
v 0.512784 1.285155 0.132784
v 0.807216 1.285155 0.132784
v 0.868195 1.285155 0.280000
v 0.852347 1.285155 0.359673
v 0.512784 1.285155 0.427216
v 0.467653 1.285155 0.359673
v 0.660000 1.285155 0.078672
v 0.802361 1.285155 0.422361
v 0.846003 1.285155 0.202955
v 0.737045 1.285155 0.466003
v 0.582955 1.285155 0.466003
v 0.473997 1.285155 0.202955
v 0.861328 1.285155 0.280000
v 0.517639 1.285155 0.422361
v 0.737045 1.285155 0.093997
v 0.660000 1.285155 0.481328
v 0.458672 1.285155 0.280000
v 0.582955 1.285155 0.093997
v 0.517639 1.285155 0.137639
v 0.802361 1.285155 0.137639
v 0.846003 1.285155 0.357045
v 0.473997 1.285155 0.357045
v 0.660000 1.269989 0.036663
v 0.753121 1.269989 0.055186
v 0.832065 1.269989 0.107935
v 0.884814 1.269989 0.186879
v 0.903337 1.269989 0.280000
v 0.884814 1.269989 0.373121
v 0.832065 1.269989 0.452065
v 0.753121 1.269989 0.504814
v 0.660000 1.269989 0.523337
v 0.566879 1.269989 0.504814
v 0.487935 1.269989 0.452065
v 0.435186 1.269989 0.373121
v 0.416663 1.269989 0.280000
v 0.435186 1.269989 0.186879
v 0.487935 1.269989 0.107935
v 0.566879 1.269989 0.055186
v 0.660000 1.269989 0.061162
v 0.743746 1.269989 0.077820
v 0.814742 1.269989 0.125258
v 0.862180 1.269989 0.196254
v 0.878838 1.269989 0.280000
v 0.862180 1.269989 0.363746
v 0.814742 1.269989 0.434742
v 0.743746 1.269989 0.482180
v 0.660000 1.269989 0.498838
v 0.576254 1.269989 0.482180
v 0.505258 1.269989 0.434742
v 0.457820 1.269989 0.363746
v 0.441162 1.269989 0.280000
v 0.457820 1.269989 0.196254
v 0.505258 1.269989 0.125258
v 0.576254 1.269989 0.077820
v 0.660000 1.268058 0.041443
v 0.660000 1.268058 0.056381
v 0.745575 1.268058 0.073403
v 0.751292 1.268058 0.059603
v 0.818122 1.268058 0.121878
v 0.828685 1.268058 0.111315
v 0.866597 1.268058 0.194425
v 0.880397 1.268058 0.188708
v 0.883619 1.268058 0.280000
v 0.898557 1.268058 0.280000
v 0.866597 1.268058 0.365575
v 0.880397 1.268058 0.371292
v 0.818122 1.268058 0.438122
v 0.828685 1.268058 0.448685
v 0.745575 1.268058 0.486597
v 0.751292 1.268058 0.500397
v 0.660000 1.268058 0.503619
v 0.660000 1.268058 0.518556
v 0.574425 1.268058 0.486597
v 0.568708 1.268058 0.500397
v 0.501878 1.268058 0.438122
v 0.491315 1.268058 0.448685
v 0.453403 1.268058 0.365575
v 0.439603 1.268058 0.371292
v 0.436381 1.268058 0.280000
v 0.421444 1.268058 0.280000
v 0.453403 1.268058 0.194425
v 0.439603 1.268058 0.188708
v 0.501878 1.268058 0.121878
v 0.491315 1.268058 0.111315
v 0.574425 1.268058 0.073403
v 0.568708 1.268058 0.059603
v 0.660000 1.997962 0.071805
v 0.739673 1.997962 0.087653
v 0.580327 1.997962 0.087653
v 0.467653 1.997962 0.200327
v 0.512784 1.997962 0.132784
v 0.868195 1.997962 0.280000
v 0.852347 1.997962 0.359673
v 0.512784 1.997962 0.427216
v 0.467653 1.997962 0.359673
v 0.807216 1.997962 0.132784
v 0.852347 1.997962 0.200327
v 0.807216 1.997962 0.427216
v 0.739673 1.997962 0.472347
v 0.660000 1.997962 0.488195
v 0.580327 1.997962 0.472347
v 0.451805 1.997962 0.280000
v 0.660000 2.032125 0.231995
v 0.678371 2.032125 0.235649
v 0.641629 2.032125 0.235649
v 0.615649 2.032125 0.261629
v 0.626055 2.032125 0.246055
v 0.708005 2.032125 0.280000
v 0.704351 2.032125 0.298371
v 0.626055 2.032125 0.313945
v 0.615649 2.032125 0.298371
v 0.693945 2.032125 0.246055
v 0.704351 2.032125 0.261629
v 0.693945 2.032125 0.313945
v 0.678371 2.032125 0.324351
v 0.660000 2.032125 0.328005
v 0.641629 2.032125 0.324351
v 0.611995 2.032125 0.280000
v 0.660000 2.032125 0.165673
v 0.703751 2.032125 0.174376
v 0.616249 2.032125 0.174376
v 0.554376 2.032125 0.236249
v 0.579159 2.032125 0.199159
v 0.774327 2.032125 0.280000
v 0.765624 2.032125 0.323751
v 0.579159 2.032125 0.360841
v 0.554376 2.032125 0.323751
v 0.740841 2.032125 0.199159
v 0.765624 2.032125 0.236249
v 0.740841 2.032125 0.360841
v 0.703751 2.032125 0.385624
v 0.660000 2.032125 0.394327
v 0.616249 2.032125 0.385624
v 0.545673 2.032125 0.280000
v 0.660000 1.586881 0.078672
v 0.737045 1.586881 0.093997
v 0.582955 1.586881 0.093997
v 0.473997 1.586881 0.202955
v 0.517639 1.586881 0.137639
v 0.861328 1.586881 0.280000
v 0.846003 1.586881 0.357045
v 0.517639 1.586881 0.422361
v 0.473997 1.586881 0.357045
v 0.802361 1.586881 0.137639
v 0.846003 1.586881 0.202955
v 0.802361 1.586881 0.422361
v 0.737045 1.586881 0.466003
v 0.660000 1.586881 0.481328
v 0.582955 1.586881 0.466003
v 0.458672 1.586881 0.280000
v 0.660000 1.586881 0.221870
v 0.660000 1.603341 0.232258
v 0.678270 1.603341 0.235892
v 0.682245 1.586881 0.226295
v 0.693759 1.603341 0.313759
v 0.701104 1.586881 0.321104
v 0.660000 1.603341 0.327742
v 0.660000 1.586881 0.338130
v 0.612258 1.603341 0.280000
v 0.601870 1.586881 0.280000
v 0.637755 1.586881 0.226295
v 0.641730 1.603341 0.235892
v 0.704108 1.603341 0.261730
v 0.713705 1.586881 0.257755
v 0.678270 1.603341 0.324108
v 0.682245 1.586881 0.333705
v 0.641730 1.603341 0.324108
v 0.637755 1.586881 0.333705
v 0.606295 1.586881 0.257755
v 0.615892 1.603341 0.261730
v 0.626241 1.603341 0.246241
v 0.618896 1.586881 0.238896
v 0.693759 1.603341 0.246241
v 0.701104 1.586881 0.238896
v 0.718130 1.586881 0.280000
v 0.707742 1.603341 0.280000
v 0.704108 1.603341 0.298270
v 0.713705 1.586881 0.302245
v 0.618896 1.586881 0.321104
v 0.626241 1.603341 0.313759
v 0.615892 1.603341 0.298270
v 0.606295 1.586881 0.302245
v 0.660000 2.145761 -0.355250
v 0.688797 2.145761 -0.349522
v 0.713210 2.145761 -0.333210
v 0.729522 2.145761 -0.308797
v 0.735250 2.145761 -0.280000
v 0.729522 2.145761 -0.251203
v 0.713210 2.145761 -0.226790
v 0.688797 2.145761 -0.210478
v 0.660000 2.145761 -0.204750
v 0.631203 2.145761 -0.210478
v 0.606790 2.145761 -0.226790
v 0.590478 2.145761 -0.251203
v 0.584750 2.145761 -0.280000
v 0.590478 2.145761 -0.308797
v 0.606790 2.145761 -0.333210
v 0.631203 2.145761 -0.349522
v -0.660000 2.145761 -0.355250
v -0.631203 2.145761 -0.349522
v -0.606790 2.145761 -0.333210
v -0.590478 2.145761 -0.308797
v -0.584750 2.145761 -0.280000
v -0.590478 2.145761 -0.251203
v -0.606790 2.145761 -0.226790
v -0.631203 2.145761 -0.210478
v -0.660000 2.145761 -0.204750
v -0.688797 2.145761 -0.210478
v -0.713210 2.145761 -0.226790
v -0.729522 2.145761 -0.251203
v -0.735250 2.145761 -0.280000
v -0.729522 2.145761 -0.308797
v -0.713210 2.145761 -0.333210
v -0.688797 2.145761 -0.349522
v -0.660000 2.145761 0.204750
v -0.631203 2.145761 0.210478
v -0.606790 2.145761 0.226790
v -0.590478 2.145761 0.251203
v -0.584750 2.145761 0.280000
v -0.590478 2.145761 0.308797
v -0.606790 2.145761 0.333210
v -0.631203 2.145761 0.349522
v -0.660000 2.145761 0.355250
v -0.688797 2.145761 0.349522
v -0.713210 2.145761 0.333210
v -0.729522 2.145761 0.308797
v -0.735250 2.145761 0.280000
v -0.729522 2.145761 0.251203
v -0.713210 2.145761 0.226790
v -0.688797 2.145761 0.210478
v 0.660000 2.145761 0.204750
v 0.688797 2.145761 0.210478
v 0.713210 2.145761 0.226790
v 0.729522 2.145761 0.251203
v 0.735250 2.145761 0.280000
v 0.729522 2.145761 0.308797
v 0.713210 2.145761 0.333210
v 0.688797 2.145761 0.349522
v 0.660000 2.145761 0.355250
v 0.631203 2.145761 0.349522
v 0.606790 2.145761 0.333210
v 0.590478 2.145761 0.308797
v 0.584750 2.145761 0.280000
v 0.590478 2.145761 0.251203
v 0.606790 2.145761 0.226790
v 0.631203 2.145761 0.210478
v 0.660000 2.291148 -0.342208
v 0.683806 2.291148 -0.337473
v 0.703988 2.291148 -0.323988
v 0.719177 2.291387 -0.294918
v 0.717473 2.291148 -0.256194
v 0.703988 2.291148 -0.236012
v 0.683806 2.291148 -0.222527
v 0.660000 2.291148 -0.217792
v 0.636194 2.291148 -0.222527
v 0.616012 2.291148 -0.236012
v 0.602527 2.291148 -0.256194
v 0.597792 2.291148 -0.280000
v 0.602527 2.291148 -0.303806
v 0.616012 2.291148 -0.323988
v 0.636194 2.291148 -0.337473
v -0.660000 2.291148 -0.342208
v -0.636194 2.291148 -0.337473
v -0.616012 2.291148 -0.323988
v -0.602527 2.291148 -0.303806
v -0.597792 2.291148 -0.280000
v -0.602527 2.291148 -0.256194
v -0.616012 2.291148 -0.236012
v -0.636194 2.291148 -0.222527
v -0.660000 2.291148 -0.217792
v -0.683806 2.291148 -0.222527
v -0.703988 2.291148 -0.236012
v -0.719177 2.291387 -0.265082
v -0.717473 2.291148 -0.303806
v -0.703988 2.291148 -0.323988
v -0.683806 2.291148 -0.337473
v -0.660000 2.291148 0.217792
v -0.636194 2.291148 0.222527
v -0.616012 2.291148 0.236012
v -0.602527 2.291148 0.256194
v -0.597792 2.291148 0.280000
v -0.602527 2.291148 0.303806
v -0.616012 2.291148 0.323988
v -0.636194 2.291148 0.337473
v -0.660000 2.291148 0.342208
v -0.683806 2.291148 0.337473
v -0.703988 2.291148 0.323988
v -0.719177 2.291387 0.294918
v -0.717473 2.291148 0.256194
v -0.703988 2.291148 0.236012
v -0.683806 2.291148 0.222527
v 0.660000 2.291148 0.217792
v 0.683806 2.291148 0.222527
v 0.703988 2.291148 0.236012
v 0.719177 2.291387 0.265082
v 0.717473 2.291148 0.303806
v 0.703988 2.291148 0.323988
v 0.683806 2.291148 0.337473
v 0.660000 2.291148 0.342208
v 0.636194 2.291148 0.337473
v 0.616012 2.291148 0.323988
v 0.602527 2.291148 0.303806
v 0.597792 2.291148 0.280000
v 0.602527 2.291148 0.256194
v 0.616012 2.291148 0.236012
v 0.636194 2.291148 0.222527
v 0.548009 2.404588 -0.342208
v 0.548009 2.428394 -0.337473
v 0.548009 2.448575 -0.323988
v 0.548255 2.463755 -0.294916
v 0.548009 2.462060 -0.256194
v 0.548009 2.448575 -0.236012
v 0.548009 2.428394 -0.222527
v 0.548009 2.404588 -0.217792
v 0.548009 2.380782 -0.222527
v 0.548009 2.360600 -0.236012
v 0.548009 2.347115 -0.256194
v 0.548009 2.342379 -0.280000
v 0.548009 2.347115 -0.303806
v 0.548009 2.360600 -0.323988
v 0.548009 2.380782 -0.337473
v -0.548009 2.380782 -0.337473
v -0.548009 2.347115 -0.303806
v -0.548009 2.342379 -0.280000
v -0.548009 2.347115 -0.256194
v -0.548009 2.404588 -0.217792
v -0.548009 2.448575 -0.236012
v -0.548255 2.463755 -0.265084
v -0.548009 2.448575 -0.323988
v -0.548009 2.428394 -0.337473
v -0.548009 2.404588 0.217792
v -0.548009 2.347115 0.256194
v -0.548009 2.342379 0.280000
v -0.548009 2.380782 0.337473
v -0.548009 2.448575 0.323988
v -0.548255 2.463755 0.294916
v -0.548009 2.448575 0.236012
v -0.548009 2.428394 0.222527
v 0.548009 2.404588 0.217792
v 0.548009 2.428394 0.222527
v 0.548009 2.448575 0.236012
v 0.548255 2.463755 0.265084
v 0.548009 2.462060 0.303806
v 0.548009 2.448575 0.323988
v 0.548009 2.428394 0.337473
v 0.548009 2.404588 0.342208
v 0.548009 2.380782 0.337473
v 0.548009 2.360600 0.323988
v 0.548009 2.347115 0.303806
v 0.548009 2.342379 0.280000
v 0.548009 2.347115 0.256194
v 0.548009 2.360600 0.236012
v 0.548009 2.380782 0.222527
v -0.548009 2.404588 -0.342208
v -0.548009 2.360600 -0.323988
v -0.548009 2.360600 -0.236012
v -0.548009 2.380782 -0.222527
v -0.548009 2.428394 -0.222527
v -0.548255 2.463755 -0.294916
v -0.548009 2.380782 0.222527
v -0.548009 2.360600 0.236012
v -0.548009 2.347115 0.303806
v -0.548009 2.360600 0.323988
v -0.548009 2.404588 0.342208
v -0.548009 2.428394 0.337473
v -0.548255 2.463755 0.265084
v 0.602126 2.411976 0.222527
v 0.639075 2.378557 0.222527
v 0.669372 2.339083 0.222527
v 0.686923 2.349046 0.236012
v 0.653918 2.392232 0.236012
v 0.613222 2.428833 0.236012
v 0.700170 2.356475 0.265088
v 0.665118 2.402555 0.265075
v 0.621468 2.441563 0.265093
v 0.700170 2.356475 0.294912
v 0.665118 2.402554 0.294925
v 0.621468 2.441563 0.294907
v 0.686923 2.349046 0.323988
v 0.653918 2.392232 0.323988
v 0.613222 2.428833 0.323988
v 0.669372 2.339083 0.337473
v 0.639075 2.378557 0.337473
v 0.602126 2.411976 0.337473
v 0.648669 2.327331 0.342208
v 0.621568 2.362426 0.342208
v 0.589038 2.392091 0.342208
v 0.627966 2.315579 0.337473
v 0.604060 2.346295 0.337473
v 0.575949 2.372206 0.337473
v 0.610414 2.305616 0.323988
v 0.589218 2.332619 0.323988
v 0.564853 2.355348 0.323988
v 0.598687 2.298959 0.303806
v 0.579301 2.323482 0.303806
v 0.557439 2.344084 0.303806
v 0.594569 2.296622 0.280000
v 0.575818 2.320273 0.280000
v 0.554835 2.340128 0.280000
v 0.598687 2.298959 0.256194
v 0.579301 2.323482 0.256194
v 0.557439 2.344084 0.256194
v 0.610414 2.305616 0.236012
v 0.589218 2.332619 0.236012
v 0.564853 2.355348 0.236012
v 0.627966 2.315579 0.222527
v 0.604060 2.346295 0.222527
v 0.575949 2.372206 0.222527
v 0.648669 2.327331 0.217792
v 0.621568 2.362426 0.217792
v 0.589038 2.392091 0.217792
v 0.602126 2.411976 -0.337473
v 0.639076 2.378557 -0.337473
v 0.669372 2.339083 -0.337473
v 0.686923 2.349046 -0.323988
v 0.653918 2.392232 -0.323988
v 0.613222 2.428833 -0.323988
v 0.700170 2.356475 -0.294912
v 0.665118 2.402555 -0.294925
v 0.621468 2.441563 -0.294907
v 0.700170 2.356475 -0.265088
v 0.665118 2.402554 -0.265075
v 0.621468 2.441563 -0.265093
v 0.686923 2.349046 -0.236012
v 0.653918 2.392232 -0.236012
v 0.613222 2.428833 -0.236012
v 0.669372 2.339084 -0.222527
v 0.639075 2.378557 -0.222527
v 0.602126 2.411976 -0.222527
v 0.648669 2.327331 -0.217792
v 0.621568 2.362426 -0.217792
v 0.589038 2.392091 -0.217792
v 0.627966 2.315579 -0.222527
v 0.604060 2.346295 -0.222527
v 0.575949 2.372206 -0.222527
v 0.610414 2.305616 -0.236012
v 0.589218 2.332619 -0.236012
v 0.564853 2.355348 -0.236012
v 0.598687 2.298959 -0.256194
v 0.579301 2.323482 -0.256194
v 0.557439 2.344084 -0.256194
v 0.594569 2.296621 -0.280000
v 0.575819 2.320273 -0.280000
v 0.554835 2.340128 -0.280000
v 0.598687 2.298959 -0.303806
v 0.579301 2.323482 -0.303806
v 0.557439 2.344084 -0.303806
v 0.610414 2.305616 -0.323988
v 0.589218 2.332619 -0.323988
v 0.564853 2.355348 -0.323988
v 0.627966 2.315579 -0.337473
v 0.604060 2.346295 -0.337473
v 0.575949 2.372206 -0.337473
v 0.648669 2.327331 -0.342208
v 0.621568 2.362426 -0.342208
v 0.589038 2.392091 -0.342208
v -0.575949 2.372206 0.222527
v -0.604060 2.346295 0.222527
v -0.627966 2.315579 0.222527
v -0.610415 2.305616 0.236012
v -0.589218 2.332619 0.236012
v -0.564853 2.355348 0.236012
v -0.598687 2.298959 0.256194
v -0.579301 2.323482 0.256194
v -0.557439 2.344084 0.256194
v -0.594569 2.296622 0.280000
v -0.575818 2.320273 0.280000
v -0.554835 2.340129 0.280000
v -0.598687 2.298959 0.303806
v -0.579301 2.323482 0.303806
v -0.557439 2.344084 0.303806
v -0.610415 2.305616 0.323988
v -0.589218 2.332619 0.323988
v -0.564853 2.355348 0.323988
v -0.627966 2.315579 0.337473
v -0.604060 2.346295 0.337473
v -0.575949 2.372206 0.337473
v -0.648669 2.327331 0.342208
v -0.621568 2.362426 0.342208
v -0.589038 2.392091 0.342208
v -0.669372 2.339083 0.337473
v -0.639075 2.378557 0.337473
v -0.602126 2.411976 0.337473
v -0.686923 2.349046 0.323988
v -0.653918 2.392232 0.323988
v -0.613222 2.428833 0.323988
v -0.700170 2.356475 0.294913
v -0.665118 2.402554 0.294925
v -0.621468 2.441563 0.294907
v -0.700170 2.356475 0.265088
v -0.665118 2.402555 0.265075
v -0.621468 2.441563 0.265093
v -0.686923 2.349046 0.236012
v -0.653918 2.392232 0.236012
v -0.613222 2.428833 0.236012
v -0.669372 2.339083 0.222527
v -0.639075 2.378557 0.222527
v -0.602126 2.411976 0.222527
v -0.648669 2.327331 0.217792
v -0.621568 2.362426 0.217792
v -0.589038 2.392091 0.217792
v -0.575949 2.372206 -0.337473
v -0.604060 2.346295 -0.337473
v -0.627966 2.315579 -0.337473
v -0.610415 2.305616 -0.323988
v -0.589218 2.332619 -0.323988
v -0.564853 2.355348 -0.323988
v -0.598687 2.298959 -0.303806
v -0.579301 2.323482 -0.303806
v -0.557439 2.344084 -0.303806
v -0.594569 2.296621 -0.280000
v -0.575819 2.320273 -0.280000
v -0.554835 2.340128 -0.280000
v -0.598687 2.298959 -0.256194
v -0.579301 2.323482 -0.256194
v -0.557439 2.344084 -0.256194
v -0.610415 2.305616 -0.236012
v -0.589218 2.332619 -0.236012
v -0.564853 2.355348 -0.236012
v -0.627966 2.315579 -0.222527
v -0.604060 2.346295 -0.222527
v -0.575949 2.372206 -0.222527
v -0.648669 2.327331 -0.217792
v -0.621568 2.362426 -0.217792
v -0.589038 2.392091 -0.217792
v -0.669372 2.339083 -0.222527
v -0.639075 2.378557 -0.222527
v -0.602126 2.411976 -0.222527
v -0.686923 2.349046 -0.236012
v -0.653918 2.392232 -0.236012
v -0.613222 2.428833 -0.236012
v -0.700170 2.356475 -0.265088
v -0.665118 2.402554 -0.265075
v -0.621468 2.441563 -0.265093
v -0.700170 2.356475 -0.294912
v -0.665118 2.402555 -0.294925
v -0.621468 2.441563 -0.294906
v -0.686923 2.349046 -0.323988
v -0.653918 2.392232 -0.323988
v -0.613222 2.428833 -0.323988
v -0.669372 2.339083 -0.337473
v -0.639075 2.378557 -0.337473
v -0.602126 2.411976 -0.337473
v -0.648669 2.327331 -0.342208
v -0.621568 2.362426 -0.342208
v -0.589038 2.392091 -0.342208
v 0.717473 2.145761 -0.303806
v 0.722208 2.145761 -0.280000
v 0.717473 2.145761 -0.256194
v -0.717473 2.145761 -0.256194
v -0.722208 2.145761 -0.280000
v -0.717473 2.145761 -0.303806
v -0.717473 2.145761 0.303806
v -0.722208 2.145761 0.280000
v -0.717473 2.145761 0.256194
v 0.717473 2.145761 0.256194
v 0.722208 2.145761 0.280000
v 0.717473 2.145761 0.303806
v -0.717473 2.291148 0.303806
v -0.719177 2.291387 0.265082
v 0.717473 2.291148 0.256194
v 0.719177 2.291387 0.294918
v -0.717473 2.291148 -0.256194
v -0.719177 2.291387 -0.294918
v 0.717473 2.291148 -0.303806
v 0.719177 2.291387 -0.265082
v -0.548009 2.462060 -0.256194
v 0.548255 2.463755 -0.265084
v -0.548009 2.462060 -0.303806
v 0.548009 2.462060 -0.303806
v 0.548009 2.462060 0.256194
v -0.548009 2.462060 0.256194
v 0.548255 2.463755 0.294916
v -0.548009 2.462060 0.303806
v 0.620637 2.440098 0.256194
v 0.620637 2.440098 0.303806
v 0.698650 2.355704 0.256194
v 0.663835 2.401370 0.256194
v 0.698650 2.355704 0.303806
v 0.663835 2.401370 0.303806
v 0.620637 2.440097 -0.303806
v 0.620637 2.440097 -0.256194
v 0.698650 2.355704 -0.303806
v 0.663835 2.401370 -0.303806
v 0.698650 2.355704 -0.256194
v 0.663835 2.401370 -0.256194
v -0.620637 2.440098 0.303806
v -0.620637 2.440098 0.256194
v -0.698650 2.355704 0.303806
v -0.663835 2.401370 0.303806
v -0.698650 2.355703 0.256194
v -0.663835 2.401370 0.256194
v -0.620637 2.440097 -0.256194
v -0.620637 2.440098 -0.303806
v -0.698650 2.355703 -0.256194
v -0.663835 2.401370 -0.256194
v -0.698650 2.355704 -0.303806
v -0.663835 2.401370 -0.303806
v 0.717497 2.291141 -0.294580
v 0.720494 2.290910 -0.280000
v 0.717497 2.291141 -0.265420
v -0.717497 2.291141 -0.265420
v -0.720493 2.290910 -0.280000
v -0.717497 2.291141 -0.294580
v -0.717497 2.291141 0.294580
v -0.720493 2.290910 0.280000
v -0.717497 2.291141 0.265420
v 0.717497 2.291141 0.265420
v 0.720494 2.290910 0.280000
v 0.717497 2.291141 0.294580
v -0.720477 2.154810 0.280000
v 0.720477 2.154810 0.280000
v -0.720477 2.154810 -0.280000
v 0.720477 2.154810 -0.280000
v 0.547999 2.462077 -0.294576
v 0.547763 2.465082 -0.280000
v 0.547999 2.462077 -0.265424
v -0.547999 2.462077 -0.265424
v -0.547763 2.465082 -0.280000
v 0.547999 2.462077 0.265424
v 0.547763 2.465082 0.280000
v 0.547999 2.462077 0.294576
v -0.547763 2.465082 0.280000
v -0.547999 2.462077 0.265424
v -0.547999 2.462077 -0.294576
v -0.547999 2.462077 0.294576
v 0.622388 2.442546 0.280000
v 0.701224 2.357259 0.280000
v 0.666046 2.403404 0.280000
v 0.620641 2.440081 0.265436
v 0.663871 2.401403 0.265418
v 0.698653 2.355714 0.265428
v 0.620641 2.440081 0.294564
v 0.663871 2.401403 0.294582
v 0.698653 2.355714 0.294572
v 0.622388 2.442546 -0.280000
v 0.701224 2.357259 -0.280000
v 0.666046 2.403404 -0.280000
v 0.620641 2.440081 -0.294564
v 0.663871 2.401403 -0.294582
v 0.698653 2.355714 -0.294572
v 0.620641 2.440081 -0.265436
v 0.663871 2.401403 -0.265418
v 0.698653 2.355714 -0.265428
v -0.622388 2.442546 0.280000
v -0.701224 2.357259 0.280000
v -0.666046 2.403404 0.280000
v -0.620641 2.440081 0.294564
v -0.663871 2.401403 0.294582
v -0.698653 2.355714 0.294572
v -0.620641 2.440081 0.265436
v -0.663872 2.401403 0.265418
v -0.698653 2.355714 0.265428
v -0.622388 2.442546 -0.280000
v -0.701224 2.357259 -0.280000
v -0.666046 2.403404 -0.280000
v -0.620641 2.440081 -0.265436
v -0.663871 2.401403 -0.265418
v -0.698653 2.355714 -0.265428
v -0.620641 2.440081 -0.294564
v -0.663871 2.401403 -0.294582
v -0.698653 2.355714 -0.294572
v 0.717541 2.154810 -0.294589
v 0.717541 2.154810 -0.265411
v -0.717541 2.154810 -0.265411
v -0.717541 2.154810 -0.294589
v -0.717541 2.154810 0.294589
v -0.717541 2.154810 0.265411
v 0.717541 2.154810 0.265411
v 0.717541 2.154810 0.294589
v -0.209170 0.918222 0.845838
v -0.209170 1.329211 0.651613
v -0.209170 0.918222 -0.845838
v -0.209170 1.329211 -0.651613
v 0.209170 0.918222 0.845838
v 0.209170 1.329211 0.651613
v 0.209170 0.918222 -0.845838
v 0.209170 1.329211 -0.651613
v -0.209170 1.078898 0.845838
v -0.209170 1.078898 -0.845838
v 0.209170 1.078898 -0.845838
v 0.209170 1.078898 0.845838
v -0.226687 1.078898 0.845838
v -0.226687 1.348186 0.636890
v -0.226687 1.078898 -0.845838
v -0.226687 0.900705 -0.845838
v 0.226687 0.900705 -0.845838
v -0.226687 1.348186 -0.636890
v 0.226687 1.348186 -0.636890
v 0.226687 1.078898 -0.845838
v 0.226687 1.078898 0.845838
v 0.226687 0.900705 0.845838
v -0.226687 0.900705 0.845838
v 0.226687 1.348186 0.636890
v 0.204277 1.078590 0.835109
v -0.204277 1.078590 0.835109
v -0.204277 1.078590 -0.835109
v 0.204277 1.078590 -0.835109
v -0.204277 1.324731 0.644061
v -0.204277 0.916195 -0.835050
v 0.204277 0.916195 -0.835050
v -0.204277 1.324731 -0.644061
v 0.204277 1.324731 -0.644061
v 0.204277 0.916195 0.835050
v -0.204277 0.916195 0.835050
v 0.204277 1.324731 0.644061
v -0.195370 1.087303 -0.828346
v -0.195370 1.316018 -0.650824
v 0.195370 1.316018 -0.650824
v 0.195370 1.087303 -0.828346
v 0.195370 1.087303 0.828346
v 0.195370 1.316018 0.650824
v -0.195370 1.316018 0.650824
v -0.195370 1.087303 0.828346
v 0.195370 0.925102 0.835053
v 0.195370 1.069683 0.835106
v -0.195370 1.069683 0.835106
v -0.195370 0.925102 0.835053
v -0.195370 0.925102 -0.835053
v -0.195370 1.069683 -0.835106
v 0.195370 1.069683 -0.835106
v 0.195370 0.925102 -0.835053
v -0.195370 1.316527 -0.659580
v -0.195370 1.087812 -0.837103
v 0.195370 1.087812 -0.837103
v 0.184624 1.308039 -0.666169
v 0.195370 1.316527 0.659580
v 0.195370 1.087812 0.837103
v -0.195370 1.087812 0.837103
v -0.184624 1.308039 0.666169
v 0.177280 1.019297 0.844051
v 0.177280 0.975487 0.844012
v -0.177280 0.975487 0.844012
v -0.177280 1.019297 0.844051
v -0.177280 1.019297 -0.844051
v -0.177280 0.975487 -0.844012
v 0.177280 0.975487 -0.844012
v 0.177280 1.019297 -0.844051
v 0.197524 1.352052 -0.599833
v -0.197524 1.352052 -0.599833
v -0.197524 1.352052 0.599833
v 0.197524 1.352052 0.599833
v -0.197524 1.408294 -0.599833
v 0.197524 1.408294 -0.599833
v 0.197524 1.408294 0.599833
v -0.197524 1.408294 0.599833
v 0.187833 1.414231 -0.590142
v -0.187833 1.414231 -0.590142
v -0.187833 1.414231 0.590142
v 0.187833 1.414231 0.590142
v -0.187833 1.419364 -0.590142
v 0.187833 1.419364 -0.590142
v 0.187833 1.419364 0.590142
v -0.187833 1.419364 0.590142
v -0.191663 1.419364 -0.602177
v 0.191663 1.419364 -0.602177
v 0.191663 1.419364 0.602177
v -0.191663 1.419364 0.602177
v -0.179580 1.436893 -0.564214
v 0.179580 1.436893 -0.564214
v 0.179580 1.436893 0.564214
v -0.179580 1.436893 0.564214
v 0.000000 1.087812 -0.837103
v 0.010746 1.308039 -0.666169
v 0.184624 1.210658 -0.741753
v 0.000000 1.087812 0.837103
v -0.010746 1.308039 0.666169
v -0.184624 1.210658 0.741753
v -0.010746 1.210658 0.741753
v 0.010746 1.210658 -0.741753
v -0.184632 1.096294 -0.830519
v -0.184632 1.308045 -0.666164
v -0.010737 1.308045 -0.666164
v -0.010737 1.202170 -0.748341
v -0.010737 1.096294 -0.830519
v 0.184632 1.096294 0.830519
v 0.184632 1.308045 0.666164
v 0.010737 1.308045 0.666164
v 0.010737 1.202170 0.748341
v 0.010737 1.096294 0.830519
v -0.184632 1.304399 -0.661465
v -0.184632 1.092647 -0.825821
v -0.010737 1.092647 -0.825821
v -0.010737 1.304399 -0.661465
v -0.010737 1.198523 -0.743643
v 0.184632 1.304399 0.661465
v 0.184632 1.092647 0.825821
v 0.010737 1.092647 0.825821
v 0.010737 1.304399 0.661465
v 0.010737 1.198523 0.743643
v -0.180944 1.095561 -0.823560
v -0.180944 1.301485 -0.663726
v -0.014425 1.301485 -0.663726
v -0.014425 1.198523 -0.743643
v -0.014425 1.095561 -0.823560
v 0.180944 1.095561 0.823560
v 0.180944 1.301485 0.663726
v 0.014425 1.301485 0.663726
v 0.014425 1.198523 0.743643
v 0.014425 1.095561 0.823560
v -0.180944 1.299512 -0.661184
v -0.180944 1.093588 -0.821018
v -0.014425 1.093588 -0.821018
v -0.014425 1.299512 -0.661184
v -0.014425 1.196550 -0.741101
v 0.180944 1.299512 0.661184
v 0.180944 1.093588 0.821018
v 0.014425 1.093588 0.821018
v 0.014425 1.299512 0.661184
v 0.014425 1.196550 0.741101
v -0.231581 1.062439 0.797776
v -0.231581 1.303990 0.610349
v -0.231581 1.062439 -0.797776
v -0.231581 0.936953 -0.797776
v -0.231581 1.303990 -0.610349
v 0.231581 1.303990 -0.610349
v 0.231581 1.062439 -0.797776
v 0.231581 0.936953 -0.797776
v 0.231581 1.062439 0.797776
v 0.231581 0.936953 0.797776
v 0.231581 1.303990 0.610349
v -0.231581 0.936953 0.797776
v -0.204277 1.078898 0.845838
v -0.204277 1.325344 0.654613
v -0.204277 1.078898 -0.845838
v -0.204277 0.916195 -0.845838
v -0.204277 1.325344 -0.654613
v 0.204277 1.325344 -0.654613
v 0.204277 1.078898 -0.845838
v 0.204277 0.916195 -0.845838
v 0.204277 1.078898 0.845838
v 0.204277 0.916195 0.845838
v 0.204277 1.325344 0.654613
v -0.204277 0.916195 0.845838
v -0.226687 1.078402 0.844389
v -0.209170 1.078402 0.844389
v -0.209170 1.328272 0.650403
v -0.226687 1.347247 0.635680
v -0.226687 1.078402 -0.844389
v -0.209170 1.078402 -0.844389
v 0.226687 1.347247 -0.635680
v 0.209170 1.328272 -0.650403
v -0.209170 1.328272 -0.650403
v -0.226687 1.347247 -0.635680
v 0.209170 1.078402 -0.844389
v 0.226687 1.078402 -0.844389
v 0.226687 1.078402 0.844389
v 0.209170 1.078402 0.844389
v 0.209170 1.328272 0.650403
v 0.226687 1.347247 0.635680
v -0.226687 0.900705 -0.844306
v 0.226687 0.900705 -0.844306
v 0.226687 0.900705 0.844306
v -0.226687 0.900705 0.844306
v -0.209170 0.918222 -0.844306
v 0.209170 0.918222 -0.844306
v 0.209170 0.918222 0.844306
v -0.209170 0.918222 0.844306
v 0.195370 1.069682 0.844058
v 0.195370 0.925102 0.844005
v -0.195370 0.925102 0.844005
v -0.195370 1.069682 0.844058
v -0.195370 1.069682 -0.844058
v -0.195370 0.925102 -0.844005
v 0.195370 0.925102 -0.844005
v 0.195370 1.069682 -0.844058
v 0.171903 1.013924 0.839665
v 0.171903 0.980868 0.839636
v -0.171903 0.980868 0.839636
v -0.171903 1.013924 0.839665
v -0.171903 1.013924 -0.839665
v -0.171903 0.980868 -0.839636
v 0.171903 0.980868 -0.839636
v 0.171903 1.013924 -0.839665
v 0.177280 1.019301 0.839670
v 0.177280 0.975491 0.839631
v -0.177280 0.975491 0.839631
v -0.177280 1.019301 0.839670
v -0.177280 1.019301 -0.839670
v -0.177280 0.975491 -0.839631
v 0.177280 0.975491 -0.839631
v 0.177280 1.019301 -0.839670
v 0.171903 1.013928 0.835558
v 0.171903 0.980872 0.835528
v -0.171903 0.980872 0.835528
v -0.171903 1.013928 0.835558
v -0.171903 1.013928 -0.835558
v -0.171903 0.980872 -0.835528
v 0.171903 0.980872 -0.835528
v 0.171903 1.013928 -0.835558
v 0.000000 1.316527 -0.659580
v 0.195370 1.316527 -0.659580
v 0.000000 1.316527 0.659580
v -0.195370 1.316527 0.659580
v -0.195370 1.202170 0.748341
v 0.195370 1.202170 -0.748341
v 0.000000 1.202170 0.748341
v 0.000000 1.202170 -0.748341
v 0.010746 1.309820 -0.668463
v 0.184624 1.309820 -0.668463
v -0.010746 1.309820 0.668463
v -0.184624 1.309820 0.668463
v -0.184624 1.212439 0.744047
v 0.184624 1.212439 -0.744047
v -0.010746 1.212439 0.744047
v 0.010746 1.212439 -0.744047
v 0.097685 1.087812 -0.837103
v 0.195370 1.144991 -0.792722
v -0.097685 1.087812 0.837103
v -0.195370 1.144991 0.792722
v -0.097685 1.202170 0.748341
v 0.000000 1.144991 0.792722
v 0.097685 1.202170 -0.748341
v 0.000000 1.144991 -0.792722
v 0.097685 1.144991 -0.792722
v -0.097685 1.144991 0.792722
v 0.146527 1.087812 -0.837103
v 0.195370 1.116402 -0.814912
v -0.146527 1.087812 0.837103
v -0.195370 1.173580 0.770532
v -0.146527 1.202170 0.748341
v 0.000000 1.116402 0.814912
v 0.146527 1.202170 -0.748341
v 0.000000 1.116402 -0.814912
v 0.048842 1.087812 -0.837103
v 0.195370 1.173580 -0.770532
v -0.048842 1.087812 0.837103
v -0.195370 1.116402 0.814912
v -0.048842 1.202170 0.748341
v 0.000000 1.173580 0.770532
v 0.048842 1.202170 -0.748341
v 0.000000 1.173580 -0.770532
v 0.146527 1.144991 -0.792722
v 0.048842 1.144991 -0.792722
v 0.097685 1.116402 -0.814912
v 0.097685 1.173580 -0.770532
v -0.146527 1.144991 0.792722
v -0.048842 1.144991 0.792722
v -0.097685 1.116402 0.814912
v -0.097685 1.173580 0.770532
v -0.048842 1.173580 0.770532
v -0.048842 1.116402 0.814912
v -0.146527 1.116402 0.814912
v 0.048842 1.173580 -0.770532
v 0.048842 1.116402 -0.814912
v 0.146527 1.116402 -0.814912
v 0.146527 1.173580 -0.770532
v -0.146527 1.173580 0.770532
v 0.170948 1.087812 -0.837103
v 0.195370 1.102107 -0.826008
v -0.170948 1.087812 0.837103
v -0.195370 1.187875 0.759437
v -0.170948 1.202170 0.748341
v 0.000000 1.102107 0.826008
v 0.170948 1.202170 -0.748341
v 0.000000 1.102107 -0.826008
v 0.073264 1.087812 -0.837103
v 0.195370 1.159286 -0.781627
v -0.073264 1.087812 0.837103
v -0.195370 1.130696 0.803817
v -0.073264 1.202170 0.748341
v 0.000000 1.159286 0.781627
v 0.073264 1.202170 -0.748341
v 0.000000 1.159286 -0.781627
v 0.170948 1.144991 -0.792722
v 0.073264 1.144991 -0.792722
v 0.097685 1.102107 -0.826008
v 0.097685 1.159286 -0.781627
v -0.170948 1.144991 0.792722
v -0.073264 1.144991 0.792722
v -0.097685 1.102107 0.826008
v -0.097685 1.159286 0.781627
v 0.122106 1.087812 -0.837103
v 0.195370 1.130696 -0.803817
v -0.122106 1.087812 0.837103
v -0.195370 1.159286 0.781627
v -0.122106 1.202170 0.748341
v 0.000000 1.130696 0.803817
v 0.122106 1.202170 -0.748341
v 0.000000 1.130696 -0.803817
v 0.024421 1.087812 -0.837103
v 0.195370 1.187875 -0.759437
v -0.024421 1.087812 0.837103
v -0.195370 1.102107 0.826008
v -0.024421 1.202170 0.748341
v 0.000000 1.187875 0.759437
v 0.024421 1.202170 -0.748341
v 0.000000 1.187875 -0.759437
v 0.122106 1.144991 -0.792722
v 0.024421 1.144991 -0.792722
v 0.097685 1.130696 -0.803817
v 0.097685 1.187875 -0.759437
v -0.122106 1.144991 0.792722
v -0.024421 1.144991 0.792722
v -0.097685 1.130696 0.803817
v -0.097685 1.187875 0.759437
v -0.073264 1.173580 0.770532
v -0.024421 1.173580 0.770532
v -0.048842 1.159286 0.781627
v -0.048842 1.187875 0.759437
v -0.073264 1.116402 0.814912
v -0.024421 1.116402 0.814912
v -0.048842 1.102107 0.826008
v -0.048842 1.130696 0.803817
v -0.170948 1.116402 0.814912
v -0.122106 1.116402 0.814912
v -0.146527 1.102107 0.826008
v -0.146527 1.130696 0.803817
v 0.073264 1.173580 -0.770532
v 0.024421 1.173580 -0.770532
v 0.048842 1.159286 -0.781627
v 0.048842 1.187875 -0.759437
v 0.073264 1.116402 -0.814912
v 0.024421 1.116402 -0.814912
v 0.048842 1.102107 -0.826008
v 0.048842 1.130696 -0.803817
v 0.170948 1.116402 -0.814912
v 0.122106 1.116402 -0.814912
v 0.146527 1.102107 -0.826008
v 0.146527 1.130696 -0.803817
v 0.170948 1.173580 -0.770532
v 0.122106 1.173580 -0.770532
v 0.146527 1.159286 -0.781627
v 0.146527 1.187875 -0.759437
v -0.170948 1.173580 0.770532
v -0.122106 1.173580 0.770532
v -0.146527 1.159286 0.781627
v -0.146527 1.187875 0.759437
v -0.122106 1.187875 0.759437
v -0.122106 1.159286 0.781627
v -0.170948 1.159286 0.781627
v 0.122106 1.187875 -0.759437
v 0.122106 1.159286 -0.781627
v 0.170948 1.159286 -0.781627
v 0.122106 1.130696 -0.803817
v 0.122106 1.102107 -0.826008
v 0.170948 1.102107 -0.826008
v 0.024421 1.130696 -0.803817
v 0.024421 1.102107 -0.826008
v 0.073264 1.102107 -0.826008
v 0.024421 1.187875 -0.759437
v 0.024421 1.159286 -0.781627
v 0.073264 1.159286 -0.781627
v -0.122106 1.130696 0.803817
v -0.122106 1.102107 0.826008
v -0.170948 1.102107 0.826008
v -0.024421 1.130696 0.803817
v -0.024421 1.102107 0.826008
v -0.073264 1.102107 0.826008
v -0.024421 1.187875 0.759437
v -0.024421 1.159286 0.781627
v -0.073264 1.159286 0.781627
v -0.073264 1.187875 0.759437
v -0.073264 1.130696 0.803817
v -0.170948 1.130696 0.803817
v 0.073264 1.187875 -0.759437
v 0.073264 1.130696 -0.803817
v 0.170948 1.130696 -0.803817
v 0.170948 1.187875 -0.759437
v -0.170948 1.187875 0.759437
v 0.075146 1.189362 -0.758282
v 0.075146 1.200683 -0.749496
v 0.095802 1.200683 -0.749496
v 0.095802 1.189362 -0.758282
v -0.075146 1.132183 0.802663
v -0.075146 1.143504 0.793876
v -0.095802 1.143504 0.793876
v -0.095802 1.132183 0.802663
v -0.026304 1.103594 0.824853
v -0.026304 1.114914 0.816067
v -0.046960 1.114914 0.816067
v -0.046960 1.103594 0.824853
v 0.123988 1.132183 -0.802663
v 0.123988 1.143504 -0.793876
v 0.144645 1.143504 -0.793876
v 0.144645 1.132183 -0.802663
v 0.172831 1.160773 -0.780473
v 0.172831 1.172093 -0.771686
v 0.193487 1.172093 -0.771686
v 0.193487 1.160773 -0.780473
v -0.099567 1.146478 0.791568
v -0.099567 1.157799 0.782781
v -0.120224 1.157799 0.782781
v -0.120224 1.146478 0.791568
v -0.148410 1.160773 0.780473
v -0.148410 1.172093 0.771686
v -0.169066 1.172093 0.771686
v -0.169066 1.160773 0.780473
v 0.148410 1.103594 -0.824853
v 0.148410 1.114914 -0.816067
v 0.169066 1.114914 -0.816067
v 0.169066 1.103594 -0.824853
v 0.001882 1.117889 -0.813758
v 0.001882 1.129209 -0.804972
v 0.022539 1.129209 -0.804972
v 0.022539 1.117889 -0.813758
v 0.050725 1.089299 -0.835949
v 0.050725 1.100620 -0.827162
v 0.071381 1.100620 -0.827162
v 0.071381 1.089299 -0.835949
v 0.050725 1.103594 -0.824853
v 0.050725 1.114914 -0.816067
v 0.071381 1.114914 -0.816067
v 0.071381 1.103594 -0.824853
v 0.026304 1.146478 -0.791568
v 0.026304 1.157799 -0.782781
v 0.046960 1.157799 -0.782781
v 0.046960 1.146478 -0.791568
v 0.050725 1.146478 -0.791568
v 0.050725 1.157799 -0.782781
v 0.071381 1.157799 -0.782781
v 0.071381 1.146478 -0.791568
v -0.123988 1.089299 0.835949
v -0.123988 1.100620 0.827162
v -0.144645 1.100620 0.827162
v -0.144645 1.089299 0.835949
v -0.001882 1.117889 0.813758
v -0.001882 1.129209 0.804972
v -0.022539 1.129209 0.804972
v -0.022539 1.117889 0.813758
v -0.050725 1.160773 0.780473
v -0.050725 1.172093 0.771686
v -0.071381 1.172093 0.771686
v -0.071381 1.160773 0.780473
v -0.050725 1.189362 0.758282
v -0.050725 1.200683 0.749496
v -0.071381 1.200683 0.749496
v -0.071381 1.189362 0.758282
v -0.148410 1.117889 0.813758
v -0.148410 1.129209 0.804972
v -0.169066 1.129209 0.804972
v -0.169066 1.117889 0.813758
v 0.050725 1.175067 -0.769378
v 0.050725 1.186388 -0.760591
v 0.071381 1.186388 -0.760591
v 0.071381 1.175067 -0.769378
v 0.148410 1.175067 -0.769378
v 0.148410 1.186388 -0.760591
v 0.169066 1.186388 -0.760591
v 0.169066 1.175067 -0.769378
v -0.148410 1.175067 0.769378
v -0.148410 1.186388 0.760591
v -0.169066 1.186388 0.760591
v -0.169066 1.175067 0.769378
v 0.075146 1.199955 -0.748558
v 0.075146 1.188634 -0.757344
v 0.095802 1.188634 -0.757344
v 0.095802 1.199955 -0.748558
v -0.075146 1.142776 0.792938
v -0.075146 1.131455 0.801725
v -0.095802 1.131455 0.801725
v -0.095802 1.142776 0.792938
v -0.026304 1.114186 0.815129
v -0.026304 1.102866 0.823915
v -0.046960 1.102866 0.823915
v -0.046960 1.114186 0.815129
v 0.123988 1.142776 -0.792938
v 0.123988 1.131455 -0.801725
v 0.144645 1.131455 -0.801725
v 0.144645 1.142776 -0.792938
v 0.172831 1.171365 -0.770748
v 0.172831 1.160045 -0.779535
v 0.193487 1.160045 -0.779535
v 0.193487 1.171365 -0.770748
v -0.099567 1.157071 0.781843
v -0.099567 1.145750 0.790630
v -0.120224 1.145750 0.790630
v -0.120224 1.157071 0.781843
v -0.148410 1.171365 0.770748
v -0.148410 1.160045 0.779535
v -0.169066 1.160045 0.779535
v -0.169066 1.171365 0.770748
v 0.148410 1.114186 -0.815129
v 0.148410 1.102866 -0.823915
v 0.169066 1.102866 -0.823915
v 0.169066 1.114186 -0.815129
v 0.001882 1.128481 -0.804034
v 0.001882 1.117161 -0.812820
v 0.022539 1.117161 -0.812820
v 0.022539 1.128481 -0.804034
v 0.050725 1.099892 -0.826224
v 0.050725 1.088571 -0.835011
v 0.071381 1.088571 -0.835011
v 0.071381 1.099892 -0.826224
v 0.050725 1.114186 -0.815129
v 0.050725 1.102866 -0.823915
v 0.071381 1.102866 -0.823915
v 0.071381 1.114186 -0.815129
v 0.026304 1.157071 -0.781843
v 0.026304 1.145750 -0.790630
v 0.046960 1.145750 -0.790630
v 0.046960 1.157071 -0.781843
v 0.050725 1.157071 -0.781843
v 0.050725 1.145750 -0.790630
v 0.071381 1.145750 -0.790630
v 0.071381 1.157071 -0.781843
v -0.123988 1.099892 0.826224
v -0.123988 1.088571 0.835011
v -0.144645 1.088571 0.835011
v -0.144645 1.099892 0.826224
v -0.001882 1.128481 0.804034
v -0.001882 1.117161 0.812820
v -0.022539 1.117161 0.812820
v -0.022539 1.128481 0.804034
v -0.050725 1.171365 0.770748
v -0.050725 1.160045 0.779535
v -0.071381 1.160045 0.779535
v -0.071381 1.171365 0.770748
v -0.050725 1.199955 0.748558
v -0.050725 1.188634 0.757344
v -0.071381 1.188634 0.757344
v -0.071381 1.199955 0.748558
v -0.148410 1.128481 0.804034
v -0.148410 1.117161 0.812820
v -0.169066 1.117161 0.812820
v -0.169066 1.128481 0.804034
v 0.050725 1.185660 -0.759653
v 0.050725 1.174339 -0.768440
v 0.071381 1.174339 -0.768440
v 0.071381 1.185660 -0.759653
v 0.148410 1.185660 -0.759653
v 0.148410 1.174339 -0.768440
v 0.169066 1.174339 -0.768440
v 0.169066 1.185660 -0.759653
v -0.148410 1.185660 0.759653
v -0.148410 1.174339 0.768440
v -0.169066 1.174339 0.768440
v -0.169066 1.185660 0.759653
v -0.172818 1.189352 0.758290
v -0.172818 1.200693 0.749488
v -0.193500 1.200693 0.749488
v -0.193500 1.189352 0.758290
v -0.172818 1.132173 0.802671
v -0.172818 1.143514 0.793869
v -0.193500 1.143514 0.793869
v -0.193500 1.132173 0.802671
v 0.026291 1.160763 -0.780480
v 0.026291 1.172103 -0.771678
v 0.046972 1.172103 -0.771678
v 0.046972 1.160763 -0.780480
v 0.172818 1.103584 -0.824861
v 0.172818 1.114924 -0.816059
v 0.193500 1.114924 -0.816059
v 0.193500 1.103584 -0.824861
v 0.123976 1.189352 -0.758290
v 0.123976 1.200693 -0.749488
v 0.144657 1.200693 -0.749488
v 0.144657 1.189352 -0.758290
v -0.099555 1.175058 0.769385
v -0.099555 1.186398 0.760583
v -0.120236 1.186398 0.760583
v -0.120236 1.175058 0.769385
v -0.123976 1.146468 0.791576
v -0.123976 1.157808 0.782773
v -0.144657 1.157808 0.782773
v -0.144657 1.146468 0.791576
v 0.099555 1.146468 -0.791576
v 0.099555 1.157808 -0.782773
v 0.120236 1.157808 -0.782773
v 0.120236 1.146468 -0.791576
v 0.099555 1.089289 -0.835956
v 0.099555 1.100630 -0.827154
v 0.120236 1.100630 -0.827154
v 0.120236 1.089289 -0.835956
v 0.099555 1.103584 -0.824861
v 0.099555 1.114924 -0.816059
v 0.120236 1.114924 -0.816059
v 0.120236 1.103584 -0.824861
v 0.001870 1.103584 -0.824861
v 0.001870 1.114924 -0.816059
v 0.022551 1.114924 -0.816059
v 0.022551 1.103584 -0.824861
v 0.001870 1.175058 -0.769385
v 0.001870 1.186398 -0.760583
v 0.022551 1.186398 -0.760583
v 0.022551 1.175058 -0.769385
v -0.099555 1.103584 0.824861
v -0.099555 1.114924 0.816059
v -0.120236 1.114924 0.816059
v -0.120236 1.103584 0.824861
v -0.148397 1.103584 0.824861
v -0.148397 1.114924 0.816059
v -0.169078 1.114924 0.816059
v -0.169078 1.103584 0.824861
v -0.026291 1.117879 0.813766
v -0.026291 1.129219 0.804964
v -0.046972 1.129219 0.804964
v -0.046972 1.117879 0.813766
v -0.001870 1.132173 0.802671
v -0.001870 1.143514 0.793869
v -0.022551 1.143514 0.793869
v -0.022551 1.132173 0.802671
v -0.050712 1.089289 0.835956
v -0.050712 1.100630 0.827154
v -0.071394 1.100630 0.827154
v -0.071394 1.089289 0.835956
v -0.001870 1.189352 0.758290
v -0.001870 1.200693 0.749488
v -0.022551 1.200693 0.749488
v -0.022551 1.189352 0.758290
v 0.050712 1.117879 -0.813766
v 0.050712 1.129219 -0.804964
v 0.071394 1.129219 -0.804964
v 0.071394 1.117879 -0.813766
v 0.148397 1.132173 -0.802671
v 0.148397 1.143514 -0.793869
v 0.169078 1.143514 -0.793869
v 0.169078 1.132173 -0.802671
v 0.148397 1.189352 -0.758290
v 0.148397 1.200693 -0.749488
v 0.169078 1.200693 -0.749488
v 0.169078 1.189352 -0.758290
v -0.148397 1.189352 0.758290
v -0.148397 1.200693 0.749488
v -0.169078 1.200693 0.749488
v -0.169078 1.189352 0.758290
v -0.172818 1.200030 0.748635
v -0.172818 1.188690 0.757437
v -0.193500 1.188690 0.757437
v -0.193500 1.200030 0.748635
v -0.172818 1.142852 0.793016
v -0.172818 1.131511 0.801818
v -0.193500 1.131511 0.801818
v -0.193500 1.142852 0.793016
v 0.026291 1.171441 -0.770825
v 0.026291 1.160101 -0.779627
v 0.046972 1.160101 -0.779627
v 0.046972 1.171441 -0.770825
v 0.172818 1.114262 -0.815206
v 0.172818 1.102922 -0.824008
v 0.193500 1.102922 -0.824008
v 0.193500 1.114262 -0.815206
v 0.123976 1.200030 -0.748635
v 0.123976 1.188690 -0.757437
v 0.144657 1.188690 -0.757437
v 0.144657 1.200030 -0.748635
v -0.099555 1.185736 0.759730
v -0.099555 1.174395 0.768532
v -0.120236 1.174395 0.768532
v -0.120236 1.185736 0.759730
v -0.123976 1.157146 0.781920
v -0.123976 1.145806 0.790722
v -0.144657 1.145806 0.790722
v -0.144657 1.157146 0.781920
v 0.099555 1.157146 -0.781920
v 0.099555 1.145806 -0.790722
v 0.120236 1.145806 -0.790722
v 0.120236 1.157146 -0.781920
v 0.099555 1.099967 -0.826301
v 0.099555 1.088627 -0.835103
v 0.120236 1.088627 -0.835103
v 0.120236 1.099967 -0.826301
v 0.099555 1.114262 -0.815206
v 0.099555 1.102922 -0.824008
v 0.120236 1.102922 -0.824008
v 0.120236 1.114262 -0.815206
v 0.001870 1.114262 -0.815206
v 0.001870 1.102922 -0.824008
v 0.022551 1.102922 -0.824008
v 0.022551 1.114262 -0.815206
v 0.001870 1.185736 -0.759730
v 0.001870 1.174395 -0.768532
v 0.022551 1.174395 -0.768532
v 0.022551 1.185736 -0.759730
v -0.099555 1.114262 0.815206
v -0.099555 1.102922 0.824008
v -0.120236 1.102922 0.824008
v -0.120236 1.114262 0.815206
v -0.148397 1.114262 0.815206
v -0.148397 1.102922 0.824008
v -0.169078 1.102922 0.824008
v -0.169078 1.114262 0.815206
v -0.026291 1.128557 0.804111
v -0.026291 1.117216 0.812913
v -0.046972 1.117216 0.812913
v -0.046972 1.128557 0.804111
v -0.001870 1.142852 0.793016
v -0.001870 1.131511 0.801818
v -0.022551 1.131511 0.801818
v -0.022551 1.142852 0.793016
v -0.050712 1.099967 0.826301
v -0.050712 1.088627 0.835103
v -0.071394 1.088627 0.835103
v -0.071394 1.099967 0.826301
v -0.001870 1.200030 0.748635
v -0.001870 1.188690 0.757437
v -0.022551 1.188690 0.757437
v -0.022551 1.200030 0.748635
v 0.050712 1.128557 -0.804111
v 0.050712 1.117216 -0.812913
v 0.071394 1.117216 -0.812913
v 0.071394 1.128557 -0.804111
v 0.148397 1.142852 -0.793016
v 0.148397 1.131511 -0.801818
v 0.169078 1.131511 -0.801818
v 0.169078 1.142852 -0.793016
v 0.148397 1.200030 -0.748635
v 0.148397 1.188690 -0.757437
v 0.169078 1.188690 -0.757437
v 0.169078 1.200030 -0.748635
v -0.148397 1.200030 0.748635
v -0.148397 1.188690 0.757437
v -0.169078 1.188690 0.757437
v -0.169078 1.200030 0.748635
v -0.231581 0.888891 -0.845838
v -0.231581 0.888891 0.845838
v -0.231581 1.078898 0.845838
v -0.231581 1.352052 0.633890
v -0.231581 1.352052 -0.633890
v -0.231581 1.078898 -0.845838
v 0.231581 1.078898 -0.845838
v 0.231581 0.888891 -0.845838
v 0.231581 0.888891 0.845838
v 0.231581 1.352052 -0.633890
v 0.231581 1.352052 0.633890
v 0.231581 1.078898 0.845838
v 0.223409 1.062439 0.797776
v -0.223409 0.936953 -0.797776
v -0.223409 0.936953 0.797776
v -0.223409 1.303990 -0.610349
v 0.223409 0.936953 0.797776
v 0.223409 1.062439 -0.797776
v -0.223409 1.062439 0.797776
v -0.223409 1.062439 -0.797776
v -0.223409 1.303990 0.610349
v 0.223409 0.936953 -0.797776
v 0.223409 1.303990 -0.610349
v 0.223409 1.303990 0.610349
v 0.213255 1.062439 -0.797776
v 0.213255 1.062439 0.797776
v -0.213255 1.062439 0.797776
v -0.213255 1.062439 -0.797776
v -0.213255 0.936953 -0.797776
v -0.213255 0.936953 0.797776
v -0.213255 1.303990 0.610349
v -0.213255 1.303990 -0.610349
v 0.213255 0.936953 -0.797776
v 0.213255 0.936953 0.797776
v 0.213255 1.303990 -0.610349
v 0.213255 1.303990 0.610349
v -0.213255 1.198312 0.692348
v -0.213255 1.198312 -0.692348
v 0.213255 1.198312 -0.692348
v 0.213255 1.198312 0.692348
v 0.000000 1.610301 0.230046
v 0.000000 2.397785 0.230046
v 0.035323 1.610301 0.244677
v 0.035323 2.397785 0.244677
v 0.049954 1.610301 0.280000
v 0.049954 2.397785 0.280000
v 0.035323 1.610301 0.315323
v 0.035323 2.397785 0.315323
v 0.000000 1.610301 0.329954
v 0.000000 2.397785 0.329954
v -0.035323 1.610301 0.315323
v -0.035323 2.397785 0.315323
v -0.049954 1.610301 0.280000
v -0.049954 2.397785 0.280000
v -0.035323 1.610301 0.244677
v -0.035323 2.397785 0.244677
v 0.000000 1.584658 0.182518
v 0.068930 1.584658 0.211070
v 0.097482 1.584658 0.280000
v 0.068930 1.584658 0.348930
v 0.000000 1.584658 0.377482
v -0.068930 1.584658 0.348930
v -0.097482 1.584658 0.280000
v -0.068930 1.584658 0.211070
v 0.000000 1.569353 0.177925
v 0.072178 1.569353 0.207822
v 0.102075 1.569353 0.280000
v 0.072178 1.569353 0.352178
v 0.000000 1.569353 0.382075
v -0.072178 1.569353 0.352178
v -0.102075 1.569353 0.280000
v -0.072178 1.569353 0.207822
v 0.106823 1.466450 0.386823
v -0.000000 1.466450 0.431071
v -0.106823 1.466450 0.386823
v -0.000000 1.466450 0.128929
v 0.106823 1.466450 0.173177
v 0.151071 1.466450 0.280000
v -0.151071 1.466450 0.280000
v -0.106823 1.466450 0.173177
v -0.082648 1.569353 0.197352
v -0.106823 1.542010 0.173177
v -0.116882 1.569353 0.280000
v -0.151071 1.542010 0.280000
v -0.082648 1.569353 0.362648
v -0.106823 1.542010 0.386823
v 0.000000 1.569353 0.396882
v 0.000000 1.542010 0.431071
v 0.106823 1.542010 0.386823
v 0.082648 1.569353 0.362648
v 0.116882 1.569353 0.280000
v 0.151071 1.542010 0.280000
v 0.082648 1.569353 0.197352
v 0.106823 1.542010 0.173177
v 0.000000 1.542010 0.128929
v 0.000000 1.569353 0.163118
v 0.000000 1.574876 0.182518
v 0.068930 1.574876 0.211070
v 0.097482 1.574876 0.280000
v 0.068930 1.574876 0.348930
v 0.000000 1.574876 0.377482
v -0.068930 1.574876 0.348930
v -0.097482 1.574876 0.280000
v -0.068930 1.574876 0.211070
v 0.085896 1.569353 0.365896
v 0.000000 1.569353 0.401475
v -0.085896 1.569353 0.365896
v 0.000000 1.569353 0.158525
v 0.085896 1.569353 0.194104
v 0.121475 1.569353 0.280000
v -0.121475 1.569353 0.280000
v -0.085896 1.569353 0.194104
v -0.116882 1.568617 0.280000
v -0.102075 1.568617 0.280000
v -0.072178 1.568617 0.207822
v -0.082648 1.568617 0.197352
v 0.000000 1.568617 0.177925
v 0.000000 1.568617 0.163118
v -0.082648 1.568617 0.362648
v -0.072178 1.568617 0.352178
v 0.000000 1.568617 0.396882
v 0.000000 1.568617 0.382075
v 0.082648 1.568617 0.362648
v 0.072178 1.568617 0.352178
v 0.116882 1.568617 0.280000
v 0.102075 1.568617 0.280000
v 0.082648 1.568617 0.197352
v 0.072178 1.568617 0.207822
v 0.120322 1.466450 0.400322
v -0.000000 1.466450 0.450161
v -0.120322 1.466450 0.400322
v -0.000000 1.466450 0.109839
v 0.120322 1.466450 0.159678
v 0.170161 1.466450 0.280000
v -0.170161 1.466450 0.280000
v -0.120322 1.466450 0.159678
v 0.120322 1.436894 0.400322
v -0.000000 1.436894 0.450161
v -0.120322 1.436894 0.400322
v -0.000000 1.436894 0.109839
v 0.120322 1.436894 0.159678
v 0.170161 1.436894 0.280000
v -0.170161 1.436894 0.280000
v -0.120322 1.436894 0.159678
v 0.000000 1.590181 0.182518
v 0.068930 1.590181 0.211070
v 0.097482 1.590181 0.280000
v 0.068930 1.590181 0.348930
v 0.000000 1.590181 0.377482
v -0.068930 1.590181 0.348930
v -0.097482 1.590181 0.280000
v -0.068930 1.590181 0.211070
v 0.000000 1.569353 0.182518
v 0.068930 1.569353 0.211070
v 0.097482 1.569353 0.280000
v 0.068930 1.569353 0.348930
v 0.000000 1.569353 0.377482
v -0.068930 1.569353 0.348930
v -0.097482 1.569353 0.280000
v -0.068930 1.569353 0.211070
v -0.096505 1.583138 0.280000
v -0.096505 1.576396 0.280000
v -0.068239 1.576396 0.348239
v -0.068239 1.584658 0.348239
v 0.000000 1.584658 0.376505
v 0.000000 1.574876 0.376505
v 0.068239 1.574876 0.348239
v 0.068239 1.584658 0.348239
v 0.096505 1.584658 0.280000
v 0.096505 1.574876 0.280000
v 0.068239 1.574876 0.211761
v 0.068239 1.583138 0.211761
v -0.068239 1.583138 0.211761
v -0.068239 1.576396 0.211761
v 0.000000 1.576396 0.183495
v 0.000000 1.583138 0.183495
v 0.000000 1.584658 0.183495
v 0.068239 1.584658 0.211761
v 0.096505 1.583138 0.280000
v 0.068239 1.583138 0.348239
v 0.000000 1.583138 0.376505
v -0.068239 1.583138 0.348239
v -0.096505 1.584658 0.280000
v -0.068239 1.584658 0.211761
v 0.000000 1.574876 0.183495
v 0.068239 1.576396 0.211761
v 0.096505 1.576396 0.280000
v 0.068239 1.576396 0.348239
v 0.000000 1.576396 0.376505
v -0.068239 1.574876 0.348239
v -0.096505 1.574876 0.280000
v -0.068239 1.574876 0.211761
v -0.095695 1.583138 0.280000
v -0.095695 1.576396 0.280000
v -0.067666 1.576396 0.347666
v -0.067666 1.583138 0.347666
v 0.000000 1.583138 0.375695
v 0.000000 1.576396 0.375695
v 0.067666 1.576396 0.347666
v 0.067666 1.583138 0.347666
v 0.095695 1.583138 0.280000
v 0.095695 1.576396 0.280000
v 0.067666 1.576396 0.212334
v 0.067666 1.583138 0.212334
v -0.067666 1.583138 0.212334
v -0.067666 1.576396 0.212334
v 0.000000 1.576396 0.184306
v 0.000000 1.583138 0.184306
v 0.000000 1.610301 -0.329954
v 0.000000 2.397785 -0.329954
v 0.035323 1.610301 -0.315323
v 0.035323 2.397785 -0.315323
v 0.049954 1.610301 -0.280000
v 0.049954 2.397785 -0.280000
v 0.035323 1.610301 -0.244677
v 0.035323 2.397785 -0.244677
v 0.000000 1.610301 -0.230046
v 0.000000 2.397785 -0.230046
v -0.035323 1.610301 -0.244677
v -0.035323 2.397785 -0.244677
v -0.049954 1.610301 -0.280000
v -0.049954 2.397785 -0.280000
v -0.035323 1.610301 -0.315323
v -0.035323 2.397785 -0.315323
v 0.000000 1.584658 -0.377482
v 0.068930 1.584658 -0.348930
v 0.097482 1.584658 -0.280000
v 0.068930 1.584658 -0.211070
v 0.000000 1.584658 -0.182518
v -0.068930 1.584658 -0.211070
v -0.097482 1.584658 -0.280000
v -0.068930 1.584658 -0.348930
v 0.000000 1.569353 -0.382075
v 0.072178 1.569353 -0.352178
v 0.102075 1.569353 -0.280000
v 0.072178 1.569353 -0.207822
v 0.000000 1.569353 -0.177925
v -0.072178 1.569353 -0.207822
v -0.102075 1.569353 -0.280000
v -0.072178 1.569353 -0.352178
v 0.106823 1.466450 -0.173177
v -0.000000 1.466450 -0.128929
v -0.106823 1.466450 -0.173177
v -0.000000 1.466450 -0.431071
v 0.106823 1.466450 -0.386823
v 0.151071 1.466450 -0.280000
v -0.151071 1.466450 -0.280000
v -0.106823 1.466450 -0.386823
v -0.082648 1.569353 -0.362648
v -0.106823 1.542010 -0.386823
v -0.116882 1.569353 -0.280000
v -0.151071 1.542010 -0.280000
v -0.082648 1.569353 -0.197352
v -0.106823 1.542010 -0.173177
v 0.000000 1.569353 -0.163118
v 0.000000 1.542010 -0.128929
v 0.106823 1.542010 -0.173177
v 0.082648 1.569353 -0.197352
v 0.116882 1.569353 -0.280000
v 0.151071 1.542010 -0.280000
v 0.082648 1.569353 -0.362648
v 0.106823 1.542010 -0.386823
v 0.000000 1.542010 -0.431071
v 0.000000 1.569353 -0.396882
v 0.000000 1.574876 -0.377482
v 0.068930 1.574876 -0.348930
v 0.097482 1.574876 -0.280000
v 0.068930 1.574876 -0.211070
v 0.000000 1.574876 -0.182518
v -0.068930 1.574876 -0.211070
v -0.097482 1.574876 -0.280000
v -0.068930 1.574876 -0.348930
v 0.085896 1.569353 -0.194104
v 0.000000 1.569353 -0.158525
v -0.085896 1.569353 -0.194104
v 0.000000 1.569353 -0.401475
v 0.085896 1.569353 -0.365896
v 0.121475 1.569353 -0.280000
v -0.121475 1.569353 -0.280000
v -0.085896 1.569353 -0.365896
v -0.116882 1.568617 -0.280000
v -0.102075 1.568617 -0.280000
v -0.072178 1.568617 -0.352178
v -0.082648 1.568617 -0.362648
v 0.000000 1.568617 -0.382075
v 0.000000 1.568617 -0.396882
v -0.082648 1.568617 -0.197352
v -0.072178 1.568617 -0.207822
v 0.000000 1.568617 -0.163118
v 0.000000 1.568617 -0.177925
v 0.082648 1.568617 -0.197352
v 0.072178 1.568617 -0.207822
v 0.116882 1.568617 -0.280000
v 0.102075 1.568617 -0.280000
v 0.082648 1.568617 -0.362648
v 0.072178 1.568617 -0.352178
v 0.120322 1.466450 -0.159678
v -0.000000 1.466450 -0.109839
v -0.120322 1.466450 -0.159678
v -0.000000 1.466450 -0.450161
v 0.120322 1.466450 -0.400322
v 0.170161 1.466450 -0.280000
v -0.170161 1.466450 -0.280000
v -0.120322 1.466450 -0.400322
v 0.120322 1.436894 -0.159678
v -0.000000 1.436894 -0.109839
v -0.120322 1.436894 -0.159678
v -0.000000 1.436894 -0.450161
v 0.120322 1.436894 -0.400322
v 0.170161 1.436894 -0.280000
v -0.170161 1.436894 -0.280000
v -0.120322 1.436894 -0.400322
v 0.000000 1.590181 -0.377482
v 0.068930 1.590181 -0.348930
v 0.097482 1.590181 -0.280000
v 0.068930 1.590181 -0.211070
v 0.000000 1.590181 -0.182518
v -0.068930 1.590181 -0.211070
v -0.097482 1.590181 -0.280000
v -0.068930 1.590181 -0.348930
v 0.000000 1.569353 -0.377482
v 0.068930 1.569353 -0.348930
v 0.097482 1.569353 -0.280000
v 0.068930 1.569353 -0.211070
v 0.000000 1.569353 -0.182518
v -0.068930 1.569353 -0.211070
v -0.097482 1.569353 -0.280000
v -0.068930 1.569353 -0.348930
v -0.096505 1.583138 -0.280000
v -0.096505 1.576396 -0.280000
v -0.068239 1.576396 -0.211761
v -0.068239 1.584658 -0.211761
v 0.000000 1.584658 -0.183495
v 0.000000 1.574876 -0.183495
v 0.068239 1.574876 -0.211761
v 0.068239 1.584658 -0.211761
v 0.096505 1.584658 -0.280000
v 0.096505 1.574876 -0.280000
v 0.068239 1.574876 -0.348239
v 0.068239 1.583138 -0.348239
v -0.068239 1.583138 -0.348239
v -0.068239 1.576396 -0.348239
v 0.000000 1.576396 -0.376505
v 0.000000 1.583138 -0.376505
v 0.000000 1.584658 -0.376505
v 0.068239 1.584658 -0.348239
v 0.096505 1.583138 -0.280000
v 0.068239 1.583138 -0.211761
v 0.000000 1.583138 -0.183495
v -0.068239 1.583138 -0.211761
v -0.096505 1.584658 -0.280000
v -0.068239 1.584658 -0.348239
v 0.000000 1.574876 -0.376505
v 0.068239 1.576396 -0.348239
v 0.096505 1.576396 -0.280000
v 0.068239 1.576396 -0.211761
v 0.000000 1.576396 -0.183495
v -0.068239 1.574876 -0.211761
v -0.096505 1.574876 -0.280000
v -0.068239 1.574876 -0.348239
v -0.095695 1.583138 -0.280000
v -0.095695 1.576396 -0.280000
v -0.067666 1.576396 -0.212334
v -0.067666 1.583138 -0.212334
v 0.000000 1.583138 -0.184305
v 0.000000 1.576396 -0.184305
v 0.067666 1.576396 -0.212334
v 0.067666 1.583138 -0.212334
v 0.095695 1.583138 -0.280000
v 0.095695 1.576396 -0.280000
v 0.067666 1.576396 -0.347666
v 0.067666 1.583138 -0.347666
v -0.067666 1.583138 -0.347666
v -0.067666 1.576396 -0.347666
v 0.000000 1.576396 -0.375695
v 0.000000 1.583138 -0.375695
v 0.263913 0.889070 -0.619719
v 0.263913 0.889070 0.619719
v 0.485497 0.889070 -0.587479
v 0.263913 0.889070 -0.775774
v 0.263913 0.965643 -0.619719
v 0.263913 0.965643 0.619719
v 0.263913 0.965643 -0.775774
v 0.270932 0.982040 -0.619719
v 0.270932 0.993720 -0.624515
v 0.270932 0.993720 -0.614922
v 0.270398 0.982040 -0.773570
v 0.270932 0.982040 0.619719
v 0.270398 0.982040 0.773570
v 0.270932 0.993720 0.614922
v 0.270932 0.993720 0.624515
v 0.270398 0.993720 0.773570
v 0.270398 1.049995 0.624515
v 0.263913 0.993720 0.624515
v 0.263913 0.993720 0.775774
v 0.263913 1.052955 0.624515
v 0.297964 1.090467 0.624515
v 0.263913 1.052955 0.775774
v 0.297964 1.090467 0.764201
v 0.323906 1.052955 0.825000
v 0.334232 1.090467 0.793961
v 0.485497 1.052955 0.825000
v 0.323906 0.993720 0.825000
v 0.485497 0.993720 0.825000
v 0.326592 0.993720 0.819679
v 0.326592 0.982040 0.819679
v 0.481225 0.993720 0.820430
v 0.481225 0.982040 0.820430
v 0.487042 0.993720 0.802642
v 0.832958 0.993720 0.802642
v 0.487042 0.982040 0.802642
v 0.491314 0.993720 0.807212
v 0.828686 0.993720 0.807212
v 0.491314 1.052955 0.807212
v 0.491314 1.090467 0.775349
v 0.828686 1.052955 0.807212
v 0.828686 1.090467 0.775349
v 0.834503 1.052955 0.825000
v 0.834503 1.090467 0.793837
v 0.996094 1.052955 0.825000
v 0.834503 0.993720 0.825000
v 0.838775 0.993720 0.820430
v 0.996094 0.993720 0.825000
v 0.993407 0.993720 0.819679
v 1.056087 0.993720 0.775774
v 1.056087 0.993720 0.624515
v 1.056087 1.052955 0.775774
v 1.049602 0.993720 0.773570
v 1.049602 0.982040 0.773570
v 1.049068 0.993720 0.624515
v 1.049068 0.993720 0.614922
v 1.049068 0.982040 0.619719
v 1.049602 1.049995 0.624515
v 1.049602 1.049995 0.614922
v 1.019350 1.083323 0.624515
v 1.056087 1.052955 0.624515
v 1.022036 1.090467 0.624515
v 1.022036 1.090467 0.764201
v 0.987876 1.090467 0.655422
v 1.016518 1.090467 0.636570
v 1.016518 1.090467 0.762325
v 0.993395 1.090467 0.657490
v 1.016518 1.088616 0.636570
v 1.016518 1.088616 0.762325
v 0.993395 1.088616 0.657490
v 0.993395 1.088616 0.754467
v 0.993395 1.090467 0.754467
v 0.973916 1.088616 0.770450
v 0.973916 1.090467 0.770450
v 0.983484 1.088616 0.789431
v 0.856695 1.088616 0.770354
v 0.856695 1.090467 0.770354
v 0.838779 1.088616 0.789312
v 0.850873 1.088616 0.751847
v 0.850873 1.090467 0.751847
v 0.832961 1.088616 0.770820
v 0.469127 1.088616 0.751847
v 0.487039 1.088616 0.770820
v 0.463304 1.088616 0.770354
v 0.469127 1.090467 0.751847
v 0.463304 1.090467 0.770354
v 0.464852 1.090467 0.747319
v 0.459028 1.090467 0.765829
v 0.855148 1.090467 0.747319
v 0.486229 1.116835 0.724676
v 0.481044 1.116835 0.737410
v 0.833770 1.116835 0.724676
v 0.838956 1.116835 0.737410
v 0.937494 1.116835 0.737472
v 0.860972 1.090467 0.765829
v 0.971632 1.090467 0.765920
v 0.987876 1.090467 0.752591
v 0.951959 1.116835 0.728303
v 0.951959 1.116835 0.683075
v 0.368041 1.116835 0.683075
v 0.368041 1.116835 0.728303
v 0.332124 1.090467 0.655422
v 0.332124 1.090467 0.752591
v 0.326605 1.090467 0.657490
v 0.326605 1.090467 0.754467
v 0.303482 1.090467 0.636570
v 0.326605 1.088616 0.657490
v 0.326605 1.088616 0.754467
v 0.303482 1.088616 0.636570
v 0.303482 1.088616 0.762325
v 0.336516 1.088616 0.789431
v 0.303482 1.090467 0.762325
v 0.336516 1.090467 0.789431
v 0.481221 1.090467 0.789312
v 0.481221 1.088616 0.789312
v 0.487039 1.090467 0.770820
v 0.485497 1.090467 0.793837
v 0.832961 1.090467 0.770820
v 0.838779 1.090467 0.789312
v 0.983484 1.090467 0.789431
v 0.985768 1.090467 0.793961
v 0.346084 1.088616 0.770450
v 0.346084 1.090467 0.770450
v 0.348368 1.090467 0.765920
v 0.382506 1.116835 0.737472
v 1.019350 1.083323 0.614922
v 0.300650 1.083323 0.624515
v 0.300650 1.083323 0.614922
v 0.270398 1.049995 0.614922
v 0.297964 1.090467 0.614922
v 0.263913 1.052955 0.614922
v 0.337067 1.090467 0.614922
v 0.297963 1.090467 -0.614922
v 0.300650 1.083323 -0.614922
v 0.263913 1.052955 -0.614922
v 0.337067 1.090467 -0.614922
v 0.982933 1.090467 -0.614922
v 0.337067 1.090467 -0.587479
v 0.337067 1.090467 -0.551137
v 0.347832 1.090467 -0.587479
v 0.972168 1.090467 -0.587479
v 0.377234 1.143325 -0.587479
v 0.379478 1.109992 -0.587479
v 0.940522 1.109992 -0.587479
v 0.391249 1.131153 -0.587479
v 0.379478 1.109992 -0.581812
v 0.940522 1.109992 -0.581812
v 0.391249 1.131153 -0.581812
v 0.412171 1.154203 -0.581812
v 0.412171 1.154203 -0.587479
v 0.404830 1.173727 -0.587479
v 0.388193 1.217978 -0.551137
v 0.388193 1.217978 0.551138
v 0.404830 1.173727 0.587479
v 0.337067 1.161654 0.551138
v 0.931807 1.217978 -0.551137
v 0.915170 1.173727 -0.587479
v 0.982933 1.161654 -0.551137
v 0.931807 1.217978 0.551138
v 0.915170 1.173727 0.587479
v 0.982933 1.161654 0.551137
v 0.907829 1.154203 0.587479
v 0.907829 1.154203 0.581812
v 0.412171 1.154203 0.581812
v 0.391249 1.131153 0.581812
v 0.412171 1.154203 0.587479
v 0.391249 1.131153 0.587479
v 0.379478 1.109992 0.587479
v 0.377234 1.143325 0.587479
v 0.347832 1.090467 0.587479
v 0.972168 1.090467 0.587479
v 0.337067 1.090467 0.587479
v 0.337067 1.090467 0.551138
v 0.337067 1.114930 0.531047
v 0.337067 1.137191 0.531047
v 0.337067 1.114930 -0.531047
v 0.338934 1.114930 0.531047
v 0.338934 1.137191 0.531047
v 0.338934 1.114930 -0.531047
v 0.338934 1.118898 0.527789
v 0.338934 1.133223 0.527789
v 0.338934 1.118898 -0.527789
v 0.339979 1.118898 0.527789
v 0.339979 1.133223 0.527789
v 0.339979 1.118898 -0.527789
v 0.339979 1.133223 -0.527789
v 0.338934 1.133223 -0.527789
v 0.338934 1.137191 -0.531047
v 0.337067 1.137191 -0.531047
v 0.337067 1.161654 -0.551137
v 0.982933 1.090467 0.551137
v 0.982933 1.090467 0.587479
v 0.942766 1.143325 0.587479
v 0.940522 1.109992 0.587479
v 0.928751 1.131153 0.587479
v 0.940522 1.109992 0.581812
v 0.379478 1.109992 0.581812
v 0.928751 1.131153 0.581812
v 0.982933 1.090467 0.614922
v 1.022036 1.090467 0.614922
v 1.056087 1.052955 0.614922
v 1.022036 1.090467 -0.614922
v 1.019350 1.083323 -0.614922
v 1.056087 1.052955 -0.614922
v 1.049602 1.049995 -0.614922
v 1.056087 0.993720 -0.614922
v 1.056087 0.993720 0.614922
v 1.049068 0.993720 -0.614922
v 1.049068 0.982040 -0.619719
v 1.049068 0.993720 -0.624515
v 1.049602 1.049995 -0.624515
v 1.049602 0.993720 -0.773570
v 1.056087 0.993720 -0.624515
v 1.056087 0.993720 -0.775774
v 1.056087 1.052955 -0.624515
v 1.022036 1.090467 -0.624515
v 1.056087 1.052955 -0.775774
v 1.022036 1.090467 -0.764201
v 0.996094 1.052955 -0.825000
v 0.985767 1.090467 -0.793961
v 0.834503 1.052955 -0.825000
v 0.996094 0.993720 -0.825000
v 0.993407 0.993720 -0.819679
v 0.834503 0.993720 -0.825000
v 0.828686 0.993720 -0.807212
v 0.838775 0.993720 -0.820430
v 0.838775 0.982040 -0.820430
v 0.832958 0.993720 -0.802642
v 0.832958 0.982040 -0.802642
v 0.487041 0.993720 -0.802642
v 0.481225 0.993720 -0.820430
v 0.487041 0.982040 -0.802642
v 0.491314 0.993720 -0.807212
v 0.485497 0.993720 -0.825000
v 0.491314 1.052955 -0.807212
v 0.491314 1.090467 -0.775349
v 0.485497 1.052955 -0.825000
v 0.828686 1.052955 -0.807212
v 0.828686 1.090467 -0.775349
v 0.834503 1.090467 -0.793837
v 0.832961 1.090467 -0.770820
v 0.838779 1.090467 -0.789312
v 0.487039 1.090467 -0.770820
v 0.832961 1.088616 -0.770820
v 0.850873 1.088616 -0.751847
v 0.838779 1.088616 -0.789312
v 0.487039 1.088616 -0.770820
v 0.469127 1.088616 -0.751847
v 0.481221 1.088616 -0.789312
v 0.463304 1.088616 -0.770354
v 0.336516 1.088616 -0.789430
v 0.481221 1.090467 -0.789312
v 0.336516 1.090467 -0.789430
v 0.485497 1.090467 -0.793837
v 0.334232 1.090467 -0.793961
v 0.297963 1.090467 -0.764201
v 0.323906 1.052955 -0.825000
v 0.263913 1.052955 -0.775774
v 0.323906 0.993720 -0.825000
v 0.263913 0.993720 -0.775774
v 0.326592 0.993720 -0.819679
v 0.270398 0.993720 -0.773570
v 0.326592 0.982040 -0.819679
v 0.481225 0.982040 -0.820430
v 0.323906 0.965643 -0.825000
v 0.485497 0.965643 -0.825000
v 0.323906 0.889070 -0.825000
v 0.485497 0.889070 -0.825000
v 0.491313 0.889070 -0.807212
v 0.828686 0.889070 -0.807212
v 0.491314 0.889070 -0.587479
v 0.491314 0.965643 -0.807212
v 0.508485 0.915703 -0.807212
v 0.508485 0.939010 -0.807212
v 0.811515 0.915703 -0.807212
v 0.508485 0.915703 -0.805162
v 0.508485 0.939010 -0.805162
v 0.811515 0.915703 -0.805162
v 0.511104 0.918588 -0.805162
v 0.511104 0.936126 -0.805162
v 0.808896 0.918588 -0.805162
v 0.511104 0.918588 -0.803932
v 0.511104 0.936126 -0.803932
v 0.808896 0.918588 -0.803932
v 0.808896 0.936126 -0.803932
v 0.808896 0.936126 -0.805162
v 0.811515 0.939010 -0.805162
v 0.811515 0.939010 -0.807212
v 0.828686 0.965643 -0.807212
v 0.834503 0.965643 -0.825000
v 0.996094 0.965643 -0.825000
v 0.834503 0.889070 -0.825000
v 0.834503 0.889070 -0.587479
v 0.996094 0.889070 -0.825000
v 1.056087 0.889070 -0.775774
v 1.056087 0.889070 -0.619719
v 1.056087 0.965643 -0.775774
v 1.049602 0.982040 -0.773570
v 1.056087 0.965643 -0.619719
v 1.056087 0.965643 0.619719
v 1.056087 0.965643 0.775774
v 1.056087 0.889070 0.619719
v 0.834503 0.889070 0.587479
v 1.056087 0.889070 0.775774
v 0.996094 0.889070 0.825000
v 0.834503 0.889070 0.825000
v 0.996094 0.965643 0.825000
v 0.834503 0.965643 0.825000
v 0.993407 0.982040 0.819679
v 0.838775 0.982040 0.820430
v 0.832958 0.982040 0.802642
v 0.828686 0.965643 0.807212
v 0.491314 0.965643 0.807212
v 0.828686 0.889070 0.807212
v 0.811515 0.939010 0.807212
v 0.811515 0.915703 0.807212
v 0.508485 0.939010 0.807212
v 0.811515 0.939010 0.805162
v 0.811515 0.915703 0.805162
v 0.508485 0.939010 0.805162
v 0.808896 0.936126 0.805162
v 0.808896 0.918588 0.805162
v 0.511104 0.936126 0.805162
v 0.808896 0.936126 0.803933
v 0.808896 0.918588 0.803933
v 0.511104 0.936126 0.803933
v 0.511104 0.918588 0.803933
v 0.511104 0.918588 0.805162
v 0.508485 0.915703 0.805162
v 0.508485 0.915703 0.807212
v 0.491314 0.889070 0.807212
v 0.485497 0.889070 0.825000
v 0.491314 0.889070 0.587479
v 0.485497 0.889070 0.587479
v 0.828686 0.889070 0.587479
v 0.828686 0.889070 -0.587479
v 0.323906 0.889070 0.825000
v 0.485497 0.965643 0.825000
v 0.323906 0.965643 0.825000
v 0.263913 0.965643 0.775774
v 0.263913 0.889070 0.775774
v 0.993407 0.982040 -0.819679
v 0.263913 0.993720 -0.624515
v 0.263913 1.052955 -0.624515
v 0.270398 1.049995 -0.624515
v 0.297963 1.090467 -0.624515
v 0.300650 1.083323 -0.624515
v 0.332124 1.090467 -0.655422
v 0.303482 1.090467 -0.636570
v 0.303482 1.088616 -0.636570
v 0.303482 1.090467 -0.762325
v 0.326605 1.090467 -0.657490
v 0.326605 1.088616 -0.657490
v 0.326605 1.090467 -0.754467
v 0.326605 1.088616 -0.754467
v 0.346084 1.090467 -0.770450
v 0.332124 1.090467 -0.752591
v 0.348368 1.090467 -0.765920
v 0.368041 1.116835 -0.728303
v 0.382506 1.116835 -0.737472
v 0.368041 1.116835 -0.683075
v 0.951959 1.116835 -0.683075
v 0.951959 1.116835 -0.728303
v 0.987876 1.090467 -0.655422
v 0.987876 1.090467 -0.752591
v 0.993395 1.090467 -0.657490
v 0.993395 1.088616 -0.657490
v 0.993395 1.090467 -0.754467
v 1.016518 1.090467 -0.636570
v 1.016518 1.088616 -0.636570
v 1.016518 1.090467 -0.762325
v 0.983484 1.090467 -0.789430
v 1.016518 1.088616 -0.762325
v 0.993395 1.088616 -0.754467
v 0.983484 1.088616 -0.789430
v 0.973916 1.088616 -0.770450
v 0.856695 1.088616 -0.770354
v 0.973916 1.090467 -0.770450
v 0.856695 1.090467 -0.770354
v 0.971632 1.090467 -0.765920
v 0.860972 1.090467 -0.765829
v 0.937494 1.116835 -0.737472
v 0.838956 1.116835 -0.737409
v 0.833770 1.116835 -0.724676
v 0.486229 1.116835 -0.724676
v 0.855148 1.090467 -0.747319
v 0.464852 1.090467 -0.747319
v 0.850873 1.090467 -0.751847
v 0.469127 1.090467 -0.751847
v 0.463304 1.090467 -0.770354
v 0.459028 1.090467 -0.765829
v 0.481044 1.116835 -0.737409
v 0.346084 1.088616 -0.770450
v 0.303482 1.088616 -0.762325
v 1.019350 1.083323 -0.624515
v 0.270398 1.049995 -0.614922
v 0.982933 1.090467 -0.551137
v 0.982933 1.114930 0.531047
v 0.982933 1.137191 0.531047
v 0.982933 1.114930 -0.531047
v 0.981066 1.114930 0.531047
v 0.981066 1.137191 0.531047
v 0.981066 1.114930 -0.531047
v 0.981066 1.118898 0.527789
v 0.981066 1.133223 0.527789
v 0.981066 1.118898 -0.527789
v 0.980021 1.118898 0.527789
v 0.980021 1.133223 0.527789
v 0.980021 1.118898 -0.527789
v 0.980021 1.133223 -0.527789
v 0.981066 1.133223 -0.527789
v 0.981066 1.137191 -0.531047
v 0.982933 1.137191 -0.531047
v 0.982933 1.090467 -0.587479
v 0.942766 1.143325 -0.587479
v 0.928751 1.131153 -0.587479
v 0.907829 1.154203 -0.587479
v 0.928751 1.131153 -0.581812
v 0.907829 1.154203 -0.581812
v 0.263913 0.993720 -0.614922
v 0.263913 0.993720 0.614922
v -0.263913 0.889070 0.619719
v -0.263913 0.889070 -0.619719
v -0.485497 0.889070 0.587479
v -0.263913 0.889070 0.775774
v -0.263913 0.965643 0.619719
v -0.263913 0.965643 -0.619719
v -0.263913 0.965643 0.775774
v -0.270932 0.982040 0.619719
v -0.270932 0.993720 0.624515
v -0.270932 0.993720 0.614922
v -0.270398 0.982040 0.773570
v -0.270933 0.982040 -0.619719
v -0.270398 0.982040 -0.773570
v -0.270933 0.993720 -0.614922
v -0.270933 0.993720 -0.624515
v -0.270398 0.993720 -0.773570
v -0.270398 1.049995 -0.624515
v -0.263913 0.993720 -0.624515
v -0.263913 0.993720 -0.775774
v -0.263913 1.052955 -0.624515
v -0.297964 1.090467 -0.624515
v -0.263913 1.052955 -0.775774
v -0.297964 1.090467 -0.764201
v -0.323907 1.052955 -0.825000
v -0.334233 1.090467 -0.793961
v -0.485497 1.052955 -0.825000
v -0.323907 0.993720 -0.825000
v -0.485497 0.993720 -0.825000
v -0.326593 0.993720 -0.819679
v -0.326593 0.982040 -0.819679
v -0.481225 0.993720 -0.820430
v -0.481225 0.982040 -0.820430
v -0.487042 0.993720 -0.802642
v -0.832959 0.993720 -0.802642
v -0.487042 0.982040 -0.802642
v -0.491314 0.993720 -0.807212
v -0.828687 0.993720 -0.807212
v -0.491314 1.052955 -0.807212
v -0.491314 1.090467 -0.775348
v -0.828687 1.052955 -0.807212
v -0.828687 1.090467 -0.775348
v -0.834503 1.052955 -0.825000
v -0.834503 1.090467 -0.793836
v -0.996094 1.052955 -0.825000
v -0.834503 0.993720 -0.825000
v -0.838776 0.993720 -0.820430
v -0.996094 0.993720 -0.825000
v -0.993408 0.993720 -0.819679
v -1.056087 0.993720 -0.775774
v -1.056087 0.993720 -0.624515
v -1.056087 1.052955 -0.775774
v -1.049602 0.993720 -0.773570
v -1.049602 0.982040 -0.773570
v -1.049068 0.993720 -0.624515
v -1.049068 0.993720 -0.614922
v -1.049068 0.982040 -0.619718
v -1.049602 1.049995 -0.624515
v -1.049602 1.049995 -0.614922
v -1.019351 1.083323 -0.624515
v -1.056087 1.052955 -0.624515
v -1.022037 1.090467 -0.624515
v -1.022037 1.090467 -0.764201
v -0.987876 1.090467 -0.655422
v -1.016518 1.090467 -0.636569
v -1.016518 1.090467 -0.762325
v -0.993395 1.090467 -0.657490
v -1.016518 1.088616 -0.636569
v -1.016518 1.088616 -0.762325
v -0.993395 1.088616 -0.657490
v -0.993395 1.088616 -0.754466
v -0.993395 1.090467 -0.754466
v -0.973916 1.088616 -0.770450
v -0.973916 1.090467 -0.770450
v -0.983484 1.088616 -0.789430
v -0.856696 1.088616 -0.770353
v -0.856696 1.090467 -0.770353
v -0.838779 1.088616 -0.789312
v -0.850873 1.088616 -0.751847
v -0.850873 1.090467 -0.751847
v -0.832962 1.088616 -0.770820
v -0.469127 1.088616 -0.751847
v -0.487039 1.088616 -0.770820
v -0.463305 1.088616 -0.770354
v -0.469127 1.090467 -0.751847
v -0.463305 1.090467 -0.770354
v -0.464852 1.090467 -0.747319
v -0.459029 1.090467 -0.765829
v -0.855148 1.090467 -0.747319
v -0.486230 1.116835 -0.724676
v -0.481044 1.116835 -0.737409
v -0.833771 1.116835 -0.724676
v -0.838956 1.116835 -0.737409
v -0.937495 1.116835 -0.737472
v -0.860972 1.090467 -0.765829
v -0.971632 1.090467 -0.765919
v -0.987876 1.090467 -0.752591
v -0.951959 1.116835 -0.728302
v -0.951959 1.116835 -0.683075
v -0.368041 1.116835 -0.683075
v -0.368041 1.116835 -0.728303
v -0.332124 1.090467 -0.655422
v -0.332124 1.090467 -0.752591
v -0.326605 1.090467 -0.657490
v -0.326605 1.090467 -0.754467
v -0.303482 1.090467 -0.636570
v -0.326605 1.088616 -0.657490
v -0.326605 1.088616 -0.754467
v -0.303482 1.088616 -0.636570
v -0.303483 1.088616 -0.762325
v -0.336516 1.088616 -0.789430
v -0.303483 1.090467 -0.762325
v -0.336516 1.090467 -0.789430
v -0.481221 1.090467 -0.789312
v -0.481221 1.088616 -0.789312
v -0.487039 1.090467 -0.770820
v -0.485497 1.090467 -0.793837
v -0.832962 1.090467 -0.770820
v -0.838779 1.090467 -0.789312
v -0.983484 1.090467 -0.789430
v -0.985768 1.090467 -0.793961
v -0.346085 1.088616 -0.770450
v -0.346085 1.090467 -0.770450
v -0.348368 1.090467 -0.765920
v -0.382506 1.116835 -0.737472
v -1.019351 1.083323 -0.614922
v -0.300650 1.083323 -0.624515
v -0.300650 1.083323 -0.614922
v -0.270398 1.049995 -0.614922
v -0.297964 1.090467 -0.614922
v -0.263913 1.052955 -0.614922
v -0.337068 1.090467 -0.614922
v -0.297963 1.090467 0.614922
v -0.300649 1.083323 0.614922
v -0.263913 1.052955 0.614922
v -0.337067 1.090467 0.614922
v -0.982932 1.090467 0.614922
v -0.337067 1.090467 0.587479
v -0.337067 1.090467 0.551137
v -0.347832 1.090467 0.587479
v -0.972168 1.090467 0.587479
v -0.377234 1.143325 0.587479
v -0.379478 1.109992 0.587479
v -0.940522 1.109992 0.587479
v -0.391248 1.131153 0.587479
v -0.379478 1.109992 0.581812
v -0.940522 1.109992 0.581812
v -0.391248 1.131153 0.581812
v -0.412171 1.154203 0.581812
v -0.412171 1.154203 0.587479
v -0.404830 1.173727 0.587479
v -0.388193 1.217978 0.551138
v -0.388193 1.217978 -0.551137
v -0.404830 1.173727 -0.587479
v -0.337068 1.161654 -0.551137
v -0.931807 1.217978 0.551138
v -0.915169 1.173727 0.587479
v -0.982932 1.161654 0.551138
v -0.931807 1.217978 -0.551137
v -0.915170 1.173727 -0.587479
v -0.982933 1.161654 -0.551137
v -0.907829 1.154203 -0.587479
v -0.907829 1.154203 -0.581811
v -0.412171 1.154203 -0.581812
v -0.391249 1.131153 -0.581812
v -0.412171 1.154203 -0.587479
v -0.391249 1.131153 -0.587479
v -0.379478 1.109992 -0.587479
v -0.377234 1.143325 -0.587479
v -0.347832 1.090467 -0.587479
v -0.972168 1.090467 -0.587479
v -0.337068 1.090467 -0.587479
v -0.337068 1.090467 -0.551137
v -0.337068 1.114930 -0.531047
v -0.337068 1.137191 -0.531047
v -0.337067 1.114930 0.531047
v -0.338934 1.114930 -0.531047
v -0.338934 1.137191 -0.531047
v -0.338934 1.114930 0.531047
v -0.338934 1.118898 -0.527789
v -0.338934 1.133223 -0.527789
v -0.338934 1.118898 0.527789
v -0.339979 1.118898 -0.527789
v -0.339979 1.133223 -0.527789
v -0.339979 1.118898 0.527789
v -0.339979 1.133223 0.527789
v -0.338934 1.133223 0.527789
v -0.338934 1.137191 0.531047
v -0.337067 1.137191 0.531047
v -0.337067 1.161654 0.551137
v -0.982933 1.090467 -0.551137
v -0.982933 1.090467 -0.587479
v -0.942766 1.143325 -0.587479
v -0.940522 1.109992 -0.587479
v -0.928751 1.131153 -0.587479
v -0.940522 1.109992 -0.581811
v -0.379478 1.109992 -0.581812
v -0.928751 1.131153 -0.581811
v -0.982933 1.090467 -0.614922
v -1.022037 1.090467 -0.614922
v -1.056087 1.052955 -0.614922
v -1.022036 1.090467 0.614922
v -1.019350 1.083323 0.614922
v -1.056087 1.052955 0.614922
v -1.049602 1.049995 0.614922
v -1.056087 0.993720 0.614922
v -1.056087 0.993720 -0.614922
v -1.049067 0.993720 0.614922
v -1.049067 0.982040 0.619719
v -1.049067 0.993720 0.624515
v -1.049602 1.049995 0.624515
v -1.049602 0.993720 0.773570
v -1.056087 0.993720 0.624515
v -1.056087 0.993720 0.775774
v -1.056087 1.052955 0.624515
v -1.022036 1.090467 0.624515
v -1.056087 1.052955 0.775774
v -1.022036 1.090467 0.764201
v -0.996093 1.052955 0.825000
v -0.985767 1.090467 0.793961
v -0.834503 1.052955 0.825000
v -0.996093 0.993720 0.825000
v -0.993407 0.993720 0.819679
v -0.834503 0.993720 0.825000
v -0.828686 0.993720 0.807213
v -0.838775 0.993720 0.820430
v -0.838775 0.982040 0.820430
v -0.832958 0.993720 0.802643
v -0.832958 0.982040 0.802643
v -0.487041 0.993720 0.802643
v -0.481224 0.993720 0.820430
v -0.487041 0.982040 0.802643
v -0.491313 0.993720 0.807212
v -0.485497 0.993720 0.825000
v -0.491313 1.052955 0.807212
v -0.491313 1.090467 0.775349
v -0.485497 1.052955 0.825000
v -0.828686 1.052955 0.807213
v -0.828686 1.090467 0.775349
v -0.834503 1.090467 0.793837
v -0.832961 1.090467 0.770821
v -0.838779 1.090467 0.789312
v -0.487038 1.090467 0.770820
v -0.832961 1.088616 0.770821
v -0.850873 1.088616 0.751848
v -0.838779 1.088616 0.789312
v -0.487038 1.088616 0.770820
v -0.469127 1.088616 0.751848
v -0.481220 1.088616 0.789312
v -0.463304 1.088616 0.770354
v -0.336516 1.088616 0.789431
v -0.481220 1.090467 0.789312
v -0.336516 1.090467 0.789431
v -0.485497 1.090467 0.793837
v -0.334232 1.090467 0.793961
v -0.297963 1.090467 0.764201
v -0.323906 1.052955 0.825000
v -0.263913 1.052955 0.775774
v -0.323906 0.993720 0.825000
v -0.263913 0.993720 0.775774
v -0.326592 0.993720 0.819679
v -0.270398 0.993720 0.773570
v -0.326592 0.982040 0.819679
v -0.481224 0.982040 0.820430
v -0.323906 0.965643 0.825000
v -0.485497 0.965643 0.825000
v -0.323906 0.889070 0.825000
v -0.485497 0.889070 0.825000
v -0.491313 0.889070 0.807212
v -0.828686 0.889070 0.807213
v -0.491313 0.889070 0.587479
v -0.491313 0.965643 0.807212
v -0.508485 0.915703 0.807212
v -0.508485 0.939010 0.807212
v -0.811514 0.915703 0.807213
v -0.508485 0.915703 0.805163
v -0.508485 0.939010 0.805163
v -0.811514 0.915703 0.805163
v -0.511104 0.918588 0.805163
v -0.511104 0.936126 0.805163
v -0.808896 0.918588 0.805163
v -0.511104 0.918588 0.803933
v -0.511104 0.936126 0.803933
v -0.808896 0.918588 0.803933
v -0.808896 0.936126 0.803933
v -0.808896 0.936126 0.805163
v -0.811514 0.939010 0.805163
v -0.811514 0.939010 0.807213
v -0.828686 0.965643 0.807213
v -0.834503 0.965643 0.825000
v -0.996093 0.965643 0.825000
v -0.834503 0.889070 0.825000
v -0.834503 0.889070 0.587479
v -0.996093 0.889070 0.825000
v -1.056087 0.889070 0.775774
v -1.056087 0.889070 0.619719
v -1.056087 0.965643 0.775774
v -1.049602 0.982040 0.773570
v -1.056087 0.965643 0.619719
v -1.056087 0.965643 -0.619718
v -1.056087 0.965643 -0.775774
v -1.056087 0.889070 -0.619718
v -0.834503 0.889070 -0.587479
v -1.056087 0.889070 -0.775774
v -0.996094 0.889070 -0.825000
v -0.834503 0.889070 -0.825000
v -0.996094 0.965643 -0.825000
v -0.834503 0.965643 -0.825000
v -0.993408 0.982040 -0.819679
v -0.838776 0.982040 -0.820430
v -0.832959 0.982040 -0.802642
v -0.828687 0.965643 -0.807212
v -0.491314 0.965643 -0.807212
v -0.828687 0.889070 -0.807212
v -0.811515 0.939010 -0.807212
v -0.811515 0.915703 -0.807212
v -0.508485 0.939010 -0.807212
v -0.811515 0.939010 -0.805162
v -0.811515 0.915703 -0.805162
v -0.508485 0.939010 -0.805162
v -0.808896 0.936126 -0.805162
v -0.808896 0.918588 -0.805162
v -0.511104 0.936126 -0.805162
v -0.808896 0.936126 -0.803932
v -0.808896 0.918588 -0.803932
v -0.511104 0.936126 -0.803932
v -0.511104 0.918588 -0.803932
v -0.511104 0.918588 -0.805162
v -0.508486 0.915703 -0.805162
v -0.508486 0.915703 -0.807212
v -0.491314 0.889070 -0.807212
v -0.485497 0.889070 -0.825000
v -0.491314 0.889070 -0.587479
v -0.485497 0.889070 -0.587479
v -0.828687 0.889070 -0.587479
v -0.828686 0.889070 0.587479
v -0.323907 0.889070 -0.825000
v -0.485497 0.965643 -0.825000
v -0.323907 0.965643 -0.825000
v -0.263913 0.965643 -0.775774
v -0.263913 0.889070 -0.775774
v -0.993407 0.982040 0.819679
v -0.263913 0.993720 0.624515
v -0.263913 1.052955 0.624515
v -0.270398 1.049995 0.624515
v -0.297963 1.090467 0.624515
v -0.300649 1.083323 0.624515
v -0.332124 1.090467 0.655422
v -0.303482 1.090467 0.636570
v -0.303482 1.088616 0.636570
v -0.303482 1.090467 0.762325
v -0.326605 1.090467 0.657490
v -0.326605 1.088616 0.657490
v -0.326605 1.090467 0.754467
v -0.326605 1.088616 0.754467
v -0.346084 1.090467 0.770450
v -0.332124 1.090467 0.752591
v -0.348368 1.090467 0.765920
v -0.368041 1.116835 0.728303
v -0.382505 1.116835 0.737472
v -0.368041 1.116835 0.683075
v -0.951959 1.116835 0.683075
v -0.951959 1.116835 0.728303
v -0.987876 1.090467 0.655422
v -0.987876 1.090467 0.752591
v -0.993395 1.090467 0.657491
v -0.993395 1.088616 0.657491
v -0.993395 1.090467 0.754467
v -1.016517 1.090467 0.636570
v -1.016517 1.088616 0.636570
v -1.016517 1.090467 0.762326
v -0.983484 1.090467 0.789431
v -1.016517 1.088616 0.762326
v -0.993395 1.088616 0.754467
v -0.983484 1.088616 0.789431
v -0.973915 1.088616 0.770450
v -0.856695 1.088616 0.770354
v -0.973915 1.090467 0.770450
v -0.856695 1.090467 0.770354
v -0.971632 1.090467 0.765920
v -0.860971 1.090467 0.765829
v -0.937494 1.116835 0.737472
v -0.838956 1.116835 0.737410
v -0.833770 1.116835 0.724676
v -0.486229 1.116835 0.724676
v -0.855148 1.090467 0.747319
v -0.464852 1.090467 0.747319
v -0.850873 1.090467 0.751848
v -0.469127 1.090467 0.751848
v -0.463304 1.090467 0.770354
v -0.459028 1.090467 0.765829
v -0.481044 1.116835 0.737410
v -0.346084 1.088616 0.770450
v -0.303482 1.088616 0.762325
v -1.019350 1.083323 0.624515
v -0.270398 1.049995 0.614922
v -0.982932 1.090467 0.551138
v -0.982933 1.114930 -0.531047
v -0.982933 1.137191 -0.531047
v -0.982932 1.114930 0.531047
v -0.981066 1.114930 -0.531047
v -0.981066 1.137191 -0.531047
v -0.981066 1.114930 0.531047
v -0.981066 1.118898 -0.527788
v -0.981066 1.133223 -0.527788
v -0.981066 1.118898 0.527789
v -0.980021 1.118898 -0.527788
v -0.980021 1.133223 -0.527788
v -0.980020 1.118898 0.527789
v -0.980020 1.133223 0.527789
v -0.981066 1.133223 0.527789
v -0.981066 1.137191 0.531047
v -0.982932 1.137191 0.531047
v -0.982932 1.090467 0.587479
v -0.942766 1.143325 0.587479
v -0.928751 1.131153 0.587479
v -0.907829 1.154203 0.587479
v -0.928751 1.131153 0.581812
v -0.907829 1.154203 0.581812
v -0.263913 0.993720 0.614922
v -0.263913 0.993720 -0.614922
vn -0.0000 -0.0000 -1.0000
vn 0.7071 -0.0000 0.7071
vn -0.0000 -1.0000 -0.0000
vn 1.0000 -0.0000 -0.0000
vn -0.0000 -0.0000 1.0000
vn 0.7071 -0.0000 -0.7071
vn -0.7071 -0.0000 0.7071
vn -1.0000 -0.0000 -0.0000
vn -0.7071 -0.0000 -0.7071
vn -0.5000 0.7071 0.5000
vn -0.5000 0.7071 -0.5000
vn 0.5000 0.7071 -0.5000
vn 0.5000 0.7071 0.5000
vn -0.7071 0.7071 -0.0000
vn -0.0000 0.7071 0.7071
vn -0.0000 0.7071 -0.7071
vn 0.7071 0.7071 -0.0000
vn -0.0000 1.0000 -0.0000
vn -0.0000 -0.0302 0.9995
vn -0.9995 -0.0302 -0.0000
vn 0.9995 -0.0302 -0.0000
vn -0.0000 -0.0302 -0.9995
vn 0.7053 0.7089 0.0001
vn -0.7053 0.7089 -0.0001
vn -0.7053 0.7090 -0.0000
vn 0.7053 0.7090 -0.0000
vn 0.0001 -0.0006 -1.0000
vn 1.0000 0.0011 -0.0000
vn 1.0000 -0.0000 0.0001
vn -1.0000 0.0002 -0.0000
vn -1.0000 0.0005 -0.0000
vn -0.0000 0.7089 0.7053
vn -0.0000 0.7089 -0.7053
vn -0.0000 0.7090 0.7053
vn -0.0000 0.7090 -0.7053
vn 0.0001 -0.0000 -1.0000
vn 0.0001 1.0000 -0.0002
vn -0.7053 0.7089 0.0001
vn 0.7053 0.7089 -0.0001
vn -0.0000 1.0000 0.0001
vn -0.0000 1.0000 -0.0001
vn -0.0001 1.0000 -0.0002
vn 0.0001 1.0000 0.0002
vn -0.0001 1.0000 0.0001
vn 0.0001 1.0000 -0.0001
vn 0.0001 1.0000 0.0001
vn -0.0001 1.0000 -0.0001
vn -0.0001 1.0000 0.0002
vn -1.0000 -0.0000 -0.0001
vn 0.0101 0.9999 -0.0000
vn -0.0201 -0.9998 -0.0000
vn -0.0012 1.0000 0.0064
vn 0.0126 0.9999 -0.0000
vn -0.0180 -0.9998 0.0007
vn 0.0011 -1.0000 -0.0064
vn -0.0101 0.9999 -0.0000
vn 0.0201 -0.9998 -0.0000
vn 0.8567 0.5158 -0.0000
vn 0.0180 -0.9998 -0.0007
vn -0.0001 -0.0000 1.0000
vn -0.0000 0.5158 -0.8567
vn -0.0000 0.5158 0.8567
vn -0.8567 0.5158 -0.0000
vn 0.0064 1.0000 -0.0012
vn -0.0064 -1.0000 0.0011
vn -0.0064 -1.0000 -0.0011
vn 0.0064 1.0000 0.0012
vn 0.6058 0.5158 0.6058
vn -0.0012 1.0000 -0.0064
vn 0.0011 -1.0000 0.0064
vn 0.6058 0.5158 -0.6058
vn 0.0064 -1.0000 -0.0011
vn 0.0012 1.0000 -0.0064
vn -0.6058 0.5158 -0.6058
vn -0.0011 -1.0000 0.0064
vn 0.0064 -1.0000 0.0011
vn -0.0000 0.9999 -0.0101
vn -0.6058 0.5158 0.6058
vn -0.0000 -0.9998 0.0201
vn 0.0001 0.9999 -0.0125
vn 0.0001 -0.9998 0.0177
vn -0.0180 -0.9998 -0.0007
vn -0.0000 0.9999 0.0101
vn -0.0001 0.9999 -0.0125
vn -0.0000 -0.9998 -0.0201
vn -0.0001 0.9999 0.0125
vn -0.0001 -0.9998 0.0177
vn -0.0001 -0.9998 -0.0177
vn 0.0001 0.9999 0.0125
vn 0.0001 -0.9998 -0.0177
vn -0.0011 -1.0000 -0.0064
vn 0.9999 -0.0168 -0.0000
vn -0.0000 -0.0161 0.9999
vn -0.0000 -0.0160 -0.9999
vn 1.0000 0.0050 0.0001
vn -1.0000 0.0050 0.0001
vn 1.0000 0.0050 -0.0001
vn -0.8326 0.5539 -0.0000
vn -1.0000 0.0050 -0.0001
vn 0.0001 0.0050 1.0000
vn 0.0001 0.0050 -1.0000
vn -1.0000 -0.0000 0.0001
vn 1.0000 -0.0000 -0.0001
vn -0.0000 0.0001 -1.0000
vn -0.0000 -0.0001 1.0000
vn -0.0000 0.0001 1.0000
vn -0.0000 -0.0001 -1.0000
vn -0.0000 1.0000 0.0002
vn -0.0000 1.0000 -0.0002
vn -0.0001 -0.0000 -1.0000
vn 0.0001 -0.0000 1.0000
vn 0.0012 1.0000 0.0064
vn 0.0180 -0.9998 0.0007
vn -0.0000 0.2533 0.9674
vn -0.0000 0.2533 -0.9674
vn 0.3598 -0.0020 0.9330
vn 0.2945 -0.7686 -0.5679
vn -0.8264 -0.5630 -0.0000
vn 0.8264 -0.5630 -0.0000
vn -0.3596 -0.0007 -0.9331
vn 0.3599 -0.9330 0.0031
vn -0.2945 -0.7686 0.5679
vn -0.3594 0.9332 0.0010
vn -0.3599 -0.9330 -0.0031
vn 0.2945 -0.5679 -0.7686
vn 0.8264 -0.0000 0.5630
vn 0.8264 -0.0000 -0.5630
vn -0.8264 -0.0000 -0.5630
vn -0.8264 -0.0000 0.5630
vn -0.7179 0.6961 0.0039
vn 0.7179 0.6961 -0.0039
vn -0.7179 0.6961 -0.0039
vn 0.7179 0.6961 0.0039
vn 0.7172 -0.0026 -0.6968
vn 0.7172 -0.0026 0.6968
vn -0.7172 -0.0026 0.6968
vn -0.7172 -0.0026 -0.6968
vn -0.7176 0.6964 -0.0046
vn 0.7176 0.6964 0.0046
vn -0.7176 0.6964 0.0046
vn 0.7176 0.6964 -0.0046
vn 0.7170 0.0029 -0.6971
vn 0.7170 0.0029 0.6971
vn -0.7170 0.0029 0.6971
vn -0.7170 0.0029 -0.6971
vn -0.8264 0.5630 -0.0000
vn 0.8264 0.5630 -0.0000
vn -0.8877 0.4604 -0.0004
vn 0.8877 0.4604 0.0004
vn -0.8877 0.4604 0.0004
vn 0.8877 0.4604 -0.0004
vn 0.8877 0.0003 -0.4604
vn 0.8877 0.0003 0.4604
vn -0.8877 0.0003 0.4604
vn -0.8877 0.0003 -0.4604
vn -0.3596 -0.0007 0.9331
vn -0.2945 -0.5679 -0.7686
vn 0.3598 -0.0020 -0.9330
vn 0.3595 -0.0007 0.9331
vn 0.2945 -0.5679 0.7686
vn -0.3598 -0.0020 -0.9330
vn 0.3595 -0.0007 -0.9331
vn -0.2945 -0.7686 -0.5679
vn 0.3594 0.9332 0.0010
vn -0.3598 -0.0020 0.9330
vn -0.3599 -0.9330 0.0031
vn 0.2945 -0.7686 0.5679
vn -0.3594 0.9332 -0.0010
vn -0.2945 -0.5679 0.7686
vn 0.3599 -0.9330 -0.0031
vn 0.3594 0.9332 -0.0010
vn -0.1951 -0.0000 -0.9808
vn 0.8315 -0.0000 -0.5556
vn 0.9808 -0.0000 -0.1951
vn 0.9808 -0.0000 0.1951
vn 0.8315 -0.0000 0.5556
vn 0.5556 -0.0000 0.8315
vn 0.1951 -0.0000 0.9808
vn -0.1951 -0.0000 0.9808
vn -0.5556 -0.0000 0.8315
vn -0.8315 -0.0000 0.5556
vn -0.9808 -0.0000 0.1951
vn -0.9808 -0.0000 -0.1951
vn -0.8315 -0.0000 -0.5556
vn -0.5556 -0.0000 -0.8315
vn 0.1951 -0.0000 -0.9808
vn 0.5556 -0.0000 -0.8315
vn 0.1380 0.7071 -0.6935
vn 0.3928 0.7071 -0.5879
vn 0.5879 0.7071 -0.3928
vn 0.6935 0.7071 -0.1379
vn 0.6935 0.7071 0.1379
vn 0.5879 0.7071 0.3928
vn 0.3928 0.7071 0.5879
vn 0.1380 0.7071 0.6935
vn -0.1380 0.7071 0.6935
vn -0.3928 0.7071 0.5879
vn -0.5879 0.7071 0.3928
vn -0.6935 0.7071 0.1379
vn -0.6935 0.7071 -0.1379
vn -0.5879 0.7071 -0.3928
vn -0.3928 0.7071 -0.5879
vn -0.1380 0.7071 -0.6935
vn -0.4141 0.6666 0.6198
vn -0.2157 0.9216 -0.3228
vn 0.6198 0.6666 -0.4141
vn -0.6198 0.6666 0.4141
vn 0.7311 0.6666 -0.1454
vn -0.7311 0.6666 0.1454
vn 0.7311 0.6666 0.1454
vn -0.7311 0.6666 -0.1454
vn 0.6198 0.6666 0.4141
vn -0.6198 0.6666 -0.4141
vn 0.4141 0.6666 0.6198
vn -0.4141 0.6666 -0.6198
vn 0.1454 0.6666 0.7311
vn 0.1454 0.6666 -0.7311
vn -0.1454 0.6666 -0.7311
vn -0.1454 0.6666 0.7311
vn 0.4141 0.6666 -0.6198
vn 0.0757 0.9216 0.3807
vn 0.0757 0.9216 -0.3807
vn -0.0757 0.9216 -0.3807
vn -0.0757 0.9216 0.3807
vn 0.2157 0.9216 -0.3228
vn -0.2157 0.9216 0.3228
vn 0.3228 0.9216 -0.2157
vn -0.3228 0.9216 0.2157
vn 0.3807 0.9216 -0.0757
vn -0.3807 0.9216 0.0757
vn 0.3807 0.9216 0.0757
vn -0.3807 0.9216 -0.0757
vn 0.3228 0.9216 0.2157
vn -0.3228 0.9216 -0.2157
vn 0.2157 0.9216 0.3228
vn 0.0002 -1.0000 -0.0000
vn -0.0002 -1.0000 -0.0000
vn 0.0001 1.0000 -0.0000
vn -0.0001 1.0000 -0.0000
vn -0.0008 1.0000 0.0041
vn 0.0008 1.0000 0.0041
vn 0.0023 1.0000 0.0035
vn 0.0035 1.0000 0.0023
vn 0.0041 1.0000 0.0008
vn 0.0041 1.0000 -0.0008
vn 0.0035 1.0000 -0.0023
vn 0.0023 1.0000 -0.0035
vn 0.0008 1.0000 -0.0041
vn -0.0008 1.0000 -0.0041
vn -0.0023 1.0000 -0.0035
vn -0.0035 1.0000 -0.0023
vn -0.0041 1.0000 -0.0008
vn -0.0041 1.0000 0.0008
vn -0.0035 1.0000 0.0023
vn -0.0024 1.0000 0.0035
vn 0.8315 -0.0009 -0.5556
vn 0.3478 -0.9083 0.2324
vn -0.0816 -0.9083 -0.4103
vn -0.4103 -0.9083 -0.0816
vn 0.0816 -0.9083 -0.4103
vn 0.3478 -0.9083 -0.2324
vn 0.2324 -0.9083 -0.3478
vn -0.2324 -0.9083 0.3478
vn 0.4103 -0.9083 -0.0816
vn -0.3478 -0.9083 0.2324
vn 0.4103 -0.9083 0.0816
vn -0.4103 -0.9083 0.0816
vn -0.0816 -0.9083 0.4103
vn 0.2324 -0.9083 0.3478
vn -0.3478 -0.9083 -0.2324
vn 0.0816 -0.9083 0.4103
vn -0.2324 -0.9083 -0.3478
vn -0.1951 -0.0009 -0.9808
vn 0.5556 -0.0009 -0.8315
vn 0.9808 -0.0009 0.1951
vn -0.8315 -0.0009 0.5556
vn 0.8315 -0.0009 0.5556
vn 0.9808 -0.0009 -0.1951
vn 0.5556 -0.0009 0.8315
vn -0.1951 -0.0009 0.9808
vn -0.8315 -0.0009 -0.5556
vn -0.9808 -0.0009 -0.1951
vn -0.5556 -0.0009 -0.8315
vn -0.9808 -0.0009 0.1951
vn 0.1951 -0.0009 0.9808
vn -0.5556 -0.0009 0.8315
vn 0.1659 0.5263 -0.8340
vn -0.1659 0.5263 -0.8340
vn -0.7070 0.5263 -0.4724
vn 0.8340 0.5263 0.1659
vn -0.7070 0.5263 0.4724
vn 0.4724 0.5263 -0.7070
vn 0.7070 0.5263 -0.4724
vn 0.8340 0.5263 -0.1659
vn 0.7070 0.5263 0.4724
vn 0.4724 0.5263 0.7070
vn 0.1659 0.5263 0.8340
vn -0.1659 0.5263 0.8340
vn -0.4724 0.5263 0.7070
vn -0.8340 0.5263 0.1659
vn -0.8340 0.5263 -0.1659
vn -0.4724 0.5263 -0.7070
vn 0.1951 -0.0009 -0.9808
vn 0.8315 -0.0007 -0.5556
vn -0.1951 -0.0007 -0.9808
vn 0.5556 -0.0007 -0.8315
vn 0.9808 -0.0007 0.1951
vn -0.8315 -0.0007 0.5556
vn 0.8315 -0.0007 0.5556
vn 0.9808 -0.0007 -0.1951
vn 0.5556 -0.0007 0.8315
vn -0.1951 -0.0007 0.9808
vn -0.8315 -0.0007 -0.5556
vn -0.9808 -0.0007 -0.1951
vn -0.5556 -0.0007 -0.8315
vn -0.9808 -0.0007 0.1951
vn 0.1951 -0.0007 0.9808
vn -0.5556 -0.0007 0.8315
vn 0.8339 0.5263 -0.1659
vn 0.1951 -0.0007 -0.9808
vn 0.1379 0.7071 0.6935
vn -0.1379 0.7071 -0.6935
vn -0.0002 1.0000 -0.0000
vn 0.0002 1.0000 -0.0000
vn -0.0023 1.0000 0.0035
vn -0.0000 0.1951 -0.9808
vn -0.0000 -0.1951 -0.9808
vn -0.0000 -0.5556 -0.8315
vn -0.0000 -0.8315 -0.5556
vn -0.0000 -0.9808 -0.1951
vn -0.0000 -0.9808 0.1951
vn -0.0000 -0.8315 0.5556
vn -0.0000 -0.5556 0.8315
vn -0.0000 -0.1951 0.9808
vn -0.0000 0.1951 0.9808
vn -0.0000 0.5556 0.8315
vn -0.0000 0.8315 0.5556
vn 0.8315 -0.0016 -0.5556
vn -0.1951 -0.0016 -0.9808
vn 0.5556 -0.0016 -0.8315
vn 0.9808 -0.0016 0.1951
vn -0.8315 -0.0016 0.5556
vn 0.8315 -0.0016 0.5556
vn 0.9808 -0.0016 -0.1951
vn 0.5556 -0.0016 0.8315
vn -0.1951 -0.0016 0.9808
vn -0.8315 -0.0016 -0.5556
vn -0.9808 -0.0016 -0.1951
vn -0.5556 -0.0016 -0.8315
vn -0.9808 -0.0016 0.1951
vn 0.1951 -0.0016 0.9808
vn -0.5556 -0.0016 0.8315
vn 0.8339 0.5263 0.1659
vn 0.1951 -0.0016 -0.9808
vn 0.1906 0.0555 -0.9801
vn -0.1340 0.1494 0.9797
vn -0.0000 0.5556 -0.8315
vn -0.0000 0.8315 -0.5556
vn 0.1340 0.1494 0.9797
vn -0.1586 0.1209 0.9799
vn 0.8315 -0.0006 -0.5556
vn -0.1951 -0.0006 -0.9808
vn 0.5556 -0.0006 -0.8315
vn 0.9808 -0.0006 0.1951
vn -0.8315 -0.0006 0.5556
vn 0.8315 -0.0006 0.5556
vn 0.9808 -0.0006 -0.1951
vn 0.5556 -0.0006 0.8315
vn -0.1951 -0.0006 0.9808
vn -0.8315 -0.0006 -0.5556
vn -0.9808 -0.0006 -0.1951
vn -0.5556 -0.0006 -0.8315
vn -0.9808 -0.0006 0.1951
vn 0.1951 -0.0006 0.9808
vn -0.5556 -0.0006 0.8315
vn 0.1951 -0.0006 -0.9808
vn 0.1586 0.1209 0.9799
vn -0.1906 0.0555 0.9801
vn 0.1906 0.0555 0.9801
vn -0.1340 0.1494 -0.9797
vn 0.0579 0.1915 -0.9798
vn -0.1586 0.1209 -0.9799
vn 0.0579 0.1916 0.9798
vn -0.1906 0.0555 -0.9801
vn 0.2532 -0.8033 -0.5391
vn 0.1688 -0.5466 -0.8202
vn 0.2439 0.8062 -0.5391
vn 0.1659 0.5475 -0.8202
vn -0.0000 0.1983 -0.9801
vn -0.0579 0.1915 0.9798
vn 0.2439 0.8062 0.5391
vn 0.1659 0.5475 0.8202
vn 0.0591 0.1945 0.9791
vn -0.0594 -0.1944 0.9791
vn -0.1688 -0.5466 0.8202
vn -0.2532 -0.8033 0.5391
vn -0.3036 -0.9342 0.1871
vn -0.3036 -0.9343 -0.1871
vn -0.2532 -0.8033 -0.5391
vn -0.1688 -0.5466 -0.8202
vn -0.0594 -0.1944 -0.9791
vn 0.0591 0.1945 -0.9791
vn 0.3741 0.4148 -0.8294
vn 0.4432 0.3394 -0.8297
vn 0.5451 0.1622 -0.8225
vn 0.5568 0.6202 -0.5526
vn 0.6623 0.5055 -0.5530
vn 0.8061 0.2363 -0.5425
vn -0.0000 0.1984 0.9801
vn -0.0579 0.1915 -0.9798
vn -0.0000 0.1984 -0.9801
vn 0.5568 0.6202 0.5526
vn 0.6623 0.5055 0.5530
vn 0.8061 0.2363 0.5425
vn 0.3741 0.4148 0.8294
vn 0.4432 0.3394 0.8297
vn 0.5451 0.1622 0.8225
vn 0.1322 0.1456 0.9805
vn 0.1556 0.1198 0.9805
vn 0.1928 0.0591 0.9795
vn -0.1329 -0.1450 0.9805
vn -0.1552 -0.1203 0.9805
vn -0.1920 -0.0620 0.9794
vn -0.3799 -0.4098 0.8293
vn -0.4399 -0.3437 0.8296
vn -0.5370 -0.1908 0.8217
vn -0.5701 -0.6082 0.5522
vn -0.6546 -0.5156 0.5528
vn -0.7757 -0.3286 0.5387
vn -0.6736 -0.7133 0.1934
vn -0.7692 -0.6089 0.1937
vn -0.8679 -0.4614 0.1840
vn -0.6736 -0.7133 -0.1934
vn -0.7692 -0.6089 -0.1937
vn -0.8679 -0.4614 -0.1840
vn -0.5701 -0.6082 -0.5522
vn -0.6546 -0.5156 -0.5528
vn -0.7757 -0.3286 -0.5388
vn -0.3799 -0.4098 -0.8293
vn -0.4399 -0.3437 -0.8297
vn -0.5370 -0.1908 -0.8217
vn -0.1329 -0.1450 -0.9805
vn -0.1552 -0.1203 -0.9805
vn -0.1920 -0.0620 -0.9794
vn 0.1322 0.1456 -0.9805
vn 0.1556 0.1198 -0.9805
vn 0.1928 0.0591 -0.9795
vn 0.1972 -0.0000 -0.9804
vn -0.3036 -0.9343 0.1871
vn 0.5569 0.6202 -0.5526
vn 0.1973 -0.0000 0.9804
vn -0.1972 -0.0000 0.9804
vn -0.1972 -0.0000 -0.9804
vn 0.5569 0.6202 0.5526
vn -0.4399 -0.3437 0.8297
vn -0.5701 -0.6083 0.5522
vn -0.5701 -0.6083 -0.5522
vn -0.7757 -0.3286 -0.5387
vn 0.3036 -0.9343 -0.1871
vn 0.3035 -0.9343 0.1871
vn 0.2532 -0.8033 0.5391
vn 0.1688 -0.5466 0.8202
vn 0.0594 -0.1944 0.9791
vn -0.0591 0.1945 0.9791
vn -0.1659 0.5475 0.8202
vn -0.2439 0.8062 0.5391
vn 0.1973 -0.0000 -0.9804
vn -0.2439 0.8062 -0.5391
vn -0.1659 0.5475 -0.8202
vn -0.0591 0.1945 -0.9791
vn 0.0594 -0.1944 -0.9791
vn 0.3799 -0.4098 -0.8293
vn 0.4399 -0.3437 -0.8297
vn 0.5370 -0.1908 -0.8217
vn 0.5701 -0.6083 -0.5522
vn 0.6546 -0.5156 -0.5528
vn 0.7757 -0.3286 -0.5388
vn 0.6736 -0.7133 -0.1934
vn 0.7692 -0.6089 -0.1937
vn 0.8679 -0.4614 -0.1840
vn 0.6736 -0.7133 0.1934
vn 0.7692 -0.6089 0.1937
vn 0.8679 -0.4614 0.1840
vn 0.5701 -0.6082 0.5522
vn 0.6546 -0.5156 0.5528
vn 0.7757 -0.3286 0.5388
vn 0.3799 -0.4098 0.8293
vn 0.4399 -0.3437 0.8296
vn 0.5370 -0.1908 0.8217
vn 0.1329 -0.1450 0.9805
vn 0.1552 -0.1203 0.9805
vn 0.1920 -0.0620 0.9794
vn -0.1322 0.1456 0.9805
vn -0.1556 0.1198 0.9805
vn -0.1928 0.0591 0.9795
vn -0.3741 0.4148 0.8294
vn -0.4432 0.3394 0.8297
vn -0.5451 0.1622 0.8225
vn -0.5568 0.6202 0.5526
vn -0.6623 0.5055 0.5530
vn -0.8061 0.2363 0.5425
vn -0.0579 0.1916 -0.9798
vn 0.1340 0.1494 -0.9797
vn 0.1586 0.1209 -0.9799
vn -0.5568 0.6202 -0.5526
vn -0.6623 0.5055 -0.5530
vn -0.8061 0.2363 -0.5425
vn -0.3741 0.4148 -0.8294
vn -0.4432 0.3394 -0.8297
vn -0.5451 0.1622 -0.8225
vn -0.1322 0.1456 -0.9805
vn -0.1556 0.1198 -0.9805
vn -0.1928 0.0591 -0.9795
vn 0.1329 -0.1450 -0.9805
vn 0.1552 -0.1203 -0.9805
vn 0.1920 -0.0620 -0.9794
vn 0.3036 -0.9343 0.1871
vn -0.0003 1.0000 -0.0001
vn 0.7757 -0.3286 -0.5387
vn 0.5701 -0.6083 0.5522
vn 0.7757 -0.3286 0.5387
vn 0.4399 -0.3437 0.8297
vn -0.0003 1.0000 0.0001
vn 0.0003 1.0000 0.0001
vn 0.0003 1.0000 -0.0001
vn -0.9814 0.0002 0.1918
vn -0.9814 0.0002 -0.1918
vn 0.9814 0.0002 -0.1918
vn 0.9814 0.0002 0.1918
vn -0.0000 0.9823 0.1873
vn -0.0000 0.9823 -0.1873
vn 0.2848 0.9407 -0.1844
vn 0.2848 0.9407 0.1844
vn 0.9431 0.2752 -0.1866
vn 0.7813 0.5950 -0.1887
vn 0.6552 0.7320 -0.1870
vn 0.9431 0.2752 0.1866
vn 0.7813 0.5950 0.1887
vn 0.6552 0.7320 0.1870
vn 0.6551 0.7320 -0.1870
vn -0.2848 0.9407 0.1844
vn -0.2848 0.9407 -0.1844
vn -0.9431 0.2752 0.1866
vn -0.7813 0.5950 0.1887
vn -0.6552 0.7320 0.1870
vn -0.9431 0.2752 -0.1866
vn -0.7813 0.5950 -0.1887
vn -0.6551 0.7320 -0.1870
vn -0.7813 0.5950 -0.1886
vn -0.6552 0.7320 -0.1870
vn -0.0000 0.9794 0.2019
vn -0.0000 0.9794 -0.2019
vn -0.9799 0.0001 0.1993
vn -0.9799 0.0001 -0.1993
vn 0.9799 0.0001 -0.1993
vn 0.9799 0.0001 0.1993
vn 0.2841 0.9396 -0.1911
vn 0.2841 0.9396 0.1911
vn 0.6537 0.7299 -0.1998
vn 0.7795 0.5938 -0.1991
vn 0.9422 0.2743 -0.1923
vn 0.6537 0.7299 0.1998
vn 0.7795 0.5938 0.1991
vn 0.9422 0.2743 0.1923
vn -0.2841 0.9396 0.1911
vn -0.2841 0.9396 -0.1911
vn -0.6537 0.7299 0.1998
vn -0.7795 0.5938 0.1991
vn -0.9422 0.2743 0.1923
vn -0.6537 0.7299 -0.1998
vn -0.7796 0.5938 -0.1991
vn -0.9422 0.2743 -0.1923
vn -0.7796 0.5938 0.1991
vn 0.0579 0.1916 -0.9798
vn -0.0000 -0.6130 -0.7901
vn -0.0000 -0.7901 0.6130
vn -0.0000 0.7901 0.6130
vn -0.0000 -0.9983 -0.0581
vn -0.0000 -0.9983 0.0581
vn -0.0000 0.6132 -0.7900
vn -0.0000 0.6132 0.7900
vn -0.0000 -0.0004 1.0000
vn -0.0000 -0.0004 -1.0000
vn -0.0000 1.0000 -0.0009
vn -0.0000 0.9983 0.0581
vn -0.0000 0.9983 -0.0581
vn -0.0000 0.8527 -0.5224
vn -0.5224 0.8527 -0.0000
vn -0.0000 0.8527 0.5224
vn 0.5224 0.8527 -0.0000
vn -0.0000 0.9079 0.4192
vn 0.8233 0.5675 -0.0000
vn -0.8233 0.5675 -0.0000
vn -0.0000 0.9079 -0.4192
vn -0.0000 0.6131 -0.7900
vn -0.0000 0.6131 0.7900
vn -0.0000 0.7900 -0.6132
vn -0.0000 0.7900 0.6132
vn -0.0000 -0.7900 0.6131
vn -0.0000 -0.7900 -0.6131
vn -0.0000 0.7900 -0.6131
vn -0.0000 0.7900 0.6131
vn -0.0000 -0.7900 0.6132
vn -0.0000 -0.7900 -0.6132
vn -0.0000 0.6130 0.7901
vn -0.0000 0.6130 -0.7901
vn 0.0002 0.6132 0.7899
vn 0.0002 -0.0005 -1.0000
vn -0.0002 -0.0005 -1.0000
vn -0.0002 -0.0005 1.0000
vn 0.0002 -0.0005 1.0000
vn 0.0002 0.6132 -0.7899
vn -0.0002 0.6132 -0.7899
vn -0.0002 0.6132 0.7899
vn -0.0000 0.7901 -0.6130
vn -0.0000 -0.7901 -0.6130
vn -0.0000 -0.0005 1.0000
vn -0.0000 -0.0005 -1.0000
vn -0.0000 1.0000 0.0009
vn -0.0000 -1.0000 0.0009
vn -0.0000 -1.0000 -0.0009
vn -0.0000 -0.0009 1.0000
vn -0.0000 -0.0009 -1.0000
vn -0.0000 -0.7899 0.6132
vn -0.0000 0.7899 -0.6132
vn -0.0000 -0.7899 -0.6132
vn -0.0000 0.7899 0.6132
vn -0.0000 0.6132 0.7899
vn -0.0000 0.6132 -0.7899
vn 0.0001 0.6131 0.7900
vn -0.0001 0.6131 0.7900
vn -0.0001 0.6131 -0.7900
vn 0.0001 0.6131 -0.7900
vn -0.0000 -0.6130 0.7901
vn 0.3827 -0.0000 -0.9239
vn 0.9239 -0.0000 -0.3827
vn 0.9239 -0.0000 0.3827
vn 0.3827 -0.0000 0.9239
vn -0.3827 -0.0000 0.9239
vn -0.9239 -0.0000 0.3827
vn -0.9239 -0.0000 -0.3827
vn -0.3827 -0.0000 -0.9239
vn -0.1594 0.9091 0.3849
vn -0.1594 0.9091 -0.3849
vn 0.3849 0.9091 0.1594
vn -0.3849 0.9091 0.1594
vn 0.3849 0.9091 -0.1594
vn 0.1594 0.9091 0.3849
vn -0.3849 0.9091 -0.1594
vn 0.0001 -1.0000 -0.0000
vn -0.0001 -1.0000 -0.0000
vn 0.1594 0.9091 -0.3849
vn 0.2706 0.7071 0.6533
vn -0.2706 0.7071 0.6533
vn 0.2706 0.7071 -0.6533
vn 0.6533 0.7071 -0.2706
vn -0.6533 0.7071 0.2706
vn -0.6533 0.7071 -0.2706
vn 0.6533 0.7071 0.2706
vn -0.2706 0.7071 -0.6533
vn -0.9193 0.3936 -0.0000
vn -0.9247 0.3807 0.0016
vn -1.0000 0.0007 0.0035
vn -0.9247 0.3807 -0.0016
vn -1.0000 0.0007 -0.0035
vn -1.0000 -0.0095 -0.0000
vn -0.7405 0.6721 -0.0000
vn -0.4919 0.6314 0.5995
vn -0.6343 -0.0000 0.7731
vn 0.0003 0.6382 0.7698
vn -0.0049 -0.0000 1.0000
vn 0.9505 -0.0000 0.3108
vn -0.0000 0.6474 0.7622
vn 0.9224 0.2485 0.2958
vn -0.9224 0.2485 0.2958
vn -0.9505 -0.0000 0.3108
vn -0.0003 0.6382 0.7698
vn 0.6343 -0.0000 0.7731
vn 1.0000 0.0007 -0.0035
vn 1.0000 -0.0095 -0.0000
vn 0.7405 0.6721 -0.0000
vn 0.6709 -0.0000 0.7415
vn -0.0008 -0.0000 1.0000
vn -0.9539 -0.0000 0.3001
vn 0.9539 -0.0000 0.3001
vn 0.8587 -0.4136 0.3026
vn -0.0000 0.6515 0.7587
vn -0.8587 -0.4136 0.3026
vn -0.0005 0.7330 0.6802
vn 0.3144 0.8468 0.4291
vn 0.5918 0.8061 -0.0000
vn -0.0000 0.7237 -0.6901
vn -0.5918 0.8061 -0.0000
vn -0.6709 -0.0000 0.7415
vn 0.6343 -0.0000 -0.7731
vn -0.0008 -0.0000 -1.0000
vn -0.9539 -0.0000 -0.3001
vn 0.9539 -0.0000 -0.3001
vn 0.0008 -0.0000 -1.0000
vn -0.6343 -0.0000 -0.7731
vn 0.4919 0.6314 0.5995
vn 0.0008 -0.0000 1.0000
vn -0.3144 0.8468 0.4291
vn 0.0005 0.7330 0.6802
vn -0.7822 0.1854 -0.5948
vn 0.8739 -0.4861 -0.0000
vn 0.7405 -0.6721 -0.0000
vn -0.0000 0.6347 -0.7728
vn -0.4841 0.4394 -0.7567
vn -0.4841 0.4394 0.7567
vn 0.4841 0.4394 -0.7567
vn 0.4841 0.4394 0.7567
vn -0.0000 0.6347 0.7728
vn 0.7404 -0.6721 -0.0000
vn -0.7822 0.1854 0.5948
vn 0.7822 0.1854 0.5948
vn -0.8739 -0.4861 -0.0000
vn -0.7404 -0.6721 -0.0000
vn 1.0000 0.0007 0.0035
vn 0.4919 0.6314 -0.5995
vn -0.0003 0.6382 -0.7698
vn -0.9505 -0.0000 -0.3108
vn 0.0049 -0.0000 -1.0000
vn 0.9505 -0.0000 -0.3108
vn -0.0000 0.6474 -0.7622
vn 0.9224 0.2485 -0.2958
vn -0.9224 0.2485 -0.2958
vn 0.0003 0.6382 -0.7698
vn -0.4919 0.6314 -0.5995
vn -0.0049 -0.0000 -1.0000
vn -0.0023 0.2887 -0.9574
vn -0.5978 0.3344 -0.7286
vn -0.0000 0.2685 -0.9633
vn -0.9014 0.3170 -0.2948
vn 0.0023 0.2887 -0.9574
vn 0.9247 0.3807 0.0016
vn 0.5978 0.3344 -0.7286
vn 0.9193 0.3935 -0.0000
vn 0.9247 0.3807 -0.0016
vn 0.5978 0.3344 0.7286
vn 0.0023 0.2887 0.9574
vn 0.0049 -0.0000 1.0000
vn -0.9014 0.3170 0.2948
vn -0.0000 0.2685 0.9633
vn 0.9014 0.3170 0.2948
vn -0.0023 0.2887 0.9574
vn -0.5978 0.3344 0.7286
vn 0.9014 0.3170 -0.2948
vn -0.6709 -0.0000 -0.7415
vn -0.6343 -0.0000 -0.7730
vn -0.3144 0.8468 -0.4291
vn -0.0000 0.7237 0.6901
vn 0.6709 -0.0000 -0.7415
vn 0.6343 -0.0000 -0.7730
vn 0.3144 0.8468 -0.4291
vn -0.0005 0.7330 -0.6802
vn -0.8587 -0.4136 -0.3026
vn -0.0000 0.6515 -0.7587
vn 0.8587 -0.4136 -0.3026
vn 0.0005 0.7330 -0.6802
vn 0.7404 0.6721 -0.0000
vn 0.7822 0.1854 -0.5948
vn 0.9193 0.3936 -0.0000
vn -0.7405 -0.6721 -0.0000
vn -0.9193 0.3935 -0.0000
vn 0.6343 -0.0000 0.7730
vn -0.7404 0.6721 -0.0000
vt 0.440408 0.180498
vt 0.593545 0.180498
vt 0.432823 0.416667
vt 0.601131 0.416667
vt 0.601131 0.474265
vt 0.432823 0.474265
vt 0.607246 0.775735
vt 0.602775 0.775735
vt 0.602775 0.704963
vt 0.607246 0.704963
vt 0.593545 0.558868
vt 0.593545 0.569502
vt 0.607246 0.916667
vt 0.602775 0.916667
vt 0.602885 0.916667
vt 0.601131 0.916667
vt 0.432823 0.916667
vt 0.602775 0.083333
vt 0.607246 0.083333
vt 0.602885 0.083333
vt 0.607246 0.333333
vt 0.625000 0.333333
vt 0.428643 0.166667
vt 0.375000 0.166667
vt 0.375000 0.083333
vt 0.208333 0.583333
vt 0.208333 0.666667
vt 0.375000 0.583333
vt 0.428643 0.583333
vt 0.602775 0.333333
vt 0.602885 0.333333
vt 0.428643 0.833333
vt 0.428643 0.886630
vt 0.428643 0.916667
vt 0.375000 0.916667
vt 0.375000 0.833333
vt 0.607246 0.666667
vt 0.602775 0.666667
vt 0.602885 0.666667
vt 0.607246 0.166667
vt 0.602775 0.166667
vt 0.602885 0.166667
vt 0.607246 0.545037
vt 0.602775 0.545037
vt 0.602775 0.474265
vt 0.607246 0.474265
vt 0.607246 0.583333
vt 0.641908 0.583333
vt 0.432823 0.000000
vt 0.601131 0.000000
vt 0.601131 0.045037
vt 0.432823 0.045037
vt 0.375000 0.666667
vt 0.291667 0.666667
vt 0.291667 0.583333
vt 0.375000 0.275735
vt 0.428643 0.275735
vt 0.428643 0.333333
vt 0.375000 0.333333
vt 0.125000 0.666667
vt 0.208333 0.750000
vt 0.150735 0.750000
vt 0.125000 0.704963
vt 0.602775 0.045037
vt 0.607246 0.045037
vt 0.602775 0.083333
vt 0.291667 0.500000
vt 0.349265 0.500000
vt 0.375000 0.545037
vt 0.375000 0.416667
vt 0.428643 0.416667
vt 0.428643 0.474265
vt 0.375000 0.474265
vt 0.125000 0.545037
vt 0.150735 0.500000
vt 0.208333 0.500000
vt 0.125000 0.583333
vt 0.625000 0.166667
vt 0.375000 0.704963
vt 0.349265 0.750000
vt 0.291667 0.750000
vt 0.602775 0.583333
vt 0.602885 0.583333
vt 0.593545 0.069502
vt 0.440408 0.069502
vt 0.601131 0.545037
vt 0.432823 0.545037
vt 0.601131 0.474265
vt 0.601131 0.275735
vt 0.432823 0.275735
vt 0.432823 0.204963
vt 0.601131 0.204963
vt 0.601131 0.775735
vt 0.432823 0.775735
vt 0.432823 0.704963
vt 0.601131 0.704963
vt 0.607246 0.275735
vt 0.602775 0.275735
vt 0.602775 0.204963
vt 0.607246 0.204963
vt 0.375000 0.204963
vt 0.428643 0.204963
vt 0.428643 0.775735
vt 0.375000 0.775735
vt 0.428643 0.704963
vt 0.428643 0.545037
vt 0.593545 0.058868
vt 0.607246 0.974265
vt 0.602775 0.974265
vt 0.432823 0.275735
vt 0.601131 0.333333
vt 0.432823 0.333333
vt 0.791667 0.529590
vt 0.791667 0.546400
vt 0.791667 0.545277
vt 0.625000 0.008667
vt 0.625000 0.036370
vt 0.607246 0.000000
vt 0.625000 0.218582
vt 0.625000 0.262116
vt 0.625000 0.487884
vt 0.625000 0.531418
vt 0.625000 0.718582
vt 0.625000 0.762116
vt 0.625000 0.057294
vt 0.625000 0.083333
vt 0.625000 0.916667
vt 0.625000 0.967261
vt 0.625000 0.282739
vt 0.625000 0.192706
vt 0.641909 0.666667
vt 0.641908 0.692706
vt 0.607246 0.833333
vt 0.625000 0.782739
vt 0.625000 0.833333
vt 0.641908 0.557293
vt 0.607246 0.416667
vt 0.625000 0.416667
vt 0.625000 0.467261
vt 0.858091 0.666667
vt 0.848484 0.666667
vt 0.849268 0.666667
vt 0.602775 0.833333
vt 0.602885 0.833333
vt 0.602775 0.000000
vt 0.601131 0.166667
vt 0.432823 0.166667
vt 0.601131 0.166667
vt 0.428643 0.974265
vt 0.375000 0.974265
vt 0.432823 0.416667
vt 0.432823 0.083333
vt 0.601131 0.083333
vt 0.601131 0.083333
vt 0.432823 0.583333
vt 0.601131 0.583333
vt 0.601131 0.666667
vt 0.432823 0.666667
vt 0.766963 0.539768
vt 0.733042 0.539768
vt 0.736227 0.529590
vt 0.763773 0.529590
vt 0.375000 0.000000
vt 0.428643 0.000000
vt 0.428643 0.045037
vt 0.375000 0.045037
vt 0.432823 0.833333
vt 0.601131 0.833333
vt 0.432823 0.833333
vt 0.428643 0.083333
vt 0.602885 0.833333
vt 0.607246 0.860448
vt 0.602885 0.860448
vt 0.843440 0.673509
vt 0.836169 0.690931
vt 0.602885 0.083333
vt 0.607246 0.107472
vt 0.602885 0.107472
vt 0.714056 0.666667
vt 0.663444 0.666667
vt 0.602885 0.583333
vt 0.607246 0.607472
vt 0.602885 0.607472
vt 0.656453 0.583333
vt 0.663444 0.583333
vt 0.449872 0.145988
vt 0.584081 0.145988
vt 0.584081 0.163206
vt 0.449872 0.163206
vt 0.449872 0.645989
vt 0.584081 0.645988
vt 0.584081 0.663206
vt 0.449872 0.663206
vt 0.597232 0.357638
vt 0.436721 0.357638
vt 0.597232 0.413857
vt 0.436721 0.413857
vt 0.602884 0.361227
vt 0.607246 0.361227
vt 0.607246 0.388773
vt 0.602885 0.388773
vt 0.602885 0.861227
vt 0.607246 0.861227
vt 0.607246 0.888773
vt 0.602885 0.888773
vt 0.602885 0.111319
vt 0.607246 0.111319
vt 0.607246 0.138681
vt 0.602885 0.138681
vt 0.602885 0.611319
vt 0.607246 0.611319
vt 0.607246 0.638681
vt 0.602885 0.638681
vt 0.656453 0.666667
vt 0.602885 0.333333
vt 0.607246 0.360448
vt 0.602885 0.360448
vt 0.428643 0.666667
vt 0.428643 0.545037
vt 0.651516 0.583333
vt 0.650730 0.583333
vt 0.602775 0.166667
vt 0.428643 0.704963
vt 0.428643 0.045037
vt 0.601131 0.974265
vt 0.432823 0.974265
vt 0.708333 0.720410
vt 0.708333 0.703599
vt 0.708333 0.704721
vt 0.602775 0.416667
vt 0.602885 0.416667
vt 0.852369 0.642528
vt 0.852369 0.645241
vt 0.647631 0.611319
vt 0.647631 0.607472
vt 0.647631 0.604759
vt 0.656453 0.583333
vt 0.708333 0.583333
vt 0.708333 0.666667
vt 0.656453 0.645241
vt 0.647631 0.645241
vt 0.647631 0.642528
vt 0.647631 0.638681
vt 0.641909 0.583333
vt 0.641909 0.607472
vt 0.625000 0.107472
vt 0.449872 0.586794
vt 0.584081 0.586794
vt 0.584081 0.604012
vt 0.449872 0.604011
vt 0.449872 0.086794
vt 0.584081 0.086794
vt 0.584081 0.104012
vt 0.449872 0.104012
vt 0.432823 0.638681
vt 0.484800 0.638681
vt 0.549154 0.638681
vt 0.601131 0.638681
vt 0.661718 0.703598
vt 0.602885 0.142528
vt 0.607246 0.142528
vt 0.602885 0.166667
vt 0.625000 0.111319
vt 0.625000 0.138681
vt 0.641909 0.638681
vt 0.641909 0.611319
vt 0.764441 0.723383
vt 0.703473 0.810260
vt 0.852369 0.604759
vt 0.852369 0.607472
vt 0.602885 0.642528
vt 0.607246 0.642528
vt 0.649791 0.669685
vt 0.649790 0.686993
vt 0.643633 0.691456
vt 0.643633 0.669685
vt 0.793392 0.706620
vt 0.838996 0.706617
vt 0.856367 0.558544
vt 0.856367 0.580315
vt 0.850210 0.686993
vt 0.850209 0.669685
vt 0.793392 0.532609
vt 0.841546 0.532609
vt 0.661004 0.706617
vt 0.841546 0.717391
vt 0.793392 0.717391
vt 0.661718 0.546402
vt 0.708333 0.546399
vt 0.708333 0.546399
vt 0.838282 0.546402
vt 0.848485 0.564257
vt 0.848484 0.564257
vt 0.661004 0.543383
vt 0.649790 0.563007
vt 0.651516 0.564256
vt 0.651515 0.564257
vt 0.000000 0.000000
vt 0.848485 0.685743
vt 0.838282 0.703598
vt 0.791667 0.704730
vt 0.791667 0.703601
vt 0.791667 0.720410
vt 0.849275 0.583333
vt 0.848485 0.583333
vt 0.858091 0.583333
vt 0.708333 0.545276
vt 0.708333 0.529590
vt 0.856367 0.669685
vt 0.856367 0.691456
vt 0.765337 0.713010
vt 0.760573 0.725095
vt 0.850209 0.563007
vt 0.838996 0.543383
vt 0.852369 0.638681
vt 0.852369 0.611319
vt 0.858091 0.611319
vt 0.858091 0.638681
vt 0.650730 0.583333
vt 0.651515 0.685743
vt 0.651517 0.685745
vt 0.650730 0.666667
vt 0.651516 0.666667
vt 0.650730 0.666667
vt 0.836556 0.583333
vt 0.843548 0.583333
vt 0.843634 0.659359
vt 0.766963 0.539768
vt 0.732307 0.710232
vt 0.711579 0.710231
vt 0.625000 0.860448
vt 0.607246 0.860448
vt 0.625000 0.889552
vt 0.607246 0.889552
vt 0.625000 0.360448
vt 0.607246 0.360448
vt 0.436721 0.392362
vt 0.521324 0.888224
vt 0.521324 0.875549
vt 0.597232 0.336143
vt 0.596783 0.888224
vt 0.602885 0.889552
vt 0.607246 0.889552
vt 0.602885 0.916667
vt 0.625000 0.861227
vt 0.625000 0.888773
vt 0.607246 0.888773
vt 0.602885 0.389552
vt 0.607246 0.389552
vt 0.602885 0.416667
vt 0.625000 0.361227
vt 0.625000 0.388773
vt 0.843550 0.604759
vt 0.714056 0.583333
vt 0.711073 0.694544
vt 0.711074 0.555454
vt 0.711579 0.539768
vt 0.785944 0.583333
vt 0.641908 0.666667
vt 0.641908 0.642528
vt 0.625000 0.389552
vt 0.607246 0.389552
vt 0.625000 0.142528
vt 0.708333 0.529590
vt 0.852369 0.642528
vt 0.858091 0.642528
vt 0.641908 0.607472
vt 0.661073 0.583333
vt 0.788925 0.555455
vt 0.788419 0.539768
vt 0.849271 0.583333
vt 0.849271 0.583333
vt 0.838927 0.583333
vt 0.661073 0.666667
vt 0.732306 0.539768
vt 0.732306 0.539768
vt 0.767698 0.539768
vt 0.764552 0.529590
vt 0.766962 0.710232
vt 0.733042 0.710232
vt 0.766962 0.710232
vt 0.735448 0.720410
vt 0.708333 0.720410
vt 0.791667 0.583333
vt 0.791667 0.666667
vt 0.767698 0.539768
vt 0.735448 0.529590
vt 0.763773 0.720410
vt 0.736227 0.720410
vt 0.858091 0.607472
vt 0.858092 0.692706
vt 0.842261 0.720410
vt 0.842261 0.529590
vt 0.858091 0.557293
vt 0.658454 0.532609
vt 0.643633 0.558544
vt 0.657739 0.529590
vt 0.658454 0.717391
vt 0.657739 0.720410
vt 0.706608 0.717391
vt 0.643633 0.580315
vt 0.706608 0.532609
vt 0.706608 0.543381
vt 0.649791 0.580315
vt 0.706608 0.706618
vt 0.793392 0.543382
vt 0.850210 0.580315
vt 0.549154 0.611319
vt 0.601131 0.611319
vt 0.601131 0.607472
vt 0.601131 0.138681
vt 0.601131 0.111319
vt 0.432823 0.611319
vt 0.432823 0.607472
vt 0.432823 0.111319
vt 0.432823 0.138681
vt 0.432823 0.704963
vt 0.432823 0.107472
vt 0.432823 0.204963
vt 0.432823 0.888773
vt 0.601131 0.888773
vt 0.601131 0.889552
vt 0.432823 0.889552
vt 0.432823 0.860448
vt 0.601131 0.860448
vt 0.601131 0.861227
vt 0.432823 0.861227
vt 0.432823 0.388773
vt 0.601131 0.388773
vt 0.601131 0.389552
vt 0.432823 0.389552
vt 0.432823 0.360448
vt 0.601131 0.360448
vt 0.601131 0.361227
vt 0.432823 0.361227
vt 0.601131 0.375000
vt 0.601131 0.642528
vt 0.601131 0.875000
vt 0.428643 0.886650
vt 0.432823 0.875000
vt 0.432823 0.142528
vt 0.432823 0.642528
vt 0.432823 0.379734
vt 0.601131 0.142528
vt 0.601131 0.107472
vt 0.484800 0.111319
vt 0.484800 0.138681
vt 0.852369 0.614750
vt 0.852369 0.639096
vt 0.647631 0.610903
vt 0.647631 0.635250
vt 0.733491 0.539768
vt 0.732756 0.710232
vt 0.767249 0.539768
vt 0.768872 0.707453
vt 0.432823 0.375000
vt 0.440408 0.058868
vt 0.440408 0.191132
vt 0.440408 0.680498
vt 0.440408 0.691132
vt 0.440408 0.558868
vt 0.440408 0.569502
vt 0.593545 0.191132
vt 0.593545 0.691132
vt 0.593545 0.680498
vt 0.592674 0.060457
vt 0.592674 0.067913
vt 0.441280 0.060457
vt 0.592674 0.182087
vt 0.592674 0.189543
vt 0.592674 0.689543
vt 0.441280 0.689543
vt 0.441280 0.067913
vt 0.441280 0.182087
vt 0.441280 0.189543
vt 0.441280 0.682087
vt 0.441280 0.560457
vt 0.441280 0.567913
vt 0.592674 0.567913
vt 0.592674 0.560457
vt 0.592674 0.682087
vt 0.436721 0.892362
vt 0.436721 0.913857
vt 0.597232 0.913857
vt 0.597232 0.892362
vt 0.597232 0.392362
vt 0.436721 0.336143
vt 0.436721 0.836143
vt 0.436721 0.857638
vt 0.597232 0.857638
vt 0.597232 0.836143
vt 0.519379 0.912456
vt 0.519379 0.893763
vt 0.519379 0.903109
vt 0.595289 0.837544
vt 0.519379 0.837544
vt 0.516180 0.837544
vt 0.438665 0.837544
vt 0.595289 0.893763
vt 0.516180 0.893763
vt 0.438665 0.893762
vt 0.438665 0.393763
vt 0.438665 0.412456
vt 0.438665 0.912456
vt 0.595289 0.912456
vt 0.595289 0.412456
vt 0.595289 0.393763
vt 0.438665 0.337544
vt 0.438665 0.356237
vt 0.438665 0.856237
vt 0.595289 0.856237
vt 0.595288 0.356237
vt 0.595288 0.337544
vt 0.595289 0.903109
vt 0.516180 0.337544
vt 0.516180 0.356237
vt 0.516180 0.912456
vt 0.519379 0.337544
vt 0.516180 0.412456
vt 0.519379 0.412456
vt 0.560257 0.838593
vt 0.592365 0.838593
vt 0.519379 0.356237
vt 0.516180 0.856237
vt 0.519379 0.856237
vt 0.516180 0.837544
vt 0.516180 0.856237
vt 0.519379 0.393763
vt 0.516180 0.393763
vt 0.516180 0.356237
vt 0.516180 0.337544
vt 0.516180 0.912456
vt 0.516180 0.893763
vt 0.516180 0.412456
vt 0.516180 0.393763
vt 0.522303 0.345841
vt 0.522303 0.338593
vt 0.554411 0.902060
vt 0.522303 0.902060
vt 0.513401 0.409448
vt 0.441444 0.409448
vt 0.513401 0.896771
vt 0.513401 0.909448
vt 0.554411 0.338593
vt 0.557334 0.393763
vt 0.595289 0.403109
vt 0.557334 0.412456
vt 0.595289 0.846891
vt 0.519379 0.403109
vt 0.557334 0.837544
vt 0.595288 0.346891
vt 0.519379 0.346891
vt 0.557334 0.856237
vt 0.557334 0.337544
vt 0.557334 0.356237
vt 0.557334 0.893763
vt 0.519379 0.846891
vt 0.557334 0.912456
vt 0.554411 0.894812
vt 0.522303 0.894812
vt 0.554411 0.402060
vt 0.522303 0.402060
vt 0.554411 0.394812
vt 0.592365 0.411407
vt 0.560257 0.411407
vt 0.522303 0.394812
vt 0.554411 0.845841
vt 0.522303 0.845841
vt 0.592365 0.404159
vt 0.554411 0.838593
vt 0.560257 0.404159
vt 0.557334 0.846891
vt 0.592365 0.847940
vt 0.560257 0.847940
vt 0.592365 0.855188
vt 0.560257 0.855188
vt 0.557334 0.403109
vt 0.557334 0.903109
vt 0.592365 0.904158
vt 0.560257 0.904159
vt 0.592365 0.911407
vt 0.560257 0.911407
vt 0.557334 0.346891
vt 0.592365 0.347940
vt 0.560257 0.347940
vt 0.592365 0.355188
vt 0.560257 0.355188
vt 0.554411 0.347940
vt 0.522303 0.347940
vt 0.554411 0.355188
vt 0.522303 0.355188
vt 0.554411 0.345841
vt 0.592365 0.338593
vt 0.560257 0.338593
vt 0.592365 0.345841
vt 0.560257 0.345841
vt 0.554411 0.904158
vt 0.522303 0.904159
vt 0.554411 0.911407
vt 0.522303 0.911407
vt 0.592365 0.894812
vt 0.560257 0.894812
vt 0.592365 0.902060
vt 0.560257 0.902060
vt 0.554411 0.404159
vt 0.522303 0.404159
vt 0.554411 0.411407
vt 0.522303 0.411407
vt 0.592365 0.394812
vt 0.560257 0.394812
vt 0.592365 0.402060
vt 0.560257 0.402060
vt 0.554411 0.847940
vt 0.522303 0.847940
vt 0.554411 0.855188
vt 0.522303 0.855188
vt 0.522303 0.838593
vt 0.592365 0.845841
vt 0.560257 0.845841
vt 0.597552 0.374548
vt 0.436401 0.374548
vt 0.596783 0.875549
vt 0.521324 0.375549
vt 0.596783 0.375549
vt 0.596783 0.388224
vt 0.521324 0.388224
vt 0.522550 0.888069
vt 0.522550 0.875704
vt 0.595557 0.888069
vt 0.595557 0.875704
vt 0.595557 0.375704
vt 0.522550 0.375704
vt 0.595557 0.388069
vt 0.522551 0.388069
vt 0.525512 0.876078
vt 0.592595 0.876078
vt 0.592595 0.387695
vt 0.525512 0.387695
vt 0.592595 0.887695
vt 0.525512 0.887695
vt 0.592595 0.376078
vt 0.525512 0.376078
vt 0.590888 0.387479
vt 0.527219 0.387479
vt 0.590888 0.876293
vt 0.590888 0.887480
vt 0.527219 0.876293
vt 0.527219 0.887479
vt 0.590888 0.376293
vt 0.527219 0.376293
vt 0.436401 0.361679
vt 0.597552 0.861679
vt 0.436401 0.861679
vt 0.597552 0.874548
vt 0.597552 0.361679
vt 0.436401 0.874548
vt 0.547913 0.362071
vt 0.547913 0.374157
vt 0.544146 0.374157
vt 0.544146 0.362071
vt 0.439502 0.374157
vt 0.451070 0.374157
vt 0.466672 0.374157
vt 0.470438 0.374157
vt 0.486040 0.374157
vt 0.489807 0.374157
vt 0.505409 0.374157
vt 0.509175 0.374157
vt 0.524778 0.374157
vt 0.528544 0.374157
vt 0.544146 0.374157
vt 0.547913 0.374157
vt 0.563515 0.374157
vt 0.567281 0.374157
vt 0.582884 0.374157
vt 0.594451 0.374157
vt 0.594451 0.362071
vt 0.528544 0.862071
vt 0.528544 0.874157
vt 0.524778 0.874157
vt 0.524778 0.862071
vt 0.439502 0.362071
vt 0.439502 0.874157
vt 0.451070 0.874157
vt 0.466672 0.874157
vt 0.470438 0.874157
vt 0.486041 0.874157
vt 0.489807 0.874157
vt 0.505409 0.874157
vt 0.509176 0.874157
vt 0.544147 0.874157
vt 0.547913 0.874157
vt 0.563515 0.874157
vt 0.567282 0.874157
vt 0.582884 0.874157
vt 0.594451 0.874157
vt 0.594451 0.862071
vt 0.489807 0.362071
vt 0.486040 0.362071
vt 0.439502 0.862071
vt 0.547913 0.862071
vt 0.547913 0.874157
vt 0.544146 0.874157
vt 0.544147 0.862071
vt 0.567281 0.362071
vt 0.567281 0.374157
vt 0.563515 0.374157
vt 0.563515 0.362071
vt 0.470438 0.862071
vt 0.466672 0.862071
vt 0.470438 0.362071
vt 0.470438 0.374157
vt 0.466672 0.362071
vt 0.489807 0.862071
vt 0.486041 0.862071
vt 0.451070 0.362071
vt 0.451070 0.374157
vt 0.582884 0.362071
vt 0.509176 0.862071
vt 0.505409 0.862071
vt 0.567282 0.862071
vt 0.567282 0.874157
vt 0.563515 0.874157
vt 0.563515 0.862071
vt 0.451070 0.862071
vt 0.451070 0.874157
vt 0.509175 0.362071
vt 0.505409 0.362071
vt 0.563515 0.362071
vt 0.528544 0.362071
vt 0.524778 0.362071
vt 0.470438 0.362071
vt 0.582884 0.862071
vt 0.563515 0.862071
vt 0.544146 0.862071
vt 0.451070 0.862071
vt 0.441444 0.896771
vt 0.441444 0.909448
vt 0.513401 0.396771
vt 0.441444 0.396771
vt 0.440674 0.144121
vt 0.440674 0.165073
vt 0.440674 0.644121
vt 0.440674 0.665073
vt 0.593279 0.165073
vt 0.593279 0.144121
vt 0.593279 0.665073
vt 0.593279 0.644121
vt 0.440674 0.084927
vt 0.440674 0.105879
vt 0.440674 0.584927
vt 0.440674 0.605879
vt 0.593280 0.105879
vt 0.593280 0.084927
vt 0.593280 0.605879
vt 0.593280 0.584927
vt 0.448459 0.604389
vt 0.583020 0.604389
vt 0.588495 0.644499
vt 0.583020 0.645610
vt 0.588495 0.605501
vt 0.442088 0.605501
vt 0.448010 0.587009
vt 0.588495 0.144499
vt 0.583020 0.145611
vt 0.442536 0.585898
vt 0.448010 0.087009
vt 0.448458 0.104389
vt 0.448010 0.662991
vt 0.442536 0.664102
vt 0.442088 0.144499
vt 0.442536 0.164102
vt 0.442088 0.644499
vt 0.442536 0.085898
vt 0.442088 0.105501
vt 0.588495 0.105501
vt 0.448010 0.162991
vt 0.448458 0.145611
vt 0.448458 0.645611
vt 0.583020 0.104389
vt 0.549154 0.138681
vt 0.549154 0.111319
vt 0.484800 0.611319
vt 0.062500 0.500000
vt 0.062500 0.840953
vt 0.000000 0.840953
vt 0.000000 0.500000
vt 0.875000 0.500000
vt 0.875000 0.840953
vt 0.812500 0.840953
vt 0.812500 0.500000
vt 0.750000 0.840953
vt 0.750000 0.500000
vt 0.687500 0.840953
vt 0.687500 0.500000
vt 0.625000 0.840953
vt 0.625000 0.500000
vt 0.562500 0.840953
vt 0.562500 0.500000
vt 0.500000 0.840953
vt 0.500000 0.500000
vt 0.437500 0.840953
vt 0.437500 0.500000
vt 0.375000 0.840953
vt 0.375000 0.500000
vt 0.312500 0.840953
vt 0.312500 0.500000
vt 0.250000 0.840953
vt 0.250000 0.500000
vt 0.187500 0.840953
vt 0.187500 0.500000
vt 0.125000 0.840953
vt 0.125000 0.500000
vt 1.000000 0.500000
vt 1.000000 0.840953
vt 0.937500 0.840953
vt 0.937500 0.500000
vt 0.750000 0.490000
vt 0.841844 0.471731
vt 0.919706 0.419706
vt 0.971731 0.341844
vt 0.990000 0.250000
vt 0.971731 0.158156
vt 0.919706 0.080294
vt 0.841844 0.028269
vt 0.750000 0.010000
vt 0.658156 0.028269
vt 0.580294 0.080294
vt 0.528269 0.158156
vt 0.510000 0.250000
vt 0.528269 0.341844
vt 0.580294 0.419706
vt 0.658156 0.471731
vt 0.341844 0.471731
vt 0.250000 0.490000
vt 0.250000 0.474443
vt 0.335891 0.457358
vt 0.419706 0.419706
vt 0.408705 0.408705
vt 0.471731 0.341844
vt 0.457358 0.335891
vt 0.490000 0.250000
vt 0.474443 0.250000
vt 0.471731 0.158156
vt 0.457358 0.164109
vt 0.419706 0.080294
vt 0.408705 0.091295
vt 0.341844 0.028269
vt 0.335891 0.042642
vt 0.250000 0.010000
vt 0.250000 0.025557
vt 0.158156 0.028269
vt 0.164109 0.042642
vt 0.080294 0.080294
vt 0.091295 0.091295
vt 0.028269 0.158156
vt 0.042642 0.164109
vt 0.010000 0.250000
vt 0.025557 0.250000
vt 0.028269 0.341844
vt 0.042642 0.335891
vt 0.080294 0.419706
vt 0.091295 0.408705
vt 0.158156 0.471731
vt 0.164109 0.457358
vt 0.451846 0.250000
vt 0.436482 0.327243
vt 0.171069 0.440555
vt 0.250000 0.456256
vt 0.453285 0.165797
vt 0.470034 0.250000
vt 0.328931 0.440555
vt 0.395845 0.395845
vt 0.104155 0.395845
vt 0.453285 0.334203
vt 0.059445 0.328931
vt 0.405587 0.405587
vt 0.250000 0.470034
vt 0.165797 0.453285
vt 0.043744 0.250000
vt 0.334203 0.453285
vt 0.094413 0.405587
vt 0.059445 0.171069
vt 0.046715 0.334203
vt 0.104155 0.104155
vt 0.172757 0.063518
vt 0.250000 0.048153
vt 0.048153 0.250000
vt 0.063518 0.172757
vt 0.436482 0.172757
vt 0.063518 0.327243
vt 0.392727 0.107273
vt 0.107273 0.392727
vt 0.327243 0.063518
vt 0.172757 0.436482
vt 0.327243 0.436482
vt 0.250000 0.451846
vt 0.392727 0.392727
vt 0.107273 0.107273
vt 0.250000 0.440855
vt 0.323037 0.426327
vt 0.384955 0.384955
vt 0.426327 0.323037
vt 0.440855 0.250000
vt 0.426327 0.176963
vt 0.384955 0.115045
vt 0.323037 0.073673
vt 0.250000 0.059145
vt 0.176963 0.073673
vt 0.115045 0.115045
vt 0.073673 0.176963
vt 0.059145 0.250000
vt 0.073673 0.323037
vt 0.115045 0.384955
vt 0.176963 0.426327
vt 0.122671 0.122671
vt 0.181090 0.083637
vt 0.250000 0.430070
vt 0.318910 0.416363
vt 0.377329 0.377329
vt 0.416363 0.318910
vt 0.430070 0.250000
vt 0.416363 0.181090
vt 0.377329 0.122671
vt 0.318910 0.083637
vt 0.250000 0.069930
vt 0.083637 0.181090
vt 0.069930 0.250000
vt 0.083637 0.318910
vt 0.122671 0.377329
vt 0.181090 0.416363
vt 0.186542 0.403202
vt 0.132744 0.367256
vt 0.250000 0.415825
vt 0.313458 0.403202
vt 0.367256 0.367256
vt 0.403202 0.313458
vt 0.415825 0.250000
vt 0.403202 0.186542
vt 0.367256 0.132744
vt 0.313458 0.096798
vt 0.250000 0.084175
vt 0.186542 0.096798
vt 0.132744 0.132744
vt 0.096798 0.186542
vt 0.084175 0.250000
vt 0.096798 0.313458
vt 0.354637 0.354637
vt 0.306629 0.386714
vt 0.306629 0.386714
vt 0.354637 0.354637
vt 0.250000 0.397979
vt 0.386714 0.306629
vt 0.397979 0.250000
vt 0.386714 0.193371
vt 0.354637 0.145363
vt 0.306629 0.113286
vt 0.250000 0.102021
vt 0.193371 0.113285
vt 0.145363 0.145363
vt 0.113286 0.193371
vt 0.102021 0.250000
vt 0.113286 0.306629
vt 0.145363 0.354637
vt 0.193371 0.386714
vt 0.205327 0.357850
vt 0.167455 0.332545
vt 0.386714 0.306629
vt 0.113286 0.193371
vt 0.397979 0.250000
vt 0.354637 0.145363
vt 0.250000 0.102021
vt 0.250000 0.397979
vt 0.250000 0.366736
vt 0.294673 0.357850
vt 0.332545 0.332545
vt 0.357850 0.294673
vt 0.366736 0.250000
vt 0.357850 0.205327
vt 0.332545 0.167455
vt 0.294673 0.142150
vt 0.250000 0.133264
vt 0.205327 0.142150
vt 0.167455 0.167455
vt 0.142150 0.205327
vt 0.133264 0.250000
vt 0.142150 0.294673
vt 0.250000 0.346504
vt 0.213069 0.339158
vt 0.145363 0.145363
vt 0.306629 0.386714
vt 0.193371 0.386714
vt 0.145363 0.354637
vt 0.102021 0.250000
vt 0.113286 0.193371
vt 0.193371 0.113285
vt 0.250000 0.102021
vt 0.306629 0.113286
vt 0.304248 0.262797
vt 0.287645 0.287645
vt 0.405587 0.094413
vt 0.334203 0.046715
vt 0.250000 0.029966
vt 0.165797 0.046715
vt 0.094413 0.094413
vt 0.046715 0.165797
vt 0.029966 0.250000
vt 0.440555 0.328931
vt 0.456256 0.250000
vt 0.440556 0.171069
vt 0.395845 0.104155
vt 0.328931 0.059445
vt 0.250000 0.043744
vt 0.171069 0.059445
vt 0.250000 0.346697
vt 0.212996 0.339337
vt 0.233486 0.310078
vt 0.204176 0.304248
vt 0.262797 0.304248
vt 0.304248 0.204176
vt 0.310078 0.233486
vt 0.162725 0.204176
vt 0.179328 0.179328
vt 0.287645 0.179328
vt 0.339337 0.287004
vt 0.318375 0.318375
vt 0.262797 0.162725
vt 0.318375 0.181625
vt 0.339337 0.212995
vt 0.204176 0.162725
vt 0.233487 0.156895
vt 0.250000 0.153303
vt 0.287004 0.160663
vt 0.179328 0.287645
vt 0.162725 0.262797
vt 0.156895 0.233487
vt 0.153303 0.250000
vt 0.160663 0.212996
vt 0.181625 0.318375
vt 0.160663 0.287004
vt 0.181625 0.318375
vt 0.153303 0.250000
vt 0.181625 0.181625
vt 0.181625 0.181625
vt 0.212996 0.160663
vt 0.250000 0.153303
vt 0.318375 0.181625
vt 0.346697 0.250000
vt 0.287004 0.339337
vt 0.287004 0.339337
vt 0.250000 0.346697
vt 0.181761 0.181761
vt 0.213069 0.160842
vt 0.181761 0.318239
vt 0.250000 0.346504
vt 0.213069 0.339158
vt 0.286931 0.339158
vt 0.286930 0.339158
vt 0.318239 0.318239
vt 0.339158 0.286931
vt 0.160842 0.286930
vt 0.346504 0.250000
vt 0.153496 0.250000
vt 0.339158 0.213069
vt 0.160842 0.213069
vt 0.318239 0.181761
vt 0.181761 0.181761
vt 0.286930 0.160842
vt 0.213069 0.160842
vt 0.250000 0.153496
vt 0.250000 0.153496
vt 0.213069 0.160842
vt 0.286931 0.160842
vt 0.181761 0.181761
vt 0.318239 0.181761
vt 0.160842 0.213069
vt 0.339158 0.213069
vt 0.250000 0.153496
vt 0.341898 0.226844
vt 0.341901 0.226859
vt 0.158102 0.273155
vt 0.158102 0.273159
vt 0.160842 0.286930
vt 0.153496 0.250000
vt 0.346504 0.250000
vt 0.339158 0.286931
vt 0.318239 0.318239
vt 0.213069 0.339158
vt 0.286930 0.339158
vt 0.250000 0.346504
vt 0.286930 0.339158
vt 0.213070 0.339158
vt 0.181761 0.318239
vt 0.160842 0.286930
vt 0.341898 0.273159
vt 0.341898 0.273155
vt 0.158102 0.273156
vt 0.318239 0.181761
vt 0.339158 0.213069
vt 0.160842 0.213069
vt 0.286931 0.160842
vt 0.213069 0.160842
vt 0.286930 0.160842
vt 0.181761 0.181761
vt 0.318239 0.181761
vt 0.339158 0.286931
vt 0.346504 0.250000
vt 0.153496 0.250000
vt 0.160842 0.286930
vt 0.181761 0.318239
vt 0.339158 0.213069
vt 0.153496 0.250000
vt 0.346504 0.250000
vt 0.160842 0.213069
vt 0.341898 0.273156
vt 0.158099 0.273141
vt 0.341901 0.273141
vt 0.158102 0.226841
vt 0.158102 0.226844
vt 0.341902 0.226861
vt 0.341898 0.226845
vt 0.158102 0.226844
vt 0.341902 0.273139
vt 0.158099 0.226859
vt 0.339158 0.286931
vt 0.158098 0.226861
vt 0.158098 0.273139
vt 0.286931 0.160842
vt 0.213069 0.160842
vt 0.181761 0.181761
vt 0.160842 0.213069
vt 0.153496 0.250000
vt 0.160842 0.286930
vt 0.181761 0.318239
vt 0.250000 0.346504
vt 0.286930 0.339158
vt 0.158098 0.226861
vt 0.341902 0.273139
vt 0.158102 0.273155
vt 0.158102 0.273159
vt 0.341901 0.226861
vt 0.158102 0.273156
vt 0.341901 0.226859
vt 0.341897 0.226839
vt 0.158099 0.273141
vt 0.318239 0.181761
vt 0.339158 0.213069
vt 0.213069 0.339158
vt 0.286931 0.339158
vt 0.341897 0.273161
vt 0.341901 0.273141
vt 0.158102 0.226841
vt 0.158102 0.226844
vt 0.158103 0.273161
vt 0.158102 0.226843
vt 0.158103 0.226839
vt 0.158099 0.226859
vt 0.213069 0.160842
vt 0.250000 0.346504
vt 0.346504 0.250000
vt 0.339158 0.213069
vt 0.318239 0.181761
vt 0.286930 0.160842
vt 0.181761 0.181761
vt 0.160842 0.213069
vt 0.341897 0.226839
vt 0.181761 0.318239
vt 0.213069 0.339158
vt 0.339158 0.213069
vt 0.341897 0.273161
vt 0.158103 0.273161
vt 0.341898 0.226845
vt 0.341898 0.226841
vt 0.158103 0.226839
vt 0.341898 0.226844
vt 0.339158 0.213069
vt 0.318239 0.181761
vt 0.250000 0.153496
vt 0.181761 0.181761
vt 0.181761 0.318239
vt 0.341898 0.273159
vt 0.341898 0.273155
vt 0.341898 0.273156
vt 0.346504 0.250000
vt 0.341898 0.226841
vt 0.346504 0.250000
vt 0.153496 0.250000
vt 0.153496 0.250000
vt 0.599058 0.010209
vt 0.599058 0.239791
vt 0.477560 0.985262
vt 0.389738 0.985262
vt 0.400942 0.742897
vt 0.400942 0.507103
vt 0.389738 0.264738
vt 0.477560 0.264738
vt 0.375000 0.750000
vt 0.125000 0.750000
vt 0.643383 0.506716
vt 0.856617 0.506716
vt 0.477560 0.764738
vt 0.610584 0.764738
vt 0.400942 0.007103
vt 0.468676 0.007103
vt 0.477560 0.485262
vt 0.389738 0.485262
vt 0.477560 0.997359
vt 0.381377 0.997359
vt 0.390832 0.487904
vt 0.477560 0.487904
vt 0.375000 0.250000
vt 0.390832 0.262096
vt 0.381377 0.252641
vt 0.622913 0.752641
vt 0.622913 0.997359
vt 0.612671 0.487904
vt 0.612671 0.262096
vt 0.389738 0.764738
vt 0.375000 1.000000
vt 0.612671 0.762096
vt 0.477560 0.762096
vt 0.381377 0.752641
vt 0.477560 0.752641
vt 0.477560 0.262096
vt 0.477560 0.497359
vt 0.381377 0.497359
vt 0.394555 0.769546
vt 0.472743 0.769546
vt 0.482269 0.480454
vt 0.482269 0.269546
vt 0.482269 0.375000
vt 0.482269 0.388182
vt 0.482269 0.401364
vt 0.482269 0.414545
vt 0.482269 0.427727
vt 0.482269 0.440909
vt 0.482269 0.454091
vt 0.482269 0.467273
vt 0.482269 0.769546
vt 0.605875 0.769546
vt 0.605875 0.269546
vt 0.610584 0.264738
vt 0.610584 0.485262
vt 0.610584 0.985262
vt 0.605875 0.480454
vt 0.605875 0.980454
vt 0.482269 0.980454
vt 0.472743 0.980454
vt 0.394555 0.980454
vt 0.472743 0.269546
vt 0.394555 0.269546
vt 0.472743 0.480454
vt 0.394555 0.480454
vt 0.548660 0.880800
vt 0.601288 0.880800
vt 0.548660 0.380800
vt 0.601288 0.380800
vt 0.404337 0.470690
vt 0.404337 0.279310
vt 0.462960 0.470690
vt 0.482269 0.875000
vt 0.482269 0.888182
vt 0.482269 0.901363
vt 0.482269 0.914545
vt 0.482269 0.927727
vt 0.482269 0.940909
vt 0.482269 0.954091
vt 0.482269 0.967272
vt 0.605875 0.375000
vt 0.605875 0.875000
vt 0.489994 0.480454
vt 0.497720 0.480454
vt 0.505445 0.480454
vt 0.513170 0.480454
vt 0.520896 0.480454
vt 0.528621 0.480454
vt 0.536347 0.480454
vt 0.544072 0.480454
vt 0.489994 0.980454
vt 0.497720 0.980454
vt 0.505445 0.980454
vt 0.513170 0.980454
vt 0.520896 0.980454
vt 0.528621 0.980454
vt 0.536347 0.980454
vt 0.544072 0.980454
vt 0.875000 0.750000
vt 0.856617 0.743284
vt 0.625000 0.750000
vt 0.643383 0.743284
vt 0.851386 0.741373
vt 0.648614 0.741373
vt 0.851386 0.508627
vt 0.648614 0.508627
vt 0.537145 0.441918
vt 0.543274 0.441918
vt 0.544072 0.369204
vt 0.486853 0.369204
vt 0.536347 0.467272
vt 0.544072 0.467272
vt 0.544072 0.869204
vt 0.486853 0.869204
vt 0.601291 0.275341
vt 0.486853 0.275341
vt 0.601291 0.369204
vt 0.544072 0.375000
vt 0.536347 0.375000
vt 0.528621 0.375000
vt 0.520896 0.375000
vt 0.513170 0.375000
vt 0.505445 0.375000
vt 0.497720 0.375000
vt 0.489994 0.375000
vt 0.601291 0.775341
vt 0.486853 0.775341
vt 0.601291 0.869204
vt 0.544072 0.875000
vt 0.536347 0.875000
vt 0.528621 0.875000
vt 0.520896 0.875000
vt 0.513170 0.875000
vt 0.505445 0.875000
vt 0.497720 0.875000
vt 0.489994 0.875000
vt 0.488427 0.777332
vt 0.599717 0.777332
vt 0.599717 0.367214
vt 0.544072 0.367214
vt 0.599717 0.277332
vt 0.488427 0.277332
vt 0.488427 0.367214
vt 0.599717 0.867214
vt 0.544072 0.867214
vt 0.488427 0.867214
vt 0.625000 1.000000
vt 0.477560 1.000000
vt 0.477560 0.252641
vt 0.477560 0.250000
vt 0.622913 0.497359
vt 0.622913 0.252641
vt 0.625000 0.250000
vt 0.477560 0.500000
vt 0.477560 0.750000
vt 0.612671 0.987903
vt 0.477560 0.987903
vt 0.390832 0.762096
vt 0.390832 0.987903
vt 0.462960 0.779310
vt 0.404337 0.779310
vt 0.404337 0.970690
vt 0.462960 0.970690
vt 0.462960 0.279310
vt 0.411533 0.967788
vt 0.411533 0.782212
vt 0.455765 0.967788
vt 0.455765 0.782212
vt 0.455765 0.282212
vt 0.411533 0.282212
vt 0.411533 0.467788
vt 0.455765 0.467788
vt 0.601288 0.474654
vt 0.601288 0.974654
vt 0.548660 0.974654
vt 0.548660 0.474654
vt 0.544072 0.967272
vt 0.544072 0.954091
vt 0.544072 0.940909
vt 0.544072 0.927727
vt 0.544072 0.914545
vt 0.544072 0.901363
vt 0.544072 0.888182
vt 0.544072 0.454091
vt 0.544072 0.440909
vt 0.544072 0.427727
vt 0.544072 0.414545
vt 0.544072 0.401364
vt 0.544072 0.388182
vt 0.505445 0.467272
vt 0.513170 0.467272
vt 0.505445 0.414545
vt 0.513170 0.414545
vt 0.513170 0.427727
vt 0.505445 0.427727
vt 0.535543 0.955107
vt 0.535543 0.966256
vt 0.543274 0.466263
vt 0.537145 0.466263
vt 0.490798 0.466256
vt 0.490798 0.455107
vt 0.536347 0.914545
vt 0.536347 0.927727
vt 0.520896 0.914545
vt 0.528621 0.914545
vt 0.528621 0.927727
vt 0.520896 0.927727
vt 0.520896 0.888182
vt 0.528621 0.888182
vt 0.528621 0.901363
vt 0.520896 0.901363
vt 0.536347 0.888182
vt 0.536347 0.901363
vt 0.489994 0.914545
vt 0.497720 0.914545
vt 0.497720 0.927727
vt 0.489994 0.927727
vt 0.496916 0.413529
vt 0.490798 0.413529
vt 0.505445 0.888182
vt 0.513170 0.888182
vt 0.513170 0.901363
vt 0.505445 0.901363
vt 0.489994 0.967272
vt 0.497720 0.967272
vt 0.489994 0.940909
vt 0.497720 0.940909
vt 0.497720 0.954091
vt 0.489994 0.954091
vt 0.505445 0.940909
vt 0.513170 0.940909
vt 0.513170 0.954091
vt 0.505445 0.954091
vt 0.520896 0.414545
vt 0.528621 0.414545
vt 0.528621 0.427727
vt 0.520896 0.427727
vt 0.520097 0.428736
vt 0.520097 0.439900
vt 0.536347 0.388182
vt 0.536347 0.401364
vt 0.489994 0.414545
vt 0.497720 0.414545
vt 0.497720 0.427727
vt 0.489994 0.427727
vt 0.489994 0.388182
vt 0.497720 0.388182
vt 0.497720 0.401364
vt 0.489994 0.401364
vt 0.505445 0.388182
vt 0.513170 0.388182
vt 0.513170 0.401364
vt 0.505445 0.401364
vt 0.537145 0.876009
vt 0.543274 0.876009
vt 0.489994 0.440909
vt 0.497720 0.440909
vt 0.497720 0.454091
vt 0.489994 0.454091
vt 0.529425 0.966256
vt 0.529425 0.955107
vt 0.496916 0.455107
vt 0.520896 0.440909
vt 0.528621 0.440909
vt 0.528621 0.454091
vt 0.520896 0.454091
vt 0.543274 0.455100
vt 0.520896 0.967272
vt 0.528621 0.967272
vt 0.520896 0.940909
vt 0.528621 0.940909
vt 0.528621 0.954091
vt 0.520896 0.954091
vt 0.536347 0.940909
vt 0.536347 0.954091
vt 0.513969 0.439900
vt 0.513969 0.428736
vt 0.496921 0.387173
vt 0.490793 0.387172
vt 0.496916 0.402380
vt 0.513170 0.967272
vt 0.543268 0.426711
vt 0.537150 0.426711
vt 0.536347 0.440909
vt 0.536347 0.454091
vt 0.536347 0.427727
vt 0.513170 0.440909
vt 0.513170 0.454091
vt 0.537145 0.455100
vt 0.520896 0.467272
vt 0.528621 0.467272
vt 0.505445 0.440909
vt 0.505445 0.454091
vt 0.496921 0.376009
vt 0.489994 0.467272
vt 0.490798 0.402380
vt 0.543274 0.979445
vt 0.537145 0.979445
vt 0.489190 0.953075
vt 0.483072 0.953075
vt 0.543268 0.415561
vt 0.528621 0.388182
vt 0.528621 0.401364
vt 0.520896 0.388182
vt 0.489190 0.941925
vt 0.520896 0.401364
vt 0.505445 0.927727
vt 0.513170 0.927727
vt 0.537150 0.415561
vt 0.490793 0.376009
vt 0.496921 0.966263
vt 0.490793 0.966263
vt 0.543274 0.968282
vt 0.512367 0.453075
vt 0.506249 0.453075
vt 0.489994 0.888182
vt 0.489994 0.901363
vt 0.497720 0.888182
vt 0.496921 0.955100
vt 0.497720 0.901363
vt 0.537145 0.968282
vt 0.513170 0.914545
vt 0.483072 0.941925
vt 0.505445 0.914545
vt 0.505445 0.967272
vt 0.543268 0.913529
vt 0.537150 0.913529
vt 0.536347 0.414545
vt 0.512367 0.441925
vt 0.496921 0.479445
vt 0.490793 0.479445
vt 0.497720 0.467272
vt 0.490793 0.955100
vt 0.536347 0.967272
vt 0.543268 0.902380
vt 0.489196 0.913536
vt 0.483067 0.913536
vt 0.512367 0.915561
vt 0.506249 0.915561
vt 0.512367 0.926711
vt 0.506249 0.926711
vt 0.496916 0.889198
vt 0.490798 0.889198
vt 0.496916 0.900347
vt 0.490798 0.900347
vt 0.506249 0.441925
vt 0.527818 0.468289
vt 0.521699 0.468289
vt 0.527818 0.479438
vt 0.521699 0.479438
vt 0.520092 0.928743
vt 0.513974 0.928743
vt 0.520092 0.939893
vt 0.513974 0.939893
vt 0.527817 0.955107
vt 0.521699 0.955107
vt 0.527818 0.966256
vt 0.521699 0.966256
vt 0.496916 0.466256
vt 0.504641 0.376016
vt 0.498523 0.376016
vt 0.504641 0.387166
vt 0.498523 0.387166
vt 0.489190 0.402380
vt 0.483072 0.402380
vt 0.489190 0.413529
vt 0.483072 0.413529
vt 0.520092 0.389198
vt 0.513974 0.389198
vt 0.520092 0.400348
vt 0.513974 0.400347
vt 0.520092 0.402380
vt 0.513974 0.402380
vt 0.520092 0.413529
vt 0.513974 0.413529
vt 0.504641 0.876016
vt 0.498523 0.876016
vt 0.504641 0.887166
vt 0.498523 0.887166
vt 0.527817 0.902380
vt 0.521699 0.902380
vt 0.527817 0.913529
vt 0.521699 0.913529
vt 0.537150 0.902380
vt 0.504641 0.955107
vt 0.498523 0.955107
vt 0.504641 0.966256
vt 0.498523 0.966256
vt 0.535543 0.402380
vt 0.529425 0.402380
vt 0.535543 0.413529
vt 0.529425 0.413529
vt 0.535543 0.455107
vt 0.529425 0.455107
vt 0.535543 0.466256
vt 0.529425 0.466256
vt 0.512372 0.968282
vt 0.506243 0.968282
vt 0.512372 0.979445
vt 0.506243 0.979445
vt 0.527823 0.389191
vt 0.521694 0.389191
vt 0.527823 0.400354
vt 0.521694 0.400354
vt 0.496921 0.468282
vt 0.490793 0.468282
vt 0.543274 0.453081
vt 0.537145 0.453081
vt 0.535548 0.928736
vt 0.529419 0.928736
vt 0.535548 0.939900
vt 0.529420 0.939900
vt 0.520097 0.941918
vt 0.513969 0.941918
vt 0.520097 0.953081
vt 0.513969 0.953081
vt 0.489196 0.428737
vt 0.483067 0.428737
vt 0.489196 0.439900
vt 0.483067 0.439900
vt 0.496921 0.428737
vt 0.490793 0.428737
vt 0.496921 0.439900
vt 0.490793 0.439900
vt 0.535548 0.376009
vt 0.529419 0.376009
vt 0.535548 0.387172
vt 0.529419 0.387172
vt 0.496921 0.928736
vt 0.490793 0.928737
vt 0.496921 0.939900
vt 0.490793 0.939900
vt 0.504647 0.889191
vt 0.498518 0.889191
vt 0.504647 0.900354
vt 0.498518 0.900354
vt 0.512372 0.876009
vt 0.506243 0.876009
vt 0.512372 0.887172
vt 0.506243 0.887172
vt 0.489196 0.902373
vt 0.483067 0.902373
vt 0.543274 0.887172
vt 0.537145 0.887172
vt 0.504647 0.402373
vt 0.498518 0.402373
vt 0.504647 0.413536
vt 0.498518 0.413536
vt 0.512372 0.455100
vt 0.506243 0.455100
vt 0.512372 0.466263
vt 0.506243 0.466263
vt 0.543274 0.955100
vt 0.537145 0.955100
vt 0.543274 0.966263
vt 0.537145 0.966263
vt 0.400942 0.242897
vt 0.477560 0.000000
vt 0.625000 0.000000
vt 0.468676 0.241275
vt 0.468676 0.508725
vt 0.599058 0.739791
vt 0.599058 0.510208
vt 0.468676 0.741275
vt 0.542016 0.240441
vt 0.542016 0.509559
vt 0.542016 0.008850
vt 0.542016 0.740441
vt 1.000000 1.000000
vt 0.875000 1.000000
vt 0.750000 1.000000
vt 0.500000 1.000000
vt 0.250000 1.000000
vt 0.125000 1.000000
vt 0.000000 1.000000
vt 0.490406 0.333333
vt 0.490406 0.416667
vt 0.291667 0.583333
vt 0.360962 0.500000
vt 0.375000 0.522562
vt 0.375000 0.583333
vt 0.490406 0.485962
vt 0.375000 0.485962
vt 0.504905 0.418077
vt 0.504905 0.485962
vt 0.504905 0.416344
vt 0.504905 0.333656
vt 0.490406 0.264038
vt 0.504905 0.264038
vt 0.504905 0.331923
vt 0.578434 0.333656
vt 0.578434 0.331923
vt 0.578434 0.264038
vt 0.625000 0.331913
vt 0.625000 0.267338
vt 0.625000 0.235827
vt 0.625000 0.257954
vt 0.578434 0.227438
vt 0.504905 0.227438
vt 0.578434 0.227438
vt 0.578434 0.166667
vt 0.625000 0.166667
vt 0.625000 0.223554
vt 0.504905 0.166667
vt 0.504905 0.227438
vt 0.490406 0.227438
vt 0.490406 0.166667
vt 0.490406 0.227438
vt 0.504905 0.138889
vt 0.490406 0.138889
vt 0.504905 0.111111
vt 0.504905 0.138889
vt 0.490406 0.111111
vt 0.578434 0.111111
vt 0.578434 0.138889
vt 0.625000 0.111111
vt 0.625000 0.138889
vt 0.578434 0.083333
vt 0.504905 0.083333
vt 0.625000 0.026446
vt 0.625000 0.083333
vt 0.578434 0.022562
vt 0.504905 0.022562
vt 0.504905 0.000000
vt 0.504905 0.022562
vt 0.578434 0.000000
vt 0.578434 0.022562
vt 0.504905 0.918077
vt 0.504905 0.985962
vt 0.578434 0.918077
vt 0.578434 0.985962
vt 0.490406 0.022562
vt 0.490406 0.000000
vt 0.490406 0.985962
vt 0.490406 0.916667
vt 0.504905 0.916344
vt 0.578434 0.916344
vt 0.625000 0.918086
vt 0.625000 0.916344
vt 0.625000 0.982662
vt 0.793086 0.512806
vt 0.793087 0.737194
vt 0.802255 0.543645
vt 0.802255 0.706355
vt 0.796657 0.732269
vt 0.856990 0.735001
vt 0.857662 0.737194
vt 0.802859 0.711585
vt 0.854173 0.725812
vt 0.858906 0.718576
vt 0.864753 0.722595
vt 0.859346 0.671831
vt 0.864809 0.667662
vt 0.854701 0.664507
vt 0.863277 0.643825
vt 0.854701 0.585493
vt 0.863277 0.606175
vt 0.864809 0.582338
vt 0.859346 0.578169
vt 0.852654 0.580557
vt 0.858042 0.577174
vt 0.852654 0.669443
vt 0.853501 0.526381
vt 0.857511 0.532384
vt 0.858042 0.672826
vt 0.857511 0.717616
vt 0.853501 0.723619
vt 0.802859 0.538415
vt 0.854173 0.524188
vt 0.796657 0.517731
vt 0.856990 0.514999
vt 0.864753 0.527405
vt 0.858906 0.531424
vt 0.857662 0.512806
vt 0.866148 0.526446
vt 0.866113 0.583333
vt 0.865324 0.611111
vt 0.865324 0.638889
vt 0.866113 0.666667
vt 0.866148 0.723554
vt 0.625000 0.003751
vt 0.625000 0.017391
vt 0.791344 0.737194
vt 0.791344 0.512806
vt 0.625000 0.333656
vt 0.791344 0.583333
vt 0.791667 0.662686
vt 0.625000 0.416344
vt 0.578434 0.416344
vt 0.708656 0.512806
vt 0.708656 0.583333
vt 0.708656 0.666667
vt 0.708656 0.737194
vt 0.708333 0.587314
vt 0.708333 0.611111
vt 0.708333 0.638889
vt 0.708333 0.662686
vt 0.791344 0.583333
vt 0.789492 0.583333
vt 0.787039 0.583333
vt 0.712638 0.583333
vt 0.710911 0.583333
vt 0.708333 0.607040
vt 0.708333 0.642959
vt 0.708333 0.595424
vt 0.710911 0.583333
vt 0.708333 0.602036
vt 0.708333 0.600329
vt 0.708333 0.649671
vt 0.708333 0.647964
vt 0.708333 0.596394
vt 0.710911 0.660070
vt 0.708333 0.653606
vt 0.710911 0.589930
vt 0.791667 0.595424
vt 0.791667 0.596394
vt 0.789089 0.589930
vt 0.789089 0.583333
vt 0.789089 0.660070
vt 0.708333 0.654576
vt 0.710911 0.660070
vt 0.710911 0.666667
vt 0.789089 0.666667
vt 0.791667 0.653606
vt 0.791667 0.654576
vt 0.789089 0.660070
vt 0.789089 0.589930
vt 0.791667 0.649671
vt 0.791667 0.600329
vt 0.791667 0.607040
vt 0.791667 0.642959
vt 0.791667 0.647964
vt 0.791667 0.602036
vt 0.791667 0.611111
vt 0.789089 0.583333
vt 0.791667 0.638889
vt 0.791667 0.583333
vt 0.791667 0.587314
vt 0.787664 0.583333
vt 0.787664 0.583333
vt 0.712336 0.583333
vt 0.787433 0.583333
vt 0.787433 0.583333
vt 0.712567 0.583333
vt 0.712567 0.583333
vt 0.789089 0.666667
vt 0.710508 0.666667
vt 0.712961 0.666667
vt 0.787361 0.666667
vt 0.791344 0.666667
vt 0.625000 0.833656
vt 0.578434 0.833656
vt 0.504905 0.833656
vt 0.504905 0.831923
vt 0.578434 0.831923
vt 0.490406 0.833333
vt 0.504905 0.764038
vt 0.490406 0.764038
vt 0.578434 0.764038
vt 0.625000 0.831913
vt 0.625000 0.767338
vt 0.625000 0.735827
vt 0.625000 0.757954
vt 0.578434 0.727438
vt 0.504905 0.727438
vt 0.578434 0.727438
vt 0.578434 0.666667
vt 0.633887 0.666667
vt 0.633852 0.723554
vt 0.504905 0.666667
vt 0.504905 0.727438
vt 0.504905 0.638889
vt 0.578434 0.638889
vt 0.490406 0.727438
vt 0.490406 0.666667
vt 0.490406 0.638889
vt 0.504905 0.611111
vt 0.504905 0.638889
vt 0.490406 0.611111
vt 0.504905 0.583333
vt 0.490406 0.583333
vt 0.578434 0.611111
vt 0.578434 0.583333
vt 0.634676 0.611111
vt 0.634676 0.638889
vt 0.633887 0.583333
vt 0.634676 0.611111
vt 0.636723 0.643825
vt 0.635191 0.667662
vt 0.636723 0.606175
vt 0.645299 0.585493
vt 0.645299 0.664507
vt 0.640654 0.671831
vt 0.635191 0.582338
vt 0.640654 0.578169
vt 0.635247 0.527405
vt 0.641094 0.531424
vt 0.633852 0.526446
vt 0.578434 0.522562
vt 0.643010 0.514999
vt 0.642338 0.512806
vt 0.625000 0.492046
vt 0.625000 0.514173
vt 0.578434 0.485962
vt 0.504905 0.522562
vt 0.504905 0.583333
vt 0.490406 0.522562
vt 0.375000 0.522562
vt 0.375000 0.611111
vt 0.291667 0.611111
vt 0.375000 0.638889
vt 0.403511 0.612525
vt 0.403511 0.637475
vt 0.291667 0.638889
vt 0.461894 0.612525
vt 0.454668 0.612741
vt 0.410738 0.612741
vt 0.410738 0.637259
vt 0.454668 0.637259
vt 0.461895 0.637475
vt 0.375000 0.666667
vt 0.375000 0.727438
vt 0.360962 0.750000
vt 0.375000 0.764038
vt 0.375000 0.985962
vt 0.139038 0.750000
vt 0.125000 0.727438
vt 0.375000 0.022562
vt 0.490406 0.083333
vt 0.461895 0.137475
vt 0.461894 0.112525
vt 0.375000 0.111111
vt 0.403511 0.112525
vt 0.454668 0.112741
vt 0.410738 0.112741
vt 0.454668 0.137259
vt 0.410738 0.137259
vt 0.403511 0.137475
vt 0.375000 0.138889
vt 0.208333 0.611111
vt 0.125000 0.611111
vt 0.208333 0.638889
vt 0.125000 0.638889
vt 0.125000 0.522562
vt 0.139038 0.500000
vt 0.375000 0.227438
vt 0.375000 0.264038
vt 0.578434 0.418077
vt 0.625000 0.418086
vt 0.578434 0.418077
vt 0.625000 0.482662
vt 0.706913 0.737194
vt 0.706913 0.512806
vt 0.697745 0.706355
vt 0.697745 0.543645
vt 0.703343 0.517731
vt 0.697141 0.538415
vt 0.645827 0.524188
vt 0.646499 0.526381
vt 0.642489 0.532384
vt 0.646499 0.723619
vt 0.642489 0.717616
vt 0.641958 0.672826
vt 0.647346 0.669443
vt 0.647346 0.580557
vt 0.641958 0.577174
vt 0.697141 0.711585
vt 0.645827 0.725812
vt 0.703343 0.732269
vt 0.643010 0.735001
vt 0.642338 0.737194
vt 0.635247 0.722595
vt 0.641094 0.718576
vt 0.787664 0.666667
vt 0.712336 0.666667
vt 0.710911 0.666667
vt 0.787433 0.666667
vt 0.787433 0.666667
vt 0.712567 0.666667
vt 0.712567 0.666667
vt 0.712336 0.666667
s 0
usemtl M_Noir_Bleuté
f 239/23/5 5/24/5 50/24/5 304/23/5
f 51/25/3 50/24/3 9/26/3 10/27/3
f 8/28/5 234/29/5 298/29/5 53/28/5
f 290/32/5 947/33/5 291/34/5 48/35/5 49/36/5
f 53/28/3 52/53/3 12/54/3 11/55/3
f 16/56/1 248/57/1 229/58/1 2/59/1
f 6/60/3 10/27/3 3/61/3 13/62/3 14/63/3
f 1/67/3 19/68/3 20/69/3 8/28/3 11/55/3
f 1/70/1 231/71/1 249/72/1 19/73/1
f 15/74/3 16/75/3 2/76/3 9/26/3 5/77/3
f 12/54/3 7/53/3 17/79/3 18/80/3 4/81/3
f 227/34/4 3/35/4 48/35/4 291/34/4
f 231/71/8 1/70/8 46/70/8 296/71/8
f 248/57/9 16/56/9 15/101/9 245/102/9
f 256/103/2 18/104/2 17/79/2 253/105/2
f 252/106/6 20/69/6 19/73/6 249/72/6
f 18/104/5 256/103/5 225/32/5 4/36/5
f 3/35/5 227/34/5 243/149/5 13/150/5
f 365/159/18 368/160/18 397/161/18 410/162/18
f 13/163/7 243/164/7 242/165/7 14/166/7
f 2/59/4 229/58/4 294/58/4 47/59/4
f 51/25/8 302/170/8 304/23/8 50/24/8
f 309/171/19 58/133/19 376/172/19 377/173/19
f 99/174/6 100/175/6 153/175/6 152/174/6
f 313/176/20 62/19/20 334/177/20 343/178/20
f 131/179/1 106/180/1 159/180/1 134/179/1
f 317/181/21 66/47/21 342/182/21 349/183/21
f 108/184/7 24/185/7 151/185/7 150/184/7
f 1210/186/8 1221/187/8 316/188/8 1211/189/8
f 1212/190/4 1219/191/4 320/192/4 1213/193/4
f 388/194/8 357/195/8 740/195/8 745/194/8
f 308/196/8 295/197/8 732/197/8 737/196/8
f 386/198/22 371/199/22 370/200/22 392/201/22
f 378/202/19 375/203/19 374/204/19 384/205/19
f 106/180/9 105/214/9 154/214/9 159/180/9
f 305/215/22 54/21/22 372/216/22 385/217/22
f 294/58/1 296/71/1 46/70/1 47/59/1
f 298/29/4 300/218/4 52/53/4 53/28/4
f 20/69/4 252/219/4 234/29/4 8/28/4
f 7/53/4 235/218/4 253/223/4 17/79/4
f 6/25/1 238/170/1 302/170/1 51/25/1
f 14/166/8 242/224/8 238/170/8 6/25/8
f 5/24/8 239/23/8 245/102/8 15/101/8
f 235/218/1 7/53/1 52/53/1 300/218/1
f 328/232/4 63/233/4 149/233/4 416/232/4
f 114/244/23 405/245/23 342/182/23 66/47/23
f 336/235/8 67/236/8 148/236/8 418/235/8
f 116/126/24 403/246/24 334/177/24 62/19/24
f 1216/247/4 318/248/4 1218/249/4 1217/250/4
f 1214/251/8 314/252/8 1220/253/8 1215/254/8
f 68/241/8 337/242/8 419/242/8 147/241/8
f 346/260/20 331/261/20 65/40/20 315/262/20
f 104/240/1 68/241/1 147/241/1 144/240/1
f 127/267/4 60/268/4 158/268/4 140/267/4
f 64/269/4 329/270/4 413/270/4 146/269/4
f 353/271/21 339/272/21 69/37/21 319/39/21
f 395/311/18 60/268/18 129/127/18 408/312/18
f 94/325/2 98/326/2 156/326/2 157/325/2
f 63/233/1 92/327/1 143/327/1 149/233/1
f 9/26/3 11/55/3 12/54/3 10/27/3
f 49/36/3 48/35/3 10/27/3 12/54/3
f 47/59/3 46/70/3 11/55/3 9/26/3
f 368/160/5 365/328/5 425/159/5 422/160/5
f 394/329/1 101/330/1 160/330/1 424/329/1
f 132/135/32 411/331/32 376/332/32 58/133/32
f 408/333/32 129/127/32 61/13/32 373/334/32
f 123/22/33 409/335/33 372/336/33 54/21/33
f 295/197/18 360/337/18 731/337/18 732/197/18
f 951/338/18 948/339/18 957/339/18 958/338/18
f 306/340/3 388/194/3 745/194/3 746/340/3
f 950/341/4 951/338/4 958/338/4 959/341/4
f 381/342/19 373/343/19 61/13/19 312/344/19
f 412/345/34 407/346/34 374/347/34 375/203/34
f 389/348/22 369/349/22 57/137/22 307/350/22
f 410/351/35 397/352/35 370/200/35 371/199/35
f 95/353/5 64/269/5 146/269/5 139/353/5
f 24/185/5 86/354/5 138/354/5 151/185/5
f 67/236/5 96/237/5 142/237/5 148/236/5
f 96/237/8 108/184/8 150/184/8 142/237/8
f 101/330/8 131/355/8 134/355/8 160/330/8
f 86/356/8 56/357/8 145/357/8 138/356/8
f 100/175/36 127/267/36 140/267/36 153/175/36
f 124/358/5 94/325/5 157/325/5 136/358/5
f 337/242/37 68/241/37 111/359/37 402/360/37
f 92/327/4 99/174/4 152/174/4 143/327/4
f 60/268/1 395/311/1 427/311/1 158/268/1
f 398/361/33 109/138/33 57/137/33 369/362/33
f 400/363/38 110/78/38 65/40/38 331/261/38
f 402/360/39 111/359/39 69/37/39 339/272/39
f 56/357/18 86/356/18 112/307/18 109/364/18
f 96/237/40 67/236/40 114/244/40 113/319/40
f 92/327/41 63/233/41 116/140/41 115/142/41
f 63/233/42 328/365/42 403/366/42 116/140/42
f 67/236/43 336/235/43 405/367/43 114/244/43
f 24/185/18 108/184/18 117/319/18 118/368/18
f 100/175/18 99/174/18 119/142/18 120/300/18
f 104/240/44 105/214/44 121/324/44 122/324/44
f 124/369/18 55/370/18 123/113/18 88/115/18
f 95/353/45 98/326/45 126/371/45 125/372/45
f 99/174/46 92/327/46 115/142/46 119/142/46
f 127/267/18 100/175/18 120/300/18 102/301/18
f 108/184/47 96/237/47 113/319/47 117/319/47
f 64/269/40 95/353/40 125/304/40 110/306/40
f 98/326/18 94/325/18 128/373/18 126/371/18
f 60/268/18 127/267/18 102/301/18 129/127/18
f 68/241/41 104/240/41 122/324/41 111/359/41
f 105/214/18 106/180/18 130/374/18 121/324/18
f 106/180/18 131/179/18 107/239/18 130/374/18
f 56/357/5 367/375/5 421/376/5 145/357/5
f 55/370/18 366/377/18 409/378/18 123/113/18
f 396/379/1 393/380/1 423/380/1 428/381/1
f 101/330/18 394/329/18 411/382/18 132/383/18
f 94/325/18 124/358/18 88/384/18 128/373/18
f 131/355/18 101/330/18 132/383/18 107/229/18
f 86/354/18 24/185/18 118/368/18 112/238/18
f 105/214/8 104/240/8 144/240/8 154/214/8
f 366/386/5 55/370/5 155/370/5 426/377/5
f 55/370/4 124/369/4 136/369/4 155/370/4
f 367/376/18 56/357/18 109/364/18 398/387/18
f 393/380/18 396/381/18 407/388/18 412/389/18
f 98/326/29 95/353/29 139/353/29 156/326/29
f 329/270/48 64/269/48 110/306/48 400/390/48
f 397/161/4 368/160/4 604/160/4 625/161/4
f 423/380/4 393/380/4 633/380/4 487/380/4
f 394/329/8 424/329/8 488/329/8 634/329/8
f 1180/410/53 1181/156/53 586/156/53 445/410/53
f 317/181/54 349/183/54 446/183/54 585/181/54
f 396/379/8 428/381/8 492/381/8 632/379/8
f 427/311/4 395/311/4 631/311/4 491/311/4
f 234/29/58 252/219/58 516/219/58 532/29/58
f 419/242/36 337/242/36 629/242/36 483/242/36
f 313/176/59 343/178/59 438/178/59 578/176/59
f 249/72/61 231/71/61 529/71/61 513/72/61
f 392/201/4 370/200/4 628/200/4 473/201/4
f 369/349/8 389/348/8 474/348/8 627/349/8
f 1176/155/3 1177/414/3 433/414/3 583/155/3
f 385/217/4 372/216/4 624/216/4 470/217/4
f 225/32/62 256/103/62 520/103/62 503/32/62
f 304/23/63 302/170/63 582/170/63 568/23/63
f 371/199/8 386/198/8 471/198/8 623/199/8
f 384/205/8 374/204/8 620/204/8 465/205/8
f 253/223/58 235/218/58 527/218/58 517/223/58
f 373/343/4 381/342/4 466/342/4 619/343/4
f 1174/152/3 1175/418/3 429/418/3 581/152/3
f 377/173/8 376/172/8 616/172/8 462/173/8
f 375/203/4 378/202/4 463/202/4 615/203/4
f 229/58/61 248/57/61 512/57/61 497/58/61
f 370/200/4 397/352/4 625/352/4 628/200/4
f 235/218/61 300/218/61 570/218/61 527/218/61
f 245/102/63 239/23/63 525/23/63 509/102/63
f 398/361/8 369/362/8 627/362/8 626/361/8
f 372/336/4 409/335/4 621/335/4 624/336/4
f 243/149/62 227/34/62 523/34/62 507/149/62
f 298/29/62 234/29/62 532/29/62 584/29/62
f 410/351/8 371/199/8 623/199/8 622/351/8
f 238/170/63 242/224/63 506/224/63 522/170/63
f 374/347/8 407/346/8 617/346/8 620/347/8
f 302/170/61 238/170/61 522/170/61 582/170/61
f 408/333/4 373/334/4 619/334/4 618/333/4
f 256/103/68 253/105/68 517/105/68 520/103/68
f 376/332/8 411/331/8 613/331/8 616/332/8
f 412/345/4 375/203/4 615/203/4 614/345/4
f 252/106/71 249/72/71 513/72/71 516/106/71
f 363/420/8 383/421/8 468/421/8 460/420/8
f 239/23/62 304/23/62 568/23/62 525/23/62
f 704/422/4 701/423/4 459/423/4 467/422/4
f 710/424/8 711/425/8 461/425/8 457/424/8
f 248/57/74 245/102/74 509/102/74 512/57/74
f 379/426/4 362/427/4 458/427/4 464/426/4
f 359/428/4 391/429/4 476/429/4 456/428/4
f 706/430/8 699/431/8 455/431/8 475/430/8
f 708/432/4 713/433/4 469/433/4 453/432/4
f 387/434/8 358/435/8 454/435/8 472/434/8
f 231/71/63 296/71/63 572/71/63 529/71/63
f 391/429/77 946/436/77 387/434/77 472/434/77 476/429/77
f 242/165/78 243/164/78 507/164/78 506/165/78
f 386/198/79 392/201/79 473/201/79 471/198/79
f 1172/157/53 1173/437/53 451/437/53 577/157/53
f 713/433/80 714/111/80 580/111/80 469/433/80
f 305/215/81 385/217/81 470/217/81 579/215/81
f 353/271/82 319/39/82 576/39/82 450/271/82
f 383/421/83 945/438/83 379/426/83 464/426/83 468/421/83
f 290/32/63 225/32/63 503/32/63 502/32/63
f 705/4/84 706/430/84 475/430/84 575/4/84
f 378/202/85 384/205/85 465/205/85 463/202/85
f 711/425/86 712/168/86 536/168/86 461/425/86
f 294/58/58 229/58/58 497/58/58 500/58/58
f 389/348/87 307/350/87 574/350/87 474/348/87
f 309/171/88 377/173/88 462/173/88 535/171/88
f 703/16/89 704/422/89 467/422/89 495/16/89
f 291/34/62 947/33/62 1165/439/62 537/34/62
f 381/342/90 312/344/90 496/344/90 466/342/90
f 362/427/3 944/440/3 363/420/3 460/420/3 458/427/3
f 4/36/8 225/32/8 290/32/8 49/36/8
f 298/29/58 584/29/58 570/218/58 300/218/58
f 227/34/58 291/34/58 537/34/58 523/34/58
f 367/376/8 398/387/8 626/387/8 603/376/8
f 1177/414/5 1180/410/5 445/410/5 433/414/5
f 1173/437/1 1168/442/1 435/442/1 451/437/1
f 329/270/105 400/390/105 600/390/105 609/270/105
f 337/242/107 402/360/107 592/360/107 629/242/107
f 1175/418/1 1178/445/1 437/445/1 429/418/1
f 1171/444/5 1166/441/5 431/441/5 443/444/5
f 403/366/107 328/365/107 612/365/107 595/366/107
f 405/367/105 336/235/105 608/235/105 587/367/105
f 407/388/8 396/381/8 632/381/8 617/388/8
f 395/311/4 408/312/4 618/312/4 631/311/4
f 342/182/5 405/245/5 587/245/5 590/182/5
f 365/159/8 410/162/8 622/162/8 605/159/8
f 409/378/4 366/377/4 606/377/4 621/378/4
f 402/360/1 339/272/1 593/272/1 592/360/1
f 393/380/4 412/389/4 614/389/4 633/380/4
f 411/382/8 394/329/8 634/329/8 613/382/8
f 334/177/1 403/246/1 595/246/1 598/177/1
f 400/363/5 331/261/5 601/261/5 600/363/5
f 421/376/8 367/375/8 603/375/8 485/376/8
f 368/160/4 422/160/4 486/160/4 604/160/4
f 343/178/1 334/177/1 598/177/1 438/178/1
f 331/261/5 346/260/5 442/260/5 601/261/5
f 425/159/8 365/328/8 605/328/8 489/159/8
f 366/386/4 426/377/4 490/377/4 606/386/4
f 349/183/5 342/182/5 590/182/5 446/183/5
f 339/272/1 353/271/1 450/271/1 593/272/1
f 1166/441/3 1167/147/3 567/147/3 431/441/3
f 336/235/111 418/235/111 482/235/111 608/235/111
f 413/270/60 329/270/60 609/270/60 477/270/60
f 1168/442/3 1169/158/3 569/158/3 435/442/3
f 699/431/3 700/151/3 571/151/3 455/431/3
f 328/232/110 416/232/110 480/232/110 612/232/110
f 707/112/3 708/432/3 453/432/3 499/112/3
f 296/71/61 294/58/61 500/58/61 572/71/61
f 701/423/3 702/17/3 538/17/3 459/423/3
f 358/435/3 943/456/3 1164/443/3 454/435/3
f 346/260/113 315/262/113 573/262/113 442/260/113
f 709/167/3 710/424/3 457/424/3 501/167/3
f 360/337/1 295/197/1 700/151/1 699/431/1
f 364/482/5 292/483/5 702/17/5 701/423/5
f 311/484/5 382/485/5 704/422/5 703/16/5
f 308/196/1 390/486/1 706/430/1 705/4/1
f 293/487/1 357/195/1 708/432/1 707/112/1
f 289/488/5 361/489/5 710/424/5 709/167/5
f 380/490/5 310/491/5 712/168/5 711/425/5
f 388/194/1 306/340/1 714/111/1 713/433/1
f 357/195/1 388/194/1 713/433/1 708/432/1
f 390/486/1 360/337/1 699/431/1 706/430/1
f 361/489/5 380/490/5 711/425/5 710/424/5
f 382/485/5 364/482/5 701/423/5 704/422/5
f 310/491/5 289/488/5 709/167/5 712/168/5
f 292/483/5 311/484/5 703/16/5 702/17/5
f 306/340/1 293/487/1 707/112/1 714/111/1
f 295/197/1 308/196/1 705/4/1 700/151/1
f 292/483/18 364/482/18 733/482/18 734/483/18
f 360/337/4 390/486/4 738/486/4 731/337/4
f 382/485/3 311/484/3 735/484/3 736/485/3
f 380/490/4 361/489/4 742/489/4 743/490/4
f 390/486/3 308/196/3 737/196/3 738/486/3
f 364/482/8 382/485/8 736/485/8 733/482/8
f 357/195/18 293/487/18 739/487/18 740/195/18
f 289/488/8 310/491/8 744/491/8 741/488/8
f 361/489/18 289/488/18 741/488/18 742/489/18
f 311/484/4 292/483/4 734/483/4 735/484/4
f 310/491/3 380/490/3 743/490/3 744/491/3
f 293/487/4 306/340/4 746/340/4 739/487/4
f 875/521/8 876/522/8 940/522/8 939/521/8
f 771/508/1 782/531/1 781/530/1 772/509/1
f 838/536/18 835/537/18 899/537/18 901/536/18
f 773/498/5 786/526/5 785/527/5 774/510/5
f 849/538/4 850/539/4 913/539/4 914/538/4
f 1154/540/8 1155/541/8 1162/541/8 1163/540/8
f 1149/542/3 1150/543/3 1159/543/3 1156/542/3
f 835/537/4 836/544/4 900/544/4 899/537/4
f 848/559/3 849/538/3 914/538/3 911/559/3
f 850/539/18 847/560/18 912/560/18 913/539/18
f 861/561/8 862/562/8 925/562/8 926/561/8
f 847/560/8 848/559/8 911/559/8 912/560/8
f 860/563/3 861/561/3 926/561/3 923/563/3
f 821/564/8 822/565/8 885/565/8 886/564/8
f 862/562/18 859/566/18 924/566/18 925/562/18
f 873/567/4 874/568/4 937/568/4 938/567/4
f 820/569/3 821/564/3 886/564/3 883/569/3
f 859/566/4 860/563/4 923/563/4 924/566/4
f 872/570/3 873/567/3 938/567/3 936/570/3
f 822/565/18 819/571/18 884/571/18 885/565/18
f 814/572/5 800/548/5 816/573/5 815/574/5
f 800/548/5 775/511/5 817/575/5 816/573/5
f 775/511/5 808/553/5 818/576/5 817/575/5
f 808/553/5 814/572/5 815/574/5 818/576/5
f 813/577/1 798/546/1 820/569/1 819/571/1
f 798/546/1 748/506/1 821/564/1 820/569/1
f 748/506/1 806/547/1 822/565/1 821/564/1
f 806/547/1 813/577/1 819/571/1 822/565/1
f 812/578/5 801/514/5 824/579/5 823/580/5
f 801/514/5 750/505/5 825/581/5 824/579/5
f 750/505/5 810/558/5 826/582/5 825/581/5
f 810/558/5 812/578/5 823/580/5 826/582/5
f 811/583/1 797/551/1 828/584/1 827/585/1
f 797/551/1 777/512/1 829/586/1 828/584/1
f 777/512/1 802/555/1 830/587/1 829/586/1
f 802/555/1 811/583/1 827/585/1 830/587/1
f 803/552/1 811/583/1 832/588/1 831/589/1
f 811/583/1 802/555/1 833/590/1 832/588/1
f 802/555/1 780/523/1 834/591/1 833/590/1
f 780/523/1 803/552/1 831/589/1 834/591/1
f 779/518/1 795/554/1 836/544/1 835/537/1
f 795/554/1 811/583/1 837/592/1 836/544/1
f 811/583/1 803/552/1 838/536/1 837/592/1
f 803/552/1 779/518/1 835/537/1 838/536/1
f 795/554/1 778/513/1 840/593/1 839/594/1
f 778/513/1 797/551/1 841/595/1 840/593/1
f 797/551/1 811/583/1 842/596/1 841/595/1
f 811/583/1 795/554/1 839/594/1 842/596/1
f 799/494/5 812/578/5 844/597/5 843/598/5
f 812/578/5 810/558/5 845/599/5 844/597/5
f 810/558/5 788/492/5 846/600/5 845/599/5
f 788/492/5 799/494/5 843/598/5 846/600/5
f 787/493/5 809/556/5 848/559/5 847/560/5
f 809/556/5 812/578/5 849/538/5 848/559/5
f 812/578/5 799/494/5 850/539/5 849/538/5
f 799/494/5 787/493/5 847/560/5 850/539/5
f 809/556/5 749/499/5 852/601/5 851/602/5
f 749/499/5 801/514/5 853/603/5 852/601/5
f 801/514/5 812/578/5 854/604/5 853/603/5
f 812/578/5 809/556/5 851/602/5 854/604/5
f 804/549/1 813/577/1 856/605/1 855/606/1
f 813/577/1 806/547/1 857/607/1 856/605/1
f 806/547/1 792/520/1 858/608/1 857/607/1
f 792/520/1 804/549/1 855/606/1 858/608/1
f 791/528/1 805/545/1 860/563/1 859/566/1
f 805/545/1 813/577/1 861/561/1 860/563/1
f 813/577/1 804/549/1 862/562/1 861/561/1
f 804/549/1 791/528/1 859/566/1 862/562/1
f 805/545/1 747/507/1 864/609/1 863/610/1
f 747/507/1 798/546/1 865/611/1 864/609/1
f 798/546/1 813/577/1 866/612/1 865/611/1
f 813/577/1 805/545/1 863/610/1 866/612/1
f 796/557/5 814/572/5 868/613/5 867/614/5
f 814/572/5 808/553/5 869/615/5 868/613/5
f 808/553/5 784/525/5 870/616/5 869/615/5
f 784/525/5 796/557/5 867/614/5 870/616/5
f 783/496/5 807/550/5 872/570/5 871/617/5
f 807/550/5 814/572/5 873/567/5 872/570/5
f 814/572/5 796/557/5 874/568/5 873/567/5
f 796/557/5 783/496/5 871/617/5 874/568/5
f 807/550/5 776/495/5 876/522/5 875/521/5
f 776/495/5 800/548/5 877/618/5 876/522/5
f 800/548/5 814/572/5 878/619/5 877/618/5
f 814/572/5 807/550/5 875/521/5 878/619/5
f 836/544/3 837/592/3 902/592/3 900/544/3
f 823/580/8 824/579/8 887/579/8 888/580/8
f 878/619/18 875/521/18 939/521/18 941/619/18
f 837/592/8 838/536/8 901/536/8 902/592/8
f 826/582/18 823/580/18 888/580/18 889/582/18
f 876/522/3 877/618/3 942/618/3 940/522/3
f 863/610/4 864/609/4 927/609/4 928/610/4
f 824/579/3 825/581/3 890/581/3 887/579/3
f 877/618/4 878/619/4 941/619/4 942/618/4
f 866/612/18 863/610/18 928/610/18 929/612/18
f 825/581/4 826/582/4 889/582/4 890/581/4
f 864/609/3 865/611/3 930/611/3 927/609/3
f 851/602/8 852/601/8 915/601/8 916/602/8
f 865/611/8 866/612/8 929/612/8 930/611/8
f 854/604/18 851/602/18 916/602/18 917/604/18
f 852/601/3 853/603/3 918/603/3 915/601/3
f 839/594/4 840/593/4 904/593/4 903/594/4
f 853/603/4 854/604/4 917/604/4 918/603/4
f 842/596/18 839/594/18 903/594/18 905/596/18
f 840/593/3 841/595/3 906/595/3 904/593/3
f 827/585/4 828/584/4 891/584/4 892/585/4
f 841/595/8 842/596/8 905/596/8 906/595/8
f 830/587/18 827/585/18 892/585/18 893/587/18
f 867/614/8 868/613/8 931/613/8 932/614/8
f 828/584/3 829/586/3 894/586/3 891/584/3
f 815/574/8 816/573/8 879/573/8 880/574/8
f 870/616/18 867/614/18 932/614/18 933/616/18
f 829/586/8 830/587/8 893/587/8 894/586/8
f 818/576/18 815/574/18 880/574/18 881/576/18
f 868/613/3 869/615/3 934/615/3 931/613/3
f 855/606/4 856/605/4 919/605/4 920/606/4
f 816/573/3 817/575/3 882/575/3 879/573/3
f 869/615/4 870/616/4 933/616/4 934/615/4
f 858/608/18 855/606/18 920/606/18 921/608/18
f 817/575/4 818/576/4 881/576/4 882/575/4
f 856/605/3 857/607/3 922/607/3 919/605/3
f 843/598/8 844/597/8 907/597/8 908/598/8
f 857/607/8 858/608/8 921/608/8 922/607/8
f 846/600/18 843/598/18 908/598/18 909/600/18
f 844/597/3 845/599/3 910/599/3 907/597/3
f 831/589/4 832/588/4 895/588/4 896/589/4
f 845/599/4 846/600/4 909/600/4 910/599/4
f 834/591/18 831/589/18 896/589/18 897/591/18
f 871/617/8 872/570/8 936/570/8 935/617/8
f 832/588/3 833/590/3 898/590/3 895/588/3
f 819/571/4 820/569/4 883/569/4 884/571/4
f 874/568/18 871/617/18 935/617/18 937/568/18
f 833/590/8 834/591/8 897/591/8 898/590/8
f 1019/620/8 1021/621/8 1016/621/8 1017/620/8
f 948/339/5 944/440/5 945/438/5 949/622/5
f 945/438/5 383/421/5 950/341/5 949/622/5
f 952/623/1 943/456/1 946/436/1 953/624/1
f 946/436/1 391/429/1 954/625/1 953/624/1
f 359/428/1 943/456/1 952/623/1 955/626/1
f 359/428/1 955/626/1 954/625/1 391/429/1
f 953/624/3 954/625/3 963/625/3 960/624/3
f 952/623/4 953/624/4 960/624/4 961/623/4
f 949/622/3 950/341/3 959/341/3 956/622/3
f 954/625/8 955/626/8 962/626/8 963/625/8
f 948/339/8 949/622/8 956/622/8 957/339/8
f 955/626/18 952/623/18 961/623/18 962/626/18
f 1021/621/18 1025/651/18 1014/651/18 1016/621/18
f 362/427/5 379/426/5 1013/652/5 1012/653/5
f 379/426/5 945/438/5 1023/654/5 1013/652/5
f 943/456/1 1021/621/1 1019/620/1 946/436/1
f 1025/651/4 1024/655/4 1015/655/4 1014/651/4
f 944/440/5 362/427/5 1012/653/5 1022/656/5
f 358/435/1 387/434/1 1024/655/1 1025/651/1
f 387/434/1 946/436/1 1019/620/1 1024/655/1
f 1023/654/4 1022/656/4 1018/656/4 1020/654/4
f 1022/656/18 1012/653/18 1026/653/18 1018/656/18
f 943/456/1 358/435/1 1025/651/1 1021/621/1
f 944/440/5 1022/656/5 1023/654/5 945/438/5
f 1012/653/8 1013/652/8 1027/652/8 1026/653/8
f 1013/652/3 1023/654/3 1020/654/3 1027/652/3
f 1024/655/3 1019/620/3 1017/620/3 1015/655/3
f 752/501/5 790/533/5 1149/542/5 1148/737/5
f 790/533/5 789/532/5 1150/543/5 1149/542/5
f 789/532/5 751/504/5 1151/738/5 1150/543/5
f 751/504/5 752/501/5 1148/737/5 1151/738/5
f 754/502/1 794/535/1 1153/739/1 1152/740/1
f 794/535/1 793/534/1 1154/540/1 1153/739/1
f 793/534/1 753/503/1 1155/541/1 1154/540/1
f 753/503/1 754/502/1 1152/740/1 1155/541/1
f 1148/737/8 1149/542/8 1156/542/8 1157/737/8
f 1155/541/18 1152/740/18 1161/740/18 1162/541/18
f 1150/543/4 1151/738/4 1158/738/4 1159/543/4
f 1151/738/18 1148/737/18 1157/737/18 1158/738/18
f 1153/739/3 1154/540/3 1163/540/3 1160/739/3
f 1152/740/4 1153/739/4 1160/739/4 1161/740/4
f 951/338/5 363/420/5 944/440/5 948/339/5
f 1165/439/62 947/33/62 290/32/62 502/32/62
f 1164/443/3 943/456/3 359/428/3 456/428/3
f 363/420/5 951/338/5 950/341/5 383/421/5
f 1198/741/8 1199/742/8 1167/147/8 1166/441/8
f 1200/743/4 1201/744/4 1169/158/4 1168/442/4
f 1186/745/8 1209/746/8 1171/444/8 1170/146/8
f 1188/747/4 1207/748/4 1173/437/4 1172/157/4
f 1202/749/8 1203/750/8 1175/418/8 1174/152/8
f 1204/751/4 1205/752/4 1177/414/4 1176/155/4
f 1208/753/8 1195/754/8 1179/153/8 1178/445/8
f 1206/755/4 1197/756/4 1181/156/4 1180/410/4
f 1205/752/4 1206/755/4 1180/410/4 1177/414/4
f 1207/748/4 1200/743/4 1168/442/4 1173/437/4
f 1203/750/8 1208/753/8 1178/445/8 1175/418/8
f 1209/746/8 1198/741/8 1166/441/8 1171/444/8
f 1197/756/4 1204/751/4 1176/155/4 1181/156/4
f 1201/744/4 1188/747/4 1172/157/4 1169/158/4
f 1195/754/8 1202/749/8 1174/152/8 1179/153/8
f 1199/742/8 1186/745/8 1170/146/8 1167/147/8
f 325/757/116 352/758/116 1242/758/116 1228/757/116
f 1189/759/117 354/760/117 1243/760/117 1235/759/117
f 316/188/118 1221/187/118 1209/746/118 1186/745/118
f 320/192/119 1219/191/119 1207/748/119 1188/747/119
f 1196/761/120 1193/762/120 1229/762/120 1234/761/120
f 297/763/121 325/757/121 1228/757/121 1241/763/121
f 1220/253/118 314/252/118 1195/754/118 1208/753/118
f 1218/249/119 318/248/119 1197/756/119 1206/755/119
f 1187/764/122 347/765/122 1245/765/122 1237/764/122
f 1193/762/123 1192/766/123 1233/766/123 1229/762/123
f 301/767/124 321/768/124 1226/768/124 1240/767/124
f 299/769/125 1185/770/125 1231/770/125 1239/769/125
f 318/248/126 1216/247/126 1204/751/126 1197/756/126
f 1213/193/127 320/192/127 1188/747/127 1201/744/127
f 314/252/128 1214/251/128 1202/749/128 1195/754/128
f 1211/189/129 316/188/129 1186/745/129 1199/742/129
f 1182/771/130 1183/772/130 1199/742/130 1198/741/130
f 1184/773/131 1185/770/131 1201/744/131 1200/743/131
f 1190/774/132 1191/775/132 1203/750/132 1202/749/132
f 1192/766/133 1193/762/133 1205/752/133 1204/751/133
f 1193/762/134 1196/761/134 1206/755/134 1205/752/134
f 1189/759/135 1184/773/135 1200/743/135 1207/748/135
f 1191/775/136 1194/776/136 1208/753/136 1203/750/136
f 1187/764/137 1182/771/137 1198/741/137 1209/746/137
f 303/777/138 324/778/138 1210/186/138 1211/189/138
f 299/769/139 326/779/139 1212/190/139 1213/193/139
f 321/768/140 301/767/140 1214/251/140 1215/254/140
f 325/757/141 297/763/141 1216/247/141 1217/250/141
f 352/758/142 325/757/142 1217/250/142 1218/249/142
f 326/779/143 354/760/143 1219/191/143 1212/190/143
f 345/780/144 321/768/144 1215/254/144 1220/253/144
f 324/778/145 347/765/145 1221/187/145 1210/186/145
f 1183/772/146 303/777/146 1211/189/146 1199/742/146
f 1185/770/147 299/769/147 1213/193/147 1201/744/147
f 347/765/128 1187/764/128 1209/746/128 1221/187/128
f 354/760/126 1189/759/126 1207/748/126 1219/191/126
f 301/767/146 1190/774/146 1202/749/146 1214/251/146
f 297/763/147 1192/766/147 1204/751/147 1216/247/147
f 1194/776/129 345/780/129 1220/253/129 1208/753/129
f 1196/761/127 352/758/127 1218/249/127 1206/755/127
f 1184/773/156 1189/759/156 1235/759/156 1224/773/156
f 1190/774/157 301/767/157 1240/767/157 1232/774/157
f 354/760/158 326/779/158 1225/779/158 1243/760/158
f 1194/776/159 1191/775/159 1227/775/159 1236/776/159
f 1192/766/160 297/763/160 1241/763/160 1233/766/160
f 321/768/161 345/780/161 1244/780/161 1226/768/161
f 1182/771/162 1187/764/162 1237/764/162 1222/771/162
f 345/780/163 1194/776/163 1236/776/163 1244/780/163
f 1183/772/164 1182/771/164 1222/771/164 1230/772/164
f 347/765/165 324/778/165 1223/778/165 1245/765/165
f 324/778/166 303/777/166 1238/777/166 1223/778/166
f 352/758/167 1196/761/167 1234/761/167 1242/758/167
f 1185/770/168 1184/773/168 1224/773/168 1231/770/168
f 303/777/169 1183/772/169 1230/772/169 1238/777/169
f 326/779/170 299/769/170 1239/769/170 1225/779/170
f 1191/775/171 1190/774/171 1232/774/171 1227/775/171
f 1331/886/3 1330/887/3 1346/887/3 1347/886/3
f 1352/893/184 1351/891/184 1372/891/184 1373/893/184
f 1324/898/3 1323/896/3 1339/896/3 1340/898/3
f 1332/899/3 1331/886/3 1347/886/3 1348/899/3
f 1325/867/3 1324/898/3 1340/898/3 1341/867/3
f 1333/889/3 1332/899/3 1348/899/3 1349/889/3
f 1326/866/3 1325/867/3 1341/867/3 1342/866/3
f 1334/888/3 1333/889/3 1349/889/3 1350/888/3
f 1327/890/3 1326/866/3 1342/866/3 1343/890/3
f 1335/891/3 1334/888/3 1350/888/3 1351/891/3
f 1328/892/3 1327/890/3 1343/890/3 1344/892/3
f 1336/893/3 1335/891/3 1351/891/3 1352/893/3
f 1329/894/3 1328/892/3 1344/892/3 1345/894/3
f 1337/895/3 1336/893/3 1352/893/3 1353/895/3
f 1330/887/3 1329/894/3 1345/894/3 1346/887/3
f 1323/896/3 1322/897/3 1338/897/3 1339/896/3
f 1322/897/3 1337/895/3 1353/895/3 1338/897/3
f 1345/894/177 1344/892/177 1365/892/177 1366/894/177
f 1353/895/185 1352/893/185 1373/893/185 1374/895/185
f 1346/887/178 1345/894/178 1366/894/178 1367/887/178
f 1339/896/186 1338/897/186 1359/897/186 1360/896/186
f 1338/897/172 1353/895/172 1374/895/172 1359/897/172
f 1347/886/179 1346/887/179 1367/887/179 1368/886/179
f 1340/898/187 1339/896/187 1360/896/187 1361/898/187
f 1348/899/180 1347/886/180 1368/886/180 1369/899/180
f 1341/867/173 1340/898/173 1361/898/173 1362/867/173
f 1349/889/181 1348/899/181 1369/899/181 1370/889/181
f 1342/866/174 1341/867/174 1362/867/174 1363/866/174
f 1350/888/182 1349/889/182 1370/889/182 1371/888/182
f 1343/890/175 1342/866/175 1363/866/175 1364/890/175
f 1351/891/183 1350/888/183 1371/888/183 1372/891/183
f 1344/892/176 1343/890/176 1364/890/176 1365/892/176
f 1647/900/18 1354/901/18 1360/896/18 1359/897/18
f 1354/901/18 1355/902/18 1361/898/18 1360/896/18
f 1355/902/18 1648/903/18 1362/867/18 1361/898/18
f 1648/903/18 1356/904/18 1363/866/18 1362/867/18
f 1356/904/18 1649/905/18 1364/890/18 1363/866/18
f 1649/905/18 1357/906/18 1365/892/18 1364/890/18
f 1357/906/18 1650/907/18 1366/894/18 1365/892/18
f 1650/907/18 1637/908/18 1367/887/18 1366/894/18
f 1637/908/18 1638/909/18 1368/886/18 1367/887/18
f 1638/909/18 1651/910/18 1369/899/18 1368/886/18
f 1651/910/18 1358/911/18 1370/889/18 1369/899/18
f 1358/911/18 1639/912/18 1371/888/18 1370/889/18
f 1639/912/18 1652/913/18 1372/891/18 1371/888/18
f 1652/913/18 1640/914/18 1373/893/18 1372/891/18
f 1640/914/18 1641/915/18 1374/895/18 1373/893/18
f 1641/915/18 1647/900/18 1359/897/18 1374/895/18
f 1380/915/3 1646/914/3 1395/914/3 1396/915/3
f 1386/905/175 1385/904/175 1417/904/175 1418/905/175
f 1378/908/3 1643/907/3 1388/907/3 1389/908/3
f 1376/901/3 1375/900/3 1381/900/3 1382/901/3
f 1375/900/3 1380/915/3 1396/915/3 1381/900/3
f 1644/909/3 1378/908/3 1389/908/3 1390/909/3
f 1653/902/3 1376/901/3 1382/901/3 1383/902/3
f 1656/910/3 1644/909/3 1390/909/3 1391/910/3
f 1642/903/3 1653/902/3 1383/902/3 1384/903/3
f 1657/911/3 1656/910/3 1391/910/3 1392/911/3
f 1654/904/3 1642/903/3 1384/903/3 1385/904/3
f 1379/912/3 1657/911/3 1392/911/3 1393/912/3
f 1655/905/3 1654/904/3 1385/904/3 1386/905/3
f 1645/913/3 1379/912/3 1393/912/3 1394/913/3
f 1377/906/3 1655/905/3 1386/905/3 1387/906/3
f 1646/914/3 1645/913/3 1394/913/3 1395/914/3
f 1643/907/3 1377/906/3 1387/906/3 1388/907/3
f 1394/913/183 1393/912/183 1425/912/183 1426/913/183
f 1387/906/176 1386/905/176 1418/905/176 1419/906/176
f 1395/914/184 1394/913/184 1426/913/184 1427/914/184
f 1388/907/177 1387/906/177 1419/906/177 1420/907/177
f 1396/915/185 1395/914/185 1427/914/185 1428/915/185
f 1389/908/178 1388/907/178 1420/907/178 1421/908/178
f 1382/901/186 1381/900/186 1413/900/186 1414/901/186
f 1381/900/172 1396/915/172 1428/915/172 1413/900/172
f 1390/909/179 1389/908/179 1421/908/179 1422/909/179
f 1383/902/187 1382/901/187 1414/901/187 1415/902/187
f 1391/910/180 1390/909/180 1422/909/180 1423/910/180
f 1384/903/173 1383/902/173 1415/902/173 1416/903/173
f 1392/911/181 1391/910/181 1423/910/181 1424/911/181
f 1385/904/174 1384/903/174 1416/903/174 1417/904/174
f 1393/912/182 1392/911/182 1424/911/182 1425/912/182
f 1397/918/18 1398/919/18 1414/901/18 1413/900/18
f 1398/919/18 1399/920/18 1415/902/18 1414/901/18
f 1399/920/18 1400/921/18 1416/903/18 1415/902/18
f 1400/921/18 1401/922/18 1417/904/18 1416/903/18
f 1401/922/18 1402/923/18 1418/905/18 1417/904/18
f 1402/923/18 1403/924/18 1419/906/18 1418/905/18
f 1403/924/18 1404/925/18 1420/907/18 1419/906/18
f 1404/925/18 1405/926/18 1421/908/18 1420/907/18
f 1405/926/18 1406/917/18 1422/909/18 1421/908/18
f 1406/917/18 1407/916/18 1423/910/18 1422/909/18
f 1407/916/18 1408/927/18 1424/911/18 1423/910/18
f 1408/927/18 1409/928/18 1425/912/18 1424/911/18
f 1409/928/18 1410/929/18 1426/913/18 1425/912/18
f 1410/929/18 1411/930/18 1427/914/18 1426/913/18
f 1411/930/18 1412/931/18 1428/915/18 1427/914/18
f 1412/931/18 1397/918/18 1413/900/18 1428/915/18
f 1677/908/186 1693/908/186 1698/909/186 1682/909/186
f 1688/910/173 1704/910/173 1705/911/173 1689/911/173
f 1682/909/187 1698/909/187 1704/910/187 1688/910/187
f 1675/901/180 1691/901/180 1701/902/180 1685/902/180
f 1689/911/174 1705/911/174 1694/912/174 1678/912/174
f 1685/902/181 1701/902/181 1696/903/181 1680/903/181
f 1678/912/175 1694/912/175 1699/913/175 1683/913/175
f 1680/903/182 1696/903/182 1702/904/182 1686/904/182
f 1674/900/179 1690/900/179 1691/901/179 1675/901/179
f 1684/914/177 1700/914/177 1695/915/177 1679/915/177
f 1687/905/184 1703/905/184 1692/906/184 1676/906/184
f 1679/915/178 1695/915/178 1690/900/178 1674/900/178
f 1676/906/185 1692/906/185 1697/907/185 1681/907/185
f 1683/913/176 1699/913/176 1700/914/176 1684/914/176
f 1681/907/172 1697/907/172 1693/908/172 1677/908/172
f 1686/904/183 1702/904/183 1703/905/183 1687/905/183
f 1702/904/18 1719/904/18 1720/905/18 1703/905/18
f 1693/908/18 1708/908/18 1711/909/18 1698/909/18
f 1704/910/18 1721/910/18 1713/911/18 1705/911/18
f 1698/909/18 1711/909/18 1721/910/18 1704/910/18
f 1691/901/18 1714/901/18 1718/902/18 1701/902/18
f 1705/911/18 1713/911/18 1709/912/18 1694/912/18
f 1701/902/18 1718/902/18 1710/903/18 1696/903/18
f 1694/912/18 1709/912/18 1717/913/18 1699/913/18
f 1696/903/18 1710/903/18 1719/904/18 1702/904/18
f 1690/900/18 1706/900/18 1714/901/18 1691/901/18
f 1700/914/18 1712/914/18 1715/915/18 1695/915/18
f 1703/905/18 1720/905/18 1707/906/18 1692/906/18
f 1695/915/18 1715/915/18 1706/900/18 1690/900/18
f 1692/906/18 1707/906/18 1716/907/18 1697/907/18
f 1699/913/18 1717/913/18 1712/914/18 1700/914/18
f 1697/907/18 1716/907/18 1708/908/18 1693/908/18
f 1667/298/257 1668/298/257 1822/298/257 1821/298/257
f 1659/298/3 1658/298/3 1786/298/3 1787/298/3
f 1658/298/3 1663/298/3 1788/298/3 1786/298/3
f 1668/298/3 1667/298/3 1789/298/3 1790/298/3
f 1671/298/3 1670/298/3 1791/298/3 1792/298/3
f 1673/298/3 1672/298/3 1793/298/3 1794/298/3
f 1669/298/3 1659/298/3 1787/298/3 1795/298/3
f 1664/298/3 1669/298/3 1795/298/3 1796/298/3
f 1670/298/3 1664/298/3 1796/298/3 1791/298/3
f 1660/298/3 1671/298/3 1792/298/3 1797/298/3
f 1665/298/3 1660/298/3 1797/298/3 1798/298/3
f 1661/298/3 1665/298/3 1798/298/3 1799/298/3
f 1666/298/3 1661/298/3 1799/298/3 1800/298/3
f 1672/298/3 1666/298/3 1800/298/3 1793/298/3
f 1662/298/3 1673/298/3 1794/298/3 1801/298/3
f 1667/298/3 1662/298/3 1801/298/3 1789/298/3
f 1663/298/3 1668/298/3 1790/298/3 1788/298/3
f 1665/298/258 1661/298/258 1831/298/258 1830/298/258
f 1670/298/259 1671/298/259 1824/298/259 1823/298/259
f 1661/298/260 1666/298/260 1832/298/260 1831/298/260
f 1672/298/261 1673/298/261 1826/298/261 1825/298/261
f 1666/298/262 1672/298/262 1825/298/262 1832/298/262
f 1659/298/263 1669/298/263 1827/298/263 1819/298/263
f 1673/298/264 1662/298/264 1833/298/264 1826/298/264
f 1669/298/265 1664/298/265 1828/298/265 1827/298/265
f 1662/298/266 1667/298/266 1821/298/266 1833/298/266
f 1664/298/267 1670/298/267 1823/298/267 1828/298/267
f 1658/298/268 1659/298/268 1819/298/268 1818/298/268
f 1668/298/269 1663/298/269 1820/298/269 1822/298/269
f 1671/298/270 1660/298/270 1829/298/270 1824/298/270
f 1663/298/271 1658/298/271 1818/298/271 1820/298/271
f 1660/298/272 1665/298/272 1830/298/272 1829/298/272
f 1803/298/3 1802/298/3 1818/298/3 1819/298/3
f 1802/298/3 1804/298/3 1820/298/3 1818/298/3
f 1806/298/3 1805/298/3 1821/298/3 1822/298/3
f 1808/298/3 1807/298/3 1823/298/3 1824/298/3
f 1810/298/3 1809/298/3 1825/298/3 1826/298/3
f 1811/298/3 1803/298/3 1819/298/3 1827/298/3
f 1812/298/3 1811/298/3 1827/298/3 1828/298/3
f 1807/298/3 1812/298/3 1828/298/3 1823/298/3
f 1813/298/3 1808/298/3 1824/298/3 1829/298/3
f 1814/298/3 1813/298/3 1829/298/3 1830/298/3
f 1815/298/3 1814/298/3 1830/298/3 1831/298/3
f 1816/298/3 1815/298/3 1831/298/3 1832/298/3
f 1809/298/3 1816/298/3 1832/298/3 1825/298/3
f 1817/298/3 1810/298/3 1826/298/3 1833/298/3
f 1805/298/3 1817/298/3 1833/298/3 1821/298/3
f 1804/298/3 1806/298/3 1822/298/3 1820/298/3
f 1955/886/3 1954/887/3 1970/887/3 1971/886/3
f 1976/893/184 1975/891/184 1996/891/184 1997/893/184
f 1948/898/3 1947/896/3 1963/896/3 1964/898/3
f 1956/899/3 1955/886/3 1971/886/3 1972/899/3
f 1949/867/3 1948/898/3 1964/898/3 1965/867/3
f 1957/889/3 1956/899/3 1972/899/3 1973/889/3
f 1950/866/3 1949/867/3 1965/867/3 1966/866/3
f 1958/888/3 1957/889/3 1973/889/3 1974/888/3
f 1951/890/3 1950/866/3 1966/866/3 1967/890/3
f 1959/891/3 1958/888/3 1974/888/3 1975/891/3
f 1952/892/3 1951/890/3 1967/890/3 1968/892/3
f 1960/893/3 1959/891/3 1975/891/3 1976/893/3
f 1953/894/3 1952/892/3 1968/892/3 1969/894/3
f 1961/895/3 1960/893/3 1976/893/3 1977/895/3
f 1954/887/3 1953/894/3 1969/894/3 1970/887/3
f 1947/896/3 1946/897/3 1962/897/3 1963/896/3
f 1946/897/3 1961/895/3 1977/895/3 1962/897/3
f 1969/894/177 1968/892/177 1989/892/177 1990/894/177
f 1977/895/185 1976/893/185 1997/893/185 1998/895/185
f 1970/887/178 1969/894/178 1990/894/178 1991/887/178
f 1963/896/186 1962/897/186 1983/897/186 1984/896/186
f 1962/897/172 1977/895/172 1998/895/172 1983/897/172
f 1971/886/179 1970/887/179 1991/887/179 1992/886/179
f 1964/898/187 1963/896/187 1984/896/187 1985/898/187
f 1972/899/180 1971/886/180 1992/886/180 1993/899/180
f 1965/867/173 1964/898/173 1985/898/173 1986/867/173
f 1973/889/181 1972/899/181 1993/899/181 1994/889/181
f 1966/866/174 1965/867/174 1986/867/174 1987/866/174
f 1974/888/182 1973/889/182 1994/889/182 1995/888/182
f 1967/890/175 1966/866/175 1987/866/175 1988/890/175
f 1975/891/183 1974/888/183 1995/888/183 1996/891/183
f 1968/892/176 1967/890/176 1988/890/176 1989/892/176
f 2271/900/18 1978/901/18 1984/896/18 1983/897/18
f 1978/901/18 1979/902/18 1985/898/18 1984/896/18
f 1979/902/18 2272/903/18 1986/867/18 1985/898/18
f 2272/903/18 1980/904/18 1987/866/18 1986/867/18
f 1980/904/18 2273/905/18 1988/890/18 1987/866/18
f 2273/905/18 1981/906/18 1989/892/18 1988/890/18
f 1981/906/18 2274/907/18 1990/894/18 1989/892/18
f 2274/907/18 2261/908/18 1991/887/18 1990/894/18
f 2261/908/18 2262/909/18 1992/886/18 1991/887/18
f 2262/909/18 2275/910/18 1993/899/18 1992/886/18
f 2275/910/18 1982/911/18 1994/889/18 1993/899/18
f 1982/911/18 2263/912/18 1995/888/18 1994/889/18
f 2263/912/18 2276/913/18 1996/891/18 1995/888/18
f 2276/913/18 2264/914/18 1997/893/18 1996/891/18
f 2264/914/18 2265/915/18 1998/895/18 1997/893/18
f 2265/915/18 2271/900/18 1983/897/18 1998/895/18
f 2004/915/3 2270/914/3 2019/914/3 2020/915/3
f 2010/905/175 2009/904/175 2041/904/175 2042/905/175
f 2002/908/3 2267/907/3 2012/907/3 2013/908/3
f 2000/901/3 1999/900/3 2005/900/3 2006/901/3
f 1999/900/3 2004/915/3 2020/915/3 2005/900/3
f 2268/909/3 2002/908/3 2013/908/3 2014/909/3
f 2277/902/3 2000/901/3 2006/901/3 2007/902/3
f 2280/910/3 2268/909/3 2014/909/3 2015/910/3
f 2266/903/3 2277/902/3 2007/902/3 2008/903/3
f 2281/911/3 2280/910/3 2015/910/3 2016/911/3
f 2278/904/3 2266/903/3 2008/903/3 2009/904/3
f 2003/912/3 2281/911/3 2016/911/3 2017/912/3
f 2279/905/3 2278/904/3 2009/904/3 2010/905/3
f 2269/913/3 2003/912/3 2017/912/3 2018/913/3
f 2001/906/3 2279/905/3 2010/905/3 2011/906/3
f 2270/914/3 2269/913/3 2018/913/3 2019/914/3
f 2267/907/3 2001/906/3 2011/906/3 2012/907/3
f 2018/913/183 2017/912/183 2049/912/183 2050/913/183
f 2011/906/176 2010/905/176 2042/905/176 2043/906/176
f 2019/914/184 2018/913/184 2050/913/184 2051/914/184
f 2012/907/177 2011/906/177 2043/906/177 2044/907/177
f 2020/915/185 2019/914/185 2051/914/185 2052/915/185
f 2013/908/178 2012/907/178 2044/907/178 2045/908/178
f 2006/901/186 2005/900/186 2037/900/186 2038/901/186
f 2005/900/172 2020/915/172 2052/915/172 2037/900/172
f 2014/909/179 2013/908/179 2045/908/179 2046/909/179
f 2007/902/187 2006/901/187 2038/901/187 2039/902/187
f 2015/910/180 2014/909/180 2046/909/180 2047/910/180
f 2008/903/173 2007/902/173 2039/902/173 2040/903/173
f 2016/911/181 2015/910/181 2047/910/181 2048/911/181
f 2009/904/174 2008/903/174 2040/903/174 2041/904/174
f 2017/912/182 2016/911/182 2048/911/182 2049/912/182
f 2021/918/18 2022/919/18 2038/901/18 2037/900/18
f 2022/919/18 2023/920/18 2039/902/18 2038/901/18
f 2023/920/18 2024/921/18 2040/903/18 2039/902/18
f 2024/921/18 2025/922/18 2041/904/18 2040/903/18
f 2025/922/18 2026/923/18 2042/905/18 2041/904/18
f 2026/923/18 2027/924/18 2043/906/18 2042/905/18
f 2027/924/18 2028/925/18 2044/907/18 2043/906/18
f 2028/925/18 2029/926/18 2045/908/18 2044/907/18
f 2029/926/18 2030/917/18 2046/909/18 2045/908/18
f 2030/917/18 2031/916/18 2047/910/18 2046/909/18
f 2031/916/18 2032/927/18 2048/911/18 2047/910/18
f 2032/927/18 2033/928/18 2049/912/18 2048/911/18
f 2033/928/18 2034/929/18 2050/913/18 2049/912/18
f 2034/929/18 2035/930/18 2051/914/18 2050/913/18
f 2035/930/18 2036/931/18 2052/915/18 2051/914/18
f 2036/931/18 2021/918/18 2037/900/18 2052/915/18
f 2301/908/186 2317/908/186 2322/909/186 2306/909/186
f 2312/910/173 2328/910/173 2329/911/173 2313/911/173
f 2306/909/187 2322/909/187 2328/910/187 2312/910/187
f 2299/901/180 2315/901/180 2325/902/180 2309/902/180
f 2313/911/174 2329/911/174 2318/912/174 2302/912/174
f 2309/902/181 2325/902/181 2320/903/181 2304/903/181
f 2302/912/175 2318/912/175 2323/913/175 2307/913/175
f 2304/903/182 2320/903/182 2326/904/182 2310/904/182
f 2298/900/179 2314/900/179 2315/901/179 2299/901/179
f 2308/914/177 2324/914/177 2319/915/177 2303/915/177
f 2311/905/184 2327/905/184 2316/906/184 2300/906/184
f 2303/915/178 2319/915/178 2314/900/178 2298/900/178
f 2300/906/185 2316/906/185 2321/907/185 2305/907/185
f 2307/913/176 2323/913/176 2324/914/176 2308/914/176
f 2305/907/172 2321/907/172 2317/908/172 2301/908/172
f 2310/904/183 2326/904/183 2327/905/183 2311/905/183
f 2326/904/18 2334/904/18 2344/905/18 2327/905/18
f 2317/908/18 2331/908/18 2341/909/18 2322/909/18
f 2328/910/18 2345/910/18 2335/911/18 2329/911/18
f 2322/909/18 2341/909/18 2345/910/18 2328/910/18
f 2315/901/18 2330/901/18 2333/902/18 2325/902/18
f 2329/911/18 2335/911/18 2332/912/18 2318/912/18
f 2325/902/18 2333/902/18 2339/903/18 2320/903/18
f 2318/912/18 2332/912/18 2342/913/18 2323/913/18
f 2320/903/18 2339/903/18 2334/904/18 2326/904/18
f 2314/900/18 2336/900/18 2330/901/18 2315/901/18
f 2324/914/18 2343/914/18 2338/915/18 2319/915/18
f 2327/905/18 2344/905/18 2337/906/18 2316/906/18
f 2319/915/18 2338/915/18 2336/900/18 2314/900/18
f 2316/906/18 2337/906/18 2340/907/18 2321/907/18
f 2323/913/18 2342/913/18 2343/914/18 2324/914/18
f 2321/907/18 2340/907/18 2331/908/18 2317/908/18
f 2291/298/257 2292/298/257 2446/298/257 2445/298/257
f 2283/298/3 2282/298/3 2410/298/3 2411/298/3
f 2282/298/3 2287/298/3 2412/298/3 2410/298/3
f 2292/298/3 2291/298/3 2413/298/3 2414/298/3
f 2295/298/3 2294/298/3 2415/298/3 2416/298/3
f 2297/298/3 2296/298/3 2417/298/3 2418/298/3
f 2293/298/3 2283/298/3 2411/298/3 2419/298/3
f 2288/298/3 2293/298/3 2419/298/3 2420/298/3
f 2294/298/3 2288/298/3 2420/298/3 2415/298/3
f 2284/298/3 2295/298/3 2416/298/3 2421/298/3
f 2289/298/3 2284/298/3 2421/298/3 2422/298/3
f 2285/298/3 2289/298/3 2422/298/3 2423/298/3
f 2290/298/3 2285/298/3 2423/298/3 2424/298/3
f 2296/298/3 2290/298/3 2424/298/3 2417/298/3
f 2286/298/3 2297/298/3 2418/298/3 2425/298/3
f 2291/298/3 2286/298/3 2425/298/3 2413/298/3
f 2287/298/3 2292/298/3 2414/298/3 2412/298/3
f 2289/298/258 2285/298/258 2455/298/258 2454/298/258
f 2294/298/259 2295/298/259 2448/298/259 2447/298/259
f 2285/298/260 2290/298/260 2456/298/260 2455/298/260
f 2296/298/261 2297/298/261 2450/298/261 2449/298/261
f 2290/298/262 2296/298/262 2449/298/262 2456/298/262
f 2283/298/263 2293/298/263 2451/298/263 2443/298/263
f 2297/298/264 2286/298/264 2457/298/264 2450/298/264
f 2293/298/265 2288/298/265 2452/298/265 2451/298/265
f 2286/298/266 2291/298/266 2445/298/266 2457/298/266
f 2288/298/267 2294/298/267 2447/298/267 2452/298/267
f 2282/298/268 2283/298/268 2443/298/268 2442/298/268
f 2292/298/269 2287/298/269 2444/298/269 2446/298/269
f 2295/298/270 2284/298/270 2453/298/270 2448/298/270
f 2287/298/271 2282/298/271 2442/298/271 2444/298/271
f 2284/298/272 2289/298/272 2454/298/272 2453/298/272
f 2427/298/3 2426/298/3 2442/298/3 2443/298/3
f 2426/298/3 2428/298/3 2444/298/3 2442/298/3
f 2430/298/3 2429/298/3 2445/298/3 2446/298/3
f 2432/298/3 2431/298/3 2447/298/3 2448/298/3
f 2434/298/3 2433/298/3 2449/298/3 2450/298/3
f 2435/298/3 2427/298/3 2443/298/3 2451/298/3
f 2436/298/3 2435/298/3 2451/298/3 2452/298/3
f 2431/298/3 2436/298/3 2452/298/3 2447/298/3
f 2437/298/3 2432/298/3 2448/298/3 2453/298/3
f 2438/298/3 2437/298/3 2453/298/3 2454/298/3
f 2439/298/3 2438/298/3 2454/298/3 2455/298/3
f 2440/298/3 2439/298/3 2455/298/3 2456/298/3
f 2433/298/3 2440/298/3 2456/298/3 2449/298/3
f 2441/298/3 2434/298/3 2450/298/3 2457/298/3
f 2429/298/3 2441/298/3 2457/298/3 2445/298/3
f 2428/298/3 2430/298/3 2446/298/3 2444/298/3
f 2579/886/3 2578/887/3 2594/887/3 2595/886/3
f 2600/893/184 2599/891/184 2620/891/184 2621/893/184
f 2572/898/3 2571/896/3 2587/896/3 2588/898/3
f 2580/899/3 2579/886/3 2595/886/3 2596/899/3
f 2573/867/3 2572/898/3 2588/898/3 2589/867/3
f 2581/889/3 2580/899/3 2596/899/3 2597/889/3
f 2574/866/3 2573/867/3 2589/867/3 2590/866/3
f 2582/888/3 2581/889/3 2597/889/3 2598/888/3
f 2575/890/3 2574/866/3 2590/866/3 2591/890/3
f 2583/891/3 2582/888/3 2598/888/3 2599/891/3
f 2576/892/3 2575/890/3 2591/890/3 2592/892/3
f 2584/893/3 2583/891/3 2599/891/3 2600/893/3
f 2577/894/3 2576/892/3 2592/892/3 2593/894/3
f 2585/895/3 2584/893/3 2600/893/3 2601/895/3
f 2578/887/3 2577/894/3 2593/894/3 2594/887/3
f 2571/896/3 2570/897/3 2586/897/3 2587/896/3
f 2570/897/3 2585/895/3 2601/895/3 2586/897/3
f 2593/894/177 2592/892/177 2613/892/177 2614/894/177
f 2601/895/185 2600/893/185 2621/893/185 2622/895/185
f 2594/887/178 2593/894/178 2614/894/178 2615/887/178
f 2587/896/186 2586/897/186 2607/897/186 2608/896/186
f 2586/897/172 2601/895/172 2622/895/172 2607/897/172
f 2595/886/179 2594/887/179 2615/887/179 2616/886/179
f 2588/898/187 2587/896/187 2608/896/187 2609/898/187
f 2596/899/180 2595/886/180 2616/886/180 2617/899/180
f 2589/867/173 2588/898/173 2609/898/173 2610/867/173
f 2597/889/181 2596/899/181 2617/899/181 2618/889/181
f 2590/866/174 2589/867/174 2610/867/174 2611/866/174
f 2598/888/182 2597/889/182 2618/889/182 2619/888/182
f 2591/890/175 2590/866/175 2611/866/175 2612/890/175
f 2599/891/183 2598/888/183 2619/888/183 2620/891/183
f 2592/892/176 2591/890/176 2612/890/176 2613/892/176
f 2895/900/18 2602/901/18 2608/896/18 2607/897/18
f 2602/901/18 2603/902/18 2609/898/18 2608/896/18
f 2603/902/18 2896/903/18 2610/867/18 2609/898/18
f 2896/903/18 2604/904/18 2611/866/18 2610/867/18
f 2604/904/18 2897/905/18 2612/890/18 2611/866/18
f 2897/905/18 2605/906/18 2613/892/18 2612/890/18
f 2605/906/18 2898/907/18 2614/894/18 2613/892/18
f 2898/907/18 2885/908/18 2615/887/18 2614/894/18
f 2885/908/18 2886/909/18 2616/886/18 2615/887/18
f 2886/909/18 2899/910/18 2617/899/18 2616/886/18
f 2899/910/18 2606/911/18 2618/889/18 2617/899/18
f 2606/911/18 2887/912/18 2619/888/18 2618/889/18
f 2887/912/18 2900/913/18 2620/891/18 2619/888/18
f 2900/913/18 2888/914/18 2621/893/18 2620/891/18
f 2888/914/18 2889/915/18 2622/895/18 2621/893/18
f 2889/915/18 2895/900/18 2607/897/18 2622/895/18
f 2628/915/3 2894/914/3 2643/914/3 2644/915/3
f 2634/905/175 2633/904/175 2665/904/175 2666/905/175
f 2626/908/3 2891/907/3 2636/907/3 2637/908/3
f 2624/901/3 2623/900/3 2629/900/3 2630/901/3
f 2623/900/3 2628/915/3 2644/915/3 2629/900/3
f 2892/909/3 2626/908/3 2637/908/3 2638/909/3
f 2901/902/3 2624/901/3 2630/901/3 2631/902/3
f 2904/910/3 2892/909/3 2638/909/3 2639/910/3
f 2890/903/3 2901/902/3 2631/902/3 2632/903/3
f 2905/911/3 2904/910/3 2639/910/3 2640/911/3
f 2902/904/3 2890/903/3 2632/903/3 2633/904/3
f 2627/912/3 2905/911/3 2640/911/3 2641/912/3
f 2903/905/3 2902/904/3 2633/904/3 2634/905/3
f 2893/913/3 2627/912/3 2641/912/3 2642/913/3
f 2625/906/3 2903/905/3 2634/905/3 2635/906/3
f 2894/914/3 2893/913/3 2642/913/3 2643/914/3
f 2891/907/3 2625/906/3 2635/906/3 2636/907/3
f 2642/913/183 2641/912/183 2673/912/183 2674/913/183
f 2635/906/176 2634/905/176 2666/905/176 2667/906/176
f 2643/914/184 2642/913/184 2674/913/184 2675/914/184
f 2636/907/177 2635/906/177 2667/906/177 2668/907/177
f 2644/915/185 2643/914/185 2675/914/185 2676/915/185
f 2637/908/178 2636/907/178 2668/907/178 2669/908/178
f 2630/901/186 2629/900/186 2661/900/186 2662/901/186
f 2629/900/172 2644/915/172 2676/915/172 2661/900/172
f 2638/909/179 2637/908/179 2669/908/179 2670/909/179
f 2631/902/187 2630/901/187 2662/901/187 2663/902/187
f 2639/910/180 2638/909/180 2670/909/180 2671/910/180
f 2632/903/173 2631/902/173 2663/902/173 2664/903/173
f 2640/911/181 2639/910/181 2671/910/181 2672/911/181
f 2633/904/174 2632/903/174 2664/903/174 2665/904/174
f 2641/912/182 2640/911/182 2672/911/182 2673/912/182
f 2645/918/18 2646/919/18 2662/901/18 2661/900/18
f 2646/919/18 2647/920/18 2663/902/18 2662/901/18
f 2647/920/18 2648/921/18 2664/903/18 2663/902/18
f 2648/921/18 2649/922/18 2665/904/18 2664/903/18
f 2649/922/18 2650/923/18 2666/905/18 2665/904/18
f 2650/923/18 2651/924/18 2667/906/18 2666/905/18
f 2651/924/18 2652/925/18 2668/907/18 2667/906/18
f 2652/925/18 2653/926/18 2669/908/18 2668/907/18
f 2653/926/18 2654/917/18 2670/909/18 2669/908/18
f 2654/917/18 2655/916/18 2671/910/18 2670/909/18
f 2655/916/18 2656/927/18 2672/911/18 2671/910/18
f 2656/927/18 2657/928/18 2673/912/18 2672/911/18
f 2657/928/18 2658/929/18 2674/913/18 2673/912/18
f 2658/929/18 2659/930/18 2675/914/18 2674/913/18
f 2659/930/18 2660/931/18 2676/915/18 2675/914/18
f 2660/931/18 2645/918/18 2661/900/18 2676/915/18
f 2925/908/186 2941/908/186 2946/909/186 2930/909/186
f 2936/910/173 2952/910/173 2953/911/173 2937/911/173
f 2930/909/187 2946/909/187 2952/910/187 2936/910/187
f 2923/901/180 2939/901/180 2949/902/180 2933/902/180
f 2937/911/174 2953/911/174 2942/912/174 2926/912/174
f 2933/902/181 2949/902/181 2944/903/181 2928/903/181
f 2926/912/175 2942/912/175 2947/913/175 2931/913/175
f 2928/903/182 2944/903/182 2950/904/182 2934/904/182
f 2922/900/179 2938/900/179 2939/901/179 2923/901/179
f 2932/914/177 2948/914/177 2943/915/177 2927/915/177
f 2935/905/184 2951/905/184 2940/906/184 2924/906/184
f 2927/915/178 2943/915/178 2938/900/178 2922/900/178
f 2924/906/185 2940/906/185 2945/907/185 2929/907/185
f 2931/913/176 2947/913/176 2948/914/176 2932/914/176
f 2929/907/172 2945/907/172 2941/908/172 2925/908/172
f 2934/904/183 2950/904/183 2951/905/183 2935/905/183
f 2950/904/18 2956/904/18 2968/905/18 2951/905/18
f 2941/908/18 2961/908/18 2965/909/18 2946/909/18
f 2952/910/18 2969/910/18 2957/911/18 2953/911/18
f 2946/909/18 2965/909/18 2969/910/18 2952/910/18
f 2939/901/18 2959/901/18 2955/902/18 2949/902/18
f 2953/911/18 2957/911/18 2962/912/18 2942/912/18
f 2949/902/18 2955/902/18 2964/903/18 2944/903/18
f 2942/912/18 2962/912/18 2966/913/18 2947/913/18
f 2944/903/18 2964/903/18 2956/904/18 2950/904/18
f 2938/900/18 2958/900/18 2959/901/18 2939/901/18
f 2948/914/18 2967/914/18 2963/915/18 2943/915/18
f 2951/905/18 2968/905/18 2960/906/18 2940/906/18
f 2943/915/18 2963/915/18 2958/900/18 2938/900/18
f 2940/906/18 2960/906/18 2954/907/18 2945/907/18
f 2947/913/18 2966/913/18 2967/914/18 2948/914/18
f 2945/907/18 2954/907/18 2961/908/18 2941/908/18
f 2915/298/257 2916/298/257 3070/298/257 3069/298/257
f 2907/298/3 2906/298/3 3034/298/3 3035/298/3
f 2906/298/3 2911/298/3 3036/298/3 3034/298/3
f 2916/298/3 2915/298/3 3037/298/3 3038/298/3
f 2919/298/3 2918/298/3 3039/298/3 3040/298/3
f 2921/298/3 2920/298/3 3041/298/3 3042/298/3
f 2917/298/3 2907/298/3 3035/298/3 3043/298/3
f 2912/298/3 2917/298/3 3043/298/3 3044/298/3
f 2918/298/3 2912/298/3 3044/298/3 3039/298/3
f 2908/298/3 2919/298/3 3040/298/3 3045/298/3
f 2913/298/3 2908/298/3 3045/298/3 3046/298/3
f 2909/298/3 2913/298/3 3046/298/3 3047/298/3
f 2914/298/3 2909/298/3 3047/298/3 3048/298/3
f 2920/298/3 2914/298/3 3048/298/3 3041/298/3
f 2910/298/3 2921/298/3 3042/298/3 3049/298/3
f 2915/298/3 2910/298/3 3049/298/3 3037/298/3
f 2911/298/3 2916/298/3 3038/298/3 3036/298/3
f 2913/298/258 2909/298/258 3079/298/258 3078/298/258
f 2918/298/259 2919/298/259 3072/298/259 3071/298/259
f 2909/298/260 2914/298/260 3080/298/260 3079/298/260
f 2920/298/261 2921/298/261 3074/298/261 3073/298/261
f 2914/298/262 2920/298/262 3073/298/262 3080/298/262
f 2907/298/263 2917/298/263 3075/298/263 3067/298/263
f 2921/298/264 2910/298/264 3081/298/264 3074/298/264
f 2917/298/265 2912/298/265 3076/298/265 3075/298/265
f 2910/298/266 2915/298/266 3069/298/266 3081/298/266
f 2912/298/267 2918/298/267 3071/298/267 3076/298/267
f 2906/298/268 2907/298/268 3067/298/268 3066/298/268
f 2916/298/269 2911/298/269 3068/298/269 3070/298/269
f 2919/298/270 2908/298/270 3077/298/270 3072/298/270
f 2911/298/271 2906/298/271 3066/298/271 3068/298/271
f 2908/298/272 2913/298/272 3078/298/272 3077/298/272
f 3051/298/3 3050/298/3 3066/298/3 3067/298/3
f 3050/298/3 3052/298/3 3068/298/3 3066/298/3
f 3054/298/3 3053/298/3 3069/298/3 3070/298/3
f 3056/298/3 3055/298/3 3071/298/3 3072/298/3
f 3058/298/3 3057/298/3 3073/298/3 3074/298/3
f 3059/298/3 3051/298/3 3067/298/3 3075/298/3
f 3060/298/3 3059/298/3 3075/298/3 3076/298/3
f 3055/298/3 3060/298/3 3076/298/3 3071/298/3
f 3061/298/3 3056/298/3 3072/298/3 3077/298/3
f 3062/298/3 3061/298/3 3077/298/3 3078/298/3
f 3063/298/3 3062/298/3 3078/298/3 3079/298/3
f 3064/298/3 3063/298/3 3079/298/3 3080/298/3
f 3057/298/3 3064/298/3 3080/298/3 3073/298/3
f 3065/298/3 3058/298/3 3074/298/3 3081/298/3
f 3053/298/3 3065/298/3 3081/298/3 3069/298/3
f 3052/298/3 3054/298/3 3070/298/3 3068/298/3
f 3203/886/3 3202/887/3 3218/887/3 3219/886/3
f 3224/893/184 3223/891/184 3244/891/184 3245/893/184
f 3196/898/3 3195/896/3 3211/896/3 3212/898/3
f 3204/899/3 3203/886/3 3219/886/3 3220/899/3
f 3197/867/3 3196/898/3 3212/898/3 3213/867/3
f 3205/889/3 3204/899/3 3220/899/3 3221/889/3
f 3198/866/3 3197/867/3 3213/867/3 3214/866/3
f 3206/888/3 3205/889/3 3221/889/3 3222/888/3
f 3199/890/3 3198/866/3 3214/866/3 3215/890/3
f 3207/891/3 3206/888/3 3222/888/3 3223/891/3
f 3200/892/3 3199/890/3 3215/890/3 3216/892/3
f 3208/893/3 3207/891/3 3223/891/3 3224/893/3
f 3201/894/3 3200/892/3 3216/892/3 3217/894/3
f 3209/895/3 3208/893/3 3224/893/3 3225/895/3
f 3202/887/3 3201/894/3 3217/894/3 3218/887/3
f 3195/896/3 3194/897/3 3210/897/3 3211/896/3
f 3194/897/3 3209/895/3 3225/895/3 3210/897/3
f 3217/894/177 3216/892/177 3237/892/177 3238/894/177
f 3225/895/185 3224/893/185 3245/893/185 3246/895/185
f 3218/887/178 3217/894/178 3238/894/178 3239/887/178
f 3211/896/186 3210/897/186 3231/897/186 3232/896/186
f 3210/897/172 3225/895/172 3246/895/172 3231/897/172
f 3219/886/179 3218/887/179 3239/887/179 3240/886/179
f 3212/898/187 3211/896/187 3232/896/187 3233/898/187
f 3220/899/180 3219/886/180 3240/886/180 3241/899/180
f 3213/867/173 3212/898/173 3233/898/173 3234/867/173
f 3221/889/181 3220/899/181 3241/899/181 3242/889/181
f 3214/866/174 3213/867/174 3234/867/174 3235/866/174
f 3222/888/182 3221/889/182 3242/889/182 3243/888/182
f 3215/890/175 3214/866/175 3235/866/175 3236/890/175
f 3223/891/183 3222/888/183 3243/888/183 3244/891/183
f 3216/892/176 3215/890/176 3236/890/176 3237/892/176
f 3519/900/18 3226/901/18 3232/896/18 3231/897/18
f 3226/901/18 3227/902/18 3233/898/18 3232/896/18
f 3227/902/18 3520/903/18 3234/867/18 3233/898/18
f 3520/903/18 3228/904/18 3235/866/18 3234/867/18
f 3228/904/18 3521/905/18 3236/890/18 3235/866/18
f 3521/905/18 3229/906/18 3237/892/18 3236/890/18
f 3229/906/18 3522/907/18 3238/894/18 3237/892/18
f 3522/907/18 3509/908/18 3239/887/18 3238/894/18
f 3509/908/18 3510/909/18 3240/886/18 3239/887/18
f 3510/909/18 3523/910/18 3241/899/18 3240/886/18
f 3523/910/18 3230/911/18 3242/889/18 3241/899/18
f 3230/911/18 3511/912/18 3243/888/18 3242/889/18
f 3511/912/18 3524/913/18 3244/891/18 3243/888/18
f 3524/913/18 3512/914/18 3245/893/18 3244/891/18
f 3512/914/18 3513/915/18 3246/895/18 3245/893/18
f 3513/915/18 3519/900/18 3231/897/18 3246/895/18
f 3252/915/3 3518/914/3 3267/914/3 3268/915/3
f 3258/905/175 3257/904/175 3289/904/175 3290/905/175
f 3250/908/3 3515/907/3 3260/907/3 3261/908/3
f 3248/901/3 3247/900/3 3253/900/3 3254/901/3
f 3247/900/3 3252/915/3 3268/915/3 3253/900/3
f 3516/909/3 3250/908/3 3261/908/3 3262/909/3
f 3525/902/3 3248/901/3 3254/901/3 3255/902/3
f 3528/910/3 3516/909/3 3262/909/3 3263/910/3
f 3514/903/3 3525/902/3 3255/902/3 3256/903/3
f 3529/911/3 3528/910/3 3263/910/3 3264/911/3
f 3526/904/3 3514/903/3 3256/903/3 3257/904/3
f 3251/912/3 3529/911/3 3264/911/3 3265/912/3
f 3527/905/3 3526/904/3 3257/904/3 3258/905/3
f 3517/913/3 3251/912/3 3265/912/3 3266/913/3
f 3249/906/3 3527/905/3 3258/905/3 3259/906/3
f 3518/914/3 3517/913/3 3266/913/3 3267/914/3
f 3515/907/3 3249/906/3 3259/906/3 3260/907/3
f 3266/913/183 3265/912/183 3297/912/183 3298/913/183
f 3259/906/176 3258/905/176 3290/905/176 3291/906/176
f 3267/914/184 3266/913/184 3298/913/184 3299/914/184
f 3260/907/177 3259/906/177 3291/906/177 3292/907/177
f 3268/915/185 3267/914/185 3299/914/185 3300/915/185
f 3261/908/178 3260/907/178 3292/907/178 3293/908/178
f 3254/901/186 3253/900/186 3285/900/186 3286/901/186
f 3253/900/172 3268/915/172 3300/915/172 3285/900/172
f 3262/909/179 3261/908/179 3293/908/179 3294/909/179
f 3255/902/187 3254/901/187 3286/901/187 3287/902/187
f 3263/910/180 3262/909/180 3294/909/180 3295/910/180
f 3256/903/173 3255/902/173 3287/902/173 3288/903/173
f 3264/911/181 3263/910/181 3295/910/181 3296/911/181
f 3257/904/174 3256/903/174 3288/903/174 3289/904/174
f 3265/912/182 3264/911/182 3296/911/182 3297/912/182
f 3269/918/18 3270/919/18 3286/901/18 3285/900/18
f 3270/919/18 3271/920/18 3287/902/18 3286/901/18
f 3271/920/18 3272/921/18 3288/903/18 3287/902/18
f 3272/921/18 3273/922/18 3289/904/18 3288/903/18
f 3273/922/18 3274/923/18 3290/905/18 3289/904/18
f 3274/923/18 3275/924/18 3291/906/18 3290/905/18
f 3275/924/18 3276/925/18 3292/907/18 3291/906/18
f 3276/925/18 3277/926/18 3293/908/18 3292/907/18
f 3277/926/18 3278/917/18 3294/909/18 3293/908/18
f 3278/917/18 3279/916/18 3295/910/18 3294/909/18
f 3279/916/18 3280/927/18 3296/911/18 3295/910/18
f 3280/927/18 3281/928/18 3297/912/18 3296/911/18
f 3281/928/18 3282/929/18 3298/913/18 3297/912/18
f 3282/929/18 3283/930/18 3299/914/18 3298/913/18
f 3283/930/18 3284/931/18 3300/915/18 3299/914/18
f 3284/931/18 3269/918/18 3285/900/18 3300/915/18
f 3549/908/186 3565/908/186 3570/909/186 3554/909/186
f 3560/910/173 3576/910/173 3577/911/173 3561/911/173
f 3554/909/187 3570/909/187 3576/910/187 3560/910/187
f 3547/901/180 3563/901/180 3573/902/180 3557/902/180
f 3561/911/174 3577/911/174 3566/912/174 3550/912/174
f 3557/902/181 3573/902/181 3568/903/181 3552/903/181
f 3550/912/175 3566/912/175 3571/913/175 3555/913/175
f 3552/903/182 3568/903/182 3574/904/182 3558/904/182
f 3546/900/179 3562/900/179 3563/901/179 3547/901/179
f 3556/914/177 3572/914/177 3567/915/177 3551/915/177
f 3559/905/184 3575/905/184 3564/906/184 3548/906/184
f 3551/915/178 3567/915/178 3562/900/178 3546/900/178
f 3548/906/185 3564/906/185 3569/907/185 3553/907/185
f 3555/913/176 3571/913/176 3572/914/176 3556/914/176
f 3553/907/172 3569/907/172 3565/908/172 3549/908/172
f 3558/904/183 3574/904/183 3575/905/183 3559/905/183
f 3574/904/18 3584/904/18 3592/905/18 3575/905/18
f 3565/908/18 3587/908/18 3582/909/18 3570/909/18
f 3576/910/18 3585/910/18 3593/911/18 3577/911/18
f 3570/909/18 3582/909/18 3585/910/18 3576/910/18
f 3563/901/18 3586/901/18 3591/902/18 3573/902/18
f 3577/911/18 3593/911/18 3588/912/18 3566/912/18
f 3573/902/18 3591/902/18 3580/903/18 3568/903/18
f 3566/912/18 3588/912/18 3583/913/18 3571/913/18
f 3568/903/18 3580/903/18 3584/904/18 3574/904/18
f 3562/900/18 3578/900/18 3586/901/18 3563/901/18
f 3572/914/18 3590/914/18 3589/915/18 3567/915/18
f 3575/905/18 3592/905/18 3579/906/18 3564/906/18
f 3567/915/18 3589/915/18 3578/900/18 3562/900/18
f 3564/906/18 3579/906/18 3581/907/18 3569/907/18
f 3571/913/18 3583/913/18 3590/914/18 3572/914/18
f 3569/907/18 3581/907/18 3587/908/18 3565/908/18
f 3539/298/257 3540/298/257 3694/298/257 3693/298/257
f 3531/298/3 3530/298/3 3658/298/3 3659/298/3
f 3530/298/3 3535/298/3 3660/298/3 3658/298/3
f 3540/298/3 3539/298/3 3661/298/3 3662/298/3
f 3543/298/3 3542/298/3 3663/298/3 3664/298/3
f 3545/298/3 3544/298/3 3665/298/3 3666/298/3
f 3541/298/3 3531/298/3 3659/298/3 3667/298/3
f 3536/298/3 3541/298/3 3667/298/3 3668/298/3
f 3542/298/3 3536/298/3 3668/298/3 3663/298/3
f 3532/298/3 3543/298/3 3664/298/3 3669/298/3
f 3537/298/3 3532/298/3 3669/298/3 3670/298/3
f 3533/298/3 3537/298/3 3670/298/3 3671/298/3
f 3538/298/3 3533/298/3 3671/298/3 3672/298/3
f 3544/298/3 3538/298/3 3672/298/3 3665/298/3
f 3534/298/3 3545/298/3 3666/298/3 3673/298/3
f 3539/298/3 3534/298/3 3673/298/3 3661/298/3
f 3535/298/3 3540/298/3 3662/298/3 3660/298/3
f 3537/298/258 3533/298/258 3703/298/258 3702/298/258
f 3542/298/259 3543/298/259 3696/298/259 3695/298/259
f 3533/298/260 3538/298/260 3704/298/260 3703/298/260
f 3544/298/261 3545/298/261 3698/298/261 3697/298/261
f 3538/298/262 3544/298/262 3697/298/262 3704/298/262
f 3531/298/263 3541/298/263 3699/298/263 3691/298/263
f 3545/298/264 3534/298/264 3705/298/264 3698/298/264
f 3541/298/265 3536/298/265 3700/298/265 3699/298/265
f 3534/298/266 3539/298/266 3693/298/266 3705/298/266
f 3536/298/267 3542/298/267 3695/298/267 3700/298/267
f 3530/298/268 3531/298/268 3691/298/268 3690/298/268
f 3540/298/269 3535/298/269 3692/298/269 3694/298/269
f 3543/298/270 3532/298/270 3701/298/270 3696/298/270
f 3535/298/271 3530/298/271 3690/298/271 3692/298/271
f 3532/298/272 3537/298/272 3702/298/272 3701/298/272
f 3675/298/3 3674/298/3 3690/298/3 3691/298/3
f 3674/298/3 3676/298/3 3692/298/3 3690/298/3
f 3678/298/3 3677/298/3 3693/298/3 3694/298/3
f 3680/298/3 3679/298/3 3695/298/3 3696/298/3
f 3682/298/3 3681/298/3 3697/298/3 3698/298/3
f 3683/298/3 3675/298/3 3691/298/3 3699/298/3
f 3684/298/3 3683/298/3 3699/298/3 3700/298/3
f 3679/298/3 3684/298/3 3700/298/3 3695/298/3
f 3685/298/3 3680/298/3 3696/298/3 3701/298/3
f 3686/298/3 3685/298/3 3701/298/3 3702/298/3
f 3687/298/3 3686/298/3 3702/298/3 3703/298/3
f 3688/298/3 3687/298/3 3703/298/3 3704/298/3
f 3681/298/3 3688/298/3 3704/298/3 3697/298/3
f 3689/298/3 3682/298/3 3698/298/3 3705/298/3
f 3677/298/3 3689/298/3 3705/298/3 3693/298/3
f 3676/298/3 3678/298/3 3694/298/3 3692/298/3
f 4310/1199/1 4311/1200/1 4314/1200/1 4315/1199/1
f 4281/1229/578 4278/1230/578 4295/1230/578 4334/1231/578 4552/1232/578 4496/1233/578 4528/1234/578 4478/1235/578 4544/1236/578 4488/1237/578 4520/1238/578 4296/1229/578
f 4282/1239/4 4283/1240/4 4298/1240/4 4299/1239/4
f 4278/1230/8 4279/1241/8 4294/1241/8 4295/1230/8
f 4340/1254/4 4338/1255/4 4472/1255/4 4476/1254/4
f 4341/1256/8 4335/1257/8 4470/1257/8 4477/1256/8
f 4285/1247/579 4282/1239/579 4299/1239/579 4337/1261/579 4554/1262/579 4498/1263/579 4530/1264/579 4480/1265/579 4546/1266/579 4490/1267/579 4522/1268/579 4300/1247/579
f 4279/1241/585 4280/1245/585 4463/1245/585 4462/1269/585 4294/1241/585
f 4283/1240/586 4284/1246/586 4465/1246/586 4464/1270/586 4298/1240/586
f 4280/1245/4 4281/1229/4 4296/1229/4 4521/1271/4 4489/1272/4 4545/1273/4 4479/1274/4 4529/1275/4 4497/1276/4 4553/1277/4 4467/1278/4 4463/1245/4
f 4284/1246/8 4285/1247/8 4300/1247/8 4555/1279/8 4499/1280/8 4531/1281/8 4481/1282/8 4547/1283/8 4491/1284/8 4523/1285/8 4466/1286/8 4465/1246/8
f 4312/1288/5 4313/1290/5 4316/1290/5 4317/1288/5
f 4313/1290/4 4310/1199/4 4315/1199/4 4316/1290/4
f 4311/1200/8 4312/1288/8 4317/1288/8 4314/1200/8
f 4315/1199/587 4314/1200/587 4319/1293/587 4318/1294/587
f 4314/1200/588 4317/1288/588 4320/1291/588 4319/1293/588
f 4317/1288/589 4316/1290/589 4321/1292/589 4320/1291/589
f 4316/1290/590 4315/1199/590 4318/1294/590 4321/1292/590
f 4816/1295/4 4817/1296/4 4904/1296/4 4905/1295/4
f 4345/1297/8 4346/1298/8 4354/1298/8 4356/1297/8
f 4630/1299/595 4526/1300/595 4467/1278/595 4553/1277/595
f 4350/1301/4 4351/1302/4 4359/1302/4 4361/1301/4
f 4295/1230/580 4294/1241/580 4343/1303/580 4342/1304/580
f 4294/1241/595 4462/1269/595 4344/1305/595 4343/1303/595
f 4462/1269/580 4469/1306/580 4345/1297/580 4344/1305/580
f 4469/1306/580 4559/1307/580 4503/1308/580 4535/1309/580 4485/1310/580 4551/1311/580 4495/1312/580 4527/1313/580 4334/1231/580 4346/1298/580 4345/1297/580
f 4334/1231/580 4295/1230/580 4342/1304/580 4346/1298/580
f 4299/1239/581 4298/1240/581 4348/1314/581 4347/1315/581
f 4298/1240/596 4464/1270/596 4349/1316/596 4348/1314/596
f 4464/1270/581 4468/1317/581 4350/1301/581 4349/1316/581
f 4468/1317/581 4557/1318/581 4501/1319/581 4533/1320/581 4483/1321/581 4549/1322/581 4493/1323/581 4525/1324/581 4337/1261/581 4351/1302/581 4350/1301/581
f 4337/1261/581 4299/1239/581 4347/1315/581 4351/1302/581
f 4351/1302/597 4347/1315/597 4358/1315/597 4359/1302/597
f 4346/1298/598 4342/1304/598 4353/1304/598 4354/1298/598
f 4348/1314/599 4349/1316/599 4360/1316/599 4357/1314/599
f 4343/1303/600 4344/1305/600 4355/1305/600 4352/1303/600
f 4349/1316/4 4350/1301/4 4361/1301/4 4360/1316/4
f 4344/1305/8 4345/1297/8 4356/1297/8 4355/1305/8
f 4347/1315/8 4348/1314/8 4357/1314/8 4358/1315/8
f 4342/1304/4 4343/1303/4 4352/1303/4 4353/1304/4
f 4297/1361/595 4335/1257/595 4462/1269/595 4463/1245/595
f 4301/1362/596 4338/1255/596 4464/1270/596 4465/1246/596
f 4339/1363/581 4301/1362/581 4465/1246/581 4466/1286/581
f 4336/1364/580 4297/1361/580 4463/1245/580 4467/1278/580
f 4340/1254/581 4339/1363/581 4466/1286/581 4524/1365/581 4492/1366/581 4548/1367/581 4482/1368/581 4532/1369/581 4500/1370/581 4556/1371/581 4468/1317/581
f 4338/1255/581 4340/1254/581 4468/1317/581 4464/1270/581
f 4341/1256/580 4336/1364/580 4467/1278/580 4526/1300/580 4494/1372/580 4550/1373/580 4484/1374/580 4534/1375/580 4502/1376/580 4558/1377/580 4469/1306/580
f 4335/1257/580 4341/1256/580 4469/1306/580 4462/1269/580
f 4297/1361/4 4336/1364/4 4475/1364/4 4471/1361/4
f 4338/1255/597 4301/1362/597 4473/1362/597 4472/1255/597
f 4336/1364/604 4341/1256/604 4477/1256/604 4475/1364/604
f 4339/1363/603 4340/1254/603 4476/1254/603 4474/1363/603
f 4301/1362/8 4339/1363/8 4474/1363/8 4473/1362/8
f 4335/1257/598 4297/1361/598 4471/1361/598 4470/1257/598
f 4629/1378/595 4536/1379/595 4479/1274/595 4545/1273/595
f 4628/1380/595 4537/1381/595 4486/1382/595 4562/1383/595
f 4713/1384/624 4714/1385/624 4799/1385/624 4796/1384/624
f 4882/1386/8 4883/1387/8 4970/1387/8 4971/1386/8
f 4663/1388/602 4660/1389/602 4745/1389/602 4746/1388/602
f 4624/1390/596 4532/1369/596 4482/1368/596 4567/1391/596
f 4623/1392/581 4568/1393/581 4511/1394/581 4543/1395/581
f 4622/1396/581 4569/1397/581 4512/1398/581 4570/1399/581
f 4621/1400/596 4556/1371/596 4500/1370/596 4571/1401/596
f 4620/1402/596 4572/1403/596 4510/1404/596 4542/1405/596
f 4674/1406/8 4675/1407/8 4758/1407/8 4759/1406/8
f 4618/1408/596 4565/1409/596 4509/1410/596 4575/1411/596
f 4617/1412/596 4576/1413/596 4499/1280/596 4555/1279/596
f 4616/1414/596 4577/1415/596 4514/1416/596 4578/1417/596
f 4615/1418/596 4564/1419/596 4508/1420/596 4579/1421/596
f 4614/1422/580 4580/1423/580 4507/1424/580 4539/1425/580
f 4829/1426/600 4830/1427/600 4919/1427/600 4916/1426/600
f 4612/1428/595 4558/1377/595 4502/1376/595 4583/1429/595
f 4611/1430/595 4584/1431/595 4506/1432/595 4538/1433/595
f 4610/1434/595 4585/1435/595 4516/1436/595 4586/1437/595
f 4609/1438/595 4561/1439/595 4505/1440/595 4587/1441/595
f 4868/1442/8 4869/1443/8 4956/1443/8 4957/1442/8
f 4607/1444/595 4589/1445/595 4517/1446/595 4590/1447/595
f 4715/1448/625 4712/1449/625 4797/1449/625 4798/1448/625
f 4660/1389/4 4661/1450/4 4744/1450/4 4745/1389/4
f 4604/1451/580 4593/1452/580 4518/1453/580 4594/1454/580
f 4881/1455/604 4882/1386/604 4971/1386/604 4968/1455/604
f 4602/1456/581 4596/1457/581 4491/1284/581 4547/1283/581
f 4601/1458/581 4597/1459/581 4519/1460/581 4598/1461/581
f 4600/1462/596 4548/1367/596 4492/1366/596 4599/1463/596
f 4597/1459/596 4600/1462/596 4599/1463/596 4519/1460/596
f 4831/1464/602 4828/1465/602 4917/1465/602 4918/1464/602
f 4567/1391/596 4482/1368/596 4548/1367/596 4600/1462/596
f 4842/1466/8 4843/1467/8 4930/1467/8 4931/1466/8
f 4673/1468/626 4674/1406/626 4759/1406/626 4756/1468/626
f 4543/1395/581 4511/1394/581 4597/1459/581 4601/1458/581
f 4540/1469/596 4602/1456/596 4547/1283/596 4481/1282/596
f 4508/1420/596 4598/1461/596 4602/1456/596 4540/1469/596
f 4634/1470/8 4635/1471/8 4718/1471/8 4719/1470/8
f 4593/1452/595 4603/1472/595 4595/1473/595 4518/1453/595
f 4507/1424/595 4563/1474/595 4603/1472/595 4593/1452/595
f 4563/1474/595 4484/1374/595 4550/1373/595 4603/1472/595
f 4560/1475/595 4604/1451/595 4594/1454/595 4504/1476/595
f 4883/1387/627 4880/1477/627 4969/1477/627 4970/1387/627
f 4539/1425/580 4507/1424/580 4593/1452/580 4604/1451/580
f 4536/1379/595 4605/1478/595 4529/1275/595 4479/1274/595
f 4504/1476/595 4594/1454/595 4605/1478/595 4536/1379/595
f 4594/1454/580 4518/1453/580 4592/1479/580 4605/1478/580
f 4589/1445/580 4606/1480/580 4591/1481/580 4517/1446/580
f 4506/1432/580 4562/1383/580 4606/1480/580 4589/1445/580
f 4562/1383/595 4486/1382/595 4560/1475/595 4606/1480/595
f 4544/1236/580 4607/1444/580 4590/1447/580 4488/1237/580
f 4828/1465/4 4829/1426/4 4916/1426/4 4917/1465/4
f 4841/1482/600 4842/1466/600 4931/1466/600 4928/1482/600
f 4520/1238/595 4608/1483/595 4521/1271/595 4296/1229/595
f 4488/1237/580 4590/1447/580 4608/1483/580 4520/1238/580
f 4712/1449/8 4713/1384/8 4796/1384/8 4797/1449/8
f 4585/1435/580 4609/1438/580 4587/1441/580 4516/1436/580
f 4675/1407/602 4672/1484/602 4757/1484/602 4758/1407/602
f 4551/1311/595 4485/1310/595 4561/1439/595 4609/1438/595
f 4552/1232/580 4610/1434/580 4586/1437/580 4496/1233/580
f 4334/1231/580 4527/1313/580 4610/1434/580 4552/1232/580
f 4802/1485/4 4803/1486/4 4890/1486/4 4891/1485/4
f 4528/1234/580 4611/1430/580 4538/1433/580 4478/1235/580
f 4686/1487/4 4687/1488/4 4770/1488/4 4771/1487/4
f 4633/1489/600 4634/1470/600 4719/1470/600 4716/1489/600
f 4581/1490/595 4612/1428/595 4583/1429/595 4515/1491/595
f 4880/1477/4 4881/1455/4 4968/1455/4 4969/1477/4
f 4559/1307/595 4469/1306/595 4558/1377/595 4612/1428/595
f 4672/1484/4 4673/1468/4 4756/1468/4 4757/1484/4
f 4485/1310/595 4535/1309/595 4613/1492/595 4561/1439/595
f 4535/1309/580 4503/1308/580 4581/1490/580 4613/1492/580
f 4537/1381/595 4614/1422/595 4539/1425/595 4486/1382/595
f 4685/1493/599 4686/1487/599 4771/1487/599 4768/1493/599
f 4582/1494/580 4515/1491/580 4580/1423/580 4614/1422/580
f 4577/1415/581 4615/1418/581 4579/1421/581 4514/1416/581
f 4510/1404/581 4566/1495/581 4615/1418/581 4577/1415/581
f 4566/1495/596 4487/1496/596 4564/1419/596 4615/1418/596
f 4635/1471/627 4632/1497/627 4717/1497/627 4718/1471/627
f 4480/1265/581 4542/1405/581 4616/1414/581 4546/1266/581
f 4843/1467/602 4840/1498/602 4929/1498/602 4930/1467/602
f 4522/1268/596 4617/1412/596 4555/1279/596 4300/1247/596
f 4490/1267/581 4578/1417/581 4617/1412/581 4522/1268/581
f 4854/1499/4 4855/1500/4 4942/1500/4 4943/1499/4
f 4801/1501/603 4802/1485/603 4891/1485/603 4888/1501/603
f 4646/1502/8 4647/1503/8 4730/1503/8 4731/1502/8
f 4840/1498/4 4841/1482/4 4928/1482/4 4929/1498/4
f 4554/1262/581 4619/1504/581 4574/1505/581 4498/1263/581
f 4337/1261/581 4525/1324/581 4619/1504/581 4554/1262/581
f 4525/1324/596 4493/1323/596 4573/1506/596 4619/1504/596
f 4530/1264/581 4620/1402/581 4542/1405/581 4480/1265/581
f 4853/1507/599 4854/1499/599 4943/1499/599 4940/1507/599
f 4574/1505/596 4513/1508/596 4572/1403/596 4620/1402/596
f 4569/1397/596 4621/1400/596 4571/1401/596 4512/1398/596
f 4501/1319/596 4557/1318/596 4621/1400/596 4569/1397/596
f 4803/1486/625 4800/1509/625 4889/1509/625 4890/1486/625
f 4565/1409/596 4622/1396/596 4570/1399/596 4509/1410/596
f 4483/1321/596 4533/1320/596 4622/1396/596 4565/1409/596
f 4533/1320/581 4501/1319/581 4569/1397/581 4622/1396/581
f 4541/1510/596 4623/1392/596 4543/1395/596 4487/1496/596
f 4509/1410/596 4570/1399/596 4623/1392/596 4541/1510/596
f 4687/1488/625 4684/1511/625 4769/1511/625 4770/1488/625
f 4568/1393/596 4624/1390/596 4567/1391/596 4511/1394/596
f 4512/1398/596 4571/1401/596 4624/1390/596 4568/1393/596
f 4632/1497/4 4633/1489/4 4716/1489/4 4717/1497/4
f 4572/1403/581 4625/1512/581 4566/1495/581 4510/1404/581
f 4513/1508/581 4575/1411/581 4625/1512/581 4572/1403/581
f 4575/1411/596 4509/1410/596 4541/1510/596 4625/1512/596
f 4576/1413/581 4626/1513/581 4531/1281/581 4499/1280/581
f 4698/1514/4 4699/1515/4 4782/1515/4 4783/1514/4
f 4579/1421/596 4508/1420/596 4540/1469/596 4626/1513/596
f 4580/1423/595 4627/1516/595 4563/1474/595 4507/1424/595
f 4645/1517/626 4646/1502/626 4731/1502/626 4728/1517/626
f 4583/1429/595 4502/1376/595 4534/1375/595 4627/1516/595
f 4584/1431/580 4628/1380/580 4562/1383/580 4506/1432/580
f 4814/1518/8 4815/1519/8 4902/1519/8 4903/1518/8
f 4587/1441/595 4505/1440/595 4537/1381/595 4628/1380/595
f 4588/1520/580 4629/1378/580 4545/1273/580 4489/1272/580
f 4517/1446/580 4591/1481/580 4629/1378/580 4588/1520/580
f 4855/1500/601 4852/1521/601 4941/1521/601 4942/1500/601
f 4592/1479/595 4630/1299/595 4553/1277/595 4497/1276/595
f 4684/1511/8 4685/1493/8 4768/1493/8 4769/1511/8
f 4800/1509/8 4801/1501/8 4888/1501/8 4889/1509/8
f 4596/1457/596 4631/1522/596 4523/1285/596 4491/1284/596
f 4697/1523/599 4698/1514/599 4783/1514/599 4780/1523/599
f 4866/1524/4 4867/1525/4 4954/1525/4 4955/1524/4
f 4627/1516/580 4534/1375/580 4633/1489/580 4632/1497/580
f 4534/1375/595 4484/1374/595 4634/1470/595 4633/1489/595
f 4484/1374/580 4563/1474/580 4635/1471/580 4634/1470/580
f 4563/1474/595 4627/1516/595 4632/1497/595 4635/1471/595
f 4625/1512/581 4541/1510/581 4637/1526/581 4636/1527/581
f 4541/1510/628 4487/1496/628 4638/1528/628 4637/1526/628
f 4487/1496/581 4566/1495/581 4639/1529/581 4638/1528/581
f 4566/1495/596 4625/1512/596 4636/1527/596 4639/1529/596
f 4619/1504/581 4573/1506/581 4641/1530/581 4640/1531/581
f 4573/1506/596 4513/1508/596 4642/1532/596 4641/1530/596
f 4513/1508/581 4574/1505/581 4643/1533/581 4642/1532/581
f 4574/1505/628 4619/1504/628 4640/1531/628 4643/1533/628
f 4606/1480/580 4560/1475/580 4645/1517/580 4644/1534/580
f 4560/1475/629 4504/1476/629 4646/1502/629 4645/1517/629
f 4504/1476/580 4591/1481/580 4647/1503/580 4646/1502/580
f 4591/1481/595 4606/1480/595 4644/1534/595 4647/1503/595
f 4605/1478/580 4592/1479/580 4649/1535/580 4648/1536/580
f 4592/1479/595 4497/1276/595 4650/1537/595 4649/1535/595
f 4497/1276/580 4529/1275/580 4651/1538/580 4650/1537/580
f 4529/1275/629 4605/1478/629 4648/1536/629 4651/1538/629
f 4487/1496/581 4543/1395/581 4653/1539/581 4652/1540/581
f 4543/1395/596 4601/1458/596 4654/1541/596 4653/1539/596
f 4601/1458/581 4564/1419/581 4655/1542/581 4654/1541/581
f 4564/1419/628 4487/1496/628 4652/1540/628 4655/1542/628
f 4598/1461/581 4519/1460/581 4657/1543/581 4656/1544/581
f 4519/1460/596 4596/1457/596 4658/1545/596 4657/1543/596
f 4596/1457/581 4602/1456/581 4659/1546/581 4658/1545/581
f 4602/1456/628 4598/1461/628 4656/1544/628 4659/1546/628
f 4590/1447/580 4517/1446/580 4661/1450/580 4660/1389/580
f 4517/1446/595 4588/1520/595 4662/1547/595 4661/1450/595
f 4588/1520/580 4608/1483/580 4663/1388/580 4662/1547/580
f 4608/1483/629 4590/1447/629 4660/1389/629 4663/1388/629
f 4495/1312/580 4551/1311/580 4665/1548/580 4664/1549/580
f 4551/1311/629 4609/1438/629 4666/1550/629 4665/1548/629
f 4609/1438/580 4585/1435/580 4667/1551/580 4666/1550/580
f 4585/1435/629 4495/1312/629 4664/1549/629 4667/1551/629
f 4496/1233/580 4586/1437/580 4669/1552/580 4668/1553/580
f 4586/1437/595 4611/1430/595 4670/1554/595 4669/1552/595
f 4611/1430/580 4528/1234/580 4671/1555/580 4670/1554/580
f 4528/1234/595 4496/1233/595 4668/1553/595 4671/1555/595
f 4586/1437/580 4516/1436/580 4673/1468/580 4672/1484/580
f 4516/1436/595 4584/1431/595 4674/1406/595 4673/1468/595
f 4584/1431/580 4611/1430/580 4675/1407/580 4674/1406/580
f 4611/1430/629 4586/1437/629 4672/1484/629 4675/1407/629
f 4561/1439/595 4613/1492/595 4677/1556/595 4676/1557/595
f 4613/1492/595 4582/1494/595 4678/1558/595 4677/1556/595
f 4582/1494/580 4505/1440/580 4679/1559/580 4678/1558/580
f 4505/1440/629 4561/1439/629 4676/1557/629 4679/1559/629
f 4505/1440/580 4582/1494/580 4681/1560/580 4680/1561/580
f 4582/1494/595 4614/1422/595 4682/1562/595 4681/1560/595
f 4614/1422/580 4537/1381/580 4683/1563/580 4682/1562/580
f 4537/1381/629 4505/1440/629 4680/1561/629 4683/1563/629
f 4546/1266/581 4616/1414/581 4685/1493/581 4684/1511/581
f 4616/1414/596 4578/1417/596 4686/1487/596 4685/1493/596
f 4578/1417/581 4490/1267/581 4687/1488/581 4686/1487/581
f 4490/1267/596 4546/1266/596 4684/1511/596 4687/1488/596
f 4493/1323/581 4549/1322/581 4689/1564/581 4688/1565/581
f 4549/1322/628 4618/1408/628 4690/1566/628 4689/1564/628
f 4618/1408/581 4573/1506/581 4691/1567/581 4690/1566/581
f 4573/1506/628 4493/1323/628 4688/1565/628 4691/1567/628
f 4570/1399/581 4512/1398/581 4693/1568/581 4692/1569/581
f 4512/1398/596 4568/1393/596 4694/1570/596 4693/1568/596
f 4568/1393/581 4623/1392/581 4695/1571/581 4694/1570/581
f 4623/1392/628 4570/1399/628 4692/1569/628 4695/1571/628
f 4571/1401/596 4500/1370/596 4697/1523/596 4696/1572/596
f 4500/1370/596 4532/1369/596 4698/1514/596 4697/1523/596
f 4532/1369/596 4624/1390/596 4699/1515/596 4698/1514/596
f 4624/1390/596 4571/1401/596 4696/1572/596 4699/1515/596
f 4514/1416/581 4579/1421/581 4701/1573/581 4700/1574/581
f 4579/1421/628 4626/1513/628 4702/1575/628 4701/1573/628
f 4626/1513/581 4576/1413/581 4703/1576/581 4702/1575/581
f 4576/1413/628 4514/1416/628 4700/1574/628 4703/1576/628
f 4515/1491/595 4583/1429/595 4705/1577/595 4704/1578/595
f 4583/1429/595 4627/1516/595 4706/1579/595 4705/1577/595
f 4627/1516/595 4580/1423/595 4707/1580/595 4706/1579/595
f 4580/1423/595 4515/1491/595 4704/1578/595 4707/1580/595
f 4518/1453/580 4595/1473/580 4709/1581/580 4708/1582/580
f 4595/1473/595 4630/1299/595 4710/1583/595 4709/1581/595
f 4630/1299/595 4592/1479/595 4711/1584/595 4710/1583/595
f 4592/1479/595 4518/1453/595 4708/1582/595 4711/1584/595
f 4519/1460/581 4599/1463/581 4713/1384/581 4712/1449/581
f 4599/1463/596 4631/1522/596 4714/1385/596 4713/1384/596
f 4631/1522/596 4596/1457/596 4715/1448/596 4714/1385/596
f 4596/1457/596 4519/1460/596 4712/1449/596 4715/1448/596
f 4700/1574/8 4701/1573/8 4784/1573/8 4785/1574/8
f 4661/1450/626 4662/1547/626 4747/1547/626 4744/1450/626
f 4714/1385/4 4715/1448/4 4798/1448/4 4799/1385/4
f 4648/1536/4 4649/1535/4 4732/1535/4 4733/1536/4
f 4703/1576/625 4700/1574/625 4785/1574/625 4786/1576/625
f 4662/1547/8 4663/1388/8 4746/1388/8 4747/1547/8
f 4651/1538/602 4648/1536/602 4733/1536/602 4734/1538/602
f 4701/1573/624 4702/1575/624 4787/1575/624 4784/1573/624
f 4688/1565/8 4689/1564/8 4772/1564/8 4773/1565/8
f 4649/1535/626 4650/1537/626 4735/1537/626 4732/1535/626
f 4702/1575/4 4703/1576/4 4786/1576/4 4787/1575/4
f 4636/1527/8 4637/1526/8 4720/1526/8 4721/1527/8
f 4691/1567/625 4688/1565/625 4773/1565/625 4774/1567/625
f 4650/1537/8 4651/1538/8 4734/1538/8 4735/1537/8
f 4639/1529/625 4636/1527/625 4721/1527/625 4722/1529/625
f 4689/1564/624 4690/1566/624 4775/1566/624 4772/1564/624
f 4676/1557/4 4677/1556/4 4760/1556/4 4761/1557/4
f 4637/1526/624 4638/1528/624 4723/1528/624 4720/1526/624
f 4690/1566/4 4691/1567/4 4774/1567/4 4775/1566/4
f 4679/1559/602 4676/1557/602 4761/1557/602 4762/1559/602
f 4638/1528/4 4639/1529/4 4722/1529/4 4723/1528/4
f 4677/1556/600 4678/1558/600 4763/1558/600 4760/1556/600
f 4664/1549/4 4665/1548/4 4748/1548/4 4749/1549/4
f 4678/1558/8 4679/1559/8 4762/1559/8 4763/1558/8
f 4667/1551/627 4664/1549/627 4749/1549/627 4750/1551/627
f 4704/1578/4 4705/1577/4 4788/1577/4 4789/1578/4
f 4665/1548/626 4666/1550/626 4751/1550/626 4748/1548/626
f 4652/1540/8 4653/1539/8 4736/1539/8 4737/1540/8
f 4707/1580/627 4704/1578/627 4789/1578/627 4790/1580/627
f 4666/1550/8 4667/1551/8 4750/1551/8 4751/1550/8
f 4655/1542/601 4652/1540/601 4737/1540/601 4738/1542/601
f 4705/1577/626 4706/1579/626 4791/1579/626 4788/1577/626
f 4692/1569/8 4693/1568/8 4776/1568/8 4777/1569/8
f 4653/1539/599 4654/1541/599 4739/1541/599 4736/1539/599
f 4706/1579/8 4707/1580/8 4790/1580/8 4791/1579/8
f 4640/1531/8 4641/1530/8 4724/1530/8 4725/1531/8
f 4695/1571/601 4692/1569/601 4777/1569/601 4778/1571/601
f 4654/1541/4 4655/1542/4 4738/1542/4 4739/1541/4
f 4643/1533/601 4640/1531/601 4725/1531/601 4726/1533/601
f 4693/1568/624 4694/1570/624 4779/1570/624 4776/1568/624
f 4680/1561/4 4681/1560/4 4764/1560/4 4765/1561/4
f 4641/1530/624 4642/1532/624 4727/1532/624 4724/1530/624
f 4694/1570/4 4695/1571/4 4778/1571/4 4779/1570/4
f 4683/1563/602 4680/1561/602 4765/1561/602 4766/1563/602
f 4642/1532/4 4643/1533/4 4726/1533/4 4727/1532/4
f 4681/1560/600 4682/1562/600 4767/1562/600 4764/1560/600
f 4668/1553/4 4669/1552/4 4752/1552/4 4753/1553/4
f 4682/1562/8 4683/1563/8 4766/1563/8 4767/1562/8
f 4671/1555/627 4668/1553/627 4753/1553/627 4754/1555/627
f 4708/1582/4 4709/1581/4 4792/1581/4 4793/1582/4
f 4669/1552/600 4670/1554/600 4755/1554/600 4752/1552/600
f 4656/1544/8 4657/1543/8 4740/1543/8 4741/1544/8
f 4711/1584/627 4708/1582/627 4793/1582/627 4794/1584/627
f 4670/1554/8 4671/1555/8 4754/1555/8 4755/1554/8
f 4659/1546/601 4656/1544/601 4741/1544/601 4742/1546/601
f 4709/1581/626 4710/1583/626 4795/1583/626 4792/1581/626
f 4696/1572/8 4697/1523/8 4780/1523/8 4781/1572/8
f 4657/1543/624 4658/1545/624 4743/1545/624 4740/1543/624
f 4710/1583/8 4711/1584/8 4794/1584/8 4795/1583/8
f 4644/1534/4 4645/1517/4 4728/1517/4 4729/1534/4
f 4699/1515/625 4696/1572/625 4781/1572/625 4782/1515/625
f 4658/1545/4 4659/1546/4 4742/1546/4 4743/1545/4
f 4647/1503/627 4644/1534/627 4729/1534/627 4730/1503/627
f 4631/1522/630 4524/1365/630 4801/1501/630 4800/1509/630
f 4524/1365/581 4466/1286/581 4802/1485/581 4801/1501/581
f 4466/1286/631 4523/1285/631 4803/1486/631 4802/1485/631
f 4523/1285/581 4631/1522/581 4800/1509/581 4803/1486/581
f 4626/1513/596 4540/1469/596 4805/1585/596 4804/1586/596
f 4540/1469/596 4481/1282/596 4806/1587/596 4805/1585/596
f 4481/1282/596 4531/1281/596 4807/1588/596 4806/1587/596
f 4531/1281/581 4626/1513/581 4804/1586/581 4807/1588/581
f 4613/1492/580 4581/1490/580 4809/1589/580 4808/1590/580
f 4581/1490/580 4515/1491/580 4810/1591/580 4809/1589/580
f 4515/1491/580 4582/1494/580 4811/1592/580 4810/1591/580
f 4582/1494/629 4613/1492/629 4808/1590/629 4811/1592/629
f 4608/1483/595 4588/1520/595 4813/1593/595 4812/1594/595
f 4588/1520/595 4489/1272/595 4814/1518/595 4813/1593/595
f 4489/1272/595 4521/1271/595 4815/1519/595 4814/1518/595
f 4521/1271/629 4608/1483/629 4812/1594/629 4815/1519/629
f 4603/1472/632 4550/1373/632 4817/1296/632 4816/1295/632
f 4550/1373/595 4494/1372/595 4818/1595/595 4817/1296/595
f 4494/1372/633 4595/1473/633 4819/1596/633 4818/1595/633
f 4595/1473/580 4603/1472/580 4816/1295/580 4819/1596/580
f 4511/1394/581 4567/1391/581 4821/1597/581 4820/1598/581
f 4567/1391/581 4600/1462/581 4822/1599/581 4821/1597/581
f 4600/1462/596 4597/1459/596 4823/1600/596 4822/1599/596
f 4597/1459/628 4511/1394/628 4820/1598/628 4823/1600/628
f 4564/1419/596 4601/1458/596 4825/1601/596 4824/1602/596
f 4601/1458/596 4598/1461/596 4826/1603/596 4825/1601/596
f 4598/1461/596 4508/1420/596 4827/1604/596 4826/1603/596
f 4508/1420/628 4564/1419/628 4824/1602/628 4827/1604/628
f 4486/1382/595 4539/1425/595 4829/1426/595 4828/1465/595
f 4539/1425/595 4604/1451/595 4830/1427/595 4829/1426/595
f 4604/1451/595 4560/1475/595 4831/1464/595 4830/1427/595
f 4560/1475/629 4486/1382/629 4828/1465/629 4831/1464/629
f 4478/1235/580 4538/1433/580 4833/1605/580 4832/1606/580
f 4538/1433/580 4607/1444/580 4834/1607/580 4833/1605/580
f 4607/1444/595 4544/1236/595 4835/1608/595 4834/1607/595
f 4544/1236/629 4478/1235/629 4832/1606/629 4835/1608/629
f 4538/1433/595 4506/1432/595 4837/1609/595 4836/1610/595
f 4506/1432/595 4589/1445/595 4838/1611/595 4837/1609/595
f 4589/1445/595 4607/1444/595 4839/1612/595 4838/1611/595
f 4607/1444/580 4538/1433/580 4836/1610/580 4839/1612/580
f 4527/1313/595 4495/1312/595 4841/1482/595 4840/1498/595
f 4495/1312/580 4585/1435/580 4842/1466/580 4841/1482/580
f 4585/1435/595 4610/1434/595 4843/1467/595 4842/1466/595
f 4610/1434/629 4527/1313/629 4840/1498/629 4843/1467/629
f 4503/1308/595 4559/1307/595 4845/1613/595 4844/1614/595
f 4559/1307/580 4612/1428/580 4846/1615/580 4845/1613/580
f 4612/1428/595 4581/1490/595 4847/1616/595 4846/1615/595
f 4581/1490/595 4503/1308/595 4844/1614/595 4847/1616/595
f 4542/1405/596 4510/1404/596 4849/1617/596 4848/1618/596
f 4510/1404/596 4577/1415/596 4850/1619/596 4849/1617/596
f 4577/1415/596 4616/1414/596 4851/1620/596 4850/1619/596
f 4616/1414/581 4542/1405/581 4848/1618/581 4851/1620/581
f 4578/1417/596 4514/1416/596 4853/1507/596 4852/1521/596
f 4514/1416/596 4576/1413/596 4854/1499/596 4853/1507/596
f 4576/1413/596 4617/1412/596 4855/1500/596 4854/1499/596
f 4617/1412/581 4578/1417/581 4852/1521/581 4855/1500/581
f 4573/1506/581 4618/1408/581 4857/1621/581 4856/1622/581
f 4618/1408/581 4575/1411/581 4858/1623/581 4857/1621/581
f 4575/1411/581 4513/1508/581 4859/1624/581 4858/1623/581
f 4513/1508/628 4573/1506/628 4856/1622/628 4859/1624/628
f 4549/1322/581 4483/1321/581 4861/1625/581 4860/1626/581
f 4483/1321/628 4565/1409/628 4862/1627/628 4861/1625/628
f 4565/1409/596 4618/1408/596 4863/1628/596 4862/1627/596
f 4618/1408/581 4549/1322/581 4860/1626/581 4863/1628/581
f 4498/1263/581 4574/1505/581 4865/1629/581 4864/1630/581
f 4574/1505/581 4620/1402/581 4866/1524/581 4865/1629/581
f 4620/1402/581 4530/1264/581 4867/1525/581 4866/1524/581
f 4530/1264/628 4498/1263/628 4864/1630/628 4867/1525/628
f 4557/1318/630 4468/1317/630 4869/1443/630 4868/1442/630
f 4468/1317/581 4556/1371/581 4870/1631/581 4869/1443/581
f 4556/1371/631 4621/1400/631 4871/1632/631 4870/1631/631
f 4621/1400/581 4557/1318/581 4868/1442/581 4871/1632/581
f 4516/1436/580 4587/1441/580 4873/1633/580 4872/1634/580
f 4587/1441/580 4628/1380/580 4874/1635/580 4873/1633/580
f 4628/1380/580 4584/1431/580 4875/1636/580 4874/1635/580
f 4584/1431/629 4516/1436/629 4872/1634/629 4875/1636/629
f 4591/1481/595 4504/1476/595 4877/1637/595 4876/1638/595
f 4504/1476/580 4536/1379/580 4878/1639/580 4877/1637/580
f 4536/1379/595 4629/1378/595 4879/1640/595 4878/1639/595
f 4629/1378/595 4591/1481/595 4876/1638/595 4879/1640/595
f 4595/1473/632 4494/1372/632 4881/1455/632 4880/1477/632
f 4494/1372/580 4526/1300/580 4882/1386/580 4881/1455/580
f 4526/1300/633 4630/1299/633 4883/1387/633 4882/1386/633
f 4630/1299/580 4595/1473/580 4880/1477/580 4883/1387/580
f 4599/1463/630 4492/1366/630 4885/1641/630 4884/1642/630
f 4492/1366/581 4524/1365/581 4886/1643/581 4885/1641/581
f 4524/1365/631 4631/1522/631 4887/1644/631 4886/1643/631
f 4631/1522/581 4599/1463/581 4884/1642/581 4887/1644/581
f 4871/1632/601 4868/1442/601 4957/1442/601 4958/1632/601
f 4830/1427/8 4831/1464/8 4918/1464/8 4919/1427/8
f 4819/1596/627 4816/1295/627 4905/1295/627 4906/1596/627
f 4869/1443/603 4870/1631/603 4959/1631/603 4956/1443/603
f 4856/1622/8 4857/1621/8 4944/1621/8 4945/1622/8
f 4817/1296/604 4818/1595/604 4907/1595/604 4904/1296/604
f 4870/1631/4 4871/1632/4 4958/1632/4 4959/1631/4
f 4804/1586/8 4805/1585/8 4892/1585/8 4893/1586/8
f 4859/1624/625 4856/1622/625 4945/1622/625 4946/1624/625
f 4818/1595/8 4819/1596/8 4906/1596/8 4907/1595/8
f 4807/1588/625 4804/1586/625 4893/1586/625 4894/1588/625
f 4857/1621/624 4858/1623/624 4947/1623/624 4944/1621/624
f 4844/1614/4 4845/1613/4 4932/1613/4 4933/1614/4
f 4805/1585/624 4806/1587/624 4895/1587/624 4892/1585/624
f 4858/1623/4 4859/1624/4 4946/1624/4 4947/1623/4
f 4847/1616/602 4844/1614/602 4933/1614/602 4934/1616/602
f 4884/1642/8 4885/1641/8 4972/1641/8 4973/1642/8
f 4806/1587/4 4807/1588/4 4894/1588/4 4895/1587/4
f 4845/1613/600 4846/1615/600 4935/1615/600 4932/1613/600
f 4832/1606/4 4833/1605/4 4920/1605/4 4921/1606/4
f 4887/1644/625 4884/1642/625 4973/1642/625 4974/1644/625
f 4846/1615/8 4847/1616/8 4934/1616/8 4935/1615/8
f 4835/1608/602 4832/1606/602 4921/1606/602 4922/1608/602
f 4885/1641/603 4886/1643/603 4975/1643/603 4972/1641/603
f 4872/1634/4 4873/1633/4 4960/1633/4 4961/1634/4
f 4833/1605/600 4834/1607/600 4923/1607/600 4920/1605/600
f 4886/1643/4 4887/1644/4 4974/1644/4 4975/1643/4
f 4820/1598/8 4821/1597/8 4908/1597/8 4909/1598/8
f 4875/1636/602 4872/1634/602 4961/1634/602 4962/1636/602
f 4834/1607/8 4835/1608/8 4922/1608/8 4923/1607/8
f 4823/1600/625 4820/1598/625 4909/1598/625 4910/1600/625
f 4873/1633/626 4874/1635/626 4963/1635/626 4960/1633/626
f 4860/1626/8 4861/1625/8 4948/1625/8 4949/1626/8
f 4821/1597/624 4822/1599/624 4911/1599/624 4908/1597/624
f 4874/1635/8 4875/1636/8 4962/1636/8 4963/1635/8
f 4808/1590/4 4809/1589/4 4896/1589/4 4897/1590/4
f 4863/1628/625 4860/1626/625 4949/1626/625 4950/1628/625
f 4822/1599/4 4823/1600/4 4910/1600/4 4911/1599/4
f 4811/1592/602 4808/1590/602 4897/1590/602 4898/1592/602
f 4861/1625/624 4862/1627/624 4951/1627/624 4948/1625/624
f 4848/1618/8 4849/1617/8 4936/1617/8 4937/1618/8
f 4809/1589/600 4810/1591/600 4899/1591/600 4896/1589/600
f 4862/1627/4 4863/1628/4 4950/1628/4 4951/1627/4
f 4851/1620/601 4848/1618/601 4937/1618/601 4938/1620/601
f 4810/1591/8 4811/1592/8 4898/1592/8 4899/1591/8
f 4849/1617/599 4850/1619/599 4939/1619/599 4936/1617/599
f 4836/1610/4 4837/1609/4 4924/1609/4 4925/1610/4
f 4850/1619/4 4851/1620/4 4938/1620/4 4939/1619/4
f 4839/1612/602 4836/1610/602 4925/1610/602 4926/1612/602
f 4876/1638/4 4877/1637/4 4964/1637/4 4965/1638/4
f 4837/1609/600 4838/1611/600 4927/1611/600 4924/1609/600
f 4824/1602/8 4825/1601/8 4912/1601/8 4913/1602/8
f 4879/1640/602 4876/1638/602 4965/1638/602 4966/1640/602
f 4838/1611/8 4839/1612/8 4926/1612/8 4927/1611/8
f 4827/1604/601 4824/1602/601 4913/1602/601 4914/1604/601
f 4877/1637/600 4878/1639/600 4967/1639/600 4964/1637/600
f 4864/1630/8 4865/1629/8 4952/1629/8 4953/1630/8
f 4825/1601/599 4826/1603/599 4915/1603/599 4912/1601/599
f 4878/1639/8 4879/1640/8 4966/1640/8 4967/1639/8
f 4812/1594/4 4813/1593/4 4900/1593/4 4901/1594/4
f 4867/1525/601 4864/1630/601 4953/1630/601 4954/1525/601
f 4826/1603/4 4827/1604/4 4914/1604/4 4915/1603/4
f 4815/1519/602 4812/1594/602 4901/1594/602 4902/1519/602
f 4865/1629/599 4866/1524/599 4955/1524/599 4952/1629/599
f 4852/1521/8 4853/1507/8 4940/1507/8 4941/1521/8
f 4813/1593/600 4814/1518/600 4903/1518/600 4900/1593/600
f 5026/805/643 5125/805/643 5124/801/643 5024/801/643
f 5016/787/644 5120/787/644 5127/813/644 5030/813/644
f 5022/797/645 5123/797/645 5122/793/645 5020/793/645
f 5028/809/646 5126/809/646 5125/805/646 5026/805/646
f 5020/793/647 5122/793/647 5121/788/647 5018/788/647
f 5024/801/648 5124/801/648 5123/797/648 5022/797/648
f 5030/813/649 5127/813/649 5126/809/649 5028/809/649
f 5033/788/3 5034/793/3 5144/793/3 5153/788/3
f 5048/797/18 5049/801/18 5105/801/18 5104/797/18
f 5073/788/18 5072/814/18 5160/814/18 5146/788/18
f 5072/787/18 5079/813/18 5167/813/18 5160/787/18
f 5032/814/650 5033/788/650 5153/788/650 5152/814/650
f 5039/813/651 5032/787/651 5152/787/651 5159/813/651
f 5079/813/18 5078/809/18 5166/809/18 5167/813/18
f 5038/809/3 5039/813/3 5159/813/3 5158/809/3
f 5078/809/18 5077/805/18 5165/805/18 5166/809/18
f 5018/788/652 5121/788/652 5120/814/652 5016/814/652
f 5111/813/642 5107/787/642 5115/787/642 5119/813/642
f 5055/813/18 5051/787/18 5107/787/18 5111/813/18
f 5054/809/18 5055/813/18 5111/813/18 5110/809/18
f 5052/788/18 5053/793/18 5109/793/18 5108/788/18
f 5049/801/18 5050/805/18 5106/805/18 5105/801/18
f 5053/793/18 5048/797/18 5104/797/18 5109/793/18
f 5050/805/18 5054/809/18 5110/809/18 5106/805/18
f 5051/814/18 5052/788/18 5108/788/18 5107/814/18
f 5115/818/3 5116/820/3 5117/822/3 5112/824/3 5113/826/3 5114/828/3 5118/830/3 5119/832/3
f 5110/809/641 5111/813/641 5119/813/641 5118/809/641
f 5108/788/636 5109/793/636 5117/793/636 5116/788/636
f 5105/801/639 5106/805/639 5114/805/639 5113/801/639
f 5109/793/637 5104/797/637 5112/797/637 5117/793/637
f 5106/805/640 5110/809/640 5118/809/640 5114/805/640
f 5107/814/635 5108/788/635 5116/788/635 5115/814/635
f 5104/797/638 5105/801/638 5113/801/638 5112/797/638
f 5033/788/635 5032/814/635 5120/814/635 5121/788/635
f 5034/793/636 5033/788/636 5121/788/636 5122/793/636
f 5035/797/637 5034/793/637 5122/793/637 5123/797/637
f 5036/801/638 5035/797/638 5123/797/638 5124/801/638
f 5037/805/639 5036/801/639 5124/801/639 5125/805/639
f 5038/809/640 5037/805/640 5125/805/640 5126/809/640
f 5039/813/641 5038/809/641 5126/809/641 5127/813/641
f 5032/787/642 5039/813/642 5127/813/642 5120/787/642
f 5072/814/635 5073/788/635 5129/788/635 5128/814/635
f 5073/788/636 5074/793/636 5130/793/636 5129/788/636
f 5074/793/637 5075/797/637 5131/797/637 5130/793/637
f 5075/797/638 5076/801/638 5132/801/638 5131/797/638
f 5076/801/639 5077/805/639 5133/805/639 5132/801/639
f 5077/805/640 5078/809/640 5134/809/640 5133/805/640
f 5078/809/641 5079/813/641 5135/813/641 5134/809/641
f 5079/813/642 5072/787/642 5128/787/642 5135/813/642
f 5074/793/18 5073/788/18 5146/788/18 5145/793/18
f 5034/793/3 5035/797/3 5143/797/3 5144/793/3
f 5075/797/18 5074/793/18 5145/793/18 5142/797/18
f 5035/797/3 5036/801/3 5140/801/3 5143/797/3
f 5076/801/239 5075/797/239 5142/797/239 5141/801/239
f 5036/801/3 5037/805/3 5139/805/3 5140/801/3
f 5077/805/238 5076/801/238 5141/801/238 5165/805/238
f 5037/805/3 5038/809/3 5158/809/3 5139/805/3
f 5194/805/643 5293/805/643 5292/801/643 5192/801/643
f 5184/787/644 5288/787/644 5295/813/644 5198/813/644
f 5190/797/645 5291/797/645 5290/793/645 5188/793/645
f 5196/809/646 5294/809/646 5293/805/646 5194/805/646
f 5188/793/647 5290/793/647 5289/788/647 5186/788/647
f 5192/801/648 5292/801/648 5291/797/648 5190/797/648
f 5198/813/649 5295/813/649 5294/809/649 5196/809/649
f 5201/788/3 5202/793/3 5312/793/3 5321/788/3
f 5216/797/18 5217/801/18 5273/801/18 5272/797/18
f 5241/788/239 5240/814/239 5328/814/239 5314/788/239
f 5240/787/238 5247/813/238 5335/813/238 5328/787/238
f 5200/814/3 5201/788/3 5321/788/3 5320/814/3
f 5207/813/3 5200/787/3 5320/787/3 5327/813/3
f 5247/813/18 5246/809/18 5334/809/18 5335/813/18
f 5206/809/3 5207/813/3 5327/813/3 5326/809/3
f 5246/809/18 5245/805/18 5333/805/18 5334/809/18
f 5186/788/652 5289/788/652 5288/814/652 5184/814/652
f 5279/813/642 5275/787/642 5283/787/642 5287/813/642
f 5223/813/18 5219/787/18 5275/787/18 5279/813/18
f 5222/809/18 5223/813/18 5279/813/18 5278/809/18
f 5220/788/18 5221/793/18 5277/793/18 5276/788/18
f 5217/801/18 5218/805/18 5274/805/18 5273/801/18
f 5221/793/18 5216/797/18 5272/797/18 5277/793/18
f 5218/805/18 5222/809/18 5278/809/18 5274/805/18
f 5219/814/18 5220/788/18 5276/788/18 5275/814/18
f 5283/818/3 5284/820/3 5285/822/3 5280/824/3 5281/826/3 5282/828/3 5286/830/3 5287/832/3
f 5278/809/641 5279/813/641 5287/813/641 5286/809/641
f 5276/788/636 5277/793/636 5285/793/636 5284/788/636
f 5273/801/639 5274/805/639 5282/805/639 5281/801/639
f 5277/793/637 5272/797/637 5280/797/637 5285/793/637
f 5274/805/640 5278/809/640 5286/809/640 5282/805/640
f 5275/814/635 5276/788/635 5284/788/635 5283/814/635
f 5272/797/638 5273/801/638 5281/801/638 5280/797/638
f 5201/788/635 5200/814/635 5288/814/635 5289/788/635
f 5202/793/636 5201/788/636 5289/788/636 5290/793/636
f 5203/797/637 5202/793/637 5290/793/637 5291/797/637
f 5204/801/638 5203/797/638 5291/797/638 5292/801/638
f 5205/805/639 5204/801/639 5292/801/639 5293/805/639
f 5206/809/640 5205/805/640 5293/805/640 5294/809/640
f 5207/813/641 5206/809/641 5294/809/641 5295/813/641
f 5200/787/642 5207/813/642 5295/813/642 5288/787/642
f 5240/814/635 5241/788/635 5297/788/635 5296/814/635
f 5241/788/636 5242/793/636 5298/793/636 5297/788/636
f 5242/793/637 5243/797/637 5299/797/637 5298/793/637
f 5243/797/638 5244/801/638 5300/801/638 5299/797/638
f 5244/801/639 5245/805/639 5301/805/639 5300/801/639
f 5245/805/640 5246/809/640 5302/809/640 5301/805/640
f 5246/809/641 5247/813/641 5303/813/641 5302/809/641
f 5247/813/642 5240/787/642 5296/787/642 5303/813/642
f 5242/793/18 5241/788/18 5314/788/18 5313/793/18
f 5202/793/3 5203/797/3 5311/797/3 5312/793/3
f 5243/797/18 5242/793/18 5313/793/18 5310/797/18
f 5203/797/650 5204/801/650 5308/801/650 5311/797/650
f 5244/801/18 5243/797/18 5310/797/18 5309/801/18
f 5204/801/651 5205/805/651 5307/805/651 5308/801/651
f 5245/805/18 5244/801/18 5309/801/18 5333/805/18
f 5205/805/3 5206/809/3 5326/809/3 5307/805/3
f 5353/59/8 5357/1664/8 5356/1665/8 5352/70/8
f 5353/76/3 5352/67/3 5354/1666/3 5684/26/3
f 5352/67/3 5355/1667/3 5617/1668/3 5618/1669/3 5354/1666/3
f 5352/70/8 5356/1665/8 5358/1670/8 5355/1671/8
f 5356/1665/661 5357/1664/661 5363/1664/661 5359/1665/661
f 5358/1670/662 5356/1665/662 5359/1665/662 5362/1670/662
f 5357/1664/664 5690/1676/664 5364/1676/664 5363/1664/664
f 5438/1749/686 5437/1748/686 5440/1748/686 5441/1749/686
f 5437/1748/687 5439/1750/687 5442/1750/687 5440/1748/687
f 5450/1731/18 5451/1751/18 5475/1752/18 5441/1749/18 5440/1748/18 5442/1750/18 5443/1753/18 5444/1754/18 5448/1755/18 5449/1732/18
f 5439/1750/688 5445/1753/688 5443/1753/688 5442/1750/688
f 5445/1753/689 5446/1754/689 5444/1754/689 5443/1753/689
f 5446/1754/690 5447/1755/690 5448/1755/690 5444/1754/690
f 5447/1755/691 5414/1732/691 5449/1732/691 5448/1755/691
f 5452/1731/692 5450/1731/692 5449/1732/692 5414/1732/692
f 5452/1731/693 5453/1751/693 5451/1751/693 5450/1731/693
f 5453/1751/703 5474/1752/703 5475/1752/703 5451/1751/703
f 5474/1752/704 5438/1749/704 5441/1749/704 5475/1752/704
f 5480/1773/5 5481/1679/5 5479/1679/5 5478/1773/5
f 5482/1774/5 5480/1772/5 5478/1772/5 5476/1771/5 5550/1771/5 5549/1775/5
f 5480/1773/667 5483/1776/667 5485/1777/667 5481/1679/667
f 5483/1778/18 5480/1772/18 5482/1774/18 5486/1779/18
f 5487/1780/1 5552/1781/1 5553/1781/1 5484/1778/1 5483/1778/1 5486/1782/1
f 5485/1777/1 5483/1776/1 5484/1776/1 5746/1777/1
f 5486/238/18 5488/238/18 5490/1783/18 5491/1784/18 5764/239/18 5487/1785/18
f 5486/238/8 5482/1786/8 5522/1787/8 5523/1788/8 5489/1789/8 5488/238/8
f 5489/1790/18 5490/238/18 5488/238/18
f 5493/1791/1 5494/1792/1 5491/1784/1 5490/1783/1
f 5492/1793/705 5490/1783/705 5489/1790/705 5540/1794/705
f 5495/1795/1 5493/1791/1 5490/1783/1 5492/1793/1
f 5494/1792/18 5493/1791/18 5496/1791/18 5497/1792/18
f 5493/1791/706 5495/1795/706 5498/1795/706 5496/1791/706
f 5495/1795/707 5500/1796/707 5499/1796/707 5498/1795/707
f 5500/1796/1 5495/1795/1 5492/1793/1 5501/1799/1
f 5506/1800/708 5507/1801/708 5501/1799/708 5502/1802/708
f 5501/1799/709 5492/1793/709 5540/1790/709 5502/1802/709
f 5767/1797/1 5500/1796/1 5501/1799/1 5507/1801/1
f 5519/1803/710 5504/1804/710 5503/1805/710 5505/1806/710
f 5503/1805/667 5502/1802/667 5540/1790/667 5505/1806/667
f 5500/1796/3 5767/1797/3 5769/1797/3 5499/1796/3
f 5503/1805/18 5509/1807/18 5506/1800/18 5502/1802/18
f 5765/1808/711 5507/1801/711 5506/1809/711 5508/1810/711
f 5511/1811/681 5508/1810/681 5506/1809/681 5509/1807/681
f 5510/1812/712 5543/1813/712 5511/1811/712 5509/1807/712
f 5509/1814/713 5503/1815/713 5504/1804/713 5510/1812/713
f 5512/1816/3 5516/1817/3 5514/1817/3 5513/1816/3
f 5516/1817/5 5512/1816/5 5510/1812/5 5504/1804/5
f 5516/1817/714 5517/1821/714 5515/1821/714 5514/1817/714
f 5517/1821/5 5516/1817/5 5504/1804/5 5519/1803/5
f 5517/1821/706 5518/1818/706 5547/1818/706 5515/1821/706
f 5518/1818/5 5517/1821/5 5519/1803/5 5520/1822/5
f 5520/1822/715 5519/1803/715 5505/1823/715 5523/1823/715
f 5544/1819/5 5518/1818/5 5520/1822/5 5521/1824/5
f 5549/385/18 5542/385/18 5521/1824/18 5520/1822/18 5522/1825/18 5482/1826/18
f 5520/1822/18 5523/1825/18 5522/1825/18
f 5525/1827/8 5524/1828/8 5523/1823/8 5505/1823/8
f 5524/1828/8 5526/1829/8 5489/1790/8 5523/1823/8
f 5524/1828/1 5525/1827/1 5528/1827/1 5527/1828/1
f 5526/1829/18 5524/1828/18 5527/1828/18 5529/1829/18
f 5539/1829/5 5526/1829/5 5529/1829/5 5538/1829/5
f 5525/1827/3 5539/1829/3 5538/1829/3 5528/1827/3
f 5526/1829/8 5539/1829/8 5540/1794/8 5489/1790/8
f 5539/1829/8 5525/1827/8 5505/1823/8 5540/1794/8
f 5543/1813/716 5521/1824/716 5541/1834/716 5511/1834/716
f 5541/1834/18 5521/385/18 5542/385/18
f 5545/1820/5 5544/1819/5 5521/1824/5 5543/1813/5
f 5518/1818/18 5544/1819/18 5546/1819/18 5547/1818/18
f 5544/1819/717 5545/1820/717 5548/1820/717 5546/1819/717
f 5545/1820/718 5512/1816/718 5513/1816/718 5548/1820/718
f 5512/1816/5 5545/1820/5 5543/1813/5 5510/1812/5
f 5549/385/4 5487/1780/4 5764/1835/4 5747/1836/4 5541/1837/4 5542/385/4
f 5487/1780/18 5549/1838/18 5550/1771/18 5552/1781/18
f 5551/1725/5 5550/1727/5 5476/1727/5 5409/1725/5
f 5552/1839/681 5550/1727/681 5551/1725/681 5554/1840/681
f 5552/1839/1 5554/1840/1 5555/1840/1 5553/1839/1
f 5554/1840/1 5556/1841/1 5558/1841/1 5555/1840/1
f 5556/1841/4 5554/1840/4 5551/1725/4 5557/1724/4
f 5556/1841/3 5557/1724/3 5406/1724/3 5558/1841/3
f 5616/1869/731 5615/1895/731 5613/1895/731 5614/1869/731
f 5615/1895/732 5358/1670/732 5362/1670/732 5613/1895/732
f 5615/1895/700 5617/1896/700 5355/1671/700 5358/1670/700
f 5617/1896/1 5615/1895/1 5616/1869/1 5618/1669/1
f 5618/1669/724 5616/1869/724 5622/1867/724 5619/1897/724
f 5354/1666/3 5618/1669/3 5619/1897/3 5621/1898/3
f 5620/1899/1 5619/1897/1 5623/1900/1 5625/1901/1
f 5621/1898/3 5619/1897/3 5620/1899/3 5686/1902/3
f 5619/1897/1 5622/1867/1 5624/1903/1 5623/1900/1
f 5623/1900/4 5624/1903/4 5627/1903/4 5626/1900/4
f 5625/1901/18 5623/1900/18 5626/1900/18 5628/1901/18
f 5624/1903/3 5638/1908/3 5637/1908/3 5627/1903/3
f 5638/1908/8 5625/1901/8 5628/1901/8 5637/1908/8
f 5622/1867/1 5639/1864/1 5638/1908/1 5624/1903/1
f 5639/1864/1 5620/1899/1 5625/1901/1 5638/1908/1
f 5639/1864/733 5622/1867/733 5582/1867/733 5579/1864/733
f 5640/1863/734 5639/1864/734 5579/1864/734 5577/1863/734
f 5620/1899/722 5639/1864/722 5640/1863/722 5642/1909/722
f 5641/1862/735 5640/1863/735 5577/1863/735 5692/1862/735
f 5642/1909/1 5640/1863/1 5641/1862/1 5644/1910/1
f 5643/54/3 5642/1909/3 5644/1910/3 5645/1911/3 5646/81/3
f 5686/1902/3 5620/1899/3 5642/1909/3 5643/54/3
f 5647/1846/695 5645/1912/695 5644/1910/695 5641/1862/695
f 5645/1912/4 5647/1846/4 5649/1844/4 5646/36/4
f 5649/1844/736 5647/1846/736 5648/1846/736 5559/1844/736
f 5647/1846/737 5641/1862/737 5692/1862/737 5648/1846/737
f 5650/1723/738 5649/1844/738 5559/1844/738 5407/1723/738
f 5646/36/4 5649/1844/4 5650/1723/4 5652/35/4
f 5651/1722/739 5650/1723/739 5407/1723/739 5404/1722/739
f 5652/35/4 5650/1723/4 5651/1722/4 5654/1913/4
f 5653/27/3 5643/54/3 5646/81/3 5652/61/3
f 5656/60/3 5653/27/3 5652/61/3 5654/1914/3 5655/1915/3
f 5654/163/678 5651/1721/678 5657/1720/678 5655/1916/678
f 5655/1916/5 5657/1720/5 5658/1917/5 5656/25/5
f 5657/1720/740 5651/1721/740 5404/1721/740 5659/1720/740
f 5658/1917/741 5657/1720/741 5659/1720/741 5660/1917/741
f 5662/1701/743 5658/1917/743 5660/1917/743 5661/1701/743
f 5663/1698/744 5662/1701/744 5661/1701/744 5386/1698/744
f 5662/1701/5 5663/1698/5 5667/1918/5 5665/1919/5
f 5656/25/676 5658/1917/676 5662/1701/676 5664/1920/676
f 5664/1920/5 5662/1701/5 5665/1919/5 5666/1921/5
f 5666/1921/8 5665/1919/8 5668/1919/8 5669/1921/8
f 5665/1919/3 5667/1918/3 5670/1918/3 5668/1919/3
f 5680/1926/18 5666/1921/18 5669/1921/18 5679/1926/18
f 5667/1918/4 5680/1926/4 5679/1926/4 5670/1918/4
f 5681/1927/5 5664/1920/5 5666/1921/5 5680/1926/5
f 5663/1698/5 5681/1927/5 5680/1926/5 5667/1918/5
f 5682/77/3 5684/26/3 5683/1928/3 5681/1929/3
f 5681/1927/672 5663/1698/672 5688/1695/672 5682/24/672
f 5681/1929/3 5683/1928/3 5685/1930/3 5664/1931/3
f 5684/26/3 5354/1666/3 5621/1898/3 5683/1928/3
f 5683/1928/3 5621/1898/3 5686/1902/3 5685/1930/3
f 5664/1931/3 5685/1930/3 5653/27/3 5656/60/3
f 5685/1930/3 5686/1902/3 5643/54/3 5653/27/3
f 5687/1932/3 5691/1933/3 5353/76/3 5684/26/3 5682/77/3
f 5682/24/5 5688/1695/5 5689/1694/5 5687/1934/5
f 5688/1695/745 5663/1698/745 5386/1698/745 5383/1695/745
f 5689/1694/746 5688/1695/746 5383/1695/746 5381/1694/746
f 5690/1676/747 5689/1696/747 5381/1696/747 5364/1676/747
f 5690/1676/669 5691/1935/669 5687/1934/669 5689/1696/669
f 5691/1935/8 5690/1676/8 5357/1664/8 5353/59/8
f 5622/1867/748 5616/1869/748 5614/1869/748 5582/1867/748
f 5708/1948/751 5707/1947/751 5709/1947/751 5710/1948/751
f 5707/1947/693 5698/1943/693 5711/1943/693 5709/1947/693
f 5711/1943/18 5712/1942/18 5713/1949/18 5732/1950/18 5733/1951/18 5734/1952/18 5735/1953/18 5742/1954/18 5710/1948/18 5709/1947/18
f 5714/1942/752 5712/1942/752 5711/1943/752 5698/1943/752
f 5714/1942/691 5715/1949/691 5713/1949/691 5712/1942/691
f 5715/1949/755 5730/1950/755 5732/1950/755 5713/1949/755
f 5730/1950/756 5731/1951/756 5733/1951/756 5732/1950/756
f 5731/1951/757 5736/1952/757 5734/1952/757 5733/1951/757
f 5736/1952/758 5737/1953/758 5735/1953/758 5734/1952/758
f 5737/1953/759 5741/1954/759 5742/1954/759 5735/1953/759
f 5741/1954/760 5708/1948/760 5710/1948/760 5742/1954/760
f 5770/1674/1 5485/1777/1 5746/1777/1 5361/1674/1
f 5557/1724/5 5551/1725/5 5409/1725/5 5406/1724/5
f 5748/1962/4 5749/1962/4 5511/1834/4 5541/1834/4
f 5750/1963/4 5748/1962/4 5541/1834/4 5747/1964/4
f 5749/1962/1 5748/1962/1 5751/1962/1 5752/1962/1
f 5748/1962/18 5750/1963/18 5753/1963/18 5751/1962/18
f 5750/1963/5 5763/1969/5 5762/1969/5 5753/1963/5
f 5763/1969/3 5749/1962/3 5752/1962/3 5762/1969/3
f 5763/1969/4 5750/1963/4 5747/1964/4 5508/1810/4
f 5749/1962/4 5763/1969/4 5508/1810/4 5511/1834/4
f 5508/1810/762 5747/1964/762 5491/1784/762 5765/1808/762
f 5491/1784/18 5747/239/18 5764/239/18
f 5766/1798/1 5767/1797/1 5507/1801/1 5765/1808/1
f 5494/1792/1 5766/1798/1 5765/1808/1 5491/1784/1
f 5767/1797/718 5766/1798/718 5768/1798/718 5769/1797/718
f 5766/1798/717 5494/1792/717 5497/1792/717 5768/1798/717
f 5771/1675/8 5481/1679/8 5485/1777/8 5770/1674/8
f 5771/1675/3 5770/1674/3 5361/1674/3 5365/1675/3
f 5481/1679/5 5771/1675/5 5365/1675/5 5479/1679/5
f 5773/59/4 5777/1664/4 5776/1665/4 5772/70/4
f 5773/76/3 5772/67/3 5774/1666/3 6104/26/3
f 5772/67/3 5775/1667/3 6037/1668/3 6038/1669/3 5774/1666/3
f 5772/70/4 5776/1665/4 5778/1670/4 5775/1671/4
f 5776/1665/763 5777/1664/763 5783/1664/763 5779/1665/763
f 5778/1670/739 5776/1665/739 5779/1665/739 5782/1670/739
f 5777/1664/736 6110/1676/736 5784/1676/736 5783/1664/736
f 5858/1749/757 5857/1748/757 5860/1748/757 5861/1749/757
f 5857/1748/758 5859/1750/758 5862/1750/758 5860/1748/758
f 5870/1731/18 5871/1751/18 5895/1752/18 5861/1749/18 5860/1748/18 5862/1750/18 5863/1753/18 5864/1754/18 5868/1755/18 5869/1732/18
f 5859/1750/759 5865/1753/759 5863/1753/759 5862/1750/759
f 5865/1753/760 5866/1754/760 5864/1754/760 5863/1753/760
f 5866/1754/751 5867/1755/751 5868/1755/751 5864/1754/751
f 5867/1755/693 5834/1732/693 5869/1732/693 5868/1755/693
f 5872/1731/752 5870/1731/752 5869/1732/752 5834/1732/752
f 5872/1731/691 5873/1751/691 5871/1751/691 5870/1731/691
f 5873/1751/755 5894/1752/755 5895/1752/755 5871/1751/755
f 5894/1752/756 5858/1749/756 5861/1749/756 5895/1752/756
f 5900/1773/1 5901/1679/1 5899/1679/1 5898/1773/1
f 5902/1774/1 5900/1772/1 5898/1772/1 5896/1771/1 5970/1771/1 5969/1775/1
f 5900/1773/681 5903/1776/681 5905/1777/681 5901/1679/681
f 5903/1778/18 5900/1772/18 5902/1774/18 5906/1779/18
f 5907/1780/5 5972/1781/5 5973/1781/5 5904/1778/5 5903/1778/5 5906/1782/5
f 5905/1777/5 5903/1776/5 5904/1776/5 6166/1777/5
f 5906/238/18 5908/238/18 5910/1783/18 5911/1784/18 6184/239/18 5907/1785/18
f 5906/238/4 5902/1786/4 5942/1787/4 5943/1788/4 5909/1789/4 5908/238/4
f 5909/1790/18 5910/238/18 5908/238/18
f 5913/1791/5 5914/1792/5 5911/1784/5 5910/1783/5
f 5912/1793/716 5910/1783/716 5909/1790/716 5960/1794/716
f 5915/1795/5 5913/1791/5 5910/1783/5 5912/1793/5
f 5914/1792/18 5913/1791/18 5916/1791/18 5917/1792/18
f 5913/1791/717 5915/1795/717 5918/1795/717 5916/1791/717
f 5915/1795/764 5920/1796/764 5919/1796/764 5918/1795/764
f 5920/1796/5 5915/1795/5 5912/1793/5 5921/1799/5
f 5926/1800/713 5927/1801/713 5921/1799/713 5922/1802/713
f 5921/1799/712 5912/1793/712 5960/1790/712 5922/1802/712
f 6187/1797/5 5920/1796/5 5921/1799/5 5927/1801/5
f 5939/1803/711 5924/1804/711 5923/1805/711 5925/1806/711
f 5923/1805/681 5922/1802/681 5960/1790/681 5925/1806/681
f 5920/1796/3 6187/1797/3 6189/1797/3 5919/1796/3
f 5923/1805/18 5929/1807/18 5926/1800/18 5922/1802/18
f 6185/1808/710 5927/1801/710 5926/1809/710 5928/1810/710
f 5931/1811/667 5928/1810/667 5926/1809/667 5929/1807/667
f 5930/1812/709 5963/1813/709 5931/1811/709 5929/1807/709
f 5929/1814/708 5923/1815/708 5924/1804/708 5930/1812/708
f 5932/1816/3 5936/1817/3 5934/1817/3 5933/1816/3
f 5936/1817/1 5932/1816/1 5930/1812/1 5924/1804/1
f 5936/1817/718 5937/1821/718 5935/1821/718 5934/1817/718
f 5937/1821/1 5936/1817/1 5924/1804/1 5939/1803/1
f 5937/1821/717 5938/1818/717 5967/1818/717 5935/1821/717
f 5938/1818/1 5937/1821/1 5939/1803/1 5940/1822/1
f 5940/1822/762 5939/1803/762 5925/1823/762 5943/1823/762
f 5964/1819/1 5938/1818/1 5940/1822/1 5941/1824/1
f 5969/385/18 5962/385/18 5941/1824/18 5940/1822/18 5942/1825/18 5902/1826/18
f 5940/1822/18 5943/1825/18 5942/1825/18
f 5945/1827/4 5944/1828/4 5943/1823/4 5925/1823/4
f 5944/1828/4 5946/1829/4 5909/1790/4 5943/1823/4
f 5944/1828/5 5945/1827/5 5948/1827/5 5947/1828/5
f 5946/1829/18 5944/1828/18 5947/1828/18 5949/1829/18
f 5959/1829/1 5946/1829/1 5949/1829/1 5958/1829/1
f 5945/1827/3 5959/1829/3 5958/1829/3 5948/1827/3
f 5946/1829/4 5959/1829/4 5960/1794/4 5909/1790/4
f 5959/1829/4 5945/1827/4 5925/1823/4 5960/1794/4
f 5963/1813/705 5941/1824/705 5961/1834/705 5931/1834/705
f 5961/1834/18 5941/385/18 5962/385/18
f 5965/1820/1 5964/1819/1 5941/1824/1 5963/1813/1
f 5938/1818/18 5964/1819/18 5966/1819/18 5967/1818/18
f 5964/1819/706 5965/1820/706 5968/1820/706 5966/1819/706
f 5965/1820/707 5932/1816/707 5933/1816/707 5968/1820/707
f 5932/1816/1 5965/1820/1 5963/1813/1 5930/1812/1
f 5969/385/8 5907/1780/8 6184/1835/8 6167/1836/8 5961/1837/8 5962/385/8
f 5907/1780/18 5969/1838/18 5970/1771/18 5972/1781/18
f 5971/1725/1 5970/1727/1 5896/1727/1 5829/1725/1
f 5972/1839/667 5970/1727/667 5971/1725/667 5974/1840/667
f 5972/1839/5 5974/1840/5 5975/1840/5 5973/1839/5
f 5974/1840/5 5976/1841/5 5978/1841/5 5975/1840/5
f 5976/1841/8 5974/1840/8 5971/1725/8 5977/1724/8
f 5976/1841/3 5977/1724/3 5826/1724/3 5978/1841/3
f 6036/1869/741 6035/1895/741 6033/1895/741 6034/1869/741
f 6035/1895/740 5778/1670/740 5782/1670/740 6033/1895/740
f 6035/1895/678 6037/1896/678 5775/1671/678 5778/1670/678
f 6037/1896/5 6035/1895/5 6036/1869/5 6038/1669/5
f 6038/1669/676 6036/1869/676 6042/1867/676 6039/1897/676
f 5774/1666/3 6038/1669/3 6039/1897/3 6041/1898/3
f 6040/1899/5 6039/1897/5 6043/1900/5 6045/1901/5
f 6041/1898/3 6039/1897/3 6040/1899/3 6106/1902/3
f 6039/1897/5 6042/1867/5 6044/1903/5 6043/1900/5
f 6043/1900/8 6044/1903/8 6047/1903/8 6046/1900/8
f 6045/1901/18 6043/1900/18 6046/1900/18 6048/1901/18
f 6044/1903/3 6058/1908/3 6057/1908/3 6047/1903/3
f 6058/1908/4 6045/1901/4 6048/1901/4 6057/1908/4
f 6042/1867/5 6059/1864/5 6058/1908/5 6044/1903/5
f 6059/1864/5 6040/1899/5 6045/1901/5 6058/1908/5
f 6059/1864/744 6042/1867/744 6002/1867/744 5999/1864/744
f 6060/1863/745 6059/1864/745 5999/1864/745 5997/1863/745
f 6040/1899/672 6059/1864/672 6060/1863/672 6062/1909/672
f 6061/1862/746 6060/1863/746 5997/1863/746 6112/1862/746
f 6062/1909/5 6060/1863/5 6061/1862/5 6064/1910/5
f 6063/54/3 6062/1909/3 6064/1910/3 6065/1911/3 6066/81/3
f 6106/1902/3 6040/1899/3 6062/1909/3 6063/54/3
f 6067/1846/669 6065/1912/669 6064/1910/669 6061/1862/669
f 6065/1912/8 6067/1846/8 6069/1844/8 6066/36/8
f 6069/1844/664 6067/1846/664 6068/1846/664 5979/1844/664
f 6067/1846/747 6061/1862/747 6112/1862/747 6068/1846/747
f 6070/1723/765 6069/1844/765 5979/1844/765 5827/1723/765
f 6066/36/8 6069/1844/8 6070/1723/8 6072/35/8
f 6071/1722/662 6070/1723/662 5827/1723/662 5824/1722/662
f 6072/35/8 6070/1723/8 6071/1722/8 6074/1913/8
f 6073/27/3 6063/54/3 6066/81/3 6072/61/3
f 6076/60/3 6073/27/3 6072/61/3 6074/1914/3 6075/1915/3
f 6074/163/700 6071/1721/700 6077/1720/700 6075/1916/700
f 6075/1916/1 6077/1720/1 6078/1917/1 6076/25/1
f 6077/1720/732 6071/1721/732 5824/1721/732 6079/1720/732
f 6078/1917/731 6077/1720/731 6079/1720/731 6080/1917/731
f 6082/1701/748 6078/1917/748 6080/1917/748 6081/1701/748
f 6083/1698/733 6082/1701/733 6081/1701/733 5806/1698/733
f 6082/1701/1 6083/1698/1 6087/1918/1 6085/1919/1
f 6076/25/724 6078/1917/724 6082/1701/724 6084/1920/724
f 6084/1920/1 6082/1701/1 6085/1919/1 6086/1921/1
f 6086/1921/4 6085/1919/4 6088/1919/4 6089/1921/4
f 6085/1919/3 6087/1918/3 6090/1918/3 6088/1919/3
f 6100/1926/18 6086/1921/18 6089/1921/18 6099/1926/18
f 6087/1918/8 6100/1926/8 6099/1926/8 6090/1918/8
f 6101/1927/1 6084/1920/1 6086/1921/1 6100/1926/1
f 6083/1698/1 6101/1927/1 6100/1926/1 6087/1918/1
f 6102/77/3 6104/26/3 6103/1928/3 6101/1929/3
f 6101/1927/722 6083/1698/722 6108/1695/722 6102/24/722
f 6101/1929/3 6103/1928/3 6105/1930/3 6084/1931/3
f 6104/26/3 5774/1666/3 6041/1898/3 6103/1928/3
f 6103/1928/3 6041/1898/3 6106/1902/3 6105/1930/3
f 6084/1931/3 6105/1930/3 6073/27/3 6076/60/3
f 6105/1930/3 6106/1902/3 6063/54/3 6073/27/3
f 6107/1932/3 6111/1933/3 5773/76/3 6104/26/3 6102/77/3
f 6102/24/1 6108/1695/1 6109/1694/1 6107/1934/1
f 6108/1695/734 6083/1698/734 5806/1698/734 5803/1695/734
f 6109/1694/735 6108/1695/735 5803/1695/735 5801/1694/735
f 6110/1676/737 6109/1696/737 5801/1696/737 5784/1676/737
f 6110/1676/695 6111/1935/695 6107/1934/695 6109/1696/695
f 6111/1935/4 6110/1676/4 5777/1664/4 5773/59/4
f 6042/1867/743 6036/1869/743 6034/1869/743 6002/1867/743
f 6128/1948/690 6127/1947/690 6129/1947/690 6130/1948/690
f 6127/1947/691 6118/1943/691 6131/1943/691 6129/1947/691
f 6131/1943/18 6132/1942/18 6133/1949/18 6152/1950/18 6153/1951/18 6154/1952/18 6155/1953/18 6162/1954/18 6130/1948/18 6129/1947/18
f 6134/1942/692 6132/1942/692 6131/1943/692 6118/1943/692
f 6134/1942/693 6135/1949/693 6133/1949/693 6132/1942/693
f 6135/1949/703 6150/1950/703 6152/1950/703 6133/1949/703
f 6150/1950/704 6151/1951/704 6153/1951/704 6152/1950/704
f 6151/1951/686 6156/1952/686 6154/1952/686 6153/1951/686
f 6156/1952/687 6157/1953/687 6155/1953/687 6154/1952/687
f 6157/1953/688 6161/1954/688 6162/1954/688 6155/1953/688
f 6161/1954/689 6128/1948/689 6130/1948/689 6162/1954/689
f 6190/1674/5 5905/1777/5 6166/1777/5 5781/1674/5
f 5977/1724/1 5971/1725/1 5829/1725/1 5826/1724/1
f 6168/1962/8 6169/1962/8 5931/1834/8 5961/1834/8
f 6170/1963/8 6168/1962/8 5961/1834/8 6167/1964/8
f 6169/1962/5 6168/1962/5 6171/1962/5 6172/1962/5
f 6168/1962/18 6170/1963/18 6173/1963/18 6171/1962/18
f 6170/1963/1 6183/1969/1 6182/1969/1 6173/1963/1
f 6183/1969/3 6169/1962/3 6172/1962/3 6182/1969/3
f 6183/1969/8 6170/1963/8 6167/1964/8 5928/1810/8
f 6169/1962/8 6183/1969/8 5928/1810/8 5931/1834/8
f 5928/1810/715 6167/1964/715 5911/1784/715 6185/1808/715
f 5911/1784/18 6167/239/18 6184/239/18
f 6186/1798/5 6187/1797/5 5927/1801/5 6185/1808/5
f 5914/1792/5 6186/1798/5 6185/1808/5 5911/1784/5
f 6187/1797/707 6186/1798/707 6188/1798/707 6189/1797/707
f 6186/1798/706 5914/1792/706 5917/1792/706 6188/1798/706
f 6191/1675/4 5901/1679/4 5905/1777/4 6190/1674/4
f 6191/1675/3 6190/1674/3 5781/1674/3 5785/1675/3
f 5901/1679/1 6191/1675/1 5785/1675/1 5899/1679/1
usemtl M_Noir_Profond
f 417/234/18 418/235/18 148/236/18 142/237/18 135/238/18 133/239/18 144/240/18 147/241/18 419/242/18 420/243/18
f 138/354/18 135/238/18 142/237/18 150/184/18 151/185/18
f 157/325/18 156/326/18 139/353/18 137/384/18 136/358/18
f 154/214/18 144/240/18 133/239/18 134/179/18 159/180/18
f 427/311/18 428/379/18 423/380/18 424/329/18 160/330/18 134/355/18 133/239/18 141/385/18 140/267/18 158/268/18
f 135/238/18 137/384/18 141/385/18 133/239/18
f 152/174/18 153/175/18 140/267/18 141/385/18 143/327/18
f 413/270/18 414/316/18 415/315/18 416/232/18 149/233/18 143/327/18 141/385/18 137/384/18 139/353/18 146/269/18
f 421/376/18 422/160/18 425/159/18 426/386/18 155/370/18 136/369/18 137/384/18 135/238/18 138/356/18 145/357/18
f 431/441/8 567/147/8 568/23/8 582/170/8 581/152/8 429/418/8 430/415/8 432/416/8
f 435/442/4 569/158/4 570/218/4 584/29/4 583/155/4 433/414/4 434/413/4 436/255/4
f 450/271/92 576/39/92 577/157/92 451/437/92 452/258/92 448/409/92 445/410/92 586/156/92 585/181/92 446/183/92 447/210/92 449/213/92
f 455/431/1 571/151/1 572/71/1 500/58/1 499/112/1 453/432/1 454/435/1 1164/443/1 456/428/1
f 459/423/5 538/17/5 537/34/5 1165/439/5 502/32/5 501/167/5 457/424/5 458/427/5 460/420/5
f 466/342/93 496/344/93 495/16/93 467/422/93 468/421/93 464/426/93 461/425/93 536/168/93 535/171/93 462/173/93 463/202/93 465/205/93
f 474/348/94 574/350/94 575/4/94 475/430/94 476/429/94 472/434/94 469/433/94 580/111/94 579/215/94 470/217/94 471/198/94 473/201/94
f 494/16/95 495/16/95 496/15/95 493/14/95
f 498/112/4 499/112/4 500/58/4 497/58/4
f 502/32/8 503/32/8 504/167/8 501/169/8
f 506/165/7 507/164/7 508/49/7 505/52/7
f 510/91/9 511/90/9 512/57/9 509/102/9
f 514/6/6 515/87/6 516/106/6 513/72/6
f 518/95/2 519/94/2 520/103/2 517/105/2
f 505/52/8 521/152/8 522/170/8 506/224/8
f 524/17/5 508/226/5 507/149/5 523/34/5
f 526/147/8 510/419/8 509/102/8 525/23/8
f 511/110/1 498/112/1 497/58/1 512/57/1
f 528/158/4 518/417/4 517/223/4 527/218/4
f 519/94/5 504/169/5 503/32/5 520/103/5
f 530/3/1 514/6/1 513/72/1 529/71/1
f 515/87/4 531/155/4 532/29/4 516/219/4
f 534/143/96 535/144/96 536/168/96 533/168/96
f 538/17/4 524/17/4 523/34/4 537/34/4
f 540/86/6 541/88/6 542/45/6 539/44/6
f 544/93/2 545/96/2 546/9/2 543/8/2
f 548/89/9 549/92/9 550/99/9 547/98/9
f 552/222/8 550/99/8 549/92/8 551/148/8
f 554/230/1 542/45/1 541/5/1 553/4/1
f 556/64/8 557/66/8 558/154/8 555/51/8
f 539/44/4 559/82/4 560/156/4 540/86/4
f 562/38/4 546/9/4 545/96/4 561/157/4
f 547/98/1 563/30/1 564/111/1 548/89/1
f 566/145/7 556/64/7 555/51/7 565/50/7
f 543/8/5 534/143/5 533/168/5 544/93/5
f 493/14/5 566/109/5 565/225/5 494/16/5
f 571/3/8 530/151/8 529/71/8 572/71/8
f 563/30/97 579/31/97 580/111/97 564/111/97
f 525/23/5 568/23/5 567/147/5 526/147/5
f 442/260/98 573/42/98 552/41/98 551/146/98 644/146/98 1170/146/98 1171/444/98 443/444/98 444/411/98 440/412/98 437/445/98 1178/445/98 1179/154/98 645/153/98 558/153/98 557/18/98 578/176/98 438/178/98 439/206/98 441/209/98
f 574/231/99 554/230/99 553/4/99 575/4/99
f 582/170/1 522/170/1 521/152/1 581/152/1
f 531/155/5 583/155/5 584/29/5 532/29/5
f 586/156/100 560/156/100 559/82/100 585/83/100
f 569/158/1 528/158/1 527/218/1 570/218/1
f 576/39/101 562/38/101 561/157/101 577/157/101
f 448/409/4 434/413/4 433/414/4 445/410/4
f 451/437/4 435/442/4 436/255/4 452/258/4
f 440/412/8 430/415/8 429/418/8 437/445/8
f 443/444/8 431/441/8 432/416/8 444/411/8
f 588/266/26 589/211/26 590/182/26 587/245/26
f 592/360/26 593/272/26 594/212/26 591/265/26
f 596/263/25 597/207/25 598/177/25 595/246/25
f 600/363/25 601/261/25 602/208/25 599/264/25
f 485/376/5 603/375/5 604/160/5 486/160/5
f 597/207/20 439/206/20 438/178/20 598/177/20
f 601/261/20 442/260/20 441/209/20 602/208/20
f 489/159/5 605/328/5 606/386/5 490/377/5
f 589/211/21 447/210/21 446/183/21 590/182/21
f 593/272/21 450/271/21 449/213/21 594/212/21
f 481/234/102 607/234/102 608/235/102 482/235/102
f 477/270/29 609/270/29 610/316/29 478/316/29
f 479/315/103 611/315/103 612/232/103 480/232/103
f 472/434/1 454/435/1 453/432/1 469/433/1
f 475/430/1 455/431/1 456/428/1 476/429/1
f 464/426/5 458/427/5 457/424/5 461/425/5
f 467/422/5 459/423/5 460/420/5 468/421/5
f 614/345/34 615/203/34 616/332/34 613/331/34
f 618/333/34 619/334/34 620/347/34 617/346/34
f 622/351/35 623/199/35 624/336/35 621/335/35
f 626/361/35 627/362/35 628/200/35 625/352/35
f 615/203/19 463/202/19 462/173/19 616/172/19
f 619/343/19 466/342/19 465/205/19 620/204/19
f 623/199/22 471/198/22 470/217/22 624/216/22
f 627/349/22 474/348/22 473/201/22 628/200/22
f 630/243/49 484/243/49 483/242/49 629/242/49
f 491/311/1 631/311/1 632/379/1 492/381/1
f 634/329/1 488/329/1 487/380/1 633/380/1
f 625/161/18 604/160/18 603/376/18 626/387/18
f 599/317/40 610/316/40 609/270/40 600/390/40
f 591/265/41 630/243/41 629/242/41 592/360/41
f 611/315/41 596/318/41 595/366/41 612/365/41
f 607/234/40 588/266/40 587/367/40 608/235/40
f 617/388/18 632/381/18 631/311/18 618/312/18
f 605/159/18 622/162/18 621/378/18 606/377/18
f 633/380/18 614/389/18 613/382/18 634/329/18
f 414/448/108 413/270/108 477/270/108 478/448/108
f 416/449/109 415/315/109 479/315/109 480/449/109
f 418/450/108 417/234/108 481/234/108 482/450/108
f 420/451/109 419/242/109 483/242/109 484/451/109
f 422/452/18 421/376/18 485/376/18 486/452/18
f 424/453/18 423/380/18 487/380/18 488/453/18
f 426/454/18 425/159/18 489/159/18 490/454/18
f 428/455/18 427/311/18 491/311/18 492/455/18
f 662/466/3 661/467/3 693/467/3 694/466/3
f 651/468/1 662/466/1 694/466/1 683/468/1
f 660/469/3 659/470/3 691/470/3 692/469/3
f 665/471/1 656/472/1 688/472/1 697/471/1
f 651/468/8 652/473/8 668/85/8 667/457/8
f 653/474/8 654/475/8 670/458/8 669/1/8
f 655/476/4 656/472/4 672/460/4 671/459/4
f 657/477/4 658/478/4 674/462/4 673/461/4
f 659/470/8 660/469/8 676/2/8 675/463/8
f 661/467/8 662/466/8 678/107/8 677/84/8
f 663/479/4 664/480/4 680/11/4 679/12/4
f 665/471/4 666/481/4 682/465/4 681/464/4
f 664/480/4 657/477/4 673/461/4 680/11/4
f 658/478/4 663/479/4 679/12/4 674/462/4
f 666/481/4 655/476/4 671/459/4 682/465/4
f 656/472/4 665/471/4 681/464/4 672/460/4
f 662/466/8 651/468/8 667/457/8 678/107/8
f 652/473/8 661/467/8 677/84/8 668/85/8
f 660/469/8 653/474/8 669/1/8 676/2/8
f 654/475/8 659/470/8 675/463/8 670/458/8
f 661/467/5 652/473/5 684/473/5 693/467/5
f 664/480/3 663/479/3 695/479/3 696/480/3
f 653/474/1 660/469/1 692/469/1 685/474/1
f 666/481/3 665/471/3 697/471/3 698/481/3
f 652/473/18 651/468/18 683/468/18 684/473/18
f 659/470/5 654/475/5 686/475/5 691/470/5
f 657/477/5 664/480/5 696/480/5 689/477/5
f 654/475/18 653/474/18 685/474/18 686/475/18
f 663/479/1 658/478/1 690/478/1 695/479/1
f 656/472/18 655/476/18 687/476/18 688/472/18
f 655/476/5 666/481/5 698/481/5 687/476/5
f 658/478/18 657/477/18 689/477/18 690/478/18
f 766/492/3 761/493/3 787/493/3 799/494/3 788/492/3
f 728/495/5 763/496/5 764/497/5 725/498/5 741/488/5 744/491/5
f 720/499/5 761/493/5 762/500/5 717/501/5 733/482/5 736/485/5
f 715/502/1 716/503/1 732/197/1 731/337/1
f 717/501/5 718/504/5 734/483/5 733/482/5
f 719/505/5 720/499/5 736/485/5 735/484/5
f 721/506/1 722/507/1 738/486/1 737/196/1
f 723/508/1 724/509/1 740/195/1 739/487/1
f 725/498/5 726/510/5 742/489/5 741/488/5
f 727/511/5 728/495/5 744/491/5 743/490/5
f 729/512/1 730/513/1 746/340/1 745/194/1
f 720/499/18 719/505/18 750/505/18 801/514/18 749/499/18
f 723/508/8 768/515/8 782/515/8 771/508/8
f 718/504/3 717/501/3 752/501/3 751/504/3
f 755/516/4 724/509/4 772/509/4 781/516/4
f 718/504/5 765/517/5 766/492/5 719/505/5 735/484/5 734/483/5
f 730/513/1 767/518/1 768/515/1 723/508/1 739/487/1 746/340/1
f 716/503/1 769/519/1 770/520/1 721/506/1 737/196/1 732/197/1
f 724/509/1 755/516/1 756/523/1 729/512/1 745/194/1 740/195/1
f 726/510/5 759/524/5 760/525/5 727/511/5 743/490/5 742/489/5
f 764/526/18 759/527/18 785/527/18 786/526/18
f 765/517/8 718/504/8 751/504/8 789/517/8
f 722/507/1 757/528/1 758/529/1 715/502/1 731/337/1 738/486/1
f 767/518/1 756/523/1 755/530/1 768/531/1
f 763/496/5 760/525/5 759/527/5 764/526/5
f 761/493/5 766/492/5 765/532/5 762/533/5
f 757/528/1 770/520/1 769/534/1 758/535/1
f 716/503/3 715/502/3 754/502/3 753/503/3
f 757/528/8 722/507/8 747/507/8 805/545/8 791/528/8
f 722/507/18 721/506/18 748/506/18 798/546/18 747/507/18
f 715/502/8 758/529/8 794/529/8 754/502/8
f 724/509/3 723/508/3 771/508/3 772/509/3
f 762/533/18 765/532/18 789/532/18 790/533/18
f 721/506/4 770/520/4 792/520/4 806/547/4 748/506/4
f 726/510/3 725/498/3 773/498/3 774/510/3
f 769/519/4 716/503/4 753/503/4 793/519/4
f 728/495/18 727/511/18 775/511/18 800/548/18 776/495/18
f 770/520/3 757/528/3 791/528/3 804/549/3 792/520/3
f 763/496/4 728/495/4 776/495/4 807/550/4 783/496/4
f 730/513/18 729/512/18 777/512/18 797/551/18 778/513/18
f 756/523/3 767/518/3 779/518/3 803/552/3 780/523/3
f 727/511/8 760/525/8 784/525/8 808/553/8 775/511/8
f 758/535/18 769/534/18 793/534/18 794/535/18
f 759/524/8 726/510/8 774/510/8 785/524/8
f 767/518/8 730/513/8 778/513/8 795/554/8 779/518/8
f 768/531/18 755/530/18 781/530/18 782/531/18
f 725/498/4 764/497/4 786/497/4 773/498/4
f 729/512/4 756/523/4 780/523/4 802/555/4 777/512/4
f 761/493/4 720/499/4 749/499/4 809/556/4 787/493/4
f 717/501/4 762/500/4 790/500/4 752/501/4
f 760/525/3 763/496/3 783/496/3 796/557/3 784/525/3
f 719/505/8 766/492/8 788/492/8 810/558/8 750/505/8
f 903/594/1 904/593/1 906/595/1 905/596/1
f 939/521/5 940/522/5 942/618/5 941/619/5
f 967/627/3 964/628/3 973/628/3 974/627/3
f 966/629/8 967/627/8 974/627/8 975/629/8
f 957/339/5 956/622/5 965/630/5 964/628/5
f 956/622/5 959/341/5 966/629/5 965/630/5
f 959/341/5 958/338/5 967/627/5 966/629/5
f 958/338/5 957/339/5 964/628/5 967/627/5
f 961/623/1 960/624/1 969/631/1 968/632/1
f 960/624/1 963/625/1 970/633/1 969/631/1
f 963/625/1 962/626/1 971/634/1 970/633/1
f 962/626/1 961/623/1 968/632/1 971/634/1
f 969/631/18 970/633/18 979/633/18 976/631/18
f 968/632/8 969/631/8 976/631/8 977/632/8
f 965/630/18 966/629/18 975/629/18 972/630/18
f 970/633/4 971/634/4 978/634/4 979/633/4
f 964/628/4 965/630/4 972/630/4 973/628/4
f 971/634/3 968/632/3 977/632/3 978/634/3
f 1002/643/8 1003/644/8 1010/644/8 1011/643/8
f 997/645/3 998/646/3 1007/646/3 1004/645/3
f 989/635/5 988/636/5 997/645/5 996/647/5
f 988/636/5 991/639/5 998/646/5 997/645/5
f 991/639/5 990/640/5 999/648/5 998/646/5
f 990/640/5 989/635/5 996/647/5 999/648/5
f 993/642/1 992/641/1 1001/649/1 1000/650/1
f 992/641/1 995/637/1 1002/643/1 1001/649/1
f 995/637/1 994/638/1 1003/644/1 1002/643/1
f 994/638/1 993/642/1 1000/650/1 1003/644/1
f 996/647/8 997/645/8 1004/645/8 1005/647/8
f 1003/644/18 1000/650/18 1009/650/18 1010/644/18
f 998/646/4 999/648/4 1006/648/4 1007/646/4
f 999/648/18 996/647/18 1005/647/18 1006/648/18
f 1001/649/3 1002/643/3 1011/643/3 1008/649/3
f 1000/650/4 1001/649/4 1008/649/4 1009/650/4
f 1067/657/1 1037/658/1 1036/659/1 1048/660/1
f 1017/620/1 1016/621/1 1031/661/1 1091/662/1 1059/663/1 1077/664/1 1076/665/1 1052/666/1 1061/667/1 1072/668/1 1073/669/1 1069/670/1 1036/671/1 1037/672/1 1090/673/1 1089/674/1 1054/675/1 1030/676/1
f 1015/655/1 1017/620/1 1030/676/1 1029/677/1
f 1050/678/5 1083/679/5 1074/680/5 1070/681/5
f 1016/621/1 1014/651/1 1028/682/1 1031/661/1
f 1020/654/5 1018/656/5 1035/683/5 1047/684/5 1071/685/5 1039/686/5 1040/687/5 1084/688/5 1064/689/5 1075/690/5 1074/680/5 1083/679/5 1051/691/5 1080/692/5 1079/693/5 1055/694/5 1088/695/5 1034/696/5
f 1027/652/5 1020/654/5 1034/696/5 1033/697/5
f 1060/698/1 1052/666/1 1076/665/1 1044/699/1
f 1018/656/5 1026/653/5 1032/700/5 1035/683/5
f 1081/701/5 1080/702/5 1051/703/5 1049/704/5
f 1053/705/1 1089/706/1 1090/707/1 1068/708/1
f 1046/709/5 1039/686/5 1071/685/5 1066/710/5
f 1045/711/1 1077/712/1 1059/663/1 1058/713/1
f 1085/714/5 1084/688/5 1040/687/5 1078/715/5
f 1057/716/1 1091/717/1 1031/661/1 1028/682/1
f 1030/676/1 1054/675/1 1063/718/1 1029/677/1
f 1042/719/5 1075/690/5 1064/689/5 1062/720/5
f 1086/721/5 1055/722/5 1079/723/5 1038/724/5
f 1056/725/5 1047/726/5 1035/683/5 1032/700/5
f 1041/727/1 1072/668/1 1061/667/1 1065/728/1
f 1014/651/1 1015/655/1 1029/677/1 1063/718/1 1053/705/1 1068/729/1 1067/657/1 1048/660/1 1082/730/1 1043/731/1 1041/727/1 1065/728/1 1060/698/1 1044/699/1 1045/732/1 1058/713/1 1057/716/1 1028/682/1
f 1026/653/5 1027/652/5 1033/697/5 1087/733/5 1086/721/5 1038/734/5 1081/701/5 1049/735/5 1050/678/5 1070/681/5 1042/719/5 1062/720/5 1085/714/5 1078/715/5 1046/709/5 1066/710/5 1056/736/5 1032/700/5
f 1034/696/5 1088/695/5 1087/733/5 1033/697/5
f 1082/730/1 1069/670/1 1073/669/1 1043/731/1
f 1084/688/3 1085/714/3 1133/714/3 1132/688/3
f 1083/679/3 1050/678/3 1128/678/3 1131/679/3
f 1055/722/3 1086/721/3 1134/721/3 1137/722/3
f 1089/706/3 1053/705/3 1140/705/3 1139/706/3
f 1039/686/3 1046/709/3 1121/709/3 1111/686/3
f 1037/658/3 1067/657/3 1100/657/3 1109/658/3
f 1047/726/3 1056/725/3 1098/725/3 1142/726/3
f 1069/670/3 1082/730/3 1126/730/3 1103/670/3
f 1072/668/3 1041/727/3 1113/727/3 1112/668/3
f 1077/712/3 1045/711/3 1117/711/3 1120/712/3
f 1091/717/3 1057/716/3 1105/716/3 1145/717/3
f 1052/666/3 1060/698/3 1094/698/3 1141/666/3
f 1080/702/3 1081/701/3 1125/701/3 1124/702/3
f 1075/690/3 1042/719/3 1106/719/3 1116/690/3
f 1742/866/174 1741/867/174 1325/867/174 1326/866/174
f 1750/888/182 1749/889/182 1333/889/182 1334/888/182
f 1743/890/175 1742/866/175 1326/866/175 1327/890/175
f 1751/891/183 1750/888/183 1334/888/183 1335/891/183
f 1744/892/176 1743/890/176 1327/890/176 1328/892/176
f 1752/893/184 1751/891/184 1335/891/184 1336/893/184
f 1745/894/177 1744/892/177 1328/892/177 1329/894/177
f 1753/895/185 1752/893/185 1336/893/185 1337/895/185
f 1746/887/178 1745/894/178 1329/894/178 1330/887/178
f 1739/896/186 1738/897/186 1322/897/186 1323/896/186
f 1738/897/172 1753/895/172 1337/895/172 1322/897/172
f 1747/886/179 1746/887/179 1330/887/179 1331/886/179
f 1740/898/187 1739/896/187 1323/896/187 1324/898/187
f 1748/899/180 1747/886/180 1331/886/180 1332/899/180
f 1741/867/173 1740/898/173 1324/898/173 1325/867/173
f 1749/889/181 1748/899/181 1332/899/181 1333/889/181
f 1573/952/18 1574/950/18 1494/935/18 1493/934/18
f 1574/950/18 1575/951/18 1495/936/18 1494/935/18
f 1575/951/18 1576/953/18 1496/937/18 1495/936/18
f 1576/953/18 1577/954/18 1497/938/18 1496/937/18
f 1577/954/18 1578/955/18 1498/939/18 1497/938/18
f 1578/955/18 1579/956/18 1499/940/18 1498/939/18
f 1579/956/18 1580/957/18 1500/941/18 1499/940/18
f 1580/957/18 1581/958/18 1501/942/18 1500/941/18
f 1581/958/18 1582/959/18 1502/943/18 1501/942/18
f 1582/959/18 1583/960/18 1503/944/18 1502/943/18
f 1583/960/18 1584/961/18 1504/945/18 1503/944/18
f 1584/961/18 1585/962/18 1505/946/18 1504/945/18
f 1585/962/18 1586/963/18 1506/947/18 1505/946/18
f 1586/963/18 1587/964/18 1507/933/18 1506/947/18
f 1587/964/18 1588/965/18 1508/932/18 1507/933/18
f 1588/965/18 1573/952/18 1493/934/18 1508/932/18
f 1603/990/236 1601/969/236 1611/969/236 1607/990/236
f 1479/951/18 1478/991/18 1631/991/18 1606/951/18
f 1492/992/18 1491/993/18 1624/993/18 1628/992/18
f 1602/968/3 1600/970/3 1613/970/3 1609/968/3
f 1478/991/18 1477/973/18 1635/973/18 1631/991/18
f 1491/993/18 1490/963/18 1620/963/18 1624/993/18
f 1601/969/3 1599/994/3 1615/994/3 1611/969/3
f 1490/963/18 1489/994/18 1616/994/18 1620/963/18
f 1600/970/3 1598/955/3 1617/955/3 1613/970/3
f 1489/994/18 1488/995/18 1612/995/18 1616/994/18
f 1599/994/3 1597/963/3 1619/963/3 1615/994/3
f 1488/995/18 1487/990/18 1608/990/18 1612/995/18
f 1598/955/237 1596/971/237 1621/971/237 1617/955/237
f 1487/990/238 1486/996/238 1633/996/238 1608/990/238
f 1597/963/3 1595/993/3 1623/993/3 1619/963/3
f 1486/996/18 1485/997/18 1630/997/18 1633/996/18
f 1477/973/186 1478/991/186 1574/950/186 1573/952/186
f 1478/991/187 1479/951/187 1575/951/187 1574/950/187
f 1479/951/173 1480/968/173 1576/953/173 1575/951/173
f 1480/968/174 1481/970/174 1577/954/174 1576/953/174
f 1481/970/175 1482/955/175 1578/955/175 1577/954/175
f 1482/955/176 1483/956/176 1579/956/176 1578/955/176
f 1483/956/177 1484/998/177 1580/957/177 1579/956/177
f 1484/998/178 1485/997/178 1581/958/178 1580/957/178
f 1485/997/179 1486/996/179 1582/959/179 1581/958/179
f 1486/996/180 1487/990/180 1583/960/180 1582/959/180
f 1487/990/181 1488/995/181 1584/961/181 1583/960/181
f 1488/995/182 1489/994/182 1585/962/182 1584/961/182
f 1489/994/183 1490/963/183 1586/963/183 1585/962/183
f 1490/963/184 1491/993/184 1587/964/184 1586/963/184
f 1491/993/185 1492/992/185 1588/965/185 1587/964/185
f 1492/992/172 1477/973/172 1573/952/172 1588/965/172
f 1559/959/179 1589/997/179 1571/972/179 1590/959/179
f 1572/973/172 1591/992/172 1570/965/172 1592/973/172
f 1557/949/186 1572/973/186 1592/973/186 1593/949/186
f 1589/997/178 1594/998/178 1569/957/178 1571/972/178
f 1591/992/185 1595/993/185 1568/964/185 1570/965/185
f 1594/998/177 1596/971/177 1567/971/177 1569/957/177
f 1595/993/184 1597/963/184 1566/963/184 1568/964/184
f 1596/971/176 1598/955/176 1565/955/176 1567/971/176
f 1597/963/183 1599/994/183 1564/962/183 1566/963/183
f 1598/955/175 1600/970/175 1563/970/175 1565/955/175
f 1599/994/182 1601/969/182 1562/969/182 1564/962/182
f 1600/970/174 1602/968/174 1561/968/174 1563/970/174
f 1601/969/181 1603/990/181 1560/960/181 1562/969/181
f 1602/968/173 1604/951/173 1558/948/173 1561/968/173
f 1603/990/180 1559/959/180 1590/959/180 1560/960/180
f 1604/951/187 1557/949/187 1593/949/187 1558/948/187
f 1477/973/18 1492/992/18 1628/992/18 1635/973/18
f 1480/968/18 1479/951/18 1606/951/18 1610/968/18
f 1604/951/3 1602/968/3 1609/968/3 1605/951/3
f 1589/997/3 1559/959/3 1634/959/3 1629/997/3
f 1481/970/18 1480/968/18 1610/968/18 1614/970/18
f 1559/959/3 1603/990/3 1607/990/3 1634/959/3
f 1591/992/3 1572/973/3 1636/973/3 1627/992/3
f 1482/955/18 1481/970/18 1614/970/18 1618/955/18
f 1557/949/3 1604/951/3 1605/951/3 1632/949/3
f 1572/973/3 1557/949/3 1632/949/3 1636/973/3
f 1483/956/18 1482/955/18 1618/955/18 1622/956/18
f 1594/998/3 1589/997/3 1629/997/3 1625/998/3
f 1484/998/239 1483/956/239 1622/956/239 1626/998/239
f 1595/993/3 1591/992/3 1627/992/3 1623/993/3
f 1485/997/18 1484/998/18 1626/998/18 1630/997/18
f 1596/971/3 1594/998/3 1625/998/3 1621/971/3
f 1380/915/18 1646/914/18 1790/914/18 1788/915/18
f 1657/911/18 1656/910/18 1793/910/18 1794/911/18
f 1377/906/18 1655/905/18 1792/905/18 1797/906/18
f 1643/907/18 1377/906/18 1797/906/18 1798/907/18
f 1378/908/18 1643/907/18 1798/907/18 1799/908/18
f 1376/901/18 1375/900/18 1786/900/18 1787/901/18
f 1644/909/18 1378/908/18 1799/908/18 1800/909/18
f 1375/900/18 1380/915/18 1788/915/18 1786/900/18
f 1656/910/18 1644/909/18 1800/909/18 1793/910/18
f 1653/902/18 1376/901/18 1787/901/18 1795/902/18
f 1379/912/18 1657/911/18 1794/911/18 1801/912/18
f 1646/914/18 1645/913/18 1789/913/18 1790/914/18
f 1642/903/18 1653/902/18 1795/902/18 1796/903/18
f 1645/913/18 1379/912/18 1801/912/18 1789/913/18
f 1655/905/18 1654/904/18 1791/904/18 1792/905/18
f 1654/904/18 1642/903/18 1796/903/18 1791/904/18
f 1637/908/240 1677/908/240 1682/909/240 1638/909/240
f 1650/907/241 1681/907/241 1677/908/241 1637/908/241
f 1357/906/242 1676/906/242 1681/907/242 1650/907/242
f 1649/905/243 1687/905/243 1676/906/243 1357/906/243
f 1356/904/244 1686/904/244 1687/905/244 1649/905/244
f 1648/903/245 1680/903/245 1686/904/245 1356/904/245
f 1355/902/246 1685/902/246 1680/903/246 1648/903/246
f 1354/901/247 1675/901/247 1685/902/247 1355/902/247
f 1647/900/248 1674/900/248 1675/901/248 1354/901/248
f 1641/915/249 1679/915/249 1674/900/249 1647/900/249
f 1640/914/250 1684/914/250 1679/915/250 1641/915/250
f 1652/913/251 1683/913/251 1684/914/251 1640/914/251
f 1639/912/252 1678/912/252 1683/913/252 1652/913/252
f 1358/911/253 1689/911/253 1678/912/253 1639/912/253
f 1651/910/254 1688/910/254 1689/911/254 1358/911/254
f 1638/909/255 1682/909/255 1688/910/255 1651/910/255
f 2366/866/174 2365/867/174 1949/867/174 1950/866/174
f 2374/888/182 2373/889/182 1957/889/182 1958/888/182
f 2367/890/175 2366/866/175 1950/866/175 1951/890/175
f 2375/891/183 2374/888/183 1958/888/183 1959/891/183
f 2368/892/176 2367/890/176 1951/890/176 1952/892/176
f 2376/893/184 2375/891/184 1959/891/184 1960/893/184
f 2369/894/177 2368/892/177 1952/892/177 1953/894/177
f 2377/895/185 2376/893/185 1960/893/185 1961/895/185
f 2370/887/178 2369/894/178 1953/894/178 1954/887/178
f 2363/896/186 2362/897/186 1946/897/186 1947/896/186
f 2362/897/172 2377/895/172 1961/895/172 1946/897/172
f 2371/886/179 2370/887/179 1954/887/179 1955/886/179
f 2364/898/187 2363/896/187 1947/896/187 1948/898/187
f 2372/899/180 2371/886/180 1955/886/180 1956/899/180
f 2365/867/173 2364/898/173 1948/898/173 1949/867/173
f 2373/889/181 2372/899/181 1956/899/181 1957/889/181
f 2197/952/18 2198/950/18 2118/935/18 2117/934/18
f 2198/950/18 2199/951/18 2119/936/18 2118/935/18
f 2199/951/18 2200/953/18 2120/937/18 2119/936/18
f 2200/953/18 2201/954/18 2121/938/18 2120/937/18
f 2201/954/18 2202/955/18 2122/939/18 2121/938/18
f 2202/955/18 2203/956/18 2123/940/18 2122/939/18
f 2203/956/18 2204/957/18 2124/941/18 2123/940/18
f 2204/957/18 2205/958/18 2125/942/18 2124/941/18
f 2205/958/18 2206/959/18 2126/943/18 2125/942/18
f 2206/959/18 2207/960/18 2127/944/18 2126/943/18
f 2207/960/18 2208/961/18 2128/945/18 2127/944/18
f 2208/961/18 2209/962/18 2129/946/18 2128/945/18
f 2209/962/18 2210/963/18 2130/947/18 2129/946/18
f 2210/963/18 2211/964/18 2131/933/18 2130/947/18
f 2211/964/18 2212/965/18 2132/932/18 2131/933/18
f 2212/965/18 2197/952/18 2117/934/18 2132/932/18
f 2227/990/236 2225/969/236 2235/969/236 2231/990/236
f 2103/951/18 2102/991/18 2255/991/18 2230/951/18
f 2116/992/18 2115/993/18 2248/993/18 2252/992/18
f 2226/968/3 2224/970/3 2237/970/3 2233/968/3
f 2102/991/18 2101/973/18 2259/973/18 2255/991/18
f 2115/993/18 2114/963/18 2244/963/18 2248/993/18
f 2225/969/3 2223/994/3 2239/994/3 2235/969/3
f 2114/963/18 2113/994/18 2240/994/18 2244/963/18
f 2224/970/3 2222/955/3 2241/955/3 2237/970/3
f 2113/994/18 2112/995/18 2236/995/18 2240/994/18
f 2223/994/3 2221/963/3 2243/963/3 2239/994/3
f 2112/995/18 2111/990/18 2232/990/18 2236/995/18
f 2222/955/237 2220/971/237 2245/971/237 2241/955/237
f 2111/990/238 2110/996/238 2257/996/238 2232/990/238
f 2221/963/3 2219/993/3 2247/993/3 2243/963/3
f 2110/996/18 2109/997/18 2254/997/18 2257/996/18
f 2101/973/186 2102/991/186 2198/950/186 2197/952/186
f 2102/991/187 2103/951/187 2199/951/187 2198/950/187
f 2103/951/173 2104/968/173 2200/953/173 2199/951/173
f 2104/968/174 2105/970/174 2201/954/174 2200/953/174
f 2105/970/175 2106/955/175 2202/955/175 2201/954/175
f 2106/955/176 2107/956/176 2203/956/176 2202/955/176
f 2107/956/177 2108/998/177 2204/957/177 2203/956/177
f 2108/998/178 2109/997/178 2205/958/178 2204/957/178
f 2109/997/179 2110/996/179 2206/959/179 2205/958/179
f 2110/996/180 2111/990/180 2207/960/180 2206/959/180
f 2111/990/181 2112/995/181 2208/961/181 2207/960/181
f 2112/995/182 2113/994/182 2209/962/182 2208/961/182
f 2113/994/183 2114/963/183 2210/963/183 2209/962/183
f 2114/963/184 2115/993/184 2211/964/184 2210/963/184
f 2115/993/185 2116/992/185 2212/965/185 2211/964/185
f 2116/992/172 2101/973/172 2197/952/172 2212/965/172
f 2183/959/179 2213/997/179 2195/972/179 2214/959/179
f 2196/973/172 2215/992/172 2194/965/172 2216/973/172
f 2181/949/186 2196/973/186 2216/973/186 2217/949/186
f 2213/997/178 2218/998/178 2193/957/178 2195/972/178
f 2215/992/185 2219/993/185 2192/964/185 2194/965/185
f 2218/998/177 2220/971/177 2191/971/177 2193/957/177
f 2219/993/184 2221/963/184 2190/963/184 2192/964/184
f 2220/971/176 2222/955/176 2189/955/176 2191/971/176
f 2221/963/183 2223/994/183 2188/962/183 2190/963/183
f 2222/955/175 2224/970/175 2187/970/175 2189/955/175
f 2223/994/182 2225/969/182 2186/969/182 2188/962/182
f 2224/970/174 2226/968/174 2185/968/174 2187/970/174
f 2225/969/181 2227/990/181 2184/960/181 2186/969/181
f 2226/968/173 2228/951/173 2182/948/173 2185/968/173
f 2227/990/180 2183/959/180 2214/959/180 2184/960/180
f 2228/951/187 2181/949/187 2217/949/187 2182/948/187
f 2101/973/18 2116/992/18 2252/992/18 2259/973/18
f 2104/968/18 2103/951/18 2230/951/18 2234/968/18
f 2228/951/3 2226/968/3 2233/968/3 2229/951/3
f 2213/997/3 2183/959/3 2258/959/3 2253/997/3
f 2105/970/18 2104/968/18 2234/968/18 2238/970/18
f 2183/959/3 2227/990/3 2231/990/3 2258/959/3
f 2215/992/3 2196/973/3 2260/973/3 2251/992/3
f 2106/955/18 2105/970/18 2238/970/18 2242/955/18
f 2181/949/3 2228/951/3 2229/951/3 2256/949/3
f 2196/973/3 2181/949/3 2256/949/3 2260/973/3
f 2107/956/18 2106/955/18 2242/955/18 2246/956/18
f 2218/998/3 2213/997/3 2253/997/3 2249/998/3
f 2108/998/239 2107/956/239 2246/956/239 2250/998/239
f 2219/993/3 2215/992/3 2251/992/3 2247/993/3
f 2109/997/18 2108/998/18 2250/998/18 2254/997/18
f 2220/971/3 2218/998/3 2249/998/3 2245/971/3
f 2004/915/18 2270/914/18 2414/914/18 2412/915/18
f 2281/911/18 2280/910/18 2417/910/18 2418/911/18
f 2001/906/18 2279/905/18 2416/905/18 2421/906/18
f 2267/907/18 2001/906/18 2421/906/18 2422/907/18
f 2002/908/18 2267/907/18 2422/907/18 2423/908/18
f 2000/901/18 1999/900/18 2410/900/18 2411/901/18
f 2268/909/18 2002/908/18 2423/908/18 2424/909/18
f 1999/900/18 2004/915/18 2412/915/18 2410/900/18
f 2280/910/18 2268/909/18 2424/909/18 2417/910/18
f 2277/902/18 2000/901/18 2411/901/18 2419/902/18
f 2003/912/18 2281/911/18 2418/911/18 2425/912/18
f 2270/914/18 2269/913/18 2413/913/18 2414/914/18
f 2266/903/18 2277/902/18 2419/902/18 2420/903/18
f 2269/913/18 2003/912/18 2425/912/18 2413/913/18
f 2279/905/18 2278/904/18 2415/904/18 2416/905/18
f 2278/904/18 2266/903/18 2420/903/18 2415/904/18
f 2261/908/240 2301/908/240 2306/909/240 2262/909/240
f 2274/907/241 2305/907/241 2301/908/241 2261/908/241
f 1981/906/242 2300/906/242 2305/907/242 2274/907/242
f 2273/905/243 2311/905/243 2300/906/243 1981/906/243
f 1980/904/244 2310/904/244 2311/905/244 2273/905/244
f 2272/903/245 2304/903/245 2310/904/245 1980/904/245
f 1979/902/246 2309/902/246 2304/903/246 2272/903/246
f 1978/901/247 2299/901/247 2309/902/247 1979/902/247
f 2271/900/248 2298/900/248 2299/901/248 1978/901/248
f 2265/915/249 2303/915/249 2298/900/249 2271/900/249
f 2264/914/250 2308/914/250 2303/915/250 2265/915/250
f 2276/913/251 2307/913/251 2308/914/251 2264/914/251
f 2263/912/252 2302/912/252 2307/913/252 2276/913/252
f 1982/911/253 2313/911/253 2302/912/253 2263/912/253
f 2275/910/254 2312/910/254 2313/911/254 1982/911/254
f 2262/909/255 2306/909/255 2312/910/255 2275/910/255
f 2990/866/174 2989/867/174 2573/867/174 2574/866/174
f 2998/888/182 2997/889/182 2581/889/182 2582/888/182
f 2991/890/175 2990/866/175 2574/866/175 2575/890/175
f 2999/891/183 2998/888/183 2582/888/183 2583/891/183
f 2992/892/176 2991/890/176 2575/890/176 2576/892/176
f 3000/893/184 2999/891/184 2583/891/184 2584/893/184
f 2993/894/177 2992/892/177 2576/892/177 2577/894/177
f 3001/895/185 3000/893/185 2584/893/185 2585/895/185
f 2994/887/178 2993/894/178 2577/894/178 2578/887/178
f 2987/896/186 2986/897/186 2570/897/186 2571/896/186
f 2986/897/172 3001/895/172 2585/895/172 2570/897/172
f 2995/886/179 2994/887/179 2578/887/179 2579/886/179
f 2988/898/187 2987/896/187 2571/896/187 2572/898/187
f 2996/899/180 2995/886/180 2579/886/180 2580/899/180
f 2989/867/173 2988/898/173 2572/898/173 2573/867/173
f 2997/889/181 2996/899/181 2580/899/181 2581/889/181
f 2821/952/18 2822/950/18 2742/935/18 2741/934/18
f 2822/950/18 2823/951/18 2743/936/18 2742/935/18
f 2823/951/18 2824/953/18 2744/937/18 2743/936/18
f 2824/953/18 2825/954/18 2745/938/18 2744/937/18
f 2825/954/18 2826/955/18 2746/939/18 2745/938/18
f 2826/955/18 2827/956/18 2747/940/18 2746/939/18
f 2827/956/18 2828/957/18 2748/941/18 2747/940/18
f 2828/957/18 2829/958/18 2749/942/18 2748/941/18
f 2829/958/18 2830/959/18 2750/943/18 2749/942/18
f 2830/959/18 2831/960/18 2751/944/18 2750/943/18
f 2831/960/18 2832/961/18 2752/945/18 2751/944/18
f 2832/961/18 2833/962/18 2753/946/18 2752/945/18
f 2833/962/18 2834/963/18 2754/947/18 2753/946/18
f 2834/963/18 2835/964/18 2755/933/18 2754/947/18
f 2835/964/18 2836/965/18 2756/932/18 2755/933/18
f 2836/965/18 2821/952/18 2741/934/18 2756/932/18
f 2851/990/3 2849/969/3 2859/969/3 2855/990/3
f 2727/951/18 2726/991/18 2879/991/18 2854/951/18
f 2740/992/18 2739/993/18 2872/993/18 2876/992/18
f 2850/968/3 2848/970/3 2861/970/3 2857/968/3
f 2726/991/18 2725/973/18 2883/973/18 2879/991/18
f 2739/993/18 2738/963/18 2868/963/18 2872/993/18
f 2849/969/3 2847/994/3 2863/994/3 2859/969/3
f 2738/963/18 2737/994/18 2864/994/18 2868/963/18
f 2848/970/3 2846/955/3 2865/955/3 2861/970/3
f 2737/994/18 2736/995/18 2860/995/18 2864/994/18
f 2847/994/3 2845/963/3 2867/963/3 2863/994/3
f 2736/995/323 2735/990/323 2856/990/323 2860/995/323
f 2846/955/3 2844/971/3 2869/971/3 2865/955/3
f 2735/990/18 2734/996/18 2881/996/18 2856/990/18
f 2845/963/3 2843/993/3 2871/993/3 2867/963/3
f 2734/996/18 2733/997/18 2878/997/18 2881/996/18
f 2725/973/186 2726/991/186 2822/950/186 2821/952/186
f 2726/991/187 2727/951/187 2823/951/187 2822/950/187
f 2727/951/173 2728/968/173 2824/953/173 2823/951/173
f 2728/968/174 2729/970/174 2825/954/174 2824/953/174
f 2729/970/175 2730/955/175 2826/955/175 2825/954/175
f 2730/955/176 2731/956/176 2827/956/176 2826/955/176
f 2731/956/177 2732/998/177 2828/957/177 2827/956/177
f 2732/998/178 2733/997/178 2829/958/178 2828/957/178
f 2733/997/179 2734/996/179 2830/959/179 2829/958/179
f 2734/996/180 2735/990/180 2831/960/180 2830/959/180
f 2735/990/181 2736/995/181 2832/961/181 2831/960/181
f 2736/995/182 2737/994/182 2833/962/182 2832/961/182
f 2737/994/183 2738/963/183 2834/963/183 2833/962/183
f 2738/963/184 2739/993/184 2835/964/184 2834/963/184
f 2739/993/185 2740/992/185 2836/965/185 2835/964/185
f 2740/992/172 2725/973/172 2821/952/172 2836/965/172
f 2807/959/179 2837/997/179 2819/972/179 2838/959/179
f 2820/973/172 2839/992/172 2818/965/172 2840/973/172
f 2805/949/186 2820/973/186 2840/973/186 2841/949/186
f 2837/997/178 2842/998/178 2817/957/178 2819/972/178
f 2839/992/185 2843/993/185 2816/964/185 2818/965/185
f 2842/998/177 2844/971/177 2815/971/177 2817/957/177
f 2843/993/184 2845/963/184 2814/963/184 2816/964/184
f 2844/971/176 2846/955/176 2813/955/176 2815/971/176
f 2845/963/183 2847/994/183 2812/962/183 2814/963/183
f 2846/955/175 2848/970/175 2811/970/175 2813/955/175
f 2847/994/182 2849/969/182 2810/969/182 2812/962/182
f 2848/970/174 2850/968/174 2809/968/174 2811/970/174
f 2849/969/181 2851/990/181 2808/960/181 2810/969/181
f 2850/968/173 2852/951/173 2806/948/173 2809/968/173
f 2851/990/180 2807/959/180 2838/959/180 2808/960/180
f 2852/951/187 2805/949/187 2841/949/187 2806/948/187
f 2725/973/18 2740/992/18 2876/992/18 2883/973/18
f 2728/968/18 2727/951/18 2854/951/18 2858/968/18
f 2852/951/3 2850/968/3 2857/968/3 2853/951/3
f 2837/997/3 2807/959/3 2882/959/3 2877/997/3
f 2729/970/18 2728/968/18 2858/968/18 2862/970/18
f 2807/959/3 2851/990/3 2855/990/3 2882/959/3
f 2839/992/3 2820/973/3 2884/973/3 2875/992/3
f 2730/955/18 2729/970/18 2862/970/18 2866/955/18
f 2805/949/3 2852/951/3 2853/951/3 2880/949/3
f 2820/973/3 2805/949/3 2880/949/3 2884/973/3
f 2731/956/324 2730/955/324 2866/955/324 2870/956/324
f 2842/998/3 2837/997/3 2877/997/3 2873/998/3
f 2732/998/18 2731/956/18 2870/956/18 2874/998/18
f 2843/993/3 2839/992/3 2875/992/3 2871/993/3
f 2733/997/18 2732/998/18 2874/998/18 2878/997/18
f 2844/971/3 2842/998/3 2873/998/3 2869/971/3
f 2628/915/18 2894/914/18 3038/914/18 3036/915/18
f 2905/911/18 2904/910/18 3041/910/18 3042/911/18
f 2625/906/18 2903/905/18 3040/905/18 3045/906/18
f 2891/907/18 2625/906/18 3045/906/18 3046/907/18
f 2626/908/18 2891/907/18 3046/907/18 3047/908/18
f 2624/901/18 2623/900/18 3034/900/18 3035/901/18
f 2892/909/18 2626/908/18 3047/908/18 3048/909/18
f 2623/900/18 2628/915/18 3036/915/18 3034/900/18
f 2904/910/18 2892/909/18 3048/909/18 3041/910/18
f 2901/902/18 2624/901/18 3035/901/18 3043/902/18
f 2627/912/18 2905/911/18 3042/911/18 3049/912/18
f 2894/914/18 2893/913/18 3037/913/18 3038/914/18
f 2890/903/18 2901/902/18 3043/902/18 3044/903/18
f 2893/913/18 2627/912/18 3049/912/18 3037/913/18
f 2903/905/18 2902/904/18 3039/904/18 3040/905/18
f 2902/904/18 2890/903/18 3044/903/18 3039/904/18
f 2885/908/240 2925/908/240 2930/909/240 2886/909/240
f 2898/907/241 2929/907/241 2925/908/241 2885/908/241
f 2605/906/242 2924/906/242 2929/907/242 2898/907/242
f 2897/905/243 2935/905/243 2924/906/243 2605/906/243
f 2604/904/244 2934/904/244 2935/905/244 2897/905/244
f 2896/903/245 2928/903/245 2934/904/245 2604/904/245
f 2603/902/246 2933/902/246 2928/903/246 2896/903/246
f 2602/901/247 2923/901/247 2933/902/247 2603/902/247
f 2895/900/248 2922/900/248 2923/901/248 2602/901/248
f 2889/915/249 2927/915/249 2922/900/249 2895/900/249
f 2888/914/250 2932/914/250 2927/915/250 2889/915/250
f 2900/913/251 2931/913/251 2932/914/251 2888/914/251
f 2887/912/252 2926/912/252 2931/913/252 2900/913/252
f 2606/911/253 2937/911/253 2926/912/253 2887/912/253
f 2899/910/254 2936/910/254 2937/911/254 2606/911/254
f 2886/909/325 2930/909/325 2936/910/325 2899/910/325
f 3614/866/174 3613/867/174 3197/867/174 3198/866/174
f 3622/888/182 3621/889/182 3205/889/182 3206/888/182
f 3615/890/175 3614/866/175 3198/866/175 3199/890/175
f 3623/891/183 3622/888/183 3206/888/183 3207/891/183
f 3616/892/176 3615/890/176 3199/890/176 3200/892/176
f 3624/893/184 3623/891/184 3207/891/184 3208/893/184
f 3617/894/177 3616/892/177 3200/892/177 3201/894/177
f 3625/895/185 3624/893/185 3208/893/185 3209/895/185
f 3618/887/178 3617/894/178 3201/894/178 3202/887/178
f 3611/896/186 3610/897/186 3194/897/186 3195/896/186
f 3610/897/172 3625/895/172 3209/895/172 3194/897/172
f 3619/886/179 3618/887/179 3202/887/179 3203/886/179
f 3612/898/187 3611/896/187 3195/896/187 3196/898/187
f 3620/899/180 3619/886/180 3203/886/180 3204/899/180
f 3613/867/173 3612/898/173 3196/898/173 3197/867/173
f 3621/889/181 3620/899/181 3204/899/181 3205/889/181
f 3445/952/18 3446/950/18 3366/935/18 3365/934/18
f 3446/950/18 3447/951/18 3367/936/18 3366/935/18
f 3447/951/18 3448/953/18 3368/937/18 3367/936/18
f 3448/953/18 3449/954/18 3369/938/18 3368/937/18
f 3449/954/18 3450/955/18 3370/939/18 3369/938/18
f 3450/955/18 3451/956/18 3371/940/18 3370/939/18
f 3451/956/18 3452/957/18 3372/941/18 3371/940/18
f 3452/957/18 3453/958/18 3373/942/18 3372/941/18
f 3453/958/18 3454/959/18 3374/943/18 3373/942/18
f 3454/959/18 3455/960/18 3375/944/18 3374/943/18
f 3455/960/18 3456/961/18 3376/945/18 3375/944/18
f 3456/961/18 3457/962/18 3377/946/18 3376/945/18
f 3457/962/18 3458/963/18 3378/947/18 3377/946/18
f 3458/963/18 3459/964/18 3379/933/18 3378/947/18
f 3459/964/18 3460/965/18 3380/932/18 3379/933/18
f 3460/965/18 3445/952/18 3365/934/18 3380/932/18
f 3475/990/3 3473/969/3 3483/969/3 3479/990/3
f 3351/951/18 3350/991/18 3503/991/18 3478/951/18
f 3364/992/18 3363/993/18 3496/993/18 3500/992/18
f 3474/968/3 3472/970/3 3485/970/3 3481/968/3
f 3350/991/18 3349/973/18 3507/973/18 3503/991/18
f 3363/993/18 3362/963/18 3492/963/18 3496/993/18
f 3473/969/3 3471/994/3 3487/994/3 3483/969/3
f 3362/963/18 3361/994/18 3488/994/18 3492/963/18
f 3472/970/3 3470/955/3 3489/955/3 3485/970/3
f 3361/994/18 3360/995/18 3484/995/18 3488/994/18
f 3471/994/3 3469/963/3 3491/963/3 3487/994/3
f 3360/995/323 3359/990/323 3480/990/323 3484/995/323
f 3470/955/3 3468/971/3 3493/971/3 3489/955/3
f 3359/990/18 3358/996/18 3505/996/18 3480/990/18
f 3469/963/3 3467/993/3 3495/993/3 3491/963/3
f 3358/996/18 3357/997/18 3502/997/18 3505/996/18
f 3349/973/186 3350/991/186 3446/950/186 3445/952/186
f 3350/991/187 3351/951/187 3447/951/187 3446/950/187
f 3351/951/173 3352/968/173 3448/953/173 3447/951/173
f 3352/968/174 3353/970/174 3449/954/174 3448/953/174
f 3353/970/175 3354/955/175 3450/955/175 3449/954/175
f 3354/955/176 3355/956/176 3451/956/176 3450/955/176
f 3355/956/177 3356/998/177 3452/957/177 3451/956/177
f 3356/998/178 3357/997/178 3453/958/178 3452/957/178
f 3357/997/179 3358/996/179 3454/959/179 3453/958/179
f 3358/996/180 3359/990/180 3455/960/180 3454/959/180
f 3359/990/181 3360/995/181 3456/961/181 3455/960/181
f 3360/995/182 3361/994/182 3457/962/182 3456/961/182
f 3361/994/183 3362/963/183 3458/963/183 3457/962/183
f 3362/963/184 3363/993/184 3459/964/184 3458/963/184
f 3363/993/185 3364/992/185 3460/965/185 3459/964/185
f 3364/992/172 3349/973/172 3445/952/172 3460/965/172
f 3431/959/179 3461/997/179 3443/972/179 3462/959/179
f 3444/973/172 3463/992/172 3442/965/172 3464/973/172
f 3429/949/186 3444/973/186 3464/973/186 3465/949/186
f 3461/997/178 3466/998/178 3441/957/178 3443/972/178
f 3463/992/185 3467/993/185 3440/964/185 3442/965/185
f 3466/998/177 3468/971/177 3439/971/177 3441/957/177
f 3467/993/184 3469/963/184 3438/963/184 3440/964/184
f 3468/971/176 3470/955/176 3437/955/176 3439/971/176
f 3469/963/183 3471/994/183 3436/962/183 3438/963/183
f 3470/955/175 3472/970/175 3435/970/175 3437/955/175
f 3471/994/182 3473/969/182 3434/969/182 3436/962/182
f 3472/970/174 3474/968/174 3433/968/174 3435/970/174
f 3473/969/181 3475/990/181 3432/960/181 3434/969/181
f 3474/968/173 3476/951/173 3430/948/173 3433/968/173
f 3475/990/180 3431/959/180 3462/959/180 3432/960/180
f 3476/951/187 3429/949/187 3465/949/187 3430/948/187
f 3349/973/18 3364/992/18 3500/992/18 3507/973/18
f 3352/968/18 3351/951/18 3478/951/18 3482/968/18
f 3476/951/3 3474/968/3 3481/968/3 3477/951/3
f 3461/997/3 3431/959/3 3506/959/3 3501/997/3
f 3353/970/18 3352/968/18 3482/968/18 3486/970/18
f 3431/959/3 3475/990/3 3479/990/3 3506/959/3
f 3463/992/3 3444/973/3 3508/973/3 3499/992/3
f 3354/955/18 3353/970/18 3486/970/18 3490/955/18
f 3429/949/3 3476/951/3 3477/951/3 3504/949/3
f 3444/973/3 3429/949/3 3504/949/3 3508/973/3
f 3355/956/324 3354/955/324 3490/955/324 3494/956/324
f 3466/998/3 3461/997/3 3501/997/3 3497/998/3
f 3356/998/18 3355/956/18 3494/956/18 3498/998/18
f 3467/993/3 3463/992/3 3499/992/3 3495/993/3
f 3357/997/18 3356/998/18 3498/998/18 3502/997/18
f 3468/971/3 3466/998/3 3497/998/3 3493/971/3
f 3252/915/18 3518/914/18 3662/914/18 3660/915/18
f 3529/911/18 3528/910/18 3665/910/18 3666/911/18
f 3249/906/18 3527/905/18 3664/905/18 3669/906/18
f 3515/907/18 3249/906/18 3669/906/18 3670/907/18
f 3250/908/18 3515/907/18 3670/907/18 3671/908/18
f 3248/901/18 3247/900/18 3658/900/18 3659/901/18
f 3516/909/18 3250/908/18 3671/908/18 3672/909/18
f 3247/900/18 3252/915/18 3660/915/18 3658/900/18
f 3528/910/18 3516/909/18 3672/909/18 3665/910/18
f 3525/902/18 3248/901/18 3659/901/18 3667/902/18
f 3251/912/18 3529/911/18 3666/911/18 3673/912/18
f 3518/914/18 3517/913/18 3661/913/18 3662/914/18
f 3514/903/18 3525/902/18 3667/902/18 3668/903/18
f 3517/913/18 3251/912/18 3673/912/18 3661/913/18
f 3527/905/18 3526/904/18 3663/904/18 3664/905/18
f 3526/904/18 3514/903/18 3668/903/18 3663/904/18
f 3509/908/240 3549/908/240 3554/909/240 3510/909/240
f 3522/907/241 3553/907/241 3549/908/241 3509/908/241
f 3229/906/242 3548/906/242 3553/907/242 3522/907/242
f 3521/905/243 3559/905/243 3548/906/243 3229/906/243
f 3228/904/244 3558/904/244 3559/905/244 3521/905/244
f 3520/903/245 3552/903/245 3558/904/245 3228/904/245
f 3227/902/246 3557/902/246 3552/903/246 3520/903/246
f 3226/901/247 3547/901/247 3557/902/247 3227/902/247
f 3519/900/248 3546/900/248 3547/901/248 3226/901/248
f 3513/915/249 3551/915/249 3546/900/249 3519/900/249
f 3512/914/250 3556/914/250 3551/915/250 3513/915/250
f 3524/913/251 3555/913/251 3556/914/251 3512/914/251
f 3511/912/252 3550/912/252 3555/913/252 3524/913/252
f 3230/911/253 3561/911/253 3550/912/253 3511/912/253
f 3523/910/254 3560/910/254 3561/911/254 3230/911/254
f 3510/909/325 3554/909/325 3560/910/325 3523/910/325
f 1541/988/18 1542/1057/18 3755/975/18 3754/974/18
f 1542/1057/18 1543/1059/18 3756/976/18 3755/975/18
f 1543/1059/18 4118/1106/18 3757/977/18 3756/976/18
f 4118/1106/18 4119/1107/18 3758/978/18 3757/977/18
f 4119/1107/18 4120/1077/18 3759/979/18 3758/978/18
f 4120/1077/18 1547/1075/18 3760/980/18 3759/979/18
f 1547/1075/18 1548/1073/18 3761/981/18 3760/980/18
f 1548/1073/18 1549/1071/18 3762/982/18 3761/981/18
f 1549/1071/18 1550/1069/18 3763/983/18 3762/982/18
f 1550/1069/18 1551/1067/18 3764/984/18 3763/983/18
f 1551/1067/18 1552/1065/18 3765/985/18 3764/984/18
f 1552/1065/18 1553/1063/18 3766/986/18 3765/985/18
f 1553/1063/18 1554/1061/18 3767/987/18 3766/986/18
f 1554/1061/18 1555/1054/18 3768/967/18 3767/987/18
f 1555/1054/18 1556/989/18 3769/966/18 3768/967/18
f 1556/989/18 1541/988/18 3754/974/18 3769/966/18
f 2165/1055/18 2166/1058/18 3771/975/18 3770/974/18
f 2166/1058/18 2167/1059/18 3772/976/18 3771/975/18
f 2167/1059/18 2168/1060/18 3773/977/18 3772/976/18
f 2168/1060/18 2169/1062/18 3774/978/18 3773/977/18
f 2169/1062/18 2170/1064/18 3775/979/18 3774/978/18
f 2170/1064/18 2171/1066/18 3776/980/18 3775/979/18
f 2171/1066/18 2172/1068/18 3777/981/18 3776/980/18
f 2172/1068/18 2173/1070/18 3778/982/18 3777/981/18
f 2173/1070/18 2174/1072/18 3779/983/18 3778/982/18
f 2174/1072/18 2175/1074/18 3780/984/18 3779/983/18
f 2175/1074/18 4121/1076/18 3781/985/18 3780/984/18
f 4121/1076/18 4122/1108/18 3782/986/18 3781/985/18
f 4122/1108/18 4123/1109/18 3783/987/18 3782/986/18
f 4123/1109/18 2179/1110/18 3784/967/18 3783/987/18
f 2179/1110/18 2180/1056/18 3785/966/18 3784/967/18
f 2180/1056/18 2165/1055/18 3770/974/18 3785/966/18
f 2789/1090/18 2790/1089/18 3787/975/18 3786/974/18
f 2790/1089/18 2791/1087/18 3788/976/18 3787/975/18
f 2791/1087/18 2792/1086/18 3789/977/18 3788/976/18
f 2792/1086/18 2793/1085/18 3790/978/18 3789/977/18
f 2793/1085/18 2794/1111/18 3791/979/18 3790/978/18
f 2794/1111/18 2795/1105/18 3792/980/18 3791/979/18
f 2795/1105/18 2796/1103/18 3793/981/18 3792/980/18
f 2796/1103/18 2797/1078/18 3794/982/18 3793/981/18
f 2797/1078/18 2798/1053/18 3795/983/18 3794/982/18
f 2798/1053/18 2799/1052/18 3796/984/18 3795/983/18
f 2799/1052/18 4124/1100/18 3797/985/18 3796/984/18
f 4124/1100/18 4125/1112/18 3798/986/18 3797/985/18
f 4125/1112/18 4126/1094/18 3799/987/18 3798/986/18
f 4126/1094/18 2803/1093/18 3800/967/18 3799/987/18
f 2803/1093/18 2804/1092/18 3801/966/18 3800/967/18
f 2804/1092/18 2789/1090/18 3786/974/18 3801/966/18
f 3413/1090/18 3414/1091/18 3803/975/18 3802/974/18
f 3414/1091/18 3415/1059/18 3804/976/18 3803/975/18
f 3415/1059/18 4127/1060/18 3805/977/18 3804/976/18
f 4127/1060/18 4128/1113/18 3806/978/18 3805/977/18
f 4128/1113/18 4129/1099/18 3807/979/18 3806/978/18
f 4129/1099/18 3419/1098/18 3808/980/18 3807/979/18
f 3419/1098/18 3420/1101/18 3809/981/18 3808/980/18
f 3420/1101/18 3421/1078/18 3810/982/18 3809/981/18
f 3421/1078/18 3422/1102/18 3811/983/18 3810/982/18
f 3422/1102/18 3423/1104/18 3812/984/18 3811/983/18
f 3423/1104/18 3424/1114/18 3813/985/18 3812/984/18
f 3424/1114/18 3425/1084/18 3814/986/18 3813/985/18
f 3425/1084/18 3426/1083/18 3815/987/18 3814/986/18
f 3426/1083/18 3427/1054/18 3816/967/18 3815/987/18
f 3427/1054/18 3428/1088/18 3817/966/18 3816/967/18
f 3428/1088/18 3413/1090/18 3802/974/18 3817/966/18
f 4268/1196/580 4273/1242/580 4279/1241/580 4278/1230/580
f 4273/1242/580 4274/1243/580 4280/1245/580 4279/1241/580
f 4274/1243/580 4269/1205/580 4281/1229/580 4280/1245/580
f 4269/1205/580 4268/1196/580 4278/1230/580 4281/1229/580
f 4266/1201/581 4277/1202/581 4283/1240/581 4282/1239/581
f 4277/1202/581 4270/1244/581 4284/1246/581 4283/1240/581
f 4270/1244/581 4267/1191/581 4285/1247/581 4284/1246/581
f 4267/1191/581 4266/1201/581 4282/1239/581 4285/1247/581
f 4275/1218/582 4266/1201/582 4287/1228/582 4286/1227/582
f 4266/1201/582 4267/1191/582 4288/1248/582 4287/1228/582
f 4267/1191/582 4276/1192/582 4289/1249/582 4288/1248/582
f 4276/1192/582 4275/1218/582 4286/1227/582 4289/1249/582
f 4271/1195/583 4268/1196/583 4291/1250/583 4290/1251/583
f 4268/1196/583 4269/1205/583 4292/1252/583 4291/1250/583
f 4269/1205/583 4272/1206/583 4293/1253/583 4292/1252/583
f 4272/1206/583 4271/1195/583 4290/1251/583 4293/1253/583
f 4320/1291/5 4321/1292/5 4324/1292/5 4325/1291/5
f 4321/1292/4 4318/1294/4 4323/1294/4 4324/1292/4
f 4319/1293/8 4320/1291/8 4325/1291/8 4322/1293/8
f 4318/1294/1 4319/1293/1 4322/1293/1 4323/1294/1
f 4367/1325/8 4368/1326/8 4377/1326/8 4378/1325/8
f 4364/1327/8 4365/1328/8 4376/1328/8 4375/1327/8
f 4353/1304/595 4352/1303/595 4363/1329/595 4362/1330/595
f 4352/1303/595 4355/1305/595 4364/1327/595 4363/1329/595
f 4355/1305/580 4356/1297/580 4365/1328/580 4364/1327/580
f 4356/1297/580 4354/1298/580 4366/1331/580 4365/1328/580
f 4354/1298/580 4353/1304/580 4362/1330/580 4366/1331/580
f 4358/1315/596 4357/1314/596 4368/1326/596 4367/1325/596
f 4357/1314/596 4360/1316/596 4369/1332/596 4368/1326/596
f 4360/1316/581 4361/1301/581 4370/1333/581 4369/1332/581
f 4361/1301/581 4359/1302/581 4371/1334/581 4370/1333/581
f 4359/1302/581 4358/1315/581 4367/1325/581 4371/1334/581
f 4362/1330/4 4363/1329/4 4372/1329/4 4373/1330/4
f 4370/1333/4 4371/1334/4 4379/1334/4 4381/1333/4
f 4365/1328/8 4366/1331/8 4374/1331/8 4376/1328/8
f 4371/1334/601 4367/1325/601 4378/1325/601 4379/1334/601
f 4366/1331/602 4362/1330/602 4373/1330/602 4374/1331/602
f 4368/1326/603 4369/1332/603 4380/1332/603 4377/1326/603
f 4363/1329/604 4364/1327/604 4375/1327/604 4372/1329/604
f 4369/1332/4 4370/1333/4 4381/1333/4 4380/1332/4
f 4440/1353/619 4439/1354/619 4455/1354/619 4456/1353/619
f 4441/1355/4 4440/1353/4 4456/1353/4 4457/1355/4
f 4438/1356/622 4439/1354/622 4447/1349/622 4446/1348/622
f 4439/1354/622 4440/1353/622 4448/1350/622 4447/1349/622
f 4441/1355/622 4438/1356/622 4446/1348/622 4449/1351/622
f 4440/1353/622 4441/1355/622 4449/1351/622 4448/1350/622
f 4442/1357/623 4443/1358/623 4451/1259/623 4450/1352/623
f 4443/1358/623 4444/1359/623 4452/1258/623 4451/1259/623
f 4445/1360/623 4442/1357/623 4450/1352/623 4453/1260/623
f 4444/1359/623 4445/1360/623 4453/1260/623 4452/1258/623
f 4442/1357/620 4445/1360/620 4461/1360/620 4458/1357/620
f 4443/1358/4 4442/1357/4 4458/1357/4 4459/1358/4
f 4438/1356/621 4441/1355/621 4457/1355/621 4454/1356/621
f 4439/1354/8 4438/1356/8 4454/1356/8 4455/1354/8
f 4445/1360/8 4444/1359/8 4460/1359/8 4461/1360/8
f 4444/1359/584 4443/1358/584 4459/1358/584 4460/1359/584
f 5007/1190/634 5013/1653/634 5014/1654/634 5010/1651/634
f 5010/1651/3 5011/1650/3 5006/1189/3 5007/1190/3
f 5011/1650/575 5015/1656/575 5012/1655/575 5006/1189/575
f 5156/801/3 5157/805/3 5171/805/3 5172/801/3
f 5164/801/239 5163/797/239 5174/797/239 5173/801/239
f 5155/797/3 5156/801/3 5172/801/3 5175/797/3
f 5163/797/18 5162/793/18 5177/793/18 5174/797/18
f 5154/793/3 5155/797/3 5175/797/3 5176/793/3
f 5162/793/18 5161/788/18 5178/788/18 5177/793/18
f 5147/788/3 5154/793/3 5176/793/3 5179/788/3
f 5161/788/239 5150/814/239 5182/814/239 5178/788/239
f 5147/788/635 5151/814/635 5152/814/635 5153/788/635
f 5154/793/636 5147/788/636 5153/788/636 5144/793/636
f 5155/797/637 5154/793/637 5144/793/637 5143/797/637
f 5156/801/638 5155/797/638 5143/797/638 5140/801/638
f 5157/805/639 5156/801/639 5140/801/639 5139/805/639
f 5136/809/640 5157/805/640 5139/805/640 5158/809/640
f 5148/813/641 5136/809/641 5158/809/641 5159/813/641
f 5151/787/642 5148/813/642 5159/813/642 5152/787/642
f 5150/814/635 5161/788/635 5146/788/635 5160/814/635
f 5161/788/636 5162/793/636 5145/793/636 5146/788/636
f 5162/793/637 5163/797/637 5142/797/637 5145/793/637
f 5163/797/638 5164/801/638 5141/801/638 5142/797/638
f 5164/801/639 5138/805/639 5165/805/639 5141/801/639
f 5138/805/640 5137/809/640 5166/809/640 5165/805/640
f 5137/809/641 5149/813/641 5167/813/641 5166/809/641
f 5149/813/642 5150/787/642 5160/787/642 5167/813/642
f 5138/805/238 5164/801/238 5173/801/238 5170/805/238
f 5157/805/3 5136/809/3 5168/809/3 5171/805/3
f 5137/809/18 5138/805/18 5170/805/18 5169/809/18
f 5136/809/3 5148/813/3 5180/813/3 5168/809/3
f 5149/813/18 5137/809/18 5169/809/18 5181/813/18
f 5148/813/3 5151/787/3 5183/787/3 5180/813/3
f 5151/814/3 5147/788/3 5179/788/3 5183/814/3
f 5150/787/238 5149/813/238 5181/813/238 5182/787/238
f 5324/801/3 5325/805/3 5339/805/3 5340/801/3
f 5332/801/239 5331/797/239 5342/797/239 5341/801/239
f 5323/797/3 5324/801/3 5340/801/3 5343/797/3
f 5331/797/18 5330/793/18 5345/793/18 5342/797/18
f 5322/793/3 5323/797/3 5343/797/3 5344/793/3
f 5330/793/238 5329/788/238 5346/788/238 5345/793/238
f 5315/788/3 5322/793/3 5344/793/3 5347/788/3
f 5329/788/18 5318/814/18 5350/814/18 5346/788/18
f 5315/788/635 5319/814/635 5320/814/635 5321/788/635
f 5322/793/636 5315/788/636 5321/788/636 5312/793/636
f 5323/797/637 5322/793/637 5312/793/637 5311/797/637
f 5324/801/638 5323/797/638 5311/797/638 5308/801/638
f 5325/805/639 5324/801/639 5308/801/639 5307/805/639
f 5304/809/640 5325/805/640 5307/805/640 5326/809/640
f 5316/813/641 5304/809/641 5326/809/641 5327/813/641
f 5319/787/642 5316/813/642 5327/813/642 5320/787/642
f 5318/814/635 5329/788/635 5314/788/635 5328/814/635
f 5329/788/636 5330/793/636 5313/793/636 5314/788/636
f 5330/793/637 5331/797/637 5310/797/637 5313/793/637
f 5331/797/638 5332/801/638 5309/801/638 5310/797/638
f 5332/801/639 5306/805/639 5333/805/639 5309/801/639
f 5306/805/640 5305/809/640 5334/809/640 5333/805/640
f 5305/809/641 5317/813/641 5335/813/641 5334/809/641
f 5317/813/642 5318/787/642 5328/787/642 5335/813/642
f 5306/805/238 5332/801/238 5341/801/238 5338/805/238
f 5325/805/3 5304/809/3 5336/809/3 5339/805/3
f 5305/809/18 5306/805/18 5338/805/18 5337/809/18
f 5304/809/3 5316/813/3 5348/813/3 5336/809/3
f 5317/813/239 5305/809/239 5337/809/239 5349/813/239
f 5316/813/3 5319/787/3 5351/787/3 5348/813/3
f 5319/814/3 5315/788/3 5347/788/3 5351/814/3
f 5318/787/18 5317/813/18 5349/813/18 5350/787/18
f 5360/1672/663 5612/1673/663 5362/1670/663 5359/1665/663
f 5361/1674/8 5360/1672/8 5359/1665/8
f 5365/1675/8 5361/1674/8 5359/1665/8 5363/1664/8
f 5367/1677/665 5366/1678/665 5363/1664/665 5364/1676/665
f 5365/1675/8 5363/1664/8 5366/1678/8
f 5479/1679/666 5365/1675/666 5366/1678/666 5368/1680/666
f 5382/1692/671 5380/1693/671 5381/1694/671 5383/1695/671
f 5380/1687/669 5367/1677/669 5364/1676/669 5381/1696/669
f 5384/1697/672 5382/1692/672 5383/1695/672 5386/1698/672
f 5385/1699/5 5384/1700/5 5386/1698/5 5661/1701/5
f 5659/1720/678 5404/1721/678 5403/1712/678 5399/1713/678
f 5405/1716/679 5403/1717/679 5404/1722/679 5407/1723/679
f 5408/1718/680 5405/1716/680 5406/1724/680 5409/1725/680
f 5406/1724/4 5405/1716/4 5407/1723/4
f 5410/1726/681 5408/1718/681 5409/1725/681 5476/1727/681
f 5477/1729/18 5410/1730/18 5476/1771/18 5478/1772/18
f 5368/1680/667 5477/1682/667 5478/1773/667 5479/1679/667
f 5496/1791/1 5498/1795/1 5499/1796/1 5769/1797/1 5768/1798/1 5497/1792/1
f 5547/1818/5 5546/1819/5 5548/1820/5 5513/1816/5 5514/1817/5 5515/1821/5
f 5531/1830/8 5530/1831/8 5527/1828/8 5528/1827/8
f 5530/1831/8 5532/1832/8 5529/1829/8 5527/1828/8
f 5530/1831/1 5531/1830/1 5534/1830/1 5533/1831/1
f 5532/1832/18 5530/1831/18 5533/1831/18 5535/1832/18
f 5537/1833/5 5532/1832/5 5535/1832/5 5536/1833/5
f 5531/1830/3 5537/1833/3 5536/1833/3 5534/1830/3
f 5532/1832/8 5537/1833/8 5538/1829/8 5529/1829/8
f 5537/1833/8 5531/1830/8 5528/1827/8 5538/1829/8
f 5560/1842/680 5561/1843/680 5555/1840/680 5558/1841/680
f 5558/1841/4 5406/1724/4 5407/1723/4 5559/1844/4
f 5558/1841/4 5559/1844/4 5560/1842/4
f 5562/1845/719 5560/1842/719 5559/1844/719 5648/1846/719
f 5576/1858/723 5573/1859/723 5692/1862/723 5577/1863/723
f 5578/1860/722 5576/1858/722 5577/1863/722 5579/1864/722
f 5580/1865/1 5578/1866/1 5579/1864/1 5582/1867/1
f 5581/1868/724 5580/1865/724 5582/1867/724 5614/1869/724
f 5612/1673/700 5611/1893/700 5613/1895/700 5362/1670/700
f 5611/1893/730 5581/1894/730 5614/1869/730 5613/1895/730
f 5626/1900/1 5627/1903/1 5630/1904/1 5629/1905/1
f 5628/1901/1 5626/1900/1 5629/1905/1 5631/1906/1
f 5629/1905/4 5630/1904/4 5633/1904/4 5632/1905/4
f 5631/1906/18 5629/1905/18 5632/1905/18 5634/1906/18
f 5636/1907/8 5631/1906/8 5634/1906/8 5635/1907/8
f 5630/1904/3 5636/1907/3 5635/1907/3 5633/1904/3
f 5627/1903/1 5637/1908/1 5636/1907/1 5630/1904/1
f 5637/1908/1 5628/1901/1 5631/1906/1 5636/1907/1
f 5399/1711/742 5397/1707/742 5660/1917/742 5659/1720/742
f 5397/1707/676 5385/1699/676 5661/1701/676 5660/1917/676
f 5669/1921/5 5668/1919/5 5671/1922/5 5672/1923/5
f 5668/1919/5 5670/1918/5 5673/1924/5 5671/1922/5
f 5672/1923/8 5671/1922/8 5674/1922/8 5675/1923/8
f 5671/1922/3 5673/1924/3 5676/1924/3 5674/1922/3
f 5673/1924/4 5678/1925/4 5677/1925/4 5676/1924/4
f 5678/1925/18 5672/1923/18 5675/1923/18 5677/1925/18
f 5679/1926/5 5669/1921/5 5672/1923/5 5678/1925/5
f 5670/1918/5 5679/1926/5 5678/1925/5 5673/1924/5
f 5573/1853/695 5562/1845/695 5648/1846/695 5692/1862/695
f 5697/1937/667 5695/1938/667 5746/1777/667 5484/1776/667
f 5745/1940/18 5697/1941/18 5484/1778/18 5553/1781/18
f 5561/1843/761 5745/1848/761 5553/1839/761 5555/1840/761
f 5695/1936/666 5360/1672/666 5361/1674/666 5746/1777/666
f 5754/1965/4 5755/1966/4 5752/1962/4 5751/1962/4
f 5756/1967/4 5754/1965/4 5751/1962/4 5753/1963/4
f 5755/1966/1 5754/1965/1 5757/1965/1 5758/1966/1
f 5754/1965/18 5756/1967/18 5759/1967/18 5757/1965/18
f 5756/1967/5 5761/1968/5 5760/1968/5 5759/1967/5
f 5761/1968/3 5755/1966/3 5758/1966/3 5760/1968/3
f 5761/1968/4 5756/1967/4 5753/1963/4 5762/1969/4
f 5755/1966/4 5761/1968/4 5762/1969/4 5752/1962/4
f 5780/1672/679 6032/1673/679 5782/1670/679 5779/1665/679
f 5781/1674/4 5780/1672/4 5779/1665/4
f 5785/1675/4 5781/1674/4 5779/1665/4 5783/1664/4
f 5787/1677/719 5786/1678/719 5783/1664/719 5784/1676/719
f 5785/1675/4 5783/1664/4 5786/1678/4
f 5899/1679/680 5785/1675/680 5786/1678/680 5788/1680/680
f 5802/1692/723 5800/1693/723 5801/1694/723 5803/1695/723
f 5800/1687/695 5787/1677/695 5784/1676/695 5801/1696/695
f 5804/1697/722 5802/1692/722 5803/1695/722 5806/1698/722
f 5805/1699/1 5804/1700/1 5806/1698/1 6081/1701/1
f 6079/1720/700 5824/1721/700 5823/1712/700 5819/1713/700
f 5825/1716/663 5823/1717/663 5824/1722/663 5827/1723/663
f 5828/1718/666 5825/1716/666 5826/1724/666 5829/1725/666
f 5826/1724/8 5825/1716/8 5827/1723/8
f 5830/1726/667 5828/1718/667 5829/1725/667 5896/1727/667
f 5897/1729/18 5830/1730/18 5896/1771/18 5898/1772/18
f 5788/1680/681 5897/1682/681 5898/1773/681 5899/1679/681
f 5916/1791/5 5918/1795/5 5919/1796/5 6189/1797/5 6188/1798/5 5917/1792/5
f 5967/1818/1 5966/1819/1 5968/1820/1 5933/1816/1 5934/1817/1 5935/1821/1
f 5951/1830/4 5950/1831/4 5947/1828/4 5948/1827/4
f 5950/1831/4 5952/1832/4 5949/1829/4 5947/1828/4
f 5950/1831/5 5951/1830/5 5954/1830/5 5953/1831/5
f 5952/1832/18 5950/1831/18 5953/1831/18 5955/1832/18
f 5957/1833/1 5952/1832/1 5955/1832/1 5956/1833/1
f 5951/1830/3 5957/1833/3 5956/1833/3 5954/1830/3
f 5952/1832/4 5957/1833/4 5958/1829/4 5949/1829/4
f 5957/1833/4 5951/1830/4 5948/1827/4 5958/1829/4
f 5980/1842/666 5981/1843/666 5975/1840/666 5978/1841/666
f 5978/1841/8 5826/1724/8 5827/1723/8 5979/1844/8
f 5978/1841/8 5979/1844/8 5980/1842/8
f 5982/1845/665 5980/1842/665 5979/1844/665 6068/1846/665
f 5996/1858/671 5993/1859/671 6112/1862/671 5997/1863/671
f 5998/1860/672 5996/1858/672 5997/1863/672 5999/1864/672
f 6000/1865/5 5998/1866/5 5999/1864/5 6002/1867/5
f 6001/1868/676 6000/1865/676 6002/1867/676 6034/1869/676
f 6032/1673/678 6031/1893/678 6033/1895/678 5782/1670/678
f 6031/1893/742 6001/1894/742 6034/1869/742 6033/1895/742
f 6046/1900/5 6047/1903/5 6050/1904/5 6049/1905/5
f 6048/1901/5 6046/1900/5 6049/1905/5 6051/1906/5
f 6049/1905/8 6050/1904/8 6053/1904/8 6052/1905/8
f 6051/1906/18 6049/1905/18 6052/1905/18 6054/1906/18
f 6056/1907/4 6051/1906/4 6054/1906/4 6055/1907/4
f 6050/1904/3 6056/1907/3 6055/1907/3 6053/1904/3
f 6047/1903/5 6057/1908/5 6056/1907/5 6050/1904/5
f 6057/1908/5 6048/1901/5 6051/1906/5 6056/1907/5
f 5819/1711/730 5817/1707/730 6080/1917/730 6079/1720/730
f 5817/1707/724 5805/1699/724 6081/1701/724 6080/1917/724
f 6089/1921/1 6088/1919/1 6091/1922/1 6092/1923/1
f 6088/1919/1 6090/1918/1 6093/1924/1 6091/1922/1
f 6092/1923/4 6091/1922/4 6094/1922/4 6095/1923/4
f 6091/1922/3 6093/1924/3 6096/1924/3 6094/1922/3
f 6093/1924/8 6098/1925/8 6097/1925/8 6096/1924/8
f 6098/1925/18 6092/1923/18 6095/1923/18 6097/1925/18
f 6099/1926/1 6089/1921/1 6092/1923/1 6098/1925/1
f 6090/1918/1 6099/1926/1 6098/1925/1 6093/1924/1
f 5993/1853/669 5982/1845/669 6068/1846/669 6112/1862/669
f 6117/1937/761 6115/1938/761 6166/1777/761 5904/1776/761
f 6165/1940/18 6117/1941/18 5904/1778/18 5973/1781/18
f 5981/1843/767 6165/1848/767 5973/1839/767 5975/1840/767
f 6115/1936/680 5780/1672/680 5781/1674/680 6166/1777/680
f 6174/1965/8 6175/1966/8 6172/1962/8 6171/1962/8
f 6176/1967/8 6174/1965/8 6171/1962/8 6173/1963/8
f 6175/1966/5 6174/1965/5 6177/1965/5 6178/1966/5
f 6174/1965/18 6176/1967/18 6179/1967/18 6177/1965/18
f 6176/1967/1 6181/1968/1 6180/1968/1 6179/1967/1
f 6181/1968/3 6175/1966/3 6178/1966/3 6180/1968/3
f 6181/1968/8 6176/1967/8 6173/1963/8 6182/1969/8
f 6175/1966/8 6181/1968/8 6182/1969/8 6172/1962/8
usemtl M_Orange
f 194/278/18 195/281/18 196/310/18 193/286/18
f 198/313/18 199/314/18 200/284/18 197/279/18
f 202/294/18 203/295/18 204/396/18 201/395/18
f 206/274/18 207/285/18 208/398/18 205/275/18
f 219/277/18 194/278/18 193/286/18 210/287/18
f 224/407/18 198/313/18 197/279/18 212/280/18
f 207/285/18 222/405/18 214/400/18 208/398/18
f 217/403/18 202/294/18 201/395/18 216/402/18
f 199/314/18 223/406/18 211/283/18 200/284/18
f 221/273/18 206/274/18 205/275/18 213/276/18
f 220/282/18 209/309/18 196/310/18 195/281/18
f 203/295/18 218/404/18 215/401/18 204/396/18
f 880/574/5 879/573/5 882/575/5 881/576/5
f 884/571/1 883/569/1 886/564/1 885/565/1
f 888/580/5 887/579/5 890/581/5 889/582/5
f 892/585/1 891/584/1 894/586/1 893/587/1
f 899/537/1 900/544/1 902/592/1 901/536/1
f 908/598/5 907/597/5 910/599/5 909/600/5
f 920/606/1 919/605/1 922/607/1 921/608/1
f 935/617/5 936/570/5 938/567/5 937/568/5
f 1157/737/5 1156/542/5 1159/543/5 1158/738/5
f 1161/740/1 1160/739/1 1163/540/1 1162/541/1
f 1223/778/148 1238/777/148 1230/772/148 1222/771/148
f 1225/779/149 1239/769/149 1231/770/149 1224/773/149
f 1240/767/150 1226/768/150 1227/775/150 1232/774/150
f 1241/763/151 1228/757/151 1229/762/151 1233/766/151
f 1228/757/152 1242/758/152 1234/761/152 1229/762/152
f 1243/760/153 1225/779/153 1224/773/153 1235/759/153
f 1226/768/154 1244/780/154 1236/776/154 1227/775/154
f 1245/765/155 1223/778/155 1222/771/155 1237/764/155
f 1755/869/18 1756/872/18 1757/881/18 1754/878/18
f 1756/872/18 1758/873/18 1759/877/18 1757/881/18
f 1758/873/18 1760/1008/18 1761/875/18 1759/877/18
f 1760/1008/18 1762/1009/18 1763/871/18 1761/875/18
f 1762/1009/18 1764/1010/18 1765/870/18 1763/871/18
f 1764/1010/18 1766/1011/18 1767/1001/18 1765/870/18
f 1766/1011/18 1768/1012/18 1769/1002/18 1767/1001/18
f 1768/1012/18 1770/1013/18 1771/1003/18 1769/1002/18
f 1770/1013/18 1772/1014/18 1773/1004/18 1771/1003/18
f 1772/1014/18 1774/885/18 1775/1005/18 1773/1004/18
f 1774/885/18 1776/883/18 1777/1006/18 1775/1005/18
f 1776/883/18 1778/880/18 1779/1007/18 1777/1006/18
f 1778/880/18 1780/876/18 1781/884/18 1779/1007/18
f 1780/876/18 1782/874/18 1783/882/18 1781/884/18
f 1782/874/18 1784/868/18 1785/879/18 1783/882/18
f 1784/868/18 1755/869/18 1754/878/18 1785/879/18
f 2379/869/18 2380/872/18 2381/881/18 2378/878/18
f 2380/872/18 2382/873/18 2383/877/18 2381/881/18
f 2382/873/18 2384/1008/18 2385/875/18 2383/877/18
f 2384/1008/18 2386/1009/18 2387/871/18 2385/875/18
f 2386/1009/18 2388/1010/18 2389/870/18 2387/871/18
f 2388/1010/18 2390/1011/18 2391/1001/18 2389/870/18
f 2390/1011/18 2392/1012/18 2393/1002/18 2391/1001/18
f 2392/1012/18 2394/1013/18 2395/1003/18 2393/1002/18
f 2394/1013/18 2396/1014/18 2397/1004/18 2395/1003/18
f 2396/1014/18 2398/885/18 2399/1005/18 2397/1004/18
f 2398/885/18 2400/883/18 2401/1006/18 2399/1005/18
f 2400/883/18 2402/880/18 2403/1007/18 2401/1006/18
f 2402/880/18 2404/876/18 2405/884/18 2403/1007/18
f 2404/876/18 2406/874/18 2407/882/18 2405/884/18
f 2406/874/18 2408/868/18 2409/879/18 2407/882/18
f 2408/868/18 2379/869/18 2378/878/18 2409/879/18
f 3003/869/18 3004/872/18 3005/881/18 3002/878/18
f 3004/872/18 3006/873/18 3007/877/18 3005/881/18
f 3006/873/18 3008/1008/18 3009/875/18 3007/877/18
f 3008/1008/18 3010/1009/18 3011/871/18 3009/875/18
f 3010/1009/18 3012/1010/18 3013/870/18 3011/871/18
f 3012/1010/18 3014/1011/18 3015/1001/18 3013/870/18
f 3014/1011/18 3016/1012/18 3017/1002/18 3015/1001/18
f 3016/1012/18 3018/1013/18 3019/1003/18 3017/1002/18
f 3018/1013/18 3020/1014/18 3021/1004/18 3019/1003/18
f 3020/1014/18 3022/885/18 3023/1005/18 3021/1004/18
f 3022/885/18 3024/883/18 3025/1006/18 3023/1005/18
f 3024/883/18 3026/880/18 3027/1007/18 3025/1006/18
f 3026/880/18 3028/876/18 3029/884/18 3027/1007/18
f 3028/876/18 3030/874/18 3031/882/18 3029/884/18
f 3030/874/18 3032/868/18 3033/879/18 3031/882/18
f 3032/868/18 3003/869/18 3002/878/18 3033/879/18
f 3627/869/18 3628/872/18 3629/881/18 3626/878/18
f 3628/872/18 3630/873/18 3631/877/18 3629/881/18
f 3630/873/18 3632/1008/18 3633/875/18 3631/877/18
f 3632/1008/18 3634/1009/18 3635/871/18 3633/875/18
f 3634/1009/18 3636/1010/18 3637/870/18 3635/871/18
f 3636/1010/18 3638/1011/18 3639/1001/18 3637/870/18
f 3638/1011/18 3640/1012/18 3641/1002/18 3639/1001/18
f 3640/1012/18 3642/1013/18 3643/1003/18 3641/1002/18
f 3642/1013/18 3644/1014/18 3645/1004/18 3643/1003/18
f 3644/1014/18 3646/885/18 3647/1005/18 3645/1004/18
f 3646/885/18 3648/883/18 3649/1006/18 3647/1005/18
f 3648/883/18 3650/880/18 3651/1007/18 3649/1006/18
f 3650/880/18 3652/876/18 3653/884/18 3651/1007/18
f 3652/876/18 3654/874/18 3655/882/18 3653/884/18
f 3654/874/18 3656/868/18 3657/879/18 3655/882/18
f 3656/868/18 3627/869/18 3626/878/18 3657/879/18
f 4407/1345/607 4408/1344/607 4409/1215/607 4406/1207/607
f 4411/1224/608 4426/1212/608 4422/1213/608 4410/1337/608
f 4413/1216/606 4414/1217/606 4415/1340/606 4412/1339/606
f 4427/1209/609 4416/1210/609 4417/1225/609 4423/1226/609
f 4419/1221/610 4428/1346/610 4424/1222/610 4418/1223/610
f 4408/1344/605 4420/1220/605 4421/1214/605 4409/1215/605
f 4429/1347/611 4407/1345/611 4406/1207/611 4425/1208/611
f 4414/1217/612 4411/1224/612 4410/1337/612 4415/1340/612
f 4416/1210/613 4413/1216/613 4412/1339/613 4417/1225/613
f 4420/1220/614 4419/1221/614 4418/1223/614 4421/1214/614
f 4717/1497/595 4716/1489/595 4719/1470/595 4718/1471/595
f 4721/1527/596 4720/1526/596 4723/1528/596 4722/1529/596
f 4725/1531/581 4724/1530/581 4727/1532/581 4726/1533/581
f 4729/1534/595 4728/1517/595 4731/1502/595 4730/1503/595
f 4733/1536/580 4732/1535/580 4735/1537/580 4734/1538/580
f 4737/1540/596 4736/1539/596 4739/1541/596 4738/1542/596
f 4741/1544/581 4740/1543/581 4743/1545/581 4742/1546/581
f 4745/1389/580 4744/1450/580 4747/1547/580 4746/1388/580
f 4749/1549/595 4748/1548/595 4751/1550/595 4750/1551/595
f 4753/1553/580 4752/1552/580 4755/1554/580 4754/1555/580
f 4757/1484/580 4756/1468/580 4759/1406/580 4758/1407/580
f 4761/1557/595 4760/1556/595 4763/1558/595 4762/1559/595
f 4765/1561/595 4764/1560/595 4767/1562/595 4766/1563/595
f 4769/1511/581 4768/1493/581 4771/1487/581 4770/1488/581
f 4773/1565/596 4772/1564/596 4775/1566/596 4774/1567/596
f 4777/1569/581 4776/1568/581 4779/1570/581 4778/1571/581
f 4781/1572/596 4780/1523/596 4783/1514/596 4782/1515/596
f 4785/1574/581 4784/1573/581 4787/1575/581 4786/1576/581
f 4789/1578/595 4788/1577/595 4791/1579/595 4790/1580/595
f 4793/1582/595 4792/1581/595 4795/1583/595 4794/1584/595
f 4797/1449/596 4796/1384/596 4799/1385/596 4798/1448/596
f 5095/805/18 5089/809/18 5088/809/18 5094/805/18
f 5101/793/18 5099/797/18 5098/797/18 5100/793/18
f 5090/813/18 5092/787/18 5093/787/18 5091/813/18
f 5092/814/18 5103/788/18 5102/788/18 5093/814/18
f 5099/797/18 5097/801/18 5096/801/18 5098/797/18
f 5103/788/18 5101/793/18 5100/793/18 5102/788/18
f 5097/801/18 5095/805/18 5094/805/18 5096/801/18
f 5089/809/18 5090/813/18 5091/813/18 5088/809/18
f 5263/805/18 5257/809/18 5256/809/18 5262/805/18
f 5269/793/18 5267/797/18 5266/797/18 5268/793/18
f 5258/813/18 5260/787/18 5261/787/18 5259/813/18
f 5260/814/18 5271/788/18 5270/788/18 5261/814/18
f 5267/797/18 5265/801/18 5264/801/18 5266/797/18
f 5271/788/18 5269/793/18 5268/793/18 5270/788/18
f 5265/801/18 5263/805/18 5262/805/18 5264/801/18
f 5257/809/18 5258/813/18 5259/813/18 5256/809/18
f 5419/1734/18 5418/1733/18 5420/1736/18 5421/1737/18
f 5425/1739/18 5419/1734/18 5421/1737/18 5423/1738/18
f 5428/1741/18 5425/1739/18 5423/1738/18 5426/1740/18
f 5431/1743/18 5428/1741/18 5426/1740/18 5429/1742/18
f 5433/1745/18 5431/1743/18 5429/1742/18 5432/1744/18
f 5465/1746/18 5433/1745/18 5432/1744/18 5434/1747/18
f 5459/1758/18 5460/1759/18 5458/1757/18 5457/1756/18
f 5460/1759/18 5461/1760/18 5472/1761/18 5458/1757/18
f 5461/1760/18 5465/1746/18 5434/1747/18 5472/1761/18
f 5594/1876/18 5597/1878/18 5598/1879/18 5595/1880/18
f 5596/1877/18 5594/1876/18 5595/1880/18 5727/1881/18
f 5597/1878/18 5599/1882/18 5600/1883/18 5598/1879/18
f 5599/1882/18 5601/1884/18 5743/1885/18 5600/1883/18
f 5723/1958/18 5725/1960/18 5726/1961/18 5724/1956/18
f 5720/1957/18 5723/1958/18 5724/1956/18 5717/1955/18
f 5725/1960/18 5596/1877/18 5727/1881/18 5726/1961/18
f 5601/1884/18 5744/1888/18 5705/1946/18 5743/1885/18
f 5744/1888/18 5700/1944/18 5703/1945/18 5705/1946/18
f 5839/1734/18 5838/1733/18 5840/1736/18 5841/1737/18
f 5845/1739/18 5839/1734/18 5841/1737/18 5843/1738/18
f 5848/1741/18 5845/1739/18 5843/1738/18 5846/1740/18
f 5851/1743/18 5848/1741/18 5846/1740/18 5849/1742/18
f 5853/1745/18 5851/1743/18 5849/1742/18 5852/1744/18
f 5885/1746/18 5853/1745/18 5852/1744/18 5854/1747/18
f 5879/1758/18 5880/1759/18 5878/1757/18 5877/1756/18
f 5880/1759/18 5881/1760/18 5892/1761/18 5878/1757/18
f 5881/1760/18 5885/1746/18 5854/1747/18 5892/1761/18
f 6014/1876/18 6017/1878/18 6018/1879/18 6015/1880/18
f 6016/1877/18 6014/1876/18 6015/1880/18 6147/1881/18
f 6017/1878/18 6019/1882/18 6020/1883/18 6018/1879/18
f 6019/1882/18 6021/1884/18 6163/1885/18 6020/1883/18
f 6143/1958/18 6145/1960/18 6146/1961/18 6144/1956/18
f 6140/1957/18 6143/1958/18 6144/1956/18 6137/1955/18
f 6145/1960/18 6016/1877/18 6147/1881/18 6146/1961/18
f 6021/1884/18 6164/1888/18 6125/1946/18 6163/1885/18
f 6164/1888/18 6120/1944/18 6123/1945/18 6125/1946/18
usemtl M_Gris_Metal
f 240/1/1 275/2/1 676/2/1 669/1/1
f 232/3/1 261/4/1 263/5/1 250/6/1
f 39/7/2 269/8/2 288/9/2 41/10/2
f 286/11/3 282/12/3 679/12/3 680/11/3
f 25/13/4 267/14/4 312/15/4 61/13/4
f 268/16/4 228/17/4 702/17/4 703/16/4
f 273/18/1 26/19/1 62/19/1 313/20/1
f 21/21/4 171/22/4 123/22/4 54/21/4
f 259/30/4 21/21/4 54/21/4 305/31/4
f 29/37/1 284/38/1 319/39/1 69/37/1
f 27/40/5 276/41/5 315/42/5 65/40/5
f 43/43/6 285/44/6 264/45/6 45/46/6
f 28/47/5 175/48/5 114/48/5 66/47/5
f 244/49/7 271/50/7 646/51/7 635/52/7
f 278/64/8 31/65/8 26/19/8 273/66/8
f 172/78/5 27/40/5 65/40/5 110/78/5
f 281/82/5 28/47/5 66/47/5 317/83/5
f 274/84/5 237/85/5 668/85/5 677/84/5
f 648/86/6 641/87/6 250/6/6 263/88/6
f 258/89/9 247/90/9 638/91/9 643/92/9
f 270/93/2 255/94/2 640/95/2 649/96/2
f 35/97/9 257/98/9 280/99/9 37/100/9
f 277/107/3 274/84/3 677/84/3 678/107/3
f 267/14/5 25/13/5 33/108/5 272/109/5
f 247/110/1 258/89/1 260/111/1 230/112/1
f 171/113/4 191/114/4 88/115/4 123/113/4
f 161/116/10 162/117/10 31/65/10 33/118/10
f 163/119/11 164/120/11 35/97/11 37/100/11
f 165/121/12 166/122/12 43/43/12 45/46/12
f 167/123/13 168/124/13 39/7/13 41/10/13
f 162/125/14 169/126/14 26/19/14 31/65/14
f 170/127/15 161/128/15 33/108/15 25/13/15
f 21/21/16 35/97/16 164/129/16 171/22/16
f 37/100/14 27/40/14 172/78/14 163/130/14
f 41/10/17 29/37/17 173/131/17 167/132/17
f 23/133/15 39/7/15 168/134/15 174/135/15
f 28/47/17 43/43/17 166/136/17 175/48/17
f 45/46/16 22/137/16 176/138/16 165/139/16
f 169/140/1 180/141/1 115/142/1 116/140/1
f 266/143/8 23/133/8 58/133/8 309/144/8
f 272/145/7 33/118/7 31/65/7 278/64/7
f 257/98/1 35/97/1 21/21/1 259/30/1
f 644/146/5 637/147/5 1167/147/5 1170/148/5
f 26/19/1 169/126/1 116/126/1 62/19/1
f 261/4/8 232/151/8 700/3/8 705/4/8
f 636/152/1 645/153/1 1179/154/1 1174/152/1
f 642/155/5 647/156/5 1181/156/5 1176/155/5
f 650/157/1 639/158/1 1169/158/1 1172/157/1
f 230/112/4 260/111/4 714/111/4 707/112/4
f 226/167/8 265/168/8 712/168/8 709/169/8
f 344/206/20 333/207/20 332/208/20 348/209/20
f 350/210/21 341/211/21 340/212/21 356/213/21
f 175/48/5 178/220/5 113/221/5 114/48/5
f 276/222/8 27/40/8 37/100/8 280/99/8
f 173/131/1 29/37/1 69/37/1 111/131/1
f 285/44/4 43/43/4 28/47/4 281/82/4
f 176/138/8 22/137/8 57/137/8 109/138/8
f 269/8/5 39/7/5 23/133/5 266/143/5
f 228/17/5 268/16/5 271/225/5 244/226/5
f 23/133/8 174/135/8 132/135/8 58/133/8
f 174/227/8 190/228/8 107/229/8 132/227/8
f 284/38/4 29/37/4 41/10/4 288/9/4
f 22/137/8 262/230/8 307/231/8 57/137/8
f 170/127/4 25/13/4 61/13/4 129/127/4
f 262/230/1 22/137/1 45/46/1 264/45/1
f 255/94/5 270/93/5 265/168/5 226/169/5
f 1251/255/5 1256/256/5 1247/257/5 355/258/5 452/258/5 436/255/5
f 190/228/1 188/259/1 130/259/1 107/228/1
f 404/263/25 399/264/25 332/208/25 333/207/25
f 335/234/18 338/243/18 401/265/18 406/266/18
f 406/266/26 401/265/26 340/212/26 341/211/26
f 103/273/4 40/274/4 206/274/4 221/273/4
f 76/275/8 82/276/8 213/276/8 205/275/8
f 87/277/5 32/278/5 194/278/5 219/277/5
f 72/279/4 81/280/4 212/280/4 197/279/4
f 30/281/8 93/282/8 220/282/8 195/281/8
f 80/283/5 73/284/5 200/284/5 211/283/5
f 40/274/2 38/285/2 207/285/2 206/274/2
f 70/286/1 79/287/1 210/287/1 193/286/1
f 118/288/5 185/288/5 177/289/5 112/290/5
f 128/291/2 184/291/2 183/292/2 126/293/2
f 44/294/6 42/295/6 203/295/6 202/294/6
f 117/296/7 186/297/7 185/288/7 118/288/7
f 82/276/5 103/273/5 221/273/5 213/276/5
f 119/298/6 182/299/6 181/300/6 120/300/6
f 102/301/4 179/302/4 170/303/4 129/303/4
f 88/114/5 191/114/5 184/291/5 128/291/5
f 125/304/5 192/305/5 172/306/5 110/306/5
f 112/307/8 177/289/8 176/308/8 109/308/8
f 78/309/4 71/310/4 196/310/4 209/309/4
f 120/300/27 181/300/27 179/302/27 102/302/27
f 182/299/28 119/142/28 115/142/28 180/141/28
f 126/292/29 183/292/29 192/305/29 125/305/29
f 36/313/9 34/314/9 199/314/9 198/313/9
f 327/315/18 330/316/18 399/317/18 404/318/18
f 113/319/30 178/220/30 186/297/30 117/319/30
f 130/259/9 188/259/9 187/320/9 121/321/9
f 122/322/1 189/323/1 173/131/1 111/131/1
f 189/323/31 122/324/31 121/324/31 187/320/31
f 330/316/4 327/315/4 415/315/4 414/316/4
f 338/243/8 335/234/8 417/234/8 420/243/8
f 70/286/18 71/310/18 162/391/18 161/392/18
f 72/279/18 73/284/18 164/393/18 163/394/18
f 74/395/18 75/396/18 166/136/18 165/397/18
f 76/275/18 77/398/18 168/399/18 167/132/18
f 71/310/18 78/309/18 169/140/18 162/391/18
f 79/287/18 70/286/18 161/392/18 170/303/18
f 73/284/18 80/283/18 171/113/18 164/393/18
f 81/280/18 72/279/18 163/394/18 172/306/18
f 82/276/18 76/275/18 167/132/18 173/131/18
f 77/398/18 83/400/18 174/227/18 168/399/18
f 75/396/18 84/401/18 175/48/18 166/136/18
f 85/402/18 74/395/18 165/397/18 176/308/18
f 90/403/18 85/402/18 176/308/18 177/289/18
f 84/401/18 97/404/18 178/220/18 175/48/18
f 87/277/18 79/287/18 170/303/18 179/302/18
f 78/309/18 93/282/18 180/141/18 169/140/18
f 30/281/18 32/278/18 181/300/18 182/299/18
f 34/314/18 36/313/18 183/292/18 184/291/18
f 42/295/18 44/294/18 185/288/18 186/297/18
f 38/285/18 40/274/18 187/320/18 188/259/18
f 93/282/18 30/281/18 182/299/18 180/141/18
f 32/278/18 87/277/18 179/302/18 181/300/18
f 40/274/18 103/273/18 189/323/18 187/320/18
f 83/400/18 59/405/18 190/228/18 174/227/18
f 59/405/18 38/285/18 188/259/18 190/228/18
f 80/283/18 89/406/18 191/114/18 171/113/18
f 89/406/18 34/314/18 184/291/18 191/114/18
f 44/294/18 90/403/18 177/289/18 185/288/18
f 91/407/18 81/280/18 172/306/18 192/305/18
f 36/313/18 91/407/18 192/305/18 183/292/18
f 97/404/18 42/295/18 186/297/18 178/220/18
f 103/273/18 82/276/18 173/131/18 189/323/18
f 83/400/1 77/398/1 208/398/1 214/400/1
f 59/405/4 83/400/4 214/400/4 222/405/4
f 84/401/8 75/396/8 204/396/8 215/401/8
f 38/285/5 59/405/5 222/405/5 207/285/5
f 74/395/5 85/402/5 216/402/5 201/395/5
f 89/406/8 80/283/8 211/283/8 223/406/8
f 85/402/4 90/403/4 217/403/4 216/402/4
f 34/314/1 89/406/1 223/406/1 199/314/1
f 97/404/1 84/401/1 215/401/1 218/404/1
f 71/310/6 70/286/6 193/286/6 196/310/6
f 90/403/1 44/294/1 202/294/1 217/403/1
f 79/287/8 87/277/8 219/277/8 210/287/8
f 73/284/2 72/279/2 197/279/2 200/284/2
f 81/280/1 91/407/1 224/407/1 212/280/1
f 93/282/5 78/309/5 209/309/5 220/282/5
f 75/396/7 74/395/7 201/395/7 204/396/7
f 91/407/49 36/313/49 198/313/49 224/407/49
f 32/278/7 30/281/7 195/281/7 194/278/7
f 77/398/9 76/275/9 205/275/9 208/398/9
f 42/295/29 97/404/29 218/404/29 203/295/29
f 1246/408/4 351/409/4 355/258/4 1247/257/4
f 702/17/3 228/17/3 524/17/3 538/17/3
f 355/258/50 351/409/50 448/409/50 452/258/50
f 350/210/51 356/213/51 449/213/51 447/210/51
f 712/168/52 265/168/52 533/168/52 536/168/52
f 266/143/55 309/144/55 535/144/55 534/143/55
f 1252/411/56 1253/412/56 440/412/56 444/411/56
f 344/206/57 348/209/57 441/209/57 439/206/57
f 338/243/60 420/243/60 484/243/60 630/243/60
f 641/87/3 642/155/3 531/155/3 515/87/3
f 1250/413/3 1251/255/3 436/255/3 434/413/3
f 232/3/3 250/6/3 514/6/3 530/3/3
f 255/94/3 226/169/3 504/169/3 519/94/3
f 322/415/3 323/416/3 432/416/3 430/415/3
f 639/158/3 640/417/3 518/417/3 528/158/3
f 650/157/64 1172/157/64 577/157/64 561/157/64
f 319/39/65 284/38/65 562/38/65 576/39/65
f 247/110/3 230/112/3 498/112/3 511/110/3
f 1169/158/3 639/158/3 528/158/3 569/158/3
f 637/147/3 638/419/3 510/419/3 526/147/3
f 281/82/66 317/83/66 585/83/66 559/82/66
f 1181/156/67 647/156/67 560/156/67 586/156/67
f 228/17/3 244/226/3 508/226/3 524/17/3
f 642/155/3 1176/155/3 583/155/3 531/155/3
f 636/152/3 1174/152/3 581/152/3 521/152/3
f 635/52/3 636/152/3 521/152/3 505/52/3
f 261/4/69 705/4/69 575/4/69 553/4/69
f 640/95/3 255/94/3 519/94/3 518/95/3
f 307/231/70 262/230/70 554/230/70 574/231/70
f 315/42/72 276/41/72 552/41/72 573/42/72
f 1167/147/3 637/147/3 526/147/3 567/147/3
f 250/6/3 641/87/3 515/87/3 514/6/3
f 714/111/73 260/111/73 564/111/73 580/111/73
f 259/30/75 305/31/75 579/31/75 563/30/75
f 638/91/3 247/90/3 511/90/3 510/91/3
f 273/18/76 313/20/76 578/20/76 557/18/76
f 244/49/3 635/52/3 505/52/3 508/49/3
f 700/3/3 232/151/3 530/151/3 571/3/3
f 226/167/3 709/169/3 501/169/3 504/167/3
f 230/112/3 707/112/3 499/112/3 498/112/3
f 312/15/91 267/14/91 493/14/91 496/15/91
f 399/317/104 330/316/104 610/316/104 599/317/104
f 648/86/18 263/88/18 541/88/18 540/86/18
f 322/415/8 1248/446/8 1249/447/8 323/416/8
f 401/265/106 338/243/106 630/243/106 591/265/106
f 264/45/3 285/44/3 539/44/3 542/45/3
f 327/315/106 404/318/106 596/318/106 611/315/106
f 270/93/18 649/96/18 545/96/18 544/93/18
f 335/234/104 406/266/104 588/266/104 607/234/104
f 288/9/3 269/8/3 543/8/3 546/9/3
f 406/266/1 341/211/1 589/211/1 588/266/1
f 258/89/18 643/92/18 549/92/18 548/89/18
f 280/99/3 257/98/3 547/98/3 550/99/3
f 276/222/3 280/99/3 550/99/3 552/222/3
f 340/212/5 401/265/5 591/265/5 594/212/5
f 643/92/18 644/148/18 551/148/18 549/92/18
f 404/263/5 333/207/5 597/207/5 596/263/5
f 262/230/3 264/45/3 542/45/3 554/230/3
f 263/5/18 261/4/18 553/4/18 541/5/18
f 278/64/3 273/66/3 557/66/3 556/64/3
f 645/154/18 646/51/18 555/51/18 558/154/18
f 332/208/1 399/264/1 599/264/1 602/208/1
f 285/44/3 281/82/3 559/82/3 539/44/3
f 647/156/18 648/86/18 540/86/18 560/156/18
f 333/207/5 344/206/5 439/206/5 597/207/5
f 284/38/3 288/9/3 546/9/3 562/38/3
f 649/96/18 650/157/18 561/157/18 545/96/18
f 257/98/3 259/30/3 563/30/3 547/98/3
f 348/209/1 332/208/1 602/208/1 441/209/1
f 260/111/18 258/89/18 548/89/18 564/111/18
f 272/145/3 278/64/3 556/64/3 566/145/3
f 341/211/1 350/210/1 447/210/1 589/211/1
f 646/51/18 271/50/18 565/50/18 555/51/18
f 269/8/3 266/143/3 534/143/3 543/8/3
f 265/168/18 270/93/18 544/93/18 533/168/18
f 356/213/5 340/212/5 594/212/5 449/213/5
f 267/14/3 272/109/3 566/109/3 493/14/3
f 417/234/110 335/234/110 607/234/110 481/234/110
f 271/225/18 268/16/18 494/16/18 565/225/18
f 330/316/36 414/316/36 478/316/36 610/316/36
f 415/315/111 327/315/111 611/315/111 479/315/111
f 268/16/112 703/16/112 495/16/112 494/16/112
f 241/457/8 237/85/8 636/152/8 635/52/8
f 240/1/8 246/458/8 638/419/8 637/147/8
f 236/459/4 254/460/4 640/417/4 639/158/4
f 251/461/4 233/462/4 642/155/4 641/87/4
f 279/463/8 275/2/8 644/148/8 643/92/8
f 274/84/8 277/107/8 646/51/8 645/154/8
f 282/12/4 286/11/4 648/86/4 647/156/4
f 287/464/4 283/465/4 650/157/4 649/96/4
f 286/11/4 251/461/4 641/87/4 648/86/4
f 233/462/4 282/12/4 647/156/4 642/155/4
f 283/465/4 236/459/4 639/158/4 650/157/4
f 254/460/4 287/464/4 649/96/4 640/417/4
f 277/107/8 241/457/8 635/52/8 646/51/8
f 237/85/8 274/84/8 645/154/8 636/152/8
f 275/2/8 240/1/8 637/147/8 644/148/8
f 246/458/8 279/463/8 643/92/8 638/419/8
f 283/465/3 287/464/3 681/464/3 682/465/3
f 237/85/18 241/457/18 667/457/18 668/85/18
f 279/463/5 246/458/5 670/458/5 675/463/5
f 251/461/5 286/11/5 680/11/5 673/461/5
f 246/458/18 240/1/18 669/1/18 670/458/18
f 282/12/1 233/462/1 674/462/1 679/12/1
f 254/460/18 236/459/18 671/459/18 672/460/18
f 236/459/5 283/465/5 682/465/5 671/459/5
f 233/462/18 251/461/18 673/461/18 674/462/18
f 287/464/1 254/460/1 672/460/1 681/464/1
f 275/2/3 279/463/3 675/463/3 676/2/3
f 241/457/1 277/107/1 678/107/1 667/457/1
f 980/635/8 981/636/8 988/636/8 989/635/8
f 986/637/8 987/638/8 994/638/8 995/637/8
f 973/628/5 972/630/5 981/636/5 980/635/5
f 972/630/5 975/629/5 982/639/5 981/636/5
f 975/629/5 974/627/5 983/640/5 982/639/5
f 974/627/5 973/628/5 980/635/5 983/640/5
f 977/632/1 976/631/1 985/641/1 984/642/1
f 976/631/1 979/633/1 986/637/1 985/641/1
f 979/633/1 978/634/1 987/638/1 986/637/1
f 978/634/1 977/632/1 984/642/1 987/638/1
f 987/638/18 984/642/18 993/642/18 994/638/18
f 982/639/4 983/640/4 990/640/4 991/639/4
f 983/640/18 980/635/18 989/635/18 990/640/18
f 985/641/3 986/637/3 995/637/3 992/641/3
f 984/642/4 985/641/4 992/641/4 993/642/4
f 981/636/3 982/639/3 991/639/3 988/636/3
f 1067/657/8 1068/729/8 1101/729/8 1100/657/8
f 1088/695/8 1055/694/8 1137/694/8 1136/695/8
f 1056/736/4 1066/710/4 1099/710/4 1098/736/4
f 1087/733/18 1088/695/18 1136/695/18 1135/733/18
f 1063/718/18 1054/675/18 1138/675/18 1147/718/18
f 1058/713/18 1059/663/18 1097/663/18 1096/713/18
f 1086/721/4 1087/733/4 1135/733/4 1134/721/4
f 1053/705/8 1063/718/8 1147/718/8 1140/705/8
f 1060/698/8 1065/728/8 1095/728/8 1094/698/8
f 1064/689/8 1084/688/8 1132/688/8 1093/689/8
f 1062/720/18 1064/689/18 1093/689/18 1092/720/18
f 1041/727/8 1043/731/8 1146/731/8 1113/727/8
f 1107/681/114 1115/680/114 1116/690/114 1106/719/114
f 1146/731/115 1114/669/115 1112/668/115 1113/727/115
f 1118/699/115 1119/665/115 1120/712/115 1117/711/115
f 1122/715/114 1110/687/114 1111/686/114 1121/709/114
f 1144/724/114 1123/723/114 1124/702/114 1125/701/114
f 1101/708/115 1143/707/115 1109/658/115 1100/657/115
f 1127/660/115 1102/659/115 1103/670/115 1126/730/115
f 1129/704/114 1130/703/114 1131/679/114 1128/678/114
f 1099/710/114 1108/685/114 1142/726/114 1098/725/114
f 1096/713/115 1097/663/115 1145/717/115 1105/716/115
f 1095/728/115 1104/667/115 1141/666/115 1094/698/115
f 1092/720/114 1093/689/114 1132/688/114 1133/714/114
f 1135/733/114 1136/695/114 1137/722/114 1134/721/114
f 1147/718/115 1138/675/115 1139/706/115 1140/705/115
f 1036/671/4 1069/670/4 1103/670/4 1102/671/4
f 1054/675/4 1089/674/4 1139/674/4 1138/675/4
f 1065/728/18 1061/667/18 1104/667/18 1095/728/18
f 1057/716/8 1058/713/8 1096/713/8 1105/716/8
f 1042/719/4 1070/681/4 1107/681/4 1106/719/4
f 1078/715/18 1040/687/18 1110/687/18 1122/715/18
f 1066/710/18 1071/685/18 1108/685/18 1099/710/18
f 1061/667/4 1052/666/4 1141/666/4 1104/667/4
f 1040/687/8 1039/686/8 1111/686/8 1110/687/8
f 1048/660/18 1036/659/18 1102/659/18 1127/660/18
f 1073/669/4 1072/668/4 1112/668/4 1114/669/4
f 1090/673/4 1037/672/4 1109/672/4 1143/673/4
f 1074/680/8 1075/690/8 1116/690/8 1115/680/8
f 1038/724/18 1079/723/18 1123/723/18 1144/724/18
f 1045/732/8 1044/699/8 1118/699/8 1117/732/8
f 1071/685/8 1047/684/8 1142/684/8 1108/685/8
f 1044/699/18 1076/665/18 1119/665/18 1118/699/18
f 1068/708/18 1090/707/18 1143/707/18 1101/708/18
f 1076/665/4 1077/664/4 1120/664/4 1119/665/4
f 1081/701/4 1038/734/4 1144/734/4 1125/701/4
f 1046/709/4 1078/715/4 1122/715/4 1121/709/4
f 1085/714/4 1062/720/4 1092/720/4 1133/714/4
f 1079/693/8 1080/692/8 1124/692/8 1123/693/8
f 1059/663/4 1091/662/4 1145/662/4 1097/663/4
f 1082/730/8 1048/660/8 1127/660/8 1126/730/8
f 1043/731/18 1073/669/18 1114/669/18 1146/731/18
f 1050/678/4 1049/735/4 1129/735/4 1128/678/4
f 1049/704/18 1051/703/18 1130/703/18 1129/704/18
f 1070/681/18 1074/680/18 1115/680/18 1107/681/18
f 1051/691/8 1083/679/8 1131/679/8 1130/691/8
f 323/416/1 1249/447/1 1255/781/1 1252/411/1 444/411/1 432/416/1
f 1253/412/5 1254/782/5 1248/446/5 322/415/5 430/415/5 440/412/5
f 1254/782/8 1255/781/8 1249/447/8 1248/446/8
f 1246/408/4 1247/257/4 1256/256/4 1257/783/4
f 351/409/1 1246/408/1 1257/783/1 1250/413/1 434/413/1 448/409/1
f 1250/413/4 1257/783/4 1256/256/4 1251/255/4
f 1252/411/8 1255/781/8 1254/782/8 1253/412/8
f 1273/784/172 1305/785/172 1275/786/172 1258/787/172
f 1260/788/173 1279/789/173 1281/790/173 1261/791/173
f 1261/791/174 1281/790/174 1283/792/174 1262/793/174
f 1262/793/175 1283/792/175 1285/794/175 1263/795/175
f 1263/795/176 1285/794/176 1287/796/176 1264/797/176
f 1264/797/177 1287/796/177 1289/798/177 1265/799/177
f 1265/799/178 1289/798/178 1291/800/178 1266/801/178
f 1266/801/179 1291/800/179 1293/802/179 1267/803/179
f 1267/803/180 1293/802/180 1295/804/180 1268/805/180
f 1268/805/181 1295/804/181 1297/806/181 1269/807/181
f 1269/807/182 1297/806/182 1299/808/182 1270/809/182
f 1270/809/183 1299/808/183 1301/810/183 1271/811/183
f 1271/811/184 1301/810/184 1303/812/184 1272/813/184
f 1272/813/185 1303/812/185 1305/785/185 1273/784/185
f 1258/814/186 1275/815/186 1277/816/186 1259/817/186
f 1259/817/187 1277/816/187 1279/789/187 1260/788/187
f 1258/818/3 1259/819/3 1260/820/3 1261/821/3 1262/822/3 1263/823/3 1264/824/3 1265/825/3 1266/826/3 1267/827/3 1268/828/3 1269/829/3 1270/830/3 1271/831/3 1272/832/3 1273/833/3
f 1277/834/188 1275/835/188 1722/836/188 1723/837/188
f 1279/838/189 1277/834/189 1723/837/189 1724/839/189
f 1281/840/190 1279/838/190 1724/839/190 1725/841/190
f 1283/842/191 1281/840/191 1725/841/191 1726/843/191
f 1285/844/192 1283/842/192 1726/843/192 1727/845/192
f 1287/846/193 1285/844/193 1727/845/193 1728/847/193
f 1289/848/194 1287/846/194 1728/847/194 1729/849/194
f 1291/850/195 1289/848/195 1729/849/195 1730/851/195
f 1293/852/196 1291/850/196 1730/851/196 1731/853/196
f 1295/854/197 1293/852/197 1731/853/197 1732/855/197
f 1297/856/198 1295/854/198 1732/855/198 1733/857/198
f 1299/858/199 1297/856/199 1733/857/199 1734/859/199
f 1301/860/200 1299/858/200 1734/859/200 1735/861/200
f 1303/862/201 1301/860/201 1735/861/201 1736/863/201
f 1305/864/202 1303/862/202 1736/863/202 1737/865/202
f 1275/835/203 1305/864/203 1737/865/203 1722/836/203
f 1304/868/172 1274/869/172 1755/869/172 1784/868/172
f 1311/870/183 1310/871/183 1763/871/183 1765/870/183
f 1276/872/187 1278/873/187 1758/873/187 1756/872/187
f 1302/874/185 1304/868/185 1784/868/185 1782/874/185
f 1310/871/182 1309/875/182 1761/875/182 1763/871/182
f 1274/869/186 1276/872/186 1756/872/186 1755/869/186
f 1300/876/184 1302/874/184 1782/874/184 1780/876/184
f 1309/875/181 1308/877/181 1759/877/181 1761/875/181
f 1306/878/178 1321/879/178 1785/879/178 1754/878/178
f 1298/880/183 1300/876/183 1780/876/183 1778/880/183
f 1308/877/180 1307/881/180 1757/881/180 1759/877/180
f 1321/879/177 1320/882/177 1783/882/177 1785/879/177
f 1296/883/182 1298/880/182 1778/880/182 1776/883/182
f 1307/881/179 1306/878/179 1754/878/179 1757/881/179
f 1320/882/176 1319/884/176 1781/884/176 1783/882/176
f 1294/885/181 1296/883/181 1776/883/181 1774/885/181
f 1407/916/204 1406/917/204 1438/917/204 1439/916/204
f 1444/931/205 1443/930/205 1475/930/205 1476/931/205
f 1400/921/206 1399/920/206 1431/920/206 1432/921/206
f 1408/927/207 1407/916/207 1439/916/207 1440/927/207
f 1401/922/208 1400/921/208 1432/921/208 1433/922/208
f 1409/928/209 1408/927/209 1440/927/209 1441/928/209
f 1402/923/210 1401/922/210 1433/922/210 1434/923/210
f 1410/929/211 1409/928/211 1441/928/211 1442/929/211
f 1403/924/212 1402/923/212 1434/923/212 1435/924/212
f 1411/930/213 1410/929/213 1442/929/213 1443/930/213
f 1404/925/214 1403/924/214 1435/924/214 1436/925/214
f 1412/931/215 1411/930/215 1443/930/215 1444/931/215
f 1405/926/216 1404/925/216 1436/925/216 1437/926/216
f 1398/919/217 1397/918/217 1429/918/217 1430/919/217
f 1397/918/218 1412/931/218 1444/931/218 1429/918/218
f 1406/917/219 1405/926/219 1437/926/219 1438/917/219
f 1399/920/220 1398/919/220 1430/919/220 1431/920/220
f 1460/932/177 1459/933/177 1507/933/177 1508/932/177
f 1437/926/221 1436/925/221 1468/925/221 1469/926/221
f 1430/919/222 1429/918/222 1461/918/222 1462/919/222
f 1429/918/223 1444/931/223 1476/931/223 1461/918/223
f 1438/917/224 1437/926/224 1469/926/224 1470/917/224
f 1431/920/225 1430/919/225 1462/919/225 1463/920/225
f 1439/916/226 1438/917/226 1470/917/226 1471/916/226
f 1432/921/227 1431/920/227 1463/920/227 1464/921/227
f 1440/927/228 1439/916/228 1471/916/228 1472/927/228
f 1433/922/229 1432/921/229 1464/921/229 1465/922/229
f 1441/928/230 1440/927/230 1472/927/230 1473/928/230
f 1434/923/231 1433/922/231 1465/922/231 1466/923/231
f 1442/929/232 1441/928/232 1473/928/232 1474/929/232
f 1435/924/233 1434/923/233 1466/923/233 1467/924/233
f 1443/930/234 1442/929/234 1474/929/234 1475/930/234
f 1436/925/235 1435/924/235 1467/924/235 1468/925/235
f 1445/934/18 1446/935/18 1462/919/18 1461/918/18
f 1446/935/18 1447/936/18 1463/920/18 1462/919/18
f 1447/936/18 1448/937/18 1464/921/18 1463/920/18
f 1448/937/18 1449/938/18 1465/922/18 1464/921/18
f 1449/938/18 1450/939/18 1466/923/18 1465/922/18
f 1450/939/18 1451/940/18 1467/924/18 1466/923/18
f 1451/940/18 1452/941/18 1468/925/18 1467/924/18
f 1452/941/18 1453/942/18 1469/926/18 1468/925/18
f 1453/942/18 1454/943/18 1470/917/18 1469/926/18
f 1454/943/18 1455/944/18 1471/916/18 1470/917/18
f 1455/944/18 1456/945/18 1472/927/18 1471/916/18
f 1456/945/18 1457/946/18 1473/928/18 1472/927/18
f 1457/946/18 1458/947/18 1474/929/18 1473/928/18
f 1458/947/18 1459/933/18 1475/930/18 1474/929/18
f 1459/933/18 1460/932/18 1476/931/18 1475/930/18
f 1460/932/18 1445/934/18 1461/918/18 1476/931/18
f 1558/948/187 1593/949/187 1526/950/187 1527/951/187
f 1453/942/172 1452/941/172 1500/941/172 1501/942/172
f 1446/935/179 1445/934/179 1493/934/179 1494/935/179
f 1445/934/178 1460/932/178 1508/932/178 1493/934/178
f 1454/943/186 1453/942/186 1501/942/186 1502/943/186
f 1447/936/180 1446/935/180 1494/935/180 1495/936/180
f 1455/944/187 1454/943/187 1502/943/187 1503/944/187
f 1448/937/181 1447/936/181 1495/936/181 1496/937/181
f 1456/945/173 1455/944/173 1503/944/173 1504/945/173
f 1449/938/182 1448/937/182 1496/937/182 1497/938/182
f 1457/946/174 1456/945/174 1504/945/174 1505/946/174
f 1450/939/183 1449/938/183 1497/938/183 1498/939/183
f 1458/947/175 1457/946/175 1505/946/175 1506/947/175
f 1451/940/184 1450/939/184 1498/939/184 1499/940/184
f 1459/933/176 1458/947/176 1506/947/176 1507/933/176
f 1452/941/185 1451/940/185 1499/940/185 1500/941/185
f 1524/966/177 1523/967/177 3768/967/177 3769/966/177
f 1560/960/180 1590/959/180 1534/959/180 1535/960/180
f 1561/968/173 1558/948/173 1527/951/173 1528/953/173
f 1562/969/181 1560/960/181 1535/960/181 1536/961/181
f 1563/970/174 1561/968/174 1528/953/174 1529/954/174
f 1564/962/182 1562/969/182 1536/961/182 1537/962/182
f 1565/955/175 1563/970/175 1529/954/175 1530/955/175
f 1566/963/183 1564/962/183 1537/962/183 1538/963/183
f 1567/971/176 1565/955/176 1530/955/176 1531/956/176
f 1568/964/184 1566/963/184 1538/963/184 1539/964/184
f 1569/957/177 1567/971/177 1531/956/177 1532/957/177
f 1570/965/185 1568/964/185 1539/964/185 1540/965/185
f 1571/972/178 1569/957/178 1532/957/178 1533/958/178
f 1593/949/186 1592/973/186 1525/952/186 1526/950/186
f 1592/973/172 1570/965/172 1540/965/172 1525/952/172
f 1590/959/179 1571/972/179 1533/958/179 1534/959/179
f 1509/974/18 1510/975/18 1526/950/18 1525/952/18
f 1510/975/18 1511/976/18 1527/951/18 1526/950/18
f 1511/976/18 1512/977/18 1528/953/18 1527/951/18
f 1512/977/18 1513/978/18 1529/954/18 1528/953/18
f 1513/978/18 1514/979/18 1530/955/18 1529/954/18
f 1514/979/18 1515/980/18 1531/956/18 1530/955/18
f 1515/980/18 1516/981/18 1532/957/18 1531/956/18
f 1516/981/18 1517/982/18 1533/958/18 1532/957/18
f 1517/982/18 1518/983/18 1534/959/18 1533/958/18
f 1518/983/18 1519/984/18 1535/960/18 1534/959/18
f 1519/984/18 1520/985/18 1536/961/18 1535/960/18
f 1520/985/18 1521/986/18 1537/962/18 1536/961/18
f 1521/986/18 1522/987/18 1538/963/18 1537/962/18
f 1522/987/18 1523/967/18 1539/964/18 1538/963/18
f 1523/967/18 1524/966/18 1540/965/18 1539/964/18
f 1524/966/18 1509/974/18 1525/952/18 1540/965/18
f 1541/988/172 1556/989/172 3832/989/172 3818/988/172
f 1517/982/172 1516/981/172 3761/981/172 3762/982/172
f 1510/975/179 1509/974/179 3754/974/179 3755/975/179
f 1509/974/178 1524/966/178 3769/966/178 3754/974/178
f 1518/983/186 1517/982/186 3762/982/186 3763/983/186
f 1511/976/180 1510/975/180 3755/975/180 3756/976/180
f 1519/984/187 1518/983/187 3763/983/187 3764/984/187
f 1512/977/181 1511/976/181 3756/976/181 3757/977/181
f 1520/985/173 1519/984/173 3764/984/173 3765/985/173
f 1513/978/182 1512/977/182 3757/977/182 3758/978/182
f 1521/986/174 1520/985/174 3765/985/174 3766/986/174
f 1514/979/183 1513/978/183 3758/978/183 3759/979/183
f 1522/987/175 1521/986/175 3766/986/175 3767/987/175
f 1515/980/184 1514/979/184 3759/979/184 3760/980/184
f 1523/967/176 1522/987/176 3767/987/176 3768/967/176
f 1516/981/185 1515/980/185 3760/980/185 3761/981/185
f 1306/878/18 1307/881/18 1723/837/18 1722/836/18
f 1307/881/18 1308/877/18 1724/839/18 1723/837/18
f 1308/877/18 1309/875/18 1725/841/18 1724/839/18
f 1309/875/18 1310/871/18 1726/843/18 1725/841/18
f 1310/871/18 1311/870/18 1727/845/18 1726/843/18
f 1311/870/18 1312/1001/18 1728/847/18 1727/845/18
f 1312/1001/18 1313/1002/18 1729/849/18 1728/847/18
f 1313/1002/18 1314/1003/18 1730/851/18 1729/849/18
f 1314/1003/18 1315/1004/18 1731/853/18 1730/851/18
f 1315/1004/18 1316/1005/18 1732/855/18 1731/853/18
f 1316/1005/18 1317/1006/18 1733/857/18 1732/855/18
f 1317/1006/18 1318/1007/18 1734/859/18 1733/857/18
f 1318/1007/18 1319/884/18 1735/861/18 1734/859/18
f 1319/884/18 1320/882/18 1736/863/18 1735/861/18
f 1320/882/18 1321/879/18 1737/865/18 1736/863/18
f 1321/879/18 1306/878/18 1722/836/18 1737/865/18
f 1276/872/18 1274/869/18 1738/897/18 1739/896/18
f 1278/873/18 1276/872/18 1739/896/18 1740/898/18
f 1280/1008/18 1278/873/18 1740/898/18 1741/867/18
f 1282/1009/18 1280/1008/18 1741/867/18 1742/866/18
f 1284/1010/18 1282/1009/18 1742/866/18 1743/890/18
f 1286/1011/18 1284/1010/18 1743/890/18 1744/892/18
f 1288/1012/18 1286/1011/18 1744/892/18 1745/894/18
f 1290/1013/18 1288/1012/18 1745/894/18 1746/887/18
f 1292/1014/18 1290/1013/18 1746/887/18 1747/886/18
f 1294/885/18 1292/1014/18 1747/886/18 1748/899/18
f 1296/883/18 1294/885/18 1748/899/18 1749/889/18
f 1298/880/18 1296/883/18 1749/889/18 1750/888/18
f 1300/876/18 1298/880/18 1750/888/18 1751/891/18
f 1302/874/18 1300/876/18 1751/891/18 1752/893/18
f 1304/868/18 1302/874/18 1752/893/18 1753/895/18
f 1274/869/18 1304/868/18 1753/895/18 1738/897/18
f 1278/873/173 1280/1008/173 1760/1008/173 1758/873/173
f 1312/1001/184 1311/870/184 1765/870/184 1767/1001/184
f 1280/1008/174 1282/1009/174 1762/1009/174 1760/1008/174
f 1313/1002/185 1312/1001/185 1767/1001/185 1769/1002/185
f 1282/1009/175 1284/1010/175 1764/1010/175 1762/1009/175
f 1314/1003/172 1313/1002/172 1769/1002/172 1771/1003/172
f 1284/1010/176 1286/1011/176 1766/1011/176 1764/1010/176
f 1315/1004/186 1314/1003/186 1771/1003/186 1773/1004/186
f 1286/1011/177 1288/1012/177 1768/1012/177 1766/1011/177
f 1316/1005/187 1315/1004/187 1773/1004/187 1775/1005/187
f 1288/1012/178 1290/1013/178 1770/1013/178 1768/1012/178
f 1317/1006/173 1316/1005/173 1775/1005/173 1777/1006/173
f 1290/1013/179 1292/1014/179 1772/1014/179 1770/1013/179
f 1318/1007/174 1317/1006/174 1777/1006/174 1779/1007/174
f 1292/1014/180 1294/885/180 1774/885/180 1772/1014/180
f 1319/884/175 1318/1007/175 1779/1007/175 1781/884/175
f 1897/784/172 1929/785/172 1899/786/172 1882/787/172
f 1884/788/173 1903/789/173 1905/790/173 1885/791/173
f 1885/791/174 1905/790/174 1907/792/174 1886/793/174
f 1886/793/175 1907/792/175 1909/794/175 1887/795/175
f 1887/795/176 1909/794/176 1911/796/176 1888/797/176
f 1888/797/177 1911/796/177 1913/798/177 1889/799/177
f 1889/799/178 1913/798/178 1915/800/178 1890/801/178
f 1890/801/179 1915/800/179 1917/802/179 1891/803/179
f 1891/803/180 1917/802/180 1919/804/180 1892/805/180
f 1892/805/181 1919/804/181 1921/806/181 1893/807/181
f 1893/807/182 1921/806/182 1923/808/182 1894/809/182
f 1894/809/183 1923/808/183 1925/810/183 1895/811/183
f 1895/811/184 1925/810/184 1927/812/184 1896/813/184
f 1896/813/185 1927/812/185 1929/785/185 1897/784/185
f 1882/814/186 1899/815/186 1901/816/186 1883/817/186
f 1883/817/187 1901/816/187 1903/789/187 1884/788/187
f 1882/818/3 1883/819/3 1884/820/3 1885/821/3 1886/822/3 1887/823/3 1888/824/3 1889/825/3 1890/826/3 1891/827/3 1892/828/3 1893/829/3 1894/830/3 1895/831/3 1896/832/3 1897/833/3
f 1901/834/188 1899/835/188 2346/836/188 2347/837/188
f 1903/838/189 1901/834/189 2347/837/189 2348/839/189
f 1905/840/190 1903/838/190 2348/839/190 2349/841/190
f 1907/842/191 1905/840/191 2349/841/191 2350/843/191
f 1909/844/192 1907/842/192 2350/843/192 2351/845/192
f 1911/846/193 1909/844/193 2351/845/193 2352/847/193
f 1913/848/194 1911/846/194 2352/847/194 2353/849/194
f 1915/850/195 1913/848/195 2353/849/195 2354/851/195
f 1917/852/196 1915/850/196 2354/851/196 2355/853/196
f 1919/854/197 1917/852/197 2355/853/197 2356/855/197
f 1921/856/198 1919/854/198 2356/855/198 2357/857/198
f 1923/858/199 1921/856/199 2357/857/199 2358/859/199
f 1925/860/200 1923/858/200 2358/859/200 2359/861/200
f 1927/862/201 1925/860/201 2359/861/201 2360/863/201
f 1929/864/202 1927/862/202 2360/863/202 2361/865/202
f 1899/835/203 1929/864/203 2361/865/203 2346/836/203
f 1928/868/172 1898/869/172 2379/869/172 2408/868/172
f 1935/870/183 1934/871/183 2387/871/183 2389/870/183
f 1900/872/187 1902/873/187 2382/873/187 2380/872/187
f 1926/874/185 1928/868/185 2408/868/185 2406/874/185
f 1934/871/182 1933/875/182 2385/875/182 2387/871/182
f 1898/869/186 1900/872/186 2380/872/186 2379/869/186
f 1924/876/184 1926/874/184 2406/874/184 2404/876/184
f 1933/875/181 1932/877/181 2383/877/181 2385/875/181
f 1930/878/178 1945/879/178 2409/879/178 2378/878/178
f 1922/880/183 1924/876/183 2404/876/183 2402/880/183
f 1932/877/180 1931/881/180 2381/881/180 2383/877/180
f 1945/879/177 1944/882/177 2407/882/177 2409/879/177
f 1920/883/182 1922/880/182 2402/880/182 2400/883/182
f 1931/881/179 1930/878/179 2378/878/179 2381/881/179
f 1944/882/176 1943/884/176 2405/884/176 2407/882/176
f 1918/885/181 1920/883/181 2400/883/181 2398/885/181
f 2031/916/204 2030/917/204 2062/917/204 2063/916/204
f 2068/931/205 2067/930/205 2099/930/205 2100/931/205
f 2024/921/206 2023/920/206 2055/920/206 2056/921/206
f 2032/927/207 2031/916/207 2063/916/207 2064/927/207
f 2025/922/208 2024/921/208 2056/921/208 2057/922/208
f 2033/928/209 2032/927/209 2064/927/209 2065/928/209
f 2026/923/210 2025/922/210 2057/922/210 2058/923/210
f 2034/929/211 2033/928/211 2065/928/211 2066/929/211
f 2027/924/212 2026/923/212 2058/923/212 2059/924/212
f 2035/930/213 2034/929/213 2066/929/213 2067/930/213
f 2028/925/214 2027/924/214 2059/924/214 2060/925/214
f 2036/931/215 2035/930/215 2067/930/215 2068/931/215
f 2029/926/216 2028/925/216 2060/925/216 2061/926/216
f 2022/919/217 2021/918/217 2053/918/217 2054/919/217
f 2021/918/218 2036/931/218 2068/931/218 2053/918/218
f 2030/917/219 2029/926/219 2061/926/219 2062/917/219
f 2023/920/220 2022/919/220 2054/919/220 2055/920/220
f 2084/932/177 2083/933/177 2131/933/177 2132/932/177
f 2061/926/221 2060/925/221 2092/925/221 2093/926/221
f 2054/919/222 2053/918/222 2085/918/222 2086/919/222
f 2053/918/223 2068/931/223 2100/931/223 2085/918/223
f 2062/917/224 2061/926/224 2093/926/224 2094/917/224
f 2055/920/225 2054/919/225 2086/919/225 2087/920/225
f 2063/916/226 2062/917/226 2094/917/226 2095/916/226
f 2056/921/227 2055/920/227 2087/920/227 2088/921/227
f 2064/927/228 2063/916/228 2095/916/228 2096/927/228
f 2057/922/229 2056/921/229 2088/921/229 2089/922/229
f 2065/928/230 2064/927/230 2096/927/230 2097/928/230
f 2058/923/231 2057/922/231 2089/922/231 2090/923/231
f 2066/929/232 2065/928/232 2097/928/232 2098/929/232
f 2059/924/233 2058/923/233 2090/923/233 2091/924/233
f 2067/930/234 2066/929/234 2098/929/234 2099/930/234
f 2060/925/235 2059/924/235 2091/924/235 2092/925/235
f 2069/934/18 2070/935/18 2086/919/18 2085/918/18
f 2070/935/18 2071/936/18 2087/920/18 2086/919/18
f 2071/936/18 2072/937/18 2088/921/18 2087/920/18
f 2072/937/18 2073/938/18 2089/922/18 2088/921/18
f 2073/938/18 2074/939/18 2090/923/18 2089/922/18
f 2074/939/18 2075/940/18 2091/924/18 2090/923/18
f 2075/940/18 2076/941/18 2092/925/18 2091/924/18
f 2076/941/18 2077/942/18 2093/926/18 2092/925/18
f 2077/942/18 2078/943/18 2094/917/18 2093/926/18
f 2078/943/18 2079/944/18 2095/916/18 2094/917/18
f 2079/944/18 2080/945/18 2096/927/18 2095/916/18
f 2080/945/18 2081/946/18 2097/928/18 2096/927/18
f 2081/946/18 2082/947/18 2098/929/18 2097/928/18
f 2082/947/18 2083/933/18 2099/930/18 2098/929/18
f 2083/933/18 2084/932/18 2100/931/18 2099/930/18
f 2084/932/18 2069/934/18 2085/918/18 2100/931/18
f 2182/948/187 2217/949/187 2150/950/187 2151/951/187
f 2077/942/172 2076/941/172 2124/941/172 2125/942/172
f 2070/935/179 2069/934/179 2117/934/179 2118/935/179
f 2069/934/178 2084/932/178 2132/932/178 2117/934/178
f 2078/943/186 2077/942/186 2125/942/186 2126/943/186
f 2071/936/180 2070/935/180 2118/935/180 2119/936/180
f 2079/944/187 2078/943/187 2126/943/187 2127/944/187
f 2072/937/181 2071/936/181 2119/936/181 2120/937/181
f 2080/945/173 2079/944/173 2127/944/173 2128/945/173
f 2073/938/182 2072/937/182 2120/937/182 2121/938/182
f 2081/946/174 2080/945/174 2128/945/174 2129/946/174
f 2074/939/183 2073/938/183 2121/938/183 2122/939/183
f 2082/947/175 2081/946/175 2129/946/175 2130/947/175
f 2075/940/184 2074/939/184 2122/939/184 2123/940/184
f 2083/933/176 2082/947/176 2130/947/176 2131/933/176
f 2076/941/185 2075/940/185 2123/940/185 2124/941/185
f 2148/966/177 2147/967/177 3784/967/177 3785/966/177
f 2184/960/180 2214/959/180 2158/959/180 2159/960/180
f 2185/968/173 2182/948/173 2151/951/173 2152/953/173
f 2186/969/181 2184/960/181 2159/960/181 2160/961/181
f 2187/970/174 2185/968/174 2152/953/174 2153/954/174
f 2188/962/182 2186/969/182 2160/961/182 2161/962/182
f 2189/955/175 2187/970/175 2153/954/175 2154/955/175
f 2190/963/183 2188/962/183 2161/962/183 2162/963/183
f 2191/971/176 2189/955/176 2154/955/176 2155/956/176
f 2192/964/184 2190/963/184 2162/963/184 2163/964/184
f 2193/957/177 2191/971/177 2155/956/177 2156/957/177
f 2194/965/185 2192/964/185 2163/964/185 2164/965/185
f 2195/972/178 2193/957/178 2156/957/178 2157/958/178
f 2217/949/186 2216/973/186 2149/952/186 2150/950/186
f 2216/973/172 2194/965/172 2164/965/172 2149/952/172
f 2214/959/179 2195/972/179 2157/958/179 2158/959/179
f 2133/974/18 2134/975/18 2150/950/18 2149/952/18
f 2134/975/18 2135/976/18 2151/951/18 2150/950/18
f 2135/976/18 2136/977/18 2152/953/18 2151/951/18
f 2136/977/18 2137/978/18 2153/954/18 2152/953/18
f 2137/978/18 2138/979/18 2154/955/18 2153/954/18
f 2138/979/18 2139/980/18 2155/956/18 2154/955/18
f 2139/980/18 2140/981/18 2156/957/18 2155/956/18
f 2140/981/18 2141/982/18 2157/958/18 2156/957/18
f 2141/982/18 2142/983/18 2158/959/18 2157/958/18
f 2142/983/18 2143/984/18 2159/960/18 2158/959/18
f 2143/984/18 2144/985/18 2160/961/18 2159/960/18
f 2144/985/18 2145/986/18 2161/962/18 2160/961/18
f 2145/986/18 2146/987/18 2162/963/18 2161/962/18
f 2146/987/18 2147/967/18 2163/964/18 2162/963/18
f 2147/967/18 2148/966/18 2164/965/18 2163/964/18
f 2148/966/18 2133/974/18 2149/952/18 2164/965/18
f 2799/1052/180 2798/1053/180 3857/1053/180 3858/1052/180
f 2141/982/172 2140/981/172 3777/981/172 3778/982/172
f 2134/975/179 2133/974/179 3770/974/179 3771/975/179
f 2133/974/178 2148/966/178 3785/966/178 3770/974/178
f 2142/983/186 2141/982/186 3778/982/186 3779/983/186
f 2135/976/180 2134/975/180 3771/975/180 3772/976/180
f 2143/984/187 2142/983/187 3779/983/187 3780/984/187
f 2136/977/181 2135/976/181 3772/976/181 3773/977/181
f 2144/985/173 2143/984/173 3780/984/173 3781/985/173
f 2137/978/182 2136/977/182 3773/977/182 3774/978/182
f 2145/986/174 2144/985/174 3781/985/174 3782/986/174
f 2138/979/183 2137/978/183 3774/978/183 3775/979/183
f 2146/987/175 2145/986/175 3782/986/175 3783/987/175
f 2139/980/184 2138/979/184 3775/979/184 3776/980/184
f 2147/967/176 2146/987/176 3783/987/176 3784/967/176
f 2140/981/185 2139/980/185 3776/980/185 3777/981/185
f 1930/878/18 1931/881/18 2347/837/18 2346/836/18
f 1931/881/18 1932/877/18 2348/839/18 2347/837/18
f 1932/877/18 1933/875/18 2349/841/18 2348/839/18
f 1933/875/18 1934/871/18 2350/843/18 2349/841/18
f 1934/871/18 1935/870/18 2351/845/18 2350/843/18
f 1935/870/18 1936/1001/18 2352/847/18 2351/845/18
f 1936/1001/18 1937/1002/18 2353/849/18 2352/847/18
f 1937/1002/18 1938/1003/18 2354/851/18 2353/849/18
f 1938/1003/18 1939/1004/18 2355/853/18 2354/851/18
f 1939/1004/18 1940/1005/18 2356/855/18 2355/853/18
f 1940/1005/18 1941/1006/18 2357/857/18 2356/855/18
f 1941/1006/18 1942/1007/18 2358/859/18 2357/857/18
f 1942/1007/18 1943/884/18 2359/861/18 2358/859/18
f 1943/884/18 1944/882/18 2360/863/18 2359/861/18
f 1944/882/18 1945/879/18 2361/865/18 2360/863/18
f 1945/879/18 1930/878/18 2346/836/18 2361/865/18
f 1900/872/18 1898/869/18 2362/897/18 2363/896/18
f 1902/873/18 1900/872/18 2363/896/18 2364/898/18
f 1904/1008/18 1902/873/18 2364/898/18 2365/867/18
f 1906/1009/18 1904/1008/18 2365/867/18 2366/866/18
f 1908/1010/18 1906/1009/18 2366/866/18 2367/890/18
f 1910/1011/18 1908/1010/18 2367/890/18 2368/892/18
f 1912/1012/18 1910/1011/18 2368/892/18 2369/894/18
f 1914/1013/18 1912/1012/18 2369/894/18 2370/887/18
f 1916/1014/18 1914/1013/18 2370/887/18 2371/886/18
f 1918/885/18 1916/1014/18 2371/886/18 2372/899/18
f 1920/883/18 1918/885/18 2372/899/18 2373/889/18
f 1922/880/18 1920/883/18 2373/889/18 2374/888/18
f 1924/876/18 1922/880/18 2374/888/18 2375/891/18
f 1926/874/18 1924/876/18 2375/891/18 2376/893/18
f 1928/868/18 1926/874/18 2376/893/18 2377/895/18
f 1898/869/18 1928/868/18 2377/895/18 2362/897/18
f 1902/873/173 1904/1008/173 2384/1008/173 2382/873/173
f 1936/1001/184 1935/870/184 2389/870/184 2391/1001/184
f 1904/1008/174 1906/1009/174 2386/1009/174 2384/1008/174
f 1937/1002/185 1936/1001/185 2391/1001/185 2393/1002/185
f 1906/1009/175 1908/1010/175 2388/1010/175 2386/1009/175
f 1938/1003/172 1937/1002/172 2393/1002/172 2395/1003/172
f 1908/1010/176 1910/1011/176 2390/1011/176 2388/1010/176
f 1939/1004/186 1938/1003/186 2395/1003/186 2397/1004/186
f 1910/1011/177 1912/1012/177 2392/1012/177 2390/1011/177
f 1940/1005/187 1939/1004/187 2397/1004/187 2399/1005/187
f 1912/1012/178 1914/1013/178 2394/1013/178 2392/1012/178
f 1941/1006/173 1940/1005/173 2399/1005/173 2401/1006/173
f 1914/1013/179 1916/1014/179 2396/1014/179 2394/1013/179
f 1942/1007/174 1941/1006/174 2401/1006/174 2403/1007/174
f 1916/1014/180 1918/885/180 2398/885/180 2396/1014/180
f 1943/884/175 1942/1007/175 2403/1007/175 2405/884/175
f 2521/784/172 2553/785/172 2523/786/172 2506/787/172
f 2508/788/173 2527/789/173 2529/790/173 2509/791/173
f 2509/791/174 2529/790/174 2531/792/174 2510/793/174
f 2510/793/175 2531/792/175 2533/794/175 2511/795/175
f 2511/795/176 2533/794/176 2535/796/176 2512/797/176
f 2512/797/177 2535/796/177 2537/798/177 2513/799/177
f 2513/799/178 2537/798/178 2539/800/178 2514/801/178
f 2514/801/179 2539/800/179 2541/802/179 2515/803/179
f 2515/803/180 2541/802/180 2543/804/180 2516/805/180
f 2516/805/181 2543/804/181 2545/806/181 2517/807/181
f 2517/807/182 2545/806/182 2547/808/182 2518/809/182
f 2518/809/183 2547/808/183 2549/810/183 2519/811/183
f 2519/811/184 2549/810/184 2551/812/184 2520/813/184
f 2520/813/185 2551/812/185 2553/785/185 2521/784/185
f 2506/814/186 2523/815/186 2525/816/186 2507/817/186
f 2507/817/187 2525/816/187 2527/789/187 2508/788/187
f 2506/818/3 2507/819/3 2508/820/3 2509/821/3 2510/822/3 2511/823/3 2512/824/3 2513/825/3 2514/826/3 2515/827/3 2516/828/3 2517/829/3 2518/830/3 2519/831/3 2520/832/3 2521/833/3
f 2525/834/188 2523/835/188 2970/836/188 2971/837/188
f 2527/838/189 2525/834/189 2971/837/189 2972/839/189
f 2529/840/190 2527/838/190 2972/839/190 2973/841/190
f 2531/842/191 2529/840/191 2973/841/191 2974/843/191
f 2533/844/192 2531/842/192 2974/843/192 2975/845/192
f 2535/846/193 2533/844/193 2975/845/193 2976/847/193
f 2537/848/194 2535/846/194 2976/847/194 2977/849/194
f 2539/850/321 2537/848/321 2977/849/321 2978/851/321
f 2541/852/196 2539/850/196 2978/851/196 2979/853/196
f 2543/854/197 2541/852/197 2979/853/197 2980/855/197
f 2545/856/198 2543/854/198 2980/855/198 2981/857/198
f 2547/858/199 2545/856/199 2981/857/199 2982/859/199
f 2549/860/200 2547/858/200 2982/859/200 2983/861/200
f 2551/862/201 2549/860/201 2983/861/201 2984/863/201
f 2553/864/202 2551/862/202 2984/863/202 2985/865/202
f 2523/835/322 2553/864/322 2985/865/322 2970/836/322
f 2552/868/172 2522/869/172 3003/869/172 3032/868/172
f 2559/870/183 2558/871/183 3011/871/183 3013/870/183
f 2524/872/187 2526/873/187 3006/873/187 3004/872/187
f 2550/874/185 2552/868/185 3032/868/185 3030/874/185
f 2558/871/182 2557/875/182 3009/875/182 3011/871/182
f 2522/869/186 2524/872/186 3004/872/186 3003/869/186
f 2548/876/184 2550/874/184 3030/874/184 3028/876/184
f 2557/875/181 2556/877/181 3007/877/181 3009/875/181
f 2554/878/178 2569/879/178 3033/879/178 3002/878/178
f 2546/880/183 2548/876/183 3028/876/183 3026/880/183
f 2556/877/180 2555/881/180 3005/881/180 3007/877/180
f 2569/879/177 2568/882/177 3031/882/177 3033/879/177
f 2544/883/182 2546/880/182 3026/880/182 3024/883/182
f 2555/881/179 2554/878/179 3002/878/179 3005/881/179
f 2568/882/176 2567/884/176 3029/884/176 3031/882/176
f 2542/885/181 2544/883/181 3024/883/181 3022/885/181
f 2655/916/204 2654/917/204 2686/917/204 2687/916/204
f 2692/931/205 2691/930/205 2723/930/205 2724/931/205
f 2648/921/206 2647/920/206 2679/920/206 2680/921/206
f 2656/927/207 2655/916/207 2687/916/207 2688/927/207
f 2649/922/208 2648/921/208 2680/921/208 2681/922/208
f 2657/928/209 2656/927/209 2688/927/209 2689/928/209
f 2650/923/210 2649/922/210 2681/922/210 2682/923/210
f 2658/929/211 2657/928/211 2689/928/211 2690/929/211
f 2651/924/212 2650/923/212 2682/923/212 2683/924/212
f 2659/930/213 2658/929/213 2690/929/213 2691/930/213
f 2652/925/214 2651/924/214 2683/924/214 2684/925/214
f 2660/931/215 2659/930/215 2691/930/215 2692/931/215
f 2653/926/216 2652/925/216 2684/925/216 2685/926/216
f 2646/919/217 2645/918/217 2677/918/217 2678/919/217
f 2645/918/218 2660/931/218 2692/931/218 2677/918/218
f 2654/917/219 2653/926/219 2685/926/219 2686/917/219
f 2647/920/220 2646/919/220 2678/919/220 2679/920/220
f 2708/932/177 2707/933/177 2755/933/177 2756/932/177
f 2685/926/221 2684/925/221 2716/925/221 2717/926/221
f 2678/919/222 2677/918/222 2709/918/222 2710/919/222
f 2677/918/223 2692/931/223 2724/931/223 2709/918/223
f 2686/917/224 2685/926/224 2717/926/224 2718/917/224
f 2679/920/225 2678/919/225 2710/919/225 2711/920/225
f 2687/916/226 2686/917/226 2718/917/226 2719/916/226
f 2680/921/227 2679/920/227 2711/920/227 2712/921/227
f 2688/927/228 2687/916/228 2719/916/228 2720/927/228
f 2681/922/229 2680/921/229 2712/921/229 2713/922/229
f 2689/928/230 2688/927/230 2720/927/230 2721/928/230
f 2682/923/231 2681/922/231 2713/922/231 2714/923/231
f 2690/929/232 2689/928/232 2721/928/232 2722/929/232
f 2683/924/233 2682/923/233 2714/923/233 2715/924/233
f 2691/930/234 2690/929/234 2722/929/234 2723/930/234
f 2684/925/235 2683/924/235 2715/924/235 2716/925/235
f 2693/934/18 2694/935/18 2710/919/18 2709/918/18
f 2694/935/18 2695/936/18 2711/920/18 2710/919/18
f 2695/936/18 2696/937/18 2712/921/18 2711/920/18
f 2696/937/18 2697/938/18 2713/922/18 2712/921/18
f 2697/938/18 2698/939/18 2714/923/18 2713/922/18
f 2698/939/18 2699/940/18 2715/924/18 2714/923/18
f 2699/940/18 2700/941/18 2716/925/18 2715/924/18
f 2700/941/18 2701/942/18 2717/926/18 2716/925/18
f 2701/942/18 2702/943/18 2718/917/18 2717/926/18
f 2702/943/18 2703/944/18 2719/916/18 2718/917/18
f 2703/944/18 2704/945/18 2720/927/18 2719/916/18
f 2704/945/18 2705/946/18 2721/928/18 2720/927/18
f 2705/946/18 2706/947/18 2722/929/18 2721/928/18
f 2706/947/18 2707/933/18 2723/930/18 2722/929/18
f 2707/933/18 2708/932/18 2724/931/18 2723/930/18
f 2708/932/18 2693/934/18 2709/918/18 2724/931/18
f 2806/948/187 2841/949/187 2774/950/187 2775/951/187
f 2701/942/172 2700/941/172 2748/941/172 2749/942/172
f 2694/935/179 2693/934/179 2741/934/179 2742/935/179
f 2693/934/178 2708/932/178 2756/932/178 2741/934/178
f 2702/943/186 2701/942/186 2749/942/186 2750/943/186
f 2695/936/180 2694/935/180 2742/935/180 2743/936/180
f 2703/944/187 2702/943/187 2750/943/187 2751/944/187
f 2696/937/181 2695/936/181 2743/936/181 2744/937/181
f 2704/945/173 2703/944/173 2751/944/173 2752/945/173
f 2697/938/182 2696/937/182 2744/937/182 2745/938/182
f 2705/946/174 2704/945/174 2752/945/174 2753/946/174
f 2698/939/183 2697/938/183 2745/938/183 2746/939/183
f 2706/947/175 2705/946/175 2753/946/175 2754/947/175
f 2699/940/184 2698/939/184 2746/939/184 2747/940/184
f 2707/933/176 2706/947/176 2754/947/176 2755/933/176
f 2700/941/185 2699/940/185 2747/940/185 2748/941/185
f 2772/966/177 2771/967/177 3800/967/177 3801/966/177
f 2808/960/180 2838/959/180 2782/959/180 2783/960/180
f 2809/968/173 2806/948/173 2775/951/173 2776/953/173
f 2810/969/181 2808/960/181 2783/960/181 2784/961/181
f 2811/970/174 2809/968/174 2776/953/174 2777/954/174
f 2812/962/182 2810/969/182 2784/961/182 2785/962/182
f 2813/955/175 2811/970/175 2777/954/175 2778/955/175
f 2814/963/183 2812/962/183 2785/962/183 2786/963/183
f 2815/971/176 2813/955/176 2778/955/176 2779/956/176
f 2816/964/184 2814/963/184 2786/963/184 2787/964/184
f 2817/957/177 2815/971/177 2779/956/177 2780/957/177
f 2818/965/185 2816/964/185 2787/964/185 2788/965/185
f 2819/972/178 2817/957/178 2780/957/178 2781/958/178
f 2841/949/186 2840/973/186 2773/952/186 2774/950/186
f 2840/973/172 2818/965/172 2788/965/172 2773/952/172
f 2838/959/179 2819/972/179 2781/958/179 2782/959/179
f 2757/974/18 2758/975/18 2774/950/18 2773/952/18
f 2758/975/18 2759/976/18 2775/951/18 2774/950/18
f 2759/976/18 2760/977/18 2776/953/18 2775/951/18
f 2760/977/18 2761/978/18 2777/954/18 2776/953/18
f 2761/978/18 2762/979/18 2778/955/18 2777/954/18
f 2762/979/18 2763/980/18 2779/956/18 2778/955/18
f 2763/980/18 2764/981/18 2780/957/18 2779/956/18
f 2764/981/18 2765/982/18 2781/958/18 2780/957/18
f 2765/982/18 2766/983/18 2782/959/18 2781/958/18
f 2766/983/18 2767/984/18 2783/960/18 2782/959/18
f 2767/984/18 2768/985/18 2784/961/18 2783/960/18
f 2768/985/18 2769/986/18 2785/962/18 2784/961/18
f 2769/986/18 2770/987/18 2786/963/18 2785/962/18
f 2770/987/18 2771/967/18 2787/964/18 2786/963/18
f 2771/967/18 2772/966/18 2788/965/18 2787/964/18
f 2772/966/18 2757/974/18 2773/952/18 2788/965/18
f 1556/989/185 1555/1054/185 3831/1054/185 3832/989/185
f 2765/982/172 2764/981/172 3793/981/172 3794/982/172
f 2758/975/179 2757/974/179 3786/974/179 3787/975/179
f 2757/974/178 2772/966/178 3801/966/178 3786/974/178
f 2766/983/186 2765/982/186 3794/982/186 3795/983/186
f 2759/976/180 2758/975/180 3787/975/180 3788/976/180
f 2767/984/187 2766/983/187 3795/983/187 3796/984/187
f 2760/977/181 2759/976/181 3788/976/181 3789/977/181
f 2768/985/173 2767/984/173 3796/984/173 3797/985/173
f 2761/978/182 2760/977/182 3789/977/182 3790/978/182
f 2769/986/174 2768/985/174 3797/985/174 3798/986/174
f 2762/979/183 2761/978/183 3790/978/183 3791/979/183
f 2770/987/175 2769/986/175 3798/986/175 3799/987/175
f 2763/980/184 2762/979/184 3791/979/184 3792/980/184
f 2771/967/176 2770/987/176 3799/987/176 3800/967/176
f 2764/981/185 2763/980/185 3792/980/185 3793/981/185
f 3925/1055/326 3901/1056/326 3879/1057/326 3878/988/326
f 3893/1058/327 3925/1055/327 3878/988/327 3892/989/327
f 3926/1059/328 3893/1058/328 3892/989/328 3891/1054/328
f 3894/1060/329 3926/1059/329 3891/1054/329 3890/1061/329
f 3895/1062/330 3894/1060/330 3890/1061/330 3889/1063/330
f 3896/1064/331 3895/1062/331 3889/1063/331 3888/1065/331
f 3927/1066/332 3896/1064/332 3888/1065/332 3887/1067/332
f 3928/1068/333 3927/1066/333 3887/1067/333 3886/1069/333
f 3897/1070/334 3928/1068/334 3886/1069/334 3885/1071/334
f 3929/1072/335 3897/1070/335 3885/1071/335 3884/1073/335
f 3898/1074/336 3929/1072/336 3884/1073/336 3883/1075/336
f 4138/1076/337 3898/1074/337 3883/1075/337 3882/1077/337
f 2554/878/18 2555/881/18 2971/837/18 2970/836/18
f 2555/881/18 2556/877/18 2972/839/18 2971/837/18
f 2556/877/18 2557/875/18 2973/841/18 2972/839/18
f 2557/875/18 2558/871/18 2974/843/18 2973/841/18
f 2558/871/18 2559/870/18 2975/845/18 2974/843/18
f 2559/870/18 2560/1001/18 2976/847/18 2975/845/18
f 2560/1001/18 2561/1002/18 2977/849/18 2976/847/18
f 2561/1002/18 2562/1003/18 2978/851/18 2977/849/18
f 2562/1003/18 2563/1004/18 2979/853/18 2978/851/18
f 2563/1004/18 2564/1005/18 2980/855/18 2979/853/18
f 2564/1005/18 2565/1006/18 2981/857/18 2980/855/18
f 2565/1006/18 2566/1007/18 2982/859/18 2981/857/18
f 2566/1007/18 2567/884/18 2983/861/18 2982/859/18
f 2567/884/18 2568/882/18 2984/863/18 2983/861/18
f 2568/882/18 2569/879/18 2985/865/18 2984/863/18
f 2569/879/18 2554/878/18 2970/836/18 2985/865/18
f 2524/872/18 2522/869/18 2986/897/18 2987/896/18
f 2526/873/18 2524/872/18 2987/896/18 2988/898/18
f 2528/1008/18 2526/873/18 2988/898/18 2989/867/18
f 2530/1009/18 2528/1008/18 2989/867/18 2990/866/18
f 2532/1010/18 2530/1009/18 2990/866/18 2991/890/18
f 2534/1011/18 2532/1010/18 2991/890/18 2992/892/18
f 2536/1012/18 2534/1011/18 2992/892/18 2993/894/18
f 2538/1013/18 2536/1012/18 2993/894/18 2994/887/18
f 2540/1014/18 2538/1013/18 2994/887/18 2995/886/18
f 2542/885/18 2540/1014/18 2995/886/18 2996/899/18
f 2544/883/18 2542/885/18 2996/899/18 2997/889/18
f 2546/880/18 2544/883/18 2997/889/18 2998/888/18
f 2548/876/18 2546/880/18 2998/888/18 2999/891/18
f 2550/874/18 2548/876/18 2999/891/18 3000/893/18
f 2552/868/18 2550/874/18 3000/893/18 3001/895/18
f 2522/869/18 2552/868/18 3001/895/18 2986/897/18
f 2526/873/173 2528/1008/173 3008/1008/173 3006/873/173
f 2560/1001/184 2559/870/184 3013/870/184 3015/1001/184
f 2528/1008/174 2530/1009/174 3010/1009/174 3008/1008/174
f 2561/1002/185 2560/1001/185 3015/1001/185 3017/1002/185
f 2530/1009/175 2532/1010/175 3012/1010/175 3010/1009/175
f 2562/1003/172 2561/1002/172 3017/1002/172 3019/1003/172
f 2532/1010/176 2534/1011/176 3014/1011/176 3012/1010/176
f 2563/1004/186 2562/1003/186 3019/1003/186 3021/1004/186
f 2534/1011/177 2536/1012/177 3016/1012/177 3014/1011/177
f 2564/1005/187 2563/1004/187 3021/1004/187 3023/1005/187
f 2536/1012/178 2538/1013/178 3018/1013/178 3016/1012/178
f 2565/1006/173 2564/1005/173 3023/1005/173 3025/1006/173
f 2538/1013/179 2540/1014/179 3020/1014/179 3018/1013/179
f 2566/1007/174 2565/1006/174 3025/1006/174 3027/1007/174
f 2540/1014/180 2542/885/180 3022/885/180 3020/1014/180
f 2567/884/175 2566/1007/175 3027/1007/175 3029/884/175
f 3145/784/172 3177/785/172 3147/786/172 3130/787/172
f 3132/788/173 3151/789/173 3153/790/173 3133/791/173
f 3133/791/174 3153/790/174 3155/792/174 3134/793/174
f 3134/793/175 3155/792/175 3157/794/175 3135/795/175
f 3135/795/176 3157/794/176 3159/796/176 3136/797/176
f 3136/797/177 3159/796/177 3161/798/177 3137/799/177
f 3137/799/178 3161/798/178 3163/800/178 3138/801/178
f 3138/801/179 3163/800/179 3165/802/179 3139/803/179
f 3139/803/180 3165/802/180 3167/804/180 3140/805/180
f 3140/805/181 3167/804/181 3169/806/181 3141/807/181
f 3141/807/182 3169/806/182 3171/808/182 3142/809/182
f 3142/809/183 3171/808/183 3173/810/183 3143/811/183
f 3143/811/184 3173/810/184 3175/812/184 3144/813/184
f 3144/813/185 3175/812/185 3177/785/185 3145/784/185
f 3130/814/186 3147/815/186 3149/816/186 3131/817/186
f 3131/817/187 3149/816/187 3151/789/187 3132/788/187
f 3130/818/3 3131/819/3 3132/820/3 3133/821/3 3134/822/3 3135/823/3 3136/824/3 3137/825/3 3138/826/3 3139/827/3 3140/828/3 3141/829/3 3142/830/3 3143/831/3 3144/832/3 3145/833/3
f 3149/834/188 3147/835/188 3594/836/188 3595/837/188
f 3151/838/189 3149/834/189 3595/837/189 3596/839/189
f 3153/840/190 3151/838/190 3596/839/190 3597/841/190
f 3155/842/191 3153/840/191 3597/841/191 3598/843/191
f 3157/844/192 3155/842/192 3598/843/192 3599/845/192
f 3159/846/193 3157/844/193 3599/845/193 3600/847/193
f 3161/848/194 3159/846/194 3600/847/194 3601/849/194
f 3163/850/321 3161/848/321 3601/849/321 3602/851/321
f 3165/852/196 3163/850/196 3602/851/196 3603/853/196
f 3167/854/197 3165/852/197 3603/853/197 3604/855/197
f 3169/856/198 3167/854/198 3604/855/198 3605/857/198
f 3171/858/199 3169/856/199 3605/857/199 3606/859/199
f 3173/860/200 3171/858/200 3606/859/200 3607/861/200
f 3175/862/201 3173/860/201 3607/861/201 3608/863/201
f 3177/864/202 3175/862/202 3608/863/202 3609/865/202
f 3147/835/322 3177/864/322 3609/865/322 3594/836/322
f 3176/868/172 3146/869/172 3627/869/172 3656/868/172
f 3183/870/183 3182/871/183 3635/871/183 3637/870/183
f 3148/872/187 3150/873/187 3630/873/187 3628/872/187
f 3174/874/185 3176/868/185 3656/868/185 3654/874/185
f 3182/871/182 3181/875/182 3633/875/182 3635/871/182
f 3146/869/186 3148/872/186 3628/872/186 3627/869/186
f 3172/876/184 3174/874/184 3654/874/184 3652/876/184
f 3181/875/181 3180/877/181 3631/877/181 3633/875/181
f 3178/878/178 3193/879/178 3657/879/178 3626/878/178
f 3170/880/183 3172/876/183 3652/876/183 3650/880/183
f 3180/877/180 3179/881/180 3629/881/180 3631/877/180
f 3193/879/177 3192/882/177 3655/882/177 3657/879/177
f 3168/883/182 3170/880/182 3650/880/182 3648/883/182
f 3179/881/179 3178/878/179 3626/878/179 3629/881/179
f 3192/882/176 3191/884/176 3653/884/176 3655/882/176
f 3166/885/181 3168/883/181 3648/883/181 3646/885/181
f 3279/916/204 3278/917/204 3310/917/204 3311/916/204
f 3316/931/205 3315/930/205 3347/930/205 3348/931/205
f 3272/921/206 3271/920/206 3303/920/206 3304/921/206
f 3280/927/207 3279/916/207 3311/916/207 3312/927/207
f 3273/922/208 3272/921/208 3304/921/208 3305/922/208
f 3281/928/209 3280/927/209 3312/927/209 3313/928/209
f 3274/923/210 3273/922/210 3305/922/210 3306/923/210
f 3282/929/211 3281/928/211 3313/928/211 3314/929/211
f 3275/924/212 3274/923/212 3306/923/212 3307/924/212
f 3283/930/213 3282/929/213 3314/929/213 3315/930/213
f 3276/925/214 3275/924/214 3307/924/214 3308/925/214
f 3284/931/215 3283/930/215 3315/930/215 3316/931/215
f 3277/926/216 3276/925/216 3308/925/216 3309/926/216
f 3270/919/217 3269/918/217 3301/918/217 3302/919/217
f 3269/918/218 3284/931/218 3316/931/218 3301/918/218
f 3278/917/219 3277/926/219 3309/926/219 3310/917/219
f 3271/920/220 3270/919/220 3302/919/220 3303/920/220
f 3332/932/177 3331/933/177 3379/933/177 3380/932/177
f 3309/926/221 3308/925/221 3340/925/221 3341/926/221
f 3302/919/222 3301/918/222 3333/918/222 3334/919/222
f 3301/918/223 3316/931/223 3348/931/223 3333/918/223
f 3310/917/224 3309/926/224 3341/926/224 3342/917/224
f 3303/920/225 3302/919/225 3334/919/225 3335/920/225
f 3311/916/226 3310/917/226 3342/917/226 3343/916/226
f 3304/921/227 3303/920/227 3335/920/227 3336/921/227
f 3312/927/228 3311/916/228 3343/916/228 3344/927/228
f 3305/922/229 3304/921/229 3336/921/229 3337/922/229
f 3313/928/230 3312/927/230 3344/927/230 3345/928/230
f 3306/923/231 3305/922/231 3337/922/231 3338/923/231
f 3314/929/232 3313/928/232 3345/928/232 3346/929/232
f 3307/924/233 3306/923/233 3338/923/233 3339/924/233
f 3315/930/234 3314/929/234 3346/929/234 3347/930/234
f 3308/925/235 3307/924/235 3339/924/235 3340/925/235
f 3317/934/18 3318/935/18 3334/919/18 3333/918/18
f 3318/935/18 3319/936/18 3335/920/18 3334/919/18
f 3319/936/18 3320/937/18 3336/921/18 3335/920/18
f 3320/937/18 3321/938/18 3337/922/18 3336/921/18
f 3321/938/18 3322/939/18 3338/923/18 3337/922/18
f 3322/939/18 3323/940/18 3339/924/18 3338/923/18
f 3323/940/18 3324/941/18 3340/925/18 3339/924/18
f 3324/941/18 3325/942/18 3341/926/18 3340/925/18
f 3325/942/18 3326/943/18 3342/917/18 3341/926/18
f 3326/943/18 3327/944/18 3343/916/18 3342/917/18
f 3327/944/18 3328/945/18 3344/927/18 3343/916/18
f 3328/945/18 3329/946/18 3345/928/18 3344/927/18
f 3329/946/18 3330/947/18 3346/929/18 3345/928/18
f 3330/947/18 3331/933/18 3347/930/18 3346/929/18
f 3331/933/18 3332/932/18 3348/931/18 3347/930/18
f 3332/932/18 3317/934/18 3333/918/18 3348/931/18
f 3430/948/187 3465/949/187 3398/950/187 3399/951/187
f 3325/942/172 3324/941/172 3372/941/172 3373/942/172
f 3318/935/179 3317/934/179 3365/934/179 3366/935/179
f 3317/934/178 3332/932/178 3380/932/178 3365/934/178
f 3326/943/186 3325/942/186 3373/942/186 3374/943/186
f 3319/936/180 3318/935/180 3366/935/180 3367/936/180
f 3327/944/187 3326/943/187 3374/943/187 3375/944/187
f 3320/937/181 3319/936/181 3367/936/181 3368/937/181
f 3328/945/173 3327/944/173 3375/944/173 3376/945/173
f 3321/938/182 3320/937/182 3368/937/182 3369/938/182
f 3329/946/174 3328/945/174 3376/945/174 3377/946/174
f 3322/939/183 3321/938/183 3369/938/183 3370/939/183
f 3330/947/175 3329/946/175 3377/946/175 3378/947/175
f 3323/940/184 3322/939/184 3370/939/184 3371/940/184
f 3331/933/176 3330/947/176 3378/947/176 3379/933/176
f 3324/941/185 3323/940/185 3371/940/185 3372/941/185
f 3396/966/177 3395/967/177 3816/967/177 3817/966/177
f 3432/960/180 3462/959/180 3406/959/180 3407/960/180
f 3433/968/173 3430/948/173 3399/951/173 3400/953/173
f 3434/969/181 3432/960/181 3407/960/181 3408/961/181
f 3435/970/174 3433/968/174 3400/953/174 3401/954/174
f 3436/962/182 3434/969/182 3408/961/182 3409/962/182
f 3437/955/175 3435/970/175 3401/954/175 3402/955/175
f 3438/963/183 3436/962/183 3409/962/183 3410/963/183
f 3439/971/176 3437/955/176 3402/955/176 3403/956/176
f 3440/964/184 3438/963/184 3410/963/184 3411/964/184
f 3441/957/177 3439/971/177 3403/956/177 3404/957/177
f 3442/965/185 3440/964/185 3411/964/185 3412/965/185
f 3443/972/178 3441/957/178 3404/957/178 3405/958/178
f 3465/949/186 3464/973/186 3397/952/186 3398/950/186
f 3464/973/172 3442/965/172 3412/965/172 3397/952/172
f 3462/959/179 3443/972/179 3405/958/179 3406/959/179
f 3381/974/18 3382/975/18 3398/950/18 3397/952/18
f 3382/975/18 3383/976/18 3399/951/18 3398/950/18
f 3383/976/18 3384/977/18 3400/953/18 3399/951/18
f 3384/977/18 3385/978/18 3401/954/18 3400/953/18
f 3385/978/18 3386/979/18 3402/955/18 3401/954/18
f 3386/979/18 3387/980/18 3403/956/18 3402/955/18
f 3387/980/18 3388/981/18 3404/957/18 3403/956/18
f 3388/981/18 3389/982/18 3405/958/18 3404/957/18
f 3389/982/18 3390/983/18 3406/959/18 3405/958/18
f 3390/983/18 3391/984/18 3407/960/18 3406/959/18
f 3391/984/18 3392/985/18 3408/961/18 3407/960/18
f 3392/985/18 3393/986/18 3409/962/18 3408/961/18
f 3393/986/18 3394/987/18 3410/963/18 3409/962/18
f 3394/987/18 3395/967/18 3411/964/18 3410/963/18
f 3395/967/18 3396/966/18 3412/965/18 3411/964/18
f 3396/966/18 3381/974/18 3397/952/18 3412/965/18
f 2798/1053/179 2797/1078/179 3856/1078/179 3857/1053/179
f 3389/982/172 3388/981/172 3809/981/172 3810/982/172
f 3382/975/179 3381/974/179 3802/974/179 3803/975/179
f 3381/974/178 3396/966/178 3817/966/178 3802/974/178
f 3390/983/186 3389/982/186 3810/982/186 3811/983/186
f 3383/976/180 3382/975/180 3803/975/180 3804/976/180
f 3391/984/187 3390/983/187 3811/983/187 3812/984/187
f 3384/977/181 3383/976/181 3804/976/181 3805/977/181
f 3392/985/173 3391/984/173 3812/984/173 3813/985/173
f 3385/978/182 3384/977/182 3805/977/182 3806/978/182
f 3393/986/174 3392/985/174 3813/985/174 3814/986/174
f 3386/979/183 3385/978/183 3806/978/183 3807/979/183
f 3394/987/175 3393/986/175 3814/986/175 3815/987/175
f 3387/980/184 3386/979/184 3807/979/184 3808/980/184
f 3395/967/176 3394/987/176 3815/987/176 3816/967/176
f 3388/981/185 3387/980/185 3808/980/185 3809/981/185
f 3947/1079/355 4133/1080/355 4181/1080/355 4206/1079/355
f 4108/1081/356 4107/1082/356 4232/1082/356 4231/1081/356
f 3922/1083/330 3921/1084/330 3904/1085/330 3903/1086/330
f 3923/1054/329 3922/1083/329 3903/1086/329 3932/1087/329
f 3924/1088/328 3923/1054/328 3932/1087/328 3931/1089/328
f 3910/1090/327 3924/1088/327 3931/1089/327 3902/1090/327
f 3911/1091/326 3910/1090/326 3902/1090/326 3909/1092/326
f 3912/1059/357 3911/1091/357 3909/1092/357 3908/1093/357
f 4142/1060/358 3912/1059/358 3908/1093/358 4143/1094/358
f 3945/1095/359 3946/1096/359 4201/1096/359 4202/1095/359
f 4107/1082/360 4106/1097/360 4233/1097/360 4232/1082/360
f 3915/1098/337 3914/1099/337 4145/1100/337 3906/1052/337
f 3916/1101/336 3915/1098/336 3906/1052/336 3936/1053/336
f 3917/1078/335 3916/1101/335 3936/1053/335 3935/1078/335
f 3918/1102/334 3917/1078/334 3935/1078/334 3905/1103/334
f 3919/1104/333 3918/1102/333 3905/1103/333 3934/1105/333
f 3178/878/18 3179/881/18 3595/837/18 3594/836/18
f 3179/881/18 3180/877/18 3596/839/18 3595/837/18
f 3180/877/18 3181/875/18 3597/841/18 3596/839/18
f 3181/875/18 3182/871/18 3598/843/18 3597/841/18
f 3182/871/18 3183/870/18 3599/845/18 3598/843/18
f 3183/870/18 3184/1001/18 3600/847/18 3599/845/18
f 3184/1001/18 3185/1002/18 3601/849/18 3600/847/18
f 3185/1002/18 3186/1003/18 3602/851/18 3601/849/18
f 3186/1003/18 3187/1004/18 3603/853/18 3602/851/18
f 3187/1004/18 3188/1005/18 3604/855/18 3603/853/18
f 3188/1005/18 3189/1006/18 3605/857/18 3604/855/18
f 3189/1006/18 3190/1007/18 3606/859/18 3605/857/18
f 3190/1007/18 3191/884/18 3607/861/18 3606/859/18
f 3191/884/18 3192/882/18 3608/863/18 3607/861/18
f 3192/882/18 3193/879/18 3609/865/18 3608/863/18
f 3193/879/18 3178/878/18 3594/836/18 3609/865/18
f 3148/872/18 3146/869/18 3610/897/18 3611/896/18
f 3150/873/18 3148/872/18 3611/896/18 3612/898/18
f 3152/1008/18 3150/873/18 3612/898/18 3613/867/18
f 3154/1009/18 3152/1008/18 3613/867/18 3614/866/18
f 3156/1010/18 3154/1009/18 3614/866/18 3615/890/18
f 3158/1011/18 3156/1010/18 3615/890/18 3616/892/18
f 3160/1012/18 3158/1011/18 3616/892/18 3617/894/18
f 3162/1013/18 3160/1012/18 3617/894/18 3618/887/18
f 3164/1014/18 3162/1013/18 3618/887/18 3619/886/18
f 3166/885/18 3164/1014/18 3619/886/18 3620/899/18
f 3168/883/18 3166/885/18 3620/899/18 3621/889/18
f 3170/880/18 3168/883/18 3621/889/18 3622/888/18
f 3172/876/18 3170/880/18 3622/888/18 3623/891/18
f 3174/874/18 3172/876/18 3623/891/18 3624/893/18
f 3176/868/18 3174/874/18 3624/893/18 3625/895/18
f 3146/869/18 3176/868/18 3625/895/18 3610/897/18
f 3150/873/173 3152/1008/173 3632/1008/173 3630/873/173
f 3184/1001/184 3183/870/184 3637/870/184 3639/1001/184
f 3152/1008/174 3154/1009/174 3634/1009/174 3632/1008/174
f 3185/1002/185 3184/1001/185 3639/1001/185 3641/1002/185
f 3154/1009/175 3156/1010/175 3636/1010/175 3634/1009/175
f 3186/1003/172 3185/1002/172 3641/1002/172 3643/1003/172
f 3156/1010/176 3158/1011/176 3638/1011/176 3636/1010/176
f 3187/1004/186 3186/1003/186 3643/1003/186 3645/1004/186
f 3158/1011/177 3160/1012/177 3640/1012/177 3638/1011/177
f 3188/1005/187 3187/1004/187 3645/1004/187 3647/1005/187
f 3160/1012/178 3162/1013/178 3642/1013/178 3640/1012/178
f 3189/1006/173 3188/1005/173 3647/1005/173 3649/1006/173
f 3162/1013/179 3164/1014/179 3644/1014/179 3642/1013/179
f 3190/1007/174 3189/1006/174 3649/1006/174 3651/1007/174
f 3164/1014/180 3166/885/180 3646/885/180 3644/1014/180
f 3191/884/175 3190/1007/175 3651/1007/175 3653/884/175
f 4124/1100/181 2799/1052/181 3858/1052/181 4130/1100/181
f 2166/1058/186 2165/1055/186 3833/1055/186 3834/1058/186
f 3944/1115/377 3945/1095/377 4202/1095/377 4203/1115/377
f 2167/1059/187 2166/1058/187 3834/1058/187 3835/1059/187
f 4106/1097/378 4135/1116/378 4175/1116/378 4233/1097/378
f 2168/1060/173 2167/1059/173 3835/1059/173 3836/1060/173
f 2803/1093/184 4126/1094/184 3860/1094/184 3861/1093/184
f 2169/1062/174 2168/1060/174 3836/1060/174 3837/1062/174
f 2804/1092/185 2803/1093/185 3861/1093/185 3862/1092/185
f 2170/1064/175 2169/1062/175 3837/1062/175 3838/1064/175
f 2789/1090/172 2804/1092/172 3862/1092/172 3848/1090/172
f 2171/1066/176 2170/1064/176 3838/1064/176 3839/1066/176
f 3414/1091/186 3413/1090/186 3863/1090/186 3864/1091/186
f 2172/1068/177 2171/1066/177 3839/1066/177 3840/1068/177
f 3415/1059/187 3414/1091/187 3864/1091/187 3865/1059/187
f 2173/1070/178 2172/1068/178 3840/1068/178 3841/1070/178
f 4127/1060/173 3415/1059/173 3865/1059/173 4132/1060/173
f 2174/1072/179 2173/1070/179 3841/1070/179 3842/1072/179
f 3866/1117/379 3944/1115/379 4203/1115/379 4179/1117/379
f 2175/1074/180 2174/1072/180 3842/1072/180 3843/1074/180
f 4104/1118/380 4105/1119/380 4228/1119/380 4229/1118/380
f 4121/1076/181 2175/1074/181 3843/1074/181 4134/1076/181
f 1542/1057/186 1541/988/186 3818/988/186 3819/1057/186
f 3419/1098/176 4129/1099/176 3867/1099/176 3868/1098/176
f 4144/1120/381 3949/1121/381 4204/1121/381 4193/1120/381
f 1543/1059/187 1542/1057/187 3819/1057/187 3820/1059/187
f 3420/1101/177 3419/1098/177 3868/1098/177 3869/1101/177
f 4103/1122/382 4104/1118/382 4229/1118/382 4230/1122/382
f 4118/1106/173 1543/1059/173 3820/1059/173 4136/1106/173
f 3421/1078/178 3420/1101/178 3869/1101/178 3870/1078/178
f 2179/1110/184 4123/1109/184 3845/1109/184 3846/1110/184
f 3946/1096/383 3913/1123/383 4191/1123/383 4201/1096/383
f 3422/1102/179 3421/1078/179 3870/1078/179 3871/1102/179
f 2180/1056/185 2179/1110/185 3846/1110/185 3847/1056/185
f 3844/1124/384 4103/1122/384 4230/1122/384 4173/1124/384
f 3423/1104/180 3422/1102/180 3871/1102/180 3872/1104/180
f 2165/1055/172 2180/1056/172 3847/1056/172 3833/1055/172
f 1547/1075/176 4120/1077/176 3822/1077/176 3823/1075/176
f 3424/1114/181 3423/1104/181 3872/1104/181 3873/1114/181
f 2790/1089/186 2789/1090/186 3848/1090/186 3849/1089/186
f 1548/1073/177 1547/1075/177 3823/1075/177 3824/1073/177
f 3425/1084/182 3424/1114/182 3873/1114/182 3874/1084/182
f 2791/1087/187 2790/1089/187 3849/1089/187 3850/1087/187
f 1549/1071/178 1548/1073/178 3824/1073/178 3825/1071/178
f 3426/1083/183 3425/1084/183 3874/1084/183 3875/1083/183
f 2792/1086/173 2791/1087/173 3850/1087/173 3851/1086/173
f 1550/1069/179 1549/1071/179 3825/1071/179 3826/1069/179
f 3427/1054/184 3426/1083/184 3875/1083/184 3876/1054/184
f 2793/1085/174 2792/1086/174 3851/1086/174 3852/1085/174
f 1551/1067/180 1550/1069/180 3826/1069/180 3827/1067/180
f 3428/1088/185 3427/1054/185 3876/1054/185 3877/1088/185
f 2794/1111/175 2793/1085/175 3852/1085/175 3853/1111/175
f 1552/1065/181 1551/1067/181 3827/1067/181 3828/1065/181
f 3413/1090/172 3428/1088/172 3877/1088/172 3863/1090/172
f 2795/1105/176 2794/1111/176 3853/1111/176 3854/1105/176
f 1553/1063/182 1552/1065/182 3828/1065/182 3829/1063/182
f 2796/1103/177 2795/1105/177 3854/1105/177 3855/1103/177
f 1554/1061/183 1553/1063/183 3829/1063/183 3830/1061/183
f 2797/1078/178 2796/1103/178 3855/1103/178 3856/1078/178
f 1555/1054/184 1554/1061/184 3830/1061/184 3831/1054/184
f 3900/1110/358 4140/1109/358 4141/1106/358 3880/1059/358
f 3920/1114/332 3919/1104/332 3934/1105/332 3933/1111/332
f 3926/1059/385 3894/1060/385 4081/1060/385 4078/1059/385
f 3932/1087/385 3903/1086/385 4036/1086/385 4033/1059/385
f 3931/1089/386 3932/1087/386 4033/1059/386 4028/1089/386
f 3893/1058/386 3926/1059/386 4078/1059/386 4073/1058/386
f 3912/1059/387 4142/1060/387 4146/1060/387 3943/1059/387
f 3880/1059/387 4141/1106/387 4152/1125/387 3988/1059/387
f 3879/1057/388 3880/1059/388 3988/1059/388 3983/1057/388
f 3911/1091/388 3912/1059/388 3943/1059/388 3938/1091/388
f 3901/1056/357 3900/1110/357 3880/1059/357 3879/1057/357
f 3921/1084/331 3920/1114/331 3933/1111/331 3904/1085/331
f 3907/1126/389 4144/1120/389 4193/1120/389 4197/1126/389
f 3930/1127/390 4108/1081/390 4231/1081/390 4196/1127/390
f 3914/1099/391 3915/1098/391 3952/1098/391 4147/1099/391
f 3915/1098/392 3916/1101/392 3955/1128/392 3952/1098/392
f 3916/1101/393 3917/1078/393 3958/1078/393 3955/1128/393
f 3917/1078/394 3918/1102/394 3961/1129/394 3958/1078/394
f 3918/1102/395 3919/1104/395 3964/1130/395 3961/1129/395
f 3919/1104/396 3920/1114/396 3967/1131/396 3964/1130/396
f 3920/1114/397 3921/1084/397 3970/1132/397 3967/1131/397
f 3921/1084/398 3922/1083/398 3973/1133/398 3970/1132/398
f 3922/1083/399 3923/1054/399 3976/1134/399 3973/1133/399
f 3923/1054/400 3924/1088/400 3979/1088/400 3976/1134/400
f 3924/1088/401 3910/1090/401 3982/1135/401 3979/1088/401
f 3910/1090/402 3911/1091/402 3938/1091/402 3982/1135/402
f 3938/1091/403 3943/1059/403 3942/1059/403 3939/1136/403
f 3939/1136/404 3942/1059/404 3941/1059/404 3940/1136/404
f 3940/1136/405 3941/1059/405 3865/1059/405 3864/1091/405
f 3943/1059/406 4146/1060/406 4149/1060/406 3942/1059/406
f 3942/1059/407 4149/1060/407 4148/1060/407 3941/1059/407
f 3941/1059/408 4148/1060/408 4132/1060/408 3865/1059/408
f 3913/1123/409 3937/1127/409 4195/1127/409 4191/1123/409
f 4105/1119/410 3899/1137/410 4189/1137/410 4228/1119/410
f 3881/1138/409 3930/1127/409 4196/1127/409 4186/1138/409
f 4063/1139/356 4062/1140/356 4223/1140/356 4222/1139/356
f 3899/1137/411 4139/1141/411 4188/1141/411 4189/1137/411
f 4062/1140/360 4061/1142/360 4224/1142/360 4223/1140/360
f 4147/1099/412 3952/1098/412 3951/1098/412 4151/1099/412
f 4151/1099/413 3951/1098/413 3950/1098/413 4150/1099/413
f 4150/1099/414 3950/1098/414 3868/1098/414 3867/1099/414
f 3952/1098/415 3955/1128/415 3954/1128/415 3951/1098/415
f 3951/1098/416 3954/1128/416 3953/1101/416 3950/1098/416
f 3950/1098/417 3953/1101/417 3869/1101/417 3868/1098/417
f 3955/1128/418 3958/1078/418 3957/1078/418 3954/1128/418
f 3954/1128/419 3957/1078/419 3956/1078/419 3953/1101/419
f 3953/1101/420 3956/1078/420 3870/1078/420 3869/1101/420
f 3958/1078/421 3961/1129/421 3960/1129/421 3957/1078/421
f 3957/1078/422 3960/1129/422 3959/1102/422 3956/1078/422
f 3956/1078/423 3959/1102/423 3871/1102/423 3870/1078/423
f 3961/1129/424 3964/1130/424 3963/1130/424 3960/1129/424
f 3960/1129/425 3963/1130/425 3962/1104/425 3959/1102/425
f 3959/1102/426 3962/1104/426 3872/1104/426 3871/1102/426
f 3964/1130/427 3967/1131/427 3966/1131/427 3963/1130/427
f 3963/1130/428 3966/1131/428 3965/1114/428 3962/1104/428
f 3962/1104/429 3965/1114/429 3873/1114/429 3872/1104/429
f 3967/1131/430 3970/1132/430 3969/1132/430 3966/1131/430
f 3966/1131/431 3969/1132/431 3968/1084/431 3965/1114/431
f 3965/1114/432 3968/1084/432 3874/1084/432 3873/1114/432
f 3970/1132/433 3973/1133/433 3972/1133/433 3969/1132/433
f 3969/1132/434 3972/1133/434 3971/1083/434 3968/1084/434
f 3968/1084/435 3971/1083/435 3875/1083/435 3874/1084/435
f 3973/1133/436 3976/1134/436 3975/1134/436 3972/1133/436
f 3972/1133/437 3975/1134/437 3974/1054/437 3971/1083/437
f 3971/1083/438 3974/1054/438 3876/1054/438 3875/1083/438
f 3976/1134/439 3979/1088/439 3978/1088/439 3975/1134/439
f 3975/1134/440 3978/1088/440 3977/1088/440 3974/1054/440
f 3974/1054/441 3977/1088/441 3877/1088/441 3876/1054/441
f 3979/1088/442 3982/1135/442 3981/1135/442 3978/1088/442
f 3978/1088/443 3981/1135/443 3980/1090/443 3977/1088/443
f 3977/1088/444 3980/1090/444 3863/1090/444 3877/1088/444
f 3982/1135/445 3938/1091/445 3939/1136/445 3981/1135/445
f 3981/1135/446 3939/1136/446 3940/1136/446 3980/1090/446
f 3980/1090/447 3940/1136/447 3864/1091/447 3863/1090/447
f 4137/1143/448 1546/1144/448 4235/1144/448 4172/1143/448
f 4061/1142/378 4131/1145/378 4178/1145/378 4224/1142/378
f 3882/1077/391 3883/1075/391 3997/1146/391 4153/1147/391
f 3883/1075/392 3884/1073/392 4000/1073/392 3997/1146/392
f 3884/1073/393 3885/1071/393 4003/1071/393 4000/1073/393
f 3885/1071/394 3886/1069/394 4006/1069/394 4003/1071/394
f 3886/1069/395 3887/1067/395 4009/1130/395 4006/1069/395
f 3887/1067/396 3888/1065/396 4012/1065/396 4009/1130/396
f 3888/1065/449 3889/1063/449 4015/1063/449 4012/1065/449
f 3889/1063/398 3890/1061/398 4018/1061/398 4015/1063/398
f 3890/1061/399 3891/1054/399 4021/1134/399 4018/1061/399
f 3891/1054/400 3892/989/400 4024/1148/400 4021/1134/400
f 3892/989/401 3878/988/401 4027/988/401 4024/1148/401
f 3878/988/402 3879/1057/402 3983/1057/402 4027/988/402
f 3983/1057/403 3988/1059/403 3987/1059/403 3984/1149/403
f 3984/1149/404 3987/1059/404 3986/1059/404 3985/1149/404
f 3985/1149/405 3986/1059/405 3820/1059/405 3819/1057/405
f 3988/1059/450 4152/1125/450 4155/1125/450 3987/1059/450
f 3987/1059/407 4155/1125/407 4154/1106/407 3986/1059/407
f 3986/1059/408 4154/1106/408 4136/1106/408 3820/1059/408
f 1544/1150/451 3821/1151/451 4170/1151/451 4234/1150/451
f 4059/1152/380 4060/1153/380 4219/1153/380 4220/1152/380
f 4135/1116/452 2178/1154/452 4237/1154/452 4175/1116/452
f 4058/1155/382 4059/1152/382 4220/1152/382 4221/1155/382
f 2176/1156/453 3844/1124/453 4173/1124/453 4236/1156/453
f 3859/1157/384 4058/1155/384 4221/1155/384 4176/1157/384
f 4153/1147/454 3997/1146/454 3996/1146/454 4157/1147/454
f 4157/1147/413 3996/1146/413 3995/1075/413 4156/1077/413
f 4156/1077/414 3995/1075/414 3823/1075/414 3822/1077/414
f 3997/1146/415 4000/1073/415 3999/1073/415 3996/1146/415
f 3996/1146/416 3999/1073/416 3998/1073/416 3995/1075/416
f 3995/1075/417 3998/1073/417 3824/1073/417 3823/1075/417
f 4000/1073/418 4003/1071/418 4002/1071/418 3999/1073/418
f 3999/1073/419 4002/1071/419 4001/1071/419 3998/1073/419
f 3998/1073/420 4001/1071/420 3825/1071/420 3824/1073/420
f 4003/1071/421 4006/1069/421 4005/1158/421 4002/1071/421
f 4002/1071/422 4005/1158/422 4004/1069/422 4001/1071/422
f 4001/1071/423 4004/1069/423 3826/1069/423 3825/1071/423
f 4006/1069/424 4009/1130/424 4008/1130/424 4005/1158/424
f 4005/1158/455 4008/1130/455 4007/1067/455 4004/1069/455
f 4004/1069/426 4007/1067/426 3827/1067/426 3826/1069/426
f 4009/1130/456 4012/1065/456 4011/1065/456 4008/1130/456
f 4008/1130/428 4011/1065/428 4010/1065/428 4007/1067/428
f 4007/1067/429 4010/1065/429 3828/1065/429 3827/1067/429
f 4012/1065/430 4015/1063/430 4014/1063/430 4011/1065/430
f 4011/1065/431 4014/1063/431 4013/1063/431 4010/1065/431
f 4010/1065/432 4013/1063/432 3829/1063/432 3828/1065/432
f 4015/1063/433 4018/1061/433 4017/1061/433 4014/1063/433
f 4014/1063/434 4017/1061/434 4016/1061/434 4013/1063/434
f 4013/1063/435 4016/1061/435 3830/1061/435 3829/1063/435
f 4018/1061/457 4021/1134/457 4020/1134/457 4017/1061/457
f 4017/1061/437 4020/1134/437 4019/1054/437 4016/1061/437
f 4016/1061/458 4019/1054/458 3831/1054/458 3830/1061/458
f 4021/1134/439 4024/1148/439 4023/1148/439 4020/1134/439
f 4020/1134/440 4023/1148/440 4022/989/440 4019/1054/440
f 4019/1054/441 4022/989/441 3832/989/441 3831/1054/441
f 4024/1148/442 4027/988/442 4026/1159/442 4023/1148/442
f 4023/1148/443 4026/1159/443 4025/988/443 4022/989/443
f 4022/989/444 4025/988/444 3818/988/444 3832/989/444
f 4027/988/445 3983/1057/445 3984/1149/445 4026/1159/445
f 4026/1159/446 3984/1149/446 3985/1149/446 4025/988/446
f 4025/988/447 3985/1149/447 3819/1057/447 3818/988/447
f 3903/1086/459 3904/1085/459 4039/1160/459 4036/1086/459
f 3904/1085/460 3933/1111/460 4042/1161/460 4039/1160/460
f 3933/1111/461 3934/1105/461 4045/1162/461 4042/1161/461
f 3934/1105/462 3905/1103/462 4048/1163/462 4045/1162/462
f 3905/1103/463 3935/1078/463 4051/1078/463 4048/1163/463
f 3935/1078/464 3936/1053/464 4054/1053/464 4051/1078/464
f 3936/1053/465 3906/1052/465 4057/1164/465 4054/1053/465
f 3906/1052/466 4145/1100/466 4158/1165/466 4057/1164/466
f 4133/1080/467 3418/1166/467 4241/1166/467 4181/1080/467
f 3937/1127/390 4063/1139/390 4222/1139/390 4195/1127/390
f 4143/1094/468 3908/1093/468 4066/1167/468 4159/1133/468
f 3908/1093/469 3909/1092/469 4069/1168/469 4066/1167/469
f 3909/1092/470 3902/1090/470 4072/1135/470 4069/1168/470
f 3902/1090/471 3931/1089/471 4028/1089/471 4072/1135/471
f 4028/1089/472 4033/1059/472 4032/1059/472 4029/1089/472
f 4029/1089/473 4032/1059/473 4031/1087/473 4030/1089/473
f 4030/1089/474 4031/1087/474 3850/1087/474 3849/1089/474
f 4033/1059/475 4036/1086/475 4035/1086/475 4032/1059/475
f 4032/1059/476 4035/1086/476 4034/1086/476 4031/1087/476
f 4031/1087/477 4034/1086/477 3851/1086/477 3850/1087/477
f 4036/1086/478 4039/1160/478 4038/1160/478 4035/1086/478
f 4035/1086/479 4038/1160/479 4037/1085/479 4034/1086/479
f 4034/1086/480 4037/1085/480 3852/1085/480 3851/1086/480
f 4039/1160/481 4042/1161/481 4041/1169/481 4038/1160/481
f 4038/1160/482 4041/1169/482 4040/1111/482 4037/1085/482
f 4037/1085/483 4040/1111/483 3853/1111/483 3852/1085/483
f 4042/1161/484 4045/1162/484 4044/1162/484 4041/1169/484
f 4041/1169/485 4044/1162/485 4043/1105/485 4040/1111/485
f 4040/1111/486 4043/1105/486 3854/1105/486 3853/1111/486
f 4045/1162/487 4048/1163/487 4047/1163/487 4044/1162/487
f 4044/1162/488 4047/1163/488 4046/1103/488 4043/1105/488
f 4043/1105/489 4046/1103/489 3855/1103/489 3854/1105/489
f 4048/1163/490 4051/1078/490 4050/1078/490 4047/1163/490
f 4047/1163/491 4050/1078/491 4049/1078/491 4046/1103/491
f 4046/1103/492 4049/1078/492 3856/1078/492 3855/1103/492
f 4051/1078/493 4054/1053/493 4053/1053/493 4050/1078/493
f 4050/1078/494 4053/1053/494 4052/1053/494 4049/1078/494
f 4049/1078/495 4052/1053/495 3857/1053/495 3856/1078/495
f 4054/1053/496 4057/1164/496 4056/1164/496 4053/1053/496
f 4053/1053/497 4056/1164/497 4055/1052/497 4052/1053/497
f 4052/1053/498 4055/1052/498 3858/1052/498 3857/1053/498
f 4057/1164/499 4158/1165/499 4161/1165/499 4056/1164/499
f 4056/1164/500 4161/1165/500 4160/1100/500 4055/1052/500
f 4055/1052/501 4160/1100/501 4130/1100/501 3858/1052/501
f 3416/1170/451 3866/1117/451 4179/1117/451 4240/1170/451
f 4060/1153/502 3907/1126/502 4197/1126/502 4219/1153/502
f 4131/1145/452 2802/1171/452 4239/1171/452 4178/1145/452
f 3994/1172/503 3993/1173/503 4214/1173/503 4213/1172/503
f 2800/1174/453 3859/1157/453 4176/1157/453 4238/1174/453
f 3993/1173/504 3992/1175/504 4215/1175/504 4214/1173/504
f 4159/1133/505 4066/1167/505 4065/1167/505 4163/1133/505
f 4163/1133/506 4065/1167/506 4064/1093/506 4162/1094/506
f 4162/1094/507 4064/1093/507 3861/1093/507 3860/1094/507
f 4066/1167/508 4069/1168/508 4068/1168/508 4065/1167/508
f 4065/1167/509 4068/1168/509 4067/1092/509 4064/1093/509
f 4064/1093/510 4067/1092/510 3862/1092/510 3861/1093/510
f 4069/1168/511 4072/1135/511 4071/1135/511 4068/1168/511
f 4068/1168/512 4071/1135/512 4070/1090/512 4067/1092/512
f 4067/1092/513 4070/1090/513 3848/1090/513 3862/1092/513
f 4072/1135/514 4028/1089/514 4029/1089/514 4071/1135/514
f 4071/1135/515 4029/1089/515 4030/1089/515 4070/1090/515
f 4070/1090/516 4030/1089/516 3849/1089/516 3848/1090/516
f 3894/1060/459 3895/1062/459 4084/1160/459 4081/1060/459
f 3895/1062/517 3896/1064/517 4087/1176/517 4084/1160/517
f 3896/1064/461 3927/1066/461 4090/1177/461 4087/1176/461
f 3927/1066/462 3928/1068/462 4093/1068/462 4090/1177/462
f 3928/1068/463 3897/1070/463 4096/1178/463 4093/1068/463
f 3897/1070/464 3929/1072/464 4099/1072/464 4096/1178/464
f 3929/1072/465 3898/1074/465 4102/1179/465 4099/1072/465
f 3898/1074/466 4138/1076/466 4164/1131/466 4102/1179/466
f 3418/1166/518 3417/1113/518 4183/1113/518 4241/1166/518
f 3992/1175/355 4137/1143/355 4172/1143/355 4215/1175/355
f 4140/1109/468 3900/1110/468 4111/1180/468 4165/1133/468
f 3900/1110/469 3901/1056/469 4114/1056/469 4111/1180/469
f 3901/1056/470 3925/1055/470 4117/1055/470 4114/1056/470
f 3925/1055/471 3893/1058/471 4073/1058/471 4117/1055/471
f 4073/1058/472 4078/1059/472 4077/1059/472 4074/1136/472
f 4074/1136/473 4077/1059/473 4076/1059/473 4075/1136/473
f 4075/1136/474 4076/1059/474 3835/1059/474 3834/1058/474
f 4078/1059/475 4081/1060/475 4080/1060/475 4077/1059/475
f 4077/1059/476 4080/1060/476 4079/1060/476 4076/1059/476
f 4076/1059/519 4079/1060/519 3836/1060/519 3835/1059/519
f 4081/1060/478 4084/1160/478 4083/1160/478 4080/1060/478
f 4080/1060/479 4083/1160/479 4082/1062/479 4079/1060/479
f 4079/1060/480 4082/1062/480 3837/1062/480 3836/1060/480
f 4084/1160/481 4087/1176/481 4086/1176/481 4083/1160/481
f 4083/1160/482 4086/1176/482 4085/1064/482 4082/1062/482
f 4082/1062/483 4085/1064/483 3838/1064/483 3837/1062/483
f 4087/1176/520 4090/1177/520 4089/1177/520 4086/1176/520
f 4086/1176/485 4089/1177/485 4088/1066/485 4085/1064/485
f 4085/1064/521 4088/1066/521 3839/1066/521 3838/1064/521
f 4090/1177/487 4093/1068/487 4092/1068/487 4089/1177/487
f 4089/1177/522 4092/1068/522 4091/1068/522 4088/1066/522
f 4088/1066/489 4091/1068/489 3840/1068/489 3839/1066/489
f 4093/1068/490 4096/1178/490 4095/1178/490 4092/1068/490
f 4092/1068/491 4095/1178/491 4094/1070/491 4091/1068/491
f 4091/1068/492 4094/1070/492 3841/1070/492 3840/1068/492
f 4096/1178/493 4099/1072/493 4098/1072/493 4095/1178/493
f 4095/1178/494 4098/1072/494 4097/1072/494 4094/1070/494
f 4094/1070/495 4097/1072/495 3842/1072/495 3841/1070/495
f 4099/1072/496 4102/1179/496 4101/1179/496 4098/1072/496
f 4098/1072/497 4101/1179/497 4100/1074/497 4097/1072/497
f 4097/1072/498 4100/1074/498 3843/1074/498 3842/1072/498
f 4102/1179/499 4164/1131/499 4167/1131/499 4101/1179/499
f 4101/1179/500 4167/1131/500 4166/1076/500 4100/1074/500
f 4100/1074/501 4166/1076/501 4134/1076/501 3843/1074/501
f 3417/1113/523 3416/1170/523 4240/1170/523 4183/1113/523
f 3990/1181/359 3991/1182/359 4210/1182/359 4211/1181/359
f 2802/1171/524 2801/1108/524 4182/1108/524 4239/1171/524
f 3989/1183/377 3990/1181/377 4211/1181/377 4212/1183/377
f 2801/1108/525 2800/1174/525 4238/1174/525 4182/1108/525
f 3821/1151/379 3989/1183/379 4212/1183/379 4170/1151/379
f 4165/1133/505 4111/1180/505 4110/1180/505 4169/1133/505
f 4169/1133/506 4110/1180/506 4109/1110/506 4168/1109/506
f 4168/1109/507 4109/1110/507 3846/1110/507 3845/1109/507
f 4111/1180/508 4114/1056/508 4113/1056/508 4110/1180/508
f 4110/1180/509 4113/1056/509 4112/1056/509 4109/1110/509
f 4109/1110/510 4112/1056/510 3847/1056/510 3846/1110/510
f 4114/1056/511 4117/1055/511 4116/1055/511 4113/1056/511
f 4113/1056/512 4116/1055/512 4115/1055/512 4112/1056/512
f 4112/1056/513 4115/1055/513 3833/1055/513 3847/1056/513
f 4117/1055/514 4073/1058/514 4074/1136/514 4116/1055/514
f 4116/1055/515 4074/1136/515 4075/1136/515 4115/1055/515
f 4115/1055/516 4075/1136/516 3834/1058/516 3833/1055/516
f 1544/1150/174 1545/1184/174 4119/1107/174 4118/1106/174
f 1545/1184/175 1546/1144/175 4120/1077/175 4119/1107/175
f 2176/1156/182 2177/1108/182 4122/1108/182 4121/1076/182
f 2177/1108/183 2178/1154/183 4123/1109/183 4122/1108/183
f 2800/1174/182 2801/1108/182 4125/1112/182 4124/1100/182
f 2801/1108/183 2802/1171/183 4126/1094/183 4125/1112/183
f 3416/1170/174 3417/1113/174 4128/1113/174 4127/1060/174
f 3417/1113/175 3418/1166/175 4129/1099/175 4128/1113/175
f 3859/1157/526 2800/1174/526 4124/1100/526 4130/1100/526
f 2802/1171/527 4131/1145/527 3860/1094/527 4126/1094/527
f 3866/1117/528 3416/1170/528 4127/1060/528 4132/1060/528
f 3418/1166/529 4133/1080/529 3867/1099/529 4129/1099/529
f 3844/1124/526 2176/1156/526 4121/1076/526 4134/1076/526
f 2178/1154/527 4135/1116/527 3845/1109/527 4123/1109/527
f 3821/1151/528 1544/1150/528 4118/1106/528 4136/1106/528
f 1546/1144/529 4137/1143/529 3822/1077/529 4120/1077/529
f 4139/1141/530 3899/1137/530 4138/1076/530 3882/1077/530
f 3930/1127/531 3881/1138/531 4141/1106/531 4140/1109/531
f 3937/1127/531 3913/1123/531 4142/1060/531 4143/1094/531
f 4144/1120/530 3907/1126/530 4145/1100/530 3914/1099/530
f 3913/1123/532 3946/1096/532 4146/1060/532 4142/1060/532
f 3949/1121/533 4144/1120/533 3914/1099/533 4147/1099/533
f 3944/1115/534 3866/1117/534 4132/1060/534 4148/1060/534
f 3945/1095/535 3944/1115/535 4148/1060/535 4149/1060/535
f 3946/1096/536 3945/1095/536 4149/1060/536 4146/1060/536
f 4133/1080/537 3947/1079/537 4150/1099/537 3867/1099/537
f 3947/1079/538 3948/1185/538 4151/1099/538 4150/1099/538
f 3948/1185/539 3949/1121/539 4147/1099/539 4151/1099/539
f 3881/1138/532 3991/1182/532 4152/1125/532 4141/1106/532
f 3994/1172/533 4139/1141/533 3882/1077/533 4153/1147/533
f 3989/1183/534 3821/1151/534 4136/1106/534 4154/1106/534
f 3990/1181/535 3989/1183/535 4154/1106/535 4155/1125/535
f 3991/1182/540 3990/1181/540 4155/1125/540 4152/1125/540
f 4137/1143/537 3992/1175/537 4156/1077/537 3822/1077/537
f 3992/1175/538 3993/1173/538 4157/1147/538 4156/1077/538
f 3993/1173/539 3994/1172/539 4153/1147/539 4157/1147/539
f 3907/1126/541 4060/1153/541 4158/1165/541 4145/1100/541
f 4063/1139/542 3937/1127/542 4143/1094/542 4159/1133/542
f 4058/1155/543 3859/1157/543 4130/1100/543 4160/1100/543
f 4059/1152/544 4058/1155/544 4160/1100/544 4161/1165/544
f 4060/1153/545 4059/1152/545 4161/1165/545 4158/1165/545
f 4131/1145/546 4061/1142/546 4162/1094/546 3860/1094/546
f 4061/1142/547 4062/1140/547 4163/1133/547 4162/1094/547
f 4062/1140/548 4063/1139/548 4159/1133/548 4163/1133/548
f 3899/1137/541 4105/1119/541 4164/1131/541 4138/1076/541
f 4108/1081/542 3930/1127/542 4140/1109/542 4165/1133/542
f 4103/1122/543 3844/1124/543 4134/1076/543 4166/1076/543
f 4104/1118/544 4103/1122/544 4166/1076/544 4167/1131/544
f 4105/1119/545 4104/1118/545 4167/1131/545 4164/1131/545
f 4135/1116/546 4106/1097/546 4168/1109/546 3845/1109/546
f 4106/1097/549 4107/1082/549 4169/1133/549 4168/1109/549
f 4107/1082/550 4108/1081/550 4165/1133/550 4169/1133/550
f 3948/1185/504 3947/1079/504 4206/1079/504 4205/1185/504
f 1545/1184/523 1544/1150/523 4234/1150/523 4185/1184/523
f 3949/1121/503 3948/1185/503 4205/1185/503 4204/1121/503
f 1546/1144/518 1545/1184/518 4185/1184/518 4235/1144/518
f 3991/1182/383 3881/1138/383 4186/1138/383 4210/1182/383
f 2177/1108/525 2176/1156/525 4236/1156/525 4184/1108/525
f 4139/1141/574 3994/1172/574 4213/1172/574 4188/1141/574
f 2178/1154/524 2177/1108/524 4184/1108/524 4237/1154/524
f 4383/1189/3 4386/1190/3 4991/1190/3 4996/1189/3
f 4394/1191/4 4405/1192/4 4276/1192/4 4267/1191/4
f 4391/1193/18 4389/1194/18 4997/1194/18 4992/1193/18
f 4397/1195/4 4396/1196/4 4268/1196/4 4271/1195/4
f 4976/813/3 4983/805/3 4984/1197/3 4977/1198/3
f 4402/1201/8 4404/1202/8 4277/1202/8 4266/1201/8
f 4393/1203/1 4382/1204/1 4994/1204/1 4990/1203/1
f 4400/1205/8 4401/1206/8 4272/1206/8 4269/1205/8
f 4382/1204/575 4383/1189/575 4996/1189/575 4994/1204/575
f 4254/1207/4 4264/1208/4 4425/1208/4 4406/1207/4
f 4248/1209/4 4252/1210/4 4416/1210/4 4427/1209/4
f 4397/1195/1 4401/1206/1 4983/805/1 4976/1211/1
f 4244/1212/14 4257/1213/14 4422/1213/14 4426/1212/14
f 4265/1214/576 4255/1215/576 4409/1215/576 4421/1214/576
f 4249/1216/577 4245/1217/577 4414/1217/577 4413/1216/577
f 4403/1218/5 4405/1192/5 4977/1219/5 4984/1197/5
f 4247/1220/4 4253/1221/4 4419/1221/4 4420/1220/4
f 4263/1222/8 4262/1223/8 4418/1223/8 4424/1222/8
f 4251/1224/8 4244/1212/8 4426/1212/8 4411/1224/8
f 4252/1210/4 4249/1216/4 4413/1216/4 4416/1210/4
f 4261/1225/8 4258/1226/8 4423/1226/8 4417/1225/8
f 4286/1227/4 4287/1228/4 4430/1228/4 4431/1227/4
f 4403/1218/8 4402/1201/8 4266/1201/8 4275/1218/8
f 4401/1206/18 4397/1195/18 4271/1195/18 4272/1206/18
f 4396/1196/4 4398/1242/4 4273/1242/4 4268/1196/4
f 4405/1192/18 4403/1218/18 4275/1218/18 4276/1192/18
f 4398/1242/578 4399/1243/578 4274/1243/578 4273/1242/578
f 4399/1243/8 4400/1205/8 4269/1205/8 4274/1243/8
f 4395/1244/4 4394/1191/4 4267/1191/4 4270/1244/4
f 4404/1202/579 4395/1244/579 4270/1244/579 4277/1202/579
f 4308/1258/584 4307/1259/584 4451/1259/584 4452/1258/584
f 4309/1260/8 4308/1258/8 4452/1258/8 4453/1260/8
f 4290/1251/8 4291/1250/8 4434/1250/8 4435/1251/8
f 4289/1249/3 4286/1227/3 4431/1227/3 4432/1249/3
f 4293/1253/3 4290/1251/3 4435/1251/3 4436/1253/3
f 4287/1228/18 4288/1248/18 4433/1248/18 4430/1228/18
f 4291/1250/18 4292/1252/18 4437/1252/18 4434/1250/18
f 4288/1248/8 4289/1249/8 4432/1249/8 4433/1248/8
f 4292/1252/4 4293/1253/4 4436/1253/4 4437/1252/4
f 4985/797/18 4980/788/18 4311/1200/18 4310/1199/18
f 4980/788/18 4979/1287/18 4312/1288/18 4311/1200/18
f 4979/1287/18 4986/1289/18 4313/1290/18 4312/1288/18
f 4986/1289/18 4985/797/18 4310/1199/18 4313/1290/18
f 4322/1293/3 4325/1291/3 4329/1291/3 4326/1293/3
f 4329/1291/591 4328/1292/591 4332/1292/591 4333/1291/591
f 4323/1294/3 4322/1293/3 4326/1293/3 4327/1294/3
f 4325/1291/3 4324/1292/3 4328/1292/3 4329/1291/3
f 4324/1292/3 4323/1294/3 4327/1294/3 4328/1292/3
f 4331/1294/18 4330/1293/18 4333/1291/18 4332/1292/18
f 4328/1292/592 4327/1294/592 4331/1294/592 4332/1292/592
f 4326/1293/593 4329/1291/593 4333/1291/593 4330/1293/593
f 4327/1294/594 4326/1293/594 4330/1293/594 4331/1294/594
f 4254/1207/605 4255/1215/605 4979/1335/605 4978/1336/605
f 4256/1337/1 4257/1213/1 4976/1211/1 4981/1338/1
f 4260/1339/606 4259/1340/606 4980/1341/606 4985/797/606
f 4258/1226/1 4261/1225/1 4982/1342/1 4983/805/1
f 4262/1223/5 4263/1222/5 4984/1197/5 4987/1343/5
f 4255/1215/605 4265/1214/605 4986/1289/605 4979/1335/605
f 4264/1208/5 4254/1207/5 4978/1336/5 4977/1219/5
f 4259/1340/606 4256/1337/606 4981/1338/606 4980/1341/606
f 4261/1225/606 4260/1339/606 4985/797/606 4982/1342/606
f 4265/1214/605 4262/1223/605 4987/1343/605 4986/1289/605
f 4243/1344/605 4250/1345/605 4394/1191/605 4395/1244/605
f 4244/1212/1 4251/1224/1 4396/1196/1 4397/1195/1
f 4245/1217/606 4249/1216/606 4399/1243/606 4398/1242/606
f 4252/1210/1 4248/1209/1 4401/1206/1 4400/1205/1
f 4246/1346/5 4253/1221/5 4402/1201/5 4403/1218/5
f 4247/1220/605 4243/1344/605 4395/1244/605 4404/1202/605
f 4250/1345/5 4242/1347/5 4405/1192/5 4394/1191/5
f 4251/1224/606 4245/1217/606 4398/1242/606 4396/1196/606
f 4249/1216/606 4252/1210/606 4400/1205/606 4399/1243/606
f 4253/1221/605 4247/1220/605 4404/1202/605 4402/1201/605
f 4257/1213/1 4244/1212/1 4397/1195/1 4976/1211/1
f 4248/1209/1 4258/1226/1 4983/805/1 4401/1206/1
f 4263/1222/5 4246/1346/5 4403/1218/5 4984/1197/5
f 4242/1347/5 4264/1208/5 4977/1219/5 4405/1192/5
f 4258/1226/17 4248/1209/17 4427/1209/17 4423/1226/17
f 4253/1221/4 4246/1346/4 4428/1346/4 4419/1221/4
f 4256/1337/4 4259/1340/4 4415/1340/4 4410/1337/4
f 4246/1346/17 4263/1222/17 4424/1222/17 4428/1346/17
f 4255/1215/4 4254/1207/4 4406/1207/4 4409/1215/4
f 4243/1344/615 4247/1220/615 4420/1220/615 4408/1344/615
f 4260/1339/8 4261/1225/8 4417/1225/8 4412/1339/8
f 4264/1208/14 4242/1347/14 4429/1347/14 4425/1208/14
f 4257/1213/4 4256/1337/4 4410/1337/4 4422/1213/4
f 4242/1347/8 4250/1345/8 4407/1345/8 4429/1347/8
f 4262/1223/8 4265/1214/8 4421/1214/8 4418/1223/8
f 4259/1340/616 4260/1339/616 4412/1339/616 4415/1340/616
f 4245/1217/8 4251/1224/8 4411/1224/8 4414/1217/8
f 4250/1345/8 4243/1344/8 4408/1344/8 4407/1345/8
f 4302/1348/617 4303/1349/617 4431/1227/617 4430/1228/617
f 4303/1349/105 4304/1350/105 4432/1249/105 4431/1227/105
f 4305/1351/105 4302/1348/105 4430/1228/105 4433/1248/105
f 4304/1350/617 4305/1351/617 4433/1248/617 4432/1249/617
f 4306/1352/618 4307/1259/618 4435/1251/618 4434/1250/618
f 4307/1259/107 4308/1258/107 4436/1253/107 4435/1251/107
f 4309/1260/107 4306/1352/107 4434/1250/107 4437/1252/107
f 4308/1258/618 4309/1260/618 4437/1252/618 4436/1253/618
f 4305/1351/4 4304/1350/4 4448/1350/4 4449/1351/4
f 4304/1350/619 4303/1349/619 4447/1349/619 4448/1350/619
f 4306/1352/620 4309/1260/620 4453/1260/620 4450/1352/620
f 4307/1259/4 4306/1352/4 4450/1352/4 4451/1259/4
f 4302/1348/621 4305/1351/621 4449/1351/621 4446/1348/621
f 4303/1349/8 4302/1348/8 4446/1348/8 4447/1349/8
f 4477/1256/580 4470/1257/580 4471/1361/580 4475/1364/580
f 4476/1254/581 4472/1255/581 4473/1362/581 4474/1363/581
f 4393/1203/8 4385/1645/8 4976/1211/8 4977/163/8
f 4383/1189/8 4382/1204/8 4978/1646/8 4979/1647/8
f 4386/1190/8 4383/1189/8 4979/1647/8 4980/1341/8
f 4385/1645/8 4384/1648/8 4981/1338/8 4976/1211/8
f 4388/1649/4 4389/1194/4 4983/805/4 4982/1342/4
f 4389/1194/4 4391/1193/4 4984/1197/4 4983/805/4
f 4392/1650/4 4387/1651/4 4985/797/4 4986/1289/4
f 4391/1193/4 4390/1652/4 4987/1343/4 4984/1197/4
f 4382/1204/8 4393/1203/8 4977/163/8 4978/1646/8
f 4384/1648/8 4386/1190/8 4980/1341/8 4981/1338/8
f 4387/1651/4 4388/1649/4 4982/1342/4 4985/797/4
f 4390/1652/4 4392/1650/4 4986/1289/4 4987/1343/4
f 4386/1190/634 4384/1648/634 4995/1648/634 4991/1190/634
f 4387/1651/3 4392/1650/3 4999/1650/3 4998/1651/3
f 4384/1648/5 4385/1645/5 4989/1645/5 4995/1648/5
f 4388/1649/634 4387/1651/634 4998/1651/634 4993/1649/634
f 4385/1645/18 4393/1203/18 4990/1203/18 4989/1645/18
f 4390/1652/1 4391/1193/1 4992/1193/1 4988/1652/1
f 4389/1194/5 4388/1649/5 4993/1649/5 4997/1194/5
f 4392/1650/575 4390/1652/575 4988/1652/575 4999/1650/575
f 4995/1648/5 4989/1645/5 5004/1645/5 5003/1648/5
f 4998/1651/3 4999/1650/3 5011/1650/3 5010/1651/3
f 4991/1190/634 4995/1648/634 5003/1648/634 5013/1653/634 5007/1190/634
f 4996/1189/3 4991/1190/3 5007/1190/3 5006/1189/3
f 4993/1649/634 4998/1651/634 5010/1651/634 5014/1654/634 5000/1649/634
f 4989/1645/18 4990/1203/18 5005/1203/18 5004/1645/18
f 4988/1652/1 4992/1193/1 5009/1193/1 5001/1652/1
f 4997/1194/5 4993/1649/5 5000/1649/5 5008/1194/5
f 4999/1650/575 4988/1652/575 5001/1652/575 5015/1656/575 5011/1650/575
f 4994/1204/575 4996/1189/575 5006/1189/575 5012/1655/575 5002/1204/575
f 4990/1203/1 4994/1204/1 5002/1204/1 5005/1203/1
f 4992/1193/18 4997/1194/18 5008/1194/18 5009/1193/18
f 5016/814/635 5017/1657/635 5019/1658/635 5018/788/635
f 5018/788/636 5019/1658/636 5021/1659/636 5020/793/636
f 5020/793/637 5021/1659/637 5023/1335/637 5022/797/637
f 5022/797/638 5023/1335/638 5025/1660/638 5024/801/638
f 5024/801/639 5025/1660/639 5027/1219/639 5026/805/639
f 5026/805/640 5027/1219/640 5029/1661/640 5028/809/640
f 5019/838/18 5017/835/18 5031/862/18 5029/858/18 5027/854/18 5025/850/18 5023/846/18 5021/842/18
f 5028/809/641 5029/1661/641 5031/1662/641 5030/813/641
f 5030/813/642 5031/1662/642 5017/1663/642 5016/787/642
f 5061/805/640 5059/809/640 5054/809/640 5050/805/640
f 5069/788/636 5067/793/636 5053/793/636 5052/788/636
f 5063/801/639 5061/805/639 5050/805/639 5049/801/639
f 5047/813/642 5040/787/642 5092/787/642 5090/813/642
f 5064/797/638 5063/801/638 5049/801/638 5048/797/638
f 5057/813/642 5070/787/642 5051/787/642 5055/813/642
f 5067/793/637 5064/797/637 5048/797/637 5053/793/637
f 5070/814/635 5069/788/635 5052/788/635 5051/814/635
f 5065/797/641 5066/793/641 5100/793/641 5098/797/641
f 5059/809/641 5057/813/641 5055/813/641 5054/809/641
f 5046/809/641 5047/813/641 5090/813/641 5089/809/641
f 5056/813/637 5058/809/637 5088/809/637 5091/813/637
f 5045/805/640 5046/809/640 5089/809/640 5095/805/640
f 5058/809/636 5060/805/636 5094/805/636 5088/809/636
f 5044/801/639 5045/805/639 5095/805/639 5097/801/639
f 5080/797/653 5081/801/653 5063/801/653 5064/797/653
f 5081/801/654 5082/805/654 5061/805/654 5063/801/654
f 5083/814/655 5084/788/655 5069/788/655 5070/814/655
f 5084/788/656 5085/793/656 5067/793/656 5069/788/656
f 5082/805/657 5086/809/657 5059/809/657 5061/805/657
f 5086/809/658 5087/813/658 5057/813/658 5059/809/658
f 5085/793/659 5080/797/659 5064/797/659 5067/793/659
f 5087/813/660 5083/787/660 5070/787/660 5057/813/660
f 5066/793/640 5068/788/640 5102/788/640 5100/793/640
f 5041/788/18 5040/814/18 5128/814/18 5129/788/18
f 5042/793/18 5041/788/18 5129/788/18 5130/793/18
f 5043/797/18 5042/793/18 5130/793/18 5131/797/18
f 5044/801/18 5043/797/18 5131/797/18 5132/801/18
f 5045/805/18 5044/801/18 5132/801/18 5133/805/18
f 5046/809/18 5045/805/18 5133/805/18 5134/809/18
f 5047/813/18 5046/809/18 5134/809/18 5135/813/18
f 5040/787/18 5047/813/18 5135/813/18 5128/787/18
f 5065/797/18 5062/801/18 5081/801/18 5080/797/18
f 5062/801/18 5060/805/18 5082/805/18 5081/801/18
f 5071/814/18 5068/788/18 5084/788/18 5083/814/18
f 5068/788/18 5066/793/18 5085/793/18 5084/788/18
f 5060/805/18 5058/809/18 5086/809/18 5082/805/18
f 5058/809/18 5056/813/18 5087/813/18 5086/809/18
f 5066/793/18 5065/797/18 5080/797/18 5085/793/18
f 5056/813/18 5071/787/18 5083/787/18 5087/813/18
f 5040/814/635 5041/788/635 5103/788/635 5092/814/635
f 5071/787/638 5056/813/638 5091/813/638 5093/787/638
f 5062/801/642 5065/797/642 5098/797/642 5096/801/642
f 5041/788/636 5042/793/636 5101/793/636 5103/788/636
f 5060/805/635 5062/801/635 5096/801/635 5094/805/635
f 5042/793/637 5043/797/637 5099/797/637 5101/793/637
f 5068/788/639 5071/814/639 5093/814/639 5102/788/639
f 5043/797/638 5044/801/638 5097/801/638 5099/797/638
f 5184/814/635 5185/1657/635 5187/1658/635 5186/788/635
f 5186/788/636 5187/1658/636 5189/1659/636 5188/793/636
f 5188/793/637 5189/1659/637 5191/1335/637 5190/797/637
f 5190/797/638 5191/1335/638 5193/1660/638 5192/801/638
f 5192/801/639 5193/1660/639 5195/1219/639 5194/805/639
f 5194/805/640 5195/1219/640 5197/1661/640 5196/809/640
f 5187/838/18 5185/835/18 5199/862/18 5197/858/18 5195/854/18 5193/850/18 5191/846/18 5189/842/18
f 5196/809/641 5197/1661/641 5199/1662/641 5198/813/641
f 5198/813/642 5199/1662/642 5185/1663/642 5184/787/642
f 5229/805/640 5227/809/640 5222/809/640 5218/805/640
f 5237/788/636 5235/793/636 5221/793/636 5220/788/636
f 5231/801/639 5229/805/639 5218/805/639 5217/801/639
f 5215/813/642 5208/787/642 5260/787/642 5258/813/642
f 5232/797/638 5231/801/638 5217/801/638 5216/797/638
f 5225/813/642 5238/787/642 5219/787/642 5223/813/642
f 5235/793/637 5232/797/637 5216/797/637 5221/793/637
f 5238/814/635 5237/788/635 5220/788/635 5219/814/635
f 5233/797/641 5234/793/641 5268/793/641 5266/797/641
f 5227/809/641 5225/813/641 5223/813/641 5222/809/641
f 5214/809/641 5215/813/641 5258/813/641 5257/809/641
f 5224/813/637 5226/809/637 5256/809/637 5259/813/637
f 5213/805/640 5214/809/640 5257/809/640 5263/805/640
f 5226/809/636 5228/805/636 5262/805/636 5256/809/636
f 5212/801/639 5213/805/639 5263/805/639 5265/801/639
f 5248/797/653 5249/801/653 5231/801/653 5232/797/653
f 5249/801/654 5250/805/654 5229/805/654 5231/801/654
f 5251/814/655 5252/788/655 5237/788/655 5238/814/655
f 5252/788/656 5253/793/656 5235/793/656 5237/788/656
f 5250/805/657 5254/809/657 5227/809/657 5229/805/657
f 5254/809/658 5255/813/658 5225/813/658 5227/809/658
f 5253/793/659 5248/797/659 5232/797/659 5235/793/659
f 5255/813/660 5251/787/660 5238/787/660 5225/813/660
f 5234/793/640 5236/788/640 5270/788/640 5268/793/640
f 5209/788/18 5208/814/18 5296/814/18 5297/788/18
f 5210/793/18 5209/788/18 5297/788/18 5298/793/18
f 5211/797/18 5210/793/18 5298/793/18 5299/797/18
f 5212/801/18 5211/797/18 5299/797/18 5300/801/18
f 5213/805/18 5212/801/18 5300/801/18 5301/805/18
f 5214/809/18 5213/805/18 5301/805/18 5302/809/18
f 5215/813/18 5214/809/18 5302/809/18 5303/813/18
f 5208/787/18 5215/813/18 5303/813/18 5296/787/18
f 5233/797/18 5230/801/18 5249/801/18 5248/797/18
f 5230/801/18 5228/805/18 5250/805/18 5249/801/18
f 5239/814/18 5236/788/18 5252/788/18 5251/814/18
f 5236/788/18 5234/793/18 5253/793/18 5252/788/18
f 5228/805/18 5226/809/18 5254/809/18 5250/805/18
f 5226/809/18 5224/813/18 5255/813/18 5254/809/18
f 5234/793/18 5233/797/18 5248/797/18 5253/793/18
f 5224/813/18 5239/787/18 5251/787/18 5255/813/18
f 5208/814/635 5209/788/635 5271/788/635 5260/814/635
f 5239/787/638 5224/813/638 5259/813/638 5261/787/638
f 5230/801/642 5233/797/642 5266/797/642 5264/801/642
f 5209/788/636 5210/793/636 5269/793/636 5271/788/636
f 5228/805/635 5230/801/635 5264/801/635 5262/805/635
f 5210/793/637 5211/797/637 5267/797/637 5269/793/637
f 5236/788/639 5239/814/639 5261/814/639 5270/788/639
f 5211/797/638 5212/801/638 5265/801/638 5267/797/638
f 5370/1677/3 5369/1678/3 5366/1678/3 5367/1677/3
f 5369/1678/1 5371/1680/1 5368/1680/1 5366/1678/1
f 5370/1677/8 5373/1681/8 5371/1680/8 5369/1678/8
f 5371/1680/1 5372/1682/1 5477/1682/1 5368/1680/1
f 5371/1680/667 5373/1681/667 5374/1683/667 5372/1682/667
f 5376/1684/668 5374/1685/668 5373/1681/668 5375/1686/668
f 5373/1681/669 5370/1677/669 5378/1687/669 5375/1686/669
f 5375/1688/670 5377/1689/670 5467/1690/670 5376/1691/670
f 5379/1692/5 5377/1689/5 5375/1688/5 5378/1693/5
f 5378/1687/3 5370/1677/3 5367/1677/3 5380/1687/3
f 5379/1692/3 5378/1693/3 5380/1693/3 5382/1692/3
f 5387/1697/3 5379/1692/3 5382/1692/3 5384/1697/3
f 5388/1699/3 5387/1700/3 5384/1700/3 5385/1699/3
f 5388/1699/5 5391/1702/5 5389/1703/5 5387/1700/5
f 5387/1697/672 5389/1703/672 5377/1689/672 5379/1692/672
f 5392/1704/673 5390/1705/673 5389/1703/673 5391/1702/673
f 5390/1705/674 5467/1705/674 5377/1689/674 5389/1703/674
f 5394/1704/675 5392/1704/675 5391/1702/675 5393/1706/675
f 5396/1707/676 5393/1706/676 5391/1702/676 5388/1699/676
f 5471/1708/677 5394/1709/677 5393/1706/677 5395/1710/677
f 5398/1711/5 5395/1710/5 5393/1706/5 5396/1707/5
f 5396/1707/3 5388/1699/3 5385/1699/3 5397/1707/3
f 5398/1711/3 5396/1707/3 5397/1707/3 5399/1711/3
f 5400/1712/3 5398/1713/3 5399/1713/3 5403/1712/3
f 5400/1712/678 5402/1714/678 5395/1715/678 5398/1713/678
f 5401/1716/3 5400/1717/3 5403/1717/3 5405/1716/3
f 5401/1716/4 5411/1718/4 5402/1719/4 5400/1717/4
f 5411/1718/1 5401/1716/1 5405/1716/1 5408/1718/1
f 5412/1726/1 5411/1718/1 5408/1718/1 5410/1726/1
f 5412/1726/681 5413/1728/681 5402/1719/681 5411/1718/681
f 5372/1729/1 5412/1730/1 5410/1730/1 5477/1729/1
f 5412/1730/18 5372/1729/18 5452/1731/18 5414/1732/18
f 5415/1733/18 5416/1734/18 5413/1735/18 5412/1730/18
f 5417/1736/18 5415/1733/18 5412/1730/18 5414/1732/18
f 5416/1734/8 5415/1733/8 5418/1733/8 5419/1734/8
f 5415/1733/682 5417/1736/682 5420/1736/682 5418/1733/682
f 5417/1736/4 5422/1737/4 5421/1737/4 5420/1736/4
f 5422/1737/678 5424/1738/678 5423/1738/678 5421/1737/678
f 5424/1738/683 5427/1740/683 5426/1740/683 5423/1738/683
f 5427/1740/684 5430/1742/684 5429/1742/684 5426/1740/684
f 5430/1742/5 5435/1744/5 5432/1744/5 5429/1742/5
f 5435/1744/685 5436/1747/685 5434/1747/685 5432/1744/685
f 5436/1747/18 5435/1744/18 5437/1748/18 5438/1749/18
f 5435/1744/18 5430/1742/18 5439/1750/18 5437/1748/18
f 5430/1742/18 5427/1740/18 5445/1753/18 5439/1750/18
f 5427/1740/18 5424/1738/18 5446/1754/18 5445/1753/18
f 5424/1738/18 5422/1737/18 5447/1755/18 5446/1754/18
f 5422/1737/18 5417/1736/18 5414/1732/18 5447/1755/18
f 5454/1756/18 5455/1757/18 5453/1751/18 5452/1731/18
f 5456/1758/18 5454/1756/18 5452/1731/18 5372/1729/18
f 5455/1757/8 5454/1756/8 5457/1756/8 5458/1757/8
f 5454/1756/694 5456/1758/694 5459/1758/694 5457/1756/694
f 5456/1758/4 5462/1759/4 5460/1759/4 5459/1758/4
f 5462/1759/695 5463/1760/695 5461/1760/695 5460/1759/695
f 5463/1760/18 5462/1759/18 5374/1762/18 5376/1763/18
f 5462/1759/18 5456/1758/18 5372/1729/18 5374/1762/18
f 5463/1760/696 5464/1746/696 5465/1746/696 5461/1760/696
f 5464/1746/18 5463/1760/18 5376/1763/18 5467/1764/18
f 5464/1746/697 5466/1745/697 5433/1745/697 5465/1746/697
f 5466/1745/18 5464/1746/18 5467/1764/18 5390/1765/18
f 5466/1745/1 5468/1743/1 5431/1743/1 5433/1745/1
f 5468/1743/18 5466/1745/18 5390/1765/18 5392/1766/18
f 5468/1743/698 5469/1741/698 5428/1741/698 5431/1743/698
f 5469/1741/18 5468/1743/18 5392/1766/18 5394/1767/18
f 5469/1741/699 5470/1739/699 5425/1739/699 5428/1741/699
f 5470/1739/18 5469/1741/18 5394/1767/18 5471/1768/18
f 5470/1739/700 5416/1734/700 5419/1734/700 5425/1739/700
f 5416/1734/18 5470/1739/18 5471/1768/18 5413/1735/18
f 5413/1769/701 5471/1770/701 5395/1715/701 5402/1714/701
f 5473/1761/669 5455/1757/669 5458/1757/669 5472/1761/669
f 5436/1747/702 5473/1761/702 5472/1761/702 5434/1747/702
f 5455/1757/18 5473/1761/18 5474/1752/18 5453/1751/18
f 5473/1761/18 5436/1747/18 5438/1749/18 5474/1752/18
f 5563/1842/5 5565/1843/5 5561/1843/5 5560/1842/5
f 5564/1845/3 5563/1842/3 5560/1842/3 5562/1845/3
f 5564/1845/4 5567/1847/4 5565/1843/4 5563/1842/4
f 5565/1843/5 5566/1848/5 5745/1848/5 5561/1843/5
f 5565/1843/681 5567/1847/681 5568/1849/681 5566/1848/681
f 5570/1850/720 5568/1851/720 5567/1847/720 5569/1852/720
f 5567/1847/695 5564/1845/695 5572/1853/695 5569/1852/695
f 5569/1854/721 5571/1855/721 5590/1856/721 5570/1857/721
f 5574/1858/1 5571/1855/1 5569/1854/1 5572/1859/1
f 5574/1858/3 5572/1859/3 5573/1859/3 5576/1858/3
f 5572/1853/3 5564/1845/3 5562/1845/3 5573/1853/3
f 5575/1860/3 5574/1858/3 5576/1858/3 5578/1860/3
f 5575/1860/722 5588/1861/722 5571/1855/722 5574/1858/722
f 5583/1865/3 5575/1866/3 5578/1866/3 5580/1865/3
f 5584/1868/3 5583/1865/3 5580/1865/3 5581/1868/3
f 5583/1865/1 5585/1870/1 5588/1861/1 5575/1866/1
f 5584/1868/724 5587/1871/724 5585/1870/724 5583/1865/724
f 5586/1872/725 5589/1873/725 5588/1861/725 5585/1870/725
f 5604/1874/726 5586/1875/726 5585/1870/726 5587/1871/726
f 5589/1873/727 5590/1856/727 5571/1855/727 5588/1861/727
f 5591/1876/18 5592/1877/18 5590/1856/18 5589/1873/18
f 5593/1878/18 5591/1876/18 5589/1873/18 5586/1875/18
f 5592/1877/685 5591/1876/685 5594/1876/685 5596/1877/685
f 5591/1876/5 5593/1878/5 5597/1878/5 5594/1876/5
f 5593/1878/684 5602/1882/684 5599/1882/684 5597/1878/684
f 5602/1882/683 5603/1884/683 5601/1884/683 5599/1882/683
f 5602/1882/18 5593/1878/18 5586/1875/18 5604/1874/18
f 5603/1884/18 5602/1882/18 5604/1874/18 5605/1886/18
f 5587/1871/728 5607/1887/728 5605/1886/728 5604/1874/728
f 5701/1888/18 5603/1884/18 5605/1886/18 5606/1889/18
f 5606/1890/729 5605/1891/729 5607/1887/729 5608/1892/729
f 5607/1887/700 5609/1893/700 5610/1673/700 5608/1892/700
f 5609/1893/1 5607/1887/1 5587/1871/1 5584/1894/1
f 5610/1673/3 5609/1893/3 5611/1893/3 5612/1673/3
f 5609/1893/3 5584/1894/3 5581/1894/3 5611/1893/3
f 5693/1672/3 5610/1673/3 5612/1673/3 5360/1672/3
f 5693/1672/8 5694/1936/8 5608/1892/8 5610/1673/8
f 5694/1936/5 5693/1672/5 5360/1672/5 5695/1936/5
f 5696/1937/5 5694/1938/5 5695/1938/5 5697/1937/5
f 5608/1892/667 5694/1938/667 5696/1937/667 5606/1939/667
f 5566/1940/5 5696/1941/5 5697/1941/5 5745/1940/5
f 5696/1941/18 5566/1940/18 5714/1942/18 5698/1943/18
f 5699/1944/18 5701/1888/18 5606/1889/18 5696/1941/18
f 5702/1945/18 5699/1944/18 5696/1941/18 5698/1943/18
f 5699/1944/749 5702/1945/749 5703/1945/749 5700/1944/749
f 5701/1888/4 5699/1944/4 5700/1944/4 5744/1888/4
f 5702/1945/8 5704/1946/8 5705/1946/8 5703/1945/8
f 5704/1946/18 5702/1945/18 5698/1943/18 5707/1947/18
f 5704/1946/750 5706/1885/750 5743/1885/750 5705/1946/750
f 5706/1885/18 5704/1946/18 5707/1947/18 5708/1948/18
f 5716/1955/18 5718/1956/18 5715/1949/18 5714/1942/18
f 5719/1957/18 5716/1955/18 5714/1942/18 5566/1940/18
f 5718/1956/4 5716/1955/4 5717/1955/4 5724/1956/4
f 5716/1955/753 5719/1957/753 5720/1957/753 5717/1955/753
f 5719/1957/8 5721/1958/8 5723/1958/8 5720/1957/8
f 5721/1958/18 5719/1957/18 5566/1940/18 5568/1959/18
f 5721/1958/669 5722/1960/669 5725/1960/669 5723/1958/669
f 5722/1960/18 5721/1958/18 5568/1959/18 5570/1857/18
f 5722/1960/702 5592/1877/702 5596/1877/702 5725/1960/702
f 5728/1961/754 5718/1956/754 5724/1956/754 5726/1961/754
f 5729/1881/696 5728/1961/696 5726/1961/696 5727/1881/696
f 5718/1956/18 5728/1961/18 5730/1950/18 5715/1949/18
f 5728/1961/18 5729/1881/18 5731/1951/18 5730/1950/18
f 5729/1881/18 5738/1880/18 5736/1952/18 5731/1951/18
f 5738/1880/18 5739/1879/18 5737/1953/18 5736/1952/18
f 5738/1880/697 5729/1881/697 5727/1881/697 5595/1880/697
f 5739/1879/1 5738/1880/1 5595/1880/1 5598/1879/1
f 5740/1883/698 5739/1879/698 5598/1879/698 5600/1883/698
f 5739/1879/18 5740/1883/18 5741/1954/18 5737/1953/18
f 5706/1885/699 5740/1883/699 5600/1883/699 5743/1885/699
f 5740/1883/18 5706/1885/18 5708/1948/18 5741/1954/18
f 5592/1877/18 5722/1960/18 5570/1857/18 5590/1856/18
f 5603/1884/678 5701/1888/678 5744/1888/678 5601/1884/678
f 5790/1677/3 5789/1678/3 5786/1678/3 5787/1677/3
f 5789/1678/5 5791/1680/5 5788/1680/5 5786/1678/5
f 5790/1677/4 5793/1681/4 5791/1680/4 5789/1678/4
f 5791/1680/5 5792/1682/5 5897/1682/5 5788/1680/5
f 5791/1680/681 5793/1681/681 5794/1683/681 5792/1682/681
f 5796/1684/720 5794/1685/720 5793/1681/720 5795/1686/720
f 5793/1681/695 5790/1677/695 5798/1687/695 5795/1686/695
f 5795/1688/721 5797/1689/721 5887/1690/721 5796/1691/721
f 5799/1692/1 5797/1689/1 5795/1688/1 5798/1693/1
f 5798/1687/3 5790/1677/3 5787/1677/3 5800/1687/3
f 5799/1692/3 5798/1693/3 5800/1693/3 5802/1692/3
f 5807/1697/3 5799/1692/3 5802/1692/3 5804/1697/3
f 5808/1699/3 5807/1700/3 5804/1700/3 5805/1699/3
f 5808/1699/1 5811/1702/1 5809/1703/1 5807/1700/1
f 5807/1697/722 5809/1703/722 5797/1689/722 5799/1692/722
f 5812/1704/725 5810/1705/725 5809/1703/725 5811/1702/725
f 5810/1705/727 5887/1705/727 5797/1689/727 5809/1703/727
f 5814/1704/726 5812/1704/726 5811/1702/726 5813/1706/726
f 5816/1707/724 5813/1706/724 5811/1702/724 5808/1699/724
f 5891/1708/728 5814/1709/728 5813/1706/728 5815/1710/728
f 5818/1711/1 5815/1710/1 5813/1706/1 5816/1707/1
f 5816/1707/3 5808/1699/3 5805/1699/3 5817/1707/3
f 5818/1711/3 5816/1707/3 5817/1707/3 5819/1711/3
f 5820/1712/3 5818/1713/3 5819/1713/3 5823/1712/3
f 5820/1712/700 5822/1714/700 5815/1715/700 5818/1713/700
f 5821/1716/3 5820/1717/3 5823/1717/3 5825/1716/3
f 5821/1716/8 5831/1718/8 5822/1719/8 5820/1717/8
f 5831/1718/5 5821/1716/5 5825/1716/5 5828/1718/5
f 5832/1726/5 5831/1718/5 5828/1718/5 5830/1726/5
f 5832/1726/667 5833/1728/667 5822/1719/667 5831/1718/667
f 5792/1729/5 5832/1730/5 5830/1730/5 5897/1729/5
f 5832/1730/18 5792/1729/18 5872/1731/18 5834/1732/18
f 5835/1733/18 5836/1734/18 5833/1735/18 5832/1730/18
f 5837/1736/18 5835/1733/18 5832/1730/18 5834/1732/18
f 5836/1734/4 5835/1733/4 5838/1733/4 5839/1734/4
f 5835/1733/749 5837/1736/749 5840/1736/749 5838/1733/749
f 5837/1736/8 5842/1737/8 5841/1737/8 5840/1736/8
f 5842/1737/700 5844/1738/700 5843/1738/700 5841/1737/700
f 5844/1738/699 5847/1740/699 5846/1740/699 5843/1738/699
f 5847/1740/698 5850/1742/698 5849/1742/698 5846/1740/698
f 5850/1742/1 5855/1744/1 5852/1744/1 5849/1742/1
f 5855/1744/697 5856/1747/697 5854/1747/697 5852/1744/697
f 5856/1747/18 5855/1744/18 5857/1748/18 5858/1749/18
f 5855/1744/18 5850/1742/18 5859/1750/18 5857/1748/18
f 5850/1742/18 5847/1740/18 5865/1753/18 5859/1750/18
f 5847/1740/18 5844/1738/18 5866/1754/18 5865/1753/18
f 5844/1738/18 5842/1737/18 5867/1755/18 5866/1754/18
f 5842/1737/18 5837/1736/18 5834/1732/18 5867/1755/18
f 5874/1756/18 5875/1757/18 5873/1751/18 5872/1731/18
f 5876/1758/18 5874/1756/18 5872/1731/18 5792/1729/18
f 5875/1757/4 5874/1756/4 5877/1756/4 5878/1757/4
f 5874/1756/753 5876/1758/753 5879/1758/753 5877/1756/753
f 5876/1758/8 5882/1759/8 5880/1759/8 5879/1758/8
f 5882/1759/669 5883/1760/669 5881/1760/669 5880/1759/669
f 5883/1760/18 5882/1759/18 5794/1762/18 5796/1763/18
f 5882/1759/18 5876/1758/18 5792/1729/18 5794/1762/18
f 5883/1760/702 5884/1746/702 5885/1746/702 5881/1760/702
f 5884/1746/18 5883/1760/18 5796/1763/18 5887/1764/18
f 5884/1746/685 5886/1745/685 5853/1745/685 5885/1746/685
f 5886/1745/18 5884/1746/18 5887/1764/18 5810/1765/18
f 5886/1745/5 5888/1743/5 5851/1743/5 5853/1745/5
f 5888/1743/18 5886/1745/18 5810/1765/18 5812/1766/18
f 5888/1743/684 5889/1741/684 5848/1741/684 5851/1743/684
f 5889/1741/18 5888/1743/18 5812/1766/18 5814/1767/18
f 5889/1741/683 5890/1739/683 5845/1739/683 5848/1741/683
f 5890/1739/18 5889/1741/18 5814/1767/18 5891/1768/18
f 5890/1739/678 5836/1734/678 5839/1734/678 5845/1739/678
f 5836/1734/18 5890/1739/18 5891/1768/18 5833/1735/18
f 5833/1769/729 5891/1770/729 5815/1715/729 5822/1714/729
f 5893/1761/695 5875/1757/695 5878/1757/695 5892/1761/695
f 5856/1747/696 5893/1761/696 5892/1761/696 5854/1747/696
f 5875/1757/18 5893/1761/18 5894/1752/18 5873/1751/18
f 5893/1761/18 5856/1747/18 5858/1749/18 5894/1752/18
f 5983/1842/1 5985/1843/1 5981/1843/1 5980/1842/1
f 5984/1845/3 5983/1842/3 5980/1842/3 5982/1845/3
f 5984/1845/8 5987/1847/8 5985/1843/8 5983/1842/8
f 5985/1843/1 5986/1848/1 6165/1848/1 5981/1843/1
f 5985/1843/667 5987/1847/667 5988/1849/667 5986/1848/667
f 5990/1850/668 5988/1851/668 5987/1847/668 5989/1852/668
f 5987/1847/669 5984/1845/669 5992/1853/669 5989/1852/669
f 5989/1854/670 5991/1855/670 6010/1856/670 5990/1857/670
f 5994/1858/5 5991/1855/5 5989/1854/5 5992/1859/5
f 5994/1858/3 5992/1859/3 5993/1859/3 5996/1858/3
f 5992/1853/3 5984/1845/3 5982/1845/3 5993/1853/3
f 5995/1860/3 5994/1858/3 5996/1858/3 5998/1860/3
f 5995/1860/672 6008/1861/672 5991/1855/672 5994/1858/672
f 6003/1865/3 5995/1866/3 5998/1866/3 6000/1865/3
f 6004/1868/3 6003/1865/3 6000/1865/3 6001/1868/3
f 6003/1865/5 6005/1870/5 6008/1861/5 5995/1866/5
f 6004/1868/676 6007/1871/676 6005/1870/676 6003/1865/676
f 6006/1872/673 6009/1873/673 6008/1861/673 6005/1870/673
f 6024/1874/675 6006/1875/675 6005/1870/675 6007/1871/675
f 6009/1873/674 6010/1856/674 5991/1855/674 6008/1861/674
f 6011/1876/18 6012/1877/18 6010/1856/18 6009/1873/18
f 6013/1878/18 6011/1876/18 6009/1873/18 6006/1875/18
f 6012/1877/697 6011/1876/697 6014/1876/697 6016/1877/697
f 6011/1876/1 6013/1878/1 6017/1878/1 6014/1876/1
f 6013/1878/698 6022/1882/698 6019/1882/698 6017/1878/698
f 6022/1882/699 6023/1884/699 6021/1884/699 6019/1882/699
f 6022/1882/18 6013/1878/18 6006/1875/18 6024/1874/18
f 6023/1884/18 6022/1882/18 6024/1874/18 6025/1886/18
f 6007/1871/677 6027/1887/677 6025/1886/677 6024/1874/677
f 6121/1888/18 6023/1884/18 6025/1886/18 6026/1889/18
f 6026/1890/701 6025/1891/701 6027/1887/701 6028/1892/701
f 6027/1887/678 6029/1893/678 6030/1673/678 6028/1892/678
f 6029/1893/5 6027/1887/5 6007/1871/5 6004/1894/5
f 6030/1673/3 6029/1893/3 6031/1893/3 6032/1673/3
f 6029/1893/3 6004/1894/3 6001/1894/3 6031/1893/3
f 6113/1672/3 6030/1673/3 6032/1673/3 5780/1672/3
f 6113/1672/4 6114/1936/4 6028/1892/4 6030/1673/4
f 6114/1936/1 6113/1672/1 5780/1672/1 6115/1936/1
f 6116/1937/1 6114/1938/1 6115/1938/1 6117/1937/1
f 6028/1892/681 6114/1938/681 6116/1937/681 6026/1939/681
f 5986/1940/1 6116/1941/1 6117/1941/1 6165/1940/1
f 6116/1941/18 5986/1940/18 6134/1942/18 6118/1943/18
f 6119/1944/18 6121/1888/18 6026/1889/18 6116/1941/18
f 6122/1945/18 6119/1944/18 6116/1941/18 6118/1943/18
f 6119/1944/682 6122/1945/682 6123/1945/682 6120/1944/682
f 6121/1888/8 6119/1944/8 6120/1944/8 6164/1888/8
f 6122/1945/4 6124/1946/4 6125/1946/4 6123/1945/4
f 6124/1946/18 6122/1945/18 6118/1943/18 6127/1947/18
f 6124/1946/766 6126/1885/766 6163/1885/766 6125/1946/766
f 6126/1885/18 6124/1946/18 6127/1947/18 6128/1948/18
f 6136/1955/18 6138/1956/18 6135/1949/18 6134/1942/18
f 6139/1957/18 6136/1955/18 6134/1942/18 5986/1940/18
f 6138/1956/8 6136/1955/8 6137/1955/8 6144/1956/8
f 6136/1955/694 6139/1957/694 6140/1957/694 6137/1955/694
f 6139/1957/4 6141/1958/4 6143/1958/4 6140/1957/4
f 6141/1958/18 6139/1957/18 5986/1940/18 5988/1959/18
f 6141/1958/695 6142/1960/695 6145/1960/695 6143/1958/695
f 6142/1960/18 6141/1958/18 5988/1959/18 5990/1857/18
f 6142/1960/696 6012/1877/696 6016/1877/696 6145/1960/696
f 6148/1961/669 6138/1956/669 6144/1956/669 6146/1961/669
f 6149/1881/702 6148/1961/702 6146/1961/702 6147/1881/702
f 6138/1956/18 6148/1961/18 6150/1950/18 6135/1949/18
f 6148/1961/18 6149/1881/18 6151/1951/18 6150/1950/18
f 6149/1881/18 6158/1880/18 6156/1952/18 6151/1951/18
f 6158/1880/18 6159/1879/18 6157/1953/18 6156/1952/18
f 6158/1880/685 6149/1881/685 6147/1881/685 6015/1880/685
f 6159/1879/5 6158/1880/5 6015/1880/5 6018/1879/5
f 6160/1883/684 6159/1879/684 6018/1879/684 6020/1883/684
f 6159/1879/18 6160/1883/18 6161/1954/18 6157/1953/18
f 6126/1885/683 6160/1883/683 6020/1883/683 6163/1885/683
f 6160/1883/18 6126/1885/18 6128/1948/18 6161/1954/18
f 6012/1877/18 6142/1960/18 5990/1857/18 6010/1856/18
f 6023/1884/700 6121/1888/700 6164/1888/700 6021/1884/700
usemtl M_Cyan
f 687/476/4 698/481/4 697/471/4 688/472/4
f 685/474/8 692/469/8 691/470/8 686/475/8
f 689/477/4 696/480/4 695/479/4 690/478/4
f 683/468/8 694/466/8 693/467/8 684/473/8
f 896/589/1 895/588/1 898/590/1 897/591/1
f 912/560/5 911/559/5 914/538/5 913/539/5
f 916/602/5 915/601/5 918/603/5 917/604/5
f 924/566/1 923/563/1 926/561/1 925/562/1
f 928/610/1 927/609/1 930/611/1 929/612/1
f 932/614/5 931/613/5 934/615/5 933/616/5
f 1005/647/5 1004/645/5 1007/646/5 1006/648/5
f 1009/650/1 1008/649/1 1011/643/1 1010/644/1
f 1633/996/179 1630/997/179 1629/997/179 1634/959/179
f 1635/973/172 1628/992/172 1627/992/172 1636/973/172
f 1631/991/186 1635/973/186 1636/973/186 1632/949/186
f 1630/997/178 1626/998/178 1625/998/178 1629/997/178
f 1628/992/185 1624/993/185 1623/993/185 1627/992/185
f 1626/998/177 1622/956/177 1621/971/177 1625/998/177
f 1624/993/184 1620/963/184 1619/963/184 1623/993/184
f 1622/956/176 1618/955/176 1617/955/176 1621/971/176
f 1620/963/183 1616/994/183 1615/994/183 1619/963/183
f 1618/955/175 1614/970/175 1613/970/175 1617/955/175
f 1616/994/182 1612/995/182 1611/969/182 1615/994/182
f 1614/970/174 1610/968/174 1609/968/174 1613/970/174
f 1612/995/181 1608/990/181 1607/990/181 1611/969/181
f 1610/968/173 1606/951/173 1605/951/173 1609/968/173
f 1608/990/180 1633/996/180 1634/959/180 1607/990/180
f 1606/951/187 1631/991/187 1632/949/187 1605/951/187
f 2257/996/179 2254/997/179 2253/997/179 2258/959/179
f 2259/973/172 2252/992/172 2251/992/172 2260/973/172
f 2255/991/186 2259/973/186 2260/973/186 2256/949/186
f 2254/997/178 2250/998/178 2249/998/178 2253/997/178
f 2252/992/185 2248/993/185 2247/993/185 2251/992/185
f 2250/998/177 2246/956/177 2245/971/177 2249/998/177
f 2248/993/184 2244/963/184 2243/963/184 2247/993/184
f 2246/956/176 2242/955/176 2241/955/176 2245/971/176
f 2244/963/183 2240/994/183 2239/994/183 2243/963/183
f 2242/955/175 2238/970/175 2237/970/175 2241/955/175
f 2240/994/182 2236/995/182 2235/969/182 2239/994/182
f 2238/970/174 2234/968/174 2233/968/174 2237/970/174
f 2236/995/181 2232/990/181 2231/990/181 2235/969/181
f 2234/968/173 2230/951/173 2229/951/173 2233/968/173
f 2232/990/180 2257/996/180 2258/959/180 2231/990/180
f 2230/951/187 2255/991/187 2256/949/187 2229/951/187
f 2881/996/179 2878/997/179 2877/997/179 2882/959/179
f 2883/973/172 2876/992/172 2875/992/172 2884/973/172
f 2879/991/186 2883/973/186 2884/973/186 2880/949/186
f 2878/997/178 2874/998/178 2873/998/178 2877/997/178
f 2876/992/185 2872/993/185 2871/993/185 2875/992/185
f 2874/998/177 2870/956/177 2869/971/177 2873/998/177
f 2872/993/184 2868/963/184 2867/963/184 2871/993/184
f 2870/956/176 2866/955/176 2865/955/176 2869/971/176
f 2868/963/183 2864/994/183 2863/994/183 2867/963/183
f 2866/955/175 2862/970/175 2861/970/175 2865/955/175
f 2864/994/182 2860/995/182 2859/969/182 2863/994/182
f 2862/970/174 2858/968/174 2857/968/174 2861/970/174
f 2860/995/181 2856/990/181 2855/990/181 2859/969/181
f 2858/968/173 2854/951/173 2853/951/173 2857/968/173
f 2856/990/180 2881/996/180 2882/959/180 2855/990/180
f 2854/951/187 2879/991/187 2880/949/187 2853/951/187
f 3505/996/179 3502/997/179 3501/997/179 3506/959/179
f 3507/973/172 3500/992/172 3499/992/172 3508/973/172
f 3503/991/186 3507/973/186 3508/973/186 3504/949/186
f 3502/997/178 3498/998/178 3497/998/178 3501/997/178
f 3500/992/185 3496/993/185 3495/993/185 3499/992/185
f 3498/998/177 3494/956/177 3493/971/177 3497/998/177
f 3496/993/184 3492/963/184 3491/963/184 3495/993/184
f 3494/956/176 3490/955/176 3489/955/176 3493/971/176
f 3492/963/183 3488/994/183 3487/994/183 3491/963/183
f 3490/955/175 3486/970/175 3485/970/175 3489/955/175
f 3488/994/182 3484/995/182 3483/969/182 3487/994/182
f 3486/970/174 3482/968/174 3481/968/174 3485/970/174
f 3484/995/181 3480/990/181 3479/990/181 3483/969/181
f 3482/968/173 3478/951/173 3477/951/173 3481/968/173
f 3480/990/180 3505/996/180 3506/959/180 3479/990/180
f 3478/951/187 3503/991/187 3504/949/187 3477/951/187
f 4373/1330/580 4372/1329/580 4375/1327/580 4376/1328/580 4374/1331/580
f 4378/1325/581 4377/1326/581 4380/1332/581 4381/1333/581 4379/1334/581
f 4455/1354/622 4454/1356/622 4457/1355/622 4456/1353/622
f 4459/1358/623 4458/1357/623 4461/1360/623 4460/1359/623
f 4889/1509/581 4888/1501/581 4891/1485/581 4890/1486/581
f 4893/1586/596 4892/1585/596 4895/1587/596 4894/1588/596
f 4897/1590/595 4896/1589/595 4899/1591/595 4898/1592/595
f 4901/1594/595 4900/1593/595 4903/1518/595 4902/1519/595
f 4905/1295/595 4904/1296/595 4907/1595/595 4906/1596/595
f 4909/1598/596 4908/1597/596 4911/1599/596 4910/1600/596
f 4913/1602/596 4912/1601/596 4915/1603/596 4914/1604/596
f 4917/1465/595 4916/1426/595 4919/1427/595 4918/1464/595
f 4921/1606/580 4920/1605/580 4923/1607/580 4922/1608/580
f 4925/1610/595 4924/1609/595 4927/1611/595 4926/1612/595
f 4929/1498/595 4928/1482/595 4931/1466/595 4930/1467/595
f 4933/1614/595 4932/1613/595 4935/1615/595 4934/1616/595
f 4937/1618/596 4936/1617/596 4939/1619/596 4938/1620/596
f 4941/1521/581 4940/1507/581 4943/1499/581 4942/1500/581
f 4945/1622/596 4944/1621/596 4947/1623/596 4946/1624/596
f 4949/1626/596 4948/1625/596 4951/1627/596 4950/1628/596
f 4953/1630/581 4952/1629/581 4955/1524/581 4954/1525/581
f 4957/1442/596 4956/1443/596 4959/1631/596 4958/1632/596
f 4961/1634/595 4960/1633/595 4963/1635/595 4962/1636/595
f 4965/1638/595 4964/1637/595 4967/1639/595 4966/1640/595
f 4969/1477/595 4968/1455/595 4971/1386/595 4970/1387/595
f 4973/1642/596 4972/1641/596 4975/1643/596 4974/1644/596
f 5171/805/640 5168/809/640 5169/809/640 5170/805/640
f 5175/797/638 5172/801/638 5173/801/638 5174/797/638
f 5179/788/636 5176/793/636 5177/793/636 5178/788/636
f 5168/809/641 5180/813/641 5181/813/641 5169/809/641
f 5172/801/639 5171/805/639 5170/805/639 5173/801/639
f 5176/793/637 5175/797/637 5174/797/637 5177/793/637
f 5183/814/635 5179/788/635 5178/788/635 5182/814/635
f 5180/813/642 5183/787/642 5182/787/642 5181/813/642
f 5339/805/640 5336/809/640 5337/809/640 5338/805/640
f 5343/797/638 5340/801/638 5341/801/638 5342/797/638
f 5347/788/636 5344/793/636 5345/793/636 5346/788/636
f 5336/809/641 5348/813/641 5349/813/641 5337/809/641
f 5340/801/639 5339/805/639 5338/805/639 5341/801/639
f 5344/793/637 5343/797/637 5342/797/637 5345/793/637
f 5351/814/635 5347/788/635 5346/788/635 5350/814/635
f 5348/813/642 5351/787/642 5350/787/642 5349/813/642
f 5535/1832/8 5533/1831/8 5534/1830/8 5536/1833/8
f 5632/1905/1 5633/1904/1 5635/1907/1 5634/1906/1
f 5675/1923/5 5674/1922/5 5676/1924/5 5677/1925/5
f 5757/1965/4 5759/1967/4 5760/1968/4 5758/1966/4
f 5955/1832/4 5953/1831/4 5954/1830/4 5956/1833/4
f 6052/1905/5 6053/1904/5 6055/1907/5 6054/1906/5
f 6095/1923/1 6094/1922/1 6096/1924/1 6097/1925/1
f 6177/1965/8 6179/1967/8 6180/1968/8 6178/1966/8
usemtl M_Green
f 1637/908/178 1650/907/178 1643/907/178 1378/908/178
f 1354/901/186 1647/900/186 1375/900/186 1376/901/186
f 1647/900/172 1641/915/172 1380/915/172 1375/900/172
f 1638/909/179 1637/908/179 1378/908/179 1644/909/179
f 1355/902/187 1354/901/187 1376/901/187 1653/902/187
f 1651/910/180 1638/909/180 1644/909/180 1656/910/180
f 1648/903/173 1355/902/173 1653/902/173 1642/903/173
f 1358/911/181 1651/910/181 1656/910/181 1657/911/181
f 1356/904/174 1648/903/174 1642/903/174 1654/904/174
f 1639/912/182 1358/911/182 1657/911/182 1379/912/182
f 1649/905/175 1356/904/175 1654/904/175 1655/905/175
f 1652/913/183 1639/912/183 1379/912/183 1645/913/183
f 1357/906/176 1649/905/176 1655/905/176 1377/906/176
f 1640/914/184 1652/913/184 1645/913/184 1646/914/184
f 1650/907/177 1357/906/177 1377/906/177 1643/907/177
f 1641/915/185 1640/914/185 1646/914/185 1380/915/185
f 1793/910/187 1800/909/187 1682/909/187 1688/910/187
f 1795/902/180 1787/901/180 1675/901/180 1685/902/180
f 1801/912/174 1794/911/174 1689/911/174 1678/912/174
f 1796/903/181 1795/902/181 1685/902/181 1680/903/181
f 1789/913/175 1801/912/175 1678/912/175 1683/913/175
f 1791/904/182 1796/903/182 1680/903/182 1686/904/182
f 1787/901/179 1786/900/179 1674/900/179 1675/901/179
f 1788/915/177 1790/914/177 1684/914/177 1679/915/177
f 1797/906/184 1792/905/184 1687/905/184 1676/906/184
f 1786/900/178 1788/915/178 1679/915/178 1674/900/178
f 1798/907/185 1797/906/185 1676/906/185 1681/907/185
f 1790/914/176 1789/913/176 1683/913/176 1684/914/176
f 1799/908/172 1798/907/172 1681/907/172 1677/908/172
f 1792/905/183 1791/904/183 1686/904/183 1687/905/183
f 1800/909/186 1799/908/186 1677/908/186 1682/909/186
f 1794/911/173 1793/910/173 1688/910/173 1689/911/173
f 2261/908/178 2274/907/178 2267/907/178 2002/908/178
f 1978/901/186 2271/900/186 1999/900/186 2000/901/186
f 2271/900/172 2265/915/172 2004/915/172 1999/900/172
f 2262/909/179 2261/908/179 2002/908/179 2268/909/179
f 1979/902/187 1978/901/187 2000/901/187 2277/902/187
f 2275/910/180 2262/909/180 2268/909/180 2280/910/180
f 2272/903/173 1979/902/173 2277/902/173 2266/903/173
f 1982/911/181 2275/910/181 2280/910/181 2281/911/181
f 1980/904/174 2272/903/174 2266/903/174 2278/904/174
f 2263/912/182 1982/911/182 2281/911/182 2003/912/182
f 2273/905/175 1980/904/175 2278/904/175 2279/905/175
f 2276/913/183 2263/912/183 2003/912/183 2269/913/183
f 1981/906/176 2273/905/176 2279/905/176 2001/906/176
f 2264/914/184 2276/913/184 2269/913/184 2270/914/184
f 2274/907/177 1981/906/177 2001/906/177 2267/907/177
f 2265/915/185 2264/914/185 2270/914/185 2004/915/185
f 2417/910/187 2424/909/187 2306/909/187 2312/910/187
f 2419/902/180 2411/901/180 2299/901/180 2309/902/180
f 2425/912/174 2418/911/174 2313/911/174 2302/912/174
f 2420/903/181 2419/902/181 2309/902/181 2304/903/181
f 2413/913/175 2425/912/175 2302/912/175 2307/913/175
f 2415/904/182 2420/903/182 2304/903/182 2310/904/182
f 2411/901/179 2410/900/179 2298/900/179 2299/901/179
f 2412/915/177 2414/914/177 2308/914/177 2303/915/177
f 2421/906/184 2416/905/184 2311/905/184 2300/906/184
f 2410/900/178 2412/915/178 2303/915/178 2298/900/178
f 2422/907/185 2421/906/185 2300/906/185 2305/907/185
f 2414/914/176 2413/913/176 2307/913/176 2308/914/176
f 2423/908/172 2422/907/172 2305/907/172 2301/908/172
f 2416/905/183 2415/904/183 2310/904/183 2311/905/183
f 2424/909/186 2423/908/186 2301/908/186 2306/909/186
f 2418/911/173 2417/910/173 2312/910/173 2313/911/173
f 2885/908/178 2898/907/178 2891/907/178 2626/908/178
f 2602/901/186 2895/900/186 2623/900/186 2624/901/186
f 2895/900/172 2889/915/172 2628/915/172 2623/900/172
f 2886/909/179 2885/908/179 2626/908/179 2892/909/179
f 2603/902/187 2602/901/187 2624/901/187 2901/902/187
f 2899/910/180 2886/909/180 2892/909/180 2904/910/180
f 2896/903/173 2603/902/173 2901/902/173 2890/903/173
f 2606/911/181 2899/910/181 2904/910/181 2905/911/181
f 2604/904/174 2896/903/174 2890/903/174 2902/904/174
f 2887/912/182 2606/911/182 2905/911/182 2627/912/182
f 2897/905/175 2604/904/175 2902/904/175 2903/905/175
f 2900/913/183 2887/912/183 2627/912/183 2893/913/183
f 2605/906/176 2897/905/176 2903/905/176 2625/906/176
f 2888/914/184 2900/913/184 2893/913/184 2894/914/184
f 2898/907/177 2605/906/177 2625/906/177 2891/907/177
f 2889/915/185 2888/914/185 2894/914/185 2628/915/185
f 3041/910/187 3048/909/187 2930/909/187 2936/910/187
f 3043/902/180 3035/901/180 2923/901/180 2933/902/180
f 3049/912/174 3042/911/174 2937/911/174 2926/912/174
f 3044/903/181 3043/902/181 2933/902/181 2928/903/181
f 3037/913/175 3049/912/175 2926/912/175 2931/913/175
f 3039/904/182 3044/903/182 2928/903/182 2934/904/182
f 3035/901/179 3034/900/179 2922/900/179 2923/901/179
f 3036/915/177 3038/914/177 2932/914/177 2927/915/177
f 3045/906/184 3040/905/184 2935/905/184 2924/906/184
f 3034/900/178 3036/915/178 2927/915/178 2922/900/178
f 3046/907/185 3045/906/185 2924/906/185 2929/907/185
f 3038/914/176 3037/913/176 2931/913/176 2932/914/176
f 3047/908/172 3046/907/172 2929/907/172 2925/908/172
f 3040/905/183 3039/904/183 2934/904/183 2935/905/183
f 3048/909/186 3047/908/186 2925/908/186 2930/909/186
f 3042/911/173 3041/910/173 2936/910/173 2937/911/173
f 3509/908/178 3522/907/178 3515/907/178 3250/908/178
f 3226/901/186 3519/900/186 3247/900/186 3248/901/186
f 3519/900/172 3513/915/172 3252/915/172 3247/900/172
f 3510/909/179 3509/908/179 3250/908/179 3516/909/179
f 3227/902/187 3226/901/187 3248/901/187 3525/902/187
f 3523/910/180 3510/909/180 3516/909/180 3528/910/180
f 3520/903/173 3227/902/173 3525/902/173 3514/903/173
f 3230/911/181 3523/910/181 3528/910/181 3529/911/181
f 3228/904/174 3520/903/174 3514/903/174 3526/904/174
f 3511/912/182 3230/911/182 3529/911/182 3251/912/182
f 3521/905/175 3228/904/175 3526/904/175 3527/905/175
f 3524/913/183 3511/912/183 3251/912/183 3517/913/183
f 3229/906/176 3521/905/176 3527/905/176 3249/906/176
f 3512/914/184 3524/913/184 3517/913/184 3518/914/184
f 3522/907/177 3229/906/177 3249/906/177 3515/907/177
f 3513/915/185 3512/914/185 3518/914/185 3252/915/185
f 3665/910/187 3672/909/187 3554/909/187 3560/910/187
f 3667/902/180 3659/901/180 3547/901/180 3557/902/180
f 3673/912/174 3666/911/174 3561/911/174 3550/912/174
f 3668/903/181 3667/902/181 3557/902/181 3552/903/181
f 3661/913/175 3673/912/175 3550/912/175 3555/913/175
f 3663/904/182 3668/903/182 3552/903/182 3558/904/182
f 3659/901/179 3658/900/179 3546/900/179 3547/901/179
f 3660/915/177 3662/914/177 3556/914/177 3551/915/177
f 3669/906/184 3664/905/184 3559/905/184 3548/906/184
f 3658/900/178 3660/915/178 3551/915/178 3546/900/178
f 3670/907/185 3669/906/185 3548/906/185 3553/907/185
f 3662/914/176 3661/913/176 3555/913/176 3556/914/176
f 3671/908/172 3670/907/172 3553/907/172 3549/908/172
f 3664/905/183 3663/904/183 3558/904/183 3559/905/183
f 3672/909/186 3671/908/186 3549/908/186 3554/909/186
f 3666/911/173 3665/910/173 3560/910/173 3561/911/173
f 4993/298/4 4998/298/4 4999/298/4 4988/298/4 4992/298/4 4997/298/4
f 4995/298/8 4989/298/8 4990/298/8 4994/298/8 4996/298/8 4991/298/8
usemtl M_Green_E
f 1718/902/173 1843/902/173 1844/903/173 1710/903/173
f 1709/912/183 1849/912/183 1837/913/183 1717/913/183
f 1710/903/174 1844/903/174 1839/904/174 1719/904/174
f 1706/900/186 1834/900/186 1835/901/186 1714/901/186
f 1712/914/185 1838/914/185 1836/915/185 1715/915/185
f 1720/905/176 1840/905/176 1845/906/176 1707/906/176
f 1715/915/172 1836/915/172 1834/900/172 1706/900/172
f 1707/906/177 1845/906/177 1846/907/177 1716/907/177
f 1717/913/184 1837/913/184 1838/914/184 1712/914/184
f 1716/907/178 1846/907/178 1847/908/178 1708/908/178
f 1719/904/175 1839/904/175 1840/905/175 1720/905/175
f 1708/908/179 1847/908/179 1848/909/179 1711/909/179
f 1721/910/181 1841/910/181 1842/911/181 1713/911/181
f 1711/909/180 1848/909/180 1841/910/180 1721/910/180
f 1714/901/187 1835/901/187 1843/902/187 1718/902/187
f 1713/911/182 1842/911/182 1849/912/182 1709/912/182
f 1862/999/256 1872/1000/256 1811/298/256 1812/298/256
f 1850/1015/18 1834/900/18 1836/915/18 1860/1016/18
f 1851/1017/273 1861/1018/273 1804/298/273 1802/298/273
f 1872/1000/274 1852/1019/274 1803/298/274 1811/298/274
f 1876/1020/275 1875/1021/275 1807/298/275 1808/298/275
f 1880/1022/276 1879/1023/276 1809/298/276 1810/298/276
f 1854/1024/277 1876/1020/277 1808/298/277 1813/298/277
f 1875/1021/278 1862/999/278 1812/298/278 1807/298/278
f 1863/1025/18 1844/903/18 1843/902/18 1873/1026/18
f 1864/1027/279 1854/1024/279 1813/298/279 1814/298/279
f 1855/1028/18 1845/906/18 1840/905/18 1877/1029/18
f 1866/1030/280 1856/1031/280 1815/298/280 1816/298/280
f 1857/1032/18 1847/908/18 1846/907/18 1865/1033/18
f 1870/1034/281 1869/1035/281 1805/298/281 1806/298/281
f 1869/1035/282 1858/1036/282 1817/298/282 1805/298/282
f 1859/1037/18 1849/912/18 1842/911/18 1881/1038/18
f 1861/1018/283 1870/1034/283 1806/298/283 1804/298/283
f 1871/1039/18 1838/914/18 1837/913/18 1868/1040/18
f 1860/1016/18 1836/915/18 1838/914/18 1871/1041/18
f 1868/1040/18 1837/913/18 1849/912/18 1859/1042/18
f 1881/1038/18 1842/911/18 1841/910/18 1878/1043/18
f 1878/1044/18 1841/910/18 1848/909/18 1867/1045/18
f 1858/1036/284 1880/1022/284 1810/298/284 1817/298/284
f 1867/1045/18 1848/909/18 1847/908/18 1857/1046/18
f 1856/1031/285 1864/1027/285 1814/298/285 1815/298/285
f 1865/1033/18 1846/907/18 1845/906/18 1855/1047/18
f 1877/1029/18 1840/905/18 1839/904/18 1874/1048/18
f 1879/1023/286 1866/1030/286 1816/298/286 1809/298/286
f 1874/1048/18 1839/904/18 1844/903/18 1863/1025/18
f 1873/1026/18 1843/902/18 1835/901/18 1853/1049/18
f 1853/1050/18 1835/901/18 1834/900/18 1850/1051/18
f 1851/1017/287 1852/1019/287 1853/1050/287 1850/1051/287
f 1861/1018/288 1851/1017/288 1850/1015/288 1860/1016/288
f 1869/1035/289 1870/1034/289 1871/1039/289 1868/1040/289
f 1875/1021/290 1876/1020/290 1877/1029/290 1874/1048/290
f 1879/1023/291 1880/1022/291 1881/1038/291 1878/1043/291
f 1852/1019/292 1872/1000/292 1873/1026/292 1853/1049/292
f 1872/1000/293 1862/999/293 1863/1025/293 1873/1026/293
f 1862/999/294 1875/1021/294 1874/1048/294 1863/1025/294
f 1876/1020/295 1854/1024/295 1855/1028/295 1877/1029/295
f 1854/1024/296 1864/1027/296 1865/1033/296 1855/1047/296
f 1864/1027/297 1856/1031/297 1857/1032/297 1865/1033/297
f 1856/1031/298 1866/1030/298 1867/1045/298 1857/1046/298
f 1866/1030/299 1879/1023/299 1878/1044/299 1867/1045/299
f 1880/1022/300 1858/1036/300 1859/1037/300 1881/1038/300
f 1858/1036/301 1869/1035/301 1868/1040/301 1859/1042/301
f 1870/1034/302 1861/1018/302 1860/1016/302 1871/1041/302
f 1852/1019/303 1851/1017/303 1802/298/303 1803/298/303
f 2333/902/173 2467/902/173 2468/903/173 2339/903/173
f 2332/912/183 2473/912/183 2461/913/183 2342/913/183
f 2339/903/174 2468/903/174 2463/904/174 2334/904/174
f 2336/900/186 2458/900/186 2459/901/186 2330/901/186
f 2343/914/185 2462/914/185 2460/915/185 2338/915/185
f 2344/905/176 2464/905/176 2469/906/176 2337/906/176
f 2338/915/172 2460/915/172 2458/900/172 2336/900/172
f 2337/906/177 2469/906/177 2470/907/177 2340/907/177
f 2342/913/184 2461/913/184 2462/914/184 2343/914/184
f 2340/907/178 2470/907/178 2471/908/178 2331/908/178
f 2334/904/175 2463/904/175 2464/905/175 2344/905/175
f 2331/908/179 2471/908/179 2472/909/179 2341/909/179
f 2345/910/181 2465/910/181 2466/911/181 2335/911/181
f 2341/909/180 2472/909/180 2465/910/180 2345/910/180
f 2330/901/187 2459/901/187 2467/902/187 2333/902/187
f 2335/911/182 2466/911/182 2473/912/182 2332/912/182
f 2486/999/304 2496/1000/304 2435/298/304 2436/298/304
f 2474/1015/18 2458/900/18 2460/915/18 2484/1016/18
f 2475/1017/305 2485/1018/305 2428/298/305 2426/298/305
f 2496/1000/306 2476/1019/306 2427/298/306 2435/298/306
f 2500/1020/307 2499/1021/307 2431/298/307 2432/298/307
f 2504/1022/308 2503/1023/308 2433/298/308 2434/298/308
f 2478/1024/309 2500/1020/309 2432/298/309 2437/298/309
f 2499/1021/310 2486/999/310 2436/298/310 2431/298/310
f 2487/1025/18 2468/903/18 2467/902/18 2497/1026/18
f 2488/1027/311 2478/1024/311 2437/298/311 2438/298/311
f 2479/1028/18 2469/906/18 2464/905/18 2501/1029/18
f 2490/1030/312 2480/1031/312 2439/298/312 2440/298/312
f 2481/1032/18 2471/908/18 2470/907/18 2489/1033/18
f 2494/1034/313 2493/1035/313 2429/298/313 2430/298/313
f 2493/1035/314 2482/1036/314 2441/298/314 2429/298/314
f 2483/1037/18 2473/912/18 2466/911/18 2505/1038/18
f 2485/1018/315 2494/1034/315 2430/298/315 2428/298/315
f 2495/1039/18 2462/914/18 2461/913/18 2492/1040/18
f 2484/1016/18 2460/915/18 2462/914/18 2495/1041/18
f 2492/1040/18 2461/913/18 2473/912/18 2483/1042/18
f 2505/1038/18 2466/911/18 2465/910/18 2502/1043/18
f 2502/1044/18 2465/910/18 2472/909/18 2491/1045/18
f 2482/1036/316 2504/1022/316 2434/298/316 2441/298/316
f 2491/1045/18 2472/909/18 2471/908/18 2481/1046/18
f 2480/1031/317 2488/1027/317 2438/298/317 2439/298/317
f 2489/1033/18 2470/907/18 2469/906/18 2479/1047/18
f 2501/1029/18 2464/905/18 2463/904/18 2498/1048/18
f 2503/1023/318 2490/1030/318 2440/298/318 2433/298/318
f 2498/1048/18 2463/904/18 2468/903/18 2487/1025/18
f 2497/1026/18 2467/902/18 2459/901/18 2477/1049/18
f 2477/1050/18 2459/901/18 2458/900/18 2474/1051/18
f 2475/1017/287 2476/1019/287 2477/1050/287 2474/1051/287
f 2485/1018/288 2475/1017/288 2474/1015/288 2484/1016/288
f 2493/1035/289 2494/1034/289 2495/1039/289 2492/1040/289
f 2499/1021/290 2500/1020/290 2501/1029/290 2498/1048/290
f 2503/1023/291 2504/1022/291 2505/1038/291 2502/1043/291
f 2476/1019/292 2496/1000/292 2497/1026/292 2477/1049/292
f 2496/1000/293 2486/999/293 2487/1025/293 2497/1026/293
f 2486/999/319 2499/1021/319 2498/1048/319 2487/1025/319
f 2500/1020/295 2478/1024/295 2479/1028/295 2501/1029/295
f 2478/1024/296 2488/1027/296 2489/1033/296 2479/1047/296
f 2488/1027/297 2480/1031/297 2481/1032/297 2489/1033/297
f 2480/1031/298 2490/1030/298 2491/1045/298 2481/1046/298
f 2490/1030/299 2503/1023/299 2502/1044/299 2491/1045/299
f 2504/1022/300 2482/1036/300 2483/1037/300 2505/1038/300
f 2482/1036/301 2493/1035/301 2492/1040/301 2483/1042/301
f 2494/1034/302 2485/1018/302 2484/1016/302 2495/1041/302
f 2476/1019/320 2475/1017/320 2426/298/320 2427/298/320
f 2955/902/173 3091/902/173 3092/903/173 2964/903/173
f 2962/912/183 3097/912/183 3085/913/183 2966/913/183
f 2964/903/174 3092/903/174 3087/904/174 2956/904/174
f 2958/900/186 3082/900/186 3083/901/186 2959/901/186
f 2967/914/185 3086/914/185 3084/915/185 2963/915/185
f 2968/905/176 3088/905/176 3093/906/176 2960/906/176
f 2963/915/172 3084/915/172 3082/900/172 2958/900/172
f 2960/906/177 3093/906/177 3094/907/177 2954/907/177
f 2966/913/184 3085/913/184 3086/914/184 2967/914/184
f 2954/907/178 3094/907/178 3095/908/178 2961/908/178
f 2956/904/175 3087/904/175 3088/905/175 2968/905/175
f 2961/908/179 3095/908/179 3096/909/179 2965/909/179
f 2969/910/181 3089/910/181 3090/911/181 2957/911/181
f 2965/909/180 3096/909/180 3089/910/180 2969/910/180
f 2959/901/187 3083/901/187 3091/902/187 2955/902/187
f 2957/911/182 3090/911/182 3097/912/182 2962/912/182
f 3110/999/338 3120/1000/338 3059/298/338 3060/298/338
f 3098/1015/18 3082/900/18 3084/915/18 3108/1016/18
f 3099/1017/339 3109/1018/339 3052/298/339 3050/298/339
f 3120/1000/340 3100/1019/340 3051/298/340 3059/298/340
f 3124/1020/341 3123/1021/341 3055/298/341 3056/298/341
f 3128/1022/342 3127/1023/342 3057/298/342 3058/298/342
f 3102/1024/343 3124/1020/343 3056/298/343 3061/298/343
f 3123/1021/344 3110/999/344 3060/298/344 3055/298/344
f 3111/1025/18 3092/903/18 3091/902/18 3121/1026/18
f 3112/1027/345 3102/1024/345 3061/298/345 3062/298/345
f 3103/1028/18 3093/906/18 3088/905/18 3125/1029/18
f 3114/1030/346 3104/1031/346 3063/298/346 3064/298/346
f 3105/1032/18 3095/908/18 3094/907/18 3113/1033/18
f 3118/1034/347 3117/1035/347 3053/298/347 3054/298/347
f 3117/1035/348 3106/1036/348 3065/298/348 3053/298/348
f 3107/1037/18 3097/912/18 3090/911/18 3129/1038/18
f 3109/1018/349 3118/1034/349 3054/298/349 3052/298/349
f 3119/1039/18 3086/914/18 3085/913/18 3116/1040/18
f 3108/1016/18 3084/915/18 3086/914/18 3119/1041/18
f 3116/1040/18 3085/913/18 3097/912/18 3107/1042/18
f 3129/1038/18 3090/911/18 3089/910/18 3126/1043/18
f 3126/1044/18 3089/910/18 3096/909/18 3115/1045/18
f 3106/1036/350 3128/1022/350 3058/298/350 3065/298/350
f 3115/1045/18 3096/909/18 3095/908/18 3105/1046/18
f 3104/1031/351 3112/1027/351 3062/298/351 3063/298/351
f 3113/1033/18 3094/907/18 3093/906/18 3103/1047/18
f 3125/1029/18 3088/905/18 3087/904/18 3122/1048/18
f 3127/1023/352 3114/1030/352 3064/298/352 3057/298/352
f 3122/1048/18 3087/904/18 3092/903/18 3111/1025/18
f 3121/1026/18 3091/902/18 3083/901/18 3101/1049/18
f 3101/1050/18 3083/901/18 3082/900/18 3098/1051/18
f 3099/1017/287 3100/1019/287 3101/1050/287 3098/1051/287
f 3109/1018/288 3099/1017/288 3098/1015/288 3108/1016/288
f 3117/1035/289 3118/1034/289 3119/1039/289 3116/1040/289
f 3123/1021/353 3124/1020/353 3125/1029/353 3122/1048/353
f 3127/1023/291 3128/1022/291 3129/1038/291 3126/1043/291
f 3100/1019/292 3120/1000/292 3121/1026/292 3101/1049/292
f 3120/1000/293 3110/999/293 3111/1025/293 3121/1026/293
f 3110/999/319 3123/1021/319 3122/1048/319 3111/1025/319
f 3124/1020/295 3102/1024/295 3103/1028/295 3125/1029/295
f 3102/1024/296 3112/1027/296 3113/1033/296 3103/1047/296
f 3112/1027/297 3104/1031/297 3105/1032/297 3113/1033/297
f 3104/1031/298 3114/1030/298 3115/1045/298 3105/1046/298
f 3114/1030/299 3127/1023/299 3126/1044/299 3115/1045/299
f 3128/1022/300 3106/1036/300 3107/1037/300 3129/1038/300
f 3106/1036/301 3117/1035/301 3116/1040/301 3107/1042/301
f 3118/1034/302 3109/1018/302 3108/1016/302 3119/1041/302
f 3100/1019/354 3099/1017/354 3050/298/354 3051/298/354
f 3591/902/173 3715/902/173 3716/903/173 3580/903/173
f 3588/912/183 3721/912/183 3709/913/183 3583/913/183
f 3580/903/174 3716/903/174 3711/904/174 3584/904/174
f 3578/900/186 3706/900/186 3707/901/186 3586/901/186
f 3590/914/185 3710/914/185 3708/915/185 3589/915/185
f 3592/905/176 3712/905/176 3717/906/176 3579/906/176
f 3589/915/172 3708/915/172 3706/900/172 3578/900/172
f 3579/906/177 3717/906/177 3718/907/177 3581/907/177
f 3583/913/184 3709/913/184 3710/914/184 3590/914/184
f 3581/907/178 3718/907/178 3719/908/178 3587/908/178
f 3584/904/175 3711/904/175 3712/905/175 3592/905/175
f 3587/908/179 3719/908/179 3720/909/179 3582/909/179
f 3585/910/181 3713/910/181 3714/911/181 3593/911/181
f 3582/909/180 3720/909/180 3713/910/180 3585/910/180
f 3586/901/187 3707/901/187 3715/902/187 3591/902/187
f 3593/911/182 3714/911/182 3721/912/182 3588/912/182
f 3734/999/361 3744/1000/361 3683/298/361 3684/298/361
f 3722/1015/18 3706/900/18 3708/915/18 3732/1016/18
f 3723/1017/362 3733/1018/362 3676/298/362 3674/298/362
f 3744/1000/363 3724/1019/363 3675/298/363 3683/298/363
f 3748/1020/364 3747/1021/364 3679/298/364 3680/298/364
f 3752/1022/365 3751/1023/365 3681/298/365 3682/298/365
f 3726/1024/366 3748/1020/366 3680/298/366 3685/298/366
f 3747/1021/367 3734/999/367 3684/298/367 3679/298/367
f 3735/1025/18 3716/903/18 3715/902/18 3745/1026/18
f 3736/1027/368 3726/1024/368 3685/298/368 3686/298/368
f 3727/1028/18 3717/906/18 3712/905/18 3749/1029/18
f 3738/1030/369 3728/1031/369 3687/298/369 3688/298/369
f 3729/1032/18 3719/908/18 3718/907/18 3737/1033/18
f 3742/1034/370 3741/1035/370 3677/298/370 3678/298/370
f 3741/1035/371 3730/1036/371 3689/298/371 3677/298/371
f 3731/1037/18 3721/912/18 3714/911/18 3753/1038/18
f 3733/1018/372 3742/1034/372 3678/298/372 3676/298/372
f 3743/1039/18 3710/914/18 3709/913/18 3740/1040/18
f 3732/1016/18 3708/915/18 3710/914/18 3743/1041/18
f 3740/1040/18 3709/913/18 3721/912/18 3731/1042/18
f 3753/1038/18 3714/911/18 3713/910/18 3750/1043/18
f 3750/1044/18 3713/910/18 3720/909/18 3739/1045/18
f 3730/1036/373 3752/1022/373 3682/298/373 3689/298/373
f 3739/1045/18 3720/909/18 3719/908/18 3729/1046/18
f 3728/1031/374 3736/1027/374 3686/298/374 3687/298/374
f 3737/1033/18 3718/907/18 3717/906/18 3727/1047/18
f 3749/1029/18 3712/905/18 3711/904/18 3746/1048/18
f 3751/1023/375 3738/1030/375 3688/298/375 3681/298/375
f 3746/1048/18 3711/904/18 3716/903/18 3735/1025/18
f 3745/1026/18 3715/902/18 3707/901/18 3725/1049/18
f 3725/1050/18 3707/901/18 3706/900/18 3722/1051/18
f 3723/1017/287 3724/1019/287 3725/1050/287 3722/1051/287
f 3733/1018/288 3723/1017/288 3722/1015/288 3732/1016/288
f 3741/1035/289 3742/1034/289 3743/1039/289 3740/1040/289
f 3747/1021/290 3748/1020/290 3749/1029/290 3746/1048/290
f 3751/1023/291 3752/1022/291 3753/1038/291 3750/1043/291
f 3724/1019/292 3744/1000/292 3745/1026/292 3725/1049/292
f 3744/1000/293 3734/999/293 3735/1025/293 3745/1026/293
f 3734/999/294 3747/1021/294 3746/1048/294 3735/1025/294
f 3748/1020/295 3726/1024/295 3727/1028/295 3749/1029/295
f 3726/1024/296 3736/1027/296 3737/1033/296 3727/1047/296
f 3736/1027/297 3728/1031/297 3729/1032/297 3737/1033/297
f 3728/1031/298 3738/1030/298 3739/1045/298 3729/1046/298
f 3738/1030/299 3751/1023/299 3750/1044/299 3739/1045/299
f 3752/1022/300 3730/1036/300 3731/1037/300 3753/1038/300
f 3730/1036/301 3741/1035/301 3740/1040/301 3731/1042/301
f 3742/1034/302 3733/1018/302 3732/1016/302 3743/1041/302
f 3724/1019/376 3723/1017/376 3674/298/376 3675/298/376
f 4190/1108/551 4189/1137/551 4188/1141/551 4187/1107/551
f 4196/1127/552 4190/1108/552 4187/1107/552 4186/1138/552
f 4192/1113/552 4191/1123/552 4195/1127/552 4194/1112/552
f 4193/1120/551 4192/1113/551 4194/1112/551 4197/1126/551
f 4182/1108/553 4238/1174/553 4176/1157/553 4177/1112/553
f 4239/1171/554 4182/1108/554 4177/1112/554 4178/1145/554
f 4183/1113/555 4240/1170/555 4179/1117/555 4180/1113/555
f 4241/1166/556 4183/1113/556 4180/1113/556 4181/1080/556
f 4184/1108/553 4236/1156/553 4173/1124/553 4174/1108/553
f 4237/1154/554 4184/1108/554 4174/1108/554 4175/1116/554
f 4185/1184/555 4234/1150/555 4170/1151/555 4171/1107/555
f 4235/1144/556 4185/1184/556 4171/1107/556 4172/1143/556
f 4191/1123/557 4192/1113/557 4198/1186/557 4201/1096/557
f 4192/1113/558 4193/1120/558 4204/1121/558 4198/1186/558
f 4201/1096/559 4198/1186/559 4200/1186/559 4202/1095/559
f 4202/1095/560 4200/1186/560 4199/1113/560 4203/1115/560
f 4203/1115/561 4199/1113/561 4180/1113/561 4179/1117/561
f 4198/1186/562 4204/1121/562 4205/1185/562 4200/1186/562
f 4200/1186/563 4205/1185/563 4206/1079/563 4199/1113/563
f 4199/1113/564 4206/1079/564 4181/1080/564 4180/1113/564
f 4186/1138/557 4187/1107/557 4207/1184/557 4210/1182/557
f 4187/1107/558 4188/1141/558 4213/1172/558 4207/1184/558
f 4210/1182/559 4207/1184/559 4209/1184/559 4211/1181/559
f 4211/1181/560 4209/1184/560 4208/1107/560 4212/1183/560
f 4212/1183/561 4208/1107/561 4171/1107/561 4170/1151/561
f 4207/1184/562 4213/1172/562 4214/1173/562 4209/1184/562
f 4209/1184/563 4214/1173/563 4215/1175/563 4208/1107/563
f 4208/1107/564 4215/1175/564 4172/1143/564 4171/1107/564
f 4197/1126/565 4194/1112/565 4216/1187/565 4219/1153/565
f 4194/1112/566 4195/1127/566 4222/1139/566 4216/1187/566
f 4219/1153/567 4216/1187/567 4218/1187/567 4220/1152/567
f 4220/1152/568 4218/1187/568 4217/1112/568 4221/1155/568
f 4221/1155/569 4217/1112/569 4177/1112/569 4176/1157/569
f 4216/1187/570 4222/1139/570 4223/1140/570 4218/1187/570
f 4218/1187/571 4223/1140/571 4224/1142/571 4217/1112/571
f 4217/1112/572 4224/1142/572 4178/1145/572 4177/1112/572
f 4189/1137/565 4190/1108/565 4225/1187/565 4228/1119/565
f 4190/1108/566 4196/1127/566 4231/1081/566 4225/1187/566
f 4228/1119/567 4225/1187/567 4227/1188/567 4229/1118/567
f 4229/1118/573 4227/1188/573 4226/1108/573 4230/1122/573
f 4230/1122/569 4226/1108/569 4174/1108/569 4173/1124/569
f 4225/1187/570 4231/1081/570 4232/1082/570 4227/1188/570
f 4227/1188/571 4232/1082/571 4233/1097/571 4226/1108/571
f 4226/1108/572 4233/1097/572 4175/1116/572 4174/1108/572
f 5014/1654/18 5013/1653/18 5012/1655/18 5015/1656/18
f 5008/1194/4 5000/1649/4 5001/1652/4 5009/1193/4
f 5005/1203/8 5002/1204/8 5003/1648/8 5004/1645/8
f 5000/1649/4 5014/1654/4 5015/1656/4 5001/1652/4
f 5002/1204/8 5012/1655/8 5013/1653/8 5003/1648/8
