# Blender 4.2.3 LTS
# www.blender.org
mtllib SM_BioChem_T1.mtl
o SM_BioChem_T1
v 0.650000 0.000000 -0.500000
v -0.650000 0.000000 -0.500000
v -0.650000 0.000000 0.500000
v 0.650000 0.000000 0.500000
v -1.000000 0.000000 -0.300000
v -1.000000 0.000000 0.300000
v 1.000000 0.000000 0.300000
v 1.000000 0.000000 -0.300000
v -0.650000 0.000000 -0.300000
v -0.650000 0.000000 0.300000
v 0.650000 0.000000 -0.300000
v 0.650000 0.000000 0.300000
v -0.891911 0.000000 0.500000
v -1.000000 0.000000 0.391911
v -1.000000 0.000000 -0.391911
v -0.891911 0.000000 -0.500000
v 1.000000 0.000000 0.391911
v 0.891911 0.000000 0.500000
v 0.891911 0.000000 -0.500000
v 1.000000 0.000000 -0.391911
v -0.650000 0.843750 -0.500000
v 0.650000 0.843750 -0.500000
v 0.650000 0.843750 0.500000
v 0.835962 0.905231 -0.364929
v -0.650000 0.843750 0.500000
v -1.000000 0.843750 0.300000
v -1.000000 0.843750 -0.300000
v 1.000000 0.843750 -0.300000
v 1.000000 0.843750 0.300000
v -0.895880 0.914766 0.348783
v -1.000000 0.843750 0.391911
v -0.848784 0.914766 0.395880
v -0.891911 0.843750 0.500000
v -0.848783 0.914766 -0.395880
v -0.891911 0.843750 -0.500000
v -0.895880 0.914766 -0.348784
v -1.000000 0.843750 -0.391911
v 0.848783 0.914766 0.395880
v 0.891911 0.843750 0.500000
v 0.895880 0.914766 0.348783
v 1.000000 0.843750 0.391911
v 0.895880 0.914766 -0.348783
v 1.000000 0.843750 -0.391911
v 0.848783 0.914766 -0.395880
v 0.891911 0.843750 -0.500000
v 0.650000 0.000000 -0.490049
v -0.650000 0.000000 -0.490049
v -0.650000 0.000000 0.490049
v 0.650000 0.000000 0.490049
v -0.990049 0.000000 -0.300000
v -0.990049 0.000000 0.300000
v 0.990049 0.000000 0.300000
v 0.990049 0.000000 -0.300000
v -0.650000 0.839943 -0.490807
v -0.626293 0.905235 -0.401469
v 0.626293 0.905235 -0.401469
v 0.650000 0.839943 -0.490807
v 0.650000 0.839943 0.490807
v 0.657245 0.914766 0.395883
v -0.626293 0.905235 0.401469
v -0.650000 0.839943 0.490807
v -0.990807 0.839943 0.300000
v -0.901469 0.905233 0.276293
v -0.901469 0.905233 -0.276293
v -0.990807 0.839943 -0.300000
v 0.990807 0.839943 -0.300000
v 0.901469 0.905233 -0.276293
v 0.901469 0.905233 0.276293
v 0.990807 0.839943 0.300000
v -0.859495 0.914766 0.421740
v -0.921740 0.914766 0.359495
v -0.921740 0.914766 -0.359495
v -0.859495 0.914766 -0.421740
v 0.859495 0.914766 -0.421740
v 0.921739 0.914766 -0.359495
v 0.921739 0.914766 0.359495
v 0.859495 0.914766 0.421740
v -0.921740 0.914766 0.307245
v -0.657245 0.914766 0.421740
v -0.657245 0.914766 -0.421740
v -0.921740 0.914766 -0.307245
v 0.921739 0.914766 0.307245
v 0.657245 0.914766 0.421740
v 0.921739 0.914766 -0.307245
v 0.657245 0.914766 -0.421740
v 0.626293 0.905235 -0.364935
v -0.657245 0.914766 0.395888
v -0.650000 0.905234 -0.388639
v -0.657245 0.914766 -0.395884
v 0.657245 0.914766 -0.395886
v -0.895882 0.914766 -0.307245
v -0.864918 0.905233 0.276293
v -0.895880 0.914766 0.307245
v -0.835963 0.905231 -0.364929
v -0.864933 0.905233 -0.276293
v 0.864925 0.905233 -0.276293
v 0.895878 0.914766 -0.307245
v -0.864929 0.905231 -0.335962
v -0.864918 0.905231 0.335973
v -0.835962 0.905231 0.364929
v 0.626293 0.905235 0.401469
v -0.650000 0.905234 0.388654
v 0.895879 0.914766 0.307245
v 0.864923 0.905233 0.276293
v 0.864923 0.905231 0.335968
v 0.835963 0.905231 0.364929
v 0.650000 0.905234 0.388638
v 0.864925 0.905231 -0.335966
v 0.650000 0.905234 -0.425176
v -0.925176 0.905234 -0.300000
v 0.925176 0.905234 0.300000
v 0.650000 0.905234 -0.388642
v 0.888632 0.905234 -0.300000
v 0.925176 0.905234 -0.300000
v -0.888625 0.905234 0.300000
v -0.925176 0.905234 0.300000
v 0.888632 0.905230 -0.345786
v 0.845783 0.905230 -0.388636
v -0.888625 0.905230 0.345793
v -0.845783 0.905230 0.388636
v 0.888630 0.905230 0.345788
v 0.888630 0.905234 0.300000
v -0.650000 0.905234 -0.425176
v -0.626293 0.905235 -0.364932
v -0.888638 0.905234 -0.300000
v -0.888635 0.905230 -0.345783
v -0.626293 0.905235 0.364949
v -0.845783 0.905230 -0.388636
v -0.650000 0.905234 0.425176
v 0.845783 0.905230 0.388636
v 0.626293 0.905235 0.364931
v 0.650000 0.905234 0.425176
v 0.650000 0.889070 0.300000
v 0.626293 0.889070 0.364931
v 0.650000 0.889070 -0.300000
v -0.626293 0.889070 -0.364932
v -0.650000 0.889070 -0.300000
v 0.626293 0.889070 -0.364935
v -0.864933 0.889069 -0.276293
v -0.626293 0.889070 0.364949
v -0.650000 0.889070 0.300000
v 0.864925 0.889069 -0.276293
v -0.864918 0.889069 0.276293
v 0.864923 0.889069 0.276293
v 0.626293 0.889070 -0.401469
v -0.901469 0.889068 -0.276293
v 0.901469 0.889068 0.276293
v 0.901469 0.889068 -0.276293
v -0.901469 0.889068 0.276293
v 0.864925 0.889066 -0.335966
v 0.835962 0.889067 -0.364929
v -0.864918 0.889066 0.335973
v -0.835962 0.889067 0.364929
v 0.864923 0.889066 0.335968
v -0.626293 0.889070 -0.401469
v -0.864929 0.889066 -0.335962
v -0.835963 0.889067 -0.364929
v -0.626293 0.889070 0.401469
v 0.835963 0.889067 0.364929
v 0.626293 0.889070 0.401469
v -0.862496 0.914766 0.428984
v -0.928984 0.914766 0.362496
v -0.928984 0.914766 -0.362496
v -0.862496 0.914766 -0.428984
v 0.862495 0.914766 -0.428984
v 0.928984 0.914766 -0.362496
v 0.928984 0.914766 0.362496
v 0.862495 0.914766 0.428984
v -0.928984 0.914766 0.300000
v -0.650000 0.914766 0.428984
v -0.650000 0.914766 -0.428984
v -0.928984 0.914766 -0.300000
v 0.928984 0.914766 0.300000
v 0.650000 0.914766 0.428984
v 0.928984 0.914766 -0.300000
v 0.650000 0.914766 -0.428984
v 0.650000 0.914766 -0.388642
v 0.888633 0.914766 -0.300000
v -0.650000 0.914766 0.388643
v -0.888635 0.914766 0.300000
v -0.845783 0.914766 0.388636
v -0.888635 0.914766 0.345783
v -0.888635 0.914766 -0.345783
v -0.845783 0.914766 -0.388636
v 0.845783 0.914766 -0.388636
v 0.888635 0.914766 -0.345783
v 0.888635 0.914766 0.345783
v 0.845783 0.914766 0.388636
v 0.888634 0.914766 0.300000
v 0.650000 0.914766 0.388638
v -0.650000 0.914766 -0.388639
v -0.888638 0.914766 -0.300000
v -0.859495 0.912727 0.421740
v -0.848784 0.912727 0.395880
v -0.895880 0.912727 0.348783
v -0.921740 0.912727 0.359495
v -0.921740 0.912727 -0.359495
v -0.895880 0.912727 -0.348784
v -0.848783 0.912727 -0.395880
v -0.859495 0.912727 -0.421740
v 0.859495 0.912727 -0.421740
v 0.848783 0.912727 -0.395880
v 0.895880 0.912727 -0.348783
v 0.921739 0.912727 -0.359495
v 0.921739 0.912727 0.359495
v 0.895880 0.912727 0.348783
v 0.848783 0.912727 0.395880
v 0.859495 0.912727 0.421740
v -0.921740 0.912727 0.307245
v -0.657245 0.912727 0.421740
v -0.657245 0.912727 -0.421740
v -0.921740 0.912727 -0.307245
v 0.921739 0.912727 0.307245
v 0.657245 0.912727 0.421740
v 0.921739 0.912727 -0.307245
v 0.657245 0.912727 -0.421740
v 0.657245 0.912727 -0.395886
v 0.895878 0.912727 -0.307245
v -0.657245 0.912727 0.395888
v -0.895880 0.912727 0.307245
v 0.895879 0.912727 0.307245
v 0.657245 0.912727 0.395883
v -0.657245 0.912727 -0.395884
v -0.895882 0.912727 -0.307245
v 0.650000 0.052255 0.500000
v 0.650000 0.074304 0.500000
v -0.650000 0.052255 0.500000
v -0.650000 0.074304 0.500000
v -0.650000 0.052255 -0.500000
v -0.650000 0.074304 -0.500000
v 0.650000 0.052255 -0.500000
v 0.650000 0.074304 -0.500000
v 1.000000 0.107498 -0.333194
v 1.000000 0.052255 -0.300000
v 1.000000 0.052255 0.300000
v 1.000000 0.107498 0.333194
v -1.000000 0.107498 0.333194
v -1.000000 0.052255 0.300000
v -1.000000 0.052255 -0.300000
v -1.000000 0.107498 -0.333194
v -1.000000 0.107498 0.358717
v -1.000000 0.052255 0.391911
v -0.891911 0.052255 0.500000
v -0.891911 0.074304 0.500000
v -1.000000 0.052255 -0.391911
v -1.000000 0.107498 -0.358717
v -0.891911 0.074304 -0.500000
v -0.891911 0.052255 -0.500000
v 0.891911 0.052255 -0.500000
v 0.891911 0.074304 -0.500000
v 1.000000 0.107498 -0.358717
v 1.000000 0.052255 -0.391911
v 1.000000 0.052255 0.391911
v 1.000000 0.107498 0.358717
v 0.891911 0.074304 0.500000
v 0.891911 0.052255 0.500000
v -0.891911 0.818895 -0.500000
v -0.891911 0.810842 -0.500000
v -0.650000 0.818894 -0.500000
v -0.650000 0.810842 -0.500000
v 0.650000 0.810842 -0.500000
v 0.650000 0.818894 -0.500000
v 0.891911 0.810842 -0.500000
v 0.891911 0.818895 -0.500000
v 0.650000 0.810842 0.500000
v 0.650000 0.818894 0.500000
v -0.650000 0.818894 0.500000
v -0.650000 0.810842 0.500000
v 0.891911 0.818895 0.500000
v 0.891911 0.810842 0.500000
v -0.891911 0.810842 0.500000
v -0.891911 0.818895 0.500000
v -1.000000 0.818894 0.300000
v -1.000000 0.777648 0.333194
v -1.000000 0.777648 -0.333194
v -1.000000 0.818894 -0.300000
v -1.000000 0.777648 0.358717
v -1.000000 0.818895 0.391911
v -1.000000 0.777648 -0.358717
v -1.000000 0.818895 -0.391911
v 1.000000 0.818894 -0.300000
v 1.000000 0.777648 -0.333194
v 1.000000 0.777648 0.333194
v 1.000000 0.818894 0.300000
v 1.000000 0.818895 -0.391911
v 1.000000 0.777648 -0.358717
v 1.000000 0.777648 0.358717
v 1.000000 0.818895 0.391911
v 0.632939 0.091365 0.490049
v 0.650000 0.052255 0.490049
v -0.650000 0.052255 0.490049
v -0.632939 0.091365 0.490049
v -0.632939 0.091365 -0.490049
v -0.650000 0.052255 -0.490049
v 0.632939 0.091365 -0.490049
v 0.650000 0.052255 -0.490049
v 0.990049 0.074304 -0.300000
v 0.990049 0.052255 -0.300000
v 0.990049 0.074304 0.300000
v 0.990049 0.052255 0.300000
v -0.990049 0.074304 0.300000
v -0.990049 0.052255 0.300000
v -0.990049 0.074304 -0.300000
v -0.990049 0.052255 -0.300000
v -0.650000 0.818894 -0.490171
v -0.632939 0.793781 -0.490049
v 0.650000 0.818894 -0.490171
v 0.632939 0.793781 -0.490049
v 0.650000 0.818894 0.490171
v 0.632939 0.793781 0.490049
v -0.632939 0.793781 0.490049
v -0.650000 0.818894 0.490171
v -0.990171 0.818894 0.300000
v -0.990049 0.810842 0.300000
v -0.990171 0.818894 -0.300000
v -0.990049 0.810842 -0.300000
v 0.990171 0.818894 -0.300000
v 0.990049 0.810842 -0.300000
v 0.990171 0.818894 0.300000
v 0.990049 0.810842 0.300000
v -0.990049 0.074304 0.273291
v -0.990049 0.074304 0.265238
v -0.990049 0.074304 -0.265238
v -0.990049 0.074304 -0.273291
v 0.990049 0.074304 -0.273291
v 0.990049 0.074304 -0.265238
v 0.990049 0.074304 0.265238
v 0.990049 0.074304 0.273291
v -0.901469 0.905230 0.265238
v -0.901469 0.905232 0.273291
v -0.901469 0.905232 -0.273291
v -0.901469 0.905230 -0.265238
v -0.990807 0.839943 -0.273291
v -0.990807 0.839943 -0.265238
v -0.990807 0.839943 0.265238
v -0.990807 0.839943 0.273291
v 0.901469 0.905230 -0.265238
v 0.901469 0.905232 -0.273291
v 0.901469 0.905232 0.273291
v 0.901469 0.905230 0.265238
v 0.990807 0.839943 0.273291
v 0.990807 0.839943 0.265238
v 0.990807 0.839943 -0.265238
v 0.990807 0.839943 -0.273291
v -0.990171 0.818894 0.273291
v -0.990171 0.818893 0.265238
v -0.990049 0.810842 0.265238
v -0.990049 0.810842 0.273291
v -0.990171 0.818894 -0.273291
v -0.990049 0.810842 -0.273291
v -0.990049 0.810842 -0.265238
v -0.990171 0.818893 -0.265238
v 0.990171 0.818894 -0.273291
v 0.990171 0.818893 -0.265238
v 0.990049 0.810842 -0.265238
v 0.990049 0.810842 -0.273291
v 0.990171 0.818894 0.273291
v 0.990049 0.810842 0.273291
v 0.990049 0.810842 0.265238
v 0.990171 0.818893 0.265238
v -0.502430 0.091365 -0.490049
v -0.477316 0.074304 -0.490049
v 0.477316 0.074304 -0.490049
v 0.502430 0.091365 -0.490049
v 0.502430 0.091365 0.490049
v 0.477316 0.074304 0.490049
v -0.477316 0.074304 0.490049
v -0.502430 0.091365 0.490049
v -0.477316 0.905231 -0.401469
v -0.485369 0.905231 -0.401469
v 0.485369 0.905231 -0.401469
v 0.477316 0.905231 -0.401469
v 0.485369 0.839943 -0.490807
v 0.477316 0.839943 -0.490807
v -0.477316 0.839943 -0.490807
v -0.485369 0.839943 -0.490807
v -0.485369 0.839943 0.490807
v -0.477316 0.839943 0.490807
v 0.477316 0.839943 0.490807
v 0.485369 0.839943 0.490807
v 0.485369 0.818894 0.490171
v 0.477316 0.818893 0.490171
v 0.477316 0.810842 0.490049
v 0.502430 0.793781 0.490049
v -0.485369 0.818894 0.490171
v -0.502430 0.793781 0.490049
v -0.477316 0.810842 0.490049
v -0.477316 0.818893 0.490171
v -0.485369 0.818894 -0.490171
v -0.477316 0.818893 -0.490171
v -0.477316 0.810842 -0.490049
v -0.502430 0.793781 -0.490049
v 0.485369 0.818894 -0.490171
v 0.502430 0.793781 -0.490049
v 0.477316 0.810842 -0.490049
v 0.477316 0.818893 -0.490171
v 0.477316 0.905231 0.401469
v 0.485369 0.905231 0.401469
v -0.485369 0.905231 0.401469
v -0.477316 0.905231 0.401469
v 0.477316 0.905230 -0.425176
v 0.485369 0.905230 -0.425176
v -0.925176 0.905230 -0.265238
v -0.925176 0.905231 -0.273291
v 0.925176 0.905230 0.265238
v 0.925176 0.905231 0.273291
v -0.925176 0.905231 0.273291
v -0.925176 0.905230 0.265238
v 0.925176 0.905231 -0.273291
v 0.925176 0.905230 -0.265238
v -0.477316 0.905230 0.425176
v -0.485369 0.905230 0.425176
v -0.485369 0.905230 -0.425176
v -0.477316 0.905230 -0.425176
v 0.485369 0.905230 0.425176
v 0.477316 0.905230 0.425176
v -0.901469 0.889067 -0.273291
v -0.901469 0.889066 -0.265238
v -0.901469 0.889066 0.265238
v -0.901469 0.889067 0.273291
v 0.901469 0.889066 -0.265238
v 0.901469 0.889067 -0.273291
v 0.901469 0.889067 0.273291
v 0.901469 0.889066 0.265238
v 0.485369 0.889066 -0.401469
v 0.477316 0.889066 -0.401469
v 0.477316 0.889066 0.401469
v 0.485369 0.889066 0.401469
v -0.477316 0.889066 -0.401469
v -0.485369 0.889066 -0.401469
v -0.485369 0.889066 0.401469
v -0.477316 0.889066 0.401469
v -0.981623 0.074304 0.273291
v -0.981623 0.074304 0.265238
v -0.981623 0.074304 -0.273291
v -0.981623 0.074304 -0.265238
v 0.981623 0.074304 -0.273291
v 0.981623 0.074304 -0.265238
v 0.981623 0.074304 0.273291
v 0.981623 0.074304 0.265238
v -0.981623 0.810927 0.273291
v -0.981746 0.819064 0.273291
v -0.981746 0.819063 0.265238
v -0.981623 0.810927 0.265238
v -0.981746 0.819063 -0.265238
v -0.981746 0.819064 -0.273291
v -0.981623 0.810927 -0.273291
v -0.981623 0.810927 -0.265238
v 0.981623 0.810927 -0.273291
v 0.981746 0.819064 -0.273291
v 0.981746 0.819063 -0.265238
v 0.981623 0.810927 -0.265238
v 0.981746 0.819063 0.265238
v 0.981746 0.819064 0.273291
v 0.981623 0.810927 0.273291
v 0.981623 0.810927 0.265238
v -0.485369 0.074304 -0.481623
v -0.477316 0.074304 -0.481623
v 0.485369 0.074304 -0.481623
v 0.477316 0.074304 -0.481623
v 0.485369 0.074304 0.481623
v 0.477316 0.074304 0.481623
v -0.485369 0.074304 0.481623
v -0.477316 0.074304 0.481623
v 0.485369 0.810927 0.481623
v 0.485369 0.819064 0.481746
v 0.477316 0.819063 0.481746
v 0.477316 0.810927 0.481623
v -0.477316 0.819063 0.481746
v -0.485369 0.819064 0.481746
v -0.485369 0.810927 0.481623
v -0.477316 0.810927 0.481623
v -0.485369 0.810927 -0.481623
v -0.485369 0.819064 -0.481746
v -0.477316 0.819063 -0.481746
v -0.477316 0.810927 -0.481623
v 0.477316 0.819063 -0.481746
v 0.485369 0.819064 -0.481746
v 0.485369 0.810927 -0.481623
v 0.477316 0.810927 -0.481623
v -0.909896 0.889067 -0.273291
v -0.909896 0.889066 -0.265238
v -0.909896 0.889066 0.265238
v -0.909896 0.889067 0.273291
v 0.909896 0.889066 -0.265238
v 0.909896 0.889067 -0.273291
v 0.909896 0.889067 0.273291
v 0.909896 0.889066 0.265238
v 0.485369 0.889066 -0.409896
v 0.477316 0.889066 -0.409896
v 0.477316 0.889066 0.409896
v 0.485369 0.889066 0.409896
v -0.477316 0.889066 -0.409896
v -0.485369 0.889066 -0.409896
v -0.485369 0.889066 0.409896
v -0.477316 0.889066 0.409896
v -0.658427 0.818894 0.491573
v -0.658427 0.810842 0.491573
v -0.658386 0.810970 0.481583
v -0.658467 0.819021 0.481786
v -0.658427 0.066251 -0.491573
v -0.658427 0.074304 -0.491573
v -0.658427 0.074304 -0.481623
v -0.658427 0.066251 -0.481623
v 0.658427 0.074304 0.481623
v 0.658427 0.066251 0.481623
v 0.658427 0.066251 0.491573
v 0.658427 0.074304 0.491573
v -0.991573 0.074304 0.388421
v -0.991573 0.066251 0.388421
v -0.888421 0.066251 0.491573
v -0.888421 0.074304 0.491573
v -0.991573 0.066251 -0.388421
v -0.991573 0.074304 -0.388421
v -0.888421 0.074304 -0.491573
v -0.888421 0.066251 -0.491573
v 0.888421 0.066251 -0.491573
v 0.888421 0.074304 -0.491573
v 0.991573 0.074304 -0.388421
v 0.991573 0.066251 -0.388421
v 0.991573 0.066251 0.388421
v 0.991573 0.074304 0.388421
v 0.888421 0.074304 0.491573
v 0.888421 0.066251 0.491573
v -0.991573 0.074304 0.308427
v -0.991573 0.066251 0.308427
v -0.658427 0.066251 0.491573
v -0.658427 0.074304 0.491573
v -0.991573 0.066251 -0.308427
v -0.991573 0.074304 -0.308427
v 0.991573 0.066251 0.308427
v 0.991573 0.074304 0.308427
v 0.658427 0.066251 -0.491573
v 0.658427 0.074304 -0.491573
v 0.991573 0.074304 -0.308427
v 0.991573 0.066251 -0.308427
v 0.658427 0.810842 0.491573
v 0.658427 0.818894 0.491573
v 0.658467 0.819021 0.481786
v 0.658386 0.810970 0.481583
v -0.658427 0.066251 0.481623
v -0.658427 0.074304 0.481623
v 0.991573 0.818895 -0.388421
v 0.991573 0.810842 -0.388421
v 0.888421 0.810842 -0.491573
v 0.888421 0.818895 -0.491573
v 0.888421 0.818895 0.491573
v 0.888421 0.810842 0.491573
v 0.991573 0.810842 0.388421
v 0.991573 0.818895 0.388421
v -0.888421 0.818895 -0.491573
v -0.888421 0.810842 -0.491573
v -0.991573 0.810842 -0.388421
v -0.991573 0.818895 -0.388421
v -0.991573 0.810842 -0.308427
v -0.991573 0.818894 -0.308427
v 0.658427 0.810842 -0.491573
v 0.658427 0.818894 -0.491573
v -0.991573 0.810842 0.388421
v -0.991573 0.818895 0.388421
v -0.991573 0.818894 0.308427
v -0.991573 0.810842 0.308427
v 0.991573 0.818894 -0.308427
v 0.991573 0.810842 -0.308427
v 0.991573 0.810842 0.308427
v 0.991573 0.818894 0.308427
v -0.658427 0.818894 -0.491573
v -0.658427 0.810842 -0.491573
v -0.888421 0.810842 0.491573
v -0.888421 0.818895 0.491573
v -0.981623 0.074304 -0.308427
v -0.981623 0.066251 -0.308427
v 0.981623 0.074304 0.308427
v 0.981623 0.066251 0.308427
v 0.658427 0.074304 -0.481623
v 0.658427 0.066251 -0.481623
v -0.981786 0.819021 -0.308467
v -0.981583 0.810970 -0.308386
v 0.658467 0.819021 -0.481786
v 0.658386 0.810970 -0.481583
v 0.981786 0.819021 0.308467
v 0.981583 0.810970 0.308386
v -0.981786 0.819021 0.308467
v -0.981583 0.810970 0.308386
v -0.658467 0.819021 -0.481786
v -0.658386 0.810970 -0.481583
v -0.981623 0.074304 0.308427
v -0.981623 0.066251 0.308427
v 0.981623 0.074304 -0.308427
v 0.981623 0.066251 -0.308427
v 0.981786 0.819021 -0.308467
v 0.981583 0.810970 -0.308386
v 0.921699 0.896804 -0.273292
v 0.921699 0.896804 -0.265239
v 0.982274 0.836545 -0.265238
v 0.982274 0.836545 -0.273291
v 0.921699 0.896804 0.265239
v 0.921699 0.896804 0.273292
v 0.982274 0.836545 0.273291
v 0.982274 0.836545 0.265238
v -0.921699 0.896804 0.273292
v -0.921699 0.896804 0.265239
v -0.982274 0.836545 0.265238
v -0.982274 0.836545 0.273291
v -0.921699 0.896804 -0.265239
v -0.921699 0.896804 -0.273292
v -0.982274 0.836545 -0.273291
v -0.982274 0.836545 -0.265238
v 0.485369 0.896804 -0.409896
v 0.477316 0.896804 -0.409896
v -0.477316 0.896804 -0.409896
v -0.485369 0.896804 -0.409896
v 0.909896 0.896804 -0.265239
v 0.909895 0.896805 -0.273292
v -0.909895 0.896805 -0.273292
v -0.909896 0.896804 -0.265239
v -0.909896 0.896804 0.265239
v -0.909895 0.896805 0.273292
v 0.485369 0.896804 0.421699
v 0.477316 0.896804 0.421699
v 0.477316 0.836545 0.482274
v 0.485369 0.836545 0.482274
v -0.477316 0.896804 0.421699
v -0.485369 0.896804 0.421699
v -0.485369 0.836545 0.482274
v -0.477316 0.836545 0.482274
v -0.485369 0.896804 -0.421699
v -0.477316 0.896804 -0.421699
v -0.477316 0.836545 -0.482274
v -0.485369 0.836545 -0.482274
v 0.477316 0.896804 -0.421699
v 0.485369 0.896804 -0.421699
v 0.485369 0.836545 -0.482274
v 0.477316 0.836545 -0.482274
v 0.909895 0.896805 0.273292
v 0.909896 0.896804 0.265239
v -0.485369 0.896804 0.409896
v -0.477316 0.896804 0.409896
v 0.477316 0.896804 0.409896
v 0.485369 0.896804 0.409896
v -1.000000 0.074304 0.391911
v -1.000000 0.074304 0.300000
v -1.000000 0.074304 -0.300000
v -1.000000 0.074304 -0.391911
v 1.000000 0.074304 0.300000
v 1.000000 0.074304 0.391911
v 1.000000 0.074304 -0.391911
v 1.000000 0.074304 -0.300000
v -1.000000 0.810842 -0.391911
v -1.000000 0.810842 -0.300000
v -1.000000 0.810842 0.300000
v -1.000000 0.810842 0.391911
v 1.000000 0.810842 -0.300000
v 1.000000 0.810842 -0.391911
v 1.000000 0.810842 0.391911
v 1.000000 0.810842 0.300000
v -0.996573 0.111312 0.354903
v -0.996573 0.111312 0.337009
v -0.996573 0.111312 -0.337009
v -0.996573 0.111312 -0.354903
v 0.996573 0.111312 0.337009
v 0.996573 0.111312 0.354903
v 0.996573 0.111312 -0.354903
v 0.996573 0.111312 -0.337009
v -0.996573 0.773834 -0.354903
v -0.996573 0.773834 -0.337009
v -0.996573 0.773834 0.337009
v -0.996573 0.773834 0.354903
v 0.996573 0.773834 -0.337009
v 0.996573 0.773834 -0.354903
v 0.996573 0.773834 0.354903
v 0.996573 0.773834 0.337009
v -0.996573 0.107498 0.358717
v -0.996573 0.107498 0.333194
v -0.996573 0.107498 -0.333194
v -0.996573 0.107498 -0.358717
v 0.996573 0.107498 0.333194
v 0.996573 0.107498 0.358717
v 0.996573 0.107498 -0.358717
v 0.996573 0.107498 -0.333194
v -0.996573 0.777648 -0.358717
v -0.996573 0.777648 -0.333194
v -0.996573 0.777648 0.333194
v -0.996573 0.777648 0.358717
v 0.996573 0.777648 -0.333194
v 0.996573 0.777648 -0.358717
v 0.996573 0.777648 0.358717
v 0.996573 0.777648 0.333194
v -0.994003 0.111312 0.354903
v -0.994003 0.111312 0.337009
v -0.994003 0.111312 -0.337009
v -0.994003 0.111312 -0.354903
v 0.994003 0.111312 0.337009
v 0.994003 0.111312 0.354903
v 0.994003 0.111312 -0.354903
v 0.994003 0.111312 -0.337009
v -0.994003 0.773834 -0.354903
v -0.994003 0.773834 -0.337009
v -0.994003 0.773834 0.337009
v -0.994003 0.773834 0.354903
v 0.994003 0.773834 -0.337009
v 0.994003 0.773834 -0.354903
v 0.994003 0.773834 0.354903
v 0.994003 0.773834 0.337009
v 0.485369 0.074304 -0.490049
v 0.650000 0.074304 -0.490049
v -0.485369 0.074304 0.490049
v -0.650000 0.074304 0.490049
v -0.650000 0.810842 0.490049
v -0.485369 0.810842 0.490049
v 0.650000 0.810842 -0.490049
v 0.485369 0.810842 -0.490049
v -0.650000 0.074304 -0.490049
v -0.485369 0.074304 -0.490049
v 0.650000 0.074304 0.490049
v 0.485369 0.074304 0.490049
v 0.485369 0.810842 0.490049
v 0.650000 0.810842 0.490049
v -0.485369 0.810842 -0.490049
v -0.650000 0.810842 -0.490049
v 0.510934 0.099869 -0.483754
v 0.624434 0.099869 -0.483754
v -0.510935 0.099869 0.483754
v -0.624434 0.099869 0.483754
v -0.624434 0.785277 0.483754
v -0.510935 0.785277 0.483754
v 0.624434 0.785277 -0.483754
v 0.510934 0.785277 -0.483754
v -0.624434 0.099869 -0.483754
v -0.510935 0.099869 -0.483754
v 0.624434 0.099869 0.483754
v 0.510934 0.099869 0.483754
v 0.510934 0.785277 0.483754
v 0.624434 0.785277 0.483754
v -0.510935 0.785277 -0.483754
v -0.624434 0.785277 -0.483754
v 0.502430 0.091365 -0.483754
v 0.632939 0.091365 -0.483754
v -0.502430 0.091365 0.483754
v -0.632939 0.091365 0.483754
v -0.632939 0.793781 0.483754
v -0.502430 0.793781 0.483754
v 0.632939 0.793781 -0.483754
v 0.502430 0.793781 -0.483754
v -0.632939 0.091365 -0.483754
v -0.502430 0.091365 -0.483754
v 0.632939 0.091365 0.483754
v 0.502430 0.091365 0.483754
v 0.502430 0.793781 0.483754
v 0.632939 0.793781 0.483754
v -0.502430 0.793781 -0.483754
v -0.632939 0.793781 -0.483754
v 0.510934 0.785277 -0.490535
v 0.624434 0.785277 -0.490535
v -0.510935 0.785277 0.490535
v -0.624434 0.785277 0.490535
v -0.624434 0.099869 0.490535
v -0.510935 0.099869 0.490535
v 0.624434 0.099869 -0.490535
v 0.510934 0.099869 -0.490535
v -0.510935 0.609377 -0.483754
v -0.510935 0.619850 -0.483754
v 0.510934 0.619850 -0.483754
v 0.510934 0.609377 -0.483754
v 0.510934 0.609377 0.483754
v 0.510934 0.619850 0.483754
v -0.510935 0.619850 0.483754
v -0.510935 0.609377 0.483754
v 0.624434 0.619850 0.483754
v 0.624434 0.609377 0.483754
v -0.624434 0.609377 0.483754
v -0.624434 0.619850 0.483754
v -0.624434 0.619850 -0.483754
v -0.624434 0.609377 -0.483754
v 0.624434 0.609377 -0.483754
v 0.624434 0.619850 -0.483754
v -0.624434 0.099869 -0.490535
v -0.510935 0.099869 -0.490535
v 0.624434 0.099869 0.490535
v 0.510934 0.099869 0.490535
v 0.510934 0.785277 0.490535
v 0.624434 0.785277 0.490535
v -0.510935 0.785277 -0.490535
v -0.624434 0.785277 -0.490535
v -0.624434 0.619850 -0.490535
v -0.510935 0.619850 -0.490535
v -0.510935 0.609377 -0.490535
v -0.624434 0.609377 -0.490535
v 0.624434 0.619850 0.490535
v 0.510934 0.619850 0.490535
v 0.510934 0.609377 0.490535
v 0.624434 0.609377 0.490535
v -0.510935 0.619850 0.490535
v -0.624434 0.619850 0.490535
v -0.624434 0.609377 0.490535
v -0.510935 0.609377 0.490535
v 0.510934 0.619850 -0.490535
v 0.624434 0.619850 -0.490535
v 0.624434 0.609377 -0.490535
v 0.510934 0.609377 -0.490535
v -0.624434 0.702563 -0.490535
v 0.567684 0.619850 0.490535
v -0.567684 0.785277 -0.490535
v 0.567684 0.785277 -0.490535
v -0.567684 0.619850 0.490535
v 0.567684 0.785277 0.490535
v -0.567684 0.785277 0.490535
v -0.510935 0.702563 -0.490535
v -0.567684 0.619850 -0.490535
v 0.567684 0.619850 -0.490535
v 0.510934 0.702563 -0.490535
v 0.624434 0.702563 -0.490535
v 0.624434 0.702563 0.490535
v 0.510934 0.702563 0.490535
v -0.510935 0.702563 0.490535
v -0.624434 0.702563 0.490535
v -0.567684 0.702563 -0.490535
v -0.567684 0.702563 0.490535
v 0.567684 0.702563 -0.490535
v 0.567684 0.702563 0.490535
v 0.561314 0.708934 0.490535
v 0.561314 0.778906 0.490535
v 0.517305 0.778906 0.490535
v 0.517305 0.708934 0.490535
v 0.574055 0.708934 -0.490535
v 0.574055 0.778906 -0.490535
v 0.618064 0.778906 -0.490535
v 0.618064 0.708934 -0.490535
v -0.574055 0.708934 0.490535
v -0.574055 0.778906 0.490535
v -0.618064 0.778906 0.490535
v -0.618064 0.708934 0.490535
v -0.561314 0.708934 -0.490535
v -0.561314 0.778906 -0.490535
v -0.517305 0.778906 -0.490535
v -0.517305 0.708934 -0.490535
v -0.561314 0.626221 -0.490535
v -0.561314 0.696193 -0.490535
v -0.517305 0.696193 -0.490535
v -0.517305 0.626221 -0.490535
v -0.618064 0.626221 -0.490535
v -0.618064 0.696193 -0.490535
v -0.574055 0.696193 -0.490535
v -0.574055 0.626221 -0.490535
v -0.618064 0.708934 -0.490535
v -0.618064 0.778906 -0.490535
v -0.574055 0.778906 -0.490535
v -0.574055 0.708934 -0.490535
v -0.574055 0.626221 0.490535
v -0.574055 0.696193 0.490535
v -0.618064 0.696193 0.490535
v -0.618064 0.626221 0.490535
v -0.517305 0.626221 0.490535
v -0.517305 0.696193 0.490535
v -0.561314 0.696193 0.490535
v -0.561314 0.626221 0.490535
v -0.517305 0.708934 0.490535
v -0.517305 0.778906 0.490535
v -0.561314 0.778906 0.490535
v -0.561314 0.708934 0.490535
v 0.574055 0.626221 -0.490535
v 0.574055 0.696193 -0.490535
v 0.618064 0.696193 -0.490535
v 0.618064 0.626221 -0.490535
v 0.517305 0.626221 -0.490535
v 0.517305 0.696193 -0.490535
v 0.561314 0.696193 -0.490535
v 0.561314 0.626221 -0.490535
v 0.517305 0.708934 -0.490535
v 0.517305 0.778906 -0.490535
v 0.561314 0.778906 -0.490535
v 0.561314 0.708934 -0.490535
v 0.561314 0.626221 0.490535
v 0.561314 0.696193 0.490535
v 0.517305 0.696193 0.490535
v 0.517305 0.626221 0.490535
v 0.618064 0.626221 0.490535
v 0.618064 0.696193 0.490535
v 0.574055 0.696193 0.490535
v 0.574055 0.626221 0.490535
v 0.618064 0.708934 0.490535
v 0.618064 0.778906 0.490535
v 0.574055 0.778906 0.490535
v 0.574055 0.708934 0.490535
v 0.561314 0.778906 0.487901
v 0.561314 0.708934 0.487901
v 0.517305 0.708934 0.487901
v 0.517305 0.778906 0.487901
v 0.574055 0.778906 -0.487901
v 0.574055 0.708934 -0.487901
v 0.618064 0.708934 -0.487901
v 0.618064 0.778906 -0.487901
v -0.574055 0.778906 0.487901
v -0.574055 0.708934 0.487901
v -0.618064 0.708934 0.487901
v -0.618064 0.778906 0.487901
v -0.561314 0.778906 -0.487901
v -0.561314 0.708934 -0.487901
v -0.517305 0.708934 -0.487901
v -0.517305 0.778906 -0.487901
v -0.561314 0.696193 -0.487901
v -0.561314 0.626221 -0.487901
v -0.517305 0.626221 -0.487901
v -0.517305 0.696193 -0.487901
v -0.618064 0.626221 -0.487901
v -0.618064 0.696193 -0.487901
v -0.574055 0.626221 -0.487901
v -0.574055 0.696193 -0.487901
v -0.618064 0.708934 -0.487901
v -0.618064 0.778906 -0.487901
v -0.574055 0.708934 -0.487901
v -0.574055 0.778906 -0.487901
v -0.574055 0.696193 0.487901
v -0.574055 0.626221 0.487901
v -0.618064 0.626221 0.487901
v -0.618064 0.696193 0.487901
v -0.517305 0.696193 0.487901
v -0.517305 0.626221 0.487901
v -0.561314 0.626221 0.487901
v -0.561314 0.696193 0.487901
v -0.517305 0.778906 0.487901
v -0.517305 0.708934 0.487901
v -0.561314 0.708934 0.487901
v -0.561314 0.778906 0.487901
v 0.574055 0.696193 -0.487901
v 0.574055 0.626221 -0.487901
v 0.618064 0.626221 -0.487901
v 0.618064 0.696193 -0.487901
v 0.517305 0.696193 -0.487901
v 0.517305 0.626221 -0.487901
v 0.561314 0.626221 -0.487901
v 0.561314 0.696193 -0.487901
v 0.517305 0.778906 -0.487901
v 0.517305 0.708934 -0.487901
v 0.561314 0.708934 -0.487901
v 0.561314 0.778906 -0.487901
v 0.561314 0.696193 0.487901
v 0.561314 0.626221 0.487901
v 0.517305 0.626221 0.487901
v 0.517305 0.696193 0.487901
v 0.618064 0.626221 0.487901
v 0.618064 0.696193 0.487901
v 0.574055 0.626221 0.487901
v 0.574055 0.696193 0.487901
v 0.618064 0.708934 0.487901
v 0.618064 0.778906 0.487901
v 0.574055 0.708934 0.487901
v 0.574055 0.778906 0.487901
v -0.000000 0.074304 -0.490049
v -0.000000 0.074304 0.490049
v -0.000000 0.810842 0.490049
v 0.000000 0.810842 -0.490049
v 0.477316 0.442573 -0.490049
v -0.477316 0.442573 0.490049
v -0.000000 0.442573 -0.490049
v -0.000000 0.442573 0.490049
v -0.019025 0.461598 0.490049
v -0.019025 0.791817 0.490049
v -0.458291 0.791817 0.490049
v -0.458291 0.461598 0.490049
v 0.019025 0.461598 -0.490049
v 0.019025 0.791817 -0.490049
v 0.458291 0.791817 -0.490049
v 0.458291 0.461598 -0.490049
v -0.019025 0.791817 0.483340
v -0.019025 0.461598 0.483340
v -0.458291 0.461598 0.483340
v -0.458291 0.791817 0.483340
v 0.019025 0.791817 -0.483340
v 0.019025 0.461598 -0.483340
v 0.458291 0.461598 -0.483340
v 0.458291 0.791817 -0.483340
v -0.024392 0.466965 0.483340
v -0.024392 0.786450 0.483340
v -0.452924 0.786450 0.483340
v -0.452924 0.466965 0.483340
v 0.024392 0.466965 -0.483340
v 0.024392 0.786450 -0.483340
v 0.452924 0.786450 -0.483340
v 0.452924 0.466965 -0.483340
v -0.024392 0.786450 0.500192
v -0.024392 0.466965 0.500192
v -0.452924 0.466965 0.500192
v -0.452924 0.786450 0.500192
v 0.024392 0.786450 -0.500192
v 0.024392 0.466965 -0.500192
v 0.452924 0.466965 -0.500192
v 0.452924 0.786450 -0.500192
v -0.037353 0.479926 0.500192
v -0.037353 0.773489 0.500192
v -0.439963 0.773489 0.500192
v -0.439963 0.479926 0.500192
v 0.037353 0.479926 -0.500192
v 0.037353 0.773489 -0.500192
v 0.439963 0.773489 -0.500192
v 0.439963 0.479926 -0.500192
v -0.037353 0.773489 0.495655
v -0.037353 0.479926 0.495655
v -0.439963 0.479926 0.495655
v -0.439963 0.773489 0.495655
v 0.037353 0.773489 -0.495655
v 0.037353 0.479926 -0.495655
v 0.439963 0.479926 -0.495655
v 0.439963 0.773489 -0.495655
v -0.044821 0.487394 0.495655
v -0.044821 0.766021 0.495655
v -0.432495 0.766021 0.495655
v -0.432495 0.487394 0.495655
v 0.044821 0.487394 -0.495655
v 0.044821 0.766021 -0.495655
v 0.432495 0.766021 -0.495655
v 0.432495 0.487394 -0.495655
v -0.044821 0.766021 0.491669
v -0.044821 0.487394 0.491669
v -0.432495 0.487394 0.491669
v -0.432495 0.766021 0.491669
v 0.044821 0.766021 -0.491669
v 0.044821 0.487394 -0.491669
v 0.432495 0.487394 -0.491669
v 0.432495 0.766021 -0.491669
v 0.461655 0.089965 0.490049
v 0.461655 0.795181 0.490049
v -0.461655 0.089965 -0.462665
v -0.461655 0.795181 -0.462665
v -0.015661 0.089965 -0.462665
v -0.015661 0.795181 -0.462665
v 0.015661 0.089965 0.462665
v -0.015661 0.795181 -0.490049
v 0.015661 0.795181 0.462665
v -0.015661 0.089965 -0.490049
v 0.015661 0.089965 0.490049
v 0.015661 0.795181 0.490049
v -0.461655 0.795181 -0.490049
v -0.461655 0.089965 -0.490049
v 0.461655 0.089965 0.462665
v 0.461655 0.795181 0.462665
v -0.448086 0.103533 -0.462665
v -0.448086 0.781613 -0.462665
v -0.029230 0.781613 -0.462665
v -0.029230 0.103533 -0.462665
v 0.448086 0.103533 0.462665
v 0.448086 0.781613 0.462665
v 0.029230 0.781613 0.462665
v 0.029229 0.103533 0.462665
v -0.029230 0.581166 -0.462665
v -0.448086 0.679966 -0.462665
v -0.448086 0.600379 -0.462665
v 0.029230 0.284767 0.462665
v -0.029230 0.402779 -0.462665
v -0.448086 0.402779 -0.462665
v -0.448086 0.482367 -0.462665
v 0.029230 0.402779 0.462665
v -0.448086 0.284767 -0.462665
v -0.448086 0.205180 -0.462665
v -0.029230 0.284767 -0.462665
v 0.448086 0.205180 0.462665
v -0.029230 0.679966 -0.462665
v 0.448086 0.600379 0.462665
v 0.029230 0.679966 0.462665
v 0.448086 0.581166 0.462665
v 0.448086 0.501579 0.462665
v 0.029230 0.501579 0.462665
v 0.029230 0.303980 0.462665
v -0.029230 0.778766 -0.462665
v 0.448086 0.778766 0.462665
v 0.448086 0.106380 0.462665
v -0.448086 0.185967 -0.462665
v -0.029230 0.185967 -0.462665
v -0.448086 0.383567 -0.462665
v 0.448086 0.383567 0.462665
v -0.448086 0.778766 -0.462665
v 0.029230 0.383567 0.462665
v -0.448086 0.303980 -0.462665
v 0.448086 0.185967 0.462665
v -0.029230 0.501579 -0.462665
v -0.029230 0.383567 -0.462665
v -0.448086 0.106380 -0.462665
v 0.448086 0.402779 0.462665
v 0.448086 0.482367 0.462665
v 0.029230 0.185967 0.462665
v -0.029230 0.600379 -0.462665
v 0.029230 0.205180 0.462665
v -0.029230 0.482367 -0.462665
v 0.029230 0.482367 0.462665
v -0.029230 0.205180 -0.462665
v 0.448086 0.284767 0.462665
v 0.029230 0.600379 0.462665
v -0.448086 0.501579 -0.462665
v -0.448086 0.581166 -0.462665
v 0.029230 0.581166 0.462665
v 0.448086 0.303980 0.462665
v 0.448086 0.699178 0.462665
v 0.029230 0.778766 0.462665
v 0.029230 0.699178 0.462665
v -0.029230 0.699178 -0.462665
v -0.448086 0.699178 -0.462665
v -0.029230 0.303980 -0.462665
v 0.029230 0.106380 0.462665
v 0.448086 0.679966 0.462665
v -0.029230 0.106380 -0.462665
v 0.448086 0.383567 0.468015
v 0.029230 0.383567 0.468015
v -0.448086 0.303980 -0.488852
v -0.448086 0.383567 -0.468015
v -0.448086 0.185967 -0.468015
v -0.029230 0.185967 -0.468015
v 0.448086 0.106380 0.488852
v 0.448086 0.185967 0.468015
v -0.448086 0.600379 -0.488852
v -0.448086 0.679966 -0.468015
v -0.029230 0.581166 -0.468015
v -0.029230 0.501579 -0.488852
v -0.029230 0.383567 -0.468015
v -0.448086 0.106380 -0.488852
v 0.448086 0.402779 0.488852
v 0.448086 0.482367 0.468015
v 0.029230 0.185967 0.468015
v -0.029230 0.600379 -0.488852
v 0.029230 0.284767 0.468015
v 0.029230 0.205180 0.488852
v -0.029230 0.402779 -0.488852
v -0.448086 0.402779 -0.488852
v -0.029230 0.482367 -0.468015
v 0.029230 0.482367 0.468015
v 0.029230 0.402779 0.488852
v -0.448086 0.205180 -0.488852
v -0.448086 0.284767 -0.468015
v -0.029230 0.284767 -0.468015
v -0.029230 0.205180 -0.488852
v 0.448086 0.205180 0.488852
v 0.448086 0.284767 0.468015
v 0.029230 0.679966 0.468015
v 0.029230 0.600379 0.488852
v 0.448086 0.600379 0.488852
v -0.448086 0.501579 -0.488852
v -0.448086 0.581166 -0.468015
v 0.448086 0.501579 0.488852
v 0.448086 0.581166 0.468015
v 0.029230 0.581166 0.468015
v 0.029230 0.501579 0.488852
v 0.029230 0.303980 0.488852
v 0.448086 0.303980 0.488852
v 0.448086 0.699178 0.488852
v 0.448086 0.778766 0.468015
v 0.029230 0.778766 0.468015
v 0.029230 0.699178 0.488852
v -0.029230 0.778766 -0.468015
v -0.029230 0.699178 -0.488852
v -0.448086 0.699178 -0.488852
v -0.029230 0.303980 -0.488852
v 0.029230 0.106380 0.488852
v -0.029230 0.679966 -0.468015
v 0.448086 0.679966 0.468015
v -0.029230 0.106380 -0.488852
v -0.448086 0.482367 -0.468015
v -0.448086 0.778766 -0.468015
v -0.529200 0.118135 0.490535
v -0.529200 0.591112 0.490535
v -0.606169 0.591112 0.490535
v -0.606169 0.118135 0.490535
v 0.529200 0.118135 -0.490535
v 0.529200 0.591112 -0.490535
v 0.606169 0.591112 -0.490535
v 0.606169 0.118135 -0.490535
v -0.529200 0.591112 0.484497
v -0.529200 0.118135 0.484497
v -0.606169 0.118135 0.484497
v -0.606169 0.591112 0.484497
v 0.529200 0.591112 -0.484497
v 0.529200 0.118135 -0.484497
v 0.606169 0.118135 -0.484497
v 0.606169 0.591112 -0.484497
v 0.621986 0.889070 -0.325000
v 0.178014 0.889070 -0.325000
v 0.589628 0.889070 -0.143184
v 0.775774 0.889070 -0.325000
v 0.621986 0.946101 -0.325000
v 0.178014 0.946101 -0.325000
v 0.775774 0.946101 -0.325000
v 0.621986 0.958313 -0.319240
v 0.626800 0.967013 -0.319240
v 0.617172 0.967013 -0.319240
v 0.773570 0.958313 -0.319679
v 0.178014 0.958313 -0.319240
v 0.026430 0.958313 -0.319679
v 0.182828 0.967013 -0.319240
v 0.173200 0.967013 -0.319240
v 0.026430 0.967013 -0.319679
v 0.173200 1.008927 -0.319679
v 0.173200 0.967013 -0.325000
v 0.024226 0.967013 -0.325000
v 0.173200 1.011131 -0.325000
v 0.173200 1.039070 -0.297061
v 0.024226 1.011131 -0.325000
v 0.035799 1.039070 -0.297061
v -0.025000 1.011131 -0.275774
v 0.006039 1.039070 -0.267301
v -0.025000 1.011131 -0.143185
v -0.025000 0.967013 -0.275774
v -0.025000 0.967013 -0.143185
v -0.019679 0.967013 -0.273570
v -0.019679 0.958313 -0.273570
v -0.020430 0.967013 -0.146690
v -0.020430 0.958313 -0.146690
v -0.002642 0.967013 -0.141917
v -0.002642 0.967013 0.141917
v -0.002642 0.958313 -0.141917
v -0.007212 0.967013 -0.138412
v -0.007212 0.967013 0.138412
v -0.007212 1.011131 -0.138412
v 0.024651 1.039070 -0.138412
v -0.007212 1.011131 0.138412
v 0.024651 1.039070 0.138412
v -0.025000 1.011131 0.143184
v 0.006163 1.039070 0.143184
v -0.025000 1.011131 0.275774
v -0.025000 0.967013 0.143185
v -0.020430 0.967013 0.146690
v -0.025000 0.967013 0.275774
v -0.019679 0.967013 0.273570
v 0.024226 0.967013 0.325000
v 0.173200 0.967013 0.325000
v 0.024226 1.011131 0.325000
v 0.026430 0.967013 0.319679
v 0.026430 0.958313 0.319679
v 0.173200 0.967013 0.319240
v 0.182828 0.967013 0.319240
v 0.178014 0.958313 0.319240
v 0.173200 1.008927 0.319679
v 0.182828 1.008927 0.319679
v 0.173200 1.033749 0.294857
v 0.173200 1.011131 0.325000
v 0.173200 1.039070 0.297061
v 0.035799 1.039070 0.297061
v 0.142180 1.039070 0.269031
v 0.161101 1.039070 0.292532
v 0.037675 1.039070 0.292532
v 0.140104 1.039070 0.273559
v 0.161101 1.037691 0.292532
v 0.037675 1.037691 0.292532
v 0.140104 1.037691 0.273559
v 0.045533 1.037691 0.273559
v 0.045533 1.039070 0.273559
v 0.029550 1.037691 0.257576
v 0.029550 1.039070 0.257576
v 0.010569 1.037691 0.265427
v 0.029646 1.037691 0.161394
v 0.029646 1.039070 0.161394
v 0.010688 1.037691 0.146693
v 0.048153 1.037691 0.156616
v 0.048153 1.039070 0.156616
v 0.029180 1.037691 0.141919
v 0.048153 1.037691 -0.156616
v 0.029180 1.037691 -0.141919
v 0.029646 1.037691 -0.161394
v 0.048153 1.039070 -0.156616
v 0.029646 1.039070 -0.161394
v 0.052681 1.039070 -0.160124
v 0.034171 1.039070 -0.164903
v 0.052681 1.039070 0.160124
v 0.075324 1.058709 -0.142583
v 0.062590 1.058709 -0.146838
v 0.075324 1.058709 0.142583
v 0.062590 1.058709 0.146838
v 0.062528 1.058709 0.227692
v 0.034171 1.039070 0.164903
v 0.034080 1.039070 0.255702
v 0.047409 1.039070 0.269031
v 0.071697 1.058709 0.239560
v 0.114426 1.058709 0.239560
v 0.114426 1.058709 -0.239560
v 0.071697 1.058709 -0.239560
v 0.142180 1.039070 -0.269031
v 0.047409 1.039070 -0.269031
v 0.140104 1.039070 -0.273559
v 0.045533 1.039070 -0.273559
v 0.161101 1.039070 -0.292532
v 0.140104 1.037691 -0.273559
v 0.045533 1.037691 -0.273559
v 0.161101 1.037691 -0.292532
v 0.037675 1.037691 -0.292532
v 0.010569 1.037691 -0.265427
v 0.037675 1.039070 -0.292532
v 0.010569 1.039070 -0.265427
v 0.010688 1.039070 -0.146693
v 0.010688 1.037691 -0.146693
v 0.029180 1.039070 -0.141919
v 0.006163 1.039070 -0.143185
v 0.029180 1.039070 0.141919
v 0.010688 1.039070 0.146693
v 0.010569 1.039070 0.265427
v 0.006039 1.039070 0.267301
v 0.029550 1.037691 -0.257576
v 0.029550 1.039070 -0.257576
v 0.034080 1.039070 -0.255702
v 0.062528 1.058709 -0.227692
v 0.182828 1.033749 0.294857
v 0.173200 1.033749 -0.294857
v 0.182828 1.033749 -0.294857
v 0.182828 1.008927 -0.319679
v 0.182828 1.011131 -0.325000
v 0.617172 1.033749 -0.294857
v 0.617172 1.011131 -0.325000
v 0.182828 1.011131 0.325000
v 0.617172 1.033749 0.294857
v 0.617172 1.011131 0.325000
v 0.617172 1.008927 0.319679
v 0.617172 0.967013 0.325000
v 0.182828 0.967013 0.325000
v 0.617172 0.967013 0.319240
v 0.621986 0.958313 0.319240
v 0.626800 0.967013 0.319240
v 0.626800 1.008927 0.319679
v 0.773570 0.967013 0.319679
v 0.626800 0.967013 0.325000
v 0.775774 0.967013 0.325000
v 0.626800 1.011131 0.325000
v 0.626800 1.039070 0.297061
v 0.775774 1.011131 0.325000
v 0.764201 1.039070 0.297061
v 0.825000 1.011131 0.275774
v 0.793961 1.039070 0.267301
v 0.825000 1.011131 0.143185
v 0.825000 0.967013 0.275774
v 0.819679 0.967013 0.273570
v 0.825000 0.967013 0.143185
v 0.807212 0.967013 0.138412
v 0.820430 0.967013 0.146690
v 0.820430 0.958313 0.146690
v 0.802642 0.967013 0.141917
v 0.802642 0.958313 0.141917
v 0.802642 0.967013 -0.141917
v 0.820430 0.967013 -0.146690
v 0.802642 0.958313 -0.141917
v 0.807212 0.967013 -0.138412
v 0.825000 0.967013 -0.143185
v 0.807212 1.011131 -0.138412
v 0.775349 1.039070 -0.138412
v 0.825000 1.011131 -0.143184
v 0.807212 1.011131 0.138412
v 0.775349 1.039070 0.138412
v 0.793837 1.039070 0.143185
v 0.770820 1.039070 0.141919
v 0.789312 1.039070 0.146693
v 0.770820 1.039070 -0.141919
v 0.770820 1.037691 0.141919
v 0.751847 1.037691 0.156616
v 0.789312 1.037691 0.146693
v 0.770820 1.037691 -0.141919
v 0.751847 1.037691 -0.156616
v 0.789312 1.037691 -0.146693
v 0.770354 1.037691 -0.161394
v 0.789430 1.037691 -0.265427
v 0.789312 1.039070 -0.146693
v 0.789430 1.039070 -0.265427
v 0.793837 1.039070 -0.143184
v 0.793961 1.039070 -0.267301
v 0.764201 1.039070 -0.297061
v 0.825000 1.011131 -0.275774
v 0.775774 1.011131 -0.325000
v 0.825000 0.967013 -0.275774
v 0.775774 0.967013 -0.325000
v 0.819679 0.967013 -0.273570
v 0.773570 0.967013 -0.319679
v 0.819679 0.958313 -0.273570
v 0.820430 0.958313 -0.146690
v 0.825000 0.946101 -0.275774
v 0.825000 0.946101 -0.143185
v 0.825000 0.889070 -0.275774
v 0.825000 0.889070 -0.143185
v 0.807212 0.889070 -0.138412
v 0.807212 0.889070 0.138412
v 0.589628 0.889070 -0.138412
v 0.807212 0.946101 -0.138412
v 0.807212 0.908906 -0.124322
v 0.807212 0.926265 -0.124322
v 0.807212 0.908906 0.124322
v 0.805162 0.908906 -0.124322
v 0.805162 0.926265 -0.124322
v 0.805162 0.908906 0.124322
v 0.805162 0.911055 -0.122173
v 0.805162 0.924117 -0.122173
v 0.805162 0.911055 0.122173
v 0.803932 0.911055 -0.122173
v 0.803932 0.924117 -0.122173
v 0.803932 0.911055 0.122173
v 0.803932 0.924117 0.122173
v 0.805162 0.924117 0.122173
v 0.805162 0.926265 0.124322
v 0.807212 0.926265 0.124322
v 0.807212 0.946101 0.138412
v 0.825000 0.946101 0.143185
v 0.825000 0.946101 0.275774
v 0.825000 0.889070 0.143184
v 0.589628 0.889070 0.143185
v 0.825000 0.889070 0.275774
v 0.775774 0.889070 0.325000
v 0.621986 0.889070 0.325000
v 0.775774 0.946101 0.325000
v 0.773570 0.958313 0.319679
v 0.621986 0.946101 0.325000
v 0.178014 0.946101 0.325000
v 0.024226 0.946101 0.325000
v 0.178014 0.889070 0.325000
v 0.210372 0.889070 0.143185
v 0.024226 0.889070 0.325000
v -0.025000 0.889070 0.275774
v -0.025000 0.889070 0.143185
v -0.025000 0.946101 0.275774
v -0.025000 0.946101 0.143185
v -0.019679 0.958313 0.273570
v -0.020430 0.958313 0.146690
v -0.002642 0.958313 0.141917
v -0.007212 0.946101 0.138412
v -0.007212 0.946101 -0.138412
v -0.007212 0.889070 0.138412
v -0.007212 0.926265 0.124322
v -0.007212 0.908906 0.124322
v -0.007212 0.926265 -0.124322
v -0.005162 0.926265 0.124322
v -0.005162 0.908906 0.124322
v -0.005162 0.926265 -0.124322
v -0.005162 0.924117 0.122173
v -0.005162 0.911055 0.122173
v -0.005162 0.924117 -0.122173
v -0.003933 0.924117 0.122173
v -0.003933 0.911055 0.122173
v -0.003933 0.924117 -0.122173
v -0.003933 0.911055 -0.122173
v -0.005162 0.911055 -0.122173
v -0.005162 0.908906 -0.124322
v -0.007212 0.908906 -0.124322
v -0.007212 0.889070 -0.138412
v -0.025000 0.889070 -0.143184
v 0.210372 0.889070 -0.138412
v 0.210372 0.889070 -0.143184
v 0.210372 0.889070 0.138412
v 0.589628 0.889070 0.138412
v -0.025000 0.889070 -0.275774
v -0.025000 0.946101 -0.143185
v -0.025000 0.946101 -0.275774
v 0.024226 0.946101 -0.325000
v 0.024226 0.889070 -0.325000
v 0.819679 0.958313 0.273570
v 0.626800 0.967013 -0.325000
v 0.626800 1.011131 -0.325000
v 0.626800 1.008927 -0.319679
v 0.626800 1.039070 -0.297061
v 0.626800 1.033749 -0.294857
v 0.657820 1.039070 -0.269031
v 0.638899 1.039070 -0.292532
v 0.638899 1.037691 -0.292532
v 0.762325 1.039070 -0.292532
v 0.659896 1.039070 -0.273559
v 0.659896 1.037691 -0.273559
v 0.754467 1.039070 -0.273559
v 0.754467 1.037691 -0.273559
v 0.770450 1.039070 -0.257576
v 0.752591 1.039070 -0.269031
v 0.765920 1.039070 -0.255702
v 0.728303 1.058709 -0.239560
v 0.737472 1.058709 -0.227692
v 0.685574 1.058709 -0.239560
v 0.685574 1.058709 0.239560
v 0.728303 1.058709 0.239560
v 0.657820 1.039070 0.269031
v 0.752591 1.039070 0.269031
v 0.659896 1.039070 0.273559
v 0.659896 1.037691 0.273559
v 0.754467 1.039070 0.273559
v 0.638899 1.039070 0.292532
v 0.638899 1.037691 0.292532
v 0.762325 1.039070 0.292532
v 0.789430 1.039070 0.265427
v 0.762325 1.037691 0.292532
v 0.754467 1.037691 0.273559
v 0.789430 1.037691 0.265427
v 0.770450 1.037691 0.257576
v 0.770354 1.037691 0.161394
v 0.770450 1.039070 0.257576
v 0.770354 1.039070 0.161394
v 0.765920 1.039070 0.255702
v 0.765829 1.039070 0.164903
v 0.737472 1.058709 0.227692
v 0.737409 1.058709 0.146838
v 0.724676 1.058709 0.142583
v 0.724676 1.058709 -0.142583
v 0.747319 1.039070 0.160124
v 0.747319 1.039070 -0.160124
v 0.751847 1.039070 0.156616
v 0.751847 1.039070 -0.156616
v 0.770354 1.039070 -0.161394
v 0.765829 1.039070 -0.164903
v 0.737409 1.058709 -0.146838
v 0.770450 1.037691 -0.257576
v 0.762325 1.037691 -0.292532
v 0.626800 1.033749 0.294857
v 0.617172 1.008927 -0.319679
v 0.617172 0.967013 -0.325000
v 0.182828 0.967013 -0.325000
v 0.182828 1.039070 0.297061
v 0.617172 1.039070 0.297061
v 0.203110 1.058641 -0.223439
v 0.251238 1.058654 -0.273576
v 0.182863 1.039070 -0.297025
v 0.528694 1.058641 -0.276779
v 0.596891 1.039070 -0.223439
v 0.617137 1.039070 -0.297025
v 0.251238 1.058654 0.273576
v 0.204883 1.058659 0.222752
v 0.596891 1.039070 0.223439
v 0.528694 1.058641 0.276779
v 0.528709 1.071499 -0.276779
v 0.596891 1.059146 -0.223303
v 0.200943 1.237415 -0.220925
v 0.245014 1.214031 -0.274396
v 0.251706 1.232571 0.276779
v 0.200943 1.237415 0.220925
v 0.596891 1.059146 0.223303
v 0.528709 1.071499 0.276779
v 0.561584 1.088449 -0.288589
v 0.609931 1.064159 -0.235113
v 0.199347 1.270440 -0.235113
v 0.247694 1.246151 -0.288589
v 0.247694 1.246151 0.288589
v 0.199347 1.270440 0.235113
v 0.609931 1.064159 0.235113
v 0.561584 1.088449 0.288589
v 0.605340 1.091967 -0.228324
v 0.565868 1.111798 -0.272003
v 0.263870 1.263525 -0.272003
v 0.224398 1.283356 -0.228324
v 0.224398 1.283356 0.228325
v 0.263870 1.263525 0.272003
v 0.565868 1.111798 0.272003
v 0.605340 1.091967 0.228324
v 0.203109 1.039070 -0.223440
v 0.251758 1.039070 -0.276779
v 0.251758 1.039070 0.276779
v 0.203109 1.039070 0.223440
v 0.548242 1.039070 -0.276779
v 0.548294 1.083562 -0.276779
v 0.548294 1.083562 0.276779
v 0.548242 1.039070 0.276779
v 0.245014 1.214031 0.274396
v 0.203109 1.256986 0.223303
v 0.203109 1.256986 -0.223303
v 0.251706 1.232571 -0.276779
v 0.254517 1.058605 0.266173
v 0.251387 1.214055 0.264266
v 0.212342 1.237562 0.217284
v 0.212536 1.058767 0.219903
v 0.251387 1.214055 -0.264266
v 0.254517 1.058605 -0.266173
v 0.214309 1.058786 -0.219218
v 0.212342 1.237562 -0.217284
v 0.528702 1.058472 -0.264812
v 0.528717 1.071330 -0.264812
v 0.528717 1.071330 0.264812
v 0.528702 1.058472 0.264812
v 0.256606 1.058613 -0.265836
v 0.251759 1.058641 -0.276778
v 0.256606 1.058613 0.265836
v 0.251759 1.058641 0.276778
v 0.204883 1.058659 -0.222752
v 0.203110 1.058641 0.223439
v 0.212536 1.058767 -0.219903
v 0.214309 1.058786 0.219218
v 0.204897 1.056977 -0.222749
v 0.212549 1.057085 -0.219899
v 0.212549 1.057085 0.219899
v 0.204897 1.056977 0.222749
v 0.254521 1.056923 -0.266167
v 0.251241 1.056971 -0.273570
v 0.254521 1.056923 0.266167
v 0.251241 1.056971 0.273570
v 0.571958 1.108738 -0.288589
v 0.620161 1.084521 -0.235249
v 0.620161 1.084521 0.235249
v 0.571958 1.108738 0.288589
v 0.257780 1.266585 0.288589
v 0.209577 1.290802 0.235249
v 0.209577 1.290802 -0.235249
v 0.257780 1.266585 -0.288589
v 0.559694 1.106970 -0.263853
v 0.594876 1.089294 -0.224921
v 0.594876 1.089294 0.224921
v 0.559694 1.106970 0.263853
v 0.263682 1.255690 0.263853
v 0.228500 1.273366 0.224921
v 0.228500 1.273366 -0.224921
v 0.263682 1.255690 -0.263853
v 0.561887 1.103875 -0.272003
v 0.601359 1.084044 -0.228324
v 0.601359 1.084044 0.228324
v 0.561887 1.103875 0.272003
v 0.259890 1.255602 0.272003
v 0.220417 1.275433 0.228325
v 0.220417 1.275433 -0.228324
v 0.259890 1.255602 -0.272003
v 0.565974 1.119470 -0.263853
v 0.601156 1.101794 -0.224921
v 0.601156 1.101794 0.224921
v 0.565974 1.119470 0.263853
v 0.269962 1.268190 0.263853
v 0.234780 1.285866 0.224921
v 0.234780 1.285866 -0.224921
v 0.269962 1.268190 -0.263853
v 0.558894 1.105379 -0.263853
v 0.594076 1.087703 -0.224921
v 0.594076 1.087703 0.224921
v 0.558894 1.105379 0.263853
v 0.262882 1.254098 0.263853
v 0.227700 1.271774 0.224921
v 0.227700 1.271774 -0.224921
v 0.262882 1.254098 -0.263853
v 0.560768 1.124079 -0.247498
v 0.587342 1.110728 -0.218093
v 0.587342 1.110728 0.218093
v 0.560768 1.124079 0.247498
v 0.276767 1.266764 0.247498
v 0.250194 1.280115 0.218093
v 0.250194 1.280115 -0.218093
v 0.276767 1.266764 -0.247498
v 0.559345 1.107145 -0.262904
v 0.565626 1.119645 -0.262904
v 0.600308 1.102220 -0.224525
v 0.594028 1.089720 -0.224525
v 0.559345 1.107145 0.262904
v 0.565626 1.119645 0.262904
v 0.270310 1.268015 0.262904
v 0.264030 1.255515 0.262904
v 0.600308 1.102220 0.224525
v 0.594028 1.089720 0.224525
v 0.229348 1.272940 -0.224525
v 0.235628 1.285440 -0.224525
v 0.270310 1.268015 -0.262904
v 0.264030 1.255515 -0.262904
v 0.229348 1.272940 0.224525
v 0.235628 1.285440 0.224525
v 0.566774 1.121062 -0.263853
v 0.601956 1.103386 -0.224921
v 0.601956 1.103386 0.224921
v 0.566774 1.121062 0.263853
v 0.270762 1.269781 0.263853
v 0.235579 1.287457 0.224921
v 0.235579 1.287457 -0.224921
v 0.270762 1.269781 -0.263853
v 0.556673 1.123273 -0.239472
v 0.579021 1.112044 -0.214742
v 0.579021 1.112044 0.214742
v 0.556673 1.123273 0.239472
v 0.278565 1.262997 0.239472
v 0.256217 1.274225 0.214742
v 0.256217 1.274225 -0.214742
v 0.278565 1.262997 -0.239472
v 0.559620 1.121792 -0.247498
v 0.586193 1.108441 -0.218093
v 0.586193 1.108441 0.218093
v 0.559620 1.121792 0.247498
v 0.275618 1.264478 0.247498
v 0.249045 1.277828 0.218093
v 0.249045 1.277828 -0.218093
v 0.275618 1.264478 -0.247498
v 0.255780 1.273356 0.214742
v 0.578584 1.111175 -0.214742
v 0.578584 1.111175 0.214742
v 0.557790 1.121622 0.243704
v 0.269693 1.274187 -0.202682
v 0.573081 1.121761 -0.205072
v 0.567883 1.124373 0.199255
v 0.556236 1.122403 0.239472
v 0.278128 1.262128 0.239472
v 0.255780 1.273356 -0.214742
v 0.272756 1.272648 0.199255
v 0.556236 1.122403 -0.239472
v 0.278128 1.262128 -0.239472
v 0.581459 1.109731 0.217995
v 0.557790 1.121622 -0.243704
v 0.276574 1.262908 -0.243704
v 0.260196 1.282147 0.214742
v 0.260196 1.282147 -0.214742
v 0.583001 1.119966 -0.214742
v 0.583001 1.119966 0.214742
v 0.276574 1.262908 0.243704
v 0.252905 1.274800 0.217995
v 0.252905 1.274800 -0.217995
v 0.272756 1.272648 0.015487
v 0.581459 1.109731 -0.217995
v 0.567883 1.124373 0.015487
v 0.562206 1.130413 0.243704
v 0.280991 1.271699 0.243704
v 0.280991 1.271699 -0.243704
v 0.562206 1.130413 -0.243704
v 0.257322 1.283591 0.217995
v 0.585875 1.118522 0.217995
v 0.585875 1.118522 -0.217995
v 0.257322 1.283591 -0.217995
v 0.258917 1.279601 0.214742
v 0.581722 1.117420 0.214742
v 0.573081 1.121761 -0.009670
v 0.269693 1.274187 -0.012060
v 0.277394 1.267520 0.192808
v 0.561000 1.125033 0.192808
v 0.561000 1.125033 0.021934
v 0.277394 1.267520 0.021934
v 0.271633 1.270414 0.199255
v 0.566761 1.122139 0.199255
v 0.566761 1.122139 0.015487
v 0.271633 1.270414 0.015487
v 0.276801 1.266339 0.192808
v 0.560407 1.123852 0.192808
v 0.560407 1.123852 0.021934
v 0.276801 1.266339 0.021934
v 0.409543 1.203924 -0.202682
v 0.409543 1.203924 -0.012060
v 0.428960 1.194169 -0.009670
v 0.258917 1.279601 0.000000
v 0.258917 1.279601 -0.214742
v 0.428960 1.194169 -0.205072
v 0.408081 1.201013 -0.012060
v 0.268231 1.271275 -0.012060
v 0.268231 1.271275 -0.202682
v 0.408081 1.201013 -0.202682
v 0.400490 1.215822 -0.025491
v 0.284644 1.274025 -0.025491
v 0.284644 1.274025 -0.189251
v 0.400490 1.215822 -0.189251
v 0.412492 1.209793 -0.012060
v 0.272642 1.280055 -0.012060
v 0.272642 1.280055 -0.202682
v 0.412492 1.209793 -0.202682
v 0.396696 1.215567 -0.028766
v 0.286703 1.270829 -0.028766
v 0.286703 1.270829 -0.185976
v 0.396696 1.215567 -0.185976
v 0.399623 1.214096 -0.025491
v 0.283776 1.272299 -0.025491
v 0.283776 1.272299 -0.189251
v 0.399623 1.214096 -0.189251
v 0.395854 1.213891 -0.028766
v 0.285861 1.269153 -0.028766
v 0.285861 1.269153 -0.185976
v 0.395854 1.213891 -0.185976
v 0.420319 1.198510 -0.214742
v 0.581722 1.117420 -0.214742
v 0.581722 1.117420 0.000000
v 0.420319 1.198510 0.000000
v 0.452980 1.182101 -0.205072
v 0.477000 1.170033 -0.205072
v 0.501021 1.157965 -0.205072
v 0.525041 1.145897 -0.205072
v 0.549061 1.133829 -0.205072
v 0.573081 1.121761 -0.172505
v 0.573081 1.121761 -0.139938
v 0.573081 1.121761 -0.107371
v 0.573081 1.121761 -0.074804
v 0.573081 1.121761 -0.042237
v 0.549061 1.133829 -0.009670
v 0.525041 1.145897 -0.009670
v 0.501021 1.157965 -0.009670
v 0.477001 1.170033 -0.009670
v 0.452980 1.182101 -0.009670
v 0.428960 1.194169 -0.172505
v 0.428960 1.194169 -0.139938
v 0.428960 1.194169 -0.107371
v 0.428960 1.194169 -0.074804
v 0.428960 1.194169 -0.042237
v 0.549061 1.133829 -0.042237
v 0.525041 1.145897 -0.042237
v 0.501021 1.157965 -0.042237
v 0.477001 1.170033 -0.042237
v 0.452980 1.182101 -0.042237
v 0.549061 1.133829 -0.074804
v 0.525041 1.145897 -0.074804
v 0.501021 1.157965 -0.074804
v 0.477001 1.170033 -0.074804
v 0.452980 1.182101 -0.074804
v 0.549061 1.133829 -0.107371
v 0.525041 1.145897 -0.107371
v 0.501021 1.157965 -0.107371
v 0.477001 1.170033 -0.107371
v 0.452980 1.182101 -0.107371
v 0.549061 1.133829 -0.139938
v 0.525041 1.145897 -0.139938
v 0.501021 1.157965 -0.139938
v 0.477001 1.170033 -0.139938
v 0.452980 1.182101 -0.139938
v 0.549061 1.133829 -0.172505
v 0.525041 1.145897 -0.172505
v 0.501021 1.157965 -0.172505
v 0.477001 1.170033 -0.172505
v 0.452980 1.182101 -0.172505
v 0.450837 1.183178 -0.174903
v 0.450837 1.183178 -0.202673
v 0.431103 1.193092 -0.202673
v 0.431103 1.193092 -0.174903
v 0.450837 1.183178 -0.012068
v 0.450837 1.183178 -0.039839
v 0.431103 1.193092 -0.039839
v 0.431103 1.193092 -0.012068
v 0.570938 1.122838 -0.012068
v 0.570938 1.122838 -0.039839
v 0.551204 1.132752 -0.039839
v 0.551204 1.132752 -0.012068
v 0.498877 1.159042 -0.044635
v 0.498877 1.159042 -0.072406
v 0.479144 1.168956 -0.072406
v 0.479144 1.168956 -0.044635
v 0.474857 1.171110 -0.044635
v 0.474857 1.171110 -0.072406
v 0.455124 1.181024 -0.072406
v 0.455124 1.181024 -0.044635
v 0.546918 1.134906 -0.077202
v 0.546918 1.134906 -0.104973
v 0.527184 1.144820 -0.104973
v 0.527184 1.144820 -0.077202
v 0.546918 1.134906 -0.109769
v 0.546918 1.134906 -0.137539
v 0.527184 1.144820 -0.137539
v 0.527184 1.144820 -0.109769
v 0.474857 1.171110 -0.109769
v 0.474857 1.171110 -0.137539
v 0.455124 1.181024 -0.137539
v 0.455124 1.181024 -0.109769
v 0.522898 1.146974 -0.142336
v 0.522898 1.146974 -0.170106
v 0.503164 1.156888 -0.170106
v 0.503164 1.156888 -0.142336
v 0.450353 1.182214 -0.202673
v 0.450353 1.182214 -0.174903
v 0.430619 1.192129 -0.174903
v 0.430619 1.192129 -0.202673
v 0.450353 1.182214 -0.039839
v 0.450353 1.182214 -0.012068
v 0.430619 1.192129 -0.012068
v 0.430619 1.192129 -0.039839
v 0.570453 1.121874 -0.039839
v 0.570453 1.121874 -0.012068
v 0.550720 1.131789 -0.012068
v 0.550720 1.131789 -0.039839
v 0.498393 1.158078 -0.072406
v 0.498393 1.158078 -0.044635
v 0.478659 1.167993 -0.044635
v 0.478659 1.167993 -0.072406
v 0.474373 1.170146 -0.072406
v 0.474373 1.170146 -0.044635
v 0.454639 1.180061 -0.044635
v 0.454639 1.180061 -0.072406
v 0.546433 1.133942 -0.104973
v 0.546433 1.133942 -0.077202
v 0.526700 1.143857 -0.077202
v 0.526700 1.143857 -0.104973
v 0.546433 1.133942 -0.137539
v 0.546433 1.133942 -0.109769
v 0.526700 1.143857 -0.109769
v 0.526700 1.143857 -0.137539
v 0.474373 1.170146 -0.137539
v 0.474373 1.170146 -0.109769
v 0.454639 1.180061 -0.109769
v 0.454639 1.180061 -0.137539
v 0.522413 1.146010 -0.170106
v 0.522413 1.146010 -0.142336
v 0.502680 1.155925 -0.142336
v 0.502680 1.155925 -0.170106
v 0.450730 1.183232 -0.077322
v 0.450730 1.183232 -0.104853
v 0.431210 1.193038 -0.104853
v 0.431210 1.193038 -0.077322
v 0.498770 1.159096 -0.012188
v 0.498770 1.159096 -0.039719
v 0.479251 1.168903 -0.039719
v 0.479251 1.168903 -0.012188
v 0.546811 1.134960 -0.044755
v 0.546811 1.134960 -0.072286
v 0.527291 1.144767 -0.072286
v 0.527291 1.144767 -0.044755
v 0.570831 1.122892 -0.077322
v 0.570831 1.122892 -0.104853
v 0.551311 1.132699 -0.104853
v 0.551311 1.132699 -0.077322
v 0.474750 1.171164 -0.077322
v 0.474750 1.171164 -0.104853
v 0.455231 1.180971 -0.104853
v 0.455231 1.180971 -0.077322
v 0.498770 1.159096 -0.142456
v 0.498770 1.159096 -0.169987
v 0.479251 1.168903 -0.169987
v 0.479251 1.168903 -0.142456
v 0.546811 1.134960 -0.175023
v 0.546811 1.134960 -0.202554
v 0.527291 1.144767 -0.202554
v 0.527291 1.144767 -0.175023
v 0.474750 1.171164 -0.175023
v 0.474750 1.171164 -0.202554
v 0.455231 1.180971 -0.202554
v 0.455231 1.180971 -0.175023
v 0.450482 1.182737 -0.104853
v 0.450482 1.182737 -0.077322
v 0.430962 1.192544 -0.077322
v 0.430962 1.192544 -0.104853
v 0.498522 1.158601 -0.039719
v 0.498522 1.158601 -0.012188
v 0.479002 1.168408 -0.012188
v 0.479002 1.168408 -0.039719
v 0.546562 1.134465 -0.072286
v 0.546562 1.134465 -0.044755
v 0.527042 1.144272 -0.044755
v 0.527042 1.144272 -0.072286
v 0.570582 1.122397 -0.104853
v 0.570582 1.122397 -0.077322
v 0.551062 1.132204 -0.077322
v 0.551062 1.132204 -0.104853
v 0.474502 1.170669 -0.104853
v 0.474502 1.170669 -0.077322
v 0.454982 1.180476 -0.077322
v 0.454982 1.180476 -0.104853
v 0.498522 1.158601 -0.169987
v 0.498522 1.158601 -0.142456
v 0.479002 1.168408 -0.142456
v 0.479002 1.168408 -0.169987
v 0.546562 1.134465 -0.202554
v 0.546562 1.134465 -0.175023
v 0.527042 1.144272 -0.175023
v 0.527042 1.144272 -0.202554
v 0.474502 1.170669 -0.202554
v 0.474502 1.170669 -0.175023
v 0.454982 1.180476 -0.175023
v 0.454982 1.180476 -0.202554
v -0.457438 0.914545 -0.376454
v -0.457438 0.971414 -0.376454
v -0.313375 0.914545 -0.347798
v -0.313375 0.971414 -0.347798
v -0.191245 0.914545 -0.266193
v -0.191245 0.971414 -0.266193
v -0.109640 0.914545 -0.144063
v -0.109640 0.971414 -0.144063
v -0.080984 0.914545 0.000000
v -0.080984 0.971414 0.000000
v -0.109640 0.914545 0.144063
v -0.109640 0.971414 0.144063
v -0.191245 0.914545 0.266193
v -0.191245 0.971414 0.266193
v -0.313375 0.914545 0.347798
v -0.313375 0.971414 0.347798
v -0.457438 0.914545 0.376454
v -0.457438 0.971414 0.376454
v -0.601500 0.914545 0.347798
v -0.601500 0.971414 0.347798
v -0.723630 0.914545 0.266193
v -0.723630 0.971414 0.266193
v -0.805235 0.914545 0.144063
v -0.805235 0.971414 0.144063
v -0.833891 0.914545 0.000000
v -0.833891 0.971414 0.000000
v -0.805235 0.914545 -0.144063
v -0.805235 0.971414 -0.144063
v -0.723630 0.914545 -0.266193
v -0.723630 0.971414 -0.266193
v -0.601500 0.914545 -0.347798
v -0.601500 0.971414 -0.347798
v -0.319008 0.995274 -0.334198
v -0.457438 0.995274 -0.361733
v -0.595867 0.995274 -0.334198
v -0.713221 0.995274 -0.255784
v -0.791635 0.995274 -0.138429
v -0.819170 0.995274 0.000000
v -0.791635 0.995274 0.138429
v -0.713221 0.995274 0.255784
v -0.595867 0.995274 0.334198
v -0.457438 0.995274 0.361733
v -0.319008 0.995274 0.334198
v -0.201654 0.995274 0.255784
v -0.123240 0.995274 0.138429
v -0.095705 0.995274 0.000000
v -0.123240 0.995274 -0.138429
v -0.201654 0.995274 -0.255784
v -0.319008 1.037233 -0.334198
v -0.457438 1.037233 -0.361733
v -0.201654 1.037233 -0.255784
v -0.595867 1.037233 -0.334198
v -0.713221 1.037233 -0.255784
v -0.791635 1.037233 -0.138429
v -0.819170 1.037233 0.000000
v -0.791635 1.037233 0.138429
v -0.713221 1.037233 0.255784
v -0.595867 1.037233 0.334198
v -0.457438 1.037233 0.361733
v -0.319008 1.037233 0.334198
v -0.201654 1.037233 0.255784
v -0.123240 1.037233 0.138429
v -0.095705 1.037233 0.000000
v -0.123240 1.037233 -0.138429
v -0.324033 1.037233 -0.322068
v -0.457438 1.037233 -0.348604
v -0.590842 1.037233 -0.322068
v -0.703938 1.037233 -0.246500
v -0.779506 1.037233 -0.133405
v -0.806041 1.037233 0.000000
v -0.779506 1.037233 0.133405
v -0.703938 1.037233 0.246500
v -0.590842 1.037233 0.322068
v -0.457438 1.037233 0.348604
v -0.324033 1.037233 0.322068
v -0.210937 1.037233 0.246500
v -0.135369 1.037233 0.133405
v -0.108834 1.037233 0.000000
v -0.135369 1.037233 -0.133405
v -0.210937 1.037233 -0.246500
v -0.324033 1.563016 -0.322068
v -0.457438 1.563016 -0.348604
v -0.210937 1.563016 -0.246500
v -0.590842 1.563016 -0.322068
v -0.703938 1.563016 -0.246500
v -0.779506 1.563016 -0.133405
v -0.806041 1.563016 0.000000
v -0.779506 1.563016 0.133405
v -0.703938 1.563016 0.246500
v -0.590842 1.563016 0.322068
v -0.457438 1.563016 0.348604
v -0.324033 1.563016 0.322068
v -0.210937 1.563016 0.246500
v -0.135369 1.563016 0.133405
v -0.108834 1.563016 0.000000
v -0.135369 1.563016 -0.133405
v -0.321055 1.563016 -0.329256
v -0.457438 1.563016 -0.356384
v -0.205436 1.563016 -0.252001
v -0.593820 1.563016 -0.329256
v -0.709439 1.563016 -0.252001
v -0.786693 1.563016 -0.136382
v -0.813821 1.563016 -0.000000
v -0.786693 1.563016 0.136382
v -0.709439 1.563016 0.252001
v -0.593820 1.563016 0.329256
v -0.457438 1.563016 0.356384
v -0.321055 1.563016 0.329256
v -0.205436 1.563016 0.252001
v -0.128182 1.563016 0.136382
v -0.101054 1.563016 -0.000000
v -0.128182 1.563016 -0.136382
v -0.321055 1.616681 -0.329256
v -0.457438 1.616681 -0.356384
v -0.205436 1.616681 -0.252001
v -0.593820 1.616681 -0.329256
v -0.709439 1.616681 -0.252001
v -0.786693 1.616681 -0.136382
v -0.813821 1.616681 -0.000000
v -0.786693 1.616681 0.136382
v -0.709439 1.616681 0.252001
v -0.593820 1.616681 0.329256
v -0.457438 1.616681 0.356384
v -0.321055 1.616681 0.329256
v -0.205436 1.616681 0.252001
v -0.128182 1.616681 0.136382
v -0.101054 1.616681 -0.000000
v -0.128182 1.616681 -0.136382
v -0.338784 1.616681 -0.286454
v -0.457438 1.616681 -0.310055
v -0.576091 1.616681 -0.286454
v -0.676680 1.616681 -0.219242
v -0.743891 1.616681 -0.118653
v -0.767493 1.616681 -0.000000
v -0.743891 1.616681 0.118653
v -0.676680 1.616681 0.219242
v -0.576091 1.616681 0.286454
v -0.457438 1.616681 0.310055
v -0.338784 1.616681 0.286454
v -0.238195 1.616681 0.219242
v -0.170984 1.616681 0.118653
v -0.147382 1.616681 -0.000000
v -0.170984 1.616681 -0.118653
v -0.238195 1.616681 -0.219242
v -0.338784 1.563040 -0.286454
v -0.457438 1.563040 -0.310055
v -0.238195 1.563040 -0.219242
v -0.576091 1.563040 -0.286454
v -0.676680 1.563040 -0.219242
v -0.743891 1.563040 -0.118653
v -0.767493 1.563040 -0.000000
v -0.743891 1.563040 0.118653
v -0.676680 1.563040 0.219242
v -0.576091 1.563040 0.286454
v -0.457438 1.563040 0.310055
v -0.338784 1.563040 0.286454
v -0.238195 1.563040 0.219242
v -0.170984 1.563040 0.118653
v -0.147382 1.563040 -0.000000
v -0.170984 1.563040 -0.118653
v -0.333082 1.563040 -0.300220
v -0.457438 1.563040 -0.324956
v -0.227659 1.563040 -0.229778
v -0.581793 1.563040 -0.300220
v -0.687216 1.563040 -0.229778
v -0.757658 1.563040 -0.124355
v -0.782393 1.563040 -0.000000
v -0.757658 1.563040 0.124355
v -0.687216 1.563040 0.229778
v -0.581793 1.563040 0.300220
v -0.457438 1.563040 0.324956
v -0.333082 1.563040 0.300220
v -0.227659 1.563040 0.229778
v -0.157218 1.563040 0.124355
v -0.132482 1.563040 -0.000000
v -0.157218 1.563040 -0.124355
v -0.333082 1.037246 -0.300220
v -0.457438 1.037246 -0.324956
v -0.227659 1.037246 -0.229778
v -0.581793 1.037246 -0.300220
v -0.687216 1.037246 -0.229778
v -0.757658 1.037246 -0.124355
v -0.782393 1.037246 -0.000000
v -0.757658 1.037246 0.124355
v -0.687216 1.037246 0.229778
v -0.581793 1.037246 0.300220
v -0.457438 1.037246 0.324956
v -0.333082 1.037246 0.300220
v -0.227659 1.037246 0.229778
v -0.157218 1.037246 0.124355
v -0.132482 1.037246 -0.000000
v -0.157218 1.037246 -0.124355
v -0.338167 1.037246 -0.287944
v -0.576708 1.037246 -0.287944
v -0.677820 1.037246 -0.220383
v -0.745381 1.037246 -0.119270
v -0.769106 1.037246 -0.000000
v -0.745381 1.037246 0.119270
v -0.677820 1.037246 0.220383
v -0.576708 1.037246 0.287944
v -0.457438 1.037246 0.311668
v -0.338167 1.037246 0.287944
v -0.237055 1.037246 0.220383
v -0.169494 1.037246 0.119270
v -0.145769 1.037246 -0.000000
v -0.169494 1.037246 -0.119270
v -0.237055 1.037246 -0.220383
v -0.331204 1.616681 -0.323831
v -0.450137 1.616681 -0.347488
v -0.450137 1.616681 -0.316046
v -0.343236 1.616681 -0.294783
v -0.597160 1.616681 -0.318244
v -0.697987 1.616681 -0.250873
v -0.675754 1.616681 -0.228641
v -0.585128 1.616681 -0.289195
v -0.781269 1.616681 -0.126234
v -0.804926 1.616681 -0.007300
v -0.773484 1.616681 -0.007300
v -0.752220 1.616681 -0.114201
v -0.775681 1.616681 0.139723
v -0.708311 1.616681 0.240549
v -0.686078 1.616681 0.218317
v -0.746633 1.616681 0.127690
v -0.583671 1.616681 0.323831
v -0.464738 1.616681 0.347488
v -0.464738 1.616681 0.316046
v -0.571639 1.616681 0.294783
v -0.317715 1.616681 0.318244
v -0.216888 1.616681 0.250873
v -0.239121 1.616681 0.228641
v -0.329747 1.616681 0.289195
v -0.133606 1.616681 0.126234
v -0.109949 1.616681 0.007300
v -0.141391 1.616681 0.007300
v -0.162655 1.616681 0.114201
v -0.139194 1.616681 -0.139723
v -0.206564 1.616681 -0.240549
v -0.228797 1.616681 -0.218317
v -0.168242 1.616681 -0.127690
v -0.331204 1.656922 -0.323831
v -0.450137 1.656922 -0.347488
v -0.343236 1.656922 -0.294783
v -0.450137 1.656922 -0.316046
v -0.597160 1.656922 -0.318244
v -0.697987 1.656922 -0.250873
v -0.585128 1.656922 -0.289195
v -0.675754 1.656922 -0.228641
v -0.781269 1.656922 -0.126234
v -0.804926 1.656922 -0.007300
v -0.752220 1.656922 -0.114201
v -0.773484 1.656922 -0.007300
v -0.775681 1.656922 0.139723
v -0.708311 1.656922 0.240549
v -0.746633 1.656922 0.127690
v -0.686078 1.656922 0.218317
v -0.583671 1.656922 0.323831
v -0.464738 1.656922 0.347488
v -0.571639 1.656922 0.294783
v -0.464738 1.656922 0.316046
v -0.317715 1.656922 0.318244
v -0.216888 1.656922 0.250873
v -0.329747 1.656922 0.289195
v -0.239121 1.656922 0.228641
v -0.133606 1.656922 0.126234
v -0.109949 1.656922 0.007300
v -0.162655 1.656922 0.114201
v -0.141391 1.656922 0.007300
v -0.139194 1.656922 -0.139723
v -0.206564 1.656922 -0.240549
v -0.168242 1.656922 -0.127690
v -0.228797 1.656922 -0.218317
v -0.325774 1.671645 -0.324117
v -0.455045 1.671645 -0.349831
v -0.338852 1.656922 -0.292544
v -0.455045 1.656922 -0.315656
v -0.593523 1.671645 -0.322286
v -0.703113 1.671645 -0.249060
v -0.580444 1.656922 -0.290713
v -0.678948 1.656922 -0.224894
v -0.781555 1.671645 -0.131664
v -0.807269 1.671645 -0.002393
v -0.749981 1.656922 -0.118586
v -0.773094 1.656922 -0.002393
v -0.779724 1.671645 0.136085
v -0.706497 1.671645 0.245676
v -0.748150 1.656922 0.123007
v -0.682332 1.656922 0.221511
v -0.589101 1.671645 0.324117
v -0.459830 1.671645 0.349831
v -0.576023 1.656922 0.292544
v -0.459830 1.656922 0.315656
v -0.321352 1.671645 0.322286
v -0.211762 1.671645 0.249060
v -0.334431 1.656922 0.290713
v -0.235927 1.656922 0.224894
v -0.133320 1.671645 0.131664
v -0.107607 1.671645 0.002393
v -0.164894 1.656922 0.118586
v -0.141781 1.656922 0.002393
v -0.135151 1.671645 -0.136085
v -0.208378 1.671645 -0.245676
v -0.166725 1.656922 -0.123007
v -0.232543 1.656922 -0.221511
v -0.325774 1.706850 -0.324117
v -0.455045 1.706850 -0.349831
v -0.338852 1.721573 -0.292544
v -0.455045 1.721573 -0.315656
v -0.593523 1.706850 -0.322286
v -0.703113 1.706850 -0.249060
v -0.580444 1.721573 -0.290713
v -0.678948 1.721573 -0.224894
v -0.781555 1.706850 -0.131664
v -0.807269 1.706850 -0.002393
v -0.749981 1.721573 -0.118586
v -0.773094 1.721573 -0.002393
v -0.779724 1.706850 0.136085
v -0.706497 1.706850 0.245676
v -0.748150 1.721573 0.123007
v -0.682332 1.721573 0.221511
v -0.589101 1.706850 0.324117
v -0.459830 1.706850 0.349831
v -0.576023 1.721573 0.292544
v -0.459830 1.721573 0.315656
v -0.321352 1.706850 0.322286
v -0.211762 1.706850 0.249060
v -0.334431 1.721573 0.290713
v -0.235927 1.721573 0.224894
v -0.133320 1.706850 0.131664
v -0.107607 1.706850 0.002393
v -0.164894 1.721573 0.118586
v -0.141781 1.721573 0.002393
v -0.135151 1.706850 -0.136085
v -0.208378 1.706850 -0.245676
v -0.166725 1.721573 -0.123007
v -0.232543 1.721573 -0.221511
v -0.606001 1.627314 -0.312336
v -0.689146 1.627314 -0.256781
v -0.689146 1.646289 -0.256781
v -0.606001 1.646289 -0.312336
v -0.131532 1.627314 0.115805
v -0.112024 1.627314 0.017729
v -0.112024 1.646289 0.017729
v -0.131532 1.646289 0.115805
v -0.573242 1.627314 0.325905
v -0.475166 1.627314 0.345414
v -0.475166 1.646289 0.345414
v -0.573242 1.646289 0.325905
v -0.769774 1.627314 0.148564
v -0.714218 1.627314 0.231708
v -0.714218 1.646289 0.231708
v -0.769774 1.646289 0.148564
v -0.308874 1.627314 0.312336
v -0.225729 1.627314 0.256781
v -0.225729 1.646289 0.256781
v -0.308874 1.646289 0.312336
v -0.341633 1.627314 -0.325905
v -0.439709 1.627314 -0.345414
v -0.439709 1.646289 -0.345414
v -0.341633 1.646289 -0.325905
v -0.145101 1.627314 -0.148564
v -0.200657 1.627314 -0.231708
v -0.200657 1.646289 -0.231708
v -0.145101 1.646289 -0.148564
v -0.783343 1.627314 -0.115805
v -0.802851 1.627314 -0.017729
v -0.802851 1.646289 -0.017729
v -0.783343 1.646289 -0.115805
v -0.604401 1.627314 -0.309942
v -0.687546 1.627314 -0.254386
v -0.604401 1.646289 -0.309942
v -0.687546 1.646289 -0.254386
v -0.134357 1.627314 0.115243
v -0.114848 1.627314 0.017167
v -0.134357 1.646289 0.115243
v -0.114848 1.646289 0.017167
v -0.572680 1.627314 0.323081
v -0.474605 1.627314 0.342589
v -0.572680 1.646289 0.323081
v -0.474605 1.646289 0.342589
v -0.767379 1.627314 0.146964
v -0.711824 1.627314 0.230108
v -0.767379 1.646289 0.146964
v -0.711824 1.646289 0.230108
v -0.310474 1.627314 0.309942
v -0.227329 1.627314 0.254386
v -0.310474 1.646289 0.309942
v -0.227329 1.646289 0.254386
v -0.342195 1.627314 -0.323081
v -0.440270 1.627314 -0.342589
v -0.342195 1.646289 -0.323081
v -0.440270 1.646289 -0.342589
v -0.147496 1.627314 -0.146964
v -0.203051 1.627314 -0.230108
v -0.147496 1.646289 -0.146964
v -0.203051 1.646289 -0.230108
v -0.780518 1.627314 -0.115243
v -0.800027 1.627314 -0.017167
v -0.780518 1.646289 -0.115243
v -0.800027 1.646289 -0.017167
v -0.322573 1.037233 -0.329405
v -0.457438 1.037233 -0.356084
v -0.786842 1.037233 -0.134864
v -0.813522 1.037233 0.000000
v -0.592302 1.037233 0.329405
v -0.457438 1.037233 0.356084
v -0.128033 1.037233 0.134864
v -0.101353 1.037233 0.000000
v -0.322573 1.563016 -0.329405
v -0.457438 1.563016 -0.356084
v -0.592302 1.563016 -0.329405
v -0.786842 1.563016 -0.134864
v -0.813522 1.563016 0.000000
v -0.786842 1.563016 0.134864
v -0.592302 1.563016 0.329405
v -0.457438 1.563016 0.356084
v -0.322573 1.563016 0.329405
v -0.128033 1.563016 0.134864
v -0.101353 1.563016 0.000000
v -0.128033 1.563016 -0.134864
v -0.338167 1.363968 -0.287944
v -0.457437 1.363968 -0.311668
v -0.237055 1.363968 -0.220383
v -0.576708 1.363968 -0.287944
v -0.677820 1.363968 -0.220383
v -0.745381 1.363968 -0.119270
v -0.769106 1.363968 -0.000000
v -0.745381 1.363968 0.119270
v -0.677820 1.363968 0.220383
v -0.576708 1.363968 0.287944
v -0.457437 1.363968 0.311668
v -0.338167 1.363968 0.287944
v -0.237055 1.363968 0.220383
v -0.169493 1.363968 0.119270
v -0.145769 1.363968 -0.000000
v -0.169493 1.363968 -0.119270
v -0.457438 1.037246 -0.311668
v -0.457438 0.890685 -0.376454
v -0.313375 0.890685 -0.347798
v -0.313375 0.995274 -0.347798
v -0.457438 0.995274 -0.376454
v -0.191245 0.890685 -0.266193
v -0.191245 0.995274 -0.266193
v -0.109640 0.890685 -0.144063
v -0.109640 0.995274 -0.144063
v -0.080984 0.890685 0.000000
v -0.080984 0.995274 0.000000
v -0.109640 0.890685 0.144063
v -0.109640 0.995274 0.144063
v -0.191245 0.890685 0.266193
v -0.191245 0.995274 0.266193
v -0.313375 0.890685 0.347798
v -0.313375 0.995274 0.347798
v -0.457438 0.890685 0.376454
v -0.457438 0.995274 0.376454
v -0.601500 0.890685 0.347798
v -0.601500 0.995274 0.347798
v -0.723630 0.890685 0.266193
v -0.723630 0.995274 0.266193
v -0.805235 0.890685 0.144063
v -0.805235 0.995274 0.144063
v -0.833891 0.890685 0.000000
v -0.833891 0.995274 0.000000
v -0.805235 0.890685 -0.144063
v -0.805235 0.995274 -0.144063
v -0.723630 0.890685 -0.266193
v -0.723630 0.995274 -0.266193
v -0.601500 0.890685 -0.347798
v -0.601500 0.995274 -0.347798
v -0.325774 1.656922 -0.324117
v -0.455045 1.656922 -0.349831
v -0.593523 1.656922 -0.322286
v -0.703113 1.656922 -0.249060
v -0.781555 1.656922 -0.131664
v -0.807269 1.656922 -0.002393
v -0.779724 1.656922 0.136085
v -0.706497 1.656922 0.245676
v -0.589101 1.656922 0.324117
v -0.459830 1.656922 0.349831
v -0.321352 1.656922 0.322286
v -0.211762 1.656922 0.249060
v -0.133320 1.656922 0.131664
v -0.107607 1.656922 0.002393
v -0.135151 1.656922 -0.136085
v -0.208378 1.656922 -0.245676
v -0.325774 1.721573 -0.324117
v -0.455045 1.721573 -0.349831
v -0.593523 1.721573 -0.322286
v -0.703113 1.721573 -0.249060
v -0.781555 1.721573 -0.131664
v -0.807269 1.721573 -0.002393
v -0.779724 1.721573 0.136085
v -0.706497 1.721573 0.245676
v -0.589101 1.721573 0.324117
v -0.459830 1.721573 0.349831
v -0.321352 1.721573 0.322286
v -0.211762 1.721573 0.249060
v -0.133320 1.721573 0.131664
v -0.107607 1.721573 0.002393
v -0.135151 1.721573 -0.136085
v -0.208378 1.721573 -0.245676
v -0.457438 0.914545 -0.375030
v -0.457438 0.971414 -0.375030
v -0.313920 0.971414 -0.346483
v -0.313920 0.914545 -0.346483
v -0.192251 0.971414 -0.265186
v -0.192251 0.914545 -0.265186
v -0.110955 0.971414 -0.143518
v -0.110955 0.914545 -0.143518
v -0.082407 0.971414 0.000000
v -0.082407 0.914545 0.000000
v -0.110955 0.971414 0.143518
v -0.110955 0.914545 0.143518
v -0.192251 0.971414 0.265186
v -0.192251 0.914545 0.265186
v -0.313920 0.971414 0.346483
v -0.313920 0.914545 0.346483
v -0.457438 0.971414 0.375030
v -0.457438 0.914545 0.375030
v -0.600955 0.971414 0.346483
v -0.600955 0.914545 0.346483
v -0.722624 0.971414 0.265186
v -0.722624 0.914545 0.265186
v -0.803920 0.971414 0.143518
v -0.803920 0.914545 0.143518
v -0.832468 0.971414 0.000000
v -0.832468 0.914545 0.000000
v -0.803920 0.971414 -0.143518
v -0.803920 0.914545 -0.143518
v -0.722624 0.971414 -0.265186
v -0.722624 0.914545 -0.265186
v -0.600955 0.971414 -0.346483
v -0.600955 0.914545 -0.346483
v -0.702107 1.706850 -0.248053
v -0.702107 1.671645 -0.248053
v -0.212768 1.671645 0.248053
v -0.212768 1.706850 0.248053
v -0.321897 1.706850 0.320971
v -0.321897 1.671645 0.320971
v -0.805845 1.671645 -0.002393
v -0.805845 1.706850 -0.002393
v -0.780240 1.706850 -0.131119
v -0.780240 1.671645 -0.131119
v -0.109030 1.671645 0.002393
v -0.109030 1.706850 0.002393
v -0.134635 1.706850 0.131119
v -0.134635 1.671645 0.131119
v -0.705491 1.671645 0.244670
v -0.705491 1.706850 0.244670
v -0.778409 1.706850 0.135541
v -0.778409 1.671645 0.135541
v -0.455045 1.671645 -0.348408
v -0.455045 1.706850 -0.348408
v -0.326318 1.706850 -0.322802
v -0.326318 1.671645 -0.322802
v -0.209384 1.671645 -0.244670
v -0.209384 1.706850 -0.244670
v -0.136466 1.706850 -0.135541
v -0.136466 1.671645 -0.135541
v -0.459830 1.671645 0.348408
v -0.459830 1.706850 0.348408
v -0.588557 1.706850 0.322802
v -0.588557 1.671645 0.322802
v -0.592978 1.706850 -0.320971
v -0.592978 1.671645 -0.320971
vn -0.0000 -0.0000 -1.0000
vn 0.7071 -0.0000 0.7071
vn -0.0000 -1.0000 -0.0000
vn 1.0000 -0.0000 -0.0000
vn -0.0000 -0.0000 1.0000
vn 0.7071 -0.0000 -0.7071
vn -0.7071 -0.0000 0.7071
vn -1.0000 -0.0000 -0.0000
vn -0.7071 -0.0000 -0.7071
vn -0.5000 0.7071 0.5000
vn -0.5000 0.7071 -0.5000
vn 0.5000 0.7071 -0.5000
vn 0.5000 0.7071 0.5000
vn -0.7071 0.7071 -0.0000
vn -0.0000 0.7071 0.7071
vn -0.0000 0.7071 -0.7071
vn 0.7071 0.7071 -0.0000
vn -0.0000 1.0000 -0.0000
vn -0.0000 -0.0302 0.9995
vn -0.9995 -0.0302 -0.0000
vn 0.9995 -0.0302 -0.0000
vn -0.0000 -0.0302 -0.9995
vn 0.7053 0.7089 0.0001
vn -0.7053 0.7089 -0.0001
vn -0.7053 0.7090 -0.0000
vn 0.7053 0.7090 -0.0000
vn 0.0001 -0.0006 -1.0000
vn 1.0000 0.0011 -0.0000
vn 1.0000 -0.0000 0.0001
vn -1.0000 0.0002 -0.0000
vn -1.0000 0.0005 -0.0000
vn -0.0000 0.7089 0.7053
vn -0.0000 0.7089 -0.7053
vn -0.0000 0.7090 0.7053
vn -0.0000 0.7090 -0.7053
vn 0.0001 -0.0000 -1.0000
vn 0.0001 1.0000 -0.0002
vn -0.7053 0.7089 0.0001
vn 0.7053 0.7089 -0.0001
vn -0.0000 1.0000 0.0001
vn -0.0000 1.0000 -0.0001
vn -0.0001 1.0000 -0.0002
vn 0.0001 1.0000 0.0002
vn -0.0001 1.0000 0.0001
vn 0.0001 1.0000 -0.0001
vn 0.0001 1.0000 0.0001
vn -0.0001 1.0000 -0.0001
vn -0.0001 1.0000 0.0002
vn -1.0000 -0.0000 -0.0001
vn 0.0101 0.9999 -0.0000
vn -0.0201 -0.9998 -0.0000
vn -0.0012 1.0000 0.0064
vn 0.0123 0.9999 0.0007
vn -0.0180 -0.9998 0.0007
vn 0.0011 -1.0000 -0.0064
vn -0.0101 0.9999 -0.0000
vn 0.0201 -0.9998 -0.0000
vn 0.8567 0.5158 -0.0000
vn -0.0123 0.9999 -0.0007
vn 0.0180 -0.9998 -0.0007
vn -0.0001 -0.0000 1.0000
vn -0.0000 0.5158 -0.8567
vn -0.0000 0.5158 0.8567
vn -0.8567 0.5158 -0.0000
vn 0.0064 1.0000 -0.0012
vn -0.0064 -1.0000 0.0011
vn -0.0064 -1.0000 -0.0011
vn 0.0064 1.0000 0.0012
vn 0.6058 0.5158 0.6058
vn -0.0012 1.0000 -0.0064
vn 0.0011 -1.0000 0.0064
vn -0.0064 1.0000 0.0012
vn 0.6058 0.5158 -0.6058
vn 0.0064 -1.0000 -0.0011
vn 0.0012 1.0000 -0.0064
vn -0.6058 0.5158 -0.6058
vn -0.0011 -1.0000 0.0064
vn 0.0064 -1.0000 0.0011
vn -0.0064 1.0000 -0.0012
vn -0.0000 0.9999 -0.0101
vn -0.6058 0.5158 0.6058
vn -0.0000 -0.9998 0.0201
vn 0.0123 0.9999 -0.0007
vn 0.0001 0.9999 -0.0125
vn 0.0001 -0.9998 0.0177
vn -0.0180 -0.9998 -0.0007
vn -0.0000 0.9999 0.0101
vn -0.0001 0.9999 -0.0125
vn -0.0000 -0.9998 -0.0201
vn -0.0001 0.9999 0.0125
vn -0.0001 -0.9998 0.0177
vn -0.0001 -0.9998 -0.0177
vn 0.0001 0.9999 0.0125
vn 0.0001 -0.9998 -0.0177
vn -0.0123 0.9999 0.0007
vn -0.0011 -1.0000 -0.0064
vn -0.9999 -0.0151 -0.0000
vn 0.9999 -0.0157 -0.0000
vn -0.0000 -0.0164 0.9999
vn -0.0000 -0.0164 -0.9999
vn 1.0000 0.0050 0.0001
vn -1.0000 0.0050 0.0001
vn -0.9998 -0.0201 -0.0000
vn -0.0001 0.0050 -1.0000
vn 1.0000 0.0050 -0.0001
vn -0.0001 0.0050 1.0000
vn -1.0000 0.0050 -0.0001
vn 0.0001 0.0050 1.0000
vn 0.0001 0.0050 -1.0000
vn -1.0000 -0.0000 0.0001
vn 1.0000 -0.0000 -0.0001
vn -0.0000 0.0001 -1.0000
vn -0.0000 -0.0001 1.0000
vn -0.0000 0.0001 1.0000
vn -0.0000 -0.0001 -1.0000
vn -0.0000 1.0000 0.0002
vn -0.0000 1.0000 -0.0002
vn -0.0001 -0.0000 -1.0000
vn 0.0001 -0.0000 1.0000
vn 0.0012 1.0000 0.0064
vn 0.0180 -0.9998 0.0007
vn -0.0000 0.2533 0.9674
vn -0.0000 0.2533 -0.9674
vn -0.0000 0.4266 -0.9045
vn -0.0013 0.4130 -0.9107
vn -0.0029 0.0008 -1.0000
vn 0.0029 0.0008 -1.0000
vn 0.0013 0.4130 -0.9107
vn -0.0000 -0.0105 -0.9999
vn -0.6683 0.7439 0.0003
vn -1.0000 -0.0000 -0.0059
vn -0.2592 -0.0000 0.9658
vn -0.2446 0.2759 0.9295
vn -0.6593 0.7519 -0.0000
vn -0.2446 0.2759 -0.9295
vn -0.2592 -0.0000 -0.9658
vn -0.6683 0.7439 -0.0003
vn 0.0029 0.0008 1.0000
vn -0.0000 -0.0105 0.9999
vn -0.6704 -0.0000 0.7420
vn -1.0000 -0.0000 -0.0010
vn -0.2500 -0.0000 -0.9683
vn -0.2500 -0.0000 0.9683
vn -0.2475 -0.4541 0.8559
vn -0.6552 0.7554 -0.0000
vn -0.2475 -0.4541 -0.8559
vn -0.5686 0.8226 -0.0005
vn -0.3368 0.8923 0.3007
vn -0.0000 0.8322 0.5545
vn 0.5776 0.8163 -0.0000
vn -0.0000 0.8322 -0.5545
vn -0.6704 -0.0000 -0.7420
vn 1.0000 -0.0000 -0.0010
vn 0.2499 -0.0000 -0.9683
vn 0.2499 -0.0000 0.9683
vn 1.0000 -0.0000 0.0010
vn -1.0000 -0.0000 0.0010
vn -0.3368 0.8923 -0.3007
vn -0.5686 0.8226 0.0005
vn -1.0000 0.0027 -0.0020
vn -1.0000 0.0033 -0.0000
vn -0.0000 0.7076 -0.7067
vn 1.0000 0.0027 -0.0020
vn 1.0000 0.0033 -0.0000
vn -0.4492 -0.8848 -0.1239
vn -0.0029 0.0008 1.0000
vn 0.6683 0.7439 -0.0003
vn 0.2592 -0.0000 -0.9658
vn 1.0000 -0.0000 0.0059
vn 0.2592 -0.0000 0.9658
vn 0.2446 0.2759 0.9295
vn 0.6593 0.7519 -0.0000
vn 0.2446 0.2759 -0.9295
vn 0.6683 0.7439 0.0003
vn 1.0000 -0.0000 -0.0059
vn 0.9269 0.3752 -0.0027
vn 0.6482 0.3995 -0.6482
vn 0.9366 0.3505 -0.0000
vn 0.2427 0.3505 -0.9046
vn 0.9269 0.3752 0.0027
vn 0.6482 0.3995 0.6482
vn -0.0013 0.4130 0.9107
vn -0.0000 0.4266 0.9045
vn 0.0013 0.4130 0.9107
vn -0.6482 0.3995 0.6482
vn -0.9269 0.3752 0.0027
vn -1.0000 -0.0000 0.0059
vn -0.2427 0.3505 -0.9046
vn -0.9366 0.3505 -0.0000
vn -0.2427 0.3505 0.9046
vn -0.9269 0.3752 -0.0027
vn -0.6482 0.3995 -0.6482
vn 0.2427 0.3505 0.9046
vn 0.6704 -0.0000 -0.7420
vn 0.3368 0.8923 -0.3007
vn -0.5776 0.8163 -0.0000
vn 0.6704 -0.0000 0.7420
vn 0.3368 0.8923 0.3007
vn 0.5686 0.8226 -0.0005
vn 0.2475 -0.4541 -0.8559
vn 0.6552 0.7554 -0.0000
vn 0.2500 -0.0000 -0.9683
vn 0.2500 -0.0000 0.9683
vn 0.2475 -0.4541 0.8559
vn 0.5686 0.8226 0.0005
vn -0.2019 -0.9408 -0.2721
vn -0.3379 -0.6725 -0.6585
vn -0.8936 0.4489 -0.0000
vn 0.3588 -0.9334 -0.0000
vn -0.9631 -0.2693 -0.0000
vn -0.3379 -0.6725 0.6585
vn 0.6283 -0.3157 0.7111
vn 0.8936 -0.4489 -0.0000
vn 0.7396 0.0008 -0.6731
vn 0.7396 0.0008 0.6731
vn -0.4492 -0.8848 0.1239
vn -0.7406 -0.0055 -0.6719
vn -0.0164 -0.9155 0.4020
vn -0.7247 -0.5597 0.4020
vn -0.7247 -0.5597 -0.4020
vn -0.0164 -0.9155 -0.4020
vn 0.6261 -0.3197 -0.7111
vn 0.6261 -0.3197 0.7111
vn -0.6303 0.3115 0.7111
vn -0.6303 0.3115 -0.7112
vn 0.0002 1.0000 -0.0085
vn -0.7389 0.0001 -0.6739
vn -0.7389 0.0001 0.6739
vn -0.7335 0.0863 0.6742
vn -0.7335 0.0863 -0.6742
vn -0.0301 -0.0518 -0.9982
vn -0.9939 0.1100 -0.0000
vn -0.0301 -0.0518 0.9982
vn 0.0033 0.0094 1.0000
vn -0.9999 -0.0110 -0.0000
vn -0.7559 -0.0094 0.6546
vn -0.7559 -0.0094 -0.6546
vn 0.0033 0.0094 -1.0000
vn -1.0000 -0.0080 -0.0000
vn -0.9143 -0.0004 0.4050
vn -0.2019 -0.9408 0.2721
vn -1.0000 0.0012 0.0007
vn 0.0128 -0.9999 -0.0000
vn 0.0002 1.0000 0.0085
vn -1.0000 0.0012 -0.0007
vn 0.0043 1.0000 0.0022
vn 0.0044 1.0000 -0.0022
vn -0.0065 1.0000 -0.0060
vn -0.0065 1.0000 0.0060
vn -0.0105 0.9999 -0.0000
vn -0.0048 1.0000 -0.0079
vn -0.0048 1.0000 0.0079
vn -0.0104 0.9999 -0.0000
vn -0.0020 1.0000 -0.0036
vn -0.0020 1.0000 0.0036
vn -0.0141 0.9999 -0.0000
vn 0.7388 0.0056 -0.6739
vn -0.9143 -0.0004 -0.4050
vn -0.7406 -0.0055 0.6719
vn 1.0000 0.0081 -0.0000
vn 0.7388 0.0056 0.6739
vn 0.4489 0.8936 -0.0000
vn -0.6283 0.3157 -0.7111
vn 0.6283 -0.3157 -0.7111
vn -0.6283 0.3157 0.7111
vn -0.4488 -0.8936 -0.0000
vn 0.4488 0.8936 -0.0000
vn -0.4489 -0.8936 -0.0000
vn 0.6283 -0.3156 -0.7111
vn 0.6283 -0.3156 0.7111
vn -0.6282 0.3157 0.7111
vn -0.6282 0.3157 -0.7111
vn -0.4490 -0.8935 -0.0000
vn 0.6282 -0.3157 0.7111
vn -0.6283 0.3156 -0.7111
vn 0.8936 -0.4490 -0.0000
vn 0.6282 -0.3157 -0.7111
vn -0.6354 0.3192 -0.7031
vn 0.6223 -0.3127 -0.7176
vn -0.6354 0.3192 0.7031
vn -0.6223 0.3127 -0.7176
vn -0.6283 0.3156 0.7111
vn -0.6223 0.3127 0.7176
vn 0.6223 -0.3127 0.7176
vn 0.6354 -0.3192 -0.7031
vn 0.6354 -0.3192 0.7031
vn 0.4490 0.8936 -0.0000
vn -0.8936 0.4490 -0.0000
vn 0.8935 -0.4490 -0.0000
vn 0.4490 0.8935 -0.0000
vn -0.8935 0.4490 -0.0000
vn 0.9808 -0.0000 -0.1951
vn -0.5556 -0.0000 -0.8315
vn -0.8315 -0.0000 0.5556
vn 0.1951 -0.0000 -0.9808
vn 0.8315 -0.0000 -0.5556
vn -0.5556 -0.0000 0.8315
vn 0.5556 -0.0000 -0.8315
vn -0.1951 -0.0000 0.9808
vn -0.1951 -0.0000 -0.9808
vn 0.1951 -0.0000 0.9808
vn 0.5556 -0.0000 0.8315
vn -0.8315 -0.0000 -0.5556
vn 0.8315 -0.0000 0.5556
vn -0.9808 -0.0000 -0.1951
vn 0.9808 -0.0000 0.1951
vn -0.9808 -0.0000 0.1951
vn -0.9239 -0.0000 -0.3827
vn 0.0001 -1.0000 -0.0000
vn -0.3827 -0.0000 0.9239
vn 0.9239 -0.0000 -0.3827
vn -0.3827 -0.0000 -0.9239
vn -0.9239 -0.0000 0.3827
vn 0.9239 -0.0000 0.3827
vn 0.3827 -0.0000 0.9239
vn 0.3827 -0.0000 -0.9239
vn -0.0001 -1.0000 -0.0000
vn 0.0001 1.0000 -0.0000
vn -0.9810 -0.0000 -0.1941
vn 0.9810 -0.0000 0.1941
vn 0.1941 -0.0000 -0.9810
vn -0.1941 -0.0000 0.9810
vn -0.0005 1.0000 -0.0003
vn -0.0005 1.0000 -0.0001
vn -0.0005 1.0000 0.0001
vn -0.0005 1.0000 0.0003
vn -0.0003 1.0000 0.0004
vn -0.0001 1.0000 0.0005
vn 0.0001 1.0000 0.0005
vn 0.0003 1.0000 0.0004
vn 0.0004 1.0000 0.0003
vn 0.0005 1.0000 0.0001
vn 0.0005 1.0000 -0.0001
vn 0.0005 1.0000 -0.0003
vn 0.0003 1.0000 -0.0004
vn 0.0001 1.0000 -0.0005
vn -0.0001 1.0000 -0.0005
vn -0.0003 1.0000 -0.0004
vn -0.0001 1.0000 -0.0000
vt 0.440408 0.180498
vt 0.593545 0.180498
vt 0.432823 0.416667
vt 0.601131 0.416667
vt 0.601131 0.474265
vt 0.432823 0.474265
vt 0.607246 0.775735
vt 0.602775 0.775735
vt 0.602775 0.704963
vt 0.607246 0.704963
vt 0.593545 0.558868
vt 0.593545 0.569502
vt 0.607246 0.916667
vt 0.602775 0.916667
vt 0.602885 0.916667
vt 0.601131 0.916667
vt 0.432823 0.916667
vt 0.602775 0.083333
vt 0.607246 0.083333
vt 0.602885 0.083333
vt 0.607246 0.333333
vt 0.625000 0.333333
vt 0.428643 0.166667
vt 0.375000 0.166667
vt 0.375000 0.083333
vt 0.208333 0.583333
vt 0.208333 0.666667
vt 0.375000 0.583333
vt 0.428643 0.583333
vt 0.602775 0.333333
vt 0.602885 0.333333
vt 0.428643 0.833333
vt 0.428643 0.916667
vt 0.375000 0.916667
vt 0.375000 0.833333
vt 0.607246 0.666667
vt 0.602775 0.666667
vt 0.602885 0.666667
vt 0.607246 0.166667
vt 0.602775 0.166667
vt 0.602885 0.166667
vt 0.607246 0.545037
vt 0.602775 0.545037
vt 0.602775 0.474265
vt 0.607246 0.474265
vt 0.607246 0.583333
vt 0.641908 0.583333
vt 0.432823 0.000000
vt 0.601131 0.000000
vt 0.601131 0.045037
vt 0.432823 0.045037
vt 0.375000 0.666667
vt 0.291667 0.666667
vt 0.291667 0.583333
vt 0.375000 0.275735
vt 0.428643 0.275735
vt 0.428643 0.333333
vt 0.375000 0.333333
vt 0.125000 0.666667
vt 0.208333 0.750000
vt 0.150735 0.750000
vt 0.125000 0.704963
vt 0.602775 0.045037
vt 0.607246 0.045037
vt 0.602775 0.083333
vt 0.291667 0.500000
vt 0.349265 0.500000
vt 0.375000 0.545037
vt 0.375000 0.416667
vt 0.428643 0.416667
vt 0.428643 0.474265
vt 0.375000 0.474265
vt 0.125000 0.545037
vt 0.150735 0.500000
vt 0.208333 0.500000
vt 0.125000 0.583333
vt 0.625000 0.166667
vt 0.375000 0.704963
vt 0.349265 0.750000
vt 0.291667 0.750000
vt 0.602775 0.583333
vt 0.602885 0.583333
vt 0.593545 0.069502
vt 0.440408 0.069502
vt 0.601131 0.545037
vt 0.432823 0.545037
vt 0.601131 0.474265
vt 0.601131 0.275735
vt 0.432823 0.275735
vt 0.432823 0.204963
vt 0.601131 0.204963
vt 0.601131 0.775735
vt 0.432823 0.775735
vt 0.432823 0.704963
vt 0.601131 0.704963
vt 0.607246 0.275735
vt 0.602775 0.275735
vt 0.602775 0.204963
vt 0.607246 0.204963
vt 0.375000 0.204963
vt 0.428643 0.204963
vt 0.428643 0.775735
vt 0.375000 0.775735
vt 0.428643 0.704963
vt 0.428643 0.545037
vt 0.593545 0.058868
vt 0.607246 0.974265
vt 0.602775 0.974265
vt 0.432823 0.275735
vt 0.601131 0.333333
vt 0.432823 0.333333
vt 0.791667 0.529590
vt 0.791667 0.546400
vt 0.791667 0.545277
vt 0.625000 0.008667
vt 0.625000 0.036370
vt 0.607246 0.000000
vt 0.625000 0.218582
vt 0.625000 0.262116
vt 0.625000 0.487884
vt 0.625000 0.531418
vt 0.625000 0.718582
vt 0.625000 0.762116
vt 0.625000 0.057294
vt 0.625000 0.083333
vt 0.625000 0.916667
vt 0.625000 0.967261
vt 0.625000 0.282739
vt 0.625000 0.192706
vt 0.641909 0.666667
vt 0.641908 0.692706
vt 0.607246 0.833333
vt 0.625000 0.782739
vt 0.625000 0.833333
vt 0.641908 0.557293
vt 0.607246 0.416667
vt 0.625000 0.416667
vt 0.625000 0.467261
vt 0.858091 0.666667
vt 0.848484 0.666667
vt 0.849268 0.666667
vt 0.602775 0.833333
vt 0.602885 0.833333
vt 0.602775 0.000000
vt 0.601131 0.166667
vt 0.432823 0.166667
vt 0.601131 0.166667
vt 0.428643 0.974265
vt 0.375000 0.974265
vt 0.432823 0.416667
vt 0.432823 0.083333
vt 0.601131 0.083333
vt 0.601131 0.083333
vt 0.432823 0.583333
vt 0.601131 0.583333
vt 0.601131 0.666667
vt 0.432823 0.666667
vt 0.766963 0.539768
vt 0.733042 0.539768
vt 0.736227 0.529590
vt 0.763773 0.529590
vt 0.375000 0.000000
vt 0.428643 0.000000
vt 0.428643 0.045037
vt 0.375000 0.045037
vt 0.432823 0.833333
vt 0.601131 0.833333
vt 0.432823 0.833333
vt 0.428643 0.083333
vt 0.602885 0.833333
vt 0.607246 0.860448
vt 0.602885 0.860448
vt 0.843440 0.673509
vt 0.836169 0.690931
vt 0.602885 0.083333
vt 0.607246 0.107472
vt 0.602885 0.107472
vt 0.714056 0.666667
vt 0.663444 0.666667
vt 0.602885 0.583333
vt 0.607246 0.607472
vt 0.602885 0.607472
vt 0.656453 0.583333
vt 0.663444 0.583333
vt 0.432823 0.142528
vt 0.601131 0.142528
vt 0.432823 0.642528
vt 0.601131 0.642528
vt 0.597232 0.357638
vt 0.436721 0.357638
vt 0.597232 0.413857
vt 0.436721 0.413857
vt 0.602884 0.361227
vt 0.607246 0.361227
vt 0.607246 0.388773
vt 0.602885 0.388773
vt 0.602885 0.861227
vt 0.607246 0.861227
vt 0.607246 0.888773
vt 0.602885 0.888773
vt 0.602885 0.111319
vt 0.607246 0.111319
vt 0.607246 0.138681
vt 0.602885 0.138681
vt 0.602885 0.611319
vt 0.607246 0.611319
vt 0.607246 0.638681
vt 0.602885 0.638681
vt 0.656453 0.666667
vt 0.602885 0.333333
vt 0.607246 0.360448
vt 0.602885 0.360448
vt 0.428643 0.666667
vt 0.428643 0.545037
vt 0.651516 0.583333
vt 0.650730 0.583333
vt 0.602775 0.166667
vt 0.428643 0.704963
vt 0.428643 0.045037
vt 0.601131 0.974265
vt 0.432823 0.974265
vt 0.708333 0.720410
vt 0.708333 0.703599
vt 0.708333 0.704721
vt 0.602775 0.416667
vt 0.602885 0.416667
vt 0.852369 0.642528
vt 0.852369 0.645241
vt 0.647631 0.611319
vt 0.647631 0.607472
vt 0.647631 0.604759
vt 0.656453 0.583333
vt 0.708333 0.583333
vt 0.708333 0.666667
vt 0.656453 0.645241
vt 0.647631 0.645241
vt 0.647631 0.642528
vt 0.647631 0.638681
vt 0.641909 0.583333
vt 0.641909 0.607472
vt 0.625000 0.107472
vt 0.601131 0.607472
vt 0.432823 0.607472
vt 0.432823 0.611319
vt 0.601131 0.611319
vt 0.601131 0.638681
vt 0.432823 0.638681
vt 0.601131 0.107472
vt 0.432823 0.107472
vt 0.432823 0.111319
vt 0.601131 0.111319
vt 0.601131 0.138681
vt 0.432823 0.138681
vt 0.661718 0.703598
vt 0.602885 0.142528
vt 0.607246 0.142528
vt 0.602885 0.166667
vt 0.625000 0.111319
vt 0.625000 0.138681
vt 0.641909 0.638681
vt 0.641909 0.611319
vt 0.764441 0.723383
vt 0.703473 0.810260
vt 0.852369 0.604759
vt 0.852369 0.607472
vt 0.602885 0.642528
vt 0.607246 0.642528
vt 0.649791 0.669685
vt 0.649790 0.686993
vt 0.643633 0.691456
vt 0.643633 0.669685
vt 0.793392 0.706620
vt 0.838996 0.706617
vt 0.856367 0.558544
vt 0.856367 0.580315
vt 0.850210 0.686993
vt 0.850209 0.669685
vt 0.793392 0.532609
vt 0.841546 0.532609
vt 0.661004 0.706617
vt 0.841546 0.717391
vt 0.793392 0.717391
vt 0.661718 0.546402
vt 0.708333 0.546399
vt 0.708333 0.546399
vt 0.838282 0.546402
vt 0.848485 0.564257
vt 0.848484 0.564257
vt 0.661004 0.543383
vt 0.649790 0.563007
vt 0.651516 0.564256
vt 0.651515 0.564257
vt 0.000000 0.000000
vt 0.848485 0.685743
vt 0.838282 0.703598
vt 0.791667 0.704730
vt 0.791667 0.703601
vt 0.791667 0.720410
vt 0.849275 0.583333
vt 0.848485 0.583333
vt 0.858091 0.583333
vt 0.708333 0.545276
vt 0.708333 0.529590
vt 0.856367 0.669685
vt 0.856367 0.691456
vt 0.765337 0.713010
vt 0.760573 0.725095
vt 0.850209 0.563007
vt 0.838996 0.543383
vt 0.852369 0.638681
vt 0.852369 0.611319
vt 0.858091 0.611319
vt 0.858091 0.638681
vt 0.650730 0.583333
vt 0.651515 0.685743
vt 0.651517 0.685745
vt 0.650730 0.666667
vt 0.651516 0.666667
vt 0.650730 0.666667
vt 0.836556 0.583333
vt 0.843548 0.583333
vt 0.843634 0.659359
vt 0.766963 0.539768
vt 0.732307 0.710232
vt 0.711579 0.710231
vt 0.625000 0.860448
vt 0.607246 0.860448
vt 0.625000 0.889552
vt 0.607246 0.889552
vt 0.625000 0.360448
vt 0.607246 0.360448
vt 0.436721 0.392362
vt 0.521324 0.888224
vt 0.521324 0.875549
vt 0.597232 0.336143
vt 0.596783 0.888224
vt 0.602885 0.889552
vt 0.607246 0.889552
vt 0.602885 0.916667
vt 0.625000 0.861227
vt 0.625000 0.888773
vt 0.607246 0.888773
vt 0.602885 0.389552
vt 0.607246 0.389552
vt 0.602885 0.416667
vt 0.625000 0.361227
vt 0.625000 0.388773
vt 0.843550 0.604759
vt 0.714056 0.583333
vt 0.711073 0.694544
vt 0.711074 0.555454
vt 0.711579 0.539768
vt 0.785944 0.583333
vt 0.641908 0.666667
vt 0.641908 0.642528
vt 0.625000 0.389552
vt 0.607246 0.389552
vt 0.625000 0.142528
vt 0.708333 0.529590
vt 0.852369 0.642528
vt 0.858091 0.642528
vt 0.641908 0.607472
vt 0.661073 0.583333
vt 0.788925 0.555455
vt 0.788419 0.539768
vt 0.849271 0.583333
vt 0.849271 0.583333
vt 0.838927 0.583333
vt 0.661073 0.666667
vt 0.732306 0.539768
vt 0.732306 0.539768
vt 0.767698 0.539768
vt 0.764552 0.529590
vt 0.766962 0.710232
vt 0.733042 0.710232
vt 0.766962 0.710232
vt 0.735448 0.720410
vt 0.708333 0.720410
vt 0.791667 0.583333
vt 0.791667 0.666667
vt 0.767698 0.539768
vt 0.735448 0.529590
vt 0.763773 0.720410
vt 0.736227 0.720410
vt 0.858091 0.607472
vt 0.858092 0.692706
vt 0.842261 0.720410
vt 0.842261 0.529590
vt 0.858091 0.557293
vt 0.658454 0.532609
vt 0.643633 0.558544
vt 0.657739 0.529590
vt 0.658454 0.717391
vt 0.657739 0.720410
vt 0.706608 0.717391
vt 0.643633 0.580315
vt 0.706608 0.532609
vt 0.706608 0.543381
vt 0.649791 0.580315
vt 0.706608 0.706618
vt 0.793392 0.543382
vt 0.850210 0.580315
vt 0.432823 0.704963
vt 0.432823 0.204963
vt 0.432823 0.888773
vt 0.516977 0.888773
vt 0.601131 0.888773
vt 0.601131 0.889552
vt 0.432823 0.889552
vt 0.432823 0.860448
vt 0.601131 0.860448
vt 0.601131 0.861227
vt 0.432823 0.861227
vt 0.432823 0.388773
vt 0.516977 0.388773
vt 0.601131 0.388773
vt 0.601131 0.389552
vt 0.432823 0.389552
vt 0.432823 0.360448
vt 0.601131 0.360448
vt 0.601131 0.361227
vt 0.432823 0.361227
vt 0.601131 0.375000
vt 0.601131 0.875000
vt 0.432823 0.875000
vt 0.852369 0.614750
vt 0.852369 0.639096
vt 0.647631 0.610903
vt 0.647631 0.635250
vt 0.733491 0.539768
vt 0.732756 0.710232
vt 0.767249 0.539768
vt 0.768872 0.707453
vt 0.432823 0.375000
vt 0.440408 0.058868
vt 0.440408 0.191132
vt 0.440408 0.680498
vt 0.440408 0.691132
vt 0.440408 0.558868
vt 0.440408 0.569502
vt 0.593545 0.191132
vt 0.593545 0.691132
vt 0.593545 0.680498
vt 0.592674 0.060457
vt 0.592674 0.067913
vt 0.441280 0.060457
vt 0.592674 0.182087
vt 0.592674 0.189543
vt 0.592674 0.689543
vt 0.441280 0.689543
vt 0.441280 0.067913
vt 0.441280 0.182087
vt 0.441280 0.189543
vt 0.441280 0.682087
vt 0.441280 0.560457
vt 0.441280 0.567913
vt 0.592674 0.567913
vt 0.592674 0.560457
vt 0.592674 0.682087
vt 0.436721 0.892362
vt 0.436721 0.913857
vt 0.597232 0.913857
vt 0.597232 0.892362
vt 0.597232 0.392362
vt 0.436721 0.336143
vt 0.436721 0.836143
vt 0.436721 0.857638
vt 0.597232 0.857638
vt 0.597232 0.836143
vt 0.519379 0.912456
vt 0.519379 0.893763
vt 0.519379 0.903109
vt 0.595289 0.837544
vt 0.519379 0.837544
vt 0.516180 0.837544
vt 0.438665 0.837544
vt 0.595289 0.893763
vt 0.516180 0.893763
vt 0.438665 0.893762
vt 0.438665 0.393763
vt 0.438665 0.412456
vt 0.438665 0.912456
vt 0.595289 0.912456
vt 0.595289 0.412456
vt 0.595289 0.393763
vt 0.438665 0.337544
vt 0.438665 0.356237
vt 0.438665 0.856237
vt 0.595289 0.856237
vt 0.595288 0.356237
vt 0.595288 0.337544
vt 0.595289 0.903109
vt 0.516180 0.337544
vt 0.516180 0.356237
vt 0.516180 0.912456
vt 0.519379 0.337544
vt 0.516180 0.412456
vt 0.519379 0.412456
vt 0.560257 0.838593
vt 0.592365 0.838593
vt 0.519379 0.356237
vt 0.516180 0.856237
vt 0.519379 0.856237
vt 0.516180 0.837544
vt 0.516180 0.856237
vt 0.519379 0.393763
vt 0.516180 0.393763
vt 0.516180 0.356237
vt 0.516180 0.337544
vt 0.516180 0.912456
vt 0.516180 0.893763
vt 0.516180 0.412456
vt 0.516180 0.393763
vt 0.522303 0.345841
vt 0.522303 0.338593
vt 0.554411 0.902060
vt 0.522303 0.902060
vt 0.513401 0.409448
vt 0.441444 0.409448
vt 0.513401 0.896771
vt 0.513401 0.909448
vt 0.554411 0.338593
vt 0.557334 0.393763
vt 0.595289 0.403109
vt 0.557334 0.412456
vt 0.595289 0.846891
vt 0.519379 0.403109
vt 0.557334 0.837544
vt 0.595288 0.346891
vt 0.519379 0.346891
vt 0.557334 0.856237
vt 0.557334 0.337544
vt 0.557334 0.356237
vt 0.557334 0.893763
vt 0.519379 0.846891
vt 0.557334 0.912456
vt 0.554411 0.894812
vt 0.522303 0.894812
vt 0.554411 0.402060
vt 0.522303 0.402060
vt 0.554411 0.394812
vt 0.592365 0.411407
vt 0.560257 0.411407
vt 0.522303 0.394812
vt 0.554411 0.845841
vt 0.522303 0.845841
vt 0.592365 0.404159
vt 0.554411 0.838593
vt 0.560257 0.404159
vt 0.557334 0.846891
vt 0.592365 0.847940
vt 0.560257 0.847940
vt 0.592365 0.855188
vt 0.560257 0.855188
vt 0.557334 0.403109
vt 0.557334 0.903109
vt 0.592365 0.904158
vt 0.560257 0.904159
vt 0.592365 0.911407
vt 0.560257 0.911407
vt 0.557334 0.346891
vt 0.592365 0.347940
vt 0.560257 0.347940
vt 0.592365 0.355188
vt 0.560257 0.355188
vt 0.554411 0.347940
vt 0.522303 0.347940
vt 0.554411 0.355188
vt 0.522303 0.355188
vt 0.554411 0.345841
vt 0.592365 0.338593
vt 0.560257 0.338593
vt 0.592365 0.345841
vt 0.560257 0.345841
vt 0.554411 0.904158
vt 0.522303 0.904159
vt 0.554411 0.911407
vt 0.522303 0.911407
vt 0.592365 0.894812
vt 0.560257 0.894812
vt 0.592365 0.902060
vt 0.560257 0.902060
vt 0.554411 0.404159
vt 0.522303 0.404159
vt 0.554411 0.411407
vt 0.522303 0.411407
vt 0.592365 0.394812
vt 0.560257 0.394812
vt 0.592365 0.402060
vt 0.560257 0.402060
vt 0.554411 0.847940
vt 0.522303 0.847940
vt 0.554411 0.855188
vt 0.522303 0.855188
vt 0.522303 0.838593
vt 0.592365 0.845841
vt 0.560257 0.845841
vt 0.516977 0.375000
vt 0.597552 0.374548
vt 0.436401 0.374548
vt 0.516977 0.875000
vt 0.596783 0.875549
vt 0.596783 0.375549
vt 0.521324 0.375549
vt 0.596783 0.388224
vt 0.521324 0.388224
vt 0.522550 0.888069
vt 0.522550 0.875704
vt 0.595557 0.888069
vt 0.595557 0.875704
vt 0.595557 0.375704
vt 0.522550 0.375704
vt 0.595557 0.388069
vt 0.522551 0.388069
vt 0.525512 0.876078
vt 0.592595 0.876078
vt 0.592595 0.387695
vt 0.525512 0.387695
vt 0.592595 0.887695
vt 0.525512 0.887695
vt 0.592595 0.376078
vt 0.525512 0.376078
vt 0.590888 0.387479
vt 0.527219 0.387479
vt 0.590888 0.876293
vt 0.590888 0.887480
vt 0.527219 0.876293
vt 0.527219 0.887479
vt 0.590888 0.376293
vt 0.527219 0.376293
vt 0.436401 0.361679
vt 0.597552 0.861679
vt 0.436401 0.861679
vt 0.597552 0.874548
vt 0.597552 0.361679
vt 0.436401 0.874548
vt 0.547913 0.362071
vt 0.547913 0.374157
vt 0.544146 0.374157
vt 0.544146 0.362071
vt 0.439502 0.374157
vt 0.451070 0.374157
vt 0.466672 0.374157
vt 0.470438 0.374157
vt 0.486040 0.374157
vt 0.489807 0.374157
vt 0.505409 0.374157
vt 0.509175 0.374157
vt 0.524778 0.374157
vt 0.528544 0.374157
vt 0.544146 0.374157
vt 0.547913 0.374157
vt 0.563515 0.374157
vt 0.567281 0.374157
vt 0.582884 0.374157
vt 0.594451 0.374157
vt 0.594451 0.362071
vt 0.528544 0.862071
vt 0.528544 0.874157
vt 0.524778 0.874157
vt 0.524778 0.862071
vt 0.439502 0.362071
vt 0.439502 0.874157
vt 0.451070 0.874157
vt 0.466672 0.874157
vt 0.470438 0.874157
vt 0.486041 0.874157
vt 0.489807 0.874157
vt 0.505409 0.874157
vt 0.509176 0.874157
vt 0.544147 0.874157
vt 0.547913 0.874157
vt 0.563515 0.874157
vt 0.567282 0.874157
vt 0.582884 0.874157
vt 0.594451 0.874157
vt 0.594451 0.862071
vt 0.489807 0.362071
vt 0.486040 0.362071
vt 0.439502 0.862071
vt 0.547913 0.862071
vt 0.547913 0.874157
vt 0.544146 0.874157
vt 0.544147 0.862071
vt 0.567281 0.362071
vt 0.567281 0.374157
vt 0.563515 0.374157
vt 0.563515 0.362071
vt 0.470438 0.862071
vt 0.466672 0.862071
vt 0.470438 0.362071
vt 0.470438 0.374157
vt 0.466672 0.362071
vt 0.489807 0.862071
vt 0.486041 0.862071
vt 0.451070 0.362071
vt 0.451070 0.374157
vt 0.582884 0.362071
vt 0.509176 0.862071
vt 0.505409 0.862071
vt 0.567282 0.862071
vt 0.567282 0.874157
vt 0.563515 0.874157
vt 0.563515 0.862071
vt 0.451070 0.862071
vt 0.451070 0.874157
vt 0.509175 0.362071
vt 0.505409 0.362071
vt 0.563515 0.362071
vt 0.528544 0.362071
vt 0.524778 0.362071
vt 0.470438 0.362071
vt 0.582884 0.862071
vt 0.563515 0.862071
vt 0.544146 0.862071
vt 0.451070 0.862071
vt 0.441444 0.896771
vt 0.441444 0.909448
vt 0.513401 0.396771
vt 0.441444 0.396771
vt 0.291667 0.583333
vt 0.490406 0.333333
vt 0.490406 0.416667
vt 0.360962 0.500000
vt 0.375000 0.522562
vt 0.375000 0.583333
vt 0.490406 0.485962
vt 0.375000 0.485962
vt 0.504905 0.416344
vt 0.504905 0.418077
vt 0.504905 0.485962
vt 0.504905 0.333656
vt 0.504905 0.264038
vt 0.504905 0.331923
vt 0.490406 0.264038
vt 0.578434 0.333656
vt 0.578434 0.331923
vt 0.578434 0.264038
vt 0.625000 0.267338
vt 0.625000 0.331913
vt 0.625000 0.235827
vt 0.625000 0.257954
vt 0.578434 0.227438
vt 0.504905 0.227438
vt 0.578434 0.227438
vt 0.578434 0.166667
vt 0.625000 0.166667
vt 0.625000 0.223554
vt 0.504905 0.166667
vt 0.504905 0.227438
vt 0.490406 0.227438
vt 0.490406 0.227438
vt 0.490406 0.166667
vt 0.504905 0.138889
vt 0.490406 0.138889
vt 0.504905 0.111111
vt 0.504905 0.138889
vt 0.490406 0.111111
vt 0.578434 0.111111
vt 0.578434 0.138889
vt 0.625000 0.138889
vt 0.625000 0.111111
vt 0.578434 0.083333
vt 0.504905 0.083333
vt 0.625000 0.026446
vt 0.625000 0.083333
vt 0.578434 0.022562
vt 0.504905 0.022562
vt 0.504905 0.000000
vt 0.504905 0.022562
vt 0.578434 0.000000
vt 0.578434 0.022562
vt 0.504905 0.918077
vt 0.578434 0.918077
vt 0.578434 0.985962
vt 0.504905 0.985962
vt 0.490406 0.022562
vt 0.490406 0.000000
vt 0.490406 0.985962
vt 0.490406 0.916667
vt 0.504905 0.916344
vt 0.578434 0.916344
vt 0.625000 0.918086
vt 0.625000 0.916344
vt 0.625000 0.982662
vt 0.793086 0.512806
vt 0.793087 0.737194
vt 0.802255 0.543645
vt 0.802255 0.706355
vt 0.796657 0.732269
vt 0.856990 0.735001
vt 0.857662 0.737194
vt 0.802859 0.711585
vt 0.854173 0.725812
vt 0.858906 0.718576
vt 0.864753 0.722595
vt 0.859346 0.671831
vt 0.864809 0.667662
vt 0.854701 0.664507
vt 0.863277 0.643825
vt 0.854701 0.585493
vt 0.863277 0.606175
vt 0.864809 0.582338
vt 0.859346 0.578169
vt 0.852654 0.580557
vt 0.858042 0.577174
vt 0.852654 0.669443
vt 0.853501 0.526381
vt 0.857511 0.532384
vt 0.858042 0.672826
vt 0.857511 0.717616
vt 0.853501 0.723619
vt 0.802859 0.538415
vt 0.854173 0.524188
vt 0.796657 0.517731
vt 0.856990 0.514999
vt 0.864753 0.527405
vt 0.858906 0.531424
vt 0.857662 0.512806
vt 0.866148 0.526446
vt 0.866113 0.583333
vt 0.865324 0.611111
vt 0.865324 0.638889
vt 0.866113 0.666667
vt 0.866148 0.723554
vt 0.625000 0.003751
vt 0.625000 0.017391
vt 0.791344 0.737194
vt 0.791344 0.512806
vt 0.625000 0.333656
vt 0.625000 0.416344
vt 0.578434 0.416344
vt 0.708656 0.512806
vt 0.708656 0.737194
vt 0.693395 0.764108
vt 0.641096 0.878600
vt 0.625000 0.833656
vt 0.578434 0.833656
vt 0.504905 0.833656
vt 0.504905 0.831923
vt 0.578434 0.831923
vt 0.490406 0.833333
vt 0.504905 0.764038
vt 0.490406 0.764038
vt 0.578434 0.764038
vt 0.625000 0.831913
vt 0.625000 0.767338
vt 0.625000 0.735827
vt 0.625000 0.757954
vt 0.578434 0.727438
vt 0.504905 0.727438
vt 0.578434 0.727438
vt 0.578434 0.666667
vt 0.633887 0.666667
vt 0.633852 0.723554
vt 0.504905 0.666667
vt 0.504905 0.727438
vt 0.504905 0.638889
vt 0.578434 0.638889
vt 0.490406 0.727438
vt 0.490406 0.666667
vt 0.490406 0.638889
vt 0.504905 0.611111
vt 0.504905 0.638889
vt 0.490406 0.611111
vt 0.504905 0.583333
vt 0.490406 0.583333
vt 0.578434 0.611111
vt 0.578434 0.583333
vt 0.633887 0.583333
vt 0.634676 0.611111
vt 0.634676 0.611111
vt 0.634676 0.638889
vt 0.636723 0.643825
vt 0.635191 0.667662
vt 0.636723 0.606175
vt 0.645299 0.664507
vt 0.640654 0.671831
vt 0.645299 0.585493
vt 0.635191 0.582338
vt 0.640654 0.578169
vt 0.635247 0.527405
vt 0.641094 0.531424
vt 0.633852 0.526446
vt 0.578434 0.522562
vt 0.625000 0.492046
vt 0.625000 0.514173
vt 0.578434 0.485962
vt 0.643010 0.514999
vt 0.642338 0.512806
vt 0.504905 0.522562
vt 0.504905 0.583333
vt 0.490406 0.522562
vt 0.375000 0.522562
vt 0.375000 0.611111
vt 0.291667 0.611111
vt 0.375000 0.638889
vt 0.291667 0.638889
vt 0.403511 0.612525
vt 0.403511 0.637475
vt 0.461894 0.612525
vt 0.454668 0.612741
vt 0.410738 0.612741
vt 0.410738 0.637259
vt 0.454668 0.637259
vt 0.461895 0.637475
vt 0.375000 0.666667
vt 0.375000 0.727438
vt 0.360962 0.750000
vt 0.375000 0.764038
vt 0.375000 0.985962
vt 0.139038 0.750000
vt 0.125000 0.727438
vt 0.375000 0.022562
vt 0.490406 0.083333
vt 0.461895 0.137475
vt 0.461894 0.112525
vt 0.375000 0.111111
vt 0.403511 0.112525
vt 0.454668 0.112741
vt 0.410738 0.112741
vt 0.454668 0.137259
vt 0.410738 0.137259
vt 0.403511 0.137475
vt 0.375000 0.138889
vt 0.208333 0.611111
vt 0.125000 0.611111
vt 0.208333 0.638889
vt 0.125000 0.638889
vt 0.125000 0.522562
vt 0.139038 0.500000
vt 0.375000 0.227438
vt 0.375000 0.264038
vt 0.578434 0.418077
vt 0.625000 0.418086
vt 0.578434 0.418077
vt 0.625000 0.482662
vt 0.706913 0.737194
vt 0.706913 0.512806
vt 0.697745 0.706355
vt 0.697745 0.543645
vt 0.703343 0.517731
vt 0.697141 0.538415
vt 0.645827 0.524188
vt 0.646499 0.526381
vt 0.642489 0.532384
vt 0.646499 0.723619
vt 0.642489 0.717616
vt 0.641958 0.672826
vt 0.647346 0.669443
vt 0.647346 0.580557
vt 0.641958 0.577174
vt 0.697141 0.711585
vt 0.645827 0.725812
vt 0.703343 0.732269
vt 0.643010 0.735001
vt 0.642338 0.737194
vt 0.635247 0.722595
vt 0.641094 0.718576
vt 0.648470 0.858154
vt 0.708660 0.512821
vt 0.710788 0.542473
vt 0.706479 0.715892
vt 0.720153 0.522206
vt 0.774168 0.524841
vt 0.774574 0.524861
vt 0.719747 0.522186
vt 0.710787 0.542526
vt 0.706480 0.715839
vt 0.719747 0.522186
vt 0.774599 0.524862
vt 0.719722 0.522185
vt 0.625015 0.916308
vt 0.647790 0.859836
vt 0.768599 0.560949
vt 0.708651 0.737193
vt 0.696996 0.756225
vt 0.642339 0.875878
vt 0.791330 0.512827
vt 0.774159 0.524841
vt 0.720162 0.522206
vt 0.769154 0.559576
vt 0.647235 0.861208
vt 0.647200 0.861296
vt 0.769189 0.559489
vt 0.710808 0.541677
vt 0.706459 0.716689
vt 0.768562 0.561040
vt 0.647827 0.859745
vt 0.769154 0.559576
vt 0.642329 0.875899
vt 0.697005 0.756204
vt 0.697416 0.755304
vt 0.641918 0.876798
vt 0.641918 0.876798
vt 0.697416 0.755305
vt 0.697442 0.755249
vt 0.641893 0.876854
vt 0.770333 0.534267
vt 0.765925 0.562599
vt 0.710808 0.541677
vt 0.710809 0.541626
vt 0.706457 0.716739
vt 0.768599 0.560949
vt 0.783019 0.525273
vt 0.711302 0.521774
vt 0.642339 0.875878
vt 0.633370 0.895511
vt 0.705964 0.736592
vt 0.697005 0.756204
vt 0.775387 0.524901
vt 0.723720 0.522380
vt 0.768603 0.560938
vt 0.773998 0.525884
vt 0.642339 0.875878
vt 0.693392 0.764114
vt 0.768599 0.560949
vt 0.774159 0.524841
vt 0.774159 0.524841
vt 0.647790 0.859835
vt 0.647790 0.859836
vt 0.723723 0.522380
vt 0.642329 0.875899
vt 0.767920 0.562630
vt 0.647786 0.859846
vt 0.774006 0.525835
vt 0.642496 0.875414
vt 0.642489 0.875436
vt 0.768594 0.560962
vt 0.647795 0.859823
vt 0.719534 0.529592
vt 0.712214 0.545535
vt 0.710809 0.541626
vt 0.705021 0.718693
vt 0.697616 0.750251
vt 0.706457 0.716739
vt 0.646172 0.865040
vt 0.650496 0.852323
vt 0.647200 0.861296
vt 0.641893 0.876854
vt 0.648238 0.859274
vt 0.697739 0.747755
vt 0.719405 0.533272
vt 0.712870 0.547494
vt 0.704349 0.719616
vt 0.697739 0.747755
vt 0.652082 0.847951
vt 0.764355 0.564090
vt 0.768274 0.538849
vt 0.714159 0.551453
vt 0.719112 0.540693
vt 0.652082 0.847951
vt 0.764355 0.564090
vt 0.703029 0.721437
vt 0.698020 0.742709
vt 0.652349 0.847742
vt 0.655235 0.839207
vt 0.761233 0.567052
vt 0.764176 0.548006
vt 0.654329 0.842123
vt 0.698195 0.740192
vt 0.718930 0.544376
vt 0.714756 0.553434
vt 0.702416 0.722294
vt 0.656748 0.834954
vt 0.759735 0.568469
vt 0.762203 0.552459
vt 0.708586 0.637864
vt 0.708242 0.701711
vt 0.707664 0.647188
vt 0.705005 0.708085
vt 0.737246 0.560951
vt 0.712842 0.638126
vt 0.715586 0.625111
vt 0.701366 0.720536
vt 0.661957 0.821013
vt 0.708414 0.669788
vt 0.664072 0.815267
vt 0.700982 0.719748
vt 0.707227 0.651127
vt 0.703711 0.710682
vt 0.710290 0.665518
vt 0.736860 0.567854
vt 0.710877 0.692386
vt 0.755610 0.575161
vt 0.712495 0.660638
vt 0.736315 0.575667
vt 0.713696 0.682124
vt 0.751131 0.582489
vt 0.714360 0.679648
vt 0.713056 0.659423
vt 0.750063 0.584251
vt 0.736158 0.577597
vt 0.734953 0.565224
vt 0.731706 0.563997
vt 0.728460 0.562770
vt 0.725213 0.561544
vt 0.721966 0.560317
vt 0.718719 0.559091
vt 0.715473 0.557864
vt 0.714405 0.570811
vt 0.713337 0.583758
vt 0.712269 0.596704
vt 0.711201 0.609651
vt 0.710133 0.622598
vt 0.709065 0.635545
vt 0.709139 0.640188
vt 0.709214 0.644831
vt 0.709288 0.649474
vt 0.709363 0.654117
vt 0.709437 0.658760
vt 0.709512 0.663403
vt 0.713752 0.647040
vt 0.717992 0.630677
vt 0.722232 0.614313
vt 0.726473 0.597950
vt 0.730713 0.581587
vt 0.710099 0.623924
vt 0.710573 0.627294
vt 0.713149 0.642966
vt 0.716860 0.627172
vt 0.720324 0.589933
vt 0.722599 0.577510
vt 0.720572 0.611379
vt 0.724283 0.595585
vt 0.727995 0.579791
vt 0.722046 0.594561
vt 0.723823 0.596528
vt 0.710736 0.626672
vt 0.711339 0.630745
vt 0.711942 0.634819
vt 0.712332 0.597990
vt 0.713659 0.600400
vt 0.712546 0.638893
vt 0.712333 0.613155
vt 0.712341 0.611792
vt 0.711398 0.608969
vt 0.713465 0.616660
vt 0.714597 0.620164
vt 0.709242 0.638788
vt 0.709159 0.634996
vt 0.720688 0.609963
vt 0.719302 0.607575
vt 0.712252 0.639678
vt 0.709593 0.652515
vt 0.734360 0.566310
vt 0.730774 0.580231
vt 0.715590 0.602574
vt 0.717250 0.605509
vt 0.718911 0.608444
vt 0.715728 0.623668
vt 0.721507 0.561282
vt 0.719741 0.573155
vt 0.715526 0.586123
vt 0.713929 0.599639
vt 0.715294 0.603340
vt 0.713511 0.615319
vt 0.717715 0.588489
vt 0.719905 0.590854
vt 0.722094 0.593219
vt 0.717123 0.572607
vt 0.719841 0.574403
vt 0.725277 0.577995
vt 0.711784 0.636344
vt 0.722559 0.576199
vt 0.718891 0.560261
vt 0.731714 0.565279
vt 0.728519 0.578779
vt 0.712921 0.644502
vt 0.709726 0.658002
vt 0.713394 0.647872
vt 0.709809 0.661793
vt 0.714493 0.621565
vt 0.712200 0.634094
vt 0.715402 0.624468
vt 0.712718 0.637417
vt 0.716495 0.628014
vt 0.713360 0.641449
vt 0.713951 0.600906
vt 0.712560 0.612463
vt 0.715595 0.587339
vt 0.714204 0.598897
vt 0.717372 0.589306
vt 0.715590 0.601284
vt 0.719918 0.575610
vt 0.718076 0.587653
vt 0.722129 0.577109
vt 0.719896 0.589573
vt 0.720431 0.612885
vt 0.717262 0.626270
vt 0.721758 0.615294
vt 0.718205 0.629093
vt 0.709509 0.648766
vt 0.712306 0.614539
vt 0.710925 0.625998
vt 0.713203 0.617411
vt 0.711438 0.629284
vt 0.718811 0.609906
vt 0.716090 0.622809
vt 0.720138 0.612315
vt 0.717032 0.625633
vt 0.724785 0.578994
vt 0.722126 0.591830
vt 0.717510 0.571720
vt 0.728509 0.564072
vt 0.725787 0.576976
vt 0.731124 0.565094
vt 0.728018 0.578411
vt 0.245448 0.033302
vt 0.171279 0.048055
vt 0.500000 0.929615
vt 0.437500 0.929615
vt 0.093552 0.099991
vt 0.051539 0.162867
vt 0.437500 0.570385
vt 0.500000 0.570385
vt 0.033302 0.254553
vt 0.048055 0.328721
vt 0.562500 0.929615
vt 0.099991 0.406448
vt 0.162867 0.448461
vt 0.562500 0.570385
vt 0.254553 0.466698
vt 0.328721 0.451945
vt 0.625000 0.929615
vt 0.448461 0.337133
vt 0.406448 0.400009
vt 0.625000 0.570385
vt 0.451945 0.171279
vt 0.466698 0.245448
vt 0.687500 0.929615
vt 0.480615 0.250000
vt 0.463061 0.338253
vt 0.337133 0.051539
vt 0.400009 0.093552
vt 0.750000 0.490000
vt 0.841844 0.471731
vt 0.919706 0.419706
vt 0.971731 0.341844
vt 0.990000 0.250000
vt 0.971731 0.158156
vt 0.919706 0.080294
vt 0.841844 0.028269
vt 0.750000 0.010000
vt 0.658156 0.028269
vt 0.580294 0.080294
vt 0.528269 0.158156
vt 0.510000 0.250000
vt 0.528269 0.341844
vt 0.580294 0.419706
vt 0.658156 0.471731
vt 0.341844 0.471731
vt 0.250000 0.490000
vt 0.250000 0.480615
vt 0.338253 0.463061
vt 0.158156 0.471731
vt 0.161747 0.463061
vt 0.080294 0.419706
vt 0.086930 0.413070
vt 0.028269 0.341844
vt 0.036939 0.338253
vt 0.010000 0.250000
vt 0.019385 0.250000
vt 0.028269 0.158156
vt 0.036939 0.161747
vt 0.080294 0.080294
vt 0.086930 0.086930
vt 0.158156 0.028269
vt 0.161747 0.036939
vt 0.250000 0.010000
vt 0.250000 0.019385
vt 0.341844 0.028269
vt 0.338253 0.036939
vt 0.419706 0.080294
vt 0.413070 0.086930
vt 0.471731 0.158156
vt 0.463061 0.161747
vt 0.490000 0.250000
vt 0.471731 0.341844
vt 0.419706 0.419706
vt 0.413070 0.413070
vt 0.164950 0.455328
vt 0.092849 0.407151
vt 0.250000 0.472245
vt 0.335049 0.455328
vt 0.044672 0.335050
vt 0.027755 0.250000
vt 0.092849 0.092849
vt 0.044672 0.164950
vt 0.164950 0.044672
vt 0.250000 0.027755
vt 0.407151 0.092849
vt 0.335049 0.044672
vt 0.455328 0.164950
vt 0.472245 0.250000
vt 0.407151 0.407151
vt 0.455328 0.335050
vt 0.428636 0.176007
vt 0.443354 0.250000
vt 0.444777 0.342646
vt 0.410132 0.394496
vt 0.176007 0.428636
vt 0.250000 0.443354
vt 0.394496 0.089868
vt 0.071364 0.323993
vt 0.113278 0.386722
vt 0.245448 0.033302
vt 0.245448 0.052910
vt 0.071364 0.176007
vt 0.056646 0.250000
vt 0.178783 0.066170
vt 0.171279 0.048055
vt 0.176007 0.071364
vt 0.113278 0.113278
vt 0.052910 0.254553
vt 0.066170 0.321217
vt 0.323993 0.071364
vt 0.250000 0.056646
vt 0.392583 0.386145
vt 0.430346 0.329629
vt 0.386722 0.113278
vt 0.342646 0.055223
vt 0.342646 0.055223
vt 0.428636 0.323993
vt 0.323993 0.428636
vt 0.386722 0.386722
vt 0.179032 0.421331
vt 0.250000 0.435448
vt 0.118869 0.381131
vt 0.078669 0.320968
vt 0.064552 0.250000
vt 0.078668 0.179032
vt 0.118869 0.118869
vt 0.179032 0.078668
vt 0.250000 0.064552
vt 0.320968 0.421331
vt 0.254553 0.447090
vt 0.321217 0.433830
vt 0.099991 0.406448
vt 0.113855 0.392583
vt 0.170371 0.430346
vt 0.107417 0.113855
vt 0.069654 0.170371
vt 0.337133 0.051539
vt 0.386145 0.107417
vt 0.329629 0.069654
vt 0.451945 0.171279
vt 0.447090 0.245447
vt 0.433830 0.178783
vt 0.406448 0.400009
vt 0.238944 0.034596
vt 0.177783 0.046762
vt 0.034596 0.261056
vt 0.046762 0.322217
vt 0.034596 0.261056
vt 0.687500 0.570385
vt 0.171279 0.048055
vt 0.750000 0.929615
vt 0.400009 0.093552
vt 0.750000 0.570385
vt 0.812500 0.929615
vt 0.099991 0.406448
vt 0.812500 0.570385
vt 0.875000 0.929615
vt 0.105504 0.410132
vt 0.157354 0.444777
vt 0.157354 0.444777
vt 0.465404 0.238944
vt 0.453238 0.177783
vt 0.465404 0.238944
vt 0.177783 0.046762
vt 0.089868 0.105504
vt 0.055223 0.157354
vt 0.055223 0.157354
vt 0.261056 0.465404
vt 0.322217 0.453239
vt 0.261056 0.465404
vt 0.322217 0.453239
vt 0.444777 0.342646
vt 0.320968 0.078668
vt 0.381131 0.118869
vt 0.421331 0.179032
vt 0.435448 0.250000
vt 0.421331 0.320968
vt 0.381131 0.381131
vt 0.250000 0.435448
vt 0.381131 0.381131
vt 0.320968 0.421331
vt 0.320968 0.078669
vt 0.381131 0.118869
vt 0.421331 0.320968
vt 1.000000 0.570385
vt 0.937500 0.570385
vt 0.937500 0.500000
vt 1.000000 0.500000
vt 0.937500 0.929615
vt 1.000000 0.929615
vt 1.000000 1.000000
vt 0.937500 1.000000
vt 0.875000 0.570385
vt 0.875000 0.500000
vt 0.875000 1.000000
vt 0.812500 0.500000
vt 0.812500 1.000000
vt 0.750000 0.500000
vt 0.750000 1.000000
vt 0.687500 0.500000
vt 0.687500 1.000000
vt 0.625000 0.500000
vt 0.625000 1.000000
vt 0.562500 0.500000
vt 0.562500 1.000000
vt 0.500000 0.500000
vt 0.500000 1.000000
vt 0.437500 0.500000
vt 0.437500 1.000000
vt 0.375000 0.570385
vt 0.375000 0.500000
vt 0.375000 0.929615
vt 0.375000 1.000000
vt 0.312500 0.570385
vt 0.312500 0.500000
vt 0.312500 0.929615
vt 0.312500 1.000000
vt 0.250000 0.570385
vt 0.250000 0.500000
vt 0.250000 0.929615
vt 0.250000 1.000000
vt 0.187500 0.570385
vt 0.187500 0.500000
vt 0.187500 0.929615
vt 0.187500 1.000000
vt 0.125000 0.570385
vt 0.125000 0.500000
vt 0.125000 0.929615
vt 0.125000 1.000000
vt 0.062500 0.570385
vt 0.062500 0.500000
vt 0.062500 0.929615
vt 0.062500 1.000000
vt 0.000000 0.570385
vt 0.000000 0.500000
vt 0.000000 0.929615
vt 0.000000 1.000000
vt 0.406448 0.400009
s 0
usemtl M_Noir_Bleuté
f 239/23/5 5/24/5 50/24/5 304/23/5
f 51/25/3 50/24/3 9/26/3 10/27/3
f 8/28/5 234/29/5 298/29/5 53/28/5
f 290/32/5 291/33/5 48/34/5 49/35/5
f 53/28/3 52/52/3 12/53/3 11/54/3
f 16/55/1 248/56/1 229/57/1 2/58/1
f 6/59/3 10/27/3 3/60/3 13/61/3 14/62/3
f 1/66/3 19/67/3 20/68/3 8/28/3 11/54/3
f 1/69/1 231/70/1 249/71/1 19/72/1
f 15/73/3 16/74/3 2/75/3 9/26/3 5/76/3
f 12/53/3 7/52/3 17/78/3 18/79/3 4/80/3
f 227/33/4 3/34/4 48/34/4 291/33/4
f 231/70/8 1/69/8 46/69/8 296/70/8
f 248/56/9 16/55/9 15/100/9 245/101/9
f 256/102/2 18/103/2 17/78/2 253/104/2
f 252/105/6 20/68/6 19/72/6 249/71/6
f 18/103/5 256/102/5 225/32/5 4/35/5
f 3/34/5 227/33/5 243/148/5 13/149/5
f 369/158/18 372/159/18 401/160/18 414/161/18
f 13/162/7 243/163/7 242/164/7 14/165/7
f 2/58/4 229/57/4 294/57/4 47/58/4
f 51/25/8 302/169/8 304/23/8 50/24/8
f 309/170/19 58/132/19 380/171/19 381/172/19
f 99/173/6 100/174/6 153/174/6 152/173/6
f 313/175/20 62/19/20 336/176/20 345/177/20
f 131/178/1 106/179/1 159/179/1 134/178/1
f 317/180/21 66/46/21 344/181/21 353/182/21
f 108/183/7 24/184/7 151/184/7 150/183/7
f 324/185/8 350/186/8 316/145/8 303/146/8
f 328/187/4 358/188/4 320/156/4 299/157/4
f 392/189/8 361/190/8 746/190/8 751/189/8
f 308/191/8 295/192/8 738/192/8 743/191/8
f 390/193/22 375/194/22 374/195/22 396/196/22
f 382/197/19 379/198/19 378/199/19 388/200/19
f 106/179/9 105/209/9 154/209/9 159/179/9
f 305/210/22 54/21/22 376/211/22 389/212/22
f 294/57/1 296/70/1 46/69/1 47/58/1
f 298/29/4 300/213/4 52/52/4 53/28/4
f 20/68/4 252/214/4 234/29/4 8/28/4
f 7/52/4 235/213/4 253/218/4 17/78/4
f 6/25/1 238/169/1 302/169/1 51/25/1
f 14/165/8 242/219/8 238/169/8 6/25/8
f 5/24/8 239/23/8 245/101/8 15/100/8
f 235/213/1 7/52/1 52/52/1 300/213/1
f 330/227/4 63/228/4 149/228/4 420/227/4
f 114/239/23 409/240/23 344/181/23 66/46/23
f 338/230/8 67/231/8 148/231/8 422/230/8
f 116/125/24 407/241/24 336/176/24 62/19/24
f 297/154/4 318/155/4 356/242/4 325/243/4
f 301/151/8 314/152/8 348/248/8 321/249/8
f 68/236/8 339/237/8 423/237/8 147/236/8
f 349/255/20 333/256/20 65/39/20 315/257/20
f 104/235/1 68/236/1 147/236/1 144/235/1
f 127/262/4 60/263/4 158/263/4 140/262/4
f 64/264/4 331/265/4 417/265/4 146/264/4
f 357/266/21 341/267/21 69/36/21 319/38/21
f 399/306/18 60/263/18 129/126/18 412/307/18
f 94/320/2 98/321/2 156/321/2 157/320/2
f 63/228/1 92/322/1 143/322/1 149/228/1
f 9/26/3 11/54/3 12/53/3 10/27/3
f 49/35/3 48/34/3 10/27/3 12/53/3
f 47/58/3 46/69/3 11/54/3 9/26/3
f 372/159/5 369/323/5 429/158/5 426/159/5
f 398/324/1 101/325/1 160/325/1 428/324/1
f 132/134/32 415/326/32 380/327/32 58/132/32
f 412/328/32 129/126/32 61/13/32 377/329/32
f 123/22/33 413/330/33 376/331/33 54/21/33
f 295/192/18 364/332/18 737/332/18 738/192/18
f 960/333/18 957/334/18 966/334/18 967/333/18
f 306/335/3 392/189/3 751/189/3 752/335/3
f 959/336/4 960/333/4 967/333/4 968/336/4
f 385/337/19 377/338/19 61/13/19 312/339/19
f 416/340/34 411/341/34 378/342/34 379/198/34
f 393/343/22 373/344/22 57/136/22 307/345/22
f 414/346/35 401/347/35 374/195/35 375/194/35
f 95/348/5 64/264/5 146/264/5 139/348/5
f 24/184/5 86/349/5 138/349/5 151/184/5
f 67/231/5 96/232/5 142/232/5 148/231/5
f 96/232/8 108/183/8 150/183/8 142/232/8
f 101/325/8 131/350/8 134/350/8 160/325/8
f 86/351/8 56/352/8 145/352/8 138/351/8
f 100/174/36 127/262/36 140/262/36 153/174/36
f 124/353/5 94/320/5 157/320/5 136/353/5
f 339/237/37 68/236/37 111/354/37 406/355/37
f 92/322/4 99/173/4 152/173/4 143/322/4
f 60/263/1 399/306/1 431/306/1 158/263/1
f 402/356/33 109/137/33 57/136/33 373/357/33
f 404/358/38 110/77/38 65/39/38 333/256/38
f 406/355/39 111/354/39 69/36/39 341/267/39
f 56/352/18 86/351/18 112/302/18 109/359/18
f 96/232/40 67/231/40 114/239/40 113/314/40
f 92/322/41 63/228/41 116/139/41 115/141/41
f 63/228/42 330/360/42 407/361/42 116/139/42
f 67/231/43 338/230/43 409/362/43 114/239/43
f 24/184/18 108/183/18 117/314/18 118/363/18
f 100/174/18 99/173/18 119/141/18 120/295/18
f 104/235/44 105/209/44 121/319/44 122/319/44
f 124/364/18 55/365/18 123/112/18 88/114/18
f 95/348/45 98/321/45 126/366/45 125/367/45
f 99/173/46 92/322/46 115/141/46 119/141/46
f 127/262/18 100/174/18 120/295/18 102/296/18
f 108/183/47 96/232/47 113/314/47 117/314/47
f 64/264/40 95/348/40 125/299/40 110/301/40
f 98/321/18 94/320/18 128/368/18 126/366/18
f 60/263/18 127/262/18 102/296/18 129/126/18
f 68/236/41 104/235/41 122/319/41 111/354/41
f 105/209/18 106/179/18 130/369/18 121/319/18
f 106/179/18 131/178/18 107/234/18 130/369/18
f 56/352/5 371/370/5 425/371/5 145/352/5
f 55/365/18 370/372/18 413/373/18 123/112/18
f 400/374/1 397/375/1 427/375/1 432/376/1
f 101/325/18 398/324/18 415/377/18 132/378/18
f 94/320/18 124/353/18 88/379/18 128/368/18
f 131/350/18 101/325/18 132/378/18 107/224/18
f 86/349/18 24/184/18 118/363/18 112/233/18
f 105/209/8 104/235/8 144/235/8 154/209/8
f 370/381/5 55/365/5 155/365/5 430/372/5
f 55/365/4 124/364/4 136/364/4 155/365/4
f 371/371/18 56/352/18 109/359/18 402/382/18
f 397/375/18 400/376/18 411/383/18 416/384/18
f 98/321/29 95/348/29 139/348/29 156/321/29
f 331/265/48 64/264/48 110/301/48 404/385/48
f 401/160/4 372/159/4 610/159/4 631/160/4
f 427/375/4 397/375/4 639/375/4 491/375/4
f 398/324/8 428/324/8 492/324/8 640/324/8
f 356/242/53 318/155/53 592/155/53 449/242/53
f 317/180/54 353/182/54 450/182/54 591/180/54
f 400/374/8 432/376/8 496/376/8 638/374/8
f 431/306/4 399/306/4 637/306/4 495/306/4
f 234/29/58 252/214/58 520/214/58 536/29/58
f 348/248/59 314/152/59 584/152/59 441/248/59
f 423/237/36 339/237/36 635/237/36 487/237/36
f 313/175/60 345/177/60 442/177/60 583/175/60
f 249/71/62 231/70/62 533/70/62 517/71/62
f 396/196/4 374/195/4 634/195/4 477/196/4
f 373/344/8 393/343/8 478/343/8 633/344/8
f 297/154/3 325/243/3 437/243/3 589/154/3
f 389/212/4 376/211/4 630/211/4 474/212/4
f 225/32/63 256/102/63 524/102/63 507/32/63
f 304/23/64 302/169/64 588/169/64 572/23/64
f 375/194/8 390/193/8 475/193/8 629/194/8
f 388/200/8 378/199/8 626/199/8 469/200/8
f 253/218/58 235/213/58 531/213/58 521/218/58
f 377/338/4 385/337/4 470/337/4 625/338/4
f 301/151/3 321/249/3 433/249/3 587/151/3
f 381/172/8 380/171/8 622/171/8 466/172/8
f 379/198/4 382/197/4 467/197/4 621/198/4
f 229/57/62 248/56/62 516/56/62 501/57/62
f 374/195/4 401/347/4 631/347/4 634/195/4
f 235/213/62 300/213/62 574/213/62 531/213/62
f 245/101/64 239/23/64 529/23/64 513/101/64
f 402/356/8 373/357/8 633/357/8 632/356/8
f 376/331/4 413/330/4 627/330/4 630/331/4
f 243/148/63 227/33/63 527/33/63 511/148/63
f 298/29/63 234/29/63 536/29/63 590/29/63
f 414/346/8 375/194/8 629/194/8 628/346/8
f 238/169/64 242/219/64 510/219/64 526/169/64
f 378/342/8 411/341/8 623/341/8 626/342/8
f 302/169/62 238/169/62 526/169/62 588/169/62
f 412/328/4 377/329/4 625/329/4 624/328/4
f 256/102/69 253/104/69 521/104/69 524/102/69
f 380/327/8 415/326/8 619/326/8 622/327/8
f 416/340/4 379/198/4 621/198/4 620/340/4
f 252/105/73 249/71/73 517/71/73 520/105/73
f 367/405/8 954/406/8 387/407/8 472/407/8 464/405/8
f 239/23/63 304/23/63 572/23/63 529/23/63
f 710/408/4 707/409/4 463/409/4 471/408/4
f 716/410/8 717/411/8 465/411/8 461/410/8
f 248/56/76 245/101/76 513/101/76 516/56/76
f 383/412/4 366/413/4 462/413/4 468/412/4
f 363/414/4 953/415/4 395/416/4 480/416/4 460/414/4
f 712/417/8 705/418/8 459/418/8 479/417/8
f 714/419/4 719/420/4 473/420/4 457/419/4
f 391/421/8 362/422/8 458/422/8 476/421/8
f 231/70/64 296/70/64 576/70/64 533/70/64
f 395/416/80 952/423/80 391/421/80 476/421/80 480/416/80
f 242/164/81 243/163/81 511/163/81 510/164/81
f 390/193/82 396/196/82 477/196/82 475/193/82
f 320/156/83 358/188/83 455/188/83 582/156/83
f 719/420/84 720/110/84 586/110/84 473/420/84
f 305/210/85 389/212/85 474/212/85 585/210/85
f 357/266/86 319/38/86 581/38/86 454/266/86
f 387/407/87 951/424/87 383/412/87 468/412/87 472/407/87
f 290/32/64 225/32/64 507/32/64 506/32/64
f 711/4/88 712/417/88 479/417/88 580/4/88
f 382/197/89 388/200/89 469/200/89 467/197/89
f 717/411/90 718/167/90 540/167/90 465/411/90
f 294/57/58 229/57/58 501/57/58 504/57/58
f 393/343/91 307/345/91 579/345/91 478/343/91
f 309/170/92 381/172/92 466/172/92 539/170/92
f 709/16/93 710/408/93 471/408/93 499/16/93
f 291/33/63 290/32/63 506/32/63 541/33/63
f 385/337/94 312/339/94 500/339/94 470/337/94
f 366/413/3 950/425/3 367/405/3 464/405/3 462/413/3
f 316/145/95 350/186/95 447/186/95 578/145/95
f 4/35/8 225/32/8 290/32/8 49/35/8
f 298/29/58 590/29/58 574/213/58 300/213/58
f 227/33/58 291/33/58 541/33/58 527/33/58
f 371/371/8 402/382/8 632/382/8 609/371/8
f 325/243/5 356/242/5 449/242/5 437/243/5
f 358/188/1 328/187/1 439/187/1 455/188/1
f 331/265/113 404/385/113 606/385/113 615/265/113
f 339/237/115 406/355/115 598/355/115 635/237/115
f 321/249/1 348/248/1 441/248/1 433/249/1
f 350/186/5 324/185/5 435/185/5 447/186/5
f 407/361/115 330/360/115 618/360/115 601/361/115
f 409/362/113 338/230/113 614/230/113 593/362/113
f 411/383/8 400/376/8 638/376/8 623/383/8
f 399/306/4 412/307/4 624/307/4 637/306/4
f 344/181/5 409/240/5 593/240/5 596/181/5
f 369/158/8 414/161/8 628/161/8 611/158/8
f 413/373/4 370/372/4 612/372/4 627/373/4
f 406/355/1 341/267/1 599/267/1 598/355/1
f 397/375/4 416/384/4 620/384/4 639/375/4
f 415/377/8 398/324/8 640/324/8 619/377/8
f 336/176/1 407/241/1 601/241/1 604/176/1
f 404/358/5 333/256/5 607/256/5 606/358/5
f 425/371/8 371/370/8 609/370/8 489/371/8
f 372/159/4 426/159/4 490/159/4 610/159/4
f 345/177/1 336/176/1 604/176/1 442/177/1
f 333/256/5 349/255/5 446/255/5 607/256/5
f 429/158/8 369/323/8 611/323/8 493/158/8
f 370/381/4 430/372/4 494/372/4 612/381/4
f 353/182/5 344/181/5 596/181/5 450/182/5
f 341/267/1 357/266/1 454/266/1 599/267/1
f 324/185/3 303/146/3 571/146/3 435/185/3
f 338/230/119 422/230/119 486/230/119 614/230/119
f 417/265/61 331/265/61 615/265/61 481/265/61
f 328/187/3 299/157/3 573/157/3 439/187/3
f 705/418/3 706/150/3 575/150/3 459/418/3
f 330/227/118 420/227/118 484/227/118 618/227/118
f 713/111/3 714/419/3 457/419/3 503/111/3
f 296/70/62 294/57/62 504/57/62 576/70/62
f 707/409/3 708/17/3 542/17/3 463/409/3
f 362/422/3 949/434/3 363/414/3 460/414/3 458/422/3
f 349/255/121 315/257/121 577/257/121 446/255/121
f 715/166/3 716/410/3 461/410/3 505/166/3
f 364/332/1 295/192/1 706/150/1 705/418/1
f 368/460/5 292/461/5 708/17/5 707/409/5
f 311/462/5 386/463/5 710/408/5 709/16/5
f 308/191/1 394/464/1 712/417/1 711/4/1
f 293/465/1 361/190/1 714/419/1 713/111/1
f 289/466/5 365/467/5 716/410/5 715/166/5
f 384/468/5 310/469/5 718/167/5 717/411/5
f 392/189/1 306/335/1 720/110/1 719/420/1
f 361/190/1 392/189/1 719/420/1 714/419/1
f 394/464/1 364/332/1 705/418/1 712/417/1
f 365/467/5 384/468/5 717/411/5 716/410/5
f 386/463/5 368/460/5 707/409/5 710/408/5
f 310/469/5 289/466/5 715/166/5 718/167/5
f 292/461/5 311/462/5 709/16/5 708/17/5
f 306/335/1 293/465/1 713/111/1 720/110/1
f 295/192/1 308/191/1 711/4/1 706/150/1
f 292/461/18 368/460/18 739/460/18 740/461/18
f 364/332/4 394/464/4 744/464/4 737/332/4
f 386/463/3 311/462/3 741/462/3 742/463/3
f 384/468/4 365/467/4 748/467/4 749/468/4
f 394/464/3 308/191/3 743/191/3 744/464/3
f 368/460/8 386/463/8 742/463/8 739/460/8
f 361/190/18 293/465/18 745/465/18 746/190/18
f 289/466/8 310/469/8 750/469/8 747/466/8
f 365/467/18 289/466/18 747/466/18 748/467/18
f 311/462/4 292/461/4 740/461/4 741/462/4
f 310/469/3 384/468/3 749/468/3 750/469/3
f 293/465/4 306/335/4 752/335/4 745/465/4
f 881/499/8 882/500/8 946/500/8 945/499/8
f 777/486/1 788/509/1 787/508/1 778/487/1
f 844/514/18 841/515/18 905/515/18 907/514/18
f 779/476/5 792/504/5 791/505/5 780/488/5
f 855/516/4 856/517/4 919/517/4 920/516/4
f 1163/518/8 1164/519/8 1171/519/8 1172/518/8
f 1158/520/3 1159/521/3 1168/521/3 1165/520/3
f 841/515/4 842/522/4 906/522/4 905/515/4
f 854/537/3 855/516/3 920/516/3 917/537/3
f 856/517/18 853/538/18 918/538/18 919/517/18
f 867/539/8 868/540/8 931/540/8 932/539/8
f 853/538/8 854/537/8 917/537/8 918/538/8
f 866/541/3 867/539/3 932/539/3 929/541/3
f 827/542/8 828/543/8 891/543/8 892/542/8
f 868/540/18 865/544/18 930/544/18 931/540/18
f 879/545/4 880/546/4 943/546/4 944/545/4
f 826/547/3 827/542/3 892/542/3 889/547/3
f 865/544/4 866/541/4 929/541/4 930/544/4
f 878/548/3 879/545/3 944/545/3 942/548/3
f 828/543/18 825/549/18 890/549/18 891/543/18
f 820/550/5 806/526/5 822/551/5 821/552/5
f 806/526/5 781/489/5 823/553/5 822/551/5
f 781/489/5 814/531/5 824/554/5 823/553/5
f 814/531/5 820/550/5 821/552/5 824/554/5
f 819/555/1 804/524/1 826/547/1 825/549/1
f 804/524/1 754/484/1 827/542/1 826/547/1
f 754/484/1 812/525/1 828/543/1 827/542/1
f 812/525/1 819/555/1 825/549/1 828/543/1
f 818/556/5 807/492/5 830/557/5 829/558/5
f 807/492/5 756/483/5 831/559/5 830/557/5
f 756/483/5 816/536/5 832/560/5 831/559/5
f 816/536/5 818/556/5 829/558/5 832/560/5
f 817/561/1 803/529/1 834/562/1 833/563/1
f 803/529/1 783/490/1 835/564/1 834/562/1
f 783/490/1 808/533/1 836/565/1 835/564/1
f 808/533/1 817/561/1 833/563/1 836/565/1
f 809/530/1 817/561/1 838/566/1 837/567/1
f 817/561/1 808/533/1 839/568/1 838/566/1
f 808/533/1 786/501/1 840/569/1 839/568/1
f 786/501/1 809/530/1 837/567/1 840/569/1
f 785/496/1 801/532/1 842/522/1 841/515/1
f 801/532/1 817/561/1 843/570/1 842/522/1
f 817/561/1 809/530/1 844/514/1 843/570/1
f 809/530/1 785/496/1 841/515/1 844/514/1
f 801/532/1 784/491/1 846/571/1 845/572/1
f 784/491/1 803/529/1 847/573/1 846/571/1
f 803/529/1 817/561/1 848/574/1 847/573/1
f 817/561/1 801/532/1 845/572/1 848/574/1
f 805/472/5 818/556/5 850/575/5 849/576/5
f 818/556/5 816/536/5 851/577/5 850/575/5
f 816/536/5 794/470/5 852/578/5 851/577/5
f 794/470/5 805/472/5 849/576/5 852/578/5
f 793/471/5 815/534/5 854/537/5 853/538/5
f 815/534/5 818/556/5 855/516/5 854/537/5
f 818/556/5 805/472/5 856/517/5 855/516/5
f 805/472/5 793/471/5 853/538/5 856/517/5
f 815/534/5 755/477/5 858/579/5 857/580/5
f 755/477/5 807/492/5 859/581/5 858/579/5
f 807/492/5 818/556/5 860/582/5 859/581/5
f 818/556/5 815/534/5 857/580/5 860/582/5
f 810/527/1 819/555/1 862/583/1 861/584/1
f 819/555/1 812/525/1 863/585/1 862/583/1
f 812/525/1 798/498/1 864/586/1 863/585/1
f 798/498/1 810/527/1 861/584/1 864/586/1
f 797/506/1 811/523/1 866/541/1 865/544/1
f 811/523/1 819/555/1 867/539/1 866/541/1
f 819/555/1 810/527/1 868/540/1 867/539/1
f 810/527/1 797/506/1 865/544/1 868/540/1
f 811/523/1 753/485/1 870/587/1 869/588/1
f 753/485/1 804/524/1 871/589/1 870/587/1
f 804/524/1 819/555/1 872/590/1 871/589/1
f 819/555/1 811/523/1 869/588/1 872/590/1
f 802/535/5 820/550/5 874/591/5 873/592/5
f 820/550/5 814/531/5 875/593/5 874/591/5
f 814/531/5 790/503/5 876/594/5 875/593/5
f 790/503/5 802/535/5 873/592/5 876/594/5
f 789/474/5 813/528/5 878/548/5 877/595/5
f 813/528/5 820/550/5 879/545/5 878/548/5
f 820/550/5 802/535/5 880/546/5 879/545/5
f 802/535/5 789/474/5 877/595/5 880/546/5
f 813/528/5 782/473/5 882/500/5 881/499/5
f 782/473/5 806/526/5 883/596/5 882/500/5
f 806/526/5 820/550/5 884/597/5 883/596/5
f 820/550/5 813/528/5 881/499/5 884/597/5
f 842/522/3 843/570/3 908/570/3 906/522/3
f 829/558/8 830/557/8 893/557/8 894/558/8
f 884/597/18 881/499/18 945/499/18 947/597/18
f 843/570/8 844/514/8 907/514/8 908/570/8
f 832/560/18 829/558/18 894/558/18 895/560/18
f 882/500/3 883/596/3 948/596/3 946/500/3
f 869/588/4 870/587/4 933/587/4 934/588/4
f 830/557/3 831/559/3 896/559/3 893/557/3
f 883/596/4 884/597/4 947/597/4 948/596/4
f 872/590/18 869/588/18 934/588/18 935/590/18
f 831/559/4 832/560/4 895/560/4 896/559/4
f 870/587/3 871/589/3 936/589/3 933/587/3
f 857/580/8 858/579/8 921/579/8 922/580/8
f 871/589/8 872/590/8 935/590/8 936/589/8
f 860/582/18 857/580/18 922/580/18 923/582/18
f 858/579/3 859/581/3 924/581/3 921/579/3
f 845/572/4 846/571/4 910/571/4 909/572/4
f 859/581/4 860/582/4 923/582/4 924/581/4
f 848/574/18 845/572/18 909/572/18 911/574/18
f 846/571/3 847/573/3 912/573/3 910/571/3
f 833/563/4 834/562/4 897/562/4 898/563/4
f 847/573/8 848/574/8 911/574/8 912/573/8
f 836/565/18 833/563/18 898/563/18 899/565/18
f 873/592/8 874/591/8 937/591/8 938/592/8
f 834/562/3 835/564/3 900/564/3 897/562/3
f 821/552/8 822/551/8 885/551/8 886/552/8
f 876/594/18 873/592/18 938/592/18 939/594/18
f 835/564/8 836/565/8 899/565/8 900/564/8
f 824/554/18 821/552/18 886/552/18 887/554/18
f 874/591/3 875/593/3 940/593/3 937/591/3
f 861/584/4 862/583/4 925/583/4 926/584/4
f 822/551/3 823/553/3 888/553/3 885/551/3
f 875/593/4 876/594/4 939/594/4 940/593/4
f 864/586/18 861/584/18 926/584/18 927/586/18
f 823/553/4 824/554/4 887/554/4 888/553/4
f 862/583/3 863/585/3 928/585/3 925/583/3
f 849/576/8 850/575/8 913/575/8 914/576/8
f 863/585/8 864/586/8 927/586/8 928/585/8
f 852/578/18 849/576/18 914/576/18 915/578/18
f 850/575/3 851/577/3 916/577/3 913/575/3
f 837/567/4 838/566/4 901/566/4 902/567/4
f 851/577/4 852/578/4 915/578/4 916/577/4
f 840/569/18 837/567/18 902/567/18 903/569/18
f 877/595/8 878/548/8 942/548/8 941/595/8
f 838/566/3 839/568/3 904/568/3 901/566/3
f 825/549/4 826/547/4 889/547/4 890/549/4
f 880/546/18 877/595/18 941/595/18 943/546/18
f 839/568/8 840/569/8 903/569/8 904/568/8
f 949/434/1 955/598/1 953/415/1 363/414/1
f 1028/599/8 1030/600/8 1025/600/8 1026/599/8
f 950/425/5 956/601/5 954/406/5 367/405/5
f 956/601/5 951/424/5 958/602/5 957/334/5
f 951/424/5 387/407/5 959/336/5 958/602/5
f 387/407/5 954/406/5 960/333/5 959/336/5
f 954/406/5 956/601/5 957/334/5 960/333/5
f 955/598/1 952/423/1 962/603/1 961/604/1
f 952/423/1 395/416/1 963/605/1 962/603/1
f 395/416/1 953/415/1 964/606/1 963/605/1
f 953/415/1 955/598/1 961/604/1 964/606/1
f 962/603/3 963/605/3 972/605/3 969/603/3
f 961/604/4 962/603/4 969/603/4 970/604/4
f 958/602/3 959/336/3 968/336/3 965/602/3
f 963/605/8 964/606/8 971/606/8 972/605/8
f 957/334/8 958/602/8 965/602/8 966/334/8
f 964/606/18 961/604/18 970/604/18 971/606/18
f 1030/600/18 1034/631/18 1023/631/18 1025/600/18
f 366/413/5 383/412/5 1022/632/5 1021/633/5
f 383/412/5 951/424/5 1032/634/5 1022/632/5
f 955/598/1 949/434/1 1030/600/1 1028/599/1 952/423/1
f 1034/631/4 1033/635/4 1024/635/4 1023/631/4
f 950/425/5 366/413/5 1021/633/5 1031/636/5
f 362/422/1 391/421/1 1033/635/1 1034/631/1
f 391/421/1 952/423/1 1028/599/1 1033/635/1
f 1032/634/4 1031/636/4 1027/636/4 1029/634/4
f 1031/636/18 1021/633/18 1035/633/18 1027/636/18
f 949/434/1 362/422/1 1034/631/1 1030/600/1
f 956/601/5 950/425/5 1031/636/5 1032/634/5 951/424/5
f 1021/633/8 1022/632/8 1036/632/8 1035/633/8
f 1022/632/3 1032/634/3 1029/634/3 1036/632/3
f 1033/635/3 1028/599/3 1026/599/3 1024/635/3
f 758/479/5 796/511/5 1158/520/5 1157/717/5
f 796/511/5 795/510/5 1159/521/5 1158/520/5
f 795/510/5 757/482/5 1160/718/5 1159/521/5
f 757/482/5 758/479/5 1157/717/5 1160/718/5
f 760/480/1 800/513/1 1162/719/1 1161/720/1
f 800/513/1 799/512/1 1163/518/1 1162/719/1
f 799/512/1 759/481/1 1164/519/1 1163/518/1
f 759/481/1 760/480/1 1161/720/1 1164/519/1
f 1157/717/8 1158/520/8 1165/520/8 1166/717/8
f 1164/519/18 1161/720/18 1170/720/18 1171/519/18
f 1159/521/4 1160/718/4 1167/718/4 1168/521/4
f 1160/718/18 1157/717/18 1166/717/18 1167/718/18
f 1162/719/3 1163/518/3 1172/518/3 1169/719/3
f 1161/720/4 1162/719/4 1169/719/4 1170/720/4
f 1174/75/3 1173/66/3 1175/721/3 1436/26/3
f 1174/58/1 1178/722/1 1177/723/1 1173/69/1
f 1173/66/3 1176/724/3 1369/725/3 1370/726/3 1175/721/3
f 1173/69/1 1177/723/1 1179/727/1 1176/728/1
f 1177/723/124 1178/722/124 1184/722/124 1180/723/124
f 1179/727/125 1177/723/125 1180/723/125 1183/727/125
f 1178/722/128 1442/735/128 1185/735/128 1184/722/128
f 1259/806/144 1258/805/144 1261/805/144 1262/806/144
f 1258/805/145 1260/807/145 1263/807/145 1261/805/145
f 1271/788/18 1272/808/18 1296/809/18 1262/806/18 1261/805/18 1263/807/18 1264/810/18 1265/811/18 1269/812/18 1270/789/18
f 1260/807/146 1266/810/146 1264/810/146 1263/807/146
f 1266/810/147 1267/811/147 1265/811/147 1264/810/147
f 1267/811/148 1268/812/148 1269/812/148 1265/811/148
f 1268/812/149 1235/789/149 1270/789/149 1269/812/149
f 1273/788/150 1271/788/150 1270/789/150 1235/789/150
f 1273/788/151 1274/808/151 1272/808/151 1271/788/151
f 1274/808/158 1295/809/158 1296/809/158 1272/808/158
f 1295/809/159 1259/806/159 1262/806/159 1296/809/159
f 1505/830/160 1301/736/160 1300/736/160 1299/830/160
f 1505/829/161 1299/829/161 1297/828/161 1501/828/161
f 1505/830/162 1508/831/162 1303/832/162 1301/736/162
f 1303/832/163 1508/831/163 1302/831/163 1498/832/163
f 1508/833/164 1502/834/164 1305/834/164 1302/833/164
f 1520/835/165 1545/836/165 1550/836/165 1559/835/165
f 1304/782/8 1501/784/8 1297/784/8 1230/782/8
f 1502/837/15 1501/784/15 1304/782/15 1306/838/15
f 1502/837/4 1306/838/4 1307/838/4 1305/837/4
f 1306/838/4 1308/839/4 1310/839/4 1307/838/4
f 1308/839/5 1306/838/5 1304/782/5 1309/781/5
f 1308/839/3 1309/781/3 1227/781/3 1310/839/3
f 1368/867/176 1367/893/176 1365/893/176 1366/867/176
f 1367/893/177 1179/727/177 1183/727/177 1365/893/177
f 1367/893/6 1369/894/6 1176/728/6 1179/727/6
f 1369/894/4 1367/893/4 1368/867/4 1370/726/4
f 1175/721/3 1370/726/3 1371/895/3 1373/896/3
f 1370/726/170 1368/867/170 1374/865/170 1371/895/170
f 1373/896/3 1371/895/3 1372/897/3 1438/898/3
f 1372/897/4 1371/895/4 1375/899/4 1377/900/4
f 1371/895/4 1374/865/4 1376/901/4 1375/899/4
f 1375/899/5 1376/901/5 1379/901/5 1378/899/5
f 1377/900/18 1375/899/18 1378/899/18 1380/900/18
f 1376/901/3 1390/906/3 1389/906/3 1379/901/3
f 1390/906/1 1377/900/1 1380/900/1 1389/906/1
f 1374/865/4 1391/862/4 1390/906/4 1376/901/4
f 1391/862/4 1372/897/4 1377/900/4 1390/906/4
f 1391/862/178 1374/865/178 1334/865/178 1331/862/178
f 1372/897/168 1391/862/168 1392/861/168 1394/907/168
f 1392/861/179 1391/862/179 1331/862/179 1329/861/179
f 1394/907/4 1392/861/4 1393/860/4 1396/908/4
f 1393/860/180 1392/861/180 1329/861/180 1444/860/180
f 1438/898/3 1372/897/3 1394/907/3 1395/53/3
f 1395/53/3 1394/907/3 1396/908/3 1397/909/3 1398/80/3
f 1399/844/2 1397/910/2 1396/908/2 1393/860/2
f 1397/910/5 1399/844/5 1401/842/5 1398/35/5
f 1399/844/181 1393/860/181 1444/860/181 1400/844/181
f 1401/842/182 1399/844/182 1400/844/182 1311/842/182
f 1398/35/5 1401/842/5 1402/780/5 1404/34/5
f 1402/780/183 1401/842/183 1311/842/183 1228/780/183
f 1404/34/5 1402/780/5 1403/779/5 1406/911/5
f 1403/779/184 1402/780/184 1228/780/184 1225/779/184
f 1405/27/3 1395/53/3 1398/80/3 1404/60/3
f 1408/59/3 1405/27/3 1404/60/3 1406/912/3 1407/913/3
f 1406/162/7 1403/778/7 1409/777/7 1407/914/7
f 1407/914/8 1409/777/8 1410/915/8 1408/25/8
f 1409/777/185 1403/778/185 1225/778/185 1411/777/185
f 1410/915/186 1409/777/186 1411/777/186 1412/915/186
f 1414/758/188 1410/915/188 1412/915/188 1413/758/188
f 1415/755/189 1414/758/189 1413/758/189 1207/755/189
f 1414/758/8 1415/755/8 1419/916/8 1417/917/8
f 1408/25/136 1410/915/136 1414/758/136 1416/918/136
f 1416/918/8 1414/758/8 1417/917/8 1418/919/8
f 1418/919/1 1417/917/1 1420/917/1 1421/919/1
f 1417/917/3 1419/916/3 1422/916/3 1420/917/3
f 1432/924/18 1418/919/18 1421/919/18 1431/924/18
f 1419/916/5 1432/924/5 1431/924/5 1422/916/5
f 1433/925/8 1416/918/8 1418/919/8 1432/924/8
f 1415/755/8 1433/925/8 1432/924/8 1419/916/8
f 1433/925/132 1415/755/132 1440/753/132 1434/24/132
f 1434/76/3 1436/26/3 1435/926/3 1433/927/3
f 1433/927/3 1435/926/3 1437/928/3 1416/929/3
f 1436/26/3 1175/721/3 1373/896/3 1435/926/3
f 1435/926/3 1373/896/3 1438/898/3 1437/928/3
f 1437/928/3 1438/898/3 1395/53/3 1405/27/3
f 1416/929/3 1437/928/3 1405/27/3 1408/59/3
f 1439/930/3 1443/931/3 1174/75/3 1436/26/3 1434/76/3
f 1434/24/8 1440/753/8 1441/752/8 1439/932/8
f 1440/753/190 1415/755/190 1207/755/190 1204/753/190
f 1441/752/191 1440/753/191 1204/753/191 1202/752/191
f 1442/735/9 1443/933/9 1439/932/9 1441/751/9
f 1442/735/192 1441/751/192 1202/751/192 1185/735/192
f 1443/933/1 1442/735/1 1178/722/1 1174/58/1
f 1374/865/193 1368/867/193 1366/867/193 1334/865/193
f 1460/946/195 1459/945/195 1461/945/195 1462/946/195
f 1459/945/151 1450/941/151 1463/941/151 1461/945/151
f 1463/941/18 1464/940/18 1465/947/18 1484/948/18 1485/949/18 1486/950/18 1487/951/18 1494/952/18 1462/946/18 1461/945/18
f 1466/940/196 1464/940/196 1463/941/196 1450/941/196
f 1466/940/149 1467/947/149 1465/947/149 1464/940/149
f 1467/947/198 1482/948/198 1484/948/198 1465/947/198
f 1482/948/199 1483/949/199 1485/949/199 1484/948/199
f 1483/949/200 1488/950/200 1486/950/200 1485/949/200
f 1488/950/201 1489/951/201 1487/951/201 1486/950/201
f 1489/951/204 1493/952/204 1494/952/204 1487/951/204
f 1493/952/205 1460/946/205 1462/946/205 1494/952/205
f 1499/729/4 1303/832/4 1498/832/4 1182/729/4
f 1309/781/8 1304/782/8 1230/782/8 1227/781/8
f 1500/732/1 1301/736/1 1303/832/1 1499/729/1
f 1500/732/3 1499/729/3 1182/729/3 1186/732/3
f 1301/736/8 1500/732/8 1186/732/8 1300/736/8
f 1545/836/206 1518/960/206 1551/960/206 1550/836/206
f 1508/961/18 1507/962/18 1511/963/18 1502/834/18
f 1542/964/207 1548/965/207 1524/966/207 1521/967/207
f 1511/963/4 1507/962/4 1514/968/4 1519/969/4
f 1521/970/1 1524/966/1 1584/971/1 1577/972/1
f 1501/973/18 1540/974/18 1537/975/18 1505/829/18
f 1502/976/18 1544/977/18 1539/978/18 1501/784/18
f 1505/979/18 1538/980/18 1541/981/18 1508/833/18
f 1523/982/208 1526/983/208 1582/984/208 1583/985/208
f 1519/969/209 1514/968/209 1522/986/209 1527/987/209
f 1547/988/210 1546/989/210 1526/983/210 1523/990/210
f 1517/991/211 1543/992/211 1528/993/211 1525/994/211
f 1525/995/5 1528/996/5 1580/997/5 1581/998/5
f 1531/999/212 1532/1000/212 1599/1000/212 1600/999/212
f 1527/987/213 1522/1001/213 1578/1002/213 1579/1003/213
f 1537/1004/18 1538/1005/18 1505/979/18
f 1541/981/18 1507/1006/18 1508/961/18
f 1539/1007/18 1540/1008/18 1501/973/18
f 1511/963/18 1544/1009/18 1502/976/18
f 1541/981/214 1542/964/214 1514/968/214 1507/962/214
f 1543/1010/215 1544/977/215 1511/963/215 1519/969/215
f 1516/1011/216 1513/1012/216 1558/1012/216 1553/1011/216
f 1567/1013/217 1554/1014/217 1573/1014/217 1570/1013/217
f 1519/969/218 1527/987/218 1528/993/218 1543/992/218
f 1526/983/219 1546/989/219 1517/991/219 1525/994/219
f 1547/988/220 1523/990/220 1524/966/220 1548/965/220
f 1522/986/221 1514/968/221 1542/964/221 1521/967/221
f 1521/970/222 1577/972/222 1578/1002/222 1522/1001/222
f 1580/997/223 1528/996/223 1527/987/223 1579/1003/223
f 1525/995/224 1581/998/224 1582/984/224 1526/983/224
f 1584/971/225 1524/966/225 1523/982/225 1583/985/225
f 1564/1015/226 1512/1016/226 1560/1016/226 1563/1015/226
f 1503/1017/227 1562/1018/227 1538/1019/227 1537/1004/227
f 1564/1015/228 1566/1020/228 1540/1021/228 1539/1007/228
f 1506/1022/1 1513/1012/1 1542/964/1 1541/981/1
f 1520/835/5 1512/1016/5 1544/977/5 1543/1010/5
f 1518/960/229 1545/836/229 1517/1023/229 1546/989/229
f 1516/1011/230 1515/1024/230 1547/988/230 1548/965/230
f 1562/1018/1 1506/1022/1 1541/981/1 1538/1019/1
f 1513/1012/231 1516/1011/231 1548/965/231 1542/964/231
f 1566/1020/8 1503/1017/8 1537/1004/8 1540/1021/8
f 1515/1024/232 1518/960/232 1546/989/232 1547/988/232
f 1512/1016/5 1564/1015/5 1539/1007/5 1544/977/5
f 1545/836/233 1520/835/233 1543/1010/233 1517/1023/233
f 1552/1025/239 1567/1013/239 1570/1013/239 1571/1025/239
f 1554/1014/240 1504/1026/240 1574/1026/240 1573/1014/240
f 1515/1024/241 1516/1011/241 1553/1011/241 1556/1024/241
f 1513/1012/242 1506/1022/242 1557/1022/242 1558/1012/242
f 1518/960/243 1515/1024/243 1556/1024/243 1551/960/243
f 1506/1022/244 1562/1018/244 1561/1018/244 1557/1022/244
f 1512/1016/245 1520/835/245 1559/835/245 1560/1016/245
f 1504/1026/246 1554/1014/246 1561/1018/246 1562/1018/246
f 1549/1027/247 1509/1028/247 1564/1015/247 1563/1015/247
f 1565/1029/248 1504/1026/248 1562/1018/248 1503/1017/248
f 1509/1028/249 1510/1030/249 1566/1020/249 1564/1015/249
f 1510/1030/250 1565/1029/250 1503/1017/250 1566/1020/250
f 1554/1014/251 1567/1013/251 1555/1017/251 1561/1018/251
f 1552/1025/252 1549/1027/252 1563/1015/252 1568/1020/252
f 1567/1013/253 1552/1025/253 1568/1020/253 1555/1017/253
f 1510/1030/257 1509/1028/257 1576/1028/257 1572/1030/257
f 1509/1028/258 1549/1027/258 1575/1027/258 1576/1028/258
f 1549/1027/259 1552/1025/259 1571/1025/259 1575/1027/259
f 1565/1029/260 1510/1030/260 1572/1030/260 1569/1029/260
f 1504/1026/261 1565/1029/261 1569/1029/261 1574/1026/261
f 1530/1031/262 1529/1032/262 1578/1033/262 1577/972/262
f 1536/1034/262 1535/1035/262 1580/997/262 1579/1036/262
f 1534/1037/262 1533/1038/262 1582/1039/262 1581/1040/262
f 1532/1000/262 1531/999/262 1584/971/262 1583/985/262
f 1531/999/262 1530/1031/262 1577/972/262 1584/971/262
f 1529/1032/262 1536/1034/262 1579/1036/262 1578/1033/262
f 1533/1038/262 1532/1000/262 1583/985/262 1582/1039/262
f 1535/1035/262 1534/1037/262 1581/1040/262 1580/997/262
f 1535/1035/263 1536/1034/263 1595/1034/263 1596/1035/263
f 1532/1000/213 1533/1038/213 1598/1038/213 1599/1000/213
f 1530/1031/5 1531/999/5 1600/999/5 1593/1031/5
f 1533/1038/264 1534/1037/264 1597/1037/264 1598/1038/264
f 1529/1032/265 1530/1031/265 1593/1031/265 1594/1032/265
f 1534/1037/1 1535/1035/1 1596/1035/1 1597/1037/1
f 1536/1034/208 1529/1032/208 1594/1032/208 1595/1034/208
f 1681/1065/278 1699/1065/278 1665/1065/278 1686/1065/278 1695/1065/278
f 1679/1062/279 1694/1062/279 1697/1063/279 1689/1063/279
f 1719/1066/280 1682/1066/280 1698/1066/280 1687/1066/280 1674/1066/280
f 1687/1066/281 1698/1066/281 1693/1067/281 1680/1067/281
f 1700/1064/1 1699/1065/1 1681/1065/1 1684/1064/1
f 1719/1066/5 1745/1072/5 1746/1063/5 1683/1063/5 1682/1066/5
f 1680/1067/1 1693/1067/1 1694/1062/1 1679/1062/1
f 1685/1060/283 1692/1060/283 1695/1065/283 1686/1065/283
f 1668/1061/5 1691/1061/5 1692/1060/5 1685/1060/5
f 1678/1064/284 1696/1064/284 1691/1061/284 1668/1061/284
f 1694/1062/262 1693/1067/262 1698/1066/262 1682/1066/262 1683/1063/262 1697/1063/262
f 1700/1064/285 1684/1064/285 1696/1064/285 1678/1064/285 1667/1064/285
f 1683/1063/286 1746/1063/286 1666/1063/286 1689/1063/286 1697/1063/286
f 1692/1060/262 1691/1061/262 1696/1064/262 1684/1064/262 1681/1065/262 1695/1065/262
f 1723/1085/208 1722/1084/208 1730/1084/208 1731/1085/208
f 1725/1086/208 1728/1087/208 1740/1087/208 1737/1086/208
f 1722/1084/5 1721/1082/5 1729/1082/5 1730/1084/5
f 1721/1082/213 1724/1083/213 1732/1083/213 1729/1082/213
f 1724/1083/1 1723/1085/1 1731/1085/1 1732/1083/1
f 1725/1086/262 1726/1088/262 1730/1084/262 1729/1082/262
f 1727/1089/262 1728/1087/262 1732/1083/262 1731/1085/262
f 1726/1088/262 1727/1089/262 1731/1085/262 1730/1084/262
f 1728/1087/262 1725/1086/262 1729/1082/262 1732/1083/262
f 1728/1087/5 1727/1089/5 1739/1089/5 1740/1087/5
f 1727/1089/276 1726/1088/276 1738/1088/276 1739/1089/276
f 1726/1088/1 1725/1086/1 1737/1086/1 1738/1088/1
f 1975/1232/292 1976/1233/292 1993/1233/292 1992/1232/292
f 1968/1265/294 1969/1267/294 1986/1267/294 1985/1265/294
f 1962/1255/295 1963/1254/295 1979/1254/295 1978/1255/295
f 1976/1233/296 1977/1281/296 1980/1281/296 1993/1233/296
f 1969/1267/297 1970/1269/297 1987/1269/297 1986/1267/297
f 1977/1281/298 1962/1255/298 1978/1255/298 1980/1281/298
f 1970/1269/299 1971/1271/299 1988/1271/299 1987/1269/299
f 1963/1254/300 1964/1257/300 1981/1257/300 1979/1254/300
f 1971/1271/301 1972/1273/301 1989/1273/301 1988/1271/301
f 1964/1257/293 1965/1259/293 1982/1259/293 1981/1257/293
f 1972/1273/302 1973/1275/302 1990/1275/302 1989/1273/302
f 1965/1259/303 1966/1261/303 1983/1261/303 1982/1259/303
f 1973/1275/304 1974/1277/304 1991/1277/304 1990/1275/304
f 1966/1261/305 1967/1263/305 1984/1263/305 1983/1261/305
f 1974/1277/306 1975/1232/306 1992/1232/306 1991/1277/306
f 1967/1263/307 1968/1265/307 1985/1265/307 1984/1263/307
f 1978/1255/18 1979/1254/18 1995/1284/18 1994/1285/18
f 1981/1257/18 1982/1259/18 1997/1283/18 1996/1282/18
f 1982/1259/18 1983/1261/18 1998/1286/18 1997/1283/18
f 1983/1261/18 1984/1263/18 1999/1287/18 1998/1286/18
f 1985/1265/18 1986/1267/18 2001/1288/18 2000/1289/18
f 1986/1267/18 1987/1269/18 2002/1290/18 2001/1288/18
f 1987/1269/18 1988/1271/18 2003/1291/18 2002/1290/18
f 1989/1273/18 1990/1275/18 2005/1292/18 2004/1293/18
f 1990/1275/18 1991/1277/18 2006/1294/18 2005/1292/18
f 1991/1277/18 1992/1232/18 2007/1295/18 2006/1294/18
f 1993/1233/18 1980/1281/18 2009/1296/18 2008/1297/18
f 1980/1281/18 1978/1255/18 1994/1285/18 2009/1296/18
f 2021/1293/3 2022/1292/3 2038/1292/3 2037/1293/3
f 2015/1286/295 1998/1286/295 2331/1286/295 2340/1286/295
f 2016/1287/18 2015/1286/18 2340/1286/18 2341/1287/18
f 1985/1265/18 2000/1289/18 1999/1287/18 1984/1263/18
f 2006/1294/18 2335/1294/18 2336/1295/18 2007/1295/18
f 2028/1296/298 2026/1285/298 2042/1285/298 2044/1296/298
f 2014/1283/3 2015/1286/3 2031/1286/3 2030/1283/3
f 2022/1292/3 2023/1294/3 2039/1294/3 2038/1292/3
f 2015/1286/3 2016/1287/3 2032/1287/3 2031/1286/3
f 2023/1294/3 2024/1295/3 2040/1295/3 2039/1294/3
f 2016/1287/3 2017/1289/3 2033/1289/3 2032/1287/3
f 2024/1295/3 2025/1297/3 2041/1297/3 2040/1295/3
f 2017/1289/3 2018/1288/3 2034/1288/3 2033/1289/3
f 2010/1285/3 2011/1284/3 2027/1284/3 2026/1285/3
f 2025/1297/3 2012/1296/3 2028/1296/3 2041/1297/3
f 2018/1288/3 2019/1290/3 2035/1290/3 2034/1288/3
f 2012/1296/3 2010/1285/3 2026/1285/3 2028/1296/3
f 2019/1290/3 2020/1291/3 2036/1291/3 2035/1290/3
f 2011/1284/3 2013/1282/3 2029/1282/3 2027/1284/3
f 2020/1291/3 2021/1293/3 2037/1293/3 2036/1291/3
f 2013/1282/3 2014/1283/3 2030/1283/3 2029/1282/3
f 2070/1298/305 2071/1299/305 2088/1299/305 2087/1298/305
f 2035/1290/299 2036/1291/299 2052/1291/299 2051/1290/299
f 2027/1284/300 2029/1282/300 2045/1282/300 2043/1284/300
f 2036/1291/301 2037/1293/301 2053/1293/301 2052/1291/301
f 2029/1282/293 2030/1283/293 2046/1283/293 2045/1282/293
f 2037/1293/302 2038/1292/302 2054/1292/302 2053/1293/302
f 2030/1283/303 2031/1286/303 2047/1286/303 2046/1283/303
f 2038/1292/304 2039/1294/304 2055/1294/304 2054/1292/304
f 2031/1286/305 2032/1287/305 2048/1287/305 2047/1286/305
f 2039/1294/306 2040/1295/306 2056/1295/306 2055/1294/306
f 2032/1287/307 2033/1289/307 2049/1289/307 2048/1287/307
f 2040/1295/292 2041/1297/292 2057/1297/292 2056/1295/292
f 2033/1289/294 2034/1288/294 2050/1288/294 2049/1289/294
f 2026/1285/295 2027/1284/295 2043/1284/295 2042/1285/295
f 2041/1297/296 2028/1296/296 2044/1296/296 2057/1297/296
f 2034/1288/297 2035/1290/297 2051/1290/297 2050/1288/297
f 2043/1284/18 2045/1282/18 2060/1302/18 2059/1303/18
f 2046/1283/18 2047/1286/18 2062/1305/18 2061/1306/18
f 2048/1287/18 2049/1289/18 2064/1309/18 2063/1310/18
f 2050/1288/18 2051/1290/18 2066/1313/18 2065/1314/18
f 2052/1291/18 2053/1293/18 2068/1317/18 2067/1318/18
f 2054/1292/18 2055/1294/18 2070/1298/18 2069/1321/18
f 2056/1295/18 2057/1297/18 2072/1324/18 2071/1299/18
f 2044/1296/18 2042/1285/18 2058/1325/18 2073/1326/18
f 2077/1302/3 2078/1306/3 2094/1306/3 2093/1302/3
f 2063/1310/292 2064/1309/292 2081/1309/292 2080/1310/292
f 2071/1299/307 2072/1324/307 2089/1324/307 2088/1299/307
f 2064/1309/296 2065/1314/296 2082/1314/296 2081/1309/296
f 2058/1325/299 2059/1303/299 2075/1303/299 2074/1325/299
f 2072/1324/294 2073/1326/294 2076/1326/294 2089/1324/294
f 2065/1314/298 2066/1313/298 2083/1313/298 2082/1314/298
f 2073/1326/297 2058/1325/297 2074/1325/297 2076/1326/297
f 2066/1313/295 2067/1318/295 2084/1318/295 2083/1313/295
f 2059/1303/301 2060/1302/301 2077/1302/301 2075/1303/301
f 2067/1318/300 2068/1317/300 2085/1317/300 2084/1318/300
f 2060/1302/302 2061/1306/302 2078/1306/302 2077/1302/302
f 2068/1317/293 2069/1321/293 2086/1321/293 2085/1317/293
f 2061/1306/304 2062/1305/304 2079/1305/304 2078/1306/304
f 2069/1321/303 2070/1298/303 2087/1298/303 2086/1321/303
f 2062/1305/306 2063/1310/306 2080/1310/306 2079/1305/306
f 2085/1317/3 2086/1321/3 2102/1321/3 2101/1317/3
f 2078/1306/3 2079/1305/3 2095/1305/3 2094/1306/3
f 2086/1321/3 2087/1298/3 2103/1298/3 2102/1321/3
f 2079/1305/3 2080/1310/3 2096/1310/3 2095/1305/3
f 2087/1298/3 2088/1299/3 2104/1299/3 2103/1298/3
f 2080/1310/3 2081/1309/3 2097/1309/3 2096/1310/3
f 2088/1299/3 2089/1324/3 2105/1324/3 2104/1299/3
f 2081/1309/3 2082/1314/3 2098/1314/3 2097/1309/3
f 2074/1325/3 2075/1303/3 2091/1303/3 2090/1325/3
f 2089/1324/3 2076/1326/3 2092/1326/3 2105/1324/3
f 2082/1314/3 2083/1313/3 2099/1313/3 2098/1314/3
f 2076/1326/3 2074/1325/3 2090/1325/3 2092/1326/3
f 2083/1313/3 2084/1318/3 2100/1318/3 2099/1313/3
f 2075/1303/3 2077/1302/3 2093/1302/3 2091/1303/3
f 2084/1318/3 2085/1317/3 2101/1317/3 2100/1318/3
f 2107/1303/18 2109/1302/18 2123/1327/18 2365/1328/18
f 2109/1302/18 2110/1306/18 2124/1329/18 2123/1327/18
f 2110/1306/18 2111/1305/18 2125/1330/18 2124/1329/18
f 2111/1305/18 2112/1310/18 2126/1331/18 2125/1330/18
f 2112/1310/18 2113/1309/18 2127/1332/18 2126/1331/18
f 2113/1309/18 2114/1314/18 2128/1333/18 2127/1332/18
f 2114/1314/18 2115/1313/18 2129/1334/18 2128/1333/18
f 2115/1313/18 2116/1318/18 2130/1335/18 2129/1334/18
f 2365/1328/18 2122/1336/18 2106/1325/18 2107/1303/18
f 2042/1285/18 2043/1284/18 2138/1223/18 2137/1224/18
f 2043/1284/18 2059/1303/18 2139/1337/18 2138/1223/18
f 2059/1303/18 2058/1325/18 2140/1338/18 2139/1337/18
f 2058/1325/18 2042/1285/18 2137/1224/18 2140/1338/18
f 2045/1282/18 2046/1283/18 2142/1339/18 2141/1221/18
f 2046/1283/18 2061/1306/18 2143/1340/18 2142/1339/18
f 2061/1306/18 2060/1302/18 2144/1341/18 2143/1340/18
f 2060/1302/18 2045/1282/18 2141/1221/18 2144/1341/18
f 2047/1286/18 2048/1287/18 2146/1217/18 2145/1218/18
f 2048/1287/18 2063/1310/18 2147/1315/18 2146/1217/18
f 2063/1310/18 2062/1305/18 2148/1316/18 2147/1315/18
f 2062/1305/18 2047/1286/18 2145/1218/18 2148/1316/18
f 2049/1289/18 2050/1288/18 2150/1213/18 2149/1214/18
f 2050/1288/18 2065/1314/18 2151/1342/18 2150/1213/18
f 2065/1314/18 2064/1309/18 2152/1343/18 2151/1342/18
f 2064/1309/18 2049/1289/18 2149/1214/18 2152/1343/18
f 2051/1290/18 2052/1291/18 2154/1307/18 2153/1312/18
f 2052/1291/18 2067/1318/18 2155/1308/18 2154/1307/18
f 2067/1318/18 2066/1313/18 2156/1311/18 2155/1308/18
f 2066/1313/18 2051/1290/18 2153/1312/18 2156/1311/18
f 2053/1293/18 2054/1292/18 2158/1235/18 2157/1344/18
f 2054/1292/18 2069/1321/18 2159/1345/18 2158/1235/18
f 2069/1321/18 2068/1317/18 2160/1346/18 2159/1345/18
f 2068/1317/18 2053/1293/18 2157/1344/18 2160/1346/18
f 2055/1294/18 2056/1295/18 2162/1230/18 2161/1347/18
f 2056/1295/18 2071/1299/18 2163/1348/18 2162/1230/18
f 2071/1299/18 2070/1298/18 2164/1349/18 2163/1348/18
f 2070/1298/18 2055/1294/18 2161/1347/18 2164/1349/18
f 2057/1297/18 2044/1296/18 2166/1350/18 2165/1226/18
f 2044/1296/18 2073/1326/18 2167/1319/18 2166/1350/18
f 2073/1326/18 2072/1324/18 2168/1320/18 2167/1319/18
f 2072/1324/18 2057/1297/18 2165/1226/18 2168/1320/18
f 2331/1286/319 2332/1287/319 2341/1287/319 2340/1286/319
f 2335/1294/320 2336/1295/320 2347/1295/320 2346/1294/320
f 2329/1285/321 2330/1284/321 2338/1284/321 2337/1285/321
f 2333/1290/322 2334/1291/322 2344/1291/322 2343/1290/322
f 2003/293/4 2020/293/4 2344/1291/4 2334/1291/4
f 2024/1295/18 2023/1294/18 2346/1294/18 2347/1295/18
f 2010/1285/306 1994/1285/306 2329/1285/306 2337/1285/306
f 2017/1289/18 2016/1287/18 2341/1287/18 2342/1289/18
f 2023/1294/299 2006/1294/299 2335/1294/299 2346/1294/299
f 2025/1297/18 2024/1295/18 2347/1295/18 2348/1297/18
f 2002/1290/18 2333/1290/18 2334/1291/18 2003/1291/18
f 1981/1257/18 1996/1282/18 1995/1284/18 1979/1254/18
f 2011/1284/18 2010/1285/18 2337/1285/18 2338/1284/18
f 1989/1273/18 2004/1293/18 2003/1291/18 1988/1271/18
f 2019/1290/305 2002/1290/305 2333/1290/305 2343/1290/305
f 2020/1291/18 2019/1290/18 2343/1290/18 2344/1291/18
f 1999/293/5 2016/293/5 2341/1287/5 2332/1287/5
f 2013/1282/18 2011/1284/18 2338/1284/18 2339/1282/18
f 1995/293/8 2011/293/8 2338/1284/8 2330/1284/8
f 2021/1293/18 2020/1291/18 2344/1291/18 2345/1293/18
f 1998/1286/18 2331/1286/18 2332/1287/18 1999/1287/18
f 1993/1233/18 2008/1297/18 2007/1295/18 1992/1232/18
f 2007/293/1 2024/293/1 2347/1295/1 2336/1295/1
f 2131/1380/18 2117/1317/18 2118/1321/18 2132/1381/18
f 2132/1381/18 2118/1321/18 2119/1298/18 2133/1382/18
f 2133/1382/18 2119/1298/18 2120/1299/18 2134/1383/18
f 2134/1383/18 2120/1299/18 2121/1324/18 2135/1384/18
f 2135/1384/18 2121/1324/18 2108/1326/18 2136/1385/18
f 2136/1385/18 2108/1326/18 2106/1325/18 2122/1336/18
f 2130/1335/18 2116/1318/18 2117/1317/18 2131/1380/18
usemtl M_Noir_Profond
f 421/229/18 422/230/18 148/231/18 142/232/18 135/233/18 133/234/18 144/235/18 147/236/18 423/237/18 424/238/18
f 138/349/18 135/233/18 142/232/18 150/183/18 151/184/18
f 157/320/18 156/321/18 139/348/18 137/379/18 136/353/18
f 154/209/18 144/235/18 133/234/18 134/178/18 159/179/18
f 431/306/18 432/374/18 427/375/18 428/324/18 160/325/18 134/350/18 133/234/18 141/380/18 140/262/18 158/263/18
f 135/233/18 137/379/18 141/380/18 133/234/18
f 152/173/18 153/174/18 140/262/18 141/380/18 143/322/18
f 417/265/18 418/311/18 419/310/18 420/227/18 149/228/18 143/322/18 141/380/18 137/379/18 139/348/18 146/264/18
f 425/371/18 426/159/18 429/158/18 430/381/18 155/365/18 136/364/18 137/379/18 135/233/18 138/351/18 145/352/18
f 435/185/8 571/146/8 572/23/8 588/169/8 587/151/8 433/249/8 434/250/8 436/253/8
f 439/187/4 573/157/4 574/213/4 590/29/4 589/154/4 437/243/4 438/244/4 440/247/4
f 442/177/97 443/201/97 444/251/97 441/248/97
f 446/255/97 447/186/97 448/252/97 445/204/97
f 454/266/98 581/38/98 582/156/98 455/188/98 456/246/98 452/245/98 449/242/98 592/155/98 591/180/98 450/182/98 451/205/98 453/208/98
f 459/418/1 575/150/1 576/70/1 504/57/1 503/111/1 457/419/1 458/422/1 460/414/1
f 463/409/5 542/17/5 541/33/5 506/32/5 505/166/5 461/410/5 462/413/5 464/405/5
f 470/337/99 500/339/99 499/16/99 471/408/99 472/407/99 468/412/99 465/411/99 540/167/99 539/170/99 466/172/99 467/197/99 469/200/99
f 478/343/100 579/345/100 580/4/100 479/417/100 480/416/100 476/421/100 473/420/100 586/110/100 585/210/100 474/212/100 475/193/100 477/196/100
f 498/16/101 499/16/101 500/15/101 497/14/101
f 502/111/4 503/111/4 504/57/4 501/57/4
f 506/32/8 507/32/8 508/166/8 505/168/8
f 510/164/7 511/163/7 512/48/7 509/51/7
f 514/90/9 515/89/9 516/56/9 513/101/9
f 518/6/6 519/86/6 520/105/6 517/71/6
f 522/94/2 523/93/2 524/102/2 521/104/2
f 509/51/8 525/151/8 526/169/8 510/219/8
f 528/17/5 512/221/5 511/148/5 527/33/5
f 530/146/8 514/404/8 513/101/8 529/23/8
f 515/109/1 502/111/1 501/57/1 516/56/1
f 532/157/4 522/403/4 521/218/4 531/213/4
f 523/93/5 508/168/5 507/32/5 524/102/5
f 534/3/1 518/6/1 517/71/1 533/70/1
f 519/86/4 535/154/4 536/29/4 520/214/4
f 538/142/102 539/143/102 540/167/102 537/167/102
f 542/17/4 528/17/4 527/33/4 541/33/4
f 544/85/6 545/87/6 546/44/6 543/43/6
f 548/92/2 549/95/2 550/9/2 547/8/2
f 552/88/9 553/91/9 554/98/9 551/97/9
f 556/217/8 554/98/8 553/91/8 555/147/8
f 558/225/1 546/44/1 545/5/1 557/4/1
f 560/63/8 561/65/8 562/153/8 559/50/8
f 543/43/4 563/81/4 564/155/4 544/85/4
f 566/37/4 550/9/4 549/95/4 565/156/4
f 551/97/1 567/30/1 568/110/1 552/88/1
f 570/144/7 560/63/7 559/50/7 569/49/7
f 547/8/5 538/142/5 537/167/5 548/92/5
f 497/14/5 570/108/5 569/220/5 498/16/5
f 446/255/103 577/257/103 578/145/103 447/186/103
f 575/3/8 534/150/8 533/70/8 576/70/8
f 584/153/104 562/152/104 561/18/104 583/20/104
f 567/30/105 585/31/105 586/110/105 568/110/105
f 529/23/5 572/23/5 571/146/5 530/146/5
f 577/41/106 556/40/106 555/145/106 578/147/106
f 579/226/107 558/225/107 557/4/107 580/4/107
f 588/169/1 526/169/1 525/151/1 587/151/1
f 535/154/5 589/154/5 590/29/5 536/29/5
f 592/155/108 564/155/108 563/81/108 591/82/108
f 573/157/1 532/157/1 531/213/1 574/213/1
f 581/38/109 566/37/109 565/156/109 582/156/109
f 583/175/103 442/177/103 441/248/103 584/152/103
f 443/201/97 445/204/97 448/252/97 444/251/97
f 452/245/4 438/244/4 437/243/4 449/242/4
f 455/188/4 439/187/4 440/247/4 456/246/4
f 444/251/8 434/250/8 433/249/8 441/248/8
f 447/186/8 435/185/8 436/253/8 448/252/8
f 594/261/26 595/206/26 596/181/26 593/240/26
f 598/355/26 599/267/26 600/207/26 597/260/26
f 602/258/25 603/202/25 604/176/25 601/241/25
f 606/358/25 607/256/25 608/203/25 605/259/25
f 489/371/5 609/370/5 610/159/5 490/159/5
f 603/202/20 443/201/20 442/177/20 604/176/20
f 607/256/20 446/255/20 445/204/20 608/203/20
f 493/158/5 611/323/5 612/381/5 494/372/5
f 595/206/21 451/205/21 450/182/21 596/181/21
f 599/267/21 454/266/21 453/208/21 600/207/21
f 485/229/110 613/229/110 614/230/110 486/230/110
f 481/265/29 615/265/29 616/311/29 482/311/29
f 483/310/111 617/310/111 618/227/111 484/227/111
f 476/421/1 458/422/1 457/419/1 473/420/1
f 479/417/1 459/418/1 460/414/1 480/416/1
f 468/412/5 462/413/5 461/410/5 465/411/5
f 471/408/5 463/409/5 464/405/5 472/407/5
f 620/340/34 621/198/34 622/327/34 619/326/34
f 624/328/34 625/329/34 626/342/34 623/341/34
f 628/346/35 629/194/35 630/331/35 627/330/35
f 632/356/35 633/357/35 634/195/35 631/347/35
f 621/198/19 467/197/19 466/172/19 622/171/19
f 625/338/19 470/337/19 469/200/19 626/199/19
f 629/194/22 475/193/22 474/212/22 630/211/22
f 633/344/22 478/343/22 477/196/22 634/195/22
f 636/238/49 488/238/49 487/237/49 635/237/49
f 495/306/1 637/306/1 638/374/1 496/376/1
f 640/324/1 492/324/1 491/375/1 639/375/1
f 631/160/18 610/159/18 609/371/18 632/382/18
f 605/312/40 616/311/40 615/265/40 606/385/40
f 597/260/41 636/238/41 635/237/41 598/355/41
f 617/310/41 602/313/41 601/361/41 618/360/41
f 613/229/40 594/261/40 593/362/40 614/230/40
f 623/383/18 638/376/18 637/306/18 624/307/18
f 611/158/18 628/161/18 627/373/18 612/372/18
f 639/375/18 620/384/18 619/377/18 640/324/18
f 418/426/116 417/265/116 481/265/116 482/426/116
f 420/427/117 419/310/117 483/310/117 484/427/117
f 422/428/116 421/229/116 485/229/116 486/428/116
f 424/429/117 423/237/117 487/237/117 488/429/117
f 426/430/18 425/371/18 489/371/18 490/430/18
f 428/431/18 427/375/18 491/375/18 492/431/18
f 430/432/18 429/158/18 493/158/18 494/432/18
f 432/433/18 431/306/18 495/306/18 496/433/18
f 668/444/3 667/445/3 699/445/3 700/444/3
f 657/446/1 668/444/1 700/444/1 689/446/1
f 666/447/3 665/448/3 697/448/3 698/447/3
f 671/449/1 662/450/1 694/450/1 703/449/1
f 657/446/8 658/451/8 674/84/8 673/435/8
f 659/452/8 660/453/8 676/436/8 675/1/8
f 661/454/4 662/450/4 678/438/4 677/437/4
f 663/455/4 664/456/4 680/440/4 679/439/4
f 665/448/8 666/447/8 682/2/8 681/441/8
f 667/445/8 668/444/8 684/106/8 683/83/8
f 669/457/4 670/458/4 686/11/4 685/12/4
f 671/449/4 672/459/4 688/443/4 687/442/4
f 670/458/4 663/455/4 679/439/4 686/11/4
f 664/456/4 669/457/4 685/12/4 680/440/4
f 672/459/4 661/454/4 677/437/4 688/443/4
f 662/450/4 671/449/4 687/442/4 678/438/4
f 668/444/8 657/446/8 673/435/8 684/106/8
f 658/451/8 667/445/8 683/83/8 674/84/8
f 666/447/8 659/452/8 675/1/8 682/2/8
f 660/453/8 665/448/8 681/441/8 676/436/8
f 667/445/5 658/451/5 690/451/5 699/445/5
f 670/458/3 669/457/3 701/457/3 702/458/3
f 659/452/1 666/447/1 698/447/1 691/452/1
f 672/459/3 671/449/3 703/449/3 704/459/3
f 658/451/18 657/446/18 689/446/18 690/451/18
f 665/448/5 660/453/5 692/453/5 697/448/5
f 663/455/5 670/458/5 702/458/5 695/455/5
f 660/453/18 659/452/18 691/452/18 692/453/18
f 669/457/1 664/456/1 696/456/1 701/457/1
f 662/450/18 661/454/18 693/454/18 694/450/18
f 661/454/5 672/459/5 704/459/5 693/454/5
f 664/456/18 663/455/18 695/455/18 696/456/18
f 772/470/3 767/471/3 793/471/3 805/472/3 794/470/3
f 734/473/5 769/474/5 770/475/5 731/476/5 747/466/5 750/469/5
f 726/477/5 767/471/5 768/478/5 723/479/5 739/460/5 742/463/5
f 721/480/1 722/481/1 738/192/1 737/332/1
f 723/479/5 724/482/5 740/461/5 739/460/5
f 725/483/5 726/477/5 742/463/5 741/462/5
f 727/484/1 728/485/1 744/464/1 743/191/1
f 729/486/1 730/487/1 746/190/1 745/465/1
f 731/476/5 732/488/5 748/467/5 747/466/5
f 733/489/5 734/473/5 750/469/5 749/468/5
f 735/490/1 736/491/1 752/335/1 751/189/1
f 726/477/18 725/483/18 756/483/18 807/492/18 755/477/18
f 729/486/8 774/493/8 788/493/8 777/486/8
f 724/482/3 723/479/3 758/479/3 757/482/3
f 761/494/4 730/487/4 778/487/4 787/494/4
f 724/482/5 771/495/5 772/470/5 725/483/5 741/462/5 740/461/5
f 736/491/1 773/496/1 774/493/1 729/486/1 745/465/1 752/335/1
f 722/481/1 775/497/1 776/498/1 727/484/1 743/191/1 738/192/1
f 730/487/1 761/494/1 762/501/1 735/490/1 751/189/1 746/190/1
f 732/488/5 765/502/5 766/503/5 733/489/5 749/468/5 748/467/5
f 770/504/18 765/505/18 791/505/18 792/504/18
f 771/495/8 724/482/8 757/482/8 795/495/8
f 728/485/1 763/506/1 764/507/1 721/480/1 737/332/1 744/464/1
f 773/496/1 762/501/1 761/508/1 774/509/1
f 769/474/5 766/503/5 765/505/5 770/504/5
f 767/471/5 772/470/5 771/510/5 768/511/5
f 763/506/1 776/498/1 775/512/1 764/513/1
f 722/481/3 721/480/3 760/480/3 759/481/3
f 763/506/8 728/485/8 753/485/8 811/523/8 797/506/8
f 728/485/18 727/484/18 754/484/18 804/524/18 753/485/18
f 721/480/8 764/507/8 800/507/8 760/480/8
f 730/487/3 729/486/3 777/486/3 778/487/3
f 768/511/18 771/510/18 795/510/18 796/511/18
f 727/484/4 776/498/4 798/498/4 812/525/4 754/484/4
f 732/488/3 731/476/3 779/476/3 780/488/3
f 775/497/4 722/481/4 759/481/4 799/497/4
f 734/473/18 733/489/18 781/489/18 806/526/18 782/473/18
f 776/498/3 763/506/3 797/506/3 810/527/3 798/498/3
f 769/474/4 734/473/4 782/473/4 813/528/4 789/474/4
f 736/491/18 735/490/18 783/490/18 803/529/18 784/491/18
f 762/501/3 773/496/3 785/496/3 809/530/3 786/501/3
f 733/489/8 766/503/8 790/503/8 814/531/8 781/489/8
f 764/513/18 775/512/18 799/512/18 800/513/18
f 765/502/8 732/488/8 780/488/8 791/502/8
f 773/496/8 736/491/8 784/491/8 801/532/8 785/496/8
f 774/509/18 761/508/18 787/508/18 788/509/18
f 731/476/4 770/475/4 792/475/4 779/476/4
f 735/490/4 762/501/4 786/501/4 808/533/4 783/490/4
f 767/471/4 726/477/4 755/477/4 815/534/4 793/471/4
f 723/479/4 768/478/4 796/478/4 758/479/4
f 766/503/3 769/474/3 789/474/3 802/535/3 790/503/3
f 725/483/8 772/470/8 794/470/8 816/536/8 756/483/8
f 909/572/1 910/571/1 912/573/1 911/574/1
f 945/499/5 946/500/5 948/596/5 947/597/5
f 976/607/3 973/608/3 982/608/3 983/607/3
f 975/609/8 976/607/8 983/607/8 984/609/8
f 966/334/5 965/602/5 974/610/5 973/608/5
f 965/602/5 968/336/5 975/609/5 974/610/5
f 968/336/5 967/333/5 976/607/5 975/609/5
f 967/333/5 966/334/5 973/608/5 976/607/5
f 970/604/1 969/603/1 978/611/1 977/612/1
f 969/603/1 972/605/1 979/613/1 978/611/1
f 972/605/1 971/606/1 980/614/1 979/613/1
f 971/606/1 970/604/1 977/612/1 980/614/1
f 978/611/18 979/613/18 988/613/18 985/611/18
f 977/612/8 978/611/8 985/611/8 986/612/8
f 974/610/18 975/609/18 984/609/18 981/610/18
f 979/613/4 980/614/4 987/614/4 988/613/4
f 973/608/4 974/610/4 981/610/4 982/608/4
f 980/614/3 977/612/3 986/612/3 987/614/3
f 1011/623/8 1012/624/8 1019/624/8 1020/623/8
f 1006/625/3 1007/626/3 1016/626/3 1013/625/3
f 998/615/5 997/616/5 1006/625/5 1005/627/5
f 997/616/5 1000/619/5 1007/626/5 1006/625/5
f 1000/619/5 999/620/5 1008/628/5 1007/626/5
f 999/620/5 998/615/5 1005/627/5 1008/628/5
f 1002/622/1 1001/621/1 1010/629/1 1009/630/1
f 1001/621/1 1004/617/1 1011/623/1 1010/629/1
f 1004/617/1 1003/618/1 1012/624/1 1011/623/1
f 1003/618/1 1002/622/1 1009/630/1 1012/624/1
f 1005/627/8 1006/625/8 1013/625/8 1014/627/8
f 1012/624/18 1009/630/18 1018/630/18 1019/624/18
f 1007/626/4 1008/628/4 1015/628/4 1016/626/4
f 1008/628/18 1005/627/18 1014/627/18 1015/628/18
f 1010/629/3 1011/623/3 1020/623/3 1017/629/3
f 1009/630/4 1010/629/4 1017/629/4 1018/630/4
f 1047/637/1 1081/638/1 1045/639/1 1089/640/1
f 1026/599/1 1025/600/1 1040/641/1 1100/642/1 1068/643/1 1085/644/1 1055/645/1 1097/646/1 1076/647/1 1049/648/1 1083/649/1 1075/650/1 1045/651/1 1081/652/1 1057/653/1 1095/654/1 1064/655/1 1039/656/1
f 1024/635/1 1026/599/1 1039/656/1 1038/657/1
f 1061/658/5 1062/659/5 1084/660/5 1079/661/5
f 1025/600/1 1023/631/1 1037/662/1 1040/641/1
f 1029/634/5 1027/636/5 1044/663/5 1098/664/5 1080/665/5 1082/666/5 1048/667/5 1063/668/5 1072/669/5 1052/670/5 1084/660/5 1062/659/5 1090/671/5 1087/672/5 1059/673/5 1094/674/5 1093/675/5 1043/676/5
f 1036/632/5 1029/634/5 1043/676/5 1042/677/5
f 1073/678/1 1097/646/1 1055/645/1 1053/679/1
f 1027/636/5 1035/633/5 1041/680/5 1044/663/5
f 1058/681/5 1087/682/5 1090/683/5 1060/684/5
f 1096/685/1 1095/686/1 1057/687/1 1046/688/1
f 1056/689/5 1082/666/5 1080/665/5 1074/690/5
f 1054/691/1 1085/692/1 1068/643/1 1067/693/1
f 1091/694/5 1063/668/5 1048/667/5 1086/695/5
f 1077/696/1 1100/697/1 1040/641/1 1037/662/1
f 1039/656/1 1064/655/1 1071/698/1 1038/657/1
f 1078/699/5 1052/670/5 1072/669/5 1070/700/5
f 1092/701/5 1094/702/5 1059/703/5 1099/704/5
f 1066/705/5 1098/706/5 1044/663/5 1041/680/5
f 1050/707/1 1049/648/1 1076/647/1 1069/708/1
f 1023/631/1 1024/635/1 1038/657/1 1071/698/1 1096/685/1 1046/709/1 1047/637/1 1089/640/1 1088/710/1 1051/711/1 1050/707/1 1069/708/1 1073/678/1 1053/679/1 1054/712/1 1067/693/1 1077/696/1 1037/662/1
f 1035/633/5 1036/632/5 1042/677/5 1065/713/5 1092/701/5 1099/714/5 1058/681/5 1060/715/5 1061/658/5 1079/661/5 1078/699/5 1070/700/5 1091/694/5 1086/695/5 1056/689/5 1074/690/5 1066/716/5 1041/680/5
f 1043/676/5 1093/675/5 1065/713/5 1042/677/5
f 1088/710/1 1075/650/1 1083/649/1 1051/711/1
f 1063/668/3 1091/694/3 1142/694/3 1141/668/3
f 1062/659/3 1061/658/3 1137/658/3 1140/659/3
f 1094/702/3 1092/701/3 1143/701/3 1146/702/3
f 1095/686/3 1096/685/3 1149/685/3 1148/686/3
f 1082/666/3 1056/689/3 1130/689/3 1120/666/3
f 1081/638/3 1047/637/3 1109/637/3 1118/638/3
f 1098/706/3 1066/705/3 1107/705/3 1151/706/3
f 1075/650/3 1088/710/3 1135/710/3 1112/650/3
f 1049/648/3 1050/707/3 1122/707/3 1121/648/3
f 1085/692/3 1054/691/3 1126/691/3 1129/692/3
f 1100/697/3 1077/696/3 1114/696/3 1154/697/3
f 1097/646/3 1073/678/3 1103/678/3 1150/646/3
f 1087/682/3 1058/681/3 1134/681/3 1133/682/3
f 1052/670/3 1078/699/3 1115/699/3 1125/670/3
f 1182/729/1 1181/730/1 1180/723/1
f 1181/730/126 1364/731/126 1183/727/126 1180/723/126
f 1186/732/1 1182/729/1 1180/723/1 1184/722/1
f 1188/733/127 1187/734/127 1184/722/127 1185/735/127
f 1186/732/1 1184/722/1 1187/734/1
f 1300/736/129 1186/732/129 1187/734/129 1189/737/129
f 1201/744/9 1188/733/9 1185/735/9 1202/751/9
f 1203/749/131 1201/750/131 1202/752/131 1204/753/131
f 1205/754/132 1203/749/132 1204/753/132 1207/755/132
f 1206/756/8 1205/757/8 1207/755/8 1413/758/8
f 1411/777/7 1225/778/7 1224/769/7 1220/770/7
f 1226/773/138 1224/776/138 1225/779/138 1228/780/138
f 1227/781/5 1226/773/5 1228/780/5
f 1229/774/139 1226/773/139 1227/781/139 1230/782/139
f 1231/783/15 1229/774/15 1230/782/15 1297/784/15
f 1298/786/18 1231/787/18 1297/828/18 1299/829/18
f 1189/737/16 1298/740/16 1299/830/16 1300/736/16
f 1312/840/139 1313/841/139 1307/838/139 1310/839/139
f 1310/839/5 1227/781/5 1228/780/5 1311/842/5
f 1310/839/5 1311/842/5 1312/840/5
f 1314/843/166 1312/840/166 1311/842/166 1400/844/166
f 1328/856/169 1325/857/169 1444/860/169 1329/861/169
f 1330/858/168 1328/856/168 1329/861/168 1331/862/168
f 1332/863/4 1330/864/4 1331/862/4 1334/865/4
f 1333/866/170 1332/863/170 1334/865/170 1366/867/170
f 1364/731/6 1363/891/6 1365/893/6 1183/727/6
f 1363/891/175 1333/892/175 1366/867/175 1365/893/175
f 1378/899/4 1379/901/4 1382/902/4 1381/903/4
f 1380/900/4 1378/899/4 1381/903/4 1383/904/4
f 1381/903/5 1382/902/5 1385/902/5 1384/903/5
f 1383/904/18 1381/903/18 1384/903/18 1386/904/18
f 1388/905/1 1383/904/1 1386/904/1 1387/905/1
f 1382/902/3 1388/905/3 1387/905/3 1385/902/3
f 1379/901/4 1389/906/4 1388/905/4 1382/902/4
f 1389/906/4 1380/900/4 1383/904/4 1388/905/4
f 1220/768/187 1218/764/187 1412/915/187 1411/777/187
f 1218/764/136 1206/756/136 1413/758/136 1412/915/136
f 1421/919/8 1420/917/8 1423/920/8 1424/921/8
f 1420/917/8 1422/916/8 1425/922/8 1423/920/8
f 1424/921/1 1423/920/1 1426/920/1 1427/921/1
f 1423/920/3 1425/922/3 1428/922/3 1426/920/3
f 1425/922/5 1430/923/5 1429/923/5 1428/922/5
f 1430/923/18 1424/921/18 1427/921/18 1429/923/18
f 1431/924/8 1421/919/8 1424/921/8 1430/923/8
f 1422/916/8 1431/924/8 1430/923/8 1425/922/8
f 1325/851/2 1314/843/2 1400/844/2 1444/860/2
f 1449/935/16 1447/936/16 1498/832/16 1302/831/16
f 1497/938/18 1449/939/18 1302/833/18 1305/834/18
f 1313/841/15 1497/846/15 1305/837/15 1307/838/15
f 1447/934/129 1181/730/129 1182/729/129 1498/832/129
f 1563/1015/234 1560/1016/234 1559/835/234 1550/836/234
f 1555/1017/235 1568/1020/235 1551/960/235 1556/1024/235
f 1563/1015/236 1550/836/236 1551/960/236 1568/1020/236
f 1553/1011/237 1561/1018/237 1555/1017/237 1556/1024/237
f 1557/1022/238 1561/1018/238 1553/1011/238 1558/1012/238
f 1609/1043/262 1610/1044/262 1594/1032/262 1593/1031/262
f 1611/1045/262 1612/1046/262 1596/1035/262 1595/1034/262
f 1613/1041/262 1614/1047/262 1598/1038/262 1597/1037/262
f 1615/1048/262 1616/1049/262 1600/999/262 1599/1000/262
f 1616/1049/262 1609/1043/262 1593/1031/262 1600/999/262
f 1610/1044/262 1611/1045/262 1595/1034/262 1594/1032/262
f 1614/1047/262 1615/1048/262 1599/1000/262 1598/1038/262
f 1612/1046/262 1613/1041/262 1597/1037/262 1596/1035/262
f 1653/1060/1 1652/1061/1 1672/1061/1 1673/1060/1
f 1649/1062/262 1650/1063/262 1658/1050/262 1657/1051/262
f 1651/1064/262 1652/1061/262 1660/1055/262 1659/1054/262
f 1653/1060/262 1654/1065/262 1662/1057/262 1661/1056/262
f 1655/1066/262 1656/1067/262 1664/1059/262 1663/1058/262
f 1656/1067/262 1649/1062/262 1657/1051/262 1664/1059/262
f 1650/1063/262 1651/1064/262 1659/1054/262 1658/1050/262
f 1654/1065/262 1655/1066/262 1663/1058/262 1662/1057/262
f 1652/1061/262 1653/1060/262 1661/1056/262 1660/1055/262
f 1651/1064/208 1650/1063/208 1666/1063/208 1667/1064/208
f 1656/1067/274 1655/1066/274 1674/1066/274 1677/1067/274
f 1652/1061/275 1651/1064/275 1667/1064/275 1672/1061/275
f 1655/1066/276 1654/1065/276 1665/1065/276 1674/1066/276
f 1649/1062/5 1656/1067/5 1677/1067/5 1676/1062/5
f 1654/1065/277 1653/1060/277 1673/1060/277 1665/1065/277
f 1677/1067/268 1674/1066/268 1687/1066/268 1680/1067/268
f 1650/1063/282 1649/1062/282 1676/1062/282 1666/1063/282
f 1665/1065/268 1673/1060/268 1685/1060/268 1686/1065/268
f 1673/1060/268 1672/1061/268 1668/1061/268 1685/1060/268
f 1666/1063/268 1676/1062/268 1679/1062/268 1689/1063/268
f 1676/1062/268 1677/1067/268 1680/1067/268 1679/1062/268
f 1672/1061/268 1667/1064/268 1678/1064/268 1668/1061/268
f 1703/1078/1 1704/1079/1 1712/1079/1 1711/1078/1
f 1704/1079/262 1703/1078/262 1707/1076/262 1708/1075/262
f 1705/1080/262 1704/1079/262 1708/1075/262 1709/1070/262
f 1703/1078/262 1706/1081/262 1710/1071/262 1707/1076/262
f 1706/1081/262 1705/1080/262 1709/1070/262 1710/1071/262
f 1705/1080/5 1706/1081/5 1714/1081/5 1713/1080/5
f 1704/1079/208 1705/1080/208 1713/1080/208 1712/1079/208
f 1706/1081/213 1703/1078/213 1711/1078/213 1714/1081/213
f 1734/1090/1 1733/1091/1 1741/1091/1 1742/1090/1
f 1733/1091/262 1734/1090/262 1738/1088/262 1737/1086/262
f 1735/1092/262 1736/1093/262 1740/1087/262 1739/1089/262
f 1734/1090/262 1735/1092/262 1739/1089/262 1738/1088/262
f 1736/1093/287 1733/1091/287 1737/1086/287 1740/1087/287
f 1733/1091/288 1736/1093/288 1744/1093/288 1741/1091/288
f 1736/1093/5 1735/1092/5 1743/1092/5 1744/1093/5
f 1735/1092/213 1734/1090/213 1742/1090/213 1743/1092/213
f 2289/1300/18 2290/1301/18 2322/1301/18 2321/1300/18
f 2282/1304/294 2283/1304/294 2316/1304/294 2314/1304/294
f 2154/1307/4 2155/1308/4 2188/1308/4 2186/1307/4
f 2156/1311/308 2153/1312/308 2185/1312/308 2187/1311/308
f 2147/1315/306 2148/1316/306 2179/1316/306 2180/1315/306
f 2167/1319/294 2168/1320/294 2199/1320/294 2200/1319/294
f 2284/1322/296 2281/1323/296 2313/1323/296 2315/1322/296
f 2146/1217/5 2147/1315/5 2180/1315/5 2178/1217/5
f 2155/1308/295 2156/1311/295 2187/1311/295 2188/1308/295
f 2164/1349/310 2161/1347/310 2193/1347/310 2195/1349/310
f 2144/1341/311 2141/1221/311 2173/1221/311 2175/1341/311
f 2162/1230/1 2163/1348/1 2196/1348/1 2194/1230/1
f 2142/1339/7 2143/1340/7 2176/1340/7 2174/1339/7
f 2275/1351/3 2276/1352/3 2307/1352/3 2308/1351/3
f 2163/1348/305 2164/1349/305 2195/1349/305 2196/1348/305
f 2143/1340/302 2144/1341/302 2175/1341/302 2176/1340/302
f 2152/1343/312 2149/1214/312 2181/1214/312 2183/1343/312
f 2150/1213/2 2151/1342/2 2184/1342/2 2182/1213/2
f 2295/1353/3 2296/1354/3 2327/1354/3 2328/1353/3
f 2281/1323/18 2282/1304/18 2314/1304/18 2313/1323/18
f 2151/1342/296 2152/1343/296 2183/1343/296 2184/1342/296
f 2160/1346/313 2157/1344/313 2189/1344/313 2191/1346/313
f 2140/1338/314 2137/1224/314 2169/1224/314 2171/1338/314
f 2158/1235/6 2159/1345/6 2192/1345/6 2190/1235/6
f 2138/1223/8 2139/1337/8 2172/1337/8 2170/1223/8
f 2274/1351/305 2275/1351/305 2308/1351/305 2306/1351/305
f 2294/1355/295 2295/1353/295 2328/1353/295 2326/1355/295
f 2159/1345/293 2160/1346/293 2191/1346/293 2192/1345/293
f 2139/1337/299 2140/1338/299 2171/1338/299 2172/1337/299
f 2168/1320/315 2165/1226/315 2197/1226/315 2199/1320/315
f 2148/1316/316 2145/1218/316 2177/1218/316 2179/1316/316
f 2166/1350/9 2167/1319/9 2200/1319/9 2198/1350/9
f 2141/1221/293 2142/1339/293 2266/1365/293 2265/1366/293
f 2142/1339/293 2174/1339/293 2267/1365/293 2266/1365/293
f 2174/1339/293 2173/1221/293 2268/1367/293 2267/1365/293
f 2173/1221/293 2141/1221/293 2265/1366/293 2268/1367/293
f 2161/1347/306 2162/1230/306 2270/1368/306 2269/1369/306
f 2162/1230/306 2194/1230/306 2271/1370/306 2270/1368/306
f 2194/1230/306 2193/1347/306 2272/1369/306 2271/1370/306
f 2193/1347/306 2161/1347/306 2269/1369/306 2272/1369/306
f 2153/1312/299 2154/1307/299 2274/1351/299 2273/1371/299
f 2154/1307/299 2186/1307/299 2275/1351/299 2274/1351/299
f 2186/1307/299 2185/1312/299 2276/1352/299 2275/1351/299
f 2185/1312/299 2153/1312/299 2273/1371/299 2276/1352/299
f 2149/1214/294 2150/1213/294 2278/1372/294 2277/1373/294
f 2150/1213/294 2182/1213/294 2279/1372/294 2278/1372/294
f 2182/1213/294 2181/1214/294 2280/1374/294 2279/1372/294
f 2181/1214/294 2149/1214/294 2277/1373/294 2280/1374/294
f 2157/1344/302 2158/1235/302 2282/1304/302 2281/1323/302
f 2158/1235/302 2190/1235/302 2283/1304/302 2282/1304/302
f 2190/1235/302 2189/1344/302 2284/1322/302 2283/1304/302
f 2189/1344/302 2157/1344/302 2281/1323/302 2284/1322/302
f 2137/1224/295 2138/1223/295 2286/1375/295 2285/1376/295
f 2138/1223/295 2170/1223/295 2287/1377/295 2286/1375/295
f 2170/1223/295 2169/1224/295 2288/1378/295 2287/1377/295
f 2169/1224/295 2137/1224/295 2285/1376/295 2288/1378/295
f 2165/1226/296 2166/1350/296 2290/1301/296 2289/1300/296
f 2166/1350/296 2198/1350/296 2291/1301/296 2290/1301/296
f 2198/1350/296 2197/1226/296 2292/1379/296 2291/1301/296
f 2197/1226/296 2165/1226/296 2289/1300/296 2292/1379/296
f 2145/1218/305 2146/1217/305 2294/1355/305 2293/1354/305
f 2146/1217/305 2178/1217/305 2295/1353/305 2294/1355/305
f 2178/1217/305 2177/1218/305 2296/1354/305 2295/1353/305
f 2177/1218/305 2145/1218/305 2293/1354/305 2296/1354/305
f 2269/1369/18 2270/1368/18 2302/1368/18 2301/1369/18
f 2283/1304/3 2284/1322/3 2315/1322/3 2316/1304/3
f 2292/1379/293 2289/1300/293 2321/1300/293 2323/1379/293
f 2272/1369/295 2269/1369/295 2301/1369/295 2303/1369/295
f 2290/1301/302 2291/1301/302 2324/1301/302 2322/1301/302
f 2270/1368/299 2271/1370/299 2304/1370/299 2302/1368/299
f 2277/1373/18 2278/1372/18 2310/1372/18 2309/1373/18
f 2291/1301/3 2292/1379/3 2323/1379/3 2324/1301/3
f 2271/1370/3 2272/1369/3 2303/1369/3 2304/1370/3
f 2280/1374/302 2277/1373/302 2309/1373/302 2311/1374/302
f 2278/1372/293 2279/1372/293 2312/1372/293 2310/1372/293
f 2285/1376/18 2286/1375/18 2318/1375/18 2317/1376/18
f 2265/1366/18 2266/1365/18 2298/1365/18 2297/1366/18
f 2279/1372/3 2280/1374/3 2311/1374/3 2312/1372/3
f 2288/1378/305 2285/1376/305 2317/1376/305 2319/1378/305
f 2268/1367/294 2265/1366/294 2297/1366/294 2299/1367/294
f 2286/1375/306 2287/1377/306 2320/1377/306 2318/1375/306
f 2266/1365/296 2267/1365/296 2300/1365/296 2298/1365/296
f 2293/1354/18 2294/1355/18 2326/1355/18 2325/1354/18
f 2273/1371/18 2274/1351/18 2306/1351/18 2305/1371/18
f 2287/1377/3 2288/1378/3 2319/1378/3 2320/1377/3
f 2267/1365/3 2268/1367/3 2299/1367/3 2300/1365/3
f 2296/1354/299 2293/1354/299 2325/1354/299 2327/1354/299
f 2276/1352/306 2273/1371/306 2305/1371/306 2307/1352/306
f 1998/1286/323 2111/1305/323 2110/1306/323 1997/1283/323
f 1999/1287/324 2112/1310/324 2111/1305/324 1998/1286/324
f 1999/293/325 2000/293/325 2113/1309/325 2112/1310/325
f 2000/1289/326 2001/1288/326 2114/1314/326 2113/1309/326
f 2001/1288/327 2002/1290/327 2115/1313/327 2114/1314/327
f 2002/1290/328 2003/1291/328 2116/1318/328 2115/1313/328
f 2003/293/329 2004/293/329 2117/1317/329 2116/1318/329
f 2004/1293/330 2005/1292/330 2118/1321/330 2117/1317/330
f 2005/1292/331 2006/1294/331 2119/1298/331 2118/1321/331
f 2006/1294/332 2007/1295/332 2120/1299/332 2119/1298/332
f 2007/1295/333 2008/1297/333 2121/1324/333 2120/1299/333
f 2008/1297/334 2009/1296/334 2108/1326/334 2121/1324/334
f 2009/1296/335 1994/1285/335 2106/1325/335 2108/1326/335
f 1994/1285/336 1995/1284/336 2107/1303/336 2106/1325/336
f 1995/293/337 1996/293/337 2109/1302/337 2107/1303/337
f 1996/1282/338 1997/1283/338 2110/1306/338 2109/1302/338
usemtl M_Orange
f 194/273/18 195/276/18 196/305/18 193/281/18
f 198/308/18 199/309/18 200/279/18 197/274/18
f 202/289/18 203/290/18 204/391/18 201/390/18
f 206/269/18 207/280/18 208/393/18 205/270/18
f 219/272/18 194/273/18 193/281/18 210/282/18
f 224/402/18 198/308/18 197/274/18 212/275/18
f 207/280/18 222/400/18 214/395/18 208/393/18
f 217/398/18 202/289/18 201/390/18 216/397/18
f 199/309/18 223/401/18 211/278/18 200/279/18
f 221/268/18 206/269/18 205/270/18 213/271/18
f 220/277/18 209/304/18 196/305/18 195/276/18
f 203/290/18 218/399/18 215/396/18 204/391/18
f 886/552/5 885/551/5 888/553/5 887/554/5
f 890/549/1 889/547/1 892/542/1 891/543/1
f 894/558/5 893/557/5 896/559/5 895/560/5
f 898/563/1 897/562/1 900/564/1 899/565/1
f 905/515/1 906/522/1 908/570/1 907/514/1
f 914/576/5 913/575/5 916/577/5 915/578/5
f 926/584/1 925/583/1 928/585/1 927/586/1
f 941/595/5 942/548/5 944/545/5 943/546/5
f 1166/717/5 1165/520/5 1168/521/5 1167/718/5
f 1170/720/1 1169/719/1 1172/518/1 1171/519/1
f 1240/791/18 1239/790/18 1241/793/18 1242/794/18
f 1246/796/18 1240/791/18 1242/794/18 1244/795/18
f 1249/798/18 1246/796/18 1244/795/18 1247/797/18
f 1252/800/18 1249/798/18 1247/797/18 1250/799/18
f 1254/802/18 1252/800/18 1250/799/18 1253/801/18
f 1286/803/18 1254/802/18 1253/801/18 1255/804/18
f 1280/815/18 1281/816/18 1279/814/18 1278/813/18
f 1281/816/18 1282/817/18 1293/818/18 1279/814/18
f 1282/817/18 1286/803/18 1255/804/18 1293/818/18
f 1348/875/18 1346/874/18 1347/877/18 1479/878/18
f 1346/874/18 1349/876/18 1350/879/18 1347/877/18
f 1349/876/18 1351/880/18 1352/881/18 1350/879/18
f 1351/880/18 1353/882/18 1495/883/18 1352/881/18
f 1472/955/18 1475/956/18 1476/954/18 1469/953/18
f 1475/956/18 1477/958/18 1478/959/18 1476/954/18
f 1477/958/18 1348/875/18 1479/878/18 1478/959/18
f 1353/882/18 1496/889/18 1457/944/18 1495/883/18
f 1496/889/18 1452/942/18 1455/943/18 1457/944/18
f 1831/1168/262 1830/1167/262 1833/1146/262 1832/1147/262
f 1835/1170/262 1834/1169/262 1837/1171/262 1836/1172/262
f 1839/1141/262 1838/1118/262 1841/1119/262 1840/1140/262
f 1843/1174/262 1842/1173/262 1845/1175/262 1844/1176/262
f 1847/1073/262 1846/1074/262 1849/1177/262 1848/1178/262
f 1851/1180/262 1850/1179/262 1853/1156/262 1852/1157/262
f 1855/1182/262 1854/1181/262 1857/1183/262 1856/1184/262
f 1859/1143/262 1858/1127/262 1861/1128/262 1860/1142/262
f 1863/1186/262 1862/1185/262 1865/1187/262 1864/1188/262
f 2430/1392/295 2431/1397/295 2432/1396/295 2433/1393/295
f 2433/1393/298 2432/1396/298 2434/1364/298 2435/1400/298
f 2435/1400/296 2434/1364/296 2436/1361/296 2437/1363/296
f 2437/1363/292 2436/1361/292 2438/1358/292 2439/1360/292
f 2439/1360/306 2438/1358/306 2440/1231/306 2441/1356/306
f 2441/1356/304 2440/1231/304 2442/1225/304 2443/1228/304
f 2443/1228/302 2442/1225/302 2444/1219/302 2445/1222/302
f 2445/1222/301 2444/1219/301 2446/1211/301 2447/1216/301
f 2447/1216/299 2446/1211/299 2448/1212/299 2449/1215/299
f 2449/1215/297 2448/1212/297 2450/1419/297 2451/1417/297
f 2451/1417/294 2450/1419/294 2452/1423/294 2453/1421/294
f 2453/1421/307 2452/1423/307 2454/1427/307 2455/1425/307
f 2455/1425/305 2454/1427/305 2456/1431/305 2457/1429/305
f 2457/1429/303 2456/1431/303 2458/1435/303 2459/1433/303
f 2459/1433/293 2458/1435/293 2460/1439/293 2461/1437/293
f 2461/1437/300 2460/1439/300 2431/1443/300 2430/1441/300
f 2471/1218/305 2468/1217/305 2469/1217/305 2470/1218/305
f 2467/1234/302 2464/1235/302 2465/1359/302 2466/1344/302
f 2471/1218/303 2470/1218/303 2462/1220/303 2463/1362/303
f 2475/1229/306 2472/1230/306 2473/1230/306 2474/1347/306
f 2475/1229/304 2474/1347/304 2465/1359/304 2464/1235/304
f 2479/1214/294 2476/1213/294 2477/1213/294 2478/1214/294
f 2479/1214/307 2478/1214/307 2469/1217/307 2468/1217/307
f 2483/1224/295 2480/1223/295 2481/1223/295 2482/1224/295
f 2487/1226/296 2484/1227/296 2485/1445/296 2486/1226/296
f 2487/1226/292 2486/1226/292 2473/1230/292 2472/1230/292
f 2491/1357/299 2488/1307/299 2489/1209/299 2490/1210/299
f 2491/1357/297 2490/1210/297 2477/1213/297 2476/1213/297
f 2493/1221/293 2463/1362/293 2462/1220/293 2492/1221/293
f 2467/1234/301 2466/1344/301 2489/1209/301 2488/1307/301
f 2493/1221/300 2492/1221/300 2481/1223/300 2480/1223/300
f 2485/1445/298 2484/1227/298 2483/1224/298 2482/1224/298
usemtl M_Gris_Metal
f 240/1/1 275/2/1 682/2/1 675/1/1
f 232/3/1 261/4/1 263/5/1 250/6/1
f 39/7/2 269/8/2 288/9/2 41/10/2
f 286/11/3 282/12/3 685/12/3 686/11/3
f 25/13/4 267/14/4 312/15/4 61/13/4
f 268/16/4 228/17/4 708/17/4 709/16/4
f 273/18/1 26/19/1 62/19/1 313/20/1
f 21/21/4 171/22/4 123/22/4 54/21/4
f 259/30/4 21/21/4 54/21/4 305/31/4
f 29/36/1 284/37/1 319/38/1 69/36/1
f 27/39/5 276/40/5 315/41/5 65/39/5
f 43/42/6 285/43/6 264/44/6 45/45/6
f 28/46/5 175/47/5 114/47/5 66/46/5
f 244/48/7 271/49/7 652/50/7 641/51/7
f 278/63/8 31/64/8 26/19/8 273/65/8
f 172/77/5 27/39/5 65/39/5 110/77/5
f 281/81/5 28/46/5 66/46/5 317/82/5
f 274/83/5 237/84/5 674/84/5 683/83/5
f 654/85/6 647/86/6 250/6/6 263/87/6
f 258/88/9 247/89/9 644/90/9 649/91/9
f 270/92/2 255/93/2 646/94/2 655/95/2
f 35/96/9 257/97/9 280/98/9 37/99/9
f 277/106/3 274/83/3 683/83/3 684/106/3
f 267/14/5 25/13/5 33/107/5 272/108/5
f 247/109/1 258/88/1 260/110/1 230/111/1
f 171/112/4 191/113/4 88/114/4 123/112/4
f 161/115/10 162/116/10 31/64/10 33/117/10
f 163/118/11 164/119/11 35/96/11 37/99/11
f 165/120/12 166/121/12 43/42/12 45/45/12
f 167/122/13 168/123/13 39/7/13 41/10/13
f 162/124/14 169/125/14 26/19/14 31/64/14
f 170/126/15 161/127/15 33/107/15 25/13/15
f 21/21/16 35/96/16 164/128/16 171/22/16
f 37/99/14 27/39/14 172/77/14 163/129/14
f 41/10/17 29/36/17 173/130/17 167/131/17
f 23/132/15 39/7/15 168/133/15 174/134/15
f 28/46/17 43/42/17 166/135/17 175/47/17
f 45/45/16 22/136/16 176/137/16 165/138/16
f 169/139/1 180/140/1 115/141/1 116/139/1
f 266/142/8 23/132/8 58/132/8 309/143/8
f 272/144/7 33/117/7 31/64/7 278/63/7
f 257/97/1 35/96/1 21/21/1 259/30/1
f 650/145/5 643/146/5 303/146/5 316/147/5
f 26/19/1 169/125/1 116/125/1 62/19/1
f 261/4/8 232/150/8 706/3/8 711/4/8
f 642/151/1 651/152/1 314/153/1 301/151/1
f 648/154/5 653/155/5 318/155/5 297/154/5
f 656/156/1 645/157/1 299/157/1 320/156/1
f 230/111/4 260/110/4 720/110/4 713/111/4
f 226/166/8 265/167/8 718/167/8 715/168/8
f 346/201/20 335/202/20 334/203/20 352/204/20
f 354/205/21 343/206/21 342/207/21 360/208/21
f 175/47/5 178/215/5 113/216/5 114/47/5
f 276/217/8 27/39/8 37/99/8 280/98/8
f 173/130/1 29/36/1 69/36/1 111/130/1
f 285/43/4 43/42/4 28/46/4 281/81/4
f 176/137/8 22/136/8 57/136/8 109/137/8
f 269/8/5 39/7/5 23/132/5 266/142/5
f 228/17/5 268/16/5 271/220/5 244/221/5
f 23/132/8 174/134/8 132/134/8 58/132/8
f 174/222/8 190/223/8 107/224/8 132/222/8
f 284/37/4 29/36/4 41/10/4 288/9/4
f 22/136/8 262/225/8 307/226/8 57/136/8
f 170/126/4 25/13/4 61/13/4 129/126/4
f 262/225/1 22/136/1 45/45/1 264/44/1
f 255/93/5 270/92/5 265/167/5 226/168/5
f 326/244/4 355/245/4 359/246/4 327/247/4
f 322/250/8 347/251/8 351/252/8 323/253/8
f 190/223/1 188/254/1 130/254/1 107/223/1
f 408/258/25 403/259/25 334/203/25 335/202/25
f 337/229/18 340/238/18 405/260/18 410/261/18
f 410/261/26 405/260/26 342/207/26 343/206/26
f 103/268/4 40/269/4 206/269/4 221/268/4
f 76/270/8 82/271/8 213/271/8 205/270/8
f 87/272/5 32/273/5 194/273/5 219/272/5
f 72/274/4 81/275/4 212/275/4 197/274/4
f 30/276/8 93/277/8 220/277/8 195/276/8
f 80/278/5 73/279/5 200/279/5 211/278/5
f 40/269/2 38/280/2 207/280/2 206/269/2
f 70/281/1 79/282/1 210/282/1 193/281/1
f 118/283/5 185/283/5 177/284/5 112/285/5
f 128/286/2 184/286/2 183/287/2 126/288/2
f 44/289/6 42/290/6 203/290/6 202/289/6
f 117/291/7 186/292/7 185/283/7 118/283/7
f 82/271/5 103/268/5 221/268/5 213/271/5
f 119/293/6 182/294/6 181/295/6 120/295/6
f 102/296/4 179/297/4 170/298/4 129/298/4
f 88/113/5 191/113/5 184/286/5 128/286/5
f 125/299/5 192/300/5 172/301/5 110/301/5
f 112/302/8 177/284/8 176/303/8 109/303/8
f 78/304/4 71/305/4 196/305/4 209/304/4
f 120/295/27 181/295/27 179/297/27 102/297/27
f 182/294/28 119/141/28 115/141/28 180/140/28
f 126/287/29 183/287/29 192/300/29 125/300/29
f 36/308/9 34/309/9 199/309/9 198/308/9
f 329/310/18 332/311/18 403/312/18 408/313/18
f 113/314/30 178/215/30 186/292/30 117/314/30
f 130/254/9 188/254/9 187/315/9 121/316/9
f 122/317/1 189/318/1 173/130/1 111/130/1
f 189/318/31 122/319/31 121/319/31 187/315/31
f 332/311/4 329/310/4 419/310/4 418/311/4
f 340/238/8 337/229/8 421/229/8 424/238/8
f 70/281/18 71/305/18 162/386/18 161/387/18
f 72/274/18 73/279/18 164/388/18 163/389/18
f 74/390/18 75/391/18 166/135/18 165/392/18
f 76/270/18 77/393/18 168/394/18 167/131/18
f 71/305/18 78/304/18 169/139/18 162/386/18
f 79/282/18 70/281/18 161/387/18 170/298/18
f 73/279/18 80/278/18 171/112/18 164/388/18
f 81/275/18 72/274/18 163/389/18 172/301/18
f 82/271/18 76/270/18 167/131/18 173/130/18
f 77/393/18 83/395/18 174/222/18 168/394/18
f 75/391/18 84/396/18 175/47/18 166/135/18
f 85/397/18 74/390/18 165/392/18 176/303/18
f 90/398/18 85/397/18 176/303/18 177/284/18
f 84/396/18 97/399/18 178/215/18 175/47/18
f 87/272/18 79/282/18 170/298/18 179/297/18
f 78/304/18 93/277/18 180/140/18 169/139/18
f 30/276/18 32/273/18 181/295/18 182/294/18
f 34/309/18 36/308/18 183/287/18 184/286/18
f 42/290/18 44/289/18 185/283/18 186/292/18
f 38/280/18 40/269/18 187/315/18 188/254/18
f 93/277/18 30/276/18 182/294/18 180/140/18
f 32/273/18 87/272/18 179/297/18 181/295/18
f 40/269/18 103/268/18 189/318/18 187/315/18
f 83/395/18 59/400/18 190/223/18 174/222/18
f 59/400/18 38/280/18 188/254/18 190/223/18
f 80/278/18 89/401/18 191/113/18 171/112/18
f 89/401/18 34/309/18 184/286/18 191/113/18
f 44/289/18 90/398/18 177/284/18 185/283/18
f 91/402/18 81/275/18 172/301/18 192/300/18
f 36/308/18 91/402/18 192/300/18 183/287/18
f 97/399/18 42/290/18 186/292/18 178/215/18
f 103/268/18 82/271/18 173/130/18 189/318/18
f 83/395/1 77/393/1 208/393/1 214/395/1
f 59/400/4 83/395/4 214/395/4 222/400/4
f 84/396/8 75/391/8 204/391/8 215/396/8
f 38/280/5 59/400/5 222/400/5 207/280/5
f 74/390/5 85/397/5 216/397/5 201/390/5
f 89/401/8 80/278/8 211/278/8 223/401/8
f 85/397/4 90/398/4 217/398/4 216/397/4
f 34/309/1 89/401/1 223/401/1 199/309/1
f 97/399/1 84/396/1 215/396/1 218/399/1
f 71/305/6 70/281/6 193/281/6 196/305/6
f 90/398/1 44/289/1 202/289/1 217/398/1
f 79/282/8 87/272/8 219/272/8 210/282/8
f 73/279/2 72/274/2 197/274/2 200/279/2
f 81/275/1 91/402/1 224/402/1 212/275/1
f 93/277/5 78/304/5 209/304/5 220/277/5
f 75/391/7 74/390/7 201/390/7 204/391/7
f 91/402/49 36/308/49 198/308/49 224/402/49
f 32/273/7 30/276/7 195/276/7 194/273/7
f 77/393/9 76/270/9 205/270/9 208/393/9
f 42/290/29 97/399/29 218/399/29 203/290/29
f 355/245/1 326/244/1 438/244/1 452/245/1
f 708/17/3 228/17/3 528/17/3 542/17/3
f 359/246/50 355/245/50 452/245/50 456/246/50
f 354/205/51 360/208/51 453/208/51 451/205/51
f 718/167/52 265/167/52 537/167/52 540/167/52
f 266/142/55 309/143/55 539/143/55 538/142/55
f 351/252/56 347/251/56 444/251/56 448/252/56
f 346/201/57 352/204/57 445/204/57 443/201/57
f 340/238/61 424/238/61 488/238/61 636/238/61
f 647/86/3 648/154/3 535/154/3 519/86/3
f 326/244/3 327/247/3 440/247/3 438/244/3
f 232/3/3 250/6/3 518/6/3 534/3/3
f 255/93/3 226/168/3 508/168/3 523/93/3
f 322/250/3 323/253/3 436/253/3 434/250/3
f 645/157/3 646/403/3 522/403/3 532/157/3
f 656/156/65 320/156/65 582/156/65 565/156/65
f 319/38/66 284/37/66 566/37/66 581/38/66
f 247/109/3 230/111/3 502/111/3 515/109/3
f 299/157/3 645/157/3 532/157/3 573/157/3
f 643/146/3 644/404/3 514/404/3 530/146/3
f 281/81/67 317/82/67 591/82/67 563/81/67
f 318/155/68 653/155/68 564/155/68 592/155/68
f 228/17/3 244/221/3 512/221/3 528/17/3
f 648/154/3 297/154/3 589/154/3 535/154/3
f 642/151/3 301/151/3 587/151/3 525/151/3
f 641/51/3 642/151/3 525/151/3 509/51/3
f 261/4/70 711/4/70 580/4/70 557/4/70
f 646/94/3 255/93/3 523/93/3 522/94/3
f 307/226/71 262/225/71 558/225/71 579/226/71
f 650/145/72 316/147/72 578/147/72 555/145/72
f 315/41/74 276/40/74 556/40/74 577/41/74
f 303/146/3 643/146/3 530/146/3 571/146/3
f 250/6/3 647/86/3 519/86/3 518/6/3
f 720/110/75 260/110/75 568/110/75 586/110/75
f 259/30/77 305/31/77 585/31/77 567/30/77
f 644/90/3 247/89/3 515/89/3 514/90/3
f 273/18/78 313/20/78 583/20/78 561/18/78
f 314/153/79 651/152/79 562/152/79 584/153/79
f 244/48/3 641/51/3 509/51/3 512/48/3
f 706/3/3 232/150/3 534/150/3 575/3/3
f 226/166/3 715/168/3 505/168/3 508/166/3
f 230/111/3 713/111/3 503/111/3 502/111/3
f 312/15/96 267/14/96 497/14/96 500/15/96
f 403/312/112 332/311/112 616/311/112 605/312/112
f 654/85/18 263/87/18 545/87/18 544/85/18
f 327/247/5 359/246/5 456/246/5 440/247/5
f 405/260/114 340/238/114 636/238/114 597/260/114
f 347/251/5 322/250/5 434/250/5 444/251/5
f 264/44/3 285/43/3 543/43/3 546/44/3
f 329/310/114 408/313/114 602/313/114 617/310/114
f 270/92/18 655/95/18 549/95/18 548/92/18
f 323/253/1 351/252/1 448/252/1 436/253/1
f 337/229/112 410/261/112 594/261/112 613/229/112
f 288/9/3 269/8/3 547/8/3 550/9/3
f 410/261/1 343/206/1 595/206/1 594/261/1
f 258/88/18 649/91/18 553/91/18 552/88/18
f 280/98/3 257/97/3 551/97/3 554/98/3
f 276/217/3 280/98/3 554/98/3 556/217/3
f 342/207/5 405/260/5 597/260/5 600/207/5
f 649/91/18 650/147/18 555/147/18 553/91/18
f 408/258/5 335/202/5 603/202/5 602/258/5
f 262/225/3 264/44/3 546/44/3 558/225/3
f 263/5/18 261/4/18 557/4/18 545/5/18
f 278/63/3 273/65/3 561/65/3 560/63/3
f 651/153/18 652/50/18 559/50/18 562/153/18
f 334/203/1 403/259/1 605/259/1 608/203/1
f 285/43/3 281/81/3 563/81/3 543/43/3
f 653/155/18 654/85/18 544/85/18 564/155/18
f 335/202/5 346/201/5 443/201/5 603/202/5
f 284/37/3 288/9/3 550/9/3 566/37/3
f 655/95/18 656/156/18 565/156/18 549/95/18
f 257/97/3 259/30/3 567/30/3 551/97/3
f 352/204/1 334/203/1 608/203/1 445/204/1
f 260/110/18 258/88/18 552/88/18 568/110/18
f 272/144/3 278/63/3 560/63/3 570/144/3
f 343/206/1 354/205/1 451/205/1 595/206/1
f 652/50/18 271/49/18 569/49/18 559/50/18
f 269/8/3 266/142/3 538/142/3 547/8/3
f 265/167/18 270/92/18 548/92/18 537/167/18
f 360/208/5 342/207/5 600/207/5 453/208/5
f 267/14/3 272/108/3 570/108/3 497/14/3
f 421/229/118 337/229/118 613/229/118 485/229/118
f 271/220/18 268/16/18 498/16/18 569/220/18
f 332/311/36 418/311/36 482/311/36 616/311/36
f 419/310/119 329/310/119 617/310/119 483/310/119
f 268/16/120 709/16/120 499/16/120 498/16/120
f 241/435/8 237/84/8 642/151/8 641/51/8
f 240/1/8 246/436/8 644/404/8 643/146/8
f 236/437/4 254/438/4 646/403/4 645/157/4
f 251/439/4 233/440/4 648/154/4 647/86/4
f 279/441/8 275/2/8 650/147/8 649/91/8
f 274/83/8 277/106/8 652/50/8 651/153/8
f 282/12/4 286/11/4 654/85/4 653/155/4
f 287/442/4 283/443/4 656/156/4 655/95/4
f 286/11/4 251/439/4 647/86/4 654/85/4
f 233/440/4 282/12/4 653/155/4 648/154/4
f 283/443/4 236/437/4 645/157/4 656/156/4
f 254/438/4 287/442/4 655/95/4 646/403/4
f 277/106/8 241/435/8 641/51/8 652/50/8
f 237/84/8 274/83/8 651/153/8 642/151/8
f 275/2/8 240/1/8 643/146/8 650/147/8
f 246/436/8 279/441/8 649/91/8 644/404/8
f 283/443/3 287/442/3 687/442/3 688/443/3
f 237/84/18 241/435/18 673/435/18 674/84/18
f 279/441/5 246/436/5 676/436/5 681/441/5
f 251/439/5 286/11/5 686/11/5 679/439/5
f 246/436/18 240/1/18 675/1/18 676/436/18
f 282/12/1 233/440/1 680/440/1 685/12/1
f 254/438/18 236/437/18 677/437/18 678/438/18
f 236/437/5 283/443/5 688/443/5 677/437/5
f 233/440/18 251/439/18 679/439/18 680/440/18
f 287/442/1 254/438/1 678/438/1 687/442/1
f 275/2/3 279/441/3 681/441/3 682/2/3
f 241/435/1 277/106/1 684/106/1 673/435/1
f 989/615/8 990/616/8 997/616/8 998/615/8
f 995/617/8 996/618/8 1003/618/8 1004/617/8
f 982/608/5 981/610/5 990/616/5 989/615/5
f 981/610/5 984/609/5 991/619/5 990/616/5
f 984/609/5 983/607/5 992/620/5 991/619/5
f 983/607/5 982/608/5 989/615/5 992/620/5
f 986/612/1 985/611/1 994/621/1 993/622/1
f 985/611/1 988/613/1 995/617/1 994/621/1
f 988/613/1 987/614/1 996/618/1 995/617/1
f 987/614/1 986/612/1 993/622/1 996/618/1
f 996/618/18 993/622/18 1002/622/18 1003/618/18
f 991/619/4 992/620/4 999/620/4 1000/619/4
f 992/620/18 989/615/18 998/615/18 999/620/18
f 994/621/3 995/617/3 1004/617/3 1001/621/3
f 993/622/4 994/621/4 1001/621/4 1002/622/4
f 990/616/3 991/619/3 1000/619/3 997/616/3
f 1047/637/8 1046/709/8 1110/709/8 1109/637/8
f 1093/675/8 1094/674/8 1146/674/8 1145/675/8
f 1066/716/4 1074/690/4 1108/690/4 1107/716/4
f 1065/713/18 1093/675/18 1145/675/18 1144/713/18
f 1071/698/18 1064/655/18 1147/655/18 1156/698/18
f 1067/693/18 1068/643/18 1106/643/18 1105/693/18
f 1092/701/4 1065/713/4 1144/713/4 1143/701/4
f 1096/685/8 1071/698/8 1156/698/8 1149/685/8
f 1073/678/8 1069/708/8 1104/708/8 1103/678/8
f 1072/669/8 1063/668/8 1141/668/8 1102/669/8
f 1070/700/18 1072/669/18 1102/669/18 1101/700/18
f 1050/707/8 1051/711/8 1155/711/8 1122/707/8
f 1116/661/122 1124/660/122 1125/670/122 1115/699/122
f 1155/711/123 1123/649/123 1121/648/123 1122/707/123
f 1127/679/123 1128/645/123 1129/692/123 1126/691/123
f 1131/695/122 1119/667/122 1120/666/122 1130/689/122
f 1153/704/122 1132/703/122 1133/682/122 1134/681/122
f 1110/688/123 1152/687/123 1118/638/123 1109/637/123
f 1136/640/123 1111/639/123 1112/650/123 1135/710/123
f 1138/684/122 1139/683/122 1140/659/122 1137/658/122
f 1108/690/122 1117/665/122 1151/706/122 1107/705/122
f 1105/693/123 1106/643/123 1154/697/123 1114/696/123
f 1104/708/123 1113/647/123 1150/646/123 1103/678/123
f 1101/700/122 1102/669/122 1141/668/122 1142/694/122
f 1144/713/122 1145/675/122 1146/702/122 1143/701/122
f 1156/698/123 1147/655/123 1148/686/123 1149/685/123
f 1045/651/4 1075/650/4 1112/650/4 1111/651/4
f 1064/655/4 1095/654/4 1148/654/4 1147/655/4
f 1069/708/18 1076/647/18 1113/647/18 1104/708/18
f 1077/696/8 1067/693/8 1105/693/8 1114/696/8
f 1078/699/4 1079/661/4 1116/661/4 1115/699/4
f 1086/695/18 1048/667/18 1119/667/18 1131/695/18
f 1074/690/18 1080/665/18 1117/665/18 1108/690/18
f 1076/647/4 1097/646/4 1150/646/4 1113/647/4
f 1048/667/8 1082/666/8 1120/666/8 1119/667/8
f 1089/640/18 1045/639/18 1111/639/18 1136/640/18
f 1083/649/4 1049/648/4 1121/648/4 1123/649/4
f 1057/653/4 1081/652/4 1118/652/4 1152/653/4
f 1084/660/8 1052/670/8 1125/670/8 1124/660/8
f 1099/704/18 1059/703/18 1132/703/18 1153/704/18
f 1054/712/8 1053/679/8 1127/679/8 1126/712/8
f 1080/665/8 1098/664/8 1151/664/8 1117/665/8
f 1053/679/18 1055/645/18 1128/645/18 1127/679/18
f 1046/688/18 1057/687/18 1152/687/18 1110/688/18
f 1055/645/4 1085/644/4 1129/644/4 1128/645/4
f 1058/681/4 1099/714/4 1153/714/4 1134/681/4
f 1056/689/4 1086/695/4 1131/695/4 1130/689/4
f 1091/694/4 1070/700/4 1101/700/4 1142/694/4
f 1059/673/8 1087/672/8 1133/672/8 1132/673/8
f 1068/643/4 1100/642/4 1154/642/4 1106/643/4
f 1088/710/8 1089/640/8 1136/640/8 1135/710/8
f 1051/711/18 1083/649/18 1123/649/18 1155/711/18
f 1061/658/4 1060/715/4 1138/715/4 1137/658/4
f 1060/684/18 1090/683/18 1139/683/18 1138/684/18
f 1079/661/18 1084/660/18 1124/660/18 1116/661/18
f 1090/671/8 1062/659/8 1140/659/8 1139/671/8
f 1191/733/3 1190/734/3 1187/734/3 1188/733/3
f 1190/734/4 1192/737/4 1189/737/4 1187/734/4
f 1191/733/1 1194/738/1 1192/737/1 1190/734/1
f 1192/737/16 1194/738/16 1195/739/16 1193/740/16
f 1192/737/4 1193/740/4 1298/740/4 1189/737/4
f 1197/741/11 1195/742/11 1194/738/11 1196/743/11
f 1194/738/9 1191/733/9 1199/744/9 1196/743/9
f 1196/745/130 1198/746/130 1288/747/130 1197/748/130
f 1200/749/8 1198/746/8 1196/745/8 1199/750/8
f 1199/744/3 1191/733/3 1188/733/3 1201/744/3
f 1200/749/3 1199/750/3 1201/750/3 1203/749/3
f 1208/754/3 1200/749/3 1203/749/3 1205/754/3
f 1209/756/3 1208/757/3 1205/757/3 1206/756/3
f 1209/756/8 1212/759/8 1210/760/8 1208/757/8
f 1208/754/132 1210/760/132 1198/746/132 1200/749/132
f 1211/761/133 1288/761/133 1198/746/133 1210/760/133
f 1213/762/134 1211/761/134 1210/760/134 1212/759/134
f 1215/762/135 1213/762/135 1212/759/135 1214/763/135
f 1217/764/136 1214/763/136 1212/759/136 1209/756/136
f 1292/765/137 1215/766/137 1214/763/137 1216/767/137
f 1219/768/8 1216/767/8 1214/763/8 1217/764/8
f 1219/768/3 1217/764/3 1218/764/3 1220/768/3
f 1217/764/3 1209/756/3 1206/756/3 1218/764/3
f 1221/769/3 1219/770/3 1220/770/3 1224/769/3
f 1221/769/7 1223/771/7 1216/772/7 1219/770/7
f 1222/773/5 1232/774/5 1223/775/5 1221/776/5
f 1222/773/3 1221/776/3 1224/776/3 1226/773/3
f 1232/774/4 1222/773/4 1226/773/4 1229/774/4
f 1233/783/4 1232/774/4 1229/774/4 1231/783/4
f 1233/783/15 1234/785/15 1223/775/15 1232/774/15
f 1193/786/4 1233/787/4 1231/787/4 1298/786/4
f 1233/787/18 1193/786/18 1273/788/18 1235/789/18
f 1236/790/18 1237/791/18 1234/792/18 1233/787/18
f 1238/793/18 1236/790/18 1233/787/18 1235/789/18
f 1237/791/1 1236/790/1 1239/790/1 1240/791/1
f 1236/790/140 1238/793/140 1241/793/140 1239/790/140
f 1238/793/5 1243/794/5 1242/794/5 1241/793/5
f 1243/794/7 1245/795/7 1244/795/7 1242/794/7
f 1245/795/141 1248/797/141 1247/797/141 1244/795/141
f 1248/797/142 1251/799/142 1250/799/142 1247/797/142
f 1251/799/8 1256/801/8 1253/801/8 1250/799/8
f 1256/801/143 1257/804/143 1255/804/143 1253/801/143
f 1257/804/18 1256/801/18 1258/805/18 1259/806/18
f 1256/801/18 1251/799/18 1260/807/18 1258/805/18
f 1251/799/18 1248/797/18 1266/810/18 1260/807/18
f 1248/797/18 1245/795/18 1267/811/18 1266/810/18
f 1245/795/18 1243/794/18 1268/812/18 1267/811/18
f 1243/794/18 1238/793/18 1235/789/18 1268/812/18
f 1275/813/18 1276/814/18 1274/808/18 1273/788/18
f 1277/815/18 1275/813/18 1273/788/18 1193/786/18
f 1276/814/1 1275/813/1 1278/813/1 1279/814/1
f 1275/813/152 1277/815/152 1280/815/152 1278/813/152
f 1277/815/5 1283/816/5 1281/816/5 1280/815/5
f 1283/816/2 1284/817/2 1282/817/2 1281/816/2
f 1284/817/18 1283/816/18 1195/819/18 1197/820/18
f 1283/816/18 1277/815/18 1193/786/18 1195/819/18
f 1284/817/153 1285/803/153 1286/803/153 1282/817/153
f 1285/803/18 1284/817/18 1197/820/18 1288/821/18
f 1285/803/154 1287/802/154 1254/802/154 1286/803/154
f 1287/802/18 1285/803/18 1288/821/18 1211/822/18
f 1289/800/18 1287/802/18 1211/822/18 1213/823/18
f 1287/802/4 1289/800/4 1252/800/4 1254/802/4
f 1290/798/18 1289/800/18 1213/823/18 1215/824/18
f 1289/800/155 1290/798/155 1249/798/155 1252/800/155
f 1290/798/156 1291/796/156 1246/796/156 1249/798/156
f 1291/796/18 1290/798/18 1215/824/18 1292/825/18
f 1291/796/6 1237/791/6 1240/791/6 1246/796/6
f 1237/791/18 1291/796/18 1292/825/18 1234/792/18
f 1234/826/10 1292/827/10 1216/772/10 1223/771/10
f 1294/818/9 1276/814/9 1279/814/9 1293/818/9
f 1257/804/157 1294/818/157 1293/818/157 1255/804/157
f 1276/814/18 1294/818/18 1295/809/18 1274/808/18
f 1294/818/18 1257/804/18 1259/806/18 1295/809/18
f 1315/840/8 1317/841/8 1313/841/8 1312/840/8
f 1316/843/3 1315/840/3 1312/840/3 1314/843/3
f 1316/843/5 1319/845/5 1317/841/5 1315/840/5
f 1317/841/8 1318/846/8 1497/846/8 1313/841/8
f 1317/841/15 1319/845/15 1320/847/15 1318/846/15
f 1322/848/13 1320/849/13 1319/845/13 1321/850/13
f 1319/845/2 1316/843/2 1324/851/2 1321/850/2
f 1321/852/167 1323/853/167 1342/854/167 1322/855/167
f 1326/856/4 1323/853/4 1321/852/4 1324/857/4
f 1324/851/3 1316/843/3 1314/843/3 1325/851/3
f 1326/856/3 1324/857/3 1325/857/3 1328/856/3
f 1327/858/168 1340/859/168 1323/853/168 1326/856/168
f 1327/858/3 1326/856/3 1328/856/3 1330/858/3
f 1335/863/3 1327/864/3 1330/864/3 1332/863/3
f 1336/866/3 1335/863/3 1332/863/3 1333/866/3
f 1335/863/4 1337/868/4 1340/859/4 1327/864/4
f 1336/866/170 1339/869/170 1337/868/170 1335/863/170
f 1356/870/171 1338/871/171 1337/868/171 1339/869/171
f 1338/872/172 1341/873/172 1340/859/172 1337/868/172
f 1341/873/173 1342/854/173 1323/853/173 1340/859/173
f 1343/874/18 1344/875/18 1342/854/18 1341/873/18
f 1345/876/18 1343/874/18 1341/873/18 1338/871/18
f 1344/875/143 1343/874/143 1346/874/143 1348/875/143
f 1343/874/8 1345/876/8 1349/876/8 1346/874/8
f 1345/876/142 1354/880/142 1351/880/142 1349/876/142
f 1354/880/141 1355/882/141 1353/882/141 1351/880/141
f 1354/880/18 1345/876/18 1338/871/18 1356/870/18
f 1355/882/18 1354/880/18 1356/870/18 1357/884/18
f 1339/869/174 1359/885/174 1357/884/174 1356/870/174
f 1358/886/12 1357/887/12 1359/885/12 1360/888/12
f 1453/889/18 1355/882/18 1357/884/18 1358/890/18
f 1359/885/6 1361/891/6 1362/731/6 1360/888/6
f 1361/891/4 1359/885/4 1339/869/4 1336/892/4
f 1362/731/3 1361/891/3 1363/891/3 1364/731/3
f 1361/891/3 1336/892/3 1333/892/3 1363/891/3
f 1445/730/3 1362/731/3 1364/731/3 1181/730/3
f 1445/730/1 1446/934/1 1360/888/1 1362/731/1
f 1446/934/8 1445/730/8 1181/730/8 1447/934/8
f 1448/935/8 1446/936/8 1447/936/8 1449/935/8
f 1360/888/16 1446/936/16 1448/935/16 1358/937/16
f 1318/938/8 1448/939/8 1449/939/8 1497/938/8
f 1448/939/18 1318/938/18 1466/940/18 1450/941/18
f 1451/942/18 1453/889/18 1358/890/18 1448/939/18
f 1454/943/18 1451/942/18 1448/939/18 1450/941/18
f 1453/889/5 1451/942/5 1452/942/5 1496/889/5
f 1451/942/194 1454/943/194 1455/943/194 1452/942/194
f 1454/943/1 1456/944/1 1457/944/1 1455/943/1
f 1456/944/18 1454/943/18 1450/941/18 1459/945/18
f 1456/944/6 1458/883/6 1495/883/6 1457/944/6
f 1458/883/18 1456/944/18 1459/945/18 1460/946/18
f 1468/953/18 1470/954/18 1467/947/18 1466/940/18
f 1471/955/18 1468/953/18 1466/940/18 1318/938/18
f 1468/953/197 1471/955/197 1472/955/197 1469/953/197
f 1470/954/5 1468/953/5 1469/953/5 1476/954/5
f 1471/955/1 1473/956/1 1475/956/1 1472/955/1
f 1473/956/18 1471/955/18 1318/938/18 1320/957/18
f 1474/958/18 1473/956/18 1320/957/18 1322/855/18
f 1473/956/9 1474/958/9 1477/958/9 1475/956/9
f 1474/958/157 1344/875/157 1348/875/157 1477/958/157
f 1480/959/2 1470/954/2 1476/954/2 1478/959/2
f 1481/878/153 1480/959/153 1478/959/153 1479/878/153
f 1470/954/18 1480/959/18 1482/948/18 1467/947/18
f 1480/959/18 1481/878/18 1483/949/18 1482/948/18
f 1481/878/18 1490/877/18 1488/950/18 1483/949/18
f 1490/877/18 1491/879/18 1489/951/18 1488/950/18
f 1490/877/202 1481/878/202 1479/878/202 1347/877/202
f 1491/879/4 1490/877/4 1347/877/4 1350/879/4
f 1491/879/18 1492/881/18 1493/952/18 1489/951/18
f 1492/881/203 1491/879/203 1350/879/203 1352/881/203
f 1492/881/18 1458/883/18 1460/946/18 1493/952/18
f 1458/883/156 1492/881/156 1352/881/156 1495/883/156
f 1344/875/18 1474/958/18 1322/855/18 1342/854/18
f 1355/882/7 1453/889/7 1496/889/7 1353/882/7
f 1589/1041/262 1588/1042/262 1629/1042/262 1632/1041/262
f 1618/1050/265 1617/1051/265 1657/1051/265 1658/1050/265
f 1606/1052/266 1607/1053/266 1636/1053/266 1640/1052/266
f 1591/1048/267 1590/1047/267 1639/1047/267 1635/1048/267
f 1602/1044/266 1603/1045/266 1633/1045/266 1627/1044/266
f 1587/1045/262 1586/1044/262 1628/1044/262 1634/1045/262
f 1608/1049/268 1601/1043/268 1626/1043/268 1637/1049/268
f 1585/1043/262 1592/1049/262 1638/1049/262 1625/1043/262
f 1607/1053/268 1608/1049/268 1637/1049/268 1636/1053/268
f 1585/1043/269 1586/1044/269 1610/1044/269 1609/1043/269
f 1587/1045/270 1588/1042/270 1612/1046/270 1611/1045/270
f 1589/1041/271 1590/1047/271 1614/1047/271 1613/1041/271
f 1591/1048/272 1592/1049/272 1616/1049/272 1615/1048/272
f 1592/1049/1 1585/1043/1 1609/1043/1 1616/1049/1
f 1586/1044/213 1587/1045/213 1611/1045/213 1610/1044/213
f 1590/1047/208 1591/1048/208 1615/1048/208 1614/1047/208
f 1588/1042/5 1589/1041/5 1613/1041/5 1612/1046/5
f 1602/1044/269 1601/1043/269 1641/1043/269 1642/1044/269
f 1604/1046/270 1603/1045/270 1643/1045/270 1644/1046/270
f 1606/1052/265 1605/1041/265 1645/1041/265 1646/1047/265
f 1608/1049/263 1607/1053/263 1647/1048/263 1648/1049/263
f 1601/1043/1 1608/1049/1 1648/1049/1 1641/1043/1
f 1603/1045/213 1602/1044/213 1642/1044/213 1643/1045/213
f 1607/1053/208 1606/1052/208 1646/1047/208 1647/1048/208
f 1605/1041/5 1604/1046/5 1644/1046/5 1645/1041/5
f 1586/1044/262 1585/1043/262 1625/1043/262 1628/1044/262
f 1604/1046/268 1605/1041/268 1631/1041/268 1630/1046/268
f 1601/1043/273 1602/1044/273 1627/1044/273 1626/1043/273
f 1588/1042/262 1587/1045/262 1634/1045/262 1629/1042/262
f 1603/1045/273 1604/1046/273 1630/1046/273 1633/1045/273
f 1590/1047/262 1589/1041/262 1632/1041/262 1639/1047/262
f 1605/1041/268 1606/1052/268 1640/1052/268 1631/1041/268
f 1592/1049/262 1591/1048/262 1635/1048/262 1638/1049/262
f 1617/1051/262 1618/1050/262 1642/1044/262 1641/1043/262
f 1619/1054/262 1620/1055/262 1644/1046/262 1643/1045/262
f 1621/1056/262 1622/1057/262 1646/1047/262 1645/1041/262
f 1623/1058/262 1624/1059/262 1648/1049/262 1647/1048/262
f 1624/1059/262 1617/1051/262 1641/1043/262 1648/1049/262
f 1618/1050/262 1619/1054/262 1643/1045/262 1642/1044/262
f 1622/1057/262 1623/1058/262 1647/1048/262 1646/1047/262
f 1620/1055/262 1621/1056/262 1645/1041/262 1644/1046/262
f 1621/1056/1 1620/1055/1 1660/1055/1 1661/1056/1
f 1619/1054/208 1618/1050/208 1658/1050/208 1659/1054/208
f 1624/1059/212 1623/1058/212 1663/1058/212 1664/1059/212
f 1620/1055/263 1619/1054/263 1659/1054/263 1660/1055/263
f 1623/1058/213 1622/1057/213 1662/1057/213 1663/1058/213
f 1617/1051/5 1624/1059/5 1664/1059/5 1657/1051/5
f 1622/1057/264 1621/1056/264 1661/1056/264 1662/1057/264
f 1666/1063/213 1746/1063/213 1747/1068/213 1700/1064/213 1667/1064/213
f 1665/1065/208 1699/1065/208 1718/1069/208 1719/1066/208 1674/1066/208
f 1690/1070/5 1688/1071/5 1710/1071/5 1709/1070/5
f 1810/1073/208 1811/1074/208 1846/1074/208 1847/1073/208
f 1671/1075/262 1675/1076/262 1699/1065/262 1700/1064/262
f 1690/1070/262 1671/1075/262 1700/1064/262 1747/1068/262
f 1675/1076/262 1688/1071/262 1718/1069/262 1699/1065/262
f 1688/1071/262 1690/1070/262 1747/1068/262 1748/1077/262 1718/1069/262
f 1671/1075/208 1690/1070/208 1709/1070/208 1708/1075/208
f 1688/1071/213 1675/1076/213 1707/1076/213 1710/1071/213
f 1675/1076/1 1671/1075/1 1708/1075/1 1707/1076/1
f 1716/1082/208 1715/1083/208 1724/1083/208 1721/1082/208
f 1716/1082/262 1702/1084/262 1718/1069/262 1748/1077/262
f 1669/1085/262 1715/1083/262 1745/1072/262 1719/1066/262
f 1702/1084/262 1669/1085/262 1719/1066/262 1718/1069/262
f 1715/1083/262 1716/1082/262 1748/1077/262 1745/1072/262
f 1715/1083/5 1669/1085/5 1723/1085/5 1724/1083/5
f 1669/1085/213 1702/1084/213 1722/1084/213 1723/1085/213
f 1702/1084/1 1716/1082/1 1721/1082/1 1722/1084/1
f 1720/1094/262 1749/1095/262 1750/1096/262 1751/1097/262 1752/1098/262 1753/1099/262 1670/1100/262 1746/1063/262 1745/1072/262
f 1670/1100/262 1754/1101/262 1755/1102/262 1756/1103/262 1757/1104/262 1758/1105/262 1701/1106/262 1747/1068/262 1746/1063/262
f 1701/1106/262 1759/1107/262 1760/1108/262 1761/1109/262 1762/1110/262 1763/1111/262 1717/1112/262 1748/1077/262 1747/1068/262
f 1717/1112/262 1768/1113/262 1767/1114/262 1766/1115/262 1765/1116/262 1764/1117/262 1720/1094/262 1745/1072/262 1748/1077/262
f 1803/1118/5 1804/1119/5 1841/1119/5 1838/1118/5
f 1773/1120/262 1778/1121/262 1767/1114/262 1768/1113/262
f 1886/1122/288 1887/1123/288 1918/1123/288 1919/1122/288
f 1783/1124/262 1788/1125/262 1765/1116/262 1766/1115/262
f 1788/1125/262 1793/1126/262 1764/1117/262 1765/1116/262
f 1823/1127/5 1824/1128/5 1861/1128/5 1858/1127/5
f 1759/1107/262 1769/1129/262 1770/1130/262 1760/1108/262
f 1760/1108/262 1770/1130/262 1771/1131/262 1761/1109/262
f 1879/1132/5 1880/1133/5 1913/1133/5 1910/1132/5
f 1762/1110/262 1772/1134/262 1773/1120/262 1763/1111/262
f 1758/1105/262 1757/1104/262 1774/1135/262 1769/1129/262
f 1881/1136/1 1878/1137/1 1911/1137/1 1912/1136/1
f 1770/1130/262 1775/1138/262 1776/1139/262 1771/1131/262
f 1805/1140/1 1802/1141/1 1839/1141/1 1840/1140/1
f 1825/1142/1 1822/1143/1 1859/1143/1 1860/1142/1
f 1872/1144/276 1873/1145/276 1904/1145/276 1905/1144/276
f 1796/1146/289 1797/1147/289 1832/1147/289 1833/1146/289
f 1775/1138/262 1780/1148/262 1781/1149/262 1776/1139/262
f 1776/1139/262 1781/1149/262 1782/1150/262 1777/1151/262
f 1892/1152/276 1893/1153/276 1924/1153/276 1925/1152/276
f 1756/1103/262 1755/1102/262 1784/1154/262 1779/1155/262
f 1816/1156/213 1817/1157/213 1852/1157/213 1853/1156/213
f 1780/1148/262 1785/1158/262 1786/1159/262 1781/1149/262
f 1781/1149/262 1786/1159/262 1787/1160/262 1782/1150/262
f 1802/1141/208 1803/1118/208 1838/1118/208 1839/1141/208
f 1755/1102/262 1754/1101/262 1789/1161/262 1784/1154/262
f 1784/1154/262 1789/1161/262 1790/1162/262 1785/1158/262
f 1822/1143/208 1823/1127/208 1858/1127/208 1859/1143/208
f 1878/1137/208 1879/1132/208 1910/1132/208 1911/1137/208
f 1787/1160/262 1792/1163/262 1793/1126/262 1788/1125/262
f 1754/1101/262 1670/1100/262 1753/1099/262 1789/1161/262
f 1871/1164/5 1872/1144/5 1905/1144/5 1902/1164/5
f 1790/1162/262 1752/1098/262 1751/1097/262 1791/1165/262
f 1791/1165/262 1751/1097/262 1750/1096/262 1792/1163/262
f 1891/1166/5 1892/1152/5 1925/1152/5 1922/1166/5
f 1793/1126/262 1749/1095/262 1795/1167/262 1794/1168/262
f 1749/1095/262 1720/1094/262 1796/1146/262 1795/1167/262
f 1720/1094/262 1764/1117/262 1797/1147/262 1796/1146/262
f 1764/1117/262 1793/1126/262 1794/1168/262 1797/1147/262
f 1763/1111/262 1773/1120/262 1799/1169/262 1798/1170/262
f 1773/1120/262 1768/1113/262 1800/1171/262 1799/1169/262
f 1768/1113/262 1717/1112/262 1801/1172/262 1800/1171/262
f 1717/1112/262 1763/1111/262 1798/1170/262 1801/1172/262
f 1701/1106/262 1758/1105/262 1803/1118/262 1802/1141/262
f 1758/1105/262 1769/1129/262 1804/1119/262 1803/1118/262
f 1769/1129/262 1759/1107/262 1805/1140/262 1804/1119/262
f 1759/1107/262 1701/1106/262 1802/1141/262 1805/1140/262
f 1771/1131/262 1776/1139/262 1807/1173/262 1806/1174/262
f 1776/1139/262 1777/1151/262 1808/1175/262 1807/1173/262
f 1777/1151/287 1772/1134/287 1809/1176/287 1808/1175/287
f 1772/1134/262 1771/1131/262 1806/1174/262 1809/1176/262
f 1772/1134/287 1777/1151/287 1811/1074/287 1810/1073/287
f 1777/1151/262 1778/1121/262 1812/1177/262 1811/1074/262
f 1778/1121/287 1773/1120/287 1813/1178/287 1812/1177/287
f 1773/1120/262 1772/1134/262 1810/1073/262 1813/1178/262
f 1774/1135/262 1779/1155/262 1815/1179/262 1814/1180/262
f 1779/1155/262 1780/1148/262 1816/1156/262 1815/1179/262
f 1780/1148/262 1775/1138/262 1817/1157/262 1816/1156/262
f 1775/1138/262 1774/1135/262 1814/1180/262 1817/1157/262
f 1779/1155/262 1784/1154/262 1819/1181/262 1818/1182/262
f 1784/1154/262 1785/1158/262 1820/1183/262 1819/1181/262
f 1785/1158/262 1780/1148/262 1821/1184/262 1820/1183/262
f 1780/1148/262 1779/1155/262 1818/1182/262 1821/1184/262
f 1782/1150/290 1787/1160/290 1823/1127/290 1822/1143/290
f 1787/1160/262 1788/1125/262 1824/1128/262 1823/1127/262
f 1788/1125/287 1783/1124/287 1825/1142/287 1824/1128/287
f 1783/1124/262 1782/1150/262 1822/1143/262 1825/1142/262
f 1785/1158/262 1790/1162/262 1827/1185/262 1826/1186/262
f 1790/1162/262 1791/1165/262 1828/1187/262 1827/1185/262
f 1791/1165/262 1786/1159/262 1829/1188/262 1828/1187/262
f 1786/1159/262 1785/1158/262 1826/1186/262 1829/1188/262
f 1824/1128/289 1825/1142/289 1860/1142/289 1861/1128/289
f 1804/1119/213 1805/1140/213 1840/1140/213 1841/1119/213
f 1813/1178/1 1810/1073/1 1847/1073/1 1848/1178/1
f 1811/1074/5 1812/1177/5 1849/1177/5 1846/1074/5
f 1818/1182/291 1819/1181/291 1854/1181/291 1855/1182/291
f 1798/1170/208 1799/1169/208 1834/1169/208 1835/1170/208
f 1812/1177/213 1813/1178/213 1848/1178/213 1849/1177/213
f 1821/1184/1 1818/1182/1 1855/1182/1 1856/1184/1
f 1801/1172/1 1798/1170/1 1835/1170/1 1836/1172/1
f 1819/1181/5 1820/1183/5 1857/1183/5 1854/1181/5
f 1799/1169/5 1800/1171/5 1837/1171/5 1834/1169/5
f 1826/1186/208 1827/1185/208 1862/1185/208 1863/1186/208
f 1806/1174/291 1807/1173/291 1842/1173/291 1843/1174/291
f 1820/1183/213 1821/1184/213 1856/1184/213 1857/1183/213
f 1800/1171/213 1801/1172/213 1836/1172/213 1837/1171/213
f 1829/1188/1 1826/1186/1 1863/1186/1 1864/1188/1
f 1809/1176/1 1806/1174/1 1843/1174/1 1844/1176/1
f 1827/1185/5 1828/1187/5 1865/1187/5 1862/1185/5
f 1807/1173/5 1808/1175/5 1845/1175/5 1842/1173/5
f 1814/1180/208 1815/1179/208 1850/1179/208 1851/1180/208
f 1828/1187/213 1829/1188/213 1864/1188/213 1865/1187/213
f 1794/1168/208 1795/1167/208 1830/1167/208 1831/1168/208
f 1808/1175/213 1809/1176/213 1844/1176/213 1845/1175/213
f 1817/1157/1 1814/1180/1 1851/1180/1 1852/1157/1
f 1797/1147/1 1794/1168/1 1831/1168/1 1832/1147/1
f 1815/1179/5 1816/1156/5 1853/1156/5 1850/1179/5
f 1795/1167/5 1796/1146/5 1833/1146/5 1830/1167/5
f 1778/1121/262 1783/1124/262 1867/1189/262 1866/1190/262
f 1783/1124/262 1766/1115/262 1868/1191/262 1867/1189/262
f 1766/1115/262 1767/1114/262 1869/1192/262 1868/1191/262
f 1767/1114/262 1778/1121/262 1866/1190/262 1869/1192/262
f 1761/1109/262 1771/1131/262 1871/1164/262 1870/1193/262
f 1771/1131/262 1772/1134/262 1872/1144/262 1871/1164/262
f 1772/1134/262 1762/1110/262 1873/1145/262 1872/1144/262
f 1762/1110/262 1761/1109/262 1870/1193/262 1873/1145/262
f 1769/1129/262 1774/1135/262 1875/1194/262 1874/1195/262
f 1774/1135/262 1775/1138/262 1876/1196/262 1875/1194/262
f 1775/1138/262 1770/1130/262 1877/1197/262 1876/1196/262
f 1770/1130/262 1769/1129/262 1874/1195/262 1877/1197/262
f 1757/1104/262 1756/1103/262 1879/1132/262 1878/1137/262
f 1756/1103/262 1779/1155/262 1880/1133/262 1879/1132/262
f 1779/1155/262 1774/1135/262 1881/1136/262 1880/1133/262
f 1774/1135/262 1757/1104/262 1878/1137/262 1881/1136/262
f 1777/1151/262 1782/1150/262 1883/1198/262 1882/1199/262
f 1782/1150/262 1783/1124/262 1884/1200/262 1883/1198/262
f 1783/1124/262 1778/1121/262 1885/1201/262 1884/1200/262
f 1778/1121/262 1777/1151/262 1882/1199/262 1885/1201/262
f 1786/1159/262 1791/1165/262 1887/1123/262 1886/1122/262
f 1791/1165/262 1792/1163/262 1888/1202/262 1887/1123/262
f 1792/1163/262 1787/1160/262 1889/1203/262 1888/1202/262
f 1787/1160/262 1786/1159/262 1886/1122/262 1889/1203/262
f 1789/1161/262 1753/1099/262 1891/1166/262 1890/1204/262
f 1753/1099/262 1752/1098/262 1892/1152/262 1891/1166/262
f 1752/1098/262 1790/1162/262 1893/1153/262 1892/1152/262
f 1790/1162/262 1789/1161/262 1890/1204/262 1893/1153/262
f 1792/1163/262 1750/1096/262 1895/1205/262 1894/1206/262
f 1750/1096/262 1749/1095/262 1896/1207/262 1895/1205/262
f 1749/1095/262 1793/1126/262 1897/1208/262 1896/1207/262
f 1793/1126/262 1792/1163/262 1894/1206/262 1897/1208/262
f 1866/1190/208 1867/1189/208 1898/1189/208 1899/1190/208
f 1880/1133/276 1881/1136/276 1912/1136/276 1913/1133/276
f 1889/1203/1 1886/1122/1 1919/1122/1 1920/1203/1
f 1869/1192/1 1866/1190/1 1899/1190/1 1900/1192/1
f 1887/1123/5 1888/1202/5 1921/1202/5 1918/1123/5
f 1867/1189/5 1868/1191/5 1901/1191/5 1898/1189/5
f 1894/1206/291 1895/1205/291 1926/1205/291 1927/1206/291
f 1874/1195/288 1875/1194/288 1906/1194/288 1907/1195/288
f 1888/1202/276 1889/1203/276 1920/1203/276 1921/1202/276
f 1868/1191/276 1869/1192/276 1900/1192/276 1901/1191/276
f 1897/1208/1 1894/1206/1 1927/1206/1 1928/1208/1
f 1877/1197/1 1874/1195/1 1907/1195/1 1908/1197/1
f 1895/1205/5 1896/1207/5 1929/1207/5 1926/1205/5
f 1875/1194/5 1876/1196/5 1909/1196/5 1906/1194/5
f 1882/1199/288 1883/1198/288 1914/1198/288 1915/1199/288
f 1896/1207/289 1897/1208/289 1928/1208/289 1929/1207/289
f 1876/1196/213 1877/1197/213 1908/1197/213 1909/1196/213
f 1885/1201/1 1882/1199/1 1915/1199/1 1916/1201/1
f 1883/1198/5 1884/1200/5 1917/1200/5 1914/1198/5
f 1890/1204/208 1891/1166/208 1922/1166/208 1923/1204/208
f 1870/1193/288 1871/1164/288 1902/1164/288 1903/1193/288
f 1884/1200/276 1885/1201/276 1916/1201/276 1917/1200/276
f 1893/1153/1 1890/1204/1 1923/1204/1 1924/1153/1
f 1873/1145/1 1870/1193/1 1903/1193/1 1904/1145/1
f 2250/1209/3 2249/1210/3 2490/1210/3 2489/1209/3
f 1947/1211/3 1949/1212/3 2448/1212/3 2446/1211/3
f 2246/1213/3 2245/1214/3 2478/1214/3 2477/1213/3
f 1948/1215/18 1946/1216/18 2447/1216/18 2449/1215/18
f 2242/1217/3 2241/1218/3 2470/1218/3 2469/1217/3
f 1945/1219/3 1947/1211/3 2446/1211/3 2444/1219/3
f 2238/1220/3 2237/1221/3 2492/1221/3 2462/1220/3
f 1946/1216/18 1944/1222/18 2445/1222/18 2447/1216/18
f 2234/1223/3 2233/1224/3 2482/1224/3 2481/1223/3
f 1943/1225/3 1945/1219/3 2444/1219/3 2442/1225/3
f 2229/1226/18 2230/1227/18 2484/1227/18 2487/1226/18
f 1944/1222/18 1942/1228/18 2443/1228/18 2445/1222/18
f 2225/1229/18 2226/1230/18 2472/1230/18 2475/1229/18
f 1941/1231/3 1943/1225/3 2442/1225/3 2440/1231/3
f 2221/1234/18 2222/1235/18 2464/1235/18 2467/1234/18
f 2261/1226/3 2258/1230/3 2473/1230/3 2486/1226/3
f 2366/1236/3 2367/1237/3 2370/1238/3 2372/1239/3 2374/1240/3 2376/1241/3 2378/1242/3 2380/1243/3 2382/1244/3 2384/1245/3 2386/1246/3 2388/1247/3 2390/1248/3 2392/1249/3 2394/1250/3 2396/1251/3
f 2368/1252/18 2369/1253/18 1963/1254/18 1962/1255/18
f 2369/1253/18 2397/1256/18 1964/1257/18 1963/1254/18
f 2397/1256/18 2395/1258/18 1965/1259/18 1964/1257/18
f 2395/1258/18 2393/1260/18 1966/1261/18 1965/1259/18
f 2393/1260/18 2391/1262/18 1967/1263/18 1966/1261/18
f 2391/1262/18 2389/1264/18 1968/1265/18 1967/1263/18
f 2389/1264/18 2387/1266/18 1969/1267/18 1968/1265/18
f 2387/1266/18 2385/1268/18 1970/1269/18 1969/1267/18
f 2385/1268/18 2383/1270/18 1971/1271/18 1970/1269/18
f 2383/1270/18 2381/1272/18 1972/1273/18 1971/1271/18
f 2381/1272/18 2379/1274/18 1973/1275/18 1972/1273/18
f 2379/1274/18 2377/1276/18 1974/1277/18 1973/1275/18
f 2377/1276/18 2375/1278/18 1975/1232/18 1974/1277/18
f 2375/1278/18 2373/1279/18 1976/1233/18 1975/1232/18
f 2373/1279/18 2371/1280/18 1977/1281/18 1976/1233/18
f 2371/1280/18 2368/1252/18 1962/1255/18 1977/1281/18
f 2186/1307/3 2188/1308/3 2220/1308/3 2407/1307/3
f 2200/1319/309 2199/1320/309 2231/1320/309 2232/1319/309
f 2173/1221/3 2174/1339/3 2401/1339/3 2400/1221/3
f 2187/1311/3 2185/1312/3 2406/1312/3 2219/1311/3
f 2198/1350/3 2200/1319/3 2232/1319/3 2413/1350/3
f 2172/1337/3 2171/1338/3 2203/1338/3 2204/1337/3
f 2185/1312/3 2186/1307/3 2407/1307/3 2406/1312/3
f 2199/1320/3 2197/1226/3 2412/1226/3 2231/1320/3
f 2418/1218/18 2243/1316/18 2240/1340/18 2417/1339/18
f 2426/1347/18 2259/1349/18 2256/1345/18 2425/1235/18
f 1942/1228/18 1940/1356/18 2441/1356/18 2443/1228/18
f 2424/1344/18 2255/1346/18 2252/1308/18 2423/1307/18
f 2208/1340/302 2207/1341/302 2239/1341/302 2240/1340/302
f 2217/1357/18 2218/1307/18 2488/1307/18 2491/1357/18
f 2226/1230/18 2229/1226/18 2487/1226/18 2472/1230/18
f 2220/1308/295 2219/1311/295 2251/1311/295 2252/1308/295
f 2175/1341/3 2173/1221/3 2400/1221/3 2207/1341/3
f 2188/1308/3 2187/1311/3 2219/1311/3 2220/1308/3
f 2174/1339/3 2176/1340/3 2208/1340/3 2401/1339/3
f 2189/1344/3 2190/1235/3 2409/1235/3 2408/1344/3
f 2176/1340/3 2175/1341/3 2207/1341/3 2208/1340/3
f 2191/1346/3 2189/1344/3 2408/1344/3 2223/1346/3
f 2177/1218/309 2178/1217/309 2403/1217/309 2402/1218/309
f 2190/1235/3 2192/1345/3 2224/1345/3 2409/1235/3
f 2179/1316/3 2177/1218/3 2402/1218/3 2211/1316/3
f 2192/1345/3 2191/1346/3 2223/1346/3 2224/1345/3
f 2178/1217/3 2180/1315/3 2212/1315/3 2403/1217/3
f 2193/1347/317 2194/1230/317 2411/1230/317 2410/1347/317
f 2180/1315/317 2179/1316/317 2211/1316/317 2212/1315/317
f 2195/1349/3 2193/1347/3 2410/1347/3 2227/1349/3
f 2181/1214/3 2182/1213/3 2405/1213/3 2404/1214/3
f 2194/1230/3 2196/1348/3 2228/1348/3 2411/1230/3
f 2183/1343/3 2181/1214/3 2404/1214/3 2215/1343/3
f 2169/1224/3 2170/1223/3 2399/1223/3 2398/1224/3
f 2196/1348/309 2195/1349/309 2227/1349/309 2228/1348/309
f 2182/1213/3 2184/1342/3 2216/1342/3 2405/1213/3
f 2171/1338/3 2169/1224/3 2398/1224/3 2203/1338/3
f 2197/1226/3 2198/1350/3 2413/1350/3 2412/1226/3
f 2184/1342/317 2183/1343/317 2215/1343/317 2216/1342/317
f 2170/1223/3 2172/1337/3 2204/1337/3 2399/1223/3
f 2414/1224/18 2415/1223/18 2236/1337/18 2235/1338/18
f 2416/1221/18 2417/1339/18 2240/1340/18 2239/1341/18
f 2418/1218/18 2419/1217/18 2244/1315/18 2243/1316/18
f 2420/1214/18 2421/1213/18 2248/1342/18 2247/1343/18
f 2422/1312/18 2423/1307/18 2252/1308/18 2251/1311/18
f 2424/1344/18 2425/1235/18 2256/1345/18 2255/1346/18
f 2426/1347/18 2427/1230/18 2260/1348/18 2259/1349/18
f 2428/1226/18 2429/1350/18 2264/1319/18 2263/1320/18
f 2224/1345/293 2223/1346/293 2255/1346/293 2256/1345/293
f 2420/1214/18 2247/1343/18 2244/1315/18 2419/1217/18
f 1939/1358/3 1941/1231/3 2440/1231/3 2438/1358/3
f 2212/1315/306 2211/1316/306 2243/1316/306 2244/1315/306
f 2213/1214/18 2214/1213/18 2476/1213/18 2479/1214/18
f 2257/1347/3 2254/1359/3 2465/1359/3 2474/1347/3
f 2428/1226/18 2263/1320/18 2260/1348/18 2427/1230/18
f 1940/1356/18 1938/1360/18 2439/1360/18 2441/1356/18
f 2209/1218/18 2210/1217/18 2468/1217/18 2471/1218/18
f 2228/1348/305 2227/1349/305 2259/1349/305 2260/1348/305
f 2422/1312/18 2251/1311/18 2248/1342/18 2421/1213/18
f 2264/1319/18 2429/1350/18 2414/1224/18 2235/1338/18
f 2222/1235/318 2225/1229/318 2475/1229/318 2464/1235/318
f 2216/1342/296 2215/1343/296 2247/1343/296 2248/1342/296
f 2416/1221/18 2239/1341/18 2236/1337/18 2415/1223/18
f 1937/1361/3 1939/1358/3 2438/1358/3 2436/1361/3
f 2205/1221/18 2206/1362/18 2463/1362/18 2493/1221/18
f 2204/1337/299 2203/1338/299 2235/1338/299 2236/1337/299
f 2232/1319/297 2264/1319/297 2235/1338/297 2203/1338/297
f 2253/1344/3 2250/1209/3 2489/1209/3 2466/1344/3
f 1938/1360/18 1936/1363/18 2437/1363/18 2439/1360/18
f 2232/1319/294 2231/1320/294 2263/1320/294 2264/1319/294
f 2201/1224/18 2202/1223/18 2480/1223/18 2483/1224/18
f 2218/1307/18 2221/1234/18 2467/1234/18 2488/1307/18
f 1935/1364/3 1937/1361/3 2436/1361/3 2434/1364/3
f 2413/1350/3 2232/1319/3 2203/1338/3 2398/1224/3
f 2239/1341/301 2207/1341/301 2204/1337/301 2236/1337/301
f 2207/1341/3 2400/1221/3 2399/1223/3 2204/1337/3
f 2243/1316/304 2211/1316/304 2208/1340/304 2240/1340/304
f 2211/1316/3 2402/1218/3 2401/1339/3 2208/1340/3
f 2247/1343/292 2215/1343/292 2212/1315/292 2244/1315/292
f 2215/1343/3 2404/1214/3 2403/1217/3 2212/1315/3
f 2251/1311/298 2219/1311/298 2216/1342/298 2248/1342/298
f 2219/1311/3 2406/1312/3 2405/1213/3 2216/1342/3
f 2255/1346/300 2223/1346/300 2220/1308/300 2252/1308/300
f 2223/1346/3 2408/1344/3 2407/1307/3 2220/1308/3
f 2259/1349/303 2227/1349/303 2224/1345/303 2256/1345/303
f 2227/1349/3 2410/1347/3 2409/1235/3 2224/1345/3
f 2263/1320/307 2231/1320/307 2228/1348/307 2260/1348/307
f 2231/1320/3 2412/1226/3 2411/1230/3 2228/1348/3
f 1930/1392/295 1932/1393/295 2367/1394/295 2366/1395/295
f 1933/1396/295 1931/1397/295 2369/1398/295 2368/1399/295
f 1932/1393/298 1934/1400/298 2370/1401/298 2367/1394/298
f 1935/1364/298 1933/1396/298 2368/1399/298 2371/1402/298
f 1934/1400/296 1936/1363/296 2372/1403/296 2370/1401/296
f 1937/1361/296 1935/1364/296 2371/1402/296 2373/1404/296
f 1936/1363/292 1938/1360/292 2374/1405/292 2372/1403/292
f 1939/1358/292 1937/1361/292 2373/1404/292 2375/1406/292
f 1938/1360/306 1940/1356/306 2376/1407/306 2374/1405/306
f 1941/1231/306 1939/1358/306 2375/1406/306 2377/1408/306
f 1940/1356/304 1942/1228/304 2378/1409/304 2376/1407/304
f 1943/1225/304 1941/1231/304 2377/1408/304 2379/1410/304
f 1942/1228/302 1944/1222/302 2380/1411/302 2378/1409/302
f 1945/1219/302 1943/1225/302 2379/1410/302 2381/1412/302
f 1944/1222/301 1946/1216/301 2382/1413/301 2380/1411/301
f 1947/1211/301 1945/1219/301 2381/1412/301 2383/1414/301
f 1946/1216/299 1948/1215/299 2384/1415/299 2382/1413/299
f 1949/1212/299 1947/1211/299 2383/1414/299 2385/1416/299
f 1948/1215/297 1950/1417/297 2386/1418/297 2384/1415/297
f 1951/1419/297 1949/1212/297 2385/1416/297 2387/1420/297
f 1950/1417/294 1952/1421/294 2388/1422/294 2386/1418/294
f 1953/1423/294 1951/1419/294 2387/1420/294 2389/1424/294
f 1952/1421/307 1954/1425/307 2390/1426/307 2388/1422/307
f 1955/1427/307 1953/1423/307 2389/1424/307 2391/1428/307
f 1954/1425/305 1956/1429/305 2392/1430/305 2390/1426/305
f 1957/1431/305 1955/1427/305 2391/1428/305 2393/1432/305
f 1956/1429/303 1958/1433/303 2394/1434/303 2392/1430/303
f 1959/1435/303 1957/1431/303 2393/1432/303 2395/1436/303
f 1958/1433/293 1960/1437/293 2396/1438/293 2394/1434/293
f 1961/1439/293 1959/1435/293 2395/1436/293 2397/1440/293
f 1960/1437/300 1930/1441/300 2366/1442/300 2396/1438/300
f 1931/1443/300 1961/1439/300 2397/1440/300 2369/1444/300
f 2202/1223/295 2201/1224/295 2398/1224/295 2399/1223/295
f 2206/1362/293 2205/1221/293 2400/1221/293 2401/1339/293
f 2210/1217/305 2209/1218/305 2402/1218/305 2403/1217/305
f 2214/1213/294 2213/1214/294 2404/1214/294 2405/1213/294
f 2218/1307/299 2217/1357/299 2406/1312/299 2407/1307/299
f 2222/1235/302 2221/1234/302 2408/1344/302 2409/1235/302
f 2226/1230/306 2225/1229/306 2410/1347/306 2411/1230/306
f 2230/1227/296 2229/1226/296 2412/1226/296 2413/1350/296
f 2233/1224/295 2234/1223/295 2415/1223/295 2414/1224/295
f 2237/1221/293 2238/1220/293 2417/1339/293 2416/1221/293
f 2241/1218/305 2242/1217/305 2419/1217/305 2418/1218/305
f 2245/1214/294 2246/1213/294 2421/1213/294 2420/1214/294
f 2249/1210/299 2250/1209/299 2423/1307/299 2422/1312/299
f 2253/1344/302 2254/1359/302 2425/1235/302 2424/1344/302
f 2257/1347/306 2258/1230/306 2427/1230/306 2426/1347/306
f 2261/1226/296 2262/1445/296 2429/1350/296 2428/1226/296
f 2262/1445/298 2233/1224/298 2414/1224/298 2429/1350/298
f 2201/1224/298 2230/1227/298 2413/1350/298 2398/1224/298
f 2205/1221/300 2202/1223/300 2399/1223/300 2400/1221/300
f 2234/1223/300 2237/1221/300 2416/1221/300 2415/1223/300
f 2209/1218/303 2206/1362/303 2401/1339/303 2402/1218/303
f 2238/1220/303 2241/1218/303 2418/1218/303 2417/1339/303
f 2213/1214/307 2210/1217/307 2403/1217/307 2404/1214/307
f 2242/1217/307 2245/1214/307 2420/1214/307 2419/1217/307
f 2217/1357/297 2214/1213/297 2405/1213/297 2406/1312/297
f 2246/1213/297 2249/1210/297 2422/1312/297 2421/1213/297
f 2221/1234/301 2218/1307/301 2407/1307/301 2408/1344/301
f 2250/1209/301 2253/1344/301 2424/1344/301 2423/1307/301
f 2225/1229/304 2222/1235/304 2409/1235/304 2410/1347/304
f 2254/1359/304 2257/1347/304 2426/1347/304 2425/1235/304
f 2229/1226/292 2226/1230/292 2411/1230/292 2412/1226/292
f 2258/1230/292 2261/1226/292 2428/1226/292 2427/1230/292
f 1950/1417/18 1948/1215/18 2449/1215/18 2451/1417/18
f 2254/1359/3 2253/1344/3 2466/1344/3 2465/1359/3
f 1949/1212/3 1951/1419/3 2450/1419/3 2448/1212/3
f 2258/1230/3 2257/1347/3 2474/1347/3 2473/1230/3
f 1952/1421/18 1950/1417/18 2451/1417/18 2453/1421/18
f 2262/1445/3 2261/1226/3 2486/1226/3 2485/1445/3
f 1951/1419/3 1953/1423/3 2452/1423/3 2450/1419/3
f 2233/1224/3 2262/1445/3 2485/1445/3 2482/1224/3
f 1954/1425/18 1952/1421/18 2453/1421/18 2455/1425/18
f 2230/1227/339 2201/1224/339 2483/1224/339 2484/1227/339
f 1953/1423/3 1955/1427/3 2454/1427/3 2452/1423/3
f 2202/1223/18 2205/1221/18 2493/1221/18 2480/1223/18
f 1956/1429/18 1954/1425/18 2455/1425/18 2457/1429/18
f 2237/1221/3 2234/1223/3 2481/1223/3 2492/1221/3
f 1955/1427/3 1957/1431/3 2456/1431/3 2454/1427/3
f 2206/1362/339 2209/1218/339 2471/1218/339 2463/1362/339
f 1958/1433/18 1956/1429/18 2457/1429/18 2459/1433/18
f 1932/1393/18 1930/1392/18 2430/1392/18 2433/1393/18
f 2241/1218/3 2238/1220/3 2462/1220/3 2470/1218/3
f 1957/1431/3 1959/1435/3 2458/1435/3 2456/1431/3
f 1931/1397/3 1933/1396/3 2432/1396/3 2431/1397/3
f 2210/1217/18 2213/1214/18 2479/1214/18 2468/1217/18
f 1960/1437/18 1958/1433/18 2459/1433/18 2461/1437/18
f 1934/1400/18 1932/1393/18 2433/1393/18 2435/1400/18
f 2245/1214/3 2242/1217/3 2469/1217/3 2478/1214/3
f 1959/1435/3 1961/1439/3 2460/1439/3 2458/1435/3
f 1933/1396/3 1935/1364/3 2434/1364/3 2432/1396/3
f 2214/1213/318 2217/1357/318 2491/1357/318 2476/1213/318
f 1930/1441/18 1960/1437/18 2461/1437/18 2430/1441/18
f 1936/1363/18 1934/1400/18 2435/1400/18 2437/1363/18
f 2249/1210/3 2246/1213/3 2477/1213/3 2490/1210/3
f 1961/1439/3 1931/1443/3 2431/1443/3 2460/1439/3
usemtl M_Cyan
f 693/454/4 704/459/4 703/449/4 694/450/4
f 691/452/8 698/447/8 697/448/8 692/453/8
f 695/455/4 702/458/4 701/457/4 696/456/4
f 689/446/8 700/444/8 699/445/8 690/451/8
f 902/567/1 901/566/1 904/568/1 903/569/1
f 918/538/5 917/537/5 920/516/5 919/517/5
f 922/580/5 921/579/5 924/581/5 923/582/5
f 930/544/1 929/541/1 932/539/1 931/540/1
f 934/588/1 933/587/1 936/589/1 935/590/1
f 938/592/5 937/591/5 940/593/5 939/594/5
f 1014/627/5 1013/625/5 1016/626/5 1015/628/5
f 1018/630/1 1017/629/1 1020/623/1 1019/624/1
f 1384/903/4 1385/902/4 1387/905/4 1386/904/4
f 1427/921/8 1426/920/8 1428/922/8 1429/923/8
f 1574/1026/254 1569/1029/254 1570/1013/254 1573/1014/254
f 1572/1030/255 1576/1028/255 1575/1027/255 1571/1025/255
f 1569/1029/256 1572/1030/256 1571/1025/256 1570/1013/256
f 1628/1044/264 1625/1043/264 1626/1043/264 1627/1044/264
f 1632/1041/5 1629/1042/5 1630/1046/5 1631/1041/5
f 1634/1045/213 1628/1044/213 1627/1044/213 1633/1045/213
f 1638/1049/263 1635/1048/263 1636/1053/263 1637/1049/263
f 1629/1042/212 1634/1045/212 1633/1045/212 1630/1046/212
f 1635/1048/208 1639/1047/208 1640/1052/208 1636/1053/208
f 1625/1043/1 1638/1049/1 1637/1049/1 1626/1043/1
f 1639/1047/265 1632/1041/265 1631/1041/265 1640/1052/265
f 1712/1079/262 1713/1080/262 1714/1081/262 1711/1078/262
f 1741/1091/262 1744/1093/262 1743/1092/262 1742/1090/262
f 1899/1190/262 1898/1189/262 1901/1191/262 1900/1192/262
f 1903/1193/262 1902/1164/262 1905/1144/262 1904/1145/262
f 1907/1195/262 1906/1194/262 1909/1196/262 1908/1197/262
f 1911/1137/262 1910/1132/262 1913/1133/262 1912/1136/262
f 1915/1199/262 1914/1198/262 1917/1200/262 1916/1201/262
f 1919/1122/262 1918/1123/262 1921/1202/262 1920/1203/262
f 1923/1204/262 1922/1166/262 1925/1152/262 1924/1153/262
f 1927/1206/262 1926/1205/262 1929/1207/262 1928/1208/262
f 2297/1366/293 2298/1365/293 2300/1365/293 2299/1367/293
f 2301/1369/306 2302/1368/306 2304/1370/306 2303/1369/306
f 2305/1371/299 2306/1351/299 2308/1351/299 2307/1352/299
f 2309/1373/294 2310/1372/294 2312/1372/294 2311/1374/294
f 2313/1323/302 2314/1304/302 2316/1304/302 2315/1322/302
f 2317/1376/295 2318/1375/295 2320/1377/295 2319/1378/295
f 2321/1300/296 2322/1301/296 2324/1301/296 2323/1379/296
f 2325/1354/305 2326/1355/305 2328/1353/305 2327/1354/305
usemtl M_Green
f 1996/1282/293 1997/1283/293 2014/1283/293 2013/1282/293
f 2011/293/300 1995/293/300 1996/293/300 2013/293/300
f 2016/293/307 1999/293/307 2000/293/307 2017/293/307
f 2020/293/301 2003/293/301 2004/293/301 2021/293/301
f 2004/1293/302 2005/1292/302 2022/1292/302 2021/1293/302
f 1997/1283/303 1998/1286/303 2015/1286/303 2014/1283/303
f 2005/1292/304 2006/1294/304 2023/1294/304 2022/1292/304
f 2000/1289/294 2001/1288/294 2018/1288/294 2017/1289/294
f 2008/1297/296 2009/1296/296 2012/1296/296 2025/1297/296
f 2001/1288/297 2002/1290/297 2019/1290/297 2018/1288/297
f 2009/1296/298 1994/1285/298 2010/1285/298 2012/1296/298
f 2098/1314/298 2099/1313/298 2115/1313/298 2114/1314/298
f 2092/1326/297 2090/1325/297 2106/1325/297 2108/1326/297
f 2099/1313/295 2100/1318/295 2116/1318/295 2115/1313/295
f 2091/1303/301 2093/1302/301 2109/1302/301 2107/1303/301
f 2100/1318/300 2101/1317/300 2117/1317/300 2116/1318/300
f 2093/1302/302 2094/1306/302 2110/1306/302 2109/1302/302
f 2101/1317/293 2102/1321/293 2118/1321/293 2117/1317/293
f 2094/1306/304 2095/1305/304 2111/1305/304 2110/1306/304
f 2102/1321/303 2103/1298/303 2119/1298/303 2118/1321/303
f 2095/1305/306 2096/1310/306 2112/1310/306 2111/1305/306
f 2103/1298/305 2104/1299/305 2120/1299/305 2119/1298/305
f 2096/1310/292 2097/1309/292 2113/1309/292 2112/1310/292
f 2104/1299/307 2105/1324/307 2121/1324/307 2120/1299/307
f 2097/1309/296 2098/1314/296 2114/1314/296 2113/1309/296
f 2090/1325/299 2091/1303/299 2107/1303/299 2106/1325/299
f 2105/1324/294 2092/1326/294 2108/1326/294 2121/1324/294
f 2024/293/292 2007/293/292 2008/293/292 2025/293/292
usemtl M_Green_E
f 2130/1335/299 2359/1335/299 2358/1334/299 2129/1334/299
f 2129/1334/297 2358/1334/297 2357/1333/297 2128/1333/297
f 2128/1333/294 2357/1333/294 2356/1332/294 2127/1332/294
f 2127/1332/307 2356/1332/307 2355/1331/307 2126/1331/307
f 2126/1331/305 2355/1331/305 2354/1330/305 2125/1330/305
f 2349/1336/18 2350/1328/18 2352/1327/18 2353/1329/18 2354/1330/18 2355/1331/18 2356/1332/18 2357/1333/18 2358/1334/18 2359/1335/18 2360/1380/18 2361/1381/18 2362/1382/18 2363/1383/18 2364/1384/18 2351/1385/18
f 2124/1329/293 2353/1329/293 2352/1327/293 2123/1327/293
f 2350/1328/295 2349/1336/295 2122/1336/295 2365/1386/295
f 2136/1387/296 2351/1385/296 2364/1384/296 2135/1384/296
f 2122/1388/298 2349/1336/298 2351/1385/298 2136/1385/298
f 2123/1327/300 2352/1327/300 2350/1328/300 2365/1328/300
f 2125/1330/303 2354/1330/303 2353/1329/303 2124/1329/303
f 2130/1335/301 2131/1389/301 2360/1380/301 2359/1335/301
f 2361/1381/302 2360/1380/302 2131/1380/302 2132/1390/302
f 2362/1382/304 2361/1381/304 2132/1381/304 2133/1382/304
f 2134/1383/306 2363/1383/306 2362/1382/306 2133/1382/306
f 2135/1391/292 2364/1384/292 2363/1383/292 2134/1383/292
