# Blender 4.2.3 LTS
# www.blender.org
mtllib SM_Thermal_T1.mtl
o SM_Thermal_T1
v 0.650000 0.000000 -0.500000
v -0.650000 0.000000 -0.500000
v -0.650000 0.000000 0.500000
v 0.650000 0.000000 0.500000
v -1.000000 0.000000 -0.300000
v -1.000000 0.000000 0.300000
v 1.000000 0.000000 0.300000
v 1.000000 0.000000 -0.300000
v -0.650000 0.000000 -0.300000
v -0.650000 0.000000 0.300000
v 0.650000 0.000000 -0.300000
v 0.650000 0.000000 0.300000
v -0.891911 0.000000 0.500000
v -1.000000 0.000000 0.391911
v -1.000000 0.000000 -0.391911
v -0.891911 0.000000 -0.500000
v 1.000000 0.000000 0.391911
v 0.891911 0.000000 0.500000
v 0.891911 0.000000 -0.500000
v 1.000000 0.000000 -0.391911
v -0.650000 0.843750 -0.500000
v 0.650000 0.843750 -0.500000
v 0.650000 0.843750 0.500000
v 0.835962 0.905231 -0.364929
v -0.650000 0.843750 0.500000
v -1.000000 0.843750 0.300000
v -1.000000 0.843750 -0.300000
v 1.000000 0.843750 -0.300000
v 1.000000 0.843750 0.300000
v -0.895880 0.914766 0.348783
v -1.000000 0.843750 0.391911
v -0.848784 0.914766 0.395880
v -0.891911 0.843750 0.500000
v -0.848783 0.914766 -0.395880
v -0.891911 0.843750 -0.500000
v -0.895880 0.914766 -0.348784
v -1.000000 0.843750 -0.391911
v 0.848783 0.914766 0.395880
v 0.891911 0.843750 0.500000
v 0.895880 0.914766 0.348783
v 1.000000 0.843750 0.391911
v 0.895880 0.914766 -0.348783
v 1.000000 0.843750 -0.391911
v 0.848783 0.914766 -0.395880
v 0.891911 0.843750 -0.500000
v 0.650000 0.000000 -0.490049
v -0.650000 0.000000 -0.490049
v -0.650000 0.000000 0.490049
v 0.650000 0.000000 0.490049
v -0.990049 0.000000 -0.300000
v -0.990049 0.000000 0.300000
v 0.990049 0.000000 0.300000
v 0.990049 0.000000 -0.300000
v -0.650000 0.839943 -0.490807
v -0.626293 0.905235 -0.401469
v 0.626293 0.905235 -0.401469
v 0.650000 0.839943 -0.490807
v 0.650000 0.839943 0.490807
v 0.657245 0.914766 0.395883
v -0.626293 0.905235 0.401469
v -0.650000 0.839943 0.490807
v -0.990807 0.839943 0.300000
v -0.901469 0.905233 0.276293
v -0.901469 0.905233 -0.276293
v -0.990807 0.839943 -0.300000
v 0.990807 0.839943 -0.300000
v 0.901469 0.905233 -0.276293
v 0.901469 0.905233 0.276293
v 0.990807 0.839943 0.300000
v -0.859495 0.914766 0.421740
v -0.921740 0.914766 0.359495
v -0.921740 0.914766 -0.359495
v -0.859495 0.914766 -0.421740
v 0.859495 0.914766 -0.421740
v 0.921739 0.914766 -0.359495
v 0.921739 0.914766 0.359495
v 0.859495 0.914766 0.421740
v -0.921740 0.914766 0.307245
v -0.657245 0.914766 0.421740
v -0.657245 0.914766 -0.421740
v -0.921740 0.914766 -0.307245
v 0.921739 0.914766 0.307245
v 0.657245 0.914766 0.421740
v 0.921739 0.914766 -0.307245
v 0.657245 0.914766 -0.421740
v 0.626293 0.905235 -0.364935
v -0.657245 0.914766 0.395888
v -0.650000 0.905234 -0.388639
v -0.657245 0.914766 -0.395884
v 0.657245 0.914766 -0.395886
v -0.895882 0.914766 -0.307245
v -0.864918 0.905233 0.276293
v -0.895880 0.914766 0.307245
v -0.835963 0.905231 -0.364929
v -0.864933 0.905233 -0.276293
v 0.864925 0.905233 -0.276293
v 0.895878 0.914766 -0.307245
v -0.864929 0.905231 -0.335962
v -0.864918 0.905231 0.335973
v -0.835962 0.905231 0.364929
v 0.626293 0.905235 0.401469
v -0.650000 0.905234 0.388654
v 0.895879 0.914766 0.307245
v 0.864923 0.905233 0.276293
v 0.864923 0.905231 0.335968
v 0.835963 0.905231 0.364929
v 0.650000 0.905234 0.388638
v 0.864925 0.905231 -0.335966
v 0.650000 0.905234 -0.425176
v -0.925176 0.905234 -0.300000
v 0.925176 0.905234 0.300000
v 0.650000 0.905234 -0.388642
v 0.888632 0.905234 -0.300000
v 0.925176 0.905234 -0.300000
v -0.888625 0.905234 0.300000
v -0.925176 0.905234 0.300000
v 0.888632 0.905230 -0.345786
v 0.845783 0.905230 -0.388636
v -0.888625 0.905230 0.345793
v -0.845783 0.905230 0.388636
v 0.888630 0.905230 0.345788
v 0.888630 0.905234 0.300000
v -0.650000 0.905234 -0.425176
v -0.626293 0.905235 -0.364932
v -0.888638 0.905234 -0.300000
v -0.888635 0.905230 -0.345783
v -0.626293 0.905235 0.364949
v -0.845783 0.905230 -0.388636
v -0.650000 0.905234 0.425176
v 0.845783 0.905230 0.388636
v 0.626293 0.905235 0.364931
v 0.650000 0.905234 0.425176
v 0.650000 0.889070 0.300000
v 0.626293 0.889070 0.364931
v 0.650000 0.889070 -0.300000
v -0.626293 0.889070 -0.364932
v -0.650000 0.889070 -0.300000
v 0.626293 0.889070 -0.364935
v -0.864933 0.889069 -0.276293
v -0.626293 0.889070 0.364949
v -0.650000 0.889070 0.300000
v 0.864925 0.889069 -0.276293
v -0.864918 0.889069 0.276293
v 0.864923 0.889069 0.276293
v 0.626293 0.889070 -0.401469
v -0.901469 0.889068 -0.276293
v 0.901469 0.889068 0.276293
v 0.901469 0.889068 -0.276293
v -0.901469 0.889068 0.276293
v 0.864925 0.889066 -0.335966
v 0.835962 0.889067 -0.364929
v -0.864918 0.889066 0.335973
v -0.835962 0.889067 0.364929
v 0.864923 0.889066 0.335968
v -0.626293 0.889070 -0.401469
v -0.864929 0.889066 -0.335962
v -0.835963 0.889067 -0.364929
v -0.626293 0.889070 0.401469
v 0.835963 0.889067 0.364929
v 0.626293 0.889070 0.401469
v -0.862496 0.914766 0.428984
v -0.928984 0.914766 0.362496
v -0.928984 0.914766 -0.362496
v -0.862496 0.914766 -0.428984
v 0.862495 0.914766 -0.428984
v 0.928984 0.914766 -0.362496
v 0.928984 0.914766 0.362496
v 0.862495 0.914766 0.428984
v -0.928984 0.914766 0.300000
v -0.650000 0.914766 0.428984
v -0.650000 0.914766 -0.428984
v -0.928984 0.914766 -0.300000
v 0.928984 0.914766 0.300000
v 0.650000 0.914766 0.428984
v 0.928984 0.914766 -0.300000
v 0.650000 0.914766 -0.428984
v 0.650000 0.914766 -0.388642
v 0.888633 0.914766 -0.300000
v -0.650000 0.914766 0.388643
v -0.888635 0.914766 0.300000
v -0.845783 0.914766 0.388636
v -0.888635 0.914766 0.345783
v -0.888635 0.914766 -0.345783
v -0.845783 0.914766 -0.388636
v 0.845783 0.914766 -0.388636
v 0.888635 0.914766 -0.345783
v 0.888635 0.914766 0.345783
v 0.845783 0.914766 0.388636
v 0.888634 0.914766 0.300000
v 0.650000 0.914766 0.388638
v -0.650000 0.914766 -0.388639
v -0.888638 0.914766 -0.300000
v -0.859495 0.912727 0.421740
v -0.848784 0.912727 0.395880
v -0.895880 0.912727 0.348783
v -0.921740 0.912727 0.359495
v -0.921740 0.912727 -0.359495
v -0.895880 0.912727 -0.348784
v -0.848783 0.912727 -0.395880
v -0.859495 0.912727 -0.421740
v 0.859495 0.912727 -0.421740
v 0.848783 0.912727 -0.395880
v 0.895880 0.912727 -0.348783
v 0.921739 0.912727 -0.359495
v 0.921739 0.912727 0.359495
v 0.895880 0.912727 0.348783
v 0.848783 0.912727 0.395880
v 0.859495 0.912727 0.421740
v -0.921740 0.912727 0.307245
v -0.657245 0.912727 0.421740
v -0.657245 0.912727 -0.421740
v -0.921740 0.912727 -0.307245
v 0.921739 0.912727 0.307245
v 0.657245 0.912727 0.421740
v 0.921739 0.912727 -0.307245
v 0.657245 0.912727 -0.421740
v 0.657245 0.912727 -0.395886
v 0.895878 0.912727 -0.307245
v -0.657245 0.912727 0.395888
v -0.895880 0.912727 0.307245
v 0.895879 0.912727 0.307245
v 0.657245 0.912727 0.395883
v -0.657245 0.912727 -0.395884
v -0.895882 0.912727 -0.307245
v 0.650000 0.052255 0.500000
v 0.650000 0.074304 0.500000
v -0.650000 0.052255 0.500000
v -0.650000 0.074304 0.500000
v -0.650000 0.052255 -0.500000
v -0.650000 0.074304 -0.500000
v 0.650000 0.052255 -0.500000
v 0.650000 0.074304 -0.500000
v 1.000000 0.107498 -0.333194
v 1.000000 0.052255 -0.300000
v 1.000000 0.052255 0.300000
v 1.000000 0.107498 0.333194
v -1.000000 0.107498 0.333194
v -1.000000 0.052255 0.300000
v -1.000000 0.052255 -0.300000
v -1.000000 0.107498 -0.333194
v -1.000000 0.107498 0.358717
v -1.000000 0.052255 0.391911
v -0.891911 0.052255 0.500000
v -0.891911 0.074304 0.500000
v -1.000000 0.052255 -0.391911
v -1.000000 0.107498 -0.358717
v -0.891911 0.074304 -0.500000
v -0.891911 0.052255 -0.500000
v 0.891911 0.052255 -0.500000
v 0.891911 0.074304 -0.500000
v 1.000000 0.107498 -0.358717
v 1.000000 0.052255 -0.391911
v 1.000000 0.052255 0.391911
v 1.000000 0.107498 0.358717
v 0.891911 0.074304 0.500000
v 0.891911 0.052255 0.500000
v -0.891911 0.818895 -0.500000
v -0.891911 0.810842 -0.500000
v -0.650000 0.818894 -0.500000
v -0.650000 0.810842 -0.500000
v 0.650000 0.810842 -0.500000
v 0.650000 0.818894 -0.500000
v 0.891911 0.810842 -0.500000
v 0.891911 0.818895 -0.500000
v 0.650000 0.810842 0.500000
v 0.650000 0.818894 0.500000
v -0.650000 0.818894 0.500000
v -0.650000 0.810842 0.500000
v 0.891911 0.818895 0.500000
v 0.891911 0.810842 0.500000
v -0.891911 0.810842 0.500000
v -0.891911 0.818895 0.500000
v -1.000000 0.818894 0.300000
v -1.000000 0.777648 0.333194
v -1.000000 0.777648 -0.333194
v -1.000000 0.818894 -0.300000
v -1.000000 0.777648 0.358717
v -1.000000 0.818895 0.391911
v -1.000000 0.777648 -0.358717
v -1.000000 0.818895 -0.391911
v 1.000000 0.818894 -0.300000
v 1.000000 0.777648 -0.333194
v 1.000000 0.777648 0.333194
v 1.000000 0.818894 0.300000
v 1.000000 0.818895 -0.391911
v 1.000000 0.777648 -0.358717
v 1.000000 0.777648 0.358717
v 1.000000 0.818895 0.391911
v 0.632939 0.091365 0.490049
v 0.650000 0.052255 0.490049
v -0.650000 0.052255 0.490049
v -0.632939 0.091365 0.490049
v -0.632939 0.091365 -0.490049
v -0.650000 0.052255 -0.490049
v 0.632939 0.091365 -0.490049
v 0.650000 0.052255 -0.490049
v 0.990049 0.074304 -0.300000
v 0.990049 0.052255 -0.300000
v 0.990049 0.074304 0.300000
v 0.990049 0.052255 0.300000
v -0.990049 0.074304 0.300000
v -0.990049 0.052255 0.300000
v -0.990049 0.074304 -0.300000
v -0.990049 0.052255 -0.300000
v -0.650000 0.818894 -0.490171
v -0.632939 0.793781 -0.490049
v 0.650000 0.818894 -0.490171
v 0.632939 0.793781 -0.490049
v 0.650000 0.818894 0.490171
v 0.632939 0.793781 0.490049
v -0.632939 0.793781 0.490049
v -0.650000 0.818894 0.490171
v -0.990171 0.818894 0.300000
v -0.990049 0.810842 0.300000
v -0.990171 0.818894 -0.300000
v -0.990049 0.810842 -0.300000
v 0.990171 0.818894 -0.300000
v 0.990049 0.810842 -0.300000
v 0.990171 0.818894 0.300000
v 0.990049 0.810842 0.300000
v -0.990049 0.074304 0.273291
v -0.990049 0.074304 0.265238
v -0.990049 0.074304 -0.265238
v -0.990049 0.074304 -0.273291
v 0.990049 0.074304 -0.273291
v 0.990049 0.074304 -0.265238
v 0.990049 0.074304 0.265238
v 0.990049 0.074304 0.273291
v -0.901469 0.905230 0.265238
v -0.901469 0.905232 0.273291
v -0.901469 0.905232 -0.273291
v -0.901469 0.905230 -0.265238
v -0.990807 0.839943 -0.273291
v -0.990807 0.839943 -0.265238
v -0.990807 0.839943 0.265238
v -0.990807 0.839943 0.273291
v 0.901469 0.905230 -0.265238
v 0.901469 0.905232 -0.273291
v 0.901469 0.905232 0.273291
v 0.901469 0.905230 0.265238
v 0.990807 0.839943 0.273291
v 0.990807 0.839943 0.265238
v 0.990807 0.839943 -0.265238
v 0.990807 0.839943 -0.273291
v -0.990171 0.818894 0.273291
v -0.990171 0.818893 0.265238
v -0.990049 0.810842 0.265238
v -0.990049 0.810842 0.273291
v -0.990171 0.818894 -0.273291
v -0.990049 0.810842 -0.273291
v -0.990049 0.810842 -0.265238
v -0.990171 0.818893 -0.265238
v 0.990171 0.818894 -0.273291
v 0.990171 0.818893 -0.265238
v 0.990049 0.810842 -0.265238
v 0.990049 0.810842 -0.273291
v 0.990171 0.818894 0.273291
v 0.990049 0.810842 0.273291
v 0.990049 0.810842 0.265238
v 0.990171 0.818893 0.265238
v -0.502430 0.091365 -0.490049
v -0.477316 0.074304 -0.490049
v 0.477316 0.074304 -0.490049
v 0.502430 0.091365 -0.490049
v 0.502430 0.091365 0.490049
v 0.477316 0.074304 0.490049
v -0.477316 0.074304 0.490049
v -0.502430 0.091365 0.490049
v -0.477316 0.905231 -0.401469
v -0.485369 0.905231 -0.401469
v 0.485369 0.905231 -0.401469
v 0.477316 0.905231 -0.401469
v 0.485369 0.839943 -0.490807
v 0.477316 0.839943 -0.490807
v -0.477316 0.839943 -0.490807
v -0.485369 0.839943 -0.490807
v -0.485369 0.839943 0.490807
v -0.477316 0.839943 0.490807
v 0.477316 0.839943 0.490807
v 0.485369 0.839943 0.490807
v 0.485369 0.818894 0.490171
v 0.477316 0.818893 0.490171
v 0.477316 0.810842 0.490049
v 0.502430 0.793781 0.490049
v -0.485369 0.818894 0.490171
v -0.502430 0.793781 0.490049
v -0.477316 0.810842 0.490049
v -0.477316 0.818893 0.490171
v -0.485369 0.818894 -0.490171
v -0.477316 0.818893 -0.490171
v -0.477316 0.810842 -0.490049
v -0.502430 0.793781 -0.490049
v 0.485369 0.818894 -0.490171
v 0.502430 0.793781 -0.490049
v 0.477316 0.810842 -0.490049
v 0.477316 0.818893 -0.490171
v 0.477316 0.905231 0.401469
v 0.485369 0.905231 0.401469
v -0.485369 0.905231 0.401469
v -0.477316 0.905231 0.401469
v 0.477316 0.905230 -0.425176
v 0.485369 0.905230 -0.425176
v -0.925176 0.905230 -0.265238
v -0.925176 0.905231 -0.273291
v 0.925176 0.905230 0.265238
v 0.925176 0.905231 0.273291
v -0.925176 0.905231 0.273291
v -0.925176 0.905230 0.265238
v 0.925176 0.905231 -0.273291
v 0.925176 0.905230 -0.265238
v -0.477316 0.905230 0.425176
v -0.485369 0.905230 0.425176
v -0.485369 0.905230 -0.425176
v -0.477316 0.905230 -0.425176
v 0.485369 0.905230 0.425176
v 0.477316 0.905230 0.425176
v -0.901469 0.889067 -0.273291
v -0.901469 0.889066 -0.265238
v -0.901469 0.889066 0.265238
v -0.901469 0.889067 0.273291
v 0.901469 0.889066 -0.265238
v 0.901469 0.889067 -0.273291
v 0.901469 0.889067 0.273291
v 0.901469 0.889066 0.265238
v 0.485369 0.889066 -0.401469
v 0.477316 0.889066 -0.401469
v 0.477316 0.889066 0.401469
v 0.485369 0.889066 0.401469
v -0.477316 0.889066 -0.401469
v -0.485369 0.889066 -0.401469
v -0.485369 0.889066 0.401469
v -0.477316 0.889066 0.401469
v -0.981623 0.074304 0.273291
v -0.981623 0.074304 0.265238
v -0.981623 0.074304 -0.273291
v -0.981623 0.074304 -0.265238
v 0.981623 0.074304 -0.273291
v 0.981623 0.074304 -0.265238
v 0.981623 0.074304 0.273291
v 0.981623 0.074304 0.265238
v -0.981623 0.810927 0.273291
v -0.981746 0.819064 0.273291
v -0.981746 0.819063 0.265238
v -0.981623 0.810927 0.265238
v -0.981746 0.819063 -0.265238
v -0.981746 0.819064 -0.273291
v -0.981623 0.810927 -0.273291
v -0.981623 0.810927 -0.265238
v 0.981623 0.810927 -0.273291
v 0.981746 0.819064 -0.273291
v 0.981746 0.819063 -0.265238
v 0.981623 0.810927 -0.265238
v 0.981746 0.819063 0.265238
v 0.981746 0.819064 0.273291
v 0.981623 0.810927 0.273291
v 0.981623 0.810927 0.265238
v -0.485369 0.074304 -0.481623
v -0.477316 0.074304 -0.481623
v 0.485369 0.074304 -0.481623
v 0.477316 0.074304 -0.481623
v 0.485369 0.074304 0.481623
v 0.477316 0.074304 0.481623
v -0.485369 0.074304 0.481623
v -0.477316 0.074304 0.481623
v 0.485369 0.810927 0.481623
v 0.485369 0.819064 0.481746
v 0.477316 0.819063 0.481746
v 0.477316 0.810927 0.481623
v -0.477316 0.819063 0.481746
v -0.485369 0.819064 0.481746
v -0.485369 0.810927 0.481623
v -0.477316 0.810927 0.481623
v -0.485369 0.810927 -0.481623
v -0.485369 0.819064 -0.481746
v -0.477316 0.819063 -0.481746
v -0.477316 0.810927 -0.481623
v 0.477316 0.819063 -0.481746
v 0.485369 0.819064 -0.481746
v 0.485369 0.810927 -0.481623
v 0.477316 0.810927 -0.481623
v -0.909896 0.889067 -0.273291
v -0.909896 0.889066 -0.265238
v -0.909896 0.889066 0.265238
v -0.909896 0.889067 0.273291
v 0.909896 0.889066 -0.265238
v 0.909896 0.889067 -0.273291
v 0.909896 0.889067 0.273291
v 0.909896 0.889066 0.265238
v 0.485369 0.889066 -0.409896
v 0.477316 0.889066 -0.409896
v 0.477316 0.889066 0.409896
v 0.485369 0.889066 0.409896
v -0.477316 0.889066 -0.409896
v -0.485369 0.889066 -0.409896
v -0.485369 0.889066 0.409896
v -0.477316 0.889066 0.409896
v -0.658427 0.818894 0.491573
v -0.658427 0.810842 0.491573
v -0.658386 0.810970 0.481583
v -0.658467 0.819021 0.481786
v -0.658427 0.066251 -0.491573
v -0.658427 0.074304 -0.491573
v -0.658427 0.074304 -0.481623
v -0.658427 0.066251 -0.481623
v 0.658427 0.074304 0.481623
v 0.658427 0.066251 0.481623
v 0.658427 0.066251 0.491573
v 0.658427 0.074304 0.491573
v -0.991573 0.074304 0.388421
v -0.991573 0.066251 0.388421
v -0.888421 0.066251 0.491573
v -0.888421 0.074304 0.491573
v -0.991573 0.066251 -0.388421
v -0.991573 0.074304 -0.388421
v -0.888421 0.074304 -0.491573
v -0.888421 0.066251 -0.491573
v 0.888421 0.066251 -0.491573
v 0.888421 0.074304 -0.491573
v 0.991573 0.074304 -0.388421
v 0.991573 0.066251 -0.388421
v 0.991573 0.066251 0.388421
v 0.991573 0.074304 0.388421
v 0.888421 0.074304 0.491573
v 0.888421 0.066251 0.491573
v -0.991573 0.074304 0.308427
v -0.991573 0.066251 0.308427
v -0.658427 0.066251 0.491573
v -0.658427 0.074304 0.491573
v -0.991573 0.066251 -0.308427
v -0.991573 0.074304 -0.308427
v 0.991573 0.066251 0.308427
v 0.991573 0.074304 0.308427
v 0.658427 0.066251 -0.491573
v 0.658427 0.074304 -0.491573
v 0.991573 0.074304 -0.308427
v 0.991573 0.066251 -0.308427
v 0.658427 0.810842 0.491573
v 0.658427 0.818894 0.491573
v 0.658467 0.819021 0.481786
v 0.658386 0.810970 0.481583
v -0.658427 0.066251 0.481623
v -0.658427 0.074304 0.481623
v 0.991573 0.818895 -0.388421
v 0.991573 0.810842 -0.388421
v 0.888421 0.810842 -0.491573
v 0.888421 0.818895 -0.491573
v 0.888421 0.818895 0.491573
v 0.888421 0.810842 0.491573
v 0.991573 0.810842 0.388421
v 0.991573 0.818895 0.388421
v -0.888421 0.818895 -0.491573
v -0.888421 0.810842 -0.491573
v -0.991573 0.810842 -0.388421
v -0.991573 0.818895 -0.388421
v -0.991573 0.810842 -0.308427
v -0.991573 0.818894 -0.308427
v 0.658427 0.810842 -0.491573
v 0.658427 0.818894 -0.491573
v -0.991573 0.810842 0.388421
v -0.991573 0.818895 0.388421
v -0.991573 0.818894 0.308427
v -0.991573 0.810842 0.308427
v 0.991573 0.818894 -0.308427
v 0.991573 0.810842 -0.308427
v 0.991573 0.810842 0.308427
v 0.991573 0.818894 0.308427
v -0.658427 0.818894 -0.491573
v -0.658427 0.810842 -0.491573
v -0.888421 0.810842 0.491573
v -0.888421 0.818895 0.491573
v -0.981623 0.074304 -0.308427
v -0.981623 0.066251 -0.308427
v 0.981623 0.074304 0.308427
v 0.981623 0.066251 0.308427
v 0.658427 0.074304 -0.481623
v 0.658427 0.066251 -0.481623
v -0.981786 0.819021 -0.308467
v -0.981583 0.810970 -0.308386
v 0.658467 0.819021 -0.481786
v 0.658386 0.810970 -0.481583
v 0.981786 0.819021 0.308467
v 0.981583 0.810970 0.308386
v -0.981786 0.819021 0.308467
v -0.981583 0.810970 0.308386
v -0.658467 0.819021 -0.481786
v -0.658386 0.810970 -0.481583
v -0.981623 0.074304 0.308427
v -0.981623 0.066251 0.308427
v 0.981623 0.074304 -0.308427
v 0.981623 0.066251 -0.308427
v 0.981786 0.819021 -0.308467
v 0.981583 0.810970 -0.308386
v 0.921699 0.896804 -0.273292
v 0.921699 0.896804 -0.265239
v 0.982274 0.836545 -0.265238
v 0.982274 0.836545 -0.273291
v 0.921699 0.896804 0.265239
v 0.921699 0.896804 0.273292
v 0.982274 0.836545 0.273291
v 0.982274 0.836545 0.265238
v -0.921699 0.896804 0.273292
v -0.921699 0.896804 0.265239
v -0.982274 0.836545 0.265238
v -0.982274 0.836545 0.273291
v -0.921699 0.896804 -0.265239
v -0.921699 0.896804 -0.273292
v -0.982274 0.836545 -0.273291
v -0.982274 0.836545 -0.265238
v 0.485369 0.896804 -0.409896
v 0.477316 0.896804 -0.409896
v -0.477316 0.896804 -0.409896
v -0.485369 0.896804 -0.409896
v 0.909896 0.896804 -0.265239
v 0.909895 0.896805 -0.273292
v -0.909895 0.896805 -0.273292
v -0.909896 0.896804 -0.265239
v -0.909896 0.896804 0.265239
v -0.909895 0.896805 0.273292
v 0.485369 0.896804 0.421699
v 0.477316 0.896804 0.421699
v 0.477316 0.836545 0.482274
v 0.485369 0.836545 0.482274
v -0.477316 0.896804 0.421699
v -0.485369 0.896804 0.421699
v -0.485369 0.836545 0.482274
v -0.477316 0.836545 0.482274
v -0.485369 0.896804 -0.421699
v -0.477316 0.896804 -0.421699
v -0.477316 0.836545 -0.482274
v -0.485369 0.836545 -0.482274
v 0.477316 0.896804 -0.421699
v 0.485369 0.896804 -0.421699
v 0.485369 0.836545 -0.482274
v 0.477316 0.836545 -0.482274
v 0.909895 0.896805 0.273292
v 0.909896 0.896804 0.265239
v -0.485369 0.896804 0.409896
v -0.477316 0.896804 0.409896
v 0.477316 0.896804 0.409896
v 0.485369 0.896804 0.409896
v -1.000000 0.074304 0.391911
v -1.000000 0.074304 0.300000
v -1.000000 0.074304 -0.300000
v -1.000000 0.074304 -0.391911
v 1.000000 0.074304 0.300000
v 1.000000 0.074304 0.391911
v 1.000000 0.074304 -0.391911
v 1.000000 0.074304 -0.300000
v -1.000000 0.810842 -0.391911
v -1.000000 0.810842 -0.300000
v -1.000000 0.810842 0.300000
v -1.000000 0.810842 0.391911
v 1.000000 0.810842 -0.300000
v 1.000000 0.810842 -0.391911
v 1.000000 0.810842 0.391911
v 1.000000 0.810842 0.300000
v -0.996573 0.111312 0.354903
v -0.996573 0.111312 0.337009
v -0.996573 0.111312 -0.337009
v -0.996573 0.111312 -0.354903
v 0.996573 0.111312 0.337009
v 0.996573 0.111312 0.354903
v 0.996573 0.111312 -0.354903
v 0.996573 0.111312 -0.337009
v -0.996573 0.773834 -0.354903
v -0.996573 0.773834 -0.337009
v -0.996573 0.773834 0.337009
v -0.996573 0.773834 0.354903
v 0.996573 0.773834 -0.337009
v 0.996573 0.773834 -0.354903
v 0.996573 0.773834 0.354903
v 0.996573 0.773834 0.337009
v -0.996573 0.107498 0.358717
v -0.996573 0.107498 0.333194
v -0.996573 0.107498 -0.333194
v -0.996573 0.107498 -0.358717
v 0.996573 0.107498 0.333194
v 0.996573 0.107498 0.358717
v 0.996573 0.107498 -0.358717
v 0.996573 0.107498 -0.333194
v -0.996573 0.777648 -0.358717
v -0.996573 0.777648 -0.333194
v -0.996573 0.777648 0.333194
v -0.996573 0.777648 0.358717
v 0.996573 0.777648 -0.333194
v 0.996573 0.777648 -0.358717
v 0.996573 0.777648 0.358717
v 0.996573 0.777648 0.333194
v -0.994003 0.111312 0.354903
v -0.994003 0.111312 0.337009
v -0.994003 0.111312 -0.337009
v -0.994003 0.111312 -0.354903
v 0.994003 0.111312 0.337009
v 0.994003 0.111312 0.354903
v 0.994003 0.111312 -0.354903
v 0.994003 0.111312 -0.337009
v -0.994003 0.773834 -0.354903
v -0.994003 0.773834 -0.337009
v -0.994003 0.773834 0.337009
v -0.994003 0.773834 0.354903
v 0.994003 0.773834 -0.337009
v 0.994003 0.773834 -0.354903
v 0.994003 0.773834 0.354903
v 0.994003 0.773834 0.337009
v 0.485369 0.074304 -0.490049
v 0.650000 0.074304 -0.490049
v -0.485369 0.074304 0.490049
v -0.650000 0.074304 0.490049
v -0.650000 0.810842 0.490049
v -0.485369 0.810842 0.490049
v 0.650000 0.810842 -0.490049
v 0.485369 0.810842 -0.490049
v -0.650000 0.074304 -0.490049
v -0.485369 0.074304 -0.490049
v 0.650000 0.074304 0.490049
v 0.485369 0.074304 0.490049
v 0.485369 0.810842 0.490049
v 0.650000 0.810842 0.490049
v -0.485369 0.810842 -0.490049
v -0.650000 0.810842 -0.490049
v 0.510934 0.099869 -0.483754
v 0.624434 0.099869 -0.483754
v -0.510935 0.099869 0.483754
v -0.624434 0.099869 0.483754
v -0.624434 0.785277 0.483754
v -0.510935 0.785277 0.483754
v 0.624434 0.785277 -0.483754
v 0.510934 0.785277 -0.483754
v -0.624434 0.099869 -0.483754
v -0.510935 0.099869 -0.483754
v 0.624434 0.099869 0.483754
v 0.510934 0.099869 0.483754
v 0.510934 0.785277 0.483754
v 0.624434 0.785277 0.483754
v -0.510935 0.785277 -0.483754
v -0.624434 0.785277 -0.483754
v 0.502430 0.091365 -0.483754
v 0.632939 0.091365 -0.483754
v -0.502430 0.091365 0.483754
v -0.632939 0.091365 0.483754
v -0.632939 0.793781 0.483754
v -0.502430 0.793781 0.483754
v 0.632939 0.793781 -0.483754
v 0.502430 0.793781 -0.483754
v -0.632939 0.091365 -0.483754
v -0.502430 0.091365 -0.483754
v 0.632939 0.091365 0.483754
v 0.502430 0.091365 0.483754
v 0.502430 0.793781 0.483754
v 0.632939 0.793781 0.483754
v -0.502430 0.793781 -0.483754
v -0.632939 0.793781 -0.483754
v 0.510934 0.785277 -0.490535
v 0.624434 0.785277 -0.490535
v -0.510935 0.785277 0.490535
v -0.624434 0.785277 0.490535
v -0.624434 0.099869 0.490535
v -0.510935 0.099869 0.490535
v 0.624434 0.099869 -0.490535
v 0.510934 0.099869 -0.490535
v -0.510935 0.609377 -0.483754
v -0.510935 0.619850 -0.483754
v 0.510934 0.619850 -0.483754
v 0.510934 0.609377 -0.483754
v 0.510934 0.609377 0.483754
v 0.510934 0.619850 0.483754
v -0.510935 0.619850 0.483754
v -0.510935 0.609377 0.483754
v 0.624434 0.619850 0.483754
v 0.624434 0.609377 0.483754
v -0.624434 0.609377 0.483754
v -0.624434 0.619850 0.483754
v -0.624434 0.619850 -0.483754
v -0.624434 0.609377 -0.483754
v 0.624434 0.609377 -0.483754
v 0.624434 0.619850 -0.483754
v -0.624434 0.099869 -0.490535
v -0.510935 0.099869 -0.490535
v 0.624434 0.099869 0.490535
v 0.510934 0.099869 0.490535
v 0.510934 0.785277 0.490535
v 0.624434 0.785277 0.490535
v -0.510935 0.785277 -0.490535
v -0.624434 0.785277 -0.490535
v -0.624434 0.619850 -0.490535
v -0.510935 0.619850 -0.490535
v -0.510935 0.609377 -0.490535
v -0.624434 0.609377 -0.490535
v 0.624434 0.619850 0.490535
v 0.510934 0.619850 0.490535
v 0.510934 0.609377 0.490535
v 0.624434 0.609377 0.490535
v -0.510935 0.619850 0.490535
v -0.624434 0.619850 0.490535
v -0.624434 0.609377 0.490535
v -0.510935 0.609377 0.490535
v 0.510934 0.619850 -0.490535
v 0.624434 0.619850 -0.490535
v 0.624434 0.609377 -0.490535
v 0.510934 0.609377 -0.490535
v -0.624434 0.702563 -0.490535
v 0.567684 0.619850 0.490535
v -0.567684 0.785277 -0.490535
v 0.567684 0.785277 -0.490535
v -0.567684 0.619850 0.490535
v 0.567684 0.785277 0.490535
v -0.567684 0.785277 0.490535
v -0.510935 0.702563 -0.490535
v -0.567684 0.619850 -0.490535
v 0.567684 0.619850 -0.490535
v 0.510934 0.702563 -0.490535
v 0.624434 0.702563 -0.490535
v 0.624434 0.702563 0.490535
v 0.510934 0.702563 0.490535
v -0.510935 0.702563 0.490535
v -0.624434 0.702563 0.490535
v -0.567684 0.702563 -0.490535
v -0.567684 0.702563 0.490535
v 0.567684 0.702563 -0.490535
v 0.567684 0.702563 0.490535
v 0.561314 0.708934 0.490535
v 0.561314 0.778906 0.490535
v 0.517305 0.778906 0.490535
v 0.517305 0.708934 0.490535
v 0.574055 0.708934 -0.490535
v 0.574055 0.778906 -0.490535
v 0.618064 0.778906 -0.490535
v 0.618064 0.708934 -0.490535
v -0.574055 0.708934 0.490535
v -0.574055 0.778906 0.490535
v -0.618064 0.778906 0.490535
v -0.618064 0.708934 0.490535
v -0.561314 0.708934 -0.490535
v -0.561314 0.778906 -0.490535
v -0.517305 0.778906 -0.490535
v -0.517305 0.708934 -0.490535
v -0.561314 0.626221 -0.490535
v -0.561314 0.696193 -0.490535
v -0.517305 0.696193 -0.490535
v -0.517305 0.626221 -0.490535
v -0.618064 0.626221 -0.490535
v -0.618064 0.696193 -0.490535
v -0.574055 0.696193 -0.490535
v -0.574055 0.626221 -0.490535
v -0.618064 0.708934 -0.490535
v -0.618064 0.778906 -0.490535
v -0.574055 0.778906 -0.490535
v -0.574055 0.708934 -0.490535
v -0.574055 0.626221 0.490535
v -0.574055 0.696193 0.490535
v -0.618064 0.696193 0.490535
v -0.618064 0.626221 0.490535
v -0.517305 0.626221 0.490535
v -0.517305 0.696193 0.490535
v -0.561314 0.696193 0.490535
v -0.561314 0.626221 0.490535
v -0.517305 0.708934 0.490535
v -0.517305 0.778906 0.490535
v -0.561314 0.778906 0.490535
v -0.561314 0.708934 0.490535
v 0.574055 0.626221 -0.490535
v 0.574055 0.696193 -0.490535
v 0.618064 0.696193 -0.490535
v 0.618064 0.626221 -0.490535
v 0.517305 0.626221 -0.490535
v 0.517305 0.696193 -0.490535
v 0.561314 0.696193 -0.490535
v 0.561314 0.626221 -0.490535
v 0.517305 0.708934 -0.490535
v 0.517305 0.778906 -0.490535
v 0.561314 0.778906 -0.490535
v 0.561314 0.708934 -0.490535
v 0.561314 0.626221 0.490535
v 0.561314 0.696193 0.490535
v 0.517305 0.696193 0.490535
v 0.517305 0.626221 0.490535
v 0.618064 0.626221 0.490535
v 0.618064 0.696193 0.490535
v 0.574055 0.696193 0.490535
v 0.574055 0.626221 0.490535
v 0.618064 0.708934 0.490535
v 0.618064 0.778906 0.490535
v 0.574055 0.778906 0.490535
v 0.574055 0.708934 0.490535
v 0.561314 0.778906 0.487901
v 0.561314 0.708934 0.487901
v 0.517305 0.708934 0.487901
v 0.517305 0.778906 0.487901
v 0.574055 0.778906 -0.487901
v 0.574055 0.708934 -0.487901
v 0.618064 0.708934 -0.487901
v 0.618064 0.778906 -0.487901
v -0.574055 0.778906 0.487901
v -0.574055 0.708934 0.487901
v -0.618064 0.708934 0.487901
v -0.618064 0.778906 0.487901
v -0.561314 0.778906 -0.487901
v -0.561314 0.708934 -0.487901
v -0.517305 0.708934 -0.487901
v -0.517305 0.778906 -0.487901
v -0.561314 0.696193 -0.487901
v -0.561314 0.626221 -0.487901
v -0.517305 0.626221 -0.487901
v -0.517305 0.696193 -0.487901
v -0.618064 0.626221 -0.487901
v -0.618064 0.696193 -0.487901
v -0.574055 0.626221 -0.487901
v -0.574055 0.696193 -0.487901
v -0.618064 0.708934 -0.487901
v -0.618064 0.778906 -0.487901
v -0.574055 0.708934 -0.487901
v -0.574055 0.778906 -0.487901
v -0.574055 0.696193 0.487901
v -0.574055 0.626221 0.487901
v -0.618064 0.626221 0.487901
v -0.618064 0.696193 0.487901
v -0.517305 0.696193 0.487901
v -0.517305 0.626221 0.487901
v -0.561314 0.626221 0.487901
v -0.561314 0.696193 0.487901
v -0.517305 0.778906 0.487901
v -0.517305 0.708934 0.487901
v -0.561314 0.708934 0.487901
v -0.561314 0.778906 0.487901
v 0.574055 0.696193 -0.487901
v 0.574055 0.626221 -0.487901
v 0.618064 0.626221 -0.487901
v 0.618064 0.696193 -0.487901
v 0.517305 0.696193 -0.487901
v 0.517305 0.626221 -0.487901
v 0.561314 0.626221 -0.487901
v 0.561314 0.696193 -0.487901
v 0.517305 0.778906 -0.487901
v 0.517305 0.708934 -0.487901
v 0.561314 0.708934 -0.487901
v 0.561314 0.778906 -0.487901
v 0.561314 0.696193 0.487901
v 0.561314 0.626221 0.487901
v 0.517305 0.626221 0.487901
v 0.517305 0.696193 0.487901
v 0.618064 0.626221 0.487901
v 0.618064 0.696193 0.487901
v 0.574055 0.626221 0.487901
v 0.574055 0.696193 0.487901
v 0.618064 0.708934 0.487901
v 0.618064 0.778906 0.487901
v 0.574055 0.708934 0.487901
v 0.574055 0.778906 0.487901
v -0.000000 0.074304 -0.490049
v -0.000000 0.074304 0.490049
v -0.000000 0.810842 0.490049
v 0.000000 0.810842 -0.490049
v 0.477316 0.442573 -0.490049
v -0.477316 0.442573 0.490049
v -0.000000 0.442573 -0.490049
v -0.000000 0.442573 0.490049
v -0.019025 0.461598 0.490049
v -0.019025 0.791817 0.490049
v -0.458291 0.791817 0.490049
v -0.458291 0.461598 0.490049
v 0.019025 0.461598 -0.490049
v 0.019025 0.791817 -0.490049
v 0.458291 0.791817 -0.490049
v 0.458291 0.461598 -0.490049
v -0.019025 0.791817 0.483340
v -0.019025 0.461598 0.483340
v -0.458291 0.461598 0.483340
v -0.458291 0.791817 0.483340
v 0.019025 0.791817 -0.483340
v 0.019025 0.461598 -0.483340
v 0.458291 0.461598 -0.483340
v 0.458291 0.791817 -0.483340
v -0.024392 0.466965 0.483340
v -0.024392 0.786450 0.483340
v -0.452924 0.786450 0.483340
v -0.452924 0.466965 0.483340
v 0.024392 0.466965 -0.483340
v 0.024392 0.786450 -0.483340
v 0.452924 0.786450 -0.483340
v 0.452924 0.466965 -0.483340
v -0.024392 0.786450 0.500192
v -0.024392 0.466965 0.500192
v -0.452924 0.466965 0.500192
v -0.452924 0.786450 0.500192
v 0.024392 0.786450 -0.500192
v 0.024392 0.466965 -0.500192
v 0.452924 0.466965 -0.500192
v 0.452924 0.786450 -0.500192
v -0.037353 0.479926 0.500192
v -0.037353 0.773489 0.500192
v -0.439963 0.773489 0.500192
v -0.439963 0.479926 0.500192
v 0.037353 0.479926 -0.500192
v 0.037353 0.773489 -0.500192
v 0.439963 0.773489 -0.500192
v 0.439963 0.479926 -0.500192
v -0.037353 0.773489 0.495655
v -0.037353 0.479926 0.495655
v -0.439963 0.479926 0.495655
v -0.439963 0.773489 0.495655
v 0.037353 0.773489 -0.495655
v 0.037353 0.479926 -0.495655
v 0.439963 0.479926 -0.495655
v 0.439963 0.773489 -0.495655
v -0.044821 0.487394 0.495655
v -0.044821 0.766021 0.495655
v -0.432495 0.766021 0.495655
v -0.432495 0.487394 0.495655
v 0.044821 0.487394 -0.495655
v 0.044821 0.766021 -0.495655
v 0.432495 0.766021 -0.495655
v 0.432495 0.487394 -0.495655
v -0.044821 0.766021 0.491669
v -0.044821 0.487394 0.491669
v -0.432495 0.487394 0.491669
v -0.432495 0.766021 0.491669
v 0.044821 0.766021 -0.491669
v 0.044821 0.487394 -0.491669
v 0.432495 0.487394 -0.491669
v 0.432495 0.766021 -0.491669
v 0.461655 0.089965 0.490049
v 0.461655 0.795181 0.490049
v -0.461655 0.089965 -0.462665
v -0.461655 0.795181 -0.462665
v -0.015661 0.089965 -0.462665
v -0.015661 0.795181 -0.462665
v 0.015661 0.089965 0.462665
v -0.015661 0.795181 -0.490049
v 0.015661 0.795181 0.462665
v -0.015661 0.089965 -0.490049
v 0.015661 0.089965 0.490049
v 0.015661 0.795181 0.490049
v -0.461655 0.795181 -0.490049
v -0.461655 0.089965 -0.490049
v 0.461655 0.089965 0.462665
v 0.461655 0.795181 0.462665
v -0.448086 0.103533 -0.462665
v -0.448086 0.781613 -0.462665
v -0.029230 0.781613 -0.462665
v -0.029230 0.103533 -0.462665
v 0.448086 0.103533 0.462665
v 0.448086 0.781613 0.462665
v 0.029230 0.781613 0.462665
v 0.029229 0.103533 0.462665
v -0.029230 0.581166 -0.462665
v -0.448086 0.679966 -0.462665
v -0.448086 0.600379 -0.462665
v 0.029230 0.284767 0.462665
v -0.029230 0.402779 -0.462665
v -0.448086 0.402779 -0.462665
v -0.448086 0.482367 -0.462665
v 0.029230 0.402779 0.462665
v -0.448086 0.284767 -0.462665
v -0.448086 0.205180 -0.462665
v -0.029230 0.284767 -0.462665
v 0.448086 0.205180 0.462665
v -0.029230 0.679966 -0.462665
v 0.448086 0.600379 0.462665
v 0.029230 0.679966 0.462665
v 0.448086 0.581166 0.462665
v 0.448086 0.501579 0.462665
v 0.029230 0.501579 0.462665
v 0.029230 0.303980 0.462665
v -0.029230 0.778766 -0.462665
v 0.448086 0.778766 0.462665
v 0.448086 0.106380 0.462665
v -0.448086 0.185967 -0.462665
v -0.029230 0.185967 -0.462665
v -0.448086 0.383567 -0.462665
v 0.448086 0.383567 0.462665
v -0.448086 0.778766 -0.462665
v 0.029230 0.383567 0.462665
v -0.448086 0.303980 -0.462665
v 0.448086 0.185967 0.462665
v -0.029230 0.501579 -0.462665
v -0.029230 0.383567 -0.462665
v -0.448086 0.106380 -0.462665
v 0.448086 0.402779 0.462665
v 0.448086 0.482367 0.462665
v 0.029230 0.185967 0.462665
v -0.029230 0.600379 -0.462665
v 0.029230 0.205180 0.462665
v -0.029230 0.482367 -0.462665
v 0.029230 0.482367 0.462665
v -0.029230 0.205180 -0.462665
v 0.448086 0.284767 0.462665
v 0.029230 0.600379 0.462665
v -0.448086 0.501579 -0.462665
v -0.448086 0.581166 -0.462665
v 0.029230 0.581166 0.462665
v 0.448086 0.303980 0.462665
v 0.448086 0.699178 0.462665
v 0.029230 0.778766 0.462665
v 0.029230 0.699178 0.462665
v -0.029230 0.699178 -0.462665
v -0.448086 0.699178 -0.462665
v -0.029230 0.303980 -0.462665
v 0.029230 0.106380 0.462665
v 0.448086 0.679966 0.462665
v -0.029230 0.106380 -0.462665
v 0.448086 0.383567 0.468015
v 0.029230 0.383567 0.468015
v -0.448086 0.303980 -0.488852
v -0.448086 0.383567 -0.468015
v -0.448086 0.185967 -0.468015
v -0.029230 0.185967 -0.468015
v 0.448086 0.106380 0.488852
v 0.448086 0.185967 0.468015
v -0.448086 0.600379 -0.488852
v -0.448086 0.679966 -0.468015
v -0.029230 0.581166 -0.468015
v -0.029230 0.501579 -0.488852
v -0.029230 0.383567 -0.468015
v -0.448086 0.106380 -0.488852
v 0.448086 0.402779 0.488852
v 0.448086 0.482367 0.468015
v 0.029230 0.185967 0.468015
v -0.029230 0.600379 -0.488852
v 0.029230 0.284767 0.468015
v 0.029230 0.205180 0.488852
v -0.029230 0.402779 -0.488852
v -0.448086 0.402779 -0.488852
v -0.029230 0.482367 -0.468015
v 0.029230 0.482367 0.468015
v 0.029230 0.402779 0.488852
v -0.448086 0.205180 -0.488852
v -0.448086 0.284767 -0.468015
v -0.029230 0.284767 -0.468015
v -0.029230 0.205180 -0.488852
v 0.448086 0.205180 0.488852
v 0.448086 0.284767 0.468015
v 0.029230 0.679966 0.468015
v 0.029230 0.600379 0.488852
v 0.448086 0.600379 0.488852
v -0.448086 0.501579 -0.488852
v -0.448086 0.581166 -0.468015
v 0.448086 0.501579 0.488852
v 0.448086 0.581166 0.468015
v 0.029230 0.581166 0.468015
v 0.029230 0.501579 0.488852
v 0.029230 0.303980 0.488852
v 0.448086 0.303980 0.488852
v 0.448086 0.699178 0.488852
v 0.448086 0.778766 0.468015
v 0.029230 0.778766 0.468015
v 0.029230 0.699178 0.488852
v -0.029230 0.778766 -0.468015
v -0.029230 0.699178 -0.488852
v -0.448086 0.699178 -0.488852
v -0.029230 0.303980 -0.488852
v 0.029230 0.106380 0.488852
v -0.029230 0.679966 -0.468015
v 0.448086 0.679966 0.468015
v -0.029230 0.106380 -0.488852
v -0.448086 0.482367 -0.468015
v -0.448086 0.778766 -0.468015
v -0.529200 0.118135 0.490535
v -0.529200 0.591112 0.490535
v -0.606169 0.591112 0.490535
v -0.606169 0.118135 0.490535
v 0.529200 0.118135 -0.490535
v 0.529200 0.591112 -0.490535
v 0.606169 0.591112 -0.490535
v 0.606169 0.118135 -0.490535
v -0.529200 0.591112 0.484497
v -0.529200 0.118135 0.484497
v -0.606169 0.118135 0.484497
v -0.606169 0.591112 0.484497
v 0.529200 0.591112 -0.484497
v 0.529200 0.118135 -0.484497
v 0.606169 0.118135 -0.484497
v 0.606169 0.591112 -0.484497
v -0.743252 0.953840 0.251645
v -0.713997 1.521900 0.157268
v -0.743252 0.953840 -0.251645
v -0.713997 1.521900 -0.157268
v 0.743252 0.889070 0.316415
v 0.713997 1.521900 0.157268
v 0.743252 0.889070 -0.316415
v 0.713997 1.521900 -0.157268
v -0.704922 1.235787 0.303580
v -0.704922 1.235787 -0.303580
v 0.704922 1.235787 -0.303580
v 0.704922 1.235787 0.303580
v 0.602392 0.889070 -0.316415
v -0.602392 0.889070 -0.316415
v 0.602392 1.521900 -0.157268
v -0.602392 0.889070 0.316415
v 0.602392 0.889070 0.316415
v 0.640723 1.235787 0.303580
v -0.640723 1.235787 0.303580
v -0.640723 1.235787 -0.303580
v 0.640723 1.235787 -0.303580
v 0.743252 1.121820 0.316415
v -0.602392 1.121820 -0.316415
v 0.602392 1.121820 -0.316415
v 0.602392 1.121820 0.316415
v -0.602392 1.121820 0.316415
v 0.590203 0.899535 -0.288695
v -0.590204 0.899535 -0.288695
v -0.590204 0.899535 0.288695
v 0.590203 0.899535 0.288695
v -0.590204 1.111356 -0.288695
v 0.590203 1.111356 -0.288695
v 0.590203 1.111356 0.288695
v -0.590204 1.111356 0.288695
v 0.602392 0.889070 -0.288695
v -0.602392 0.889070 -0.288695
v -0.602392 0.889070 0.288695
v 0.602392 0.889070 0.288695
v -0.602392 1.121820 -0.288695
v 0.602392 1.121820 -0.288695
v 0.602392 1.121820 0.288695
v -0.602392 1.121820 0.288695
v 0.590203 0.899535 -0.310177
v -0.590204 0.899535 -0.310177
v -0.590204 0.899535 0.310177
v 0.590203 0.899535 0.310177
v -0.590204 1.111356 -0.310177
v 0.590203 1.111356 -0.310177
v 0.590203 1.111356 0.310177
v -0.590204 1.111356 0.310177
v -0.000000 0.899535 -0.310177
v -0.000000 0.899535 0.310177
v -0.000000 1.111356 0.310177
v -0.000000 1.111356 -0.310177
v -0.295102 0.899535 -0.310177
v 0.295102 0.899535 0.310177
v -0.295102 1.111356 0.310177
v 0.295102 1.111356 -0.310177
v 0.295102 0.899535 -0.310177
v -0.295102 0.899535 0.310177
v 0.295102 1.111356 0.310177
v -0.295102 1.111356 -0.310177
v -0.030823 1.019188 0.310177
v -0.264279 1.019188 0.310177
v 0.030823 1.019188 -0.310177
v 0.264279 1.019188 -0.310177
v 0.264279 1.019188 0.310177
v 0.030823 1.019188 0.310177
v 0.559380 1.019188 0.310177
v 0.325925 1.019188 0.310177
v -0.325925 1.019188 0.310177
v -0.559380 1.019188 0.310177
v -0.264279 1.019188 -0.310177
v -0.030823 1.019188 -0.310177
v -0.559380 1.019188 -0.310177
v -0.325925 1.019188 -0.310177
v 0.325925 1.019188 -0.310177
v 0.559380 1.019188 -0.310177
v 0.325925 1.019188 -0.344195
v 0.559380 1.019188 -0.344195
v 0.264279 1.019188 -0.344195
v 0.030823 1.019188 -0.344195
v -0.264279 1.019188 -0.344195
v -0.030823 1.019188 -0.344195
v -0.325925 1.019188 -0.344195
v -0.559380 1.019188 -0.344195
v 0.559380 1.019188 0.344195
v 0.325925 1.019188 0.344195
v 0.264279 1.019188 0.344195
v 0.030823 1.019188 0.344195
v -0.030823 1.019188 0.343726
v -0.264279 1.019188 0.343726
v -0.325925 1.019188 0.344195
v -0.559380 1.019188 0.344195
v -0.325925 0.889012 -0.344195
v 0.264279 0.889012 -0.344195
v 0.325925 0.889012 -0.344195
v 0.559380 0.889012 -0.344195
v 0.030823 0.889012 -0.344195
v -0.264279 0.889012 -0.344195
v -0.030823 0.889012 -0.344195
v -0.559380 0.889012 -0.344195
v 0.559380 0.889012 0.344195
v 0.325925 0.889012 0.344195
v 0.264279 0.889012 0.344195
v 0.030823 0.889012 0.344195
v -0.030823 0.889012 0.343726
v -0.264279 0.889012 0.343726
v -0.325925 0.889012 0.344195
v -0.559380 0.889012 0.344195
v 0.552872 1.244633 0.299832
v 0.552872 1.482753 0.198967
v -0.552872 1.482753 0.198967
v -0.552872 1.244633 0.299832
v -0.552872 1.244633 -0.299832
v -0.552872 1.482753 -0.198967
v 0.552872 1.482753 -0.198967
v 0.552872 1.244633 -0.299832
v 0.552872 1.489367 0.214582
v 0.552872 1.251247 0.315448
v -0.552872 1.251247 0.315448
v -0.552872 1.489367 0.214582
v -0.552872 1.489367 -0.214582
v -0.552872 1.251247 -0.315448
v 0.552872 1.251247 -0.315448
v 0.552872 1.489367 -0.214582
v 0.537752 1.263200 0.310385
v 0.537752 1.477414 0.219645
v -0.537752 1.477414 0.219645
v -0.537752 1.263200 0.310385
v -0.537752 1.263200 -0.310385
v -0.537752 1.477414 -0.219645
v 0.537752 1.477414 -0.219645
v 0.537752 1.263200 -0.310385
v 0.537752 1.454153 0.164731
v 0.537752 1.239939 0.255470
v -0.537752 1.239939 0.255470
v -0.537752 1.454153 0.164731
v -0.537752 1.454153 -0.164731
v -0.537752 1.239939 -0.255470
v 0.537752 1.239939 -0.255470
v 0.537752 1.454153 -0.164731
v 0.113523 1.258559 -0.299427
v 0.174035 1.258559 -0.299427
v 0.174035 1.472773 -0.208688
v 0.113523 1.472773 -0.208688
v 0.257302 1.258559 -0.299427
v 0.317814 1.258559 -0.299427
v 0.317814 1.472773 -0.208688
v 0.257302 1.472773 -0.208688
v -0.317814 1.258559 -0.299427
v -0.257302 1.258559 -0.299427
v -0.257302 1.472773 -0.208688
v -0.317814 1.472773 -0.208688
v -0.257302 1.258559 0.299427
v -0.317814 1.258559 0.299427
v -0.317814 1.472773 0.208688
v -0.257302 1.472773 0.208688
v 0.317814 1.258559 0.299427
v 0.257302 1.258559 0.299427
v 0.257302 1.472773 0.208688
v 0.317814 1.472773 0.208688
v 0.030256 1.258559 0.299427
v -0.030256 1.258559 0.299427
v -0.030256 1.472773 0.208688
v 0.030256 1.472773 0.208688
v -0.030256 1.258559 -0.299427
v 0.030256 1.258559 -0.299427
v 0.030256 1.472773 -0.208688
v -0.030256 1.472773 -0.208688
v 0.030256 1.239939 0.255470
v -0.030256 1.239939 0.255470
v -0.030256 1.454153 0.164731
v 0.030256 1.454153 0.164731
v -0.030256 1.239939 -0.255470
v 0.030256 1.239939 -0.255470
v 0.030256 1.454153 -0.164731
v -0.030256 1.454153 -0.164731
v -0.257302 1.239939 0.255470
v -0.317814 1.239939 0.255470
v -0.317814 1.454153 0.164731
v -0.257302 1.454153 0.164731
v 0.257302 1.239939 -0.255470
v 0.317814 1.239939 -0.255470
v 0.317814 1.454153 -0.164731
v 0.257302 1.454153 -0.164731
v 0.317814 1.239939 0.255470
v 0.257302 1.239939 0.255470
v 0.257302 1.454153 0.164731
v 0.317814 1.454153 0.164731
v -0.317814 1.239939 -0.255470
v -0.257302 1.239939 -0.255470
v -0.257302 1.454153 -0.164731
v -0.317814 1.454153 -0.164731
v -0.401081 1.239939 0.255470
v -0.461593 1.239939 0.255470
v -0.461593 1.454153 0.164731
v -0.401081 1.454153 0.164731
v 0.401081 1.239939 -0.255470
v 0.461593 1.239939 -0.255470
v 0.461593 1.454153 -0.164731
v 0.401081 1.454153 -0.164731
v 0.174035 1.239939 0.255470
v 0.113523 1.239939 0.255470
v 0.113523 1.454153 0.164731
v 0.174035 1.454153 0.164731
v -0.174035 1.239939 -0.255470
v -0.113523 1.239939 -0.255470
v -0.113523 1.454153 -0.164731
v -0.174035 1.454153 -0.164731
v -0.113523 1.239939 0.255470
v -0.174035 1.239939 0.255470
v -0.174035 1.454153 0.164731
v -0.113523 1.454153 0.164731
v 0.113523 1.239939 -0.255470
v 0.174035 1.239939 -0.255470
v 0.174035 1.454153 -0.164731
v 0.113523 1.454153 -0.164731
v 0.461593 1.239939 0.255470
v 0.401081 1.239939 0.255470
v 0.401081 1.454153 0.164731
v 0.461593 1.454153 0.164731
v -0.461593 1.239939 -0.255470
v -0.401081 1.239939 -0.255470
v -0.401081 1.454153 -0.164731
v -0.461593 1.454153 -0.164731
v -0.461593 1.472773 -0.208688
v -0.401081 1.472773 -0.208688
v -0.401081 1.258559 -0.299427
v -0.461593 1.258559 -0.299427
v -0.113523 1.472773 0.208688
v -0.174035 1.472773 0.208688
v -0.174035 1.258559 0.299427
v -0.113523 1.258559 0.299427
v 0.461593 1.472773 0.208688
v 0.401081 1.472773 0.208688
v 0.401081 1.258559 0.299427
v 0.461593 1.258559 0.299427
v 0.174035 1.472773 0.208688
v 0.113523 1.472773 0.208688
v 0.113523 1.258559 0.299427
v 0.174035 1.258559 0.299427
v -0.174035 1.472773 -0.208688
v -0.113523 1.472773 -0.208688
v -0.113523 1.258559 -0.299427
v -0.174035 1.258559 -0.299427
v 0.401081 1.472773 -0.208688
v 0.461593 1.472773 -0.208688
v 0.461593 1.258559 -0.299427
v 0.401081 1.258559 -0.299427
v -0.401081 1.472773 0.208688
v -0.461593 1.472773 0.208688
v -0.461593 1.258559 0.299427
v -0.401081 1.258559 0.299427
v 0.743252 0.901544 -0.273785
v 0.743252 0.901544 0.273785
v 0.698801 0.901544 -0.273785
v 0.698801 0.901544 0.273785
v 0.743252 1.049034 -0.187798
v 0.743252 0.963047 -0.273785
v 0.743252 1.121756 -0.316377
v 0.743252 0.963047 0.273785
v 0.743252 1.049034 0.187798
v 0.698801 0.963047 -0.273785
v 0.698801 1.049034 -0.187798
v 0.698801 1.049034 0.187798
v 0.698801 0.963047 0.273785
v 0.698801 0.912954 -0.262375
v 0.698801 0.958321 -0.262375
v 0.698801 1.037624 -0.183072
v 0.698801 1.037624 0.183072
v 0.698801 0.958321 0.262375
v 0.698801 0.912954 0.262375
v 0.831510 0.931585 -0.225242
v 0.831510 0.892639 -0.225242
v 0.831510 0.892639 0.225242
v 0.831510 0.999665 -0.157162
v 0.831510 0.999665 0.157162
v 0.831510 0.931585 0.225242
v 0.831510 0.892639 -0.143338
v 0.831510 0.892639 -0.081903
v 0.831510 0.892639 0.081903
v 0.831510 0.892639 0.143338
v 0.831510 0.892639 -0.029272
v 0.831510 0.892639 0.029272
v 0.831510 0.999665 0.029272
v 0.831510 0.999665 -0.029272
v 0.831510 0.999665 -0.047864
v 0.831510 0.999665 -0.109299
v 0.831510 0.999665 0.109299
v 0.831510 0.999665 0.047864
v 0.831510 0.993587 0.023194
v 0.831510 0.898717 0.023194
v 0.831510 0.898717 -0.023194
v 0.831510 0.993587 -0.023194
v 0.831510 0.993587 -0.056175
v 0.831510 0.898717 -0.086349
v 0.831510 0.898717 -0.135027
v 0.831510 0.993587 -0.104853
v 0.831510 0.993587 0.104853
v 0.831510 0.898717 0.135027
v 0.831510 0.898717 0.086349
v 0.831510 0.993587 0.056175
v 0.823852 0.993587 0.023194
v 0.823852 0.898717 0.023194
v 0.823852 0.993587 -0.023194
v 0.823852 0.898717 -0.023194
v 0.823852 0.993587 -0.056175
v 0.823852 0.898717 -0.086349
v 0.823852 0.993587 -0.104853
v 0.823852 0.898717 -0.135027
v 0.823852 0.993587 0.104853
v 0.823852 0.898717 0.135027
v 0.823852 0.993587 0.056175
v 0.823852 0.898717 0.086349
v -0.704922 1.491599 0.195220
v -0.704922 1.491599 -0.195220
v 0.640723 1.491599 -0.195220
v 0.704922 1.491599 -0.195220
v 0.704922 1.491599 0.195220
v -0.640723 1.491599 0.195220
v -0.640723 1.491599 -0.195220
v 0.640723 1.491599 0.195220
v -0.085015 1.513791 -0.131781
v -0.085015 1.513791 0.131781
v -0.687450 1.513791 -0.131781
v -0.687450 1.513791 0.131781
v -0.708664 1.513791 0.152689
v -0.708664 1.513791 -0.152689
v 0.708664 1.513791 -0.152689
v 0.708664 1.513791 0.152689
v -0.743252 1.192333 0.251645
v -0.737919 1.521900 0.177806
v 0.602392 1.521900 -0.177806
v 0.737919 1.521900 -0.177806
v -0.737919 1.521900 -0.177806
v -0.743252 1.192333 -0.251645
v 0.743252 1.205485 -0.316415
v 0.743252 1.205485 0.316415
v -0.602392 1.205485 0.316415
v 0.602392 1.205485 -0.316415
v 0.602392 1.205485 0.316415
v -0.602392 1.205485 -0.316415
v -0.693579 1.242970 0.295571
v -0.693579 1.480848 0.194808
v 0.652066 1.480848 -0.194808
v 0.693579 1.480848 -0.194808
v -0.652066 1.480848 0.194808
v -0.693579 1.480848 -0.194808
v -0.693579 1.242970 -0.295571
v 0.693579 1.242970 -0.295571
v 0.693579 1.480848 0.194808
v 0.693579 1.242970 0.295571
v -0.652066 1.242970 0.295571
v 0.652066 1.242970 -0.295571
v -0.652066 1.480848 -0.194808
v 0.652066 1.480848 0.194808
v 0.652066 1.242970 0.295571
v -0.652066 1.242970 -0.295571
v -0.704922 1.234003 0.299369
v -0.704922 1.489815 0.191010
v 0.640723 1.489815 -0.191010
v 0.704922 1.489815 -0.191010
v -0.640723 1.489815 0.191010
v -0.704922 1.489815 -0.191010
v -0.704922 1.234003 -0.299369
v 0.704922 1.234003 -0.299369
v 0.704922 1.489815 0.191010
v 0.704922 1.234003 0.299369
v -0.640723 1.234003 0.299369
v 0.640723 1.234003 -0.299369
v -0.640723 1.489815 -0.191010
v 0.640723 1.489815 0.191010
v 0.640723 1.234003 0.299369
v -0.640723 1.234003 -0.299369
v -0.693579 1.241924 0.293101
v -0.693579 1.479802 0.192338
v 0.652066 1.479802 -0.192338
v 0.693579 1.479802 -0.192338
v -0.652066 1.479802 0.192338
v -0.693579 1.479802 -0.192338
v -0.693579 1.241924 -0.293101
v 0.693579 1.241924 -0.293101
v 0.693579 1.479802 0.192338
v 0.693579 1.241924 0.293101
v -0.652066 1.241924 0.293101
v 0.652066 1.241924 -0.293101
v -0.652066 1.479802 -0.192338
v 0.652066 1.479802 0.192338
v 0.652066 1.241924 0.293101
v -0.652066 1.241924 -0.293101
v -0.743252 1.457130 0.139479
v -0.743252 1.457130 -0.139479
v 0.602392 1.521900 -0.182385
v 0.743252 1.521900 -0.182385
v 0.743252 1.521900 0.182385
v -0.602392 1.521900 0.182385
v -0.602392 1.521900 -0.182385
v 0.602392 1.521900 0.182385
v -0.708664 1.521900 0.152689
v -0.708664 1.521900 -0.152689
v 0.602392 1.521900 -0.152689
v 0.708664 1.521900 -0.152689
v 0.708664 1.521900 0.152689
v 0.602392 1.521900 0.152689
v 0.737919 1.521900 0.177806
v 0.602392 1.521900 0.157268
v 0.602392 1.521900 0.177806
v -0.737919 1.520884 0.177806
v -0.713997 1.520884 0.157268
v -0.713997 1.520884 -0.157268
v -0.737919 1.520884 -0.177806
v 0.602392 1.520884 -0.177806
v 0.602392 1.520884 -0.157268
v 0.713997 1.520884 -0.157268
v 0.737919 1.520884 -0.177806
v 0.713997 1.520884 0.157268
v 0.737919 1.520884 0.177806
v 0.602392 1.520884 0.157268
v 0.602392 1.520884 0.177806
v -0.058633 1.093184 0.310177
v -0.030823 1.069308 0.310177
v -0.007898 1.106699 0.310177
v -0.264279 1.069308 0.310177
v -0.236469 1.093184 0.310177
v -0.287204 1.106699 0.310177
v 0.058633 1.093184 -0.310177
v 0.030823 1.069308 -0.310177
v 0.007898 1.106699 -0.310177
v 0.264279 1.069308 -0.310177
v 0.236469 1.093184 -0.310177
v 0.287204 1.106699 -0.310177
v 0.236469 1.093184 0.310177
v 0.264279 1.069308 0.310177
v 0.287204 1.106699 0.310177
v 0.030823 1.069308 0.310177
v 0.058633 1.093184 0.310177
v 0.007898 1.106699 0.310177
v 0.531570 1.093184 0.310177
v 0.559380 1.069308 0.310177
v 0.582306 1.106699 0.310177
v 0.325925 1.069308 0.310177
v 0.353735 1.093184 0.310177
v 0.303000 1.106699 0.310177
v -0.353735 1.093184 0.310177
v -0.325925 1.069308 0.310177
v -0.303000 1.106699 0.310177
v -0.559380 1.069308 0.310177
v -0.531570 1.093184 0.310177
v -0.582306 1.106699 0.310177
v -0.236469 1.093184 -0.310177
v -0.264279 1.069308 -0.310177
v -0.287204 1.106699 -0.310177
v -0.030823 1.069308 -0.310177
v -0.058633 1.093184 -0.310177
v -0.007898 1.106699 -0.310177
v -0.531570 1.093184 -0.310177
v -0.559380 1.069308 -0.310177
v -0.582306 1.106699 -0.310177
v -0.325925 1.069308 -0.310177
v -0.353735 1.093184 -0.310177
v -0.303000 1.106699 -0.310177
v 0.353735 1.093184 -0.310177
v 0.325925 1.069308 -0.310177
v 0.303000 1.106699 -0.310177
v 0.559380 1.069308 -0.310177
v 0.531570 1.093184 -0.310177
v 0.582306 1.106699 -0.310177
v -0.236469 0.889012 0.378213
v -0.264279 0.889012 0.354338
v -0.030823 0.889012 0.354338
v -0.058633 0.889012 0.378213
v 0.236469 0.889012 -0.378213
v 0.264279 0.889012 -0.354338
v 0.030823 0.889012 -0.354338
v 0.058633 0.889012 -0.378213
v 0.058633 0.889012 0.378213
v 0.030823 0.889012 0.354338
v 0.264279 0.889012 0.354338
v 0.236469 0.889012 0.378213
v 0.353735 0.889012 0.378213
v 0.325925 0.889012 0.354338
v 0.559380 0.889012 0.354338
v 0.531570 0.889012 0.378213
v -0.531570 0.889012 0.378213
v -0.559380 0.889012 0.354338
v -0.325925 0.889012 0.354338
v -0.353735 0.889012 0.378213
v -0.058633 0.889012 -0.378213
v -0.030823 0.889012 -0.354338
v -0.264279 0.889012 -0.354338
v -0.236469 0.889012 -0.378213
v -0.353735 0.889012 -0.378213
v -0.325925 0.889012 -0.354338
v -0.559380 0.889012 -0.354338
v -0.531570 0.889012 -0.378213
v 0.531570 0.889012 -0.378213
v 0.559380 0.889012 -0.354338
v 0.325925 0.889012 -0.354338
v 0.353735 0.889012 -0.378213
v -0.058633 1.036023 0.378213
v -0.030823 1.026133 0.354338
v -0.030823 1.069308 0.311163
v -0.058633 1.093184 0.321053
v -0.264279 1.069308 0.311163
v -0.236469 1.093184 0.321053
v -0.264279 1.026133 0.354338
v -0.236469 1.036023 0.378213
v 0.058633 1.036023 -0.378213
v 0.030823 1.026133 -0.354338
v 0.030823 1.069308 -0.311163
v 0.058633 1.093184 -0.321053
v 0.264279 1.069308 -0.311163
v 0.236469 1.093184 -0.321053
v 0.264279 1.026133 -0.354338
v 0.236469 1.036023 -0.378213
v 0.236469 1.036023 0.378213
v 0.264279 1.026133 0.354338
v 0.264279 1.069308 0.311163
v 0.236469 1.093184 0.321053
v 0.030823 1.069308 0.311163
v 0.058633 1.093184 0.321053
v 0.030823 1.026133 0.354338
v 0.058633 1.036023 0.378213
v 0.531570 1.036023 0.378213
v 0.559380 1.026133 0.354338
v 0.559380 1.069308 0.311163
v 0.531570 1.093184 0.321053
v 0.325925 1.069308 0.311163
v 0.353735 1.093184 0.321053
v 0.325925 1.026133 0.354338
v 0.353735 1.036023 0.378213
v -0.353735 1.036023 0.378213
v -0.325925 1.026133 0.354338
v -0.325925 1.069308 0.311163
v -0.353735 1.093184 0.321053
v -0.559380 1.069308 0.311163
v -0.531570 1.093184 0.321053
v -0.559380 1.026133 0.354338
v -0.531570 1.036023 0.378213
v -0.236469 1.036023 -0.378213
v -0.264279 1.026133 -0.354338
v -0.264279 1.069308 -0.311163
v -0.236469 1.093184 -0.321053
v -0.030823 1.069308 -0.311163
v -0.058633 1.093184 -0.321053
v -0.030823 1.026133 -0.354338
v -0.058633 1.036023 -0.378213
v -0.531570 1.036023 -0.378213
v -0.559380 1.026133 -0.354338
v -0.559380 1.069308 -0.311163
v -0.531570 1.093184 -0.321053
v -0.325925 1.069308 -0.311163
v -0.353735 1.093184 -0.321053
v -0.325925 1.026133 -0.354338
v -0.353735 1.036023 -0.378213
v 0.353735 1.036023 -0.378213
v 0.325925 1.026133 -0.354338
v 0.325925 1.069308 -0.311163
v 0.353735 1.093184 -0.321053
v 0.559380 1.069308 -0.311163
v 0.531570 1.093184 -0.321053
v 0.559380 1.026133 -0.354338
v 0.531570 1.036023 -0.378213
v -0.743252 0.889070 -0.316415
v -0.743252 0.889070 0.316415
v -0.743252 1.205485 0.316415
v -0.743252 1.521900 0.182385
v -0.743252 1.521900 -0.182385
v -0.743252 1.205485 -0.316415
v -0.721055 1.192333 0.251645
v -0.721055 1.186581 -0.223322
v -0.721055 1.428807 0.120717
v -0.721055 1.428807 -0.120717
v -0.721055 0.953840 0.251645
v -0.721055 1.186581 0.223322
v -0.721055 1.457130 0.139479
v -0.721055 1.457130 -0.139479
v -0.721055 1.192333 -0.251645
v 0.602392 1.513791 -0.152689
v 0.602392 1.513791 0.152689
v -0.708253 1.513791 -0.152689
v -0.708253 1.513791 0.152689
v -0.098666 1.522582 -0.124536
v -0.098666 1.522582 0.124536
v -0.673800 1.522582 -0.124536
v -0.673800 1.522582 0.124536
v -0.861676 1.186581 0.223322
v -0.861676 1.186581 -0.223322
v -0.747806 1.445788 0.030500
v -0.747806 1.445788 -0.030500
v -0.935442 1.586855 -0.114420
v -0.839987 1.585018 -0.019409
v -0.841203 1.586855 0.080907
v -0.935442 1.586855 0.114420
v -1.029620 1.586637 0.070928
v -1.029620 1.586637 -0.070927
v -0.841203 1.969378 -0.019409
v -0.935442 1.988911 -0.114420
v -0.841203 1.969378 0.019409
v -0.935442 1.988911 0.114420
v -1.029680 1.978932 0.070928
v -1.029680 1.978932 -0.070927
v -0.866404 1.918611 -0.066451
v -0.935442 1.918611 -0.091002
v -0.866404 1.918611 0.066451
v -0.935442 1.918611 0.091002
v -1.010393 1.918611 0.064348
v -1.010393 1.918611 -0.064348
v -0.935442 1.988911 -0.104117
v -0.935442 1.976794 -0.091002
v -0.866404 1.976794 -0.066451
v -0.852290 1.988911 -0.074547
v -0.866404 1.976794 0.066451
v -0.852290 1.988911 0.074547
v -0.935442 1.976794 0.091002
v -0.935442 1.988911 0.104117
v -1.010393 1.976794 0.064348
v -1.021195 1.988911 0.073622
v -1.010393 1.976794 -0.064348
v -1.021195 1.988911 -0.073622
v -0.736563 1.428807 0.120717
v -0.736563 1.428807 -0.120717
v -0.841203 1.988911 -0.080907
v -0.841203 1.586855 -0.080907
v -0.841203 1.988911 0.080907
v -0.839987 1.585018 0.019409
v -0.845725 1.583678 -0.019409
v -0.845725 1.583678 0.019409
v -0.755522 1.447450 0.025446
v -0.755522 1.447450 -0.025446
v -0.846940 1.964646 -0.014691
v -0.846940 1.964646 0.014691
v -0.752806 1.443348 0.030500
v -0.752806 1.443348 -0.030500
v -0.846955 1.969365 -0.019409
v -0.845632 1.583538 -0.014691
v -0.846955 1.969365 0.019409
v -0.845632 1.583538 0.014691
v -0.847278 1.583153 -0.014691
v -0.847278 1.583153 0.014691
v -0.756957 1.446750 0.025446
v -0.756957 1.446750 -0.025446
v -0.848590 1.964642 -0.014691
v -0.848590 1.964642 0.014691
v -0.721055 0.982163 -0.108863
v -0.721055 1.096622 -0.223322
v -0.721055 0.953893 -0.251592
v -0.721055 1.096622 0.223322
v -0.721055 0.982163 0.108863
v -0.861676 1.096622 -0.223322
v -0.864373 0.991871 -0.098425
v -0.864373 0.991871 0.098425
v -0.861676 1.096622 0.223322
v -1.029680 1.586855 -0.080907
v -0.861676 0.982163 -0.108863
v -1.029680 1.988911 0.080907
v -1.029680 1.586855 0.080907
v -1.029680 1.988911 -0.080907
v -0.861676 0.982163 0.108863
v -1.022987 1.587188 0.065179
v -1.023022 1.587313 -0.070927
v -0.859464 0.998785 -0.092412
v -1.023036 1.973184 0.065179
v -1.023036 1.973184 -0.065179
v -0.859464 0.998785 0.092412
v -1.022987 1.587188 -0.065179
v -0.857910 0.993194 -0.098425
v -1.023036 1.978932 0.070928
v -1.023022 1.587313 0.070928
v -1.023036 1.978932 -0.070927
v -0.857910 0.993194 0.098425
v -1.028215 1.586652 0.065179
v -1.028215 1.586652 -0.065179
v -0.864585 0.997736 -0.092412
v -1.028301 1.973184 0.065179
v -1.028301 1.973184 -0.065179
v -0.864585 0.997736 0.092412
v 0.743252 1.362980 -0.201867
v 0.848263 1.335575 -0.135706
v 0.743252 1.195748 -0.201867
v 0.848263 1.223153 -0.135706
v 0.743252 1.077497 -0.083616
v 0.848263 1.143659 -0.056211
v 0.743252 1.077497 0.083616
v 0.848263 1.143659 0.056211
v 0.743252 1.195748 0.201867
v 0.848263 1.223153 0.135705
v 0.743252 1.362980 0.201867
v 0.848263 1.335575 0.135705
v 0.743252 1.481231 0.083616
v 0.848263 1.415069 0.056211
v 0.743252 1.481231 -0.083616
v 0.848263 1.415069 -0.056211
v 0.848263 1.210052 -0.167334
v 0.848263 1.348676 -0.167334
v 0.848263 1.112031 -0.069312
v 0.848263 1.112031 0.069312
v 0.848263 1.210052 0.167333
v 0.848263 1.348676 0.167333
v 0.848263 1.446697 0.069312
v 0.848263 1.446697 -0.069312
v 0.767870 1.223153 -0.135706
v 0.767870 1.335575 -0.135706
v 0.767870 1.143659 -0.056211
v 0.767870 1.143659 0.056211
v 0.767870 1.223153 0.135705
v 0.767870 1.335575 0.135705
v 0.767870 1.415069 0.056211
v 0.767870 1.415069 -0.056211
vn -0.0000 -0.0000 -1.0000
vn 0.7071 -0.0000 0.7071
vn -0.0000 -1.0000 -0.0000
vn 1.0000 -0.0000 -0.0000
vn -0.0000 -0.0000 1.0000
vn 0.7071 -0.0000 -0.7071
vn -0.7071 -0.0000 0.7071
vn -1.0000 -0.0000 -0.0000
vn -0.7071 -0.0000 -0.7071
vn -0.5000 0.7071 0.5000
vn -0.5000 0.7071 -0.5000
vn 0.5000 0.7071 -0.5000
vn 0.5000 0.7071 0.5000
vn -0.7071 0.7071 -0.0000
vn -0.0000 0.7071 0.7071
vn -0.0000 0.7071 -0.7071
vn 0.7071 0.7071 -0.0000
vn -0.0000 1.0000 -0.0000
vn -0.0000 -0.0302 0.9995
vn -0.9995 -0.0302 -0.0000
vn 0.9995 -0.0302 -0.0000
vn -0.0000 -0.0302 -0.9995
vn 0.7053 0.7089 0.0001
vn -0.7053 0.7089 -0.0001
vn -0.7053 0.7090 -0.0000
vn 0.7053 0.7090 -0.0000
vn 0.0001 -0.0006 -1.0000
vn 1.0000 0.0011 -0.0000
vn 1.0000 -0.0000 0.0001
vn -1.0000 0.0002 -0.0000
vn -1.0000 0.0005 -0.0000
vn -0.0000 0.7089 0.7053
vn -0.0000 0.7089 -0.7053
vn -0.0000 0.7090 0.7053
vn -0.0000 0.7090 -0.7053
vn 0.0001 -0.0000 -1.0000
vn 0.0001 1.0000 -0.0002
vn -0.7053 0.7089 0.0001
vn 0.7053 0.7089 -0.0001
vn -0.0000 1.0000 0.0001
vn -0.0000 1.0000 -0.0001
vn -0.0001 1.0000 -0.0002
vn 0.0001 1.0000 0.0002
vn -0.0001 1.0000 0.0001
vn 0.0001 1.0000 -0.0001
vn 0.0001 1.0000 0.0001
vn -0.0001 1.0000 -0.0001
vn -0.0001 1.0000 0.0002
vn -1.0000 -0.0000 -0.0001
vn 0.0101 0.9999 -0.0000
vn -0.0201 -0.9998 -0.0000
vn -0.0012 1.0000 0.0064
vn 0.0123 0.9999 0.0007
vn -0.0180 -0.9998 0.0007
vn 0.0011 -1.0000 -0.0064
vn -0.0101 0.9999 -0.0000
vn 0.0201 -0.9998 -0.0000
vn 0.8567 0.5158 -0.0000
vn -0.0123 0.9999 -0.0007
vn 0.0180 -0.9998 -0.0007
vn -0.0001 -0.0000 1.0000
vn -0.0000 0.5158 -0.8567
vn -0.0000 0.5158 0.8567
vn -0.8567 0.5158 -0.0000
vn 0.0064 1.0000 -0.0012
vn -0.0064 -1.0000 0.0011
vn -0.0064 -1.0000 -0.0011
vn 0.0064 1.0000 0.0012
vn 0.6058 0.5158 0.6058
vn -0.0012 1.0000 -0.0064
vn 0.0011 -1.0000 0.0064
vn -0.0064 1.0000 0.0012
vn 0.6058 0.5158 -0.6058
vn 0.0064 -1.0000 -0.0011
vn 0.0012 1.0000 -0.0064
vn -0.6058 0.5158 -0.6058
vn -0.0011 -1.0000 0.0064
vn 0.0064 -1.0000 0.0011
vn -0.0064 1.0000 -0.0012
vn -0.0000 0.9999 -0.0101
vn -0.6058 0.5158 0.6058
vn -0.0000 -0.9998 0.0201
vn 0.0123 0.9999 -0.0007
vn 0.0001 0.9999 -0.0125
vn 0.0001 -0.9998 0.0177
vn -0.0180 -0.9998 -0.0007
vn -0.0000 0.9999 0.0101
vn -0.0001 0.9999 -0.0125
vn -0.0000 -0.9998 -0.0201
vn -0.0001 0.9999 0.0125
vn -0.0001 -0.9998 0.0177
vn -0.0001 -0.9998 -0.0177
vn 0.0001 0.9999 0.0125
vn 0.0001 -0.9998 -0.0177
vn -0.0123 0.9999 0.0007
vn -0.0011 -1.0000 -0.0064
vn -0.9999 -0.0151 -0.0000
vn 0.9999 -0.0157 -0.0000
vn -0.0000 -0.0164 0.9999
vn -0.0000 -0.0164 -0.9999
vn 1.0000 0.0050 0.0001
vn -1.0000 0.0050 0.0001
vn -0.9998 -0.0201 -0.0000
vn -0.0001 0.0050 -1.0000
vn 1.0000 0.0050 -0.0001
vn -0.0001 0.0050 1.0000
vn -1.0000 0.0050 -0.0001
vn 0.0001 0.0050 1.0000
vn 0.0001 0.0050 -1.0000
vn -1.0000 -0.0000 0.0001
vn 1.0000 -0.0000 -0.0001
vn -0.0000 0.0001 -1.0000
vn -0.0000 -0.0001 1.0000
vn -0.0000 0.0001 1.0000
vn -0.0000 -0.0001 -1.0000
vn -0.0000 1.0000 0.0002
vn -0.0000 1.0000 -0.0002
vn -0.0001 -0.0000 -1.0000
vn 0.0001 -0.0000 1.0000
vn 0.0012 1.0000 0.0064
vn 0.0180 -0.9998 0.0007
vn -0.0000 0.2533 0.9674
vn -0.0000 0.2533 -0.9674
vn -0.0000 0.9208 0.3901
vn 0.0001 -0.0002 -1.0000
vn -0.0012 0.0001 1.0000
vn -0.0000 0.9208 -0.3901
vn -0.0000 -0.9208 0.3900
vn -0.0000 0.9208 0.3900
vn 0.0001 0.0001 -1.0000
vn 0.2695 -0.0000 -0.9630
vn -0.0000 0.3900 0.9208
vn -0.0000 0.3900 -0.9208
vn -0.0000 0.9208 -0.3900
vn -0.0000 -0.9208 -0.3900
vn -0.0000 -0.7071 -0.7071
vn -0.0000 -0.7071 0.7071
vn 0.2695 -0.0000 0.9630
vn 0.3222 0.6694 0.6694
vn 0.3222 0.6694 -0.6694
vn -0.1513 -0.9885 -0.0000
vn 0.2750 0.9614 -0.0000
vn -0.0000 0.3031 0.9530
vn -0.0000 0.3031 -0.9530
vn -0.0000 -0.3031 -0.9530
vn -0.0000 -0.3031 0.9530
vn -0.0000 0.6360 -0.7717
vn 0.6514 0.5365 0.5365
vn -0.6514 0.5365 0.5365
vn -0.6514 0.5365 -0.5365
vn 0.6514 0.5365 -0.5365
vn -0.6514 -0.0000 0.7587
vn 0.6514 -0.0000 0.7587
vn 0.6514 0.7587 -0.0000
vn -0.6514 0.7587 -0.0000
vn -0.6514 -0.0000 -0.7587
vn 0.6514 -0.0000 -0.7587
vn 0.2225 0.3167 -0.9221
vn -0.0012 1.0000 0.0001
vn -0.9362 -0.2486 -0.2486
vn -0.0000 -0.3900 0.9208
vn -0.0000 -0.3900 -0.9208
vn -0.4408 0.1309 0.8880
vn -0.9362 -0.2486 0.2486
vn -0.4408 0.1309 -0.8880
vn 0.5415 0.8407 -0.0000
vn -0.0000 0.6360 0.7717
vn -0.5415 0.8407 -0.0000
vn 0.0001 -1.0000 -0.0000
vn 0.3351 -0.0000 -0.9422
vn 0.3351 -0.0000 0.9422
vn -0.3351 -0.0000 0.9422
vn -0.3351 -0.0000 -0.9422
vn 0.2225 0.3167 0.9221
vn 0.7464 0.6654 -0.0000
vn 0.0226 -0.0642 -0.9977
vn -0.2346 0.7140 0.6597
vn -0.2346 0.7140 -0.6597
vn 0.2346 0.7140 -0.6597
vn 0.2346 0.7140 0.6597
vn 0.8338 0.5520 -0.0000
vn 1.0000 0.0015 -0.0096
vn 1.0000 0.0015 0.0096
vn 0.0025 -1.0000 -0.0000
vn 0.0225 -0.0639 0.9977
vn 0.0226 -0.0642 0.9977
vn 0.0023 -1.0000 -0.0000
vn -0.4386 0.8987 -0.0000
vn 0.8338 0.5521 -0.0000
vn 0.9999 0.0033 -0.0098
vn 1.0000 0.0032 -0.0000
vn 0.9999 0.0033 0.0098
vn 1.0000 0.0034 -0.0000
vn -0.4385 0.8987 -0.0000
vn 0.0225 -0.0639 -0.9977
vn 0.0068 -0.0443 -0.9990
vn -0.9635 -0.2677 -0.0000
vn -1.0000 -0.0001 -0.0030
vn -1.0000 -0.0001 0.0030
vn -0.0001 1.0000 -0.0000
vn -0.0068 0.0443 0.9990
vn 0.0068 -0.0443 0.9990
vn -0.2006 0.9797 -0.0000
vn -0.9635 -0.2678 -0.0000
vn -1.0000 -0.0002 -0.0000
vn -0.0068 0.0443 -0.9990
vn 0.2007 -0.9797 -0.0000
vn 0.3124 -0.0000 -0.9500
vn 0.3124 -0.6717 -0.6717
vn 0.3124 -0.9500 -0.0000
vn 0.3124 -0.6717 0.6717
vn 0.3124 -0.0000 0.9500
vn 0.3124 0.6717 0.6717
vn 0.3124 0.9500 -0.0000
vn 0.3124 0.6717 -0.6717
vt 0.440408 0.180498
vt 0.593545 0.180498
vt 0.432823 0.416667
vt 0.601131 0.416667
vt 0.601131 0.474265
vt 0.432823 0.474265
vt 0.607246 0.775735
vt 0.602775 0.775735
vt 0.602775 0.704963
vt 0.607246 0.704963
vt 0.593545 0.558868
vt 0.593545 0.569502
vt 0.607246 0.916667
vt 0.602775 0.916667
vt 0.602885 0.916667
vt 0.601131 0.916667
vt 0.432823 0.916667
vt 0.602775 0.083333
vt 0.607246 0.083333
vt 0.602885 0.083333
vt 0.607246 0.333333
vt 0.625000 0.333333
vt 0.428643 0.166667
vt 0.375000 0.166667
vt 0.375000 0.083333
vt 0.208333 0.583333
vt 0.208333 0.666667
vt 0.375000 0.583333
vt 0.428643 0.583333
vt 0.602775 0.333333
vt 0.602885 0.333333
vt 0.428643 0.833333
vt 0.428643 0.916667
vt 0.375000 0.916667
vt 0.375000 0.833333
vt 0.607246 0.666667
vt 0.602775 0.666667
vt 0.602885 0.666667
vt 0.607246 0.166667
vt 0.602775 0.166667
vt 0.602885 0.166667
vt 0.607246 0.545037
vt 0.602775 0.545037
vt 0.602775 0.474265
vt 0.607246 0.474265
vt 0.607246 0.583333
vt 0.641908 0.583333
vt 0.432823 0.000000
vt 0.601131 0.000000
vt 0.601131 0.045037
vt 0.432823 0.045037
vt 0.375000 0.666667
vt 0.291667 0.666667
vt 0.291667 0.583333
vt 0.375000 0.275735
vt 0.428643 0.275735
vt 0.428643 0.333333
vt 0.375000 0.333333
vt 0.125000 0.666667
vt 0.208333 0.750000
vt 0.150735 0.750000
vt 0.125000 0.704963
vt 0.602775 0.045037
vt 0.607246 0.045037
vt 0.602775 0.083333
vt 0.291667 0.500000
vt 0.349265 0.500000
vt 0.375000 0.545037
vt 0.375000 0.416667
vt 0.428643 0.416667
vt 0.428643 0.474265
vt 0.375000 0.474265
vt 0.125000 0.545037
vt 0.150735 0.500000
vt 0.208333 0.500000
vt 0.125000 0.583333
vt 0.625000 0.166667
vt 0.375000 0.704963
vt 0.349265 0.750000
vt 0.291667 0.750000
vt 0.602775 0.583333
vt 0.602885 0.583333
vt 0.593545 0.069502
vt 0.440408 0.069502
vt 0.601131 0.545037
vt 0.432823 0.545037
vt 0.601131 0.474265
vt 0.601131 0.275735
vt 0.432823 0.275735
vt 0.432823 0.204963
vt 0.601131 0.204963
vt 0.601131 0.775735
vt 0.432823 0.775735
vt 0.432823 0.704963
vt 0.601131 0.704963
vt 0.607246 0.275735
vt 0.602775 0.275735
vt 0.602775 0.204963
vt 0.607246 0.204963
vt 0.375000 0.204963
vt 0.428643 0.204963
vt 0.428643 0.775735
vt 0.375000 0.775735
vt 0.428643 0.704963
vt 0.428643 0.545037
vt 0.593545 0.058868
vt 0.607246 0.974265
vt 0.602775 0.974265
vt 0.432823 0.275735
vt 0.601131 0.333333
vt 0.432823 0.333333
vt 0.791667 0.529590
vt 0.791667 0.546400
vt 0.791667 0.545277
vt 0.625000 0.008667
vt 0.625000 0.036370
vt 0.607246 0.000000
vt 0.625000 0.218582
vt 0.625000 0.262116
vt 0.625000 0.487884
vt 0.625000 0.531418
vt 0.625000 0.718582
vt 0.625000 0.762116
vt 0.625000 0.057294
vt 0.625000 0.083333
vt 0.625000 0.916667
vt 0.625000 0.967261
vt 0.625000 0.282739
vt 0.625000 0.192706
vt 0.641909 0.666667
vt 0.641908 0.692706
vt 0.607246 0.833333
vt 0.625000 0.782739
vt 0.625000 0.833333
vt 0.641908 0.557293
vt 0.607246 0.416667
vt 0.625000 0.416667
vt 0.625000 0.467261
vt 0.858091 0.666667
vt 0.848484 0.666667
vt 0.849268 0.666667
vt 0.602775 0.833333
vt 0.602885 0.833333
vt 0.602775 0.000000
vt 0.601131 0.166667
vt 0.432823 0.166667
vt 0.601131 0.166667
vt 0.428643 0.974265
vt 0.375000 0.974265
vt 0.432823 0.416667
vt 0.432823 0.083333
vt 0.601131 0.083333
vt 0.601131 0.083333
vt 0.432823 0.583333
vt 0.601131 0.583333
vt 0.601131 0.666667
vt 0.432823 0.666667
vt 0.766963 0.539768
vt 0.733042 0.539768
vt 0.736227 0.529590
vt 0.763773 0.529590
vt 0.375000 0.000000
vt 0.428643 0.000000
vt 0.428643 0.045037
vt 0.375000 0.045037
vt 0.432823 0.833333
vt 0.601131 0.833333
vt 0.432823 0.833333
vt 0.428643 0.083333
vt 0.602885 0.833333
vt 0.607246 0.860448
vt 0.602885 0.860448
vt 0.843440 0.673509
vt 0.836169 0.690931
vt 0.602885 0.083333
vt 0.607246 0.107472
vt 0.602885 0.107472
vt 0.714056 0.666667
vt 0.663444 0.666667
vt 0.602885 0.583333
vt 0.607246 0.607472
vt 0.602885 0.607472
vt 0.656453 0.583333
vt 0.663444 0.583333
vt 0.432823 0.142528
vt 0.601131 0.142528
vt 0.432823 0.642528
vt 0.601131 0.642528
vt 0.597232 0.357638
vt 0.436721 0.357638
vt 0.597232 0.413857
vt 0.436721 0.413857
vt 0.602884 0.361227
vt 0.607246 0.361227
vt 0.607246 0.388773
vt 0.602885 0.388773
vt 0.602885 0.861227
vt 0.607246 0.861227
vt 0.607246 0.888773
vt 0.602885 0.888773
vt 0.602885 0.111319
vt 0.607246 0.111319
vt 0.607246 0.138681
vt 0.602885 0.138681
vt 0.602885 0.611319
vt 0.607246 0.611319
vt 0.607246 0.638681
vt 0.602885 0.638681
vt 0.656453 0.666667
vt 0.602885 0.333333
vt 0.607246 0.360448
vt 0.602885 0.360448
vt 0.428643 0.666667
vt 0.428643 0.545037
vt 0.651516 0.583333
vt 0.650730 0.583333
vt 0.602775 0.166667
vt 0.428643 0.704963
vt 0.428643 0.045037
vt 0.601131 0.974265
vt 0.432823 0.974265
vt 0.708333 0.720410
vt 0.708333 0.703599
vt 0.708333 0.704721
vt 0.602775 0.416667
vt 0.602885 0.416667
vt 0.852369 0.642528
vt 0.852369 0.645241
vt 0.647631 0.611319
vt 0.647631 0.607472
vt 0.647631 0.604759
vt 0.656453 0.583333
vt 0.708333 0.583333
vt 0.708333 0.666667
vt 0.656453 0.645241
vt 0.647631 0.645241
vt 0.647631 0.642528
vt 0.647631 0.638681
vt 0.641909 0.583333
vt 0.641909 0.607472
vt 0.625000 0.107472
vt 0.601131 0.607472
vt 0.432823 0.607472
vt 0.432823 0.611319
vt 0.601131 0.611319
vt 0.601131 0.638681
vt 0.432823 0.638681
vt 0.601131 0.107472
vt 0.432823 0.107472
vt 0.432823 0.111319
vt 0.601131 0.111319
vt 0.601131 0.138681
vt 0.432823 0.138681
vt 0.661718 0.703598
vt 0.602885 0.142528
vt 0.607246 0.142528
vt 0.602885 0.166667
vt 0.625000 0.111319
vt 0.625000 0.138681
vt 0.641909 0.638681
vt 0.641909 0.611319
vt 0.764441 0.723383
vt 0.703473 0.810260
vt 0.852369 0.604759
vt 0.852369 0.607472
vt 0.602885 0.642528
vt 0.607246 0.642528
vt 0.649791 0.669685
vt 0.649790 0.686993
vt 0.643633 0.691456
vt 0.643633 0.669685
vt 0.793392 0.706620
vt 0.838996 0.706617
vt 0.856367 0.558544
vt 0.856367 0.580315
vt 0.850210 0.686993
vt 0.850209 0.669685
vt 0.793392 0.532609
vt 0.841546 0.532609
vt 0.661004 0.706617
vt 0.841546 0.717391
vt 0.793392 0.717391
vt 0.661718 0.546402
vt 0.708333 0.546399
vt 0.708333 0.546399
vt 0.838282 0.546402
vt 0.848485 0.564257
vt 0.848484 0.564257
vt 0.661004 0.543383
vt 0.649790 0.563007
vt 0.651516 0.564256
vt 0.651515 0.564257
vt 0.000000 0.000000
vt 0.848485 0.685743
vt 0.838282 0.703598
vt 0.791667 0.704730
vt 0.791667 0.703601
vt 0.791667 0.720410
vt 0.849275 0.583333
vt 0.848485 0.583333
vt 0.858091 0.583333
vt 0.708333 0.545276
vt 0.708333 0.529590
vt 0.856367 0.669685
vt 0.856367 0.691456
vt 0.765337 0.713010
vt 0.760573 0.725095
vt 0.850209 0.563007
vt 0.838996 0.543383
vt 0.852369 0.638681
vt 0.852369 0.611319
vt 0.858091 0.611319
vt 0.858091 0.638681
vt 0.650730 0.583333
vt 0.651515 0.685743
vt 0.651517 0.685745
vt 0.650730 0.666667
vt 0.651516 0.666667
vt 0.650730 0.666667
vt 0.836556 0.583333
vt 0.843548 0.583333
vt 0.843634 0.659359
vt 0.766963 0.539768
vt 0.732307 0.710232
vt 0.711579 0.710231
vt 0.625000 0.860448
vt 0.607246 0.860448
vt 0.625000 0.889552
vt 0.607246 0.889552
vt 0.625000 0.360448
vt 0.607246 0.360448
vt 0.436721 0.392362
vt 0.521324 0.888224
vt 0.521324 0.875549
vt 0.597232 0.336143
vt 0.596783 0.888224
vt 0.602885 0.889552
vt 0.607246 0.889552
vt 0.602885 0.916667
vt 0.625000 0.861227
vt 0.625000 0.888773
vt 0.607246 0.888773
vt 0.602885 0.389552
vt 0.607246 0.389552
vt 0.602885 0.416667
vt 0.625000 0.361227
vt 0.625000 0.388773
vt 0.843550 0.604759
vt 0.714056 0.583333
vt 0.711073 0.694544
vt 0.711074 0.555454
vt 0.711579 0.539768
vt 0.785944 0.583333
vt 0.641908 0.666667
vt 0.641908 0.642528
vt 0.625000 0.389552
vt 0.607246 0.389552
vt 0.625000 0.142528
vt 0.708333 0.529590
vt 0.852369 0.642528
vt 0.858091 0.642528
vt 0.641908 0.607472
vt 0.661073 0.583333
vt 0.788925 0.555455
vt 0.788419 0.539768
vt 0.849271 0.583333
vt 0.849271 0.583333
vt 0.838927 0.583333
vt 0.661073 0.666667
vt 0.732306 0.539768
vt 0.732306 0.539768
vt 0.767698 0.539768
vt 0.764552 0.529590
vt 0.766962 0.710232
vt 0.733042 0.710232
vt 0.766962 0.710232
vt 0.735448 0.720410
vt 0.708333 0.720410
vt 0.791667 0.583333
vt 0.791667 0.666667
vt 0.767698 0.539768
vt 0.735448 0.529590
vt 0.763773 0.720410
vt 0.736227 0.720410
vt 0.858091 0.607472
vt 0.858092 0.692706
vt 0.842261 0.720410
vt 0.842261 0.529590
vt 0.858091 0.557293
vt 0.658454 0.532609
vt 0.643633 0.558544
vt 0.657739 0.529590
vt 0.658454 0.717391
vt 0.657739 0.720410
vt 0.706608 0.717391
vt 0.643633 0.580315
vt 0.706608 0.532609
vt 0.706608 0.543381
vt 0.649791 0.580315
vt 0.706608 0.706618
vt 0.793392 0.543382
vt 0.850210 0.580315
vt 0.432823 0.704963
vt 0.432823 0.204963
vt 0.432823 0.888773
vt 0.516977 0.888773
vt 0.601131 0.888773
vt 0.601131 0.889552
vt 0.432823 0.889552
vt 0.432823 0.860448
vt 0.601131 0.860448
vt 0.601131 0.861227
vt 0.432823 0.861227
vt 0.432823 0.388773
vt 0.516977 0.388773
vt 0.601131 0.388773
vt 0.601131 0.389552
vt 0.432823 0.389552
vt 0.432823 0.360448
vt 0.601131 0.360448
vt 0.601131 0.361227
vt 0.432823 0.361227
vt 0.601131 0.375000
vt 0.601131 0.875000
vt 0.432823 0.875000
vt 0.852369 0.614750
vt 0.852369 0.639096
vt 0.647631 0.610903
vt 0.647631 0.635250
vt 0.733491 0.539768
vt 0.732756 0.710232
vt 0.767249 0.539768
vt 0.768872 0.707453
vt 0.432823 0.375000
vt 0.440408 0.058868
vt 0.440408 0.191132
vt 0.440408 0.680498
vt 0.440408 0.691132
vt 0.440408 0.558868
vt 0.440408 0.569502
vt 0.593545 0.191132
vt 0.593545 0.691132
vt 0.593545 0.680498
vt 0.592674 0.060457
vt 0.592674 0.067913
vt 0.441280 0.060457
vt 0.592674 0.182087
vt 0.592674 0.189543
vt 0.592674 0.689543
vt 0.441280 0.689543
vt 0.441280 0.067913
vt 0.441280 0.182087
vt 0.441280 0.189543
vt 0.441280 0.682087
vt 0.441280 0.560457
vt 0.441280 0.567913
vt 0.592674 0.567913
vt 0.592674 0.560457
vt 0.592674 0.682087
vt 0.436721 0.892362
vt 0.436721 0.913857
vt 0.597232 0.913857
vt 0.597232 0.892362
vt 0.597232 0.392362
vt 0.436721 0.336143
vt 0.436721 0.836143
vt 0.436721 0.857638
vt 0.597232 0.857638
vt 0.597232 0.836143
vt 0.519379 0.912456
vt 0.519379 0.893763
vt 0.519379 0.903109
vt 0.595289 0.837544
vt 0.519379 0.837544
vt 0.516180 0.837544
vt 0.438665 0.837544
vt 0.595289 0.893763
vt 0.516180 0.893763
vt 0.438665 0.893762
vt 0.438665 0.393763
vt 0.438665 0.412456
vt 0.438665 0.912456
vt 0.595289 0.912456
vt 0.595289 0.412456
vt 0.595289 0.393763
vt 0.438665 0.337544
vt 0.438665 0.356237
vt 0.438665 0.856237
vt 0.595289 0.856237
vt 0.595288 0.356237
vt 0.595288 0.337544
vt 0.595289 0.903109
vt 0.516180 0.337544
vt 0.516180 0.356237
vt 0.516180 0.912456
vt 0.519379 0.337544
vt 0.516180 0.412456
vt 0.519379 0.412456
vt 0.560257 0.838593
vt 0.592365 0.838593
vt 0.519379 0.356237
vt 0.516180 0.856237
vt 0.519379 0.856237
vt 0.516180 0.837544
vt 0.516180 0.856237
vt 0.519379 0.393763
vt 0.516180 0.393763
vt 0.516180 0.356237
vt 0.516180 0.337544
vt 0.516180 0.912456
vt 0.516180 0.893763
vt 0.516180 0.412456
vt 0.516180 0.393763
vt 0.522303 0.345841
vt 0.522303 0.338593
vt 0.554411 0.902060
vt 0.522303 0.902060
vt 0.513401 0.409448
vt 0.441444 0.409448
vt 0.513401 0.896771
vt 0.513401 0.909448
vt 0.554411 0.338593
vt 0.557334 0.393763
vt 0.595289 0.403109
vt 0.557334 0.412456
vt 0.595289 0.846891
vt 0.519379 0.403109
vt 0.557334 0.837544
vt 0.595288 0.346891
vt 0.519379 0.346891
vt 0.557334 0.856237
vt 0.557334 0.337544
vt 0.557334 0.356237
vt 0.557334 0.893763
vt 0.519379 0.846891
vt 0.557334 0.912456
vt 0.554411 0.894812
vt 0.522303 0.894812
vt 0.554411 0.402060
vt 0.522303 0.402060
vt 0.554411 0.394812
vt 0.592365 0.411407
vt 0.560257 0.411407
vt 0.522303 0.394812
vt 0.554411 0.845841
vt 0.522303 0.845841
vt 0.592365 0.404159
vt 0.554411 0.838593
vt 0.560257 0.404159
vt 0.557334 0.846891
vt 0.592365 0.847940
vt 0.560257 0.847940
vt 0.592365 0.855188
vt 0.560257 0.855188
vt 0.557334 0.403109
vt 0.557334 0.903109
vt 0.592365 0.904158
vt 0.560257 0.904159
vt 0.592365 0.911407
vt 0.560257 0.911407
vt 0.557334 0.346891
vt 0.592365 0.347940
vt 0.560257 0.347940
vt 0.592365 0.355188
vt 0.560257 0.355188
vt 0.554411 0.347940
vt 0.522303 0.347940
vt 0.554411 0.355188
vt 0.522303 0.355188
vt 0.554411 0.345841
vt 0.592365 0.338593
vt 0.560257 0.338593
vt 0.592365 0.345841
vt 0.560257 0.345841
vt 0.554411 0.904158
vt 0.522303 0.904159
vt 0.554411 0.911407
vt 0.522303 0.911407
vt 0.592365 0.894812
vt 0.560257 0.894812
vt 0.592365 0.902060
vt 0.560257 0.902060
vt 0.554411 0.404159
vt 0.522303 0.404159
vt 0.554411 0.411407
vt 0.522303 0.411407
vt 0.592365 0.394812
vt 0.560257 0.394812
vt 0.592365 0.402060
vt 0.560257 0.402060
vt 0.554411 0.847940
vt 0.522303 0.847940
vt 0.554411 0.855188
vt 0.522303 0.855188
vt 0.522303 0.838593
vt 0.592365 0.845841
vt 0.560257 0.845841
vt 0.516977 0.375000
vt 0.597552 0.374548
vt 0.436401 0.374548
vt 0.516977 0.875000
vt 0.596783 0.875549
vt 0.596783 0.375549
vt 0.521324 0.375549
vt 0.596783 0.388224
vt 0.521324 0.388224
vt 0.522550 0.888069
vt 0.522550 0.875704
vt 0.595557 0.888069
vt 0.595557 0.875704
vt 0.595557 0.375704
vt 0.522550 0.375704
vt 0.595557 0.388069
vt 0.522551 0.388069
vt 0.525512 0.876078
vt 0.592595 0.876078
vt 0.592595 0.387695
vt 0.525512 0.387695
vt 0.592595 0.887695
vt 0.525512 0.887695
vt 0.592595 0.376078
vt 0.525512 0.376078
vt 0.590888 0.387479
vt 0.527219 0.387479
vt 0.590888 0.876293
vt 0.590888 0.887480
vt 0.527219 0.876293
vt 0.527219 0.887479
vt 0.590888 0.376293
vt 0.527219 0.376293
vt 0.436401 0.361679
vt 0.597552 0.861679
vt 0.436401 0.861679
vt 0.597552 0.874548
vt 0.597552 0.361679
vt 0.436401 0.874548
vt 0.547913 0.362071
vt 0.547913 0.374157
vt 0.544146 0.374157
vt 0.544146 0.362071
vt 0.439502 0.374157
vt 0.451070 0.374157
vt 0.466672 0.374157
vt 0.470438 0.374157
vt 0.486040 0.374157
vt 0.489807 0.374157
vt 0.505409 0.374157
vt 0.509175 0.374157
vt 0.524778 0.374157
vt 0.528544 0.374157
vt 0.544146 0.374157
vt 0.547913 0.374157
vt 0.563515 0.374157
vt 0.567281 0.374157
vt 0.582884 0.374157
vt 0.594451 0.374157
vt 0.594451 0.362071
vt 0.528544 0.862071
vt 0.528544 0.874157
vt 0.524778 0.874157
vt 0.524778 0.862071
vt 0.439502 0.362071
vt 0.439502 0.874157
vt 0.451070 0.874157
vt 0.466672 0.874157
vt 0.470438 0.874157
vt 0.486041 0.874157
vt 0.489807 0.874157
vt 0.505409 0.874157
vt 0.509176 0.874157
vt 0.544147 0.874157
vt 0.547913 0.874157
vt 0.563515 0.874157
vt 0.567282 0.874157
vt 0.582884 0.874157
vt 0.594451 0.874157
vt 0.594451 0.862071
vt 0.489807 0.362071
vt 0.486040 0.362071
vt 0.439502 0.862071
vt 0.547913 0.862071
vt 0.547913 0.874157
vt 0.544146 0.874157
vt 0.544147 0.862071
vt 0.567281 0.362071
vt 0.567281 0.374157
vt 0.563515 0.374157
vt 0.563515 0.362071
vt 0.470438 0.862071
vt 0.466672 0.862071
vt 0.470438 0.362071
vt 0.470438 0.374157
vt 0.466672 0.362071
vt 0.489807 0.862071
vt 0.486041 0.862071
vt 0.451070 0.362071
vt 0.451070 0.374157
vt 0.582884 0.362071
vt 0.509176 0.862071
vt 0.505409 0.862071
vt 0.567282 0.862071
vt 0.567282 0.874157
vt 0.563515 0.874157
vt 0.563515 0.862071
vt 0.451070 0.862071
vt 0.451070 0.874157
vt 0.509175 0.362071
vt 0.505409 0.362071
vt 0.563515 0.362071
vt 0.528544 0.362071
vt 0.524778 0.362071
vt 0.470438 0.362071
vt 0.582884 0.862071
vt 0.563515 0.862071
vt 0.544146 0.862071
vt 0.451070 0.862071
vt 0.441444 0.896771
vt 0.441444 0.909448
vt 0.513401 0.396771
vt 0.441444 0.396771
vt 0.599412 0.038683
vt 0.599412 0.211317
vt 0.511971 0.310657
vt 0.511971 0.272676
vt 0.500000 0.500000
vt 0.625000 0.500000
vt 0.625000 0.750000
vt 0.500000 0.750000
vt 0.613029 0.272676
vt 0.375000 0.500000
vt 0.375000 0.750000
vt 0.789982 0.715318
vt 0.789982 0.534682
vt 0.791667 0.520352
vt 0.854537 0.520352
vt 0.854537 0.729648
vt 0.791667 0.729648
vt 0.400588 0.224412
vt 0.494804 0.224412
vt 0.500000 0.250000
vt 0.375000 0.250000
vt 0.466948 0.500000
vt 0.466948 0.750000
vt 0.466948 0.416667
vt 0.500000 0.416667
vt 0.400608 0.224392
vt 0.456993 0.213223
vt 0.492532 0.213223
vt 0.466948 0.333333
vt 0.500000 0.333333
vt 0.500000 0.833333
vt 0.466948 0.833333
vt 0.500000 0.916667
vt 0.466948 0.916667
vt 0.708333 0.732786
vt 0.857692 0.732786
vt 0.125000 0.500000
vt 0.125000 0.750000
vt 0.511971 0.810657
vt 0.511971 0.772676
vt 0.515465 0.336759
vt 0.609535 0.336759
vt 0.613029 0.939343
vt 0.613029 0.977324
vt 0.609535 0.413241
vt 0.500000 1.000000
vt 0.375000 1.000000
vt 0.396349 0.521348
vt 0.414271 0.521348
vt 0.462814 0.915823
vt 0.379134 0.915824
vt 0.462814 0.334176
vt 0.462814 0.415824
vt 0.462814 0.395412
vt 0.462814 0.375000
vt 0.462814 0.354588
vt 0.379134 0.334176
vt 0.379134 0.415824
vt 0.379134 0.834176
vt 0.462814 0.834176
vt 0.379134 0.854588
vt 0.379134 0.875000
vt 0.379134 0.895412
vt 0.462814 0.895412
vt 0.462814 0.875000
vt 0.462814 0.854588
vt 0.379134 0.354588
vt 0.379134 0.375000
vt 0.379134 0.395412
vt 0.460135 0.874454
vt 0.452360 0.870944
vt 0.452360 0.858644
vt 0.460135 0.855134
vt 0.460135 0.415277
vt 0.452360 0.411768
vt 0.452360 0.399467
vt 0.460135 0.395958
vt 0.452360 0.879056
vt 0.452360 0.891356
vt 0.452360 0.879056
vt 0.389588 0.893280
vt 0.416966 0.893280
vt 0.432491 0.893280
vt 0.432106 0.893280
vt 0.432490 0.377132
vt 0.416709 0.377132
vt 0.389588 0.377132
vt 0.432106 0.377132
vt 0.389588 0.877132
vt 0.452360 0.379056
vt 0.452360 0.391356
vt 0.452360 0.391356
vt 0.389588 0.393280
vt 0.416709 0.393280
vt 0.432490 0.393280
vt 0.432106 0.393280
vt 0.432490 0.856720
vt 0.416709 0.856720
vt 0.389588 0.856720
vt 0.432106 0.856720
vt 0.452360 0.858644
vt 0.389588 0.872868
vt 0.416709 0.872868
vt 0.432490 0.872868
vt 0.432106 0.872868
vt 0.432490 0.836308
vt 0.416709 0.836308
vt 0.389588 0.836308
vt 0.432106 0.836308
vt 0.452360 0.838232
vt 0.452360 0.850533
vt 0.452360 0.850533
vt 0.452360 0.838232
vt 0.389588 0.852456
vt 0.416709 0.852456
vt 0.432490 0.852456
vt 0.432106 0.852456
vt 0.432490 0.897544
vt 0.416709 0.897544
vt 0.389588 0.897544
vt 0.432106 0.897544
vt 0.452360 0.899467
vt 0.452360 0.911768
vt 0.452360 0.899467
vt 0.389588 0.913692
vt 0.416709 0.913692
vt 0.432490 0.913692
vt 0.432106 0.913692
vt 0.432490 0.356720
vt 0.416709 0.356720
vt 0.389588 0.356720
vt 0.432106 0.356720
vt 0.452360 0.358644
vt 0.452360 0.370944
vt 0.452360 0.358644
vt 0.389588 0.372868
vt 0.389588 0.372868
vt 0.416709 0.372868
vt 0.432490 0.372868
vt 0.432106 0.372868
vt 0.432490 0.336308
vt 0.416709 0.336308
vt 0.389588 0.336308
vt 0.432106 0.336308
vt 0.452360 0.338232
vt 0.452360 0.350533
vt 0.389588 0.352456
vt 0.416709 0.352456
vt 0.432490 0.352456
vt 0.432106 0.352456
vt 0.432490 0.397544
vt 0.416709 0.397544
vt 0.389588 0.397544
vt 0.432106 0.397544
vt 0.452360 0.399467
vt 0.389588 0.413692
vt 0.416709 0.413692
vt 0.432490 0.413692
vt 0.432106 0.413692
vt 0.389588 0.891356
vt 0.389588 0.879056
vt 0.434786 0.879056
vt 0.434786 0.891356
vt 0.460135 0.394866
vt 0.460135 0.874454
vt 0.460135 0.854042
vt 0.432106 0.913692
vt 0.460135 0.915277
vt 0.432106 0.372868
vt 0.460135 0.374454
vt 0.460135 0.354042
vt 0.432106 0.413692
vt 0.460135 0.415277
vt 0.460135 0.915277
vt 0.460135 0.895958
vt 0.460135 0.894865
vt 0.460135 0.354042
vt 0.460135 0.334723
vt 0.460135 0.394866
vt 0.460135 0.375546
vt 0.460135 0.854042
vt 0.460135 0.834723
vt 0.460135 0.374454
vt 0.460135 0.355134
vt 0.460135 0.395958
vt 0.460135 0.375546
vt 0.432106 0.377132
vt 0.460135 0.355135
vt 0.460135 0.334723
vt 0.460135 0.834723
vt 0.432106 0.836308
vt 0.460135 0.855134
vt 0.460135 0.875546
vt 0.432106 0.877132
vt 0.460135 0.895958
vt 0.389588 0.911768
vt 0.389588 0.899467
vt 0.434786 0.899467
vt 0.434786 0.911768
vt 0.389588 0.350533
vt 0.389588 0.338232
vt 0.434786 0.338232
vt 0.434786 0.350533
vt 0.389588 0.391356
vt 0.389588 0.379056
vt 0.434786 0.379056
vt 0.434786 0.391356
vt 0.452360 0.879056
vt 0.389588 0.850533
vt 0.389588 0.838232
vt 0.434786 0.838232
vt 0.434786 0.850533
vt 0.389588 0.370944
vt 0.389588 0.358644
vt 0.434786 0.358644
vt 0.434786 0.370944
vt 0.389588 0.411768
vt 0.389588 0.399467
vt 0.434786 0.399467
vt 0.434786 0.411768
vt 0.389588 0.870944
vt 0.389588 0.858644
vt 0.434786 0.858644
vt 0.434786 0.870944
vt 0.460135 0.894865
vt 0.460135 0.875546
vt 0.609535 0.836759
vt 0.515465 0.836759
vt 0.609535 0.913241
vt 0.515465 0.913241
vt 0.515465 0.413241
vt 0.604813 0.837804
vt 0.604813 0.912196
vt 0.604813 0.904853
vt 0.604813 0.900940
vt 0.604813 0.895555
vt 0.604813 0.891641
vt 0.604813 0.886256
vt 0.604813 0.882342
vt 0.604813 0.876957
vt 0.604813 0.873043
vt 0.604813 0.867658
vt 0.604813 0.863744
vt 0.604813 0.858359
vt 0.604813 0.854445
vt 0.604813 0.849060
vt 0.604813 0.845146
vt 0.520187 0.912196
vt 0.520187 0.837804
vt 0.604813 0.337804
vt 0.520187 0.337804
vt 0.604813 0.412196
vt 0.520187 0.412196
vt 0.604813 0.386256
vt 0.604813 0.391641
vt 0.520187 0.391641
vt 0.520187 0.386256
vt 0.604813 0.849060
vt 0.604813 0.854445
vt 0.520187 0.854445
vt 0.520187 0.849060
vt 0.520187 0.891641
vt 0.520187 0.886256
vt 0.520187 0.367658
vt 0.604813 0.367658
vt 0.604813 0.373043
vt 0.520187 0.373043
vt 0.604813 0.404853
vt 0.604813 0.400940
vt 0.604813 0.395555
vt 0.604813 0.391641
vt 0.604813 0.382342
vt 0.604813 0.376957
vt 0.604813 0.363744
vt 0.604813 0.358359
vt 0.604813 0.354445
vt 0.604813 0.349060
vt 0.604813 0.345146
vt 0.520187 0.376957
vt 0.520187 0.345147
vt 0.520187 0.349060
vt 0.520187 0.354445
vt 0.520187 0.358359
vt 0.520187 0.363744
vt 0.520187 0.376957
vt 0.520187 0.382342
vt 0.520187 0.386256
vt 0.520187 0.395555
vt 0.520187 0.400940
vt 0.520187 0.404854
vt 0.520187 0.904854
vt 0.520187 0.345146
vt 0.520187 0.845147
vt 0.520187 0.858359
vt 0.520187 0.863744
vt 0.520187 0.867658
vt 0.520187 0.873043
vt 0.520187 0.876957
vt 0.520187 0.882342
vt 0.520187 0.895555
vt 0.520187 0.900940
vt 0.604813 0.349060
vt 0.520187 0.354445
vt 0.520187 0.349060
vt 0.604813 0.876957
vt 0.604813 0.900940
vt 0.520187 0.900940
vt 0.520187 0.382342
vt 0.604813 0.400940
vt 0.520187 0.400940
vt 0.520187 0.404853
vt 0.604813 0.404854
vt 0.604813 0.845146
vt 0.520187 0.845147
vt 0.520187 0.873043
vt 0.450107 0.550810
vt 0.450107 0.699190
vt 0.450107 0.699190
vt 0.391841 0.733159
vt 0.416138 0.733159
vt 0.416138 0.733159
vt 0.391841 0.516841
vt 0.466933 0.749985
vt 0.466933 0.500015
vt 0.416138 0.516841
vt 0.450107 0.516841
vt 0.450107 0.733159
vt 0.416138 0.516841
vt 0.445600 0.552677
vt 0.445600 0.697323
vt 0.414271 0.728652
vt 0.396348 0.728651
vt 0.445600 0.574703
vt 0.396348 0.559039
vt 0.396348 0.587310
vt 0.396348 0.611529
vt 0.396349 0.638471
vt 0.396348 0.662690
vt 0.396348 0.690961
vt 0.396348 0.638471
vt 0.445600 0.638471
vt 0.445600 0.647026
vt 0.445600 0.675297
vt 0.445600 0.675297
vt 0.445600 0.611529
vt 0.445600 0.602974
vt 0.399146 0.635673
vt 0.399146 0.614327
vt 0.399146 0.664736
vt 0.442803 0.650851
vt 0.442803 0.599149
vt 0.399146 0.585264
vt 0.445600 0.602974
vt 0.396349 0.611529
vt 0.442803 0.635674
vt 0.442803 0.614326
vt 0.399146 0.562864
vt 0.442803 0.576749
vt 0.399146 0.687136
vt 0.442803 0.673251
vt 0.708333 0.520352
vt 0.645463 0.520352
vt 0.708333 0.729648
vt 0.645463 0.729648
vt 0.710018 0.534682
vt 0.511971 0.977324
vt 0.625000 1.000000
vt 0.613029 0.477324
vt 0.613029 0.439343
vt 0.625000 0.250000
vt 0.511971 0.477324
vt 0.613029 0.772676
vt 0.511971 0.939343
vt 0.511971 0.439343
vt 0.613029 0.310657
vt 0.613029 0.810657
vt 0.609487 0.279387
vt 0.609487 0.303946
vt 0.515513 0.446054
vt 0.609487 0.446054
vt 0.609487 0.970613
vt 0.515513 0.970613
vt 0.515513 0.470613
vt 0.609487 0.470613
vt 0.609487 0.946053
vt 0.515513 0.279387
vt 0.609487 0.779387
vt 0.515513 0.779387
vt 0.515513 0.946053
vt 0.609487 0.803946
vt 0.515513 0.803946
vt 0.515513 0.303946
vt 0.389588 0.899467
vt 0.389588 0.877132
vt 0.389588 0.856720
vt 0.389588 0.858644
vt 0.389588 0.872868
vt 0.389588 0.391356
vt 0.389588 0.836308
vt 0.389588 0.838232
vt 0.389588 0.850533
vt 0.389588 0.356720
vt 0.434786 0.338232
vt 0.434786 0.350533
vt 0.452360 0.379056
vt 0.434786 0.391356
vt 0.434786 0.370944
vt 0.434786 0.411768
vt 0.871845 0.746862
vt 0.871845 0.503138
vt 0.875000 0.500000
vt 0.875000 0.750000
vt 0.708333 0.503138
vt 0.628155 0.503138
vt 0.708333 0.500000
vt 0.628155 0.746862
vt 0.708333 0.746862
vt 0.791667 0.750000
vt 0.708333 0.750000
vt 0.857692 0.517214
vt 0.642308 0.517214
vt 0.708333 0.517214
vt 0.642308 0.732786
vt 0.791667 0.500000
vt 0.452360 0.877132
vt 0.452360 0.893280
vt 0.452360 0.377132
vt 0.452360 0.393280
vt 0.452360 0.856720
vt 0.452360 0.872868
vt 0.452360 0.836308
vt 0.452360 0.852456
vt 0.452360 0.897544
vt 0.452360 0.913692
vt 0.452360 0.356720
vt 0.452360 0.372868
vt 0.452360 0.336308
vt 0.452360 0.352456
vt 0.452360 0.397544
vt 0.452360 0.413692
vt 0.416966 0.877132
vt 0.432491 0.877132
vt 0.400588 0.025588
vt 0.494804 0.025588
vt 0.500000 0.000000
vt 0.625000 0.000000
vt 0.456993 0.213223
vt 0.492532 0.036777
vt 0.588223 0.053497
vt 0.588223 0.196503
vt 1.000000 0.500000
vt 0.411777 0.168007
vt 0.456993 0.036777
vt 0.400608 0.025608
vt 0.411777 0.081993
vt 0.000000 0.500000
vt 0.710018 0.715318
vt 0.359582 0.987589
vt 0.140418 0.987589
vt 1.000000 1.000000
vt 0.875000 1.000000
vt 0.655178 0.975709
vt 0.653948 0.495391
vt 0.095575 0.404425
vt 0.250000 0.468390
vt 0.250000 0.490000
vt 0.080294 0.419706
vt 0.125000 1.000000
vt 0.000000 1.000000
vt 0.095575 0.404425
vt 0.095575 0.095575
vt 0.115028 0.115028
vt 0.115028 0.384972
vt 0.596708 0.111577
vt 0.250000 0.440880
vt 0.115028 0.384972
vt 0.250000 0.059120
vt 0.374324 0.110617
vt 0.374324 0.110617
vt 0.115028 0.115028
vt 0.115028 0.115028
vt 0.080294 0.080294
vt 0.374324 0.389383
vt 0.399740 0.093635
vt 0.250000 0.031610
vt 0.250000 0.010000
vt 0.419706 0.080294
vt 0.399740 0.406365
vt 0.419706 0.419706
vt 0.095575 0.095575
vt 0.399740 0.406365
vt 0.614502 0.219006
vt 0.844822 0.975709
vt 0.842290 0.495890
vt 0.821744 0.969836
vt 0.678210 0.969834
vt 0.618423 0.219291
vt 0.819239 0.495503
vt 0.601119 0.130605
vt 0.676713 0.495115
vt 0.410161 0.092388
vt 0.359633 0.499863
vt 0.411777 0.168007
vt 0.411777 0.213223
vt 0.411777 0.036777
vt 0.411777 0.081993
vt 0.408198 0.169652
vt 0.140418 0.499729
vt 0.350702 0.980430
vt 0.149299 0.980429
vt 0.409109 0.098348
vt 0.350780 0.499778
vt 0.406255 0.170633
vt 0.149301 0.499577
vt 0.750000 1.000000
vt 0.750000 0.500000
vt 0.250000 1.000000
vt 0.250000 0.500000
vt 0.387629 0.112371
vt 0.444637 0.250000
vt 0.750000 0.490000
vt 0.919706 0.419706
vt 0.990000 0.250000
vt 0.919706 0.080294
vt 0.750000 0.010000
vt 0.580294 0.080294
vt 0.510000 0.250000
vt 0.580294 0.419706
vt 0.250000 0.444637
vt 0.387629 0.387629
vt 0.490000 0.250000
vt 0.250000 0.055363
vt 0.112371 0.112371
vt 0.055363 0.250000
vt 0.010000 0.250000
vt 0.112371 0.387629
s 0
usemtl M_Noir_Bleuté
f 239/23/5 5/24/5 50/24/5 304/23/5
f 51/25/3 50/24/3 9/26/3 10/27/3
f 8/28/5 234/29/5 298/29/5 53/28/5
f 290/32/5 291/33/5 48/34/5 49/35/5
f 53/28/3 52/52/3 12/53/3 11/54/3
f 16/55/1 248/56/1 229/57/1 2/58/1
f 6/59/3 10/27/3 3/60/3 13/61/3 14/62/3
f 1/66/3 19/67/3 20/68/3 8/28/3 11/54/3
f 1/69/1 231/70/1 249/71/1 19/72/1
f 15/73/3 16/74/3 2/75/3 9/26/3 5/76/3
f 12/53/3 7/52/3 17/78/3 18/79/3 4/80/3
f 227/33/4 3/34/4 48/34/4 291/33/4
f 231/70/8 1/69/8 46/69/8 296/70/8
f 248/56/9 16/55/9 15/100/9 245/101/9
f 256/102/2 18/103/2 17/78/2 253/104/2
f 252/105/6 20/68/6 19/72/6 249/71/6
f 18/103/5 256/102/5 225/32/5 4/35/5
f 3/34/5 227/33/5 243/148/5 13/149/5
f 369/158/18 372/159/18 401/160/18 414/161/18
f 13/162/7 243/163/7 242/164/7 14/165/7
f 2/58/4 229/57/4 294/57/4 47/58/4
f 51/25/8 302/169/8 304/23/8 50/24/8
f 309/170/19 58/132/19 380/171/19 381/172/19
f 99/173/6 100/174/6 153/174/6 152/173/6
f 313/175/20 62/19/20 336/176/20 345/177/20
f 131/178/1 106/179/1 159/179/1 134/178/1
f 317/180/21 66/46/21 344/181/21 353/182/21
f 108/183/7 24/184/7 151/184/7 150/183/7
f 324/185/8 350/186/8 316/145/8 303/146/8
f 328/187/4 358/188/4 320/156/4 299/157/4
f 392/189/8 361/190/8 746/190/8 751/189/8
f 308/191/8 295/192/8 738/192/8 743/191/8
f 390/193/22 375/194/22 374/195/22 396/196/22
f 382/197/19 379/198/19 378/199/19 388/200/19
f 106/179/9 105/209/9 154/209/9 159/179/9
f 305/210/22 54/21/22 376/211/22 389/212/22
f 294/57/1 296/70/1 46/69/1 47/58/1
f 298/29/4 300/213/4 52/52/4 53/28/4
f 20/68/4 252/214/4 234/29/4 8/28/4
f 7/52/4 235/213/4 253/218/4 17/78/4
f 6/25/1 238/169/1 302/169/1 51/25/1
f 14/165/8 242/219/8 238/169/8 6/25/8
f 5/24/8 239/23/8 245/101/8 15/100/8
f 235/213/1 7/52/1 52/52/1 300/213/1
f 330/227/4 63/228/4 149/228/4 420/227/4
f 114/239/23 409/240/23 344/181/23 66/46/23
f 338/230/8 67/231/8 148/231/8 422/230/8
f 116/125/24 407/241/24 336/176/24 62/19/24
f 297/154/4 318/155/4 356/242/4 325/243/4
f 301/151/8 314/152/8 348/248/8 321/249/8
f 68/236/8 339/237/8 423/237/8 147/236/8
f 349/255/20 333/256/20 65/39/20 315/257/20
f 104/235/1 68/236/1 147/236/1 144/235/1
f 127/262/4 60/263/4 158/263/4 140/262/4
f 64/264/4 331/265/4 417/265/4 146/264/4
f 357/266/21 341/267/21 69/36/21 319/38/21
f 399/306/18 60/263/18 129/126/18 412/307/18
f 94/320/2 98/321/2 156/321/2 157/320/2
f 63/228/1 92/322/1 143/322/1 149/228/1
f 9/26/3 11/54/3 12/53/3 10/27/3
f 49/35/3 48/34/3 10/27/3 12/53/3
f 47/58/3 46/69/3 11/54/3 9/26/3
f 372/159/5 369/323/5 429/158/5 426/159/5
f 398/324/1 101/325/1 160/325/1 428/324/1
f 132/134/32 415/326/32 380/327/32 58/132/32
f 412/328/32 129/126/32 61/13/32 377/329/32
f 123/22/33 413/330/33 376/331/33 54/21/33
f 295/192/18 364/332/18 737/332/18 738/192/18
f 960/333/18 957/334/18 966/334/18 967/333/18
f 306/335/3 392/189/3 751/189/3 752/335/3
f 959/336/4 960/333/4 967/333/4 968/336/4
f 385/337/19 377/338/19 61/13/19 312/339/19
f 416/340/34 411/341/34 378/342/34 379/198/34
f 393/343/22 373/344/22 57/136/22 307/345/22
f 414/346/35 401/347/35 374/195/35 375/194/35
f 95/348/5 64/264/5 146/264/5 139/348/5
f 24/184/5 86/349/5 138/349/5 151/184/5
f 67/231/5 96/232/5 142/232/5 148/231/5
f 96/232/8 108/183/8 150/183/8 142/232/8
f 101/325/8 131/350/8 134/350/8 160/325/8
f 86/351/8 56/352/8 145/352/8 138/351/8
f 100/174/36 127/262/36 140/262/36 153/174/36
f 124/353/5 94/320/5 157/320/5 136/353/5
f 339/237/37 68/236/37 111/354/37 406/355/37
f 92/322/4 99/173/4 152/173/4 143/322/4
f 60/263/1 399/306/1 431/306/1 158/263/1
f 402/356/33 109/137/33 57/136/33 373/357/33
f 404/358/38 110/77/38 65/39/38 333/256/38
f 406/355/39 111/354/39 69/36/39 341/267/39
f 56/352/18 86/351/18 112/302/18 109/359/18
f 96/232/40 67/231/40 114/239/40 113/314/40
f 92/322/41 63/228/41 116/139/41 115/141/41
f 63/228/42 330/360/42 407/361/42 116/139/42
f 67/231/43 338/230/43 409/362/43 114/239/43
f 24/184/18 108/183/18 117/314/18 118/363/18
f 100/174/18 99/173/18 119/141/18 120/295/18
f 104/235/44 105/209/44 121/319/44 122/319/44
f 124/364/18 55/365/18 123/112/18 88/114/18
f 95/348/45 98/321/45 126/366/45 125/367/45
f 99/173/46 92/322/46 115/141/46 119/141/46
f 127/262/18 100/174/18 120/295/18 102/296/18
f 108/183/47 96/232/47 113/314/47 117/314/47
f 64/264/40 95/348/40 125/299/40 110/301/40
f 98/321/18 94/320/18 128/368/18 126/366/18
f 60/263/18 127/262/18 102/296/18 129/126/18
f 68/236/41 104/235/41 122/319/41 111/354/41
f 105/209/18 106/179/18 130/369/18 121/319/18
f 106/179/18 131/178/18 107/234/18 130/369/18
f 56/352/5 371/370/5 425/371/5 145/352/5
f 55/365/18 370/372/18 413/373/18 123/112/18
f 400/374/1 397/375/1 427/375/1 432/376/1
f 101/325/18 398/324/18 415/377/18 132/378/18
f 94/320/18 124/353/18 88/379/18 128/368/18
f 131/350/18 101/325/18 132/378/18 107/224/18
f 86/349/18 24/184/18 118/363/18 112/233/18
f 105/209/8 104/235/8 144/235/8 154/209/8
f 370/381/5 55/365/5 155/365/5 430/372/5
f 55/365/4 124/364/4 136/364/4 155/365/4
f 371/371/18 56/352/18 109/359/18 402/382/18
f 397/375/18 400/376/18 411/383/18 416/384/18
f 98/321/29 95/348/29 139/348/29 156/321/29
f 331/265/48 64/264/48 110/301/48 404/385/48
f 401/160/4 372/159/4 610/159/4 631/160/4
f 427/375/4 397/375/4 639/375/4 491/375/4
f 398/324/8 428/324/8 492/324/8 640/324/8
f 356/242/53 318/155/53 592/155/53 449/242/53
f 317/180/54 353/182/54 450/182/54 591/180/54
f 400/374/8 432/376/8 496/376/8 638/374/8
f 431/306/4 399/306/4 637/306/4 495/306/4
f 234/29/58 252/214/58 520/214/58 536/29/58
f 348/248/59 314/152/59 584/152/59 441/248/59
f 423/237/36 339/237/36 635/237/36 487/237/36
f 313/175/60 345/177/60 442/177/60 583/175/60
f 249/71/62 231/70/62 533/70/62 517/71/62
f 396/196/4 374/195/4 634/195/4 477/196/4
f 373/344/8 393/343/8 478/343/8 633/344/8
f 297/154/3 325/243/3 437/243/3 589/154/3
f 389/212/4 376/211/4 630/211/4 474/212/4
f 225/32/63 256/102/63 524/102/63 507/32/63
f 304/23/64 302/169/64 588/169/64 572/23/64
f 375/194/8 390/193/8 475/193/8 629/194/8
f 388/200/8 378/199/8 626/199/8 469/200/8
f 253/218/58 235/213/58 531/213/58 521/218/58
f 377/338/4 385/337/4 470/337/4 625/338/4
f 301/151/3 321/249/3 433/249/3 587/151/3
f 381/172/8 380/171/8 622/171/8 466/172/8
f 379/198/4 382/197/4 467/197/4 621/198/4
f 229/57/62 248/56/62 516/56/62 501/57/62
f 374/195/4 401/347/4 631/347/4 634/195/4
f 235/213/62 300/213/62 574/213/62 531/213/62
f 245/101/64 239/23/64 529/23/64 513/101/64
f 402/356/8 373/357/8 633/357/8 632/356/8
f 376/331/4 413/330/4 627/330/4 630/331/4
f 243/148/63 227/33/63 527/33/63 511/148/63
f 298/29/63 234/29/63 536/29/63 590/29/63
f 414/346/8 375/194/8 629/194/8 628/346/8
f 238/169/64 242/219/64 510/219/64 526/169/64
f 378/342/8 411/341/8 623/341/8 626/342/8
f 302/169/62 238/169/62 526/169/62 588/169/62
f 412/328/4 377/329/4 625/329/4 624/328/4
f 256/102/69 253/104/69 521/104/69 524/102/69
f 380/327/8 415/326/8 619/326/8 622/327/8
f 416/340/4 379/198/4 621/198/4 620/340/4
f 252/105/73 249/71/73 517/71/73 520/105/73
f 367/405/8 954/406/8 387/407/8 472/407/8 464/405/8
f 239/23/63 304/23/63 572/23/63 529/23/63
f 710/408/4 707/409/4 463/409/4 471/408/4
f 716/410/8 717/411/8 465/411/8 461/410/8
f 248/56/76 245/101/76 513/101/76 516/56/76
f 383/412/4 366/413/4 462/413/4 468/412/4
f 363/414/4 953/415/4 395/416/4 480/416/4 460/414/4
f 712/417/8 705/418/8 459/418/8 479/417/8
f 714/419/4 719/420/4 473/420/4 457/419/4
f 391/421/8 362/422/8 458/422/8 476/421/8
f 231/70/64 296/70/64 576/70/64 533/70/64
f 395/416/80 952/423/80 391/421/80 476/421/80 480/416/80
f 242/164/81 243/163/81 511/163/81 510/164/81
f 390/193/82 396/196/82 477/196/82 475/193/82
f 320/156/83 358/188/83 455/188/83 582/156/83
f 719/420/84 720/110/84 586/110/84 473/420/84
f 305/210/85 389/212/85 474/212/85 585/210/85
f 357/266/86 319/38/86 581/38/86 454/266/86
f 387/407/87 951/424/87 383/412/87 468/412/87 472/407/87
f 290/32/64 225/32/64 507/32/64 506/32/64
f 711/4/88 712/417/88 479/417/88 580/4/88
f 382/197/89 388/200/89 469/200/89 467/197/89
f 717/411/90 718/167/90 540/167/90 465/411/90
f 294/57/58 229/57/58 501/57/58 504/57/58
f 393/343/91 307/345/91 579/345/91 478/343/91
f 309/170/92 381/172/92 466/172/92 539/170/92
f 709/16/93 710/408/93 471/408/93 499/16/93
f 291/33/63 290/32/63 506/32/63 541/33/63
f 385/337/94 312/339/94 500/339/94 470/337/94
f 366/413/3 950/425/3 367/405/3 464/405/3 462/413/3
f 316/145/95 350/186/95 447/186/95 578/145/95
f 4/35/8 225/32/8 290/32/8 49/35/8
f 298/29/58 590/29/58 574/213/58 300/213/58
f 227/33/58 291/33/58 541/33/58 527/33/58
f 371/371/8 402/382/8 632/382/8 609/371/8
f 325/243/5 356/242/5 449/242/5 437/243/5
f 358/188/1 328/187/1 439/187/1 455/188/1
f 331/265/113 404/385/113 606/385/113 615/265/113
f 339/237/115 406/355/115 598/355/115 635/237/115
f 321/249/1 348/248/1 441/248/1 433/249/1
f 350/186/5 324/185/5 435/185/5 447/186/5
f 407/361/115 330/360/115 618/360/115 601/361/115
f 409/362/113 338/230/113 614/230/113 593/362/113
f 411/383/8 400/376/8 638/376/8 623/383/8
f 399/306/4 412/307/4 624/307/4 637/306/4
f 344/181/5 409/240/5 593/240/5 596/181/5
f 369/158/8 414/161/8 628/161/8 611/158/8
f 413/373/4 370/372/4 612/372/4 627/373/4
f 406/355/1 341/267/1 599/267/1 598/355/1
f 397/375/4 416/384/4 620/384/4 639/375/4
f 415/377/8 398/324/8 640/324/8 619/377/8
f 336/176/1 407/241/1 601/241/1 604/176/1
f 404/358/5 333/256/5 607/256/5 606/358/5
f 425/371/8 371/370/8 609/370/8 489/371/8
f 372/159/4 426/159/4 490/159/4 610/159/4
f 345/177/1 336/176/1 604/176/1 442/177/1
f 333/256/5 349/255/5 446/255/5 607/256/5
f 429/158/8 369/323/8 611/323/8 493/158/8
f 370/381/4 430/372/4 494/372/4 612/381/4
f 353/182/5 344/181/5 596/181/5 450/182/5
f 341/267/1 357/266/1 454/266/1 599/267/1
f 324/185/3 303/146/3 571/146/3 435/185/3
f 338/230/119 422/230/119 486/230/119 614/230/119
f 417/265/61 331/265/61 615/265/61 481/265/61
f 328/187/3 299/157/3 573/157/3 439/187/3
f 705/418/3 706/150/3 575/150/3 459/418/3
f 330/227/118 420/227/118 484/227/118 618/227/118
f 713/111/3 714/419/3 457/419/3 503/111/3
f 296/70/62 294/57/62 504/57/62 576/70/62
f 707/409/3 708/17/3 542/17/3 463/409/3
f 362/422/3 949/434/3 363/414/3 460/414/3 458/422/3
f 349/255/121 315/257/121 577/257/121 446/255/121
f 715/166/3 716/410/3 461/410/3 505/166/3
f 364/332/1 295/192/1 706/150/1 705/418/1
f 368/460/5 292/461/5 708/17/5 707/409/5
f 311/462/5 386/463/5 710/408/5 709/16/5
f 308/191/1 394/464/1 712/417/1 711/4/1
f 293/465/1 361/190/1 714/419/1 713/111/1
f 289/466/5 365/467/5 716/410/5 715/166/5
f 384/468/5 310/469/5 718/167/5 717/411/5
f 392/189/1 306/335/1 720/110/1 719/420/1
f 361/190/1 392/189/1 719/420/1 714/419/1
f 394/464/1 364/332/1 705/418/1 712/417/1
f 365/467/5 384/468/5 717/411/5 716/410/5
f 386/463/5 368/460/5 707/409/5 710/408/5
f 310/469/5 289/466/5 715/166/5 718/167/5
f 292/461/5 311/462/5 709/16/5 708/17/5
f 306/335/1 293/465/1 713/111/1 720/110/1
f 295/192/1 308/191/1 711/4/1 706/150/1
f 292/461/18 368/460/18 739/460/18 740/461/18
f 364/332/4 394/464/4 744/464/4 737/332/4
f 386/463/3 311/462/3 741/462/3 742/463/3
f 384/468/4 365/467/4 748/467/4 749/468/4
f 394/464/3 308/191/3 743/191/3 744/464/3
f 368/460/8 386/463/8 742/463/8 739/460/8
f 361/190/18 293/465/18 745/465/18 746/190/18
f 289/466/8 310/469/8 750/469/8 747/466/8
f 365/467/18 289/466/18 747/466/18 748/467/18
f 311/462/4 292/461/4 740/461/4 741/462/4
f 310/469/3 384/468/3 749/468/3 750/469/3
f 293/465/4 306/335/4 752/335/4 745/465/4
f 881/499/8 882/500/8 946/500/8 945/499/8
f 777/486/1 788/509/1 787/508/1 778/487/1
f 844/514/18 841/515/18 905/515/18 907/514/18
f 779/476/5 792/504/5 791/505/5 780/488/5
f 855/516/4 856/517/4 919/517/4 920/516/4
f 1163/518/8 1164/519/8 1171/519/8 1172/518/8
f 1158/520/3 1159/521/3 1168/521/3 1165/520/3
f 841/515/4 842/522/4 906/522/4 905/515/4
f 854/537/3 855/516/3 920/516/3 917/537/3
f 856/517/18 853/538/18 918/538/18 919/517/18
f 867/539/8 868/540/8 931/540/8 932/539/8
f 853/538/8 854/537/8 917/537/8 918/538/8
f 866/541/3 867/539/3 932/539/3 929/541/3
f 827/542/8 828/543/8 891/543/8 892/542/8
f 868/540/18 865/544/18 930/544/18 931/540/18
f 879/545/4 880/546/4 943/546/4 944/545/4
f 826/547/3 827/542/3 892/542/3 889/547/3
f 865/544/4 866/541/4 929/541/4 930/544/4
f 878/548/3 879/545/3 944/545/3 942/548/3
f 828/543/18 825/549/18 890/549/18 891/543/18
f 820/550/5 806/526/5 822/551/5 821/552/5
f 806/526/5 781/489/5 823/553/5 822/551/5
f 781/489/5 814/531/5 824/554/5 823/553/5
f 814/531/5 820/550/5 821/552/5 824/554/5
f 819/555/1 804/524/1 826/547/1 825/549/1
f 804/524/1 754/484/1 827/542/1 826/547/1
f 754/484/1 812/525/1 828/543/1 827/542/1
f 812/525/1 819/555/1 825/549/1 828/543/1
f 818/556/5 807/492/5 830/557/5 829/558/5
f 807/492/5 756/483/5 831/559/5 830/557/5
f 756/483/5 816/536/5 832/560/5 831/559/5
f 816/536/5 818/556/5 829/558/5 832/560/5
f 817/561/1 803/529/1 834/562/1 833/563/1
f 803/529/1 783/490/1 835/564/1 834/562/1
f 783/490/1 808/533/1 836/565/1 835/564/1
f 808/533/1 817/561/1 833/563/1 836/565/1
f 809/530/1 817/561/1 838/566/1 837/567/1
f 817/561/1 808/533/1 839/568/1 838/566/1
f 808/533/1 786/501/1 840/569/1 839/568/1
f 786/501/1 809/530/1 837/567/1 840/569/1
f 785/496/1 801/532/1 842/522/1 841/515/1
f 801/532/1 817/561/1 843/570/1 842/522/1
f 817/561/1 809/530/1 844/514/1 843/570/1
f 809/530/1 785/496/1 841/515/1 844/514/1
f 801/532/1 784/491/1 846/571/1 845/572/1
f 784/491/1 803/529/1 847/573/1 846/571/1
f 803/529/1 817/561/1 848/574/1 847/573/1
f 817/561/1 801/532/1 845/572/1 848/574/1
f 805/472/5 818/556/5 850/575/5 849/576/5
f 818/556/5 816/536/5 851/577/5 850/575/5
f 816/536/5 794/470/5 852/578/5 851/577/5
f 794/470/5 805/472/5 849/576/5 852/578/5
f 793/471/5 815/534/5 854/537/5 853/538/5
f 815/534/5 818/556/5 855/516/5 854/537/5
f 818/556/5 805/472/5 856/517/5 855/516/5
f 805/472/5 793/471/5 853/538/5 856/517/5
f 815/534/5 755/477/5 858/579/5 857/580/5
f 755/477/5 807/492/5 859/581/5 858/579/5
f 807/492/5 818/556/5 860/582/5 859/581/5
f 818/556/5 815/534/5 857/580/5 860/582/5
f 810/527/1 819/555/1 862/583/1 861/584/1
f 819/555/1 812/525/1 863/585/1 862/583/1
f 812/525/1 798/498/1 864/586/1 863/585/1
f 798/498/1 810/527/1 861/584/1 864/586/1
f 797/506/1 811/523/1 866/541/1 865/544/1
f 811/523/1 819/555/1 867/539/1 866/541/1
f 819/555/1 810/527/1 868/540/1 867/539/1
f 810/527/1 797/506/1 865/544/1 868/540/1
f 811/523/1 753/485/1 870/587/1 869/588/1
f 753/485/1 804/524/1 871/589/1 870/587/1
f 804/524/1 819/555/1 872/590/1 871/589/1
f 819/555/1 811/523/1 869/588/1 872/590/1
f 802/535/5 820/550/5 874/591/5 873/592/5
f 820/550/5 814/531/5 875/593/5 874/591/5
f 814/531/5 790/503/5 876/594/5 875/593/5
f 790/503/5 802/535/5 873/592/5 876/594/5
f 789/474/5 813/528/5 878/548/5 877/595/5
f 813/528/5 820/550/5 879/545/5 878/548/5
f 820/550/5 802/535/5 880/546/5 879/545/5
f 802/535/5 789/474/5 877/595/5 880/546/5
f 813/528/5 782/473/5 882/500/5 881/499/5
f 782/473/5 806/526/5 883/596/5 882/500/5
f 806/526/5 820/550/5 884/597/5 883/596/5
f 820/550/5 813/528/5 881/499/5 884/597/5
f 842/522/3 843/570/3 908/570/3 906/522/3
f 829/558/8 830/557/8 893/557/8 894/558/8
f 884/597/18 881/499/18 945/499/18 947/597/18
f 843/570/8 844/514/8 907/514/8 908/570/8
f 832/560/18 829/558/18 894/558/18 895/560/18
f 882/500/3 883/596/3 948/596/3 946/500/3
f 869/588/4 870/587/4 933/587/4 934/588/4
f 830/557/3 831/559/3 896/559/3 893/557/3
f 883/596/4 884/597/4 947/597/4 948/596/4
f 872/590/18 869/588/18 934/588/18 935/590/18
f 831/559/4 832/560/4 895/560/4 896/559/4
f 870/587/3 871/589/3 936/589/3 933/587/3
f 857/580/8 858/579/8 921/579/8 922/580/8
f 871/589/8 872/590/8 935/590/8 936/589/8
f 860/582/18 857/580/18 922/580/18 923/582/18
f 858/579/3 859/581/3 924/581/3 921/579/3
f 845/572/4 846/571/4 910/571/4 909/572/4
f 859/581/4 860/582/4 923/582/4 924/581/4
f 848/574/18 845/572/18 909/572/18 911/574/18
f 846/571/3 847/573/3 912/573/3 910/571/3
f 833/563/4 834/562/4 897/562/4 898/563/4
f 847/573/8 848/574/8 911/574/8 912/573/8
f 836/565/18 833/563/18 898/563/18 899/565/18
f 873/592/8 874/591/8 937/591/8 938/592/8
f 834/562/3 835/564/3 900/564/3 897/562/3
f 821/552/8 822/551/8 885/551/8 886/552/8
f 876/594/18 873/592/18 938/592/18 939/594/18
f 835/564/8 836/565/8 899/565/8 900/564/8
f 824/554/18 821/552/18 886/552/18 887/554/18
f 874/591/3 875/593/3 940/593/3 937/591/3
f 861/584/4 862/583/4 925/583/4 926/584/4
f 822/551/3 823/553/3 888/553/3 885/551/3
f 875/593/4 876/594/4 939/594/4 940/593/4
f 864/586/18 861/584/18 926/584/18 927/586/18
f 823/553/4 824/554/4 887/554/4 888/553/4
f 862/583/3 863/585/3 928/585/3 925/583/3
f 849/576/8 850/575/8 913/575/8 914/576/8
f 863/585/8 864/586/8 927/586/8 928/585/8
f 852/578/18 849/576/18 914/576/18 915/578/18
f 850/575/3 851/577/3 916/577/3 913/575/3
f 837/567/4 838/566/4 901/566/4 902/567/4
f 851/577/4 852/578/4 915/578/4 916/577/4
f 840/569/18 837/567/18 902/567/18 903/569/18
f 877/595/8 878/548/8 942/548/8 941/595/8
f 838/566/3 839/568/3 904/568/3 901/566/3
f 825/549/4 826/547/4 889/547/4 890/549/4
f 880/546/18 877/595/18 941/595/18 943/546/18
f 839/568/8 840/569/8 903/569/8 904/568/8
f 949/434/1 955/598/1 953/415/1 363/414/1
f 1028/599/8 1030/600/8 1025/600/8 1026/599/8
f 950/425/5 956/601/5 954/406/5 367/405/5
f 956/601/5 951/424/5 958/602/5 957/334/5
f 951/424/5 387/407/5 959/336/5 958/602/5
f 387/407/5 954/406/5 960/333/5 959/336/5
f 954/406/5 956/601/5 957/334/5 960/333/5
f 955/598/1 952/423/1 962/603/1 961/604/1
f 952/423/1 395/416/1 963/605/1 962/603/1
f 395/416/1 953/415/1 964/606/1 963/605/1
f 953/415/1 955/598/1 961/604/1 964/606/1
f 962/603/3 963/605/3 972/605/3 969/603/3
f 961/604/4 962/603/4 969/603/4 970/604/4
f 958/602/3 959/336/3 968/336/3 965/602/3
f 963/605/8 964/606/8 971/606/8 972/605/8
f 957/334/8 958/602/8 965/602/8 966/334/8
f 964/606/18 961/604/18 970/604/18 971/606/18
f 1030/600/18 1034/631/18 1023/631/18 1025/600/18
f 366/413/5 383/412/5 1022/632/5 1021/633/5
f 383/412/5 951/424/5 1032/634/5 1022/632/5
f 955/598/1 949/434/1 1030/600/1 1028/599/1 952/423/1
f 1034/631/4 1033/635/4 1024/635/4 1023/631/4
f 950/425/5 366/413/5 1021/633/5 1031/636/5
f 362/422/1 391/421/1 1033/635/1 1034/631/1
f 391/421/1 952/423/1 1028/599/1 1033/635/1
f 1032/634/4 1031/636/4 1027/636/4 1029/634/4
f 1031/636/18 1021/633/18 1035/633/18 1027/636/18
f 949/434/1 362/422/1 1034/631/1 1030/600/1
f 956/601/5 950/425/5 1031/636/5 1032/634/5 951/424/5
f 1021/633/8 1022/632/8 1036/632/8 1035/633/8
f 1022/632/3 1032/634/3 1029/634/3 1036/632/3
f 1033/635/3 1028/599/3 1026/599/3 1024/635/3
f 758/479/5 796/511/5 1158/520/5 1157/717/5
f 796/511/5 795/510/5 1159/521/5 1158/520/5
f 795/510/5 757/482/5 1160/718/5 1159/521/5
f 757/482/5 758/479/5 1157/717/5 1160/718/5
f 760/480/1 800/513/1 1162/719/1 1161/720/1
f 800/513/1 799/512/1 1163/518/1 1162/719/1
f 799/512/1 759/481/1 1164/519/1 1163/518/1
f 759/481/1 760/480/1 1161/720/1 1164/519/1
f 1157/717/8 1158/520/8 1165/520/8 1166/717/8
f 1164/519/18 1161/720/18 1170/720/18 1171/519/18
f 1159/521/4 1160/718/4 1167/718/4 1168/521/4
f 1160/718/18 1157/717/18 1166/717/18 1167/718/18
f 1162/719/3 1163/518/3 1172/518/3 1169/719/3
f 1161/720/4 1162/719/4 1169/719/4 1170/720/4
f 1440/768/131 1441/769/131 1446/769/131 1447/768/131
f 1206/770/8 1201/771/8 1217/771/8 1222/770/8
f 1203/772/18 1204/773/18 1220/773/18 1230/774/18 1226/775/18 1234/776/18 1219/772/18
f 1204/773/4 1199/778/4 1215/778/4 1220/773/4
f 1201/771/3 1202/779/3 1218/779/3 1228/781/3 1224/782/3 1232/783/3 1217/771/3
f 1205/780/18 1206/770/18 1222/770/18 1229/784/18 1225/785/18 1233/786/18 1221/780/18
f 1202/779/4 1205/780/4 1221/780/4 1218/779/4
f 1200/777/8 1203/772/8 1219/772/8 1216/777/8
f 1199/778/3 1200/777/3 1216/777/3 1227/787/3 1223/788/3 1231/789/3 1215/778/3
f 1233/786/5 1225/785/5 1610/790/5 1609/791/5 1605/792/5 1607/793/5
f 1230/774/1 1220/773/1 1640/794/1 1639/795/1 1635/796/1 1637/797/1
f 1232/783/5 1224/782/5 1235/809/5 1236/801/5
f 1231/789/1 1223/788/1 1237/807/1 1238/813/1
f 1224/782/5 1228/781/5 1239/819/5 1240/822/5
f 1228/781/5 1218/779/5 1241/828/5 1242/834/5
f 1217/771/5 1232/783/5 1243/840/5 1244/845/5
f 1223/788/1 1227/787/1 1245/851/1 1246/856/1
f 1227/787/1 1216/777/1 1247/863/1 1248/867/1
f 1215/778/1 1231/789/1 1249/873/1 1250/876/1
f 1230/774/1 1231/789/1 1238/813/1 1602/816/1 1604/884/1
f 1225/785/5 1224/782/5 1240/822/5 1608/825/5 1610/885/5
f 1233/786/5 1228/781/5 1242/834/5 1614/837/5 1616/886/5
f 1222/770/5 1217/771/5 1244/845/5 1620/887/5 1622/888/5
f 1226/775/1 1223/788/1 1246/856/1 1626/889/1 1628/890/1
f 1234/776/1 1227/787/1 1248/867/1 1632/870/1 1634/891/1
f 1220/773/1 1215/778/1 1250/876/1 1638/892/1 1640/893/1
f 1229/784/5 1222/770/5 1622/894/5 1621/843/5 1617/844/5 1619/895/5
f 1229/784/5 1232/783/5 1236/801/5 1596/804/5 1598/896/5
f 1219/772/1 1234/776/1 1634/897/1 1633/866/1 1629/865/1 1631/898/1
f 1226/775/1 1230/774/1 1604/899/1 1603/812/1 1599/810/1 1601/900/1
f 1221/780/5 1233/786/5 1616/901/5 1615/832/5 1611/833/5 1613/902/5
f 1234/776/1 1226/775/1 1628/903/1 1627/854/1 1623/855/1 1625/904/1
f 1231/789/1 1230/774/1 1637/905/1 1636/874/1 1249/873/1
f 1223/788/1 1226/775/1 1601/906/1 1600/907/1 1237/807/1
f 1227/787/1 1234/776/1 1625/908/1 1624/852/1 1245/851/1
f 1216/777/1 1219/772/1 1631/909/1 1630/864/1 1247/863/1
f 1218/779/5 1221/780/5 1613/910/5 1612/911/5 1241/828/5
f 1228/781/5 1233/786/5 1607/912/5 1606/820/5 1239/819/5
f 1224/782/5 1225/785/5 1595/913/5 1594/914/5 1235/809/5
f 1232/783/5 1229/784/5 1619/915/5 1618/841/5 1243/840/5
f 1225/785/5 1229/784/5 1598/945/5 1597/799/5 1593/798/5 1595/946/5
f 1300/952/128 1301/953/128 1310/953/128 1369/954/128 1370/955/128 1353/956/128 1354/957/128 1385/958/128 1386/959/128 1345/960/128 1346/961/128 1377/962/128 1378/963/128 1361/964/128 1362/965/128 1393/966/128 1394/967/128 1307/952/128
f 1301/953/4 1302/968/4 1309/968/4 1310/953/4
f 1292/948/132 1291/947/132 1300/952/132 1299/969/132
f 1291/947/132 1294/949/132 1301/953/132 1300/952/132
f 1294/949/132 1293/950/132 1302/968/132 1301/953/132
f 1293/950/132 1292/948/132 1299/969/132 1302/968/132
f 1296/761/133 1295/762/133 1304/970/133 1303/971/133
f 1295/762/133 1298/765/133 1305/972/133 1304/970/133
f 1298/765/133 1297/951/133 1306/973/133 1305/972/133
f 1297/951/133 1296/761/133 1303/971/133 1306/973/133
f 1303/971/4 1304/970/4 1311/970/4 1312/971/4
f 1305/972/8 1306/973/8 1313/973/8 1314/972/8
f 1299/969/8 1300/952/8 1307/952/8 1308/969/8
f 1304/970/135 1305/972/135 1314/972/135 1373/988/135 1374/989/135 1357/990/135 1358/991/135 1389/974/135 1390/992/135 1349/993/135 1350/986/135 1381/985/135 1382/994/135 1365/995/135 1366/996/135 1397/997/135 1398/998/135 1311/970/135
f 1341/993/133 1340/999/133 1339/987/133 1342/986/133
f 1306/973/129 1303/971/129 1312/971/129 1395/1000/129 1396/1001/129 1363/1002/129 1364/1003/129 1379/1004/129 1380/984/129 1347/987/129 1348/1005/129 1387/1006/129 1388/1007/129 1355/976/129 1356/1008/129 1371/1009/129 1372/1010/129 1313/973/129
f 1302/968/134 1299/969/134 1308/969/134 1391/1013/134 1392/981/134 1359/980/134 1360/1014/134 1375/1015/134 1376/1016/134 1343/1017/134 1344/1018/134 1383/1019/134 1384/983/134 1351/982/134 1352/1020/134 1367/1021/134 1368/1011/134 1309/968/134
f 1383/1019/4 1386/959/4 1403/959/4 1406/1019/4
f 1362/965/134 1361/964/134 1333/964/134 1334/965/134
f 1384/983/128 1383/1019/128 1406/1019/128 1405/983/128
f 1343/1035/4 1346/961/4 1338/961/4 1335/1035/4
f 1385/958/8 1384/983/8 1405/983/8 1404/958/8
f 1344/1018/128 1343/1017/128 1335/1017/128 1336/1018/128
f 1386/959/134 1385/958/134 1404/958/134 1403/959/134
f 1345/1025/8 1344/1018/8 1336/1018/8 1337/1025/8
f 1395/1012/8 1398/998/8 1399/998/8 1402/1012/8
f 1346/961/134 1345/960/134 1337/960/134 1338/961/134
f 1396/1001/135 1395/1000/135 1402/1000/135 1401/1001/135
f 1347/987/8 1350/986/8 1342/986/8 1339/987/8
f 1397/1022/4 1396/1024/4 1401/1024/4 1400/1022/4
f 1367/1027/4 1370/1026/4 1423/1026/4 1426/1027/4
f 1337/1025/132 1336/1018/132 1335/1035/132 1338/961/132
f 1333/964/132 1332/1014/132 1331/980/132 1334/979/132
f 1329/956/132 1328/1020/132 1327/982/132 1330/957/132
f 1325/995/133 1324/1003/133 1323/1023/133 1326/996/133
f 1321/990/133 1320/1008/133 1319/976/133 1322/975/133
f 1317/974/133 1316/977/133 1315/1028/133 1318/992/133
f 1400/1022/133 1401/1024/133 1402/1012/133 1399/998/133
f 1404/958/132 1405/983/132 1406/1019/132 1403/959/132
f 1408/978/132 1409/981/132 1410/1034/132 1407/1033/132
f 1412/962/132 1413/1016/132 1414/1015/132 1411/963/132
f 1416/985/133 1417/984/133 1418/1004/133 1415/994/133
f 1420/1032/133 1421/1031/133 1422/1030/133 1419/1029/133
f 1424/954/132 1425/1011/132 1426/1027/132 1423/1026/132
f 1361/964/8 1360/1014/8 1332/1014/8 1333/964/8
f 1394/967/134 1393/966/134 1408/966/134 1407/967/134
f 1360/1014/128 1359/980/128 1331/980/128 1332/1014/128
f 1393/978/8 1392/981/8 1409/981/8 1408/978/8
f 1359/980/4 1362/979/4 1334/979/4 1331/980/4
f 1392/981/128 1391/1013/128 1410/1013/128 1409/981/128
f 1354/957/134 1353/956/134 1329/956/134 1330/957/134
f 1391/1034/4 1394/1033/4 1407/1033/4 1410/1034/4
f 1353/956/8 1352/1020/8 1328/1020/8 1329/956/8
f 1378/963/134 1377/962/134 1412/962/134 1411/963/134
f 1352/1020/128 1351/982/128 1327/982/128 1328/1020/128
f 1377/962/8 1376/1016/8 1413/1016/8 1412/962/8
f 1351/982/4 1354/957/4 1330/957/4 1327/982/4
f 1376/1016/128 1375/1015/128 1414/1015/128 1413/1016/128
f 1366/996/129 1365/995/129 1325/995/129 1326/996/129
f 1375/1015/4 1378/963/4 1411/963/4 1414/1015/4
f 1365/995/4 1364/1003/4 1324/1003/4 1325/995/4
f 1382/994/129 1381/985/129 1416/985/129 1415/994/129
f 1364/1003/135 1363/1002/135 1323/1002/135 1324/1003/135
f 1381/985/4 1380/984/4 1417/984/4 1416/985/4
f 1363/1023/8 1366/996/8 1326/996/8 1323/1023/8
f 1380/984/135 1379/1004/135 1418/1004/135 1417/984/135
f 1358/991/129 1357/990/129 1321/990/129 1322/991/129
f 1379/1004/8 1382/994/8 1415/994/8 1418/1004/8
f 1357/990/4 1356/1008/4 1320/1008/4 1321/990/4
f 1374/989/129 1373/988/129 1420/988/129 1419/989/129
f 1356/1008/135 1355/976/135 1319/976/135 1320/1008/135
f 1373/1032/4 1372/1031/4 1421/1031/4 1420/1032/4
f 1355/976/8 1358/975/8 1322/975/8 1319/976/8
f 1372/1010/135 1371/1009/135 1422/1009/135 1421/1010/135
f 1390/992/129 1389/974/129 1317/974/129 1318/992/129
f 1371/1030/8 1374/1029/8 1419/1029/8 1422/1030/8
f 1389/974/4 1388/977/4 1316/977/4 1317/974/4
f 1370/955/134 1369/954/134 1424/954/134 1423/955/134
f 1388/1007/135 1387/1006/135 1315/1006/135 1316/1007/135
f 1350/986/129 1349/993/129 1341/993/129 1342/986/129
f 1369/954/8 1368/1011/8 1425/1011/8 1424/954/8
f 1387/1028/8 1390/992/8 1318/992/8 1315/1028/8
f 1349/993/4 1348/999/4 1340/999/4 1341/993/4
f 1368/1011/128 1367/1021/128 1426/1021/128 1425/1011/128
f 1398/998/129 1397/997/129 1400/997/129 1399/998/129
f 1348/1005/135 1347/987/135 1339/987/135 1340/1005/135
f 1429/1042/4 1436/1048/4 1441/769/4 1440/768/4
f 1436/1048/4 1437/1036/4 1442/1049/4 1441/769/4
f 1437/1036/4 1438/1037/4 1443/1050/4 1442/1049/4
f 1438/1037/4 1439/1041/4 1444/1051/4 1443/1050/4
f 1439/1041/4 1430/1039/4 1445/1052/4 1444/1051/4
f 1430/1039/4 1429/1042/4 1440/768/4 1445/1052/4
f 1444/1051/138 1445/1052/138 1448/1052/138 1451/1051/138
f 1446/769/4 1449/1049/4 1461/1053/4 1452/1054/4 1447/768/4
f 1443/1050/139 1444/1051/139 1451/1051/139 1450/1050/139
f 1441/769/140 1442/1049/140 1449/1049/140 1446/769/140
f 1445/1052/141 1440/768/141 1447/768/141 1452/1054/141 1453/1055/141 1456/1056/141 1457/1057/141 1454/1058/141 1455/1059/141 1448/1052/141
f 1457/1060/4 1458/1061/4 1463/1062/4 1454/1058/4
f 1455/1059/4 1462/1063/4 1450/1050/4 1451/1051/4 1448/1052/4
f 1442/1049/142 1443/1050/142 1450/1050/142 1462/1064/142 1463/1062/142 1458/1061/142 1459/1065/142 1460/1066/142 1461/1053/142 1449/1049/142
f 1465/1067/18 1466/1068/18 1479/1068/18 1477/1067/18
f 1474/1069/143 1475/1070/143 1486/1070/143 1487/1069/143
f 1468/1071/144 1469/1072/144 1481/1072/144 1480/1071/144
f 1453/1055/4 1460/1073/4 1459/1065/4 1456/1074/4
f 1458/1061/4 1457/1060/4 1465/1067/4 1464/1075/4
f 1457/1060/4 1456/1074/4 1466/1068/4 1465/1067/4
f 1456/1074/4 1459/1065/4 1467/1076/4 1466/1068/4
f 1459/1065/4 1458/1061/4 1464/1075/4 1467/1076/4
f 1460/1073/4 1453/1055/4 1469/1072/4 1468/1071/4
f 1453/1055/4 1452/1054/4 1470/1077/4 1469/1072/4
f 1452/1054/4 1461/1053/4 1471/1078/4 1470/1077/4
f 1461/1053/4 1460/1073/4 1468/1071/4 1471/1078/4
f 1462/1063/4 1455/1059/4 1473/1079/4 1472/1080/4
f 1455/1059/4 1454/1058/4 1474/1069/4 1473/1079/4
f 1454/1058/4 1463/1062/4 1475/1070/4 1474/1069/4
f 1463/1062/4 1462/1063/4 1472/1080/4 1475/1070/4
f 1471/1078/3 1468/1071/3 1480/1071/3 1482/1078/3
f 1472/1080/145 1473/1079/145 1485/1079/145 1484/1080/145
f 1466/1068/5 1467/1076/5 1478/1076/5 1479/1068/5
f 1469/1072/18 1470/1077/18 1483/1077/18 1481/1072/18
f 1475/1070/3 1472/1080/3 1484/1080/3 1486/1070/3
f 1464/1075/1 1465/1067/1 1477/1067/1 1476/1075/1
f 1470/1077/146 1471/1078/146 1482/1078/146 1483/1077/146
f 1473/1079/18 1474/1069/18 1487/1069/18 1485/1079/18
f 1467/1076/3 1464/1075/3 1476/1075/3 1478/1076/3
f 1593/798/5 1594/1145/5 1595/913/5
f 1596/804/5 1597/1146/5 1598/945/5
f 1599/810/1 1600/1147/1 1601/906/1
f 1602/816/1 1603/1148/1 1604/899/1
f 1605/821/5 1606/1149/5 1607/912/5
f 1608/825/5 1609/1150/5 1610/790/5
f 1611/830/5 1612/1151/5 1613/910/5
f 1614/837/5 1615/1152/5 1616/901/5
f 1617/842/5 1618/1153/5 1619/915/5
f 1620/848/5 1621/1154/5 1622/894/5
f 1623/853/1 1624/1155/1 1625/908/1
f 1626/860/1 1627/1156/1 1628/903/1
f 1629/865/1 1630/1157/1 1631/909/1
f 1632/870/1 1633/1158/1 1634/897/1
f 1635/875/1 1636/1159/1 1637/905/1
f 1638/879/1 1639/1160/1 1640/794/1
f 1744/748/1 1819/1167/1 1823/747/1 1761/748/1
f 1748/1168/132 1745/1169/132 1794/1169/132 1760/1168/132
f 1795/1170/158 1761/748/158 1764/1171/158 1797/1131/158
f 1827/757/160 1823/747/160 1828/1172/160
f 1826/1173/163 1760/1168/163 1767/725/163 1830/730/163
f 1821/1173/5 1748/1168/5 1760/1168/5 1826/1173/5
f 1830/730/164 1832/1175/164 1826/1173/164
f 1745/1169/18 1746/1170/18 1795/1170/18 1794/1169/18
f 1761/748/165 1823/747/165 1827/757/165 1764/1176/165
f 1746/1170/133 1744/748/133 1761/748/133 1795/1170/133
f 1774/1178/169 1775/1179/169 1843/1179/169 1841/1178/169
f 1764/1171/170 1771/1180/170 1796/1181/170 1797/1131/170
f 1772/1182/1 1799/1183/1 1801/1183/1 1810/1182/1
f 1766/726/171 1798/1087/171 1773/766/171 1767/725/171
f 1767/725/172 1773/766/172 1829/767/172 1830/730/172
f 1793/1184/18 1782/1185/18 1771/1186/18 1831/1187/18
f 1827/757/173 1831/1188/173 1771/1189/173 1764/1176/173
f 1760/1168/174 1794/1169/174 1766/726/174 1767/725/174
f 1793/1190/175 1791/1191/175 1790/1192/175 1792/1193/175
f 1799/1183/176 1762/1194/176 1806/1194/176 1801/1183/176
f 1783/1195/171 1792/1196/171 1781/1196/171 1777/1195/171
f 1788/1197/173 1786/1198/173 1778/1199/173 1779/1197/173
f 1790/1200/170 1788/1197/170 1779/1197/170 1780/1201/170
f 1791/1191/18 1793/1190/18 1831/1187/18 1829/1202/18
f 1786/1199/8 1784/1203/8 1776/1203/8 1778/1199/8
f 1787/1204/18 1789/1205/18 1773/1206/18 1798/1207/18
f 1782/1185/18 1785/1208/18 1796/1209/18 1771/1186/18
f 1789/1205/18 1791/1210/18 1829/1202/18 1773/1206/18
f 1785/1211/18 1787/1204/18 1798/1207/18 1796/1209/18
f 1785/1208/177 1782/1185/177 1783/1195/177 1784/1203/177
f 1787/1204/155 1785/1211/155 1784/1203/155 1786/1199/155
f 1789/1205/178 1787/1204/178 1786/1198/178 1788/1197/178
f 1791/1210/179 1789/1205/179 1788/1197/179 1790/1200/179
f 1792/1193/4 1790/1192/4 1780/1201/4 1781/1196/4
f 1782/1185/180 1793/1184/180 1792/1196/180 1783/1195/180
f 1784/1203/172 1783/1195/172 1777/1195/172 1776/1203/172
f 1763/1212/181 1762/1194/181 1794/1169/181 1795/1170/181
f 1770/1213/182 1765/1214/182 1797/1131/182 1796/1181/182
f 1772/1182/4 1770/1213/4 1796/1181/4 1798/1087/4
f 1799/1183/183 1772/1182/183 1798/1087/183 1766/726/183
f 1765/1214/181 1763/1212/181 1795/1170/181 1797/1131/181
f 1762/1194/181 1799/1183/181 1766/726/181 1794/1169/181
f 1765/1214/5 1770/1213/5 1808/1213/5 1800/1214/5
f 1763/1212/186 1765/1214/186 1800/1214/186 1807/1212/186
f 1770/1213/187 1772/1182/187 1810/1182/187 1808/1213/187
f 1762/1194/188 1763/1212/188 1807/1212/188 1806/1194/188
f 1825/1221/196 1768/1222/196 1842/1222/196 1844/1221/196
f 1818/1223/136 1828/1172/136 1823/747/136 1819/1167/136
f 1821/1173/137 1826/1173/137 1832/1175/137 1822/1226/137
f 1818/1223/3 1822/1226/3 1832/1175/3 1828/1172/3
f 1824/1227/197 1769/1228/197 1827/757/197 1828/1172/197
f 1774/1178/198 1768/1222/198 1830/730/198 1829/767/198
f 1775/1179/8 1774/1178/8 1829/767/8 1831/1188/8
f 1769/1228/199 1775/1179/199 1831/1188/199 1827/757/199
f 1768/1222/197 1825/1221/197 1832/1175/197 1830/730/197
f 1825/1221/197 1824/1227/197 1828/1172/197 1832/1175/197
f 1769/1228/202 1824/1227/202 1840/1227/202 1834/1228/202
f 1824/1227/203 1825/1221/203 1844/1221/203 1840/1227/203
f 1775/1179/5 1769/1228/5 1834/1228/5 1843/1179/5
f 1768/1222/1 1774/1178/1 1841/1178/1 1842/1222/1
f 1851/1171/208 1868/1180/208 1867/1181/208 1853/1131/208
f 1853/1131/209 1867/1181/209 1869/1235/209 1855/1236/209
f 1855/1236/210 1869/1235/210 1870/1087/210 1857/726/210
f 1857/726/211 1870/1087/211 1871/766/211 1859/725/211
f 1859/725/212 1871/766/212 1872/767/212 1861/730/212
f 1861/730/213 1872/767/213 1873/1237/213 1863/1238/213
f 1858/1239/18 1856/1240/18 1877/1240/18 1878/1239/18
f 1863/1238/214 1873/1237/214 1874/1188/214 1865/757/214
f 1865/757/215 1874/1188/215 1868/1189/215 1851/1176/215
f 1851/1241/8 1853/1242/8 1855/1243/8 1857/1244/8 1859/1245/8 1861/1246/8 1863/1247/8 1865/1248/8
f 1852/1249/4 1854/1250/4 1867/1209/4 1868/1186/4
f 1854/1250/4 1856/1240/4 1869/1251/4 1867/1209/4
f 1856/1240/4 1858/1239/4 1870/1207/4 1869/1251/4
f 1858/1239/4 1860/1252/4 1871/1206/4 1870/1207/4
f 1860/1252/4 1862/1253/4 1872/1202/4 1871/1206/4
f 1862/1253/4 1864/1254/4 1873/1255/4 1872/1202/4
f 1864/1254/4 1866/1256/4 1874/1187/4 1873/1255/4
f 1866/1256/4 1852/1249/4 1868/1186/4 1874/1187/4
f 1854/1250/5 1852/1249/5 1876/1249/5 1875/1250/5
f 1852/1249/137 1866/1256/137 1882/1256/137 1876/1249/137
f 1864/1254/136 1862/1253/136 1880/1253/136 1881/1254/136
f 1860/1252/16 1858/1239/16 1878/1239/16 1879/1252/16
f 1856/1240/15 1854/1250/15 1875/1250/15 1877/1240/15
f 1866/1256/3 1864/1254/3 1881/1254/3 1882/1256/3
f 1862/1253/1 1860/1252/1 1879/1252/1 1880/1253/1
usemtl M_Noir_Profond
f 421/229/18 422/230/18 148/231/18 142/232/18 135/233/18 133/234/18 144/235/18 147/236/18 423/237/18 424/238/18
f 138/349/18 135/233/18 142/232/18 150/183/18 151/184/18
f 157/320/18 156/321/18 139/348/18 137/379/18 136/353/18
f 154/209/18 144/235/18 133/234/18 134/178/18 159/179/18
f 431/306/18 432/374/18 427/375/18 428/324/18 160/325/18 134/350/18 133/234/18 141/380/18 140/262/18 158/263/18
f 135/233/18 137/379/18 141/380/18 133/234/18
f 152/173/18 153/174/18 140/262/18 141/380/18 143/322/18
f 417/265/18 418/311/18 419/310/18 420/227/18 149/228/18 143/322/18 141/380/18 137/379/18 139/348/18 146/264/18
f 425/371/18 426/159/18 429/158/18 430/381/18 155/365/18 136/364/18 137/379/18 135/233/18 138/351/18 145/352/18
f 435/185/8 571/146/8 572/23/8 588/169/8 587/151/8 433/249/8 434/250/8 436/253/8
f 439/187/4 573/157/4 574/213/4 590/29/4 589/154/4 437/243/4 438/244/4 440/247/4
f 442/177/97 443/201/97 444/251/97 441/248/97
f 446/255/97 447/186/97 448/252/97 445/204/97
f 454/266/98 581/38/98 582/156/98 455/188/98 456/246/98 452/245/98 449/242/98 592/155/98 591/180/98 450/182/98 451/205/98 453/208/98
f 459/418/1 575/150/1 576/70/1 504/57/1 503/111/1 457/419/1 458/422/1 460/414/1
f 463/409/5 542/17/5 541/33/5 506/32/5 505/166/5 461/410/5 462/413/5 464/405/5
f 470/337/99 500/339/99 499/16/99 471/408/99 472/407/99 468/412/99 465/411/99 540/167/99 539/170/99 466/172/99 467/197/99 469/200/99
f 478/343/100 579/345/100 580/4/100 479/417/100 480/416/100 476/421/100 473/420/100 586/110/100 585/210/100 474/212/100 475/193/100 477/196/100
f 498/16/101 499/16/101 500/15/101 497/14/101
f 502/111/4 503/111/4 504/57/4 501/57/4
f 506/32/8 507/32/8 508/166/8 505/168/8
f 510/164/7 511/163/7 512/48/7 509/51/7
f 514/90/9 515/89/9 516/56/9 513/101/9
f 518/6/6 519/86/6 520/105/6 517/71/6
f 522/94/2 523/93/2 524/102/2 521/104/2
f 509/51/8 525/151/8 526/169/8 510/219/8
f 528/17/5 512/221/5 511/148/5 527/33/5
f 530/146/8 514/404/8 513/101/8 529/23/8
f 515/109/1 502/111/1 501/57/1 516/56/1
f 532/157/4 522/403/4 521/218/4 531/213/4
f 523/93/5 508/168/5 507/32/5 524/102/5
f 534/3/1 518/6/1 517/71/1 533/70/1
f 519/86/4 535/154/4 536/29/4 520/214/4
f 538/142/102 539/143/102 540/167/102 537/167/102
f 542/17/4 528/17/4 527/33/4 541/33/4
f 544/85/6 545/87/6 546/44/6 543/43/6
f 548/92/2 549/95/2 550/9/2 547/8/2
f 552/88/9 553/91/9 554/98/9 551/97/9
f 556/217/8 554/98/8 553/91/8 555/147/8
f 558/225/1 546/44/1 545/5/1 557/4/1
f 560/63/8 561/65/8 562/153/8 559/50/8
f 543/43/4 563/81/4 564/155/4 544/85/4
f 566/37/4 550/9/4 549/95/4 565/156/4
f 551/97/1 567/30/1 568/110/1 552/88/1
f 570/144/7 560/63/7 559/50/7 569/49/7
f 547/8/5 538/142/5 537/167/5 548/92/5
f 497/14/5 570/108/5 569/220/5 498/16/5
f 446/255/103 577/257/103 578/145/103 447/186/103
f 575/3/8 534/150/8 533/70/8 576/70/8
f 584/153/104 562/152/104 561/18/104 583/20/104
f 567/30/105 585/31/105 586/110/105 568/110/105
f 529/23/5 572/23/5 571/146/5 530/146/5
f 577/41/106 556/40/106 555/145/106 578/147/106
f 579/226/107 558/225/107 557/4/107 580/4/107
f 588/169/1 526/169/1 525/151/1 587/151/1
f 535/154/5 589/154/5 590/29/5 536/29/5
f 592/155/108 564/155/108 563/81/108 591/82/108
f 573/157/1 532/157/1 531/213/1 574/213/1
f 581/38/109 566/37/109 565/156/109 582/156/109
f 583/175/103 442/177/103 441/248/103 584/152/103
f 443/201/97 445/204/97 448/252/97 444/251/97
f 452/245/4 438/244/4 437/243/4 449/242/4
f 455/188/4 439/187/4 440/247/4 456/246/4
f 444/251/8 434/250/8 433/249/8 441/248/8
f 447/186/8 435/185/8 436/253/8 448/252/8
f 594/261/26 595/206/26 596/181/26 593/240/26
f 598/355/26 599/267/26 600/207/26 597/260/26
f 602/258/25 603/202/25 604/176/25 601/241/25
f 606/358/25 607/256/25 608/203/25 605/259/25
f 489/371/5 609/370/5 610/159/5 490/159/5
f 603/202/20 443/201/20 442/177/20 604/176/20
f 607/256/20 446/255/20 445/204/20 608/203/20
f 493/158/5 611/323/5 612/381/5 494/372/5
f 595/206/21 451/205/21 450/182/21 596/181/21
f 599/267/21 454/266/21 453/208/21 600/207/21
f 485/229/110 613/229/110 614/230/110 486/230/110
f 481/265/29 615/265/29 616/311/29 482/311/29
f 483/310/111 617/310/111 618/227/111 484/227/111
f 476/421/1 458/422/1 457/419/1 473/420/1
f 479/417/1 459/418/1 460/414/1 480/416/1
f 468/412/5 462/413/5 461/410/5 465/411/5
f 471/408/5 463/409/5 464/405/5 472/407/5
f 620/340/34 621/198/34 622/327/34 619/326/34
f 624/328/34 625/329/34 626/342/34 623/341/34
f 628/346/35 629/194/35 630/331/35 627/330/35
f 632/356/35 633/357/35 634/195/35 631/347/35
f 621/198/19 467/197/19 466/172/19 622/171/19
f 625/338/19 470/337/19 469/200/19 626/199/19
f 629/194/22 475/193/22 474/212/22 630/211/22
f 633/344/22 478/343/22 477/196/22 634/195/22
f 636/238/49 488/238/49 487/237/49 635/237/49
f 495/306/1 637/306/1 638/374/1 496/376/1
f 640/324/1 492/324/1 491/375/1 639/375/1
f 631/160/18 610/159/18 609/371/18 632/382/18
f 605/312/40 616/311/40 615/265/40 606/385/40
f 597/260/41 636/238/41 635/237/41 598/355/41
f 617/310/41 602/313/41 601/361/41 618/360/41
f 613/229/40 594/261/40 593/362/40 614/230/40
f 623/383/18 638/376/18 637/306/18 624/307/18
f 611/158/18 628/161/18 627/373/18 612/372/18
f 639/375/18 620/384/18 619/377/18 640/324/18
f 418/426/116 417/265/116 481/265/116 482/426/116
f 420/427/117 419/310/117 483/310/117 484/427/117
f 422/428/116 421/229/116 485/229/116 486/428/116
f 424/429/117 423/237/117 487/237/117 488/429/117
f 426/430/18 425/371/18 489/371/18 490/430/18
f 428/431/18 427/375/18 491/375/18 492/431/18
f 430/432/18 429/158/18 493/158/18 494/432/18
f 432/433/18 431/306/18 495/306/18 496/433/18
f 668/444/3 667/445/3 699/445/3 700/444/3
f 657/446/1 668/444/1 700/444/1 689/446/1
f 666/447/3 665/448/3 697/448/3 698/447/3
f 671/449/1 662/450/1 694/450/1 703/449/1
f 657/446/8 658/451/8 674/84/8 673/435/8
f 659/452/8 660/453/8 676/436/8 675/1/8
f 661/454/4 662/450/4 678/438/4 677/437/4
f 663/455/4 664/456/4 680/440/4 679/439/4
f 665/448/8 666/447/8 682/2/8 681/441/8
f 667/445/8 668/444/8 684/106/8 683/83/8
f 669/457/4 670/458/4 686/11/4 685/12/4
f 671/449/4 672/459/4 688/443/4 687/442/4
f 670/458/4 663/455/4 679/439/4 686/11/4
f 664/456/4 669/457/4 685/12/4 680/440/4
f 672/459/4 661/454/4 677/437/4 688/443/4
f 662/450/4 671/449/4 687/442/4 678/438/4
f 668/444/8 657/446/8 673/435/8 684/106/8
f 658/451/8 667/445/8 683/83/8 674/84/8
f 666/447/8 659/452/8 675/1/8 682/2/8
f 660/453/8 665/448/8 681/441/8 676/436/8
f 667/445/5 658/451/5 690/451/5 699/445/5
f 670/458/3 669/457/3 701/457/3 702/458/3
f 659/452/1 666/447/1 698/447/1 691/452/1
f 672/459/3 671/449/3 703/449/3 704/459/3
f 658/451/18 657/446/18 689/446/18 690/451/18
f 665/448/5 660/453/5 692/453/5 697/448/5
f 663/455/5 670/458/5 702/458/5 695/455/5
f 660/453/18 659/452/18 691/452/18 692/453/18
f 669/457/1 664/456/1 696/456/1 701/457/1
f 662/450/18 661/454/18 693/454/18 694/450/18
f 661/454/5 672/459/5 704/459/5 693/454/5
f 664/456/18 663/455/18 695/455/18 696/456/18
f 772/470/3 767/471/3 793/471/3 805/472/3 794/470/3
f 734/473/5 769/474/5 770/475/5 731/476/5 747/466/5 750/469/5
f 726/477/5 767/471/5 768/478/5 723/479/5 739/460/5 742/463/5
f 721/480/1 722/481/1 738/192/1 737/332/1
f 723/479/5 724/482/5 740/461/5 739/460/5
f 725/483/5 726/477/5 742/463/5 741/462/5
f 727/484/1 728/485/1 744/464/1 743/191/1
f 729/486/1 730/487/1 746/190/1 745/465/1
f 731/476/5 732/488/5 748/467/5 747/466/5
f 733/489/5 734/473/5 750/469/5 749/468/5
f 735/490/1 736/491/1 752/335/1 751/189/1
f 726/477/18 725/483/18 756/483/18 807/492/18 755/477/18
f 729/486/8 774/493/8 788/493/8 777/486/8
f 724/482/3 723/479/3 758/479/3 757/482/3
f 761/494/4 730/487/4 778/487/4 787/494/4
f 724/482/5 771/495/5 772/470/5 725/483/5 741/462/5 740/461/5
f 736/491/1 773/496/1 774/493/1 729/486/1 745/465/1 752/335/1
f 722/481/1 775/497/1 776/498/1 727/484/1 743/191/1 738/192/1
f 730/487/1 761/494/1 762/501/1 735/490/1 751/189/1 746/190/1
f 732/488/5 765/502/5 766/503/5 733/489/5 749/468/5 748/467/5
f 770/504/18 765/505/18 791/505/18 792/504/18
f 771/495/8 724/482/8 757/482/8 795/495/8
f 728/485/1 763/506/1 764/507/1 721/480/1 737/332/1 744/464/1
f 773/496/1 762/501/1 761/508/1 774/509/1
f 769/474/5 766/503/5 765/505/5 770/504/5
f 767/471/5 772/470/5 771/510/5 768/511/5
f 763/506/1 776/498/1 775/512/1 764/513/1
f 722/481/3 721/480/3 760/480/3 759/481/3
f 763/506/8 728/485/8 753/485/8 811/523/8 797/506/8
f 728/485/18 727/484/18 754/484/18 804/524/18 753/485/18
f 721/480/8 764/507/8 800/507/8 760/480/8
f 730/487/3 729/486/3 777/486/3 778/487/3
f 768/511/18 771/510/18 795/510/18 796/511/18
f 727/484/4 776/498/4 798/498/4 812/525/4 754/484/4
f 732/488/3 731/476/3 779/476/3 780/488/3
f 775/497/4 722/481/4 759/481/4 799/497/4
f 734/473/18 733/489/18 781/489/18 806/526/18 782/473/18
f 776/498/3 763/506/3 797/506/3 810/527/3 798/498/3
f 769/474/4 734/473/4 782/473/4 813/528/4 789/474/4
f 736/491/18 735/490/18 783/490/18 803/529/18 784/491/18
f 762/501/3 773/496/3 785/496/3 809/530/3 786/501/3
f 733/489/8 766/503/8 790/503/8 814/531/8 781/489/8
f 764/513/18 775/512/18 799/512/18 800/513/18
f 765/502/8 732/488/8 780/488/8 791/502/8
f 773/496/8 736/491/8 784/491/8 801/532/8 785/496/8
f 774/509/18 761/508/18 787/508/18 788/509/18
f 731/476/4 770/475/4 792/475/4 779/476/4
f 735/490/4 762/501/4 786/501/4 808/533/4 783/490/4
f 767/471/4 726/477/4 755/477/4 815/534/4 793/471/4
f 723/479/4 768/478/4 796/478/4 758/479/4
f 766/503/3 769/474/3 789/474/3 802/535/3 790/503/3
f 725/483/8 772/470/8 794/470/8 816/536/8 756/483/8
f 909/572/1 910/571/1 912/573/1 911/574/1
f 945/499/5 946/500/5 948/596/5 947/597/5
f 976/607/3 973/608/3 982/608/3 983/607/3
f 975/609/8 976/607/8 983/607/8 984/609/8
f 966/334/5 965/602/5 974/610/5 973/608/5
f 965/602/5 968/336/5 975/609/5 974/610/5
f 968/336/5 967/333/5 976/607/5 975/609/5
f 967/333/5 966/334/5 973/608/5 976/607/5
f 970/604/1 969/603/1 978/611/1 977/612/1
f 969/603/1 972/605/1 979/613/1 978/611/1
f 972/605/1 971/606/1 980/614/1 979/613/1
f 971/606/1 970/604/1 977/612/1 980/614/1
f 978/611/18 979/613/18 988/613/18 985/611/18
f 977/612/8 978/611/8 985/611/8 986/612/8
f 974/610/18 975/609/18 984/609/18 981/610/18
f 979/613/4 980/614/4 987/614/4 988/613/4
f 973/608/4 974/610/4 981/610/4 982/608/4
f 980/614/3 977/612/3 986/612/3 987/614/3
f 1011/623/8 1012/624/8 1019/624/8 1020/623/8
f 1006/625/3 1007/626/3 1016/626/3 1013/625/3
f 998/615/5 997/616/5 1006/625/5 1005/627/5
f 997/616/5 1000/619/5 1007/626/5 1006/625/5
f 1000/619/5 999/620/5 1008/628/5 1007/626/5
f 999/620/5 998/615/5 1005/627/5 1008/628/5
f 1002/622/1 1001/621/1 1010/629/1 1009/630/1
f 1001/621/1 1004/617/1 1011/623/1 1010/629/1
f 1004/617/1 1003/618/1 1012/624/1 1011/623/1
f 1003/618/1 1002/622/1 1009/630/1 1012/624/1
f 1005/627/8 1006/625/8 1013/625/8 1014/627/8
f 1012/624/18 1009/630/18 1018/630/18 1019/624/18
f 1007/626/4 1008/628/4 1015/628/4 1016/626/4
f 1008/628/18 1005/627/18 1014/627/18 1015/628/18
f 1010/629/3 1011/623/3 1020/623/3 1017/629/3
f 1009/630/4 1010/629/4 1017/629/4 1018/630/4
f 1047/637/1 1081/638/1 1045/639/1 1089/640/1
f 1026/599/1 1025/600/1 1040/641/1 1100/642/1 1068/643/1 1085/644/1 1055/645/1 1097/646/1 1076/647/1 1049/648/1 1083/649/1 1075/650/1 1045/651/1 1081/652/1 1057/653/1 1095/654/1 1064/655/1 1039/656/1
f 1024/635/1 1026/599/1 1039/656/1 1038/657/1
f 1061/658/5 1062/659/5 1084/660/5 1079/661/5
f 1025/600/1 1023/631/1 1037/662/1 1040/641/1
f 1029/634/5 1027/636/5 1044/663/5 1098/664/5 1080/665/5 1082/666/5 1048/667/5 1063/668/5 1072/669/5 1052/670/5 1084/660/5 1062/659/5 1090/671/5 1087/672/5 1059/673/5 1094/674/5 1093/675/5 1043/676/5
f 1036/632/5 1029/634/5 1043/676/5 1042/677/5
f 1073/678/1 1097/646/1 1055/645/1 1053/679/1
f 1027/636/5 1035/633/5 1041/680/5 1044/663/5
f 1058/681/5 1087/682/5 1090/683/5 1060/684/5
f 1096/685/1 1095/686/1 1057/687/1 1046/688/1
f 1056/689/5 1082/666/5 1080/665/5 1074/690/5
f 1054/691/1 1085/692/1 1068/643/1 1067/693/1
f 1091/694/5 1063/668/5 1048/667/5 1086/695/5
f 1077/696/1 1100/697/1 1040/641/1 1037/662/1
f 1039/656/1 1064/655/1 1071/698/1 1038/657/1
f 1078/699/5 1052/670/5 1072/669/5 1070/700/5
f 1092/701/5 1094/702/5 1059/703/5 1099/704/5
f 1066/705/5 1098/706/5 1044/663/5 1041/680/5
f 1050/707/1 1049/648/1 1076/647/1 1069/708/1
f 1023/631/1 1024/635/1 1038/657/1 1071/698/1 1096/685/1 1046/709/1 1047/637/1 1089/640/1 1088/710/1 1051/711/1 1050/707/1 1069/708/1 1073/678/1 1053/679/1 1054/712/1 1067/693/1 1077/696/1 1037/662/1
f 1035/633/5 1036/632/5 1042/677/5 1065/713/5 1092/701/5 1099/714/5 1058/681/5 1060/715/5 1061/658/5 1079/661/5 1078/699/5 1070/700/5 1091/694/5 1086/695/5 1056/689/5 1074/690/5 1066/716/5 1041/680/5
f 1043/676/5 1093/675/5 1065/713/5 1042/677/5
f 1088/710/1 1075/650/1 1083/649/1 1051/711/1
f 1063/668/3 1091/694/3 1142/694/3 1141/668/3
f 1062/659/3 1061/658/3 1137/658/3 1140/659/3
f 1094/702/3 1092/701/3 1143/701/3 1146/702/3
f 1095/686/3 1096/685/3 1149/685/3 1148/686/3
f 1082/666/3 1056/689/3 1130/689/3 1120/666/3
f 1081/638/3 1047/637/3 1109/637/3 1118/638/3
f 1098/706/3 1066/705/3 1107/705/3 1151/706/3
f 1075/650/3 1088/710/3 1135/710/3 1112/650/3
f 1049/648/3 1050/707/3 1122/707/3 1121/648/3
f 1085/692/3 1054/691/3 1126/691/3 1129/692/3
f 1100/697/3 1077/696/3 1114/696/3 1154/697/3
f 1097/646/3 1073/678/3 1103/678/3 1150/646/3
f 1087/682/3 1058/681/3 1134/681/3 1133/682/3
f 1052/670/3 1078/699/3 1115/699/3 1125/670/3
f 1499/732/18 1498/733/18 1754/734/18 1501/735/18 1500/736/18 1755/737/18
f 1820/746/8 1819/747/8 1744/748/8 1751/739/8
f 1200/777/1 1199/778/1 1207/69/1 1208/58/1
f 1202/779/5 1201/771/5 1209/34/5 1210/35/5
f 1203/772/1 1200/777/1 1208/58/1 1211/749/1
f 1199/778/1 1204/773/1 1212/744/1 1207/69/1
f 1205/780/5 1202/779/5 1210/35/5 1213/752/5
f 1201/771/5 1206/770/5 1214/754/5 1209/34/5
f 1206/770/5 1205/780/5 1213/752/5 1214/754/5
f 1204/773/1 1203/772/1 1211/749/1 1212/744/1
f 1502/1082/18 1752/1081/18 1753/1083/18 1503/1084/18
f 1521/1097/135 1528/1098/135 1560/1098/135 1553/1097/135
f 1527/1099/4 1518/1100/4 1550/1100/4 1559/1099/4
f 1517/1101/4 1516/1102/4 1548/1102/4 1549/1101/4
f 1523/1103/129 1527/1099/129 1559/1099/129 1555/1103/129
f 1516/1102/132 1517/1101/132 1533/764/132 1532/1086/132
f 1519/1104/133 1518/1100/133 1534/1089/133 1535/1088/133
f 1517/1101/132 1520/1105/132 1536/763/132 1533/764/132
f 1521/1097/133 1522/1106/133 1538/724/133 1537/729/133
f 1523/1103/133 1519/1104/133 1535/1088/133 1539/1091/133
f 1524/1107/132 1525/1108/132 1541/760/132 1540/1092/132
f 1526/1109/132 1516/1102/132 1532/1086/132 1542/1093/132
f 1527/1099/133 1523/1103/133 1539/1091/133 1543/1094/133
f 1528/1098/133 1521/1097/133 1537/729/133 1544/1095/133
f 1529/1110/132 1524/1107/132 1540/1092/132 1545/1096/132
f 1525/1108/132 1530/1111/132 1546/759/132 1541/760/132
f 1522/1106/133 1531/1112/133 1547/723/133 1538/724/133
f 1530/1111/132 1529/1110/132 1545/1096/132 1546/759/132
f 1520/1105/132 1526/1109/132 1542/1093/132 1536/763/132
f 1531/1112/133 1528/1098/133 1544/1095/133 1547/723/133
f 1518/1100/133 1527/1099/133 1543/1094/133 1534/1089/133
f 1518/1100/135 1519/1104/135 1551/1104/135 1550/1100/135
f 1524/1107/128 1529/1110/128 1561/1110/128 1556/1107/128
f 1520/1105/128 1517/1101/128 1549/1101/128 1552/1105/128
f 1530/1111/134 1525/1108/134 1557/1108/134 1562/1111/134
f 1522/1106/4 1521/1097/4 1553/1097/4 1554/1106/4
f 1531/1112/129 1522/1106/129 1554/1106/129 1563/1112/129
f 1519/1104/8 1523/1103/8 1555/1103/8 1551/1104/8
f 1529/1110/4 1530/1111/4 1562/1111/4 1561/1110/4
f 1525/1108/8 1524/1107/8 1556/1107/8 1557/1108/8
f 1526/1109/8 1520/1105/8 1552/1105/8 1558/1109/8
f 1516/1102/134 1526/1109/134 1558/1109/134 1548/1102/134
f 1528/1098/8 1531/1112/8 1563/1112/8 1560/1098/8
f 1745/1169/8 1748/1168/8 1743/1164/8 1749/721/8
f 1746/1170/8 1745/1169/8 1749/721/8 1750/722/8
f 1747/1174/8 1822/1175/8 1818/1172/8 1820/738/8
f 1744/748/8 1746/1170/8 1750/722/8 1751/739/8
f 1748/1168/8 1821/1173/8 1747/1163/8 1743/1164/8
f 1496/1085/18 1497/1177/18 1753/1083/18 1752/1081/18
f 1498/733/18 1496/1085/18 1752/1081/18 1754/734/18
f 1497/1177/18 1499/732/18 1755/737/18 1753/1083/18
f 1804/1215/184 1805/1216/184 1817/1216/184 1816/1215/184
f 1803/1217/185 1809/1218/185 1812/1218/185 1815/1217/185
f 1803/1217/189 1802/1219/189 1806/1194/189 1807/1212/189
f 1804/1215/190 1809/1218/190 1800/1214/190 1808/1213/190
f 1805/1216/191 1804/1215/191 1808/1213/191 1810/1182/191
f 1811/1220/192 1805/1216/192 1810/1182/192 1801/1183/192
f 1809/1218/189 1803/1217/189 1807/1212/189 1800/1214/189
f 1802/1219/189 1811/1220/189 1801/1183/189 1806/1194/189
f 1802/1219/194 1803/1217/194 1815/1217/194 1814/1219/194
f 1811/1220/195 1802/1219/195 1814/1219/195 1813/1220/195
f 1805/1216/1 1811/1220/1 1813/1220/1 1817/1216/1
f 1809/1218/5 1804/1215/5 1816/1215/5 1812/1218/5
f 1818/1223/8 1819/1224/8 1820/746/8
f 1821/1173/8 1822/1225/8 1747/1174/8
f 1836/1229/200 1837/1230/200 1849/1230/200 1848/1229/200
f 1838/1231/201 1833/1232/201 1845/1232/201 1850/1231/201
f 1835/1233/204 1839/1234/204 1834/1228/204 1840/1227/204
f 1836/1229/198 1833/1232/198 1842/1222/198 1841/1178/198
f 1837/1230/8 1836/1229/8 1841/1178/8 1843/1179/8
f 1839/1234/199 1837/1230/199 1843/1179/199 1834/1228/199
f 1833/1232/204 1838/1231/204 1844/1221/204 1842/1222/204
f 1838/1231/197 1835/1233/197 1840/1227/197 1844/1221/197
f 1839/1234/206 1835/1233/206 1847/1233/206 1846/1234/206
f 1835/1233/207 1838/1231/207 1850/1231/207 1847/1233/207
f 1837/1230/1 1839/1234/1 1846/1234/1 1849/1230/1
f 1833/1232/5 1836/1229/5 1848/1229/5 1845/1232/5
usemtl M_Orange
f 194/273/18 195/276/18 196/305/18 193/281/18
f 198/308/18 199/309/18 200/279/18 197/274/18
f 202/289/18 203/290/18 204/391/18 201/390/18
f 206/269/18 207/280/18 208/393/18 205/270/18
f 219/272/18 194/273/18 193/281/18 210/282/18
f 224/402/18 198/308/18 197/274/18 212/275/18
f 207/280/18 222/400/18 214/395/18 208/393/18
f 217/398/18 202/289/18 201/390/18 216/397/18
f 199/309/18 223/401/18 211/278/18 200/279/18
f 221/268/18 206/269/18 205/270/18 213/271/18
f 220/277/18 209/304/18 196/305/18 195/276/18
f 203/290/18 218/399/18 215/396/18 204/391/18
f 886/552/5 885/551/5 888/553/5 887/554/5
f 890/549/1 889/547/1 892/542/1 891/543/1
f 894/558/5 893/557/5 896/559/5 895/560/5
f 898/563/1 897/562/1 900/564/1 899/565/1
f 905/515/1 906/522/1 908/570/1 907/514/1
f 914/576/5 913/575/5 916/577/5 915/578/5
f 926/584/1 925/583/1 928/585/1 927/586/1
f 941/595/5 942/548/5 944/545/5 943/546/5
f 1166/717/5 1165/520/5 1168/521/5 1167/718/5
f 1170/720/1 1169/719/1 1172/518/1 1171/519/1
f 1591/755/18 1582/756/18 1581/1129/18 1592/1137/18
f 1582/756/18 1583/1140/18 1584/1130/18 1581/1129/18
f 1586/1142/18 1587/1141/18 1588/1134/18 1585/1133/18
f 1587/1141/18 1589/1143/18 1590/1136/18 1588/1134/18
f 1583/1140/18 1586/1142/18 1585/1133/18 1584/1130/18
f 1589/1143/18 1591/755/18 1592/1137/18 1590/1136/18
usemtl M_Gris_Metal
f 240/1/1 275/2/1 682/2/1 675/1/1
f 232/3/1 261/4/1 263/5/1 250/6/1
f 39/7/2 269/8/2 288/9/2 41/10/2
f 286/11/3 282/12/3 685/12/3 686/11/3
f 25/13/4 267/14/4 312/15/4 61/13/4
f 268/16/4 228/17/4 708/17/4 709/16/4
f 273/18/1 26/19/1 62/19/1 313/20/1
f 21/21/4 171/22/4 123/22/4 54/21/4
f 259/30/4 21/21/4 54/21/4 305/31/4
f 29/36/1 284/37/1 319/38/1 69/36/1
f 27/39/5 276/40/5 315/41/5 65/39/5
f 43/42/6 285/43/6 264/44/6 45/45/6
f 28/46/5 175/47/5 114/47/5 66/46/5
f 244/48/7 271/49/7 652/50/7 641/51/7
f 278/63/8 31/64/8 26/19/8 273/65/8
f 172/77/5 27/39/5 65/39/5 110/77/5
f 281/81/5 28/46/5 66/46/5 317/82/5
f 274/83/5 237/84/5 674/84/5 683/83/5
f 654/85/6 647/86/6 250/6/6 263/87/6
f 258/88/9 247/89/9 644/90/9 649/91/9
f 270/92/2 255/93/2 646/94/2 655/95/2
f 35/96/9 257/97/9 280/98/9 37/99/9
f 277/106/3 274/83/3 683/83/3 684/106/3
f 267/14/5 25/13/5 33/107/5 272/108/5
f 247/109/1 258/88/1 260/110/1 230/111/1
f 171/112/4 191/113/4 88/114/4 123/112/4
f 161/115/10 162/116/10 31/64/10 33/117/10
f 163/118/11 164/119/11 35/96/11 37/99/11
f 165/120/12 166/121/12 43/42/12 45/45/12
f 167/122/13 168/123/13 39/7/13 41/10/13
f 162/124/14 169/125/14 26/19/14 31/64/14
f 170/126/15 161/127/15 33/107/15 25/13/15
f 21/21/16 35/96/16 164/128/16 171/22/16
f 37/99/14 27/39/14 172/77/14 163/129/14
f 41/10/17 29/36/17 173/130/17 167/131/17
f 23/132/15 39/7/15 168/133/15 174/134/15
f 28/46/17 43/42/17 166/135/17 175/47/17
f 45/45/16 22/136/16 176/137/16 165/138/16
f 169/139/1 180/140/1 115/141/1 116/139/1
f 266/142/8 23/132/8 58/132/8 309/143/8
f 272/144/7 33/117/7 31/64/7 278/63/7
f 257/97/1 35/96/1 21/21/1 259/30/1
f 650/145/5 643/146/5 303/146/5 316/147/5
f 26/19/1 169/125/1 116/125/1 62/19/1
f 261/4/8 232/150/8 706/3/8 711/4/8
f 642/151/1 651/152/1 314/153/1 301/151/1
f 648/154/5 653/155/5 318/155/5 297/154/5
f 656/156/1 645/157/1 299/157/1 320/156/1
f 230/111/4 260/110/4 720/110/4 713/111/4
f 226/166/8 265/167/8 718/167/8 715/168/8
f 346/201/20 335/202/20 334/203/20 352/204/20
f 354/205/21 343/206/21 342/207/21 360/208/21
f 175/47/5 178/215/5 113/216/5 114/47/5
f 276/217/8 27/39/8 37/99/8 280/98/8
f 173/130/1 29/36/1 69/36/1 111/130/1
f 285/43/4 43/42/4 28/46/4 281/81/4
f 176/137/8 22/136/8 57/136/8 109/137/8
f 269/8/5 39/7/5 23/132/5 266/142/5
f 228/17/5 268/16/5 271/220/5 244/221/5
f 23/132/8 174/134/8 132/134/8 58/132/8
f 174/222/8 190/223/8 107/224/8 132/222/8
f 284/37/4 29/36/4 41/10/4 288/9/4
f 22/136/8 262/225/8 307/226/8 57/136/8
f 170/126/4 25/13/4 61/13/4 129/126/4
f 262/225/1 22/136/1 45/45/1 264/44/1
f 255/93/5 270/92/5 265/167/5 226/168/5
f 326/244/4 355/245/4 359/246/4 327/247/4
f 322/250/8 347/251/8 351/252/8 323/253/8
f 190/223/1 188/254/1 130/254/1 107/223/1
f 408/258/25 403/259/25 334/203/25 335/202/25
f 337/229/18 340/238/18 405/260/18 410/261/18
f 410/261/26 405/260/26 342/207/26 343/206/26
f 103/268/4 40/269/4 206/269/4 221/268/4
f 76/270/8 82/271/8 213/271/8 205/270/8
f 87/272/5 32/273/5 194/273/5 219/272/5
f 72/274/4 81/275/4 212/275/4 197/274/4
f 30/276/8 93/277/8 220/277/8 195/276/8
f 80/278/5 73/279/5 200/279/5 211/278/5
f 40/269/2 38/280/2 207/280/2 206/269/2
f 70/281/1 79/282/1 210/282/1 193/281/1
f 118/283/5 185/283/5 177/284/5 112/285/5
f 128/286/2 184/286/2 183/287/2 126/288/2
f 44/289/6 42/290/6 203/290/6 202/289/6
f 117/291/7 186/292/7 185/283/7 118/283/7
f 82/271/5 103/268/5 221/268/5 213/271/5
f 119/293/6 182/294/6 181/295/6 120/295/6
f 102/296/4 179/297/4 170/298/4 129/298/4
f 88/113/5 191/113/5 184/286/5 128/286/5
f 125/299/5 192/300/5 172/301/5 110/301/5
f 112/302/8 177/284/8 176/303/8 109/303/8
f 78/304/4 71/305/4 196/305/4 209/304/4
f 120/295/27 181/295/27 179/297/27 102/297/27
f 182/294/28 119/141/28 115/141/28 180/140/28
f 126/287/29 183/287/29 192/300/29 125/300/29
f 36/308/9 34/309/9 199/309/9 198/308/9
f 329/310/18 332/311/18 403/312/18 408/313/18
f 113/314/30 178/215/30 186/292/30 117/314/30
f 130/254/9 188/254/9 187/315/9 121/316/9
f 122/317/1 189/318/1 173/130/1 111/130/1
f 189/318/31 122/319/31 121/319/31 187/315/31
f 332/311/4 329/310/4 419/310/4 418/311/4
f 340/238/8 337/229/8 421/229/8 424/238/8
f 70/281/18 71/305/18 162/386/18 161/387/18
f 72/274/18 73/279/18 164/388/18 163/389/18
f 74/390/18 75/391/18 166/135/18 165/392/18
f 76/270/18 77/393/18 168/394/18 167/131/18
f 71/305/18 78/304/18 169/139/18 162/386/18
f 79/282/18 70/281/18 161/387/18 170/298/18
f 73/279/18 80/278/18 171/112/18 164/388/18
f 81/275/18 72/274/18 163/389/18 172/301/18
f 82/271/18 76/270/18 167/131/18 173/130/18
f 77/393/18 83/395/18 174/222/18 168/394/18
f 75/391/18 84/396/18 175/47/18 166/135/18
f 85/397/18 74/390/18 165/392/18 176/303/18
f 90/398/18 85/397/18 176/303/18 177/284/18
f 84/396/18 97/399/18 178/215/18 175/47/18
f 87/272/18 79/282/18 170/298/18 179/297/18
f 78/304/18 93/277/18 180/140/18 169/139/18
f 30/276/18 32/273/18 181/295/18 182/294/18
f 34/309/18 36/308/18 183/287/18 184/286/18
f 42/290/18 44/289/18 185/283/18 186/292/18
f 38/280/18 40/269/18 187/315/18 188/254/18
f 93/277/18 30/276/18 182/294/18 180/140/18
f 32/273/18 87/272/18 179/297/18 181/295/18
f 40/269/18 103/268/18 189/318/18 187/315/18
f 83/395/18 59/400/18 190/223/18 174/222/18
f 59/400/18 38/280/18 188/254/18 190/223/18
f 80/278/18 89/401/18 191/113/18 171/112/18
f 89/401/18 34/309/18 184/286/18 191/113/18
f 44/289/18 90/398/18 177/284/18 185/283/18
f 91/402/18 81/275/18 172/301/18 192/300/18
f 36/308/18 91/402/18 192/300/18 183/287/18
f 97/399/18 42/290/18 186/292/18 178/215/18
f 103/268/18 82/271/18 173/130/18 189/318/18
f 83/395/1 77/393/1 208/393/1 214/395/1
f 59/400/4 83/395/4 214/395/4 222/400/4
f 84/396/8 75/391/8 204/391/8 215/396/8
f 38/280/5 59/400/5 222/400/5 207/280/5
f 74/390/5 85/397/5 216/397/5 201/390/5
f 89/401/8 80/278/8 211/278/8 223/401/8
f 85/397/4 90/398/4 217/398/4 216/397/4
f 34/309/1 89/401/1 223/401/1 199/309/1
f 97/399/1 84/396/1 215/396/1 218/399/1
f 71/305/6 70/281/6 193/281/6 196/305/6
f 90/398/1 44/289/1 202/289/1 217/398/1
f 79/282/8 87/272/8 219/272/8 210/282/8
f 73/279/2 72/274/2 197/274/2 200/279/2
f 81/275/1 91/402/1 224/402/1 212/275/1
f 93/277/5 78/304/5 209/304/5 220/277/5
f 75/391/7 74/390/7 201/390/7 204/391/7
f 91/402/49 36/308/49 198/308/49 224/402/49
f 32/273/7 30/276/7 195/276/7 194/273/7
f 77/393/9 76/270/9 205/270/9 208/393/9
f 42/290/29 97/399/29 218/399/29 203/290/29
f 355/245/1 326/244/1 438/244/1 452/245/1
f 708/17/3 228/17/3 528/17/3 542/17/3
f 359/246/50 355/245/50 452/245/50 456/246/50
f 354/205/51 360/208/51 453/208/51 451/205/51
f 718/167/52 265/167/52 537/167/52 540/167/52
f 266/142/55 309/143/55 539/143/55 538/142/55
f 351/252/56 347/251/56 444/251/56 448/252/56
f 346/201/57 352/204/57 445/204/57 443/201/57
f 340/238/61 424/238/61 488/238/61 636/238/61
f 647/86/3 648/154/3 535/154/3 519/86/3
f 326/244/3 327/247/3 440/247/3 438/244/3
f 232/3/3 250/6/3 518/6/3 534/3/3
f 255/93/3 226/168/3 508/168/3 523/93/3
f 322/250/3 323/253/3 436/253/3 434/250/3
f 645/157/3 646/403/3 522/403/3 532/157/3
f 656/156/65 320/156/65 582/156/65 565/156/65
f 319/38/66 284/37/66 566/37/66 581/38/66
f 247/109/3 230/111/3 502/111/3 515/109/3
f 299/157/3 645/157/3 532/157/3 573/157/3
f 643/146/3 644/404/3 514/404/3 530/146/3
f 281/81/67 317/82/67 591/82/67 563/81/67
f 318/155/68 653/155/68 564/155/68 592/155/68
f 228/17/3 244/221/3 512/221/3 528/17/3
f 648/154/3 297/154/3 589/154/3 535/154/3
f 642/151/3 301/151/3 587/151/3 525/151/3
f 641/51/3 642/151/3 525/151/3 509/51/3
f 261/4/70 711/4/70 580/4/70 557/4/70
f 646/94/3 255/93/3 523/93/3 522/94/3
f 307/226/71 262/225/71 558/225/71 579/226/71
f 650/145/72 316/147/72 578/147/72 555/145/72
f 315/41/74 276/40/74 556/40/74 577/41/74
f 303/146/3 643/146/3 530/146/3 571/146/3
f 250/6/3 647/86/3 519/86/3 518/6/3
f 720/110/75 260/110/75 568/110/75 586/110/75
f 259/30/77 305/31/77 585/31/77 567/30/77
f 644/90/3 247/89/3 515/89/3 514/90/3
f 273/18/78 313/20/78 583/20/78 561/18/78
f 314/153/79 651/152/79 562/152/79 584/153/79
f 244/48/3 641/51/3 509/51/3 512/48/3
f 706/3/3 232/150/3 534/150/3 575/3/3
f 226/166/3 715/168/3 505/168/3 508/166/3
f 230/111/3 713/111/3 503/111/3 502/111/3
f 312/15/96 267/14/96 497/14/96 500/15/96
f 403/312/112 332/311/112 616/311/112 605/312/112
f 654/85/18 263/87/18 545/87/18 544/85/18
f 327/247/5 359/246/5 456/246/5 440/247/5
f 405/260/114 340/238/114 636/238/114 597/260/114
f 347/251/5 322/250/5 434/250/5 444/251/5
f 264/44/3 285/43/3 543/43/3 546/44/3
f 329/310/114 408/313/114 602/313/114 617/310/114
f 270/92/18 655/95/18 549/95/18 548/92/18
f 323/253/1 351/252/1 448/252/1 436/253/1
f 337/229/112 410/261/112 594/261/112 613/229/112
f 288/9/3 269/8/3 547/8/3 550/9/3
f 410/261/1 343/206/1 595/206/1 594/261/1
f 258/88/18 649/91/18 553/91/18 552/88/18
f 280/98/3 257/97/3 551/97/3 554/98/3
f 276/217/3 280/98/3 554/98/3 556/217/3
f 342/207/5 405/260/5 597/260/5 600/207/5
f 649/91/18 650/147/18 555/147/18 553/91/18
f 408/258/5 335/202/5 603/202/5 602/258/5
f 262/225/3 264/44/3 546/44/3 558/225/3
f 263/5/18 261/4/18 557/4/18 545/5/18
f 278/63/3 273/65/3 561/65/3 560/63/3
f 651/153/18 652/50/18 559/50/18 562/153/18
f 334/203/1 403/259/1 605/259/1 608/203/1
f 285/43/3 281/81/3 563/81/3 543/43/3
f 653/155/18 654/85/18 544/85/18 564/155/18
f 335/202/5 346/201/5 443/201/5 603/202/5
f 284/37/3 288/9/3 550/9/3 566/37/3
f 655/95/18 656/156/18 565/156/18 549/95/18
f 257/97/3 259/30/3 567/30/3 551/97/3
f 352/204/1 334/203/1 608/203/1 445/204/1
f 260/110/18 258/88/18 552/88/18 568/110/18
f 272/144/3 278/63/3 560/63/3 570/144/3
f 343/206/1 354/205/1 451/205/1 595/206/1
f 652/50/18 271/49/18 569/49/18 559/50/18
f 269/8/3 266/142/3 538/142/3 547/8/3
f 265/167/18 270/92/18 548/92/18 537/167/18
f 360/208/5 342/207/5 600/207/5 453/208/5
f 267/14/3 272/108/3 570/108/3 497/14/3
f 421/229/118 337/229/118 613/229/118 485/229/118
f 271/220/18 268/16/18 498/16/18 569/220/18
f 332/311/36 418/311/36 482/311/36 616/311/36
f 419/310/119 329/310/119 617/310/119 483/310/119
f 268/16/120 709/16/120 499/16/120 498/16/120
f 241/435/8 237/84/8 642/151/8 641/51/8
f 240/1/8 246/436/8 644/404/8 643/146/8
f 236/437/4 254/438/4 646/403/4 645/157/4
f 251/439/4 233/440/4 648/154/4 647/86/4
f 279/441/8 275/2/8 650/147/8 649/91/8
f 274/83/8 277/106/8 652/50/8 651/153/8
f 282/12/4 286/11/4 654/85/4 653/155/4
f 287/442/4 283/443/4 656/156/4 655/95/4
f 286/11/4 251/439/4 647/86/4 654/85/4
f 233/440/4 282/12/4 653/155/4 648/154/4
f 283/443/4 236/437/4 645/157/4 656/156/4
f 254/438/4 287/442/4 655/95/4 646/403/4
f 277/106/8 241/435/8 641/51/8 652/50/8
f 237/84/8 274/83/8 651/153/8 642/151/8
f 275/2/8 240/1/8 643/146/8 650/147/8
f 246/436/8 279/441/8 649/91/8 644/404/8
f 283/443/3 287/442/3 687/442/3 688/443/3
f 237/84/18 241/435/18 673/435/18 674/84/18
f 279/441/5 246/436/5 676/436/5 681/441/5
f 251/439/5 286/11/5 686/11/5 679/439/5
f 246/436/18 240/1/18 675/1/18 676/436/18
f 282/12/1 233/440/1 680/440/1 685/12/1
f 254/438/18 236/437/18 677/437/18 678/438/18
f 236/437/5 283/443/5 688/443/5 677/437/5
f 233/440/18 251/439/18 679/439/18 680/440/18
f 287/442/1 254/438/1 678/438/1 687/442/1
f 275/2/3 279/441/3 681/441/3 682/2/3
f 241/435/1 277/106/1 684/106/1 673/435/1
f 989/615/8 990/616/8 997/616/8 998/615/8
f 995/617/8 996/618/8 1003/618/8 1004/617/8
f 982/608/5 981/610/5 990/616/5 989/615/5
f 981/610/5 984/609/5 991/619/5 990/616/5
f 984/609/5 983/607/5 992/620/5 991/619/5
f 983/607/5 982/608/5 989/615/5 992/620/5
f 986/612/1 985/611/1 994/621/1 993/622/1
f 985/611/1 988/613/1 995/617/1 994/621/1
f 988/613/1 987/614/1 996/618/1 995/617/1
f 987/614/1 986/612/1 993/622/1 996/618/1
f 996/618/18 993/622/18 1002/622/18 1003/618/18
f 991/619/4 992/620/4 999/620/4 1000/619/4
f 992/620/18 989/615/18 998/615/18 999/620/18
f 994/621/3 995/617/3 1004/617/3 1001/621/3
f 993/622/4 994/621/4 1001/621/4 1002/622/4
f 990/616/3 991/619/3 1000/619/3 997/616/3
f 1047/637/8 1046/709/8 1110/709/8 1109/637/8
f 1093/675/8 1094/674/8 1146/674/8 1145/675/8
f 1066/716/4 1074/690/4 1108/690/4 1107/716/4
f 1065/713/18 1093/675/18 1145/675/18 1144/713/18
f 1071/698/18 1064/655/18 1147/655/18 1156/698/18
f 1067/693/18 1068/643/18 1106/643/18 1105/693/18
f 1092/701/4 1065/713/4 1144/713/4 1143/701/4
f 1096/685/8 1071/698/8 1156/698/8 1149/685/8
f 1073/678/8 1069/708/8 1104/708/8 1103/678/8
f 1072/669/8 1063/668/8 1141/668/8 1102/669/8
f 1070/700/18 1072/669/18 1102/669/18 1101/700/18
f 1050/707/8 1051/711/8 1155/711/8 1122/707/8
f 1116/661/122 1124/660/122 1125/670/122 1115/699/122
f 1155/711/123 1123/649/123 1121/648/123 1122/707/123
f 1127/679/123 1128/645/123 1129/692/123 1126/691/123
f 1131/695/122 1119/667/122 1120/666/122 1130/689/122
f 1153/704/122 1132/703/122 1133/682/122 1134/681/122
f 1110/688/123 1152/687/123 1118/638/123 1109/637/123
f 1136/640/123 1111/639/123 1112/650/123 1135/710/123
f 1138/684/122 1139/683/122 1140/659/122 1137/658/122
f 1108/690/122 1117/665/122 1151/706/122 1107/705/122
f 1105/693/123 1106/643/123 1154/697/123 1114/696/123
f 1104/708/123 1113/647/123 1150/646/123 1103/678/123
f 1101/700/122 1102/669/122 1141/668/122 1142/694/122
f 1144/713/122 1145/675/122 1146/702/122 1143/701/122
f 1156/698/123 1147/655/123 1148/686/123 1149/685/123
f 1045/651/4 1075/650/4 1112/650/4 1111/651/4
f 1064/655/4 1095/654/4 1148/654/4 1147/655/4
f 1069/708/18 1076/647/18 1113/647/18 1104/708/18
f 1077/696/8 1067/693/8 1105/693/8 1114/696/8
f 1078/699/4 1079/661/4 1116/661/4 1115/699/4
f 1086/695/18 1048/667/18 1119/667/18 1131/695/18
f 1074/690/18 1080/665/18 1117/665/18 1108/690/18
f 1076/647/4 1097/646/4 1150/646/4 1113/647/4
f 1048/667/8 1082/666/8 1120/666/8 1119/667/8
f 1089/640/18 1045/639/18 1111/639/18 1136/640/18
f 1083/649/4 1049/648/4 1121/648/4 1123/649/4
f 1057/653/4 1081/652/4 1118/652/4 1152/653/4
f 1084/660/8 1052/670/8 1125/670/8 1124/660/8
f 1099/704/18 1059/703/18 1132/703/18 1153/704/18
f 1054/712/8 1053/679/8 1127/679/8 1126/712/8
f 1080/665/8 1098/664/8 1151/664/8 1117/665/8
f 1053/679/18 1055/645/18 1128/645/18 1127/679/18
f 1046/688/18 1057/687/18 1152/687/18 1110/688/18
f 1055/645/4 1085/644/4 1129/644/4 1128/645/4
f 1058/681/4 1099/714/4 1153/714/4 1134/681/4
f 1056/689/4 1086/695/4 1131/695/4 1130/689/4
f 1091/694/4 1070/700/4 1101/700/4 1142/694/4
f 1059/673/8 1087/672/8 1133/672/8 1132/673/8
f 1068/643/4 1100/642/4 1154/642/4 1106/643/4
f 1088/710/8 1089/640/8 1136/640/8 1135/710/8
f 1051/711/18 1083/649/18 1123/649/18 1155/711/18
f 1061/658/4 1060/715/4 1138/715/4 1137/658/4
f 1060/684/18 1090/683/18 1139/683/18 1138/684/18
f 1079/661/18 1084/660/18 1124/660/18 1116/661/18
f 1090/671/8 1062/659/8 1140/659/8 1139/671/8
f 1564/721/3 1565/722/3 1750/722/3 1749/721/3
f 1192/723/124 1182/724/124 1538/724/124 1547/723/124
f 1510/725/4 1567/726/4 1568/727/4 1511/728/4
f 1182/724/4 1489/729/4 1537/729/4 1538/724/4
f 1185/66/3 1179/730/3 1177/731/3 1189/80/3
f 1175/738/8 1509/739/8 1742/740/8 1737/741/8
f 1433/742/4 1510/725/4 1511/728/4 1194/743/4
f 1196/744/125 1513/745/125 1510/725/125 1433/742/125
f 1175/738/126 1820/738/126 1751/739/126 1509/739/126
f 1195/749/1 1515/750/1 1513/745/1 1196/744/1
f 1194/743/5 1511/728/5 1514/751/5 1197/752/5
f 1197/752/5 1514/751/5 1512/753/5 1198/754/5
f 1579/755/5 1174/756/5 1582/756/5 1591/755/5
f 1737/757/3 1186/75/3 1188/60/3 1738/758/3
f 1209/34/3 1208/58/3 1207/69/3 1210/35/3
f 1190/759/127 1184/760/127 1541/760/127 1546/759/127
f 1287/761/8 1288/762/8 1295/762/8 1296/761/8
f 1493/763/128 1488/764/128 1533/764/128 1536/763/128
f 1288/762/129 1289/765/129 1298/765/129 1295/762/129
f 1196/744/8 1185/69/8 1207/69/8 1212/744/8
f 1177/731/5 1194/743/5 1197/752/5 1189/35/5
f 1198/754/4 1188/34/4 1209/34/4 1214/754/4
f 1188/34/5 1198/754/5 1512/753/5 1739/766/5 1738/767/5
f 1185/69/130 1196/744/130 1433/742/130 1179/730/130
f 1189/35/8 1197/752/8 1213/752/8 1210/35/8
f 1195/749/3 1196/744/3 1212/744/3 1211/749/3
f 1186/58/4 1195/749/4 1211/749/4 1208/58/4
f 1197/752/3 1198/754/3 1214/754/3 1213/752/3
f 1593/798/18 1597/799/18 1678/799/18 1676/800/18
f 1264/801/8 1280/801/8 1642/801/8 1679/802/8 1677/803/8 1596/804/8 1236/801/8
f 1683/805/8 1682/806/8 1647/807/8 1271/807/8 1254/807/8 1237/807/8 1600/808/8
f 1599/810/18 1603/811/18 1686/812/18 1684/810/18
f 1253/813/4 1268/813/4 1646/813/4 1687/814/4 1685/815/4 1602/816/4 1238/813/4
f 1691/817/4 1690/818/4 1651/819/4 1277/819/4 1261/819/4 1239/819/4 1606/820/4
f 1605/821/18 1609/791/18 1694/791/18 1692/792/18
f 1262/822/8 1278/822/8 1650/822/8 1695/823/8 1693/824/8 1608/825/8 1240/822/8
f 1699/826/4 1698/827/4 1655/828/4 1275/828/4 1259/828/4 1241/828/4 1612/829/4
f 1611/830/18 1615/831/18 1702/832/18 1700/833/18
f 1260/834/8 1276/834/8 1654/834/8 1703/835/8 1701/836/8 1614/837/8 1242/834/8
f 1707/838/4 1706/839/4 1659/840/4 1281/840/4 1265/840/4 1243/840/4 1618/841/4
f 1617/842/18 1621/843/18 1710/843/18 1708/844/18
f 1266/845/8 1282/845/8 1658/845/8 1711/846/8 1709/847/8 1620/848/8 1244/845/8
f 1715/849/8 1714/850/8 1663/851/8 1272/851/8 1255/851/8 1245/851/8 1624/852/8
f 1623/853/18 1627/854/18 1718/854/18 1716/855/18
f 1256/856/4 1273/856/4 1662/857/4 1719/858/4 1717/859/4 1626/860/4 1246/856/4
f 1723/861/8 1722/862/8 1667/863/8 1274/863/8 1258/863/8 1247/863/8 1630/864/8
f 1629/865/18 1633/866/18 1726/866/18 1724/865/18
f 1257/867/4 1267/867/4 1666/867/4 1727/868/4 1725/869/4 1632/870/4 1248/867/4
f 1731/871/8 1730/872/8 1671/873/8 1269/873/8 1251/873/8 1249/873/8 1636/874/8
f 1635/875/18 1639/795/18 1734/795/18 1732/796/18
f 1252/876/4 1270/876/4 1670/876/4 1735/877/4 1733/878/4 1638/879/4 1250/876/4
f 1641/880/5 1644/881/5 1673/882/5 1680/883/5
f 1257/867/5 1258/863/5 1274/863/5 1267/867/5
f 1264/801/1 1263/809/1 1279/809/1 1280/801/1
f 1250/876/3 1249/873/3 1251/873/3 1252/876/3
f 1238/813/3 1237/807/3 1254/807/3 1253/813/3
f 1246/856/3 1245/851/3 1255/851/3 1256/856/3
f 1248/867/3 1247/863/3 1258/863/3 1257/867/3
f 1242/834/3 1241/828/3 1259/828/3 1260/834/3
f 1240/822/3 1239/819/3 1261/819/3 1262/822/3
f 1236/801/3 1235/809/3 1263/809/3 1264/801/3
f 1244/845/3 1243/840/3 1265/840/3 1266/845/3
f 1657/916/5 1660/917/5 1705/918/5 1712/919/5
f 1665/920/1 1668/921/1 1721/922/1 1728/923/1
f 1645/924/1 1648/925/1 1681/926/1 1688/927/1
f 1673/882/15 1676/928/15 1678/799/15 1680/883/15
f 1653/929/5 1656/930/5 1697/931/5 1704/932/5
f 1661/933/1 1664/934/1 1713/935/1 1720/936/1
f 1669/937/1 1672/938/1 1729/939/1 1736/940/1
f 1649/941/5 1652/942/5 1689/943/5 1696/944/5
f 1262/822/1 1261/819/1 1277/819/1 1278/822/1
f 1252/876/5 1251/873/5 1269/873/5 1270/876/5
f 1266/845/1 1265/840/1 1281/840/1 1282/845/1
f 1256/856/5 1255/851/5 1272/851/5 1273/856/5
f 1260/834/1 1259/828/1 1275/828/1 1276/834/1
f 1253/813/5 1254/807/5 1271/807/5 1268/813/5
f 1514/751/132 1571/134/132 1284/947/132 1283/948/132
f 1571/134/132 1569/126/132 1285/949/132 1284/947/132
f 1569/126/132 1512/753/132 1286/950/132 1285/949/132
f 1512/753/132 1514/751/132 1283/948/132 1286/950/132
f 1515/750/133 1570/22/133 1288/762/133 1287/761/133
f 1570/22/133 1566/137/133 1289/765/133 1288/762/133
f 1566/137/133 1513/745/133 1290/951/133 1289/765/133
f 1513/745/133 1515/750/133 1287/761/133 1290/951/133
f 1284/947/134 1285/949/134 1294/949/134 1291/947/134
f 1289/765/4 1290/951/4 1297/951/4 1298/765/4
f 1283/948/4 1284/947/4 1291/947/4 1292/948/4
f 1290/951/135 1287/761/135 1296/761/135 1297/951/135
f 1285/949/8 1286/950/8 1293/950/8 1294/949/8
f 1286/950/128 1283/948/128 1292/948/128 1293/950/128
f 1431/1036/3 1435/1037/3 1438/1038/3 1437/1036/3
f 1194/743/4 1177/731/4 1428/1039/4 1434/1040/4
f 1434/1041/1 1428/1039/1 1430/1039/1 1439/1040/1
f 1177/731/4 1179/730/4 1427/1042/4 1428/1039/4
f 1428/1039/18 1427/1042/18 1429/1042/18 1430/1039/18
f 1433/742/4 1194/1043/4 1435/1038/4 1431/1036/4
f 1179/730/4 1433/1044/4 1432/1045/4 1427/1042/4
f 1431/1036/4 1432/1046/4 1433/1044/4
f 1434/1041/4 1435/1047/4 1194/1043/4
f 1438/1038/136 1435/1037/136 1434/1041/136 1439/1040/136
f 1436/1045/137 1432/1048/137 1431/1036/137 1437/1036/137
f 1427/1042/5 1432/1048/5 1436/1045/5 1429/1042/5
f 1573/735/5 1501/735/5 1754/734/5 1752/1081/5 1574/1081/5
f 1496/1085/147 1498/733/147 1758/733/147 1756/1085/147
f 1575/1082/5 1574/1081/5 1752/1081/5 1502/1082/5
f 1577/1083/1 1576/1084/1 1503/1084/1 1753/1083/1
f 1576/1084/8 1575/1082/8 1502/1082/8 1503/1084/8
f 1573/735/4 1572/736/4 1500/736/4 1501/735/4
f 1181/1086/132 1488/764/132 1740/1087/132 1739/766/132
f 1491/1088/133 1490/1089/133 1566/137/133 1567/726/133
f 1488/764/132 1493/763/132 1569/126/132 1740/1087/132
f 1489/729/133 1182/724/133 1742/740/133 1741/1090/133
f 1183/1091/133 1491/1088/133 1567/726/133 1510/725/133
f 1492/1092/132 1184/760/132 1511/728/132 1568/727/132
f 1191/1093/132 1181/1086/132 1739/766/132 1512/753/132
f 1193/1094/133 1183/1091/133 1510/725/133 1513/745/133
f 1494/1095/133 1489/729/133 1741/1090/133 1570/22/133
f 1495/1096/132 1492/1092/132 1568/727/132 1571/134/132
f 1184/760/132 1190/759/132 1514/751/132 1511/728/132
f 1182/724/133 1192/723/133 1515/750/133 1742/740/133
f 1190/759/132 1495/1096/132 1571/134/132 1514/751/132
f 1493/763/132 1191/1093/132 1512/753/132 1569/126/132
f 1192/723/133 1494/1095/133 1570/22/133 1515/750/133
f 1490/1089/133 1193/1094/133 1513/745/133 1566/137/133
f 1491/1088/8 1183/1091/8 1539/1091/8 1535/1088/8
f 1495/1096/4 1190/759/4 1546/759/4 1545/1096/4
f 1184/760/8 1492/1092/8 1540/1092/8 1541/760/8
f 1191/1093/8 1493/763/8 1536/763/8 1542/1093/8
f 1181/1086/127 1191/1093/127 1542/1093/127 1532/1086/127
f 1494/1095/8 1192/723/8 1547/723/8 1544/1095/8
f 1183/1091/124 1193/1094/124 1543/1094/124 1539/1091/124
f 1488/764/4 1181/1086/4 1532/1086/4 1533/764/4
f 1193/1094/4 1490/1089/4 1534/1089/4 1543/1094/4
f 1489/729/135 1494/1095/135 1544/1095/135 1537/729/135
f 1490/1089/135 1491/1088/135 1535/1088/135 1534/1089/135
f 1492/1092/128 1495/1096/128 1545/1096/128 1540/1092/128
f 1282/845/3 1281/840/3 1659/840/3 1660/1113/3 1657/916/3 1658/845/3
f 1280/801/3 1279/809/3 1643/1114/3 1644/881/3 1641/880/3 1642/801/3
f 1270/876/3 1269/873/3 1671/873/3 1672/938/3 1669/937/3 1670/876/3
f 1278/822/3 1277/819/3 1651/1115/3 1652/1116/3 1649/941/3 1650/1117/3
f 1268/813/3 1271/807/3 1647/807/3 1648/925/3 1645/1118/3 1646/813/3
f 1276/834/3 1275/828/3 1655/1119/3 1656/1120/3 1653/1121/3 1654/834/3
f 1689/943/15 1692/792/15 1694/791/15 1696/944/15
f 1705/918/15 1708/844/15 1710/843/15 1712/919/15
f 1273/856/3 1272/851/3 1663/1122/3 1664/934/3 1661/933/3 1662/856/3
f 1697/931/15 1700/830/15 1702/832/15 1704/932/15
f 1721/1123/16 1724/865/16 1726/866/16 1728/1124/16
f 1681/926/16 1684/1125/16 1686/812/16 1688/1126/16
f 1267/867/3 1274/863/3 1667/863/3 1668/921/3 1665/920/3 1666/867/3
f 1713/935/16 1716/855/16 1718/854/16 1720/1127/16
f 1729/939/16 1732/796/16 1734/795/16 1736/1128/16
f 1505/1129/18 1508/1130/18 1741/1131/18 1740/1132/18
f 1506/1133/18 1507/1134/18 1567/726/18 1566/1135/18
f 1507/1134/18 1578/1136/18 1568/727/18 1567/726/18
f 1579/755/18 1577/1083/18 1572/736/18 1174/756/18
f 1580/1137/18 1505/1129/18 1740/1132/18 1569/1138/18 1571/1139/18
f 1578/1136/18 1580/1137/18 1571/1139/18 1568/727/18
f 1176/1140/18 1174/756/18 1572/736/18 1573/735/18
f 1180/1141/18 1187/1142/18 1574/1081/18 1575/1082/18
f 1178/1143/18 1180/1141/18 1575/1082/18 1576/1084/18
f 1187/1142/18 1176/1140/18 1573/735/18 1574/1081/18
f 1506/1133/5 1508/1130/5 1584/1130/5 1585/1133/5
f 1579/755/18 1178/1143/18 1576/1084/18 1577/1083/18
f 1178/1143/5 1579/755/5 1591/755/5 1589/1143/5
f 1580/1137/1 1578/1136/1 1590/1136/1 1592/1137/1
f 1506/1133/18 1566/1135/18 1570/1144/18 1741/1131/18 1508/1130/18
f 1505/1129/1 1580/1137/1 1592/1137/1 1581/1129/1
f 1176/1140/1 1187/1142/1 1586/1142/1 1583/1140/1
f 1508/1130/4 1505/1129/4 1581/1129/4 1584/1130/4
f 1174/756/8 1176/1140/8 1583/1140/8 1582/756/8
f 1507/1134/5 1506/1133/5 1585/1133/5 1588/1134/5
f 1187/1142/1 1180/1141/1 1587/1141/1 1586/1142/1
f 1578/1136/8 1507/1134/8 1588/1134/8 1590/1136/8
f 1180/1141/4 1178/1143/4 1589/1143/4 1587/1141/4
f 1674/1161/148 1675/1162/148 1676/928/148 1673/882/148
f 1677/803/149 1679/802/149 1680/883/149 1678/799/149
f 1682/806/150 1683/805/150 1684/1125/150 1681/926/150
f 1685/815/151 1687/814/151 1688/1126/151 1686/812/151
f 1690/818/148 1691/817/148 1692/792/148 1689/943/148
f 1693/824/149 1695/823/149 1696/944/149 1694/791/149
f 1698/827/148 1699/826/148 1700/830/148 1697/931/148
f 1701/836/149 1703/835/149 1704/932/149 1702/832/149
f 1706/839/148 1707/838/148 1708/844/148 1705/918/148
f 1709/847/149 1711/846/149 1712/919/149 1710/843/149
f 1714/850/150 1715/849/150 1716/855/150 1713/935/150
f 1717/859/151 1719/858/151 1720/1127/151 1718/854/151
f 1722/862/150 1723/861/150 1724/865/150 1721/1123/150
f 1725/869/151 1727/868/151 1728/1124/151 1726/866/151
f 1730/872/150 1731/871/150 1732/796/150 1729/939/150
f 1733/878/151 1735/877/151 1736/1128/151 1734/795/151
f 1679/802/152 1642/801/152 1641/880/152 1680/883/152
f 1643/809/153 1674/1161/153 1673/882/153 1644/881/153
f 1675/1162/154 1594/914/154 1593/798/154 1676/800/154
f 1596/804/155 1677/803/155 1678/799/155 1597/799/155
f 1683/805/155 1600/808/155 1599/810/155 1684/810/155
f 1602/816/154 1685/815/154 1686/812/154 1603/811/154
f 1681/926/156 1648/925/156 1647/807/156 1682/806/156
f 1687/814/157 1646/813/157 1645/924/157 1688/927/157
f 1691/817/154 1606/820/154 1605/821/154 1692/792/154
f 1608/825/155 1693/824/155 1694/791/155 1609/791/155
f 1689/943/153 1652/942/153 1651/819/153 1690/818/153
f 1695/823/152 1650/822/152 1649/941/152 1696/944/152
f 1699/826/154 1612/829/154 1611/830/154 1700/833/154
f 1614/837/155 1701/836/155 1702/832/155 1615/831/155
f 1697/931/153 1656/930/153 1655/828/153 1698/827/153
f 1703/835/152 1654/834/152 1653/929/152 1704/932/152
f 1707/838/154 1618/841/154 1617/842/154 1708/844/154
f 1620/848/155 1709/847/155 1710/843/155 1621/843/155
f 1705/918/153 1660/917/153 1659/840/153 1706/839/153
f 1711/846/152 1658/845/152 1657/916/152 1712/919/152
f 1715/849/155 1624/852/155 1623/853/155 1716/855/155
f 1626/860/154 1717/859/154 1718/854/154 1627/854/154
f 1713/935/156 1664/934/156 1663/851/156 1714/850/156
f 1719/858/157 1662/857/157 1661/933/157 1720/936/157
f 1723/861/155 1630/864/155 1629/865/155 1724/865/155
f 1632/870/154 1725/869/154 1726/866/154 1633/866/154
f 1721/922/156 1668/921/156 1667/863/156 1722/862/156
f 1727/868/157 1666/867/157 1665/920/157 1728/923/157
f 1731/871/155 1636/874/155 1635/875/155 1732/796/155
f 1638/879/154 1733/878/154 1734/795/154 1639/795/154
f 1729/939/156 1672/938/156 1671/873/156 1730/872/156
f 1735/877/157 1670/876/157 1669/937/157 1736/940/157
f 1675/1162/4 1674/1161/4 1643/809/4 1279/809/4 1263/809/4 1235/809/4 1594/914/4
f 1173/1163/8 1175/738/8 1737/741/8 1738/162/8
f 1564/721/8 1504/1164/8 1739/1165/8 1740/1166/8
f 1565/722/8 1564/721/8 1740/1166/8 1741/1090/8
f 1504/1164/8 1173/1163/8 1738/162/8 1739/1165/8
f 1509/739/8 1565/722/8 1741/1090/8 1742/740/8
f 1173/1163/1 1504/1164/1 1743/1164/1 1747/1163/1
f 1175/738/159 1173/1163/159 1747/1163/159 1820/738/159
f 1565/722/161 1509/739/161 1751/739/161 1750/722/161
f 1504/1164/162 1564/721/162 1749/721/162 1743/1164/162
f 1737/741/1 1742/740/1 1515/750/1 1195/749/1 1186/58/1
f 1756/1085/18 1758/733/18 1759/732/18 1757/1177/18
f 1497/1177/166 1496/1085/166 1756/1085/166 1757/1177/166
f 1499/732/167 1497/1177/167 1757/1177/167 1759/732/167
f 1498/733/168 1499/732/168 1759/732/168 1758/733/168
f 1572/736/1 1577/1083/1 1753/1083/1 1755/737/1 1500/736/1
f 1847/1233/197 1850/1231/197 1845/1232/197 1846/1234/197
f 1848/1229/205 1849/1230/205 1846/1234/205 1845/1232/205
usemtl M_Cyan
f 693/454/4 704/459/4 703/449/4 694/450/4
f 691/452/8 698/447/8 697/448/8 692/453/8
f 695/455/4 702/458/4 701/457/4 696/456/4
f 689/446/8 700/444/8 699/445/8 690/451/8
f 902/567/1 901/566/1 904/568/1 903/569/1
f 918/538/5 917/537/5 920/516/5 919/517/5
f 922/580/5 921/579/5 924/581/5 923/582/5
f 930/544/1 929/541/1 932/539/1 931/540/1
f 934/588/1 933/587/1 936/589/1 935/590/1
f 938/592/5 937/591/5 940/593/5 939/594/5
f 1014/627/5 1013/625/5 1016/626/5 1015/628/5
f 1018/630/1 1017/629/1 1020/623/1 1019/624/1
f 1559/1099/133 1550/1100/133 1551/1104/133 1555/1103/133
f 1558/1109/132 1552/1105/132 1549/1101/132 1548/1102/132
f 1557/1108/132 1556/1107/132 1561/1110/132 1562/1111/132
f 1554/1106/133 1553/1097/133 1560/1098/133 1563/1112/133
f 1814/1219/189 1815/1217/189 1812/1218/189 1813/1220/189
f 1816/1215/193 1817/1216/193 1813/1220/193 1812/1218/193
usemtl M_Red
f 1389/974/133 1358/975/133 1355/976/133 1388/977/133
f 1393/978/132 1362/979/132 1359/980/132 1392/981/132
f 1385/958/132 1354/957/132 1351/982/132 1384/983/132
f 1380/984/133 1381/985/133 1350/986/133 1347/987/133
f 1368/1011/132 1369/954/132 1310/953/132 1309/968/132
f 1365/995/133 1382/994/133 1379/1004/133 1364/1003/133
f 1311/970/133 1398/998/133 1395/1012/133 1312/971/133
f 1397/1022/133 1366/996/133 1363/1023/133 1396/1024/133
f 1361/964/132 1378/963/132 1375/1015/132 1360/1014/132
f 1345/1025/132 1386/959/132 1383/1019/132 1344/1018/132
f 1352/1020/132 1353/956/132 1370/1026/132 1367/1027/132
f 1349/993/133 1390/992/133 1387/1028/133 1348/999/133
f 1356/1008/133 1357/990/133 1374/1029/133 1371/1030/133
f 1372/1031/133 1373/1032/133 1314/972/133 1313/973/133
f 1307/952/132 1394/1033/132 1391/1034/132 1308/969/132
f 1376/1016/132 1377/962/132 1346/961/132 1343/1035/132
f 1476/1075/4 1477/1067/4 1479/1068/4 1478/1076/4
f 1480/1071/4 1481/1072/4 1483/1077/4 1482/1078/4
f 1484/1080/4 1485/1079/4 1487/1069/4 1486/1070/4
f 1776/1203/18 1777/1195/18 1781/1196/18 1780/1201/18 1779/1197/18 1778/1199/18
f 1875/1250/4 1876/1249/4 1882/1256/4 1881/1254/4 1880/1253/4 1879/1252/4 1878/1239/4 1877/1240/4
