# Blender 4.2.3 LTS
# www.blender.org
mtllib SM_Thermal_T2.mtl
o SM_Thermal_T2
v 0.900000 0.000000 -1.000000
v -0.900000 0.000000 -1.000000
v -0.900000 0.000000 1.000000
v 0.900000 0.000000 1.000000
v -1.250000 0.000000 -0.800000
v -1.250000 0.000000 0.800000
v 1.250000 0.000000 0.800000
v 1.250000 0.000000 -0.800000
v -0.900000 0.000000 -0.800000
v -0.900000 0.000000 0.800000
v 0.900000 0.000000 -0.800000
v 0.900000 0.000000 0.800000
v -1.141911 0.000000 1.000000
v -1.250000 0.000000 0.891911
v -1.250000 0.000000 -0.891911
v -1.141911 0.000000 -1.000000
v 1.250000 0.000000 0.891911
v 1.141911 0.000000 1.000000
v 1.141911 0.000000 -1.000000
v 1.250000 0.000000 -0.891911
v -0.900000 0.843750 -1.000000
v 0.900000 0.843750 -1.000000
v 0.900000 0.843750 1.000000
v 1.085962 0.905231 -0.864929
v -0.900000 0.843750 1.000000
v -1.250000 0.843750 0.800000
v -1.250000 0.843750 -0.800000
v 1.250000 0.843750 -0.800000
v 1.250000 0.843750 0.800000
v -1.145880 0.914766 0.848783
v -1.250000 0.843750 0.891911
v -1.098783 0.914766 0.895880
v -1.141911 0.843750 1.000000
v -1.098783 0.914766 -0.895880
v -1.141911 0.843750 -1.000000
v -1.145880 0.914766 -0.848784
v -1.250000 0.843750 -0.891911
v 1.098783 0.914766 0.895880
v 1.141911 0.843750 1.000000
v 1.145880 0.914766 0.848783
v 1.250000 0.843750 0.891911
v 1.145880 0.914766 -0.848783
v 1.250000 0.843750 -0.891911
v 1.098783 0.914766 -0.895880
v 1.141911 0.843750 -1.000000
v 0.900000 0.000000 -0.990049
v -0.900000 0.000000 -0.990049
v -0.900000 0.000000 0.990049
v 0.900000 0.000000 0.990049
v -1.240049 0.000000 -0.800000
v -1.240049 0.000000 0.800000
v 1.240049 0.000000 0.800000
v 1.240049 0.000000 -0.800000
v -0.900000 0.839943 -0.990807
v -0.876293 0.905235 -0.901469
v 0.876293 0.905235 -0.901469
v 0.900000 0.839943 -0.990807
v 0.900000 0.839943 0.990807
v 0.907245 0.914766 0.895883
v -0.876293 0.905235 0.901469
v -0.900000 0.839943 0.990807
v -1.240807 0.839943 0.800000
v -1.151469 0.905233 0.776293
v -1.151469 0.905233 -0.776293
v -1.240807 0.839943 -0.800000
v 1.240807 0.839943 -0.800000
v 1.151469 0.905233 -0.776293
v 1.151469 0.905233 0.776293
v 1.240807 0.839943 0.800000
v -1.109495 0.914766 0.921740
v -1.171740 0.914766 0.859495
v -1.171740 0.914766 -0.859495
v -1.109495 0.914766 -0.921740
v 1.109495 0.914766 -0.921740
v 1.171739 0.914766 -0.859495
v 1.171739 0.914766 0.859495
v 1.109495 0.914766 0.921740
v -1.171740 0.914766 0.807245
v -0.907245 0.914766 0.921740
v -0.907245 0.914766 -0.921740
v -1.171740 0.914766 -0.807245
v 1.171739 0.914766 0.807245
v 0.907245 0.914766 0.921740
v 1.171739 0.914766 -0.807245
v 0.907245 0.914766 -0.921740
v 0.876293 0.905235 -0.864935
v -0.907245 0.914766 0.895888
v -0.900000 0.905234 -0.888639
v -0.907245 0.914766 -0.895884
v 0.907245 0.914766 -0.895886
v -1.145882 0.914766 -0.807245
v -1.114918 0.905233 0.776293
v -1.145880 0.914766 0.807245
v -1.085963 0.905231 -0.864929
v -1.114933 0.905233 -0.776293
v 1.114925 0.905233 -0.776293
v 1.145878 0.914766 -0.807245
v -1.114929 0.905231 -0.835962
v -1.114918 0.905231 0.835973
v -1.085962 0.905231 0.864929
v 0.876293 0.905235 0.901469
v -0.900000 0.905234 0.888654
v 1.145879 0.914766 0.807245
v 1.114923 0.905233 0.776293
v 1.114923 0.905231 0.835968
v 1.085963 0.905231 0.864929
v 0.900000 0.905234 0.888638
v 1.114925 0.905231 -0.835966
v 0.900000 0.905234 -0.925176
v -1.175176 0.905234 -0.800000
v 1.175176 0.905234 0.800000
v 0.900000 0.905234 -0.888642
v 1.138632 0.905234 -0.800000
v 1.175176 0.905234 -0.800000
v -1.138625 0.905234 0.800000
v -1.175176 0.905234 0.800000
v 1.138632 0.905230 -0.845786
v 1.095783 0.905230 -0.888636
v -1.138625 0.905230 0.845793
v -1.095783 0.905230 0.888636
v 1.138630 0.905230 0.845788
v 1.138630 0.905234 0.800000
v -0.900000 0.905234 -0.925176
v -0.876293 0.905235 -0.864932
v -1.138638 0.905234 -0.800000
v -1.138635 0.905230 -0.845783
v -0.876293 0.905235 0.864949
v -1.095783 0.905230 -0.888636
v -0.900000 0.905234 0.925176
v 1.095783 0.905230 0.888636
v 0.876293 0.905235 0.864931
v 0.900000 0.905234 0.925176
v 0.900000 0.889070 0.800000
v 0.876293 0.889070 0.864931
v 0.900000 0.889070 -0.800000
v -0.876293 0.889070 -0.864932
v -0.900000 0.889070 -0.800000
v 0.876293 0.889070 -0.864935
v -1.114933 0.889069 -0.776293
v -0.876293 0.889070 0.864949
v -0.900000 0.889070 0.800000
v 1.114925 0.889069 -0.776293
v -1.114918 0.889069 0.776293
v 1.114923 0.889069 0.776293
v 0.876293 0.889070 -0.901469
v -1.151469 0.889068 -0.776293
v 1.151469 0.889068 0.776293
v 1.151469 0.889068 -0.776293
v -1.151469 0.889068 0.776293
v 1.114925 0.889066 -0.835966
v 1.085962 0.889067 -0.864929
v -1.114918 0.889066 0.835973
v -1.085962 0.889067 0.864929
v 1.114923 0.889066 0.835968
v -0.876293 0.889070 -0.901469
v -1.114929 0.889066 -0.835962
v -1.085963 0.889067 -0.864929
v -0.876293 0.889070 0.901469
v 1.085963 0.889067 0.864929
v 0.876293 0.889070 0.901469
v -1.112496 0.914766 0.928984
v -1.178984 0.914766 0.862496
v -1.178984 0.914766 -0.862496
v -1.112496 0.914766 -0.928984
v 1.112495 0.914766 -0.928984
v 1.178984 0.914766 -0.862496
v 1.178984 0.914766 0.862496
v 1.112495 0.914766 0.928984
v -1.178984 0.914766 0.800000
v -0.900000 0.914766 0.928984
v -0.900000 0.914766 -0.928984
v -1.178984 0.914766 -0.800000
v 1.178984 0.914766 0.800000
v 0.900000 0.914766 0.928984
v 1.178984 0.914766 -0.800000
v 0.900000 0.914766 -0.928984
v 0.900000 0.914766 -0.888642
v 1.138633 0.914766 -0.800000
v -0.900000 0.914766 0.888643
v -1.138635 0.914766 0.800000
v -1.095783 0.914766 0.888636
v -1.138635 0.914766 0.845783
v -1.138635 0.914766 -0.845783
v -1.095783 0.914766 -0.888636
v 1.095783 0.914766 -0.888636
v 1.138635 0.914766 -0.845783
v 1.138635 0.914766 0.845783
v 1.095783 0.914766 0.888636
v 1.138634 0.914766 0.800000
v 0.900000 0.914766 0.888638
v -0.900000 0.914766 -0.888639
v -1.138638 0.914766 -0.800000
v -1.109495 0.912727 0.921740
v -1.098783 0.912727 0.895880
v -1.145880 0.912727 0.848783
v -1.171740 0.912727 0.859495
v -1.171740 0.912727 -0.859495
v -1.145880 0.912727 -0.848784
v -1.098783 0.912727 -0.895880
v -1.109495 0.912727 -0.921740
v 1.109495 0.912727 -0.921740
v 1.098783 0.912727 -0.895880
v 1.145880 0.912727 -0.848783
v 1.171739 0.912727 -0.859495
v 1.171739 0.912727 0.859495
v 1.145880 0.912727 0.848783
v 1.098783 0.912727 0.895880
v 1.109495 0.912727 0.921740
v -1.171740 0.912727 0.807245
v -0.907245 0.912727 0.921740
v -0.907245 0.912727 -0.921740
v -1.171740 0.912727 -0.807245
v 1.171739 0.912727 0.807245
v 0.907245 0.912727 0.921740
v 1.171739 0.912727 -0.807245
v 0.907245 0.912727 -0.921740
v 0.907245 0.912727 -0.895886
v 1.145878 0.912727 -0.807245
v -0.907245 0.912727 0.895888
v -1.145880 0.912727 0.807245
v 1.145879 0.912727 0.807245
v 0.907245 0.912727 0.895883
v -0.907245 0.912727 -0.895884
v -1.145882 0.912727 -0.807245
v 0.900000 0.052255 1.000000
v 0.900000 0.074304 1.000000
v -0.900000 0.052255 1.000000
v -0.900000 0.074304 1.000000
v -0.900000 0.052255 -1.000000
v -0.900000 0.074304 -1.000000
v 0.900000 0.052255 -1.000000
v 0.900000 0.074304 -1.000000
v 1.250000 0.107498 -0.833194
v 1.250000 0.052255 -0.800000
v 1.250000 0.052255 0.800000
v 1.250000 0.107498 0.833194
v -1.250000 0.107498 0.833194
v -1.250000 0.052255 0.800000
v -1.250000 0.052255 -0.800000
v -1.250000 0.107498 -0.833194
v -1.250000 0.107498 0.858717
v -1.250000 0.052255 0.891911
v -1.141911 0.052255 1.000000
v -1.141911 0.074304 1.000000
v -1.250000 0.052255 -0.891911
v -1.250000 0.107498 -0.858717
v -1.141911 0.074304 -1.000000
v -1.141911 0.052255 -1.000000
v 1.141911 0.052255 -1.000000
v 1.141911 0.074304 -1.000000
v 1.250000 0.107498 -0.858717
v 1.250000 0.052255 -0.891911
v 1.250000 0.052255 0.891911
v 1.250000 0.107498 0.858717
v 1.141911 0.074304 1.000000
v 1.141911 0.052255 1.000000
v -1.141911 0.818895 -1.000000
v -1.141911 0.810842 -1.000000
v -0.900000 0.818894 -1.000000
v -0.900000 0.810842 -1.000000
v 0.900000 0.810842 -1.000000
v 0.900000 0.818894 -1.000000
v 1.141911 0.810842 -1.000000
v 1.141911 0.818895 -1.000000
v 0.900000 0.810842 1.000000
v 0.900000 0.818894 1.000000
v -0.900000 0.818894 1.000000
v -0.900000 0.810842 1.000000
v 1.141911 0.818895 1.000000
v 1.141911 0.810842 1.000000
v -1.141911 0.810842 1.000000
v -1.141911 0.818895 1.000000
v -1.250000 0.818894 0.800000
v -1.250000 0.777648 0.833194
v -1.250000 0.777648 -0.833194
v -1.250000 0.818894 -0.800000
v -1.250000 0.777648 0.858717
v -1.250000 0.818895 0.891911
v -1.250000 0.777648 -0.858717
v -1.250000 0.818895 -0.891911
v 1.250000 0.818894 -0.800000
v 1.250000 0.777648 -0.833194
v 1.250000 0.777648 0.833194
v 1.250000 0.818894 0.800000
v 1.250000 0.818895 -0.891911
v 1.250000 0.777648 -0.858717
v 1.250000 0.777648 0.858717
v 1.250000 0.818895 0.891911
v 0.882939 0.091365 0.990049
v 0.900000 0.052255 0.990049
v -0.900000 0.052255 0.990049
v -0.882939 0.091365 0.990049
v -0.882939 0.091365 -0.990049
v -0.900000 0.052255 -0.990049
v 0.882939 0.091365 -0.990049
v 0.900000 0.052255 -0.990049
v 1.218176 0.140767 -0.720746
v 1.240049 0.052255 -0.800000
v 1.218176 0.140767 0.720746
v 1.240049 0.052255 0.800000
v -1.218176 0.140767 0.720746
v -1.240049 0.052255 0.800000
v -1.218176 0.140767 -0.720746
v -1.240049 0.052255 -0.800000
v -0.900000 0.818894 -0.990171
v -0.882939 0.793781 -0.990049
v 0.900000 0.818894 -0.990171
v 0.882939 0.793781 -0.990049
v 0.900000 0.818894 0.990171
v 0.882939 0.793781 0.990049
v -0.882939 0.793781 0.990049
v -0.900000 0.818894 0.990171
v -1.240171 0.818894 0.800000
v -1.212625 0.736231 0.725389
v -1.240171 0.818894 -0.800000
v -1.212625 0.736231 -0.725389
v 1.240171 0.818894 -0.800000
v 1.212625 0.736231 -0.725389
v 1.240171 0.818894 0.800000
v 1.212625 0.736231 0.725389
v -1.221055 0.142728 0.348000
v -1.240049 0.074304 0.270408
v -1.240049 0.074304 -0.270408
v -1.221055 0.142728 -0.348000
v 1.221055 0.142728 -0.348000
v 1.221055 0.142728 0.348000
v -1.151469 0.905230 0.765238
v -1.151469 0.905232 0.773291
v -1.151469 0.905232 -0.773291
v -1.151469 0.905230 -0.765238
v -1.240807 0.839943 -0.773291
v -1.240807 0.839943 -0.765238
v -1.240807 0.839943 0.765238
v -1.240807 0.839943 0.773291
v 1.151469 0.905230 -0.765238
v 1.151469 0.905232 -0.773291
v 1.151469 0.905232 0.773291
v 1.151469 0.905230 0.765238
v 1.240807 0.839943 0.773291
v 1.240807 0.839943 0.765238
v 1.240807 0.839943 -0.765238
v 1.240807 0.839943 -0.773291
v -1.240171 0.818894 0.773291
v -1.240171 0.818893 0.765238
v -1.218176 0.731589 0.346039
v -1.240171 0.818894 -0.773291
v -1.218176 0.731589 -0.346039
v -1.240171 0.818893 -0.765238
v 1.240171 0.818894 -0.773291
v 1.240171 0.818893 -0.765238
v 1.240049 0.810842 -0.270408
v 1.218176 0.731589 -0.346039
v 1.240171 0.818894 0.773291
v 1.218176 0.731589 0.346039
v 1.240049 0.810842 0.270408
v 1.240171 0.818893 0.765238
v -0.752430 0.091365 -0.990049
v -0.727316 0.074304 -0.990049
v 0.727316 0.074304 -0.990049
v 0.752430 0.091365 -0.990049
v 0.752430 0.091365 0.990049
v 0.727316 0.074304 0.990049
v -0.727316 0.074304 0.990049
v -0.752430 0.091365 0.990049
v -0.727316 0.905231 -0.901469
v -0.735369 0.905231 -0.901469
v 0.735369 0.905231 -0.901469
v 0.727316 0.905231 -0.901469
v 0.735369 0.839943 -0.990807
v 0.727316 0.839943 -0.990807
v -0.727316 0.839943 -0.990807
v -0.735369 0.839943 -0.990807
v -0.735369 0.839943 0.990807
v -0.727316 0.839943 0.990807
v 0.727316 0.839943 0.990807
v 0.735369 0.839943 0.990807
v 0.735369 0.818894 0.990171
v 0.727316 0.818893 0.990171
v 0.727316 0.810842 0.990049
v 0.752430 0.793781 0.990049
v -0.735369 0.818894 0.990171
v -0.752430 0.793781 0.990049
v -0.727316 0.810842 0.990049
v -0.727316 0.818893 0.990171
v -0.735369 0.818894 -0.990171
v -0.727316 0.818893 -0.990171
v -0.727316 0.810842 -0.990049
v -0.752430 0.793781 -0.990049
v 0.735369 0.818894 -0.990171
v 0.752430 0.793781 -0.990049
v 0.727316 0.810842 -0.990049
v 0.727316 0.818893 -0.990171
v 0.727316 0.905231 0.901469
v 0.735369 0.905231 0.901469
v -0.735369 0.905231 0.901469
v -0.727316 0.905231 0.901469
v 0.727316 0.905230 -0.925176
v 0.735369 0.905230 -0.925176
v -1.175176 0.905230 -0.765238
v -1.175176 0.905231 -0.773291
v 1.175176 0.905230 0.765238
v 1.175176 0.905231 0.773291
v -1.175176 0.905231 0.773291
v -1.175176 0.905230 0.765238
v 1.175176 0.905231 -0.773291
v 1.175176 0.905230 -0.765238
v -0.727316 0.905230 0.925176
v -0.735369 0.905230 0.925176
v -0.735369 0.905230 -0.925176
v -0.727316 0.905230 -0.925176
v 0.735369 0.905230 0.925176
v 0.727316 0.905230 0.925176
v -1.151469 0.889067 -0.773291
v -1.151469 0.889066 -0.765238
v -1.151469 0.889066 0.765238
v -1.151469 0.889067 0.773291
v 1.151469 0.889066 -0.765238
v 1.151469 0.889067 -0.773291
v 1.151469 0.889067 0.773291
v 1.151469 0.889066 0.765238
v 0.735369 0.889066 -0.901469
v 0.727316 0.889066 -0.901469
v 0.727316 0.889066 0.901469
v 0.735369 0.889066 0.901469
v -0.727316 0.889066 -0.901469
v -0.735369 0.889066 -0.901469
v -0.735369 0.889066 0.901469
v -0.727316 0.889066 0.901469
v -1.231623 0.074304 0.279575
v -1.231623 0.074304 0.270408
v -1.231623 0.074304 -0.279575
v -1.231623 0.074304 -0.270408
v 1.231623 0.074304 -0.279575
v 1.231623 0.074304 -0.270408
v 1.231623 0.074304 0.279575
v 1.231623 0.074304 0.270408
v -1.231623 0.810927 0.279575
v -1.231746 0.819064 0.773291
v -1.231746 0.819063 0.765238
v -1.231623 0.810927 0.270408
v -1.231746 0.819063 -0.765238
v -1.231746 0.819064 -0.773291
v -1.231623 0.810927 -0.279575
v -1.231623 0.810927 -0.270408
v 1.231623 0.810927 -0.279575
v 1.231746 0.819064 -0.773291
v 1.231746 0.819063 -0.765238
v 1.231623 0.810927 -0.270408
v 1.231746 0.819063 0.765238
v 1.231746 0.819064 0.773291
v 1.231623 0.810927 0.279575
v 1.231623 0.810927 0.270408
v -0.735369 0.074304 -0.981623
v -0.727316 0.074304 -0.981623
v 0.735369 0.074304 -0.981623
v 0.727316 0.074304 -0.981623
v 0.735369 0.074304 0.981623
v 0.727316 0.074304 0.981623
v -0.735369 0.074304 0.981623
v -0.727316 0.074304 0.981623
v 0.735369 0.810927 0.981623
v 0.735369 0.819064 0.981746
v 0.727316 0.819063 0.981746
v 0.727316 0.810927 0.981623
v -0.727316 0.819063 0.981746
v -0.735369 0.819064 0.981746
v -0.735369 0.810927 0.981623
v -0.727316 0.810927 0.981623
v -0.735369 0.810927 -0.981623
v -0.735369 0.819064 -0.981746
v -0.727316 0.819063 -0.981746
v -0.727316 0.810927 -0.981623
v 0.727316 0.819063 -0.981746
v 0.735369 0.819064 -0.981746
v 0.735369 0.810927 -0.981623
v 0.727316 0.810927 -0.981623
v -1.159896 0.889067 -0.773291
v -1.159896 0.889066 -0.765238
v -1.159896 0.889066 0.765238
v -1.159896 0.889067 0.773291
v 1.159896 0.889066 -0.765238
v 1.159896 0.889067 -0.773291
v 1.159896 0.889067 0.773291
v 1.159896 0.889066 0.765238
v 0.735369 0.889066 -0.909896
v 0.727316 0.889066 -0.909896
v 0.727316 0.889066 0.909896
v 0.735369 0.889066 0.909896
v -0.727316 0.889066 -0.909896
v -0.735369 0.889066 -0.909896
v -0.735369 0.889066 0.909896
v -0.727316 0.889066 0.909896
v -0.908427 0.818894 0.991573
v -0.908427 0.810842 0.991573
v -0.908386 0.810970 0.981583
v -0.908467 0.819021 0.981786
v -0.908427 0.066251 -0.991573
v -0.908427 0.074304 -0.991573
v -0.908427 0.074304 -0.981623
v -0.908427 0.066251 -0.981623
v 0.908427 0.074304 0.981623
v 0.908427 0.066251 0.981623
v 0.908427 0.066251 0.991573
v 0.908427 0.074304 0.991573
v -1.241573 0.074304 0.888421
v -1.241573 0.066251 0.888421
v -1.138421 0.066251 0.991573
v -1.138421 0.074304 0.991573
v -1.241573 0.066251 -0.888421
v -1.241573 0.074304 -0.888421
v -1.138421 0.074304 -0.991573
v -1.138421 0.066251 -0.991573
v 1.138421 0.066251 -0.991573
v 1.138421 0.074304 -0.991573
v 1.241573 0.074304 -0.888421
v 1.241573 0.066251 -0.888421
v 1.241573 0.066251 0.888421
v 1.241573 0.074304 0.888421
v 1.138421 0.074304 0.991573
v 1.138421 0.066251 0.991573
v -1.241573 0.074304 0.808427
v -1.241573 0.066251 0.808427
v -0.908427 0.066251 0.991573
v -0.908427 0.074304 0.991573
v -1.241573 0.066251 -0.808427
v -1.241573 0.074304 -0.808427
v 1.241573 0.066251 0.808427
v 1.241573 0.074304 0.808427
v 0.908427 0.066251 -0.991573
v 0.908427 0.074304 -0.991573
v 1.241573 0.074304 -0.808427
v 1.241573 0.066251 -0.808427
v 0.908427 0.810842 0.991573
v 0.908427 0.818894 0.991573
v 0.908467 0.819021 0.981786
v 0.908386 0.810970 0.981583
v -0.908427 0.066251 0.981623
v -0.908427 0.074304 0.981623
v 1.241573 0.818895 -0.888421
v 1.241573 0.810842 -0.888421
v 1.138421 0.810842 -0.991573
v 1.138421 0.818895 -0.991573
v 1.138421 0.818895 0.991573
v 1.138421 0.810842 0.991573
v 1.241573 0.810842 0.888421
v 1.241573 0.818895 0.888421
v -1.138421 0.818895 -0.991573
v -1.138421 0.810842 -0.991573
v -1.241573 0.810842 -0.888421
v -1.241573 0.818895 -0.888421
v -1.241573 0.810842 -0.808427
v -1.241573 0.818894 -0.808427
v 0.908427 0.810842 -0.991573
v 0.908427 0.818894 -0.991573
v -1.241573 0.810842 0.888421
v -1.241573 0.818895 0.888421
v -1.241573 0.818894 0.808427
v -1.241573 0.810842 0.808427
v 1.241573 0.818894 -0.808427
v 1.241573 0.810842 -0.808427
v 1.241573 0.810842 0.808427
v 1.241573 0.818894 0.808427
v -0.908427 0.818894 -0.991573
v -0.908427 0.810842 -0.991573
v -1.138421 0.810842 0.991573
v -1.138421 0.818895 0.991573
v -1.231623 0.074304 -0.808427
v -1.231623 0.066251 -0.808427
v 1.231623 0.074304 0.808427
v 1.231623 0.066251 0.808427
v 0.908427 0.074304 -0.981623
v 0.908427 0.066251 -0.981623
v -1.231786 0.819021 -0.808467
v 0.908467 0.819021 -0.981786
v 0.908386 0.810970 -0.981583
v 1.231786 0.819021 0.808467
v 1.231583 0.810970 0.808386
v -1.231786 0.819021 0.808467
v -0.908467 0.819021 -0.981786
v -0.908386 0.810970 -0.981583
v -1.231623 0.074304 0.808427
v -1.231623 0.066251 0.808427
v 1.231623 0.074304 -0.808427
v 1.231623 0.066251 -0.808427
v 1.231786 0.819021 -0.808467
v 1.231583 0.810970 -0.808386
v 1.171699 0.896804 -0.773292
v 1.171699 0.896804 -0.765239
v 1.232274 0.836545 -0.765238
v 1.232274 0.836545 -0.773291
v 1.171699 0.896804 0.765239
v 1.171699 0.896804 0.773292
v 1.232274 0.836545 0.773291
v 1.232274 0.836545 0.765238
v -1.171699 0.896804 0.773292
v -1.171699 0.896804 0.765239
v -1.232274 0.836545 0.765238
v -1.232274 0.836545 0.773291
v -1.171699 0.896804 -0.765239
v -1.171699 0.896804 -0.773292
v -1.232274 0.836545 -0.773291
v -1.232274 0.836545 -0.765238
v 0.735369 0.896804 -0.909896
v 0.727316 0.896804 -0.909896
v -0.727316 0.896804 -0.909896
v -0.735369 0.896804 -0.909896
v 1.159896 0.896804 -0.765239
v 1.159895 0.896805 -0.773292
v -1.159895 0.896805 -0.773292
v -1.159896 0.896804 -0.765239
v -1.159896 0.896804 0.765239
v -1.159895 0.896805 0.773292
v 0.735369 0.896804 0.921699
v 0.727316 0.896804 0.921699
v 0.727316 0.836545 0.982274
v 0.735369 0.836545 0.982274
v -0.727316 0.896804 0.921699
v -0.735369 0.896804 0.921699
v -0.735369 0.836545 0.982274
v -0.727316 0.836545 0.982274
v -0.735369 0.896804 -0.921699
v -0.727316 0.896804 -0.921699
v -0.727316 0.836545 -0.982274
v -0.735369 0.836545 -0.982274
v 0.727316 0.896804 -0.921699
v 0.735369 0.896804 -0.921699
v 0.735369 0.836545 -0.982274
v 0.727316 0.836545 -0.982274
v 1.159895 0.896805 0.773292
v 1.159896 0.896804 0.765239
v -0.735369 0.896804 0.909896
v -0.727316 0.896804 0.909896
v 0.727316 0.896804 0.909896
v 0.735369 0.896804 0.909896
v -1.250000 0.074304 0.891911
v -1.250000 0.074304 0.800000
v -1.250000 0.074304 -0.800000
v -1.250000 0.074304 -0.891911
v 1.250000 0.074304 0.800000
v 1.250000 0.074304 0.891911
v 1.250000 0.074304 -0.891911
v 1.250000 0.074304 -0.800000
v -1.250000 0.810842 -0.891911
v -1.250000 0.810842 -0.800000
v -1.250000 0.810842 0.800000
v -1.250000 0.810842 0.891911
v 1.250000 0.810842 -0.800000
v 1.250000 0.810842 -0.891911
v 1.250000 0.810842 0.891911
v 1.250000 0.810842 0.800000
v -1.246573 0.111312 0.854903
v -1.246573 0.111312 0.837009
v -1.246573 0.111312 -0.837009
v -1.246573 0.111312 -0.854903
v 1.246573 0.111312 0.837009
v 1.246573 0.111312 0.854903
v 1.246573 0.111312 -0.854903
v 1.246573 0.111312 -0.837009
v -1.246573 0.773834 -0.854903
v -1.246573 0.773834 -0.837009
v -1.246573 0.773834 0.837009
v -1.246573 0.773834 0.854903
v 1.246573 0.773834 -0.837009
v 1.246573 0.773834 -0.854903
v 1.246573 0.773834 0.854903
v 1.246573 0.773834 0.837009
v -1.246573 0.107498 0.858717
v -1.246573 0.107498 0.833194
v -1.246573 0.107498 -0.833194
v -1.246573 0.107498 -0.858717
v 1.246573 0.107498 0.833194
v 1.246573 0.107498 0.858717
v 1.246573 0.107498 -0.858717
v 1.246573 0.107498 -0.833194
v -1.246573 0.777648 -0.858717
v -1.246573 0.777648 -0.833194
v -1.246573 0.777648 0.833194
v -1.246573 0.777648 0.858717
v 1.246573 0.777648 -0.833194
v 1.246573 0.777648 -0.858717
v 1.246573 0.777648 0.858717
v 1.246573 0.777648 0.833194
v -1.244004 0.111312 0.854903
v -1.244004 0.111312 0.837009
v -1.244004 0.111312 -0.837009
v -1.244004 0.111312 -0.854903
v 1.244003 0.111312 0.837009
v 1.244003 0.111312 0.854903
v 1.244003 0.111312 -0.854903
v 1.244003 0.111312 -0.837009
v -1.244004 0.773834 -0.854903
v -1.244004 0.773834 -0.837009
v -1.244004 0.773834 0.837009
v -1.244004 0.773834 0.854903
v 1.244003 0.773834 -0.837009
v 1.244003 0.773834 -0.854903
v 1.244003 0.773834 0.854903
v 1.244003 0.773834 0.837009
v 0.735369 0.074304 -0.990049
v 0.900000 0.074304 -0.990049
v -0.735369 0.074304 0.990049
v -0.900000 0.074304 0.990049
v -0.900000 0.810842 0.990049
v -0.735369 0.810842 0.990049
v 0.900000 0.810842 -0.990049
v 0.735369 0.810842 -0.990049
v -0.900000 0.074304 -0.990049
v -0.735369 0.074304 -0.990049
v 0.900000 0.074304 0.990049
v 0.735369 0.074304 0.990049
v 0.735369 0.810842 0.990049
v 0.900000 0.810842 0.990049
v -0.735369 0.810842 -0.990049
v -0.900000 0.810842 -0.990049
v 0.760934 0.099869 -0.983754
v 0.874434 0.099869 -0.983754
v -0.760935 0.099869 0.983754
v -0.874434 0.099869 0.983754
v -0.874434 0.785277 0.983754
v -0.760935 0.785277 0.983754
v 0.874434 0.785277 -0.983754
v 0.760934 0.785277 -0.983754
v -0.874434 0.099869 -0.983754
v -0.760935 0.099869 -0.983754
v 0.874434 0.099869 0.983754
v 0.760934 0.099869 0.983754
v 0.760934 0.785277 0.983754
v 0.874434 0.785277 0.983754
v -0.760935 0.785277 -0.983754
v -0.874434 0.785277 -0.983754
v 0.752430 0.091365 -0.983754
v 0.882939 0.091365 -0.983754
v -0.752430 0.091365 0.983754
v -0.882939 0.091365 0.983754
v -0.882939 0.793781 0.983754
v -0.752430 0.793781 0.983754
v 0.882939 0.793781 -0.983754
v 0.752430 0.793781 -0.983754
v -0.882939 0.091365 -0.983754
v -0.752430 0.091365 -0.983754
v 0.882939 0.091365 0.983754
v 0.752430 0.091365 0.983754
v 0.752430 0.793781 0.983754
v 0.882939 0.793781 0.983754
v -0.752430 0.793781 -0.983754
v -0.882939 0.793781 -0.983754
v 0.760934 0.785277 -0.990535
v 0.874434 0.785277 -0.990535
v -0.760935 0.785277 0.990535
v -0.874434 0.785277 0.990535
v -0.874434 0.099869 0.990535
v -0.760935 0.099869 0.990535
v 0.874434 0.099869 -0.990535
v 0.760934 0.099869 -0.990535
v -0.760935 0.609377 -0.983754
v -0.760935 0.619850 -0.983754
v 0.760934 0.619850 -0.983754
v 0.760934 0.609377 -0.983754
v 0.760934 0.609377 0.983754
v 0.760934 0.619850 0.983754
v -0.760935 0.619850 0.983754
v -0.760935 0.609377 0.983754
v 0.874434 0.619850 0.983754
v 0.874434 0.609377 0.983754
v -0.874434 0.609377 0.983754
v -0.874434 0.619850 0.983754
v -0.874434 0.619850 -0.983754
v -0.874434 0.609377 -0.983754
v 0.874434 0.609377 -0.983754
v 0.874434 0.619850 -0.983754
v -0.874434 0.099869 -0.990535
v -0.760935 0.099869 -0.990535
v 0.874434 0.099869 0.990535
v 0.760934 0.099869 0.990535
v 0.760934 0.785277 0.990535
v 0.874434 0.785277 0.990535
v -0.760935 0.785277 -0.990535
v -0.874434 0.785277 -0.990535
v -0.874434 0.619850 -0.990535
v -0.760935 0.619850 -0.990535
v -0.760935 0.609377 -0.990535
v -0.874434 0.609377 -0.990535
v 0.874434 0.619850 0.990535
v 0.760934 0.619850 0.990535
v 0.760934 0.609377 0.990535
v 0.874434 0.609377 0.990535
v -0.760935 0.619850 0.990535
v -0.874434 0.619850 0.990535
v -0.874434 0.609377 0.990535
v -0.760935 0.609377 0.990535
v 0.760934 0.619850 -0.990535
v 0.874434 0.619850 -0.990535
v 0.874434 0.609377 -0.990535
v 0.760934 0.609377 -0.990535
v -0.874434 0.702563 -0.990535
v 0.817684 0.619850 0.990535
v -0.817684 0.785277 -0.990535
v 0.817684 0.785277 -0.990535
v -0.817684 0.619850 0.990535
v 0.817684 0.785277 0.990535
v -0.817684 0.785277 0.990535
v -0.760935 0.702563 -0.990535
v -0.817684 0.619850 -0.990535
v 0.817684 0.619850 -0.990535
v 0.760934 0.702563 -0.990535
v 0.874434 0.702563 -0.990535
v 0.874434 0.702563 0.990535
v 0.760934 0.702563 0.990535
v -0.760935 0.702563 0.990535
v -0.874434 0.702563 0.990535
v -0.817684 0.702563 -0.990535
v -0.817684 0.702563 0.990535
v 0.817684 0.702563 -0.990535
v 0.817684 0.702563 0.990535
v 0.811314 0.708934 0.990535
v 0.811314 0.778906 0.990535
v 0.767305 0.778906 0.990535
v 0.767305 0.708934 0.990535
v 0.824055 0.708934 -0.990535
v 0.824055 0.778906 -0.990535
v 0.868064 0.778906 -0.990535
v 0.868064 0.708934 -0.990535
v -0.824055 0.708934 0.990535
v -0.824055 0.778906 0.990535
v -0.868064 0.778906 0.990535
v -0.868064 0.708934 0.990535
v -0.811314 0.708934 -0.990535
v -0.811314 0.778906 -0.990535
v -0.767305 0.778906 -0.990535
v -0.767305 0.708934 -0.990535
v -0.811314 0.626221 -0.990535
v -0.811314 0.696193 -0.990535
v -0.767305 0.696193 -0.990535
v -0.767305 0.626221 -0.990535
v -0.868064 0.626221 -0.990535
v -0.868064 0.696193 -0.990535
v -0.824055 0.696193 -0.990535
v -0.824055 0.626221 -0.990535
v -0.868064 0.708934 -0.990535
v -0.868064 0.778906 -0.990535
v -0.824055 0.778906 -0.990535
v -0.824055 0.708934 -0.990535
v -0.824055 0.626221 0.990535
v -0.824055 0.696193 0.990535
v -0.868064 0.696193 0.990535
v -0.868064 0.626221 0.990535
v -0.767305 0.626221 0.990535
v -0.767305 0.696193 0.990535
v -0.811314 0.696193 0.990535
v -0.811314 0.626221 0.990535
v -0.767305 0.708934 0.990535
v -0.767305 0.778906 0.990535
v -0.811314 0.778906 0.990535
v -0.811314 0.708934 0.990535
v 0.824055 0.626221 -0.990535
v 0.824055 0.696193 -0.990535
v 0.868064 0.696193 -0.990535
v 0.868064 0.626221 -0.990535
v 0.767305 0.626221 -0.990535
v 0.767305 0.696193 -0.990535
v 0.811314 0.696193 -0.990535
v 0.811314 0.626221 -0.990535
v 0.767305 0.708934 -0.990535
v 0.767305 0.778906 -0.990535
v 0.811314 0.778906 -0.990535
v 0.811314 0.708934 -0.990535
v 0.811314 0.626221 0.990535
v 0.811314 0.696193 0.990535
v 0.767305 0.696193 0.990535
v 0.767305 0.626221 0.990535
v 0.868064 0.626221 0.990535
v 0.868064 0.696193 0.990535
v 0.824055 0.696193 0.990535
v 0.824055 0.626221 0.990535
v 0.868064 0.708934 0.990535
v 0.868064 0.778906 0.990535
v 0.824055 0.778906 0.990535
v 0.824055 0.708934 0.990535
v 0.811314 0.778906 0.987901
v 0.811314 0.708934 0.987901
v 0.767305 0.708934 0.987901
v 0.767305 0.778906 0.987901
v 0.824055 0.778906 -0.987901
v 0.824055 0.708934 -0.987901
v 0.868064 0.708934 -0.987901
v 0.868064 0.778906 -0.987901
v -0.824055 0.778906 0.987901
v -0.824055 0.708934 0.987901
v -0.868064 0.708934 0.987901
v -0.868064 0.778906 0.987901
v -0.811314 0.778906 -0.987901
v -0.811314 0.708934 -0.987901
v -0.767305 0.708934 -0.987901
v -0.767305 0.778906 -0.987901
v -0.811314 0.696193 -0.987901
v -0.811314 0.626221 -0.987901
v -0.767305 0.626221 -0.987901
v -0.767305 0.696193 -0.987901
v -0.868064 0.626221 -0.987901
v -0.868064 0.696193 -0.987901
v -0.824055 0.626221 -0.987901
v -0.824055 0.696193 -0.987901
v -0.868064 0.708934 -0.987901
v -0.868064 0.778906 -0.987901
v -0.824055 0.708934 -0.987901
v -0.824055 0.778906 -0.987901
v -0.824055 0.696193 0.987901
v -0.824055 0.626221 0.987901
v -0.868064 0.626221 0.987901
v -0.868064 0.696193 0.987901
v -0.767305 0.696193 0.987901
v -0.767305 0.626221 0.987901
v -0.811314 0.626221 0.987901
v -0.811314 0.696193 0.987901
v -0.767305 0.778906 0.987901
v -0.767305 0.708934 0.987901
v -0.811314 0.708934 0.987901
v -0.811314 0.778906 0.987901
v 0.824055 0.696193 -0.987901
v 0.824055 0.626221 -0.987901
v 0.868064 0.626221 -0.987901
v 0.868064 0.696193 -0.987901
v 0.767305 0.696193 -0.987901
v 0.767305 0.626221 -0.987901
v 0.811314 0.626221 -0.987901
v 0.811314 0.696193 -0.987901
v 0.767305 0.778906 -0.987901
v 0.767305 0.708934 -0.987901
v 0.811314 0.708934 -0.987901
v 0.811314 0.778906 -0.987901
v 0.811314 0.696193 0.987901
v 0.811314 0.626221 0.987901
v 0.767305 0.626221 0.987901
v 0.767305 0.696193 0.987901
v 0.868064 0.626221 0.987901
v 0.868064 0.696193 0.987901
v 0.824055 0.626221 0.987901
v 0.824055 0.696193 0.987901
v 0.868064 0.708934 0.987901
v 0.868064 0.778906 0.987901
v 0.824055 0.708934 0.987901
v 0.824055 0.778906 0.987901
v 0.250000 0.074304 -0.990049
v -0.250000 0.074304 0.990049
v -0.250000 0.810842 0.990049
v 0.250000 0.810842 -0.990049
v -0.251203 0.052255 0.990049
v -0.269025 0.093349 0.990049
v -0.269025 0.791817 0.990049
v -0.708291 0.791817 0.990049
v -0.708291 0.093349 0.990049
v 0.269025 0.093349 -0.990049
v 0.269025 0.791817 -0.990049
v 0.708291 0.791817 -0.990049
v 0.708291 0.093349 -0.990049
v -0.269025 0.791817 0.983340
v -0.269025 0.093349 0.983340
v -0.708291 0.093349 0.983340
v -0.708291 0.791817 0.983340
v 0.269025 0.791817 -0.983340
v 0.269025 0.093349 -0.983340
v 0.708291 0.093349 -0.983340
v 0.708291 0.791817 -0.983340
v -0.274392 0.098715 0.983340
v -0.274392 0.786450 0.983340
v -0.702924 0.786450 0.983340
v -0.702924 0.098715 0.983340
v 0.274392 0.098715 -0.983340
v 0.274392 0.786450 -0.983340
v 0.702924 0.786450 -0.983340
v 0.702924 0.098715 -0.983340
v -0.274392 0.786450 1.000192
v -0.274392 0.098715 1.000192
v -0.702924 0.098715 1.000192
v -0.702924 0.786450 1.000192
v 0.274392 0.786450 -1.000192
v 0.274392 0.098715 -1.000192
v 0.702924 0.098715 -1.000192
v 0.702924 0.786450 -1.000192
v -0.287353 0.111676 1.000192
v -0.287353 0.773489 1.000192
v -0.689963 0.773489 1.000192
v -0.689963 0.111676 1.000192
v 0.287353 0.111676 -1.000192
v 0.287353 0.773489 -1.000192
v 0.689963 0.773489 -1.000192
v 0.689963 0.111676 -1.000192
v -0.287353 0.773489 0.995655
v -0.287353 0.111676 0.995655
v -0.689963 0.111676 0.995655
v -0.689963 0.773489 0.995655
v 0.287353 0.773489 -0.995655
v 0.287353 0.111676 -0.995655
v 0.689963 0.111676 -0.995655
v 0.689963 0.773489 -0.995655
v -0.294821 0.119145 0.995655
v -0.294821 0.766021 0.995655
v -0.682495 0.766021 0.995655
v -0.682495 0.119145 0.995655
v 0.294821 0.119145 -0.995655
v 0.294821 0.766021 -0.995655
v 0.682495 0.766021 -0.995655
v 0.682495 0.119145 -0.995655
v -0.294821 0.766021 0.991669
v -0.294821 0.119145 0.991669
v -0.682495 0.119145 0.991669
v -0.682495 0.766021 0.991669
v 0.294821 0.766021 -0.991669
v 0.294821 0.119145 -0.991669
v 0.682495 0.119145 -0.991669
v 0.682495 0.766021 -0.991669
v 0.711655 0.089965 0.990049
v 0.711655 0.795181 0.990049
v -0.711655 0.089965 -0.962665
v -0.711655 0.795181 -0.962665
v 0.234339 0.089965 -0.962665
v 0.234339 0.795181 -0.962665
v -0.234339 0.089965 0.962665
v 0.234339 0.795181 -0.990049
v -0.234339 0.795181 0.962665
v 0.234339 0.089965 -0.990049
v -0.234339 0.089965 0.990049
v -0.234339 0.795181 0.990049
v -0.711655 0.795181 -0.990049
v -0.711655 0.089965 -0.990049
v 0.711655 0.089965 0.962665
v 0.711655 0.795181 0.962665
v -0.698086 0.103533 -0.962665
v -0.698086 0.781613 -0.962665
v 0.220770 0.781613 -0.962665
v 0.220770 0.103533 -0.962665
v 0.698086 0.103533 0.962665
v 0.698086 0.781613 0.962665
v -0.220770 0.781613 0.962665
v -0.220771 0.103533 0.962665
v 0.220770 0.581166 -0.962665
v 0.220770 0.600379 -0.962665
v 0.698086 0.679966 0.962665
v -0.220770 0.205180 0.962665
v -0.220770 0.284767 0.962665
v -0.698086 0.402779 -0.962665
v 0.698086 0.402779 0.962665
v -0.698086 0.482367 -0.962665
v -0.698086 0.284767 -0.962665
v -0.698086 0.205180 -0.962665
v 0.698086 0.205180 0.962665
v -0.220770 0.106380 0.962665
v -0.698086 0.581166 -0.962665
v 0.698086 0.581166 0.962665
v 0.698086 0.501579 0.962665
v -0.220770 0.581166 0.962665
v 0.220770 0.303980 -0.962665
v -0.698086 0.699178 -0.962665
v 0.220770 0.778766 -0.962665
v -0.220770 0.699178 0.962665
v 0.698086 0.106380 0.962665
v -0.698086 0.106380 -0.962665
v -0.698086 0.185967 -0.962665
v 0.220770 0.185967 -0.962665
v -0.698086 0.303980 -0.962665
v 0.220770 0.383567 -0.962665
v 0.698086 0.383567 0.962665
v -0.698086 0.778766 -0.962665
v -0.220770 0.383567 0.962665
v -0.698086 0.383567 -0.962665
v 0.698086 0.185967 0.962665
v -0.698086 0.600379 -0.962665
v -0.698086 0.679966 -0.962665
v 0.220770 0.501579 -0.962665
v 0.698086 0.482367 0.962665
v -0.220770 0.185967 0.962665
v 0.220770 0.402779 -0.962665
v 0.220770 0.482367 -0.962665
v -0.220770 0.482367 0.962665
v -0.220770 0.402779 0.962665
v 0.220770 0.284767 -0.962665
v 0.220770 0.205180 -0.962665
v 0.698086 0.284767 0.962665
v -0.220770 0.679966 0.962665
v -0.220770 0.600379 0.962665
v 0.698086 0.600379 0.962665
v -0.698086 0.501579 -0.962665
v -0.220770 0.501579 0.962665
v -0.220770 0.303980 0.962665
v 0.698086 0.303980 0.962665
v 0.698086 0.699178 0.962665
v 0.698086 0.778766 0.962665
v -0.220770 0.778766 0.962665
v 0.220770 0.699178 -0.962665
v 0.220770 0.679966 -0.962665
v 0.220770 0.106380 -0.962665
v 0.698086 0.383567 0.968015
v -0.220770 0.383567 0.968015
v -0.698086 0.303980 -0.988852
v -0.698086 0.383567 -0.968015
v -0.698086 0.185967 -0.968015
v 0.220770 0.185967 -0.968015
v 0.698086 0.106380 0.988852
v 0.698086 0.185967 0.968015
v -0.698086 0.600379 -0.988852
v -0.698086 0.679966 -0.968015
v 0.220770 0.581166 -0.968015
v 0.220770 0.501579 -0.988852
v 0.220770 0.383567 -0.968015
v -0.698086 0.106380 -0.988852
v 0.698086 0.402779 0.988852
v 0.698086 0.482367 0.968015
v -0.220770 0.185967 0.968015
v 0.220770 0.600379 -0.988852
v -0.220770 0.284767 0.968015
v -0.220770 0.205180 0.988852
v 0.220770 0.402779 -0.988852
v -0.698086 0.402779 -0.988852
v 0.220770 0.482367 -0.968015
v -0.220770 0.482367 0.968015
v -0.220770 0.402779 0.988852
v -0.698086 0.205180 -0.988852
v -0.698086 0.284767 -0.968015
v 0.220770 0.284767 -0.968015
v 0.220770 0.205180 -0.988852
v 0.698086 0.205180 0.988852
v 0.698086 0.284767 0.968015
v -0.220770 0.679966 0.968015
v -0.220770 0.600379 0.988852
v 0.698086 0.600379 0.988852
v -0.698086 0.501579 -0.988852
v -0.698086 0.581166 -0.968015
v 0.698086 0.501579 0.988852
v 0.698086 0.581166 0.968015
v -0.220770 0.581166 0.968015
v -0.220770 0.501579 0.988852
v -0.220770 0.303980 0.988852
v 0.698086 0.303980 0.988852
v 0.698086 0.699178 0.988852
v 0.698086 0.778766 0.968015
v -0.220770 0.778766 0.968015
v -0.220770 0.699178 0.988852
v 0.220770 0.778766 -0.968015
v 0.220770 0.699178 -0.988852
v -0.698086 0.699178 -0.988852
v 0.220770 0.303980 -0.988852
v -0.220770 0.106380 0.988852
v 0.220770 0.679966 -0.968015
v 0.698086 0.679966 0.968015
v 0.220770 0.106380 -0.988852
v -0.698086 0.482367 -0.968015
v -0.698086 0.778766 -0.968015
v -0.779200 0.118135 0.990535
v -0.779200 0.591112 0.990535
v -0.856169 0.591112 0.990535
v -0.856169 0.118135 0.990535
v 0.779200 0.118135 -0.990535
v 0.779200 0.591112 -0.990535
v 0.856169 0.591112 -0.990535
v 0.856169 0.118135 -0.990535
v -0.779200 0.591112 0.984497
v -0.779200 0.118135 0.984497
v -0.856169 0.118135 0.984497
v -0.856169 0.591112 0.984497
v 0.779200 0.591112 -0.984497
v 0.779200 0.118135 -0.984497
v 0.856169 0.118135 -0.984497
v 0.856169 0.591112 -0.984497
v 0.250002 0.074304 -0.981623
v -0.253990 0.066251 0.981623
v -1.240049 0.074304 -0.279575
v -1.240049 0.074304 -0.800000
v 1.240049 0.074304 0.279575
v 1.240049 0.074304 0.800000
v -1.240049 0.810842 -0.800000
v -1.240049 0.810842 -0.279575
v 1.240049 0.810842 0.800000
v 1.240049 0.810842 0.279575
v -1.240049 0.074304 0.800000
v -1.240049 0.074304 0.279575
v 1.240049 0.074304 -0.800000
v 1.240049 0.074304 -0.279575
v -1.240049 0.810842 0.279575
v -1.240049 0.810842 0.800000
v 1.240049 0.810842 -0.279575
v 1.240049 0.810842 -0.800000
v -1.231619 0.114848 -0.320120
v -1.234498 0.116809 -0.744704
v 1.231619 0.114848 0.320120
v 1.234498 0.116809 0.744704
v -1.240049 0.776485 -0.765643
v -1.234498 0.755546 -0.322081
v 1.240049 0.776485 0.765643
v 1.234498 0.755546 0.322081
v -1.234498 0.116809 0.744704
v -1.231619 0.114848 0.320120
v 1.234498 0.116809 -0.744704
v 1.231619 0.114848 -0.320120
v -1.234498 0.755546 0.322081
v -1.240049 0.776485 0.765643
v 1.234498 0.755546 -0.322081
v 1.240049 0.776485 -0.765643
v -1.240049 0.108661 -0.313933
v -1.240049 0.108661 -0.765643
v 1.240049 0.108661 0.313933
v 1.240049 0.108661 0.765643
v -1.240049 0.108661 0.765643
v -1.240049 0.108661 0.313933
v 1.240049 0.108661 -0.765643
v 1.240049 0.108661 -0.313933
v 1.240049 0.776485 -0.313933
v 1.240049 0.776485 0.313933
v -1.240049 0.776485 0.313933
v -1.240049 0.776485 -0.313933
v -1.212625 0.148915 -0.354187
v -1.212625 0.148915 -0.725389
v 1.212625 0.148915 0.354187
v 1.212625 0.148915 0.725389
v -1.212625 0.148915 0.725389
v -1.212625 0.148915 0.354187
v 1.212625 0.148915 -0.725389
v 1.212625 0.148915 -0.354187
v 1.212625 0.736231 -0.354187
v 1.212625 0.736231 0.354187
v -1.212625 0.736231 0.354187
v -1.212625 0.736231 -0.354187
v -1.228551 0.114053 -0.319324
v -1.217987 0.141933 -0.347204
v 1.228551 0.114053 0.319324
v 1.217987 0.141933 0.347204
v -1.217987 0.141933 0.347204
v -1.228551 0.114053 0.319324
v 1.217987 0.141933 -0.347204
v 1.228551 0.114053 -0.319324
v -1.231597 0.115305 -0.744704
v 1.231597 0.115305 0.744704
v -1.231597 0.115305 0.744704
v 1.231597 0.115305 -0.744704
v 1.231597 0.755546 -0.320576
v 1.231597 0.755546 0.320576
v -1.231597 0.755546 0.320576
v -1.231597 0.755546 -0.320576
v -1.215275 0.139262 -0.720746
v 1.215275 0.139262 0.720746
v -1.215275 0.139262 0.720746
v 1.215275 0.139262 -0.720746
v 1.215275 0.731589 -0.344534
v 1.215275 0.731589 0.344534
v -1.215275 0.731589 0.344534
v -1.215275 0.731589 -0.344534
v 1.240049 0.583384 -0.270408
v 1.240049 0.583384 0.270408
v -1.240049 0.301762 0.270408
v -1.240049 0.301762 -0.270408
v 1.240049 0.074304 -0.270408
v 1.240049 0.074304 0.270408
v -1.240049 0.810842 -0.270408
v -1.240049 0.810842 0.270408
v -1.240049 0.583384 0.270408
v -1.240049 0.583384 -0.270408
v 1.240049 0.301762 0.270408
v 1.240049 0.301762 -0.270408
v 0.812018 0.889070 -0.825000
v -0.812018 0.889070 -0.825000
v 0.782780 0.889070 -0.643184
v 1.025774 0.889070 -0.825000
v 0.812018 0.946101 -0.825000
v -0.812018 0.946101 -0.825000
v 1.025774 0.946101 -0.825000
v 0.812018 0.958313 -0.819240
v 0.816368 0.967013 -0.819240
v 0.807669 0.967013 -0.819240
v 1.023570 0.958313 -0.819679
v -0.812018 0.958313 -0.819240
v -1.023570 0.958313 -0.819679
v -0.807669 0.967013 -0.819240
v -0.816368 0.967013 -0.819240
v -1.023570 0.967013 -0.819679
v -0.816368 1.008927 -0.819679
v -0.816368 0.967013 -0.825000
v -1.025774 0.967013 -0.825000
v -0.816368 1.011131 -0.825000
v -0.816368 1.039070 -0.797061
v -1.025774 1.011131 -0.825000
v -1.014201 1.039070 -0.797061
v -1.075000 1.011131 -0.775774
v -1.043961 1.039070 -0.767301
v -1.075000 1.011131 -0.643185
v -1.075000 0.967013 -0.775774
v -1.075000 0.967013 -0.643185
v -1.069679 0.967013 -0.773570
v -1.069679 0.958313 -0.773570
v -1.070430 0.967013 -0.646690
v -1.070430 0.958313 -0.646690
v -1.052642 0.967013 -0.641917
v -1.052642 0.967013 0.641917
v -1.052642 0.958313 -0.641917
v -1.057212 0.967013 -0.638412
v -1.057212 0.967013 0.638412
v -1.057212 1.011131 -0.638412
v -1.025349 1.039070 -0.638412
v -1.057212 1.011131 0.638412
v -1.025349 1.039070 0.638412
v -1.075000 1.011131 0.643184
v -1.043837 1.039070 0.643184
v -1.075000 1.011131 0.775774
v -1.075000 0.967013 0.643185
v -1.070430 0.967013 0.646690
v -1.075000 0.967013 0.775774
v -1.069679 0.967013 0.773570
v -1.025774 0.967013 0.825000
v -0.816368 0.967013 0.825000
v -1.025774 1.011131 0.825000
v -1.023570 0.967013 0.819679
v -1.023570 0.958313 0.819679
v -0.816368 0.967013 0.819240
v -0.807669 0.967013 0.819240
v -0.812018 0.958313 0.819240
v -0.816368 1.008927 0.819679
v -0.807669 1.008927 0.819679
v -0.816368 1.033749 0.794857
v -0.816368 1.011131 0.825000
v -0.816368 1.039070 0.797061
v -1.014201 1.039070 0.797061
v -0.844398 1.039070 0.769031
v -0.827301 1.039070 0.792532
v -1.012326 1.039070 0.792532
v -0.846273 1.039070 0.773559
v -0.827301 1.037691 0.792532
v -1.012326 1.037691 0.792532
v -0.846273 1.037691 0.773559
v -1.004467 1.037691 0.773559
v -1.004467 1.039070 0.773559
v -1.020450 1.037691 0.757576
v -1.020450 1.039070 0.757576
v -1.039431 1.037691 0.765427
v -1.020354 1.037691 0.661394
v -1.020354 1.039070 0.661394
v -1.039312 1.037691 0.646693
v -1.001848 1.037691 0.656616
v -1.001848 1.039070 0.656616
v -1.020820 1.037691 0.641919
v -1.001848 1.037691 -0.656616
v -1.020820 1.037691 -0.641919
v -1.020354 1.037691 -0.661394
v -1.001848 1.039070 -0.656616
v -1.020354 1.039070 -0.661394
v -0.997319 1.039070 -0.660124
v -1.015829 1.039070 -0.664903
v -0.997319 1.039070 0.660124
v -0.974676 1.058709 -0.642583
v -0.987410 1.058709 -0.646838
v -0.974676 1.058709 0.642583
v -0.987410 1.058709 0.646838
v -0.987472 1.058709 0.727692
v -1.015829 1.039070 0.664903
v -1.015920 1.039070 0.755702
v -1.002591 1.039070 0.769031
v -0.978303 1.058709 0.739560
v -0.869476 1.058709 0.739560
v -0.869476 1.058709 -0.739560
v -0.978303 1.058709 -0.739560
v -0.844398 1.039070 -0.769031
v -1.002591 1.039070 -0.769031
v -0.846273 1.039070 -0.773559
v -1.004467 1.039070 -0.773559
v -0.827301 1.039070 -0.792532
v -0.846273 1.037691 -0.773559
v -1.004467 1.037691 -0.773559
v -0.827301 1.037691 -0.792532
v -1.012326 1.037691 -0.792532
v -1.039431 1.037691 -0.765427
v -1.012326 1.039070 -0.792532
v -1.039431 1.039070 -0.765427
v -1.039312 1.039070 -0.646693
v -1.039312 1.037691 -0.646693
v -1.020820 1.039070 -0.641919
v -1.043837 1.039070 -0.643185
v -1.020820 1.039070 0.641919
v -1.039312 1.039070 0.646693
v -1.039431 1.039070 0.765427
v -1.043961 1.039070 0.767301
v -1.020450 1.037691 -0.757576
v -1.020450 1.039070 -0.757576
v -1.015920 1.039070 -0.755702
v -0.987472 1.058709 -0.727692
v -0.807669 1.033749 0.794857
v -0.816368 1.033749 -0.794857
v -0.807669 1.033749 -0.794857
v -0.807669 1.008927 -0.819679
v -0.807669 1.039070 -0.797061
v -0.807669 1.011131 -0.825000
v -0.807669 1.039070 -0.764975
v 0.807669 1.039070 -0.797061
v 0.807669 1.033749 -0.794857
v 0.807669 1.011131 -0.825000
v 0.807669 1.039070 -0.764975
v 0.807669 1.039070 0.764975
v 0.782780 1.039070 -0.764975
v 0.749823 1.039070 -0.764975
v 0.782780 1.039070 -0.756142
v 0.782780 1.039070 0.756142
v 0.782780 1.078438 -0.732017
v 0.782780 1.053612 -0.730176
v 0.782780 1.053612 0.730176
v 0.782780 1.069372 -0.720518
v 0.777641 1.053612 -0.730176
v 0.777641 1.053612 0.730176
v 0.777641 1.069372 -0.720518
v 0.777641 1.086540 -0.703350
v 0.777641 1.086540 0.703350
v 0.782780 1.086540 -0.703350
v 0.782780 1.086540 0.703350
v 0.782780 1.101081 -0.709374
v 0.708609 1.134039 -0.681513
v 0.782780 1.101081 0.709374
v 0.782780 1.078438 0.732017
v 0.708609 1.134039 -0.120581
v 0.749823 1.092089 0.764975
v -0.708609 1.134039 -0.120581
v -0.708609 1.134039 -0.681513
v -0.782780 1.101081 -0.709374
v -0.749823 1.092089 -0.764975
v -0.782780 1.078438 -0.732017
v -0.749823 1.039070 -0.764975
v 0.749823 1.092089 -0.764975
v -0.731603 1.073870 -0.764975
v -0.731603 1.057290 -0.764975
v 0.731603 1.073870 -0.764975
v -0.731603 1.073870 -0.763443
v -0.731603 1.057290 -0.763443
v 0.731603 1.073870 -0.763443
v -0.728648 1.070914 -0.763443
v -0.728648 1.060245 -0.763443
v 0.728648 1.070914 -0.763443
v -0.728648 1.070914 -0.762586
v -0.728648 1.060245 -0.762586
v 0.728648 1.070914 -0.762586
v 0.728648 1.060245 -0.762586
v 0.728648 1.060245 -0.763443
v 0.731603 1.057290 -0.763443
v 0.731603 1.057290 -0.764975
v -0.782780 1.039070 -0.764975
v -0.782780 1.039070 -0.756142
v -0.782780 1.039070 0.756142
v -0.782780 1.053612 -0.730176
v -0.782780 1.053612 0.730176
v -0.782780 1.069372 -0.720518
v -0.777641 1.053612 -0.730176
v -0.777641 1.053612 0.730176
v -0.777641 1.069372 -0.720518
v -0.777641 1.086540 -0.703350
v -0.777641 1.086540 0.703350
v -0.782780 1.086540 -0.703350
v -0.782780 1.086540 0.703350
v -0.782780 1.069372 0.720518
v -0.782780 1.101081 0.709374
v -0.782780 1.078438 0.732017
v -0.749823 1.092089 0.764975
v -0.749823 1.039070 0.764975
v -0.731603 1.073870 0.764975
v -0.731603 1.057290 0.764975
v 0.731603 1.073870 0.764975
v -0.731603 1.073870 0.763443
v -0.731603 1.057290 0.763443
v 0.731603 1.073870 0.763443
v -0.728648 1.070914 0.763443
v -0.728648 1.060245 0.763443
v 0.728648 1.070914 0.763443
v -0.728648 1.070914 0.762586
v -0.728648 1.060245 0.762586
v 0.728648 1.070914 0.762586
v 0.728648 1.060245 0.762586
v 0.728648 1.060245 0.763443
v 0.731603 1.057290 0.763443
v 0.731603 1.057290 0.764975
v 0.749823 1.039070 0.764975
v 0.782780 1.039070 0.764975
v -0.782780 1.039070 0.764975
v -0.807669 1.039070 0.764975
v -0.807669 1.039070 0.797061
v -0.807669 1.011131 0.825000
v 0.807669 1.039070 0.797061
v 0.807669 1.033749 0.794857
v 0.807669 1.011131 0.825000
v 0.807669 1.008927 0.819679
v 0.807669 0.967013 0.825000
v -0.807669 0.967013 0.825000
v 0.807669 0.967013 0.819240
v 0.812018 0.958313 0.819240
v 0.816368 0.967013 0.819240
v 0.816368 1.008927 0.819679
v 1.023570 0.967013 0.819679
v 0.816368 0.967013 0.825000
v 1.025774 0.967013 0.825000
v 0.816368 1.011131 0.825000
v 0.816368 1.039070 0.797061
v 1.025774 1.011131 0.825000
v 1.014201 1.039070 0.797061
v 1.075000 1.011131 0.775774
v 1.043961 1.039070 0.767301
v 1.075000 1.011131 0.643185
v 1.075000 0.967013 0.775774
v 1.069679 0.967013 0.773570
v 1.075000 0.967013 0.643185
v 1.057212 0.967013 0.638412
v 1.070430 0.967013 0.646690
v 1.070430 0.958313 0.646690
v 1.052642 0.967013 0.641917
v 1.052642 0.958313 0.641917
v 1.052642 0.967013 -0.641917
v 1.070430 0.967013 -0.646690
v 1.052642 0.958313 -0.641917
v 1.057212 0.967013 -0.638412
v 1.075000 0.967013 -0.643185
v 1.057212 1.011131 -0.638412
v 1.025349 1.039070 -0.638412
v 1.075000 1.011131 -0.643184
v 1.057212 1.011131 0.638412
v 1.025349 1.039070 0.638412
v 1.043837 1.039070 0.643185
v 1.020820 1.039070 0.641919
v 1.039312 1.039070 0.646693
v 1.020820 1.039070 -0.641919
v 1.020820 1.037691 0.641919
v 1.001847 1.037691 0.656616
v 1.039312 1.037691 0.646693
v 1.020820 1.037691 -0.641919
v 1.001847 1.037691 -0.656616
v 1.039312 1.037691 -0.646693
v 1.020354 1.037691 -0.661394
v 1.039430 1.037691 -0.765427
v 1.039312 1.039070 -0.646693
v 1.039430 1.039070 -0.765427
v 1.043837 1.039070 -0.643184
v 1.043961 1.039070 -0.767301
v 1.014201 1.039070 -0.797061
v 1.075000 1.011131 -0.775774
v 1.025774 1.011131 -0.825000
v 1.075000 0.967013 -0.775774
v 1.025774 0.967013 -0.825000
v 1.069679 0.967013 -0.773570
v 1.023570 0.967013 -0.819679
v 1.069679 0.958313 -0.773570
v 1.070430 0.958313 -0.646690
v 1.075000 0.946101 -0.775774
v 1.075000 0.946101 -0.643185
v 1.075000 0.889070 -0.775774
v 1.075000 0.889070 -0.643185
v 1.057212 0.889070 -0.638412
v 1.057212 0.889070 0.638412
v 0.782780 0.889070 -0.638412
v 1.057212 0.946101 -0.638412
v 1.057212 0.908906 -0.624322
v 1.057212 0.926265 -0.624322
v 1.057212 0.908906 0.624322
v 1.055162 0.908906 -0.624322
v 1.055162 0.926265 -0.624322
v 1.055162 0.908906 0.624322
v 1.055162 0.911055 -0.622173
v 1.055162 0.924117 -0.622173
v 1.055162 0.911055 0.622173
v 1.053932 0.911055 -0.622173
v 1.053932 0.924117 -0.622173
v 1.053932 0.911055 0.622173
v 1.053932 0.924117 0.622173
v 1.055162 0.924117 0.622173
v 1.055162 0.926265 0.624322
v 1.057212 0.926265 0.624322
v 1.057212 0.946101 0.638412
v 1.075000 0.946101 0.643185
v 1.075000 0.946101 0.775774
v 1.075000 0.889070 0.643184
v 0.782780 0.889070 0.643185
v 1.075000 0.889070 0.775774
v 1.025774 0.889070 0.825000
v 0.812018 0.889070 0.825000
v 1.025774 0.946101 0.825000
v 1.023570 0.958313 0.819679
v 0.812018 0.946101 0.825000
v -0.812018 0.946101 0.825000
v -1.025774 0.946101 0.825000
v -0.812018 0.889070 0.825000
v -0.782780 0.889070 0.643185
v -1.025774 0.889070 0.825000
v -1.075000 0.889070 0.775774
v -1.075000 0.889070 0.643185
v -1.075000 0.946101 0.775774
v -1.075000 0.946101 0.643185
v -1.069679 0.958313 0.773570
v -1.070430 0.958313 0.646690
v -1.052642 0.958313 0.641917
v -1.057212 0.946101 0.638412
v -1.057212 0.946101 -0.638412
v -1.057212 0.889070 0.638412
v -1.057212 0.926265 0.624322
v -1.057212 0.908906 0.624322
v -1.057212 0.926265 -0.624322
v -1.055162 0.926265 0.624322
v -1.055162 0.908906 0.624322
v -1.055162 0.926265 -0.624322
v -1.055162 0.924117 0.622173
v -1.055162 0.911055 0.622173
v -1.055162 0.924117 -0.622173
v -1.053933 0.924117 0.622173
v -1.053933 0.911055 0.622173
v -1.053933 0.924117 -0.622173
v -1.053933 0.911055 -0.622173
v -1.055162 0.911055 -0.622173
v -1.055162 0.908906 -0.624322
v -1.057212 0.908906 -0.624322
v -1.057212 0.889070 -0.638412
v -1.075000 0.889070 -0.643184
v -0.782780 0.889070 -0.638412
v -0.782780 0.889070 -0.643184
v -0.782780 0.889070 0.638412
v 0.782780 0.889070 0.638412
v -1.075000 0.889070 -0.775774
v -1.075000 0.946101 -0.643185
v -1.075000 0.946101 -0.775774
v -1.025774 0.946101 -0.825000
v -1.025774 0.889070 -0.825000
v 1.069679 0.958313 0.773570
v 0.816368 0.967013 -0.825000
v 0.816368 1.011131 -0.825000
v 0.816368 1.008927 -0.819679
v 0.816368 1.039070 -0.797061
v 0.816368 1.033749 -0.794857
v 0.844398 1.039070 -0.769031
v 0.827300 1.039070 -0.792532
v 0.827300 1.037691 -0.792532
v 1.012325 1.039070 -0.792532
v 0.846273 1.039070 -0.773559
v 0.846273 1.037691 -0.773559
v 1.004467 1.039070 -0.773559
v 1.004467 1.037691 -0.773559
v 1.020450 1.039070 -0.757576
v 1.002591 1.039070 -0.769031
v 1.015920 1.039070 -0.755702
v 0.978303 1.058709 -0.739560
v 0.987472 1.058709 -0.727692
v 0.869476 1.058709 -0.739560
v 0.869476 1.058709 0.739560
v 0.978303 1.058709 0.739560
v 0.844398 1.039070 0.769031
v 1.002591 1.039070 0.769031
v 0.846273 1.039070 0.773559
v 0.846273 1.037691 0.773559
v 1.004467 1.039070 0.773559
v 0.827300 1.039070 0.792532
v 0.827300 1.037691 0.792532
v 1.012325 1.039070 0.792532
v 1.039430 1.039070 0.765427
v 1.012325 1.037691 0.792532
v 1.004467 1.037691 0.773559
v 1.039430 1.037691 0.765427
v 1.020450 1.037691 0.757576
v 1.020354 1.037691 0.661394
v 1.020450 1.039070 0.757576
v 1.020354 1.039070 0.661394
v 1.015920 1.039070 0.755702
v 1.015829 1.039070 0.664903
v 0.987472 1.058709 0.727692
v 0.987409 1.058709 0.646838
v 0.974676 1.058709 0.642583
v 0.974676 1.058709 -0.642583
v 0.997319 1.039070 0.660124
v 0.997319 1.039070 -0.660124
v 1.001847 1.039070 0.656616
v 1.001847 1.039070 -0.656616
v 1.020354 1.039070 -0.661394
v 1.015829 1.039070 -0.664903
v 0.987409 1.058709 -0.646838
v 1.020450 1.037691 -0.757576
v 1.012325 1.037691 -0.792532
v 0.816368 1.033749 0.794857
v 0.807669 1.008927 -0.819679
v -0.777641 1.069372 0.720518
v 0.782780 1.069372 0.720518
v 0.777641 1.069372 0.720518
v 0.807669 0.967013 -0.825000
v -0.807669 0.967013 -0.825000
v 0.749823 1.134039 -0.723025
v 0.749823 1.134039 0.723025
v -0.749823 1.134039 0.723025
v -0.749823 1.134039 -0.723025
v 0.708609 1.123763 -0.681513
v 0.708609 1.123763 -0.120581
v -0.708609 1.123763 -0.120581
v -0.708609 1.123763 -0.681513
v 0.078072 1.131118 0.651928
v 0.103664 2.307022 0.626336
v 0.078072 1.131118 0.048072
v 0.103664 2.307022 0.073664
v 0.681928 1.131118 0.651928
v 0.656336 2.376914 0.626336
v 0.681928 1.131118 0.048072
v 0.656336 2.376914 0.073664
v 0.078072 2.307022 0.651928
v 0.078072 2.307022 0.048072
v 0.681928 2.340158 0.084827
v 0.681928 2.340158 0.615173
v 0.135168 2.308702 0.607518
v 0.135168 2.308702 0.092482
v 0.636661 2.376756 0.092482
v 0.636661 2.376756 0.607518
v 0.103664 2.294178 0.626336
v 0.103664 2.294178 0.073664
v 0.656336 2.364070 0.073664
v 0.656336 2.364070 0.626336
v 0.135168 2.335189 0.607518
v 0.135168 2.335189 0.092482
v 0.638375 2.403476 0.092482
v 0.638375 2.403476 0.607518
v 0.160590 2.383416 0.569410
v 0.160590 2.383416 0.130590
v 0.599410 2.453308 0.130590
v 0.599410 2.453308 0.569410
v 0.078072 1.863476 0.651928
v 0.078072 1.863476 0.048072
v 0.681928 1.900231 0.084827
v 0.681928 1.900231 0.615173
v 0.038573 1.131118 0.008573
v 0.038573 1.131118 0.691427
v 0.038573 1.863476 0.008573
v 0.721427 1.153578 0.115069
v 0.721427 1.672945 0.115069
v 0.721427 1.153578 0.584931
v 0.721427 1.672945 0.584931
v 0.038573 1.863476 0.691427
v 0.681928 2.376914 0.048072
v 0.681928 2.376914 0.651928
v 0.681928 1.863476 0.048072
v 0.681928 1.863476 0.651928
v 0.675853 2.329924 0.095062
v 0.675853 2.329924 0.604938
v 0.675853 1.910466 0.095062
v 0.675853 1.910466 0.604938
v 0.675853 2.340158 0.084827
v 0.675853 2.340158 0.615173
v 0.675853 1.900231 0.084827
v 0.675853 1.900231 0.615173
v 0.678678 2.329924 0.095062
v 0.678678 2.329924 0.604938
v 0.678678 1.910466 0.095062
v 0.678678 1.910466 0.604938
v 0.721427 1.863476 0.008573
v 0.721427 1.131118 0.008573
v 0.721427 1.131118 0.691427
v 0.721427 1.863476 0.691427
v 0.792248 1.643468 0.144545
v 0.792248 1.183055 0.144545
v 0.792248 1.183055 0.555455
v 0.792248 1.643468 0.555455
v 0.792248 1.672945 0.115069
v 0.792248 1.153578 0.115069
v 0.792248 1.153578 0.584931
v 0.792248 1.672945 0.584931
v 0.674429 1.643468 0.144545
v 0.674429 1.183055 0.144545
v 0.674429 1.183055 0.555455
v 0.674429 1.643468 0.555455
v 0.715973 1.725523 0.685973
v 0.715973 1.795173 0.685973
v 0.715973 1.795173 0.014027
v 0.715973 1.725523 0.014027
v 0.038573 1.802068 0.008573
v 0.038573 1.718629 0.008573
v 0.721427 1.718629 0.008573
v 0.721427 1.802068 0.008573
v 0.721427 1.802068 0.691427
v 0.721427 1.718629 0.691427
v 0.038573 1.718629 0.691427
v 0.038573 1.802068 0.691427
v 0.044027 1.725523 0.685973
v 0.044027 1.802068 0.685973
v 0.044027 1.802068 0.014027
v 0.044027 1.725523 0.014027
v 0.044027 1.718629 0.685973
v 0.715973 1.718629 0.685973
v 0.044027 1.718629 0.014027
v 0.715973 1.802068 0.014027
v 0.715973 1.802068 0.685973
v 0.044027 1.795174 0.685973
v 0.715973 1.718629 0.014027
v 0.044027 1.795173 0.014027
v 0.036977 1.725523 0.693023
v 0.036977 1.795174 0.693023
v 0.036977 1.795173 0.006977
v 0.036977 1.725523 0.006977
v 0.723023 1.725523 0.006977
v 0.723023 1.795173 0.006977
v 0.723023 1.795173 0.693023
v 0.723023 1.725523 0.693023
v 0.122482 2.294178 0.092482
v 0.637518 2.364070 0.092482
v 0.637518 2.364070 0.607518
v 0.122482 2.294178 0.607518
v 0.122482 2.346270 0.092482
v 0.637518 2.416162 0.092482
v 0.637518 2.416162 0.607518
v 0.122482 2.346270 0.607518
v 0.635111 2.376856 0.605768
v 0.636615 2.403588 0.605978
v 0.636615 2.403588 0.094022
v 0.635111 2.376856 0.094232
v 0.137765 2.311678 0.094123
v 0.137765 2.311678 0.605877
v 0.137765 2.332922 0.094144
v 0.137765 2.332922 0.605856
v 0.135168 2.308702 0.094134
v 0.635008 2.379463 0.094227
v 0.635008 2.379463 0.605773
v 0.135168 2.308702 0.605866
v 0.135168 2.335189 0.094134
v 0.636719 2.400981 0.094027
v 0.636719 2.400981 0.605973
v 0.135168 2.335189 0.605866
v 0.634014 2.379547 0.604647
v 0.635586 2.401075 0.604986
v 0.635586 2.401075 0.095014
v 0.634014 2.379547 0.095353
v 0.137765 2.311682 0.095185
v 0.137765 2.311682 0.604815
v 0.137765 2.332927 0.095206
v 0.137765 2.332927 0.604794
v -0.681928 1.131118 0.049088
v -0.078072 1.131118 0.049088
v -0.523273 2.352187 0.407488
v -0.436472 2.352187 0.494289
v -0.721427 1.131118 0.009590
v -0.613364 1.170922 0.692443
v -0.721427 1.863476 0.009590
v -0.038573 1.131118 0.009590
v -0.038573 1.863476 0.009590
v -0.146636 1.170922 0.692443
v -0.146636 1.823672 0.692443
v -0.613364 1.823672 0.692443
v -0.323528 2.352187 0.494289
v -0.236727 2.352187 0.407488
v -0.236727 2.352187 0.294545
v -0.323528 2.352187 0.207744
v -0.436472 2.352187 0.207744
v -0.523273 2.352187 0.294545
v -0.499007 1.863476 0.652945
v -0.681928 1.863476 0.470023
v -0.681928 1.863476 0.232010
v -0.499007 1.863476 0.049088
v -0.260993 1.863476 0.049088
v -0.078072 1.863476 0.232010
v -0.078072 1.863476 0.470023
v -0.260993 1.863476 0.652945
v -0.271054 1.983922 0.627421
v -0.103595 1.983922 0.459963
v -0.656405 1.983922 0.459963
v -0.488946 1.983922 0.627421
v -0.103595 1.983922 0.242070
v -0.271054 1.983922 0.074612
v -0.488946 1.983922 0.074612
v -0.656405 1.983922 0.242070
v -0.336074 3.093429 0.464001
v -0.267015 3.093429 0.394942
v -0.267015 3.093429 0.307090
v -0.336074 3.093429 0.238032
v -0.423926 3.093429 0.238032
v -0.492985 3.093429 0.307090
v -0.492985 3.093429 0.394942
v -0.423926 3.093429 0.464001
v -0.267015 3.037875 0.394942
v -0.336074 3.037875 0.464001
v -0.423926 3.037875 0.464001
v -0.267015 3.037875 0.307090
v -0.336074 3.037875 0.238032
v -0.423926 3.037875 0.238032
v -0.492985 3.037875 0.307090
v -0.492985 3.037875 0.394942
v -0.523273 3.071362 0.407488
v -0.501206 3.093429 0.398348
v -0.501206 3.093429 0.303685
v -0.523273 3.071362 0.294545
v -0.236727 3.071362 0.294545
v -0.258794 3.093429 0.303685
v -0.258794 3.093429 0.398348
v -0.236727 3.071362 0.407488
v -0.436472 3.071362 0.494289
v -0.427332 3.093429 0.472223
v -0.332669 3.093429 0.472223
v -0.323528 3.071362 0.494289
v -0.427332 3.093429 0.229810
v -0.436472 3.071362 0.207744
v -0.323528 3.071362 0.207744
v -0.332669 3.093429 0.229810
v -0.146636 1.823672 0.619483
v -0.146636 1.170922 0.619483
v -0.613364 1.170922 0.619483
v -0.613364 1.823672 0.619483
v -0.240716 1.817151 0.749898
v -0.220641 1.817151 0.749898
v -0.369962 1.177443 0.749898
v -0.390038 1.177443 0.749898
v -0.390038 1.817151 0.749898
v -0.369962 1.817151 0.749898
v -0.333318 1.170922 0.619483
v -0.426682 1.170922 0.619483
v -0.426682 1.823672 0.619483
v -0.333318 1.823672 0.619483
v -0.183996 1.170922 0.619483
v -0.277361 1.170922 0.619483
v -0.576004 1.823672 0.619483
v -0.482639 1.823672 0.619483
v -0.482639 1.170922 0.619483
v -0.576004 1.170922 0.619483
v -0.277361 1.823672 0.619483
v -0.183996 1.823672 0.619483
v -0.240716 1.177443 0.749898
v -0.220641 1.177443 0.749898
v -0.519284 1.817151 0.749898
v -0.539359 1.817151 0.749898
v -0.539359 1.177443 0.749898
v -0.519284 1.177443 0.749898
v -0.115511 1.835136 0.692443
v -0.038573 1.863476 0.615505
v -0.114326 1.863476 0.678991
v -0.115511 1.863476 0.692443
v -0.038573 1.131118 0.615505
v -0.115511 1.159457 0.692443
v -0.115511 1.131118 0.692443
v -0.078061 1.131118 0.652955
v -0.644489 1.159457 0.692443
v -0.721427 1.131118 0.615505
v -0.681939 1.131118 0.652955
v -0.644489 1.131118 0.692443
v -0.721427 1.863476 0.615505
v -0.644489 1.835136 0.692443
v -0.644489 1.863476 0.692443
v -0.247237 1.823672 0.749898
v -0.247237 1.170922 0.749898
v -0.363442 1.170922 0.749898
v -0.363442 1.823672 0.749898
v -0.545880 1.170922 0.749898
v -0.512763 1.170922 0.749898
v -0.214120 1.170922 0.749898
v -0.214120 1.823672 0.749898
v -0.545880 1.823672 0.749898
v -0.396558 1.823672 0.749898
v -0.396558 1.170922 0.749898
v -0.512763 1.823672 0.749898
v -0.240716 1.817151 0.745550
v -0.240716 1.177443 0.745550
v -0.369962 1.177443 0.745550
v -0.369962 1.817151 0.745550
v -0.539359 1.177443 0.745550
v -0.519284 1.177443 0.745550
v -0.220641 1.177443 0.745550
v -0.220641 1.817151 0.745550
v -0.539359 1.817151 0.745550
v -0.390038 1.817151 0.745550
v -0.390038 1.177443 0.745550
v -0.519284 1.817151 0.745550
v -0.146636 1.601631 0.692443
v -0.146636 1.392963 0.692443
v -0.613364 1.392963 0.692443
v -0.613364 1.601631 0.692443
v -0.247237 1.601631 0.749898
v -0.247237 1.392963 0.749898
v -0.363442 1.392963 0.749898
v -0.363442 1.601631 0.749898
v -0.214120 1.392963 0.749898
v -0.214120 1.601631 0.749898
v -0.146636 1.601631 0.619483
v -0.146636 1.392963 0.619483
v -0.545880 1.601631 0.749898
v -0.545880 1.392963 0.749898
v -0.613364 1.392963 0.619483
v -0.613364 1.601631 0.619483
v -0.396558 1.601631 0.749898
v -0.396558 1.392963 0.749898
v -0.426682 1.601631 0.619483
v -0.426682 1.392963 0.619483
v -0.333318 1.392963 0.619483
v -0.333318 1.601631 0.619483
v -0.277361 1.601631 0.619483
v -0.277361 1.392963 0.619483
v -0.183996 1.392963 0.619483
v -0.183996 1.601631 0.619483
v -0.576004 1.601631 0.619483
v -0.576004 1.392963 0.619483
v -0.482639 1.392963 0.619483
v -0.482639 1.601631 0.619483
v -0.512763 1.392963 0.749898
v -0.512763 1.601631 0.749898
v -0.115511 1.622175 0.692443
v -0.115511 1.372418 0.692443
v -0.644489 1.372418 0.692443
v -0.644489 1.622176 0.692443
v -0.240716 1.589946 0.749898
v -0.240716 1.404648 0.749898
v -0.369962 1.404648 0.749898
v -0.369962 1.589946 0.749898
v -0.220641 1.404648 0.749898
v -0.220641 1.589946 0.749898
v -0.539359 1.589946 0.749898
v -0.539359 1.404648 0.749898
v -0.390038 1.589946 0.749898
v -0.390038 1.404648 0.749898
v -0.519284 1.404648 0.749898
v -0.519284 1.589946 0.749898
v -0.240716 1.589946 0.745550
v -0.240716 1.404648 0.745550
v -0.369962 1.404648 0.745550
v -0.369962 1.589946 0.745550
v -0.220641 1.404648 0.745550
v -0.220641 1.589946 0.745550
v -0.539359 1.589946 0.745550
v -0.539359 1.404648 0.745550
v -0.390038 1.589946 0.745550
v -0.390038 1.404648 0.745550
v -0.519284 1.404648 0.745550
v -0.519284 1.589946 0.745550
v -0.721427 1.745991 0.009590
v -0.721427 1.599929 0.009590
v -0.721427 1.394665 0.009590
v -0.721427 1.248603 0.009590
v -0.038573 1.599929 0.009590
v -0.038573 1.745991 0.009590
v -0.038573 1.248603 0.009590
v -0.038573 1.394665 0.009590
v -0.038573 1.248603 0.615505
v -0.038573 1.394665 0.615505
v -0.085368 1.352522 0.662300
v -0.038573 1.599929 0.615505
v -0.038573 1.745991 0.615505
v -0.085368 1.642072 0.662300
v -0.721427 1.745991 0.615505
v -0.721427 1.599929 0.615505
v -0.674632 1.642072 0.662300
v -0.721427 1.394665 0.615505
v -0.721427 1.248603 0.615505
v -0.674632 1.352522 0.662300
v -0.045573 1.255965 0.608143
v -0.045573 1.387302 0.608143
v -0.045573 1.607292 0.608143
v -0.045573 1.738628 0.608143
v -0.714427 1.738629 0.608143
v -0.714427 1.607292 0.608143
v -0.714427 1.387302 0.608143
v -0.714427 1.255965 0.608143
v -0.043540 1.248603 0.014557
v -0.043540 1.394665 0.014557
v -0.043540 1.607291 0.014557
v -0.043540 1.745991 0.014557
v -0.716460 1.387302 0.014557
v -0.716460 1.248603 0.014557
v -0.716460 1.738628 0.014557
v -0.716460 1.607291 0.014557
v -0.045598 1.248603 0.615505
v -0.045598 1.394665 0.615505
v -0.045598 1.599929 0.615505
v -0.045598 1.745991 0.615505
v -0.714402 1.745991 0.615505
v -0.714402 1.599929 0.615505
v -0.714402 1.394665 0.615505
v -0.714402 1.248603 0.615505
v -0.043540 1.387302 0.014557
v -0.043540 1.255965 0.014557
v -0.043540 1.738628 0.014557
v -0.043540 1.599929 0.014557
v -0.716460 1.394665 0.014557
v -0.716460 1.255965 0.014557
v -0.716460 1.745991 0.014557
v -0.716460 1.599929 0.014557
v -0.035635 1.255965 0.006678
v -0.035635 1.387302 0.006678
v -0.035635 1.607291 0.006678
v -0.035635 1.738628 0.006678
v -0.724365 1.387302 0.006678
v -0.724365 1.255965 0.006678
v -0.724365 1.738628 0.006678
v -0.724365 1.607291 0.006678
v -0.034412 1.255965 0.608181
v -0.034412 1.387302 0.608181
v -0.034412 1.607292 0.608181
v -0.034412 1.738628 0.608181
v -0.725588 1.738629 0.608181
v -0.725588 1.607292 0.608181
v -0.725588 1.387302 0.608181
v -0.725588 1.255965 0.608181
v -0.523273 2.906594 0.294545
v -0.523273 2.876543 0.294545
v -0.523273 2.726800 0.294545
v -0.523273 2.696749 0.294545
v -0.523273 2.547007 0.294545
v -0.523273 2.516956 0.294545
v -0.523273 2.547007 0.407488
v -0.523273 2.516956 0.407488
v -0.523273 2.726800 0.407488
v -0.523273 2.696749 0.407488
v -0.523273 2.906594 0.407488
v -0.523273 2.876543 0.407488
v -0.436472 2.547007 0.494289
v -0.436472 2.516956 0.494289
v -0.436472 2.726800 0.494289
v -0.436472 2.696749 0.494289
v -0.436472 2.906594 0.494289
v -0.436472 2.876543 0.494289
v -0.436472 2.906594 0.207744
v -0.436472 2.876543 0.207744
v -0.436472 2.726800 0.207744
v -0.436472 2.696749 0.207744
v -0.436472 2.547007 0.207744
v -0.436472 2.516956 0.207744
v -0.236727 2.906594 0.407488
v -0.236727 2.876543 0.407488
v -0.236727 2.726800 0.407488
v -0.236727 2.696749 0.407488
v -0.236727 2.547007 0.407488
v -0.236727 2.516956 0.407488
v -0.236727 2.547007 0.294545
v -0.236727 2.516956 0.294545
v -0.236727 2.726800 0.294545
v -0.236727 2.696749 0.294545
v -0.236727 2.906594 0.294545
v -0.236727 2.876543 0.294545
v -0.323528 2.547007 0.207744
v -0.323528 2.516956 0.207744
v -0.323528 2.726800 0.207744
v -0.323528 2.696749 0.207744
v -0.323528 2.906594 0.207744
v -0.323528 2.876543 0.207744
v -0.323528 2.876543 0.494289
v -0.323528 2.906594 0.494289
v -0.323528 2.696749 0.494289
v -0.323528 2.726800 0.494289
v -0.323528 2.516956 0.494289
v -0.323528 2.547007 0.494289
v -0.324077 2.522350 0.492964
v -0.324077 2.547007 0.492964
v -0.435923 2.541612 0.492964
v -0.435923 2.522350 0.492964
v -0.324077 2.696749 0.492964
v -0.324077 2.721405 0.492964
v -0.435923 2.721405 0.492964
v -0.435923 2.702144 0.492964
v -0.324077 2.881938 0.492964
v -0.324077 2.901199 0.492964
v -0.435923 2.901199 0.492964
v -0.435923 2.876543 0.492964
v -0.521947 2.541612 0.406939
v -0.521947 2.516956 0.406939
v -0.521947 2.721405 0.406939
v -0.521947 2.702144 0.406939
v -0.521947 2.901199 0.406939
v -0.521947 2.876543 0.406939
v -0.521947 2.541612 0.295094
v -0.521947 2.522350 0.295094
v -0.521947 2.721405 0.295094
v -0.521947 2.696749 0.295094
v -0.521947 2.901199 0.295094
v -0.521947 2.876543 0.295094
v -0.435923 2.541612 0.209069
v -0.435923 2.522350 0.209069
v -0.435923 2.721405 0.209069
v -0.435923 2.702144 0.209069
v -0.435923 2.901199 0.209069
v -0.435923 2.876543 0.209069
v -0.324077 2.541612 0.209069
v -0.324077 2.516956 0.209069
v -0.324077 2.721405 0.209069
v -0.324077 2.702144 0.209069
v -0.324077 2.901199 0.209069
v -0.324077 2.876543 0.209069
v -0.238053 2.541612 0.295094
v -0.238053 2.522350 0.295094
v -0.238053 2.721405 0.295094
v -0.238053 2.696749 0.295094
v -0.238053 2.901199 0.295094
v -0.238053 2.876543 0.295094
v -0.238053 2.541612 0.406939
v -0.238053 2.522350 0.406939
v -0.238053 2.721405 0.406939
v -0.238053 2.696749 0.406939
v -0.238053 2.901199 0.406939
v -0.238053 2.881938 0.406939
v -0.324077 2.541612 0.492964
v -0.435923 2.547007 0.492964
v -0.435923 2.516956 0.492964
v -0.324077 2.516956 0.492964
v -0.324077 2.726800 0.492964
v -0.435923 2.726800 0.492964
v -0.435923 2.696749 0.492964
v -0.324077 2.702144 0.492964
v -0.324077 2.906594 0.492964
v -0.435923 2.906594 0.492964
v -0.435923 2.881938 0.492964
v -0.324077 2.876543 0.492964
v -0.521947 2.547007 0.406939
v -0.521947 2.522350 0.406939
v -0.521947 2.726800 0.406939
v -0.521947 2.696749 0.406939
v -0.521947 2.906594 0.406939
v -0.521947 2.881938 0.406939
v -0.521947 2.547007 0.295094
v -0.521947 2.516956 0.295094
v -0.521947 2.726800 0.295094
v -0.521947 2.702144 0.295094
v -0.521947 2.906594 0.295094
v -0.521947 2.881938 0.295094
v -0.435923 2.547007 0.209069
v -0.435923 2.516956 0.209069
v -0.435923 2.726800 0.209069
v -0.435923 2.696749 0.209069
v -0.435923 2.906594 0.209069
v -0.435923 2.881938 0.209069
v -0.324077 2.547007 0.209069
v -0.324077 2.522350 0.209069
v -0.324077 2.726800 0.209069
v -0.324077 2.696749 0.209069
v -0.324077 2.906594 0.209069
v -0.324077 2.881938 0.209069
v -0.238053 2.547007 0.295094
v -0.238053 2.516956 0.295094
v -0.238053 2.726800 0.295094
v -0.238053 2.702144 0.295094
v -0.238053 2.906594 0.295094
v -0.238053 2.881938 0.295094
v -0.238053 2.547007 0.406939
v -0.238053 2.516956 0.406939
v -0.238053 2.726800 0.406939
v -0.238053 2.702144 0.406939
v -0.238053 2.906594 0.406939
v -0.238053 2.876543 0.406939
v -0.324961 2.522350 0.490831
v -0.324961 2.541612 0.490831
v -0.435039 2.541612 0.490831
v -0.435039 2.522350 0.490831
v -0.324961 2.702144 0.490831
v -0.324961 2.721405 0.490831
v -0.435039 2.721405 0.490831
v -0.435039 2.702144 0.490831
v -0.324961 2.881938 0.490831
v -0.324961 2.901199 0.490831
v -0.435039 2.901199 0.490831
v -0.435039 2.881938 0.490831
v -0.519814 2.541612 0.406056
v -0.519814 2.522350 0.406056
v -0.519814 2.721405 0.406056
v -0.519814 2.702144 0.406056
v -0.519814 2.901199 0.406056
v -0.519814 2.881938 0.406056
v -0.519814 2.541612 0.295977
v -0.519814 2.522350 0.295977
v -0.519814 2.721405 0.295977
v -0.519814 2.702144 0.295977
v -0.519814 2.901199 0.295977
v -0.519814 2.881938 0.295977
v -0.435039 2.541612 0.211202
v -0.435039 2.522350 0.211202
v -0.435039 2.721405 0.211202
v -0.435039 2.702144 0.211202
v -0.435039 2.901199 0.211202
v -0.435039 2.881938 0.211202
v -0.324961 2.541612 0.211202
v -0.324961 2.522350 0.211202
v -0.324961 2.721405 0.211202
v -0.324961 2.702144 0.211202
v -0.324961 2.901199 0.211202
v -0.324961 2.881938 0.211202
v -0.240186 2.541612 0.295977
v -0.240186 2.522350 0.295977
v -0.240186 2.721405 0.295977
v -0.240186 2.702144 0.295977
v -0.240186 2.901199 0.295977
v -0.240186 2.881938 0.295977
v -0.240186 2.541612 0.406056
v -0.240186 2.522350 0.406056
v -0.240186 2.721405 0.406056
v -0.240186 2.702144 0.406056
v -0.240186 2.901199 0.406056
v -0.240186 2.881938 0.406056
v 0.184690 1.195547 -0.649052
v 0.184690 1.438302 -0.649052
v 0.575310 1.438302 -0.649052
v 0.575310 1.195547 -0.649052
v 0.184690 1.438302 -0.628921
v 0.184690 1.195547 -0.628921
v 0.575310 1.195547 -0.628921
v 0.575310 1.438302 -0.628921
v 0.191140 1.203692 -0.628921
v 0.191140 1.430157 -0.628921
v 0.568860 1.430157 -0.628921
v 0.568860 1.203692 -0.628921
v 0.191140 1.362132 -0.633625
v 0.191140 1.337504 -0.649790
v 0.568860 1.370397 -0.649790
v 0.568860 1.395025 -0.633625
v 0.191140 1.395025 -0.633625
v 0.191140 1.370397 -0.649790
v 0.568860 1.238824 -0.649790
v 0.568860 1.263452 -0.633625
v 0.191140 1.263452 -0.633625
v 0.191140 1.238824 -0.649790
v 0.568860 1.304611 -0.649790
v 0.568860 1.329239 -0.633625
v 0.191140 1.329239 -0.633625
v 0.191140 1.304611 -0.649790
v 0.191140 1.329239 -0.628921
v 0.191140 1.304611 -0.628921
v 0.568860 1.304611 -0.628921
v 0.568860 1.329239 -0.628921
v 0.191140 1.263452 -0.628921
v 0.191140 1.238824 -0.628921
v 0.568860 1.238824 -0.628921
v 0.568860 1.263452 -0.628921
v 0.191140 1.395025 -0.628921
v 0.191140 1.370397 -0.628921
v 0.568860 1.370397 -0.628921
v 0.568860 1.395025 -0.628921
v 0.191140 1.230559 -0.628921
v 0.191140 1.205931 -0.628921
v 0.568860 1.205931 -0.628921
v 0.568860 1.230559 -0.628921
v 0.191140 1.362132 -0.628921
v 0.191140 1.337504 -0.628921
v 0.568860 1.337504 -0.628921
v 0.568860 1.362132 -0.628921
v 0.191140 1.296345 -0.628921
v 0.191140 1.271717 -0.628921
v 0.568860 1.271717 -0.628921
v 0.568860 1.296345 -0.628921
v 0.191140 1.427918 -0.628921
v 0.191140 1.403290 -0.628921
v 0.568860 1.403290 -0.628921
v 0.568860 1.427918 -0.628921
v 0.568860 1.362132 -0.633625
v 0.568860 1.337504 -0.649790
v 0.191140 1.205931 -0.649790
v 0.191140 1.230559 -0.633625
v 0.568860 1.230559 -0.633625
v 0.568860 1.205931 -0.649790
v 0.191140 1.271717 -0.649790
v 0.191140 1.296345 -0.633625
v 0.568860 1.296345 -0.633625
v 0.568860 1.271717 -0.649790
v 0.191140 1.403290 -0.649790
v 0.191140 1.427918 -0.633625
v 0.568860 1.427918 -0.633625
v 0.568860 1.403290 -0.649790
v 0.164119 1.183402 -0.111625
v 0.175071 1.169573 -0.111625
v 0.175071 1.464276 -0.111625
v 0.164119 1.450447 -0.111625
v 0.175071 1.169573 -0.649052
v 0.164119 1.183402 -0.649052
v 0.171863 1.179352 -0.649052
v 0.164119 1.450447 -0.649052
v 0.175071 1.464276 -0.649052
v 0.171863 1.454498 -0.649052
v 0.584929 1.169573 -0.111625
v 0.595881 1.183402 -0.111625
v 0.595881 1.450447 -0.111625
v 0.584929 1.464276 -0.111625
v 0.595881 1.183402 -0.649052
v 0.584929 1.169573 -0.649052
v 0.588137 1.179352 -0.649052
v 0.584929 1.464276 -0.649052
v 0.595881 1.450447 -0.649052
v 0.588137 1.454498 -0.649052
v 0.561348 1.474960 -0.620322
v 0.198652 1.474960 -0.620322
v 0.198652 1.474960 -0.152076
v 0.561348 1.474960 -0.152076
v 0.184690 1.553040 -0.649052
v 0.184690 1.795795 -0.649052
v 0.575310 1.795795 -0.649052
v 0.575310 1.553040 -0.649052
v 0.184690 1.795795 -0.628921
v 0.184690 1.553040 -0.628921
v 0.575310 1.553040 -0.628921
v 0.575310 1.795795 -0.628921
v 0.191140 1.561185 -0.628921
v 0.191140 1.787650 -0.628921
v 0.568860 1.787650 -0.628921
v 0.568860 1.561185 -0.628921
v 0.191140 1.719625 -0.633625
v 0.191140 1.694997 -0.649790
v 0.568860 1.727890 -0.649790
v 0.568860 1.752518 -0.633625
v 0.191140 1.752518 -0.633625
v 0.191140 1.727890 -0.649790
v 0.568860 1.596317 -0.649790
v 0.568860 1.620945 -0.633625
v 0.191140 1.620945 -0.633625
v 0.191140 1.596317 -0.649790
v 0.568860 1.662104 -0.649790
v 0.568860 1.686732 -0.633625
v 0.191140 1.686732 -0.633625
v 0.191140 1.662104 -0.649790
v 0.191140 1.686732 -0.628921
v 0.191140 1.662104 -0.628921
v 0.568860 1.662104 -0.628921
v 0.568860 1.686732 -0.628921
v 0.191140 1.620945 -0.628921
v 0.191140 1.596317 -0.628921
v 0.568860 1.596317 -0.628921
v 0.568860 1.620945 -0.628921
v 0.191140 1.752518 -0.628921
v 0.191140 1.727890 -0.628921
v 0.568860 1.727890 -0.628921
v 0.568860 1.752518 -0.628921
v 0.191140 1.588052 -0.628921
v 0.191140 1.563424 -0.628921
v 0.568860 1.563424 -0.628921
v 0.568860 1.588052 -0.628921
v 0.191140 1.719625 -0.628921
v 0.191140 1.694997 -0.628921
v 0.568860 1.694997 -0.628921
v 0.568860 1.719625 -0.628921
v 0.191140 1.653838 -0.628921
v 0.191140 1.629210 -0.628921
v 0.568860 1.629210 -0.628921
v 0.568860 1.653838 -0.628921
v 0.191140 1.785411 -0.628921
v 0.191140 1.760783 -0.628921
v 0.568860 1.760783 -0.628921
v 0.568860 1.785411 -0.628921
v 0.568860 1.719625 -0.633625
v 0.568860 1.694997 -0.649790
v 0.191140 1.563424 -0.649790
v 0.191140 1.588052 -0.633625
v 0.568860 1.588052 -0.633625
v 0.568860 1.563424 -0.649790
v 0.191140 1.629210 -0.649790
v 0.191140 1.653838 -0.633625
v 0.568860 1.653838 -0.633625
v 0.568860 1.629210 -0.649790
v 0.191140 1.760783 -0.649790
v 0.191140 1.785411 -0.633625
v 0.568860 1.785411 -0.633625
v 0.568860 1.760783 -0.649790
v 0.164119 1.743445 -0.139339
v 0.175071 1.527066 -0.111625
v 0.175071 1.821769 -0.111625
v 0.164119 1.791397 -0.139339
v 0.175071 1.527066 -0.649052
v 0.164119 1.743445 -0.621337
v 0.171863 1.536844 -0.649052
v 0.164119 1.791397 -0.621337
v 0.175071 1.821769 -0.649052
v 0.171863 1.811991 -0.649052
v 0.584929 1.527066 -0.111625
v 0.595881 1.743445 -0.139339
v 0.595881 1.791397 -0.139339
v 0.584929 1.821769 -0.111625
v 0.595881 1.743445 -0.621337
v 0.584929 1.527066 -0.649052
v 0.588137 1.536844 -0.649052
v 0.584929 1.821769 -0.649052
v 0.595881 1.791397 -0.621337
v 0.588137 1.811991 -0.649052
v 0.198652 1.516382 -0.620322
v 0.561348 1.516382 -0.620322
v 0.561348 1.516382 -0.152076
v 0.198652 1.516382 -0.152076
v 0.164119 1.540895 -0.111625
v 0.164119 1.540895 -0.649052
v 0.164119 1.807940 -0.649052
v 0.164119 1.807940 -0.111625
v 0.595881 1.540895 -0.649052
v 0.595881 1.540895 -0.111625
v 0.595881 1.807940 -0.111625
v 0.595881 1.807940 -0.649052
v 0.167122 1.743445 -0.139339
v 0.167122 1.743445 -0.621337
v 0.167122 1.791397 -0.621337
v 0.167122 1.791397 -0.139339
v 0.592878 1.743445 -0.621337
v 0.592878 1.743445 -0.139339
v 0.592878 1.791397 -0.139339
v 0.592878 1.791397 -0.621337
v 0.561348 1.464276 -0.620322
v 0.198652 1.464276 -0.620322
v 0.561348 1.464276 -0.140355
v 0.198652 1.464276 -0.140355
v 0.198652 1.527066 -0.620322
v 0.561348 1.527066 -0.620322
v 0.198652 1.527066 -0.140355
v 0.561348 1.527066 -0.140355
v 0.558767 1.474960 -0.617177
v 0.558767 1.516382 -0.617177
v 0.201233 1.516382 -0.617177
v 0.201233 1.474960 -0.617177
v 0.557698 1.474960 -0.152076
v 0.202302 1.474960 -0.152076
v 0.202302 1.516382 -0.152076
v 0.557698 1.516382 -0.152076
v 0.245000 1.042320 -0.095464
v 0.245000 2.121739 -0.095464
v 0.278248 1.042320 -0.081692
v 0.278248 2.121739 -0.081692
v 0.292020 1.042320 -0.048444
v 0.211752 2.137242 0.000309
v 0.278248 1.042320 -0.015197
v 0.197980 2.170490 0.000309
v 0.245000 1.042320 -0.001425
v 0.211752 2.203738 0.000309
v 0.211752 1.042320 -0.015197
v 0.211752 2.121739 -0.015197
v 0.197980 1.042320 -0.048444
v 0.245000 2.123470 0.000309
v 0.211752 1.042320 -0.081692
v 0.292020 2.170490 0.000309
v 0.278248 2.137242 0.000309
v 0.245000 2.217510 0.000309
v 0.292020 2.121739 -0.048444
v 0.278248 2.121739 -0.015197
v 0.245000 2.121739 -0.001425
v 0.278248 2.203738 0.000309
v 0.197980 2.121739 -0.048444
v 0.211752 2.121739 -0.081692
v 0.245000 2.217510 0.066428
v 0.211752 2.203738 0.066428
v 0.197980 2.170490 0.066428
v 0.211752 2.137242 0.066428
v 0.245000 2.123470 0.066428
v 0.292020 2.170490 0.066428
v 0.278248 2.203738 0.066428
v 0.278248 2.137242 0.066428
v 0.245000 2.158771 -0.088881
v 0.245000 2.207252 -0.045995
v 0.211752 2.153630 -0.076105
v 0.211752 2.195011 -0.039685
v 0.197980 2.141220 -0.045260
v 0.197980 2.165460 -0.024449
v 0.211752 2.128809 -0.014416
v 0.211752 2.135908 -0.009214
v 0.245000 2.122730 -0.001639
v 0.245000 2.123667 -0.000786
v 0.278248 2.128809 -0.014416
v 0.278248 2.135908 -0.009214
v 0.292020 2.141220 -0.045260
v 0.292020 2.165460 -0.024449
v 0.278248 2.195011 -0.039685
v 0.278248 2.153630 -0.076105
v 0.515000 1.129551 -0.095464
v 0.515000 2.208970 -0.095464
v 0.548248 1.129551 -0.081692
v 0.548248 2.208970 -0.081692
v 0.562020 1.129551 -0.048444
v 0.481752 2.224473 0.000309
v 0.548248 1.129551 -0.015197
v 0.467980 2.257721 0.000309
v 0.515000 1.129551 -0.001425
v 0.481752 2.290969 0.000309
v 0.481752 1.129551 -0.015197
v 0.481752 2.208970 -0.015197
v 0.467980 1.129551 -0.048444
v 0.515000 2.210701 0.000309
v 0.481752 1.129551 -0.081692
v 0.562020 2.257721 0.000309
v 0.548248 2.224473 0.000309
v 0.515000 2.304740 0.000309
v 0.562020 2.208970 -0.048444
v 0.548248 2.208970 -0.015197
v 0.515000 2.208970 -0.001425
v 0.548248 2.290969 0.000309
v 0.467980 2.208970 -0.048444
v 0.481752 2.208970 -0.081692
v 0.515000 2.304740 0.066428
v 0.481752 2.290969 0.066428
v 0.467980 2.257721 0.066428
v 0.481752 2.224473 0.066428
v 0.515000 2.210701 0.066428
v 0.562020 2.257721 0.066428
v 0.548248 2.290969 0.066428
v 0.548248 2.224473 0.066428
v 0.515000 2.246002 -0.088881
v 0.515000 2.294483 -0.045995
v 0.481752 2.240861 -0.076105
v 0.481752 2.282242 -0.039685
v 0.467980 2.228451 -0.045260
v 0.467980 2.252691 -0.024449
v 0.481752 2.216040 -0.014416
v 0.481752 2.223139 -0.009214
v 0.515000 2.209960 -0.001639
v 0.515000 2.210898 -0.000786
v 0.548248 2.216040 -0.014416
v 0.548248 2.223139 -0.009214
v 0.562020 2.228451 -0.045260
v 0.562020 2.252691 -0.024449
v 0.548248 2.282242 -0.039685
v 0.548248 2.240861 -0.076105
v 0.697020 1.671987 0.018020
v 0.697020 1.671987 -0.448893
v 0.683248 1.705235 0.018020
v 0.683248 1.705235 -0.448893
v 0.650000 1.719007 0.018020
v 0.600765 1.638739 -0.464650
v 0.616752 1.705235 0.018020
v 0.600765 1.624968 -0.497898
v 0.602980 1.671987 0.018020
v 0.600765 1.638739 -0.531146
v 0.616752 1.638739 0.018020
v 0.616752 1.638739 -0.448893
v 0.650000 1.624968 0.018020
v 0.600765 1.671987 -0.450878
v 0.683248 1.638739 0.018020
v 0.600765 1.719007 -0.497898
v 0.600765 1.705235 -0.464650
v 0.600765 1.671987 -0.544917
v 0.650000 1.719007 -0.448893
v 0.616752 1.705235 -0.448893
v 0.602980 1.671987 -0.448893
v 0.600765 1.705235 -0.531146
v 0.650000 1.624968 -0.448893
v 0.683248 1.638739 -0.448893
v 0.560904 1.671987 -0.544917
v 0.560904 1.638739 -0.531146
v 0.560904 1.624968 -0.497898
v 0.560904 1.638739 -0.464650
v 0.560904 1.671987 -0.450878
v 0.560904 1.719007 -0.497898
v 0.560904 1.705235 -0.531146
v 0.560904 1.705235 -0.464650
v 0.690437 1.671987 -0.486179
v 0.647551 1.671987 -0.534660
v 0.677661 1.638739 -0.481039
v 0.641240 1.638739 -0.522419
v 0.646816 1.624968 -0.468628
v 0.626005 1.624968 -0.492868
v 0.615971 1.638739 -0.456217
v 0.610769 1.638739 -0.463316
v 0.603195 1.671987 -0.450138
v 0.602342 1.671987 -0.451075
v 0.615971 1.705235 -0.456217
v 0.610769 1.705235 -0.463316
v 0.646816 1.719007 -0.468628
v 0.626005 1.719007 -0.492868
v 0.641240 1.705235 -0.522419
v 0.677661 1.705235 -0.481038
v 0.697020 1.320000 0.018020
v 0.697020 1.320000 -0.448893
v 0.683248 1.353248 0.018020
v 0.683248 1.353248 -0.448893
v 0.650000 1.367020 0.018020
v 0.600765 1.286752 -0.464650
v 0.616752 1.353248 0.018020
v 0.600765 1.272980 -0.497898
v 0.602980 1.320000 0.018020
v 0.600765 1.286752 -0.531146
v 0.616752 1.286752 0.018020
v 0.616752 1.286752 -0.448893
v 0.650000 1.272980 0.018020
v 0.600765 1.320000 -0.450878
v 0.683248 1.286752 0.018020
v 0.600765 1.367020 -0.497898
v 0.600765 1.353248 -0.464650
v 0.600765 1.320000 -0.544917
v 0.650000 1.367020 -0.448893
v 0.616752 1.353248 -0.448893
v 0.602980 1.320000 -0.448893
v 0.600765 1.353248 -0.531146
v 0.650000 1.272980 -0.448893
v 0.683248 1.286752 -0.448893
v 0.560904 1.320000 -0.544917
v 0.560904 1.286752 -0.531146
v 0.560904 1.272980 -0.497898
v 0.560904 1.286752 -0.464650
v 0.560904 1.320000 -0.450878
v 0.560904 1.367020 -0.497898
v 0.560904 1.353248 -0.531146
v 0.560904 1.353248 -0.464650
v 0.690437 1.320000 -0.486179
v 0.647551 1.320000 -0.534660
v 0.677661 1.286752 -0.481039
v 0.641240 1.286752 -0.522419
v 0.646816 1.272980 -0.468628
v 0.626005 1.272980 -0.492868
v 0.615971 1.286752 -0.456217
v 0.610769 1.286752 -0.463316
v 0.603195 1.320000 -0.450138
v 0.602342 1.320000 -0.451075
v 0.615971 1.353248 -0.456217
v 0.610769 1.353248 -0.463316
v 0.646816 1.367020 -0.468628
v 0.626005 1.367020 -0.492868
v 0.641240 1.353248 -0.522419
v 0.677661 1.353248 -0.481038
v -0.575310 1.195547 -0.649052
v -0.575310 1.438302 -0.649052
v -0.184690 1.438302 -0.649052
v -0.184690 1.195547 -0.649052
v -0.575310 1.438302 -0.628921
v -0.575310 1.195547 -0.628921
v -0.184690 1.195547 -0.628921
v -0.184690 1.438302 -0.628921
v -0.568860 1.203692 -0.628921
v -0.568860 1.430157 -0.628921
v -0.191140 1.430157 -0.628921
v -0.191140 1.203692 -0.628921
v -0.568860 1.362132 -0.633625
v -0.568860 1.337504 -0.649790
v -0.191140 1.370397 -0.649790
v -0.191140 1.395025 -0.633625
v -0.568860 1.395025 -0.633625
v -0.568860 1.370397 -0.649790
v -0.191140 1.238824 -0.649790
v -0.191140 1.263452 -0.633625
v -0.568860 1.263452 -0.633625
v -0.568860 1.238824 -0.649790
v -0.191140 1.304611 -0.649790
v -0.191140 1.329239 -0.633625
v -0.568860 1.329239 -0.633625
v -0.568860 1.304611 -0.649790
v -0.568860 1.329239 -0.628921
v -0.568860 1.304611 -0.628921
v -0.191140 1.304611 -0.628921
v -0.191140 1.329239 -0.628921
v -0.568860 1.263452 -0.628921
v -0.568860 1.238824 -0.628921
v -0.191140 1.238824 -0.628921
v -0.191140 1.263452 -0.628921
v -0.568860 1.395025 -0.628921
v -0.568860 1.370397 -0.628921
v -0.191140 1.370397 -0.628921
v -0.191140 1.395025 -0.628921
v -0.568860 1.230559 -0.628921
v -0.568860 1.205931 -0.628921
v -0.191140 1.205931 -0.628921
v -0.191140 1.230559 -0.628921
v -0.568860 1.362132 -0.628921
v -0.568860 1.337504 -0.628921
v -0.191140 1.337504 -0.628921
v -0.191140 1.362132 -0.628921
v -0.568860 1.296345 -0.628921
v -0.568860 1.271717 -0.628921
v -0.191140 1.271717 -0.628921
v -0.191140 1.296345 -0.628921
v -0.568860 1.427918 -0.628921
v -0.568860 1.403290 -0.628921
v -0.191140 1.403290 -0.628921
v -0.191140 1.427918 -0.628921
v -0.191140 1.362132 -0.633625
v -0.191140 1.337504 -0.649790
v -0.568860 1.205931 -0.649790
v -0.568860 1.230559 -0.633625
v -0.191140 1.230559 -0.633625
v -0.191140 1.205931 -0.649790
v -0.568860 1.271717 -0.649790
v -0.568860 1.296345 -0.633625
v -0.191140 1.296345 -0.633625
v -0.191140 1.271717 -0.649790
v -0.568860 1.403290 -0.649790
v -0.568860 1.427918 -0.633625
v -0.191140 1.427918 -0.633625
v -0.191140 1.403290 -0.649790
v -0.595881 1.183402 -0.111625
v -0.584929 1.169573 -0.111625
v -0.584929 1.464276 -0.111625
v -0.595881 1.450447 -0.111625
v -0.584929 1.169573 -0.649052
v -0.595881 1.183402 -0.649052
v -0.588137 1.179352 -0.649052
v -0.595881 1.450447 -0.649052
v -0.584929 1.464276 -0.649052
v -0.588137 1.454498 -0.649052
v -0.175071 1.169573 -0.111625
v -0.164119 1.183402 -0.111625
v -0.164119 1.450447 -0.111625
v -0.175071 1.464276 -0.111625
v -0.164119 1.183402 -0.649052
v -0.175071 1.169573 -0.649052
v -0.171863 1.179352 -0.649052
v -0.175071 1.464276 -0.649052
v -0.164119 1.450447 -0.649052
v -0.171863 1.454498 -0.649052
v -0.198652 1.474960 -0.620322
v -0.561348 1.474960 -0.620322
v -0.561348 1.474960 -0.152076
v -0.198652 1.474960 -0.152076
v -0.575310 1.553040 -0.649052
v -0.575310 1.795795 -0.649052
v -0.184690 1.795795 -0.649052
v -0.184690 1.553040 -0.649052
v -0.575310 1.795795 -0.628921
v -0.575310 1.553040 -0.628921
v -0.184690 1.553040 -0.628921
v -0.184690 1.795795 -0.628921
v -0.568860 1.561185 -0.628921
v -0.568860 1.787650 -0.628921
v -0.191140 1.787650 -0.628921
v -0.191140 1.561185 -0.628921
v -0.568860 1.719625 -0.633625
v -0.568860 1.694997 -0.649790
v -0.191140 1.727890 -0.649790
v -0.191140 1.752518 -0.633625
v -0.568860 1.752518 -0.633625
v -0.568860 1.727890 -0.649790
v -0.191140 1.596317 -0.649790
v -0.191140 1.620945 -0.633625
v -0.568860 1.620945 -0.633625
v -0.568860 1.596317 -0.649790
v -0.191140 1.662104 -0.649790
v -0.191140 1.686732 -0.633625
v -0.568860 1.686732 -0.633625
v -0.568860 1.662104 -0.649790
v -0.568860 1.686732 -0.628921
v -0.568860 1.662104 -0.628921
v -0.191140 1.662104 -0.628921
v -0.191140 1.686732 -0.628921
v -0.568860 1.620945 -0.628921
v -0.568860 1.596317 -0.628921
v -0.191140 1.596317 -0.628921
v -0.191140 1.620945 -0.628921
v -0.568860 1.752518 -0.628921
v -0.568860 1.727890 -0.628921
v -0.191140 1.727890 -0.628921
v -0.191140 1.752518 -0.628921
v -0.568860 1.588052 -0.628921
v -0.568860 1.563424 -0.628921
v -0.191140 1.563424 -0.628921
v -0.191140 1.588052 -0.628921
v -0.568860 1.719625 -0.628921
v -0.568860 1.694997 -0.628921
v -0.191140 1.694997 -0.628921
v -0.191140 1.719625 -0.628921
v -0.568860 1.653838 -0.628921
v -0.568860 1.629210 -0.628921
v -0.191140 1.629210 -0.628921
v -0.191140 1.653838 -0.628921
v -0.568860 1.785411 -0.628921
v -0.568860 1.760783 -0.628921
v -0.191140 1.760783 -0.628921
v -0.191140 1.785411 -0.628921
v -0.191140 1.719625 -0.633625
v -0.191140 1.694997 -0.649790
v -0.568860 1.563424 -0.649790
v -0.568860 1.588052 -0.633625
v -0.191140 1.588052 -0.633625
v -0.191140 1.563424 -0.649790
v -0.568860 1.629210 -0.649790
v -0.568860 1.653838 -0.633625
v -0.191140 1.653838 -0.633625
v -0.191140 1.629210 -0.649790
v -0.568860 1.760783 -0.649790
v -0.568860 1.785411 -0.633625
v -0.191140 1.785411 -0.633625
v -0.191140 1.760783 -0.649790
v -0.595881 1.743445 -0.139339
v -0.584929 1.527066 -0.111625
v -0.584929 1.821769 -0.111625
v -0.595881 1.791397 -0.139339
v -0.584929 1.527066 -0.649052
v -0.595881 1.743445 -0.621337
v -0.588137 1.536844 -0.649052
v -0.595881 1.791397 -0.621337
v -0.584929 1.821769 -0.649052
v -0.588137 1.811991 -0.649052
v -0.175071 1.527066 -0.111625
v -0.164119 1.743445 -0.139339
v -0.164119 1.791397 -0.139339
v -0.175071 1.821769 -0.111625
v -0.164119 1.743445 -0.621337
v -0.175071 1.527066 -0.649052
v -0.171863 1.536844 -0.649052
v -0.175071 1.821769 -0.649052
v -0.164119 1.791397 -0.621337
v -0.171863 1.811991 -0.649052
v -0.561348 1.516382 -0.620322
v -0.198652 1.516382 -0.620322
v -0.198652 1.516382 -0.152076
v -0.561348 1.516382 -0.152076
v -0.595881 1.540895 -0.111625
v -0.595881 1.540895 -0.649052
v -0.595881 1.807940 -0.649052
v -0.595881 1.807940 -0.111625
v -0.164119 1.540895 -0.649052
v -0.164119 1.540895 -0.111625
v -0.164119 1.807940 -0.111625
v -0.164119 1.807940 -0.649052
v -0.592878 1.743445 -0.139339
v -0.592878 1.743445 -0.621337
v -0.592878 1.791397 -0.621337
v -0.592878 1.791397 -0.139339
v -0.167122 1.743445 -0.621337
v -0.167122 1.743445 -0.139339
v -0.167122 1.791397 -0.139339
v -0.167122 1.791397 -0.621337
v -0.198652 1.464276 -0.620322
v -0.561348 1.464276 -0.620322
v -0.198652 1.464276 -0.140355
v -0.561348 1.464276 -0.140355
v -0.561348 1.527066 -0.620322
v -0.198652 1.527066 -0.620322
v -0.561348 1.527066 -0.140355
v -0.198652 1.527066 -0.140355
v -0.201233 1.474960 -0.617177
v -0.201233 1.516382 -0.617177
v -0.558767 1.516382 -0.617177
v -0.558767 1.474960 -0.617177
v -0.202302 1.474960 -0.152076
v -0.557698 1.474960 -0.152076
v -0.557698 1.516382 -0.152076
v -0.202302 1.516382 -0.152076
v -0.697020 1.671987 0.018020
v -0.697020 1.671987 -0.448893
v -0.683248 1.638739 0.018020
v -0.683248 1.638739 -0.448893
v -0.650000 1.624968 0.018020
v -0.600765 1.705235 -0.464650
v -0.616752 1.638739 0.018020
v -0.600765 1.719007 -0.497898
v -0.602980 1.671987 0.018020
v -0.600765 1.705235 -0.531146
v -0.616752 1.705235 0.018020
v -0.616752 1.705235 -0.448893
v -0.650000 1.719007 0.018020
v -0.600765 1.671987 -0.450878
v -0.683248 1.705235 0.018020
v -0.600765 1.624968 -0.497898
v -0.600765 1.638739 -0.464650
v -0.600765 1.671987 -0.544917
v -0.650000 1.624968 -0.448893
v -0.616752 1.638739 -0.448893
v -0.602980 1.671987 -0.448893
v -0.600765 1.638739 -0.531146
v -0.650000 1.719007 -0.448893
v -0.683248 1.705235 -0.448893
v -0.560904 1.671987 -0.544917
v -0.560904 1.705235 -0.531146
v -0.560904 1.719007 -0.497898
v -0.560904 1.705235 -0.464650
v -0.560904 1.671987 -0.450878
v -0.560904 1.624968 -0.497898
v -0.560904 1.638739 -0.531146
v -0.560904 1.638739 -0.464650
v -0.690437 1.671987 -0.486179
v -0.647551 1.671987 -0.534660
v -0.677661 1.705235 -0.481039
v -0.641240 1.705235 -0.522419
v -0.646816 1.719007 -0.468628
v -0.626005 1.719007 -0.492868
v -0.615971 1.705235 -0.456217
v -0.610769 1.705235 -0.463316
v -0.603195 1.671987 -0.450138
v -0.602342 1.671987 -0.451075
v -0.615971 1.638739 -0.456217
v -0.610769 1.638739 -0.463316
v -0.646816 1.624968 -0.468628
v -0.626005 1.624968 -0.492868
v -0.641240 1.638739 -0.522419
v -0.677661 1.638739 -0.481038
v -0.697020 1.320572 0.018020
v -0.697020 1.320572 -0.448893
v -0.683248 1.287324 0.018020
v -0.683248 1.287324 -0.448893
v -0.650000 1.273552 0.018020
v -0.600765 1.353820 -0.464650
v -0.616752 1.287324 0.018020
v -0.600765 1.367592 -0.497898
v -0.602980 1.320572 0.018020
v -0.600765 1.353820 -0.531146
v -0.616752 1.353820 0.018020
v -0.616752 1.353820 -0.448893
v -0.650000 1.367592 0.018020
v -0.600765 1.320572 -0.450878
v -0.683248 1.353820 0.018020
v -0.600765 1.273552 -0.497898
v -0.600765 1.287324 -0.464650
v -0.600765 1.320572 -0.544917
v -0.650000 1.273552 -0.448893
v -0.616752 1.287324 -0.448893
v -0.602980 1.320572 -0.448893
v -0.600765 1.287324 -0.531146
v -0.650000 1.367592 -0.448893
v -0.683248 1.353820 -0.448893
v -0.560904 1.320572 -0.544917
v -0.560904 1.353820 -0.531146
v -0.560904 1.367592 -0.497898
v -0.560904 1.353820 -0.464650
v -0.560904 1.320572 -0.450878
v -0.560904 1.273552 -0.497898
v -0.560904 1.287324 -0.531146
v -0.560904 1.287324 -0.464650
v -0.690437 1.320572 -0.486179
v -0.647551 1.320572 -0.534660
v -0.677661 1.353820 -0.481039
v -0.641240 1.353820 -0.522419
v -0.646816 1.367592 -0.468628
v -0.626005 1.367592 -0.492868
v -0.615971 1.353820 -0.456217
v -0.610769 1.353820 -0.463316
v -0.603195 1.320572 -0.450138
v -0.602342 1.320572 -0.451075
v -0.615971 1.287324 -0.456217
v -0.610769 1.287324 -0.463316
v -0.646816 1.273552 -0.468628
v -0.626005 1.273552 -0.492868
v -0.641240 1.287324 -0.522419
v -0.677661 1.287324 -0.481038
v 0.170038 1.671987 -0.567872
v -0.179427 1.671987 -0.567872
v 0.170038 1.705235 -0.554101
v -0.179427 1.705235 -0.554101
v 0.170038 1.719007 -0.520853
v 0.170038 1.705235 -0.487605
v 0.170038 1.671987 -0.473833
v 0.170038 1.638739 -0.487605
v -0.179427 1.638739 -0.487605
v 0.170038 1.624968 -0.520853
v 0.170038 1.638739 -0.554101
v -0.179427 1.719007 -0.520853
v -0.179427 1.705235 -0.487605
v -0.179427 1.671987 -0.473833
v -0.179427 1.624968 -0.520853
v -0.179427 1.638739 -0.554101
v 0.170038 1.320000 -0.567872
v -0.179427 1.320000 -0.567872
v 0.170038 1.353248 -0.554101
v -0.179427 1.353248 -0.554101
v 0.170038 1.367020 -0.520853
v 0.170038 1.353248 -0.487605
v 0.170038 1.320000 -0.473833
v 0.170038 1.286752 -0.487605
v -0.179427 1.286752 -0.487605
v 0.170038 1.272980 -0.520853
v 0.170038 1.286752 -0.554101
v -0.179427 1.367020 -0.520853
v -0.179427 1.353248 -0.487605
v -0.179427 1.320000 -0.473833
v -0.179427 1.272980 -0.520853
v -0.179427 1.286752 -0.554101
vn -0.0000 -0.0000 -1.0000
vn 0.7071 -0.0000 0.7071
vn -0.0000 -1.0000 -0.0000
vn 1.0000 -0.0000 -0.0000
vn -0.0000 -0.0000 1.0000
vn 0.7071 -0.0000 -0.7071
vn -0.7071 -0.0000 0.7071
vn -1.0000 -0.0000 -0.0000
vn -0.7071 -0.0000 -0.7071
vn -0.5000 0.7071 0.5000
vn -0.5000 0.7071 -0.5000
vn 0.5000 0.7071 -0.5000
vn 0.5000 0.7071 0.5000
vn -0.7071 0.7071 -0.0000
vn -0.0000 0.7071 0.7071
vn -0.0000 0.7071 -0.7071
vn 0.7071 0.7071 -0.0000
vn -0.0000 1.0000 -0.0000
vn -0.0000 -0.0302 0.9995
vn -0.9995 -0.0302 -0.0000
vn 0.9995 -0.0302 -0.0000
vn -0.0000 -0.0302 -0.9995
vn 0.7053 0.7089 0.0001
vn -0.7053 0.7089 -0.0001
vn -0.7053 0.7090 -0.0000
vn 0.7053 0.7090 -0.0000
vn 0.0001 -0.0006 -1.0000
vn 1.0000 0.0011 -0.0000
vn 1.0000 -0.0000 0.0001
vn -1.0000 0.0002 -0.0000
vn -1.0000 0.0005 -0.0000
vn -0.0000 0.7089 0.7053
vn -0.0000 0.7089 -0.7053
vn -0.0000 0.7090 0.7053
vn -0.0000 0.7090 -0.7053
vn 0.0001 -0.0000 -1.0000
vn 0.0001 1.0000 -0.0002
vn -0.7053 0.7089 0.0001
vn 0.7053 0.7089 -0.0001
vn -0.0000 1.0000 0.0001
vn -0.0000 1.0000 -0.0001
vn -0.0001 1.0000 -0.0002
vn 0.0001 1.0000 0.0002
vn -0.0001 1.0000 0.0001
vn 0.0001 1.0000 -0.0001
vn 0.0001 1.0000 0.0001
vn -0.0001 1.0000 -0.0001
vn -0.0001 1.0000 0.0002
vn -1.0000 -0.0000 -0.0001
vn 0.0101 0.9999 -0.0000
vn -0.0201 -0.9998 -0.0000
vn -0.0012 1.0000 0.0064
vn 0.0126 0.9999 -0.0000
vn -0.0180 -0.9998 0.0007
vn 0.0011 -1.0000 -0.0064
vn -0.0101 0.9999 -0.0000
vn 0.0201 -0.9998 -0.0000
vn 0.8567 0.5158 -0.0000
vn 0.0180 -0.9998 -0.0007
vn -0.0001 -0.0000 1.0000
vn -0.0000 0.5158 -0.8567
vn -0.0000 0.5158 0.8567
vn -0.8567 0.5158 -0.0000
vn 0.0064 1.0000 -0.0012
vn -0.0064 -1.0000 0.0011
vn -0.0064 -1.0000 -0.0011
vn 0.0064 1.0000 0.0012
vn 0.6058 0.5158 0.6058
vn -0.0012 1.0000 -0.0064
vn 0.0011 -1.0000 0.0064
vn 0.6058 0.5158 -0.6058
vn 0.0064 -1.0000 -0.0011
vn 0.0012 1.0000 -0.0064
vn -0.6058 0.5158 -0.6058
vn -0.0011 -1.0000 0.0064
vn 0.0064 -1.0000 0.0011
vn -0.0000 0.9999 -0.0101
vn -0.6058 0.5158 0.6058
vn -0.0000 -0.9998 0.0201
vn 0.0001 0.9999 -0.0125
vn 0.0001 -0.9998 0.0177
vn -0.0180 -0.9998 -0.0007
vn -0.0000 0.9999 0.0101
vn -0.0001 0.9999 -0.0125
vn -0.0000 -0.9998 -0.0201
vn -0.0001 0.9999 0.0125
vn -0.0001 -0.9998 0.0177
vn -0.0001 -0.9998 -0.0177
vn 0.0001 0.9999 0.0125
vn 0.0001 -0.9998 -0.0177
vn -0.0011 -1.0000 -0.0064
vn 0.9999 -0.0168 -0.0000
vn -0.0000 -0.0161 0.9999
vn -0.0000 -0.0160 -0.9999
vn 1.0000 0.0050 0.0001
vn -1.0000 0.0050 0.0001
vn 1.0000 0.0050 -0.0001
vn -0.8326 0.5539 -0.0000
vn -1.0000 0.0050 -0.0001
vn 0.0001 0.0050 1.0000
vn 0.0001 0.0050 -1.0000
vn -1.0000 -0.0000 0.0001
vn 1.0000 -0.0000 -0.0001
vn -0.0000 0.0001 -1.0000
vn -0.0000 -0.0001 1.0000
vn -0.0000 0.0001 1.0000
vn -0.0000 -0.0001 -1.0000
vn -0.0000 1.0000 0.0002
vn -0.0000 1.0000 -0.0002
vn -0.0001 -0.0000 -1.0000
vn 0.0001 -0.0000 1.0000
vn 0.0012 1.0000 0.0064
vn 0.0180 -0.9998 0.0007
vn -0.0000 0.2533 0.9674
vn -0.0000 0.2533 -0.9674
vn 0.3598 -0.0020 0.9330
vn 0.2945 -0.7686 -0.5679
vn -0.8264 -0.5630 -0.0000
vn 0.8264 -0.5630 -0.0000
vn -0.3596 -0.0007 -0.9331
vn 0.3599 -0.9330 0.0031
vn -0.2945 -0.7686 0.5679
vn -0.3594 0.9332 0.0010
vn -0.3599 -0.9330 -0.0031
vn 0.2945 -0.5679 -0.7686
vn 0.8264 -0.0000 0.5630
vn 0.8264 -0.0000 -0.5630
vn -0.8264 -0.0000 -0.5630
vn -0.8264 -0.0000 0.5630
vn -0.7179 0.6961 0.0039
vn 0.7179 0.6961 -0.0039
vn -0.7179 0.6961 -0.0039
vn 0.7179 0.6961 0.0039
vn 0.7172 -0.0026 -0.6968
vn 0.7172 -0.0026 0.6968
vn -0.7172 -0.0026 0.6968
vn -0.7172 -0.0026 -0.6968
vn -0.7176 0.6964 -0.0046
vn 0.7176 0.6964 0.0046
vn -0.7176 0.6964 0.0046
vn 0.7176 0.6964 -0.0046
vn 0.7170 0.0029 -0.6971
vn 0.7170 0.0029 0.6971
vn -0.7170 0.0029 0.6971
vn -0.7170 0.0029 -0.6971
vn -0.8264 0.5630 -0.0000
vn 0.8264 0.5630 -0.0000
vn -0.8877 0.4604 -0.0004
vn 0.8877 0.4604 0.0004
vn -0.8877 0.4604 0.0004
vn 0.8877 0.4604 -0.0004
vn 0.8877 0.0003 -0.4604
vn 0.8877 0.0003 0.4604
vn -0.8877 0.0003 0.4604
vn -0.8877 0.0003 -0.4604
vn -0.3596 -0.0007 0.9331
vn -0.2945 -0.5679 -0.7686
vn 0.3598 -0.0020 -0.9330
vn 0.3595 -0.0007 0.9331
vn 0.2945 -0.5679 0.7686
vn -0.3598 -0.0020 -0.9330
vn 0.3595 -0.0007 -0.9331
vn -0.2945 -0.7686 -0.5679
vn 0.3594 0.9332 0.0010
vn -0.3598 -0.0020 0.9330
vn -0.3599 -0.9330 0.0031
vn 0.2945 -0.7686 0.5679
vn -0.3594 0.9332 -0.0010
vn -0.2945 -0.5679 0.7686
vn 0.3599 -0.9330 -0.0031
vn 0.3594 0.9332 -0.0010
vn -0.0000 0.4266 -0.9045
vn -0.0009 0.4131 -0.9107
vn -0.0021 0.0005 -1.0000
vn 0.0021 0.0005 -1.0000
vn 0.0009 0.4131 -0.9107
vn -0.0000 -0.0105 -0.9999
vn -0.6683 0.7439 0.0003
vn -1.0000 -0.0000 -0.0059
vn -0.2592 -0.0000 0.9658
vn -0.2446 0.2759 0.9295
vn -0.6593 0.7519 -0.0000
vn -0.2446 0.2759 -0.9295
vn -0.2592 -0.0000 -0.9658
vn -0.6683 0.7439 -0.0003
vn 0.0021 0.0005 1.0000
vn -0.0000 -0.0105 0.9999
vn -1.0000 -0.0000 -0.0010
vn -0.2500 -0.0000 -0.9683
vn -0.2500 -0.0000 0.9683
vn -0.2475 -0.4541 0.8559
vn -0.6552 0.7554 -0.0000
vn -0.2475 -0.4541 -0.8559
vn -0.5686 0.8226 -0.0005
vn -0.3368 0.8923 0.3007
vn -0.0000 0.8322 0.5545
vn 0.6166 0.7873 -0.0000
vn -0.0000 0.8322 -0.5545
vn 1.0000 -0.0000 -0.0010
vn 0.2500 -0.0000 -0.9683
vn 0.2500 -0.0000 0.9683
vn 1.0000 -0.0000 0.0010
vn -1.0000 -0.0000 0.0010
vn -0.3368 0.8923 -0.3007
vn -0.5686 0.8226 0.0005
vn 0.5542 0.2103 -0.8054
vn -0.0000 -0.5225 0.8526
vn -0.0000 -0.7071 0.7071
vn 0.7071 0.5000 -0.5000
vn 0.7071 0.5000 0.5000
vn -0.7071 0.5000 -0.5000
vn -0.5542 0.2103 -0.8054
vn -0.0000 -0.7071 -0.7071
vn -0.7071 0.5000 0.5000
vn -0.5542 0.2103 0.8054
vn 0.5542 0.2103 0.8054
vn -0.0021 0.0005 1.0000
vn 0.6683 0.7439 -0.0003
vn 0.2592 -0.0000 -0.9658
vn 1.0000 -0.0000 0.0059
vn 0.2592 -0.0000 0.9658
vn 0.2446 0.2759 0.9295
vn 0.6593 0.7519 -0.0000
vn 0.2446 0.2759 -0.9295
vn 0.6683 0.7439 0.0003
vn 1.0000 -0.0000 -0.0059
vn 0.9269 0.3752 -0.0027
vn 0.6482 0.3994 -0.6482
vn 0.9366 0.3505 -0.0000
vn 0.2427 0.3505 -0.9046
vn 0.9269 0.3752 0.0027
vn 0.6482 0.3994 0.6482
vn -0.0009 0.4131 0.9107
vn -0.0000 0.4266 0.9045
vn 0.0009 0.4131 0.9107
vn -0.6482 0.3994 0.6482
vn -0.9269 0.3752 0.0027
vn -1.0000 -0.0000 0.0059
vn -0.2427 0.3505 -0.9046
vn -0.9366 0.3505 -0.0000
vn -0.2427 0.3505 0.9046
vn -0.9269 0.3752 -0.0027
vn -0.6482 0.3994 -0.6482
vn 0.2427 0.3505 0.9046
vn 0.3368 0.8923 -0.3007
vn -0.6166 0.7873 -0.0000
vn 0.3368 0.8923 0.3007
vn 0.5686 0.8226 -0.0005
vn 0.2475 -0.4541 -0.8559
vn 0.6552 0.7554 -0.0000
vn 0.2475 -0.4541 0.8559
vn 0.5686 0.8226 0.0005
vn -0.0000 -0.5225 -0.8526
vn -0.1200 0.9928 -0.0000
vn -0.1342 0.9869 0.0900
vn -0.1298 0.9915 -0.0000
vn 0.6980 0.7161 -0.0000
vn -0.0641 -0.9979 -0.0000
vn -0.1573 0.9876 -0.0000
vn -0.6980 0.7161 -0.0000
vn -0.1044 0.7122 0.6942
vn -0.1044 0.7122 -0.6942
vn 0.9977 0.0674 -0.0000
vn 1.0000 -0.0000 0.0006
vn -0.1346 0.9858 -0.1008
vn -0.1346 0.9858 0.1008
vn -0.1342 0.9869 -0.0900
vn 0.1340 -0.9850 -0.1087
vn 0.1340 -0.9850 0.1087
vn 0.0641 0.9979 -0.0000
vn 0.0006 -0.0031 -1.0000
vn 0.9992 0.0397 -0.0000
vn 0.0006 -0.0031 1.0000
vn 0.0002 -0.0031 -1.0000
vn 0.0002 -0.0031 1.0000
vn -0.0001 0.0004 1.0000
vn -0.0001 0.0004 -1.0000
vn 0.0010 -0.0075 1.0000
vn 0.0010 -0.0075 -1.0000
vn 0.9973 -0.0728 -0.0000
vn 0.1344 -0.9834 -0.1218
vn 0.1344 -0.9834 0.1218
vn 0.0838 0.9965 -0.0000
vn 1.0000 -0.0000 -0.0006
vn -0.0827 -0.9966 -0.0000
vn -0.6661 0.3357 0.6661
vn -0.9783 0.2073 -0.0000
vn -0.0000 0.2073 -0.9783
vn -0.0000 0.2073 0.9783
vn 0.9783 0.2073 -0.0000
vn -0.6922 0.2045 -0.6922
vn 0.6922 0.2045 -0.6922
vn 0.6922 0.2045 0.6922
vn -0.6922 0.2045 0.6922
vn -0.9404 0.3400 -0.0000
vn 0.6661 0.3357 0.6661
vn 0.6661 0.3357 -0.6661
vn 0.9404 0.3400 -0.0000
vn -0.6661 0.3357 -0.6661
vn -0.0000 0.3400 -0.9404
vn -0.0000 0.3400 0.9404
vn 0.9743 -0.0000 0.2251
vn -0.9743 -0.0000 0.2251
vn 0.6761 0.2927 0.6761
vn 0.7062 -0.0508 0.7062
vn -0.7062 -0.0508 0.7062
vn 0.0034 -0.0000 1.0000
vn 1.0000 -0.0000 0.0034
vn -1.0000 -0.0000 0.0034
vn 1.0000 -0.0000 -0.0020
vn -1.0000 -0.0000 -0.0020
vn -0.0034 -0.0000 1.0000
vn 0.0001 1.0000 -0.0000
vn -0.0002 -1.0000 -0.0000
vn -0.0002 1.0000 -0.0000
vn -0.0001 1.0000 -0.0000
vn -0.0001 -1.0000 -0.0000
vn 0.0001 -1.0000 -0.0000
vn 0.0002 1.0000 -0.0000
vn -0.0000 0.5487 -0.8360
vn -0.7839 -0.6209 -0.0000
vn -0.7839 0.6209 -0.0000
vn 0.7839 -0.6209 -0.0000
vn 0.7839 0.6209 -0.0000
vn 1.0000 -0.0000 0.0023
vn -1.0000 -0.0000 0.0023
vn 0.3827 -0.0000 -0.9239
vn 0.9239 -0.0000 -0.3827
vn 0.9239 -0.0000 0.3827
vn 0.3827 -0.0000 0.9239
vn -0.3827 -0.0000 0.9239
vn -0.9239 -0.0000 0.3827
vn -0.9239 -0.0000 -0.3827
vn -0.3827 -0.0000 -0.9239
vn 0.9197 -0.3860 0.0717
vn 0.9199 0.3837 -0.0815
vn 0.9239 -0.3827 -0.0000
vn -0.9239 0.3827 -0.0000
vn -0.3827 -0.9239 -0.0000
vn -0.3827 0.9239 -0.0000
vn 0.3827 0.9239 -0.0000
vn 0.3827 -0.9239 -0.0000
vn 0.9239 0.3827 -0.0000
vn -0.9239 -0.3827 -0.0000
vn 0.3734 -0.9224 0.0988
vn -0.3733 -0.9224 0.0988
vn -0.9197 -0.3860 0.0717
vn -0.9199 0.3837 -0.0815
vn -0.3733 0.9060 -0.1993
vn 0.3733 0.9060 -0.1993
vn -0.3619 0.6169 -0.6990
vn -0.3767 0.1611 -0.9122
vn -0.9146 0.2657 -0.3047
vn -0.9213 0.0654 -0.3833
vn -0.9145 -0.2584 0.3113
vn -0.9212 -0.0575 0.3848
vn -0.3876 -0.5547 0.7362
vn -0.3751 -0.0650 0.9247
vn 0.3876 -0.5547 0.7362
vn 0.3751 -0.0650 0.9247
vn 0.9145 -0.2584 0.3113
vn 0.9212 -0.0575 0.3848
vn 0.9146 0.2657 -0.3047
vn 0.9213 0.0654 -0.3833
vn 0.3619 0.6169 -0.6990
vn 0.3767 0.1611 -0.9122
vn 0.3733 -0.9224 0.0988
vn -0.3734 -0.9224 0.0988
vn -0.0698 0.9197 0.3864
vn 0.0804 0.9199 -0.3839
vn -0.0000 0.9239 0.3827
vn -0.0000 -0.9239 -0.3827
vn -0.0000 -0.3827 0.9239
vn -0.0000 -0.3827 -0.9239
vn -0.0000 0.3827 -0.9239
vn -0.0000 0.3827 0.9239
vn -0.0000 0.9239 -0.3827
vn -0.0000 -0.9239 0.3827
vn -0.0907 0.3727 0.9235
vn -0.0906 -0.3727 0.9235
vn -0.0698 -0.9197 0.3864
vn 0.0804 -0.9199 -0.3839
vn 0.1972 -0.3733 -0.9065
vn 0.1972 0.3733 -0.9065
vn 0.6990 -0.3619 -0.6169
vn 0.9124 -0.3767 -0.1599
vn 0.3047 -0.9146 -0.2657
vn 0.3834 -0.9213 -0.0648
vn -0.3113 -0.9145 0.2584
vn -0.3850 -0.9212 0.0564
vn -0.7362 -0.3876 0.5547
vn -0.9250 -0.3749 0.0611
vn -0.7362 0.3876 0.5547
vn -0.9250 0.3749 0.0611
vn -0.3113 0.9145 0.2584
vn -0.3850 0.9212 0.0564
vn 0.3047 0.9146 -0.2657
vn 0.3834 0.9213 -0.0648
vn 0.6990 0.3619 -0.6169
vn 0.9124 0.3767 -0.1599
vn -0.0907 -0.3727 0.9235
vn 0.0698 -0.9197 0.3864
vn -0.0804 -0.9199 -0.3839
vn 0.0906 -0.3727 0.9235
vn 0.0907 0.3727 0.9235
vn 0.0698 0.9197 0.3864
vn -0.0804 0.9199 -0.3839
vn -0.1972 0.3733 -0.9065
vn -0.1972 -0.3733 -0.9065
vn -0.6990 0.3619 -0.6169
vn -0.9124 0.3767 -0.1599
vn -0.3047 0.9146 -0.2657
vn -0.3834 0.9213 -0.0648
vn 0.3113 0.9145 0.2584
vn 0.3850 0.9212 0.0564
vn 0.7362 0.3876 0.5547
vn 0.9250 0.3749 0.0611
vn 0.7362 -0.3876 0.5547
vn 0.9250 -0.3749 0.0611
vn 0.3113 -0.9145 0.2584
vn 0.3850 -0.9212 0.0564
vn -0.3047 -0.9146 -0.2657
vn -0.3834 -0.9213 -0.0648
vn -0.6990 -0.3619 -0.6169
vn -0.9124 -0.3767 -0.1599
vt 0.440408 0.180498
vt 0.593545 0.180498
vt 0.432823 0.416667
vt 0.601131 0.416667
vt 0.601131 0.474265
vt 0.432823 0.474265
vt 0.607246 0.775735
vt 0.602775 0.775735
vt 0.602775 0.704963
vt 0.607246 0.704963
vt 0.593545 0.558868
vt 0.593545 0.569502
vt 0.607246 0.916667
vt 0.602775 0.916667
vt 0.602885 0.916667
vt 0.601131 0.916667
vt 0.432823 0.916667
vt 0.602775 0.083333
vt 0.607246 0.083333
vt 0.602885 0.083333
vt 0.607246 0.333333
vt 0.625000 0.333333
vt 0.428643 0.166667
vt 0.375000 0.166667
vt 0.375000 0.083333
vt 0.208333 0.583333
vt 0.208333 0.666667
vt 0.375000 0.583333
vt 0.428643 0.583333
vt 0.602775 0.333333
vt 0.602885 0.333333
vt 0.428643 0.833333
vt 0.428643 0.886630
vt 0.428643 0.916667
vt 0.375000 0.916667
vt 0.375000 0.833333
vt 0.607246 0.666667
vt 0.602775 0.666667
vt 0.602885 0.666667
vt 0.607246 0.166667
vt 0.602775 0.166667
vt 0.602885 0.166667
vt 0.607246 0.545037
vt 0.602775 0.545037
vt 0.602775 0.474265
vt 0.607246 0.474265
vt 0.607246 0.583333
vt 0.641908 0.583333
vt 0.432823 0.000000
vt 0.601131 0.000000
vt 0.601131 0.045037
vt 0.432823 0.045037
vt 0.375000 0.666667
vt 0.291667 0.666667
vt 0.291667 0.583333
vt 0.375000 0.275735
vt 0.428643 0.275735
vt 0.428643 0.333333
vt 0.375000 0.333333
vt 0.125000 0.666667
vt 0.208333 0.750000
vt 0.150735 0.750000
vt 0.125000 0.704963
vt 0.602775 0.045037
vt 0.607246 0.045037
vt 0.602775 0.083333
vt 0.291667 0.500000
vt 0.349265 0.500000
vt 0.375000 0.545037
vt 0.375000 0.416667
vt 0.428643 0.416667
vt 0.428643 0.474265
vt 0.375000 0.474265
vt 0.125000 0.545037
vt 0.150735 0.500000
vt 0.208333 0.500000
vt 0.125000 0.583333
vt 0.625000 0.166667
vt 0.375000 0.704963
vt 0.349265 0.750000
vt 0.291667 0.750000
vt 0.602775 0.583333
vt 0.602885 0.583333
vt 0.593545 0.069502
vt 0.440408 0.069502
vt 0.601131 0.545037
vt 0.432823 0.545037
vt 0.601131 0.474265
vt 0.601131 0.275735
vt 0.432823 0.275735
vt 0.432823 0.204963
vt 0.601131 0.204963
vt 0.601131 0.775735
vt 0.432823 0.775735
vt 0.432823 0.704963
vt 0.601131 0.704963
vt 0.607246 0.275735
vt 0.602775 0.275735
vt 0.602775 0.204963
vt 0.607246 0.204963
vt 0.375000 0.204963
vt 0.428643 0.204963
vt 0.428643 0.775735
vt 0.375000 0.775735
vt 0.428643 0.704963
vt 0.428643 0.545037
vt 0.593545 0.058868
vt 0.607246 0.974265
vt 0.602775 0.974265
vt 0.432823 0.275735
vt 0.601131 0.333333
vt 0.432823 0.333333
vt 0.791667 0.529590
vt 0.791667 0.546400
vt 0.791667 0.545277
vt 0.625000 0.008667
vt 0.625000 0.036370
vt 0.607246 0.000000
vt 0.625000 0.218582
vt 0.625000 0.262116
vt 0.625000 0.487884
vt 0.625000 0.531418
vt 0.625000 0.718582
vt 0.625000 0.762116
vt 0.625000 0.057294
vt 0.625000 0.083333
vt 0.625000 0.916667
vt 0.625000 0.967261
vt 0.625000 0.282739
vt 0.625000 0.192706
vt 0.641909 0.666667
vt 0.641908 0.692706
vt 0.607246 0.833333
vt 0.625000 0.782739
vt 0.625000 0.833333
vt 0.641908 0.557293
vt 0.607246 0.416667
vt 0.625000 0.416667
vt 0.625000 0.467261
vt 0.858091 0.666667
vt 0.848484 0.666667
vt 0.849268 0.666667
vt 0.602775 0.833333
vt 0.602885 0.833333
vt 0.602775 0.000000
vt 0.601131 0.166667
vt 0.432823 0.166667
vt 0.601131 0.166667
vt 0.428643 0.974265
vt 0.375000 0.974265
vt 0.432823 0.416667
vt 0.432823 0.083333
vt 0.601131 0.083333
vt 0.601131 0.083333
vt 0.432823 0.583333
vt 0.601131 0.583333
vt 0.601131 0.666667
vt 0.432823 0.666667
vt 0.766963 0.539768
vt 0.733042 0.539768
vt 0.736227 0.529590
vt 0.763773 0.529590
vt 0.375000 0.000000
vt 0.428643 0.000000
vt 0.428643 0.045037
vt 0.375000 0.045037
vt 0.432823 0.833333
vt 0.601131 0.833333
vt 0.432823 0.833333
vt 0.428643 0.083333
vt 0.602885 0.833333
vt 0.607246 0.860448
vt 0.602885 0.860448
vt 0.843440 0.673509
vt 0.836169 0.690931
vt 0.602885 0.083333
vt 0.607246 0.107472
vt 0.602885 0.107472
vt 0.714056 0.666667
vt 0.663444 0.666667
vt 0.602885 0.583333
vt 0.607246 0.607472
vt 0.602885 0.607472
vt 0.656453 0.583333
vt 0.663444 0.583333
vt 0.449872 0.145988
vt 0.584081 0.145988
vt 0.584081 0.163206
vt 0.449872 0.163206
vt 0.449872 0.645989
vt 0.584081 0.645988
vt 0.584081 0.663206
vt 0.449872 0.663206
vt 0.597232 0.357638
vt 0.436721 0.357638
vt 0.597232 0.413857
vt 0.436721 0.413857
vt 0.602884 0.361227
vt 0.607246 0.361227
vt 0.607246 0.388773
vt 0.602885 0.388773
vt 0.602885 0.861227
vt 0.607246 0.861227
vt 0.607246 0.888773
vt 0.602885 0.888773
vt 0.602885 0.111319
vt 0.607246 0.111319
vt 0.607246 0.138681
vt 0.602885 0.138681
vt 0.602885 0.611319
vt 0.607246 0.611319
vt 0.607246 0.638681
vt 0.602885 0.638681
vt 0.656453 0.666667
vt 0.602885 0.333333
vt 0.607246 0.360448
vt 0.602885 0.360448
vt 0.428643 0.666667
vt 0.428643 0.545037
vt 0.651516 0.583333
vt 0.650730 0.583333
vt 0.602775 0.166667
vt 0.428643 0.704963
vt 0.428643 0.045037
vt 0.601131 0.974265
vt 0.432823 0.974265
vt 0.708333 0.720410
vt 0.708333 0.703599
vt 0.708333 0.704721
vt 0.602775 0.416667
vt 0.602885 0.416667
vt 0.852369 0.642528
vt 0.852369 0.645241
vt 0.647631 0.611319
vt 0.647631 0.607472
vt 0.647631 0.604759
vt 0.656453 0.583333
vt 0.708333 0.583333
vt 0.708333 0.666667
vt 0.656453 0.645241
vt 0.647631 0.645241
vt 0.647631 0.642528
vt 0.647631 0.638681
vt 0.641909 0.583333
vt 0.641909 0.607472
vt 0.625000 0.107472
vt 0.449872 0.586794
vt 0.584081 0.586794
vt 0.584081 0.604012
vt 0.449872 0.604011
vt 0.449872 0.086794
vt 0.584081 0.086794
vt 0.584081 0.104012
vt 0.449872 0.104012
vt 0.432823 0.638681
vt 0.484800 0.638681
vt 0.549154 0.638681
vt 0.601131 0.638681
vt 0.661718 0.703598
vt 0.602885 0.142528
vt 0.607246 0.142528
vt 0.602885 0.166667
vt 0.625000 0.111319
vt 0.625000 0.138681
vt 0.641909 0.638681
vt 0.641909 0.611319
vt 0.764441 0.723383
vt 0.703473 0.810260
vt 0.852369 0.604759
vt 0.852369 0.607472
vt 0.602885 0.642528
vt 0.607246 0.642528
vt 0.649791 0.669685
vt 0.649790 0.686993
vt 0.643633 0.691456
vt 0.643633 0.669685
vt 0.793392 0.706620
vt 0.838996 0.706617
vt 0.856367 0.558544
vt 0.856367 0.580315
vt 0.850210 0.686993
vt 0.850209 0.669685
vt 0.793392 0.532609
vt 0.841546 0.532609
vt 0.661004 0.706617
vt 0.841546 0.717391
vt 0.793392 0.717391
vt 0.661718 0.546402
vt 0.708333 0.546399
vt 0.708333 0.546399
vt 0.838282 0.546402
vt 0.848485 0.564257
vt 0.848484 0.564257
vt 0.661004 0.543383
vt 0.649790 0.563007
vt 0.651516 0.564256
vt 0.651515 0.564257
vt 0.000000 0.000000
vt 0.848485 0.685743
vt 0.838282 0.703598
vt 0.791667 0.704730
vt 0.791667 0.703601
vt 0.791667 0.720410
vt 0.849275 0.583333
vt 0.848485 0.583333
vt 0.858091 0.583333
vt 0.708333 0.545276
vt 0.708333 0.529590
vt 0.856367 0.669685
vt 0.856367 0.691456
vt 0.765337 0.713010
vt 0.760573 0.725095
vt 0.850209 0.563007
vt 0.838996 0.543383
vt 0.852369 0.638681
vt 0.852369 0.611319
vt 0.858091 0.611319
vt 0.858091 0.638681
vt 0.650730 0.583333
vt 0.651515 0.685743
vt 0.651517 0.685745
vt 0.650730 0.666667
vt 0.651516 0.666667
vt 0.650730 0.666667
vt 0.836556 0.583333
vt 0.843548 0.583333
vt 0.843634 0.659359
vt 0.766963 0.539768
vt 0.732307 0.710232
vt 0.711579 0.710231
vt 0.625000 0.860448
vt 0.607246 0.860448
vt 0.625000 0.889552
vt 0.607246 0.889552
vt 0.625000 0.360448
vt 0.607246 0.360448
vt 0.436721 0.392362
vt 0.521324 0.888224
vt 0.521324 0.875549
vt 0.597232 0.336143
vt 0.596783 0.888224
vt 0.602885 0.889552
vt 0.607246 0.889552
vt 0.602885 0.916667
vt 0.625000 0.861227
vt 0.625000 0.888773
vt 0.607246 0.888773
vt 0.602885 0.389552
vt 0.607246 0.389552
vt 0.602885 0.416667
vt 0.625000 0.361227
vt 0.625000 0.388773
vt 0.843550 0.604759
vt 0.714056 0.583333
vt 0.711073 0.694544
vt 0.711074 0.555454
vt 0.711579 0.539768
vt 0.785944 0.583333
vt 0.641908 0.666667
vt 0.641908 0.642528
vt 0.625000 0.389552
vt 0.607246 0.389552
vt 0.625000 0.142528
vt 0.708333 0.529590
vt 0.852369 0.642528
vt 0.858091 0.642528
vt 0.641908 0.607472
vt 0.661073 0.583333
vt 0.788925 0.555455
vt 0.788419 0.539768
vt 0.849271 0.583333
vt 0.849271 0.583333
vt 0.838927 0.583333
vt 0.661073 0.666667
vt 0.732306 0.539768
vt 0.732306 0.539768
vt 0.767698 0.539768
vt 0.764552 0.529590
vt 0.766962 0.710232
vt 0.733042 0.710232
vt 0.766962 0.710232
vt 0.735448 0.720410
vt 0.708333 0.720410
vt 0.791667 0.583333
vt 0.791667 0.666667
vt 0.767698 0.539768
vt 0.735448 0.529590
vt 0.763773 0.720410
vt 0.736227 0.720410
vt 0.858091 0.607472
vt 0.858092 0.692706
vt 0.842261 0.720410
vt 0.842261 0.529590
vt 0.858091 0.557293
vt 0.658454 0.532609
vt 0.643633 0.558544
vt 0.657739 0.529590
vt 0.658454 0.717391
vt 0.657739 0.720410
vt 0.706608 0.717391
vt 0.643633 0.580315
vt 0.706608 0.532609
vt 0.706608 0.543381
vt 0.649791 0.580315
vt 0.706608 0.706618
vt 0.793392 0.543382
vt 0.850210 0.580315
vt 0.549154 0.611319
vt 0.601131 0.611319
vt 0.601131 0.607472
vt 0.601131 0.138681
vt 0.601131 0.111319
vt 0.432823 0.611319
vt 0.432823 0.607472
vt 0.432823 0.111319
vt 0.432823 0.138681
vt 0.432823 0.704963
vt 0.432823 0.107472
vt 0.432823 0.204963
vt 0.432823 0.888773
vt 0.601131 0.888773
vt 0.601131 0.889552
vt 0.432823 0.889552
vt 0.432823 0.860448
vt 0.601131 0.860448
vt 0.601131 0.861227
vt 0.432823 0.861227
vt 0.432823 0.388773
vt 0.601131 0.388773
vt 0.601131 0.389552
vt 0.432823 0.389552
vt 0.432823 0.360448
vt 0.601131 0.360448
vt 0.601131 0.361227
vt 0.432823 0.361227
vt 0.601131 0.375000
vt 0.601131 0.642528
vt 0.601131 0.875000
vt 0.428643 0.886650
vt 0.432823 0.875000
vt 0.432823 0.142528
vt 0.432823 0.642528
vt 0.432823 0.379734
vt 0.601131 0.142528
vt 0.601131 0.107472
vt 0.484800 0.111319
vt 0.484800 0.138681
vt 0.852369 0.614750
vt 0.852369 0.639096
vt 0.647631 0.610903
vt 0.647631 0.635250
vt 0.733491 0.539768
vt 0.732756 0.710232
vt 0.767249 0.539768
vt 0.768872 0.707453
vt 0.432823 0.375000
vt 0.440408 0.058868
vt 0.440408 0.191132
vt 0.440408 0.680498
vt 0.440408 0.691132
vt 0.440408 0.558868
vt 0.440408 0.569502
vt 0.593545 0.191132
vt 0.593545 0.691132
vt 0.593545 0.680498
vt 0.592674 0.060457
vt 0.592674 0.067913
vt 0.441280 0.060457
vt 0.592674 0.182087
vt 0.592674 0.189543
vt 0.592674 0.689543
vt 0.441280 0.689543
vt 0.441280 0.067913
vt 0.441280 0.182087
vt 0.441280 0.189543
vt 0.441280 0.682087
vt 0.441280 0.560457
vt 0.441280 0.567913
vt 0.592674 0.567913
vt 0.592674 0.560457
vt 0.592674 0.682087
vt 0.436721 0.892362
vt 0.436721 0.913857
vt 0.597232 0.913857
vt 0.597232 0.892362
vt 0.597232 0.392362
vt 0.436721 0.336143
vt 0.436721 0.836143
vt 0.436721 0.857638
vt 0.597232 0.857638
vt 0.597232 0.836143
vt 0.519379 0.912456
vt 0.519379 0.893763
vt 0.519379 0.903109
vt 0.595289 0.837544
vt 0.519379 0.837544
vt 0.516180 0.837544
vt 0.438665 0.837544
vt 0.595289 0.893763
vt 0.516180 0.893763
vt 0.438665 0.893762
vt 0.438665 0.393763
vt 0.438665 0.412456
vt 0.438665 0.912456
vt 0.595289 0.912456
vt 0.595289 0.412456
vt 0.595289 0.393763
vt 0.438665 0.337544
vt 0.438665 0.356237
vt 0.438665 0.856237
vt 0.595289 0.856237
vt 0.595288 0.356237
vt 0.595288 0.337544
vt 0.595289 0.903109
vt 0.516180 0.337544
vt 0.516180 0.356237
vt 0.516180 0.912456
vt 0.519379 0.337544
vt 0.516180 0.412456
vt 0.519379 0.412456
vt 0.560257 0.838593
vt 0.592365 0.838593
vt 0.519379 0.356237
vt 0.516180 0.856237
vt 0.519379 0.856237
vt 0.516180 0.837544
vt 0.516180 0.856237
vt 0.519379 0.393763
vt 0.516180 0.393763
vt 0.516180 0.356237
vt 0.516180 0.337544
vt 0.516180 0.912456
vt 0.516180 0.893763
vt 0.516180 0.412456
vt 0.516180 0.393763
vt 0.522303 0.345841
vt 0.522303 0.338593
vt 0.554411 0.902060
vt 0.522303 0.902060
vt 0.513401 0.409448
vt 0.441444 0.409448
vt 0.513401 0.896771
vt 0.513401 0.909448
vt 0.554411 0.338593
vt 0.557334 0.393763
vt 0.595289 0.403109
vt 0.557334 0.412456
vt 0.595289 0.846891
vt 0.519379 0.403109
vt 0.557334 0.837544
vt 0.595288 0.346891
vt 0.519379 0.346891
vt 0.557334 0.856237
vt 0.557334 0.337544
vt 0.557334 0.356237
vt 0.557334 0.893763
vt 0.519379 0.846891
vt 0.557334 0.912456
vt 0.554411 0.894812
vt 0.522303 0.894812
vt 0.554411 0.402060
vt 0.522303 0.402060
vt 0.554411 0.394812
vt 0.592365 0.411407
vt 0.560257 0.411407
vt 0.522303 0.394812
vt 0.554411 0.845841
vt 0.522303 0.845841
vt 0.592365 0.404159
vt 0.554411 0.838593
vt 0.560257 0.404159
vt 0.557334 0.846891
vt 0.592365 0.847940
vt 0.560257 0.847940
vt 0.592365 0.855188
vt 0.560257 0.855188
vt 0.557334 0.403109
vt 0.557334 0.903109
vt 0.592365 0.904158
vt 0.560257 0.904159
vt 0.592365 0.911407
vt 0.560257 0.911407
vt 0.557334 0.346891
vt 0.592365 0.347940
vt 0.560257 0.347940
vt 0.592365 0.355188
vt 0.560257 0.355188
vt 0.554411 0.347940
vt 0.522303 0.347940
vt 0.554411 0.355188
vt 0.522303 0.355188
vt 0.554411 0.345841
vt 0.592365 0.338593
vt 0.560257 0.338593
vt 0.592365 0.345841
vt 0.560257 0.345841
vt 0.554411 0.904158
vt 0.522303 0.904159
vt 0.554411 0.911407
vt 0.522303 0.911407
vt 0.592365 0.894812
vt 0.560257 0.894812
vt 0.592365 0.902060
vt 0.560257 0.902060
vt 0.554411 0.404159
vt 0.522303 0.404159
vt 0.554411 0.411407
vt 0.522303 0.411407
vt 0.592365 0.394812
vt 0.560257 0.394812
vt 0.592365 0.402060
vt 0.560257 0.402060
vt 0.554411 0.847940
vt 0.522303 0.847940
vt 0.554411 0.855188
vt 0.522303 0.855188
vt 0.522303 0.838593
vt 0.592365 0.845841
vt 0.560257 0.845841
vt 0.597552 0.374548
vt 0.436401 0.374548
vt 0.596783 0.875549
vt 0.521324 0.375549
vt 0.596783 0.375549
vt 0.596783 0.388224
vt 0.521324 0.388224
vt 0.522550 0.888069
vt 0.522550 0.875704
vt 0.595557 0.888069
vt 0.595557 0.875704
vt 0.595557 0.375704
vt 0.522550 0.375704
vt 0.595557 0.388069
vt 0.522551 0.388069
vt 0.525512 0.876078
vt 0.592595 0.876078
vt 0.592595 0.387695
vt 0.525512 0.387695
vt 0.592595 0.887695
vt 0.525512 0.887695
vt 0.592595 0.376078
vt 0.525512 0.376078
vt 0.590888 0.387479
vt 0.527219 0.387479
vt 0.590888 0.876293
vt 0.590888 0.887480
vt 0.527219 0.876293
vt 0.527219 0.887479
vt 0.590888 0.376293
vt 0.527219 0.376293
vt 0.436401 0.361679
vt 0.597552 0.861679
vt 0.436401 0.861679
vt 0.597552 0.874548
vt 0.597552 0.361679
vt 0.436401 0.874548
vt 0.547913 0.362071
vt 0.547913 0.374157
vt 0.544146 0.374157
vt 0.544146 0.362071
vt 0.439502 0.374157
vt 0.451070 0.374157
vt 0.466672 0.374157
vt 0.470438 0.374157
vt 0.486040 0.374157
vt 0.489807 0.374157
vt 0.505409 0.374157
vt 0.509175 0.374157
vt 0.524778 0.374157
vt 0.528544 0.374157
vt 0.544146 0.374157
vt 0.547913 0.374157
vt 0.563515 0.374157
vt 0.567281 0.374157
vt 0.582884 0.374157
vt 0.594451 0.374157
vt 0.594451 0.362071
vt 0.528544 0.862071
vt 0.528544 0.874157
vt 0.524778 0.874157
vt 0.524778 0.862071
vt 0.439502 0.362071
vt 0.439502 0.874157
vt 0.451070 0.874157
vt 0.466672 0.874157
vt 0.470438 0.874157
vt 0.486041 0.874157
vt 0.489807 0.874157
vt 0.505409 0.874157
vt 0.509176 0.874157
vt 0.544147 0.874157
vt 0.547913 0.874157
vt 0.563515 0.874157
vt 0.567282 0.874157
vt 0.582884 0.874157
vt 0.594451 0.874157
vt 0.594451 0.862071
vt 0.489807 0.362071
vt 0.486040 0.362071
vt 0.439502 0.862071
vt 0.547913 0.862071
vt 0.547913 0.874157
vt 0.544146 0.874157
vt 0.544147 0.862071
vt 0.567281 0.362071
vt 0.567281 0.374157
vt 0.563515 0.374157
vt 0.563515 0.362071
vt 0.470438 0.862071
vt 0.466672 0.862071
vt 0.470438 0.362071
vt 0.470438 0.374157
vt 0.466672 0.362071
vt 0.489807 0.862071
vt 0.486041 0.862071
vt 0.451070 0.362071
vt 0.451070 0.374157
vt 0.582884 0.362071
vt 0.509176 0.862071
vt 0.505409 0.862071
vt 0.567282 0.862071
vt 0.567282 0.874157
vt 0.563515 0.874157
vt 0.563515 0.862071
vt 0.451070 0.862071
vt 0.451070 0.874157
vt 0.509175 0.362071
vt 0.505409 0.362071
vt 0.563515 0.362071
vt 0.528544 0.362071
vt 0.524778 0.362071
vt 0.470438 0.362071
vt 0.582884 0.862071
vt 0.563515 0.862071
vt 0.544146 0.862071
vt 0.451070 0.862071
vt 0.441444 0.896771
vt 0.441444 0.909448
vt 0.513401 0.396771
vt 0.441444 0.396771
vt 0.440674 0.144121
vt 0.440674 0.165073
vt 0.440674 0.644121
vt 0.440674 0.665073
vt 0.593279 0.165073
vt 0.593279 0.144121
vt 0.593279 0.665073
vt 0.593279 0.644121
vt 0.440674 0.084927
vt 0.440674 0.105879
vt 0.440674 0.584927
vt 0.440674 0.605879
vt 0.593280 0.105879
vt 0.593280 0.084927
vt 0.593280 0.605879
vt 0.593280 0.584927
vt 0.448459 0.604389
vt 0.583020 0.604389
vt 0.588495 0.644499
vt 0.583020 0.645610
vt 0.588495 0.605501
vt 0.442088 0.605501
vt 0.448010 0.587009
vt 0.588495 0.144499
vt 0.583020 0.145611
vt 0.442536 0.585898
vt 0.448010 0.087009
vt 0.448458 0.104389
vt 0.448010 0.662991
vt 0.442536 0.664102
vt 0.442088 0.144499
vt 0.442536 0.164102
vt 0.442088 0.644499
vt 0.442536 0.085898
vt 0.442088 0.105501
vt 0.588495 0.105501
vt 0.448010 0.162991
vt 0.448458 0.145611
vt 0.448458 0.645611
vt 0.583020 0.104389
vt 0.549154 0.138681
vt 0.549154 0.111319
vt 0.484800 0.611319
vt 0.291667 0.583333
vt 0.490406 0.333333
vt 0.490406 0.416667
vt 0.360962 0.500000
vt 0.375000 0.522562
vt 0.375000 0.583333
vt 0.490406 0.485962
vt 0.375000 0.485962
vt 0.504905 0.416344
vt 0.504905 0.418077
vt 0.504905 0.485962
vt 0.504905 0.333656
vt 0.504905 0.264038
vt 0.504905 0.331923
vt 0.490406 0.264038
vt 0.578434 0.333656
vt 0.578434 0.331923
vt 0.578434 0.264038
vt 0.625000 0.267338
vt 0.625000 0.331913
vt 0.625000 0.235827
vt 0.625000 0.257954
vt 0.578434 0.227438
vt 0.504905 0.227438
vt 0.578434 0.227438
vt 0.578434 0.166667
vt 0.625000 0.166667
vt 0.625000 0.223554
vt 0.504905 0.166667
vt 0.504905 0.227438
vt 0.490406 0.227438
vt 0.490406 0.227438
vt 0.490406 0.166667
vt 0.504905 0.138889
vt 0.490406 0.138889
vt 0.504905 0.111111
vt 0.504905 0.138889
vt 0.490406 0.111111
vt 0.578434 0.111111
vt 0.578434 0.138889
vt 0.625000 0.138889
vt 0.625000 0.111111
vt 0.578434 0.083333
vt 0.504905 0.083333
vt 0.625000 0.026446
vt 0.625000 0.083333
vt 0.578434 0.022562
vt 0.504905 0.022562
vt 0.504905 0.000000
vt 0.504905 0.022562
vt 0.578434 0.000000
vt 0.578434 0.022562
vt 0.504905 0.918077
vt 0.578434 0.918077
vt 0.578434 0.985962
vt 0.504905 0.985962
vt 0.490406 0.022562
vt 0.490406 0.000000
vt 0.490406 0.985962
vt 0.490406 0.916667
vt 0.504905 0.916344
vt 0.578434 0.916344
vt 0.625000 0.918086
vt 0.625000 0.916344
vt 0.625000 0.982662
vt 0.793086 0.512806
vt 0.793087 0.737194
vt 0.802255 0.543645
vt 0.802255 0.706355
vt 0.796657 0.732269
vt 0.856990 0.735001
vt 0.857662 0.737194
vt 0.802859 0.711585
vt 0.854173 0.725812
vt 0.858906 0.718576
vt 0.864753 0.722595
vt 0.859346 0.671831
vt 0.864809 0.667662
vt 0.854701 0.664507
vt 0.863277 0.643825
vt 0.854701 0.585493
vt 0.863277 0.606175
vt 0.864809 0.582338
vt 0.859346 0.578169
vt 0.852654 0.580557
vt 0.858042 0.577174
vt 0.852654 0.669443
vt 0.853501 0.526381
vt 0.857511 0.532384
vt 0.858042 0.672826
vt 0.857511 0.717616
vt 0.853501 0.723619
vt 0.802859 0.538415
vt 0.854173 0.524188
vt 0.796657 0.517731
vt 0.856990 0.514999
vt 0.864753 0.527405
vt 0.858906 0.531424
vt 0.857662 0.512806
vt 0.866148 0.526446
vt 0.866113 0.583333
vt 0.865324 0.611111
vt 0.865324 0.638889
vt 0.866113 0.666667
vt 0.866148 0.723554
vt 0.625000 0.003751
vt 0.625000 0.017391
vt 0.791344 0.737194
vt 0.791344 0.512806
vt 0.625000 0.333656
vt 0.791344 0.583333
vt 0.791667 0.662686
vt 0.625000 0.416344
vt 0.578434 0.416344
vt 0.708656 0.512806
vt 0.708656 0.583333
vt 0.708656 0.666667
vt 0.708656 0.737194
vt 0.708333 0.587314
vt 0.708333 0.611111
vt 0.708333 0.638889
vt 0.708333 0.662686
vt 0.791344 0.583333
vt 0.789492 0.583333
vt 0.787039 0.583333
vt 0.712638 0.583333
vt 0.710911 0.583333
vt 0.708333 0.607040
vt 0.708333 0.642959
vt 0.708333 0.595424
vt 0.710911 0.583333
vt 0.708333 0.602036
vt 0.708333 0.600329
vt 0.708333 0.649671
vt 0.708333 0.647964
vt 0.708333 0.596394
vt 0.708333 0.653606
vt 0.710911 0.589930
vt 0.710911 0.660070
vt 0.708333 0.654576
vt 0.710911 0.660070
vt 0.710911 0.666667
vt 0.789089 0.666667
vt 0.789089 0.660070
vt 0.786941 0.658071
vt 0.713059 0.658071
vt 0.791667 0.595424
vt 0.791667 0.596394
vt 0.789089 0.589930
vt 0.789089 0.583333
vt 0.791667 0.653606
vt 0.789089 0.660070
vt 0.789089 0.589930
vt 0.791667 0.611111
vt 0.789089 0.583333
vt 0.787664 0.583333
vt 0.787664 0.583333
vt 0.712336 0.583333
vt 0.787433 0.583333
vt 0.787433 0.583333
vt 0.712567 0.583333
vt 0.712567 0.583333
vt 0.791667 0.583333
vt 0.791667 0.638889
vt 0.791667 0.587314
vt 0.791667 0.642959
vt 0.791667 0.607040
vt 0.791667 0.602036
vt 0.791667 0.647964
vt 0.791667 0.649671
vt 0.791667 0.600329
vt 0.791667 0.654576
vt 0.789089 0.666667
vt 0.787664 0.666667
vt 0.712336 0.666667
vt 0.787433 0.666667
vt 0.787433 0.666667
vt 0.712567 0.666667
vt 0.712567 0.666667
vt 0.712336 0.666667
vt 0.710911 0.666667
vt 0.710508 0.666667
vt 0.712961 0.666667
vt 0.787361 0.666667
vt 0.791344 0.666667
vt 0.625000 0.833656
vt 0.578434 0.833656
vt 0.504905 0.833656
vt 0.504905 0.831923
vt 0.578434 0.831923
vt 0.490406 0.833333
vt 0.504905 0.764038
vt 0.490406 0.764038
vt 0.578434 0.764038
vt 0.625000 0.831913
vt 0.625000 0.767338
vt 0.625000 0.735827
vt 0.625000 0.757954
vt 0.578434 0.727438
vt 0.504905 0.727438
vt 0.578434 0.727438
vt 0.578434 0.666667
vt 0.633887 0.666667
vt 0.633852 0.723554
vt 0.504905 0.666667
vt 0.504905 0.727438
vt 0.504905 0.638889
vt 0.578434 0.638889
vt 0.490406 0.727438
vt 0.490406 0.666667
vt 0.490406 0.638889
vt 0.504905 0.611111
vt 0.504905 0.638889
vt 0.490406 0.611111
vt 0.504905 0.583333
vt 0.490406 0.583333
vt 0.578434 0.611111
vt 0.578434 0.583333
vt 0.633887 0.583333
vt 0.634676 0.611111
vt 0.634676 0.611111
vt 0.634676 0.638889
vt 0.636723 0.643825
vt 0.635191 0.667662
vt 0.636723 0.606175
vt 0.645299 0.664507
vt 0.640654 0.671831
vt 0.645299 0.585493
vt 0.635191 0.582338
vt 0.640654 0.578169
vt 0.635247 0.527405
vt 0.641094 0.531424
vt 0.633852 0.526446
vt 0.578434 0.522562
vt 0.625000 0.492046
vt 0.625000 0.514173
vt 0.578434 0.485962
vt 0.643010 0.514999
vt 0.642338 0.512806
vt 0.504905 0.522562
vt 0.504905 0.583333
vt 0.490406 0.522562
vt 0.375000 0.522562
vt 0.375000 0.611111
vt 0.291667 0.611111
vt 0.375000 0.638889
vt 0.291667 0.638889
vt 0.403511 0.612525
vt 0.403511 0.637475
vt 0.461894 0.612525
vt 0.454668 0.612741
vt 0.410738 0.612741
vt 0.410738 0.637259
vt 0.454668 0.637259
vt 0.461895 0.637475
vt 0.375000 0.666667
vt 0.375000 0.727438
vt 0.360962 0.750000
vt 0.375000 0.764038
vt 0.375000 0.985962
vt 0.139038 0.750000
vt 0.125000 0.727438
vt 0.375000 0.022562
vt 0.490406 0.083333
vt 0.461895 0.137475
vt 0.461894 0.112525
vt 0.375000 0.111111
vt 0.403511 0.112525
vt 0.454668 0.112741
vt 0.410738 0.112741
vt 0.454668 0.137259
vt 0.410738 0.137259
vt 0.403511 0.137475
vt 0.375000 0.138889
vt 0.208333 0.611111
vt 0.125000 0.611111
vt 0.208333 0.638889
vt 0.125000 0.638889
vt 0.125000 0.522562
vt 0.139038 0.500000
vt 0.375000 0.227438
vt 0.375000 0.264038
vt 0.578434 0.418077
vt 0.625000 0.418086
vt 0.578434 0.418077
vt 0.625000 0.482662
vt 0.706913 0.737194
vt 0.706913 0.512806
vt 0.697745 0.706355
vt 0.697745 0.543645
vt 0.703343 0.517731
vt 0.697141 0.538415
vt 0.645827 0.524188
vt 0.646499 0.526381
vt 0.642489 0.532384
vt 0.646499 0.723619
vt 0.642489 0.717616
vt 0.641958 0.672826
vt 0.647346 0.669443
vt 0.647346 0.580557
vt 0.641958 0.577174
vt 0.697141 0.711585
vt 0.645827 0.725812
vt 0.703343 0.732269
vt 0.643010 0.735001
vt 0.642338 0.737194
vt 0.635247 0.722595
vt 0.641094 0.718576
vt 0.713059 0.591929
vt 0.786941 0.591929
vt 0.521966 0.000000
vt 0.625000 0.000000
vt 0.625000 0.250000
vt 0.521966 0.250000
vt 0.625000 0.500000
vt 0.521966 0.500000
vt 0.617624 0.734783
vt 0.529342 0.734783
vt 0.521966 0.750000
vt 0.625000 0.750000
vt 0.625000 1.000000
vt 0.521966 1.000000
vt 0.125000 0.500000
vt 0.375000 0.500000
vt 0.375000 0.750000
vt 0.125000 0.750000
vt 0.864404 0.510595
vt 0.864404 0.739404
vt 0.875000 0.500000
vt 0.875000 0.750000
vt 0.635595 0.510595
vt 0.635595 0.739404
vt 0.851362 0.731614
vt 0.643741 0.731614
vt 0.856614 0.731614
vt 0.856614 0.518386
vt 0.643386 0.518386
vt 0.643386 0.731614
vt 0.643031 0.731614
vt 0.851362 0.731614
vt 0.494282 0.750000
vt 0.494282 0.500000
vt 0.500595 0.711011
vt 0.396371 0.711011
vt 0.509643 0.000000
vt 0.509643 0.250000
vt 0.500595 0.538989
vt 0.396371 0.538989
vt 0.492899 0.500000
vt 0.492899 0.750000
vt 0.617624 0.515217
vt 0.529342 0.515217
vt 0.531396 0.730546
vt 0.531395 0.519454
vt 0.615570 0.730546
vt 0.615570 0.519454
vt 0.492899 0.750000
vt 0.492899 1.000000
vt 0.375000 1.000000
vt 0.494680 0.700219
vt 0.402286 0.700219
vt 0.494680 0.549781
vt 0.402286 0.549781
vt 0.509643 0.750000
vt 0.509643 0.500000
vt 0.492899 0.000000
vt 0.492899 0.250000
vt 0.375000 0.250000
vt 0.509643 1.000000
vt 0.494282 0.250000
vt 0.494282 0.000000
vt 0.508259 0.750000
vt 0.508259 1.000000
vt 0.494282 1.000000
vt 0.508259 0.500000
vt 0.508259 0.250000
vt 0.508259 0.000000
vt 0.851362 0.518386
vt 0.851362 0.518386
vt 0.850282 0.518386
vt 0.850283 0.518386
vt 0.643386 0.518392
vt 0.850283 0.731614
vt 0.643775 0.731614
vt 0.643386 0.518380
vt 0.642996 0.731614
vt 0.850283 0.731614
vt 0.521966 0.075731
vt 0.521966 0.174269
vt 0.521966 0.075731
vt 0.521966 0.174269
vt 0.470315 0.764573
vt 0.513978 0.764573
vt 0.513978 0.802525
vt 0.470315 0.802525
vt 0.513978 0.985427
vt 0.516279 0.760375
vt 0.521966 0.778168
vt 0.521966 0.971832
vt 0.516279 0.989625
vt 0.434172 0.028168
vt 0.462794 0.028168
vt 0.462794 0.250000
vt 0.434172 0.250000
vt 0.470315 0.985427
vt 0.471082 0.989625
vt 0.382988 0.764573
vt 0.382988 0.985427
vt 0.380687 0.989625
vt 0.375000 0.971832
vt 0.375000 0.778168
vt 0.380687 0.760375
vt 0.521966 0.424269
vt 0.521966 0.325731
vt 0.521966 0.325731
vt 0.521966 0.424269
vt 0.521966 0.924269
vt 0.521966 0.825731
vt 0.434172 0.250000
vt 0.462794 0.500000
vt 0.434172 0.500000
vt 0.521966 0.674269
vt 0.521966 0.575731
vt 0.521966 0.674269
vt 0.521966 0.327585
vt 0.521966 0.198680
vt 0.521966 0.207774
vt 0.521966 0.328276
vt 0.375000 0.721832
vt 0.521966 0.075731
vt 0.521966 0.915497
vt 0.521966 0.775793
vt 0.521966 0.147927
vt 0.521966 0.268429
vt 0.521966 0.128330
vt 0.521966 0.257235
vt 0.521966 0.492765
vt 0.521966 0.621670
vt 0.521966 0.602073
vt 0.521966 0.481571
vt 0.521966 0.551320
vt 0.521966 0.422415
vt 0.521966 0.421724
vt 0.521966 0.542226
vt 0.521966 0.575731
vt 0.521966 0.674270
vt 0.521966 0.825731
vt 0.521966 0.424269
vt 0.521966 0.424269
vt 0.521966 0.174269
vt 0.521966 0.674269
vt 0.521966 0.005639
vt 0.521966 0.070092
vt 0.521966 0.075731
vt 0.521966 0.685547
vt 0.521966 0.814453
vt 0.521966 0.825731
vt 0.521966 0.325731
vt 0.521966 0.575731
vt 0.521966 0.833705
vt 0.521966 0.916295
vt 0.521966 0.924269
vt 0.434172 0.500000
vt 0.462794 0.721832
vt 0.434172 0.721832
vt 0.346832 0.750000
vt 0.153168 0.750000
vt 0.125000 0.721832
vt 0.521966 0.721832
vt 0.513978 0.947475
vt 0.513978 0.912952
vt 0.513978 0.892261
vt 0.513978 0.857738
vt 0.513978 0.837048
vt 0.513978 0.802525
vt 0.426651 0.837048
vt 0.426651 0.857738
vt 0.382988 0.857738
vt 0.382988 0.837048
vt 0.426651 0.985427
vt 0.470315 0.764573
vt 0.426651 0.892262
vt 0.426651 0.912952
vt 0.382988 0.912952
vt 0.382988 0.892262
vt 0.470315 0.947475
vt 0.513978 0.947475
vt 0.470315 0.985427
vt 0.512670 0.809322
vt 0.512670 0.830250
vt 0.470315 0.857738
vt 0.513978 0.857739
vt 0.470315 0.857738
vt 0.382988 0.802525
vt 0.426651 0.947475
vt 0.382988 0.947475
vt 0.426651 0.947475
vt 0.382988 0.912952
vt 0.384296 0.940678
vt 0.384296 0.919749
vt 0.384296 0.830250
vt 0.384296 0.809322
vt 0.470315 0.802525
vt 0.470315 0.912952
vt 0.470315 0.912952
vt 0.426651 0.837048
vt 0.516279 0.750000
vt 0.521966 0.721832
vt 0.521966 0.745075
vt 0.521966 0.028168
vt 0.516279 0.000000
vt 0.471082 0.760375
vt 0.425884 0.760375
vt 0.425142 0.745275
vt 0.434172 0.721832
vt 0.471824 0.745275
vt 0.425884 0.000000
vt 0.471082 0.000000
vt 0.471824 0.011036
vt 0.434172 0.028168
vt 0.425142 0.011036
vt 0.426651 0.764573
vt 0.380687 0.760375
vt 0.469878 0.830250
vt 0.513978 0.837048
vt 0.470315 0.837048
vt 0.427087 0.864536
vt 0.384296 0.864536
vt 0.427087 0.809322
vt 0.426651 0.802525
vt 0.469878 0.940678
vt 0.512670 0.940678
vt 0.469878 0.885464
vt 0.512670 0.885464
vt 0.470315 0.892262
vt 0.512670 0.864536
vt 0.512670 0.919750
vt 0.384296 0.885464
vt 0.427087 0.919749
vt 0.427087 0.885464
vt 0.427087 0.830250
vt 0.427087 0.809322
vt 0.427087 0.940678
vt 0.427087 0.919750
vt 0.427087 0.885464
vt 0.469878 0.809322
vt 0.427087 0.940678
vt 0.469878 0.919750
vt 0.469878 0.919749
vt 0.469878 0.864536
vt 0.469878 0.864536
vt 0.469878 0.940678
vt 0.469878 0.885464
vt 0.380687 0.000000
vt 0.425142 0.011036
vt 0.405210 0.028168
vt 0.375000 0.028168
vt 0.491756 0.028168
vt 0.471824 0.745275
vt 0.491756 0.721832
vt 0.470315 0.837048
vt 0.470315 0.892262
vt 0.426651 0.802525
vt 0.426651 0.764573
vt 0.375000 0.721832
vt 0.405210 0.721832
vt 0.405210 0.500000
vt 0.405210 0.721832
vt 0.491756 0.500000
vt 0.405210 0.250000
vt 0.425884 0.989625
vt 0.380687 0.989625
vt 0.405210 0.028168
vt 0.491756 0.250000
vt 0.491756 0.500000
vt 0.442768 0.721832
vt 0.483161 0.721832
vt 0.454198 0.028168
vt 0.413805 0.028168
vt 0.491756 0.250000
vt 0.406670 0.719114
vt 0.406670 0.500000
vt 0.432712 0.250000
vt 0.432712 0.500000
vt 0.432712 0.719114
vt 0.464254 0.250000
vt 0.464254 0.030886
vt 0.406670 0.030886
vt 0.432712 0.030886
vt 0.490296 0.030886
vt 0.490296 0.250000
vt 0.464254 0.719114
vt 0.490296 0.719114
vt 0.490296 0.500000
vt 0.464254 0.500000
vt 0.406670 0.250000
vt 0.521966 0.924269
vt 0.521966 0.075731
vt 0.521966 0.575730
vt 0.521966 0.575731
vt 0.521966 0.924269
vt 0.375000 0.756342
vt 0.386731 0.750000
vt 0.613269 0.750000
vt 0.625000 0.756342
vt 0.625000 0.993658
vt 0.613269 1.000000
vt 0.386731 1.000000
vt 0.375000 0.993658
vt 0.602966 0.488089
vt 0.397034 0.488089
vt 0.616705 0.495516
vt 0.613269 0.500000
vt 0.386731 0.500000
vt 0.383295 0.495516
vt 0.355005 0.736635
vt 0.144995 0.736635
vt 0.855005 0.736635
vt 0.644995 0.736635
vt 0.386731 0.000000
vt 0.613269 0.000000
vt 0.613269 0.250000
vt 0.386731 0.250000
vt 0.383295 0.254484
vt 0.386731 0.250000
vt 0.613269 0.250000
vt 0.616705 0.254484
vt 0.602966 0.261911
vt 0.397034 0.261911
vt 0.383295 0.495516
vt 0.375000 0.493658
vt 0.375000 0.256342
vt 0.386731 0.500000
vt 0.613269 0.500000
vt 0.613269 0.750000
vt 0.386731 0.750000
vt 0.625000 0.256342
vt 0.625000 0.493658
vt 0.616705 0.495516
vt 0.403943 0.484354
vt 0.418968 0.484354
vt 0.436948 0.484354
vt 0.442982 0.484354
vt 0.460962 0.484354
vt 0.466996 0.484354
vt 0.484976 0.484354
vt 0.491010 0.484354
vt 0.508990 0.484354
vt 0.515024 0.484354
vt 0.533004 0.484354
vt 0.539038 0.484354
vt 0.557018 0.484354
vt 0.563052 0.484354
vt 0.581032 0.484354
vt 0.596057 0.484354
vt 0.596057 0.265646
vt 0.466996 0.265646
vt 0.460962 0.265646
vt 0.403943 0.265646
vt 0.539038 0.265646
vt 0.533004 0.265646
vt 0.563053 0.265646
vt 0.557018 0.265646
vt 0.442982 0.265646
vt 0.442982 0.484354
vt 0.436948 0.484354
vt 0.436948 0.265646
vt 0.418968 0.265646
vt 0.581033 0.265646
vt 0.491010 0.265646
vt 0.484976 0.265646
vt 0.563053 0.265646
vt 0.557018 0.265646
vt 0.515024 0.265646
vt 0.508990 0.265646
vt 0.491010 0.265646
vt 0.442982 0.265646
vt 0.436948 0.265646
vt 0.508990 0.484354
vt 0.131342 0.500000
vt 0.129484 0.500000
vt 0.619134 0.253171
vt 0.368658 0.500000
vt 0.370516 0.500000
vt 0.619134 0.496829
vt 0.131342 0.500000
vt 0.131342 0.750000
vt 0.368658 0.750000
vt 0.631342 0.500000
vt 0.631342 0.750000
vt 0.868658 0.500000
vt 0.855005 0.513365
vt 0.644995 0.513365
vt 0.868658 0.750000
vt 0.591839 0.237108
vt 0.408161 0.237108
vt 0.408161 0.512892
vt 0.591839 0.512892
vt 0.404346 0.731183
vt 0.595654 0.731183
vt 0.355005 0.513365
vt 0.144995 0.513365
vt 0.595654 0.513365
vt 0.265802 0.513365
vt 0.404346 0.513365
vt 0.408161 0.012892
vt 0.591839 0.012892
vt 0.408161 0.737108
vt 0.591839 0.737108
vt 0.734198 0.513365
vt 0.734198 0.731183
vt 0.265802 0.731183
vt 1.000000 0.500000
vt 1.000000 0.994553
vt 0.875000 0.994553
vt 0.750000 0.994553
vt 0.750000 0.500000
vt 0.625000 0.994553
vt 0.500000 0.994553
vt 0.500000 0.500000
vt 0.375000 0.994553
vt 0.250000 0.994553
vt 0.250000 0.500000
vt 0.125000 0.994553
vt 0.000000 0.994553
vt 0.000000 0.500000
vt 0.750000 0.490000
vt 0.919706 0.419706
vt 0.990000 0.250000
vt 0.919706 0.080294
vt 0.750000 0.010000
vt 0.580294 0.080294
vt 0.510000 0.250000
vt 0.580294 0.419706
vt 0.750000 1.000000
vt 0.625000 0.998184
vt 0.750000 0.998184
vt 0.875000 1.000000
vt 0.875000 0.998184
vt 0.419706 0.419706
vt 0.250000 0.490000
vt 0.080294 0.419706
vt 0.010000 0.250000
vt 0.080294 0.080294
vt 0.250000 0.010000
vt 0.419706 0.080294
vt 0.490000 0.250000
vt 0.125000 1.000000
vt 0.250000 1.000000
vt 0.500000 1.000000
vt 0.000000 1.000000
vt 1.000000 1.000000
vt 0.500000 0.998184
vt 0.375000 0.998184
vt 0.250000 0.998184
vt 0.125000 0.998184
vt 0.000000 0.998184
vt 1.000000 0.998184
vt 0.000000 0.996369
vt 0.125000 0.996369
vt 0.250000 0.996369
vt 0.375000 0.996369
vt 0.500000 0.996369
vt 0.625000 0.996369
vt 0.750000 0.996369
vt 0.875000 0.996369
vt 1.000000 0.996369
s 0
usemtl M_Noir_Bleuté
f 239/23/5 5/24/5 50/24/5 304/23/5
f 51/25/3 50/24/3 9/26/3 10/27/3
f 8/28/5 234/29/5 298/29/5 53/28/5
f 290/32/5 947/33/5 291/34/5 48/35/5 49/36/5
f 53/28/3 52/53/3 12/54/3 11/55/3
f 16/56/1 248/57/1 229/58/1 2/59/1
f 6/60/3 10/27/3 3/61/3 13/62/3 14/63/3
f 1/67/3 19/68/3 20/69/3 8/28/3 11/55/3
f 1/70/1 231/71/1 249/72/1 19/73/1
f 15/74/3 16/75/3 2/76/3 9/26/3 5/77/3
f 12/54/3 7/53/3 17/79/3 18/80/3 4/81/3
f 227/34/4 3/35/4 48/35/4 291/34/4
f 231/71/8 1/70/8 46/70/8 296/71/8
f 248/57/9 16/56/9 15/101/9 245/102/9
f 256/103/2 18/104/2 17/79/2 253/105/2
f 252/106/6 20/69/6 19/73/6 249/72/6
f 18/104/5 256/103/5 225/32/5 4/36/5
f 3/35/5 227/34/5 243/149/5 13/150/5
f 365/159/18 368/160/18 397/161/18 410/162/18
f 13/163/7 243/164/7 242/165/7 14/166/7
f 2/59/4 229/58/4 294/58/4 47/59/4
f 51/25/8 302/170/8 304/23/8 50/24/8
f 309/171/19 58/133/19 376/172/19 377/173/19
f 99/174/6 100/175/6 153/175/6 152/174/6
f 313/176/20 62/19/20 334/177/20 343/178/20
f 131/179/1 106/180/1 159/180/1 134/179/1
f 317/181/21 66/47/21 342/182/21 349/183/21
f 108/184/7 24/185/7 151/185/7 150/184/7
f 1210/186/8 1221/187/8 316/188/8 1211/189/8
f 1212/190/4 1219/191/4 320/192/4 1213/193/4
f 388/194/8 357/195/8 740/195/8 745/194/8
f 308/196/8 295/197/8 732/197/8 737/196/8
f 386/198/22 371/199/22 370/200/22 392/201/22
f 378/202/19 375/203/19 374/204/19 384/205/19
f 106/180/9 105/214/9 154/214/9 159/180/9
f 305/215/22 54/21/22 372/216/22 385/217/22
f 294/58/1 296/71/1 46/70/1 47/59/1
f 298/29/4 300/218/4 52/53/4 53/28/4
f 20/69/4 252/219/4 234/29/4 8/28/4
f 7/53/4 235/218/4 253/223/4 17/79/4
f 6/25/1 238/170/1 302/170/1 51/25/1
f 14/166/8 242/224/8 238/170/8 6/25/8
f 5/24/8 239/23/8 245/102/8 15/101/8
f 235/218/1 7/53/1 52/53/1 300/218/1
f 328/232/4 63/233/4 149/233/4 416/232/4
f 114/244/23 405/245/23 342/182/23 66/47/23
f 336/235/8 67/236/8 148/236/8 418/235/8
f 116/126/24 403/246/24 334/177/24 62/19/24
f 1216/247/4 318/248/4 1218/249/4 1217/250/4
f 1214/251/8 314/252/8 1220/253/8 1215/254/8
f 68/241/8 337/242/8 419/242/8 147/241/8
f 346/260/20 331/261/20 65/40/20 315/262/20
f 104/240/1 68/241/1 147/241/1 144/240/1
f 127/267/4 60/268/4 158/268/4 140/267/4
f 64/269/4 329/270/4 413/270/4 146/269/4
f 353/271/21 339/272/21 69/37/21 319/39/21
f 395/311/18 60/268/18 129/127/18 408/312/18
f 94/325/2 98/326/2 156/326/2 157/325/2
f 63/233/1 92/327/1 143/327/1 149/233/1
f 9/26/3 11/55/3 12/54/3 10/27/3
f 49/36/3 48/35/3 10/27/3 12/54/3
f 47/59/3 46/70/3 11/55/3 9/26/3
f 368/160/5 365/328/5 425/159/5 422/160/5
f 394/329/1 101/330/1 160/330/1 424/329/1
f 132/135/32 411/331/32 376/332/32 58/133/32
f 408/333/32 129/127/32 61/13/32 373/334/32
f 123/22/33 409/335/33 372/336/33 54/21/33
f 295/197/18 360/337/18 731/337/18 732/197/18
f 951/338/18 948/339/18 957/339/18 958/338/18
f 306/340/3 388/194/3 745/194/3 746/340/3
f 950/341/4 951/338/4 958/338/4 959/341/4
f 381/342/19 373/343/19 61/13/19 312/344/19
f 412/345/34 407/346/34 374/347/34 375/203/34
f 389/348/22 369/349/22 57/137/22 307/350/22
f 410/351/35 397/352/35 370/200/35 371/199/35
f 95/353/5 64/269/5 146/269/5 139/353/5
f 24/185/5 86/354/5 138/354/5 151/185/5
f 67/236/5 96/237/5 142/237/5 148/236/5
f 96/237/8 108/184/8 150/184/8 142/237/8
f 101/330/8 131/355/8 134/355/8 160/330/8
f 86/356/8 56/357/8 145/357/8 138/356/8
f 100/175/36 127/267/36 140/267/36 153/175/36
f 124/358/5 94/325/5 157/325/5 136/358/5
f 337/242/37 68/241/37 111/359/37 402/360/37
f 92/327/4 99/174/4 152/174/4 143/327/4
f 60/268/1 395/311/1 427/311/1 158/268/1
f 398/361/33 109/138/33 57/137/33 369/362/33
f 400/363/38 110/78/38 65/40/38 331/261/38
f 402/360/39 111/359/39 69/37/39 339/272/39
f 56/357/18 86/356/18 112/307/18 109/364/18
f 96/237/40 67/236/40 114/244/40 113/319/40
f 92/327/41 63/233/41 116/140/41 115/142/41
f 63/233/42 328/365/42 403/366/42 116/140/42
f 67/236/43 336/235/43 405/367/43 114/244/43
f 24/185/18 108/184/18 117/319/18 118/368/18
f 100/175/18 99/174/18 119/142/18 120/300/18
f 104/240/44 105/214/44 121/324/44 122/324/44
f 124/369/18 55/370/18 123/113/18 88/115/18
f 95/353/45 98/326/45 126/371/45 125/372/45
f 99/174/46 92/327/46 115/142/46 119/142/46
f 127/267/18 100/175/18 120/300/18 102/301/18
f 108/184/47 96/237/47 113/319/47 117/319/47
f 64/269/40 95/353/40 125/304/40 110/306/40
f 98/326/18 94/325/18 128/373/18 126/371/18
f 60/268/18 127/267/18 102/301/18 129/127/18
f 68/241/41 104/240/41 122/324/41 111/359/41
f 105/214/18 106/180/18 130/374/18 121/324/18
f 106/180/18 131/179/18 107/239/18 130/374/18
f 56/357/5 367/375/5 421/376/5 145/357/5
f 55/370/18 366/377/18 409/378/18 123/113/18
f 396/379/1 393/380/1 423/380/1 428/381/1
f 101/330/18 394/329/18 411/382/18 132/383/18
f 94/325/18 124/358/18 88/384/18 128/373/18
f 131/355/18 101/330/18 132/383/18 107/229/18
f 86/354/18 24/185/18 118/368/18 112/238/18
f 105/214/8 104/240/8 144/240/8 154/214/8
f 366/386/5 55/370/5 155/370/5 426/377/5
f 55/370/4 124/369/4 136/369/4 155/370/4
f 367/376/18 56/357/18 109/364/18 398/387/18
f 393/380/18 396/381/18 407/388/18 412/389/18
f 98/326/29 95/353/29 139/353/29 156/326/29
f 329/270/48 64/269/48 110/306/48 400/390/48
f 397/161/4 368/160/4 604/160/4 625/161/4
f 423/380/4 393/380/4 633/380/4 487/380/4
f 394/329/8 424/329/8 488/329/8 634/329/8
f 1180/410/53 1181/156/53 586/156/53 445/410/53
f 317/181/54 349/183/54 446/183/54 585/181/54
f 396/379/8 428/381/8 492/381/8 632/379/8
f 427/311/4 395/311/4 631/311/4 491/311/4
f 234/29/58 252/219/58 516/219/58 532/29/58
f 419/242/36 337/242/36 629/242/36 483/242/36
f 313/176/59 343/178/59 438/178/59 578/176/59
f 249/72/61 231/71/61 529/71/61 513/72/61
f 392/201/4 370/200/4 628/200/4 473/201/4
f 369/349/8 389/348/8 474/348/8 627/349/8
f 1176/155/3 1177/414/3 433/414/3 583/155/3
f 385/217/4 372/216/4 624/216/4 470/217/4
f 225/32/62 256/103/62 520/103/62 503/32/62
f 304/23/63 302/170/63 582/170/63 568/23/63
f 371/199/8 386/198/8 471/198/8 623/199/8
f 384/205/8 374/204/8 620/204/8 465/205/8
f 253/223/58 235/218/58 527/218/58 517/223/58
f 373/343/4 381/342/4 466/342/4 619/343/4
f 1174/152/3 1175/418/3 429/418/3 581/152/3
f 377/173/8 376/172/8 616/172/8 462/173/8
f 375/203/4 378/202/4 463/202/4 615/203/4
f 229/58/61 248/57/61 512/57/61 497/58/61
f 370/200/4 397/352/4 625/352/4 628/200/4
f 235/218/61 300/218/61 570/218/61 527/218/61
f 245/102/63 239/23/63 525/23/63 509/102/63
f 398/361/8 369/362/8 627/362/8 626/361/8
f 372/336/4 409/335/4 621/335/4 624/336/4
f 243/149/62 227/34/62 523/34/62 507/149/62
f 298/29/62 234/29/62 532/29/62 584/29/62
f 410/351/8 371/199/8 623/199/8 622/351/8
f 238/170/63 242/224/63 506/224/63 522/170/63
f 374/347/8 407/346/8 617/346/8 620/347/8
f 302/170/61 238/170/61 522/170/61 582/170/61
f 408/333/4 373/334/4 619/334/4 618/333/4
f 256/103/68 253/105/68 517/105/68 520/103/68
f 376/332/8 411/331/8 613/331/8 616/332/8
f 412/345/4 375/203/4 615/203/4 614/345/4
f 252/106/71 249/72/71 513/72/71 516/106/71
f 363/420/8 383/421/8 468/421/8 460/420/8
f 239/23/62 304/23/62 568/23/62 525/23/62
f 704/422/4 701/423/4 459/423/4 467/422/4
f 710/424/8 711/425/8 461/425/8 457/424/8
f 248/57/74 245/102/74 509/102/74 512/57/74
f 379/426/4 362/427/4 458/427/4 464/426/4
f 359/428/4 391/429/4 476/429/4 456/428/4
f 706/430/8 699/431/8 455/431/8 475/430/8
f 708/432/4 713/433/4 469/433/4 453/432/4
f 387/434/8 358/435/8 454/435/8 472/434/8
f 231/71/63 296/71/63 572/71/63 529/71/63
f 391/429/77 946/436/77 387/434/77 472/434/77 476/429/77
f 242/165/78 243/164/78 507/164/78 506/165/78
f 386/198/79 392/201/79 473/201/79 471/198/79
f 1172/157/53 1173/437/53 451/437/53 577/157/53
f 713/433/80 714/111/80 580/111/80 469/433/80
f 305/215/81 385/217/81 470/217/81 579/215/81
f 353/271/82 319/39/82 576/39/82 450/271/82
f 383/421/83 945/438/83 379/426/83 464/426/83 468/421/83
f 290/32/63 225/32/63 503/32/63 502/32/63
f 705/4/84 706/430/84 475/430/84 575/4/84
f 378/202/85 384/205/85 465/205/85 463/202/85
f 711/425/86 712/168/86 536/168/86 461/425/86
f 294/58/58 229/58/58 497/58/58 500/58/58
f 389/348/87 307/350/87 574/350/87 474/348/87
f 309/171/88 377/173/88 462/173/88 535/171/88
f 703/16/89 704/422/89 467/422/89 495/16/89
f 291/34/62 947/33/62 1165/439/62 537/34/62
f 381/342/90 312/344/90 496/344/90 466/342/90
f 362/427/3 944/440/3 363/420/3 460/420/3 458/427/3
f 4/36/8 225/32/8 290/32/8 49/36/8
f 298/29/58 584/29/58 570/218/58 300/218/58
f 227/34/58 291/34/58 537/34/58 523/34/58
f 367/376/8 398/387/8 626/387/8 603/376/8
f 1177/414/5 1180/410/5 445/410/5 433/414/5
f 1173/437/1 1168/442/1 435/442/1 451/437/1
f 329/270/105 400/390/105 600/390/105 609/270/105
f 337/242/107 402/360/107 592/360/107 629/242/107
f 1175/418/1 1178/445/1 437/445/1 429/418/1
f 1171/444/5 1166/441/5 431/441/5 443/444/5
f 403/366/107 328/365/107 612/365/107 595/366/107
f 405/367/105 336/235/105 608/235/105 587/367/105
f 407/388/8 396/381/8 632/381/8 617/388/8
f 395/311/4 408/312/4 618/312/4 631/311/4
f 342/182/5 405/245/5 587/245/5 590/182/5
f 365/159/8 410/162/8 622/162/8 605/159/8
f 409/378/4 366/377/4 606/377/4 621/378/4
f 402/360/1 339/272/1 593/272/1 592/360/1
f 393/380/4 412/389/4 614/389/4 633/380/4
f 411/382/8 394/329/8 634/329/8 613/382/8
f 334/177/1 403/246/1 595/246/1 598/177/1
f 400/363/5 331/261/5 601/261/5 600/363/5
f 421/376/8 367/375/8 603/375/8 485/376/8
f 368/160/4 422/160/4 486/160/4 604/160/4
f 343/178/1 334/177/1 598/177/1 438/178/1
f 331/261/5 346/260/5 442/260/5 601/261/5
f 425/159/8 365/328/8 605/328/8 489/159/8
f 366/386/4 426/377/4 490/377/4 606/386/4
f 349/183/5 342/182/5 590/182/5 446/183/5
f 339/272/1 353/271/1 450/271/1 593/272/1
f 1166/441/3 1167/147/3 567/147/3 431/441/3
f 336/235/111 418/235/111 482/235/111 608/235/111
f 413/270/60 329/270/60 609/270/60 477/270/60
f 1168/442/3 1169/158/3 569/158/3 435/442/3
f 699/431/3 700/151/3 571/151/3 455/431/3
f 328/232/110 416/232/110 480/232/110 612/232/110
f 707/112/3 708/432/3 453/432/3 499/112/3
f 296/71/61 294/58/61 500/58/61 572/71/61
f 701/423/3 702/17/3 538/17/3 459/423/3
f 358/435/3 943/456/3 1164/443/3 454/435/3
f 346/260/113 315/262/113 573/262/113 442/260/113
f 709/167/3 710/424/3 457/424/3 501/167/3
f 360/337/1 295/197/1 700/151/1 699/431/1
f 364/482/5 292/483/5 702/17/5 701/423/5
f 311/484/5 382/485/5 704/422/5 703/16/5
f 308/196/1 390/486/1 706/430/1 705/4/1
f 293/487/1 357/195/1 708/432/1 707/112/1
f 289/488/5 361/489/5 710/424/5 709/167/5
f 380/490/5 310/491/5 712/168/5 711/425/5
f 388/194/1 306/340/1 714/111/1 713/433/1
f 357/195/1 388/194/1 713/433/1 708/432/1
f 390/486/1 360/337/1 699/431/1 706/430/1
f 361/489/5 380/490/5 711/425/5 710/424/5
f 382/485/5 364/482/5 701/423/5 704/422/5
f 310/491/5 289/488/5 709/167/5 712/168/5
f 292/483/5 311/484/5 703/16/5 702/17/5
f 306/340/1 293/487/1 707/112/1 714/111/1
f 295/197/1 308/196/1 705/4/1 700/151/1
f 292/483/18 364/482/18 733/482/18 734/483/18
f 360/337/4 390/486/4 738/486/4 731/337/4
f 382/485/3 311/484/3 735/484/3 736/485/3
f 380/490/4 361/489/4 742/489/4 743/490/4
f 390/486/3 308/196/3 737/196/3 738/486/3
f 364/482/8 382/485/8 736/485/8 733/482/8
f 357/195/18 293/487/18 739/487/18 740/195/18
f 289/488/8 310/491/8 744/491/8 741/488/8
f 361/489/18 289/488/18 741/488/18 742/489/18
f 311/484/4 292/483/4 734/483/4 735/484/4
f 310/491/3 380/490/3 743/490/3 744/491/3
f 293/487/4 306/340/4 746/340/4 739/487/4
f 875/521/8 876/522/8 940/522/8 939/521/8
f 771/508/1 782/531/1 781/530/1 772/509/1
f 838/536/18 835/537/18 899/537/18 901/536/18
f 773/498/5 786/526/5 785/527/5 774/510/5
f 849/538/4 850/539/4 913/539/4 914/538/4
f 1154/540/8 1155/541/8 1162/541/8 1163/540/8
f 1149/542/3 1150/543/3 1159/543/3 1156/542/3
f 835/537/4 836/544/4 900/544/4 899/537/4
f 848/559/3 849/538/3 914/538/3 911/559/3
f 850/539/18 847/560/18 912/560/18 913/539/18
f 861/561/8 862/562/8 925/562/8 926/561/8
f 847/560/8 848/559/8 911/559/8 912/560/8
f 860/563/3 861/561/3 926/561/3 923/563/3
f 821/564/8 822/565/8 885/565/8 886/564/8
f 862/562/18 859/566/18 924/566/18 925/562/18
f 873/567/4 874/568/4 937/568/4 938/567/4
f 820/569/3 821/564/3 886/564/3 883/569/3
f 859/566/4 860/563/4 923/563/4 924/566/4
f 872/570/3 873/567/3 938/567/3 936/570/3
f 822/565/18 819/571/18 884/571/18 885/565/18
f 814/572/5 800/548/5 816/573/5 815/574/5
f 800/548/5 775/511/5 817/575/5 816/573/5
f 775/511/5 808/553/5 818/576/5 817/575/5
f 808/553/5 814/572/5 815/574/5 818/576/5
f 813/577/1 798/546/1 820/569/1 819/571/1
f 798/546/1 748/506/1 821/564/1 820/569/1
f 748/506/1 806/547/1 822/565/1 821/564/1
f 806/547/1 813/577/1 819/571/1 822/565/1
f 812/578/5 801/514/5 824/579/5 823/580/5
f 801/514/5 750/505/5 825/581/5 824/579/5
f 750/505/5 810/558/5 826/582/5 825/581/5
f 810/558/5 812/578/5 823/580/5 826/582/5
f 811/583/1 797/551/1 828/584/1 827/585/1
f 797/551/1 777/512/1 829/586/1 828/584/1
f 777/512/1 802/555/1 830/587/1 829/586/1
f 802/555/1 811/583/1 827/585/1 830/587/1
f 803/552/1 811/583/1 832/588/1 831/589/1
f 811/583/1 802/555/1 833/590/1 832/588/1
f 802/555/1 780/523/1 834/591/1 833/590/1
f 780/523/1 803/552/1 831/589/1 834/591/1
f 779/518/1 795/554/1 836/544/1 835/537/1
f 795/554/1 811/583/1 837/592/1 836/544/1
f 811/583/1 803/552/1 838/536/1 837/592/1
f 803/552/1 779/518/1 835/537/1 838/536/1
f 795/554/1 778/513/1 840/593/1 839/594/1
f 778/513/1 797/551/1 841/595/1 840/593/1
f 797/551/1 811/583/1 842/596/1 841/595/1
f 811/583/1 795/554/1 839/594/1 842/596/1
f 799/494/5 812/578/5 844/597/5 843/598/5
f 812/578/5 810/558/5 845/599/5 844/597/5
f 810/558/5 788/492/5 846/600/5 845/599/5
f 788/492/5 799/494/5 843/598/5 846/600/5
f 787/493/5 809/556/5 848/559/5 847/560/5
f 809/556/5 812/578/5 849/538/5 848/559/5
f 812/578/5 799/494/5 850/539/5 849/538/5
f 799/494/5 787/493/5 847/560/5 850/539/5
f 809/556/5 749/499/5 852/601/5 851/602/5
f 749/499/5 801/514/5 853/603/5 852/601/5
f 801/514/5 812/578/5 854/604/5 853/603/5
f 812/578/5 809/556/5 851/602/5 854/604/5
f 804/549/1 813/577/1 856/605/1 855/606/1
f 813/577/1 806/547/1 857/607/1 856/605/1
f 806/547/1 792/520/1 858/608/1 857/607/1
f 792/520/1 804/549/1 855/606/1 858/608/1
f 791/528/1 805/545/1 860/563/1 859/566/1
f 805/545/1 813/577/1 861/561/1 860/563/1
f 813/577/1 804/549/1 862/562/1 861/561/1
f 804/549/1 791/528/1 859/566/1 862/562/1
f 805/545/1 747/507/1 864/609/1 863/610/1
f 747/507/1 798/546/1 865/611/1 864/609/1
f 798/546/1 813/577/1 866/612/1 865/611/1
f 813/577/1 805/545/1 863/610/1 866/612/1
f 796/557/5 814/572/5 868/613/5 867/614/5
f 814/572/5 808/553/5 869/615/5 868/613/5
f 808/553/5 784/525/5 870/616/5 869/615/5
f 784/525/5 796/557/5 867/614/5 870/616/5
f 783/496/5 807/550/5 872/570/5 871/617/5
f 807/550/5 814/572/5 873/567/5 872/570/5
f 814/572/5 796/557/5 874/568/5 873/567/5
f 796/557/5 783/496/5 871/617/5 874/568/5
f 807/550/5 776/495/5 876/522/5 875/521/5
f 776/495/5 800/548/5 877/618/5 876/522/5
f 800/548/5 814/572/5 878/619/5 877/618/5
f 814/572/5 807/550/5 875/521/5 878/619/5
f 836/544/3 837/592/3 902/592/3 900/544/3
f 823/580/8 824/579/8 887/579/8 888/580/8
f 878/619/18 875/521/18 939/521/18 941/619/18
f 837/592/8 838/536/8 901/536/8 902/592/8
f 826/582/18 823/580/18 888/580/18 889/582/18
f 876/522/3 877/618/3 942/618/3 940/522/3
f 863/610/4 864/609/4 927/609/4 928/610/4
f 824/579/3 825/581/3 890/581/3 887/579/3
f 877/618/4 878/619/4 941/619/4 942/618/4
f 866/612/18 863/610/18 928/610/18 929/612/18
f 825/581/4 826/582/4 889/582/4 890/581/4
f 864/609/3 865/611/3 930/611/3 927/609/3
f 851/602/8 852/601/8 915/601/8 916/602/8
f 865/611/8 866/612/8 929/612/8 930/611/8
f 854/604/18 851/602/18 916/602/18 917/604/18
f 852/601/3 853/603/3 918/603/3 915/601/3
f 839/594/4 840/593/4 904/593/4 903/594/4
f 853/603/4 854/604/4 917/604/4 918/603/4
f 842/596/18 839/594/18 903/594/18 905/596/18
f 840/593/3 841/595/3 906/595/3 904/593/3
f 827/585/4 828/584/4 891/584/4 892/585/4
f 841/595/8 842/596/8 905/596/8 906/595/8
f 830/587/18 827/585/18 892/585/18 893/587/18
f 867/614/8 868/613/8 931/613/8 932/614/8
f 828/584/3 829/586/3 894/586/3 891/584/3
f 815/574/8 816/573/8 879/573/8 880/574/8
f 870/616/18 867/614/18 932/614/18 933/616/18
f 829/586/8 830/587/8 893/587/8 894/586/8
f 818/576/18 815/574/18 880/574/18 881/576/18
f 868/613/3 869/615/3 934/615/3 931/613/3
f 855/606/4 856/605/4 919/605/4 920/606/4
f 816/573/3 817/575/3 882/575/3 879/573/3
f 869/615/4 870/616/4 933/616/4 934/615/4
f 858/608/18 855/606/18 920/606/18 921/608/18
f 817/575/4 818/576/4 881/576/4 882/575/4
f 856/605/3 857/607/3 922/607/3 919/605/3
f 843/598/8 844/597/8 907/597/8 908/598/8
f 857/607/8 858/608/8 921/608/8 922/607/8
f 846/600/18 843/598/18 908/598/18 909/600/18
f 844/597/3 845/599/3 910/599/3 907/597/3
f 831/589/4 832/588/4 895/588/4 896/589/4
f 845/599/4 846/600/4 909/600/4 910/599/4
f 834/591/18 831/589/18 896/589/18 897/591/18
f 871/617/8 872/570/8 936/570/8 935/617/8
f 832/588/3 833/590/3 898/590/3 895/588/3
f 819/571/4 820/569/4 883/569/4 884/571/4
f 874/568/18 871/617/18 935/617/18 937/568/18
f 833/590/8 834/591/8 897/591/8 898/590/8
f 1019/620/8 1021/621/8 1016/621/8 1017/620/8
f 948/339/5 944/440/5 945/438/5 949/622/5
f 945/438/5 383/421/5 950/341/5 949/622/5
f 952/623/1 943/456/1 946/436/1 953/624/1
f 946/436/1 391/429/1 954/625/1 953/624/1
f 359/428/1 943/456/1 952/623/1 955/626/1
f 359/428/1 955/626/1 954/625/1 391/429/1
f 953/624/3 954/625/3 963/625/3 960/624/3
f 952/623/4 953/624/4 960/624/4 961/623/4
f 949/622/3 950/341/3 959/341/3 956/622/3
f 954/625/8 955/626/8 962/626/8 963/625/8
f 948/339/8 949/622/8 956/622/8 957/339/8
f 955/626/18 952/623/18 961/623/18 962/626/18
f 1021/621/18 1025/651/18 1014/651/18 1016/621/18
f 362/427/5 379/426/5 1013/652/5 1012/653/5
f 379/426/5 945/438/5 1023/654/5 1013/652/5
f 943/456/1 1021/621/1 1019/620/1 946/436/1
f 1025/651/4 1024/655/4 1015/655/4 1014/651/4
f 944/440/5 362/427/5 1012/653/5 1022/656/5
f 358/435/1 387/434/1 1024/655/1 1025/651/1
f 387/434/1 946/436/1 1019/620/1 1024/655/1
f 1023/654/4 1022/656/4 1018/656/4 1020/654/4
f 1022/656/18 1012/653/18 1026/653/18 1018/656/18
f 943/456/1 358/435/1 1025/651/1 1021/621/1
f 944/440/5 1022/656/5 1023/654/5 945/438/5
f 1012/653/8 1013/652/8 1027/652/8 1026/653/8
f 1013/652/3 1023/654/3 1020/654/3 1027/652/3
f 1024/655/3 1019/620/3 1017/620/3 1015/655/3
f 752/501/5 790/533/5 1149/542/5 1148/737/5
f 790/533/5 789/532/5 1150/543/5 1149/542/5
f 789/532/5 751/504/5 1151/738/5 1150/543/5
f 751/504/5 752/501/5 1148/737/5 1151/738/5
f 754/502/1 794/535/1 1153/739/1 1152/740/1
f 794/535/1 793/534/1 1154/540/1 1153/739/1
f 793/534/1 753/503/1 1155/541/1 1154/540/1
f 753/503/1 754/502/1 1152/740/1 1155/541/1
f 1148/737/8 1149/542/8 1156/542/8 1157/737/8
f 1155/541/18 1152/740/18 1161/740/18 1162/541/18
f 1150/543/4 1151/738/4 1158/738/4 1159/543/4
f 1151/738/18 1148/737/18 1157/737/18 1158/738/18
f 1153/739/3 1154/540/3 1163/540/3 1160/739/3
f 1152/740/4 1153/739/4 1160/739/4 1161/740/4
f 951/338/5 363/420/5 944/440/5 948/339/5
f 1165/439/62 947/33/62 290/32/62 502/32/62
f 1164/443/3 943/456/3 359/428/3 456/428/3
f 363/420/5 951/338/5 950/341/5 383/421/5
f 1198/741/8 1199/742/8 1167/147/8 1166/441/8
f 1200/743/4 1201/744/4 1169/158/4 1168/442/4
f 1186/745/8 1209/746/8 1171/444/8 1170/146/8
f 1188/747/4 1207/748/4 1173/437/4 1172/157/4
f 1202/749/8 1203/750/8 1175/418/8 1174/152/8
f 1204/751/4 1205/752/4 1177/414/4 1176/155/4
f 1208/753/8 1195/754/8 1179/153/8 1178/445/8
f 1206/755/4 1197/756/4 1181/156/4 1180/410/4
f 1205/752/4 1206/755/4 1180/410/4 1177/414/4
f 1207/748/4 1200/743/4 1168/442/4 1173/437/4
f 1203/750/8 1208/753/8 1178/445/8 1175/418/8
f 1209/746/8 1198/741/8 1166/441/8 1171/444/8
f 1197/756/4 1204/751/4 1176/155/4 1181/156/4
f 1201/744/4 1188/747/4 1172/157/4 1169/158/4
f 1195/754/8 1202/749/8 1174/152/8 1179/153/8
f 1199/742/8 1186/745/8 1170/146/8 1167/147/8
f 325/757/116 352/758/116 1242/758/116 1228/757/116
f 1189/759/117 354/760/117 1243/760/117 1235/759/117
f 316/188/118 1221/187/118 1209/746/118 1186/745/118
f 320/192/119 1219/191/119 1207/748/119 1188/747/119
f 1196/761/120 1193/762/120 1229/762/120 1234/761/120
f 297/763/121 325/757/121 1228/757/121 1241/763/121
f 1220/253/118 314/252/118 1195/754/118 1208/753/118
f 1218/249/119 318/248/119 1197/756/119 1206/755/119
f 1187/764/122 347/765/122 1245/765/122 1237/764/122
f 1193/762/123 1192/766/123 1233/766/123 1229/762/123
f 301/767/124 321/768/124 1226/768/124 1240/767/124
f 299/769/125 1185/770/125 1231/770/125 1239/769/125
f 318/248/126 1216/247/126 1204/751/126 1197/756/126
f 1213/193/127 320/192/127 1188/747/127 1201/744/127
f 314/252/128 1214/251/128 1202/749/128 1195/754/128
f 1211/189/129 316/188/129 1186/745/129 1199/742/129
f 1182/771/130 1183/772/130 1199/742/130 1198/741/130
f 1184/773/131 1185/770/131 1201/744/131 1200/743/131
f 1190/774/132 1191/775/132 1203/750/132 1202/749/132
f 1192/766/133 1193/762/133 1205/752/133 1204/751/133
f 1193/762/134 1196/761/134 1206/755/134 1205/752/134
f 1189/759/135 1184/773/135 1200/743/135 1207/748/135
f 1191/775/136 1194/776/136 1208/753/136 1203/750/136
f 1187/764/137 1182/771/137 1198/741/137 1209/746/137
f 303/777/138 324/778/138 1210/186/138 1211/189/138
f 299/769/139 326/779/139 1212/190/139 1213/193/139
f 321/768/140 301/767/140 1214/251/140 1215/254/140
f 325/757/141 297/763/141 1216/247/141 1217/250/141
f 352/758/142 325/757/142 1217/250/142 1218/249/142
f 326/779/143 354/760/143 1219/191/143 1212/190/143
f 345/780/144 321/768/144 1215/254/144 1220/253/144
f 324/778/145 347/765/145 1221/187/145 1210/186/145
f 1183/772/146 303/777/146 1211/189/146 1199/742/146
f 1185/770/147 299/769/147 1213/193/147 1201/744/147
f 347/765/128 1187/764/128 1209/746/128 1221/187/128
f 354/760/126 1189/759/126 1207/748/126 1219/191/126
f 301/767/146 1190/774/146 1202/749/146 1214/251/146
f 297/763/147 1192/766/147 1204/751/147 1216/247/147
f 1194/776/129 345/780/129 1220/253/129 1208/753/129
f 1196/761/127 352/758/127 1218/249/127 1206/755/127
f 1184/773/156 1189/759/156 1235/759/156 1224/773/156
f 1190/774/157 301/767/157 1240/767/157 1232/774/157
f 354/760/158 326/779/158 1225/779/158 1243/760/158
f 1194/776/159 1191/775/159 1227/775/159 1236/776/159
f 1192/766/160 297/763/160 1241/763/160 1233/766/160
f 321/768/161 345/780/161 1244/780/161 1226/768/161
f 1182/771/162 1187/764/162 1237/764/162 1222/771/162
f 345/780/163 1194/776/163 1236/776/163 1244/780/163
f 1183/772/164 1182/771/164 1222/771/164 1230/772/164
f 347/765/165 324/778/165 1223/778/165 1245/765/165
f 324/778/166 303/777/166 1238/777/166 1223/778/166
f 352/758/167 1196/761/167 1234/761/167 1242/758/167
f 1185/770/168 1184/773/168 1224/773/168 1231/770/168
f 303/777/169 1183/772/169 1230/772/169 1238/777/169
f 326/779/170 299/769/170 1239/769/170 1225/779/170
f 1191/775/171 1190/774/171 1232/774/171 1227/775/171
f 1259/76/3 1258/67/3 1260/784/3 1610/26/3
f 1259/59/1 1263/785/1 1262/786/1 1258/70/1
f 1258/67/3 1261/787/3 1543/788/3 1544/789/3 1260/784/3
f 1258/70/1 1262/786/1 1264/790/1 1261/791/1
f 1262/786/172 1263/785/172 1269/785/172 1265/786/172
f 1264/790/173 1262/786/173 1265/786/173 1268/790/173
f 1263/785/176 1616/798/176 1270/798/176 1269/785/176
f 1344/869/191 1343/868/191 1346/868/191 1347/869/191
f 1343/868/192 1345/870/192 1348/870/192 1346/868/192
f 1356/851/18 1357/871/18 1381/872/18 1347/869/18 1346/868/18 1348/870/18 1349/873/18 1350/874/18 1354/875/18 1355/852/18
f 1345/870/193 1351/873/193 1349/873/193 1348/870/193
f 1351/873/194 1352/874/194 1350/874/194 1349/873/194
f 1352/874/195 1353/875/195 1354/875/195 1350/874/195
f 1353/875/196 1320/852/196 1355/852/196 1354/875/196
f 1358/851/197 1356/851/197 1355/852/197 1320/852/197
f 1358/851/198 1359/871/198 1357/871/198 1356/851/198
f 1359/871/204 1380/872/204 1381/872/204 1357/871/204
f 1380/872/205 1344/869/205 1347/869/205 1381/872/205
f 1386/893/8 1387/799/8 1385/799/8 1384/893/8
f 1388/894/8 1386/892/8 1384/892/8 1382/891/8 1476/891/8 1475/895/8
f 1386/893/16 1389/896/16 1391/897/16 1387/799/16
f 1389/898/18 1386/892/18 1388/894/18 1392/899/18
f 1391/897/4 1389/896/4 1390/896/4 1672/897/4
f 1393/900/4 1478/901/4 1479/901/4 1390/898/4 1389/898/4 1392/902/4
f 1392/238/18 1394/238/18 1396/903/18 1397/904/18 1473/239/18 1393/905/18
f 1392/238/18 1388/906/18 1438/907/18 1420/908/18 1395/909/18 1394/238/18
f 1395/910/18 1396/238/18 1394/238/18
f 1399/911/4 1400/912/4 1397/904/4 1396/903/4
f 1398/913/206 1396/903/206 1395/910/206 1421/914/206
f 1401/915/4 1399/911/4 1396/903/4 1398/913/4
f 1400/912/18 1399/911/18 1402/911/18 1403/912/18
f 1399/911/207 1401/915/207 1404/915/207 1402/911/207
f 1401/915/208 1407/916/208 1405/916/208 1404/915/208
f 1407/916/3 1408/917/3 1406/917/3 1405/916/3
f 1407/916/4 1401/915/4 1398/913/4 1409/919/4
f 1408/917/4 1407/916/4 1409/919/4 1411/920/4
f 1409/919/209 1398/913/209 1421/910/209 1678/921/209
f 1411/920/17 1409/919/17 1678/921/17 1679/922/17
f 1412/923/210 1411/920/210 1679/924/210 1414/925/210
f 1674/918/4 1408/917/4 1411/920/4 1412/923/4
f 1454/926/15 1414/925/15 1679/924/15 1680/927/15
f 1415/928/1 1413/929/1 1683/929/1 1684/928/1
f 1419/930/211 1417/931/211 1681/932/211 1418/933/211
f 1417/931/14 1452/934/14 1680/935/14 1681/936/14
f 1681/932/16 1678/921/16 1421/910/16 1418/933/16
f 1439/937/212 1419/930/212 1418/938/212 1420/938/212
f 1422/939/1 1423/940/1 1420/938/1 1418/938/1
f 1424/941/1 1422/939/1 1418/938/1 1421/914/1
f 1423/940/4 1422/939/4 1425/939/4 1426/940/4
f 1422/939/3 1424/941/3 1427/941/3 1425/939/3
f 1424/941/8 1437/941/8 1436/941/8 1427/941/8
f 1437/941/18 1423/940/18 1426/940/18 1436/941/18
f 1437/941/1 1424/941/1 1421/914/1 1395/910/1
f 1423/940/1 1437/941/1 1395/910/1 1420/938/1
f 1439/937/18 1420/946/18 1438/946/18
f 1475/385/18 1474/385/18 1440/947/18 1439/937/18 1438/946/18 1388/948/18
f 1442/949/8 1441/950/8 1439/937/8 1440/947/8
f 1441/950/8 1443/951/8 1419/930/8 1439/937/8
f 1441/950/18 1442/949/18 1445/949/18 1444/950/18
f 1443/951/207 1441/950/207 1444/950/207 1446/951/207
f 1449/954/208 1443/951/208 1446/951/208 1447/954/208
f 1450/953/3 1449/954/3 1447/954/3 1448/953/3
f 1443/951/8 1449/954/8 1417/931/8 1419/930/8
f 1449/954/8 1450/953/8 1452/934/8 1417/931/8
f 1450/953/8 1451/952/8 1453/955/8 1452/934/8
f 1451/952/213 1450/953/213 1448/953/213 1673/952/213
f 1452/934/214 1453/955/214 1454/926/214 1680/927/214
f 1453/955/215 1440/947/215 1455/956/215 1454/956/215
f 1451/952/8 1442/949/8 1440/947/8 1453/955/8
f 1457/957/5 1456/957/5 1454/956/5 1455/956/5
f 1456/957/5 1458/958/5 1414/925/5 1454/956/5
f 1456/957/4 1457/957/4 1460/957/4 1459/957/4
f 1458/958/3 1456/957/3 1459/957/3 1461/958/3
f 1471/963/8 1458/958/8 1461/958/8 1470/963/8
f 1457/957/18 1471/963/18 1470/963/18 1460/957/18
f 1458/958/5 1471/963/5 1472/964/5 1414/925/5
f 1471/963/5 1457/957/5 1455/956/5 1472/964/5
f 1397/904/18 1472/239/18 1473/239/18
f 1414/925/216 1472/964/216 1397/904/216 1412/923/216
f 1475/385/18 1393/900/18 1473/965/18 1472/966/18 1455/967/18 1474/385/18
f 1455/956/18 1440/385/18 1474/385/18
f 1393/900/18 1475/968/18 1476/891/18 1478/901/18
f 1477/845/8 1476/847/8 1382/847/8 1315/845/8
f 1478/969/15 1476/847/15 1477/845/15 1480/970/15
f 1478/969/4 1480/970/4 1481/970/4 1479/969/4
f 1480/970/4 1482/971/4 1484/971/4 1481/970/4
f 1482/971/5 1480/970/5 1477/845/5 1483/844/5
f 1482/971/3 1483/844/3 1312/844/3 1484/971/3
f 1542/999/227 1541/1025/227 1539/1025/227 1540/999/227
f 1541/1025/228 1264/790/228 1268/790/228 1539/1025/228
f 1541/1025/6 1543/1026/6 1261/791/6 1264/790/6
f 1543/1026/4 1541/1025/4 1542/999/4 1544/789/4
f 1260/784/3 1544/789/3 1545/1027/3 1547/1028/3
f 1544/789/221 1542/999/221 1548/997/221 1545/1027/221
f 1547/1028/3 1545/1027/3 1546/1029/3 1612/1030/3
f 1546/1029/4 1545/1027/4 1549/1031/4 1551/1032/4
f 1545/1027/4 1548/997/4 1550/1033/4 1549/1031/4
f 1549/1031/5 1550/1033/5 1553/1033/5 1552/1031/5
f 1551/1032/18 1549/1031/18 1552/1031/18 1554/1032/18
f 1550/1033/3 1564/1038/3 1563/1038/3 1553/1033/3
f 1564/1038/1 1551/1032/1 1554/1032/1 1563/1038/1
f 1548/997/4 1565/994/4 1564/1038/4 1550/1033/4
f 1565/994/4 1546/1029/4 1551/1032/4 1564/1038/4
f 1565/994/229 1548/997/229 1508/997/229 1505/994/229
f 1546/1029/219 1565/994/219 1566/993/219 1568/1039/219
f 1566/993/230 1565/994/230 1505/994/230 1503/993/230
f 1568/1039/4 1566/993/4 1567/992/4 1570/1040/4
f 1567/992/231 1566/993/231 1503/993/231 1618/992/231
f 1612/1030/3 1546/1029/3 1568/1039/3 1569/54/3
f 1569/54/3 1568/1039/3 1570/1040/3 1571/1041/3 1572/81/3
f 1573/976/2 1571/1042/2 1570/1040/2 1567/992/2
f 1571/1042/5 1573/976/5 1575/974/5 1572/36/5
f 1573/976/232 1567/992/232 1618/992/232 1574/976/232
f 1575/974/233 1573/976/233 1574/976/233 1485/974/233
f 1572/36/5 1575/974/5 1576/843/5 1578/35/5
f 1576/843/234 1575/974/234 1485/974/234 1313/843/234
f 1578/35/5 1576/843/5 1577/842/5 1580/1043/5
f 1577/842/235 1576/843/235 1313/843/235 1310/842/235
f 1579/27/3 1569/54/3 1572/81/3 1578/61/3
f 1582/60/3 1579/27/3 1578/61/3 1580/1044/3 1581/1045/3
f 1580/163/7 1577/841/7 1583/840/7 1581/1046/7
f 1581/1046/8 1583/840/8 1584/1047/8 1582/25/8
f 1583/840/236 1577/841/236 1310/841/236 1585/840/236
f 1584/1047/237 1583/840/237 1585/840/237 1586/1047/237
f 1588/821/239 1584/1047/239 1586/1047/239 1587/821/239
f 1589/818/240 1588/821/240 1587/821/240 1292/818/240
f 1588/821/8 1589/818/8 1593/1048/8 1591/1049/8
f 1582/25/184 1584/1047/184 1588/821/184 1590/1050/184
f 1590/1050/8 1588/821/8 1591/1049/8 1592/1051/8
f 1592/1051/1 1591/1049/1 1594/1049/1 1595/1051/1
f 1591/1049/3 1593/1048/3 1596/1048/3 1594/1049/3
f 1606/1056/18 1592/1051/18 1595/1051/18 1605/1056/18
f 1593/1048/5 1606/1056/5 1605/1056/5 1596/1048/5
f 1607/1057/8 1590/1050/8 1592/1051/8 1606/1056/8
f 1589/818/8 1607/1057/8 1606/1056/8 1593/1048/8
f 1607/1057/180 1589/818/180 1614/816/180 1608/24/180
f 1608/77/3 1610/26/3 1609/1058/3 1607/1059/3
f 1607/1059/3 1609/1058/3 1611/1060/3 1590/1061/3
f 1610/26/3 1260/784/3 1547/1028/3 1609/1058/3
f 1609/1058/3 1547/1028/3 1612/1030/3 1611/1060/3
f 1611/1060/3 1612/1030/3 1569/54/3 1579/27/3
f 1590/1061/3 1611/1060/3 1579/27/3 1582/60/3
f 1613/1062/3 1617/1063/3 1259/76/3 1610/26/3 1608/77/3
f 1608/24/8 1614/816/8 1615/815/8 1613/1064/8
f 1614/816/241 1589/818/241 1292/818/241 1289/816/241
f 1615/815/242 1614/816/242 1289/816/242 1287/815/242
f 1616/798/9 1617/1065/9 1613/1064/9 1615/814/9
f 1616/798/243 1615/814/243 1287/814/243 1270/798/243
f 1617/1065/1 1616/798/1 1263/785/1 1259/59/1
f 1548/997/244 1542/999/244 1540/999/244 1508/997/244
f 1634/1078/245 1633/1077/245 1635/1077/245 1636/1078/245
f 1633/1077/198 1624/1073/198 1637/1073/198 1635/1077/198
f 1637/1073/18 1638/1072/18 1639/1079/18 1658/1080/18 1659/1081/18 1660/1082/18 1661/1083/18 1668/1084/18 1636/1078/18 1635/1077/18
f 1640/1072/246 1638/1072/246 1637/1073/246 1624/1073/246
f 1640/1072/196 1641/1079/196 1639/1079/196 1638/1072/196
f 1641/1079/247 1656/1080/247 1658/1080/247 1639/1079/247
f 1656/1080/248 1657/1081/248 1659/1081/248 1658/1080/248
f 1657/1081/249 1662/1082/249 1660/1082/249 1659/1081/249
f 1662/1082/250 1663/1083/250 1661/1083/250 1660/1082/250
f 1663/1083/251 1667/1084/251 1668/1084/251 1661/1083/251
f 1667/1084/252 1634/1078/252 1636/1078/252 1668/1084/252
f 1676/792/4 1391/897/4 1672/897/4 1267/792/4
f 1483/844/8 1477/845/8 1315/845/8 1312/844/8
f 1442/949/253 1451/952/253 1673/952/253 1445/949/253
f 1400/912/4 1674/918/4 1412/923/4 1397/904/4
f 1408/917/213 1674/918/213 1675/918/213 1406/917/213
f 1674/918/253 1400/912/253 1403/912/253 1675/918/253
f 1677/795/1 1387/799/1 1391/897/1 1676/792/1
f 1677/795/3 1676/792/3 1267/792/3 1271/795/3
f 1387/799/8 1677/795/8 1271/795/8 1385/799/8
f 1410/1092/18 1413/929/18 1679/924/18 1678/921/18
f 1413/929/18 1415/928/18 1680/935/18 1679/924/18
f 1415/928/18 1416/1093/18 1681/932/18 1680/935/18
f 1416/1093/18 1410/1092/18 1678/921/18 1681/932/18
f 1416/1093/4 1415/928/4 1684/928/4 1685/1093/4
f 1413/929/8 1410/1092/8 1682/1092/8 1683/929/8
f 1410/1092/5 1416/1093/5 1685/1093/5 1682/1092/5
f 1714/1094/8 1694/1095/8 1695/1096/8 1715/1097/8
f 1715/1097/1 1695/1096/1 1726/1098/1 1728/1099/1
f 1697/1100/1 1717/1101/1 1737/1101/1 1735/1100/1
f 1729/1102/5 1727/1103/5 1694/1104/5 1714/1105/5
f 1688/1106/3 1692/1107/3 1690/1108/3 1686/1109/3
f 1689/1110/4 1687/1111/4 1702/1111/4 1703/1110/4
f 1687/1111/18 1689/1110/18 1695/1112/18 1694/1113/18
f 1689/1110/254 1693/1114/254 1726/1098/254 1695/1112/254
f 1693/1114/18 1691/1115/18 1727/1103/18 1726/1098/18
f 1691/1115/254 1687/1111/254 1694/1113/254 1727/1103/254
f 1687/1111/1 1691/1115/1 1705/1115/1 1702/1111/1
f 1693/1114/5 1689/1110/5 1703/1110/5 1704/1114/5
f 1691/1115/8 1693/1114/8 1704/1114/8 1705/1115/8
f 1688/1106/3 1686/1109/3 1719/1109/3 1718/1106/3
f 1728/1099/18 1729/1102/18 1745/1102/18 1742/1099/18
f 1692/1107/3 1688/1106/3 1718/1106/3 1743/1107/3
f 1714/1094/18 1715/1097/18 1720/1097/18 1725/1094/18
f 1769/1128/8 1725/1094/8 1720/1097/8 1762/1129/8
f 1724/1126/4 1722/1130/4 1721/1131/4 1743/1107/4 1764/1132/4 1767/1133/4 1744/1108/4 1723/1127/4
f 1690/1108/3 1692/1107/3 1743/1107/3 1744/1108/3
f 1715/1097/18 1728/1099/18 1742/1099/18 1720/1097/18
f 1729/1102/18 1714/1105/18 1725/1105/18 1745/1102/18
f 1686/1109/3 1690/1108/3 1744/1108/3 1719/1109/3
f 1697/1100/4 1696/1134/4 1726/1098/4 1727/1103/4
f 1696/1134/4 1716/1135/4 1728/1099/4 1726/1098/4
f 1717/1101/4 1697/1100/4 1727/1103/4 1729/1102/4
f 1716/1135/4 1717/1101/4 1729/1102/4 1728/1099/4
f 1696/1134/3 1697/1100/3 1735/1100/3 1734/1134/3
f 1717/1101/18 1716/1135/18 1736/1135/18 1737/1101/18
f 1716/1135/5 1696/1134/5 1734/1134/5 1736/1135/5
f 1744/1108/5 1767/1140/5 1768/1141/5 1719/1142/5
f 1721/1131/4 1723/1127/4 1744/1108/4 1743/1107/4
f 1766/1147/4 1765/1148/4 1742/1099/4 1745/1102/4
f 1762/1129/1 1720/1097/1 1742/1099/1 1765/1148/1
f 1719/163/8 1768/1149/8 1763/1150/8 1718/1151/8
f 1766/1147/5 1745/1102/5 1725/1105/5 1769/1152/5
f 1762/1129/3 1765/1148/3 1777/1148/3 1772/1129/3
f 1766/1147/3 1769/1152/3 1771/1152/3 1778/1147/3
f 1765/1148/3 1766/1147/3 1778/1147/3 1777/1148/3
f 1767/1133/18 1764/1132/18 1780/1132/18 1775/1133/18
f 1718/1151/1 1763/1150/1 1764/1132/1 1743/1107/1
f 1768/1141/18 1767/1140/18 1775/1140/18 1774/1141/18
f 1764/1132/18 1763/1150/18 1776/1150/18 1780/1132/18
f 1763/1150/18 1768/1149/18 1774/1149/18 1776/1150/18
f 1769/1128/3 1762/1129/3 1772/1129/3 1771/1128/3
f 1822/1106/3 1823/1107/3 1923/1108/3 1926/1109/3
f 1823/1107/3 1822/1106/3 1826/1106/3 1829/1107/3
f 1965/1175/5 1888/1176/5 1909/1177/5 1980/1178/5
f 1833/1179/5 1832/1176/5 1916/1180/5 1919/1181/5 1930/1182/5 1929/1183/5
f 2032/1184/8 2030/1185/8 2016/1186/8 2017/1187/8
f 1958/1188/5 1833/1179/5 1929/1183/5 1990/1189/5
f 1831/1190/5 1827/1191/5 1924/1192/5 1927/1193/5 1922/1194/5 1921/1195/5
f 2017/1202/1 2016/1186/1 2019/1203/1 2022/1204/1
f 1923/1108/3 1823/1107/3 1829/1107/3 1920/1212/3
f 1847/1201/18 1840/1094/18 1841/1213/18 1842/1172/18 1843/1198/18 1844/1196/18 1845/1099/18 1830/1099/18 1828/1097/18 1928/1214/18 1930/1182/18 1919/1181/18 1918/1215/18
f 2022/1246/4 2019/1203/4 2026/1247/4 2024/1248/4
f 1926/1109/3 1923/1108/3 1922/1249/3 1927/1250/3
f 1822/1106/3 1926/1109/3 1925/1251/3 1826/1106/3
f 1846/1205/18 1847/1102/18 1918/1102/18 1917/1252/18 1830/1099/18 1845/1206/18
f 1832/1176/3 1833/1179/3 1891/1179/3 1904/1253/3 1905/1254/3 1900/1255/3 1901/1256/3 1908/1257/3 1909/1258/3 1888/1176/3
f 1978/1259/5 1975/1260/5 1898/1261/5 1903/1262/5
f 1957/1263/4 1827/1191/4 1890/1191/4 1969/1263/4
f 1955/1264/8 1832/1176/8 1888/1176/8 1965/1175/8
f 1974/1265/5 1983/1266/5 1906/1267/5 1899/1268/5
f 1981/1269/5 1904/1270/5 1891/1179/5 1970/1271/5
f 1827/1191/18 1831/1190/18 1889/1190/18 1902/1277/18 1903/1262/18 1898/1261/18 1899/1268/18 1906/1281/18 1907/1279/18 1890/1191/18
f 1916/1290/304 1917/1291/304 1918/1292/304 1919/1102/304
f 1920/1108/305 1921/1249/305 1922/1249/305 1923/1108/305
f 1924/1109/306 1925/1251/306 1926/1109/306 1927/1109/306
f 1928/1293/7 1929/1294/7 1930/1094/7
f 1987/1295/2 1988/1296/2 2025/1297/2 2024/1298/2 2026/1247/2 2028/1299/2
f 1989/1300/7 1990/1301/7 2031/1302/7 2030/1185/7 2032/1303/7 2034/1304/7
f 1956/1305/5 1831/1190/5 1921/1306/5 1988/1296/5
f 1832/1176/5 1955/1264/5 1987/1295/5 1916/1180/5
f 1955/1264/5 1956/1305/5 1988/1296/5 1987/1295/5
f 1924/1337/7 1989/1300/7 2034/1338/7 2033/1339/7 1925/1340/7
f 1990/1301/7 1929/1294/7 1928/1293/7 2029/1341/7 2031/1302/7
f 1916/1180/2 1987/1295/2 2028/1342/2 2027/1343/2 1917/1291/2
f 1907/1279/5 1982/1278/5 1969/1263/5 1890/1191/5
f 1982/1278/5 1981/1269/5 1970/1271/5 1969/1263/5
f 1900/1255/5 1905/1254/5 1984/1287/5 1973/1345/5
f 1973/1345/5 1984/1287/5 1983/1266/5 1974/1265/5
f 1831/1190/8 1956/1305/8 1966/1347/8 1889/1190/8
f 1956/1305/8 1955/1264/8 1965/1175/8 1966/1347/8
f 1833/1179/4 1958/1188/4 1970/1271/4 1891/1179/4
f 1958/1188/4 1957/1263/4 1969/1263/4 1970/1271/4
f 1908/1308/5 1901/1275/5 1976/1274/5 1977/1344/5
f 1977/1344/5 1976/1274/5 1975/1260/5 1978/1259/5
f 1988/1296/2 1921/1306/2 1920/1348/2 2023/1349/2 2025/1297/2
f 1829/1107/4 2021/1350/4 2023/1351/4 1920/1348/4
f 2020/1352/4 1830/1099/4 1917/1291/4 2027/1343/4
f 1826/1151/1 2018/1353/1 2021/1350/1 1829/1107/1
f 1827/1191/5 1957/1263/5 1989/1354/5 1924/1355/5
f 1957/1263/5 1958/1188/5 1990/1189/5 1989/1354/5
f 1925/1340/8 2033/1356/8 2018/1353/8 1826/1151/8
f 2015/1357/1 1828/1097/1 1830/1099/1 2020/1358/1
f 1889/1190/5 1966/1347/5 1979/1346/5 1902/1277/5
f 1966/1347/5 1965/1175/5 1980/1178/5 1979/1346/5
f 2023/1351/2 2024/1359/2 2025/1297/2
f 2026/1247/2 2027/1360/2 2028/1342/2
f 2029/1341/7 2030/1361/7 2031/1302/7
f 2032/1184/7 2033/1362/7 2034/1338/7
f 2023/1351/18 2021/1350/18 2043/1350/18 2051/1351/18
f 2029/1341/3 2015/1363/3 2065/1363/3 2055/1341/3
f 2022/1246/3 2024/1248/3 2052/1248/3 2044/1246/3
f 2018/1353/18 2033/1356/18 2058/1356/18 2048/1353/18
f 2019/1203/18 2016/1186/18 2066/1186/18 2062/1203/18
f 2027/1360/1 2026/1247/1 2053/1247/1 2054/1360/1
f 2029/1341/8 1928/1293/8 1828/1097/8 2015/1363/8
f 2030/1361/1 2029/1341/1 2055/1341/1 2056/1361/1
f 2016/1186/18 2030/1185/18 2056/1185/18 2066/1186/18
f 2024/1359/1 2023/1351/1 2051/1351/1 2052/1359/1
f 2020/1352/3 2027/1343/3 2054/1343/3 2046/1352/3
f 2017/1202/3 2022/1204/3 2044/1204/3 2063/1202/3
f 2026/1247/18 2019/1203/18 2062/1203/18 2053/1247/18
f 2033/1362/1 2032/1184/1 2057/1184/1 2058/1362/1
f 2021/1350/18 2018/1353/18 2048/1353/18 2043/1350/18
f 2032/1184/3 2017/1187/3 2063/1187/3 2057/1184/3
f 2015/1357/3 2020/1358/3 2046/1358/3 2065/1357/3
usemtl M_Noir_Profond
f 417/234/18 418/235/18 148/236/18 142/237/18 135/238/18 133/239/18 144/240/18 147/241/18 419/242/18 420/243/18
f 138/354/18 135/238/18 142/237/18 150/184/18 151/185/18
f 157/325/18 156/326/18 139/353/18 137/384/18 136/358/18
f 154/214/18 144/240/18 133/239/18 134/179/18 159/180/18
f 427/311/18 428/379/18 423/380/18 424/329/18 160/330/18 134/355/18 133/239/18 141/385/18 140/267/18 158/268/18
f 135/238/18 137/384/18 141/385/18 133/239/18
f 152/174/18 153/175/18 140/267/18 141/385/18 143/327/18
f 413/270/18 414/316/18 415/315/18 416/232/18 149/233/18 143/327/18 141/385/18 137/384/18 139/353/18 146/269/18
f 421/376/18 422/160/18 425/159/18 426/386/18 155/370/18 136/369/18 137/384/18 135/238/18 138/356/18 145/357/18
f 431/441/8 567/147/8 568/23/8 582/170/8 581/152/8 429/418/8 430/415/8 432/416/8
f 435/442/4 569/158/4 570/218/4 584/29/4 583/155/4 433/414/4 434/413/4 436/255/4
f 450/271/92 576/39/92 577/157/92 451/437/92 452/258/92 448/409/92 445/410/92 586/156/92 585/181/92 446/183/92 447/210/92 449/213/92
f 455/431/1 571/151/1 572/71/1 500/58/1 499/112/1 453/432/1 454/435/1 1164/443/1 456/428/1
f 459/423/5 538/17/5 537/34/5 1165/439/5 502/32/5 501/167/5 457/424/5 458/427/5 460/420/5
f 466/342/93 496/344/93 495/16/93 467/422/93 468/421/93 464/426/93 461/425/93 536/168/93 535/171/93 462/173/93 463/202/93 465/205/93
f 474/348/94 574/350/94 575/4/94 475/430/94 476/429/94 472/434/94 469/433/94 580/111/94 579/215/94 470/217/94 471/198/94 473/201/94
f 494/16/95 495/16/95 496/15/95 493/14/95
f 498/112/4 499/112/4 500/58/4 497/58/4
f 502/32/8 503/32/8 504/167/8 501/169/8
f 506/165/7 507/164/7 508/49/7 505/52/7
f 510/91/9 511/90/9 512/57/9 509/102/9
f 514/6/6 515/87/6 516/106/6 513/72/6
f 518/95/2 519/94/2 520/103/2 517/105/2
f 505/52/8 521/152/8 522/170/8 506/224/8
f 524/17/5 508/226/5 507/149/5 523/34/5
f 526/147/8 510/419/8 509/102/8 525/23/8
f 511/110/1 498/112/1 497/58/1 512/57/1
f 528/158/4 518/417/4 517/223/4 527/218/4
f 519/94/5 504/169/5 503/32/5 520/103/5
f 530/3/1 514/6/1 513/72/1 529/71/1
f 515/87/4 531/155/4 532/29/4 516/219/4
f 534/143/96 535/144/96 536/168/96 533/168/96
f 538/17/4 524/17/4 523/34/4 537/34/4
f 540/86/6 541/88/6 542/45/6 539/44/6
f 544/93/2 545/96/2 546/9/2 543/8/2
f 548/89/9 549/92/9 550/99/9 547/98/9
f 552/222/8 550/99/8 549/92/8 551/148/8
f 554/230/1 542/45/1 541/5/1 553/4/1
f 556/64/8 557/66/8 558/154/8 555/51/8
f 539/44/4 559/82/4 560/156/4 540/86/4
f 562/38/4 546/9/4 545/96/4 561/157/4
f 547/98/1 563/30/1 564/111/1 548/89/1
f 566/145/7 556/64/7 555/51/7 565/50/7
f 543/8/5 534/143/5 533/168/5 544/93/5
f 493/14/5 566/109/5 565/225/5 494/16/5
f 571/3/8 530/151/8 529/71/8 572/71/8
f 563/30/97 579/31/97 580/111/97 564/111/97
f 525/23/5 568/23/5 567/147/5 526/147/5
f 442/260/98 573/42/98 552/41/98 551/146/98 644/146/98 1170/146/98 1171/444/98 443/444/98 444/411/98 440/412/98 437/445/98 1178/445/98 1179/154/98 645/153/98 558/153/98 557/18/98 578/176/98 438/178/98 439/206/98 441/209/98
f 574/231/99 554/230/99 553/4/99 575/4/99
f 582/170/1 522/170/1 521/152/1 581/152/1
f 531/155/5 583/155/5 584/29/5 532/29/5
f 586/156/100 560/156/100 559/82/100 585/83/100
f 569/158/1 528/158/1 527/218/1 570/218/1
f 576/39/101 562/38/101 561/157/101 577/157/101
f 448/409/4 434/413/4 433/414/4 445/410/4
f 451/437/4 435/442/4 436/255/4 452/258/4
f 440/412/8 430/415/8 429/418/8 437/445/8
f 443/444/8 431/441/8 432/416/8 444/411/8
f 588/266/26 589/211/26 590/182/26 587/245/26
f 592/360/26 593/272/26 594/212/26 591/265/26
f 596/263/25 597/207/25 598/177/25 595/246/25
f 600/363/25 601/261/25 602/208/25 599/264/25
f 485/376/5 603/375/5 604/160/5 486/160/5
f 597/207/20 439/206/20 438/178/20 598/177/20
f 601/261/20 442/260/20 441/209/20 602/208/20
f 489/159/5 605/328/5 606/386/5 490/377/5
f 589/211/21 447/210/21 446/183/21 590/182/21
f 593/272/21 450/271/21 449/213/21 594/212/21
f 481/234/102 607/234/102 608/235/102 482/235/102
f 477/270/29 609/270/29 610/316/29 478/316/29
f 479/315/103 611/315/103 612/232/103 480/232/103
f 472/434/1 454/435/1 453/432/1 469/433/1
f 475/430/1 455/431/1 456/428/1 476/429/1
f 464/426/5 458/427/5 457/424/5 461/425/5
f 467/422/5 459/423/5 460/420/5 468/421/5
f 614/345/34 615/203/34 616/332/34 613/331/34
f 618/333/34 619/334/34 620/347/34 617/346/34
f 622/351/35 623/199/35 624/336/35 621/335/35
f 626/361/35 627/362/35 628/200/35 625/352/35
f 615/203/19 463/202/19 462/173/19 616/172/19
f 619/343/19 466/342/19 465/205/19 620/204/19
f 623/199/22 471/198/22 470/217/22 624/216/22
f 627/349/22 474/348/22 473/201/22 628/200/22
f 630/243/49 484/243/49 483/242/49 629/242/49
f 491/311/1 631/311/1 632/379/1 492/381/1
f 634/329/1 488/329/1 487/380/1 633/380/1
f 625/161/18 604/160/18 603/376/18 626/387/18
f 599/317/40 610/316/40 609/270/40 600/390/40
f 591/265/41 630/243/41 629/242/41 592/360/41
f 611/315/41 596/318/41 595/366/41 612/365/41
f 607/234/40 588/266/40 587/367/40 608/235/40
f 617/388/18 632/381/18 631/311/18 618/312/18
f 605/159/18 622/162/18 621/378/18 606/377/18
f 633/380/18 614/389/18 613/382/18 634/329/18
f 414/448/108 413/270/108 477/270/108 478/448/108
f 416/449/109 415/315/109 479/315/109 480/449/109
f 418/450/108 417/234/108 481/234/108 482/450/108
f 420/451/109 419/242/109 483/242/109 484/451/109
f 422/452/18 421/376/18 485/376/18 486/452/18
f 424/453/18 423/380/18 487/380/18 488/453/18
f 426/454/18 425/159/18 489/159/18 490/454/18
f 428/455/18 427/311/18 491/311/18 492/455/18
f 662/466/3 661/467/3 693/467/3 694/466/3
f 651/468/1 662/466/1 694/466/1 683/468/1
f 660/469/3 659/470/3 691/470/3 692/469/3
f 665/471/1 656/472/1 688/472/1 697/471/1
f 651/468/8 652/473/8 668/85/8 667/457/8
f 653/474/8 654/475/8 670/458/8 669/1/8
f 655/476/4 656/472/4 672/460/4 671/459/4
f 657/477/4 658/478/4 674/462/4 673/461/4
f 659/470/8 660/469/8 676/2/8 675/463/8
f 661/467/8 662/466/8 678/107/8 677/84/8
f 663/479/4 664/480/4 680/11/4 679/12/4
f 665/471/4 666/481/4 682/465/4 681/464/4
f 664/480/4 657/477/4 673/461/4 680/11/4
f 658/478/4 663/479/4 679/12/4 674/462/4
f 666/481/4 655/476/4 671/459/4 682/465/4
f 656/472/4 665/471/4 681/464/4 672/460/4
f 662/466/8 651/468/8 667/457/8 678/107/8
f 652/473/8 661/467/8 677/84/8 668/85/8
f 660/469/8 653/474/8 669/1/8 676/2/8
f 654/475/8 659/470/8 675/463/8 670/458/8
f 661/467/5 652/473/5 684/473/5 693/467/5
f 664/480/3 663/479/3 695/479/3 696/480/3
f 653/474/1 660/469/1 692/469/1 685/474/1
f 666/481/3 665/471/3 697/471/3 698/481/3
f 652/473/18 651/468/18 683/468/18 684/473/18
f 659/470/5 654/475/5 686/475/5 691/470/5
f 657/477/5 664/480/5 696/480/5 689/477/5
f 654/475/18 653/474/18 685/474/18 686/475/18
f 663/479/1 658/478/1 690/478/1 695/479/1
f 656/472/18 655/476/18 687/476/18 688/472/18
f 655/476/5 666/481/5 698/481/5 687/476/5
f 658/478/18 657/477/18 689/477/18 690/478/18
f 766/492/3 761/493/3 787/493/3 799/494/3 788/492/3
f 728/495/5 763/496/5 764/497/5 725/498/5 741/488/5 744/491/5
f 720/499/5 761/493/5 762/500/5 717/501/5 733/482/5 736/485/5
f 715/502/1 716/503/1 732/197/1 731/337/1
f 717/501/5 718/504/5 734/483/5 733/482/5
f 719/505/5 720/499/5 736/485/5 735/484/5
f 721/506/1 722/507/1 738/486/1 737/196/1
f 723/508/1 724/509/1 740/195/1 739/487/1
f 725/498/5 726/510/5 742/489/5 741/488/5
f 727/511/5 728/495/5 744/491/5 743/490/5
f 729/512/1 730/513/1 746/340/1 745/194/1
f 720/499/18 719/505/18 750/505/18 801/514/18 749/499/18
f 723/508/8 768/515/8 782/515/8 771/508/8
f 718/504/3 717/501/3 752/501/3 751/504/3
f 755/516/4 724/509/4 772/509/4 781/516/4
f 718/504/5 765/517/5 766/492/5 719/505/5 735/484/5 734/483/5
f 730/513/1 767/518/1 768/515/1 723/508/1 739/487/1 746/340/1
f 716/503/1 769/519/1 770/520/1 721/506/1 737/196/1 732/197/1
f 724/509/1 755/516/1 756/523/1 729/512/1 745/194/1 740/195/1
f 726/510/5 759/524/5 760/525/5 727/511/5 743/490/5 742/489/5
f 764/526/18 759/527/18 785/527/18 786/526/18
f 765/517/8 718/504/8 751/504/8 789/517/8
f 722/507/1 757/528/1 758/529/1 715/502/1 731/337/1 738/486/1
f 767/518/1 756/523/1 755/530/1 768/531/1
f 763/496/5 760/525/5 759/527/5 764/526/5
f 761/493/5 766/492/5 765/532/5 762/533/5
f 757/528/1 770/520/1 769/534/1 758/535/1
f 716/503/3 715/502/3 754/502/3 753/503/3
f 757/528/8 722/507/8 747/507/8 805/545/8 791/528/8
f 722/507/18 721/506/18 748/506/18 798/546/18 747/507/18
f 715/502/8 758/529/8 794/529/8 754/502/8
f 724/509/3 723/508/3 771/508/3 772/509/3
f 762/533/18 765/532/18 789/532/18 790/533/18
f 721/506/4 770/520/4 792/520/4 806/547/4 748/506/4
f 726/510/3 725/498/3 773/498/3 774/510/3
f 769/519/4 716/503/4 753/503/4 793/519/4
f 728/495/18 727/511/18 775/511/18 800/548/18 776/495/18
f 770/520/3 757/528/3 791/528/3 804/549/3 792/520/3
f 763/496/4 728/495/4 776/495/4 807/550/4 783/496/4
f 730/513/18 729/512/18 777/512/18 797/551/18 778/513/18
f 756/523/3 767/518/3 779/518/3 803/552/3 780/523/3
f 727/511/8 760/525/8 784/525/8 808/553/8 775/511/8
f 758/535/18 769/534/18 793/534/18 794/535/18
f 759/524/8 726/510/8 774/510/8 785/524/8
f 767/518/8 730/513/8 778/513/8 795/554/8 779/518/8
f 768/531/18 755/530/18 781/530/18 782/531/18
f 725/498/4 764/497/4 786/497/4 773/498/4
f 729/512/4 756/523/4 780/523/4 802/555/4 777/512/4
f 761/493/4 720/499/4 749/499/4 809/556/4 787/493/4
f 717/501/4 762/500/4 790/500/4 752/501/4
f 760/525/3 763/496/3 783/496/3 796/557/3 784/525/3
f 719/505/8 766/492/8 788/492/8 810/558/8 750/505/8
f 903/594/1 904/593/1 906/595/1 905/596/1
f 939/521/5 940/522/5 942/618/5 941/619/5
f 967/627/3 964/628/3 973/628/3 974/627/3
f 966/629/8 967/627/8 974/627/8 975/629/8
f 957/339/5 956/622/5 965/630/5 964/628/5
f 956/622/5 959/341/5 966/629/5 965/630/5
f 959/341/5 958/338/5 967/627/5 966/629/5
f 958/338/5 957/339/5 964/628/5 967/627/5
f 961/623/1 960/624/1 969/631/1 968/632/1
f 960/624/1 963/625/1 970/633/1 969/631/1
f 963/625/1 962/626/1 971/634/1 970/633/1
f 962/626/1 961/623/1 968/632/1 971/634/1
f 969/631/18 970/633/18 979/633/18 976/631/18
f 968/632/8 969/631/8 976/631/8 977/632/8
f 965/630/18 966/629/18 975/629/18 972/630/18
f 970/633/4 971/634/4 978/634/4 979/633/4
f 964/628/4 965/630/4 972/630/4 973/628/4
f 971/634/3 968/632/3 977/632/3 978/634/3
f 1002/643/8 1003/644/8 1010/644/8 1011/643/8
f 997/645/3 998/646/3 1007/646/3 1004/645/3
f 989/635/5 988/636/5 997/645/5 996/647/5
f 988/636/5 991/639/5 998/646/5 997/645/5
f 991/639/5 990/640/5 999/648/5 998/646/5
f 990/640/5 989/635/5 996/647/5 999/648/5
f 993/642/1 992/641/1 1001/649/1 1000/650/1
f 992/641/1 995/637/1 1002/643/1 1001/649/1
f 995/637/1 994/638/1 1003/644/1 1002/643/1
f 994/638/1 993/642/1 1000/650/1 1003/644/1
f 996/647/8 997/645/8 1004/645/8 1005/647/8
f 1003/644/18 1000/650/18 1009/650/18 1010/644/18
f 998/646/4 999/648/4 1006/648/4 1007/646/4
f 999/648/18 996/647/18 1005/647/18 1006/648/18
f 1001/649/3 1002/643/3 1011/643/3 1008/649/3
f 1000/650/4 1001/649/4 1008/649/4 1009/650/4
f 1067/657/1 1037/658/1 1036/659/1 1048/660/1
f 1017/620/1 1016/621/1 1031/661/1 1091/662/1 1059/663/1 1077/664/1 1076/665/1 1052/666/1 1061/667/1 1072/668/1 1073/669/1 1069/670/1 1036/671/1 1037/672/1 1090/673/1 1089/674/1 1054/675/1 1030/676/1
f 1015/655/1 1017/620/1 1030/676/1 1029/677/1
f 1050/678/5 1083/679/5 1074/680/5 1070/681/5
f 1016/621/1 1014/651/1 1028/682/1 1031/661/1
f 1020/654/5 1018/656/5 1035/683/5 1047/684/5 1071/685/5 1039/686/5 1040/687/5 1084/688/5 1064/689/5 1075/690/5 1074/680/5 1083/679/5 1051/691/5 1080/692/5 1079/693/5 1055/694/5 1088/695/5 1034/696/5
f 1027/652/5 1020/654/5 1034/696/5 1033/697/5
f 1060/698/1 1052/666/1 1076/665/1 1044/699/1
f 1018/656/5 1026/653/5 1032/700/5 1035/683/5
f 1081/701/5 1080/702/5 1051/703/5 1049/704/5
f 1053/705/1 1089/706/1 1090/707/1 1068/708/1
f 1046/709/5 1039/686/5 1071/685/5 1066/710/5
f 1045/711/1 1077/712/1 1059/663/1 1058/713/1
f 1085/714/5 1084/688/5 1040/687/5 1078/715/5
f 1057/716/1 1091/717/1 1031/661/1 1028/682/1
f 1030/676/1 1054/675/1 1063/718/1 1029/677/1
f 1042/719/5 1075/690/5 1064/689/5 1062/720/5
f 1086/721/5 1055/722/5 1079/723/5 1038/724/5
f 1056/725/5 1047/726/5 1035/683/5 1032/700/5
f 1041/727/1 1072/668/1 1061/667/1 1065/728/1
f 1014/651/1 1015/655/1 1029/677/1 1063/718/1 1053/705/1 1068/729/1 1067/657/1 1048/660/1 1082/730/1 1043/731/1 1041/727/1 1065/728/1 1060/698/1 1044/699/1 1045/732/1 1058/713/1 1057/716/1 1028/682/1
f 1026/653/5 1027/652/5 1033/697/5 1087/733/5 1086/721/5 1038/734/5 1081/701/5 1049/735/5 1050/678/5 1070/681/5 1042/719/5 1062/720/5 1085/714/5 1078/715/5 1046/709/5 1066/710/5 1056/736/5 1032/700/5
f 1034/696/5 1088/695/5 1087/733/5 1033/697/5
f 1082/730/1 1069/670/1 1073/669/1 1043/731/1
f 1084/688/3 1085/714/3 1133/714/3 1132/688/3
f 1083/679/3 1050/678/3 1128/678/3 1131/679/3
f 1055/722/3 1086/721/3 1134/721/3 1137/722/3
f 1089/706/3 1053/705/3 1140/705/3 1139/706/3
f 1039/686/3 1046/709/3 1121/709/3 1111/686/3
f 1037/658/3 1067/657/3 1100/657/3 1109/658/3
f 1047/726/3 1056/725/3 1098/725/3 1142/726/3
f 1069/670/3 1082/730/3 1126/730/3 1103/670/3
f 1072/668/3 1041/727/3 1113/727/3 1112/668/3
f 1077/712/3 1045/711/3 1117/711/3 1120/712/3
f 1091/717/3 1057/716/3 1105/716/3 1145/717/3
f 1052/666/3 1060/698/3 1094/698/3 1141/666/3
f 1080/702/3 1081/701/3 1125/701/3 1124/702/3
f 1075/690/3 1042/719/3 1106/719/3 1116/690/3
f 1267/792/1 1266/793/1 1265/786/1
f 1266/793/174 1538/794/174 1268/790/174 1265/786/174
f 1271/795/1 1267/792/1 1265/786/1 1269/785/1
f 1273/796/175 1272/797/175 1269/785/175 1270/798/175
f 1271/795/1 1269/785/1 1272/797/1
f 1385/799/177 1271/795/177 1272/797/177 1274/800/177
f 1286/807/9 1273/796/9 1270/798/9 1287/814/9
f 1288/812/179 1286/813/179 1287/815/179 1289/816/179
f 1290/817/180 1288/812/180 1289/816/180 1292/818/180
f 1291/819/8 1290/820/8 1292/818/8 1587/821/8
f 1585/840/7 1310/841/7 1309/832/7 1305/833/7
f 1311/836/186 1309/839/186 1310/842/186 1313/843/186
f 1312/844/5 1311/836/5 1313/843/5
f 1314/837/187 1311/836/187 1312/844/187 1315/845/187
f 1316/846/15 1314/837/15 1315/845/15 1382/847/15
f 1383/849/18 1316/850/18 1382/891/18 1384/892/18
f 1274/800/16 1383/803/16 1384/893/16 1385/799/16
f 1402/911/4 1404/915/4 1405/916/4 1406/917/4 1675/918/4 1403/912/4
f 1428/942/1 1429/943/1 1426/940/1 1425/939/1
f 1430/944/1 1428/942/1 1425/939/1 1427/941/1
f 1429/943/4 1428/942/4 1431/942/4 1432/943/4
f 1428/942/3 1430/944/3 1433/944/3 1431/942/3
f 1430/944/8 1435/945/8 1434/945/8 1433/944/8
f 1435/945/18 1429/943/18 1432/943/18 1434/945/18
f 1435/945/1 1430/944/1 1427/941/1 1436/941/1
f 1429/943/1 1435/945/1 1436/941/1 1426/940/1
f 1444/950/8 1445/949/8 1673/952/8 1448/953/8 1447/954/8 1446/951/8
f 1463/959/5 1462/960/5 1459/957/5 1460/957/5
f 1462/960/5 1464/961/5 1461/958/5 1459/957/5
f 1462/960/4 1463/959/4 1466/959/4 1465/960/4
f 1464/961/3 1462/960/3 1465/960/3 1467/961/3
f 1469/962/8 1464/961/8 1467/961/8 1468/962/8
f 1463/959/18 1469/962/18 1468/962/18 1466/959/18
f 1464/961/5 1469/962/5 1470/963/5 1461/958/5
f 1469/962/5 1463/959/5 1460/957/5 1470/963/5
f 1486/972/187 1487/973/187 1481/970/187 1484/971/187
f 1484/971/5 1312/844/5 1313/843/5 1485/974/5
f 1484/971/5 1485/974/5 1486/972/5
f 1488/975/217 1486/972/217 1485/974/217 1574/976/217
f 1502/988/220 1499/989/220 1618/992/220 1503/993/220
f 1504/990/219 1502/988/219 1503/993/219 1505/994/219
f 1506/995/4 1504/996/4 1505/994/4 1508/997/4
f 1507/998/221 1506/995/221 1508/997/221 1540/999/221
f 1538/794/6 1537/1023/6 1539/1025/6 1268/790/6
f 1537/1023/226 1507/1024/226 1540/999/226 1539/1025/226
f 1552/1031/4 1553/1033/4 1556/1034/4 1555/1035/4
f 1554/1032/4 1552/1031/4 1555/1035/4 1557/1036/4
f 1555/1035/5 1556/1034/5 1559/1034/5 1558/1035/5
f 1557/1036/18 1555/1035/18 1558/1035/18 1560/1036/18
f 1562/1037/1 1557/1036/1 1560/1036/1 1561/1037/1
f 1556/1034/3 1562/1037/3 1561/1037/3 1559/1034/3
f 1553/1033/4 1563/1038/4 1562/1037/4 1556/1034/4
f 1563/1038/4 1554/1032/4 1557/1036/4 1562/1037/4
f 1305/831/238 1303/827/238 1586/1047/238 1585/840/238
f 1303/827/184 1291/819/184 1587/821/184 1586/1047/184
f 1595/1051/8 1594/1049/8 1597/1052/8 1598/1053/8
f 1594/1049/8 1596/1048/8 1599/1054/8 1597/1052/8
f 1598/1053/1 1597/1052/1 1600/1052/1 1601/1053/1
f 1597/1052/3 1599/1054/3 1602/1054/3 1600/1052/3
f 1599/1054/5 1604/1055/5 1603/1055/5 1602/1054/5
f 1604/1055/18 1598/1053/18 1601/1053/18 1603/1055/18
f 1605/1056/8 1595/1051/8 1598/1053/8 1604/1055/8
f 1596/1048/8 1605/1056/8 1604/1055/8 1599/1054/8
f 1499/983/2 1488/975/2 1574/976/2 1618/992/2
f 1623/1067/16 1621/1068/16 1672/897/16 1390/896/16
f 1671/1070/18 1623/1071/18 1390/898/18 1479/901/18
f 1487/973/15 1671/978/15 1479/969/15 1481/970/15
f 1621/1066/177 1266/793/177 1267/792/177 1672/897/177
f 1682/1092/18 1685/1093/18 1684/928/18 1683/929/18
f 1793/1118/18 1790/1119/18 1703/1110/18 1702/1111/18
f 1790/1119/256 1791/1120/256 1704/1114/256 1703/1110/256
f 1791/1120/18 1792/1121/18 1705/1115/18 1704/1114/18
f 1792/1121/256 1793/1118/256 1702/1111/256 1705/1115/256
f 1758/1124/3 1761/1125/3 1786/1125/3 1789/1124/3
f 1724/1126/5 1723/1127/5 1752/1127/5 1753/1126/5
f 1733/1136/3 1732/1137/3 1740/1137/3 1741/1136/3
f 1731/1138/4 1730/1139/4 1734/1134/4 1735/1100/4
f 1730/1139/4 1732/1137/4 1736/1135/4 1734/1134/4
f 1733/1136/4 1731/1138/4 1735/1100/4 1737/1101/4
f 1732/1137/4 1733/1136/4 1737/1101/4 1736/1135/4
f 1732/1137/1 1730/1139/1 1738/1139/1 1740/1137/1
f 1731/1138/5 1733/1136/5 1741/1136/5 1739/1138/5
f 1730/1139/18 1731/1138/18 1739/1138/18 1738/1139/18
f 1749/1143/1 1748/1144/1 1756/1144/1 1757/1143/1
f 1721/1131/1 1722/1130/1 1750/1130/1 1751/1131/1
f 1722/1130/18 1724/1126/18 1753/1126/18 1750/1130/18
f 1723/1127/3 1721/1131/3 1751/1131/3 1752/1127/3
f 1746/1145/4 1747/1146/4 1751/1131/4 1750/1130/4
f 1747/1146/4 1748/1144/4 1752/1127/4 1751/1131/4
f 1748/1144/4 1749/1143/4 1753/1126/4 1752/1127/4
f 1749/1143/4 1746/1145/4 1750/1130/4 1753/1126/4
f 1747/1146/5 1746/1145/5 1754/1145/5 1755/1146/5
f 1746/1145/3 1749/1143/3 1757/1143/3 1754/1145/3
f 1748/1144/18 1747/1146/18 1755/1146/18 1756/1144/18
f 1761/1125/3 1773/1153/3 1785/1153/3 1786/1125/3
f 1773/1153/3 1770/1154/3 1782/1154/3 1785/1153/3
f 1759/1155/18 1779/1156/18 1783/1156/18 1788/1155/18
f 1758/1124/5 1770/1157/5 1774/1141/5 1775/1140/5
f 1770/1154/8 1773/1153/8 1776/1150/8 1774/1149/8
f 1759/1155/4 1760/1158/4 1777/1148/4 1778/1147/4
f 1779/1156/5 1759/1155/5 1778/1147/5 1771/1152/5
f 1761/1125/4 1758/1124/4 1775/1133/4 1780/1132/4
f 1781/1159/8 1779/1160/8 1771/1128/8 1772/1129/8
f 1773/1153/1 1761/1125/1 1780/1132/1 1776/1150/1
f 1760/1158/1 1781/1159/1 1772/1129/1 1777/1148/1
f 1760/1158/18 1759/1155/18 1788/1155/18 1787/1158/18
f 1770/1157/3 1758/1124/3 1789/1124/3 1782/1157/3
f 1781/1159/18 1760/1158/18 1787/1158/18 1784/1159/18
f 1779/1160/18 1781/1159/18 1784/1159/18 1783/1160/18
f 1802/1163/264 1804/1164/264 1820/1164/264 1818/1163/264
f 1807/1165/265 1802/1163/265 1818/1163/265 1817/1165/265
f 1803/1166/266 1808/1167/266 1814/1167/266 1819/1166/266
f 1802/1163/271 1807/1165/271 1801/1120/271 1806/1161/271
f 1807/1165/272 1808/1167/272 1798/1117/272 1801/1120/272
f 1808/1167/273 1803/1166/273 1809/1116/273 1798/1117/273
f 1811/1168/274 1804/1164/274 1810/1162/274 1800/1120/274
f 1812/1169/272 1811/1168/272 1800/1120/272 1799/1122/272
f 1805/1170/275 1812/1169/275 1799/1122/275 1813/1123/275
f 1803/1166/276 1805/1170/276 1813/1123/276 1809/1116/276
f 1804/1164/277 1802/1163/277 1806/1161/277 1810/1162/277
f 1812/1169/281 1805/1170/281 1821/1170/281 1815/1169/281
f 1804/1164/282 1811/1168/282 1816/1168/282 1820/1164/282
f 1808/1167/283 1807/1165/283 1817/1165/283 1814/1167/283
f 1805/1170/284 1803/1166/284 1819/1166/284 1821/1170/284
f 1811/1168/285 1812/1169/285 1815/1169/285 1816/1168/285
f 1842/1172/287 1841/1173/287 1850/1171/287 1855/1174/287
f 1844/1196/288 1843/1197/288 1854/1198/288 1853/1199/288
f 1840/1200/289 1847/1201/289 1848/1201/289 1851/1200/289
f 1846/1205/290 1845/1206/290 1852/1206/290 1849/1207/290
f 1842/1172/291 1855/1174/291 1854/1198/291 1843/1197/291
f 1852/1206/292 1845/1206/292 1844/1196/292 1853/1199/292
f 1846/1205/293 1849/1207/293 1848/1201/293 1847/1201/293
f 1850/1171/294 1841/1173/294 1840/1094/294 1851/1094/294
f 2035/1364/308 2036/1368/308 2052/1248/308 2051/1351/308
f 2037/1375/308 2038/1376/308 2054/1343/308 2053/1247/308
f 2039/1373/309 2040/1370/309 2056/1185/309 2055/1341/309
f 2041/1372/309 2042/1371/309 2058/1356/309 2057/1184/309
f 2036/1368/308 2059/1367/308 2044/1246/308 2052/1248/308
f 2060/1365/308 2035/1364/308 2051/1351/308 2043/1350/308
f 2038/1376/308 2061/1377/308 2046/1352/308 2054/1343/308
f 2045/1378/308 2037/1375/308 2053/1247/308 2062/1203/308
f 2047/1366/309 2041/1372/309 2057/1184/309 2063/1187/309
f 2042/1371/309 2064/1379/309 2048/1353/309 2058/1356/309
f 2049/1374/309 2039/1373/309 2055/1341/309 2065/1363/309
f 2040/1370/309 2050/1369/309 2066/1186/309 2056/1185/309
f 2059/1367/1 2047/1366/1 2063/1202/1 2044/1204/1
f 2064/1379/1 2060/1365/1 2043/1350/1 2048/1353/1
f 2061/1377/1 2049/1374/1 2065/1357/1 2046/1358/1
f 2050/1369/1 2045/1378/1 2062/1203/1 2066/1186/1
f 2036/1368/312 2035/1364/312 2075/1364/312 2076/1368/312
f 2038/1376/312 2037/1375/312 2077/1375/312 2078/1376/312
f 2150/1172/18 2192/1171/18 2240/1171/18 2246/1172/18
f 2157/1198/3 2163/1231/3 2259/1231/3 2253/1198/3
f 2224/1205/18 2218/1206/18 2266/1206/18 2272/1205/18
f 2143/1381/3 2149/1174/3 2245/1174/3 2239/1381/3
f 2210/1231/18 2156/1198/18 2252/1198/18 2258/1231/18
f 2169/1206/317 2175/1205/317 2271/1205/317 2265/1206/317
f 2196/1171/313 2189/1094/313 2238/1094/313 2244/1171/313
f 2155/1198/3 2161/1231/3 2257/1231/3 2251/1198/3
f 2174/1205/316 2168/1206/316 2264/1206/316 2270/1205/316
f 2141/1094/318 2147/1171/318 2243/1171/318 2237/1094/318
f 2208/1198/18 2202/1174/18 2250/1174/18 2256/1198/18
f 2167/1206/318 2173/1205/318 2269/1205/318 2263/1206/318
f 2146/1171/18 2138/1094/18 2234/1094/18 2242/1171/18
f 2153/1174/3 2159/1198/3 2255/1198/3 2249/1174/3
f 2220/1228/18 2214/1231/18 2262/1231/18 2268/1228/18
f 2137/1094/318 2145/1171/318 2241/1171/318 2233/1094/318
f 2158/1198/18 2200/1174/18 2248/1174/18 2254/1198/18
f 2165/1199/3 2171/1382/3 2267/1382/3 2261/1199/3
f 2192/1171/18 2134/1094/18 2230/1094/18 2240/1171/18
f 2139/1201/18 2178/1229/18 2274/1229/18 2235/1201/18
f 2151/1174/3 2157/1198/3 2253/1198/3 2247/1174/3
f 2218/1206/18 2164/1231/18 2260/1231/18 2266/1206/18
f 2133/1094/3 2143/1381/3 2239/1381/3 2229/1094/3
f 2177/1229/3 2140/1201/3 2236/1201/3 2273/1229/3
f 2133/1200/5 2179/1230/5 2132/1201/5 2180/1200/5
f 2131/1201/5 2134/1200/5 2181/1200/5 2182/1201/5
f 2137/1380/5 2136/1201/5 2183/1230/5 2184/1380/5
f 2186/1201/5 2138/1380/5 2185/1380/5 2135/1230/5
f 2141/1384/5 2140/1201/5 2187/1201/5 2188/1200/5
f 2139/1201/5 2189/1200/5 2142/1200/5 2190/1201/5
f 2143/1381/7 2133/1094/7 2180/1094/7 2191/1171/7
f 2134/1094/7 2192/1171/7 2144/1171/7 2181/1094/7
f 2145/1171/7 2137/1094/7 2184/1094/7 2193/1171/7
f 2138/1094/7 2146/1171/7 2194/1171/7 2185/1094/7
f 2147/1171/7 2141/1094/7 2188/1094/7 2195/1171/7
f 2189/1094/7 2196/1171/7 2148/1171/7 2142/1094/7
f 2149/1174/8 2143/1381/8 2191/1381/8 2197/1174/8
f 2192/1171/8 2150/1172/8 2198/1174/8 2144/1171/8
f 2151/1174/8 2145/1171/8 2193/1171/8 2199/1174/8
f 2146/1171/8 2200/1174/8 2152/1174/8 2194/1171/8
f 2153/1174/8 2147/1171/8 2195/1171/8 2201/1174/8
f 2196/1171/8 2202/1174/8 2154/1174/8 2148/1171/8
f 2155/1198/9 2149/1174/9 2197/1174/9 2203/1198/9
f 2150/1172/9 2156/1198/9 2204/1198/9 2198/1174/9
f 2157/1198/9 2151/1174/9 2199/1174/9 2205/1198/9
f 2200/1174/9 2158/1198/9 2206/1198/9 2152/1174/9
f 2159/1198/9 2153/1174/9 2201/1174/9 2207/1198/9
f 2202/1174/9 2208/1198/9 2160/1198/9 2154/1174/9
f 2161/1231/1 2155/1198/1 2203/1198/1 2209/1231/1
f 2156/1198/1 2210/1231/1 2162/1231/1 2204/1198/1
f 2163/1231/1 2157/1198/1 2205/1198/1 2211/1231/1
f 2158/1198/1 2164/1231/1 2212/1231/1 2206/1198/1
f 2165/1199/1 2159/1198/1 2207/1198/1 2213/1231/1
f 2208/1198/1 2214/1231/1 2166/1231/1 2160/1198/1
f 2167/1206/6 2161/1231/6 2209/1231/6 2215/1206/6
f 2210/1231/6 2168/1206/6 2216/1206/6 2162/1231/6
f 2169/1206/6 2163/1231/6 2211/1231/6 2217/1383/6
f 2164/1231/6 2218/1206/6 2170/1206/6 2212/1231/6
f 2171/1382/6 2165/1199/6 2213/1199/6 2219/1228/6
f 2214/1231/6 2220/1228/6 2172/1382/6 2166/1231/6
f 2173/1205/4 2167/1206/4 2215/1206/4 2221/1205/4
f 2168/1206/4 2174/1205/4 2222/1205/4 2216/1206/4
f 2175/1205/4 2169/1206/4 2217/1206/4 2223/1207/4
f 2218/1206/4 2224/1205/4 2176/1205/4 2170/1206/4
f 2177/1229/4 2171/1382/4 2219/1382/4 2225/1229/4
f 2220/1228/4 2178/1229/4 2226/1229/4 2172/1228/4
f 2179/1230/2 2173/1205/2 2221/1207/2 2132/1201/2
f 2174/1205/2 2131/1201/2 2182/1201/2 2222/1205/2
f 2136/1201/2 2175/1205/2 2223/1205/2 2183/1230/2
f 2224/1205/2 2186/1201/2 2135/1201/2 2176/1205/2
f 2140/1201/2 2177/1229/2 2225/1229/2 2187/1201/2
f 2178/1229/2 2139/1201/2 2190/1201/2 2226/1207/2
f 2171/1382/317 2177/1229/317 2273/1229/317 2267/1382/317
f 2179/1230/3 2133/1200/3 2229/1200/3 2228/1230/3
f 2164/1231/18 2158/1198/18 2254/1198/18 2260/1231/18
f 2145/1171/3 2151/1174/3 2247/1174/3 2241/1171/3
f 2178/1229/313 2220/1228/313 2268/1228/313 2274/1229/313
f 2134/1200/18 2131/1201/18 2227/1201/18 2230/1200/18
f 2159/1198/3 2165/1199/3 2261/1199/3 2255/1198/3
f 2200/1174/18 2146/1171/18 2242/1171/18 2248/1174/18
f 2173/1205/3 2179/1230/3 2228/1230/3 2269/1205/3
f 2136/1201/3 2137/1380/3 2233/1380/3 2232/1201/3
f 2214/1231/18 2208/1198/18 2256/1198/18 2262/1231/18
f 2147/1171/318 2153/1174/318 2249/1174/318 2243/1171/318
f 2131/1201/18 2174/1205/18 2270/1205/18 2227/1201/18
f 2138/1380/18 2186/1201/18 2231/1201/18 2234/1380/18
f 2161/1231/317 2167/1206/317 2263/1206/317 2257/1231/317
f 2202/1174/316 2196/1171/316 2244/1171/316 2250/1174/316
f 2175/1205/3 2136/1201/3 2232/1201/3 2271/1205/3
f 2140/1201/3 2141/1384/3 2237/1384/3 2236/1201/3
f 2168/1206/313 2210/1231/313 2258/1231/313 2264/1206/313
f 2149/1174/318 2155/1198/318 2251/1198/318 2245/1174/318
f 2186/1201/18 2224/1205/18 2272/1205/18 2231/1201/18
f 2189/1200/18 2139/1201/18 2235/1201/18 2238/1200/18
f 2163/1231/3 2169/1206/3 2265/1206/3 2259/1231/3
f 2156/1198/316 2150/1172/316 2246/1172/316 2252/1198/316
f 2482/1399/5 2481/1400/5 2478/1401/5 2477/1402/5
f 2282/1393/1 2281/1394/1 2286/1423/1 2315/1424/1 2316/1425/1 2307/1426/1 2308/1427/1 2323/1428/1 2324/1429/1 2303/1430/1 2304/1431/1 2319/1432/1 2320/1433/1 2311/1434/1 2312/1435/1 2327/1436/1 2328/1437/1 2285/1438/1
f 2279/1411/1 2282/1393/1 2285/1438/1 2284/1439/1
f 2281/1394/1 2280/1412/1 2283/1442/1 2286/1423/1
f 2280/1412/1 2279/1411/1 2284/1439/1 2325/1452/1 2326/1455/1 2309/1456/1 2310/1443/1 2317/1444/1 2318/1457/1 2301/1458/1 2302/1459/1 2321/1454/1 2322/1440/1 2305/1441/1 2306/1460/1 2313/1461/1 2314/1451/1 2283/1442/1
f 2374/1393/1 2373/1394/1 2378/1423/1 2407/1424/1 2408/1425/1 2399/1426/1 2400/1427/1 2415/1428/1 2416/1429/1 2395/1430/1 2396/1431/1 2411/1432/1 2412/1433/1 2403/1434/1 2404/1435/1 2419/1436/1 2420/1437/1 2377/1438/1
f 2371/1411/1 2374/1393/1 2377/1438/1 2376/1439/1
f 2373/1394/1 2372/1412/1 2375/1442/1 2378/1423/1
f 2372/1412/1 2371/1411/1 2376/1439/1 2417/1452/1 2418/1455/1 2401/1456/1 2402/1443/1 2409/1444/1 2410/1457/1 2393/1458/1 2394/1459/1 2413/1454/1 2414/1440/1 2397/1441/1 2398/1460/1 2405/1461/1 2406/1451/1 2375/1442/1
f 2457/1482/1 2366/1483/1 2487/1483/1 2490/1482/1
f 2366/1483/18 2363/1486/18 2483/1486/18 2487/1483/18
f 2455/1487/3 2456/1488/3 2484/1488/3 2485/1487/3
f 2364/1493/1 2363/1486/1 2475/1476/1 2476/1475/1
f 2363/1486/4 2366/1483/4 2477/1402/4 2475/1476/4
f 2365/1494/8 2364/1493/8 2476/1475/8 2478/1401/8
f 2456/1488/1 2455/1487/1 2479/1485/1 2480/1484/1
f 2455/1487/8 2458/1495/8 2481/1400/8 2479/1485/8
f 2457/1482/4 2456/1488/4 2480/1484/4 2482/1399/4
f 2366/1483/4 2457/1482/4 2482/1399/4 2477/1402/4
f 2458/1495/8 2365/1494/8 2478/1401/8 2481/1400/8
f 2458/1495/3 2455/1487/3 2485/1487/3 2489/1495/3
f 2364/1493/18 2365/1494/18 2488/1494/18 2486/1493/18
f 2363/1486/18 2364/1493/18 2486/1493/18 2483/1486/18
f 2365/1494/1 2458/1495/1 2489/1495/1 2488/1494/1
f 2456/1488/3 2457/1482/3 2490/1482/3 2484/1488/3
f 2890/1399/5 2889/1400/5 2886/1401/5 2885/1402/5
f 2690/1393/1 2689/1394/1 2694/1423/1 2723/1424/1 2724/1425/1 2715/1426/1 2716/1427/1 2731/1428/1 2732/1429/1 2711/1430/1 2712/1431/1 2727/1432/1 2728/1433/1 2719/1434/1 2720/1435/1 2735/1436/1 2736/1437/1 2693/1438/1
f 2687/1411/1 2690/1393/1 2693/1438/1 2692/1439/1
f 2689/1394/1 2688/1412/1 2691/1442/1 2694/1423/1
f 2688/1412/1 2687/1411/1 2692/1439/1 2733/1452/1 2734/1455/1 2717/1456/1 2718/1443/1 2725/1444/1 2726/1457/1 2709/1458/1 2710/1459/1 2729/1454/1 2730/1440/1 2713/1441/1 2714/1460/1 2721/1461/1 2722/1451/1 2691/1442/1
f 2782/1393/1 2781/1394/1 2786/1423/1 2815/1424/1 2816/1425/1 2807/1426/1 2808/1427/1 2823/1428/1 2824/1429/1 2803/1430/1 2804/1431/1 2819/1432/1 2820/1433/1 2811/1434/1 2812/1435/1 2827/1436/1 2828/1437/1 2785/1438/1
f 2779/1411/1 2782/1393/1 2785/1438/1 2784/1439/1
f 2781/1394/1 2780/1412/1 2783/1442/1 2786/1423/1
f 2780/1412/1 2779/1411/1 2784/1439/1 2825/1452/1 2826/1455/1 2809/1456/1 2810/1443/1 2817/1444/1 2818/1457/1 2801/1458/1 2802/1459/1 2821/1454/1 2822/1440/1 2805/1441/1 2806/1460/1 2813/1461/1 2814/1451/1 2783/1442/1
f 2774/1483/18 2771/1486/18 2891/1486/18 2895/1483/18
f 2863/1487/3 2864/1488/3 2892/1488/3 2893/1487/3
f 2864/1488/3 2865/1482/3 2898/1482/3 2892/1488/3
f 2772/1493/1 2771/1486/1 2883/1476/1 2884/1475/1
f 2771/1486/4 2774/1483/4 2885/1402/4 2883/1476/4
f 2773/1494/8 2772/1493/8 2884/1475/8 2886/1401/8
f 2864/1488/1 2863/1487/1 2887/1485/1 2888/1484/1
f 2863/1487/8 2866/1495/8 2889/1400/8 2887/1485/8
f 2865/1482/4 2864/1488/4 2888/1484/4 2890/1399/4
f 2774/1483/4 2865/1482/4 2890/1399/4 2885/1402/4
f 2866/1495/8 2773/1494/8 2886/1401/8 2889/1400/8
f 2865/1482/1 2774/1483/1 2895/1483/1 2898/1482/1
f 2866/1495/3 2863/1487/3 2893/1487/3 2897/1495/3
f 2772/1493/18 2773/1494/18 2896/1494/18 2894/1493/18
f 2771/1486/18 2772/1493/18 2894/1493/18 2891/1486/18
f 2773/1494/1 2866/1495/1 2897/1495/1 2896/1494/1
usemtl M_Orange
f 194/278/18 195/281/18 196/310/18 193/286/18
f 198/313/18 199/314/18 200/284/18 197/279/18
f 202/294/18 203/295/18 204/396/18 201/395/18
f 206/274/18 207/285/18 208/398/18 205/275/18
f 219/277/18 194/278/18 193/286/18 210/287/18
f 224/407/18 198/313/18 197/279/18 212/280/18
f 207/285/18 222/405/18 214/400/18 208/398/18
f 217/403/18 202/294/18 201/395/18 216/402/18
f 199/314/18 223/406/18 211/283/18 200/284/18
f 221/273/18 206/274/18 205/275/18 213/276/18
f 220/282/18 209/309/18 196/310/18 195/281/18
f 203/295/18 218/404/18 215/401/18 204/396/18
f 880/574/5 879/573/5 882/575/5 881/576/5
f 884/571/1 883/569/1 886/564/1 885/565/1
f 888/580/5 887/579/5 890/581/5 889/582/5
f 892/585/1 891/584/1 894/586/1 893/587/1
f 899/537/1 900/544/1 902/592/1 901/536/1
f 908/598/5 907/597/5 910/599/5 909/600/5
f 920/606/1 919/605/1 922/607/1 921/608/1
f 935/617/5 936/570/5 938/567/5 937/568/5
f 1157/737/5 1156/542/5 1159/543/5 1158/738/5
f 1161/740/1 1160/739/1 1163/540/1 1162/541/1
f 1223/778/148 1238/777/148 1230/772/148 1222/771/148
f 1225/779/149 1239/769/149 1231/770/149 1224/773/149
f 1240/767/150 1226/768/150 1227/775/150 1232/774/150
f 1241/763/151 1228/757/151 1229/762/151 1233/766/151
f 1228/757/152 1242/758/152 1234/761/152 1229/762/152
f 1243/760/153 1225/779/153 1224/773/153 1235/759/153
f 1226/768/154 1244/780/154 1236/776/154 1227/775/154
f 1245/765/155 1223/778/155 1222/771/155 1237/764/155
f 1325/854/18 1324/853/18 1326/856/18 1327/857/18
f 1331/859/18 1325/854/18 1327/857/18 1329/858/18
f 1334/861/18 1331/859/18 1329/858/18 1332/860/18
f 1337/863/18 1334/861/18 1332/860/18 1335/862/18
f 1339/865/18 1337/863/18 1335/862/18 1338/864/18
f 1371/866/18 1339/865/18 1338/864/18 1340/867/18
f 1365/878/18 1366/879/18 1364/877/18 1363/876/18
f 1366/879/18 1367/880/18 1378/881/18 1364/877/18
f 1367/880/18 1371/866/18 1340/867/18 1378/881/18
f 1522/1007/18 1520/1006/18 1521/1009/18 1653/1010/18
f 1520/1006/18 1523/1008/18 1524/1011/18 1521/1009/18
f 1523/1008/18 1525/1012/18 1526/1013/18 1524/1011/18
f 1525/1012/18 1527/1014/18 1669/1015/18 1526/1013/18
f 1646/1087/18 1649/1088/18 1650/1086/18 1643/1085/18
f 1649/1088/18 1651/1090/18 1652/1091/18 1650/1086/18
f 1651/1090/18 1522/1007/18 1653/1010/18 1652/1091/18
f 1527/1014/18 1670/1021/18 1631/1076/18 1669/1015/18
f 1670/1021/18 1626/1074/18 1629/1075/18 1631/1076/18
f 2012/1323/5 1953/1321/5 1945/1311/5 2005/1310/5
f 2004/1324/5 1944/1284/5 1949/1285/5 2007/1325/5
f 2010/1326/5 1947/1282/5 1948/1283/5 2013/1327/5
f 1951/1315/5 2009/1335/5 2014/1332/5 1954/1320/5
f 2009/1335/5 2010/1326/5 2013/1327/5 2014/1332/5
f 1943/1273/5 2003/1307/5 2008/1329/5 1950/1272/5
f 2003/1307/5 2004/1324/5 2007/1325/5 2008/1329/5
f 1952/1317/5 2011/1336/5 2006/1334/5 1946/1319/5
f 2011/1336/5 2012/1323/5 2005/1310/5 2006/1334/5
f 2467/1489/8 2470/1490/8 2469/1478/8 2468/1479/8
f 2471/1480/4 2474/1481/4 2473/1492/4 2472/1491/4
f 2875/1489/8 2878/1490/8 2877/1478/8 2876/1479/8
f 2879/1480/4 2882/1481/4 2881/1492/4 2880/1491/4
usemtl M_Gris_Metal
f 240/1/1 275/2/1 676/2/1 669/1/1
f 232/3/1 261/4/1 263/5/1 250/6/1
f 39/7/2 269/8/2 288/9/2 41/10/2
f 286/11/3 282/12/3 679/12/3 680/11/3
f 25/13/4 267/14/4 312/15/4 61/13/4
f 268/16/4 228/17/4 702/17/4 703/16/4
f 273/18/1 26/19/1 62/19/1 313/20/1
f 21/21/4 171/22/4 123/22/4 54/21/4
f 259/30/4 21/21/4 54/21/4 305/31/4
f 29/37/1 284/38/1 319/39/1 69/37/1
f 27/40/5 276/41/5 315/42/5 65/40/5
f 43/43/6 285/44/6 264/45/6 45/46/6
f 28/47/5 175/48/5 114/48/5 66/47/5
f 244/49/7 271/50/7 646/51/7 635/52/7
f 278/64/8 31/65/8 26/19/8 273/66/8
f 172/78/5 27/40/5 65/40/5 110/78/5
f 281/82/5 28/47/5 66/47/5 317/83/5
f 274/84/5 237/85/5 668/85/5 677/84/5
f 648/86/6 641/87/6 250/6/6 263/88/6
f 258/89/9 247/90/9 638/91/9 643/92/9
f 270/93/2 255/94/2 640/95/2 649/96/2
f 35/97/9 257/98/9 280/99/9 37/100/9
f 277/107/3 274/84/3 677/84/3 678/107/3
f 267/14/5 25/13/5 33/108/5 272/109/5
f 247/110/1 258/89/1 260/111/1 230/112/1
f 171/113/4 191/114/4 88/115/4 123/113/4
f 161/116/10 162/117/10 31/65/10 33/118/10
f 163/119/11 164/120/11 35/97/11 37/100/11
f 165/121/12 166/122/12 43/43/12 45/46/12
f 167/123/13 168/124/13 39/7/13 41/10/13
f 162/125/14 169/126/14 26/19/14 31/65/14
f 170/127/15 161/128/15 33/108/15 25/13/15
f 21/21/16 35/97/16 164/129/16 171/22/16
f 37/100/14 27/40/14 172/78/14 163/130/14
f 41/10/17 29/37/17 173/131/17 167/132/17
f 23/133/15 39/7/15 168/134/15 174/135/15
f 28/47/17 43/43/17 166/136/17 175/48/17
f 45/46/16 22/137/16 176/138/16 165/139/16
f 169/140/1 180/141/1 115/142/1 116/140/1
f 266/143/8 23/133/8 58/133/8 309/144/8
f 272/145/7 33/118/7 31/65/7 278/64/7
f 257/98/1 35/97/1 21/21/1 259/30/1
f 644/146/5 637/147/5 1167/147/5 1170/148/5
f 26/19/1 169/126/1 116/126/1 62/19/1
f 261/4/8 232/151/8 700/3/8 705/4/8
f 636/152/1 645/153/1 1179/154/1 1174/152/1
f 642/155/5 647/156/5 1181/156/5 1176/155/5
f 650/157/1 639/158/1 1169/158/1 1172/157/1
f 230/112/4 260/111/4 714/111/4 707/112/4
f 226/167/8 265/168/8 712/168/8 709/169/8
f 344/206/20 333/207/20 332/208/20 348/209/20
f 350/210/21 341/211/21 340/212/21 356/213/21
f 175/48/5 178/220/5 113/221/5 114/48/5
f 276/222/8 27/40/8 37/100/8 280/99/8
f 173/131/1 29/37/1 69/37/1 111/131/1
f 285/44/4 43/43/4 28/47/4 281/82/4
f 176/138/8 22/137/8 57/137/8 109/138/8
f 269/8/5 39/7/5 23/133/5 266/143/5
f 228/17/5 268/16/5 271/225/5 244/226/5
f 23/133/8 174/135/8 132/135/8 58/133/8
f 174/227/8 190/228/8 107/229/8 132/227/8
f 284/38/4 29/37/4 41/10/4 288/9/4
f 22/137/8 262/230/8 307/231/8 57/137/8
f 170/127/4 25/13/4 61/13/4 129/127/4
f 262/230/1 22/137/1 45/46/1 264/45/1
f 255/94/5 270/93/5 265/168/5 226/169/5
f 1251/255/5 1256/256/5 1247/257/5 355/258/5 452/258/5 436/255/5
f 190/228/1 188/259/1 130/259/1 107/228/1
f 404/263/25 399/264/25 332/208/25 333/207/25
f 335/234/18 338/243/18 401/265/18 406/266/18
f 406/266/26 401/265/26 340/212/26 341/211/26
f 103/273/4 40/274/4 206/274/4 221/273/4
f 76/275/8 82/276/8 213/276/8 205/275/8
f 87/277/5 32/278/5 194/278/5 219/277/5
f 72/279/4 81/280/4 212/280/4 197/279/4
f 30/281/8 93/282/8 220/282/8 195/281/8
f 80/283/5 73/284/5 200/284/5 211/283/5
f 40/274/2 38/285/2 207/285/2 206/274/2
f 70/286/1 79/287/1 210/287/1 193/286/1
f 118/288/5 185/288/5 177/289/5 112/290/5
f 128/291/2 184/291/2 183/292/2 126/293/2
f 44/294/6 42/295/6 203/295/6 202/294/6
f 117/296/7 186/297/7 185/288/7 118/288/7
f 82/276/5 103/273/5 221/273/5 213/276/5
f 119/298/6 182/299/6 181/300/6 120/300/6
f 102/301/4 179/302/4 170/303/4 129/303/4
f 88/114/5 191/114/5 184/291/5 128/291/5
f 125/304/5 192/305/5 172/306/5 110/306/5
f 112/307/8 177/289/8 176/308/8 109/308/8
f 78/309/4 71/310/4 196/310/4 209/309/4
f 120/300/27 181/300/27 179/302/27 102/302/27
f 182/299/28 119/142/28 115/142/28 180/141/28
f 126/292/29 183/292/29 192/305/29 125/305/29
f 36/313/9 34/314/9 199/314/9 198/313/9
f 327/315/18 330/316/18 399/317/18 404/318/18
f 113/319/30 178/220/30 186/297/30 117/319/30
f 130/259/9 188/259/9 187/320/9 121/321/9
f 122/322/1 189/323/1 173/131/1 111/131/1
f 189/323/31 122/324/31 121/324/31 187/320/31
f 330/316/4 327/315/4 415/315/4 414/316/4
f 338/243/8 335/234/8 417/234/8 420/243/8
f 70/286/18 71/310/18 162/391/18 161/392/18
f 72/279/18 73/284/18 164/393/18 163/394/18
f 74/395/18 75/396/18 166/136/18 165/397/18
f 76/275/18 77/398/18 168/399/18 167/132/18
f 71/310/18 78/309/18 169/140/18 162/391/18
f 79/287/18 70/286/18 161/392/18 170/303/18
f 73/284/18 80/283/18 171/113/18 164/393/18
f 81/280/18 72/279/18 163/394/18 172/306/18
f 82/276/18 76/275/18 167/132/18 173/131/18
f 77/398/18 83/400/18 174/227/18 168/399/18
f 75/396/18 84/401/18 175/48/18 166/136/18
f 85/402/18 74/395/18 165/397/18 176/308/18
f 90/403/18 85/402/18 176/308/18 177/289/18
f 84/401/18 97/404/18 178/220/18 175/48/18
f 87/277/18 79/287/18 170/303/18 179/302/18
f 78/309/18 93/282/18 180/141/18 169/140/18
f 30/281/18 32/278/18 181/300/18 182/299/18
f 34/314/18 36/313/18 183/292/18 184/291/18
f 42/295/18 44/294/18 185/288/18 186/297/18
f 38/285/18 40/274/18 187/320/18 188/259/18
f 93/282/18 30/281/18 182/299/18 180/141/18
f 32/278/18 87/277/18 179/302/18 181/300/18
f 40/274/18 103/273/18 189/323/18 187/320/18
f 83/400/18 59/405/18 190/228/18 174/227/18
f 59/405/18 38/285/18 188/259/18 190/228/18
f 80/283/18 89/406/18 191/114/18 171/113/18
f 89/406/18 34/314/18 184/291/18 191/114/18
f 44/294/18 90/403/18 177/289/18 185/288/18
f 91/407/18 81/280/18 172/306/18 192/305/18
f 36/313/18 91/407/18 192/305/18 183/292/18
f 97/404/18 42/295/18 186/297/18 178/220/18
f 103/273/18 82/276/18 173/131/18 189/323/18
f 83/400/1 77/398/1 208/398/1 214/400/1
f 59/405/4 83/400/4 214/400/4 222/405/4
f 84/401/8 75/396/8 204/396/8 215/401/8
f 38/285/5 59/405/5 222/405/5 207/285/5
f 74/395/5 85/402/5 216/402/5 201/395/5
f 89/406/8 80/283/8 211/283/8 223/406/8
f 85/402/4 90/403/4 217/403/4 216/402/4
f 34/314/1 89/406/1 223/406/1 199/314/1
f 97/404/1 84/401/1 215/401/1 218/404/1
f 71/310/6 70/286/6 193/286/6 196/310/6
f 90/403/1 44/294/1 202/294/1 217/403/1
f 79/287/8 87/277/8 219/277/8 210/287/8
f 73/284/2 72/279/2 197/279/2 200/284/2
f 81/280/1 91/407/1 224/407/1 212/280/1
f 93/282/5 78/309/5 209/309/5 220/282/5
f 75/396/7 74/395/7 201/395/7 204/396/7
f 91/407/49 36/313/49 198/313/49 224/407/49
f 32/278/7 30/281/7 195/281/7 194/278/7
f 77/398/9 76/275/9 205/275/9 208/398/9
f 42/295/29 97/404/29 218/404/29 203/295/29
f 1246/408/4 351/409/4 355/258/4 1247/257/4
f 702/17/3 228/17/3 524/17/3 538/17/3
f 355/258/50 351/409/50 448/409/50 452/258/50
f 350/210/51 356/213/51 449/213/51 447/210/51
f 712/168/52 265/168/52 533/168/52 536/168/52
f 266/143/55 309/144/55 535/144/55 534/143/55
f 1252/411/56 1253/412/56 440/412/56 444/411/56
f 344/206/57 348/209/57 441/209/57 439/206/57
f 338/243/60 420/243/60 484/243/60 630/243/60
f 641/87/3 642/155/3 531/155/3 515/87/3
f 1250/413/3 1251/255/3 436/255/3 434/413/3
f 232/3/3 250/6/3 514/6/3 530/3/3
f 255/94/3 226/169/3 504/169/3 519/94/3
f 322/415/3 323/416/3 432/416/3 430/415/3
f 639/158/3 640/417/3 518/417/3 528/158/3
f 650/157/64 1172/157/64 577/157/64 561/157/64
f 319/39/65 284/38/65 562/38/65 576/39/65
f 247/110/3 230/112/3 498/112/3 511/110/3
f 1169/158/3 639/158/3 528/158/3 569/158/3
f 637/147/3 638/419/3 510/419/3 526/147/3
f 281/82/66 317/83/66 585/83/66 559/82/66
f 1181/156/67 647/156/67 560/156/67 586/156/67
f 228/17/3 244/226/3 508/226/3 524/17/3
f 642/155/3 1176/155/3 583/155/3 531/155/3
f 636/152/3 1174/152/3 581/152/3 521/152/3
f 635/52/3 636/152/3 521/152/3 505/52/3
f 261/4/69 705/4/69 575/4/69 553/4/69
f 640/95/3 255/94/3 519/94/3 518/95/3
f 307/231/70 262/230/70 554/230/70 574/231/70
f 315/42/72 276/41/72 552/41/72 573/42/72
f 1167/147/3 637/147/3 526/147/3 567/147/3
f 250/6/3 641/87/3 515/87/3 514/6/3
f 714/111/73 260/111/73 564/111/73 580/111/73
f 259/30/75 305/31/75 579/31/75 563/30/75
f 638/91/3 247/90/3 511/90/3 510/91/3
f 273/18/76 313/20/76 578/20/76 557/18/76
f 244/49/3 635/52/3 505/52/3 508/49/3
f 700/3/3 232/151/3 530/151/3 571/3/3
f 226/167/3 709/169/3 501/169/3 504/167/3
f 230/112/3 707/112/3 499/112/3 498/112/3
f 312/15/91 267/14/91 493/14/91 496/15/91
f 399/317/104 330/316/104 610/316/104 599/317/104
f 648/86/18 263/88/18 541/88/18 540/86/18
f 322/415/8 1248/446/8 1249/447/8 323/416/8
f 401/265/106 338/243/106 630/243/106 591/265/106
f 264/45/3 285/44/3 539/44/3 542/45/3
f 327/315/106 404/318/106 596/318/106 611/315/106
f 270/93/18 649/96/18 545/96/18 544/93/18
f 335/234/104 406/266/104 588/266/104 607/234/104
f 288/9/3 269/8/3 543/8/3 546/9/3
f 406/266/1 341/211/1 589/211/1 588/266/1
f 258/89/18 643/92/18 549/92/18 548/89/18
f 280/99/3 257/98/3 547/98/3 550/99/3
f 276/222/3 280/99/3 550/99/3 552/222/3
f 340/212/5 401/265/5 591/265/5 594/212/5
f 643/92/18 644/148/18 551/148/18 549/92/18
f 404/263/5 333/207/5 597/207/5 596/263/5
f 262/230/3 264/45/3 542/45/3 554/230/3
f 263/5/18 261/4/18 553/4/18 541/5/18
f 278/64/3 273/66/3 557/66/3 556/64/3
f 645/154/18 646/51/18 555/51/18 558/154/18
f 332/208/1 399/264/1 599/264/1 602/208/1
f 285/44/3 281/82/3 559/82/3 539/44/3
f 647/156/18 648/86/18 540/86/18 560/156/18
f 333/207/5 344/206/5 439/206/5 597/207/5
f 284/38/3 288/9/3 546/9/3 562/38/3
f 649/96/18 650/157/18 561/157/18 545/96/18
f 257/98/3 259/30/3 563/30/3 547/98/3
f 348/209/1 332/208/1 602/208/1 441/209/1
f 260/111/18 258/89/18 548/89/18 564/111/18
f 272/145/3 278/64/3 556/64/3 566/145/3
f 341/211/1 350/210/1 447/210/1 589/211/1
f 646/51/18 271/50/18 565/50/18 555/51/18
f 269/8/3 266/143/3 534/143/3 543/8/3
f 265/168/18 270/93/18 544/93/18 533/168/18
f 356/213/5 340/212/5 594/212/5 449/213/5
f 267/14/3 272/109/3 566/109/3 493/14/3
f 417/234/110 335/234/110 607/234/110 481/234/110
f 271/225/18 268/16/18 494/16/18 565/225/18
f 330/316/36 414/316/36 478/316/36 610/316/36
f 415/315/111 327/315/111 611/315/111 479/315/111
f 268/16/112 703/16/112 495/16/112 494/16/112
f 241/457/8 237/85/8 636/152/8 635/52/8
f 240/1/8 246/458/8 638/419/8 637/147/8
f 236/459/4 254/460/4 640/417/4 639/158/4
f 251/461/4 233/462/4 642/155/4 641/87/4
f 279/463/8 275/2/8 644/148/8 643/92/8
f 274/84/8 277/107/8 646/51/8 645/154/8
f 282/12/4 286/11/4 648/86/4 647/156/4
f 287/464/4 283/465/4 650/157/4 649/96/4
f 286/11/4 251/461/4 641/87/4 648/86/4
f 233/462/4 282/12/4 647/156/4 642/155/4
f 283/465/4 236/459/4 639/158/4 650/157/4
f 254/460/4 287/464/4 649/96/4 640/417/4
f 277/107/8 241/457/8 635/52/8 646/51/8
f 237/85/8 274/84/8 645/154/8 636/152/8
f 275/2/8 240/1/8 637/147/8 644/148/8
f 246/458/8 279/463/8 643/92/8 638/419/8
f 283/465/3 287/464/3 681/464/3 682/465/3
f 237/85/18 241/457/18 667/457/18 668/85/18
f 279/463/5 246/458/5 670/458/5 675/463/5
f 251/461/5 286/11/5 680/11/5 673/461/5
f 246/458/18 240/1/18 669/1/18 670/458/18
f 282/12/1 233/462/1 674/462/1 679/12/1
f 254/460/18 236/459/18 671/459/18 672/460/18
f 236/459/5 283/465/5 682/465/5 671/459/5
f 233/462/18 251/461/18 673/461/18 674/462/18
f 287/464/1 254/460/1 672/460/1 681/464/1
f 275/2/3 279/463/3 675/463/3 676/2/3
f 241/457/1 277/107/1 678/107/1 667/457/1
f 980/635/8 981/636/8 988/636/8 989/635/8
f 986/637/8 987/638/8 994/638/8 995/637/8
f 973/628/5 972/630/5 981/636/5 980/635/5
f 972/630/5 975/629/5 982/639/5 981/636/5
f 975/629/5 974/627/5 983/640/5 982/639/5
f 974/627/5 973/628/5 980/635/5 983/640/5
f 977/632/1 976/631/1 985/641/1 984/642/1
f 976/631/1 979/633/1 986/637/1 985/641/1
f 979/633/1 978/634/1 987/638/1 986/637/1
f 978/634/1 977/632/1 984/642/1 987/638/1
f 987/638/18 984/642/18 993/642/18 994/638/18
f 982/639/4 983/640/4 990/640/4 991/639/4
f 983/640/18 980/635/18 989/635/18 990/640/18
f 985/641/3 986/637/3 995/637/3 992/641/3
f 984/642/4 985/641/4 992/641/4 993/642/4
f 981/636/3 982/639/3 991/639/3 988/636/3
f 1067/657/8 1068/729/8 1101/729/8 1100/657/8
f 1088/695/8 1055/694/8 1137/694/8 1136/695/8
f 1056/736/4 1066/710/4 1099/710/4 1098/736/4
f 1087/733/18 1088/695/18 1136/695/18 1135/733/18
f 1063/718/18 1054/675/18 1138/675/18 1147/718/18
f 1058/713/18 1059/663/18 1097/663/18 1096/713/18
f 1086/721/4 1087/733/4 1135/733/4 1134/721/4
f 1053/705/8 1063/718/8 1147/718/8 1140/705/8
f 1060/698/8 1065/728/8 1095/728/8 1094/698/8
f 1064/689/8 1084/688/8 1132/688/8 1093/689/8
f 1062/720/18 1064/689/18 1093/689/18 1092/720/18
f 1041/727/8 1043/731/8 1146/731/8 1113/727/8
f 1107/681/114 1115/680/114 1116/690/114 1106/719/114
f 1146/731/115 1114/669/115 1112/668/115 1113/727/115
f 1118/699/115 1119/665/115 1120/712/115 1117/711/115
f 1122/715/114 1110/687/114 1111/686/114 1121/709/114
f 1144/724/114 1123/723/114 1124/702/114 1125/701/114
f 1101/708/115 1143/707/115 1109/658/115 1100/657/115
f 1127/660/115 1102/659/115 1103/670/115 1126/730/115
f 1129/704/114 1130/703/114 1131/679/114 1128/678/114
f 1099/710/114 1108/685/114 1142/726/114 1098/725/114
f 1096/713/115 1097/663/115 1145/717/115 1105/716/115
f 1095/728/115 1104/667/115 1141/666/115 1094/698/115
f 1092/720/114 1093/689/114 1132/688/114 1133/714/114
f 1135/733/114 1136/695/114 1137/722/114 1134/721/114
f 1147/718/115 1138/675/115 1139/706/115 1140/705/115
f 1036/671/4 1069/670/4 1103/670/4 1102/671/4
f 1054/675/4 1089/674/4 1139/674/4 1138/675/4
f 1065/728/18 1061/667/18 1104/667/18 1095/728/18
f 1057/716/8 1058/713/8 1096/713/8 1105/716/8
f 1042/719/4 1070/681/4 1107/681/4 1106/719/4
f 1078/715/18 1040/687/18 1110/687/18 1122/715/18
f 1066/710/18 1071/685/18 1108/685/18 1099/710/18
f 1061/667/4 1052/666/4 1141/666/4 1104/667/4
f 1040/687/8 1039/686/8 1111/686/8 1110/687/8
f 1048/660/18 1036/659/18 1102/659/18 1127/660/18
f 1073/669/4 1072/668/4 1112/668/4 1114/669/4
f 1090/673/4 1037/672/4 1109/672/4 1143/673/4
f 1074/680/8 1075/690/8 1116/690/8 1115/680/8
f 1038/724/18 1079/723/18 1123/723/18 1144/724/18
f 1045/732/8 1044/699/8 1118/699/8 1117/732/8
f 1071/685/8 1047/684/8 1142/684/8 1108/685/8
f 1044/699/18 1076/665/18 1119/665/18 1118/699/18
f 1068/708/18 1090/707/18 1143/707/18 1101/708/18
f 1076/665/4 1077/664/4 1120/664/4 1119/665/4
f 1081/701/4 1038/734/4 1144/734/4 1125/701/4
f 1046/709/4 1078/715/4 1122/715/4 1121/709/4
f 1085/714/4 1062/720/4 1092/720/4 1133/714/4
f 1079/693/8 1080/692/8 1124/692/8 1123/693/8
f 1059/663/4 1091/662/4 1145/662/4 1097/663/4
f 1082/730/8 1048/660/8 1127/660/8 1126/730/8
f 1043/731/18 1073/669/18 1114/669/18 1146/731/18
f 1050/678/4 1049/735/4 1129/735/4 1128/678/4
f 1049/704/18 1051/703/18 1130/703/18 1129/704/18
f 1070/681/18 1074/680/18 1115/680/18 1107/681/18
f 1051/691/8 1083/679/8 1131/679/8 1130/691/8
f 323/416/1 1249/447/1 1255/781/1 1252/411/1 444/411/1 432/416/1
f 1253/412/5 1254/782/5 1248/446/5 322/415/5 430/415/5 440/412/5
f 1254/782/8 1255/781/8 1249/447/8 1248/446/8
f 1246/408/4 1247/257/4 1256/256/4 1257/783/4
f 351/409/1 1246/408/1 1257/783/1 1250/413/1 434/413/1 448/409/1
f 1250/413/4 1257/783/4 1256/256/4 1251/255/4
f 1252/411/8 1255/781/8 1254/782/8 1253/412/8
f 1276/796/3 1275/797/3 1272/797/3 1273/796/3
f 1275/797/4 1277/800/4 1274/800/4 1272/797/4
f 1276/796/1 1279/801/1 1277/800/1 1275/797/1
f 1277/800/16 1279/801/16 1280/802/16 1278/803/16
f 1277/800/4 1278/803/4 1383/803/4 1274/800/4
f 1282/804/11 1280/805/11 1279/801/11 1281/806/11
f 1279/801/9 1276/796/9 1284/807/9 1281/806/9
f 1281/808/178 1283/809/178 1373/810/178 1282/811/178
f 1285/812/8 1283/809/8 1281/808/8 1284/813/8
f 1284/807/3 1276/796/3 1273/796/3 1286/807/3
f 1285/812/3 1284/813/3 1286/813/3 1288/812/3
f 1293/817/3 1285/812/3 1288/812/3 1290/817/3
f 1294/819/3 1293/820/3 1290/820/3 1291/819/3
f 1294/819/8 1297/822/8 1295/823/8 1293/820/8
f 1293/817/180 1295/823/180 1283/809/180 1285/812/180
f 1296/824/181 1373/824/181 1283/809/181 1295/823/181
f 1298/825/182 1296/824/182 1295/823/182 1297/822/182
f 1300/825/183 1298/825/183 1297/822/183 1299/826/183
f 1302/827/184 1299/826/184 1297/822/184 1294/819/184
f 1377/828/185 1300/829/185 1299/826/185 1301/830/185
f 1304/831/8 1301/830/8 1299/826/8 1302/827/8
f 1304/831/3 1302/827/3 1303/827/3 1305/831/3
f 1302/827/3 1294/819/3 1291/819/3 1303/827/3
f 1306/832/3 1304/833/3 1305/833/3 1309/832/3
f 1306/832/7 1308/834/7 1301/835/7 1304/833/7
f 1307/836/5 1317/837/5 1308/838/5 1306/839/5
f 1307/836/3 1306/839/3 1309/839/3 1311/836/3
f 1317/837/4 1307/836/4 1311/836/4 1314/837/4
f 1318/846/4 1317/837/4 1314/837/4 1316/846/4
f 1318/846/15 1319/848/15 1308/838/15 1317/837/15
f 1278/849/4 1318/850/4 1316/850/4 1383/849/4
f 1318/850/18 1278/849/18 1358/851/18 1320/852/18
f 1321/853/18 1322/854/18 1319/855/18 1318/850/18
f 1323/856/18 1321/853/18 1318/850/18 1320/852/18
f 1322/854/1 1321/853/1 1324/853/1 1325/854/1
f 1321/853/7 1323/856/7 1326/856/7 1324/853/7
f 1323/856/5 1328/857/5 1327/857/5 1326/856/5
f 1328/857/7 1330/858/7 1329/858/7 1327/857/7
f 1330/858/188 1333/860/188 1332/860/188 1329/858/188
f 1333/860/189 1336/862/189 1335/862/189 1332/860/189
f 1336/862/8 1341/864/8 1338/864/8 1335/862/8
f 1341/864/190 1342/867/190 1340/867/190 1338/864/190
f 1342/867/18 1341/864/18 1343/868/18 1344/869/18
f 1341/864/18 1336/862/18 1345/870/18 1343/868/18
f 1336/862/18 1333/860/18 1351/873/18 1345/870/18
f 1333/860/18 1330/858/18 1352/874/18 1351/873/18
f 1330/858/18 1328/857/18 1353/875/18 1352/874/18
f 1328/857/18 1323/856/18 1320/852/18 1353/875/18
f 1360/876/18 1361/877/18 1359/871/18 1358/851/18
f 1362/878/18 1360/876/18 1358/851/18 1278/849/18
f 1361/877/1 1360/876/1 1363/876/1 1364/877/1
f 1360/876/9 1362/878/9 1365/878/9 1363/876/9
f 1362/878/5 1368/879/5 1366/879/5 1365/878/5
f 1368/879/2 1369/880/2 1367/880/2 1366/879/2
f 1369/880/18 1368/879/18 1280/882/18 1282/883/18
f 1368/879/18 1362/878/18 1278/849/18 1280/882/18
f 1369/880/199 1370/866/199 1371/866/199 1367/880/199
f 1370/866/18 1369/880/18 1282/883/18 1373/884/18
f 1370/866/200 1372/865/200 1339/865/200 1371/866/200
f 1372/865/18 1370/866/18 1373/884/18 1296/885/18
f 1374/863/18 1372/865/18 1296/885/18 1298/886/18
f 1372/865/4 1374/863/4 1337/863/4 1339/865/4
f 1375/861/18 1374/863/18 1298/886/18 1300/887/18
f 1374/863/201 1375/861/201 1334/861/201 1337/863/201
f 1375/861/202 1376/859/202 1331/859/202 1334/861/202
f 1376/859/18 1375/861/18 1300/887/18 1377/888/18
f 1376/859/6 1322/854/6 1325/854/6 1331/859/6
f 1322/854/18 1376/859/18 1377/888/18 1319/855/18
f 1319/889/10 1377/890/10 1301/835/10 1308/834/10
f 1379/881/9 1361/877/9 1364/877/9 1378/881/9
f 1342/867/203 1379/881/203 1378/881/203 1340/867/203
f 1361/877/18 1379/881/18 1380/872/18 1359/871/18
f 1379/881/18 1342/867/18 1344/869/18 1380/872/18
f 1489/972/8 1491/973/8 1487/973/8 1486/972/8
f 1490/975/3 1489/972/3 1486/972/3 1488/975/3
f 1490/975/5 1493/977/5 1491/973/5 1489/972/5
f 1491/973/8 1492/978/8 1671/978/8 1487/973/8
f 1491/973/15 1493/977/15 1494/979/15 1492/978/15
f 1496/980/13 1494/981/13 1493/977/13 1495/982/13
f 1493/977/2 1490/975/2 1498/983/2 1495/982/2
f 1495/984/218 1497/985/218 1516/986/218 1496/987/218
f 1500/988/4 1497/985/4 1495/984/4 1498/989/4
f 1498/983/3 1490/975/3 1488/975/3 1499/983/3
f 1500/988/3 1498/989/3 1499/989/3 1502/988/3
f 1501/990/219 1514/991/219 1497/985/219 1500/988/219
f 1501/990/3 1500/988/3 1502/988/3 1504/990/3
f 1509/995/3 1501/996/3 1504/996/3 1506/995/3
f 1510/998/3 1509/995/3 1506/995/3 1507/998/3
f 1509/995/4 1511/1000/4 1514/991/4 1501/996/4
f 1510/998/221 1513/1001/221 1511/1000/221 1509/995/221
f 1530/1002/222 1512/1003/222 1511/1000/222 1513/1001/222
f 1512/1004/223 1515/1005/223 1514/991/223 1511/1000/223
f 1515/1005/224 1516/986/224 1497/985/224 1514/991/224
f 1517/1006/18 1518/1007/18 1516/986/18 1515/1005/18
f 1519/1008/18 1517/1006/18 1515/1005/18 1512/1003/18
f 1518/1007/190 1517/1006/190 1520/1006/190 1522/1007/190
f 1517/1006/8 1519/1008/8 1523/1008/8 1520/1006/8
f 1519/1008/189 1528/1012/189 1525/1012/189 1523/1008/189
f 1528/1012/188 1529/1014/188 1527/1014/188 1525/1012/188
f 1528/1012/18 1519/1008/18 1512/1003/18 1530/1002/18
f 1529/1014/18 1528/1012/18 1530/1002/18 1531/1016/18
f 1513/1001/225 1533/1017/225 1531/1016/225 1530/1002/225
f 1532/1018/12 1531/1019/12 1533/1017/12 1534/1020/12
f 1627/1021/18 1529/1014/18 1531/1016/18 1532/1022/18
f 1533/1017/6 1535/1023/6 1536/794/6 1534/1020/6
f 1535/1023/4 1533/1017/4 1513/1001/4 1510/1024/4
f 1536/794/3 1535/1023/3 1537/1023/3 1538/794/3
f 1535/1023/3 1510/1024/3 1507/1024/3 1537/1023/3
f 1619/793/3 1536/794/3 1538/794/3 1266/793/3
f 1619/793/1 1620/1066/1 1534/1020/1 1536/794/1
f 1620/1066/8 1619/793/8 1266/793/8 1621/1066/8
f 1622/1067/8 1620/1068/8 1621/1068/8 1623/1067/8
f 1534/1020/16 1620/1068/16 1622/1067/16 1532/1069/16
f 1492/1070/8 1622/1071/8 1623/1071/8 1671/1070/8
f 1622/1071/18 1492/1070/18 1640/1072/18 1624/1073/18
f 1625/1074/18 1627/1021/18 1532/1022/18 1622/1071/18
f 1628/1075/18 1625/1074/18 1622/1071/18 1624/1073/18
f 1627/1021/5 1625/1074/5 1626/1074/5 1670/1021/5
f 1625/1074/6 1628/1075/6 1629/1075/6 1626/1074/6
f 1628/1075/1 1630/1076/1 1631/1076/1 1629/1075/1
f 1630/1076/18 1628/1075/18 1624/1073/18 1633/1077/18
f 1630/1076/6 1632/1015/6 1669/1015/6 1631/1076/6
f 1632/1015/18 1630/1076/18 1633/1077/18 1634/1078/18
f 1642/1085/18 1644/1086/18 1641/1079/18 1640/1072/18
f 1645/1087/18 1642/1085/18 1640/1072/18 1492/1070/18
f 1642/1085/2 1645/1087/2 1646/1087/2 1643/1085/2
f 1644/1086/5 1642/1085/5 1643/1085/5 1650/1086/5
f 1645/1087/1 1647/1088/1 1649/1088/1 1646/1087/1
f 1647/1088/18 1645/1087/18 1492/1070/18 1494/1089/18
f 1648/1090/18 1647/1088/18 1494/1089/18 1496/987/18
f 1647/1088/9 1648/1090/9 1651/1090/9 1649/1088/9
f 1648/1090/203 1518/1007/203 1522/1007/203 1651/1090/203
f 1654/1091/2 1644/1086/2 1650/1086/2 1652/1091/2
f 1655/1010/199 1654/1091/199 1652/1091/199 1653/1010/199
f 1644/1086/18 1654/1091/18 1656/1080/18 1641/1079/18
f 1654/1091/18 1655/1010/18 1657/1081/18 1656/1080/18
f 1655/1010/18 1664/1009/18 1662/1082/18 1657/1081/18
f 1664/1009/18 1665/1011/18 1663/1083/18 1662/1082/18
f 1664/1009/200 1655/1010/200 1653/1010/200 1521/1009/200
f 1665/1011/4 1664/1009/4 1521/1009/4 1524/1011/4
f 1665/1011/18 1666/1013/18 1667/1084/18 1663/1083/18
f 1666/1013/201 1665/1011/201 1524/1011/201 1526/1013/201
f 1666/1013/18 1632/1015/18 1634/1078/18 1667/1084/18
f 1632/1015/202 1666/1013/202 1526/1013/202 1669/1015/202
f 1518/1007/18 1648/1090/18 1496/987/18 1516/986/18
f 1529/1014/7 1627/1021/7 1670/1021/7 1527/1014/7
f 1698/1116/255 1701/1117/255 1798/1117/255 1809/1116/255
f 1796/1121/257 1795/1120/257 1712/1120/257 1713/1121/257
f 1708/1120/258 1709/1122/258 1799/1122/258 1800/1120/258
f 1706/1123/4 1698/1116/4 1809/1116/4 1813/1123/4
f 1790/1119/8 1793/1118/8 1797/1118/8 1794/1119/8
f 1712/1120/259 1711/1119/259 1710/1118/259 1713/1121/259
f 1794/1119/260 1797/1118/260 1710/1118/260 1711/1119/260
f 1797/1118/261 1796/1121/261 1713/1121/261 1710/1118/261
f 1795/1120/262 1794/1119/262 1711/1119/262 1712/1120/262
f 1740/1137/4 1738/1139/4 1739/1138/4 1741/1136/4
f 1787/1158/4 1788/1155/4 1789/1124/4 1786/1125/4
f 1783/1160/8 1784/1159/8 1785/1153/8 1782/1154/8
f 1784/1159/1 1787/1158/1 1786/1125/1 1785/1153/1
f 1788/1155/5 1783/1156/5 1782/1157/5 1789/1124/5
f 1699/1161/1 1700/1120/1 1791/1120/1 1790/1119/1
f 1700/1120/263 1701/1117/263 1792/1121/263 1791/1120/263
f 1701/1117/5 1698/1116/5 1793/1118/5 1792/1121/5
f 1708/1120/1 1707/1162/1 1794/1119/1 1795/1120/1
f 1709/1122/263 1708/1120/263 1795/1120/263 1796/1121/263
f 1706/1123/5 1709/1122/5 1796/1121/5 1797/1118/5
f 1698/1116/5 1706/1123/5 1797/1118/5 1793/1118/5
f 1707/1162/1 1699/1161/1 1790/1119/1 1794/1119/1
f 1700/1120/267 1699/1161/267 1806/1161/267 1801/1120/267
f 1699/1161/4 1707/1162/4 1810/1162/4 1806/1161/4
f 1709/1122/268 1706/1123/268 1813/1123/268 1799/1122/268
f 1707/1162/269 1708/1120/269 1800/1120/269 1810/1162/269
f 1701/1117/270 1700/1120/270 1801/1120/270 1798/1117/270
f 1850/1171/286 1851/1094/286 1825/1094/286 1824/1171/286
f 1884/1208/18 1874/1209/18 1861/1210/18 1860/1211/18
f 1855/1174/295 1850/1171/295 1824/1171/295 1839/1174/295
f 1848/1201/296 1849/1207/296 1835/1207/296 1834/1201/296
f 1852/1206/297 1853/1199/297 1837/1199/297 1836/1206/297
f 1849/1207/298 1852/1206/298 1836/1206/298 1835/1207/298
f 1854/1198/299 1855/1174/299 1839/1174/299 1838/1198/299
f 1853/1199/300 1854/1198/300 1838/1198/300 1837/1199/300
f 1851/1200/301 1848/1201/301 1834/1201/301 1825/1200/301
f 1862/1216/6 1863/1217/6 1866/1217/6 1871/1216/6
f 1873/1218/18 1881/1219/18 1863/1217/18 1862/1216/18
f 1882/1220/18 1878/1221/18 1857/1222/18 1856/1223/18
f 1881/1219/18 1882/1220/18 1856/1223/18 1863/1217/18
f 1877/1224/18 1887/1225/18 1859/1226/18 1858/1227/18
f 1887/1225/18 1884/1208/18 1860/1211/18 1859/1226/18
f 1878/1221/18 1877/1224/18 1858/1227/18 1857/1222/18
f 2109/1207/4 2115/1206/4 2118/1228/4 2108/1229/4
f 2128/1230/2 2109/1205/2 2108/1207/2 2125/1201/2
f 2121/1231/1 2103/1198/1 2102/1198/1 2124/1231/1
f 2085/1174/8 2091/1171/8 2094/1171/8 2084/1174/8
f 2103/1198/9 2085/1174/9 2084/1174/9 2102/1198/9
f 1825/1200/5 1834/1201/5 2129/1201/5 2096/1200/5
f 2123/1231/1 2101/1198/1 1885/1198/1 1886/1232/1
f 1860/1211/2 1861/1210/2 1870/1210/2 1869/1211/2
f 1858/1227/7 1859/1226/7 1868/1226/7 1867/1227/7
f 1863/1217/1 1856/1223/1 1865/1223/1 1866/1217/1
f 1861/1210/4 1862/1216/4 1871/1216/4 1870/1210/4
f 1859/1226/5 1860/1211/5 1869/1211/5 1868/1226/5
f 1857/1222/8 1858/1227/8 1867/1227/8 1864/1222/8
f 1856/1223/9 1857/1222/9 1864/1222/9 1865/1223/9
f 1873/1218/14 1874/1209/14 1875/1233/14 1872/1171/14
f 1877/1224/17 1878/1221/17 1879/1234/17 1876/1206/17
f 1881/1235/10 1873/1236/10 1872/1237/10 1880/1094/10
f 1878/1238/13 1882/1239/13 1883/1240/13 1879/1207/13
f 1874/1209/11 1884/1208/11 1885/1241/11 1875/1174/11
f 1887/1225/12 1877/1224/12 1876/1242/12 1886/1199/12
f 1884/1208/16 1887/1225/16 1886/1232/16 1885/1198/16
f 1882/1243/15 1881/1244/15 1880/1245/15 1883/1201/15
f 1874/1209/18 1873/1218/18 1862/1216/18 1861/1210/18
f 1893/1272/3 1892/1273/3 1943/1273/3 1950/1272/3
f 1976/1274/302 1901/1275/302 1934/1275/302 1962/1276/302
f 1903/1262/3 1902/1277/3 1937/1277/3 1932/1262/3
f 1982/1278/303 1907/1279/303 1935/1279/303 1968/1280/303
f 1914/1282/18 1915/1283/18 1948/1283/18 1947/1282/18
f 1910/1284/18 1911/1285/18 1949/1285/18 1944/1284/18
f 1907/1279/3 1906/1281/3 1936/1281/3 1935/1279/3
f 1901/1256/18 1900/1255/18 1940/1255/18 1934/1256/18
f 1980/1178/302 1909/1177/302 1938/1177/302 1964/1286/302
f 1909/1258/18 1908/1257/18 1931/1257/18 1938/1258/18
f 1984/1287/302 1905/1254/302 1942/1254/302 1986/1288/302
f 1974/1265/303 1899/1268/303 1941/1268/303 1972/1265/303
f 1905/1254/18 1904/1253/18 1939/1253/18 1942/1254/18
f 1978/1259/303 1903/1262/303 1932/1262/303 1960/1289/303
f 1899/1268/3 1898/1261/3 1933/1261/3 1941/1268/3
f 1991/1307/5 1892/1273/5 1931/1308/5 1959/1309/5
f 1993/1310/5 1894/1311/5 1933/1261/5 1961/1260/5
f 1915/1283/5 1914/1282/5 1935/1279/5 1936/1267/5
f 1995/1312/5 1911/1285/5 1937/1277/5 1963/1313/5
f 1997/1314/5 1913/1315/5 1939/1270/5 1967/1269/5
f 1911/1285/5 1910/1284/5 1932/1262/5 1937/1277/5
f 1999/1316/5 1896/1317/5 1940/1255/5 1971/1318/5
f 1896/1317/5 1897/1319/5 1934/1275/5 1940/1255/5
f 1913/1315/5 1912/1320/5 1942/1254/5 1939/1270/5
f 1892/1273/5 1893/1272/5 1938/1177/5 1931/1308/5
f 1894/1311/5 1895/1321/5 1941/1268/5 1933/1261/5
f 2001/1322/5 1915/1283/5 1936/1267/5 1985/1266/5
f 2000/1328/4 1895/1321/4 1953/1321/4 2012/1323/4
f 1996/1329/8 1893/1272/8 1950/1272/8 2008/1329/8
f 1895/1321/18 1894/1311/18 1945/1311/18 1953/1321/18
f 1992/1324/4 1910/1284/4 1944/1284/4 2004/1324/4
f 1897/1319/3 1896/1317/3 1952/1317/3 1946/1319/3
f 1998/1330/4 1914/1282/4 1947/1282/4 2010/1326/4
f 2002/1331/8 1912/1320/8 1954/1320/8 2014/1332/8
f 1994/1333/8 1897/1319/8 1946/1319/8 2006/1334/8
f 1912/1320/3 1913/1315/3 1951/1315/3 1954/1320/3
f 1894/1311/8 1993/1310/8 2005/1310/8 1945/1311/8
f 1993/1310/8 1994/1333/8 2006/1334/8 2005/1310/8
f 1915/1283/8 2001/1322/8 2013/1327/8 1948/1283/8
f 2001/1322/8 2002/1331/8 2014/1332/8 2013/1327/8
f 1913/1315/4 1997/1314/4 2009/1335/4 1951/1315/4
f 1997/1314/4 1998/1330/4 2010/1326/4 2009/1335/4
f 1892/1273/4 1991/1307/4 2003/1307/4 1943/1273/4
f 1991/1307/4 1992/1324/4 2004/1324/4 2003/1307/4
f 1911/1285/8 1995/1312/8 2007/1325/8 1949/1285/8
f 1995/1312/8 1996/1329/8 2008/1329/8 2007/1325/8
f 1896/1317/4 1999/1316/4 2011/1336/4 1952/1317/4
f 1999/1316/4 2000/1328/4 2012/1323/4 2011/1336/4
f 1912/1320/5 2002/1331/5 1986/1288/5 1942/1254/5
f 2002/1331/5 2001/1322/5 1985/1266/5 1986/1288/5
f 1895/1321/5 2000/1328/5 1972/1265/5 1941/1268/5
f 2000/1328/5 1999/1316/5 1971/1318/5 1972/1265/5
f 1914/1282/5 1998/1330/5 1968/1280/5 1935/1279/5
f 1998/1330/5 1997/1314/5 1967/1269/5 1968/1280/5
f 1893/1272/5 1996/1329/5 1964/1286/5 1938/1177/5
f 1996/1329/5 1995/1312/5 1963/1313/5 1964/1286/5
f 1897/1319/5 1994/1333/5 1962/1276/5 1934/1275/5
f 1994/1333/5 1993/1310/5 1961/1260/5 1962/1276/5
f 1910/1284/5 1992/1324/5 1960/1289/5 1932/1262/5
f 1992/1324/5 1991/1307/5 1959/1309/5 1960/1289/5
f 1908/1308/303 1977/1344/303 1959/1309/303 1931/1308/303
f 1977/1344/303 1978/1259/303 1960/1289/303 1959/1309/303
f 1900/1255/303 1973/1345/303 1971/1318/303 1940/1255/303
f 1973/1345/303 1974/1265/303 1972/1265/303 1971/1318/303
f 1906/1267/302 1983/1266/302 1985/1266/302 1936/1267/302
f 1983/1266/302 1984/1287/302 1986/1288/302 1985/1266/302
f 1902/1277/302 1979/1346/302 1963/1313/302 1937/1277/302
f 1979/1346/302 1980/1178/302 1964/1286/302 1963/1313/302
f 1904/1270/303 1981/1269/303 1967/1269/303 1939/1270/303
f 1981/1269/303 1982/1278/303 1968/1280/303 1967/1269/303
f 1898/1261/302 1975/1260/302 1961/1260/302 1933/1261/302
f 1975/1260/302 1976/1274/302 1962/1276/302 1961/1260/302
f 2035/1364/3 2060/1365/3 2067/1365/3 2075/1364/3
f 2047/1366/18 2059/1367/18 2068/1367/18 2071/1366/18
f 2059/1367/18 2036/1368/18 2076/1368/18 2068/1367/18
f 2050/1369/3 2040/1370/3 2080/1370/3 2074/1369/3
f 2042/1371/307 2041/1372/307 2081/1372/307 2082/1371/307
f 2039/1373/18 2049/1374/18 2073/1374/18 2079/1373/18
f 2068/1367/310 2076/1368/310 2075/1364/310 2067/1365/310
f 2070/1377/310 2078/1376/310 2077/1375/310 2069/1378/310
f 2081/1372/311 2071/1366/311 2072/1379/311 2082/1371/311
f 2079/1373/311 2073/1374/311 2074/1369/311 2080/1370/311
f 2071/1366/1 2068/1367/1 2067/1365/1 2072/1379/1
f 2073/1374/1 2070/1377/1 2069/1378/1 2074/1369/1
f 2060/1365/3 2064/1379/3 2072/1379/3 2067/1365/3
f 2061/1377/18 2038/1376/18 2078/1376/18 2070/1377/18
f 2049/1374/18 2061/1377/18 2070/1377/18 2073/1374/18
f 2037/1375/3 2045/1378/3 2069/1378/3 2077/1375/3
f 2045/1378/3 2050/1369/3 2074/1369/3 2069/1378/3
f 2041/1372/18 2047/1366/18 2071/1366/18 2081/1372/18
f 2064/1379/3 2042/1371/3 2082/1371/3 2072/1379/3
f 2040/1370/307 2039/1373/307 2079/1373/307 2080/1370/307
f 2095/1200/5 2130/1201/5 2127/1230/5 2098/1380/5
f 2097/1380/5 2128/1230/5 2125/1201/5 2100/1200/5
f 2099/1200/5 2126/1201/5 1883/1201/5 1880/1245/5
f 2089/1171/7 2095/1094/7 2098/1094/7 2092/1171/7
f 2091/1171/7 2097/1094/7 2100/1094/7 2094/1171/7
f 2093/1171/7 2099/1094/7 1880/1094/7 1872/1237/7
f 1824/1171/7 1825/1094/7 2096/1094/7 2090/1171/7
f 1838/1198/9 1839/1174/9 2088/1174/9 2106/1198/9
f 2105/1198/9 2087/1174/9 2086/1174/9 2104/1198/9
f 1839/1174/8 1824/1171/8 2090/1171/8 2088/1174/8
f 2087/1174/8 2089/1381/8 2092/1171/8 2086/1174/8
f 2101/1198/9 2083/1174/9 1875/1174/9 1885/1241/9
f 2107/1229/4 2117/1382/4 1876/1206/4 1879/1234/4
f 1837/1199/1 1838/1198/1 2106/1198/1 2120/1231/1
f 2119/1231/1 2105/1198/1 2104/1198/1 2122/1231/1
f 2113/1206/6 2119/1231/6 2122/1231/6 2116/1206/6
f 2115/1383/6 2121/1231/6 2124/1231/6 2118/1382/6
f 2117/1228/6 2123/1199/6 1886/1199/6 1876/1242/6
f 1836/1206/6 1837/1199/6 2120/1231/6 2114/1206/6
f 1834/1201/2 1835/1207/2 2112/1205/2 2129/1201/2
f 2130/1201/2 2111/1207/2 2110/1205/2 2127/1201/2
f 1835/1207/4 1836/1206/4 2114/1206/4 2112/1205/4
f 2111/1205/4 2113/1206/4 2116/1206/4 2110/1205/4
f 2126/1201/2 2107/1229/2 1879/1207/2 1883/1240/2
f 2117/1382/3 2107/1229/3 2225/1229/3 2219/1382/3
f 2083/1174/3 2101/1198/3 2207/1198/3 2201/1174/3
f 2126/1201/3 2099/1200/3 2188/1200/3 2187/1201/3
f 2110/1205/18 2116/1206/18 2170/1206/18 2176/1205/18
f 2104/1198/18 2086/1174/18 2152/1174/18 2206/1198/18
f 2119/1231/3 2113/1206/3 2215/1206/3 2209/1231/3
f 2089/1381/3 2087/1174/3 2197/1174/3 2191/1381/3
f 2098/1380/18 2127/1230/18 2135/1230/18 2185/1380/18
f 2124/1231/18 2102/1198/18 2160/1198/18 2166/1231/18
f 2094/1171/313 2100/1094/313 2142/1094/313 2148/1171/313
f 2115/1206/314 2109/1207/314 2223/1207/314 2217/1206/314
f 2085/1174/3 2103/1198/3 2205/1198/3 2199/1174/3
f 2112/1205/315 2114/1206/315 2216/1206/315 2222/1205/315
f 2106/1198/18 2088/1174/18 2198/1174/18 2204/1198/18
f 2128/1230/3 2097/1380/3 2184/1380/3 2183/1230/3
f 2101/1198/3 2123/1231/3 2213/1231/3 2207/1198/3
f 2099/1094/3 2093/1171/3 2195/1171/3 2188/1094/3
f 2125/1201/316 2108/1207/316 2226/1207/316 2190/1201/316
f 2122/1231/18 2104/1198/18 2206/1198/18 2212/1231/18
f 2092/1171/316 2098/1094/316 2185/1094/316 2194/1171/316
f 2113/1206/3 2111/1205/3 2221/1205/3 2215/1206/3
f 2087/1174/3 2105/1198/3 2203/1198/3 2197/1174/3
f 2096/1200/18 2129/1201/18 2182/1201/18 2181/1200/18
f 2107/1229/3 2126/1201/3 2187/1201/3 2225/1229/3
f 2083/1174/8 2093/1171/8 1872/1171/8 1875/1233/8
f 2088/1174/319 2090/1171/319 2144/1171/319 2198/1174/319
f 2114/1206/316 2120/1231/316 2162/1231/316 2216/1206/316
f 2091/1171/3 2085/1174/3 2199/1174/3 2193/1171/3
f 2121/1231/3 2115/1383/3 2217/1383/3 2211/1231/3
f 2100/1200/18 2125/1201/18 2190/1201/18 2142/1200/18
f 2102/1198/313 2084/1174/313 2154/1174/313 2160/1198/313
f 2108/1229/315 2118/1228/315 2172/1228/315 2226/1229/315
f 2095/1094/318 2089/1171/318 2191/1171/318 2180/1094/318
f 2105/1198/3 2119/1231/3 2209/1231/3 2203/1198/3
f 2111/1207/317 2130/1201/317 2132/1201/317 2221/1207/317
f 2086/1174/315 2092/1171/315 2194/1171/315 2152/1174/315
f 2116/1206/18 2122/1231/18 2212/1231/18 2170/1206/18
f 2129/1201/316 2112/1205/316 2222/1205/316 2182/1201/316
f 2093/1171/3 2083/1174/3 2201/1174/3 2195/1171/3
f 2123/1199/3 2117/1228/3 2219/1228/3 2213/1199/3
f 2090/1171/313 2096/1094/313 2181/1094/313 2144/1171/313
f 2120/1231/18 2106/1198/18 2204/1198/18 2162/1231/18
f 2109/1205/3 2128/1230/3 2183/1230/3 2223/1205/3
f 2130/1201/3 2095/1200/3 2180/1200/3 2132/1201/3
f 2097/1094/317 2091/1171/317 2193/1171/317 2184/1094/317
f 2103/1198/3 2121/1231/3 2211/1231/3 2205/1198/3
f 2127/1201/18 2110/1205/18 2176/1205/18 2135/1201/18
f 2084/1174/319 2094/1171/319 2148/1171/319 2154/1174/319
f 2118/1382/18 2124/1231/18 2166/1231/18 2172/1382/18
f 2353/1385/5 2354/1386/5 2355/1387/5 2356/1388/5 2345/1389/5 2346/1390/5 2343/1391/5 2344/1392/5
f 2277/1393/8 2278/1394/8 2281/1394/8 2282/1393/8
f 2362/1395/1 2361/1396/1 2357/1397/1 2359/1398/1 2278/1394/1 2277/1393/1
f 2343/1403/8 2346/1404/8 2350/1405/8 2348/1406/8
f 2349/1407/1 2348/1408/1 2350/1409/1 2352/1410/1 2276/1411/1 2275/1412/1
f 2359/1413/1 2358/1414/1 2347/1415/1 2349/1407/1 2275/1412/1 2278/1394/1
f 2357/1416/4 2361/1417/4 2355/1418/4 2354/1419/4
f 2352/1410/1 2351/1420/1 2360/1421/1 2362/1422/1 2277/1393/1 2276/1411/1
f 2278/1394/18 2275/1412/18 2280/1412/18 2281/1394/18
f 2276/1411/3 2277/1393/3 2282/1393/3 2279/1411/3
f 2275/1412/4 2276/1411/4 2279/1411/4 2280/1412/4
f 2284/1439/1 2285/1438/1 2328/1437/1 2325/1452/1
f 2299/1458/320 2298/1462/320 2297/1430/320 2300/1453/320
f 2317/1444/18 2320/1433/18 2329/1433/18 2287/1444/18
f 2328/1437/4 2327/1436/4 2342/1436/4 2341/1437/4
f 2318/1457/8 2317/1444/8 2287/1444/8 2288/1457/8
f 2325/1452/18 2328/1437/18 2341/1437/18 2340/1452/18
f 2326/1455/8 2325/1452/8 2340/1452/8 2339/1455/8
f 2312/1435/4 2311/1434/4 2289/1434/4 2290/1435/4
f 2295/1441/320 2294/1427/320 2293/1448/320 2296/1447/320
f 2291/1446/320 2290/1435/320 2289/1434/320 2292/1443/320
f 2287/1444/320 2329/1433/320 2330/1432/320 2288/1457/320
f 2332/1450/320 2333/1449/320 2334/1424/320 2331/1451/320
f 2336/1454/320 2337/1429/320 2338/1428/320 2335/1440/320
f 2340/1452/320 2341/1437/320 2342/1436/320 2339/1445/320
f 2302/1459/8 2301/1458/8 2299/1458/8 2300/1459/8
f 2320/1433/4 2319/1432/4 2330/1432/4 2329/1433/4
f 2301/1458/18 2304/1462/18 2298/1462/18 2299/1458/18
f 2304/1431/4 2303/1430/4 2297/1430/4 2298/1431/4
f 2314/1451/8 2313/1461/8 2332/1461/8 2331/1451/8
f 2313/1450/18 2316/1449/18 2333/1449/18 2332/1450/18
f 2306/1460/8 2305/1441/8 2295/1441/8 2296/1460/8
f 2316/1425/4 2315/1424/4 2334/1424/4 2333/1425/4
f 2305/1441/18 2308/1427/18 2294/1427/18 2295/1441/18
f 2308/1427/4 2307/1426/4 2293/1426/4 2294/1427/4
f 2322/1440/8 2321/1454/8 2336/1454/8 2335/1440/8
f 2321/1454/18 2324/1429/18 2337/1429/18 2336/1454/18
f 2310/1443/8 2309/1456/8 2291/1456/8 2292/1443/8
f 2324/1429/4 2323/1428/4 2338/1428/4 2337/1429/4
f 2309/1446/18 2312/1435/18 2290/1435/18 2291/1446/18
f 2347/1463/1 2348/1106/1 2349/1464/1
f 2350/1465/1 2351/1420/1 2352/1410/1
f 2357/1107/1 2358/1466/1 2359/1467/1
f 2360/1468/1 2361/1396/1 2362/1395/1
f 2347/1469/321 2344/1470/321 2343/1109/321 2348/1106/321
f 2345/1095/322 2351/1096/322 2350/1405/322 2346/1404/322
f 2353/1471/323 2358/1466/323 2357/1416/323 2354/1419/323
f 2360/1472/324 2356/1473/324 2355/1418/324 2361/1417/324
f 2347/1469/3 2358/1466/3 2353/1471/3 2344/1470/3
f 2360/1472/18 2351/1474/18 2476/1475/18 2475/1476/18
f 2351/1474/18 2345/1477/18 2478/1401/18 2476/1475/18
f 2345/1477/18 2356/1473/18 2477/1402/18 2478/1401/18
f 2356/1473/18 2360/1472/18 2475/1476/18 2477/1402/18
f 2445/1385/5 2464/1386/5 2465/1387/5 2448/1388/5 2437/1389/5 2462/1390/5 2459/1391/5 2436/1392/5
f 2369/1393/8 2370/1394/8 2373/1394/8 2374/1393/8
f 2454/1395/1 2466/1396/1 2463/1397/1 2451/1398/1 2370/1394/1 2369/1393/1
f 2452/1472/18 2443/1474/18 2437/1477/18 2448/1473/18
f 2442/1478/5 2440/1479/5 2468/1479/5 2469/1478/5
f 2441/1407/1 2460/1408/1 2461/1409/1 2444/1410/1 2368/1411/1 2367/1412/1
f 2451/1413/1 2450/1414/1 2439/1415/1 2441/1407/1 2367/1412/1 2370/1394/1
f 2449/1480/5 2453/1481/5 2474/1481/5 2471/1480/5
f 2444/1410/1 2443/1420/1 2452/1421/1 2454/1422/1 2369/1393/1 2368/1411/1
f 2370/1394/18 2367/1412/18 2372/1412/18 2373/1394/18
f 2368/1411/3 2369/1393/3 2374/1393/3 2371/1411/3
f 2367/1412/4 2368/1411/4 2371/1411/4 2372/1412/4
f 2376/1439/1 2377/1438/1 2420/1437/1 2417/1452/1
f 2391/1458/320 2390/1462/320 2389/1430/320 2392/1453/320
f 2409/1444/18 2412/1433/18 2421/1433/18 2379/1444/18
f 2420/1437/4 2419/1436/4 2434/1436/4 2433/1437/4
f 2410/1457/8 2409/1444/8 2379/1444/8 2380/1457/8
f 2417/1452/18 2420/1437/18 2433/1437/18 2432/1452/18
f 2418/1455/8 2417/1452/8 2432/1452/8 2431/1455/8
f 2404/1435/4 2403/1434/4 2381/1434/4 2382/1435/4
f 2387/1441/320 2386/1427/320 2385/1448/320 2388/1447/320
f 2383/1446/320 2382/1435/320 2381/1434/320 2384/1443/320
f 2379/1444/320 2421/1433/320 2422/1432/320 2380/1457/320
f 2424/1450/320 2425/1449/320 2426/1424/320 2423/1451/320
f 2428/1454/320 2429/1429/320 2430/1428/320 2427/1440/320
f 2432/1452/320 2433/1437/320 2434/1436/320 2431/1445/320
f 2394/1459/8 2393/1458/8 2391/1458/8 2392/1459/8
f 2412/1433/4 2411/1432/4 2422/1432/4 2421/1433/4
f 2393/1458/18 2396/1462/18 2390/1462/18 2391/1458/18
f 2396/1431/4 2395/1430/4 2389/1430/4 2390/1431/4
f 2406/1451/8 2405/1461/8 2424/1461/8 2423/1451/8
f 2405/1450/18 2408/1449/18 2425/1449/18 2424/1450/18
f 2398/1460/8 2397/1441/8 2387/1441/8 2388/1460/8
f 2408/1425/4 2407/1424/4 2426/1424/4 2425/1425/4
f 2397/1441/18 2400/1427/18 2386/1427/18 2387/1441/18
f 2400/1427/4 2399/1426/4 2385/1426/4 2386/1427/4
f 2414/1440/8 2413/1454/8 2428/1454/8 2427/1440/8
f 2413/1454/18 2416/1429/18 2429/1429/18 2428/1454/18
f 2402/1443/8 2401/1456/8 2383/1456/8 2384/1443/8
f 2416/1429/4 2415/1428/4 2430/1428/4 2429/1429/4
f 2401/1446/18 2404/1435/18 2382/1435/18 2383/1446/18
f 2439/1463/1 2460/1106/1 2441/1464/1
f 2461/1465/1 2443/1420/1 2444/1410/1
f 2463/1107/1 2450/1466/1 2451/1467/1
f 2452/1468/1 2466/1396/1 2454/1395/1
f 2439/1469/321 2436/1470/321 2459/1109/321 2460/1106/321
f 2437/1095/322 2443/1096/322 2461/1405/322 2462/1404/322
f 2445/1471/323 2450/1466/323 2463/1416/323 2464/1419/323
f 2452/1472/324 2448/1473/324 2465/1418/324 2466/1417/324
f 2439/1469/3 2450/1466/3 2480/1484/3 2479/1485/3
f 2450/1466/3 2445/1471/3 2482/1399/3 2480/1484/3
f 2445/1471/3 2436/1470/3 2481/1400/3 2482/1399/3
f 2436/1470/3 2439/1469/3 2479/1485/3 2481/1400/3
f 2435/1489/8 2440/1479/8 2460/1406/8 2459/1403/8
f 2442/1478/8 2438/1490/8 2462/1404/8 2461/1405/8
f 2449/1480/4 2446/1491/4 2464/1419/4 2463/1416/4
f 2447/1492/4 2453/1481/4 2466/1417/4 2465/1418/4
f 2438/1490/8 2435/1489/8 2459/1403/8 2462/1404/8
f 2440/1479/8 2442/1478/8 2461/1405/8 2460/1406/8
f 2446/1491/4 2447/1492/4 2465/1418/4 2464/1419/4
f 2453/1481/4 2449/1480/4 2463/1416/4 2466/1417/4
f 2453/1481/3 2447/1492/3 2473/1492/3 2474/1481/3
f 2438/1490/3 2442/1478/3 2469/1478/3 2470/1490/3
f 2447/1492/1 2446/1491/1 2472/1491/1 2473/1492/1
f 2435/1489/1 2438/1490/1 2470/1490/1 2467/1489/1
f 2446/1491/18 2449/1480/18 2471/1480/18 2472/1491/18
f 2440/1479/18 2435/1489/18 2467/1489/18 2468/1479/18
f 2491/1496/327 2492/1497/327 2494/1498/327 2493/1112/327
f 2493/1112/328 2494/1498/328 2509/1499/328 2495/1500/328
f 2495/1500/329 2509/1499/329 2510/1501/329 2497/1098/329
f 2497/1098/330 2510/1501/330 2511/1502/330 2499/1503/330
f 2499/1503/331 2511/1502/331 2502/1504/331 2501/1107/331
f 2501/1107/332 2502/1504/332 2513/1505/332 2503/1506/332
f 2503/1506/333 2513/1505/333 2514/1507/333 2505/1106/333
f 2505/1106/334 2514/1507/334 2492/1508/334 2491/1509/334
f 2491/1510/3 2493/1511/3 2495/1512/3 2497/1513/3 2499/1514/3 2501/1515/3 2503/1516/3 2505/1517/3
f 2506/1518/335 2507/1104/335 2534/1519/335 2536/1520/335
f 2512/1521/336 2506/1518/336 2536/1520/336 2537/1522/336
f 2507/1104/337 2506/1518/337 2520/1518/337 2522/1104/337
f 2521/1523/5 2515/1524/5 2516/1525/5 2517/1526/5 2518/1527/5 2519/1528/5 2522/1529/5 2520/1530/5
f 2500/1531/338 2498/1532/338 2517/1532/338 2516/1531/338
f 2496/1142/339 2504/1533/339 2519/1533/339 2518/1142/339
f 2508/1534/340 2500/1531/340 2516/1531/340 2515/1534/340
f 2512/1521/341 2508/1535/341 2515/1535/341 2521/1521/341
f 2504/1533/342 2507/1104/342 2522/1104/342 2519/1533/342
f 2506/1518/343 2512/1521/343 2521/1521/343 2520/1518/343
f 2498/1532/344 2496/1142/344 2518/1142/344 2517/1532/344
f 2507/1104/345 2504/1533/345 2532/1536/345 2534/1519/345
f 2504/1533/346 2496/1142/346 2530/1537/346 2532/1536/346
f 2496/1142/347 2498/1532/347 2528/1538/347 2530/1537/347
f 2498/1532/348 2500/1531/348 2526/1539/348 2528/1538/348
f 2500/1531/349 2508/1534/349 2524/1540/349 2526/1539/349
f 2508/1535/350 2512/1521/350 2537/1522/350 2524/1541/350
f 2526/1539/351 2524/1540/351 2523/1542/351 2525/1543/351
f 2525/1543/352 2523/1542/352 2492/1508/352 2514/1507/352
f 2528/1538/353 2526/1539/353 2525/1543/353 2527/1544/353
f 2527/1544/354 2525/1543/354 2514/1507/354 2513/1505/354
f 2530/1537/355 2528/1538/355 2527/1544/355 2529/1545/355
f 2529/1545/356 2527/1544/356 2513/1505/356 2502/1504/356
f 2532/1536/357 2530/1537/357 2529/1545/357 2531/1546/357
f 2531/1546/358 2529/1545/358 2502/1504/358 2511/1502/358
f 2534/1519/359 2532/1536/359 2531/1546/359 2533/1547/359
f 2533/1547/360 2531/1546/360 2511/1502/360 2510/1501/360
f 2536/1520/361 2534/1519/361 2533/1547/361 2535/1548/361
f 2535/1548/362 2533/1547/362 2510/1501/362 2509/1499/362
f 2537/1522/363 2536/1520/363 2535/1548/363 2538/1549/363
f 2538/1549/364 2535/1548/364 2509/1499/364 2494/1498/364
f 2524/1541/365 2537/1522/365 2538/1549/365 2523/1550/365
f 2523/1550/366 2538/1549/366 2494/1498/366 2492/1497/366
f 2539/1496/327 2540/1497/327 2542/1498/327 2541/1112/327
f 2541/1112/328 2542/1498/328 2557/1499/328 2543/1500/328
f 2543/1500/329 2557/1499/329 2558/1501/329 2545/1098/329
f 2545/1098/330 2558/1501/330 2559/1502/330 2547/1503/330
f 2547/1503/331 2559/1502/331 2550/1504/331 2549/1107/331
f 2549/1107/332 2550/1504/332 2561/1505/332 2551/1506/332
f 2551/1506/333 2561/1505/333 2562/1507/333 2553/1106/333
f 2553/1106/334 2562/1507/334 2540/1508/334 2539/1509/334
f 2539/1510/3 2541/1511/3 2543/1512/3 2545/1513/3 2547/1514/3 2549/1515/3 2551/1516/3 2553/1517/3
f 2554/1518/335 2555/1104/335 2582/1519/335 2584/1520/335
f 2560/1521/336 2554/1518/336 2584/1520/336 2585/1522/336
f 2555/1104/337 2554/1518/337 2568/1518/337 2570/1104/337
f 2569/1523/5 2563/1524/5 2564/1525/5 2565/1526/5 2566/1527/5 2567/1528/5 2570/1529/5 2568/1530/5
f 2548/1531/338 2546/1532/338 2565/1532/338 2564/1531/338
f 2544/1142/339 2552/1533/339 2567/1533/339 2566/1142/339
f 2556/1534/340 2548/1531/340 2564/1531/340 2563/1534/340
f 2560/1521/341 2556/1535/341 2563/1535/341 2569/1521/341
f 2552/1533/342 2555/1104/342 2570/1104/342 2567/1533/342
f 2554/1518/343 2560/1521/343 2569/1521/343 2568/1518/343
f 2546/1532/344 2544/1142/344 2566/1142/344 2565/1532/344
f 2555/1104/367 2552/1533/367 2580/1536/367 2582/1519/367
f 2552/1533/368 2544/1142/368 2578/1537/368 2580/1536/368
f 2544/1142/347 2546/1532/347 2576/1538/347 2578/1537/347
f 2546/1532/348 2548/1531/348 2574/1539/348 2576/1538/348
f 2548/1531/349 2556/1534/349 2572/1540/349 2574/1539/349
f 2556/1535/350 2560/1521/350 2585/1522/350 2572/1541/350
f 2574/1539/351 2572/1540/351 2571/1542/351 2573/1543/351
f 2573/1543/352 2571/1542/352 2540/1508/352 2562/1507/352
f 2576/1538/353 2574/1539/353 2573/1543/353 2575/1544/353
f 2575/1544/354 2573/1543/354 2562/1507/354 2561/1505/354
f 2578/1537/355 2576/1538/355 2575/1544/355 2577/1545/355
f 2577/1545/356 2575/1544/356 2561/1505/356 2550/1504/356
f 2580/1536/357 2578/1537/357 2577/1545/357 2579/1546/357
f 2579/1546/358 2577/1545/358 2550/1504/358 2559/1502/358
f 2582/1519/359 2580/1536/359 2579/1546/359 2581/1547/359
f 2581/1547/360 2579/1546/360 2559/1502/360 2558/1501/360
f 2584/1520/361 2582/1519/361 2581/1547/361 2583/1548/361
f 2583/1548/362 2581/1547/362 2558/1501/362 2557/1499/362
f 2585/1522/363 2584/1520/363 2583/1548/363 2586/1549/363
f 2586/1549/364 2583/1548/364 2557/1499/364 2542/1498/364
f 2572/1541/365 2585/1522/365 2586/1549/365 2571/1550/365
f 2571/1550/366 2586/1549/366 2542/1498/366 2540/1497/366
f 2587/1496/343 2588/1497/343 2590/1498/343 2589/1112/343
f 2589/1112/341 2590/1498/341 2605/1499/341 2591/1500/341
f 2591/1500/340 2605/1499/340 2606/1501/340 2593/1098/340
f 2593/1098/338 2606/1501/338 2607/1502/338 2595/1503/338
f 2595/1503/344 2607/1502/344 2598/1504/344 2597/1107/344
f 2597/1107/339 2598/1504/339 2609/1505/339 2599/1506/339
f 2599/1506/342 2609/1505/342 2610/1507/342 2601/1106/342
f 2601/1106/337 2610/1507/337 2588/1508/337 2587/1509/337
f 2587/1510/5 2589/1511/5 2591/1512/5 2593/1513/5 2595/1514/5 2597/1515/5 2599/1516/5 2601/1517/5
f 2602/1518/369 2603/1104/369 2630/1519/369 2632/1520/369
f 2608/1521/370 2602/1518/370 2632/1520/370 2633/1522/370
f 2603/1104/371 2602/1518/371 2616/1518/371 2618/1104/371
f 2617/1523/8 2611/1524/8 2612/1525/8 2613/1526/8 2614/1527/8 2615/1528/8 2618/1529/8 2616/1530/8
f 2596/1531/372 2594/1532/372 2613/1532/372 2612/1531/372
f 2592/1142/373 2600/1533/373 2615/1533/373 2614/1142/373
f 2604/1534/374 2596/1531/374 2612/1531/374 2611/1534/374
f 2608/1521/375 2604/1535/375 2611/1535/375 2617/1521/375
f 2600/1533/376 2603/1104/376 2618/1104/376 2615/1533/376
f 2602/1518/377 2608/1521/377 2617/1521/377 2616/1518/377
f 2594/1532/378 2592/1142/378 2614/1142/378 2613/1532/378
f 2603/1104/379 2600/1533/379 2628/1536/379 2630/1519/379
f 2600/1533/380 2592/1142/380 2626/1537/380 2628/1536/380
f 2592/1142/381 2594/1532/381 2624/1538/381 2626/1537/381
f 2594/1532/382 2596/1531/382 2622/1539/382 2624/1538/382
f 2596/1531/383 2604/1534/383 2620/1540/383 2622/1539/383
f 2604/1535/384 2608/1521/384 2633/1522/384 2620/1541/384
f 2622/1539/385 2620/1540/385 2619/1542/385 2621/1543/385
f 2621/1543/386 2619/1542/386 2588/1508/386 2610/1507/386
f 2624/1538/387 2622/1539/387 2621/1543/387 2623/1544/387
f 2623/1544/388 2621/1543/388 2610/1507/388 2609/1505/388
f 2626/1537/389 2624/1538/389 2623/1544/389 2625/1545/389
f 2625/1545/390 2623/1544/390 2609/1505/390 2598/1504/390
f 2628/1536/391 2626/1537/391 2625/1545/391 2627/1546/391
f 2627/1546/392 2625/1545/392 2598/1504/392 2607/1502/392
f 2630/1519/393 2628/1536/393 2627/1546/393 2629/1547/393
f 2629/1547/394 2627/1546/394 2607/1502/394 2606/1501/394
f 2632/1520/395 2630/1519/395 2629/1547/395 2631/1548/395
f 2631/1548/396 2629/1547/396 2606/1501/396 2605/1499/396
f 2633/1522/397 2632/1520/397 2631/1548/397 2634/1549/397
f 2634/1549/398 2631/1548/398 2605/1499/398 2590/1498/398
f 2620/1541/399 2633/1522/399 2634/1549/399 2619/1550/399
f 2619/1550/400 2634/1549/400 2590/1498/400 2588/1497/400
f 2635/1496/343 2636/1497/343 2638/1498/343 2637/1112/343
f 2637/1112/341 2638/1498/341 2653/1499/341 2639/1500/341
f 2639/1500/340 2653/1499/340 2654/1501/340 2641/1098/340
f 2641/1098/338 2654/1501/338 2655/1502/338 2643/1503/338
f 2643/1503/344 2655/1502/344 2646/1504/344 2645/1107/344
f 2645/1107/339 2646/1504/339 2657/1505/339 2647/1506/339
f 2647/1506/342 2657/1505/342 2658/1507/342 2649/1106/342
f 2649/1106/337 2658/1507/337 2636/1508/337 2635/1509/337
f 2635/1510/5 2637/1511/5 2639/1512/5 2641/1513/5 2643/1514/5 2645/1515/5 2647/1516/5 2649/1517/5
f 2650/1518/369 2651/1104/369 2678/1519/369 2680/1520/369
f 2656/1521/370 2650/1518/370 2680/1520/370 2681/1522/370
f 2651/1104/371 2650/1518/371 2664/1518/371 2666/1104/371
f 2665/1523/8 2659/1524/8 2660/1525/8 2661/1526/8 2662/1527/8 2663/1528/8 2666/1529/8 2664/1530/8
f 2644/1531/372 2642/1532/372 2661/1532/372 2660/1531/372
f 2640/1142/373 2648/1533/373 2663/1533/373 2662/1142/373
f 2652/1534/374 2644/1531/374 2660/1531/374 2659/1534/374
f 2656/1521/375 2652/1535/375 2659/1535/375 2665/1521/375
f 2648/1533/376 2651/1104/376 2666/1104/376 2663/1533/376
f 2650/1518/377 2656/1521/377 2665/1521/377 2664/1518/377
f 2642/1532/378 2640/1142/378 2662/1142/378 2661/1532/378
f 2651/1104/379 2648/1533/379 2676/1536/379 2678/1519/379
f 2648/1533/401 2640/1142/401 2674/1537/401 2676/1536/401
f 2640/1142/381 2642/1532/381 2672/1538/381 2674/1537/381
f 2642/1532/382 2644/1531/382 2670/1539/382 2672/1538/382
f 2644/1531/383 2652/1534/383 2668/1540/383 2670/1539/383
f 2652/1535/384 2656/1521/384 2681/1522/384 2668/1541/384
f 2670/1539/385 2668/1540/385 2667/1542/385 2669/1543/385
f 2669/1543/386 2667/1542/386 2636/1508/386 2658/1507/386
f 2672/1538/387 2670/1539/387 2669/1543/387 2671/1544/387
f 2671/1544/388 2669/1543/388 2658/1507/388 2657/1505/388
f 2674/1537/389 2672/1538/389 2671/1544/389 2673/1545/389
f 2673/1545/390 2671/1544/390 2657/1505/390 2646/1504/390
f 2676/1536/391 2674/1537/391 2673/1545/391 2675/1546/391
f 2675/1546/392 2673/1545/392 2646/1504/392 2655/1502/392
f 2678/1519/393 2676/1536/393 2675/1546/393 2677/1547/393
f 2677/1547/394 2675/1546/394 2655/1502/394 2654/1501/394
f 2680/1520/395 2678/1519/395 2677/1547/395 2679/1548/395
f 2679/1548/396 2677/1547/396 2654/1501/396 2653/1499/396
f 2681/1522/397 2680/1520/397 2679/1548/397 2682/1549/397
f 2682/1549/398 2679/1548/398 2653/1499/398 2638/1498/398
f 2668/1541/399 2681/1522/399 2682/1549/399 2667/1550/399
f 2667/1550/400 2682/1549/400 2638/1498/400 2636/1497/400
f 2761/1385/5 2762/1386/5 2763/1387/5 2764/1388/5 2753/1389/5 2754/1390/5 2751/1391/5 2752/1392/5
f 2685/1393/8 2686/1394/8 2689/1394/8 2690/1393/8
f 2770/1395/1 2769/1396/1 2765/1397/1 2767/1398/1 2686/1394/1 2685/1393/1
f 2751/1403/8 2754/1404/8 2758/1405/8 2756/1406/8
f 2757/1407/1 2756/1408/1 2758/1409/1 2760/1410/1 2684/1411/1 2683/1412/1
f 2767/1413/1 2766/1414/1 2755/1415/1 2757/1407/1 2683/1412/1 2686/1394/1
f 2765/1416/4 2769/1417/4 2763/1418/4 2762/1419/4
f 2760/1410/1 2759/1420/1 2768/1421/1 2770/1422/1 2685/1393/1 2684/1411/1
f 2686/1394/18 2683/1412/18 2688/1412/18 2689/1394/18
f 2684/1411/3 2685/1393/3 2690/1393/3 2687/1411/3
f 2683/1412/4 2684/1411/4 2687/1411/4 2688/1412/4
f 2692/1439/1 2693/1438/1 2736/1437/1 2733/1452/1
f 2707/1458/320 2706/1462/320 2705/1430/320 2708/1453/320
f 2725/1444/18 2728/1433/18 2737/1433/18 2695/1444/18
f 2736/1437/4 2735/1436/4 2750/1436/4 2749/1437/4
f 2726/1457/8 2725/1444/8 2695/1444/8 2696/1457/8
f 2733/1452/18 2736/1437/18 2749/1437/18 2748/1452/18
f 2734/1455/8 2733/1452/8 2748/1452/8 2747/1455/8
f 2720/1435/4 2719/1434/4 2697/1434/4 2698/1435/4
f 2703/1441/320 2702/1427/320 2701/1448/320 2704/1447/320
f 2699/1446/320 2698/1435/320 2697/1434/320 2700/1443/320
f 2695/1444/320 2737/1433/320 2738/1432/320 2696/1457/320
f 2740/1450/320 2741/1449/320 2742/1424/320 2739/1451/320
f 2744/1454/320 2745/1429/320 2746/1428/320 2743/1440/320
f 2748/1452/320 2749/1437/320 2750/1436/320 2747/1445/320
f 2710/1459/8 2709/1458/8 2707/1458/8 2708/1459/8
f 2728/1433/4 2727/1432/4 2738/1432/4 2737/1433/4
f 2709/1458/18 2712/1462/18 2706/1462/18 2707/1458/18
f 2712/1431/4 2711/1430/4 2705/1430/4 2706/1431/4
f 2722/1451/8 2721/1461/8 2740/1461/8 2739/1451/8
f 2721/1450/18 2724/1449/18 2741/1449/18 2740/1450/18
f 2714/1460/8 2713/1441/8 2703/1441/8 2704/1460/8
f 2724/1425/4 2723/1424/4 2742/1424/4 2741/1425/4
f 2713/1441/18 2716/1427/18 2702/1427/18 2703/1441/18
f 2716/1427/4 2715/1426/4 2701/1426/4 2702/1427/4
f 2730/1440/8 2729/1454/8 2744/1454/8 2743/1440/8
f 2729/1454/18 2732/1429/18 2745/1429/18 2744/1454/18
f 2718/1443/8 2717/1456/8 2699/1456/8 2700/1443/8
f 2732/1429/4 2731/1428/4 2746/1428/4 2745/1429/4
f 2717/1446/18 2720/1435/18 2698/1435/18 2699/1446/18
f 2755/1463/1 2756/1106/1 2757/1464/1
f 2758/1465/1 2759/1420/1 2760/1410/1
f 2765/1107/1 2766/1466/1 2767/1467/1
f 2768/1468/1 2769/1396/1 2770/1395/1
f 2755/1469/321 2752/1470/321 2751/1109/321 2756/1106/321
f 2753/1095/322 2759/1096/322 2758/1405/322 2754/1404/322
f 2761/1471/323 2766/1466/323 2765/1416/323 2762/1419/323
f 2768/1472/324 2764/1473/324 2763/1418/324 2769/1417/324
f 2755/1469/3 2766/1466/3 2761/1471/3 2752/1470/3
f 2768/1472/18 2759/1474/18 2884/1475/18 2883/1476/18
f 2759/1474/18 2753/1477/18 2886/1401/18 2884/1475/18
f 2753/1477/18 2764/1473/18 2885/1402/18 2886/1401/18
f 2764/1473/18 2768/1472/18 2883/1476/18 2885/1402/18
f 2853/1385/5 2872/1386/5 2873/1387/5 2856/1388/5 2845/1389/5 2870/1390/5 2867/1391/5 2844/1392/5
f 2777/1393/8 2778/1394/8 2781/1394/8 2782/1393/8
f 2862/1395/1 2874/1396/1 2871/1397/1 2859/1398/1 2778/1394/1 2777/1393/1
f 2860/1472/18 2851/1474/18 2845/1477/18 2856/1473/18
f 2861/1481/3 2855/1492/3 2881/1492/3 2882/1481/3
f 2849/1407/1 2868/1408/1 2869/1409/1 2852/1410/1 2776/1411/1 2775/1412/1
f 2859/1413/1 2858/1414/1 2847/1415/1 2849/1407/1 2775/1412/1 2778/1394/1
f 2850/1478/5 2848/1479/5 2876/1479/5 2877/1478/5
f 2852/1410/1 2851/1420/1 2860/1421/1 2862/1422/1 2777/1393/1 2776/1411/1
f 2778/1394/18 2775/1412/18 2780/1412/18 2781/1394/18
f 2776/1411/3 2777/1393/3 2782/1393/3 2779/1411/3
f 2775/1412/4 2776/1411/4 2779/1411/4 2780/1412/4
f 2784/1439/1 2785/1438/1 2828/1437/1 2825/1452/1
f 2799/1458/320 2798/1462/320 2797/1430/320 2800/1453/320
f 2817/1444/18 2820/1433/18 2829/1433/18 2787/1444/18
f 2828/1437/4 2827/1436/4 2842/1436/4 2841/1437/4
f 2818/1457/8 2817/1444/8 2787/1444/8 2788/1457/8
f 2825/1452/18 2828/1437/18 2841/1437/18 2840/1452/18
f 2826/1455/8 2825/1452/8 2840/1452/8 2839/1455/8
f 2812/1435/4 2811/1434/4 2789/1434/4 2790/1435/4
f 2795/1441/320 2794/1427/320 2793/1448/320 2796/1447/320
f 2791/1446/320 2790/1435/320 2789/1434/320 2792/1443/320
f 2787/1444/320 2829/1433/320 2830/1432/320 2788/1457/320
f 2832/1450/320 2833/1449/320 2834/1424/320 2831/1451/320
f 2836/1454/320 2837/1429/320 2838/1428/320 2835/1440/320
f 2840/1452/320 2841/1437/320 2842/1436/320 2839/1445/320
f 2802/1459/8 2801/1458/8 2799/1458/8 2800/1459/8
f 2820/1433/4 2819/1432/4 2830/1432/4 2829/1433/4
f 2801/1458/18 2804/1462/18 2798/1462/18 2799/1458/18
f 2804/1431/4 2803/1430/4 2797/1430/4 2798/1431/4
f 2814/1451/8 2813/1461/8 2832/1461/8 2831/1451/8
f 2813/1450/18 2816/1449/18 2833/1449/18 2832/1450/18
f 2806/1460/8 2805/1441/8 2795/1441/8 2796/1460/8
f 2816/1425/4 2815/1424/4 2834/1424/4 2833/1425/4
f 2805/1441/18 2808/1427/18 2794/1427/18 2795/1441/18
f 2808/1427/4 2807/1426/4 2793/1426/4 2794/1427/4
f 2822/1440/8 2821/1454/8 2836/1454/8 2835/1440/8
f 2821/1454/18 2824/1429/18 2837/1429/18 2836/1454/18
f 2810/1443/8 2809/1456/8 2791/1456/8 2792/1443/8
f 2824/1429/4 2823/1428/4 2838/1428/4 2837/1429/4
f 2809/1446/18 2812/1435/18 2790/1435/18 2791/1446/18
f 2847/1463/1 2868/1106/1 2849/1464/1
f 2869/1465/1 2851/1420/1 2852/1410/1
f 2871/1107/1 2858/1466/1 2859/1467/1
f 2860/1468/1 2874/1396/1 2862/1395/1
f 2847/1469/321 2844/1470/321 2867/1109/321 2868/1106/321
f 2845/1095/322 2851/1096/322 2869/1405/322 2870/1404/322
f 2853/1471/323 2858/1466/323 2871/1416/323 2872/1419/323
f 2860/1472/324 2856/1473/324 2873/1418/324 2874/1417/324
f 2847/1469/3 2858/1466/3 2888/1484/3 2887/1485/3
f 2858/1466/3 2853/1471/3 2890/1399/3 2888/1484/3
f 2853/1471/3 2844/1470/3 2889/1400/3 2890/1399/3
f 2844/1470/3 2847/1469/3 2887/1485/3 2889/1400/3
f 2843/1489/8 2848/1479/8 2868/1406/8 2867/1403/8
f 2850/1478/8 2846/1490/8 2870/1404/8 2869/1405/8
f 2857/1480/4 2854/1491/4 2872/1419/4 2871/1416/4
f 2855/1492/4 2861/1481/4 2874/1417/4 2873/1418/4
f 2846/1490/8 2843/1489/8 2867/1403/8 2870/1404/8
f 2848/1479/8 2850/1478/8 2869/1405/8 2868/1406/8
f 2854/1491/4 2855/1492/4 2873/1418/4 2872/1419/4
f 2861/1481/4 2857/1480/4 2871/1416/4 2874/1417/4
f 2846/1490/3 2850/1478/3 2877/1478/3 2878/1490/3
f 2855/1492/1 2854/1491/1 2880/1491/1 2881/1492/1
f 2843/1489/1 2846/1490/1 2878/1490/1 2875/1489/1
f 2854/1491/18 2857/1480/18 2879/1480/18 2880/1491/18
f 2848/1479/18 2843/1489/18 2875/1489/18 2876/1479/18
f 2857/1480/5 2861/1481/5 2882/1481/5 2879/1480/5
f 2899/1496/344 2900/1497/344 2902/1498/344 2901/1112/344
f 2901/1112/339 2902/1498/339 2917/1499/339 2903/1500/339
f 2903/1500/342 2917/1499/342 2918/1501/342 2905/1098/342
f 2905/1098/337 2918/1501/337 2919/1502/337 2907/1503/337
f 2907/1503/343 2919/1502/343 2910/1504/343 2909/1107/343
f 2909/1107/341 2910/1504/341 2921/1505/341 2911/1506/341
f 2911/1506/340 2921/1505/340 2922/1507/340 2913/1106/340
f 2913/1106/338 2922/1507/338 2900/1508/338 2899/1509/338
f 2899/1510/5 2901/1511/5 2903/1512/5 2905/1513/5 2907/1514/5 2909/1515/5 2911/1516/5 2913/1517/5
f 2914/1518/402 2915/1104/402 2942/1519/402 2944/1520/402
f 2920/1521/403 2914/1518/403 2944/1520/403 2945/1522/403
f 2915/1104/378 2914/1518/378 2928/1518/378 2930/1104/378
f 2929/1523/4 2923/1524/4 2924/1525/4 2925/1526/4 2926/1527/4 2927/1528/4 2930/1529/4 2928/1530/4
f 2908/1531/377 2906/1532/377 2925/1532/377 2924/1531/377
f 2904/1142/376 2912/1533/376 2927/1533/376 2926/1142/376
f 2916/1534/375 2908/1531/375 2924/1531/375 2923/1534/375
f 2920/1521/374 2916/1535/374 2923/1535/374 2929/1521/374
f 2912/1533/373 2915/1104/373 2930/1104/373 2927/1533/373
f 2914/1518/372 2920/1521/372 2929/1521/372 2928/1518/372
f 2906/1532/371 2904/1142/371 2926/1142/371 2925/1532/371
f 2915/1104/404 2912/1533/404 2940/1536/404 2942/1519/404
f 2912/1533/405 2904/1142/405 2938/1537/405 2940/1536/405
f 2904/1142/406 2906/1532/406 2936/1538/406 2938/1537/406
f 2906/1532/407 2908/1531/407 2934/1539/407 2936/1538/407
f 2908/1531/408 2916/1534/408 2932/1540/408 2934/1539/408
f 2916/1535/409 2920/1521/409 2945/1522/409 2932/1541/409
f 2934/1539/410 2932/1540/410 2931/1542/410 2933/1543/410
f 2933/1543/411 2931/1542/411 2900/1508/411 2922/1507/411
f 2936/1538/412 2934/1539/412 2933/1543/412 2935/1544/412
f 2935/1544/413 2933/1543/413 2922/1507/413 2921/1505/413
f 2938/1537/414 2936/1538/414 2935/1544/414 2937/1545/414
f 2937/1545/415 2935/1544/415 2921/1505/415 2910/1504/415
f 2940/1536/416 2938/1537/416 2937/1545/416 2939/1546/416
f 2939/1546/417 2937/1545/417 2910/1504/417 2919/1502/417
f 2942/1519/418 2940/1536/418 2939/1546/418 2941/1547/418
f 2941/1547/419 2939/1546/419 2919/1502/419 2918/1501/419
f 2944/1520/420 2942/1519/420 2941/1547/420 2943/1548/420
f 2943/1548/421 2941/1547/421 2918/1501/421 2917/1499/421
f 2945/1522/422 2944/1520/422 2943/1548/422 2946/1549/422
f 2946/1549/423 2943/1548/423 2917/1499/423 2902/1498/423
f 2932/1541/424 2945/1522/424 2946/1549/424 2931/1550/424
f 2931/1550/425 2946/1549/425 2902/1498/425 2900/1497/425
f 2947/1496/344 2948/1497/344 2950/1498/344 2949/1112/344
f 2949/1112/339 2950/1498/339 2965/1499/339 2951/1500/339
f 2951/1500/342 2965/1499/342 2966/1501/342 2953/1098/342
f 2953/1098/337 2966/1501/337 2967/1502/337 2955/1503/337
f 2955/1503/343 2967/1502/343 2958/1504/343 2957/1107/343
f 2957/1107/341 2958/1504/341 2969/1505/341 2959/1506/341
f 2959/1506/340 2969/1505/340 2970/1507/340 2961/1106/340
f 2961/1106/338 2970/1507/338 2948/1508/338 2947/1509/338
f 2947/1510/5 2949/1511/5 2951/1512/5 2953/1513/5 2955/1514/5 2957/1515/5 2959/1516/5 2961/1517/5
f 2962/1518/402 2963/1104/402 2990/1519/402 2992/1520/402
f 2968/1521/403 2962/1518/403 2992/1520/403 2993/1522/403
f 2963/1104/378 2962/1518/378 2976/1518/378 2978/1104/378
f 2977/1523/4 2971/1524/4 2972/1525/4 2973/1526/4 2974/1527/4 2975/1528/4 2978/1529/4 2976/1530/4
f 2956/1531/377 2954/1532/377 2973/1532/377 2972/1531/377
f 2952/1142/376 2960/1533/376 2975/1533/376 2974/1142/376
f 2964/1534/375 2956/1531/375 2972/1531/375 2971/1534/375
f 2968/1521/374 2964/1535/374 2971/1535/374 2977/1521/374
f 2960/1533/373 2963/1104/373 2978/1104/373 2975/1533/373
f 2962/1518/372 2968/1521/372 2977/1521/372 2976/1518/372
f 2954/1532/371 2952/1142/371 2974/1142/371 2973/1532/371
f 2963/1104/404 2960/1533/404 2988/1536/404 2990/1519/404
f 2960/1533/405 2952/1142/405 2986/1537/405 2988/1536/405
f 2952/1142/406 2954/1532/406 2984/1538/406 2986/1537/406
f 2954/1532/407 2956/1531/407 2982/1539/407 2984/1538/407
f 2956/1531/408 2964/1534/408 2980/1540/408 2982/1539/408
f 2964/1535/409 2968/1521/409 2993/1522/409 2980/1541/409
f 2982/1539/410 2980/1540/410 2979/1542/410 2981/1543/410
f 2981/1543/411 2979/1542/411 2948/1508/411 2970/1507/411
f 2984/1538/412 2982/1539/412 2981/1543/412 2983/1544/412
f 2983/1544/413 2981/1543/413 2970/1507/413 2969/1505/413
f 2986/1537/414 2984/1538/414 2983/1544/414 2985/1545/414
f 2985/1545/415 2983/1544/415 2969/1505/415 2958/1504/415
f 2988/1536/416 2986/1537/416 2985/1545/416 2987/1546/416
f 2987/1546/417 2985/1545/417 2958/1504/417 2967/1502/417
f 2990/1519/418 2988/1536/418 2987/1546/418 2989/1547/418
f 2989/1547/419 2987/1546/419 2967/1502/419 2966/1501/419
f 2992/1520/420 2990/1519/420 2989/1547/420 2991/1548/420
f 2991/1548/421 2989/1547/421 2966/1501/421 2965/1499/421
f 2993/1522/422 2992/1520/422 2991/1548/422 2994/1549/422
f 2994/1549/423 2991/1548/423 2965/1499/423 2950/1498/423
f 2980/1541/424 2993/1522/424 2994/1549/424 2979/1550/424
f 2979/1550/425 2994/1549/425 2950/1498/425 2948/1497/425
f 2995/1496/375 2996/1497/375 2998/1498/375 2997/1112/375
f 2997/1112/377 2998/1498/377 3006/1499/377 2999/1500/377
f 2999/1500/371 3006/1499/371 3007/1501/371 3000/1098/371
f 3000/1098/376 3007/1501/376 3008/1502/376 3001/1503/376
f 3001/1503/373 3008/1502/373 3003/1504/373 3002/1107/373
f 3002/1107/378 3003/1504/378 3009/1505/378 3004/1506/378
f 3004/1506/372 3009/1505/372 3010/1507/372 3005/1106/372
f 3005/1106/374 3010/1507/374 2996/1508/374 2995/1509/374
f 2995/1510/4 2997/1511/4 2999/1512/4 3000/1513/4 3001/1514/4 3002/1515/4 3004/1516/4 3005/1517/4
f 2998/1498/8 2996/1508/8 3010/1507/8 3009/1505/8 3003/1504/8 3008/1502/8 3007/1501/8 3006/1499/8
f 3011/1496/375 3012/1497/375 3014/1498/375 3013/1112/375
f 3013/1112/377 3014/1498/377 3022/1499/377 3015/1500/377
f 3015/1500/371 3022/1499/371 3023/1501/371 3016/1098/371
f 3016/1098/376 3023/1501/376 3024/1502/376 3017/1503/376
f 3017/1503/373 3024/1502/373 3019/1504/373 3018/1107/373
f 3018/1107/378 3019/1504/378 3025/1505/378 3020/1506/378
f 3020/1506/372 3025/1505/372 3026/1507/372 3021/1106/372
f 3021/1106/374 3026/1507/374 3012/1508/374 3011/1509/374
f 3011/1510/4 3013/1511/4 3015/1512/4 3016/1513/4 3017/1514/4 3018/1515/4 3020/1516/4 3021/1517/4
f 3014/1498/8 3012/1508/8 3026/1507/8 3025/1505/8 3019/1504/8 3024/1502/8 3023/1501/8 3022/1499/8
usemtl M_Cyan
f 687/476/4 698/481/4 697/471/4 688/472/4
f 685/474/8 692/469/8 691/470/8 686/475/8
f 689/477/4 696/480/4 695/479/4 690/478/4
f 683/468/8 694/466/8 693/467/8 684/473/8
f 896/589/1 895/588/1 898/590/1 897/591/1
f 912/560/5 911/559/5 914/538/5 913/539/5
f 916/602/5 915/601/5 918/603/5 917/604/5
f 924/566/1 923/563/1 926/561/1 925/562/1
f 928/610/1 927/609/1 930/611/1 929/612/1
f 932/614/5 931/613/5 934/615/5 933/616/5
f 1005/647/5 1004/645/5 1007/646/5 1006/648/5
f 1009/650/1 1008/649/1 1011/643/1 1010/644/1
f 1434/945/1 1432/943/1 1431/942/1 1433/944/1
f 1466/959/5 1468/962/5 1467/961/5 1465/960/5
f 1558/1035/4 1559/1034/4 1561/1037/4 1560/1036/4
f 1601/1053/8 1600/1052/8 1602/1054/8 1603/1055/8
f 1819/1166/278 1814/1167/278 1815/1169/278 1821/1170/278
f 1817/1165/279 1818/1163/279 1820/1164/279 1816/1168/279
f 1814/1167/280 1817/1165/280 1816/1168/280 1815/1169/280
f 2228/1230/5 2229/1200/5 2230/1200/5 2227/1201/5
f 2232/1201/5 2233/1380/5 2234/1380/5 2231/1201/5
f 2236/1201/5 2237/1384/5 2238/1200/5 2235/1201/5
f 2229/1094/7 2239/1381/7 2240/1171/7 2230/1094/7
f 2233/1094/7 2241/1171/7 2242/1171/7 2234/1094/7
f 2237/1094/7 2243/1171/7 2244/1171/7 2238/1094/7
f 2239/1381/8 2245/1174/8 2246/1172/8 2240/1171/8
f 2241/1171/8 2247/1174/8 2248/1174/8 2242/1171/8
f 2243/1171/8 2249/1174/8 2250/1174/8 2244/1171/8
f 2245/1174/9 2251/1198/9 2252/1198/9 2246/1172/9
f 2247/1174/9 2253/1198/9 2254/1198/9 2248/1174/9
f 2249/1174/9 2255/1198/9 2256/1198/9 2250/1174/9
f 2251/1198/1 2257/1231/1 2258/1231/1 2252/1198/1
f 2253/1198/1 2259/1231/1 2260/1231/1 2254/1198/1
f 2255/1198/1 2261/1199/1 2262/1231/1 2256/1198/1
f 2257/1231/6 2263/1206/6 2264/1206/6 2258/1231/6
f 2259/1231/6 2265/1206/6 2266/1206/6 2260/1231/6
f 2261/1199/6 2267/1382/6 2268/1228/6 2262/1231/6
f 2263/1206/4 2269/1205/4 2270/1205/4 2264/1206/4
f 2265/1206/4 2271/1205/4 2272/1205/4 2266/1206/4
f 2267/1382/4 2273/1229/4 2274/1229/4 2268/1228/4
f 2269/1205/2 2228/1230/2 2227/1201/2 2270/1205/2
f 2271/1205/2 2232/1201/2 2231/1201/2 2272/1205/2
f 2273/1229/2 2236/1201/2 2235/1201/2 2274/1229/2
f 2484/1488/325 2490/1482/325 2487/1483/325 2483/1486/325
f 2489/1495/326 2485/1487/326 2486/1493/326 2488/1494/326
f 2485/1487/1 2484/1488/1 2483/1486/1 2486/1493/1
f 2892/1488/325 2898/1482/325 2895/1483/325 2891/1486/325
f 2897/1495/326 2893/1487/326 2894/1493/326 2896/1494/326
f 2893/1487/1 2892/1488/1 2891/1486/1 2894/1493/1
usemtl M_Red
f 1755/1146/4 1754/1145/4 1757/1143/4 1756/1144/4
f 1865/1223/18 1864/1222/18 1867/1227/18 1868/1226/18 1869/1211/18 1870/1210/18 1871/1216/18 1866/1217/18
f 2322/1440/1 2323/1428/1 2308/1427/1 2305/1441/1
f 2310/1443/1 2311/1434/1 2320/1433/1 2317/1444/1
f 2326/1445/1 2327/1436/1 2312/1435/1 2309/1446/1
f 2306/1447/1 2307/1448/1 2316/1449/1 2313/1450/1
f 2314/1451/1 2315/1424/1 2286/1423/1 2283/1442/1
f 2302/1453/1 2303/1430/1 2324/1429/1 2321/1454/1
f 2311/1434/3 2310/1443/3 2292/1443/3 2289/1434/3
f 2318/1457/1 2319/1432/1 2304/1462/1 2301/1458/1
f 2327/1436/3 2326/1445/3 2339/1445/3 2342/1436/3
f 2319/1432/3 2318/1457/3 2288/1457/3 2330/1432/3
f 2303/1430/3 2302/1453/3 2300/1453/3 2297/1430/3
f 2315/1424/3 2314/1451/3 2331/1451/3 2334/1424/3
f 2307/1448/3 2306/1447/3 2296/1447/3 2293/1448/3
f 2323/1428/3 2322/1440/3 2335/1440/3 2338/1428/3
f 2414/1440/1 2415/1428/1 2400/1427/1 2397/1441/1
f 2402/1443/1 2403/1434/1 2412/1433/1 2409/1444/1
f 2418/1445/1 2419/1436/1 2404/1435/1 2401/1446/1
f 2398/1447/1 2399/1448/1 2408/1449/1 2405/1450/1
f 2406/1451/1 2407/1424/1 2378/1423/1 2375/1442/1
f 2394/1453/1 2395/1430/1 2416/1429/1 2413/1454/1
f 2403/1434/3 2402/1443/3 2384/1443/3 2381/1434/3
f 2410/1457/1 2411/1432/1 2396/1462/1 2393/1458/1
f 2419/1436/3 2418/1445/3 2431/1445/3 2434/1436/3
f 2411/1432/3 2410/1457/3 2380/1457/3 2422/1432/3
f 2395/1430/3 2394/1453/3 2392/1453/3 2389/1430/3
f 2407/1424/3 2406/1451/3 2423/1451/3 2426/1424/3
f 2399/1448/3 2398/1447/3 2388/1447/3 2385/1448/3
f 2415/1428/3 2414/1440/3 2427/1440/3 2430/1428/3
f 2730/1440/1 2731/1428/1 2716/1427/1 2713/1441/1
f 2718/1443/1 2719/1434/1 2728/1433/1 2725/1444/1
f 2734/1445/1 2735/1436/1 2720/1435/1 2717/1446/1
f 2714/1447/1 2715/1448/1 2724/1449/1 2721/1450/1
f 2722/1451/1 2723/1424/1 2694/1423/1 2691/1442/1
f 2710/1453/1 2711/1430/1 2732/1429/1 2729/1454/1
f 2719/1434/3 2718/1443/3 2700/1443/3 2697/1434/3
f 2726/1457/1 2727/1432/1 2712/1462/1 2709/1458/1
f 2735/1436/3 2734/1445/3 2747/1445/3 2750/1436/3
f 2727/1432/3 2726/1457/3 2696/1457/3 2738/1432/3
f 2711/1430/3 2710/1453/3 2708/1453/3 2705/1430/3
f 2723/1424/3 2722/1451/3 2739/1451/3 2742/1424/3
f 2715/1448/3 2714/1447/3 2704/1447/3 2701/1448/3
f 2731/1428/3 2730/1440/3 2743/1440/3 2746/1428/3
f 2822/1440/1 2823/1428/1 2808/1427/1 2805/1441/1
f 2810/1443/1 2811/1434/1 2820/1433/1 2817/1444/1
f 2826/1445/1 2827/1436/1 2812/1435/1 2809/1446/1
f 2806/1447/1 2807/1448/1 2816/1449/1 2813/1450/1
f 2814/1451/1 2815/1424/1 2786/1423/1 2783/1442/1
f 2802/1453/1 2803/1430/1 2824/1429/1 2821/1454/1
f 2811/1434/3 2810/1443/3 2792/1443/3 2789/1434/3
f 2818/1457/1 2819/1432/1 2804/1462/1 2801/1458/1
f 2827/1436/3 2826/1445/3 2839/1445/3 2842/1436/3
f 2819/1432/3 2818/1457/3 2788/1457/3 2830/1432/3
f 2803/1430/3 2802/1453/3 2800/1453/3 2797/1430/3
f 2815/1424/3 2814/1451/3 2831/1451/3 2834/1424/3
f 2807/1448/3 2806/1447/3 2796/1447/3 2793/1448/3
f 2823/1428/3 2822/1440/3 2835/1440/3 2838/1428/3
