# Blender 4.2.3 LTS
# www.blender.org
mtllib SM_Data_Storage_Unit.mtl
o SM_Data_Storage_Unit
v 0.041264 0.041719 0.077980
v 0.055270 0.058052 0.077980
v 0.055270 0.058052 -0.077980
v 0.029277 0.000000 0.077980
v 0.029277 0.000000 -0.077980
v 0.041264 0.041719 -0.077980
v 0.029277 0.021851 0.077980
v 0.055270 0.065348 0.050518
v -0.083246 0.000000 -0.050518
v -0.083246 0.000000 0.050518
v 0.055270 0.065348 0.046320
v 0.055270 0.065348 0.043982
v 0.072714 0.000000 0.050518
v 0.072714 0.000000 -0.050518
v 0.053613 0.065348 -0.043600
v 0.053613 0.065348 0.043600
v -0.083246 0.000000 -0.040958
v -0.083246 0.000000 0.040958
v 0.053613 0.065348 -0.046039
v 0.053613 0.065348 0.046039
v 0.072714 0.000000 0.040958
v 0.072714 0.000000 -0.040958
v -0.083246 0.000000 -0.036860
v -0.083246 0.000000 0.036860
v 0.053613 0.065348 -0.050518
v 0.072714 0.000000 0.036860
v 0.072714 0.000000 -0.036860
v 0.023380 0.000000 -0.077980
v 0.053613 0.065348 0.050518
v 0.023380 0.000000 0.077980
v 0.072714 0.041719 -0.050518
v 0.072714 0.041719 0.050518
v -0.083246 0.041719 0.050518
v -0.083246 0.041719 -0.050518
v -0.083246 0.041719 0.040958
v -0.083246 0.041719 -0.040958
v 0.072714 0.041719 -0.040958
v 0.072714 0.041719 0.040958
v -0.083246 0.041719 0.036860
v -0.083246 0.041719 -0.036860
v 0.072714 0.021851 -0.050518
v 0.072714 0.021851 0.050518
v -0.083246 0.021851 0.050518
v -0.083246 0.021851 -0.050518
v -0.083246 0.021851 0.040958
v -0.083246 0.021851 -0.040958
v 0.072714 0.017516 -0.040958
v 0.072714 0.017516 0.040958
v -0.083246 0.021851 0.036860
v -0.083246 0.021851 -0.036860
v -0.075950 0.000000 0.077980
v -0.083246 0.000000 0.070684
v -0.083246 0.058052 0.070684
v -0.075950 0.058052 0.077980
v -0.075950 0.065348 0.070684
v -0.083246 0.000000 -0.070684
v -0.075950 0.000000 -0.077980
v -0.083246 0.058052 -0.070684
v -0.075950 0.065348 -0.070684
v -0.075950 0.058052 -0.077980
v 0.072714 0.000000 0.070684
v 0.065418 0.000000 0.077980
v 0.072714 0.058052 0.070684
v 0.065418 0.058052 0.077980
v 0.065418 0.000000 -0.077980
v 0.072714 0.000000 -0.070684
v 0.065418 0.058052 -0.077980
v 0.072714 0.058052 -0.070684
v -0.075950 0.065348 0.050518
v -0.083246 0.058052 0.050518
v -0.083246 0.058052 -0.050518
v -0.075950 0.065348 -0.050518
v 0.072714 0.058052 -0.050518
v 0.072714 0.058052 0.050518
v -0.075950 0.065348 0.041305
v -0.083246 0.058052 0.040958
v -0.083246 0.058052 -0.040958
v -0.075950 0.065348 -0.041306
v 0.072714 0.058052 -0.046095
v 0.072714 0.058052 0.046095
v -0.075950 0.065348 0.037173
v -0.083246 0.058052 0.036860
v -0.083246 0.058052 -0.036860
v -0.075950 0.065348 -0.037173
v -0.083246 0.041719 0.070684
v -0.075950 0.041719 0.077980
v -0.075950 0.041719 -0.077980
v -0.083246 0.041719 -0.070684
v 0.072714 0.041719 -0.070684
v 0.065418 0.041719 -0.077980
v 0.065418 0.041719 0.077980
v 0.072714 0.041719 0.070684
v -0.083246 0.021851 -0.070684
v -0.075950 0.021851 -0.077980
v 0.065418 0.021851 -0.077980
v 0.072714 0.021851 -0.070684
v 0.072714 0.021851 0.070684
v 0.065418 0.021851 0.077980
v -0.083246 0.021851 0.070684
v -0.075950 0.021851 0.077980
v 0.055270 0.065348 -0.050518
v 0.029277 0.021851 -0.077980
v 0.055270 0.065348 -0.046320
v 0.055270 0.065348 -0.043982
v 0.029277 0.014605 -0.077980
v 0.029277 0.014605 0.077980
v 0.072714 0.014605 -0.050518
v 0.072714 0.014605 0.050518
v -0.083246 0.009598 0.050518
v -0.083246 0.009598 -0.050518
v 0.072714 0.008573 -0.040958
v 0.000431 0.009605 0.076715
v 0.000431 0.009605 -0.076715
v 0.072714 0.008573 0.040958
v -0.083246 0.009597 0.040958
v 0.023616 0.065498 -0.070533
v 0.023616 0.065348 0.070383
v -0.083246 0.009597 -0.040958
v 0.023614 0.058052 0.077980
v 0.072714 0.008571 -0.036860
v 0.023614 0.058052 -0.077980
v 0.011053 0.041719 0.077980
v 0.072714 0.008571 0.036860
v -0.083246 0.009596 0.036860
v 0.000307 0.021851 0.077980
v 0.000310 0.009605 0.077980
v -0.083246 0.009596 -0.036860
v 0.000310 0.009605 -0.077980
v 0.011053 0.041719 -0.077980
v -0.075950 0.009602 0.077980
v -0.083246 0.009600 0.070684
v 0.000307 0.021851 -0.077980
v 0.023944 0.065348 0.042128
v -0.083246 0.009600 -0.070684
v 0.023944 0.065348 0.044955
v -0.075950 0.009602 -0.077980
v 0.023944 0.065348 0.050518
v 0.065418 0.014604 -0.077980
v 0.072714 0.014604 -0.070684
v 0.023944 0.065348 -0.050518
v 0.023944 0.065348 -0.042128
v 0.072714 0.014604 0.070684
v 0.023944 0.065348 -0.044955
v 0.065418 0.014604 0.077980
v 0.023380 0.008546 -0.076715
v 0.029277 0.014605 -0.076715
v 0.029277 0.013541 -0.076715
v 0.071449 0.007509 0.040958
v 0.071449 0.008573 0.040958
v 0.071449 0.014605 0.050518
v 0.071449 0.013541 0.050518
v -0.081981 0.008555 -0.040958
v -0.081981 0.009597 -0.040958
v -0.081981 0.009598 -0.050518
v -0.081981 0.008554 -0.050518
v 0.071449 0.013541 -0.050518
v 0.071449 0.014605 -0.050518
v 0.071449 0.008573 -0.040958
v 0.071449 0.007509 -0.040958
v 0.071449 0.007510 0.036860
v 0.071449 0.008571 0.036860
v -0.081981 0.008554 0.050518
v -0.081981 0.009598 0.050518
v -0.081981 0.009597 0.040958
v -0.081981 0.008555 0.040958
v -0.081981 0.008556 -0.036860
v -0.081981 0.009596 -0.036860
v 0.071449 0.008571 -0.036860
v 0.071449 0.007510 -0.036860
v -0.081981 0.009596 0.036860
v -0.081981 0.008556 0.036860
v 0.064894 0.013542 0.076715
v 0.064894 0.014604 0.076715
v 0.029277 0.014605 0.076715
v 0.029277 0.013541 0.076715
v -0.075426 0.008549 -0.076715
v -0.075426 0.009602 -0.076715
v 0.023380 0.008546 0.076715
v -0.081981 0.008552 -0.070160
v -0.081981 0.009600 -0.070160
v 0.064894 0.013542 -0.076715
v 0.064894 0.014604 -0.076715
v 0.071449 0.014604 -0.070160
v 0.071449 0.013542 -0.070160
v 0.071449 0.013542 0.070160
v 0.071449 0.014604 0.070160
v -0.075426 0.008549 0.076715
v -0.075426 0.009602 0.076715
v -0.081981 0.009600 0.070160
v -0.081981 0.008552 0.070160
v 0.055270 0.065348 -0.070293
v 0.055270 0.065071 -0.070960
v 0.055270 0.065348 0.070293
v 0.055270 0.065071 0.070960
v 0.023766 0.021851 -0.077980
v 0.022956 0.021851 -0.077980
v 0.022956 0.021851 0.077980
v 0.023766 0.021851 0.077980
v 0.036893 0.041719 -0.077980
v 0.037720 0.041719 -0.077980
v 0.037720 0.041719 0.077980
v 0.036893 0.041719 0.077980
v 0.072714 0.041719 -0.037268
v 0.072714 0.041960 -0.034718
v 0.072714 0.041960 0.034718
v 0.072714 0.041719 0.037268
v 0.054015 0.058052 0.077980
v 0.053185 0.058052 0.077980
v 0.054015 0.065071 0.070960
v 0.053187 0.065348 0.070293
v 0.053185 0.058052 -0.077980
v 0.054015 0.058052 -0.077980
v 0.072714 0.019641 -0.034719
v 0.072714 0.017125 -0.037267
v 0.072714 0.019641 0.034719
v 0.072714 0.017125 0.037267
v 0.054015 0.065071 -0.070960
v 0.053187 0.065543 -0.070489
v 0.065027 0.065348 0.070293
v 0.065603 0.064979 0.070868
v 0.065027 0.065348 -0.070293
v 0.065603 0.064979 -0.070868
v 0.065027 0.065348 -0.050518
v 0.065695 0.065071 -0.050518
v 0.065695 0.065071 0.050518
v 0.065027 0.065348 0.050518
v 0.065027 0.065348 -0.047976
v 0.065695 0.065071 -0.047969
v 0.065695 0.065071 0.047969
v 0.065027 0.065348 0.047976
v 0.065027 0.065348 -0.046040
v 0.065695 0.065071 -0.046547
v 0.072714 0.058052 -0.041893
v 0.072714 0.058052 0.041893
v 0.065223 0.065543 0.046040
v 0.065695 0.065071 0.046547
v 0.023756 0.009925 -0.077980
v 0.022959 0.009606 -0.077980
v 0.023756 0.009925 0.077980
v 0.022959 0.009606 0.077980
v 0.022960 0.009606 -0.076715
v 0.023753 0.009923 -0.076715
v 0.023380 0.009215 -0.076715
v 0.023753 0.009923 0.076715
v 0.022960 0.009606 0.076715
v 0.023380 0.009215 0.076715
v 0.022827 0.010204 -0.077210
v 0.023575 0.010179 -0.077332
v 0.023575 0.010179 0.077332
v 0.022827 0.010204 0.077210
v 0.053991 0.064628 -0.070621
v 0.053167 0.065107 -0.070139
v 0.055246 0.064863 -0.070026
v 0.055246 0.064586 -0.070693
v 0.065459 0.064430 0.070726
v 0.064884 0.064799 0.070151
v 0.055268 0.064845 0.070060
v 0.055268 0.064568 0.070727
v 0.037720 0.041719 0.077426
v 0.036893 0.041719 0.077426
v 0.022956 0.021851 0.077426
v 0.023766 0.021851 0.077426
v 0.054084 0.057748 0.077469
v 0.053227 0.057867 0.077409
v 0.054059 0.064597 0.070655
v 0.053238 0.064884 0.069973
v 0.036893 0.041719 -0.077426
v 0.037720 0.041719 -0.077426
v 0.023766 0.021851 -0.077426
v 0.022956 0.021851 -0.077426
v 0.053185 0.057869 -0.077410
v 0.054015 0.057751 -0.077466
v 0.072160 0.041719 -0.037268
v 0.072160 0.041719 -0.036453
v 0.072160 0.017907 -0.036453
v 0.072160 0.017125 -0.037267
v 0.072160 0.041719 0.036453
v 0.072160 0.041719 0.037268
v 0.072160 0.017125 0.037267
v 0.072160 0.017907 0.036453
v 0.064884 0.064799 -0.070151
v 0.065459 0.064430 -0.070726
v 0.065461 0.064569 0.050517
v 0.064794 0.064845 0.050517
v 0.064794 0.064845 -0.050517
v 0.065461 0.064569 -0.050517
v 0.065442 0.064577 0.047946
v 0.064776 0.064852 0.047954
v 0.064815 0.064836 -0.047976
v 0.065483 0.064560 -0.047969
v 0.072185 0.057775 0.041893
v 0.064873 0.065109 0.046019
v 0.065351 0.064632 0.046524
v 0.064733 0.064872 -0.046089
v 0.065408 0.064590 -0.046591
v 0.072192 0.057742 -0.041958
v 0.023573 0.010383 0.077366
v 0.022725 0.010191 0.077502
v 0.023573 0.010383 -0.077366
v 0.022725 0.010191 -0.077502
v 0.072497 0.058258 -0.041215
v 0.072714 0.056018 -0.038697
v 0.072714 0.056018 0.038697
v 0.071931 0.058089 0.041218
v 0.072158 0.057841 0.041370
v 0.071920 0.058063 -0.041261
v 0.072137 0.057560 -0.041029
v 0.072156 0.057817 -0.041410
v 0.072714 0.057753 0.040990
v 0.072714 0.057753 -0.040990
v 0.072502 0.058264 0.041215
v 0.072143 0.057580 0.040989
v 0.072319 0.058272 -0.041019
v 0.072326 0.058284 0.041003
v 0.071886 0.058127 -0.041087
v 0.072495 0.057725 -0.040846
v 0.072103 0.057624 -0.040855
v 0.072489 0.057727 0.040834
v 0.072121 0.057649 0.040815
v 0.071910 0.058158 0.041044
v 0.072714 0.041719 -0.036453
v 0.072714 0.017907 -0.036453
v 0.072714 0.017907 0.036453
v 0.072714 0.041719 0.036453
v 0.071432 0.041960 -0.034718
v 0.071432 0.041960 0.034718
v 0.071432 0.019641 -0.034719
v 0.071432 0.019641 0.034719
v 0.071432 0.056018 0.038697
v 0.071432 0.056018 -0.038697
v 0.071432 0.025997 -0.033494
v 0.071432 0.035604 -0.033494
v 0.071432 0.035604 0.033494
v 0.071432 0.025997 0.033494
v 0.071432 0.043184 -0.033792
v 0.071432 0.054794 -0.037078
v 0.071432 0.054794 0.037078
v 0.071432 0.043184 0.033792
v 0.071953 0.035604 -0.033494
v 0.071953 0.025997 -0.033494
v 0.071953 0.025997 0.033494
v 0.071953 0.035604 0.033494
v 0.071953 0.054794 -0.037078
v 0.071953 0.043184 -0.033792
v 0.071953 0.043184 0.033792
v 0.071953 0.054794 0.037078
v 0.071953 0.026797 -0.031839
v 0.071953 0.034804 -0.031838
v 0.071953 0.034804 0.031838
v 0.071953 0.026797 0.031839
v 0.071953 0.044840 -0.032540
v 0.071953 0.053139 -0.034889
v 0.071953 0.053139 0.034889
v 0.071953 0.044840 0.032540
v 0.071245 0.034804 -0.031838
v 0.071245 0.026797 -0.031839
v 0.071245 0.026797 0.031839
v 0.071245 0.034804 0.031838
v 0.071245 0.053139 -0.034889
v 0.071245 0.044840 -0.032540
v 0.071245 0.044840 0.032540
v 0.071245 0.053139 0.034889
v 0.071245 0.027219 -0.030967
v 0.071245 0.034382 -0.030966
v 0.071245 0.034382 0.030966
v 0.071245 0.027219 0.030967
v 0.071245 0.045712 -0.031881
v 0.071245 0.052266 -0.033735
v 0.071245 0.052266 0.033735
v 0.071245 0.045712 0.031881
v 0.070939 0.034382 -0.030966
v 0.070939 0.027219 -0.030967
v 0.070939 0.027219 0.030967
v 0.070939 0.034382 0.030966
v 0.070939 0.052266 -0.033735
v 0.070939 0.045712 -0.031881
v 0.070939 0.045712 0.031881
v 0.070939 0.052266 0.033735
v 0.029277 0.013541 -0.077312
v 0.029277 0.012848 -0.077980
v 0.029277 0.013541 0.077312
v 0.029277 0.012848 0.077980
v 0.072714 0.012848 -0.050518
v 0.072046 0.013541 -0.050518
v 0.072046 0.013541 0.050518
v 0.072714 0.012848 0.050518
v -0.083246 0.007874 0.050518
v -0.082577 0.008554 0.050518
v -0.082577 0.008554 -0.050518
v -0.083246 0.007874 -0.050518
v 0.072046 0.007509 -0.040958
v 0.072714 0.006816 -0.040958
v 0.072714 0.006816 0.040958
v 0.072046 0.007509 0.040958
v -0.082577 0.008555 0.040958
v -0.083246 0.007877 0.040958
v -0.083246 0.007877 -0.040958
v -0.082577 0.008555 -0.040958
v 0.023380 0.007855 -0.077980
v 0.023380 0.008546 -0.077312
v 0.072046 0.007510 -0.036860
v 0.072714 0.006819 -0.036860
v 0.072714 0.006819 0.036860
v 0.072046 0.007510 0.036860
v -0.082577 0.008556 0.036860
v -0.083246 0.007878 0.036860
v -0.083246 0.007878 -0.036860
v -0.082577 0.008556 -0.036860
v 0.023380 0.008546 0.077312
v 0.023380 0.007855 0.077980
v -0.075950 0.007864 0.077980
v -0.075673 0.008549 0.077312
v -0.082577 0.008552 0.070407
v -0.083246 0.007870 0.070684
v -0.083246 0.007870 -0.070684
v -0.082577 0.008552 -0.070407
v -0.075950 0.007864 -0.077980
v -0.075673 0.008549 -0.077312
v 0.065418 0.012851 -0.077980
v 0.065141 0.013542 -0.077312
v 0.072046 0.013542 -0.070407
v 0.072714 0.012851 -0.070684
v 0.072714 0.012851 0.070684
v 0.072046 0.013542 0.070407
v 0.065418 0.012851 0.077980
v 0.065141 0.013542 0.077312
v 0.021963 0.020858 -0.077980
v 0.021966 0.010599 -0.077980
v 0.021963 0.020858 0.077980
v 0.003838 0.020858 -0.077980
v 0.001301 0.018320 -0.077980
v 0.001301 0.020858 -0.077980
v 0.001302 0.013136 -0.077980
v 0.003840 0.010598 -0.077980
v 0.001303 0.010598 -0.077980
v 0.019429 0.010599 -0.077980
v 0.021965 0.013136 -0.077980
v 0.021964 0.018320 -0.077980
v 0.019426 0.020858 -0.077980
v 0.019426 0.020858 0.077980
v 0.021964 0.018320 0.077980
v 0.021965 0.013136 0.077980
v 0.019429 0.010599 0.077980
v 0.021966 0.010599 0.077980
v 0.003840 0.010598 0.077980
v 0.001302 0.013136 0.077980
v 0.001303 0.010598 0.077980
v 0.001301 0.018320 0.077980
v 0.003838 0.020858 0.077980
v 0.001301 0.020858 0.077980
v 0.001301 0.018320 -0.076460
v 0.003838 0.020858 -0.076460
v 0.003840 0.010598 -0.076460
v 0.001302 0.013136 -0.076460
v 0.021965 0.013136 -0.076460
v 0.019429 0.010599 -0.076460
v 0.019426 0.020858 -0.076460
v 0.021964 0.018320 -0.076460
v 0.021964 0.018320 0.076460
v 0.019426 0.020858 0.076460
v 0.019429 0.010599 0.076460
v 0.021965 0.013136 0.076460
v 0.001302 0.013136 0.076460
v 0.003840 0.010598 0.076460
v 0.003838 0.020858 0.076460
v 0.001301 0.018320 0.076460
v 0.004302 0.011715 -0.076460
v 0.002419 0.013598 -0.076460
v 0.004300 0.019741 -0.076460
v 0.020849 0.013599 0.076460
v 0.018963 0.019741 0.076460
v 0.002419 0.013598 0.076460
v 0.004302 0.011715 0.076460
v 0.018966 0.011715 -0.076460
v 0.002418 0.017858 -0.076460
v 0.018963 0.019741 -0.076460
v 0.020847 0.017858 -0.076460
v 0.020849 0.013599 -0.076460
v 0.018966 0.011715 0.076460
v 0.020847 0.017858 0.076460
v 0.004300 0.019741 0.076460
v 0.002418 0.017858 0.076460
v 0.002419 0.013598 -0.075664
v 0.004302 0.011715 -0.075664
v 0.018966 0.011715 -0.075664
v 0.002418 0.017858 -0.075664
v 0.004300 0.019741 -0.075664
v 0.018963 0.019741 -0.075664
v 0.020847 0.017858 -0.075664
v 0.020849 0.013599 -0.075664
v 0.020849 0.013599 0.075664
v 0.018966 0.011715 0.075664
v 0.004302 0.011715 0.075664
v 0.020847 0.017858 0.075664
v 0.018963 0.019741 0.075664
v 0.004300 0.019741 0.075664
v 0.002418 0.017858 0.075664
v 0.002419 0.013598 0.075664
v 0.041264 0.104307 0.077980
v 0.055270 0.120639 0.077980
v 0.055270 0.120639 -0.077980
v 0.029277 0.062588 0.077980
v 0.029277 0.062588 -0.077980
v 0.041264 0.104307 -0.077980
v 0.029277 0.084438 0.077980
v 0.055270 0.127935 0.050518
v -0.083246 0.062588 -0.050518
v -0.083246 0.062588 0.050518
v 0.055270 0.127935 0.046320
v 0.055270 0.127935 0.043982
v 0.072714 0.062588 0.050518
v 0.072714 0.062588 -0.050518
v 0.053613 0.127935 -0.043600
v 0.053613 0.127935 0.043600
v -0.083246 0.065840 -0.040958
v -0.083246 0.065840 0.040958
v 0.053613 0.127935 -0.046039
v 0.053613 0.127935 0.046039
v 0.072714 0.065840 0.040958
v 0.072714 0.065840 -0.040958
v -0.083246 0.065840 -0.036860
v -0.083246 0.065840 0.036860
v 0.053613 0.127935 -0.050518
v 0.072714 0.065840 0.036860
v 0.072714 0.065840 -0.036860
v 0.023380 0.062588 -0.077980
v 0.053613 0.127935 0.050518
v 0.023380 0.062588 0.077980
v 0.072714 0.104307 -0.050518
v 0.072714 0.104307 0.050518
v -0.083246 0.104307 0.050518
v -0.083246 0.104307 -0.050518
v -0.083246 0.104307 0.040958
v -0.083246 0.104307 -0.040958
v 0.072714 0.104307 -0.040958
v 0.072714 0.104307 0.040958
v -0.083246 0.104307 0.036860
v -0.083246 0.104307 -0.036860
v 0.072714 0.084438 -0.050518
v 0.072714 0.084438 0.050518
v -0.083246 0.084438 0.050518
v -0.083246 0.084438 -0.050518
v -0.083246 0.084438 0.040958
v -0.083246 0.084438 -0.040958
v 0.072714 0.080103 -0.040958
v 0.072714 0.080103 0.040958
v -0.083246 0.084438 0.036860
v -0.083246 0.084438 -0.036860
v -0.075950 0.062588 0.077980
v -0.083246 0.062588 0.070684
v -0.083246 0.120639 0.070684
v -0.075950 0.120639 0.077980
v -0.075950 0.127935 0.070684
v -0.083246 0.062588 -0.070684
v -0.075950 0.062588 -0.077980
v -0.083246 0.120639 -0.070684
v -0.075950 0.127935 -0.070684
v -0.075950 0.120639 -0.077980
v 0.072714 0.062588 0.070684
v 0.065418 0.062588 0.077980
v 0.072714 0.120639 0.070684
v 0.065418 0.120639 0.077980
v 0.065418 0.062588 -0.077980
v 0.072714 0.062588 -0.070684
v 0.065418 0.120639 -0.077980
v 0.072714 0.120639 -0.070684
v -0.075950 0.127935 0.050518
v -0.083246 0.120639 0.050518
v -0.083246 0.120639 -0.050518
v -0.075950 0.127935 -0.050518
v 0.072714 0.120639 -0.050518
v 0.072714 0.120639 0.050518
v -0.075950 0.127935 0.041305
v -0.083246 0.120639 0.040958
v -0.083246 0.120639 -0.040958
v -0.075950 0.127935 -0.041306
v 0.072714 0.120639 -0.046095
v 0.072714 0.120639 0.046095
v -0.075950 0.127935 0.037173
v -0.083246 0.120639 0.036860
v -0.083246 0.120639 -0.036860
v -0.075950 0.127935 -0.037173
v -0.083246 0.104307 0.070684
v -0.075950 0.104307 0.077980
v -0.075950 0.104307 -0.077980
v -0.083246 0.104307 -0.070684
v 0.072714 0.104307 -0.070684
v 0.065418 0.104307 -0.077980
v 0.065418 0.104307 0.077980
v 0.072714 0.104307 0.070684
v -0.083246 0.084438 -0.070684
v -0.075950 0.084438 -0.077980
v 0.065418 0.084438 -0.077980
v 0.072714 0.084438 -0.070684
v 0.072714 0.084438 0.070684
v 0.065418 0.084438 0.077980
v -0.083246 0.084438 0.070684
v -0.075950 0.084438 0.077980
v 0.055270 0.127935 -0.050518
v 0.029277 0.084438 -0.077980
v 0.055270 0.127935 -0.046320
v 0.055270 0.127935 -0.043982
v 0.029277 0.077193 -0.077980
v 0.029277 0.077193 0.077980
v 0.072714 0.077193 -0.050518
v 0.072714 0.077193 0.050518
v -0.083246 0.072185 0.050518
v -0.083246 0.072185 -0.050518
v 0.072714 0.071160 -0.040958
v 0.000431 0.072193 0.076715
v 0.000431 0.072193 -0.076715
v 0.072714 0.071160 0.040958
v -0.083246 0.072184 0.040958
v 0.023616 0.128086 -0.070533
v 0.023616 0.127935 0.070383
v -0.083246 0.072184 -0.040958
v 0.023614 0.120639 0.077980
v 0.072714 0.071159 -0.036860
v 0.023614 0.120639 -0.077980
v 0.011053 0.104307 0.077980
v 0.072714 0.071159 0.036860
v -0.083246 0.072184 0.036860
v 0.000307 0.084438 0.077980
v 0.000310 0.072193 0.077980
v -0.083246 0.072184 -0.036860
v 0.000310 0.072193 -0.077980
v 0.011053 0.104307 -0.077980
v -0.075950 0.072190 0.077980
v -0.083246 0.072187 0.070684
v 0.000307 0.084438 -0.077980
v 0.023944 0.127935 0.042128
v -0.083246 0.072187 -0.070684
v 0.023944 0.127935 0.044955
v -0.075950 0.072190 -0.077980
v 0.023944 0.127935 0.050518
v 0.065418 0.077191 -0.077980
v 0.072714 0.077191 -0.070684
v 0.023944 0.127935 -0.050518
v 0.023944 0.127935 -0.042128
v 0.072714 0.077191 0.070684
v 0.023944 0.127935 -0.044955
v 0.065418 0.077191 0.077980
v 0.023380 0.071133 -0.076715
v 0.029277 0.077193 -0.076715
v 0.029277 0.076128 -0.076715
v 0.071449 0.070096 0.040958
v 0.071449 0.071160 0.040958
v 0.071449 0.077193 0.050518
v 0.071449 0.076128 0.050518
v -0.081981 0.071143 -0.040958
v -0.081981 0.072184 -0.040958
v -0.081981 0.072185 -0.050518
v -0.081981 0.071141 -0.050518
v 0.071449 0.076128 -0.050518
v 0.071449 0.077193 -0.050518
v 0.071449 0.071160 -0.040958
v 0.071449 0.070096 -0.040958
v 0.071449 0.070098 0.036860
v 0.071449 0.071159 0.036860
v -0.081981 0.071141 0.050518
v -0.081981 0.072185 0.050518
v -0.081981 0.072184 0.040958
v -0.081981 0.071143 0.040958
v -0.081981 0.071143 -0.036860
v -0.081981 0.072184 -0.036860
v 0.071449 0.071159 -0.036860
v 0.071449 0.070098 -0.036860
v -0.081981 0.072184 0.036860
v -0.081981 0.071143 0.036860
v 0.064894 0.076130 0.076715
v 0.064894 0.077191 0.076715
v 0.029277 0.077193 0.076715
v 0.029277 0.076128 0.076715
v -0.075426 0.071137 -0.076715
v -0.075426 0.072190 -0.076715
v 0.023380 0.071133 0.076715
v -0.081981 0.071140 -0.070160
v -0.081981 0.072187 -0.070160
v 0.064894 0.076130 -0.076715
v 0.064894 0.077191 -0.076715
v 0.071449 0.077191 -0.070160
v 0.071449 0.076130 -0.070160
v 0.071449 0.076130 0.070160
v 0.071449 0.077191 0.070160
v -0.075426 0.071137 0.076715
v -0.075426 0.072190 0.076715
v -0.081981 0.072187 0.070160
v -0.081981 0.071140 0.070160
v 0.055270 0.127935 -0.070293
v 0.055270 0.127659 -0.070960
v 0.055270 0.127935 0.070293
v 0.055270 0.127659 0.070960
v 0.023766 0.084438 -0.077980
v 0.022956 0.084438 -0.077980
v 0.022956 0.084438 0.077980
v 0.023766 0.084438 0.077980
v 0.036893 0.104307 -0.077980
v 0.037720 0.104307 -0.077980
v 0.037720 0.104307 0.077980
v 0.036893 0.104307 0.077980
v 0.072714 0.104307 -0.037268
v 0.072714 0.104548 -0.034718
v 0.072714 0.104548 0.034718
v 0.072714 0.104307 0.037268
v 0.054015 0.120639 0.077980
v 0.053185 0.120639 0.077980
v 0.054015 0.127659 0.070960
v 0.053187 0.127935 0.070293
v 0.053185 0.120639 -0.077980
v 0.054015 0.120639 -0.077980
v 0.072714 0.082228 -0.034719
v 0.072714 0.079712 -0.037267
v 0.072714 0.082228 0.034719
v 0.072714 0.079712 0.037267
v 0.054015 0.127659 -0.070960
v 0.053187 0.128131 -0.070489
v 0.065027 0.127935 0.070293
v 0.065603 0.127567 0.070868
v 0.065027 0.127935 -0.070293
v 0.065603 0.127567 -0.070868
v 0.065027 0.127935 -0.050518
v 0.065695 0.127659 -0.050518
v 0.065695 0.127659 0.050518
v 0.065027 0.127935 0.050518
v 0.065027 0.127935 -0.047976
v 0.065695 0.127659 -0.047969
v 0.065695 0.127659 0.047969
v 0.065027 0.127935 0.047976
v 0.065027 0.127935 -0.046040
v 0.065695 0.127659 -0.046547
v 0.072714 0.120639 -0.041893
v 0.072714 0.120639 0.041893
v 0.065223 0.128131 0.046040
v 0.065695 0.127659 0.046547
v 0.023756 0.072513 -0.077980
v 0.022959 0.072194 -0.077980
v 0.023756 0.072513 0.077980
v 0.022959 0.072194 0.077980
v 0.022960 0.072194 -0.076715
v 0.023753 0.072510 -0.076715
v 0.023380 0.071803 -0.076715
v 0.023753 0.072510 0.076715
v 0.022960 0.072194 0.076715
v 0.023380 0.071803 0.076715
v 0.022827 0.072791 -0.077210
v 0.023575 0.072767 -0.077332
v 0.023575 0.072767 0.077332
v 0.022827 0.072791 0.077210
v 0.053991 0.127216 -0.070621
v 0.053167 0.127695 -0.070139
v 0.055246 0.127450 -0.070026
v 0.055246 0.127174 -0.070693
v 0.065459 0.127018 0.070726
v 0.064884 0.127387 0.070151
v 0.055268 0.127432 0.070060
v 0.055268 0.127156 0.070727
v 0.037720 0.104307 0.077426
v 0.036893 0.104307 0.077426
v 0.022956 0.084438 0.077426
v 0.023766 0.084438 0.077426
v 0.054084 0.120335 0.077469
v 0.053227 0.120455 0.077409
v 0.054059 0.127185 0.070655
v 0.053238 0.127472 0.069973
v 0.036893 0.104307 -0.077426
v 0.037720 0.104307 -0.077426
v 0.023766 0.084438 -0.077426
v 0.022956 0.084438 -0.077426
v 0.053185 0.120457 -0.077410
v 0.054015 0.120338 -0.077466
v 0.072160 0.104307 -0.037268
v 0.072160 0.104307 -0.036453
v 0.072160 0.080494 -0.036453
v 0.072160 0.079712 -0.037267
v 0.072160 0.104307 0.036453
v 0.072160 0.104307 0.037268
v 0.072160 0.079712 0.037267
v 0.072160 0.080494 0.036453
v 0.064884 0.127387 -0.070151
v 0.065459 0.127018 -0.070726
v 0.065461 0.127156 0.050517
v 0.064794 0.127433 0.050517
v 0.064794 0.127433 -0.050517
v 0.065461 0.127156 -0.050517
v 0.065442 0.127164 0.047946
v 0.064776 0.127440 0.047954
v 0.064815 0.127424 -0.047976
v 0.065483 0.127147 -0.047969
v 0.072185 0.120362 0.041893
v 0.064873 0.127696 0.046019
v 0.065351 0.127220 0.046524
v 0.064733 0.127459 -0.046089
v 0.065408 0.127178 -0.046591
v 0.072192 0.120329 -0.041958
v 0.023573 0.072971 0.077366
v 0.022725 0.072778 0.077502
v 0.023573 0.072971 -0.077366
v 0.022725 0.072778 -0.077502
v 0.072497 0.120846 -0.041215
v 0.072714 0.118606 -0.038697
v 0.072714 0.118606 0.038697
v 0.072502 0.120851 0.041215
v 0.072158 0.120429 0.041370
v 0.072137 0.120147 -0.041029
v 0.072156 0.120405 -0.041410
v 0.071920 0.120651 -0.041261
v 0.072714 0.120340 -0.040990
v 0.072143 0.120168 0.040989
v 0.071931 0.120677 0.041218
v 0.072319 0.120859 -0.041019
v 0.072326 0.120871 0.041003
v 0.071886 0.120714 -0.041087
v 0.072495 0.120312 -0.040846
v 0.072103 0.120211 -0.040855
v 0.072489 0.120315 0.040834
v 0.072121 0.120236 0.040815
v 0.071910 0.120745 0.041044
v 0.072714 0.104307 -0.036453
v 0.072714 0.080494 -0.036453
v 0.072714 0.080494 0.036453
v 0.072714 0.104307 0.036453
v 0.072714 0.120340 0.040990
v 0.071432 0.104548 -0.034718
v 0.071432 0.104548 0.034718
v 0.071432 0.082228 -0.034719
v 0.071432 0.082228 0.034719
v 0.071432 0.118606 0.038697
v 0.071432 0.118606 -0.038697
v 0.071432 0.088584 -0.033494
v 0.071432 0.098192 -0.033494
v 0.071432 0.098192 0.033494
v 0.071432 0.088584 0.033494
v 0.071432 0.105772 -0.033792
v 0.071432 0.117382 -0.037078
v 0.071432 0.117382 0.037078
v 0.071432 0.105772 0.033792
v 0.071953 0.098192 -0.033494
v 0.071953 0.088584 -0.033494
v 0.071953 0.088584 0.033494
v 0.071953 0.098192 0.033494
v 0.071953 0.117382 -0.037078
v 0.071953 0.105772 -0.033792
v 0.071953 0.105772 0.033792
v 0.071953 0.117382 0.037078
v 0.071953 0.089385 -0.031839
v 0.071953 0.097391 -0.031838
v 0.071953 0.097391 0.031838
v 0.071953 0.089385 0.031839
v 0.071953 0.107428 -0.032540
v 0.071953 0.115726 -0.034889
v 0.071953 0.115726 0.034889
v 0.071953 0.107428 0.032540
v 0.071245 0.097391 -0.031838
v 0.071245 0.089385 -0.031839
v 0.071245 0.089385 0.031839
v 0.071245 0.097391 0.031838
v 0.071245 0.115726 -0.034889
v 0.071245 0.107428 -0.032540
v 0.071245 0.107428 0.032540
v 0.071245 0.115726 0.034889
v 0.071245 0.089807 -0.030967
v 0.071245 0.096969 -0.030966
v 0.071245 0.096969 0.030966
v 0.071245 0.089807 0.030967
v 0.071245 0.108300 -0.031881
v 0.071245 0.114854 -0.033735
v 0.071245 0.114854 0.033735
v 0.071245 0.108300 0.031881
v 0.070939 0.096969 -0.030966
v 0.070939 0.089807 -0.030967
v 0.070939 0.089807 0.030967
v 0.070939 0.096969 0.030966
v 0.070939 0.114854 -0.033735
v 0.070939 0.108300 -0.031881
v 0.070939 0.108300 0.031881
v 0.070939 0.114854 0.033735
v 0.029277 0.076128 -0.077312
v 0.029277 0.075436 -0.077980
v 0.029277 0.076128 0.077312
v 0.029277 0.075436 0.077980
v 0.072714 0.075436 -0.050518
v 0.072046 0.076128 -0.050518
v 0.072046 0.076128 0.050518
v 0.072714 0.075436 0.050518
v -0.083246 0.070462 0.050518
v -0.082577 0.071141 0.050518
v -0.082577 0.071141 -0.050518
v -0.083246 0.070462 -0.050518
v 0.072046 0.070096 -0.040958
v 0.072714 0.069403 -0.040958
v 0.072714 0.069403 0.040958
v 0.072046 0.070096 0.040958
v -0.082577 0.071143 0.040958
v -0.083246 0.070465 0.040958
v -0.083246 0.070465 -0.040958
v -0.082577 0.071143 -0.040958
v 0.023380 0.070443 -0.077980
v 0.023380 0.071133 -0.077312
v 0.072046 0.070098 -0.036860
v 0.072714 0.069407 -0.036860
v 0.072714 0.069407 0.036860
v 0.072046 0.070098 0.036860
v -0.082577 0.071143 0.036860
v -0.083246 0.070466 0.036860
v -0.083246 0.070466 -0.036860
v -0.082577 0.071143 -0.036860
v 0.023380 0.071133 0.077312
v 0.023380 0.070443 0.077980
v -0.075950 0.070451 0.077980
v -0.075673 0.071137 0.077312
v -0.082577 0.071140 0.070407
v -0.083246 0.070458 0.070684
v -0.083246 0.070458 -0.070684
v -0.082577 0.071140 -0.070407
v -0.075950 0.070451 -0.077980
v -0.075673 0.071137 -0.077312
v 0.065418 0.075439 -0.077980
v 0.065141 0.076130 -0.077312
v 0.072046 0.076130 -0.070407
v 0.072714 0.075439 -0.070684
v 0.072714 0.075439 0.070684
v 0.072046 0.076130 0.070407
v 0.065418 0.075439 0.077980
v 0.065141 0.076130 0.077312
v 0.001303 0.073186 -0.077980
v 0.001301 0.083445 -0.077980
v 0.021966 0.073187 0.077980
v 0.003838 0.083445 -0.077980
v 0.001301 0.080908 -0.077980
v 0.001302 0.075723 -0.077980
v 0.003840 0.073186 -0.077980
v 0.019429 0.073187 -0.077980
v 0.021965 0.075724 -0.077980
v 0.021966 0.073187 -0.077980
v 0.021964 0.080908 -0.077980
v 0.019426 0.083445 -0.077980
v 0.021963 0.083445 -0.077980
v 0.019426 0.083445 0.077980
v 0.021964 0.080908 0.077980
v 0.021963 0.083445 0.077980
v 0.021965 0.075724 0.077980
v 0.019429 0.073187 0.077980
v 0.003840 0.073186 0.077980
v 0.001302 0.075723 0.077980
v 0.001303 0.073186 0.077980
v 0.001301 0.080908 0.077980
v 0.003838 0.083445 0.077980
v 0.001301 0.083445 0.077980
v 0.001301 0.080908 -0.076460
v 0.003838 0.083445 -0.076460
v 0.003840 0.073186 -0.076460
v 0.001302 0.075723 -0.076460
v 0.021965 0.075724 -0.076460
v 0.019429 0.073187 -0.076460
v 0.019426 0.083445 -0.076460
v 0.021964 0.080908 -0.076460
v 0.021964 0.080908 0.076460
v 0.019426 0.083445 0.076460
v 0.019429 0.073187 0.076460
v 0.021965 0.075724 0.076460
v 0.001302 0.075723 0.076460
v 0.003840 0.073186 0.076460
v 0.003838 0.083445 0.076460
v 0.001301 0.080908 0.076460
v 0.004302 0.074302 -0.076460
v 0.020847 0.080445 -0.076460
v 0.020849 0.076186 -0.076460
v 0.018966 0.074303 0.076460
v 0.004300 0.082329 0.076460
v 0.002419 0.076186 0.076460
v 0.002419 0.076186 -0.076460
v 0.018966 0.074303 -0.076460
v 0.002418 0.080446 -0.076460
v 0.004300 0.082329 -0.076460
v 0.018963 0.082329 -0.076460
v 0.020849 0.076186 0.076460
v 0.004302 0.074302 0.076460
v 0.020847 0.080445 0.076460
v 0.018963 0.082329 0.076460
v 0.002418 0.080446 0.076460
v 0.002419 0.076186 -0.075664
v 0.004302 0.074302 -0.075664
v 0.018966 0.074303 -0.075664
v 0.002418 0.080446 -0.075664
v 0.004300 0.082329 -0.075664
v 0.018963 0.082329 -0.075664
v 0.020847 0.080445 -0.075664
v 0.020849 0.076186 -0.075664
v 0.020849 0.076186 0.075664
v 0.018966 0.074303 0.075664
v 0.004302 0.074302 0.075664
v 0.020847 0.080445 0.075664
v 0.018963 0.082329 0.075664
v 0.004300 0.082329 0.075664
v 0.002418 0.080446 0.075664
v 0.002419 0.076186 0.075664
v 0.041264 0.166940 0.077980
v 0.055270 0.183273 0.077980
v 0.055270 0.183273 -0.077980
v 0.029277 0.125221 0.077980
v 0.029277 0.125221 -0.077980
v 0.041264 0.166940 -0.077980
v 0.029277 0.147072 0.077980
v -0.083246 0.125221 -0.050518
v -0.083246 0.125221 0.050518
v 0.055270 0.190569 0.043982
v 0.072714 0.125221 0.050518
v 0.072714 0.125221 -0.050518
v -0.083246 0.128474 -0.040958
v -0.083246 0.128474 0.040958
v 0.072714 0.128474 0.040958
v 0.072714 0.128474 -0.040958
v -0.083246 0.128474 -0.036860
v -0.083246 0.128474 0.036860
v 0.072714 0.128474 0.036860
v 0.072714 0.128474 -0.036860
v 0.023380 0.125221 -0.077980
v 0.023380 0.125221 0.077980
v 0.072714 0.166940 -0.050518
v 0.072714 0.166940 0.050518
v -0.083246 0.166940 0.050518
v -0.083246 0.166940 -0.050518
v -0.083246 0.166940 0.040958
v -0.083246 0.166940 -0.040958
v 0.072714 0.166940 -0.040958
v 0.072714 0.166940 0.040958
v -0.083246 0.166940 0.036860
v -0.083246 0.166940 -0.036860
v 0.072714 0.147072 -0.050518
v 0.072714 0.147072 0.050518
v -0.083246 0.147072 0.050518
v -0.083246 0.147072 -0.050518
v -0.083246 0.147072 0.040958
v -0.083246 0.147072 -0.040958
v 0.072714 0.142737 -0.040958
v 0.072714 0.142737 0.040958
v -0.083246 0.147072 0.036860
v -0.083246 0.147072 -0.036860
v -0.075950 0.125221 0.077980
v -0.083246 0.125221 0.070684
v -0.083246 0.183273 0.070684
v -0.075950 0.183273 0.077980
v -0.083246 0.125221 -0.070684
v -0.075950 0.125221 -0.077980
v -0.083246 0.183273 -0.070684
v -0.075950 0.183273 -0.077980
v 0.072714 0.125221 0.070684
v 0.065418 0.125221 0.077980
v 0.072714 0.183273 0.070684
v 0.065418 0.183273 0.077980
v 0.065418 0.125221 -0.077980
v 0.072714 0.125221 -0.070684
v 0.065418 0.183273 -0.077980
v 0.072714 0.183273 -0.070684
v -0.083246 0.183273 0.050518
v -0.083246 0.183273 -0.050518
v 0.072714 0.183273 -0.050518
v 0.072714 0.183273 0.050518
v -0.083246 0.183273 0.040958
v -0.083246 0.183273 -0.040958
v 0.072714 0.183273 -0.046095
v 0.072714 0.183273 0.046095
v -0.083246 0.183273 0.036860
v -0.083246 0.183273 -0.036860
v -0.083246 0.166940 0.070684
v -0.075950 0.166940 0.077980
v -0.075950 0.166940 -0.077980
v -0.083246 0.166940 -0.070684
v 0.072714 0.166940 -0.070684
v 0.065418 0.166940 -0.077980
v 0.065418 0.166940 0.077980
v 0.072714 0.166940 0.070684
v -0.083246 0.147072 -0.070684
v -0.075950 0.147072 -0.077980
v 0.065418 0.147072 -0.077980
v 0.072714 0.147072 -0.070684
v 0.072714 0.147072 0.070684
v 0.065418 0.147072 0.077980
v -0.083246 0.147072 0.070684
v -0.075950 0.147072 0.077980
v 0.029277 0.147072 -0.077980
v 0.055270 0.190569 -0.043982
v 0.029277 0.139826 -0.077980
v 0.029277 0.139826 0.077980
v 0.072714 0.139826 -0.050518
v 0.072714 0.139826 0.050518
v -0.083246 0.134819 0.050518
v -0.083246 0.134819 -0.050518
v 0.072714 0.133794 -0.040958
v 0.000431 0.134826 0.076715
v 0.000431 0.134826 -0.076715
v 0.072714 0.133794 0.040958
v -0.083246 0.134818 0.040958
v -0.083246 0.134818 -0.040958
v 0.023614 0.183273 0.077980
v 0.072714 0.133792 -0.036860
v 0.023614 0.183273 -0.077980
v 0.011053 0.166940 0.077980
v 0.072714 0.133792 0.036860
v -0.083246 0.134817 0.036860
v 0.000307 0.147072 0.077980
v 0.000310 0.134826 0.077980
v -0.083246 0.134817 -0.036860
v 0.000310 0.134826 -0.077980
v 0.011053 0.166940 -0.077980
v -0.075950 0.134823 0.077980
v -0.083246 0.134821 0.070684
v 0.000307 0.147072 -0.077980
v -0.083246 0.134821 -0.070684
v -0.075950 0.134823 -0.077980
v 0.065418 0.139825 -0.077980
v 0.072714 0.139825 -0.070684
v 0.072714 0.139825 0.070684
v 0.065418 0.139825 0.077980
v 0.023380 0.133767 -0.076715
v 0.029277 0.139826 -0.076715
v 0.029277 0.138762 -0.076715
v 0.071449 0.132730 0.040958
v 0.071449 0.133794 0.040958
v 0.071449 0.139826 0.050518
v 0.071449 0.138762 0.050518
v -0.081981 0.133776 -0.040958
v -0.081981 0.134818 -0.040958
v -0.081981 0.134819 -0.050518
v -0.081981 0.133775 -0.050518
v 0.071449 0.138762 -0.050518
v 0.071449 0.139826 -0.050518
v 0.071449 0.133794 -0.040958
v 0.071449 0.132730 -0.040958
v 0.071449 0.132731 0.036860
v 0.071449 0.133792 0.036860
v -0.081981 0.133775 0.050518
v -0.081981 0.134819 0.050518
v -0.081981 0.134818 0.040958
v -0.081981 0.133776 0.040958
v -0.081981 0.133777 -0.036860
v -0.081981 0.134817 -0.036860
v 0.071449 0.133792 -0.036860
v 0.071449 0.132731 -0.036860
v -0.081981 0.134817 0.036860
v -0.081981 0.133777 0.036860
v 0.064894 0.138763 0.076715
v 0.064894 0.139825 0.076715
v 0.029277 0.139826 0.076715
v 0.029277 0.138762 0.076715
v -0.075426 0.133770 -0.076715
v -0.075426 0.134823 -0.076715
v 0.023380 0.133767 0.076715
v -0.081981 0.133773 -0.070160
v -0.081981 0.134821 -0.070160
v 0.064894 0.138763 -0.076715
v 0.064894 0.139825 -0.076715
v 0.071449 0.139825 -0.070160
v 0.071449 0.138763 -0.070160
v 0.071449 0.138763 0.070160
v 0.071449 0.139825 0.070160
v -0.075426 0.133770 0.076715
v -0.075426 0.134823 0.076715
v -0.081981 0.134821 0.070160
v -0.081981 0.133773 0.070160
v 0.055270 0.190569 -0.070293
v 0.055270 0.190292 -0.070960
v 0.055270 0.190569 0.070293
v 0.055270 0.190292 0.070960
v 0.023766 0.147072 -0.077980
v 0.022956 0.147072 -0.077980
v 0.022956 0.147072 0.077980
v 0.023766 0.147072 0.077980
v 0.036893 0.166940 -0.077980
v 0.037720 0.166940 -0.077980
v 0.037720 0.166940 0.077980
v 0.036893 0.166940 0.077980
v 0.072714 0.166940 -0.037268
v 0.072714 0.167181 -0.034718
v 0.072714 0.167181 0.034718
v 0.072714 0.166940 0.037268
v 0.054015 0.183273 0.077980
v 0.053185 0.183273 0.077980
v 0.054015 0.190292 0.070960
v 0.053187 0.190569 0.070293
v 0.053185 0.183273 -0.077980
v 0.054015 0.183273 -0.077980
v 0.072714 0.144862 -0.034719
v 0.072714 0.142346 -0.037267
v 0.072714 0.144862 0.034719
v 0.072714 0.142346 0.037267
v 0.054015 0.190292 -0.070960
v 0.053187 0.190764 -0.070489
v 0.065027 0.190569 0.070293
v 0.065603 0.190200 0.070868
v 0.065027 0.190569 -0.070293
v 0.065603 0.190200 -0.070868
v 0.065027 0.190569 -0.050518
v 0.065695 0.190292 -0.050518
v 0.065695 0.190292 0.050518
v 0.065027 0.190569 0.050518
v 0.065027 0.190569 -0.047976
v 0.065695 0.190292 -0.047969
v 0.065695 0.190292 0.047969
v 0.065027 0.190569 0.047976
v 0.065027 0.190569 -0.046040
v 0.065695 0.190292 -0.046547
v 0.072714 0.183273 -0.041893
v 0.072714 0.183273 0.041893
v 0.065223 0.190764 0.046040
v 0.065695 0.190292 0.046547
v 0.023756 0.135146 -0.077980
v 0.022959 0.134827 -0.077980
v 0.023756 0.135146 0.077980
v 0.022959 0.134827 0.077980
v 0.022960 0.134827 -0.076715
v 0.023753 0.135144 -0.076715
v 0.023380 0.134436 -0.076715
v 0.023753 0.135144 0.076715
v 0.022960 0.134827 0.076715
v 0.023380 0.134436 0.076715
v 0.022827 0.135425 -0.077210
v 0.023575 0.135400 -0.077332
v 0.023575 0.135400 0.077332
v 0.022827 0.135425 0.077210
v 0.053991 0.189849 -0.070621
v 0.053167 0.190328 -0.070139
v 0.055246 0.190084 -0.070026
v 0.055246 0.189807 -0.070693
v 0.065459 0.189651 0.070726
v 0.064884 0.190020 0.070151
v 0.055268 0.190066 0.070060
v 0.055268 0.189789 0.070727
v 0.037720 0.166940 0.077426
v 0.036893 0.166940 0.077426
v 0.022956 0.147072 0.077426
v 0.023766 0.147072 0.077426
v 0.054084 0.182969 0.077469
v 0.053227 0.183088 0.077409
v 0.054059 0.189818 0.070655
v 0.053238 0.190105 0.069973
v 0.036893 0.166940 -0.077426
v 0.037720 0.166940 -0.077426
v 0.023766 0.147072 -0.077426
v 0.022956 0.147072 -0.077426
v 0.053185 0.183090 -0.077410
v 0.054015 0.182972 -0.077466
v 0.072160 0.166940 -0.037268
v 0.072160 0.166940 -0.036453
v 0.072160 0.143127 -0.036453
v 0.072160 0.142346 -0.037267
v 0.072160 0.166940 0.036453
v 0.072160 0.166940 0.037268
v 0.072160 0.142346 0.037267
v 0.072160 0.143127 0.036453
v 0.064884 0.190020 -0.070151
v 0.065459 0.189651 -0.070726
v 0.065461 0.189790 0.050517
v 0.064794 0.190066 0.050517
v 0.064794 0.190066 -0.050517
v 0.065461 0.189790 -0.050517
v 0.065442 0.189798 0.047946
v 0.064776 0.190073 0.047954
v 0.064815 0.190057 -0.047976
v 0.065483 0.189781 -0.047969
v 0.072185 0.182996 0.041893
v 0.064873 0.190330 0.046019
v 0.065351 0.189853 0.046524
v 0.064733 0.190093 -0.046089
v 0.065408 0.189811 -0.046591
v 0.072143 0.182801 0.040989
v 0.072192 0.182963 -0.041958
v 0.023573 0.135604 0.077366
v 0.022725 0.135412 0.077502
v 0.023573 0.135604 -0.077366
v 0.022725 0.135412 -0.077502
v 0.072497 0.183479 -0.041215
v 0.072714 0.181239 -0.038697
v 0.072714 0.181239 0.038697
v 0.072158 0.183062 0.041370
v 0.071920 0.183284 -0.041261
v 0.072156 0.183038 -0.041410
v 0.072502 0.183485 0.041215
v 0.072137 0.182781 -0.041029
v 0.072714 0.182974 0.040990
v 0.071931 0.183310 0.041218
v 0.072319 0.183493 -0.041019
v 0.072326 0.183505 0.041003
v 0.071886 0.183348 -0.041087
v 0.072495 0.182946 -0.040846
v 0.072103 0.182845 -0.040855
v 0.072489 0.182948 0.040834
v 0.072121 0.182870 0.040815
v 0.071910 0.183379 0.041044
v 0.072714 0.166940 -0.036453
v 0.072714 0.143127 -0.036453
v 0.072714 0.143127 0.036453
v 0.072714 0.166940 0.036453
v 0.072714 0.182974 -0.040990
v 0.071432 0.167181 -0.034718
v 0.071432 0.167181 0.034718
v 0.071432 0.144862 -0.034719
v 0.071432 0.144862 0.034719
v 0.071432 0.181239 0.038697
v 0.071432 0.181239 -0.038697
v 0.071432 0.151218 -0.033494
v 0.071432 0.160825 -0.033494
v 0.071432 0.160825 0.033494
v 0.071432 0.151218 0.033494
v 0.071432 0.168405 -0.033792
v 0.071432 0.180015 -0.037078
v 0.071432 0.180015 0.037078
v 0.071432 0.168405 0.033792
v 0.071953 0.160825 -0.033494
v 0.071953 0.151218 -0.033494
v 0.071953 0.151218 0.033494
v 0.071953 0.160825 0.033494
v 0.071953 0.180015 -0.037078
v 0.071953 0.168405 -0.033792
v 0.071953 0.168405 0.033792
v 0.071953 0.180015 0.037078
v 0.071953 0.152018 -0.031839
v 0.071953 0.160025 -0.031838
v 0.071953 0.160025 0.031838
v 0.071953 0.152018 0.031839
v 0.071953 0.170061 -0.032540
v 0.071953 0.178359 -0.034889
v 0.071953 0.178360 0.034889
v 0.071953 0.170061 0.032540
v 0.071245 0.160025 -0.031838
v 0.071245 0.152018 -0.031839
v 0.071245 0.152018 0.031839
v 0.071245 0.160025 0.031838
v 0.071245 0.178359 -0.034889
v 0.071245 0.170061 -0.032540
v 0.071245 0.170061 0.032540
v 0.071245 0.178360 0.034889
v 0.071245 0.152440 -0.030967
v 0.071245 0.159603 -0.030966
v 0.071245 0.159603 0.030966
v 0.071245 0.152440 0.030967
v 0.071245 0.170933 -0.031881
v 0.071245 0.177487 -0.033735
v 0.071245 0.177487 0.033735
v 0.071245 0.170933 0.031881
v 0.070939 0.159603 -0.030966
v 0.070939 0.152440 -0.030967
v 0.070939 0.152440 0.030967
v 0.070939 0.159603 0.030966
v 0.070939 0.177487 -0.033735
v 0.070939 0.170933 -0.031881
v 0.070939 0.170933 0.031881
v 0.070939 0.177487 0.033735
v 0.029277 0.138762 -0.077312
v 0.029277 0.138069 -0.077980
v 0.029277 0.138762 0.077312
v 0.029277 0.138069 0.077980
v 0.072714 0.138069 -0.050518
v 0.072046 0.138762 -0.050518
v 0.072046 0.138762 0.050518
v 0.072714 0.138069 0.050518
v -0.083246 0.133095 0.050518
v -0.082577 0.133775 0.050518
v -0.082577 0.133775 -0.050518
v -0.083246 0.133095 -0.050518
v 0.072046 0.132730 -0.040958
v 0.072714 0.132037 -0.040958
v 0.072714 0.132037 0.040958
v 0.072046 0.132730 0.040958
v -0.082577 0.133776 0.040958
v -0.083246 0.133098 0.040958
v -0.083246 0.133098 -0.040958
v -0.082577 0.133776 -0.040958
v 0.023380 0.133076 -0.077980
v 0.023380 0.133767 -0.077312
v 0.072046 0.132731 -0.036860
v 0.072714 0.132040 -0.036860
v 0.072714 0.132040 0.036860
v 0.072046 0.132731 0.036860
v -0.082577 0.133777 0.036860
v -0.083246 0.133099 0.036860
v -0.083246 0.133099 -0.036860
v -0.082577 0.133777 -0.036860
v 0.023380 0.133767 0.077312
v 0.023380 0.133076 0.077980
v -0.075950 0.133085 0.077980
v -0.075673 0.133770 0.077312
v -0.082577 0.133773 0.070407
v -0.083246 0.133091 0.070684
v -0.083246 0.133091 -0.070684
v -0.082577 0.133773 -0.070407
v -0.075950 0.133085 -0.077980
v -0.075673 0.133770 -0.077312
v 0.065418 0.138072 -0.077980
v 0.065141 0.138763 -0.077312
v 0.072046 0.138763 -0.070407
v 0.072714 0.138072 -0.070684
v 0.072714 0.138072 0.070684
v 0.072046 0.138763 0.070407
v 0.065418 0.138072 0.077980
v 0.065141 0.138763 0.077312
v 0.021966 0.135820 -0.077980
v 0.021963 0.146079 0.077980
v 0.001301 0.146079 0.077980
v 0.001303 0.135819 0.077980
v 0.003838 0.146079 -0.077980
v 0.001301 0.143541 -0.077980
v 0.001301 0.146079 -0.077980
v 0.001302 0.138357 -0.077980
v 0.003840 0.135819 -0.077980
v 0.001303 0.135819 -0.077980
v 0.019429 0.135820 -0.077980
v 0.021965 0.138357 -0.077980
v 0.021964 0.143541 -0.077980
v 0.019426 0.146079 -0.077980
v 0.021963 0.146079 -0.077980
v 0.019426 0.146079 0.077980
v 0.021964 0.143541 0.077980
v 0.021965 0.138357 0.077980
v 0.019429 0.135820 0.077980
v 0.021966 0.135820 0.077980
v 0.003840 0.135819 0.077980
v 0.001302 0.138357 0.077980
v 0.001301 0.143541 0.077980
v 0.003838 0.146079 0.077980
v 0.001301 0.143541 -0.076460
v 0.003838 0.146079 -0.076460
v 0.003840 0.135819 -0.076460
v 0.001302 0.138357 -0.076460
v 0.021965 0.138357 -0.076460
v 0.019429 0.135820 -0.076460
v 0.019426 0.146079 -0.076460
v 0.021964 0.143541 -0.076460
v 0.021964 0.143541 0.076460
v 0.019426 0.146079 0.076460
v 0.019429 0.135820 0.076460
v 0.021965 0.138357 0.076460
v 0.001302 0.138357 0.076460
v 0.003840 0.135819 0.076460
v 0.003838 0.146079 0.076460
v 0.001301 0.143541 0.076460
v 0.002419 0.138819 -0.076460
v 0.018963 0.144962 -0.076460
v 0.020849 0.138820 -0.076460
v 0.018966 0.136936 -0.076460
v 0.018966 0.136936 0.076460
v 0.020847 0.143079 0.076460
v 0.018963 0.144962 0.076460
v 0.004300 0.144962 0.076460
v 0.002418 0.143079 0.076460
v 0.004302 0.136936 -0.076460
v 0.002418 0.143079 -0.076460
v 0.004300 0.144962 -0.076460
v 0.020847 0.143079 -0.076460
v 0.020849 0.138820 0.076460
v 0.004302 0.136936 0.076460
v 0.002419 0.138819 0.076460
v 0.002419 0.138819 -0.075664
v 0.004302 0.136936 -0.075664
v 0.018966 0.136936 -0.075664
v 0.002418 0.143079 -0.075664
v 0.004300 0.144962 -0.075664
v 0.018963 0.144962 -0.075664
v 0.020847 0.143079 -0.075664
v 0.020849 0.138820 -0.075664
v 0.020849 0.138820 0.075664
v 0.018966 0.136936 0.075664
v 0.004302 0.136936 0.075664
v 0.020847 0.143079 0.075664
v 0.018963 0.144962 0.075664
v 0.004300 0.144962 0.075664
v 0.002418 0.143079 0.075664
v 0.002419 0.138819 0.075664
v 0.055350 0.191863 0.043995
v 0.055683 0.191798 -0.043980
v 0.023944 0.191865 -0.044955
v 0.023944 0.191865 -0.042128
v 0.023944 0.191865 -0.050514
v -0.076392 0.191705 0.071124
v -0.076393 0.191704 -0.071126
v -0.076446 0.191767 -0.050517
v -0.076446 0.191767 0.050518
v -0.076446 0.191767 -0.041306
v -0.076446 0.191767 0.041305
v -0.076446 0.191767 -0.037173
v -0.076446 0.191767 0.037173
v 0.023944 0.191865 0.050518
v 0.023944 0.191865 0.044955
v 0.023944 0.191865 0.042128
v 0.023616 0.191771 0.070869
v 0.023615 0.191919 -0.071026
v 0.024878 0.134496 -0.077974
v 0.024695 0.134954 -0.077360
v -0.083659 0.184626 0.071005
v -0.083684 0.183711 0.070839
v -0.076105 0.183717 0.078418
v -0.076270 0.184632 0.078387
v -0.076271 0.184627 -0.078393
v -0.076105 0.183715 -0.078422
v -0.083685 0.183712 -0.070839
v -0.083659 0.184626 -0.071005
v -0.083710 0.183737 -0.050518
v -0.083690 0.184654 -0.050518
v -0.083690 0.184654 0.050518
v -0.083710 0.183737 0.050518
v -0.083709 0.183736 -0.040958
v -0.083691 0.184652 -0.040979
v -0.083691 0.184652 0.040979
v -0.083709 0.183736 0.040958
v -0.083709 0.183736 -0.036860
v -0.083692 0.184652 -0.036879
v -0.083692 0.184652 0.036879
v -0.083709 0.183736 0.036860
v 0.053187 0.191150 0.070440
v 0.052394 0.191824 0.070618
v 0.052399 0.184660 0.078388
v 0.053186 0.183761 0.078446
v 0.023616 0.184660 0.078399
v 0.023615 0.183753 0.078444
v 0.023615 0.184655 -0.078423
v 0.023614 0.183746 -0.078453
v 0.053197 0.191340 -0.070640
v 0.052561 0.192016 -0.070548
v 0.055304 0.191865 -0.069631
v 0.055286 0.191176 -0.070292
v 0.064380 0.191865 0.070102
v 0.065027 0.191180 0.070293
v 0.055270 0.191865 0.070120
v 0.055270 0.191175 0.070293
v 0.052537 0.184651 -0.078421
v 0.053185 0.183751 -0.078458
v 0.064380 0.191865 -0.069634
v 0.065027 0.191182 -0.070293
v 0.065027 0.191181 0.050518
v 0.064380 0.191865 0.050518
v 0.064380 0.191865 -0.050518
v 0.065027 0.191184 -0.050518
v 0.065022 0.191179 0.047989
v 0.064369 0.191865 0.047892
v 0.064381 0.191865 -0.047866
v 0.065027 0.191184 -0.047976
v 0.065338 0.191357 0.046051
v 0.065207 0.192033 0.045516
v 0.064689 0.191835 -0.045480
v 0.065145 0.191170 -0.046040
v 0.072922 0.184847 -0.040792
v 0.072980 0.183975 -0.041216
v 0.072938 0.184864 0.040789
v 0.072986 0.183981 0.041214
v -0.088026 0.153417 0.043772
v -0.088026 0.092499 0.043772
v -0.088026 0.031581 0.043772
v -0.088026 0.031581 0.056372
v -0.088026 0.092499 0.056372
v -0.088026 0.153417 0.056372
v -0.081495 0.031581 0.043772
v -0.081495 0.153417 0.056372
v -0.081495 0.153417 0.043772
v -0.081495 0.092499 0.043772
v -0.081495 0.031581 0.056372
v -0.081495 0.092499 0.056372
v -0.088026 0.161417 0.043772
v -0.088026 0.163570 0.048447
v -0.088026 0.021428 0.048447
v -0.088026 0.023581 0.043772
v -0.088026 0.163570 0.051696
v -0.088026 0.161417 0.056372
v -0.088026 0.023581 0.056372
v -0.088026 0.021428 0.051696
v -0.092958 0.163570 0.048447
v -0.095110 0.160584 0.047614
v -0.092958 0.161417 0.043772
v -0.095110 0.024414 0.047614
v -0.092958 0.021428 0.048447
v -0.092958 0.023581 0.043772
v -0.092958 0.163570 0.051696
v -0.092958 0.161417 0.056372
v -0.095110 0.160584 0.052529
v -0.092958 0.023581 0.056372
v -0.092958 0.021428 0.051696
v -0.095110 0.024414 0.052529
v -0.088026 0.143264 0.045924
v -0.090179 0.145417 0.043772
v -0.090179 0.133111 0.043772
v -0.088026 0.133111 0.045924
v -0.090179 0.122958 0.043772
v -0.088026 0.122958 0.045924
v -0.090179 0.112805 0.043772
v -0.088026 0.112805 0.045924
v -0.090179 0.100499 0.043772
v -0.088026 0.102652 0.045924
v -0.088026 0.082346 0.045924
v -0.090179 0.084499 0.043772
v -0.090179 0.072193 0.043772
v -0.088026 0.072193 0.045924
v -0.090179 0.062040 0.043772
v -0.088026 0.062040 0.045924
v -0.090179 0.051887 0.043772
v -0.088026 0.051887 0.045924
v -0.090179 0.039581 0.043772
v -0.088026 0.041734 0.045924
v -0.088026 0.041734 0.054219
v -0.090179 0.039581 0.056372
v -0.090179 0.051887 0.056372
v -0.088026 0.051887 0.054219
v -0.090179 0.062040 0.056372
v -0.088026 0.062040 0.054219
v -0.090179 0.072193 0.056372
v -0.088026 0.072193 0.054219
v -0.090179 0.084499 0.056372
v -0.088026 0.082346 0.054219
v -0.088026 0.102652 0.054219
v -0.090179 0.100499 0.056372
v -0.090179 0.112805 0.056372
v -0.088026 0.112805 0.054219
v -0.090179 0.122958 0.056372
v -0.088026 0.122958 0.054219
v -0.090179 0.133111 0.056372
v -0.088026 0.133111 0.054219
v -0.090179 0.145417 0.056372
v -0.088026 0.143264 0.054219
v -0.095110 0.031581 0.052529
v -0.092958 0.031581 0.056372
v -0.095110 0.040901 0.052529
v -0.092958 0.041734 0.056372
v -0.095110 0.051887 0.051696
v -0.092958 0.051887 0.056372
v -0.095110 0.062040 0.051696
v -0.092958 0.062040 0.056372
v -0.095110 0.072193 0.051696
v -0.092958 0.072193 0.056372
v -0.095110 0.083180 0.052529
v -0.092958 0.082346 0.056372
v -0.095110 0.092499 0.052529
v -0.092958 0.092499 0.056372
v -0.095110 0.101819 0.052529
v -0.092958 0.102652 0.056372
v -0.095110 0.112805 0.051696
v -0.092958 0.112805 0.056372
v -0.095110 0.122958 0.051696
v -0.092958 0.122958 0.056372
v -0.095110 0.133111 0.051696
v -0.092958 0.133111 0.056372
v -0.095110 0.144098 0.052529
v -0.092958 0.143264 0.056372
v -0.092958 0.153417 0.056372
v -0.095110 0.153417 0.052529
v -0.092958 0.031581 0.043772
v -0.095110 0.031581 0.047614
v -0.092958 0.041734 0.043772
v -0.095110 0.040901 0.047614
v -0.092958 0.051887 0.043772
v -0.095110 0.051887 0.048447
v -0.092958 0.062040 0.043772
v -0.095110 0.062040 0.048447
v -0.092958 0.072193 0.043772
v -0.095110 0.072193 0.048447
v -0.092958 0.082346 0.043772
v -0.095110 0.083180 0.047614
v -0.092958 0.092499 0.043772
v -0.095110 0.092499 0.047614
v -0.092958 0.102652 0.043772
v -0.095110 0.101819 0.047614
v -0.092958 0.112805 0.043772
v -0.095110 0.112805 0.048447
v -0.092958 0.122958 0.043772
v -0.095110 0.122958 0.048447
v -0.092958 0.133111 0.043772
v -0.095110 0.133111 0.048447
v -0.092958 0.143264 0.043772
v -0.095110 0.144098 0.047614
v -0.095110 0.153417 0.047614
v -0.092958 0.153417 0.043772
v -0.081495 0.161417 0.056372
v -0.084018 0.163570 0.051696
v -0.084018 0.163570 0.048447
v -0.081495 0.161417 0.043772
v -0.081495 0.023581 0.043772
v -0.084018 0.021428 0.048447
v -0.084018 0.021428 0.051696
v -0.081495 0.023581 0.056372
v -0.081495 0.145417 0.043772
v -0.081495 0.143264 0.045924
v -0.081495 0.102652 0.045924
v -0.081495 0.100499 0.043772
v -0.081495 0.084499 0.043772
v -0.081495 0.082346 0.045924
v -0.081495 0.041734 0.045924
v -0.081495 0.039581 0.043772
v -0.081495 0.039581 0.056372
v -0.081495 0.041734 0.054219
v -0.081495 0.082346 0.054219
v -0.081495 0.084499 0.056372
v -0.081495 0.100499 0.056372
v -0.081495 0.102652 0.054219
v -0.081495 0.143264 0.054219
v -0.081495 0.145417 0.056372
v -0.092958 0.163570 0.045924
v -0.095110 0.160584 0.046758
v -0.095110 0.024414 0.046758
v -0.092958 0.021428 0.045924
v -0.095110 0.160584 0.053386
v -0.092958 0.163570 0.054219
v -0.092958 0.021428 0.054219
v -0.095110 0.024414 0.053386
v -0.088026 0.163570 0.054219
v -0.088026 0.021428 0.054219
v -0.095110 0.153417 0.053386
v -0.095110 0.153417 0.046758
v -0.088026 0.163570 0.045924
v -0.088026 0.021428 0.045924
v -0.095110 0.031581 0.053386
v -0.095110 0.040901 0.053386
v -0.095110 0.051887 0.054219
v -0.095110 0.062040 0.054219
v -0.095110 0.072193 0.054219
v -0.095110 0.083180 0.053386
v -0.095110 0.092499 0.053386
v -0.095110 0.101819 0.053386
v -0.095110 0.112805 0.054219
v -0.095110 0.122958 0.054219
v -0.095110 0.133111 0.054219
v -0.095110 0.144098 0.053386
v -0.095110 0.031581 0.046758
v -0.095110 0.040901 0.046758
v -0.095110 0.051887 0.045924
v -0.095110 0.062040 0.045924
v -0.095110 0.072193 0.045924
v -0.095110 0.083180 0.046758
v -0.095110 0.092499 0.046758
v -0.095110 0.101819 0.046758
v -0.095110 0.112805 0.045924
v -0.095110 0.122958 0.045924
v -0.095110 0.133111 0.045924
v -0.095110 0.144098 0.046758
v -0.081495 0.021428 0.054219
v -0.081495 0.163570 0.054219
v -0.081495 0.163570 0.045924
v -0.081495 0.021428 0.045924
v -0.092704 0.162958 0.048447
v -0.092704 0.162958 0.051696
v -0.094498 0.161164 0.051696
v -0.094498 0.161164 0.048447
v -0.092704 0.022041 0.051696
v -0.092704 0.022041 0.048447
v -0.094498 0.023835 0.048447
v -0.094498 0.023835 0.051696
v -0.088026 0.162907 0.051696
v -0.088026 0.162907 0.048447
v -0.088026 0.022091 0.048447
v -0.088026 0.022091 0.051696
v -0.094448 0.153417 0.051696
v -0.094448 0.153417 0.048447
v -0.094448 0.031581 0.048447
v -0.094448 0.031581 0.051696
v -0.094448 0.041734 0.048447
v -0.094448 0.041734 0.051696
v -0.094448 0.051887 0.048447
v -0.094448 0.051887 0.051696
v -0.094448 0.062040 0.048447
v -0.094448 0.062040 0.051696
v -0.094448 0.072193 0.048447
v -0.094448 0.072193 0.051696
v -0.094448 0.082346 0.048447
v -0.094448 0.082346 0.051696
v -0.094448 0.092499 0.048447
v -0.094448 0.092499 0.051696
v -0.094448 0.102652 0.048447
v -0.094448 0.102652 0.051696
v -0.094448 0.112805 0.048447
v -0.094448 0.112805 0.051696
v -0.094448 0.122958 0.048447
v -0.094448 0.122958 0.051696
v -0.094448 0.133111 0.048447
v -0.094448 0.133111 0.051696
v -0.094448 0.143264 0.048447
v -0.094448 0.143264 0.051696
v -0.084018 0.022091 0.051696
v -0.084018 0.162907 0.051696
v -0.084018 0.162907 0.048447
v -0.084018 0.022091 0.048447
v -0.095110 0.153417 0.054219
v -0.095110 0.161417 0.054219
v -0.095110 0.161417 0.045924
v -0.095110 0.153417 0.045924
v -0.095110 0.023581 0.054219
v -0.095110 0.031581 0.054219
v -0.095110 0.041734 0.054219
v -0.095110 0.082346 0.054219
v -0.095110 0.092499 0.054219
v -0.095110 0.102652 0.054219
v -0.095110 0.143264 0.054219
v -0.095110 0.031581 0.045924
v -0.095110 0.023581 0.045924
v -0.095110 0.041734 0.045924
v -0.095110 0.092499 0.045924
v -0.095110 0.082346 0.045924
v -0.095110 0.102652 0.045924
v -0.095110 0.143264 0.045924
v -0.095110 0.153417 0.051696
v -0.095110 0.161417 0.051696
v -0.095110 0.161417 0.048447
v -0.095110 0.153417 0.048447
v -0.095110 0.023581 0.051696
v -0.095110 0.031581 0.051696
v -0.095110 0.041734 0.051696
v -0.095110 0.082346 0.051696
v -0.095110 0.092499 0.051696
v -0.095110 0.102652 0.051696
v -0.095110 0.143264 0.051696
v -0.095110 0.031581 0.048447
v -0.095110 0.023581 0.048447
v -0.095110 0.041734 0.048447
v -0.095110 0.092499 0.048447
v -0.095110 0.082346 0.048447
v -0.095110 0.102652 0.048447
v -0.095110 0.143264 0.048447
v -0.094554 0.153417 0.053386
v -0.094554 0.153417 0.052529
v -0.094554 0.153417 0.047614
v -0.094554 0.153417 0.046758
v -0.094554 0.031581 0.052529
v -0.094554 0.031581 0.053386
v -0.094554 0.092499 0.052529
v -0.094554 0.092499 0.053386
v -0.094554 0.031581 0.046758
v -0.094554 0.031581 0.047614
v -0.094554 0.092499 0.046758
v -0.094554 0.092499 0.047614
v -0.094554 0.160584 0.053386
v -0.094554 0.160584 0.046758
v -0.094554 0.024414 0.053386
v -0.094554 0.040901 0.053386
v -0.094554 0.083180 0.053386
v -0.094554 0.101819 0.053386
v -0.094554 0.144098 0.053386
v -0.094554 0.024414 0.046758
v -0.094554 0.040901 0.046758
v -0.094554 0.083180 0.046758
v -0.094554 0.101819 0.046758
v -0.094554 0.144098 0.046758
v -0.094554 0.160584 0.052529
v -0.094554 0.160584 0.047614
v -0.094554 0.024414 0.052529
v -0.094554 0.040901 0.052529
v -0.094554 0.083180 0.052529
v -0.094554 0.101819 0.052529
v -0.094554 0.144098 0.052529
v -0.094554 0.024414 0.047614
v -0.094554 0.040901 0.047614
v -0.094554 0.083180 0.047614
v -0.094554 0.101819 0.047614
v -0.094554 0.144098 0.047614
v -0.088026 0.153417 -0.056282
v -0.088026 0.092499 -0.056282
v -0.088026 0.031581 -0.056282
v -0.088026 0.031581 -0.043681
v -0.088026 0.092499 -0.043681
v -0.088026 0.153417 -0.043681
v -0.081495 0.031581 -0.056282
v -0.081495 0.153417 -0.043681
v -0.081495 0.153417 -0.056282
v -0.081495 0.092499 -0.056282
v -0.081495 0.031581 -0.043681
v -0.081495 0.092499 -0.043681
v -0.088026 0.161417 -0.056282
v -0.088026 0.163570 -0.051606
v -0.088026 0.021428 -0.051606
v -0.088026 0.023581 -0.056282
v -0.088026 0.163570 -0.048357
v -0.088026 0.161417 -0.043681
v -0.088026 0.023581 -0.043681
v -0.088026 0.021428 -0.048357
v -0.092958 0.163570 -0.051606
v -0.095110 0.160584 -0.052439
v -0.092958 0.161417 -0.056282
v -0.095110 0.024414 -0.052439
v -0.092958 0.021428 -0.051606
v -0.092958 0.023581 -0.056282
v -0.092958 0.163570 -0.048357
v -0.092958 0.161417 -0.043681
v -0.095110 0.160584 -0.047524
v -0.092958 0.023581 -0.043681
v -0.092958 0.021428 -0.048357
v -0.095110 0.024414 -0.047524
v -0.088026 0.143264 -0.054129
v -0.090179 0.145417 -0.056282
v -0.090179 0.133111 -0.056282
v -0.088026 0.133111 -0.054129
v -0.090179 0.122958 -0.056282
v -0.088026 0.122958 -0.054129
v -0.090179 0.112805 -0.056282
v -0.088026 0.112805 -0.054129
v -0.090179 0.100499 -0.056282
v -0.088026 0.102652 -0.054129
v -0.088026 0.082346 -0.054129
v -0.090179 0.084499 -0.056282
v -0.090179 0.072193 -0.056282
v -0.088026 0.072193 -0.054129
v -0.090179 0.062040 -0.056282
v -0.088026 0.062040 -0.054129
v -0.090179 0.051887 -0.056282
v -0.088026 0.051887 -0.054129
v -0.090179 0.039581 -0.056282
v -0.088026 0.041734 -0.054129
v -0.088026 0.041734 -0.045834
v -0.090179 0.039581 -0.043681
v -0.090179 0.051887 -0.043681
v -0.088026 0.051887 -0.045834
v -0.090179 0.062040 -0.043681
v -0.088026 0.062040 -0.045834
v -0.090179 0.072193 -0.043681
v -0.088026 0.072193 -0.045834
v -0.090179 0.084499 -0.043681
v -0.088026 0.082346 -0.045834
v -0.088026 0.102652 -0.045834
v -0.090179 0.100499 -0.043681
v -0.090179 0.112805 -0.043681
v -0.088026 0.112805 -0.045834
v -0.090179 0.122958 -0.043681
v -0.088026 0.122958 -0.045834
v -0.090179 0.133111 -0.043681
v -0.088026 0.133111 -0.045834
v -0.090179 0.145417 -0.043681
v -0.088026 0.143264 -0.045834
v -0.095110 0.031581 -0.047524
v -0.092958 0.031581 -0.043681
v -0.095110 0.040901 -0.047524
v -0.092958 0.041734 -0.043681
v -0.095110 0.051887 -0.048357
v -0.092958 0.051887 -0.043681
v -0.095110 0.062040 -0.048357
v -0.092958 0.062040 -0.043681
v -0.095110 0.072193 -0.048357
v -0.092958 0.072193 -0.043681
v -0.095110 0.083180 -0.047524
v -0.092958 0.082346 -0.043681
v -0.095110 0.092499 -0.047524
v -0.092958 0.092499 -0.043681
v -0.095110 0.101819 -0.047524
v -0.092958 0.102652 -0.043681
v -0.095110 0.112805 -0.048357
v -0.092958 0.112805 -0.043681
v -0.095110 0.122958 -0.048357
v -0.092958 0.122958 -0.043681
v -0.095110 0.133111 -0.048357
v -0.092958 0.133111 -0.043681
v -0.095110 0.144098 -0.047524
v -0.092958 0.143264 -0.043681
v -0.092958 0.153417 -0.043681
v -0.095110 0.153417 -0.047524
v -0.092958 0.031581 -0.056282
v -0.095110 0.031581 -0.052439
v -0.092958 0.041734 -0.056282
v -0.095110 0.040901 -0.052439
v -0.092958 0.051887 -0.056282
v -0.095110 0.051887 -0.051606
v -0.092958 0.062040 -0.056282
v -0.095110 0.062040 -0.051606
v -0.092958 0.072193 -0.056282
v -0.095110 0.072193 -0.051606
v -0.092958 0.082346 -0.056282
v -0.095110 0.083180 -0.052439
v -0.092958 0.092499 -0.056282
v -0.095110 0.092499 -0.052439
v -0.092958 0.102652 -0.056282
v -0.095110 0.101819 -0.052439
v -0.092958 0.112805 -0.056282
v -0.095110 0.112805 -0.051606
v -0.092958 0.122958 -0.056282
v -0.095110 0.122958 -0.051606
v -0.092958 0.133111 -0.056282
v -0.095110 0.133111 -0.051606
v -0.092958 0.143264 -0.056282
v -0.095110 0.144098 -0.052439
v -0.095110 0.153417 -0.052439
v -0.092958 0.153417 -0.056282
v -0.081495 0.161417 -0.043681
v -0.084018 0.163570 -0.048357
v -0.084018 0.163570 -0.051606
v -0.081495 0.161417 -0.056282
v -0.081495 0.023581 -0.056282
v -0.084018 0.021428 -0.051606
v -0.084018 0.021428 -0.048357
v -0.081495 0.023581 -0.043681
v -0.081495 0.145417 -0.056282
v -0.081495 0.143264 -0.054129
v -0.081495 0.102652 -0.054129
v -0.081495 0.100499 -0.056282
v -0.081495 0.084499 -0.056282
v -0.081495 0.082346 -0.054129
v -0.081495 0.041734 -0.054129
v -0.081495 0.039581 -0.056282
v -0.081495 0.039581 -0.043681
v -0.081495 0.041734 -0.045834
v -0.081495 0.082346 -0.045834
v -0.081495 0.084499 -0.043681
v -0.081495 0.100499 -0.043681
v -0.081495 0.102652 -0.045834
v -0.081495 0.143264 -0.045834
v -0.081495 0.145417 -0.043681
v -0.092958 0.163570 -0.054129
v -0.095110 0.160584 -0.053295
v -0.095110 0.024414 -0.053295
v -0.092958 0.021428 -0.054129
v -0.095110 0.160584 -0.046667
v -0.092958 0.163570 -0.045834
v -0.092958 0.021428 -0.045834
v -0.095110 0.024414 -0.046667
v -0.088026 0.163570 -0.045834
v -0.088026 0.021428 -0.045834
v -0.095110 0.153417 -0.046667
v -0.095110 0.153417 -0.053295
v -0.088026 0.163570 -0.054129
v -0.088026 0.021428 -0.054129
v -0.095110 0.031581 -0.046667
v -0.095110 0.040901 -0.046667
v -0.095110 0.051887 -0.045834
v -0.095110 0.062040 -0.045834
v -0.095110 0.072193 -0.045834
v -0.095110 0.083180 -0.046667
v -0.095110 0.092499 -0.046667
v -0.095110 0.101819 -0.046667
v -0.095110 0.112805 -0.045834
v -0.095110 0.122958 -0.045834
v -0.095110 0.133111 -0.045834
v -0.095110 0.144098 -0.046667
v -0.095110 0.031581 -0.053295
v -0.095110 0.040901 -0.053295
v -0.095110 0.051887 -0.054129
v -0.095110 0.062040 -0.054129
v -0.095110 0.072193 -0.054129
v -0.095110 0.083180 -0.053295
v -0.095110 0.092499 -0.053295
v -0.095110 0.101819 -0.053295
v -0.095110 0.112805 -0.054129
v -0.095110 0.122958 -0.054129
v -0.095110 0.133111 -0.054129
v -0.095110 0.144098 -0.053295
v -0.081495 0.021428 -0.045834
v -0.081495 0.163570 -0.045834
v -0.081495 0.163570 -0.054129
v -0.081495 0.021428 -0.054129
v -0.092704 0.162958 -0.051606
v -0.092704 0.162958 -0.048357
v -0.094498 0.161164 -0.048357
v -0.094498 0.161164 -0.051606
v -0.092704 0.022041 -0.048357
v -0.092704 0.022041 -0.051606
v -0.094498 0.023835 -0.051606
v -0.094498 0.023835 -0.048357
v -0.088026 0.162907 -0.048357
v -0.088026 0.162907 -0.051606
v -0.088026 0.022091 -0.051606
v -0.088026 0.022091 -0.048357
v -0.094448 0.153417 -0.048357
v -0.094448 0.153417 -0.051606
v -0.094448 0.031581 -0.051606
v -0.094448 0.031581 -0.048357
v -0.094448 0.041734 -0.051606
v -0.094448 0.041734 -0.048357
v -0.094448 0.051887 -0.051606
v -0.094448 0.051887 -0.048357
v -0.094448 0.062040 -0.051606
v -0.094448 0.062040 -0.048357
v -0.094448 0.072193 -0.051606
v -0.094448 0.072193 -0.048357
v -0.094448 0.082346 -0.051606
v -0.094448 0.082346 -0.048357
v -0.094448 0.092499 -0.051606
v -0.094448 0.092499 -0.048357
v -0.094448 0.102652 -0.051606
v -0.094448 0.102652 -0.048357
v -0.094448 0.112805 -0.051606
v -0.094448 0.112805 -0.048357
v -0.094448 0.122958 -0.051606
v -0.094448 0.122958 -0.048357
v -0.094448 0.133111 -0.051606
v -0.094448 0.133111 -0.048357
v -0.094448 0.143264 -0.051606
v -0.094448 0.143264 -0.048357
v -0.084018 0.022091 -0.048357
v -0.084018 0.162907 -0.048357
v -0.084018 0.162907 -0.051606
v -0.084018 0.022091 -0.051606
v -0.095110 0.153417 -0.045834
v -0.095110 0.161417 -0.045834
v -0.095110 0.161417 -0.054129
v -0.095110 0.153417 -0.054129
v -0.095110 0.023581 -0.045834
v -0.095110 0.031581 -0.045834
v -0.095110 0.041734 -0.045834
v -0.095110 0.082346 -0.045834
v -0.095110 0.092499 -0.045834
v -0.095110 0.102652 -0.045834
v -0.095110 0.143264 -0.045834
v -0.095110 0.031581 -0.054129
v -0.095110 0.023581 -0.054129
v -0.095110 0.041734 -0.054129
v -0.095110 0.092499 -0.054129
v -0.095110 0.082346 -0.054129
v -0.095110 0.102652 -0.054129
v -0.095110 0.143264 -0.054129
v -0.095110 0.153417 -0.048357
v -0.095110 0.161417 -0.048357
v -0.095110 0.161417 -0.051606
v -0.095110 0.153417 -0.051606
v -0.095110 0.023581 -0.048357
v -0.095110 0.031581 -0.048357
v -0.095110 0.041734 -0.048357
v -0.095110 0.082346 -0.048357
v -0.095110 0.092499 -0.048357
v -0.095110 0.102652 -0.048357
v -0.095110 0.143264 -0.048357
v -0.095110 0.031581 -0.051606
v -0.095110 0.023581 -0.051606
v -0.095110 0.041734 -0.051606
v -0.095110 0.092499 -0.051606
v -0.095110 0.082346 -0.051606
v -0.095110 0.102652 -0.051606
v -0.095110 0.143264 -0.051606
v -0.094554 0.153417 -0.046667
v -0.094554 0.153417 -0.047524
v -0.094554 0.153417 -0.052439
v -0.094554 0.153417 -0.053295
v -0.094554 0.031581 -0.047524
v -0.094554 0.031581 -0.046667
v -0.094554 0.092499 -0.047524
v -0.094554 0.092499 -0.046667
v -0.094554 0.031581 -0.053295
v -0.094554 0.031581 -0.052439
v -0.094554 0.092499 -0.053295
v -0.094554 0.092499 -0.052439
v -0.094554 0.160584 -0.046667
v -0.094554 0.160584 -0.053295
v -0.094554 0.024414 -0.046667
v -0.094554 0.040901 -0.046667
v -0.094554 0.083180 -0.046667
v -0.094554 0.101819 -0.046667
v -0.094554 0.144098 -0.046667
v -0.094554 0.024414 -0.053295
v -0.094554 0.040901 -0.053295
v -0.094554 0.083180 -0.053295
v -0.094554 0.101819 -0.053295
v -0.094554 0.144098 -0.053295
v -0.094554 0.160584 -0.047524
v -0.094554 0.160584 -0.052439
v -0.094554 0.024414 -0.047524
v -0.094554 0.040901 -0.047524
v -0.094554 0.083180 -0.047524
v -0.094554 0.101819 -0.047524
v -0.094554 0.144098 -0.047524
v -0.094554 0.024414 -0.052439
v -0.094554 0.040901 -0.052439
v -0.094554 0.083180 -0.052439
v -0.094554 0.101819 -0.052439
v -0.094554 0.144098 -0.052439
vn -1.0000 -0.0000 -0.0000
vn 1.0000 -0.0000 -0.0000
vn -0.0000 0.7071 -0.7071
vn 0.0002 1.0000 -0.0002
vn -0.0000 -1.0000 -0.0000
vn -0.0000 -0.0000 1.0000
vn -0.0000 -0.0000 -1.0000
vn 0.7025 0.7117 0.0032
vn 0.0002 1.0000 0.0002
vn -0.0000 1.0000 -0.0000
vn -0.0008 1.0000 0.0038
vn 0.0011 0.7143 0.6998
vn 0.2303 -0.3739 0.8984
vn -0.0000 0.8457 -0.5336
vn -0.0000 1.0000 -0.0001
vn -0.0000 1.0000 -0.0003
vn -0.0000 1.0000 0.0001
vn -0.0000 1.0000 0.0003
vn -0.5773 0.5774 0.5774
vn -0.5773 0.5774 -0.5774
vn 0.5774 0.5773 -0.5774
vn 0.7025 0.7117 -0.0032
vn -0.7071 -0.0000 0.7071
vn -0.7071 0.7071 -0.0000
vn 0.7071 -0.0000 -0.7071
vn 0.0064 0.7117 0.7025
vn 0.7071 -0.0000 0.7071
vn 0.5774 0.5773 0.5774
vn 0.7071 0.7071 -0.0000
vn 0.0801 -0.2740 -0.9584
vn -0.0099 1.0000 -0.0011
vn -0.7071 -0.0000 -0.7071
vn -1.0000 -0.0003 -0.0000
vn -0.0000 0.8457 0.5336
vn -0.0000 0.7071 0.7071
vn 0.0064 0.7117 -0.7025
vn -0.0184 0.9988 0.0448
vn 0.6466 -0.7628 -0.0000
vn 0.0520 0.9986 0.0044
vn -0.0000 -1.0000 -0.0001
vn -0.6463 0.7631 -0.0000
vn -0.0000 -0.8457 -0.5336
vn -0.0000 -1.0000 -0.0003
vn -0.0000 -1.0000 0.0001
vn 0.0002 -1.0000 0.0002
vn -0.0000 -1.0000 0.0003
vn -0.0000 -0.8457 0.5336
vn 0.0002 -1.0000 -0.0002
vn -0.9412 0.3378 0.0003
vn 0.9532 0.2953 0.0652
vn -0.8183 0.5747 -0.0000
vn 0.9413 -0.3376 0.0025
vn -0.9412 0.3378 -0.0003
vn -0.9666 -0.0488 0.2517
vn -0.9951 -0.0710 -0.0694
vn 0.9413 -0.3376 -0.0025
vn -0.0701 0.2740 -0.9592
vn 0.9963 0.0616 0.0592
vn 0.9997 0.0071 -0.0253
vn 0.0018 0.3687 0.9295
vn -0.1371 0.2742 0.9519
vn -0.6830 0.6896 -0.2408
vn -0.0000 0.2723 -0.9622
vn 0.6985 -0.7016 0.1409
vn -0.0072 -0.3676 -0.9299
vn -0.3606 0.2440 0.9002
vn 0.6978 0.7163 -0.0016
vn 0.0314 0.4839 -0.8746
vn -0.8927 0.4497 -0.0288
vn 0.8187 -0.5743 -0.0000
vn -0.0230 -0.4975 0.8672
vn 0.8891 -0.4571 0.0235
vn 0.0976 -0.7761 -0.6230
vn 0.0802 0.8582 -0.5070
vn 0.0062 0.8887 0.4585
vn -0.0330 0.0328 0.9989
vn -0.1334 0.7102 0.6912
vn -0.0313 0.0309 -0.9990
vn 0.0259 0.7069 -0.7068
vn 0.0005 0.9229 0.3850
vn 0.0062 0.8887 -0.4585
vn 0.4596 0.8881 0.0031
vn 0.4596 0.8881 -0.0031
vn 0.3826 0.9239 -0.0000
vn 0.3827 0.9239 -0.0000
vn 0.6466 0.7517 0.1298
vn 0.5233 0.8484 0.0799
vn 0.3838 0.9234 -0.0001
vn 0.9994 0.0092 0.0326
vn 0.7151 0.6986 0.0254
vn 0.0935 -0.8455 0.5258
vn 0.0822 -0.0008 -0.9966
vn 0.0822 -0.0008 0.9966
vn 0.0935 -0.8455 -0.5258
vn 0.9740 -0.0100 0.2265
vn -0.9874 0.0082 -0.1580
vn 0.8993 -0.4373 -0.0038
vn -0.6908 0.6959 0.1961
vn 0.0976 -0.7761 0.6230
vn 0.9740 -0.0100 -0.2265
vn -0.8988 0.4384 0.0041
vn 0.7014 -0.7035 -0.1143
vn -0.9874 0.0082 0.1580
vn 0.9155 -0.4022 -0.0046
vn -0.9998 0.0138 -0.0156
vn 0.8651 -0.5015 0.0044
vn 0.9998 -0.0121 0.0132
vn 0.9532 0.2953 -0.0652
vn -0.9156 0.4022 0.0046
vn 0.0029 -0.5565 -0.8309
vn 0.0412 -0.2734 0.9610
vn 0.0330 0.5458 0.8373
vn -0.2589 0.3452 -0.9021
vn -0.0052 -0.3359 0.9419
vn 0.8396 -0.5433 0.0001
vn -0.8429 0.5368 0.0374
vn -0.0005 0.3367 -0.9416
vn -0.8171 -0.5765 0.0031
vn -0.9666 -0.0488 -0.2517
vn -0.8171 -0.5765 -0.0031
vn 0.7873 0.4939 -0.3691
vn 0.7723 0.5080 0.3815
vn 0.3205 -0.2886 -0.9022
vn 0.9279 0.3713 0.0332
vn 0.2656 -0.9018 0.3408
vn -0.1194 0.9928 -0.0000
vn 0.1088 -0.3144 0.9430
vn 0.1759 -0.2955 -0.9390
vn 0.9560 0.2934 -0.0000
vn -0.2611 0.9135 -0.3121
vn -0.0949 -0.9955 0.0001
vn 0.2598 -0.9035 -0.3408
vn 0.9129 0.4071 0.0305
vn -0.2517 0.9175 0.3081
vn -0.0000 0.0001 1.0000
vn -0.0000 0.2723 0.9622
vn -0.0000 -0.0001 1.0000
vn -0.0000 -0.2723 -0.9622
vn -0.0000 -0.2723 0.9622
vn -0.0000 0.0001 -1.0000
vn -0.0000 -0.0001 -1.0000
vn -0.5071 0.5989 -0.6198
vn 0.6592 0.6359 -0.4013
vn -0.7126 0.7015 -0.0001
vn 0.6592 0.6359 0.4013
vn 0.7193 0.6947 0.0004
vn -0.7126 0.7015 0.0001
vn -0.7120 0.7021 -0.0002
vn 0.7193 0.6947 -0.0004
vn 0.7188 0.6952 -0.0000
vn -0.7120 0.7021 0.0002
vn -0.7119 0.7023 -0.0000
vn -0.0000 0.6947 0.7193
vn -0.0000 0.6968 -0.7173
vn -0.5071 0.5989 0.6198
vn -0.5055 0.6990 -0.5059
vn 0.5083 0.6952 -0.5083
vn 0.5083 0.6952 0.5083
vn -0.5055 0.6990 0.5059
vn -0.7136 0.7005 0.0001
vn -0.0000 0.6968 0.7173
vn -0.7136 0.7005 -0.0001
vn -0.0000 0.6947 -0.7193
vn 0.7193 0.6947 -0.0001
vn 0.7193 0.6947 0.0001
vn 0.0010 0.7233 0.6905
vn -0.0008 1.0000 0.0087
vn 1.0000 0.0002 -0.0000
vn 0.7072 -0.7070 -0.0000
vn 0.7070 0.7072 -0.0000
vn -0.7072 0.7070 -0.0000
vn -0.7070 -0.7072 -0.0000
vn -0.0000 0.0312 -0.9995
vn -0.0000 -0.9467 -0.3221
vn -0.0000 -0.9467 0.3221
vn -0.5774 0.5774 0.5774
vn -0.5774 0.5774 -0.5774
vn 0.5773 0.5774 -0.5774
vn -0.0072 -0.3676 -0.9300
vn -0.3606 0.2440 0.9003
vn 0.4595 0.8881 0.0031
vn 0.4595 0.8881 -0.0031
vn 0.0029 -0.5564 -0.8309
vn 0.8395 -0.5433 0.0001
vn 0.7722 0.5080 0.3816
vn 0.0024 0.7312 0.6822
vn 0.4505 -0.8492 0.2757
vn -0.0000 -0.7071 -0.7071
vn -0.0000 -0.6987 0.7154
vn -0.2186 0.5898 -0.7774
vn -0.7071 -0.7071 -0.0000
vn -0.7006 0.7135 -0.0000
vn 1.0000 0.0043 -0.0010
vn 0.1173 -0.1271 -0.9849
vn -0.5755 0.5810 -0.5755
vn 0.0005 0.7218 0.6921
vn 0.0936 -0.8455 0.5257
vn 0.0936 -0.8455 -0.5257
vn 0.0413 -0.2734 0.9610
vn -0.1195 0.9928 -0.0000
vn -0.2611 0.9135 -0.3120
vn -0.0951 -0.9955 0.0001
vn -0.7126 0.7016 -0.0001
vn -0.7121 0.7021 -0.0002
vn 0.7163 -0.6978 -0.0000
vn 0.0046 0.7221 -0.6918
vn -0.6992 0.7149 0.0030
vn -0.4514 -0.7748 0.4427
vn -0.6992 0.7149 -0.0030
vn 1.0000 -0.0065 0.0055
vn -0.0010 1.0000 -0.0000
vn -0.0016 1.0000 -0.0002
vn -0.5110 -0.6912 -0.5110
vn -0.0006 0.7149 -0.6992
vn -0.5754 0.5811 0.5755
vn 0.9883 -0.0926 0.1215
vn 1.0000 -0.0006 -0.0004
vn 0.3741 -0.2139 0.9024
vn 0.6635 0.7482 -0.0030
vn 0.9949 -0.0966 -0.0307
vn 0.3759 -0.2074 -0.9032
vn 0.0358 -0.1228 0.9918
vn 0.0001 -0.6929 0.7211
vn -0.0001 0.0011 -1.0000
vn -0.0012 1.0000 0.0009
vn -0.7029 -0.1061 0.7033
vn -0.7031 -0.1070 -0.7030
vn -0.9997 0.0248 -0.0014
vn -0.9997 0.0243 0.0014
vn -0.9998 0.0207 -0.0000
vn -0.9998 0.0204 -0.0000
vn -0.9998 0.0190 -0.0000
vn -0.9998 0.0188 -0.0000
vn -0.9998 0.0183 -0.0000
vn 0.0002 0.0569 0.9984
vn -0.0003 0.0322 -0.9995
vn 0.2448 0.5512 -0.7976
vn 0.0009 0.2562 0.9666
vn 0.6168 0.5786 0.5336
vn 0.6327 0.5599 -0.5350
vn 0.1277 0.0705 0.9893
vn -0.0004 0.6933 -0.7206
vn 0.7269 0.6867 -0.0000
vn 0.7256 0.6882 -0.0000
vn 0.7255 0.6883 -0.0026
vn 0.7252 0.6886 -0.0000
vn 0.7823 0.5685 0.2546
vn 0.7551 0.6521 -0.0678
vn -0.0000 0.0373 -0.9993
vn -0.0002 0.0418 0.9991
vn 0.9982 0.0600 -0.0001
vn 0.7263 0.5262 -0.4423
vn 0.7306 0.4170 0.5408
vn -0.5124 -0.6889 0.5126
vn 0.5773 -0.5774 0.5774
vn 0.5774 0.5774 0.5773
vn 0.5773 -0.5774 -0.5774
vn 0.5774 0.5774 -0.5773
vn -0.0000 -0.7071 0.7071
vn 0.7071 -0.7071 -0.0000
vn 1.0000 -0.0065 -0.0000
vn 1.0000 0.0065 -0.0000
vn -0.0108 -0.9999 -0.0000
vn -0.0108 0.9999 -0.0000
vt 0.375000 0.083333
vt 0.421711 0.083333
vt 0.421727 0.111111
vt 0.375000 0.111111
vt 0.534605 0.166667
vt 0.597088 0.166667
vt 0.597088 0.227860
vt 0.534605 0.227860
vt 0.430960 0.583333
vt 0.459849 0.583333
vt 0.457983 0.611111
vt 0.430475 0.611111
vt 0.625577 0.384053
vt 0.625748 0.420394
vt 0.597088 0.420392
vt 0.597088 0.384052
vt 0.425716 0.261695
vt 0.425732 0.227860
vt 0.430505 0.620370
vt 0.457366 0.620319
vt 0.457366 0.629681
vt 0.430505 0.629630
vt 0.534605 0.022140
vt 0.597088 0.022140
vt 0.597088 0.083333
vt 0.534605 0.083333
vt 0.534605 0.666667
vt 0.597088 0.666667
vt 0.597088 0.727860
vt 0.534605 0.727860
vt 0.125000 0.522140
vt 0.136695 0.500000
vt 0.295918 0.500000
vt 0.305372 0.500000
vt 0.363305 0.500000
vt 0.375000 0.522140
vt 0.375000 0.583333
vt 0.125000 0.583333
vt 0.430869 0.761695
vt 0.458594 0.761695
vt 0.458594 0.819628
vt 0.430874 0.819628
vt 0.125000 0.666667
vt 0.375000 0.666667
vt 0.375000 0.727860
vt 0.363305 0.750000
vt 0.305372 0.750000
vt 0.295918 0.750000
vt 0.136695 0.750000
vt 0.125000 0.727860
vt 0.430054 0.166667
vt 0.458594 0.166667
vt 0.458594 0.227860
vt 0.430059 0.227860
vt 0.534605 0.522140
vt 0.597088 0.522140
vt 0.597088 0.583333
vt 0.534605 0.583333
vt 0.430960 0.666667
vt 0.459849 0.666667
vt 0.458928 0.727860
vt 0.430892 0.727860
vt 0.534605 0.430331
vt 0.597088 0.433498
vt 0.597088 0.488305
vt 0.534605 0.488305
vt 0.597088 0.111111
vt 0.534605 0.111111
vt 0.635195 0.666667
vt 0.635195 0.728420
vt 0.125000 0.638889
vt 0.375000 0.638889
vt 0.425732 0.022140
vt 0.425716 0.000000
vt 0.425732 0.022140
vt 0.740543 0.630166
vt 0.863305 0.629629
vt 0.863305 0.638889
vt 0.740543 0.638376
vt 0.589309 0.620623
vt 0.589309 0.629377
vt 0.597088 0.611111
vt 0.534605 0.611111
vt 0.740543 0.583333
vt 0.863305 0.583333
vt 0.863305 0.611111
vt 0.740543 0.611624
vt 0.534605 0.619449
vt 0.457300 0.619451
vt 0.534605 0.638889
vt 0.597088 0.638889
vt 0.534605 0.120370
vt 0.597088 0.120370
vt 0.597088 0.129630
vt 0.534605 0.129630
vt 0.375000 0.611111
vt 0.125000 0.611111
vt 0.125000 0.629629
vt 0.375000 0.629630
vt 0.534605 0.138889
vt 0.597088 0.138889
vt 0.597088 0.166667
vt 0.597088 0.111111
vt 0.430892 0.522140
vt 0.458927 0.522140
vt 0.430052 0.111111
vt 0.458594 0.111111
vt 0.458594 0.120370
vt 0.430050 0.120370
vt 0.430059 0.022140
vt 0.458594 0.022140
vt 0.458594 0.083333
vt 0.430054 0.083333
vt 0.425285 0.629630
vt 0.425285 0.620370
vt 0.430050 0.129630
vt 0.458594 0.129630
vt 0.458594 0.138889
vt 0.430052 0.138889
vt 0.458594 0.828462
vt 0.430125 0.828478
vt 0.740947 0.522597
vt 0.863305 0.522139
vt 0.430050 0.129630
vt 0.597088 0.129630
vt 0.597088 0.138889
vt 0.457300 0.630549
vt 0.534605 0.630551
vt 0.457983 0.638889
vt 0.375000 0.620370
vt 0.125000 0.620370
vt 0.625576 0.865947
vt 0.625000 0.988305
vt 0.597088 0.988305
vt 0.597088 0.865948
vt 0.534605 0.421867
vt 0.597088 0.423971
vt 0.863305 0.620370
vt 0.740543 0.619834
vt 0.863305 0.620370
vt 0.597088 0.611111
vt 0.597088 0.619549
vt 0.598239 0.629584
vt 0.637756 0.629590
vt 0.598271 0.629584
vt 0.534605 0.630551
vt 0.597088 0.630451
vt 0.458594 0.430372
vt 0.534605 0.488305
vt 0.458594 0.488305
vt 0.458594 0.022140
vt 0.534605 0.022140
vt 0.430125 0.421522
vt 0.458594 0.421538
vt 0.430874 0.430372
vt 0.534605 0.227860
vt 0.458594 0.227860
vt 0.458927 0.522140
vt 0.426803 0.666667
vt 0.425276 0.638889
vt 0.375000 0.138889
vt 0.421727 0.138889
vt 0.421711 0.166667
vt 0.375000 0.166667
vt 0.863305 0.666667
vt 0.740543 0.666667
vt 0.420637 0.638889
vt 0.424153 0.666667
vt 0.426808 0.727860
vt 0.426808 0.727860
vt 0.375000 0.420918
vt 0.421598 0.420918
vt 0.424152 0.430372
vt 0.375000 0.430372
vt 0.425276 0.611111
vt 0.425743 0.166667
vt 0.425750 0.138889
vt 0.425693 0.420918
vt 0.430475 0.638889
vt 0.425753 0.120370
vt 0.425750 0.111111
vt 0.425285 0.629630
vt 0.425753 0.129630
vt 0.425716 0.988305
vt 0.425693 0.829082
vt 0.597088 0.000000
vt 0.625000 0.022140
vt 0.625000 0.227860
vt 0.597088 0.250000
vt 0.623590 0.488600
vt 0.597088 0.500000
vt 0.635195 0.521580
vt 0.635195 0.583333
vt 0.534605 0.000000
vt 0.625000 0.166667
vt 0.430869 0.488305
vt 0.458594 0.488305
vt 0.623942 0.760664
vt 0.623942 0.819510
vt 0.597088 0.816502
vt 0.597088 0.761695
vt 0.430869 0.761695
vt 0.430892 0.727860
vt 0.623590 0.728420
vt 0.597088 0.750000
vt 0.863305 0.727860
vt 0.740947 0.726946
vt 0.430065 0.000000
vt 0.458594 0.000000
vt 0.426808 0.522140
vt 0.426808 0.488305
vt 0.426808 0.522140
vt 0.426808 0.761695
vt 0.430074 0.829756
vt 0.430072 0.865999
vt 0.430072 0.866100
vt 0.430074 0.829758
vt 0.625000 0.083333
vt 0.625000 0.139899
vt 0.635195 0.583333
vt 0.635195 0.611111
vt 0.635194 0.611111
vt 0.635194 0.618438
vt 0.625000 0.110101
vt 0.625000 0.130337
vt 0.625000 0.138889
vt 0.638927 0.583293
vt 0.694628 0.582289
vt 0.694628 0.612048
vt 0.638927 0.611147
vt 0.595944 0.620416
vt 0.534605 0.620421
vt 0.595933 0.620416
vt 0.625000 0.111111
vt 0.625000 0.119663
vt 0.625000 0.120370
vt 0.625000 0.129630
vt 0.638927 0.611147
vt 0.694628 0.620338
vt 0.638927 0.621326
vt 0.638927 0.620388
vt 0.694628 0.629662
vt 0.637811 0.629606
vt 0.597088 0.261695
vt 0.534605 0.261695
vt 0.534605 0.761695
vt 0.458594 0.261695
vt 0.430065 0.261695
vt 0.430054 0.083333
vt 0.430052 0.111111
vt 0.430475 0.611111
vt 0.457312 0.619451
vt 0.457312 0.630549
vt 0.694628 0.637952
vt 0.704082 0.638531
vt 0.704082 0.666667
vt 0.694628 0.667711
vt 0.450371 0.418649
vt 0.438297 0.418652
vt 0.438297 0.418652
vt 0.450371 0.418649
vt 0.704082 0.619994
vt 0.704082 0.630006
vt 0.704082 0.611469
vt 0.458594 0.866067
vt 0.458594 0.988305
vt 0.430065 0.988305
vt 0.704082 0.583333
vt 0.534605 0.866008
vt 0.534605 0.988305
vt 0.426803 0.583333
vt 0.638927 0.523321
vt 0.694628 0.523306
vt 0.534605 0.819669
vt 0.597088 0.826029
vt 0.534605 0.828133
vt 0.534605 0.828133
vt 0.638927 0.666707
vt 0.694628 0.726694
vt 0.638927 0.726679
vt 0.623942 0.826748
vt 0.426808 0.522140
vt 0.623942 0.430490
vt 0.623942 0.489336
vt 0.375000 0.761695
vt 0.424165 0.761695
vt 0.424152 0.819628
vt 0.375000 0.819628
vt 0.635195 0.631562
vt 0.635195 0.638889
vt 0.638927 0.638853
vt 0.637811 0.628450
vt 0.638927 0.638853
vt 0.430125 0.421522
vt 0.430124 0.421517
vt 0.635195 0.638889
vt 0.635195 0.666667
vt 0.706517 0.522756
vt 0.430869 0.488305
vt 0.706517 0.726653
vt 0.458594 0.383933
vt 0.534605 0.383992
vt 0.534605 0.420315
vt 0.458594 0.420238
vt 0.597088 0.420392
vt 0.534605 0.420315
vt 0.424165 0.727860
vt 0.420637 0.611111
vt 0.420659 0.620370
vt 0.430072 0.384001
vt 0.430074 0.420244
vt 0.430074 0.420242
vt 0.430072 0.383900
vt 0.430124 0.828483
vt 0.426803 0.819628
vt 0.425693 0.829082
vt 0.421598 0.829082
vt 0.375000 0.829082
vt 0.424165 0.522140
vt 0.375000 0.522140
vt 0.375000 0.488305
vt 0.424165 0.488305
vt 0.375000 0.129630
vt 0.421735 0.129630
vt 0.421686 0.227860
vt 0.375000 0.227860
vt 0.421598 0.829082
vt 0.421649 0.988305
vt 0.375000 0.988305
vt 0.425743 0.083333
vt 0.425732 0.022140
vt 0.428459 0.420918
vt 0.375000 0.120370
vt 0.421735 0.120370
vt 0.426808 0.488305
vt 0.426803 0.430372
vt 0.428459 0.829082
vt 0.425750 0.111111
vt 0.426808 0.761695
vt 0.428459 0.420918
vt 0.426803 0.430372
vt 0.428459 0.829082
vt 0.424153 0.583333
vt 0.375000 0.261695
vt 0.421649 0.261695
vt 0.424152 0.430372
vt 0.424165 0.488305
vt 0.420659 0.629630
vt 0.424165 0.522140
vt 0.424153 0.583333
vt 0.420659 0.629630
vt 0.375000 0.000000
vt 0.421649 0.000000
vt 0.421686 0.022140
vt 0.375000 0.022140
vt 0.421727 0.111111
vt 0.421686 0.022140
vt 0.625748 0.829606
vt 0.597088 0.829608
vt 0.534605 0.629578
vt 0.595933 0.629584
vt 0.597088 0.629897
vt 0.535526 0.629354
vt 0.534605 0.829685
vt 0.459822 0.620421
vt 0.459822 0.629579
vt 0.637756 0.620410
vt 0.598239 0.629584
vt 0.598239 0.620416
vt 0.458594 0.829762
vt 0.623942 0.423252
vt 0.623942 0.430490
vt 0.597088 0.423971
vt 0.625000 0.420918
vt 0.625000 0.430372
vt 0.625000 0.763927
vt 0.625000 0.819628
vt 0.625000 0.829082
vt 0.625000 0.486073
vt 0.598275 0.620416
vt 0.597088 0.620113
vt 0.597088 0.620113
vt 0.595933 0.620416
vt 0.430074 0.420244
vt 0.458594 0.420238
vt 0.458594 0.829762
vt 0.430074 0.829756
vt 0.595944 0.629584
vt 0.595933 0.629584
vt 0.598200 0.629584
vt 0.598275 0.620416
vt 0.595949 0.620416
vt 0.598239 0.620416
vt 0.595944 0.629584
vt 0.595944 0.620416
vt 0.535526 0.620646
vt 0.465268 0.620639
vt 0.465268 0.629361
vt 0.531672 0.629201
vt 0.469123 0.629207
vt 0.540210 0.629203
vt 0.540210 0.620797
vt 0.531672 0.620799
vt 0.469123 0.620793
vt 0.584625 0.620772
vt 0.584625 0.629228
vt 0.474334 0.621002
vt 0.526460 0.621006
vt 0.578292 0.629024
vt 0.546544 0.629000
vt 0.526460 0.628994
vt 0.474334 0.628998
vt 0.578291 0.620976
vt 0.546544 0.621000
vt 0.523714 0.628884
vt 0.477080 0.628888
vt 0.549881 0.628894
vt 0.549881 0.621106
vt 0.523714 0.621115
vt 0.477080 0.621111
vt 0.574954 0.621084
vt 0.574955 0.628916
vt 0.438297 0.831348
vt 0.450371 0.831351
vt 0.704607 0.726674
vt 0.704606 0.522733
vt 0.625000 0.261695
vt 0.456281 0.385530
vt 0.432385 0.385585
vt 0.456281 0.418648
vt 0.432387 0.418654
vt 0.456281 0.831352
vt 0.432387 0.831346
vt 0.456281 0.864470
vt 0.432385 0.864415
vt 0.432387 0.414593
vt 0.432385 0.389646
vt 0.432385 0.389646
vt 0.432387 0.414593
vt 0.432385 0.860354
vt 0.432387 0.835407
vt 0.432385 0.860354
vt 0.456281 0.835419
vt 0.456281 0.860403
vt 0.456281 0.835419
vt 0.438295 0.385572
vt 0.450371 0.385544
vt 0.450371 0.385544
vt 0.438295 0.385572
vt 0.450371 0.864456
vt 0.438295 0.864428
vt 0.456281 0.389597
vt 0.456281 0.414581
vt 0.456281 0.414581
vt 0.438297 0.831348
vt 0.456281 0.389597
vt 0.456281 0.385531
vt 0.432384 0.385585
vt 0.432387 0.418653
vt 0.456283 0.418648
vt 0.456281 0.831351
vt 0.432388 0.831346
vt 0.432385 0.864415
vt 0.456280 0.864470
vt 0.439373 0.387357
vt 0.434985 0.390381
vt 0.449294 0.387335
vt 0.453681 0.390343
vt 0.453681 0.413841
vt 0.449293 0.416861
vt 0.439373 0.416864
vt 0.434987 0.413852
vt 0.439373 0.833136
vt 0.434987 0.836149
vt 0.449293 0.833139
vt 0.453681 0.836159
vt 0.453681 0.859657
vt 0.449294 0.862665
vt 0.439373 0.862643
vt 0.434986 0.859619
vt 0.625743 0.830581
vt 0.598803 0.865948
vt 0.598781 0.830576
vt 0.000000 0.000000
vt 0.598793 0.138889
vt 0.598791 0.129673
vt 0.598793 0.111049
vt 0.598797 0.083333
vt 0.706517 0.522756
vt 0.598805 0.227860
vt 0.598806 0.248637
vt 0.598806 0.988305
vt 0.598803 0.865948
vt 0.598791 0.129630
vt 0.598791 0.120370
vt 0.598797 0.166667
vt 0.598793 0.138951
vt 0.626244 0.419597
vt 0.598780 0.419593
vt 0.598802 0.384052
vt 0.598797 0.083333
vt 0.598805 0.022140
vt 0.598791 0.120327
vt 0.598793 0.111111
vt 0.598804 0.227860
vt 0.598797 0.166667
vt 0.598802 0.384052
vt 0.598806 0.261695
vt 0.598805 0.022140
vt 0.598806 0.001363
vt 0.637811 0.628450
vt 0.639283 0.620481
vt 0.638437 0.629528
vt 0.600573 0.629509
vt 0.600572 0.620491
vt 0.638927 0.611147
vt 0.638927 0.621326
vt 0.637756 0.620410
vt 0.694628 0.726179
vt 0.642622 0.726104
vt 0.642621 0.666773
vt 0.642624 0.638793
vt 0.639589 0.626127
vt 0.642619 0.611207
vt 0.642628 0.583226
vt 0.642634 0.525311
vt 0.694628 0.525273
vt 0.710189 0.523886
vt 0.597088 0.261695
vt 0.597088 0.228901
vt 0.597088 0.260654
vt 0.694628 0.726179
vt 0.711046 0.726282
vt 0.642627 0.583226
vt 0.642619 0.611207
vt 0.642684 0.623326
vt 0.535714 0.042713
vt 0.553571 0.042713
vt 0.553571 0.207287
vt 0.535714 0.207287
vt 0.621214 0.250000
vt 0.607143 0.250000
vt 0.392857 1.000000
vt 0.406928 1.000000
vt 0.406928 1.000000
vt 0.410714 0.657227
vt 0.392857 0.657227
vt 0.378786 0.825967
vt 0.392857 0.825967
vt 0.378786 1.000000
vt 0.392857 0.250000
vt 0.378786 0.250000
vt 0.410714 0.042713
vt 0.428571 0.042713
vt 0.428571 0.207287
vt 0.410714 0.207287
vt 0.410714 0.042713
vt 0.410714 0.207287
vt 0.410714 0.207287
vt 0.410714 0.042713
vt 0.446429 0.042713
vt 0.464286 0.042713
vt 0.464286 0.207287
vt 0.446429 0.207287
vt 0.464286 0.042713
vt 0.482143 0.042713
vt 0.482143 0.207287
vt 0.464286 0.207287
vt 0.485929 1.000000
vt 0.500000 1.000000
vt 0.485929 1.000000
vt 0.482143 0.207287
vt 0.482143 0.042713
vt 0.482143 0.042713
vt 0.482143 0.207287
vt 0.517857 0.042713
vt 0.535714 0.042713
vt 0.535714 0.207287
vt 0.517857 0.207287
vt 0.517857 0.042713
vt 0.517857 0.207287
vt 0.517857 0.207287
vt 0.517857 0.042713
vt 0.553571 0.042713
vt 0.571429 0.042713
vt 0.571429 0.207287
vt 0.553571 0.207287
vt 0.571429 0.042713
vt 0.589286 0.042713
vt 0.589286 0.207287
vt 0.571429 0.207287
vt 0.593072 1.000000
vt 0.607143 1.000000
vt 0.593072 1.000000
vt 0.589286 0.207287
vt 0.589286 0.042713
vt 0.589286 0.042713
vt 0.589286 0.207287
vt 0.299033 0.657227
vt 0.125000 0.657227
vt 0.375000 0.042713
vt 0.378786 0.000000
vt 0.392857 0.000000
vt 0.375000 0.207287
vt 0.410714 0.592773
vt 0.428571 0.592773
vt 0.428571 0.657227
vt 0.378786 0.657228
vt 0.446429 0.592773
vt 0.446429 0.657227
vt 0.378786 0.592772
vt 0.392857 0.592773
vt 0.464286 0.592773
vt 0.464286 0.657227
vt 0.700967 0.592773
vt 0.875000 0.592773
vt 0.482143 0.592773
vt 0.482143 0.657227
vt 0.621214 0.424033
vt 0.607143 0.424033
vt 0.125000 0.592773
vt 0.299033 0.592773
vt 0.406928 0.250000
vt 0.406928 0.250000
vt 0.406928 0.325967
vt 0.428571 0.325967
vt 0.428571 0.424033
vt 0.410714 0.424033
vt 0.428571 0.325967
vt 0.446429 0.325967
vt 0.446429 0.424033
vt 0.428571 0.424033
vt 0.446429 0.325967
vt 0.464286 0.325967
vt 0.464286 0.424033
vt 0.464286 0.325967
vt 0.485929 0.325967
vt 0.482143 0.424033
vt 0.500000 0.250000
vt 0.485929 0.250000
vt 0.485929 0.250000
vt 0.514071 0.250000
vt 0.514071 0.250000
vt 0.514071 0.325967
vt 0.535714 0.325967
vt 0.535714 0.424033
vt 0.517857 0.424033
vt 0.535714 0.325967
vt 0.553571 0.325967
vt 0.553571 0.424033
vt 0.553571 0.325967
vt 0.571429 0.325967
vt 0.571429 0.424033
vt 0.571429 0.325967
vt 0.593072 0.325967
vt 0.589286 0.424033
vt 0.571429 0.424033
vt 0.593072 0.325967
vt 0.607143 0.424033
vt 0.482143 0.825967
vt 0.500000 0.825967
vt 0.485929 0.924033
vt 0.410714 0.825967
vt 0.428571 0.825967
vt 0.428571 0.924033
vt 0.406928 0.924033
vt 0.428571 0.825967
vt 0.446429 0.825967
vt 0.446429 0.924033
vt 0.428571 0.924033
vt 0.464286 0.825967
vt 0.464286 0.924033
vt 0.482143 0.825967
vt 0.485929 0.924033
vt 0.464286 0.924033
vt 0.392857 0.424033
vt 0.378786 0.424033
vt 0.593072 0.250000
vt 0.517857 0.825967
vt 0.535714 0.825967
vt 0.535714 0.924033
vt 0.514071 0.924033
vt 0.553571 0.825967
vt 0.553571 0.924033
vt 0.535714 0.924033
vt 0.571429 0.825967
vt 0.571429 0.924033
vt 0.589286 0.825967
vt 0.593072 0.924033
vt 0.500000 0.592773
vt 0.406928 0.000000
vt 0.410714 0.042713
vt 0.410714 0.207287
vt 0.406928 0.250000
vt 0.607143 0.000000
vt 0.621214 0.000000
vt 0.625000 0.042713
vt 0.625000 0.207287
vt 0.482143 0.042713
vt 0.485929 0.000000
vt 0.500000 0.000000
vt 0.485929 0.250000
vt 0.482143 0.207287
vt 0.514071 0.000000
vt 0.517857 0.042713
vt 0.517857 0.207287
vt 0.589286 0.042713
vt 0.593072 0.000000
vt 0.593072 0.250000
vt 0.589286 0.207287
vt 0.514071 0.924033
vt 0.621214 1.000000
vt 0.406928 0.924033
vt 0.514071 1.000000
vt 0.514071 1.000000
vt 0.406928 0.325967
vt 0.500000 0.657227
vt 0.428571 0.042713
vt 0.446429 0.042713
vt 0.446429 0.207287
vt 0.428571 0.207287
vt 0.607143 0.825967
vt 0.621214 0.825967
vt 0.514071 0.325967
vt 0.500000 0.424033
vt 0.589286 0.825967
vt 0.607143 0.825967
vt 0.621214 0.592772
vt 0.482143 0.424033
vt 0.375000 0.707287
vt 0.378786 0.707287
vt 0.378786 0.750000
vt 0.625000 0.707287
vt 0.700967 0.707287
vt 0.700967 0.750000
vt 0.375000 0.424033
vt 0.378786 0.500000
vt 0.700967 0.500000
vt 0.700967 0.542713
vt 0.625000 0.542713
vt 0.375000 0.250000
vt 0.875000 0.542713
vt 0.875000 0.500000
vt 0.392857 0.542713
vt 0.378786 0.542713
vt 0.517857 0.592773
vt 0.517857 0.657227
vt 0.392857 0.707287
vt 0.375000 1.000000
vt 0.375000 0.825967
vt 0.875000 0.707287
vt 0.875000 0.750000
vt 0.428571 1.000000
vt 0.410714 1.000000
vt 0.446429 1.000000
vt 0.464286 1.000000
vt 0.482143 1.000000
vt 0.535714 1.000000
vt 0.517857 1.000000
vt 0.553571 1.000000
vt 0.571429 1.000000
vt 0.589286 1.000000
vt 0.621214 0.542713
vt 0.607143 0.542713
vt 0.589286 0.542713
vt 0.571429 0.542713
vt 0.553571 0.542713
vt 0.535714 0.542713
vt 0.517857 0.542713
vt 0.500000 0.542713
vt 0.482143 0.542713
vt 0.464286 0.542713
vt 0.464286 0.542713
vt 0.446429 0.542713
vt 0.428571 0.542713
vt 0.410714 0.542713
vt 0.410714 0.542713
vt 0.607143 0.707287
vt 0.621214 0.707287
vt 0.589286 0.707287
vt 0.607143 0.707287
vt 0.571429 0.707287
vt 0.589286 0.707287
vt 0.553571 0.707287
vt 0.571429 0.707287
vt 0.535714 0.707287
vt 0.553571 0.707287
vt 0.517857 0.707287
vt 0.535714 0.707287
vt 0.500000 0.707287
vt 0.517857 0.707287
vt 0.482143 0.707287
vt 0.500000 0.707287
vt 0.464286 0.707287
vt 0.482143 0.707287
vt 0.446429 0.707287
vt 0.464286 0.707287
vt 0.428571 0.707287
vt 0.446429 0.707287
vt 0.410714 0.707287
vt 0.428571 0.707287
vt 0.392857 0.707287
vt 0.410714 0.707287
vt 0.875000 0.542713
vt 0.517857 0.000000
vt 0.410714 0.000000
vt 0.875000 0.707287
vt 0.875000 0.707287
vt 0.299033 0.707287
vt 0.621214 0.657228
vt 0.700967 0.657227
vt 0.299033 0.542713
vt 0.125000 0.542713
vt 0.500000 0.673763
vt 0.516391 0.673763
vt 0.483609 0.690751
vt 0.483609 0.673763
vt 0.125000 0.707287
vt 0.875000 0.657227
vt 0.619748 0.690752
vt 0.607143 0.690752
vt 0.590751 0.673763
vt 0.607143 0.673763
vt 0.589286 0.592773
vt 0.571429 0.592773
vt 0.553571 0.592773
vt 0.535714 0.592773
vt 0.516391 0.690751
vt 0.392857 0.559249
vt 0.409248 0.559248
vt 0.619748 0.673763
vt 0.590752 0.690751
vt 0.483609 0.559248
vt 0.500000 0.559248
vt 0.571429 0.657227
vt 0.589286 0.657227
vt 0.553571 0.657227
vt 0.535714 0.657227
vt 0.409248 0.576237
vt 0.392857 0.576237
vt 0.516391 0.559248
vt 0.875000 0.592772
vt 0.125000 0.592772
vt 0.125000 0.542713
vt 0.125000 0.657228
vt 0.125000 0.707287
vt 0.125000 0.707287
vt 0.875000 0.657227
vt 0.607143 0.592773
vt 0.607143 0.657227
vt 0.380252 0.559248
vt 0.380252 0.690752
vt 0.392857 0.690751
vt 0.619748 0.559248
vt 0.607143 0.559249
vt 0.590752 0.559249
vt 0.500000 0.690751
vt 0.409248 0.690751
vt 0.380252 0.576237
vt 0.392857 0.673763
vt 0.380252 0.673763
vt 0.607143 0.576237
vt 0.619748 0.576237
vt 0.590751 0.576237
vt 0.500000 0.576237
vt 0.516391 0.576237
vt 0.483609 0.576237
vt 0.409248 0.673763
s 0
usemtl M_Noir_Bleuté
f 10/1/1 387/2/1 396/3/1 18/4/1
f 34/5/1 71/6/1 58/7/1 88/8/1
f 116/13/3 218/14/3 211/15/3 121/16/3
f 418/17/4 416/18/4 179/18/4 176/17/4
f 85/23/1 53/24/1 70/25/1 33/26/1
f 56/31/5 57/32/5 28/33/5 5/34/5 65/35/5 66/36/5 14/37/5 9/38/5
f 10/43/5 13/44/5 61/45/5 62/46/5 4/47/5 30/48/5 51/49/5 52/50/5
f 110/51/1 44/52/1 93/53/1 134/54/1
f 33/26/1 70/25/1 76/67/1 35/68/1
f 18/71/5 21/72/5 13/44/5 10/43/5
f 413/73/9 412/74/9 187/74/9 190/75/9
f 133/76/10 81/77/10 75/78/10 135/79/10
f 302/80/5 303/81/5 329/81/5 330/80/5
f 140/84/10 72/85/10 78/86/10 143/87/10
f 39/92/1 82/93/1 83/94/1 40/95/1
f 9/38/5 14/37/5 22/96/5 17/97/5
f 24/98/5 26/99/5 21/72/5 18/71/5
f 36/100/1 77/101/1 71/102/1 34/5/1
f 35/68/1 76/103/1 82/93/1 39/92/1
f 115/106/1 45/107/1 49/108/1 124/109/1
f 131/110/1 99/111/1 43/112/1 109/113/1
f 404/114/10 401/115/10 169/115/10 160/114/10
f 127/116/1 50/117/1 46/118/1 118/119/1
f 116/122/11 59/123/11 72/85/11 140/84/11
f 124/109/1 49/108/1 50/117/1 127/124/1
f 40/95/1 83/125/1 77/126/1 36/100/1
f 17/97/5 22/96/5 27/130/5 23/131/5
f 23/131/5 27/130/5 26/99/5 24/98/5
f 117/132/12 55/133/12 54/134/12 119/135/12
f 143/87/10 78/86/10 84/138/10 141/139/10
f 141/139/10 84/140/10 81/77/10 133/76/10
f 49/108/1 39/92/1 40/95/1 50/117/1
f 45/107/1 35/68/1 39/92/1 49/108/1
f 311/143/13 235/144/13 292/144/13 304/145/13
f 50/117/1 40/95/1 36/100/1 46/118/1
f 43/112/1 33/26/1 35/68/1 45/107/1
f 46/118/1 36/100/1 34/5/1 44/52/1
f 99/151/1 85/152/1 33/26/1 43/112/1
f 44/52/1 34/5/1 88/156/1 93/157/1
f 385/159/14 394/160/14 148/160/14 151/159/14
f 17/161/1 397/162/1 390/163/1 9/164/1
f 135/79/10 75/78/10 69/165/10 137/166/10
f 118/119/1 46/118/1 44/52/1 110/51/1
f 21/72/2 393/167/2 386/168/2 13/44/2
f 424/169/15 385/159/15 151/159/15 185/170/15
f 28/171/7 399/172/7 380/173/7 5/174/7
f 401/115/16 391/175/16 159/175/16 169/115/16
f 389/176/15 398/177/15 152/177/15 155/176/15
f 400/178/10 418/17/10 176/17/10 145/178/10
f 405/180/17 395/181/17 165/181/17 171/180/17
f 394/160/18 404/182/18 160/182/18 148/160/18
f 408/183/10 405/180/10 171/180/10 166/183/10
f 398/177/15 408/183/15 166/183/15 152/177/15
f 412/184/10 409/185/10 178/185/10 187/184/10
f 53/24/19 54/186/19 55/187/19
f 58/7/20 59/188/20 60/189/20
f 86/194/23 54/186/23 53/24/23 85/23/23
f 72/195/24 59/188/24 58/7/24 71/6/24
f 137/166/10 69/165/10 55/206/10 117/207/10
f 130/208/23 100/209/23 99/111/23 131/110/23
f 421/210/10 420/211/10 181/211/10 184/212/10
f 426/213/10 424/170/10 185/170/10 172/213/10
f 240/214/5 126/215/5 112/216/5 245/217/5
f 55/187/24 69/218/24 70/25/24 53/24/24
f 78/219/24 72/195/24 71/102/24 77/101/24
f 69/218/24 75/224/24 76/67/24 70/25/24
f 84/225/24 78/226/24 77/126/24 83/125/24
f 223/227/10 101/228/10 103/229/10 227/230/10
f 310/231/30 321/232/30 274/232/30 307/233/30
f 75/234/24 81/235/24 82/93/24 76/103/24
f 81/236/24 84/237/24 83/94/24 82/93/24
f 227/238/10 103/229/10 104/239/10 231/240/10
f 231/241/31 104/239/31 12/242/31 235/243/31
f 100/209/23 86/194/23 85/152/23 99/151/23
f 60/244/32 87/245/32 88/8/32 58/7/32
f 87/245/32 94/247/32 93/157/32 88/156/32
f 94/247/32 136/248/32 134/54/32 93/53/32
f 109/249/1 43/112/1 45/107/1 115/250/1
f 11/254/10 20/255/10 29/256/10 8/257/10
f 438/258/33 437/259/33 455/260/33 458/261/33
f 104/239/10 15/262/10 16/263/10 12/242/10
f 103/229/10 19/264/10 15/262/10 104/239/10
f 126/215/6 125/265/6 100/266/6 130/267/6
f 101/228/10 25/268/10 19/264/10 103/229/10
f 122/269/6 119/135/6 54/134/6 86/270/6
f 12/242/10 16/263/10 20/255/10 11/254/10
f 391/175/34 384/271/34 156/271/34 159/175/34
f 221/272/10 191/273/10 101/228/10 223/227/10
f 125/265/6 122/269/6 86/270/6 100/266/6
f 226/278/10 8/257/10 193/279/10 219/280/10
f 384/271/17 421/282/17 184/282/17 156/271/17
f 62/285/6 425/286/6 382/287/6 4/288/6
f 230/291/10 11/254/10 8/257/10 226/278/10
f 235/292/37 12/242/37 11/254/37 230/293/37
f 191/273/39 218/298/39 25/268/39 101/228/39
f 8/257/10 29/256/10 210/300/10 193/279/10
f 132/301/7 129/302/7 199/303/7 196/304/7
f 129/302/7 121/16/7 211/305/7 199/306/7
f 425/286/27 62/285/27 61/45/27 423/307/27
f 22/96/2 392/308/2 402/309/2 27/130/2
f 128/310/5 238/311/5 241/312/5 113/313/5
f 409/185/41 381/315/41 175/315/41 178/316/41
f 4/288/6 382/287/6 410/317/6 30/318/6
f 422/319/25 66/320/25 65/321/25 419/322/25
f 23/323/1 407/324/1 397/162/1 17/161/1
f 9/164/1 390/163/1 415/325/1 56/326/1
f 416/18/15 389/176/15 155/176/15 179/18/15
f 127/116/40 118/119/40 153/119/40 167/116/40
f 110/51/40 134/54/40 180/54/40 154/51/40
f 30/318/6 410/327/6 411/328/6 51/329/6
f 118/119/40 110/51/40 154/51/40 153/119/40
f 388/330/17 413/331/17 190/331/17 162/330/17
f 24/333/1 406/334/1 407/324/1 23/323/1
f 420/335/10 379/336/10 147/336/10 181/335/10
f 14/37/2 383/343/2 392/308/2 22/96/2
f 57/344/7 417/345/7 399/172/7 28/171/7
f 395/338/17 388/330/17 162/330/17 165/338/17
f 126/215/5 130/267/5 188/267/5 112/216/5
f 5/174/7 380/346/7 419/347/7 65/321/7
f 27/130/2 402/309/2 403/348/2 26/99/2
f 130/208/45 131/110/45 189/110/45 188/208/45
f 66/320/2 422/349/2 383/350/2 14/37/2
f 115/106/44 124/109/44 170/109/44 164/106/44
f 26/99/2 403/351/2 393/167/2 21/72/2
f 381/315/10 426/339/10 172/339/10 175/315/10
f 51/352/23 411/353/23 414/354/23 52/355/23
f 18/4/1 396/356/1 406/334/1 24/333/1
f 131/110/44 109/113/44 163/113/44 189/110/44
f 109/249/44 115/250/44 164/250/44 163/249/44
f 134/54/48 136/248/48 177/248/48 180/54/48
f 13/44/2 386/168/2 423/307/2 61/45/2
f 124/109/5 127/124/5 167/124/5 170/109/5
f 52/355/1 414/357/1 387/2/1 10/1/1
f 417/345/32 57/344/32 56/326/32 415/325/32
f 240/214/50 245/217/50 250/217/50 298/214/50
f 221/272/52 223/227/52 285/227/52 281/272/52
f 226/278/56 219/280/56 256/280/56 284/278/56
f 210/358/58 208/359/58 264/359/58 266/358/58
f 303/81/63 205/363/63 326/363/63 329/81/63
f 208/359/64 202/364/64 260/364/64 264/359/64
f 191/273/65 221/272/65 281/272/65 253/273/65
f 322/365/5 323/366/5 280/366/5 275/365/5
f 231/367/67 235/144/67 311/368/67 301/369/67
f 202/364/70 197/370/70 261/370/70 260/364/70
f 193/279/71 210/300/71 266/300/71 257/279/71
f 323/366/6 324/360/6 277/360/6 280/366/6
f 227/238/72 231/240/72 294/240/72 289/238/72
f 196/304/70 199/303/70 267/303/70 270/304/70
f 238/384/95 196/385/95 270/385/95 300/384/95
f 230/291/97 226/278/97 284/278/97 288/291/97
f 197/386/100 240/387/100 298/387/100 261/386/100
f 199/306/102 211/305/102 271/305/102 267/306/102
f 223/227/104 227/230/104 289/230/104 285/227/104
f 104/239/106 12/242/106 299/153/106 237/153/106
f 211/15/107 218/14/107 252/14/107 271/15/107
f 241/312/108 238/311/108 300/311/108 247/312/108
f 218/298/110 191/273/110 253/273/110 252/298/110
f 321/232/7 322/365/7 275/365/7 274/232/7
f 324/360/111 309/388/111 312/389/111 277/360/111
f 219/280/114 193/279/114 257/279/114 256/280/114
f 235/292/115 230/293/115 288/293/115 292/292/115
f 231/367/123 301/393/123 306/391/123 294/367/123
f 306/391/125 301/393/125 313/393/125 315/391/125
f 309/394/126 310/395/126 316/395/126 318/394/126
f 310/231/130 307/233/130 317/233/130 316/231/130
f 301/369/131 311/368/131 314/368/131 313/369/131
f 311/143/132 304/145/132 320/145/132 314/143/132
f 312/389/134 309/388/134 318/388/134 319/389/134
f 204/396/2 213/397/2 322/365/2 321/232/2
f 215/398/2 205/363/2 324/360/2 323/366/2
f 213/397/2 215/398/2 323/366/2 322/365/2
f 303/81/2 302/80/2 310/395/2 309/394/2
f 302/80/2 204/396/2 321/232/2 310/395/2
f 205/363/2 303/81/2 309/394/2 324/360/2
f 205/363/7 215/398/7 328/398/7 326/363/7
f 204/396/136 302/80/136 330/80/136 325/396/136
f 215/398/10 213/397/10 327/397/10 328/398/10
f 213/397/6 204/396/6 325/396/6 327/397/6
f 347/407/137 348/408/137 355/408/137 356/407/137
f 353/409/63 354/410/63 361/410/63 362/409/63
f 340/404/2 339/403/2 348/408/2 347/407/2
f 339/403/2 342/399/2 349/411/2 348/408/2
f 342/399/2 341/400/2 350/412/2 349/411/2
f 341/400/2 340/404/2 347/407/2 350/412/2
f 344/402/2 343/405/2 352/413/2 351/414/2
f 343/405/2 346/406/2 353/409/2 352/413/2
f 346/406/2 345/401/2 354/410/2 353/409/2
f 345/401/2 344/402/2 351/414/2 354/410/2
f 354/410/10 351/414/10 360/414/10 361/410/10
f 349/411/141 350/412/141 357/412/141 358/411/141
f 350/412/10 347/407/10 356/407/10 357/412/10
f 352/413/5 353/409/5 362/409/5 359/413/5
f 351/414/136 352/413/136 359/413/136 360/414/136
f 348/408/5 349/411/5 358/411/5 355/408/5
f 380/173/142 399/172/142 400/178/142 379/336/142
f 386/168/143 393/167/143 394/160/143 385/159/143
f 390/163/144 397/162/144 398/177/144 389/176/144
f 392/308/145 383/343/145 384/271/145 391/175/145
f 393/167/146 403/351/146 404/182/146 394/160/146
f 396/3/147 387/2/147 388/330/147 395/338/147
f 397/162/148 407/324/148 408/183/148 398/177/148
f 402/309/149 392/308/149 391/175/149 401/115/149
f 403/348/150 402/309/150 401/115/150 404/114/150
f 406/334/151 396/356/151 395/181/151 405/180/151
f 407/324/152 406/334/152 405/180/152 408/183/152
f 382/287/153 425/286/153 426/339/153 381/315/153
f 399/172/154 417/345/154 418/17/154 400/178/154
f 410/317/155 382/287/155 381/315/155 409/185/155
f 417/345/156 415/325/156 416/18/156 418/17/156
f 422/319/157 419/322/157 420/211/157 421/210/157
f 425/286/158 423/307/158 424/170/158 426/213/158
f 414/354/159 411/353/159 412/74/159 413/73/159
f 387/2/160 414/357/160 413/331/160 388/330/160
f 411/328/161 410/327/161 409/185/161 412/184/161
f 415/325/162 390/163/162 389/176/162 416/18/162
f 419/347/163 380/346/163 379/336/163 420/335/163
f 423/307/164 386/168/164 385/159/164 424/169/164
f 383/350/165 422/349/165 421/282/165 384/271/165
f 379/336/41 400/178/41 145/178/41 147/341/41
f 136/248/5 128/310/5 113/313/5 177/248/5
f 87/245/7 60/244/7 121/16/7 129/302/7
f 94/247/7 87/245/7 129/302/7 132/301/7
f 197/370/6 202/364/6 122/269/6 125/265/6
f 202/364/6 208/359/6 119/135/6 122/269/6
f 442/423/33 441/424/33 459/424/33 462/423/33
f 136/248/7 94/247/7 132/301/7 128/310/7
f 29/256/10 137/166/10 117/207/10 210/425/10
f 20/255/10 135/79/10 137/166/10 29/256/10
f 15/262/10 141/139/10 133/76/10 16/263/10
f 19/264/10 143/87/10 141/139/10 15/262/10
f 210/358/166 117/132/166 119/135/166 208/359/166
f 218/426/167 116/122/167 140/84/167 25/268/167
f 25/268/10 140/84/10 143/87/10 19/264/10
f 16/263/10 133/76/10 135/79/10 20/255/10
f 59/427/3 116/13/3 121/16/3 60/244/3
f 128/310/7 132/301/7 432/428/7 435/429/7
f 132/301/7 196/385/7 427/430/7 432/428/7
f 196/385/7 238/384/7 428/431/7 427/430/7
f 238/384/7 128/310/7 435/429/7 428/431/7
f 240/387/6 197/386/6 429/432/6 444/433/6
f 197/386/6 125/265/6 450/434/6 429/432/6
f 125/265/6 126/215/6 447/435/6 450/434/6
f 126/215/6 240/387/6 444/433/6 447/435/6
f 436/436/10 434/437/10 453/438/10 456/439/10
f 445/440/10 443/441/10 461/441/10 464/442/10
f 440/443/5 449/444/5 465/444/5 460/445/5
f 433/446/168 431/447/168 451/448/168 454/449/168
f 448/450/168 446/451/168 463/451/168 466/450/168
f 430/452/5 439/453/5 457/454/5 452/452/5
f 450/434/10 447/435/10 446/451/10 448/450/10
f 447/435/6 444/433/6 443/441/6 445/442/6
f 427/430/10 428/431/10 437/260/10 438/258/10
f 428/431/10 435/429/10 434/437/10 436/439/10
f 429/432/10 450/434/10 449/444/10 440/443/10
f 444/433/10 429/432/10 441/424/10 442/455/10
f 432/428/10 427/430/10 439/453/10 430/456/10
f 430/452/7 431/457/7 432/428/7
f 433/446/7 434/458/7 435/429/7
f 436/436/7 437/459/7 428/431/7
f 438/258/7 439/460/7 427/430/7
f 440/443/6 441/461/6 429/432/6
f 442/423/6 443/462/6 444/433/6
f 445/440/6 446/463/6 447/435/6
f 448/450/6 449/464/6 450/434/6
f 430/452/169 452/452/169 451/448/169 431/447/169
f 453/438/170 434/437/170 433/446/170 454/449/170
f 445/440/170 464/442/170 463/451/170 446/451/170
f 465/444/169 449/444/169 448/450/169 466/450/169
f 442/423/171 462/423/171 461/441/171 443/441/171
f 436/436/171 456/439/171 455/260/171 437/259/171
f 457/454/172 439/453/172 438/258/172 458/261/172
f 459/424/172 441/424/172 440/443/172 460/445/172
f 435/429/173 432/428/173 431/447/173 433/449/173
f 508/1/1 885/2/1 894/3/1 516/4/1
f 532/5/1 569/6/1 556/7/1 586/8/1
f 614/13/3 716/14/3 709/15/3 619/16/3
f 916/17/4 914/18/4 677/18/4 674/17/4
f 583/23/1 551/24/1 568/25/1 531/26/1
f 554/31/5 555/32/5 526/33/5 503/34/5 563/35/5 564/36/5 512/37/5 507/38/5
f 508/43/5 511/44/5 559/45/5 560/46/5 502/47/5 528/48/5 549/49/5 550/50/5
f 608/51/1 542/52/1 591/53/1 632/54/1
f 531/26/1 568/25/1 574/67/1 533/68/1
f 516/71/174 519/72/174 511/44/174 508/43/174
f 911/73/9 910/74/9 685/74/9 688/75/9
f 631/76/10 579/77/10 573/78/10 633/79/10
f 800/80/5 801/81/5 827/81/5 828/80/5
f 638/84/10 570/85/10 576/86/10 641/87/10
f 537/92/1 580/93/1 581/94/1 538/95/1
f 507/38/175 512/37/175 520/96/175 515/97/175
f 522/98/5 524/99/5 519/72/5 516/71/5
f 534/100/1 575/101/1 569/102/1 532/5/1
f 533/68/1 574/103/1 580/93/1 537/92/1
f 613/106/1 543/107/1 547/108/1 622/109/1
f 629/110/1 597/111/1 541/112/1 607/113/1
f 902/114/10 899/115/10 667/115/10 658/114/10
f 625/116/1 548/117/1 544/118/1 616/119/1
f 614/122/11 557/123/11 570/85/11 638/84/11
f 622/109/1 547/108/1 548/117/1 625/124/1
f 538/95/1 581/125/1 575/126/1 534/100/1
f 515/97/5 520/96/5 525/130/5 521/131/5
f 521/131/5 525/130/5 524/99/5 522/98/5
f 615/132/12 553/133/12 552/134/12 617/135/12
f 641/87/10 576/86/10 582/138/10 639/139/10
f 639/139/10 582/140/10 579/77/10 631/76/10
f 547/108/1 537/92/1 538/95/1 548/117/1
f 543/107/1 533/68/1 537/92/1 547/108/1
f 802/143/13 733/144/13 790/144/13 809/145/13
f 548/117/1 538/95/1 534/100/1 544/118/1
f 541/112/1 531/26/1 533/68/1 543/107/1
f 544/118/1 534/100/1 532/5/1 542/52/1
f 597/151/1 583/152/1 531/26/1 541/112/1
f 542/52/1 532/5/1 586/156/1 591/157/1
f 883/159/14 892/160/14 646/160/14 649/159/14
f 515/161/1 895/162/1 888/163/1 507/164/1
f 633/79/10 573/78/10 567/165/10 635/166/10
f 616/119/1 544/118/1 542/52/1 608/51/1
f 519/72/2 891/167/2 884/168/2 511/44/2
f 922/169/15 883/159/15 649/159/15 683/170/15
f 526/171/7 897/172/7 878/173/7 503/174/7
f 899/115/16 889/175/16 657/175/16 667/115/16
f 887/176/15 896/177/15 650/177/15 653/176/15
f 898/178/10 916/17/10 674/17/10 643/178/10
f 903/180/17 893/181/17 663/181/17 669/180/17
f 892/160/18 902/182/18 658/182/18 646/160/18
f 906/183/10 903/180/10 669/180/10 664/183/10
f 896/177/15 906/183/15 664/183/15 650/177/15
f 910/184/10 907/185/10 676/185/10 685/184/10
f 551/24/176 552/186/176 553/187/176
f 556/7/177 557/188/177 558/189/177
f 584/194/23 552/186/23 551/24/23 583/23/23
f 570/195/24 557/188/24 556/7/24 569/6/24
f 635/166/10 567/165/10 553/206/10 615/207/10
f 628/208/23 598/209/23 597/111/23 629/110/23
f 919/210/10 918/211/10 679/211/10 682/212/10
f 924/213/10 922/170/10 683/170/10 670/213/10
f 738/214/5 624/215/5 610/216/5 743/217/5
f 553/187/24 567/218/24 568/25/24 551/24/24
f 576/219/24 570/195/24 569/102/24 575/101/24
f 567/218/24 573/224/24 574/67/24 568/25/24
f 582/225/24 576/226/24 575/126/24 581/125/24
f 721/227/10 599/228/10 601/229/10 725/230/10
f 807/231/30 818/232/30 772/232/30 804/233/30
f 573/234/24 579/235/24 580/93/24 574/103/24
f 579/236/24 582/237/24 581/94/24 580/93/24
f 725/238/10 601/229/10 602/239/10 729/240/10
f 729/241/31 602/239/31 510/242/31 733/243/31
f 598/209/23 584/194/23 583/152/23 597/151/23
f 558/244/32 585/245/32 586/8/32 556/7/32
f 585/245/32 592/247/32 591/157/32 586/156/32
f 592/247/32 634/248/32 632/54/32 591/53/32
f 607/249/1 541/112/1 543/107/1 613/250/1
f 509/254/10 518/255/10 527/256/10 506/257/10
f 935/258/33 933/259/33 953/260/33 956/261/33
f 602/239/10 513/262/10 514/263/10 510/242/10
f 601/229/10 517/264/10 513/262/10 602/239/10
f 624/215/6 623/265/6 598/266/6 628/267/6
f 599/228/10 523/268/10 517/264/10 601/229/10
f 620/269/6 617/135/6 552/134/6 584/270/6
f 510/242/10 514/263/10 518/255/10 509/254/10
f 889/175/34 882/271/34 654/271/34 657/175/34
f 719/272/10 689/273/10 599/228/10 721/227/10
f 623/265/6 620/269/6 584/270/6 598/266/6
f 724/278/10 506/257/10 691/279/10 717/280/10
f 882/271/17 919/282/17 682/282/17 654/271/17
f 560/285/6 923/286/6 880/287/6 502/288/6
f 728/291/10 509/254/10 506/257/10 724/278/10
f 733/292/37 510/242/37 509/254/37 728/293/37
f 689/273/39 716/298/39 523/268/39 599/228/39
f 506/257/10 527/256/10 708/300/10 691/279/10
f 630/301/7 627/302/7 697/303/7 694/304/7
f 627/302/7 619/16/7 709/305/7 697/306/7
f 923/286/27 560/285/27 559/45/27 921/307/27
f 520/96/2 890/308/2 900/309/2 525/130/2
f 626/310/5 736/311/5 739/312/5 611/313/5
f 907/185/41 879/315/41 673/315/41 676/316/41
f 502/288/6 880/287/6 908/317/6 528/318/6
f 920/319/25 564/320/25 563/321/25 917/322/25
f 521/323/1 905/324/1 895/162/1 515/161/1
f 507/164/1 888/163/1 913/325/1 554/326/1
f 914/18/15 887/176/15 653/176/15 677/18/15
f 625/116/40 616/119/40 651/119/40 665/116/40
f 608/51/40 632/54/40 678/54/40 652/51/40
f 528/318/6 908/327/6 909/328/6 549/329/6
f 616/119/40 608/51/40 652/51/40 651/119/40
f 886/330/17 911/331/17 688/331/17 660/330/17
f 522/333/1 904/334/1 905/324/1 521/323/1
f 918/335/10 877/336/10 645/336/10 679/335/10
f 512/37/2 881/343/2 890/308/2 520/96/2
f 555/344/7 915/345/7 897/172/7 526/171/7
f 893/338/17 886/330/17 660/330/17 663/338/17
f 624/215/5 628/267/5 686/267/5 610/216/5
f 503/174/7 878/346/7 917/347/7 563/321/7
f 525/130/2 900/309/2 901/348/2 524/99/2
f 628/208/45 629/110/45 687/110/45 686/208/45
f 564/320/2 920/349/2 881/350/2 512/37/2
f 613/106/44 622/109/44 668/109/44 662/106/44
f 524/99/2 901/351/2 891/167/2 519/72/2
f 879/315/10 924/339/10 670/339/10 673/315/10
f 549/352/23 909/353/23 912/354/23 550/355/23
f 516/4/1 894/356/1 904/334/1 522/333/1
f 629/110/44 607/113/44 661/113/44 687/110/44
f 607/249/44 613/250/44 662/250/44 661/249/44
f 632/54/48 634/248/48 675/248/48 678/54/48
f 511/44/2 884/168/2 921/307/2 559/45/2
f 622/109/5 625/124/5 665/124/5 668/109/5
f 550/355/1 912/357/1 885/2/1 508/1/1
f 915/345/32 555/344/32 554/326/32 913/325/32
f 738/214/50 743/217/50 748/217/50 796/214/50
f 719/272/52 721/227/52 783/227/52 779/272/52
f 724/278/56 717/280/56 754/280/56 782/278/56
f 708/358/58 706/359/58 762/359/58 764/358/58
f 801/81/63 703/363/63 824/363/63 827/81/63
f 706/359/64 700/364/64 758/364/64 762/359/64
f 689/273/179 719/272/179 779/272/179 751/273/179
f 819/365/5 820/366/5 778/366/5 773/365/5
f 729/367/67 733/144/67 802/368/67 799/369/67
f 700/364/70 695/370/70 759/370/70 758/364/70
f 691/279/71 708/300/71 764/300/71 755/279/71
f 820/366/6 821/360/6 775/360/6 778/366/6
f 725/238/72 729/240/72 792/240/72 787/238/72
f 694/304/70 697/303/70 765/303/70 768/304/70
f 736/384/95 694/385/95 768/385/95 798/384/95
f 728/291/97 724/278/97 782/278/97 786/291/97
f 695/386/100 738/387/100 796/387/100 759/386/100
f 697/306/102 709/305/102 769/305/102 765/306/102
f 721/227/104 725/230/104 787/230/104 783/227/104
f 602/239/106 510/242/106 797/153/106 735/153/106
f 709/15/107 716/14/107 750/14/107 769/15/107
f 739/312/108 736/311/108 798/311/108 745/312/108
f 716/298/183 689/273/183 751/273/183 750/298/183
f 818/232/7 819/365/7 773/365/7 772/232/7
f 821/360/111 822/388/111 808/389/111 775/360/111
f 717/280/114 691/279/114 755/279/114 754/280/114
f 733/292/184 728/293/184 786/293/184 790/292/184
f 729/367/123 799/393/123 806/391/123 792/367/123
f 806/391/125 799/393/125 810/393/125 812/391/125
f 822/394/126 807/395/126 813/395/126 815/394/126
f 807/231/130 804/233/130 814/233/130 813/231/130
f 799/369/131 802/368/131 811/368/131 810/369/131
f 802/143/132 809/145/132 817/145/132 811/143/132
f 808/389/134 822/388/134 815/388/134 816/389/134
f 702/396/2 711/397/2 819/365/2 818/232/2
f 713/398/2 703/363/2 821/360/2 820/366/2
f 711/397/2 713/398/2 820/366/2 819/365/2
f 801/81/2 800/80/2 807/395/2 822/394/2
f 800/80/2 702/396/2 818/232/2 807/395/2
f 703/363/2 801/81/2 822/394/2 821/360/2
f 703/363/7 713/398/7 826/398/7 824/363/7
f 702/396/136 800/80/136 828/80/136 823/396/136
f 713/398/10 711/397/10 825/397/10 826/398/10
f 711/397/6 702/396/6 823/396/6 825/397/6
f 845/407/137 846/408/137 853/408/137 854/407/137
f 851/409/63 852/410/63 859/410/63 860/409/63
f 838/404/2 837/403/2 846/408/2 845/407/2
f 837/403/2 840/399/2 847/411/2 846/408/2
f 840/399/2 839/400/2 848/412/2 847/411/2
f 839/400/2 838/404/2 845/407/2 848/412/2
f 842/402/2 841/405/2 850/413/2 849/414/2
f 841/405/2 844/406/2 851/409/2 850/413/2
f 844/406/2 843/401/2 852/410/2 851/409/2
f 843/401/2 842/402/2 849/414/2 852/410/2
f 852/410/10 849/414/10 858/414/10 859/410/10
f 847/411/141 848/412/141 855/412/141 856/411/141
f 848/412/10 845/407/10 854/407/10 855/412/10
f 850/413/5 851/409/5 860/409/5 857/413/5
f 849/414/136 850/413/136 857/413/136 858/414/136
f 846/408/5 847/411/5 856/411/5 853/408/5
f 878/173/142 897/172/142 898/178/142 877/336/142
f 884/168/143 891/167/143 892/160/143 883/159/143
f 888/163/144 895/162/144 896/177/144 887/176/144
f 890/308/145 881/343/145 882/271/145 889/175/145
f 891/167/146 901/351/146 902/182/146 892/160/146
f 894/3/147 885/2/147 886/330/147 893/338/147
f 895/162/148 905/324/148 906/183/148 896/177/148
f 900/309/149 890/308/149 889/175/149 899/115/149
f 901/348/150 900/309/150 899/115/150 902/114/150
f 904/334/151 894/356/151 893/181/151 903/180/151
f 905/324/152 904/334/152 903/180/152 906/183/152
f 880/287/153 923/286/153 924/339/153 879/315/153
f 897/172/154 915/345/154 916/17/154 898/178/154
f 908/317/155 880/287/155 879/315/155 907/185/155
f 915/345/156 913/325/156 914/18/156 916/17/156
f 920/319/157 917/322/157 918/211/157 919/210/157
f 923/286/158 921/307/158 922/170/158 924/213/158
f 912/354/159 909/353/159 910/74/159 911/73/159
f 885/2/160 912/357/160 911/331/160 886/330/160
f 909/328/161 908/327/161 907/185/161 910/184/161
f 913/325/162 888/163/162 887/176/162 914/18/162
f 917/347/163 878/346/163 877/336/163 918/335/163
f 921/307/164 884/168/164 883/159/164 922/169/164
f 881/350/165 920/349/165 919/282/165 882/271/165
f 877/336/41 898/178/41 643/178/41 645/341/41
f 634/248/5 626/310/5 611/313/5 675/248/5
f 585/245/7 558/244/7 619/16/7 627/302/7
f 592/247/7 585/245/7 627/302/7 630/301/7
f 695/370/6 700/364/6 620/269/6 623/265/6
f 700/364/6 706/359/6 617/135/6 620/269/6
f 941/423/33 939/424/33 957/424/33 960/423/33
f 634/248/7 592/247/7 630/301/7 626/310/7
f 527/256/10 635/166/10 615/207/10 708/425/10
f 518/255/10 633/79/10 635/166/10 527/256/10
f 513/262/10 639/139/10 631/76/10 514/263/10
f 517/264/10 641/87/10 639/139/10 513/262/10
f 708/358/166 615/132/166 617/135/166 706/359/166
f 716/426/167 614/122/167 638/84/167 523/268/167
f 523/268/10 638/84/10 641/87/10 517/264/10
f 514/263/10 631/76/10 633/79/10 518/255/10
f 557/427/3 614/13/3 619/16/3 558/244/3
f 626/310/7 630/301/7 926/428/7 925/429/7
f 630/301/7 694/385/7 937/430/7 926/428/7
f 694/385/7 736/384/7 934/431/7 937/430/7
f 736/384/7 626/310/7 925/429/7 934/431/7
f 738/387/6 695/386/6 940/432/6 927/433/6
f 695/386/6 623/265/6 948/434/6 940/432/6
f 623/265/6 624/215/6 945/435/6 948/434/6
f 624/215/6 738/387/6 927/433/6 945/435/6
f 932/436/10 931/437/10 951/438/10 954/439/10
f 943/440/10 942/441/10 959/441/10 962/442/10
f 938/443/5 947/444/5 963/444/5 958/445/5
f 930/446/168 929/447/168 949/448/168 952/449/168
f 946/450/168 944/451/168 961/451/168 964/450/168
f 928/452/5 936/453/5 955/454/5 950/452/5
f 948/434/10 945/435/10 944/451/10 946/450/10
f 945/435/10 927/433/10 942/441/10 943/442/10
f 937/430/6 934/431/6 933/260/6 935/258/6
f 934/431/6 925/429/6 931/437/6 932/439/6
f 940/432/10 948/434/10 947/444/10 938/443/10
f 927/433/6 940/432/6 939/424/6 941/455/6
f 926/428/10 937/430/10 936/453/10 928/456/10
f 928/452/7 929/457/7 926/428/7
f 930/446/7 931/458/7 925/429/7
f 932/436/7 933/459/7 934/431/7
f 935/258/7 936/460/7 937/430/7
f 938/443/6 939/461/6 940/432/6
f 941/423/6 942/462/6 927/433/6
f 943/440/6 944/463/6 945/435/6
f 946/450/6 947/464/6 948/434/6
f 928/452/169 950/452/169 949/448/169 929/447/169
f 951/438/170 931/437/170 930/446/170 952/449/170
f 943/440/170 962/442/170 961/451/170 944/451/170
f 963/444/169 947/444/169 946/450/169 964/450/169
f 941/423/171 960/423/171 959/441/171 942/441/171
f 932/436/171 954/439/171 953/260/171 933/259/171
f 955/454/172 936/453/172 935/258/172 956/261/172
f 957/424/172 939/424/172 938/443/172 958/445/172
f 925/429/173 926/428/173 929/447/173 930/449/173
f 1005/1/1 1357/2/1 1366/3/1 1010/4/1
f 1022/5/1 1056/6/1 1045/7/1 1068/8/1
f 1388/17/4 1386/18/4 1149/18/4 1146/17/4
f 1065/23/1 1041/24/1 1055/25/1 1021/26/1
f 1043/31/5 1044/32/5 1017/33/5 1001/34/5 1051/35/5 1052/36/5 1008/37/5 1004/38/5
f 1005/43/5 1007/44/5 1047/45/5 1048/46/5 1000/47/5 1018/48/5 1039/49/5 1040/50/5
f 1088/51/1 1032/52/1 1073/53/1 1109/54/1
f 1021/26/1 1055/25/1 1059/67/1 1023/68/1
f 1010/71/174 1011/72/174 1007/44/174 1005/43/174
f 1383/73/9 1382/74/9 1157/74/9 1160/75/9
f 1273/80/5 1274/81/5 1299/81/5 1300/80/5
f 1027/92/1 1063/93/1 1064/94/1 1028/95/1
f 1004/38/175 1008/37/175 1012/96/175 1009/97/175
f 1014/98/5 1015/99/5 1011/72/5 1010/71/5
f 1024/100/1 1060/101/1 1056/102/1 1022/5/1
f 1023/68/1 1059/103/1 1063/93/1 1027/92/1
f 1093/106/1 1033/107/1 1037/108/1 1100/109/1
f 1107/110/1 1079/111/1 1031/112/1 1087/113/1
f 1374/114/10 1371/115/10 1139/115/10 1130/114/10
f 1103/116/1 1038/117/1 1034/118/1 1094/119/1
f 1100/109/1 1037/108/1 1038/117/1 1103/124/1
f 1028/95/1 1064/125/1 1060/126/1 1024/100/1
f 1009/97/5 1012/96/5 1016/130/5 1013/131/5
f 1013/131/5 1016/130/5 1015/99/5 1014/98/5
f 1037/108/1 1027/92/1 1028/95/1 1038/117/1
f 1033/107/1 1023/68/1 1027/92/1 1037/108/1
f 1278/143/13 1205/144/13 1262/144/13 1281/145/13
f 1038/117/1 1028/95/1 1024/100/1 1034/118/1
f 1031/112/1 1021/26/1 1023/68/1 1033/107/1
f 1034/118/1 1024/100/1 1022/5/1 1032/52/1
f 1079/151/1 1065/152/1 1021/26/1 1031/112/1
f 1032/52/1 1022/5/1 1068/156/1 1073/157/1
f 1355/159/14 1364/160/14 1118/160/14 1121/159/14
f 1009/161/1 1367/162/1 1360/163/1 1004/164/1
f 1094/119/1 1034/118/1 1032/52/1 1088/51/1
f 1011/72/2 1363/167/2 1356/168/2 1007/44/2
f 1394/169/15 1355/159/15 1121/159/15 1155/170/15
f 1017/171/7 1369/172/7 1350/173/7 1001/174/7
f 1371/115/16 1361/175/16 1129/175/16 1139/115/16
f 1359/176/15 1368/177/15 1122/177/15 1125/176/15
f 1370/178/10 1388/17/10 1146/17/10 1115/178/10
f 1375/180/17 1365/181/17 1135/181/17 1141/180/17
f 1364/160/18 1374/182/18 1130/182/18 1118/160/18
f 1378/183/10 1375/180/10 1141/180/10 1136/183/10
f 1368/177/15 1378/183/15 1136/183/15 1122/177/15
f 1382/184/10 1379/185/10 1148/185/10 1157/184/10
f 1066/194/23 1042/186/23 1041/24/23 1065/23/23
f 1106/208/23 1080/209/23 1079/111/23 1107/110/23
f 1391/210/10 1390/211/10 1151/211/10 1154/212/10
f 1396/213/10 1394/170/10 1155/170/10 1142/213/10
f 1210/214/5 1102/215/5 1090/216/5 1215/217/5
f 1510/481/186 1485/132/186 1513/482/186 1511/483/186
f 1006/484/187 1270/484/187 1488/484/187 1469/484/187
f 1181/305/188 1097/16/188 1516/16/188 1526/305/188
f 1042/134/189 1095/135/189 1514/135/189 1491/134/189
f 1207/484/190 1082/484/190 1470/484/190 1487/484/190
f 1294/231/30 1290/232/30 1244/232/30 1279/233/30
f 1045/7/191 1056/6/191 1497/6/191 1495/7/191
f 1480/225/192 1478/226/192 1502/485/192 1506/486/192
f 1080/209/23 1066/194/23 1065/152/23 1079/151/23
f 1046/244/32 1067/245/32 1068/8/32 1045/7/32
f 1067/245/32 1074/247/32 1073/157/32 1068/156/32
f 1074/247/32 1110/248/32 1109/54/32 1073/53/32
f 1087/249/1 1031/112/1 1033/107/1 1093/250/1
f 1196/278/193 1200/291/193 1533/291/193 1529/278/193
f 1409/258/33 1408/259/33 1425/260/33 1428/261/33
f 1163/279/6 1189/280/6 1522/280/6 1524/279/6
f 1102/215/6 1101/265/6 1080/266/6 1106/267/6
f 1098/269/6 1095/135/6 1042/134/6 1066/270/6
f 1477/218/192 1479/224/192 1503/487/192 1499/488/192
f 1361/175/34 1354/271/34 1126/271/34 1129/175/34
f 1101/265/6 1098/269/6 1066/270/6 1080/266/6
f 1161/273/194 1188/298/194 1517/489/194 1520/273/194
f 1354/271/17 1391/282/17 1154/282/17 1126/271/17
f 1048/285/6 1395/286/6 1352/287/6 1000/288/6
f 1496/490/195 1475/188/195 1493/491/195
f 1485/132/196 1474/133/196 1492/492/196 1513/493/196
f 1108/301/7 1105/302/7 1169/303/7 1166/304/7
f 1105/302/7 1097/16/7 1181/305/7 1169/306/7
f 1395/286/27 1048/285/27 1047/45/27 1393/307/27
f 1012/96/2 1362/308/2 1372/309/2 1016/130/2
f 1104/310/5 1208/311/5 1211/312/5 1091/313/5
f 1379/185/41 1351/315/41 1145/315/41 1148/316/41
f 1000/288/6 1352/287/6 1380/317/6 1018/318/6
f 1392/319/25 1052/320/25 1051/321/25 1389/322/25
f 1013/323/1 1377/324/1 1367/162/1 1009/161/1
f 1004/164/1 1360/163/1 1385/325/1 1043/326/1
f 1386/18/15 1359/176/15 1125/176/15 1149/18/15
f 1103/116/40 1094/119/40 1123/119/40 1137/116/40
f 1088/51/40 1109/54/40 1150/54/40 1124/51/40
f 1018/318/6 1380/327/6 1381/328/6 1039/329/6
f 1094/119/40 1088/51/40 1124/51/40 1123/119/40
f 1358/330/17 1383/331/17 1160/331/17 1132/330/17
f 1014/333/1 1376/334/1 1377/324/1 1013/323/1
f 1390/335/10 1349/336/10 1117/336/10 1151/335/10
f 1008/37/2 1353/343/2 1362/308/2 1012/96/2
f 1044/344/7 1387/345/7 1369/172/7 1017/171/7
f 1365/338/17 1358/330/17 1132/330/17 1135/338/17
f 1102/215/5 1106/267/5 1158/267/5 1090/216/5
f 1001/174/7 1350/346/7 1389/347/7 1051/321/7
f 1016/130/2 1372/309/2 1373/348/2 1015/99/2
f 1106/208/45 1107/110/45 1159/110/45 1158/208/45
f 1052/320/2 1392/349/2 1353/350/2 1008/37/2
f 1093/106/44 1100/109/44 1140/109/44 1134/106/44
f 1015/99/2 1373/351/2 1363/167/2 1011/72/2
f 1351/315/10 1396/339/10 1142/339/10 1145/315/10
f 1039/352/23 1381/353/23 1384/354/23 1040/355/23
f 1010/4/1 1366/356/1 1376/334/1 1014/333/1
f 1107/110/44 1087/113/44 1133/113/44 1159/110/44
f 1087/249/44 1093/250/44 1134/250/44 1133/249/44
f 1109/54/48 1110/248/48 1147/248/48 1150/54/48
f 1007/44/2 1356/168/2 1393/307/2 1047/45/2
f 1100/109/5 1103/124/5 1137/124/5 1140/109/5
f 1040/355/1 1384/357/1 1357/2/1 1005/1/1
f 1387/345/32 1044/344/32 1043/326/32 1385/325/32
f 1210/214/50 1215/217/50 1220/217/50 1269/214/50
f 1191/272/52 1193/227/52 1255/227/52 1251/272/52
f 1196/278/56 1189/280/56 1226/280/56 1254/278/56
f 1180/358/58 1178/359/58 1234/359/58 1236/358/58
f 1274/81/63 1175/363/63 1296/363/63 1299/81/63
f 1178/359/64 1172/364/64 1230/364/64 1234/359/64
f 1161/273/65 1191/272/65 1251/272/65 1223/273/65
f 1291/365/5 1292/366/5 1250/366/5 1245/365/5
f 1481/236/192 1480/237/192 1506/494/192 1507/495/192
f 1172/364/70 1167/370/70 1231/370/70 1230/364/70
f 1163/279/71 1180/300/71 1236/300/71 1227/279/71
f 1292/366/6 1293/360/6 1247/360/6 1250/366/6
f 1197/238/72 1201/240/72 1264/240/72 1259/238/72
f 1166/304/70 1169/303/70 1237/303/70 1240/304/70
f 1208/384/95 1166/385/95 1240/385/95 1271/384/95
f 1200/291/97 1196/278/97 1254/278/97 1258/291/97
f 1167/386/100 1210/387/100 1269/387/100 1231/386/100
f 1169/306/102 1181/305/102 1241/305/102 1237/306/102
f 1193/227/104 1197/230/104 1259/230/104 1255/227/104
f 1181/15/107 1188/14/107 1222/14/107 1241/15/107
f 1211/312/108 1208/311/108 1271/311/108 1217/312/108
f 1188/298/110 1161/273/110 1223/273/110 1222/298/110
f 1290/232/7 1291/365/7 1245/365/7 1244/232/7
f 1293/360/199 1280/388/199 1266/389/199 1247/360/199
f 1189/280/114 1163/279/114 1227/279/114 1226/280/114
f 1205/292/184 1200/293/184 1258/293/184 1262/292/184
f 1201/367/123 1272/393/123 1276/391/123 1264/367/123
f 1276/391/125 1272/393/125 1282/393/125 1284/391/125
f 1280/394/200 1294/395/200 1285/395/200 1287/394/200
f 1294/231/201 1279/233/201 1286/233/201 1285/231/201
f 1272/369/202 1278/368/202 1283/368/202 1282/369/202
f 1278/143/132 1281/145/132 1289/145/132 1283/143/132
f 1266/389/134 1280/388/134 1287/388/134 1288/389/134
f 1174/396/2 1183/397/2 1291/365/2 1290/232/2
f 1185/398/2 1175/363/2 1293/360/2 1292/366/2
f 1183/397/2 1185/398/2 1292/366/2 1291/365/2
f 1274/81/2 1273/80/2 1294/395/2 1280/394/2
f 1273/80/2 1174/396/2 1290/232/2 1294/395/2
f 1175/363/2 1274/81/2 1280/394/2 1293/360/2
f 1175/363/7 1185/398/7 1298/398/7 1296/363/7
f 1174/396/136 1273/80/136 1300/80/136 1295/396/136
f 1185/398/10 1183/397/10 1297/397/10 1298/398/10
f 1183/397/6 1174/396/6 1295/396/6 1297/397/6
f 1317/407/137 1318/408/137 1325/408/137 1326/407/137
f 1323/409/63 1324/410/63 1331/410/63 1332/409/63
f 1310/404/2 1309/403/2 1318/408/2 1317/407/2
f 1309/403/2 1312/399/2 1319/411/2 1318/408/2
f 1312/399/2 1311/400/2 1320/412/2 1319/411/2
f 1311/400/2 1310/404/2 1317/407/2 1320/412/2
f 1314/402/2 1313/405/2 1322/413/2 1321/414/2
f 1313/405/2 1316/406/2 1323/409/2 1322/413/2
f 1316/406/2 1315/401/2 1324/410/2 1323/409/2
f 1315/401/2 1314/402/2 1321/414/2 1324/410/2
f 1324/410/10 1321/414/10 1330/414/10 1331/410/10
f 1319/411/141 1320/412/141 1327/412/141 1328/411/141
f 1320/412/10 1317/407/10 1326/407/10 1327/412/10
f 1322/413/5 1323/409/5 1332/409/5 1329/413/5
f 1321/414/136 1322/413/136 1329/413/136 1330/414/136
f 1318/408/5 1319/411/5 1328/411/5 1325/408/5
f 1350/173/142 1369/172/142 1370/178/142 1349/336/142
f 1356/168/143 1363/167/143 1364/160/143 1355/159/143
f 1360/163/203 1367/162/203 1368/177/203 1359/176/203
f 1362/308/145 1353/343/145 1354/271/145 1361/175/145
f 1363/167/146 1373/351/146 1374/182/146 1364/160/146
f 1366/3/147 1357/2/147 1358/330/147 1365/338/147
f 1367/162/204 1377/324/204 1378/183/204 1368/177/204
f 1372/309/149 1362/308/149 1361/175/149 1371/115/149
f 1373/348/150 1372/309/150 1371/115/150 1374/114/150
f 1376/334/151 1366/356/151 1365/181/151 1375/180/151
f 1377/324/152 1376/334/152 1375/180/152 1378/183/152
f 1352/287/153 1395/286/153 1396/339/153 1351/315/153
f 1369/172/154 1387/345/154 1388/17/154 1370/178/154
f 1380/317/155 1352/287/155 1351/315/155 1379/185/155
f 1387/345/156 1385/325/156 1386/18/156 1388/17/156
f 1392/319/157 1389/322/157 1390/211/157 1391/210/157
f 1395/286/158 1393/307/158 1394/170/158 1396/213/158
f 1384/354/159 1381/353/159 1382/74/159 1383/73/159
f 1357/2/160 1384/357/160 1383/331/160 1358/330/160
f 1381/328/161 1380/327/161 1379/185/161 1382/184/161
f 1385/325/162 1360/163/162 1359/176/162 1386/18/162
f 1389/347/163 1350/346/163 1349/336/163 1390/335/163
f 1393/307/164 1356/168/164 1355/159/164 1394/169/164
f 1353/350/165 1392/349/165 1391/282/165 1354/271/165
f 1349/336/41 1370/178/41 1115/178/41 1117/341/41
f 1110/248/5 1104/310/5 1091/313/5 1147/248/5
f 1067/245/7 1046/244/7 1097/16/7 1105/302/7
f 1074/247/7 1067/245/7 1105/302/7 1108/301/7
f 1167/370/6 1172/364/6 1098/269/6 1101/265/6
f 1172/364/6 1178/359/6 1095/135/6 1098/269/6
f 1414/423/33 1413/424/33 1429/424/33 1432/423/33
f 1110/248/7 1074/247/7 1108/301/7 1104/310/7
f 1278/368/205 1272/369/205 1542/369/205 1544/368/205
f 1478/219/192 1476/195/192 1498/496/192 1502/497/192
f 1486/13/206 1518/498/206 1525/499/206 1515/500/206
f 1474/187/207 1477/218/207 1499/501/207 1489/502/207
f 1479/234/192 1481/235/192 1507/503/192 1503/504/192
f 1476/195/209 1475/188/209 1496/505/209 1498/506/209
f 1104/310/7 1108/301/7 1403/428/7 1406/429/7
f 1108/301/7 1166/385/7 1411/430/7 1403/428/7
f 1166/385/7 1208/384/7 1397/431/7 1411/430/7
f 1208/384/7 1104/310/7 1406/429/7 1397/431/7
f 1210/387/6 1167/386/6 1398/432/6 1416/433/6
f 1167/386/6 1101/265/6 1399/434/6 1398/432/6
f 1101/265/6 1102/215/6 1400/435/6 1399/434/6
f 1102/215/6 1210/387/6 1416/433/6 1400/435/6
f 1407/436/10 1405/437/10 1423/438/10 1426/439/10
f 1417/440/10 1415/441/10 1431/441/10 1434/442/10
f 1412/443/5 1420/444/5 1435/444/5 1430/445/5
f 1404/446/168 1402/447/168 1421/448/168 1424/449/168
f 1419/450/168 1418/451/168 1433/451/168 1436/450/168
f 1401/452/5 1410/453/5 1427/454/5 1422/452/5
f 1399/434/10 1400/435/10 1418/451/10 1419/450/10
f 1400/435/7 1416/433/7 1415/441/7 1417/442/7
f 1411/430/6 1397/431/6 1408/260/6 1409/258/6
f 1397/431/6 1406/429/6 1405/437/6 1407/439/6
f 1398/432/10 1399/434/10 1420/444/10 1412/443/10
f 1416/433/7 1398/432/7 1413/424/7 1414/455/7
f 1403/428/10 1411/430/10 1410/453/10 1401/456/10
f 1401/452/7 1402/457/7 1403/428/7
f 1404/446/7 1405/458/7 1406/429/7
f 1407/436/7 1408/459/7 1397/431/7
f 1409/258/7 1410/460/7 1411/430/7
f 1412/443/6 1413/461/6 1398/432/6
f 1414/423/6 1415/462/6 1416/433/6
f 1417/440/6 1418/463/6 1400/435/6
f 1419/450/6 1420/464/6 1399/434/6
f 1401/452/169 1422/452/169 1421/448/169 1402/447/169
f 1423/438/170 1405/437/170 1404/446/170 1424/449/170
f 1417/440/170 1434/442/170 1433/451/170 1418/451/170
f 1435/444/169 1420/444/169 1419/450/169 1436/450/169
f 1414/423/171 1432/423/171 1431/441/171 1415/441/171
f 1407/436/171 1426/439/171 1425/260/171 1408/259/171
f 1427/454/172 1410/453/172 1409/258/172 1428/261/172
f 1429/424/172 1413/424/172 1412/443/172 1430/445/172
f 1406/429/173 1403/428/173 1402/447/173 1404/449/173
f 1188/14/210 1181/15/210 1526/15/210 1517/14/210
f 1484/76/211 1481/77/211 1479/78/211 1483/79/211
f 1473/84/211 1476/85/211 1478/86/211 1471/87/211
f 1486/122/212 1475/123/212 1476/85/212 1473/84/212
f 1046/244/213 1045/7/213 1495/7/213 1494/244/213
f 1471/87/211 1478/86/211 1480/138/211 1472/139/211
f 1472/139/211 1480/140/211 1481/77/211 1484/76/211
f 1483/79/211 1479/78/211 1477/165/211 1482/166/211
f 1055/25/191 1041/24/191 1490/24/191 1500/25/191
f 1475/427/214 1486/13/214 1515/507/214 1493/508/214
f 1056/102/191 1060/101/191 1501/101/191 1497/102/191
f 1482/166/11 1477/165/11 1474/206/11 1485/207/11
f 1489/509/215 1492/510/215 1474/187/215
f 1059/67/191 1055/25/191 1500/25/191 1504/103/191
f 1060/126/191 1064/125/191 1505/125/191 1501/126/191
f 1063/93/191 1059/103/191 1504/103/191 1508/93/191
f 1200/293/216 1205/292/216 1537/511/216 1533/293/216
f 1064/94/191 1063/93/191 1508/93/191 1505/94/191
f 1178/359/217 1180/358/217 1509/358/217 1512/359/217
f 1205/144/218 1278/143/218 1544/143/218 1537/144/218
f 1539/512/219 1538/513/219 1543/514/219 1541/515/219
f 1189/280/2 1196/278/2 1529/278/2 1522/280/2
f 1193/227/2 1191/272/2 1528/272/2 1532/227/2
f 1197/230/2 1193/227/2 1532/227/2 1536/230/2
f 1201/240/220 1197/238/220 1536/516/220 1540/517/220
f 1272/393/221 1201/367/221 1540/518/221 1542/393/221
f 1180/300/222 1163/279/222 1524/279/222 1509/300/222
f 1095/135/223 1178/359/223 1512/359/223 1514/135/223
f 1191/272/224 1161/273/224 1520/273/224 1528/272/224
f 1471/87/225 1472/139/225 1484/76/225 1483/79/225 1482/166/225 1485/207/225 1510/481/225 1523/519/225 1521/520/225 1530/521/225 1534/522/225 1538/523/225 1539/512/225 1535/524/225 1531/525/225 1527/526/225 1519/527/225 1518/528/225 1486/13/225 1473/84/225
f 1097/16/188 1046/244/188 1494/529/188 1516/16/188
f 1041/24/254 1042/186/254 1491/186/254 1490/24/254
f 1590/537/1 1592/538/1 1602/539/1 1604/540/1
f 1563/541/7 1548/542/7 1555/542/7 1676/541/7
f 1545/543/6 1578/544/6 1677/545/6 1553/543/6
f 1812/546/7 1798/547/7 1748/547/7 1771/546/7
f 1567/548/6 1668/549/6 1545/543/6 1557/550/6
f 1550/551/7 1562/552/7 1669/552/7 1552/551/7
f 1557/550/6 1545/543/6 1553/543/6 1672/550/6
f 1577/553/1 1580/554/1 1614/555/1 1616/556/1
f 1577/557/10 1616/558/10 1691/559/10 1678/560/10
f 1582/561/1 1584/562/1 1610/563/1 1612/564/1
f 1584/565/1 1586/566/1 1607/567/1 1610/568/1
f 1585/569/6 1546/570/6 1554/570/6 1680/571/6
f 1607/572/5 1586/573/5 1679/574/5 1690/575/5
f 1587/576/1 1590/577/1 1604/578/1 1606/579/1
f 1587/580/10 1606/581/10 1687/582/10 1682/583/10
f 1592/584/1 1594/585/1 1600/586/1 1602/587/1
f 1594/588/1 1596/589/1 1597/590/1 1600/591/1
f 1595/592/6 1547/593/6 1551/593/6 1684/594/6
f 1597/595/5 1596/596/5 1683/597/5 1686/598/5
f 1565/599/7 1558/600/7 1744/600/7 1735/599/7
f 1733/601/1 1672/602/1 1553/603/1 1552/551/1 1669/552/1 1732/604/1
f 1805/605/6 1637/606/6 1770/606/6 1772/605/6
f 1664/607/7 1812/546/7 1771/546/7 1769/607/7
f 1798/547/7 1797/608/7 1738/608/7 1748/547/7
f 1637/606/6 1635/609/6 1768/609/6 1770/606/6
f 1662/610/7 1664/607/7 1769/607/7 1767/610/7
f 1796/611/6 1795/612/6 1747/612/6 1737/611/6
f 1635/609/6 1633/613/6 1766/613/6 1768/609/6
f 1660/614/7 1662/610/7 1767/610/7 1765/614/7
f 1575/615/6 1564/616/6 1746/616/6 1739/615/6
f 1633/613/6 1804/617/6 1764/617/6 1766/613/6
f 1811/618/7 1660/614/7 1765/614/7 1763/618/7
f 1548/542/7 1563/541/7 1574/619/7 1618/620/7
f 1561/621/6 1571/622/6 1736/622/6 1743/621/6
f 1615/623/7 1550/551/7 1552/551/7 1692/624/7
f 1615/625/7 1613/626/7 1638/627/7 1640/628/7
f 1613/629/7 1611/630/7 1636/631/7 1638/632/7
f 1611/633/7 1609/634/7 1634/635/7 1636/631/7
f 1609/636/7 1608/637/7 1632/638/7 1634/635/7
f 1549/639/7 1608/640/7 1689/641/7 1556/639/7
f 1605/642/7 1549/639/7 1556/639/7 1688/643/7
f 1605/644/7 1603/645/7 1626/646/7 1628/647/7
f 1603/648/7 1601/649/7 1624/650/7 1626/646/7
f 1601/651/7 1599/652/7 1622/653/7 1624/650/7
f 1599/654/7 1598/655/7 1620/656/7 1622/657/7
f 1598/658/7 1548/542/7 1618/659/7 1620/656/7
f 1657/660/6 1655/661/6 1546/570/6 1585/662/6
f 1665/663/6 1663/664/6 1579/665/6 1578/666/6
f 1663/667/6 1661/668/6 1581/669/6 1579/670/6
f 1661/668/6 1659/671/6 1583/672/6 1581/669/6
f 1659/671/6 1657/673/6 1585/674/6 1583/675/6
f 1562/552/7 1550/551/7 1641/676/7 1572/677/7
f 1548/542/7 1598/678/7 1685/678/7 1555/542/7
f 1653/679/6 1651/680/6 1589/681/6 1588/682/6
f 1651/680/6 1649/683/6 1591/684/6 1589/685/6
f 1649/683/6 1647/686/6 1593/687/6 1591/684/6
f 1647/686/6 1645/688/6 1595/689/6 1593/687/6
f 1804/617/6 1803/690/6 1762/690/6 1764/617/6
f 1553/603/1 1677/691/1 1678/692/1 1691/693/1 1692/694/1 1552/551/1
f 1551/695/1 1673/696/1 1734/697/1 1731/698/1 1676/541/1 1555/542/1
f 1679/699/1 1680/700/1 1554/701/1 1556/639/1 1689/702/1 1690/703/1
f 1554/701/1 1681/704/1 1682/705/1 1687/706/1 1688/643/1 1556/639/1
f 1683/707/1 1684/708/1 1551/695/1 1555/542/1 1685/709/1 1686/710/1
f 1655/661/6 1653/679/6 1588/711/6 1546/570/6
f 1547/593/6 1560/712/6 1673/712/6 1551/593/6
f 1668/549/6 1665/663/6 1578/713/6 1545/543/6
f 1546/570/6 1588/714/6 1681/715/6 1554/570/6
f 1550/551/7 1615/716/7 1640/628/7 1641/676/7
f 1809/717/7 1811/618/7 1763/618/7 1761/717/7
f 1580/718/1 1582/719/1 1612/720/1 1614/721/1
f 1643/722/6 1570/723/6 1560/712/6 1547/593/6
f 1549/639/7 1605/724/7 1628/647/7 1630/725/7
f 1645/726/6 1643/727/6 1547/593/6 1595/689/6
f 1799/728/6 1575/615/6 1739/615/6 1742/728/6
f 1608/637/7 1549/639/7 1630/725/7 1632/729/7
f 1693/730/255 1779/731/255 1567/732/255
f 1789/733/256 1696/734/256 1570/735/256
f 1698/736/257 1572/677/257 1778/737/257
f 1574/738/258 1699/739/258 1781/740/258
f 1698/736/188 1701/741/188 1562/552/188 1572/677/188
f 1702/742/3 1699/739/3 1574/738/3 1563/743/3
f 1777/744/25 1778/745/25 1572/677/25 1641/676/25
f 1803/690/6 1802/746/6 1760/746/6 1762/690/6
f 1810/747/7 1809/717/7 1761/717/7 1759/747/7
f 1668/549/27 1567/548/27 1779/731/27 1780/748/27
f 1705/749/259 1693/750/259 1567/548/259 1557/550/259
f 1696/734/35 1706/751/35 1560/752/35 1570/735/35
f 1578/666/23 1579/665/23 1580/753/23 1577/754/23
f 1579/670/23 1581/669/23 1582/755/23 1580/753/23
f 1581/669/23 1583/672/23 1584/756/23 1582/755/23
f 1583/675/23 1585/674/23 1586/757/23 1584/756/23
f 1588/682/23 1589/681/23 1590/758/23 1587/759/23
f 1589/685/23 1591/684/23 1592/760/23 1590/758/23
f 1591/684/23 1593/687/23 1594/761/23 1592/760/23
f 1593/687/23 1595/689/23 1596/762/23 1594/761/23
f 1598/655/32 1599/654/32 1600/591/32 1597/590/32
f 1599/652/32 1601/651/32 1602/587/32 1600/586/32
f 1601/649/32 1603/648/32 1604/540/32 1602/539/32
f 1603/645/32 1605/644/32 1606/579/32 1604/578/32
f 1608/637/32 1609/636/32 1610/568/32 1607/567/32
f 1609/634/32 1611/633/32 1612/564/32 1610/563/32
f 1611/630/32 1613/629/32 1614/721/32 1612/720/32
f 1613/626/32 1615/625/32 1616/556/32 1614/555/32
f 1781/763/25 1782/764/25 1618/620/25 1574/619/25
f 1782/764/25 1783/765/25 1620/656/25 1618/659/25
f 1783/765/25 1709/766/25 1622/657/25 1620/656/25
f 1709/766/25 1710/767/25 1624/650/25 1622/653/25
f 1710/767/25 1711/768/25 1626/646/25 1624/650/25
f 1711/768/25 1784/769/25 1628/647/25 1626/646/25
f 1784/769/25 1785/770/25 1630/725/25 1628/647/25
f 1785/770/25 1786/771/25 1632/729/25 1630/725/25
f 1786/771/25 1715/772/25 1634/635/25 1632/638/25
f 1715/773/25 1716/774/25 1636/631/25 1634/635/25
f 1716/774/25 1717/775/25 1638/632/25 1636/631/25
f 1717/775/25 1787/776/25 1640/628/25 1638/627/25
f 1787/777/25 1777/744/25 1641/676/25 1640/628/25
f 1570/723/27 1643/722/27 1788/778/27 1789/779/27
f 1643/727/27 1645/726/27 1790/780/27 1788/781/27
f 1645/688/27 1647/686/27 1721/782/27 1790/783/27
f 1647/686/27 1649/683/27 1722/784/27 1721/785/27
f 1649/683/27 1651/680/27 1723/786/27 1722/787/27
f 1651/680/27 1653/679/27 1792/788/27 1723/789/27
f 1653/679/27 1655/661/27 1791/790/27 1792/791/27
f 1655/661/27 1657/660/27 1793/792/27 1791/793/27
f 1657/673/27 1659/671/27 1727/794/27 1793/795/27
f 1659/671/27 1661/668/27 1728/796/27 1727/797/27
f 1661/668/27 1663/667/27 1729/798/27 1728/799/27
f 1663/664/27 1665/663/27 1794/800/27 1729/801/27
f 1665/663/27 1668/549/27 1780/802/27 1794/803/27
f 1595/592/259 1684/594/259 1683/762/259 1596/762/259
f 1731/804/3 1702/742/3 1563/743/3 1676/743/3
f 1685/678/188 1598/678/188 1597/595/188 1686/598/188
f 1701/741/188 1732/741/188 1669/552/188 1562/552/188
f 1679/757/259 1586/757/259 1585/569/259 1680/571/259
f 1587/580/35 1682/583/35 1681/805/35 1588/805/35
f 1689/641/188 1608/640/188 1607/572/188 1690/575/188
f 1733/749/259 1705/749/259 1557/550/259 1672/550/259
f 1577/557/35 1678/560/35 1677/806/35 1578/806/35
f 1605/642/3 1688/643/3 1687/582/3 1606/581/3
f 1691/559/3 1616/558/3 1615/623/3 1692/624/3
f 1706/807/35 1734/808/35 1673/752/35 1560/752/35
f 1571/622/6 1796/611/6 1737/611/6 1736/622/6
f 1565/599/260 1797/608/260 1779/731/260 1693/809/260
f 1807/810/29 1569/811/29 1696/734/29 1789/779/29
f 1796/611/260 1571/622/260 1698/812/260 1778/745/260
f 1575/615/29 1799/728/29 1781/763/29 1699/739/29
f 1571/622/5 1561/621/5 1701/813/5 1698/812/5
f 1564/616/10 1575/615/10 1699/739/10 1702/742/10
f 1656/814/6 1654/815/6 1846/815/6 1824/814/6
f 1726/816/10 1658/817/10 1847/817/10 1835/816/10
f 1558/600/5 1565/599/5 1693/809/5 1705/818/5
f 1569/811/10 1559/819/10 1706/751/10 1696/734/10
f 1695/820/7 1719/821/7 1821/821/7 1832/820/7
f 1646/822/6 1644/823/6 1822/823/6 1845/822/6
f 1801/824/2 1621/825/2 1709/766/2 1783/765/2
f 1621/825/2 1623/826/2 1710/767/2 1709/766/2
f 1623/826/2 1625/827/2 1711/768/2 1710/767/2
f 1625/827/2 1802/746/2 1784/769/2 1711/768/2
f 1654/815/5 1724/828/5 1834/828/5 1846/815/5
f 1703/829/6 1718/830/6 1831/830/6 1813/829/6
f 1804/617/2 1633/613/2 1715/772/2 1786/771/2
f 1633/613/2 1635/609/2 1716/774/2 1715/773/2
f 1635/609/2 1637/606/2 1717/775/2 1716/774/2
f 1637/606/2 1805/605/2 1787/776/2 1717/775/2
f 1644/823/6 1568/831/6 1844/831/6 1822/823/6
f 1720/832/10 1646/822/10 1845/822/10 1833/832/10
f 1714/833/6 1713/834/6 1820/834/6 1830/833/6
f 1648/835/2 1808/836/2 1790/783/2 1721/782/2
f 1650/837/2 1648/835/2 1721/785/2 1722/784/2
f 1652/838/2 1650/837/2 1722/787/2 1723/786/2
f 1810/747/2 1652/838/2 1723/789/2 1792/788/2
f 1639/839/7 1642/840/7 1814/840/7 1843/839/7
f 1718/830/5 1639/839/5 1843/839/5 1831/830/5
f 1660/614/2 1811/618/2 1793/795/2 1727/794/2
f 1662/610/2 1660/614/2 1727/797/2 1728/796/2
f 1664/607/2 1662/610/2 1728/799/2 1729/798/2
f 1812/546/2 1664/607/2 1729/801/2 1794/800/2
f 1713/834/6 1712/841/6 1829/841/6 1820/834/6
f 1675/842/10 1564/616/10 1702/742/10 1731/804/10
f 1561/621/5 1670/843/5 1732/844/5 1701/813/5
f 1671/845/5 1558/600/5 1705/846/5 1733/847/5
f 1559/819/10 1674/848/10 1734/808/10 1706/807/10
f 1670/843/5 1671/845/5 1733/847/5 1732/844/5
f 1674/848/10 1675/842/10 1731/804/10 1734/808/10
f 1795/612/6 1805/605/6 1772/605/6 1747/612/6
f 1559/819/7 1569/811/7 1740/811/7 1745/819/7
f 1564/616/6 1675/842/6 1773/842/6 1746/616/6
f 1807/810/7 1806/850/7 1749/850/7 1741/810/7
f 1800/849/6 1799/728/6 1742/728/6 1750/849/6
f 1670/843/6 1561/621/6 1743/621/6 1774/843/6
f 1806/850/7 1808/836/7 1751/836/7 1749/850/7
f 1801/824/6 1800/849/6 1750/849/6 1752/824/6
f 1558/600/7 1671/845/7 1775/845/7 1744/600/7
f 1808/836/7 1648/835/7 1753/835/7 1751/836/7
f 1621/825/6 1801/824/6 1752/824/6 1754/825/6
f 1674/848/7 1559/819/7 1745/819/7 1776/848/7
f 1648/835/7 1650/837/7 1755/837/7 1753/835/7
f 1623/826/6 1621/825/6 1754/825/6 1756/826/6
f 1671/845/2 1670/843/2 1774/843/2 1775/845/2
f 1797/608/7 1565/599/7 1735/599/7 1738/608/7
f 1650/837/7 1652/838/7 1757/838/7 1755/837/7
f 1625/827/6 1623/826/6 1756/826/6 1758/827/6
f 1675/842/2 1674/848/2 1776/848/2 1773/842/2
f 1569/811/7 1807/810/7 1741/810/7 1740/811/7
f 1652/838/7 1810/747/7 1759/747/7 1757/838/7
f 1802/746/6 1625/827/6 1758/827/6 1760/746/6
f 1703/829/2 1697/851/2 1778/745/2 1777/744/2
f 1694/852/2 1704/853/2 1780/748/2 1779/731/2
f 1700/854/2 1707/855/2 1782/764/2 1781/763/2
f 1707/855/2 1708/856/2 1783/765/2 1782/764/2
f 1712/841/2 1713/834/2 1785/770/2 1784/769/2
f 1713/834/2 1714/833/2 1786/771/2 1785/770/2
f 1718/830/2 1703/829/2 1777/744/2 1787/777/2
f 1719/821/2 1695/820/2 1789/779/2 1788/778/2
f 1720/832/2 1719/821/2 1788/781/2 1790/780/2
f 1725/857/2 1724/828/2 1792/791/2 1791/790/2
f 1726/816/2 1725/857/2 1791/793/2 1793/792/2
f 1704/853/2 1730/858/2 1794/803/2 1780/802/2
f 1573/859/2 1642/840/2 1795/612/2 1796/611/2
f 1667/860/2 1566/861/2 1797/608/2 1798/547/2
f 1617/862/2 1576/863/2 1799/728/2 1800/849/2
f 1619/864/2 1617/862/2 1800/849/2 1801/824/2
f 1629/865/2 1627/866/2 1802/746/2 1803/690/2
f 1631/867/2 1629/865/2 1803/690/2 1804/617/2
f 1642/840/2 1639/839/2 1805/605/2 1795/612/2
f 1568/831/2 1644/823/2 1806/850/2 1807/810/2
f 1644/823/2 1646/822/2 1808/836/2 1806/850/2
f 1654/815/2 1656/814/2 1809/717/2 1810/747/2
f 1656/814/2 1658/817/2 1811/618/2 1809/717/2
f 1666/868/2 1667/860/2 1798/547/2 1812/546/2
f 1566/861/2 1694/852/2 1779/731/2 1797/608/2
f 1695/820/2 1568/831/2 1807/810/2 1789/779/2
f 1697/851/2 1573/859/2 1796/611/2 1778/745/2
f 1576/863/2 1700/854/2 1781/763/2 1799/728/2
f 1708/856/2 1619/864/2 1801/824/2 1783/765/2
f 1627/866/2 1712/841/2 1784/769/2 1802/746/2
f 1714/833/2 1631/867/2 1804/617/2 1786/771/2
f 1639/839/2 1718/830/2 1787/777/2 1805/605/2
f 1646/822/2 1720/832/2 1790/780/2 1808/836/2
f 1724/828/2 1654/815/2 1810/747/2 1792/791/2
f 1658/817/2 1726/816/2 1793/792/2 1811/618/2
f 1730/858/2 1666/868/2 1812/546/2 1794/803/2
f 1719/821/7 1720/832/7 1833/832/7 1821/821/7
f 1666/868/5 1730/858/5 1836/858/5 1848/868/5
f 1658/817/6 1656/814/6 1824/814/6 1847/817/6
f 1724/828/7 1725/857/7 1823/857/7 1834/828/7
f 1667/860/6 1666/868/6 1848/868/6 1815/860/6
f 1725/857/7 1726/816/7 1835/816/7 1823/857/7
f 1694/852/10 1566/861/10 1838/861/10 1826/852/10
f 1730/858/7 1704/853/7 1816/853/7 1836/858/7
f 1568/831/5 1695/820/5 1832/820/5 1844/831/5
f 1642/840/7 1573/859/7 1837/859/7 1814/840/7
f 1573/859/10 1697/851/10 1825/851/10 1837/859/10
f 1566/861/6 1667/860/6 1815/860/6 1838/861/6
f 1697/851/6 1703/829/6 1813/829/6 1825/851/6
f 1700/854/5 1576/863/5 1839/863/5 1827/854/5
f 1576/863/7 1617/862/7 1817/862/7 1839/863/7
f 1704/853/7 1694/852/7 1826/852/7 1816/853/7
f 1619/864/10 1708/856/10 1828/856/10 1840/864/10
f 1617/862/7 1619/864/7 1840/864/7 1817/862/7
f 1707/855/6 1700/854/6 1827/854/6 1818/855/6
f 1712/841/5 1627/866/5 1841/866/5 1829/841/5
f 1627/866/7 1629/865/7 1819/865/7 1841/866/7
f 1708/856/6 1707/855/6 1818/855/6 1828/856/6
f 1631/867/10 1714/833/10 1830/833/10 1842/867/10
f 1629/865/7 1631/867/7 1842/867/7 1819/865/7
f 1894/537/1 1896/538/1 1906/539/1 1908/540/1
f 1867/541/7 1852/542/7 1859/542/7 1980/541/7
f 1849/543/6 1882/544/6 1981/545/6 1857/543/6
f 2116/546/7 2102/547/7 2052/547/7 2075/546/7
f 1871/548/6 1972/549/6 1849/543/6 1861/550/6
f 1854/551/7 1866/552/7 1973/552/7 1856/551/7
f 1861/550/6 1849/543/6 1857/543/6 1976/550/6
f 1881/553/1 1884/554/1 1918/555/1 1920/556/1
f 1881/557/10 1920/558/10 1995/559/10 1982/560/10
f 1886/561/1 1888/562/1 1914/563/1 1916/564/1
f 1888/565/1 1890/566/1 1911/567/1 1914/568/1
f 1889/569/6 1850/570/6 1858/570/6 1984/571/6
f 1911/572/5 1890/573/5 1983/574/5 1994/575/5
f 1891/576/1 1894/577/1 1908/578/1 1910/579/1
f 1891/580/10 1910/581/10 1991/582/10 1986/583/10
f 1896/584/1 1898/585/1 1904/586/1 1906/587/1
f 1898/588/1 1900/589/1 1901/590/1 1904/591/1
f 1899/592/6 1851/593/6 1855/593/6 1988/594/6
f 1901/595/5 1900/596/5 1987/597/5 1990/598/5
f 1869/599/7 1862/600/7 2048/600/7 2039/599/7
f 2037/601/1 1976/602/1 1857/603/1 1856/551/1 1973/552/1 2036/604/1
f 2109/605/6 1941/606/6 2074/606/6 2076/605/6
f 1968/607/7 2116/546/7 2075/546/7 2073/607/7
f 2102/547/7 2101/608/7 2042/608/7 2052/547/7
f 1941/606/6 1939/609/6 2072/609/6 2074/606/6
f 1966/610/7 1968/607/7 2073/607/7 2071/610/7
f 2100/611/6 2099/612/6 2051/612/6 2041/611/6
f 1939/609/6 1937/613/6 2070/613/6 2072/609/6
f 1964/614/7 1966/610/7 2071/610/7 2069/614/7
f 1879/615/6 1868/616/6 2050/616/6 2043/615/6
f 1937/613/6 2108/617/6 2068/617/6 2070/613/6
f 2115/618/7 1964/614/7 2069/614/7 2067/618/7
f 1852/542/7 1867/541/7 1878/619/7 1922/620/7
f 1865/621/6 1875/622/6 2040/622/6 2047/621/6
f 1919/623/7 1854/551/7 1856/551/7 1996/624/7
f 1919/625/7 1917/626/7 1942/627/7 1944/628/7
f 1917/629/7 1915/630/7 1940/631/7 1942/632/7
f 1915/633/7 1913/634/7 1938/635/7 1940/631/7
f 1913/636/7 1912/637/7 1936/638/7 1938/635/7
f 1853/639/7 1912/640/7 1993/641/7 1860/639/7
f 1909/642/7 1853/639/7 1860/639/7 1992/643/7
f 1909/644/7 1907/645/7 1930/646/7 1932/647/7
f 1907/648/7 1905/649/7 1928/650/7 1930/646/7
f 1905/651/7 1903/652/7 1926/653/7 1928/650/7
f 1903/654/7 1902/655/7 1924/656/7 1926/657/7
f 1902/658/7 1852/542/7 1922/659/7 1924/656/7
f 1961/660/6 1959/661/6 1850/570/6 1889/662/6
f 1969/663/6 1967/664/6 1883/665/6 1882/666/6
f 1967/667/6 1965/668/6 1885/669/6 1883/670/6
f 1965/668/6 1963/671/6 1887/672/6 1885/669/6
f 1963/671/6 1961/673/6 1889/674/6 1887/675/6
f 1866/552/7 1854/551/7 1945/676/7 1876/677/7
f 1852/542/7 1902/678/7 1989/678/7 1859/542/7
f 1957/679/6 1955/680/6 1893/681/6 1892/682/6
f 1955/680/6 1953/683/6 1895/684/6 1893/685/6
f 1953/683/6 1951/686/6 1897/687/6 1895/684/6
f 1951/686/6 1949/688/6 1899/689/6 1897/687/6
f 2108/617/6 2107/690/6 2066/690/6 2068/617/6
f 1857/603/1 1981/691/1 1982/692/1 1995/693/1 1996/694/1 1856/551/1
f 1855/695/1 1977/696/1 2038/697/1 2035/698/1 1980/541/1 1859/542/1
f 1983/699/1 1984/700/1 1858/701/1 1860/639/1 1993/702/1 1994/703/1
f 1858/701/1 1985/704/1 1986/705/1 1991/706/1 1992/643/1 1860/639/1
f 1987/707/1 1988/708/1 1855/695/1 1859/542/1 1989/709/1 1990/710/1
f 1959/661/6 1957/679/6 1892/711/6 1850/570/6
f 1851/593/6 1864/712/6 1977/712/6 1855/593/6
f 1972/549/6 1969/663/6 1882/713/6 1849/543/6
f 1850/570/6 1892/714/6 1985/715/6 1858/570/6
f 1854/551/7 1919/716/7 1944/628/7 1945/676/7
f 2113/717/7 2115/618/7 2067/618/7 2065/717/7
f 1884/718/1 1886/719/1 1916/720/1 1918/721/1
f 1947/722/6 1874/723/6 1864/712/6 1851/593/6
f 1853/639/7 1909/724/7 1932/647/7 1934/725/7
f 1949/726/6 1947/727/6 1851/593/6 1899/689/6
f 2103/728/6 1879/615/6 2043/615/6 2046/728/6
f 1912/637/7 1853/639/7 1934/725/7 1936/729/7
f 1997/730/255 2083/731/255 1871/732/255
f 2093/733/256 2000/734/256 1874/735/256
f 2002/736/257 1876/677/257 2082/737/257
f 1878/738/258 2003/739/258 2085/740/258
f 2002/736/188 2005/741/188 1866/552/188 1876/677/188
f 2006/742/3 2003/739/3 1878/738/3 1867/743/3
f 2081/744/25 2082/745/25 1876/677/25 1945/676/25
f 2107/690/6 2106/746/6 2064/746/6 2066/690/6
f 2114/747/7 2113/717/7 2065/717/7 2063/747/7
f 1972/549/27 1871/548/27 2083/731/27 2084/748/27
f 2009/749/259 1997/750/259 1871/548/259 1861/550/259
f 2000/734/35 2010/751/35 1864/752/35 1874/735/35
f 1882/666/23 1883/665/23 1884/753/23 1881/754/23
f 1883/670/23 1885/669/23 1886/755/23 1884/753/23
f 1885/669/23 1887/672/23 1888/756/23 1886/755/23
f 1887/675/23 1889/674/23 1890/757/23 1888/756/23
f 1892/682/23 1893/681/23 1894/758/23 1891/759/23
f 1893/685/23 1895/684/23 1896/760/23 1894/758/23
f 1895/684/23 1897/687/23 1898/761/23 1896/760/23
f 1897/687/23 1899/689/23 1900/762/23 1898/761/23
f 1902/655/32 1903/654/32 1904/591/32 1901/590/32
f 1903/652/32 1905/651/32 1906/587/32 1904/586/32
f 1905/649/32 1907/648/32 1908/540/32 1906/539/32
f 1907/645/32 1909/644/32 1910/579/32 1908/578/32
f 1912/637/32 1913/636/32 1914/568/32 1911/567/32
f 1913/634/32 1915/633/32 1916/564/32 1914/563/32
f 1915/630/32 1917/629/32 1918/721/32 1916/720/32
f 1917/626/32 1919/625/32 1920/556/32 1918/555/32
f 2085/763/25 2086/764/25 1922/620/25 1878/619/25
f 2086/764/25 2087/765/25 1924/656/25 1922/659/25
f 2087/765/25 2013/766/25 1926/657/25 1924/656/25
f 2013/766/25 2014/767/25 1928/650/25 1926/653/25
f 2014/767/25 2015/768/25 1930/646/25 1928/650/25
f 2015/768/25 2088/769/25 1932/647/25 1930/646/25
f 2088/769/25 2089/770/25 1934/725/25 1932/647/25
f 2089/770/25 2090/771/25 1936/729/25 1934/725/25
f 2090/771/25 2019/772/25 1938/635/25 1936/638/25
f 2019/773/25 2020/774/25 1940/631/25 1938/635/25
f 2020/774/25 2021/775/25 1942/632/25 1940/631/25
f 2021/775/25 2091/776/25 1944/628/25 1942/627/25
f 2091/777/25 2081/744/25 1945/676/25 1944/628/25
f 1874/723/27 1947/722/27 2092/778/27 2093/779/27
f 1947/727/27 1949/726/27 2094/780/27 2092/781/27
f 1949/688/27 1951/686/27 2025/782/27 2094/783/27
f 1951/686/27 1953/683/27 2026/784/27 2025/785/27
f 1953/683/27 1955/680/27 2027/786/27 2026/787/27
f 1955/680/27 1957/679/27 2096/788/27 2027/789/27
f 1957/679/27 1959/661/27 2095/790/27 2096/791/27
f 1959/661/27 1961/660/27 2097/792/27 2095/793/27
f 1961/673/27 1963/671/27 2031/794/27 2097/795/27
f 1963/671/27 1965/668/27 2032/796/27 2031/797/27
f 1965/668/27 1967/667/27 2033/798/27 2032/799/27
f 1967/664/27 1969/663/27 2098/800/27 2033/801/27
f 1969/663/27 1972/549/27 2084/802/27 2098/803/27
f 1899/592/259 1988/594/259 1987/762/259 1900/762/259
f 2035/804/3 2006/742/3 1867/743/3 1980/743/3
f 1989/678/188 1902/678/188 1901/595/188 1990/598/188
f 2005/741/188 2036/741/188 1973/552/188 1866/552/188
f 1983/757/259 1890/757/259 1889/569/259 1984/571/259
f 1891/580/35 1986/583/35 1985/805/35 1892/805/35
f 1993/641/188 1912/640/188 1911/572/188 1994/575/188
f 2037/749/259 2009/749/259 1861/550/259 1976/550/259
f 1881/557/35 1982/560/35 1981/806/35 1882/806/35
f 1909/642/3 1992/643/3 1991/582/3 1910/581/3
f 1995/559/3 1920/558/3 1919/623/3 1996/624/3
f 2010/807/35 2038/808/35 1977/752/35 1864/752/35
f 1875/622/6 2100/611/6 2041/611/6 2040/622/6
f 1869/599/260 2101/608/260 2083/731/260 1997/809/260
f 2111/810/29 1873/811/29 2000/734/29 2093/779/29
f 2100/611/260 1875/622/260 2002/812/260 2082/745/260
f 1879/615/29 2103/728/29 2085/763/29 2003/739/29
f 1875/622/5 1865/621/5 2005/813/5 2002/812/5
f 1868/616/10 1879/615/10 2003/739/10 2006/742/10
f 1960/814/6 1958/815/6 2150/815/6 2128/814/6
f 2030/816/10 1962/817/10 2151/817/10 2139/816/10
f 1862/600/5 1869/599/5 1997/809/5 2009/818/5
f 1873/811/10 1863/819/10 2010/751/10 2000/734/10
f 1999/820/7 2023/821/7 2125/821/7 2136/820/7
f 1950/822/6 1948/823/6 2126/823/6 2149/822/6
f 2105/824/2 1925/825/2 2013/766/2 2087/765/2
f 1925/825/2 1927/826/2 2014/767/2 2013/766/2
f 1927/826/2 1929/827/2 2015/768/2 2014/767/2
f 1929/827/2 2106/746/2 2088/769/2 2015/768/2
f 1958/815/5 2028/828/5 2138/828/5 2150/815/5
f 2007/829/6 2022/830/6 2135/830/6 2117/829/6
f 2108/617/2 1937/613/2 2019/772/2 2090/771/2
f 1937/613/2 1939/609/2 2020/774/2 2019/773/2
f 1939/609/2 1941/606/2 2021/775/2 2020/774/2
f 1941/606/2 2109/605/2 2091/776/2 2021/775/2
f 1948/823/6 1872/831/6 2148/831/6 2126/823/6
f 2024/832/10 1950/822/10 2149/822/10 2137/832/10
f 2018/833/6 2017/834/6 2124/834/6 2134/833/6
f 1952/835/2 2112/836/2 2094/783/2 2025/782/2
f 1954/837/2 1952/835/2 2025/785/2 2026/784/2
f 1956/838/2 1954/837/2 2026/787/2 2027/786/2
f 2114/747/2 1956/838/2 2027/789/2 2096/788/2
f 1943/839/7 1946/840/7 2118/840/7 2147/839/7
f 2022/830/5 1943/839/5 2147/839/5 2135/830/5
f 1964/614/2 2115/618/2 2097/795/2 2031/794/2
f 1966/610/2 1964/614/2 2031/797/2 2032/796/2
f 1968/607/2 1966/610/2 2032/799/2 2033/798/2
f 2116/546/2 1968/607/2 2033/801/2 2098/800/2
f 2017/834/6 2016/841/6 2133/841/6 2124/834/6
f 1979/842/10 1868/616/10 2006/742/10 2035/804/10
f 1865/621/5 1974/843/5 2036/844/5 2005/813/5
f 1975/845/5 1862/600/5 2009/846/5 2037/847/5
f 1863/819/10 1978/848/10 2038/808/10 2010/807/10
f 1974/843/5 1975/845/5 2037/847/5 2036/844/5
f 1978/848/10 1979/842/10 2035/804/10 2038/808/10
f 2099/612/6 2109/605/6 2076/605/6 2051/612/6
f 1863/819/7 1873/811/7 2044/811/7 2049/819/7
f 1868/616/6 1979/842/6 2077/842/6 2050/616/6
f 2111/810/7 2110/850/7 2053/850/7 2045/810/7
f 2104/849/6 2103/728/6 2046/728/6 2054/849/6
f 1974/843/6 1865/621/6 2047/621/6 2078/843/6
f 2110/850/7 2112/836/7 2055/836/7 2053/850/7
f 2105/824/6 2104/849/6 2054/849/6 2056/824/6
f 1862/600/7 1975/845/7 2079/845/7 2048/600/7
f 2112/836/7 1952/835/7 2057/835/7 2055/836/7
f 1925/825/6 2105/824/6 2056/824/6 2058/825/6
f 1978/848/7 1863/819/7 2049/819/7 2080/848/7
f 1952/835/7 1954/837/7 2059/837/7 2057/835/7
f 1927/826/6 1925/825/6 2058/825/6 2060/826/6
f 1975/845/2 1974/843/2 2078/843/2 2079/845/2
f 2101/608/7 1869/599/7 2039/599/7 2042/608/7
f 1954/837/7 1956/838/7 2061/838/7 2059/837/7
f 1929/827/6 1927/826/6 2060/826/6 2062/827/6
f 1979/842/2 1978/848/2 2080/848/2 2077/842/2
f 1873/811/7 2111/810/7 2045/810/7 2044/811/7
f 1956/838/7 2114/747/7 2063/747/7 2061/838/7
f 2106/746/6 1929/827/6 2062/827/6 2064/746/6
f 2007/829/2 2001/851/2 2082/745/2 2081/744/2
f 1998/852/2 2008/853/2 2084/748/2 2083/731/2
f 2004/854/2 2011/855/2 2086/764/2 2085/763/2
f 2011/855/2 2012/856/2 2087/765/2 2086/764/2
f 2016/841/2 2017/834/2 2089/770/2 2088/769/2
f 2017/834/2 2018/833/2 2090/771/2 2089/770/2
f 2022/830/2 2007/829/2 2081/744/2 2091/777/2
f 2023/821/2 1999/820/2 2093/779/2 2092/778/2
f 2024/832/2 2023/821/2 2092/781/2 2094/780/2
f 2029/857/2 2028/828/2 2096/791/2 2095/790/2
f 2030/816/2 2029/857/2 2095/793/2 2097/792/2
f 2008/853/2 2034/858/2 2098/803/2 2084/802/2
f 1877/859/2 1946/840/2 2099/612/2 2100/611/2
f 1971/860/2 1870/861/2 2101/608/2 2102/547/2
f 1921/862/2 1880/863/2 2103/728/2 2104/849/2
f 1923/864/2 1921/862/2 2104/849/2 2105/824/2
f 1933/865/2 1931/866/2 2106/746/2 2107/690/2
f 1935/867/2 1933/865/2 2107/690/2 2108/617/2
f 1946/840/2 1943/839/2 2109/605/2 2099/612/2
f 1872/831/2 1948/823/2 2110/850/2 2111/810/2
f 1948/823/2 1950/822/2 2112/836/2 2110/850/2
f 1958/815/2 1960/814/2 2113/717/2 2114/747/2
f 1960/814/2 1962/817/2 2115/618/2 2113/717/2
f 1970/868/2 1971/860/2 2102/547/2 2116/546/2
f 1870/861/2 1998/852/2 2083/731/2 2101/608/2
f 1999/820/2 1872/831/2 2111/810/2 2093/779/2
f 2001/851/2 1877/859/2 2100/611/2 2082/745/2
f 1880/863/2 2004/854/2 2085/763/2 2103/728/2
f 2012/856/2 1923/864/2 2105/824/2 2087/765/2
f 1931/866/2 2016/841/2 2088/769/2 2106/746/2
f 2018/833/2 1935/867/2 2108/617/2 2090/771/2
f 1943/839/2 2022/830/2 2091/777/2 2109/605/2
f 1950/822/2 2024/832/2 2094/780/2 2112/836/2
f 2028/828/2 1958/815/2 2114/747/2 2096/791/2
f 1962/817/2 2030/816/2 2097/792/2 2115/618/2
f 2034/858/2 1970/868/2 2116/546/2 2098/803/2
f 2023/821/7 2024/832/7 2137/832/7 2125/821/7
f 1970/868/5 2034/858/5 2140/858/5 2152/868/5
f 1962/817/6 1960/814/6 2128/814/6 2151/817/6
f 2028/828/7 2029/857/7 2127/857/7 2138/828/7
f 1971/860/6 1970/868/6 2152/868/6 2119/860/6
f 2029/857/7 2030/816/7 2139/816/7 2127/857/7
f 1998/852/10 1870/861/10 2142/861/10 2130/852/10
f 2034/858/7 2008/853/7 2120/853/7 2140/858/7
f 1872/831/5 1999/820/5 2136/820/5 2148/831/5
f 1946/840/7 1877/859/7 2141/859/7 2118/840/7
f 1877/859/10 2001/851/10 2129/851/10 2141/859/10
f 1870/861/6 1971/860/6 2119/860/6 2142/861/6
f 2001/851/6 2007/829/6 2117/829/6 2129/851/6
f 2004/854/5 1880/863/5 2143/863/5 2131/854/5
f 1880/863/7 1921/862/7 2121/862/7 2143/863/7
f 2008/853/7 1998/852/7 2130/852/7 2120/853/7
f 1923/864/10 2012/856/10 2132/856/10 2144/864/10
f 1921/862/7 1923/864/7 2144/864/7 2121/862/7
f 2011/855/6 2004/854/6 2131/854/6 2122/855/6
f 2016/841/5 1931/866/5 2145/866/5 2133/841/5
f 1931/866/7 1933/865/7 2123/865/7 2145/866/7
f 2012/856/6 2011/855/6 2122/855/6 2132/856/6
f 1935/867/10 2018/833/10 2134/833/10 2146/867/10
f 1933/865/7 1935/867/7 2146/867/7 2123/865/7
usemtl M_Noir_Profond
f 177/248/7 113/313/7 241/312/7 243/332/7 145/178/7 176/17/7
f 174/42/6 244/314/6 246/337/6 178/316/6 175/315/6
f 149/179/2 150/59/2 151/159/2 148/160/2
f 153/119/1 154/51/1 155/176/1 152/177/1
f 157/9/2 158/12/2 159/175/2 156/271/2
f 161/22/2 149/179/2 148/160/2 160/182/2
f 163/249/1 164/250/1 165/338/1 162/330/1
f 167/116/1 153/119/1 152/177/1 166/183/1
f 158/251/2 168/19/2 169/115/2 159/175/2
f 168/19/2 161/22/2 160/114/2 169/115/2
f 164/106/1 170/109/1 171/180/1 165/181/1
f 170/109/1 167/124/1 166/183/1 171/180/1
f 173/39/6 174/42/6 175/315/6 172/339/6
f 243/340/7 242/295/7 146/155/7 147/341/7 145/178/7
f 246/342/6 245/217/6 112/216/6 188/267/6 187/184/6 178/185/6
f 180/54/32 177/248/32 176/17/32 179/18/32
f 182/196/25 183/104/25 184/212/25 181/211/25
f 186/203/27 173/202/27 172/213/27 185/170/27
f 188/208/23 189/110/23 190/75/23 187/74/23
f 189/110/1 163/113/1 162/330/1 190/331/1
f 154/51/1 180/54/1 179/18/1 155/176/1
f 146/155/7 182/299/7 181/335/7 147/336/7
f 150/59/2 186/62/2 185/170/2 151/159/2
f 183/104/2 157/9/2 156/271/2 184/282/2
f 277/360/59 312/361/59 305/362/59 291/147/59 278/146/59
f 248/295/73 242/295/73 241/312/73 247/312/73
f 252/374/74 253/375/74 254/372/74 251/371/74
f 256/376/75 257/377/75 258/199/75 255/198/75
f 260/364/6 261/370/6 262/120/6 259/277/6
f 264/359/76 260/364/76 259/276/76 263/275/76
f 266/358/77 264/359/77 263/275/77 265/281/77
f 268/136/7 269/154/7 270/304/7 267/303/7
f 272/137/78 268/136/78 267/306/78 271/305/78
f 251/371/79 272/373/79 271/15/79 252/14/79
f 274/232/2 275/365/2 276/89/2 273/88/2
f 278/128/2 279/127/2 280/366/2 277/360/2
f 257/377/80 266/378/80 265/281/80 258/199/80
f 275/365/2 280/366/2 279/21/2 276/20/2
f 253/375/81 281/379/81 282/284/81 254/283/81
f 284/278/82 256/280/82 255/70/82 283/69/82
f 281/272/83 285/227/83 286/193/83 282/192/83
f 288/291/84 284/278/84 283/297/84 287/296/84
f 285/227/85 289/230/85 290/221/85 286/220/85
f 294/367/86 306/380/86 308/381/86 296/142/86 295/223/86
f 292/292/87 288/293/87 287/290/87 293/289/87
f 289/238/88 294/240/88 295/223/88 290/222/88
f 308/382/89 307/383/89 274/232/89 273/88/89 296/142/89
f 305/362/90 304/145/90 292/144/90 293/289/90 291/147/90
f 249/314/91 297/121/91 298/214/91 250/217/91
f 300/384/92 270/385/92 269/154/92 299/153/92
f 261/386/93 298/387/93 297/121/93 262/120/93
f 299/294/94 248/295/94 247/312/94 300/311/94
f 243/340/7 241/312/7 242/295/7
f 250/217/99 245/217/99 244/314/99 249/314/99
f 246/342/6 244/314/6 245/217/6
f 312/389/121 304/390/121 305/362/121
f 306/391/122 307/392/122 308/382/122
f 304/390/124 312/389/124 319/389/124 320/390/124
f 314/143/127 320/145/127 319/389/127 318/388/127
f 316/231/128 317/233/128 315/391/128 313/393/128
f 313/369/129 314/368/129 318/394/129 316/395/129
f 307/392/133 306/391/133 315/391/133 317/392/133
f 333/399/135 334/400/135 341/400/135 342/399/135
f 338/401/5 335/402/5 344/402/5 345/401/5
f 327/397/2 325/396/2 332/403/2 331/404/2
f 325/396/2 326/363/2 333/399/2 332/403/2
f 326/363/2 328/398/2 334/400/2 333/399/2
f 328/398/2 327/397/2 331/404/2 334/400/2
f 325/396/2 330/80/2 336/405/2 335/402/2
f 330/80/2 329/81/2 337/406/2 336/405/2
f 329/81/2 326/363/2 338/401/2 337/406/2
f 326/363/2 325/396/2 335/402/2 338/401/2
f 334/400/5 331/404/5 340/404/5 341/400/5
f 336/405/10 337/406/10 346/406/10 343/405/10
f 335/402/138 336/405/138 343/405/138 344/402/138
f 332/403/10 333/399/10 342/399/10 339/403/10
f 337/406/139 338/401/139 345/401/139 346/406/139
f 331/404/140 332/403/140 339/403/140 340/404/140
f 365/415/141 366/416/141 373/416/141 374/415/141
f 370/417/10 367/418/10 376/418/10 377/417/10
f 356/407/2 355/408/2 364/419/2 363/420/2
f 355/408/2 358/411/2 365/415/2 364/419/2
f 358/411/2 357/412/2 366/416/2 365/415/2
f 357/412/2 356/407/2 363/420/2 366/416/2
f 360/414/2 359/413/2 368/421/2 367/418/2
f 359/413/2 362/409/2 369/422/2 368/421/2
f 362/409/2 361/410/2 370/417/2 369/422/2
f 361/410/2 360/414/2 367/418/2 370/417/2
f 366/416/10 363/420/10 372/420/10 373/416/10
f 368/421/5 369/422/5 378/422/5 375/421/5
f 367/418/136 368/421/136 375/421/136 376/418/136
f 364/419/5 365/415/5 374/415/5 371/419/5
f 369/422/63 370/417/63 377/417/63 378/422/63
f 363/420/137 364/419/137 371/419/137 372/420/137
f 453/437/7 454/446/7 468/465/7 467/466/7
f 454/446/7 451/447/7 475/467/7 468/465/7
f 451/447/7 452/452/7 469/468/7 475/467/7
f 452/452/7 457/453/7 476/469/7 469/468/7
f 457/453/7 458/261/7 477/470/7 476/469/7
f 458/261/7 455/260/7 478/471/7 477/470/7
f 455/260/7 456/436/7 474/472/7 478/471/7
f 456/436/7 453/437/7 467/466/7 474/472/7
f 461/441/6 462/455/6 470/473/6 479/474/6
f 462/455/6 459/424/6 480/475/6 470/473/6
f 459/424/6 460/443/6 471/476/6 480/475/6
f 460/443/6 465/444/6 481/477/6 471/476/6
f 465/444/6 466/450/6 482/478/6 481/477/6
f 466/450/6 463/451/6 472/479/6 482/478/6
f 463/451/6 464/440/6 473/480/6 472/479/6
f 464/440/6 461/441/6 479/474/6 473/480/6
f 477/470/33 478/471/33 490/471/33 489/470/33
f 481/477/169 482/478/169 497/478/169 496/477/169
f 482/478/168 472/479/168 498/479/168 497/478/168
f 478/471/171 474/472/171 485/472/171 490/471/171
f 467/466/170 468/465/170 483/465/170 484/466/170
f 472/479/170 473/480/170 493/480/170 498/479/170
f 479/474/171 470/473/171 491/473/171 492/474/171
f 474/472/10 467/466/10 484/466/10 485/472/10
f 473/480/10 479/474/10 492/474/10 493/480/10
f 468/465/168 475/467/168 486/467/168 483/465/168
f 470/473/33 480/475/33 494/475/33 491/473/33
f 475/467/169 469/468/169 487/468/169 486/467/169
f 480/475/172 471/476/172 495/476/172 494/475/172
f 469/468/5 476/469/5 488/469/5 487/468/5
f 471/476/5 481/477/5 496/477/5 495/476/5
f 476/469/172 477/470/172 489/470/172 488/469/172
f 675/248/7 611/313/7 739/312/7 741/332/7 643/178/7 674/17/7
f 672/42/6 742/314/6 744/337/6 676/316/6 673/315/6
f 647/179/2 648/59/2 649/159/2 646/160/2
f 651/119/1 652/51/1 653/176/1 650/177/1
f 655/9/2 656/12/2 657/175/2 654/271/2
f 659/22/2 647/179/2 646/160/2 658/182/2
f 661/249/1 662/250/1 663/338/1 660/330/1
f 665/116/1 651/119/1 650/177/1 664/183/1
f 656/251/2 666/19/2 667/115/2 657/175/2
f 666/19/2 659/22/2 658/114/2 667/115/2
f 662/106/1 668/109/1 669/180/1 663/181/1
f 668/109/1 665/124/1 664/183/1 669/180/1
f 671/39/6 672/42/6 673/315/6 670/339/6
f 741/340/7 740/295/7 644/155/7 645/341/7 643/178/7
f 744/342/6 743/217/6 610/216/6 686/267/6 685/184/6 676/185/6
f 678/54/32 675/248/32 674/17/32 677/18/32
f 680/196/25 681/104/25 682/212/25 679/211/25
f 684/203/27 671/202/27 670/213/27 683/170/27
f 686/208/23 687/110/23 688/75/23 685/74/23
f 687/110/1 661/113/1 660/330/1 688/331/1
f 652/51/1 678/54/1 677/18/1 653/176/1
f 644/155/7 680/299/7 679/335/7 645/336/7
f 648/59/2 684/62/2 683/170/2 649/159/2
f 681/104/2 655/9/2 654/271/2 682/282/2
f 775/360/59 808/361/59 803/362/59 789/147/59 776/146/59
f 746/295/73 740/295/73 739/312/73 745/312/73
f 750/374/74 751/375/74 752/372/74 749/371/74
f 754/376/75 755/377/75 756/199/75 753/198/75
f 758/364/6 759/370/6 760/120/6 757/277/6
f 762/359/76 758/364/76 757/276/76 761/275/76
f 764/358/77 762/359/77 761/275/77 763/281/77
f 766/136/7 767/154/7 768/304/7 765/303/7
f 770/137/78 766/136/78 765/306/78 769/305/78
f 749/371/79 770/373/79 769/15/79 750/14/79
f 772/232/2 773/365/2 774/89/2 771/88/2
f 776/128/2 777/127/2 778/366/2 775/360/2
f 755/377/80 764/378/80 763/281/80 756/199/80
f 773/365/2 778/366/2 777/21/2 774/20/2
f 751/375/81 779/379/81 780/284/81 752/283/81
f 782/278/181 754/280/181 753/70/181 781/69/181
f 779/272/182 783/227/182 784/193/182 780/192/182
f 786/291/84 782/278/84 781/297/84 785/296/84
f 783/227/85 787/230/85 788/221/85 784/220/85
f 792/367/86 806/380/86 805/381/86 794/142/86 793/223/86
f 790/292/87 786/293/87 785/290/87 791/289/87
f 787/238/88 792/240/88 793/223/88 788/222/88
f 805/382/89 804/383/89 772/232/89 771/88/89 794/142/89
f 803/362/90 809/145/90 790/144/90 791/289/90 789/147/90
f 747/314/91 795/121/91 796/214/91 748/217/91
f 798/384/92 768/385/92 767/154/92 797/153/92
f 759/386/93 796/387/93 795/121/93 760/120/93
f 797/294/94 746/295/94 745/312/94 798/311/94
f 741/340/7 739/312/7 740/295/7
f 748/217/99 743/217/99 742/314/99 747/314/99
f 744/342/6 742/314/6 743/217/6
f 808/389/121 809/390/121 803/362/121
f 806/391/185 804/392/185 805/382/185
f 809/390/124 808/389/124 816/389/124 817/390/124
f 811/143/127 817/145/127 816/389/127 815/388/127
f 813/231/128 814/233/128 812/391/128 810/393/128
f 810/369/129 811/368/129 815/394/129 813/395/129
f 804/392/133 806/391/133 812/391/133 814/392/133
f 831/399/135 832/400/135 839/400/135 840/399/135
f 836/401/5 833/402/5 842/402/5 843/401/5
f 825/397/2 823/396/2 830/403/2 829/404/2
f 823/396/2 824/363/2 831/399/2 830/403/2
f 824/363/2 826/398/2 832/400/2 831/399/2
f 826/398/2 825/397/2 829/404/2 832/400/2
f 823/396/2 828/80/2 834/405/2 833/402/2
f 828/80/2 827/81/2 835/406/2 834/405/2
f 827/81/2 824/363/2 836/401/2 835/406/2
f 824/363/2 823/396/2 833/402/2 836/401/2
f 832/400/5 829/404/5 838/404/5 839/400/5
f 834/405/10 835/406/10 844/406/10 841/405/10
f 833/402/138 834/405/138 841/405/138 842/402/138
f 830/403/10 831/399/10 840/399/10 837/403/10
f 835/406/139 836/401/139 843/401/139 844/406/139
f 829/404/140 830/403/140 837/403/140 838/404/140
f 863/415/141 864/416/141 871/416/141 872/415/141
f 868/417/10 865/418/10 874/418/10 875/417/10
f 854/407/2 853/408/2 862/419/2 861/420/2
f 853/408/2 856/411/2 863/415/2 862/419/2
f 856/411/2 855/412/2 864/416/2 863/415/2
f 855/412/2 854/407/2 861/420/2 864/416/2
f 858/414/2 857/413/2 866/421/2 865/418/2
f 857/413/2 860/409/2 867/422/2 866/421/2
f 860/409/2 859/410/2 868/417/2 867/422/2
f 859/410/2 858/414/2 865/418/2 868/417/2
f 864/416/10 861/420/10 870/420/10 871/416/10
f 866/421/5 867/422/5 876/422/5 873/421/5
f 865/418/136 866/421/136 873/421/136 874/418/136
f 862/419/5 863/415/5 872/415/5 869/419/5
f 867/422/63 868/417/63 875/417/63 876/422/63
f 861/420/137 862/419/137 869/419/137 870/420/137
f 951/437/7 952/446/7 971/465/7 965/466/7
f 952/446/7 949/447/7 973/467/7 971/465/7
f 949/447/7 950/452/7 974/468/7 973/467/7
f 950/452/7 955/453/7 975/469/7 974/468/7
f 955/453/7 956/261/7 966/470/7 975/469/7
f 956/261/7 953/260/7 967/471/7 966/470/7
f 953/260/7 954/436/7 972/472/7 967/471/7
f 954/436/7 951/437/7 965/466/7 972/472/7
f 959/441/6 960/455/6 976/473/6 968/474/6
f 960/455/6 957/424/6 978/475/6 976/473/6
f 957/424/6 958/443/6 979/476/6 978/475/6
f 958/443/6 963/444/6 969/477/6 979/476/6
f 963/444/6 964/450/6 980/478/6 969/477/6
f 964/450/6 961/451/6 970/479/6 980/478/6
f 961/451/6 962/440/6 977/480/6 970/479/6
f 962/440/6 959/441/6 968/474/6 977/480/6
f 966/470/33 967/471/33 988/471/33 987/470/33
f 969/477/169 980/478/169 995/478/169 994/477/169
f 980/478/168 970/479/168 996/479/168 995/478/168
f 967/471/171 972/472/171 983/472/171 988/471/171
f 965/466/170 971/465/170 981/465/170 982/466/170
f 970/479/170 977/480/170 991/480/170 996/479/170
f 968/474/171 976/473/171 989/473/171 990/474/171
f 972/472/10 965/466/10 982/466/10 983/472/10
f 977/480/10 968/474/10 990/474/10 991/480/10
f 971/465/168 973/467/168 984/467/168 981/465/168
f 976/473/33 978/475/33 992/475/33 989/473/33
f 973/467/169 974/468/169 985/468/169 984/467/169
f 978/475/172 979/476/172 993/476/172 992/475/172
f 974/468/5 975/469/5 986/469/5 985/468/5
f 979/476/5 969/477/5 994/477/5 993/476/5
f 975/469/172 966/470/172 987/470/172 986/469/172
f 1147/248/7 1091/313/7 1211/312/7 1213/332/7 1115/178/7 1146/17/7
f 1144/42/6 1214/314/6 1216/337/6 1148/316/6 1145/315/6
f 1119/179/2 1120/59/2 1121/159/2 1118/160/2
f 1123/119/1 1124/51/1 1125/176/1 1122/177/1
f 1127/9/2 1128/12/2 1129/175/2 1126/271/2
f 1131/22/2 1119/179/2 1118/160/2 1130/182/2
f 1133/249/1 1134/250/1 1135/338/1 1132/330/1
f 1137/116/1 1123/119/1 1122/177/1 1136/183/1
f 1128/251/2 1138/19/2 1139/115/2 1129/175/2
f 1138/19/2 1131/22/2 1130/114/2 1139/115/2
f 1134/106/1 1140/109/1 1141/180/1 1135/181/1
f 1140/109/1 1137/124/1 1136/183/1 1141/180/1
f 1143/39/6 1144/42/6 1145/315/6 1142/339/6
f 1213/340/7 1212/295/7 1116/155/7 1117/341/7 1115/178/7
f 1216/342/6 1215/217/6 1090/216/6 1158/267/6 1157/184/6 1148/185/6
f 1150/54/32 1147/248/32 1146/17/32 1149/18/32
f 1152/196/25 1153/104/25 1154/212/25 1151/211/25
f 1156/203/27 1143/202/27 1142/213/27 1155/170/27
f 1158/208/23 1159/110/23 1160/75/23 1157/74/23
f 1159/110/1 1133/113/1 1132/330/1 1160/331/1
f 1124/51/1 1150/54/1 1149/18/1 1125/176/1
f 1116/155/7 1152/299/7 1151/335/7 1117/336/7
f 1120/59/2 1156/62/2 1155/170/2 1121/159/2
f 1153/104/2 1127/9/2 1126/271/2 1154/282/2
f 1247/360/59 1266/361/59 1275/362/59 1261/147/59 1248/146/59
f 1218/295/73 1212/295/73 1211/312/73 1217/312/73
f 1222/374/74 1223/375/74 1224/372/74 1221/371/74
f 1226/376/75 1227/377/75 1228/199/75 1225/198/75
f 1230/364/6 1231/370/6 1232/120/6 1229/277/6
f 1234/359/76 1230/364/76 1229/276/76 1233/275/76
f 1236/358/77 1234/359/77 1233/275/77 1235/281/77
f 1238/136/7 1239/154/7 1240/304/7 1237/303/7
f 1242/137/78 1238/136/78 1237/306/78 1241/305/78
f 1221/371/79 1242/373/79 1241/15/79 1222/14/79
f 1244/232/2 1245/365/2 1246/89/2 1243/88/2
f 1248/128/2 1249/127/2 1250/366/2 1247/360/2
f 1227/377/80 1236/378/80 1235/281/80 1228/199/80
f 1245/365/2 1250/366/2 1249/21/2 1246/20/2
f 1223/375/81 1251/379/81 1252/284/81 1224/283/81
f 1254/278/82 1226/280/82 1225/70/82 1253/69/82
f 1251/272/83 1255/227/83 1256/193/83 1252/192/83
f 1258/291/84 1254/278/84 1253/297/84 1257/296/84
f 1255/227/85 1259/230/85 1260/221/85 1256/220/85
f 1264/367/86 1276/380/86 1277/381/86 1267/142/86 1265/223/86
f 1262/292/87 1258/293/87 1257/290/87 1263/289/87
f 1259/238/88 1264/240/88 1265/223/88 1260/222/88
f 1277/382/89 1279/383/89 1244/232/89 1243/88/89 1267/142/89
f 1275/362/90 1281/145/90 1262/144/90 1263/289/90 1261/147/90
f 1219/314/197 1268/121/197 1269/214/197 1220/217/197
f 1271/384/92 1240/385/92 1239/154/92 1270/153/92
f 1231/386/93 1269/387/93 1268/121/93 1232/120/93
f 1270/294/198 1218/295/198 1217/312/198 1271/311/198
f 1213/340/7 1211/312/7 1212/295/7
f 1220/217/99 1215/217/99 1214/314/99 1219/314/99
f 1216/342/6 1214/314/6 1215/217/6
f 1266/389/121 1281/390/121 1275/362/121
f 1276/391/122 1279/392/122 1277/382/122
f 1281/390/124 1266/389/124 1288/389/124 1289/390/124
f 1283/143/127 1289/145/127 1288/389/127 1287/388/127
f 1285/231/128 1286/233/128 1284/391/128 1282/393/128
f 1282/369/129 1283/368/129 1287/394/129 1285/395/129
f 1279/392/133 1276/391/133 1284/391/133 1286/392/133
f 1303/399/135 1304/400/135 1311/400/135 1312/399/135
f 1308/401/5 1305/402/5 1314/402/5 1315/401/5
f 1297/397/2 1295/396/2 1302/403/2 1301/404/2
f 1295/396/2 1296/363/2 1303/399/2 1302/403/2
f 1296/363/2 1298/398/2 1304/400/2 1303/399/2
f 1298/398/2 1297/397/2 1301/404/2 1304/400/2
f 1295/396/2 1300/80/2 1306/405/2 1305/402/2
f 1300/80/2 1299/81/2 1307/406/2 1306/405/2
f 1299/81/2 1296/363/2 1308/401/2 1307/406/2
f 1296/363/2 1295/396/2 1305/402/2 1308/401/2
f 1304/400/5 1301/404/5 1310/404/5 1311/400/5
f 1306/405/10 1307/406/10 1316/406/10 1313/405/10
f 1305/402/138 1306/405/138 1313/405/138 1314/402/138
f 1302/403/10 1303/399/10 1312/399/10 1309/403/10
f 1307/406/139 1308/401/139 1315/401/139 1316/406/139
f 1301/404/140 1302/403/140 1309/403/140 1310/404/140
f 1335/415/141 1336/416/141 1343/416/141 1344/415/141
f 1340/417/10 1337/418/10 1346/418/10 1347/417/10
f 1326/407/2 1325/408/2 1334/419/2 1333/420/2
f 1325/408/2 1328/411/2 1335/415/2 1334/419/2
f 1328/411/2 1327/412/2 1336/416/2 1335/415/2
f 1327/412/2 1326/407/2 1333/420/2 1336/416/2
f 1330/414/2 1329/413/2 1338/421/2 1337/418/2
f 1329/413/2 1332/409/2 1339/422/2 1338/421/2
f 1332/409/2 1331/410/2 1340/417/2 1339/422/2
f 1331/410/2 1330/414/2 1337/418/2 1340/417/2
f 1336/416/10 1333/420/10 1342/420/10 1343/416/10
f 1338/421/5 1339/422/5 1348/422/5 1345/421/5
f 1337/418/136 1338/421/136 1345/421/136 1346/418/136
f 1334/419/5 1335/415/5 1344/415/5 1341/419/5
f 1339/422/63 1340/417/63 1347/417/63 1348/422/63
f 1333/420/137 1334/419/137 1341/419/137 1342/420/137
f 1423/437/7 1424/446/7 1437/465/7 1446/466/7
f 1424/446/7 1421/447/7 1447/467/7 1437/465/7
f 1421/447/7 1422/452/7 1448/468/7 1447/467/7
f 1422/452/7 1427/453/7 1438/469/7 1448/468/7
f 1427/453/7 1428/261/7 1449/470/7 1438/469/7
f 1428/261/7 1425/260/7 1439/471/7 1449/470/7
f 1425/260/7 1426/436/7 1440/472/7 1439/471/7
f 1426/436/7 1423/437/7 1446/466/7 1440/472/7
f 1431/441/6 1432/455/6 1450/473/6 1441/474/6
f 1432/455/6 1429/424/6 1442/475/6 1450/473/6
f 1429/424/6 1430/443/6 1443/476/6 1442/475/6
f 1430/443/6 1435/444/6 1444/477/6 1443/476/6
f 1435/444/6 1436/450/6 1445/478/6 1444/477/6
f 1436/450/6 1433/451/6 1452/479/6 1445/478/6
f 1433/451/6 1434/440/6 1451/480/6 1452/479/6
f 1434/440/6 1431/441/6 1441/474/6 1451/480/6
f 1449/470/33 1439/471/33 1460/471/33 1459/470/33
f 1444/477/169 1445/478/169 1467/478/169 1466/477/169
f 1445/478/168 1452/479/168 1468/479/168 1467/478/168
f 1439/471/171 1440/472/171 1455/472/171 1460/471/171
f 1446/466/170 1437/465/170 1453/465/170 1454/466/170
f 1452/479/170 1451/480/170 1463/480/170 1468/479/170
f 1441/474/171 1450/473/171 1461/473/171 1462/474/171
f 1440/472/10 1446/466/10 1454/466/10 1455/472/10
f 1451/480/10 1441/474/10 1462/474/10 1463/480/10
f 1437/465/168 1447/467/168 1456/467/168 1453/465/168
f 1450/473/33 1442/475/33 1464/475/33 1461/473/33
f 1447/467/169 1448/468/169 1457/468/169 1456/467/169
f 1442/475/172 1443/476/172 1465/476/172 1464/475/172
f 1448/468/5 1438/469/5 1458/469/5 1457/468/5
f 1443/476/5 1444/477/5 1466/477/5 1465/476/5
f 1438/469/172 1449/470/172 1459/470/172 1458/469/172
f 1490/24/226 1491/186/226 1492/510/226 1489/509/226
f 1494/244/227 1495/7/227 1496/530/227 1493/531/227
f 1495/7/228 1497/6/228 1498/506/228 1496/505/228
f 1500/25/229 1490/24/229 1489/502/229 1499/501/229
f 1497/102/230 1501/101/230 1502/497/230 1498/496/230
f 1504/103/231 1500/25/231 1499/488/231 1503/487/231
f 1501/126/232 1505/125/232 1506/486/232 1502/485/232
f 1508/93/233 1504/103/233 1503/504/233 1507/503/233
f 1505/94/234 1508/93/234 1507/495/234 1506/494/234
f 1511/483/235 1513/482/235 1514/135/235 1512/359/235
f 1493/508/236 1515/507/236 1516/16/236 1494/529/236
f 1518/528/237 1519/527/237 1520/273/237 1517/489/237
f 1521/520/238 1523/532/238 1524/279/238 1522/280/238
f 1510/481/239 1511/483/239 1512/359/239 1509/358/239
f 1525/499/240 1518/498/240 1517/14/240 1526/15/240
f 1523/519/241 1510/533/241 1509/300/241 1524/279/241
f 1519/527/242 1527/526/242 1528/272/242 1520/273/242
f 1530/521/243 1521/520/243 1522/280/243 1529/278/243
f 1527/526/244 1531/534/244 1532/227/244 1528/272/244
f 1534/522/245 1530/521/245 1529/278/245 1533/291/245
f 1531/525/246 1535/535/246 1536/230/246 1532/227/246
f 1538/523/247 1534/522/247 1533/293/247 1537/511/247
f 1535/524/248 1539/536/248 1540/517/248 1536/516/248
f 1515/500/249 1525/499/249 1526/305/249 1516/16/249
f 1513/493/250 1492/492/250 1491/134/250 1514/135/250
f 1541/515/251 1543/514/251 1544/368/251 1542/369/251
f 1539/512/252 1541/515/252 1542/393/252 1540/518/252
f 1537/144/253 1544/143/253 1543/514/253 1538/513/253
usemtl M_Gris_Metal
f 107/9/2 41/10/2 47/11/2 111/12/2
f 120/19/2 214/20/2 216/21/2 123/22/2
f 32/27/2 74/28/2 63/29/2 92/30/2
f 144/39/6 98/40/6 7/41/6 106/42/6
f 89/55/2 68/56/2 73/57/2 31/58/2
f 108/59/2 42/60/2 97/61/2 142/62/2
f 6/63/7 3/64/7 67/65/7 90/66/7
f 225/69/8 220/70/8 63/29/8 74/28/8
f 31/58/2 73/57/2 79/82/2 37/83/2
f 47/11/2 37/83/2 203/88/2 214/89/2
f 38/90/2 80/91/2 74/28/2 32/27/2
f 139/104/2 96/105/2 41/10/2 107/9/2
f 106/42/6 7/41/6 198/120/6 239/121/6
f 216/127/2 206/128/2 38/90/2 48/129/2
f 200/136/7 212/137/7 3/64/7 6/63/7
f 37/83/2 79/141/2 233/142/2 203/88/2
f 206/146/2 234/147/2 80/91/2 38/90/2
f 41/10/2 31/58/2 37/83/2 47/11/2
f 102/148/7 6/63/7 90/149/7 95/150/7
f 48/129/2 38/90/2 32/27/2 42/60/2
f 42/60/2 32/27/2 92/30/2 97/61/2
f 237/153/7 195/154/7 102/148/7 105/155/7
f 96/158/2 89/55/2 31/58/2 41/10/2
f 114/179/2 48/129/2 42/60/2 108/59/2
f 67/65/21 222/190/21 68/191/21
f 222/192/22 224/193/22 73/57/22 68/56/22
f 96/105/25 139/104/25 138/196/25 95/197/25
f 220/198/26 194/199/26 2/200/26 64/201/26
f 98/40/27 144/202/27 142/203/27 97/61/27
f 63/29/28 220/204/28 64/205/28
f 224/220/29 228/221/29 79/82/29 73/57/29
f 228/222/29 232/223/29 233/142/29 79/141/29
f 68/56/25 89/55/25 90/66/25 67/65/25
f 64/201/27 91/246/27 92/30/27 63/29/27
f 89/55/25 96/158/25 95/150/25 90/149/25
f 91/246/27 98/40/27 97/61/27 92/30/27
f 111/251/2 47/11/2 214/252/2 120/19/2
f 123/22/2 216/253/2 48/129/2 114/179/2
f 1/274/6 2/200/6 207/275/6 201/276/6
f 7/41/6 1/274/6 201/277/6 198/120/6
f 194/199/35 209/281/35 207/275/35 2/200/35
f 192/283/36 222/284/36 67/65/36 3/64/36
f 236/289/29 229/290/29 80/91/29 234/147/29
f 91/246/6 64/201/6 2/200/6 1/274/6
f 98/40/6 91/246/6 1/274/6 7/41/6
f 237/294/38 105/155/38 146/155/38 242/295/38
f 229/296/29 225/297/29 74/28/29 80/91/29
f 105/155/7 102/148/7 95/197/7 138/299/7
f 195/154/7 200/136/7 6/63/7 102/148/7
f 108/59/40 142/62/40 186/62/40 150/59/40
f 106/42/38 239/121/38 244/314/38 174/42/38
f 142/203/5 144/202/5 173/202/5 186/203/5
f 107/9/42 111/12/42 158/12/42 157/9/42
f 111/251/43 120/19/43 168/19/43 158/251/43
f 105/155/5 138/299/5 182/299/5 146/155/5
f 144/39/5 106/42/5 174/42/5 173/39/5
f 138/196/5 139/104/5 183/104/5 182/196/5
f 120/19/5 123/22/5 161/22/5 168/19/5
f 139/104/44 107/9/44 157/9/44 183/104/44
f 123/22/46 114/179/46 149/179/46 161/22/46
f 114/179/47 108/59/47 150/59/47 149/179/47
f 224/193/49 222/192/49 282/192/49 286/193/49
f 200/136/51 195/154/51 269/154/51 268/136/51
f 220/70/53 225/69/53 283/69/53 255/70/53
f 297/121/54 249/314/54 239/121/54
f 207/275/55 209/281/55 265/281/55 263/275/55
f 234/147/57 206/146/57 278/146/57 291/147/57
f 222/284/60 192/283/60 254/283/60 282/284/60
f 203/88/61 233/142/61 296/142/61 273/88/61
f 201/276/62 207/275/62 263/275/62 259/276/62
f 233/142/66 232/223/66 295/223/66 296/142/66
f 216/21/10 214/20/10 276/20/10 279/21/10
f 198/120/51 201/277/51 259/277/51 262/120/51
f 209/281/68 194/199/68 258/199/68 265/281/68
f 232/223/69 228/222/69 290/222/69 295/223/69
f 217/371/3 192/372/3 3/64/3 212/373/3
f 195/154/96 237/153/96 299/153/96 269/154/96
f 212/137/98 200/136/98 268/136/98 272/137/98
f 225/297/101 229/296/101 287/296/101 283/297/101
f 239/121/103 198/120/103 262/120/103 297/121/103
f 217/371/105 212/373/105 272/373/105 251/371/105
f 228/221/109 224/220/109 286/220/109 290/221/109
f 192/372/112 217/371/112 251/371/112 254/372/112
f 214/89/6 203/88/6 273/88/6 276/89/6
f 236/289/113 234/147/113 291/147/113 293/289/113
f 206/128/7 216/127/7 279/127/7 278/128/7
f 229/290/116 236/289/116 293/289/116 287/290/116
f 194/199/117 220/198/117 255/198/117 258/199/117
f 244/314/118 239/121/118 249/314/118
f 299/153/119 237/153/119 248/295/119
f 237/153/120 242/295/120 248/295/120
f 605/9/2 539/10/2 545/11/2 609/12/2
f 618/19/2 712/20/2 714/21/2 621/22/2
f 530/27/2 572/28/2 561/29/2 590/30/2
f 642/39/6 596/40/6 505/41/6 604/42/6
f 587/55/2 566/56/2 571/57/2 529/58/2
f 606/59/2 540/60/2 595/61/2 640/62/2
f 504/63/7 501/64/7 565/65/7 588/66/7
f 723/69/8 718/70/8 561/29/8 572/28/8
f 529/58/2 571/57/2 577/82/2 535/83/2
f 545/11/2 535/83/2 701/88/2 712/89/2
f 536/90/2 578/91/2 572/28/2 530/27/2
f 637/104/2 594/105/2 539/10/2 605/9/2
f 604/42/6 505/41/6 696/120/6 737/121/6
f 714/127/2 704/128/2 536/90/2 546/129/2
f 698/136/7 710/137/7 501/64/7 504/63/7
f 535/83/2 577/141/2 731/142/2 701/88/2
f 704/146/2 732/147/2 578/91/2 536/90/2
f 539/10/2 529/58/2 535/83/2 545/11/2
f 600/148/7 504/63/7 588/149/7 593/150/7
f 546/129/2 536/90/2 530/27/2 540/60/2
f 540/60/2 530/27/2 590/30/2 595/61/2
f 735/153/7 693/154/7 600/148/7 603/155/7
f 594/158/2 587/55/2 529/58/2 539/10/2
f 612/179/2 546/129/2 540/60/2 606/59/2
f 565/65/178 720/190/178 566/191/178
f 720/192/22 722/193/22 571/57/22 566/56/22
f 594/105/25 637/104/25 636/196/25 593/197/25
f 718/198/26 692/199/26 500/200/26 562/201/26
f 596/40/27 642/202/27 640/203/27 595/61/27
f 561/29/28 718/204/28 562/205/28
f 722/220/29 726/221/29 577/82/29 571/57/29
f 726/222/29 730/223/29 731/142/29 577/141/29
f 566/56/25 587/55/25 588/66/25 565/65/25
f 562/201/27 589/246/27 590/30/27 561/29/27
f 587/55/25 594/158/25 593/150/25 588/149/25
f 589/246/27 596/40/27 595/61/27 590/30/27
f 609/251/2 545/11/2 712/252/2 618/19/2
f 621/22/2 714/253/2 546/129/2 612/179/2
f 499/274/6 500/200/6 705/275/6 699/276/6
f 505/41/6 499/274/6 699/277/6 696/120/6
f 692/199/35 707/281/35 705/275/35 500/200/35
f 690/283/36 720/284/36 565/65/36 501/64/36
f 734/289/29 727/290/29 578/91/29 732/147/29
f 589/246/6 562/201/6 500/200/6 499/274/6
f 596/40/6 589/246/6 499/274/6 505/41/6
f 735/294/38 603/155/38 644/155/38 740/295/38
f 727/296/29 723/297/29 572/28/29 578/91/29
f 603/155/7 600/148/7 593/197/7 636/299/7
f 693/154/7 698/136/7 504/63/7 600/148/7
f 606/59/40 640/62/40 684/62/40 648/59/40
f 604/42/38 737/121/38 742/314/38 672/42/38
f 640/203/5 642/202/5 671/202/5 684/203/5
f 605/9/42 609/12/42 656/12/42 655/9/42
f 609/251/43 618/19/43 666/19/43 656/251/43
f 603/155/5 636/299/5 680/299/5 644/155/5
f 642/39/5 604/42/5 672/42/5 671/39/5
f 636/196/5 637/104/5 681/104/5 680/196/5
f 618/19/5 621/22/5 659/22/5 666/19/5
f 637/104/44 605/9/44 655/9/44 681/104/44
f 621/22/46 612/179/46 647/179/46 659/22/46
f 612/179/47 606/59/47 648/59/47 647/179/47
f 722/193/49 720/192/49 780/192/49 784/193/49
f 698/136/51 693/154/51 767/154/51 766/136/51
f 718/70/53 723/69/53 781/69/53 753/70/53
f 795/121/54 747/314/54 737/121/54
f 705/275/55 707/281/55 763/281/55 761/275/55
f 732/147/57 704/146/57 776/146/57 789/147/57
f 720/284/60 690/283/60 752/283/60 780/284/60
f 701/88/61 731/142/61 794/142/61 771/88/61
f 699/276/62 705/275/62 761/275/62 757/276/62
f 731/142/180 730/223/180 793/223/180 794/142/180
f 714/21/10 712/20/10 774/20/10 777/21/10
f 696/120/51 699/277/51 757/277/51 760/120/51
f 707/281/68 692/199/68 756/199/68 763/281/68
f 730/223/69 726/222/69 788/222/69 793/223/69
f 715/371/3 690/372/3 501/64/3 710/373/3
f 693/154/96 735/153/96 797/153/96 767/154/96
f 710/137/98 698/136/98 766/136/98 770/137/98
f 723/297/101 727/296/101 785/296/101 781/297/101
f 737/121/103 696/120/103 760/120/103 795/121/103
f 715/371/105 710/373/105 770/373/105 749/371/105
f 726/221/109 722/220/109 784/220/109 788/221/109
f 690/372/112 715/371/112 749/371/112 752/372/112
f 712/89/6 701/88/6 771/88/6 774/89/6
f 734/289/113 732/147/113 789/147/113 791/289/113
f 704/128/7 714/127/7 777/127/7 776/128/7
f 727/290/116 734/289/116 791/289/116 785/290/116
f 692/199/117 718/198/117 753/198/117 756/199/117
f 742/314/118 737/121/118 747/314/118
f 797/153/119 735/153/119 746/295/119
f 735/153/120 740/295/120 746/295/120
f 1085/9/2 1029/10/2 1035/11/2 1089/12/2
f 1096/19/2 1184/20/2 1186/21/2 1099/22/2
f 1020/27/2 1058/28/2 1049/29/2 1072/30/2
f 1114/39/6 1078/40/6 1003/41/6 1084/42/6
f 1069/55/2 1054/56/2 1057/57/2 1019/58/2
f 1086/59/2 1030/60/2 1077/61/2 1113/62/2
f 1002/63/7 999/64/7 1053/65/7 1070/66/7
f 1195/69/8 1190/70/8 1049/29/8 1058/28/8
f 1019/58/2 1057/57/2 1061/82/2 1025/83/2
f 1035/11/2 1025/83/2 1173/88/2 1184/89/2
f 1026/90/2 1062/91/2 1058/28/2 1020/27/2
f 1112/104/2 1076/105/2 1029/10/2 1085/9/2
f 1084/42/6 1003/41/6 1168/120/6 1209/121/6
f 1186/127/2 1176/128/2 1026/90/2 1036/129/2
f 1170/136/7 1182/137/7 999/64/7 1002/63/7
f 1025/83/2 1061/141/2 1203/142/2 1173/88/2
f 1176/146/2 1204/147/2 1062/91/2 1026/90/2
f 1029/10/2 1019/58/2 1025/83/2 1035/11/2
f 1081/148/7 1002/63/7 1070/149/7 1075/150/7
f 1036/129/2 1026/90/2 1020/27/2 1030/60/2
f 1030/60/2 1020/27/2 1072/30/2 1077/61/2
f 1207/153/7 1165/154/7 1081/148/7 1083/155/7
f 1076/158/2 1069/55/2 1019/58/2 1029/10/2
f 1092/179/2 1036/129/2 1030/60/2 1086/59/2
f 1053/65/21 1192/190/21 1054/191/21
f 1192/192/22 1194/193/22 1057/57/22 1054/56/22
f 1076/105/25 1112/104/25 1111/196/25 1075/197/25
f 1190/198/26 1164/199/26 998/200/26 1050/201/26
f 1078/40/27 1114/202/27 1113/203/27 1077/61/27
f 1049/29/28 1190/204/28 1050/205/28
f 1194/220/29 1198/221/29 1061/82/29 1057/57/29
f 1198/222/29 1202/223/29 1203/142/29 1061/141/29
f 1054/56/25 1069/55/25 1070/66/25 1053/65/25
f 1050/201/27 1071/246/27 1072/30/27 1049/29/27
f 1069/55/25 1076/158/25 1075/150/25 1070/149/25
f 1071/246/27 1078/40/27 1077/61/27 1072/30/27
f 1089/251/2 1035/11/2 1184/252/2 1096/19/2
f 1099/22/2 1186/253/2 1036/129/2 1092/179/2
f 997/274/6 998/200/6 1177/275/6 1171/276/6
f 1003/41/6 997/274/6 1171/277/6 1168/120/6
f 1164/199/35 1179/281/35 1177/275/35 998/200/35
f 1162/283/36 1192/284/36 1053/65/36 999/64/36
f 1206/289/29 1199/290/29 1062/91/29 1204/147/29
f 1071/246/6 1050/201/6 998/200/6 997/274/6
f 1078/40/6 1071/246/6 997/274/6 1003/41/6
f 1207/294/38 1083/155/38 1116/155/38 1212/295/38
f 1199/296/29 1195/297/29 1058/28/29 1062/91/29
f 1083/155/7 1081/148/7 1075/197/7 1111/299/7
f 1165/154/7 1170/136/7 1002/63/7 1081/148/7
f 1086/59/40 1113/62/40 1156/62/40 1120/59/40
f 1084/42/38 1209/121/38 1214/314/38 1144/42/38
f 1113/203/5 1114/202/5 1143/202/5 1156/203/5
f 1085/9/42 1089/12/42 1128/12/42 1127/9/42
f 1089/251/43 1096/19/43 1138/19/43 1128/251/43
f 1083/155/5 1111/299/5 1152/299/5 1116/155/5
f 1114/39/5 1084/42/5 1144/42/5 1143/39/5
f 1111/196/5 1112/104/5 1153/104/5 1152/196/5
f 1096/19/5 1099/22/5 1131/22/5 1138/19/5
f 1112/104/44 1085/9/44 1127/9/44 1153/104/44
f 1099/22/46 1092/179/46 1119/179/46 1131/22/46
f 1092/179/47 1086/59/47 1120/59/47 1119/179/47
f 1194/193/49 1192/192/49 1252/192/49 1256/193/49
f 1170/136/51 1165/154/51 1239/154/51 1238/136/51
f 1190/70/53 1195/69/53 1253/69/53 1225/70/53
f 1268/121/54 1219/314/54 1209/121/54
f 1177/275/55 1179/281/55 1235/281/55 1233/275/55
f 1204/147/57 1176/146/57 1248/146/57 1261/147/57
f 1192/284/60 1162/283/60 1224/283/60 1252/284/60
f 1173/88/61 1203/142/61 1267/142/61 1243/88/61
f 1171/276/62 1177/275/62 1233/275/62 1229/276/62
f 1203/142/66 1202/223/66 1265/223/66 1267/142/66
f 1186/21/10 1184/20/10 1246/20/10 1249/21/10
f 1168/120/51 1171/277/51 1229/277/51 1232/120/51
f 1179/281/68 1164/199/68 1228/199/68 1235/281/68
f 1202/223/69 1198/222/69 1260/222/69 1265/223/69
f 1187/371/3 1162/372/3 999/64/3 1182/373/3
f 1165/154/96 1207/153/96 1270/153/96 1239/154/96
f 1182/137/98 1170/136/98 1238/136/98 1242/137/98
f 1195/297/101 1199/296/101 1257/296/101 1253/297/101
f 1209/121/103 1168/120/103 1232/120/103 1268/121/103
f 1187/371/105 1182/373/105 1242/373/105 1221/371/105
f 1198/221/109 1194/220/109 1256/220/109 1260/221/109
f 1162/372/112 1187/371/112 1221/371/112 1224/372/112
f 1184/89/6 1173/88/6 1243/88/6 1246/89/6
f 1206/289/113 1204/147/113 1261/147/113 1263/289/113
f 1176/128/7 1186/127/7 1249/127/7 1248/128/7
f 1199/290/116 1206/289/116 1263/289/116 1257/290/116
f 1164/199/117 1190/198/117 1225/198/117 1228/199/117
f 1214/314/118 1209/121/118 1219/314/118
f 1270/153/119 1207/153/119 1218/295/119
f 1207/153/120 1212/295/120 1218/295/120
f 1270/153/208 1207/153/208 1487/153/208 1488/153/208
usemtl M_Cyan
f 372/420/2 371/419/2 374/415/2 373/416/2
f 376/418/2 375/421/2 378/422/2 377/417/2
f 484/466/7 483/465/7 486/467/7 487/468/7 488/469/7 489/470/7 490/471/7 485/472/7
f 492/474/6 491/473/6 494/475/6 495/476/6 496/477/6 497/478/6 498/479/6 493/480/6
f 870/420/2 869/419/2 872/415/2 871/416/2
f 874/418/2 873/421/2 876/422/2 875/417/2
f 982/466/7 981/465/7 984/467/7 985/468/7 986/469/7 987/470/7 988/471/7 983/472/7
f 990/474/6 989/473/6 992/475/6 993/476/6 994/477/6 995/478/6 996/479/6 991/480/6
f 1342/420/2 1341/419/2 1344/415/2 1343/416/2
f 1346/418/2 1345/421/2 1348/422/2 1347/417/2
f 1454/466/7 1453/465/7 1456/467/7 1457/468/7 1458/469/7 1459/470/7 1460/471/7 1455/472/7
f 1462/474/6 1461/473/6 1464/475/6 1465/476/6 1466/477/6 1467/478/6 1468/479/6 1463/480/6
f 1814/840/2 1837/859/2 1825/851/2 1813/829/2
f 1838/861/2 1815/860/2 1816/853/2 1826/852/2
f 1839/863/2 1817/862/2 1818/855/2 1827/854/2
f 1817/862/2 1840/864/2 1828/856/2 1818/855/2
f 1841/866/2 1819/865/2 1820/834/2 1829/841/2
f 1819/865/2 1842/867/2 1830/833/2 1820/834/2
f 1843/839/2 1814/840/2 1813/829/2 1831/830/2
f 1822/823/2 1844/831/2 1832/820/2 1821/821/2
f 1845/822/2 1822/823/2 1821/821/2 1833/832/2
f 1824/814/2 1846/815/2 1834/828/2 1823/857/2
f 1847/817/2 1824/814/2 1823/857/2 1835/816/2
f 1815/860/2 1848/868/2 1836/858/2 1816/853/2
f 2118/840/2 2141/859/2 2129/851/2 2117/829/2
f 2142/861/2 2119/860/2 2120/853/2 2130/852/2
f 2143/863/2 2121/862/2 2122/855/2 2131/854/2
f 2121/862/2 2144/864/2 2132/856/2 2122/855/2
f 2145/866/2 2123/865/2 2124/834/2 2133/841/2
f 2123/865/2 2146/867/2 2134/833/2 2124/834/2
f 2147/839/2 2118/840/2 2117/829/2 2135/830/2
f 2126/823/2 2148/831/2 2136/820/2 2125/821/2
f 2149/822/2 2126/823/2 2125/821/2 2137/832/2
f 2128/814/2 2150/815/2 2138/828/2 2127/857/2
f 2151/817/2 2128/814/2 2127/857/2 2139/816/2
f 2119/860/2 2152/868/2 2140/858/2 2120/853/2
usemtl M_Orange
f 1745/819/10 1746/616/10 1773/842/10 1776/848/10
f 1750/849/261 1742/728/261 1741/810/261 1749/850/261
f 1747/612/2 1772/605/2 1771/546/2 1748/547/2
f 1772/605/2 1770/606/2 1769/607/2 1771/546/2
f 1770/606/2 1768/609/2 1767/610/2 1769/607/2
f 1768/609/2 1766/613/2 1765/614/2 1767/610/2
f 1766/613/2 1764/617/2 1763/618/2 1765/614/2
f 1764/617/2 1762/690/2 1761/717/2 1763/618/2
f 1762/690/2 1760/746/2 1759/747/2 1761/717/2
f 1760/746/2 1758/827/2 1757/838/2 1759/747/2
f 1758/827/2 1756/826/2 1755/837/2 1757/838/2
f 1756/826/2 1754/825/2 1753/835/2 1755/837/2
f 1754/825/2 1752/824/2 1751/836/2 1753/835/2
f 1752/824/2 1750/849/2 1749/850/2 1751/836/2
f 1737/611/262 1747/612/262 1748/547/262 1738/608/262
f 1743/621/263 1736/622/263 1735/599/263 1744/600/263
f 1739/615/264 1746/616/264 1745/819/264 1740/811/264
f 1735/599/260 1736/622/260 1737/611/260 1738/608/260
f 1739/615/29 1740/811/29 1741/810/29 1742/728/29
f 1743/621/5 1744/600/5 1775/845/5 1774/843/5
f 2049/819/10 2050/616/10 2077/842/10 2080/848/10
f 2054/849/261 2046/728/261 2045/810/261 2053/850/261
f 2051/612/2 2076/605/2 2075/546/2 2052/547/2
f 2076/605/2 2074/606/2 2073/607/2 2075/546/2
f 2074/606/2 2072/609/2 2071/610/2 2073/607/2
f 2072/609/2 2070/613/2 2069/614/2 2071/610/2
f 2070/613/2 2068/617/2 2067/618/2 2069/614/2
f 2068/617/2 2066/690/2 2065/717/2 2067/618/2
f 2066/690/2 2064/746/2 2063/747/2 2065/717/2
f 2064/746/2 2062/827/2 2061/838/2 2063/747/2
f 2062/827/2 2060/826/2 2059/837/2 2061/838/2
f 2060/826/2 2058/825/2 2057/835/2 2059/837/2
f 2058/825/2 2056/824/2 2055/836/2 2057/835/2
f 2056/824/2 2054/849/2 2053/850/2 2055/836/2
f 2041/611/262 2051/612/262 2052/547/262 2042/608/262
f 2047/621/263 2040/622/263 2039/599/263 2048/600/263
f 2043/615/264 2050/616/264 2049/819/264 2044/811/264
f 2039/599/260 2040/622/260 2041/611/260 2042/608/260
f 2043/615/29 2044/811/29 2045/810/29 2046/728/29
f 2047/621/5 2048/600/5 2079/845/5 2078/843/5
