# Blender 4.2.3 LTS
# www.blender.org
mtllib SM_Turret_ArcEmitter.mtl
o SM_Turret_ArcEmitter
v -0.201000 0.000000 0.499000
v -0.199000 0.000000 0.496218
v -0.199506 0.001000 0.499131
v -0.201000 0.001000 0.500000
v 0.199506 0.001000 0.499131
v 0.199000 0.000000 0.496218
v 0.201000 0.000000 0.499000
v 0.201000 0.001000 0.500000
v 0.199506 0.001000 -0.499131
v 0.201000 0.001000 -0.500000
v 0.201000 0.000000 -0.499000
v 0.199000 0.000000 -0.496218
v -0.199506 0.001000 -0.499131
v -0.199000 0.000000 -0.496218
v -0.201000 0.000000 -0.499000
v -0.201000 0.001000 -0.500000
v 0.165974 0.398181 0.385279
v 0.164486 0.398181 0.384406
v 0.163821 0.399181 0.385267
v 0.165546 0.399181 0.386279
v -0.163821 0.399181 0.385267
v -0.164486 0.398181 0.384406
v -0.165974 0.398181 0.385279
v -0.165546 0.399181 0.386279
v 0.165974 0.398181 -0.385279
v 0.165546 0.399181 -0.386279
v 0.163821 0.399181 -0.385267
v 0.164486 0.398181 -0.384406
v -0.179661 0.001000 0.464232
v -0.180181 0.000000 0.463123
v -0.178219 0.000000 0.462363
v -0.178167 0.001000 0.463363
v 0.179661 0.001000 0.464232
v 0.178167 0.001000 0.463363
v 0.178219 0.000000 0.462363
v 0.180181 0.000000 0.463123
v 0.179661 0.001000 -0.464232
v 0.180181 0.000000 -0.463123
v 0.178219 0.000000 -0.462363
v 0.178167 0.001000 -0.463363
v -0.179661 0.001000 -0.464232
v -0.178167 0.001000 -0.463363
v -0.178219 0.000000 -0.462363
v -0.180181 0.000000 -0.463123
v 0.164498 0.179445 0.457156
v 0.165804 0.180843 0.456573
v 0.164657 0.181096 0.457538
v 0.163869 0.179961 0.457685
v -0.164498 0.179445 0.457156
v -0.163869 0.179961 0.457685
v -0.164657 0.181096 0.457538
v -0.165804 0.180843 0.456573
v -0.164498 0.179445 -0.457156
v -0.165804 0.180843 -0.456573
v -0.164657 0.181096 -0.457538
v -0.163869 0.179961 -0.457685
v 0.164498 0.179445 -0.457156
v 0.163869 0.179961 -0.457685
v 0.164657 0.181096 -0.457538
v 0.165804 0.180843 -0.456573
v 0.146812 0.398181 0.354561
v 0.146066 0.399181 0.355561
v 0.147791 0.399181 0.356573
v 0.148300 0.398181 0.355434
v -0.146812 0.398181 0.354561
v -0.148300 0.398181 0.355434
v -0.147791 0.399181 0.356573
v -0.146066 0.399181 0.355561
v -0.147791 0.399181 -0.356573
v -0.148300 0.398181 -0.355434
v -0.146812 0.398181 -0.354561
v -0.146066 0.399181 -0.355561
v 0.146812 0.398181 -0.354561
v 0.148300 0.398181 -0.355434
v 0.147791 0.399181 -0.356573
v 0.146066 0.399181 -0.355561
v -0.499000 0.000000 -0.201000
v -0.496218 0.000000 -0.199000
v -0.499131 0.001000 -0.199506
v -0.500000 0.001000 -0.201000
v -0.499131 0.001000 0.199506
v -0.496218 0.000000 0.199000
v -0.499000 0.000000 0.201000
v -0.500000 0.001000 0.201000
v 0.499000 0.000000 0.201000
v 0.496218 0.000000 0.199000
v 0.499131 0.001000 0.199506
v 0.500000 0.001000 0.201000
v 0.499131 0.001000 -0.199506
v 0.496218 0.000000 -0.199000
v 0.499000 0.000000 -0.201000
v 0.500000 0.001000 -0.201000
v -0.385267 0.399181 -0.163821
v -0.384406 0.398181 -0.164486
v -0.385279 0.398181 -0.165974
v -0.386279 0.399181 -0.165546
v 0.385267 0.399181 -0.163821
v 0.386279 0.399181 -0.165546
v 0.385279 0.398181 -0.165974
v 0.384406 0.398181 -0.164486
v 0.385279 0.398181 0.165974
v 0.386279 0.399181 0.165546
v 0.385267 0.399181 0.163821
v 0.384406 0.398181 0.164486
v -0.323642 0.399181 0.325057
v -0.322172 0.398445 0.323379
v -0.323379 0.398445 0.322172
v -0.325057 0.399181 0.323642
v -0.325057 0.399181 -0.323642
v -0.323379 0.398445 -0.322172
v -0.322172 0.398445 -0.323379
v -0.323642 0.399181 -0.325057
v 0.323379 0.398445 0.322172
v 0.322172 0.398445 0.323379
v 0.323642 0.399181 0.325057
v 0.325057 0.399181 0.323642
v 0.325057 0.399181 -0.323642
v 0.323642 0.399181 -0.325057
v 0.322172 0.398445 -0.323379
v 0.323379 0.398445 -0.322172
v -0.201000 0.000000 -0.201000
v -0.199000 0.000000 -0.201000
v -0.199000 0.000000 -0.199000
v -0.201000 0.000000 -0.199000
v -0.201000 0.000000 0.201000
v -0.201000 0.000000 0.199000
v -0.199000 0.000000 0.199000
v -0.199000 0.000000 0.201000
v 0.201000 0.000000 -0.201000
v 0.201000 0.000000 -0.199000
v 0.199000 0.000000 -0.199000
v 0.199000 0.000000 -0.201000
v 0.201000 0.000000 0.201000
v 0.199000 0.000000 0.201000
v 0.199000 0.000000 0.199000
v 0.201000 0.000000 0.199000
v -0.194281 0.000000 -0.201000
v -0.192278 0.000000 -0.201000
v -0.192333 0.000000 -0.199000
v -0.194333 0.000000 -0.199000
v -0.194281 0.000000 0.201000
v -0.194333 0.000000 0.199000
v -0.192333 0.000000 0.199000
v -0.192278 0.000000 0.201000
v 0.194281 0.000000 -0.201000
v 0.194333 0.000000 -0.199000
v 0.192333 0.000000 -0.199000
v 0.192278 0.000000 -0.201000
v 0.194281 0.000000 0.201000
v 0.192278 0.000000 0.201000
v 0.192333 0.000000 0.199000
v 0.194333 0.000000 0.199000
v -0.312255 0.399181 0.325057
v -0.311405 0.398445 0.323379
v -0.313795 0.398445 0.323379
v -0.314255 0.399181 0.325057
v -0.313795 0.398445 -0.323379
v -0.311405 0.398445 -0.323379
v -0.312255 0.399181 -0.325057
v -0.314255 0.399181 -0.325057
v 0.312255 0.399181 0.325057
v 0.314255 0.399181 0.325057
v 0.313795 0.398445 0.323379
v 0.311405 0.398445 0.323379
v 0.312255 0.399181 -0.325057
v 0.311405 0.398445 -0.323379
v 0.313795 0.398445 -0.323379
v 0.314255 0.399181 -0.325057
v -0.464232 0.001000 -0.179661
v -0.463123 0.000000 -0.180181
v -0.462363 0.000000 -0.178219
v -0.463363 0.001000 -0.178167
v -0.464232 0.001000 0.179661
v -0.463363 0.001000 0.178167
v -0.462363 0.000000 0.178219
v -0.463123 0.000000 0.180181
v 0.464232 0.001000 0.179661
v 0.463123 0.000000 0.180181
v 0.462363 0.000000 0.178219
v 0.463363 0.001000 0.178167
v 0.464232 0.001000 -0.179661
v 0.463363 0.001000 -0.178167
v 0.462363 0.000000 -0.178219
v 0.463123 0.000000 -0.180181
v -0.457156 0.179445 0.164498
v -0.456573 0.180843 0.165804
v -0.457538 0.181096 0.164657
v -0.457685 0.179961 0.163869
v -0.457156 0.179445 -0.164498
v -0.457685 0.179961 -0.163869
v -0.457538 0.181096 -0.164657
v -0.456573 0.180843 -0.165804
v 0.457156 0.179445 -0.164498
v 0.456573 0.180843 -0.165804
v 0.457538 0.181096 -0.164657
v 0.457685 0.179961 -0.163869
v 0.457156 0.179445 0.164498
v 0.457685 0.179961 0.163869
v 0.457538 0.181096 0.164657
v 0.456573 0.180843 0.165804
v -0.354561 0.398181 0.146812
v -0.355561 0.399181 0.146066
v -0.356573 0.399181 0.147791
v -0.355434 0.398181 0.148300
v -0.356573 0.399181 -0.147791
v -0.355561 0.399181 -0.146066
v -0.354561 0.398181 -0.146812
v -0.355434 0.398181 -0.148300
v 0.356573 0.399181 -0.147791
v 0.355434 0.398181 -0.148300
v 0.354561 0.398181 -0.146812
v 0.355561 0.399181 -0.146066
v 0.356573 0.399181 0.147791
v 0.355561 0.399181 0.146066
v 0.354561 0.398181 0.146812
v 0.355434 0.398181 0.148300
v -0.335064 0.398181 0.314255
v -0.334064 0.399181 0.314255
v -0.334064 0.399181 0.312255
v -0.335064 0.398181 0.312255
v -0.335064 0.398181 -0.314255
v -0.335064 0.398181 -0.312255
v -0.334064 0.399181 -0.312255
v -0.334064 0.399181 -0.314255
v 0.335064 0.398181 0.314255
v 0.335064 0.398181 0.312255
v 0.334064 0.399181 0.312255
v 0.334064 0.399181 0.314255
v 0.335064 0.398181 -0.314255
v 0.334064 0.399181 -0.314255
v 0.334064 0.399181 -0.312255
v 0.335064 0.398181 -0.312255
v -0.199000 0.000000 -0.194333
v -0.199000 0.000000 -0.192333
v -0.201000 0.000000 -0.192278
v -0.201000 0.000000 -0.194281
v -0.199000 0.000000 0.194333
v -0.201000 0.000000 0.194281
v -0.201000 0.000000 0.192278
v -0.199000 0.000000 0.192333
v 0.199000 0.000000 -0.194333
v 0.201000 0.000000 -0.194281
v 0.201000 0.000000 -0.192278
v 0.199000 0.000000 -0.192333
v 0.199000 0.000000 0.194333
v 0.199000 0.000000 0.192333
v 0.201000 0.000000 0.192278
v 0.201000 0.000000 0.194281
v -0.192333 0.000000 -0.194333
v -0.192333 0.000000 -0.192333
v -0.194333 0.000000 -0.192333
v -0.194333 0.000000 -0.194333
v -0.192333 0.000000 0.194333
v -0.194333 0.000000 0.194333
v -0.194333 0.000000 0.192333
v -0.192333 0.000000 0.192333
v 0.192333 0.000000 -0.194333
v 0.194333 0.000000 -0.194333
v 0.194333 0.000000 -0.192333
v 0.192333 0.000000 -0.192333
v 0.192333 0.000000 0.194333
v 0.192333 0.000000 0.192333
v 0.194333 0.000000 0.192333
v 0.194333 0.000000 0.194333
v -0.199000 0.150000 0.431054
v -0.199000 0.151000 0.430054
v -0.200997 0.151000 0.430135
v -0.201000 0.150000 0.431139
v -0.431054 0.150000 -0.199000
v -0.430054 0.151000 -0.199000
v -0.430135 0.151000 -0.200997
v -0.431139 0.150000 -0.201000
v 0.199000 0.150000 -0.431054
v 0.199000 0.151000 -0.430054
v 0.200997 0.151000 -0.430135
v 0.201000 0.150000 -0.431139
v 0.431054 0.150000 0.199000
v 0.430054 0.151000 0.199000
v 0.430135 0.151000 0.200997
v 0.431139 0.150000 0.201000
v -0.199000 0.169641 0.431054
v -0.201000 0.169641 0.431139
v -0.200997 0.168641 0.430135
v -0.199000 0.168641 0.430054
v -0.431054 0.169641 -0.199000
v -0.431139 0.169641 -0.201000
v -0.430135 0.168641 -0.200997
v -0.430054 0.168641 -0.199000
v 0.199000 0.169641 -0.431054
v 0.201000 0.169641 -0.431139
v 0.200997 0.168641 -0.430135
v 0.199000 0.168641 -0.430054
v 0.431054 0.169641 0.199000
v 0.431139 0.169641 0.201000
v 0.430135 0.168641 0.200997
v 0.430054 0.168641 0.199000
v 0.200997 0.151000 0.430135
v 0.199000 0.151000 0.430054
v 0.199000 0.150000 0.431054
v 0.201000 0.150000 0.431139
v -0.193995 0.150000 0.431054
v -0.191821 0.150000 0.431054
v -0.192333 0.151000 0.430054
v -0.194333 0.151000 0.430054
v -0.200997 0.151000 -0.430135
v -0.199000 0.151000 -0.430054
v -0.199000 0.150000 -0.431054
v -0.201000 0.150000 -0.431139
v 0.193995 0.150000 -0.431054
v 0.191821 0.150000 -0.431054
v 0.192333 0.151000 -0.430054
v 0.194333 0.151000 -0.430054
v 0.200997 0.168641 0.430135
v 0.201000 0.169641 0.431139
v 0.199000 0.169641 0.431054
v 0.199000 0.168641 0.430054
v -0.193962 0.169641 0.431054
v -0.194333 0.168641 0.430054
v -0.192333 0.168641 0.430054
v -0.191743 0.169641 0.431054
v -0.200997 0.168641 -0.430135
v -0.201000 0.169641 -0.431139
v -0.199000 0.169641 -0.431054
v -0.199000 0.168641 -0.430054
v 0.193962 0.169641 -0.431054
v 0.194333 0.168641 -0.430054
v 0.192333 0.168641 -0.430054
v 0.191743 0.169641 -0.431054
v 0.193995 0.150000 0.431054
v 0.194333 0.151000 0.430054
v 0.192333 0.151000 0.430054
v 0.191821 0.150000 0.431054
v -0.193995 0.150000 -0.431054
v -0.194333 0.151000 -0.430054
v -0.192333 0.151000 -0.430054
v -0.191821 0.150000 -0.431054
v 0.193962 0.169641 0.431054
v 0.191743 0.169641 0.431054
v 0.192333 0.168641 0.430054
v 0.194333 0.168641 0.430054
v -0.193962 0.169641 -0.431054
v -0.191743 0.169641 -0.431054
v -0.192333 0.168641 -0.430054
v -0.194333 0.168641 -0.430054
v -0.430135 0.151000 0.200997
v -0.430054 0.151000 0.199000
v -0.431054 0.150000 0.199000
v -0.431139 0.150000 0.201000
v -0.431054 0.150000 -0.193995
v -0.431054 0.150000 -0.191821
v -0.430054 0.151000 -0.192333
v -0.430054 0.151000 -0.194333
v 0.430135 0.151000 -0.200997
v 0.430054 0.151000 -0.199000
v 0.431054 0.150000 -0.199000
v 0.431139 0.150000 -0.201000
v 0.431054 0.150000 0.193995
v 0.431054 0.150000 0.191821
v 0.430054 0.151000 0.192333
v 0.430054 0.151000 0.194333
v -0.430135 0.168641 0.200997
v -0.431139 0.169641 0.201000
v -0.431054 0.169641 0.199000
v -0.430054 0.168641 0.199000
v -0.431054 0.169641 -0.193962
v -0.430054 0.168641 -0.194333
v -0.430054 0.168641 -0.192333
v -0.431054 0.169641 -0.191743
v 0.430135 0.168641 -0.200997
v 0.431139 0.169641 -0.201000
v 0.431054 0.169641 -0.199000
v 0.430054 0.168641 -0.199000
v 0.431054 0.169641 0.193962
v 0.430054 0.168641 0.194333
v 0.430054 0.168641 0.192333
v 0.431054 0.169641 0.191743
v -0.431054 0.150000 0.193995
v -0.430054 0.151000 0.194333
v -0.430054 0.151000 0.192333
v -0.431054 0.150000 0.191821
v 0.431054 0.150000 -0.193995
v 0.430054 0.151000 -0.194333
v 0.430054 0.151000 -0.192333
v 0.431054 0.150000 -0.191821
v -0.431054 0.169641 0.193962
v -0.431054 0.169641 0.191743
v -0.430054 0.168641 0.192333
v -0.430054 0.168641 0.194333
v 0.431054 0.169641 -0.193962
v 0.431054 0.169641 -0.191743
v 0.430054 0.168641 -0.192333
v 0.430054 0.168641 -0.194333
v 0.499293 0.001000 0.393401
v 0.499000 0.000000 0.392282
v 0.500000 0.001000 0.391694
v 0.393401 0.001000 0.499293
v 0.391694 0.001000 0.500000
v 0.392282 0.000000 0.499000
v -0.393401 0.001000 0.499293
v -0.392282 0.000000 0.499000
v -0.391694 0.001000 0.500000
v -0.499293 0.001000 0.393401
v -0.500000 0.001000 0.391694
v -0.499000 0.000000 0.392282
v 0.393401 0.001000 -0.499293
v 0.392282 0.000000 -0.499000
v 0.391694 0.001000 -0.500000
v 0.499293 0.001000 -0.393401
v 0.500000 0.001000 -0.391694
v 0.499000 0.000000 -0.392282
v -0.499293 0.001000 -0.393401
v -0.499000 0.000000 -0.392282
v -0.500000 0.001000 -0.391694
v -0.393401 0.001000 -0.499293
v -0.391694 0.001000 -0.500000
v -0.392282 0.000000 -0.499000
v 0.413596 0.213359 0.443597
v 0.413079 0.213733 0.442185
v 0.412065 0.214601 0.442500
v 0.412129 0.214651 0.444024
v 0.443597 0.213359 0.413596
v 0.444024 0.214651 0.412128
v 0.442500 0.214601 0.412065
v 0.442185 0.213733 0.413079
v -0.444024 0.214651 0.412129
v -0.443597 0.213359 0.413596
v -0.442185 0.213733 0.413079
v -0.442500 0.214601 0.412065
v -0.413596 0.213359 0.443597
v -0.412128 0.214651 0.444024
v -0.412065 0.214601 0.442500
v -0.413079 0.213733 0.442185
v -0.413596 0.213359 -0.443597
v -0.413079 0.213733 -0.442185
v -0.412065 0.214601 -0.442500
v -0.412129 0.214651 -0.444024
v -0.443597 0.213359 -0.413596
v -0.444024 0.214651 -0.412128
v -0.442500 0.214601 -0.412065
v -0.442185 0.213733 -0.413079
v 0.444024 0.214651 -0.412129
v 0.443597 0.213359 -0.413596
v 0.442185 0.213733 -0.413079
v 0.442500 0.214601 -0.412065
v 0.413596 0.213359 -0.443597
v 0.412128 0.214651 -0.444024
v 0.412065 0.214601 -0.442500
v 0.413079 0.213733 -0.442185
v 0.305681 0.398181 0.385279
v 0.306013 0.399181 0.386279
v 0.307860 0.399181 0.385514
v 0.307388 0.398181 0.384572
v 0.385279 0.398181 0.305681
v 0.384572 0.398181 0.307388
v 0.385514 0.399181 0.307860
v 0.386279 0.399181 0.306013
v -0.385279 0.398181 0.305681
v -0.386279 0.399181 0.306013
v -0.385514 0.399181 0.307860
v -0.384572 0.398181 0.307388
v -0.305681 0.398181 0.385279
v -0.307388 0.398181 0.384572
v -0.307860 0.399181 0.385514
v -0.306013 0.399181 0.386279
v -0.307860 0.399181 -0.385514
v -0.307388 0.398181 -0.384572
v -0.305681 0.398181 -0.385279
v -0.306013 0.399181 -0.386279
v -0.385514 0.399181 -0.307860
v -0.386279 0.399181 -0.306013
v -0.385279 0.398181 -0.305681
v -0.384572 0.398181 -0.307388
v 0.385514 0.399181 -0.307860
v 0.384572 0.398181 -0.307388
v 0.385279 0.398181 -0.305681
v 0.386279 0.399181 -0.306013
v 0.307860 0.399181 -0.385514
v 0.306013 0.399181 -0.386279
v 0.305681 0.398181 -0.385279
v 0.307388 0.398181 -0.384572
v -0.334951 0.150000 0.440974
v -0.333090 0.150000 0.441940
v -0.332541 0.151000 0.440892
v -0.334245 0.151000 0.440266
v -0.440974 0.150000 0.334951
v -0.440266 0.151000 0.334245
v -0.440892 0.151000 0.332541
v -0.441940 0.150000 0.333090
v -0.332541 0.151000 -0.440892
v -0.333090 0.150000 -0.441940
v -0.334951 0.150000 -0.440974
v -0.334245 0.151000 -0.440266
v -0.440974 0.150000 -0.334951
v -0.441940 0.150000 -0.333090
v -0.440892 0.151000 -0.332541
v -0.440266 0.151000 -0.334245
v 0.440974 0.150000 -0.334951
v 0.440266 0.151000 -0.334245
v 0.440892 0.151000 -0.332541
v 0.441940 0.150000 -0.333090
v 0.334951 0.150000 -0.440974
v 0.333090 0.150000 -0.441940
v 0.332541 0.151000 -0.440892
v 0.334245 0.151000 -0.440266
v 0.440974 0.150000 0.334951
v 0.441940 0.150000 0.333090
v 0.440892 0.151000 0.332541
v 0.440266 0.151000 0.334245
v 0.334951 0.150000 0.440974
v 0.334245 0.151000 0.440266
v 0.332541 0.151000 0.440892
v 0.333090 0.150000 0.441940
v -0.332541 0.168641 0.440892
v -0.333090 0.169641 0.441940
v -0.334951 0.169641 0.440974
v -0.334245 0.168641 0.440266
v -0.440974 0.169641 0.334951
v -0.441940 0.169641 0.333090
v -0.440892 0.168641 0.332541
v -0.440266 0.168641 0.334245
v -0.440974 0.169641 -0.334951
v -0.440266 0.168641 -0.334245
v -0.440892 0.168641 -0.332541
v -0.441940 0.169641 -0.333090
v -0.334951 0.169641 -0.440974
v -0.333090 0.169641 -0.441940
v -0.332541 0.168641 -0.440892
v -0.334245 0.168641 -0.440266
v 0.332541 0.168641 -0.440892
v 0.333090 0.169641 -0.441940
v 0.334951 0.169641 -0.440974
v 0.334245 0.168641 -0.440266
v 0.440974 0.169641 -0.334951
v 0.441940 0.169641 -0.333090
v 0.440892 0.168641 -0.332541
v 0.440266 0.168641 -0.334245
v 0.334951 0.169641 0.440974
v 0.333090 0.169641 0.441940
v 0.332541 0.168641 0.440892
v 0.334245 0.168641 0.440266
v 0.440974 0.169641 0.334951
v 0.440266 0.168641 0.334245
v 0.440892 0.168641 0.332541
v 0.441940 0.169641 0.333090
v 0.201000 0.120693 0.499279
v 0.199366 0.120889 0.497959
v 0.199506 0.119000 0.499131
v 0.201000 0.119000 0.500000
v 0.201000 0.149307 0.469494
v 0.201000 0.150000 0.467772
v 0.199000 0.150000 0.464674
v 0.199400 0.149098 0.468551
v -0.199000 0.150000 0.464674
v -0.201000 0.150000 0.467772
v -0.201000 0.149307 0.469494
v -0.199400 0.149098 0.468551
v -0.201000 0.120693 0.499279
v -0.201000 0.119000 0.500000
v -0.199506 0.119000 0.499131
v -0.199366 0.120889 0.497959
v -0.201000 0.120693 -0.499279
v -0.199366 0.120889 -0.497959
v -0.199506 0.119000 -0.499131
v -0.201000 0.119000 -0.500000
v -0.201000 0.149307 -0.469494
v -0.201000 0.150000 -0.467772
v -0.199000 0.150000 -0.464674
v -0.199400 0.149098 -0.468551
v 0.199000 0.150000 -0.464674
v 0.201000 0.150000 -0.467772
v 0.201000 0.149307 -0.469494
v 0.199400 0.149098 -0.468551
v 0.201000 0.120693 -0.499279
v 0.201000 0.119000 -0.500000
v 0.199506 0.119000 -0.499131
v 0.199366 0.120889 -0.497959
v 0.188386 0.150000 0.444241
v 0.186620 0.150000 0.443284
v 0.186027 0.149156 0.444820
v 0.187537 0.149117 0.445797
v 0.178369 0.120844 0.462826
v 0.178167 0.119000 0.463363
v 0.179661 0.119000 0.464232
v 0.179931 0.120876 0.463731
v -0.178369 0.120844 0.462826
v -0.179930 0.120876 0.463731
v -0.179661 0.119000 0.464232
v -0.178167 0.119000 0.463363
v -0.186027 0.149156 0.444820
v -0.186620 0.150000 0.443284
v -0.188386 0.150000 0.444241
v -0.187537 0.149117 0.445797
v -0.188386 0.150000 -0.444241
v -0.186620 0.150000 -0.443284
v -0.186027 0.149156 -0.444820
v -0.187537 0.149117 -0.445797
v -0.178369 0.120844 -0.462826
v -0.178167 0.119000 -0.463363
v -0.179661 0.119000 -0.464232
v -0.179931 0.120876 -0.463731
v 0.178369 0.120844 -0.462826
v 0.179930 0.120876 -0.463731
v 0.179661 0.119000 -0.464232
v 0.178167 0.119000 -0.463363
v 0.186027 0.149156 -0.444820
v 0.186620 0.150000 -0.443284
v 0.188386 0.150000 -0.444241
v 0.187537 0.149117 -0.445797
v -0.499279 0.120693 0.201000
v -0.497959 0.120889 0.199366
v -0.499131 0.119000 0.199506
v -0.500000 0.119000 0.201000
v -0.469494 0.149307 0.201000
v -0.467772 0.150000 0.201000
v -0.464674 0.150000 0.199000
v -0.468551 0.149098 0.199400
v -0.464674 0.150000 -0.199000
v -0.467772 0.150000 -0.201000
v -0.469494 0.149307 -0.201000
v -0.468551 0.149098 -0.199400
v -0.499279 0.120693 -0.201000
v -0.500000 0.119000 -0.201000
v -0.499131 0.119000 -0.199506
v -0.497959 0.120889 -0.199366
v 0.499279 0.120693 -0.201000
v 0.497959 0.120889 -0.199366
v 0.499131 0.119000 -0.199506
v 0.500000 0.119000 -0.201000
v 0.469494 0.149307 -0.201000
v 0.467772 0.150000 -0.201000
v 0.464674 0.150000 -0.199000
v 0.468551 0.149098 -0.199400
v 0.464674 0.150000 0.199000
v 0.467772 0.150000 0.201000
v 0.469494 0.149307 0.201000
v 0.468551 0.149098 0.199400
v 0.499279 0.120693 0.201000
v 0.500000 0.119000 0.201000
v 0.499131 0.119000 0.199506
v 0.497959 0.120889 0.199366
v -0.444241 0.150000 0.188386
v -0.443284 0.150000 0.186620
v -0.444820 0.149156 0.186027
v -0.445797 0.149117 0.187537
v -0.462826 0.120844 0.178369
v -0.463363 0.119000 0.178167
v -0.464232 0.119000 0.179661
v -0.463731 0.120876 0.179931
v -0.462826 0.120844 -0.178369
v -0.463731 0.120876 -0.179930
v -0.464232 0.119000 -0.179661
v -0.463363 0.119000 -0.178167
v -0.444820 0.149156 -0.186027
v -0.443284 0.150000 -0.186620
v -0.444241 0.150000 -0.188386
v -0.445797 0.149117 -0.187537
v 0.444241 0.150000 -0.188386
v 0.443284 0.150000 -0.186620
v 0.444820 0.149156 -0.186027
v 0.445797 0.149117 -0.187537
v 0.462826 0.120844 -0.178369
v 0.463363 0.119000 -0.178167
v 0.464232 0.119000 -0.179661
v 0.463731 0.120876 -0.179931
v 0.462826 0.120844 0.178369
v 0.463731 0.120876 0.179930
v 0.464232 0.119000 0.179661
v 0.463363 0.119000 0.178167
v 0.444820 0.149156 0.186027
v 0.443284 0.150000 0.186620
v 0.444241 0.150000 0.188386
v 0.445797 0.149117 0.187537
v 0.499287 0.120701 0.390522
v 0.498712 0.120571 0.392589
v 0.499293 0.119000 0.393171
v 0.500000 0.119000 0.391464
v 0.470232 0.149297 0.361494
v 0.468512 0.150000 0.359590
v 0.468108 0.150000 0.362011
v 0.469397 0.149429 0.363298
v 0.362011 0.150000 0.468108
v 0.359590 0.150000 0.468512
v 0.361494 0.149297 0.470232
v 0.363298 0.149429 0.469397
v 0.390523 0.120701 0.499287
v 0.391464 0.119000 0.500000
v 0.393171 0.119000 0.499293
v 0.392589 0.120571 0.498712
v -0.390522 0.120701 0.499287
v -0.392589 0.120571 0.498712
v -0.393171 0.119000 0.499293
v -0.391464 0.119000 0.500000
v -0.361494 0.149297 0.470232
v -0.359590 0.150000 0.468512
v -0.362011 0.150000 0.468108
v -0.363298 0.149429 0.469397
v -0.468108 0.150000 0.362011
v -0.468512 0.150000 0.359590
v -0.470232 0.149297 0.361494
v -0.469397 0.149429 0.363298
v -0.499287 0.120701 0.390523
v -0.500000 0.119000 0.391464
v -0.499293 0.119000 0.393171
v -0.498712 0.120571 0.392589
v 0.390522 0.120701 -0.499287
v 0.392589 0.120571 -0.498712
v 0.393171 0.119000 -0.499293
v 0.391464 0.119000 -0.500000
v 0.361494 0.149297 -0.470232
v 0.359590 0.150000 -0.468512
v 0.362011 0.150000 -0.468108
v 0.363298 0.149429 -0.469397
v 0.468108 0.150000 -0.362011
v 0.468512 0.150000 -0.359590
v 0.470232 0.149297 -0.361494
v 0.469397 0.149429 -0.363298
v 0.499287 0.120701 -0.390523
v 0.500000 0.119000 -0.391464
v 0.499293 0.119000 -0.393171
v 0.498712 0.120571 -0.392589
v -0.499287 0.120701 -0.390522
v -0.498712 0.120571 -0.392589
v -0.499293 0.119000 -0.393171
v -0.500000 0.119000 -0.391464
v -0.470232 0.149297 -0.361494
v -0.468512 0.150000 -0.359590
v -0.468108 0.150000 -0.362011
v -0.469397 0.149429 -0.363298
v -0.362011 0.150000 -0.468108
v -0.359590 0.150000 -0.468512
v -0.361494 0.149297 -0.470232
v -0.363298 0.149429 -0.469397
v -0.390523 0.120701 -0.499287
v -0.391464 0.119000 -0.500000
v -0.393171 0.119000 -0.499293
v -0.392589 0.120571 -0.498712
v -0.305100 0.378586 0.303892
v -0.303892 0.378586 0.305100
v -0.303423 0.377850 0.303423
v -0.303892 0.378586 -0.305100
v -0.305100 0.378586 -0.303892
v -0.303423 0.377850 -0.303423
v 0.305100 0.378586 0.303892
v 0.303423 0.377850 0.303423
v 0.303892 0.378586 0.305100
v 0.303892 0.378586 -0.305100
v 0.303423 0.377850 -0.303423
v 0.305100 0.378586 -0.303892
v -0.296125 0.378586 0.305100
v -0.293735 0.378586 0.305100
v -0.293275 0.377850 0.303423
v -0.295275 0.377850 0.303423
v -0.296125 0.378586 -0.305100
v -0.295275 0.377850 -0.303423
v -0.293275 0.377850 -0.303423
v -0.293735 0.378586 -0.305100
v 0.296125 0.378586 0.305100
v 0.295275 0.377850 0.303423
v 0.293275 0.377850 0.303423
v 0.293735 0.378586 0.305100
v 0.296125 0.378586 -0.305100
v 0.293735 0.378586 -0.305100
v 0.293275 0.377850 -0.303423
v 0.295275 0.377850 -0.303423
v -0.305100 0.378586 0.293735
v -0.305100 0.378586 0.296125
v -0.303423 0.377850 0.295275
v -0.303423 0.377850 0.293275
v -0.305100 0.378586 -0.293735
v -0.303423 0.377850 -0.293275
v -0.303423 0.377850 -0.295275
v -0.305100 0.378586 -0.296125
v 0.305100 0.378586 0.293735
v 0.303423 0.377850 0.293275
v 0.303423 0.377850 0.295275
v 0.305100 0.378586 0.296125
v 0.305100 0.378586 -0.293735
v 0.305100 0.378586 -0.296125
v 0.303423 0.377850 -0.295275
v 0.303423 0.377850 -0.293275
v -0.293275 0.377850 0.295275
v -0.293275 0.377850 0.293275
v -0.295275 0.377850 0.293275
v -0.295275 0.377850 0.295275
v -0.293275 0.377850 -0.295275
v -0.295275 0.377850 -0.295275
v -0.295275 0.377850 -0.293275
v -0.293275 0.377850 -0.293275
v 0.293275 0.377850 0.295275
v 0.295275 0.377850 0.295275
v 0.295275 0.377850 0.293275
v 0.293275 0.377850 0.293275
v 0.293275 0.377850 -0.295275
v 0.293275 0.377850 -0.293275
v 0.295275 0.377850 -0.293275
v 0.295275 0.377850 -0.295275
v -0.131052 0.389377 0.369654
v -0.132419 0.387985 0.370235
v -0.131544 0.386554 0.371901
v -0.130333 0.388047 0.370953
v 0.131052 0.389377 -0.369654
v 0.132419 0.387985 -0.370235
v 0.131544 0.386554 -0.371901
v 0.130333 0.388047 -0.370953
v 0.131052 0.389377 0.369654
v 0.130333 0.388047 0.370953
v 0.131544 0.386554 0.371901
v 0.132419 0.387985 0.370235
v -0.163821 0.399181 -0.385267
v -0.165546 0.399181 -0.386279
v -0.165974 0.398181 -0.385279
v -0.164486 0.398181 -0.384406
v -0.131052 0.389377 -0.369654
v -0.130333 0.388047 -0.370953
v -0.131544 0.386554 -0.371901
v -0.132419 0.387985 -0.370235
v -0.369654 0.389377 -0.131052
v -0.370235 0.387985 -0.132419
v -0.371901 0.386554 -0.131544
v -0.370953 0.388047 -0.130333
v 0.369654 0.389377 0.131052
v 0.370235 0.387985 0.132419
v 0.371901 0.386554 0.131544
v 0.370953 0.388047 0.130333
v -0.325057 0.399181 -0.314255
v -0.325057 0.399181 -0.312255
v -0.323379 0.398445 -0.311405
v -0.323379 0.398445 -0.313795
v -0.335064 0.398181 -0.334064
v -0.334064 0.399181 -0.332650
v -0.332650 0.399181 -0.334064
v -0.334064 0.398181 -0.335064
v 0.325057 0.399181 -0.314255
v 0.323379 0.398445 -0.313795
v 0.323379 0.398445 -0.311405
v 0.325057 0.399181 -0.312255
v 0.334064 0.398181 -0.335064
v 0.332650 0.399181 -0.334064
v 0.334064 0.399181 -0.332650
v 0.335064 0.398181 -0.334064
v -0.312255 0.398181 -0.335064
v -0.314255 0.398181 -0.335064
v -0.314255 0.399181 -0.334064
v -0.312255 0.399181 -0.334064
v 0.314255 0.398181 -0.335064
v 0.312255 0.398181 -0.335064
v 0.312255 0.399181 -0.334064
v 0.314255 0.399181 -0.334064
v -0.312255 0.398181 0.335064
v -0.312255 0.399181 0.334064
v -0.314255 0.399181 0.334064
v -0.314255 0.398181 0.335064
v 0.314255 0.398181 0.335064
v 0.314255 0.399181 0.334064
v 0.312255 0.399181 0.334064
v 0.312255 0.398181 0.335064
v -0.334064 0.398181 0.335064
v -0.332650 0.399181 0.334064
v -0.334064 0.399181 0.332650
v -0.335064 0.398181 0.334064
v 0.335064 0.398181 0.334064
v 0.334064 0.399181 0.332650
v 0.332650 0.399181 0.334064
v 0.334064 0.398181 0.335064
v -0.385279 0.398181 0.165974
v -0.384406 0.398181 0.164486
v -0.385267 0.399181 0.163821
v -0.386279 0.399181 0.165546
v -0.369654 0.389377 0.131052
v -0.370953 0.388047 0.130333
v -0.371901 0.386554 0.131544
v -0.370235 0.387985 0.132419
v 0.369654 0.389377 -0.131052
v 0.370953 0.388047 -0.130333
v 0.371901 0.386554 -0.131544
v 0.370235 0.387985 -0.132419
v -0.325057 0.399181 0.314255
v -0.323379 0.398445 0.313795
v -0.323379 0.398445 0.311405
v -0.325057 0.399181 0.312255
v 0.325057 0.399181 0.314255
v 0.325057 0.399181 0.312255
v 0.323379 0.398445 0.311405
v 0.323379 0.398445 0.313795
v -0.380952 0.354241 -0.362770
v -0.379453 0.355463 -0.363285
v -0.378763 0.354099 -0.363446
v -0.379862 0.353232 -0.363046
v -0.363285 0.355463 -0.379453
v -0.362770 0.354241 -0.380952
v -0.363046 0.353232 -0.379861
v -0.363447 0.354099 -0.378762
v 0.363285 0.355463 -0.379453
v 0.363447 0.354099 -0.378763
v 0.363046 0.353232 -0.379862
v 0.362770 0.354241 -0.380952
v 0.379453 0.355463 -0.363285
v 0.380952 0.354241 -0.362770
v 0.379861 0.353232 -0.363046
v 0.378762 0.354099 -0.363447
v 0.380952 0.354241 0.362770
v 0.379453 0.355463 0.363285
v 0.378763 0.354099 0.363446
v 0.379862 0.353232 0.363046
v 0.363285 0.355463 0.379453
v 0.362770 0.354241 0.380952
v 0.363046 0.353232 0.379861
v 0.363447 0.354099 0.378762
v -0.363285 0.355463 0.379453
v -0.363447 0.354099 0.378763
v -0.363046 0.353232 0.379862
v -0.362770 0.354241 0.380952
v -0.379453 0.355463 0.363285
v -0.380952 0.354241 0.362770
v -0.379861 0.353232 0.363046
v -0.378762 0.354099 0.363447
v -0.328145 0.394274 -0.336064
v -0.335869 0.394274 -0.335869
v -0.336064 0.394274 -0.328145
v -0.335064 0.395274 -0.334064
v -0.334064 0.395274 -0.335064
v -0.171893 0.394274 -0.384279
v -0.165457 0.394274 -0.384094
v -0.164486 0.395274 -0.384406
v -0.165974 0.395274 -0.385279
v 0.334064 0.395274 -0.335064
v 0.335064 0.395274 -0.334064
v 0.336064 0.394274 -0.328145
v 0.335869 0.394274 -0.335869
v 0.328145 0.394274 -0.336064
v 0.165974 0.395274 -0.385279
v 0.164486 0.395274 -0.384406
v 0.165457 0.394274 -0.384094
v 0.171893 0.394274 -0.384279
v -0.313314 0.394274 -0.336064
v -0.314255 0.395274 -0.335064
v -0.312255 0.395274 -0.335064
v -0.296225 0.394274 -0.336064
v -0.147753 0.394274 -0.353561
v -0.146812 0.395274 -0.354561
v -0.148300 0.395274 -0.355434
v -0.149415 0.394274 -0.355379
v 0.314255 0.395274 -0.335064
v 0.313314 0.394274 -0.336064
v 0.296225 0.394274 -0.336064
v 0.312255 0.395274 -0.335064
v 0.146812 0.395274 -0.354561
v 0.147753 0.394274 -0.353561
v 0.149415 0.394274 -0.355379
v 0.148300 0.395274 -0.355434
v -0.171893 0.394274 0.384279
v -0.165974 0.395274 0.385279
v -0.164486 0.395274 0.384406
v -0.165457 0.394274 0.384094
v -0.328145 0.394274 0.336064
v -0.334064 0.395274 0.335064
v -0.335064 0.395274 0.334064
v -0.336064 0.394274 0.328145
v -0.335869 0.394274 0.335869
v 0.165974 0.395274 0.385279
v 0.171893 0.394274 0.384279
v 0.165457 0.394274 0.384094
v 0.164486 0.395274 0.384406
v 0.335064 0.395274 0.334064
v 0.334064 0.395274 0.335064
v 0.328145 0.394274 0.336064
v 0.335869 0.394274 0.335869
v 0.336064 0.394274 0.328145
v -0.146812 0.395274 0.354561
v -0.147753 0.394274 0.353561
v -0.149415 0.394274 0.355379
v -0.148300 0.395274 0.355434
v -0.313314 0.394274 0.336064
v -0.296225 0.394274 0.336064
v -0.312255 0.395274 0.335064
v -0.314255 0.395274 0.335064
v 0.146812 0.395274 0.354561
v 0.148300 0.395274 0.355434
v 0.149415 0.394274 0.355379
v 0.147753 0.394274 0.353561
v 0.314255 0.395274 0.335064
v 0.312255 0.395274 0.335064
v 0.296225 0.394274 0.336064
v 0.313314 0.394274 0.336064
v -0.384279 0.394274 -0.171893
v -0.385279 0.395274 -0.165974
v -0.384406 0.395274 -0.164486
v -0.384094 0.394274 -0.165457
v -0.385279 0.395274 0.165974
v -0.384279 0.394274 0.171893
v -0.384094 0.394274 0.165457
v -0.384406 0.395274 0.164486
v 0.384279 0.394274 -0.171893
v 0.384094 0.394274 -0.165457
v 0.384406 0.395274 -0.164486
v 0.385279 0.395274 -0.165974
v 0.385279 0.395274 0.165974
v 0.384406 0.395274 0.164486
v 0.384094 0.394274 0.165457
v 0.384279 0.394274 0.171893
v 0.336064 0.394274 -0.296225
v 0.336064 0.394274 -0.313314
v 0.335064 0.395274 -0.314255
v 0.335064 0.395274 -0.312255
v 0.353561 0.394274 -0.147753
v 0.354561 0.395274 -0.146812
v 0.355434 0.395274 -0.148300
v 0.355379 0.394274 -0.149415
v 0.336064 0.394274 0.296225
v 0.335064 0.395274 0.312255
v 0.335064 0.395274 0.314255
v 0.336064 0.394274 0.313314
v 0.353561 0.394274 0.147753
v 0.355379 0.394274 0.149415
v 0.355434 0.395274 0.148300
v 0.354561 0.395274 0.146812
v -0.353561 0.394274 -0.147753
v -0.355379 0.394274 -0.149415
v -0.355434 0.395274 -0.148300
v -0.354561 0.395274 -0.146812
v -0.336064 0.394274 -0.296225
v -0.335064 0.395274 -0.312255
v -0.335064 0.395274 -0.314255
v -0.336064 0.394274 -0.313314
v -0.354561 0.395274 0.146812
v -0.355434 0.395274 0.148300
v -0.355379 0.394274 0.149415
v -0.353561 0.394274 0.147753
v -0.336064 0.394274 0.296225
v -0.336064 0.394274 0.313314
v -0.335064 0.395274 0.314255
v -0.335064 0.395274 0.312255
v -0.384572 0.395274 -0.307388
v -0.385279 0.395274 -0.305681
v -0.384279 0.394274 -0.306266
v -0.307388 0.395274 -0.384572
v -0.306267 0.394274 -0.384279
v -0.305681 0.395274 -0.385279
v 0.307388 0.395274 -0.384572
v 0.305681 0.395274 -0.385279
v 0.306266 0.394274 -0.384279
v 0.384572 0.395274 -0.307388
v 0.384279 0.394274 -0.306267
v 0.385279 0.395274 -0.305681
v 0.385279 0.395274 0.305681
v 0.384279 0.394274 0.306266
v 0.384572 0.395274 0.307388
v 0.305681 0.395274 0.385279
v 0.307388 0.395274 0.384572
v 0.306267 0.394274 0.384279
v -0.305681 0.395274 0.385279
v -0.306266 0.394274 0.384279
v -0.307388 0.395274 0.384572
v -0.385279 0.395274 0.305681
v -0.384572 0.395274 0.307388
v -0.384279 0.394274 0.306267
v 0.163869 0.170049 0.479928
v 0.164657 0.171542 0.478979
v 0.163709 0.170565 0.480457
v -0.163869 0.170049 0.479928
v -0.163709 0.170565 0.480457
v -0.164657 0.171542 0.478979
v -0.163869 0.170049 -0.479928
v -0.164657 0.171542 -0.478979
v -0.163709 0.170565 -0.480457
v 0.163869 0.170049 -0.479928
v 0.163709 0.170565 -0.480457
v 0.164657 0.171542 -0.478979
v 0.130333 0.378135 0.393196
v 0.130470 0.376805 0.394494
v 0.131544 0.377000 0.393342
v -0.130333 0.378135 0.393196
v -0.131544 0.377000 0.393342
v -0.130470 0.376805 0.394494
v -0.130333 0.378135 -0.393196
v -0.130470 0.376805 -0.394494
v -0.131544 0.377000 -0.393342
v 0.130333 0.378135 -0.393196
v 0.131544 0.377000 -0.393342
v 0.130470 0.376805 -0.394494
v -0.479928 0.170049 0.163869
v -0.478979 0.171542 0.164657
v -0.480457 0.170565 0.163709
v -0.479928 0.170049 -0.163869
v -0.480457 0.170565 -0.163709
v -0.478979 0.171542 -0.164657
v 0.479928 0.170049 -0.163869
v 0.478979 0.171542 -0.164657
v 0.480457 0.170565 -0.163709
v 0.479928 0.170049 0.163869
v 0.480457 0.170565 0.163709
v 0.478979 0.171542 0.164657
v -0.393196 0.378135 0.130333
v -0.394494 0.376805 0.130470
v -0.393342 0.377000 0.131544
v -0.393196 0.378135 -0.130333
v -0.393342 0.377000 -0.131544
v -0.394494 0.376805 -0.130470
v 0.393196 0.378135 -0.130333
v 0.394494 0.376805 -0.130470
v 0.393342 0.377000 -0.131544
v 0.393196 0.378135 0.130333
v 0.393342 0.377000 0.131544
v 0.394494 0.376805 0.130470
v -0.409657 0.216188 -0.431753
v -0.411136 0.214922 -0.431293
v -0.431293 0.214922 -0.411136
v -0.431753 0.216188 -0.409657
v -0.373779 0.344495 -0.364288
v -0.372270 0.345687 -0.364838
v -0.364838 0.345687 -0.372270
v -0.364288 0.344495 -0.373779
v 0.364288 0.344495 -0.373779
v 0.364838 0.345687 -0.372270
v 0.372270 0.345687 -0.364838
v 0.373779 0.344495 -0.364288
v 0.430217 0.216164 -0.409584
v 0.431753 0.216188 -0.409657
v 0.431293 0.214922 -0.411136
v 0.410598 0.215296 -0.429902
v 0.411136 0.214922 -0.431293
v 0.409657 0.216188 -0.431753
v 0.410598 0.215296 0.429902
v 0.409657 0.216188 0.431753
v 0.411136 0.214922 0.431293
v 0.429902 0.215296 0.410598
v 0.431293 0.214922 0.411136
v 0.431753 0.216188 0.409657
v 0.372703 0.343456 0.364575
v 0.373779 0.344495 0.364288
v 0.372270 0.345687 0.364838
v 0.371604 0.344323 0.364975
v 0.364975 0.344323 0.371604
v 0.364838 0.345687 0.372270
v 0.364288 0.344495 0.373779
v -0.364975 0.344323 0.371604
v -0.364288 0.344495 0.373779
v -0.364838 0.345687 0.372270
v -0.371604 0.344323 0.364975
v -0.372270 0.345687 0.364838
v -0.373779 0.344495 0.364288
v -0.431753 0.216188 0.409657
v -0.431293 0.214922 0.411136
v -0.429902 0.215296 0.410598
v -0.410598 0.215296 0.429902
v -0.411136 0.214922 0.431293
v -0.409657 0.216188 0.431753
v -0.409321 0.210990 -0.436275
v -0.407842 0.212256 -0.436735
v -0.408196 0.211484 -0.438630
v -0.409209 0.210616 -0.438315
v -0.436275 0.210990 -0.409320
v -0.438315 0.210616 -0.409209
v -0.438630 0.211484 -0.408195
v -0.436735 0.212256 -0.407841
v -0.375208 0.348427 -0.359692
v -0.375992 0.350115 -0.359176
v -0.374893 0.350983 -0.359577
v -0.373699 0.349619 -0.360242
v -0.360242 0.349619 -0.373699
v -0.359577 0.350983 -0.374893
v -0.359176 0.350115 -0.375992
v -0.359692 0.348427 -0.375208
v 0.360242 0.349619 -0.373699
v 0.359692 0.348427 -0.375208
v 0.359176 0.350115 -0.375992
v 0.359577 0.350983 -0.374893
v 0.373699 0.349619 -0.360242
v 0.374893 0.350983 -0.359577
v 0.375992 0.350115 -0.359176
v 0.375208 0.348427 -0.359692
v 0.436735 0.212256 -0.407842
v 0.438630 0.211484 -0.408196
v 0.438315 0.210616 -0.409209
v 0.436275 0.210990 -0.409321
v 0.409320 0.210990 -0.436275
v 0.409209 0.210616 -0.438315
v 0.408195 0.211484 -0.438630
v 0.407841 0.212256 -0.436735
v 0.409321 0.210990 0.436275
v 0.407842 0.212256 0.436735
v 0.408196 0.211484 0.438630
v 0.409209 0.210616 0.438315
v 0.436275 0.210990 0.409320
v 0.438315 0.210616 0.409209
v 0.438630 0.211484 0.408195
v 0.436735 0.212256 0.407841
v 0.375208 0.348427 0.359692
v 0.375992 0.350115 0.359176
v 0.374893 0.350983 0.359577
v 0.373699 0.349619 0.360242
v 0.360242 0.349619 0.373699
v 0.359577 0.350983 0.374893
v 0.359176 0.350115 0.375992
v 0.359692 0.348427 0.375208
v -0.360242 0.349619 0.373699
v -0.359692 0.348427 0.375208
v -0.359176 0.350115 0.375992
v -0.359577 0.350983 0.374893
v -0.373699 0.349619 0.360242
v -0.374893 0.350983 0.359577
v -0.375992 0.350115 0.359176
v -0.375208 0.348427 0.359692
v -0.436735 0.212256 0.407842
v -0.438630 0.211484 0.408196
v -0.438315 0.210616 0.409209
v -0.436275 0.210990 0.409321
v -0.409320 0.210990 0.436275
v -0.409209 0.210616 0.438315
v -0.408195 0.211484 0.438630
v -0.407841 0.212256 0.436735
v -0.410593 0.215293 -0.429897
v -0.409673 0.215667 -0.428889
v -0.409580 0.216160 -0.430213
v -0.429897 0.215293 -0.410593
v -0.430213 0.216160 -0.409579
v -0.428889 0.215667 -0.409673
v -0.372698 0.343452 -0.364570
v -0.371599 0.344319 -0.364970
v -0.371376 0.342955 -0.364665
v -0.364971 0.344319 -0.371599
v -0.364570 0.343452 -0.372698
v -0.364665 0.342955 -0.371376
v 0.364970 0.344319 -0.371599
v 0.364665 0.342955 -0.371376
v 0.364570 0.343452 -0.372698
v 0.371599 0.344319 -0.364971
v 0.372698 0.343452 -0.364570
v 0.371376 0.342955 -0.364665
v 0.429897 0.215293 -0.410593
v 0.428889 0.215667 -0.409673
v 0.409579 0.216160 -0.430213
v 0.409673 0.215667 -0.428889
v 0.409673 0.215667 0.428889
v 0.409580 0.216160 0.430213
v 0.430213 0.216160 0.409579
v 0.428889 0.215667 0.409673
v 0.371376 0.342955 0.364665
v 0.364570 0.343452 0.372698
v 0.364665 0.342955 0.371376
v -0.364665 0.342955 0.371376
v -0.364570 0.343452 0.372698
v -0.372698 0.343452 0.364570
v -0.371376 0.342955 0.364665
v -0.430213 0.216160 0.409580
v -0.428889 0.215667 0.409673
v -0.409579 0.216160 0.430213
v -0.409673 0.215667 0.428889
v 0.200858 0.170494 0.495559
v 0.199311 0.170551 0.494649
v 0.199000 0.169641 0.491177
v 0.201000 0.169641 0.494037
v 0.200323 0.173453 0.497370
v 0.200006 0.175217 0.497481
v 0.198435 0.175304 0.496472
v 0.198795 0.173397 0.496393
v -0.198435 0.175304 0.496472
v -0.200006 0.175217 0.497481
v -0.200323 0.173453 0.497370
v -0.198795 0.173397 0.496393
v -0.200858 0.170494 0.495559
v -0.201000 0.169641 0.494037
v -0.199000 0.169641 0.491177
v -0.199311 0.170551 0.494649
v -0.200858 0.170494 -0.495559
v -0.199311 0.170551 -0.494649
v -0.199000 0.169641 -0.491177
v -0.201000 0.169641 -0.494037
v -0.200323 0.173453 -0.497370
v -0.200006 0.175217 -0.497481
v -0.198435 0.175304 -0.496472
v -0.198795 0.173397 -0.496393
v 0.198435 0.175304 -0.496472
v 0.200006 0.175217 -0.497481
v 0.200323 0.173453 -0.497370
v 0.198795 0.173397 -0.496393
v 0.200858 0.170494 -0.495559
v 0.201000 0.169641 -0.494037
v 0.199000 0.169641 -0.491177
v 0.199311 0.170551 -0.494649
v -0.160632 0.395075 -0.397553
v -0.159047 0.395186 -0.396298
v -0.158995 0.393528 -0.397871
v -0.160534 0.393615 -0.398801
v -0.162232 0.398633 -0.392123
v -0.163195 0.399181 -0.390286
v -0.161470 0.399181 -0.389274
v -0.160546 0.398520 -0.391211
v -0.495559 0.170494 0.200858
v -0.494649 0.170551 0.199311
v -0.491177 0.169641 0.199000
v -0.494037 0.169641 0.201000
v -0.497370 0.173453 0.200323
v -0.497481 0.175217 0.200006
v -0.496472 0.175304 0.198435
v -0.496393 0.173397 0.198795
v -0.496472 0.175304 -0.198435
v -0.497481 0.175217 -0.200006
v -0.497370 0.173453 -0.200323
v -0.496393 0.173397 -0.198795
v -0.495559 0.170494 -0.200858
v -0.494037 0.169641 -0.201000
v -0.491177 0.169641 -0.199000
v -0.494649 0.170551 -0.199311
v 0.495559 0.170494 -0.200858
v 0.494649 0.170551 -0.199311
v 0.491177 0.169641 -0.199000
v 0.494037 0.169641 -0.201000
v 0.497370 0.173453 -0.200323
v 0.497481 0.175217 -0.200006
v 0.496472 0.175304 -0.198435
v 0.496393 0.173397 -0.198795
v 0.496472 0.175304 0.198435
v 0.497481 0.175217 0.200006
v 0.497370 0.173453 0.200323
v 0.496393 0.173397 0.198795
v 0.495559 0.170494 0.200858
v 0.494037 0.169641 0.201000
v 0.491177 0.169641 0.199000
v 0.494649 0.170551 0.199311
v -0.397553 0.395075 0.160632
v -0.396298 0.395186 0.159047
v -0.397871 0.393528 0.158995
v -0.398801 0.393615 0.160534
v -0.392123 0.398633 0.162232
v -0.390286 0.399181 0.163195
v -0.389274 0.399181 0.161470
v -0.391211 0.398520 0.160546
v -0.161470 0.399181 0.389274
v -0.163195 0.399181 0.390286
v -0.162232 0.398633 0.392123
v -0.160546 0.398520 0.391211
v -0.160632 0.395075 0.397553
v -0.160534 0.393615 0.398801
v -0.158995 0.393528 0.397871
v -0.159047 0.395186 0.396298
v 0.161470 0.399181 -0.389274
v 0.163195 0.399181 -0.390286
v 0.162232 0.398633 -0.392123
v 0.160546 0.398520 -0.391211
v 0.160632 0.395075 -0.397553
v 0.160534 0.393615 -0.398801
v 0.158995 0.393528 -0.397871
v 0.159047 0.395186 -0.396298
v 0.160632 0.395075 0.397553
v 0.159047 0.395186 0.396298
v 0.158995 0.393528 0.397871
v 0.160534 0.393615 0.398801
v 0.162232 0.398633 0.392123
v 0.163195 0.399181 0.390286
v 0.161470 0.399181 0.389274
v 0.160546 0.398520 0.391211
v -0.389274 0.399181 -0.161470
v -0.390286 0.399181 -0.163195
v -0.392123 0.398633 -0.162232
v -0.391211 0.398520 -0.160546
v -0.397553 0.395075 -0.160632
v -0.398801 0.393615 -0.160534
v -0.397871 0.393528 -0.158995
v -0.396298 0.395186 -0.159047
v 0.389274 0.399181 0.161470
v 0.390286 0.399181 0.163195
v 0.392123 0.398633 0.162232
v 0.391211 0.398520 0.160546
v 0.397553 0.395075 0.160632
v 0.398801 0.393615 0.160534
v 0.397871 0.393528 0.158995
v 0.396298 0.395186 0.159047
v 0.397553 0.395075 -0.160632
v 0.396298 0.395186 -0.159047
v 0.397871 0.393528 -0.158995
v 0.398801 0.393615 -0.160534
v 0.392123 0.398633 -0.162232
v 0.390286 0.399181 -0.163195
v 0.389274 0.399181 -0.161470
v 0.391211 0.398520 -0.160546
v 0.178941 0.169641 0.457697
v 0.180807 0.169641 0.458431
v 0.179765 0.170544 0.459500
v 0.178219 0.170641 0.459087
v 0.178485 0.173415 0.460007
v 0.177966 0.175316 0.459831
v 0.176505 0.174795 0.459094
v 0.177136 0.172944 0.459330
v 0.174668 0.173788 0.459514
v 0.173381 0.172375 0.460103
v 0.175375 0.172028 0.460247
v 0.173137 0.169641 0.460242
v 0.174774 0.170618 0.460382
v 0.172652 0.170564 0.460857
v -0.176505 0.174795 0.459094
v -0.177966 0.175316 0.459831
v -0.178485 0.173415 0.460007
v -0.177135 0.172944 0.459330
v -0.179765 0.170544 0.459500
v -0.180807 0.169641 0.458431
v -0.178941 0.169641 0.457697
v -0.178219 0.170641 0.459087
v -0.173137 0.169641 0.460242
v -0.172652 0.170564 0.460858
v -0.174774 0.170618 0.460382
v -0.174668 0.173788 0.459514
v -0.175375 0.172028 0.460247
v -0.173381 0.172375 0.460103
v -0.178941 0.169641 -0.457697
v -0.180807 0.169641 -0.458431
v -0.179765 0.170544 -0.459500
v -0.178219 0.170641 -0.459087
v -0.178485 0.173415 -0.460007
v -0.177966 0.175316 -0.459831
v -0.176505 0.174795 -0.459094
v -0.177136 0.172944 -0.459330
v -0.174668 0.173788 -0.459514
v -0.173381 0.172375 -0.460103
v -0.175375 0.172028 -0.460247
v -0.173137 0.169641 -0.460242
v -0.174774 0.170618 -0.460382
v -0.172652 0.170564 -0.460857
v 0.176505 0.174795 -0.459094
v 0.177966 0.175316 -0.459831
v 0.178485 0.173415 -0.460007
v 0.177135 0.172944 -0.459330
v 0.179765 0.170544 -0.459500
v 0.180807 0.169641 -0.458431
v 0.178941 0.169641 -0.457697
v 0.178219 0.170641 -0.459087
v 0.173137 0.169641 -0.460242
v 0.172652 0.170564 -0.460858
v 0.174774 0.170618 -0.460382
v 0.174668 0.173788 -0.459514
v 0.175375 0.172028 -0.460247
v 0.173381 0.172375 -0.460103
v 0.145439 0.399181 0.360580
v 0.143714 0.399181 0.359568
v 0.142993 0.398623 0.361398
v 0.144575 0.398520 0.362622
v 0.141332 0.395073 0.366682
v 0.138543 0.393593 0.367897
v 0.141338 0.393003 0.368143
v 0.142799 0.393518 0.368883
v 0.143012 0.395177 0.367598
v -0.141332 0.395073 0.366682
v -0.143012 0.395177 0.367598
v -0.142799 0.393518 0.368883
v -0.141338 0.393003 0.368143
v -0.138543 0.393593 0.367897
v -0.142993 0.398623 0.361398
v -0.143714 0.399181 0.359568
v -0.145439 0.399181 0.360580
v -0.144575 0.398520 0.362622
v -0.145439 0.399181 -0.360580
v -0.143714 0.399181 -0.359568
v -0.142993 0.398623 -0.361398
v -0.144575 0.398520 -0.362622
v -0.141332 0.395073 -0.366682
v -0.138543 0.393593 -0.367897
v -0.141338 0.393003 -0.368143
v -0.142799 0.393518 -0.368883
v -0.143012 0.395177 -0.367598
v 0.141332 0.395073 -0.366682
v 0.143012 0.395177 -0.367598
v 0.142799 0.393518 -0.368883
v 0.141338 0.393003 -0.368143
v 0.138543 0.393593 -0.367897
v 0.142993 0.398623 -0.361398
v 0.143714 0.399181 -0.359568
v 0.145439 0.399181 -0.360580
v 0.144575 0.398520 -0.362622
v -0.457697 0.169641 0.178941
v -0.458431 0.169641 0.180807
v -0.459500 0.170544 0.179765
v -0.459087 0.170641 0.178219
v -0.460007 0.173415 0.178485
v -0.459831 0.175316 0.177966
v -0.459094 0.174795 0.176505
v -0.459330 0.172944 0.177136
v -0.459514 0.173788 0.174668
v -0.460103 0.172375 0.173381
v -0.460247 0.172028 0.175375
v -0.460242 0.169641 0.173137
v -0.460382 0.170618 0.174774
v -0.460857 0.170564 0.172652
v -0.459094 0.174795 -0.176505
v -0.459831 0.175316 -0.177966
v -0.460007 0.173415 -0.178485
v -0.459330 0.172944 -0.177135
v -0.459500 0.170544 -0.179765
v -0.458431 0.169641 -0.180807
v -0.457697 0.169641 -0.178941
v -0.459087 0.170641 -0.178219
v -0.460242 0.169641 -0.173137
v -0.460858 0.170564 -0.172652
v -0.460382 0.170618 -0.174774
v -0.459514 0.173788 -0.174668
v -0.460247 0.172028 -0.175375
v -0.460103 0.172375 -0.173381
v 0.457697 0.169641 -0.178941
v 0.458431 0.169641 -0.180807
v 0.459500 0.170544 -0.179765
v 0.459087 0.170641 -0.178219
v 0.460007 0.173415 -0.178485
v 0.459831 0.175316 -0.177966
v 0.459094 0.174795 -0.176505
v 0.459330 0.172944 -0.177136
v 0.459514 0.173788 -0.174668
v 0.460103 0.172375 -0.173381
v 0.460247 0.172028 -0.175375
v 0.460242 0.169641 -0.173137
v 0.460382 0.170618 -0.174774
v 0.460857 0.170564 -0.172652
v 0.459094 0.174795 0.176505
v 0.459831 0.175316 0.177966
v 0.460007 0.173415 0.178485
v 0.459330 0.172944 0.177135
v 0.459500 0.170544 0.179765
v 0.458431 0.169641 0.180807
v 0.457697 0.169641 0.178941
v 0.459087 0.170641 0.178219
v 0.460242 0.169641 0.173137
v 0.460858 0.170564 0.172652
v 0.460382 0.170618 0.174774
v 0.459514 0.173788 0.174668
v 0.460247 0.172028 0.175375
v 0.460103 0.172375 0.173381
v -0.360580 0.399181 0.145439
v -0.359568 0.399181 0.143714
v -0.361398 0.398623 0.142993
v -0.362622 0.398520 0.144575
v -0.366682 0.395073 0.141332
v -0.367897 0.393593 0.138543
v -0.368143 0.393003 0.141338
v -0.368883 0.393518 0.142799
v -0.367598 0.395177 0.143012
v -0.366682 0.395073 -0.141332
v -0.367598 0.395177 -0.143012
v -0.368883 0.393518 -0.142799
v -0.368143 0.393003 -0.141338
v -0.367897 0.393593 -0.138543
v -0.361398 0.398623 -0.142993
v -0.359568 0.399181 -0.143714
v -0.360580 0.399181 -0.145439
v -0.362622 0.398520 -0.144575
v 0.360580 0.399181 -0.145439
v 0.359568 0.399181 -0.143714
v 0.361398 0.398623 -0.142993
v 0.362622 0.398520 -0.144575
v 0.366682 0.395073 -0.141332
v 0.367897 0.393593 -0.138543
v 0.368143 0.393003 -0.141338
v 0.368883 0.393518 -0.142799
v 0.367598 0.395177 -0.143012
v 0.366682 0.395073 0.141332
v 0.367598 0.395177 0.143012
v 0.368883 0.393518 0.142799
v 0.368143 0.393003 0.141338
v 0.367897 0.393593 0.138543
v 0.361398 0.398623 0.142993
v 0.359568 0.399181 0.143714
v 0.360580 0.399181 0.145439
v 0.362622 0.398520 0.144575
v -0.389005 0.173430 -0.497389
v -0.390958 0.173549 -0.496752
v -0.392337 0.175158 -0.495624
v -0.390769 0.176268 -0.496297
v -0.389387 0.175200 -0.497488
v -0.386984 0.170501 -0.495647
v -0.385142 0.169641 -0.494135
v -0.387554 0.169641 -0.493721
v -0.388772 0.170382 -0.494868
v -0.493721 0.169641 -0.387554
v -0.494135 0.169641 -0.385142
v -0.495647 0.170501 -0.386984
v -0.494868 0.170382 -0.388772
v -0.497389 0.173430 -0.389005
v -0.497488 0.175200 -0.389387
v -0.496297 0.176268 -0.390769
v -0.495624 0.175158 -0.392337
v -0.496752 0.173549 -0.390958
v -0.397545 0.395090 -0.311351
v -0.396856 0.395061 -0.313197
v -0.396955 0.393674 -0.315007
v -0.398537 0.392633 -0.314264
v -0.398794 0.393631 -0.312152
v -0.392123 0.398634 -0.308515
v -0.390286 0.399181 -0.307672
v -0.389521 0.399181 -0.309520
v -0.391348 0.398662 -0.310316
v -0.309520 0.399181 -0.389521
v -0.307673 0.399181 -0.390286
v -0.308515 0.398634 -0.392123
v -0.310316 0.398662 -0.391348
v -0.311351 0.395090 -0.397545
v -0.312152 0.393631 -0.398794
v -0.314264 0.392633 -0.398537
v -0.315007 0.393674 -0.396955
v -0.313197 0.395061 -0.396856
v 0.311351 0.395090 -0.397545
v 0.313197 0.395061 -0.396856
v 0.315007 0.393674 -0.396955
v 0.314264 0.392633 -0.398537
v 0.312152 0.393631 -0.398794
v 0.308515 0.398634 -0.392123
v 0.307672 0.399181 -0.390286
v 0.309520 0.399181 -0.389521
v 0.310316 0.398662 -0.391348
v 0.389521 0.399181 -0.309520
v 0.390286 0.399181 -0.307673
v 0.392123 0.398634 -0.308515
v 0.391348 0.398662 -0.310316
v 0.397545 0.395090 -0.311351
v 0.398794 0.393631 -0.312152
v 0.398537 0.392633 -0.314264
v 0.396955 0.393674 -0.315007
v 0.396856 0.395061 -0.313197
v 0.497389 0.173430 -0.389005
v 0.496752 0.173549 -0.390958
v 0.495624 0.175158 -0.392337
v 0.496297 0.176268 -0.390769
v 0.497488 0.175200 -0.389387
v 0.495647 0.170501 -0.386984
v 0.494135 0.169641 -0.385142
v 0.493721 0.169641 -0.387554
v 0.494868 0.170382 -0.388772
v 0.387554 0.169641 -0.493721
v 0.385142 0.169641 -0.494135
v 0.386984 0.170501 -0.495647
v 0.388772 0.170382 -0.494868
v 0.389005 0.173430 -0.497389
v 0.389387 0.175200 -0.497488
v 0.390769 0.176268 -0.496297
v 0.392337 0.175158 -0.495624
v 0.390958 0.173549 -0.496752
v 0.389005 0.173430 0.497389
v 0.390958 0.173549 0.496752
v 0.392337 0.175158 0.495624
v 0.390769 0.176268 0.496297
v 0.389387 0.175200 0.497488
v 0.386984 0.170501 0.495647
v 0.385142 0.169641 0.494135
v 0.387554 0.169641 0.493721
v 0.388772 0.170382 0.494868
v 0.493721 0.169641 0.387554
v 0.494135 0.169641 0.385142
v 0.495647 0.170501 0.386984
v 0.494868 0.170382 0.388772
v 0.497389 0.173430 0.389005
v 0.497488 0.175200 0.389387
v 0.496297 0.176268 0.390769
v 0.495624 0.175158 0.392337
v 0.496752 0.173549 0.390958
v 0.397545 0.395090 0.311351
v 0.396856 0.395061 0.313197
v 0.396955 0.393674 0.315007
v 0.398537 0.392633 0.314264
v 0.398794 0.393631 0.312152
v 0.392123 0.398634 0.308515
v 0.390286 0.399181 0.307672
v 0.389521 0.399181 0.309520
v 0.391348 0.398662 0.310316
v 0.309520 0.399181 0.389521
v 0.307673 0.399181 0.390286
v 0.308515 0.398634 0.392123
v 0.310316 0.398662 0.391348
v 0.311351 0.395090 0.397545
v 0.312152 0.393631 0.398794
v 0.314264 0.392633 0.398537
v 0.315007 0.393674 0.396955
v 0.313197 0.395061 0.396856
v -0.311351 0.395090 0.397545
v -0.313197 0.395061 0.396856
v -0.315007 0.393674 0.396955
v -0.314264 0.392633 0.398537
v -0.312152 0.393631 0.398794
v -0.308515 0.398634 0.392123
v -0.307672 0.399181 0.390286
v -0.309520 0.399181 0.389521
v -0.310316 0.398662 0.391348
v -0.389521 0.399181 0.309520
v -0.390286 0.399181 0.307673
v -0.392123 0.398634 0.308515
v -0.391348 0.398662 0.310316
v -0.397545 0.395090 0.311351
v -0.398794 0.393631 0.312152
v -0.398537 0.392633 0.314264
v -0.396955 0.393674 0.315007
v -0.396856 0.395061 0.313197
v -0.497389 0.173430 0.389005
v -0.496752 0.173549 0.390958
v -0.495624 0.175158 0.392337
v -0.496297 0.176268 0.390769
v -0.497488 0.175200 0.389387
v -0.495647 0.170501 0.386984
v -0.494135 0.169641 0.385142
v -0.493721 0.169641 0.387554
v -0.494868 0.170382 0.388772
v -0.387554 0.169641 0.493721
v -0.385142 0.169641 0.494135
v -0.386984 0.170501 0.495647
v -0.388772 0.170382 0.494868
v -0.389005 0.173430 0.497389
v -0.389387 0.175200 0.497488
v -0.390769 0.176268 0.496297
v -0.392337 0.175158 0.495624
v -0.390958 0.173549 0.496752
v -0.130775 0.390732 0.282041
v 0.130775 0.390732 0.282041
v -0.092472 0.496715 0.243738
v -0.151857 0.376529 0.287173
v -0.130775 0.388064 0.274659
v 0.130775 0.388064 0.274659
v -0.092472 0.494047 0.236357
v 0.092472 0.494047 0.236357
v 0.092472 0.496715 0.243738
v 0.103289 0.510917 0.238606
v 0.093685 0.520730 0.220435
v 0.238606 0.510917 0.103289
v -0.103289 0.510917 0.238606
v 0.151857 0.376529 0.287173
v 0.287173 0.376529 0.151857
v 0.287173 0.376529 -0.151857
v 0.282041 0.390732 0.130775
v 0.282041 0.390732 -0.130775
v 0.243738 0.496715 0.092472
v 0.274659 0.388064 0.130775
v 0.274659 0.388064 -0.130775
v 0.236357 0.494047 0.092472
v 0.236357 0.494047 -0.092472
v 0.243738 0.496715 -0.092472
v 0.238606 0.510917 -0.103289
v 0.220435 0.520730 -0.093685
v 0.103289 0.510917 -0.238606
v 0.093685 0.520730 -0.220435
v -0.103289 0.510917 -0.238606
v 0.151857 0.376529 -0.287173
v 0.092472 0.496715 -0.243738
v -0.092472 0.496715 -0.243738
v 0.130775 0.390732 -0.282041
v 0.092472 0.494047 -0.236357
v -0.092472 0.494047 -0.236357
v 0.130775 0.388064 -0.274659
v -0.130775 0.388064 -0.274659
v -0.130775 0.390732 -0.282041
v -0.151857 0.376529 -0.287173
v -0.287173 0.376529 -0.151857
v -0.287173 0.376529 0.151857
v -0.238606 0.510917 -0.103289
v -0.282041 0.390732 -0.130775
v -0.282041 0.390732 0.130775
v -0.243738 0.496715 -0.092472
v -0.274659 0.388064 -0.130775
v -0.274659 0.388064 0.130775
v -0.236357 0.494047 -0.092472
v -0.236357 0.494047 0.092472
v -0.243738 0.496715 0.092472
v -0.238606 0.510917 0.103289
v -0.220435 0.520730 0.093685
v -0.093685 0.520730 0.220435
v -0.220435 0.520730 -0.093685
v -0.203923 0.520730 0.086846
v -0.193188 0.509995 0.082399
v -0.088457 0.520730 0.207812
v -0.207812 0.520730 -0.088457
v -0.193188 0.509995 -0.082399
v -0.088457 0.520730 -0.207812
v -0.082399 0.509995 -0.193188
v 0.088457 0.520730 -0.207812
v -0.095296 0.520730 -0.224325
v 0.082399 0.509995 -0.193188
v 0.207812 0.520730 -0.088457
v 0.193188 0.509995 -0.082399
v 0.207812 0.520730 0.088457
v 0.193188 0.509995 0.082399
v 0.088457 0.520730 0.207812
v 0.224325 0.520730 0.095296
v 0.082399 0.509995 0.193188
v -0.082399 0.509995 0.193188
v 0.082399 0.507013 0.193188
v 0.193188 0.507013 0.082399
v -0.082399 0.507013 0.193188
v 0.074119 0.507013 0.173197
v 0.173197 0.507013 0.074119
v -0.074119 0.507013 0.173197
v -0.173197 0.507013 0.074119
v -0.173197 0.507013 -0.074119
v -0.193188 0.507013 0.082399
v -0.193188 0.507013 -0.082399
v -0.082399 0.507013 -0.193188
v 0.082399 0.507013 -0.193188
v -0.074119 0.507013 -0.173197
v 0.074119 0.507013 -0.173197
v 0.173197 0.507013 -0.074119
v 0.193188 0.507013 -0.082399
v 0.173197 0.618961 0.074119
v 0.074119 0.618961 0.173197
v 0.173197 0.618961 -0.074119
v 0.159492 0.632497 0.068254
v 0.068254 0.632497 0.159492
v 0.159492 0.632497 -0.068254
v 0.142379 0.632497 0.061303
v 0.061303 0.632497 0.142379
v 0.142379 0.632497 -0.061303
v 0.061303 0.632497 -0.142379
v -0.061303 0.632497 -0.142379
v 0.068254 0.632497 -0.159492
v -0.068254 0.632497 -0.159492
v 0.074119 0.618961 -0.173197
v -0.074119 0.618961 -0.173197
v -0.173197 0.618961 -0.074119
v -0.173197 0.618961 0.074119
v -0.159492 0.632497 -0.068254
v -0.159492 0.632497 0.068254
v -0.142379 0.632497 -0.061303
v -0.142379 0.632497 0.061303
v -0.061303 0.632497 0.142379
v -0.068254 0.632497 0.159492
v -0.074119 0.618961 0.173197
v 0.170254 0.601778 0.072900
v 0.170254 0.593326 0.072900
v 0.170254 0.577427 0.072900
v 0.170254 0.570937 0.072900
v 0.170254 0.555038 0.072900
v 0.170254 0.548547 0.072900
v 0.170254 0.534609 0.072900
v 0.170254 0.526157 0.072900
v 0.072900 0.599817 0.170254
v 0.072900 0.593326 0.170254
v 0.072900 0.577427 0.170254
v 0.072900 0.570937 0.170254
v 0.072900 0.556999 0.170254
v 0.072900 0.548547 0.170254
v 0.072900 0.532648 0.170254
v 0.072900 0.526157 0.170254
v -0.170254 0.593326 0.072900
v -0.170254 0.599817 0.072900
v -0.072900 0.599817 0.170254
v -0.072900 0.593326 0.170254
v -0.170254 0.568975 0.072900
v -0.170254 0.579389 0.072900
v -0.072900 0.579389 0.170254
v -0.072900 0.570937 0.170254
v -0.170254 0.546586 0.072900
v -0.170254 0.556999 0.072900
v -0.072900 0.556999 0.170254
v -0.072900 0.548547 0.170254
v -0.170254 0.526157 0.072900
v -0.170254 0.534609 0.072900
v -0.072900 0.534609 0.170254
v -0.072900 0.524196 0.170254
v -0.173197 0.524196 -0.074119
v -0.173197 0.534609 -0.074119
v -0.173197 0.546586 -0.074119
v -0.173197 0.556999 -0.074119
v -0.173197 0.568975 -0.074119
v -0.173197 0.579389 -0.074119
v -0.173197 0.591365 -0.074119
v -0.173197 0.601778 -0.074119
v -0.074119 0.524196 -0.173197
v -0.074119 0.534609 -0.173197
v -0.074119 0.546586 -0.173197
v -0.074119 0.556999 -0.173197
v -0.074119 0.568975 -0.173197
v -0.074119 0.579389 -0.173197
v -0.074119 0.591365 -0.173197
v -0.074119 0.601778 -0.173197
v 0.074119 0.524196 -0.173197
v 0.074119 0.534609 -0.173197
v 0.074119 0.546586 -0.173197
v 0.074119 0.556999 -0.173197
v 0.074119 0.568975 -0.173197
v 0.074119 0.579389 -0.173197
v 0.074119 0.591365 -0.173197
v 0.074119 0.601778 -0.173197
v 0.173197 0.524196 -0.074119
v 0.173197 0.534609 -0.074119
v 0.173197 0.546586 -0.074119
v 0.173197 0.556999 -0.074119
v 0.173197 0.568975 -0.074119
v 0.173197 0.579389 -0.074119
v 0.173197 0.591365 -0.074119
v 0.173197 0.601778 -0.074119
v 0.173197 0.524196 0.074119
v 0.173197 0.534609 0.074119
v 0.173197 0.546586 0.074119
v 0.173197 0.556999 0.074119
v 0.173197 0.568975 0.074119
v 0.173197 0.579389 0.074119
v 0.173197 0.591365 0.074119
v 0.173197 0.601778 0.074119
v 0.074119 0.524196 0.173197
v 0.074119 0.534609 0.173197
v 0.074119 0.546586 0.173197
v 0.074119 0.556999 0.173197
v 0.074119 0.568975 0.173197
v 0.074119 0.579389 0.173197
v 0.074119 0.591365 0.173197
v 0.074119 0.601778 0.173197
v -0.173197 0.534609 0.074119
v -0.173197 0.524196 0.074119
v -0.173197 0.556999 0.074119
v -0.173197 0.546586 0.074119
v -0.173197 0.579389 0.074119
v -0.173197 0.568975 0.074119
v -0.173197 0.601778 0.074119
v -0.173197 0.591365 0.074119
v -0.074119 0.524196 0.173197
v -0.074119 0.534609 0.173197
v -0.074119 0.546586 0.173197
v -0.074119 0.556999 0.173197
v -0.074119 0.568975 0.173197
v -0.074119 0.579389 0.173197
v -0.074119 0.591365 0.173197
v -0.074119 0.601778 0.173197
v 0.170254 0.526157 -0.072900
v 0.170254 0.532648 -0.072900
v 0.170254 0.548547 -0.072900
v 0.170254 0.555038 -0.072900
v 0.170254 0.570937 -0.072900
v 0.170254 0.579389 -0.072900
v 0.170254 0.593326 -0.072900
v 0.170254 0.601778 -0.072900
v 0.072900 0.526157 -0.170254
v 0.072900 0.532648 -0.170254
v 0.072900 0.548547 -0.170254
v 0.072900 0.556999 -0.170254
v 0.072900 0.568975 -0.170254
v 0.072900 0.577427 -0.170254
v 0.072900 0.591365 -0.170254
v 0.072900 0.601778 -0.170254
v -0.072900 0.524196 -0.170254
v -0.072900 0.534609 -0.170254
v -0.072900 0.546586 -0.170254
v -0.072900 0.556999 -0.170254
v -0.072900 0.568975 -0.170254
v -0.072900 0.577427 -0.170254
v -0.072900 0.593326 -0.170254
v -0.072900 0.599817 -0.170254
v -0.170254 0.526157 -0.072900
v -0.170254 0.532648 -0.072900
v -0.170254 0.548547 -0.072900
v -0.170254 0.555038 -0.072900
v -0.170254 0.568975 -0.072900
v -0.170254 0.579389 -0.072900
v -0.170254 0.591365 -0.072900
v -0.170254 0.601778 -0.072900
v 0.170254 0.591365 0.072900
v 0.170254 0.591365 -0.072900
v 0.170254 0.524196 0.072900
v 0.170254 0.524196 -0.072900
v 0.072900 0.546586 0.170254
v 0.170254 0.546586 0.072900
v -0.072900 0.568975 0.170254
v 0.072900 0.568975 0.170254
v -0.170254 0.591365 0.072900
v -0.072900 0.591365 0.170254
v -0.072900 0.579389 -0.170254
v 0.072900 0.579389 -0.170254
v 0.170254 0.546586 -0.072900
v 0.072900 0.546586 -0.170254
v 0.072900 0.534609 -0.170254
v 0.170254 0.534609 -0.072900
v 0.170254 0.568975 0.072900
v 0.170254 0.568975 -0.072900
v 0.170254 0.556999 -0.072900
v 0.170254 0.556999 0.072900
v 0.072900 0.591365 0.170254
v 0.170254 0.579389 0.072900
v 0.072900 0.579389 0.170254
v 0.072900 0.524196 0.170254
v 0.072900 0.601778 0.170254
v -0.072900 0.601778 0.170254
v -0.072900 0.546586 0.170254
v 0.072900 0.534609 0.170254
v -0.072900 0.532648 0.170254
v -0.170254 0.601778 0.072900
v -0.170254 0.524196 0.072900
v -0.072900 0.526157 0.170254
v -0.170254 0.532648 0.072900
v -0.170254 0.570937 0.072900
v -0.072900 0.577427 0.170254
v -0.170254 0.577427 0.072900
v -0.170254 0.548547 0.072900
v -0.072900 0.555038 0.170254
v -0.170254 0.555038 0.072900
v 0.072900 0.555038 0.170254
v 0.170254 0.532648 0.072900
v 0.170254 0.599817 0.072900
v 0.170254 0.577427 -0.072900
v 0.072900 0.555038 -0.170254
v 0.072900 0.524196 -0.170254
v 0.170254 0.599817 -0.072900
v -0.072900 0.548547 -0.170254
v -0.072900 0.526157 -0.170254
v 0.072900 0.593326 -0.170254
v 0.072900 0.570937 -0.170254
v -0.072900 0.555038 -0.170254
v -0.072900 0.532648 -0.170254
v 0.072900 0.599817 -0.170254
v -0.072900 0.570937 -0.170254
v -0.072900 0.601778 -0.170254
v -0.072900 0.591365 -0.170254
v -0.170254 0.534609 -0.072900
v -0.170254 0.524196 -0.072900
v -0.170254 0.556999 -0.072900
v -0.170254 0.546586 -0.072900
v -0.170254 0.577427 -0.072900
v -0.170254 0.570937 -0.072900
v -0.170254 0.599817 -0.072900
v -0.170254 0.593326 -0.072900
v 0.072211 0.593326 -0.168592
v 0.072211 0.599817 -0.168592
v -0.168592 0.555038 0.072211
v -0.168592 0.548547 0.072211
v -0.072211 0.526157 0.168592
v -0.072211 0.532648 0.168592
v -0.072211 0.570937 -0.168592
v -0.072211 0.577427 -0.168592
v -0.072211 0.548547 -0.168592
v -0.072211 0.555038 -0.168592
v -0.072211 0.526157 -0.168592
v -0.072211 0.532648 -0.168592
v 0.072211 0.570937 -0.168592
v 0.072211 0.577427 -0.168592
v 0.072211 0.548547 -0.168592
v 0.072211 0.555038 -0.168592
v 0.168592 0.593326 -0.072211
v 0.168592 0.599817 -0.072211
v 0.168592 0.570937 -0.072211
v 0.168592 0.577427 -0.072211
v 0.168592 0.526157 -0.072211
v 0.168592 0.532648 -0.072211
v 0.168592 0.593326 0.072211
v 0.168592 0.599817 0.072211
v 0.168592 0.548547 0.072211
v 0.168592 0.555038 0.072211
v 0.168592 0.526157 0.072211
v 0.168592 0.532648 0.072211
v 0.072211 0.570937 0.168592
v 0.072211 0.577427 0.168592
v 0.072211 0.548547 0.168592
v 0.072211 0.555038 0.168592
v -0.072211 0.593326 0.168592
v -0.072211 0.599817 0.168592
v -0.168592 0.577427 0.072211
v -0.168592 0.570937 0.072211
v -0.072211 0.570937 0.168592
v -0.072211 0.577427 0.168592
v -0.072211 0.548547 0.168592
v -0.072211 0.555038 0.168592
v -0.168592 0.532648 0.072211
v -0.168592 0.526157 0.072211
v 0.072211 0.526157 0.168592
v 0.072211 0.532648 0.168592
v -0.168592 0.599817 0.072211
v -0.168592 0.593326 0.072211
v 0.072211 0.593326 0.168592
v 0.072211 0.599817 0.168592
v 0.168592 0.570937 0.072211
v 0.168592 0.577427 0.072211
v 0.168592 0.548547 -0.072211
v 0.168592 0.555038 -0.072211
v 0.072211 0.526157 -0.168592
v 0.072211 0.532648 -0.168592
v -0.072211 0.593326 -0.168592
v -0.072211 0.599817 -0.168592
v -0.168592 0.526157 -0.072211
v -0.168592 0.532648 -0.072211
v -0.168592 0.548547 -0.072211
v -0.168592 0.555038 -0.072211
v -0.168592 0.570937 -0.072211
v -0.168592 0.577427 -0.072211
v -0.168592 0.593326 -0.072211
v -0.168592 0.599817 -0.072211
v -0.095296 0.520730 0.224325
v -0.224325 0.520730 0.095296
v -0.224325 0.520730 -0.095296
v -0.207812 0.520730 0.088457
v -0.086846 0.520730 0.203923
v -0.203923 0.520730 -0.086846
v -0.086846 0.520730 -0.203923
v 0.086846 0.520730 -0.203923
v -0.093685 0.520730 -0.220435
v 0.095296 0.520730 -0.224325
v 0.203923 0.520730 -0.086846
v 0.203923 0.520730 0.086846
v 0.086846 0.520730 0.203923
v 0.220435 0.520730 0.093685
v 0.095296 0.520730 0.224325
v 0.224325 0.520730 -0.095296
v -0.220435 0.517783 0.093685
v -0.207812 0.517783 0.088457
v -0.207812 0.517783 -0.088457
v -0.220435 0.517783 -0.093685
v -0.093685 0.517783 -0.220435
v -0.088457 0.517783 -0.207812
v 0.088457 0.517783 -0.207812
v 0.093685 0.517783 -0.220435
v 0.220435 0.517783 -0.093685
v 0.207812 0.517783 -0.088457
v 0.220435 0.517783 0.093685
v 0.207812 0.517783 0.088457
v 0.093685 0.517783 0.220435
v 0.088457 0.517783 0.207812
v -0.093685 0.517783 0.220435
v -0.088457 0.517783 0.207812
v 0.124303 0.615954 0.042685
v 0.042685 0.615954 0.124303
v 0.124303 0.615954 -0.042685
v 0.042685 0.615954 -0.124303
v -0.042685 0.615954 -0.124303
v -0.124303 0.615954 -0.042685
v -0.124303 0.615954 0.042685
v -0.042685 0.615954 0.124303
v 0.142379 0.604823 0.061303
v 0.061303 0.604823 0.142379
v 0.142379 0.604823 -0.061303
v 0.061303 0.604823 -0.142379
v -0.061303 0.604823 -0.142379
v -0.142379 0.604823 -0.061303
v -0.142379 0.604823 0.061303
v -0.061303 0.604823 0.142379
v 0.038936 0.808961 0.088382
v -0.038936 0.808961 -0.088382
v -0.088382 0.808961 0.038936
v 0.088382 0.808961 -0.038936
v 0.088382 1.178011 0.038936
v 0.038936 1.178011 -0.088382
v -0.088382 1.178011 -0.038936
v -0.038936 1.178011 0.088382
v 0.112994 1.181126 0.049779
v 0.049779 1.181126 0.112994
v 0.112994 1.181126 -0.049779
v 0.049779 1.181126 -0.112994
v -0.049779 1.181126 -0.112994
v -0.112994 1.181126 -0.049779
v -0.112994 1.181126 0.049779
v -0.049779 1.181126 0.112994
v 0.112994 1.213524 0.049779
v 0.055050 1.239477 0.025778
v 0.025778 1.239477 0.055050
v 0.049779 1.213524 0.112994
v 0.109955 1.217085 -0.048520
v 0.055050 1.239477 -0.025778
v 0.049779 1.213524 -0.112994
v 0.025778 1.239477 -0.055050
v -0.048520 1.217085 -0.109955
v -0.025778 1.239477 -0.055050
v -0.112994 1.213524 -0.049779
v -0.055050 1.239477 -0.025778
v -0.112994 1.213524 0.049779
v -0.055050 1.239477 0.025778
v -0.049779 1.213524 0.112994
v -0.025778 1.239477 0.055050
v 0.097417 1.229101 0.043327
v 0.044586 1.225540 0.100456
v 0.097417 1.229101 -0.043327
v 0.043327 1.229101 -0.097417
v -0.043327 1.229101 -0.097417
v -0.097417 1.229101 -0.043327
v -0.097417 1.229101 0.043327
v -0.043327 1.229101 0.097417
v 0.034346 1.252825 0.016083
v 0.016083 1.252825 0.034346
v 0.034345 1.252825 -0.016083
v 0.016083 1.252825 -0.034345
v -0.016083 1.252825 -0.034345
v -0.034345 1.252825 -0.016083
v -0.034345 1.252825 0.016083
v -0.016083 1.252825 0.034346
v 0.088382 0.808961 0.004394
v 0.088382 0.823844 0.038936
v 0.100912 0.808961 0.044126
v 0.004394 0.808961 -0.088382
v 0.038936 0.823844 -0.088382
v 0.044126 0.808961 -0.100912
v -0.088382 0.823844 -0.038936
v -0.078791 0.808961 -0.048527
v -0.100912 0.808961 -0.044126
v -0.038936 0.823844 0.088382
v -0.048527 0.808961 0.078791
v -0.044126 0.808961 0.100912
v 0.004394 1.178011 0.088382
v 0.048527 1.178011 0.078791
v 0.044368 1.179571 0.100711
v 0.088382 1.178011 -0.004394
v 0.088382 1.163128 -0.038936
v 0.078791 1.178011 -0.048527
v 0.100711 1.179571 -0.044368
v -0.038936 1.163128 -0.088382
v -0.044368 1.179571 -0.100711
v -0.088382 1.178011 0.004394
v -0.078791 1.178011 0.048527
v -0.100711 1.179571 0.044368
v -0.088382 0.890951 -0.038936
v -0.088382 0.861171 -0.038936
v -0.088382 0.958055 -0.038936
v -0.088382 0.928267 -0.038936
v -0.088382 1.025155 -0.038936
v -0.088382 0.995367 -0.038936
v -0.088382 1.092253 -0.038936
v -0.088382 1.062468 -0.038936
v -0.088382 1.159347 -0.038936
v -0.088382 1.129574 -0.038936
v -0.038936 1.125801 -0.088382
v -0.038936 1.096021 -0.088382
v -0.038936 1.058705 -0.088382
v -0.038936 1.028917 -0.088382
v -0.038936 0.991606 -0.088382
v -0.038936 0.961817 -0.088382
v -0.038936 0.924504 -0.088382
v -0.038936 0.894719 -0.088382
v -0.038936 0.857398 -0.088382
v -0.038936 0.827625 -0.088382
v 0.038936 0.890951 -0.088382
v 0.038936 0.861171 -0.088382
v 0.038936 0.958055 -0.088382
v 0.038936 0.928267 -0.088382
v 0.038936 1.025155 -0.088382
v 0.038936 0.995367 -0.088382
v 0.038936 1.092253 -0.088382
v 0.038936 1.062468 -0.088382
v 0.038936 1.159347 -0.088382
v 0.038936 1.129574 -0.088382
v 0.088382 1.125801 -0.038936
v 0.088382 1.096021 -0.038936
v 0.088382 1.058705 -0.038936
v 0.088382 1.028917 -0.038936
v 0.088382 0.991606 -0.038936
v 0.088382 0.961817 -0.038936
v 0.088382 0.924504 -0.038936
v 0.088382 0.894719 -0.038936
v 0.088382 0.857398 -0.038936
v 0.088382 0.827625 -0.038936
v 0.088382 0.890951 0.038936
v 0.088382 0.861171 0.038936
v 0.088382 0.958055 0.038936
v 0.088382 0.928267 0.038936
v 0.088382 1.025155 0.038936
v 0.088382 0.995367 0.038936
v 0.088382 1.092253 0.038936
v 0.088382 1.062468 0.038936
v 0.088382 1.159347 0.038936
v 0.088382 1.129574 0.038936
v 0.038936 1.125801 0.088382
v 0.038936 1.096021 0.088382
v 0.038936 1.058705 0.088382
v 0.038936 1.028917 0.088382
v 0.038936 0.991606 0.088382
v 0.038936 0.961817 0.088382
v 0.038936 0.924504 0.088382
v 0.038936 0.894719 0.088382
v 0.038936 0.857398 0.088382
v 0.038936 0.827625 0.088382
v -0.038936 1.159347 0.088382
v -0.038936 1.129574 0.088382
v -0.038936 1.092253 0.088382
v -0.038936 1.062469 0.088382
v -0.038936 1.025156 0.088382
v -0.038936 0.995367 0.088382
v -0.038936 0.958055 0.088382
v -0.038936 0.928267 0.088382
v -0.038936 0.890951 0.088382
v -0.038936 0.861171 0.088382
v -0.088382 0.857398 0.038936
v -0.088382 0.827625 0.038936
v -0.088382 0.924503 0.038936
v -0.088382 0.894719 0.038936
v -0.088382 0.991605 0.038936
v -0.088382 0.961817 0.038936
v -0.088382 1.058705 0.038936
v -0.088382 1.028917 0.038936
v -0.088382 1.125801 0.038936
v -0.088382 1.096021 0.038936
v 0.088382 1.178568 -0.038936
v -0.038936 1.178568 -0.088382
v 0.038936 1.178568 0.088382
v -0.088382 0.808961 -0.038936
v -0.038936 0.808961 0.088382
v -0.004394 1.178011 -0.088382
v 0.038936 1.163128 0.088382
v -0.088382 1.178568 0.038936
v -0.088382 1.163128 0.038936
v -0.048527 1.178011 -0.078791
v 0.038936 0.808961 -0.088382
v 0.088382 0.808961 0.038936
v 0.048527 0.808961 -0.078791
v -0.004394 0.808961 0.088382
v 0.078791 0.808961 0.048527
v -0.088382 0.808961 -0.004393
v 0.103444 0.808961 0.004394
v 0.103126 0.823844 0.042018
v 0.004394 0.808961 -0.103444
v 0.042018 0.823844 -0.103126
v -0.103126 0.823844 -0.042018
v -0.089442 0.808961 -0.059178
v -0.042018 0.823844 0.103126
v -0.059178 0.808961 0.089442
v 0.103444 1.178011 -0.004394
v 0.103126 1.163128 -0.042018
v 0.089442 1.178011 -0.059178
v 0.004394 1.178011 0.103444
v -0.043086 1.159347 0.102862
v -0.046203 1.129574 0.101576
v -0.101576 1.125801 0.046203
v -0.102862 1.096021 0.043086
v -0.102862 1.092253 -0.043086
v -0.101576 1.062468 -0.046203
v -0.046203 1.058705 -0.101576
v -0.043086 1.028917 -0.102862
v 0.043086 1.025155 -0.102862
v 0.046203 0.995367 -0.101576
v 0.101576 0.991606 -0.046203
v 0.102862 0.961817 -0.043086
v 0.102862 0.958055 0.043086
v 0.101576 0.928267 0.046203
v 0.046203 0.924504 0.101576
v 0.043086 0.894719 0.102862
v -0.043086 0.890951 0.102862
v -0.046203 0.861171 0.101576
v -0.101576 0.857398 0.046203
v -0.102862 0.827625 0.043086
v -0.103444 1.178011 0.004394
v -0.102862 1.159347 -0.043086
v -0.101576 1.129574 -0.046203
v 0.043086 1.159347 -0.102862
v 0.046203 1.129574 -0.101576
v -0.042018 1.163128 -0.103126
v 0.102862 1.159347 0.043086
v 0.101576 1.129574 0.046203
v -0.046203 1.125801 -0.101576
v -0.043086 1.096021 -0.102862
v 0.043086 1.092253 -0.102862
v 0.046203 1.062468 -0.101576
v 0.101576 1.058705 -0.046203
v 0.102862 1.028917 -0.043086
v 0.102862 1.025155 0.043086
v 0.101576 0.995367 0.046203
v 0.101576 1.125801 -0.046203
v 0.102862 1.096021 -0.043086
v 0.102862 1.092253 0.043086
v 0.101576 1.062468 0.046203
v 0.046203 1.125801 0.101576
v 0.043086 1.096021 0.102862
v -0.043086 1.092253 0.102862
v -0.046203 1.062469 0.101576
v 0.046203 1.058705 0.101576
v 0.043086 1.028917 0.102862
v -0.043086 1.025156 0.102862
v -0.046203 0.995367 0.101576
v 0.046203 0.991606 0.101576
v 0.043086 0.961817 0.102862
v -0.043086 0.958055 0.102862
v -0.046203 0.928267 0.101576
v -0.101576 1.058705 0.046203
v -0.102862 1.028917 0.043086
v -0.102862 1.025155 -0.043086
v -0.101576 0.995367 -0.046203
v -0.101576 0.991605 0.046203
v -0.102862 0.961817 0.043086
v -0.102862 0.958055 -0.043086
v -0.101576 0.928267 -0.046203
v -0.101576 0.924503 0.046203
v -0.102862 0.894719 0.043086
v -0.102862 0.890951 -0.043086
v -0.101576 0.861171 -0.046203
v -0.046203 0.991606 -0.101576
v -0.043086 0.961817 -0.102862
v 0.043086 0.958055 -0.102862
v 0.046203 0.928267 -0.101576
v -0.046203 0.924504 -0.101576
v -0.043086 0.894719 -0.102862
v 0.043086 0.890951 -0.102862
v 0.046203 0.861171 -0.101576
v -0.046203 0.857398 -0.101576
v -0.043086 0.827625 -0.102862
v 0.101576 0.924504 -0.046203
v 0.102862 0.894719 -0.043086
v 0.102862 0.890951 0.043086
v 0.101576 0.861171 0.046203
v 0.101576 0.857398 -0.046203
v 0.102862 0.827625 -0.043086
v 0.046203 0.857398 0.101576
v 0.043086 0.827625 0.102862
v 0.044654 1.178568 0.102317
v 0.059178 1.178011 0.089442
v -0.103126 1.163128 0.042018
v -0.102317 1.178568 0.044654
v -0.044700 0.808961 0.102298
v -0.102298 0.808961 -0.044700
v 0.044700 0.808961 -0.102298
v 0.059178 0.808961 -0.089442
v 0.102298 0.808961 0.044700
v 0.089442 0.808961 0.059178
v -0.089442 1.178011 0.059178
v 0.042018 1.163128 0.103126
v -0.103444 0.808961 -0.004393
v -0.004394 0.808961 0.103444
v -0.004394 1.178011 -0.103444
v -0.059178 1.178011 -0.089442
v -0.044654 1.178568 -0.102317
v 0.102317 1.178568 -0.044654
v 0.100456 1.225540 0.044586
v 0.043327 1.229101 0.097417
v 0.048520 1.217085 0.109955
v 0.109955 1.217085 0.048520
v 0.112994 1.213524 -0.049779
v 0.100456 1.225540 -0.044586
v 0.044586 1.225540 -0.100456
v 0.048520 1.217085 -0.109955
v -0.049779 1.213524 -0.112994
v -0.044586 1.225540 -0.100456
v -0.100456 1.225540 -0.044586
v -0.109955 1.217085 -0.048520
v -0.100456 1.225540 0.044586
v -0.109955 1.217085 0.048520
v -0.044586 1.225540 0.100456
v -0.048520 1.217085 0.109955
v 0.109500 1.216486 0.048332
v 0.100002 1.224941 0.044397
v 0.044397 1.224941 0.100002
v 0.048332 1.216486 0.109500
v 0.109500 1.216486 -0.048332
v 0.100002 1.224941 -0.044397
v 0.048332 1.216486 -0.109500
v 0.044397 1.224941 -0.100002
v -0.048332 1.216486 -0.109500
v -0.044397 1.224941 -0.100002
v -0.109500 1.216486 -0.048332
v -0.100002 1.224941 -0.044397
v -0.109500 1.216486 0.048332
v -0.100002 1.224941 0.044397
v -0.048332 1.216486 0.109500
v -0.044397 1.224941 0.100002
v 0.124303 0.784752 0.042685
v 0.111224 0.808961 0.048398
v 0.048398 0.808961 0.111224
v 0.042685 0.784752 0.124303
v 0.124303 0.784752 -0.042685
v 0.111224 0.808961 -0.048398
v 0.042685 0.784752 -0.124303
v 0.048398 0.808961 -0.111224
v -0.042685 0.784752 -0.124303
v -0.048398 0.808961 -0.111224
v -0.124303 0.784752 -0.042685
v -0.111224 0.808961 -0.048398
v -0.124303 0.784752 0.042685
v -0.111224 0.808961 0.048398
v -0.042685 0.784752 0.124303
v -0.048398 0.808961 0.111224
v 0.100943 0.608311 0.077174
v -0.077174 0.608311 -0.100943
v -0.100943 0.608311 0.077174
v -0.100943 0.608311 -0.077174
v -0.077174 0.608311 0.100943
v 0.100943 0.792394 0.077174
v 0.100943 0.792394 -0.077174
v 0.077174 0.792394 -0.100943
v -0.077174 0.792394 -0.100943
v -0.100943 0.792394 0.077174
v 0.113406 0.622451 0.036187
v 0.113406 0.622451 -0.036187
v 0.036187 0.622451 -0.113406
v -0.036187 0.622451 -0.113406
v -0.113406 0.622451 0.036187
v -0.113406 0.622451 -0.036187
v 0.036187 0.622451 0.113406
v -0.036187 0.622451 0.113406
v 0.113406 0.778255 0.036187
v 0.113406 0.778255 -0.036187
v 0.036187 0.778255 -0.113406
v -0.036187 0.778255 -0.113406
v -0.113406 0.778255 -0.036187
v -0.113406 0.778255 0.036187
v -0.036187 0.778255 0.113406
v 0.036187 0.778255 0.113406
v 0.113406 0.615954 0.042685
v 0.113406 0.615954 -0.042685
v 0.042685 0.615954 -0.113406
v -0.042685 0.615954 -0.113406
v -0.113406 0.615954 0.042685
v -0.113406 0.615954 -0.042685
v 0.042685 0.615954 0.113406
v -0.042685 0.615954 0.113406
v 0.113406 0.784752 0.042685
v 0.113406 0.784752 -0.042685
v 0.042685 0.784752 -0.113406
v -0.042685 0.784752 -0.113406
v -0.113406 0.784752 -0.042685
v -0.113406 0.784752 0.042685
v -0.042685 0.784752 0.113406
v 0.042685 0.784752 0.113406
v 0.136342 0.644821 0.013818
v 0.124355 0.622451 0.036187
v 0.124355 0.622451 -0.036187
v 0.136342 0.644821 -0.013818
v 0.013818 0.644821 -0.136342
v 0.036187 0.622451 -0.124355
v -0.036187 0.622451 -0.124355
v -0.013818 0.644821 -0.136342
v -0.124355 0.622451 0.036187
v -0.136342 0.644821 0.013818
v -0.136342 0.644821 -0.013818
v -0.124355 0.622451 -0.036187
v 0.036187 0.622451 0.124355
v 0.013818 0.644821 0.136342
v -0.013818 0.644821 0.136342
v -0.036187 0.622451 0.124355
v 0.124355 0.778255 0.036187
v 0.136342 0.755885 0.013818
v 0.136342 0.755885 -0.013818
v 0.124355 0.778255 -0.036187
v 0.036187 0.778255 -0.124355
v 0.013818 0.755885 -0.136342
v -0.013818 0.755885 -0.136342
v -0.036187 0.778255 -0.124355
v -0.124355 0.778255 -0.036187
v -0.136342 0.755885 -0.013818
v -0.136342 0.755885 0.013818
v -0.124355 0.778255 0.036187
v -0.036187 0.778255 0.124355
v -0.013818 0.755885 0.136342
v 0.013818 0.755885 0.136342
v 0.036187 0.778255 0.124355
v 0.136342 0.634438 -0.024200
v 0.136342 0.634438 0.024200
v -0.024200 0.634438 -0.136342
v 0.024200 0.634438 -0.136342
v -0.136342 0.634438 0.024200
v -0.136342 0.634438 -0.024200
v 0.024200 0.634438 0.136342
v -0.024200 0.634438 0.136342
v 0.136342 0.766268 0.024200
v 0.136342 0.766268 -0.024200
v 0.024200 0.766268 -0.136342
v -0.024200 0.766268 -0.136342
v -0.136342 0.766268 -0.024200
v -0.136342 0.766268 0.024200
v -0.024200 0.766268 0.136342
v 0.024200 0.766268 0.136342
v 0.132819 0.648918 -0.009720
v 0.132819 0.648918 0.009720
v -0.009720 0.648918 -0.132819
v 0.009720 0.648918 -0.132819
v -0.132819 0.648918 0.009720
v -0.132819 0.648918 -0.009720
v 0.009720 0.648918 0.132819
v -0.009720 0.648918 0.132819
v 0.132819 0.751788 0.009720
v 0.132819 0.751788 -0.009720
v 0.009720 0.751788 -0.132819
v -0.009720 0.751788 -0.132819
v -0.132819 0.751788 -0.009720
v -0.132819 0.751788 0.009720
v -0.009720 0.751788 0.132819
v 0.009720 0.751788 0.132819
v 0.132819 0.644821 -0.013818
v 0.132819 0.644821 0.013818
v -0.013818 0.644821 -0.132819
v 0.013818 0.644821 -0.132819
v -0.132819 0.644821 0.013818
v -0.132819 0.644821 -0.013818
v 0.013818 0.644821 0.132819
v -0.013818 0.644821 0.132819
v 0.132819 0.755885 0.013818
v 0.132819 0.755885 -0.013818
v 0.013818 0.755885 -0.132819
v -0.013818 0.755885 -0.132819
v -0.132819 0.755885 -0.013818
v -0.132819 0.755885 0.013818
v -0.013818 0.755885 0.132819
v 0.013818 0.755885 0.132819
v 0.118562 0.648918 -0.009720
v 0.118562 0.648918 0.009720
v -0.009720 0.648918 -0.118562
v 0.009720 0.648918 -0.118562
v -0.118562 0.648918 0.009720
v -0.118562 0.648918 -0.009720
v 0.009720 0.648918 0.118562
v -0.009720 0.648918 0.118562
v 0.118562 0.751788 0.009720
v 0.118562 0.751788 -0.009720
v 0.009720 0.751788 -0.118562
v -0.009720 0.751788 -0.118562
v -0.118562 0.751788 -0.009720
v -0.118562 0.751788 0.009720
v -0.009720 0.751788 0.118562
v 0.009720 0.751788 0.118562
v 0.124303 0.604823 0.053815
v 0.053815 0.604823 0.124303
v 0.053815 0.604823 -0.124303
v 0.124303 0.604823 -0.053815
v -0.124303 0.604823 -0.053815
v -0.053815 0.604823 -0.124303
v -0.053815 0.604823 0.124303
v -0.124303 0.604823 0.053815
v 0.053815 0.795882 0.124303
v 0.124303 0.795882 0.053815
v 0.124303 0.795882 -0.053815
v 0.053815 0.795882 -0.124303
v -0.053815 0.795882 -0.124303
v -0.124303 0.795882 -0.053815
v -0.124303 0.795882 0.053815
v -0.053815 0.795882 0.124303
v 0.077174 0.608311 0.100943
v 0.077174 0.608311 -0.100943
v 0.100943 0.608311 -0.077174
v 0.077174 0.792394 0.100943
v -0.100943 0.792394 -0.077174
v -0.077174 0.792394 0.100943
v 0.093767 0.608311 0.069998
v 0.069998 0.608311 0.093767
v 0.069998 0.608311 -0.093767
v 0.093767 0.608311 -0.069998
v -0.093767 0.608311 -0.069998
v -0.069998 0.608311 -0.093767
v -0.069998 0.608311 0.093767
v -0.093767 0.608311 0.069998
v 0.069998 0.792394 0.093767
v 0.093767 0.792394 0.069998
v 0.093767 0.792394 -0.069998
v 0.069998 0.792394 -0.093767
v -0.069998 0.792394 -0.093767
v -0.093767 0.792394 -0.069998
v -0.093767 0.792394 0.069998
v -0.069998 0.792394 0.093767
vn -0.0000 -1.0000 -0.0000
vn 0.8693 -0.0000 -0.4943
vn 0.4943 -0.0000 0.8693
vn 0.0815 -0.0000 -0.9967
vn -0.5476 0.8367 -0.0000
vn -0.0000 0.4118 -0.9113
vn 0.9113 0.4118 -0.0000
vn 0.9230 0.3847 -0.0000
vn -0.0000 1.0000 -0.0000
vn 0.4411 -0.4225 -0.7918
vn -0.9113 0.4118 -0.0000
vn 1.0000 -0.0000 -0.0000
vn 0.8730 -0.0000 -0.4877
vn 0.4877 -0.0000 -0.8730
vn -0.0000 -0.0000 -1.0000
vn -1.0000 -0.0000 -0.0000
vn -0.0000 0.3847 0.9230
vn -0.8713 0.0625 -0.4868
vn -0.0000 0.3847 -0.9230
vn -0.8693 -0.0000 0.4943
vn -0.0862 0.1934 -0.9773
vn 0.9773 0.1934 -0.0862
vn 0.8713 0.0625 0.4868
vn -0.9230 0.3847 -0.0000
vn 0.8693 -0.0000 0.4943
vn -0.4943 -0.0000 0.8693
vn 0.8562 -0.5167 0.0003
vn -0.0000 0.4118 0.9113
vn -0.4411 -0.4225 0.7918
vn -0.7918 -0.4225 -0.4411
vn -0.7071 0.0014 0.7071
vn -0.4943 -0.0000 -0.8693
vn -0.0000 -0.0000 1.0000
vn -0.9967 -0.0000 -0.0815
vn 0.9967 -0.0000 0.0815
vn 0.4943 -0.0000 -0.8693
vn -0.9773 0.1934 0.0862
vn -0.6144 0.4949 -0.6144
vn 0.4868 0.0625 -0.8713
vn 0.4070 -0.9134 -0.0000
vn -0.4868 0.0625 0.8713
vn -0.7358 0.6772 -0.0000
vn -0.0000 0.6772 0.7358
vn -0.0815 -0.0000 -0.9967
vn 0.0815 -0.0000 0.9967
vn 0.9967 -0.0000 -0.0815
vn -0.9967 -0.0000 0.0815
vn -0.8693 -0.0000 -0.4943
vn -0.0815 -0.0000 0.9967
vn 0.0003 -0.5167 -0.8562
vn -0.0000 0.8367 -0.5476
vn -0.8730 -0.0000 0.4877
vn 0.7071 -0.0000 0.7071
vn 0.7071 -0.0000 -0.7071
vn 0.6144 0.4949 0.6144
vn -0.3499 -0.8690 0.3499
vn 0.3499 -0.8690 -0.3499
vn -0.7071 -0.0000 -0.7071
vn 0.7071 0.0014 -0.7071
vn 0.7269 -0.0524 -0.6847
vn -0.7071 0.0014 -0.7071
vn -0.3499 0.8690 -0.3499
vn -0.6847 -0.0524 0.7269
vn -0.7269 -0.0524 0.6847
vn 0.0015 0.7166 0.6975
vn -0.0015 0.7166 -0.6975
vn 0.7768 0.4630 0.4267
vn -0.0000 0.5366 -0.8438
vn -0.7768 0.4630 -0.4267
vn -0.6975 0.7166 -0.0015
vn -0.6975 0.7166 0.0015
vn 0.6975 0.7166 -0.0015
vn -0.4267 0.4630 0.7768
vn 0.8438 0.5366 -0.0000
vn 0.4267 0.4630 -0.7768
vn 0.4041 0.8206 0.4041
vn -0.4041 0.8206 0.4041
vn 0.4041 0.8206 -0.4041
vn -0.4041 0.8206 -0.4041
vn -0.7768 0.4630 0.4267
vn -0.8438 0.5366 -0.0000
vn -0.4267 0.4630 -0.7768
vn 0.0015 0.7166 -0.6975
vn 0.4267 0.4630 0.7768
vn -0.0000 0.5366 0.8438
vn 0.7768 0.4630 -0.4267
vn 0.6975 0.7166 0.0015
vn 0.7358 0.6772 -0.0000
vn -0.0000 0.9134 0.4070
vn -0.8730 -0.0000 -0.4877
vn -0.4070 0.9134 -0.0000
vn -0.0000 0.6772 -0.7358
vn -0.4877 -0.0000 0.8730
vn 0.6847 -0.0524 -0.7269
vn 0.3499 0.8690 0.3499
vn 0.9773 0.1934 0.0862
vn 0.8730 -0.0000 0.4877
vn -0.4877 -0.0000 -0.8730
vn -0.7071 -0.0000 0.7071
vn -0.0000 0.9134 -0.4070
vn -0.9773 0.1934 -0.0862
vn -0.4070 -0.9134 -0.0000
vn 0.7071 0.0014 0.7071
vn 0.4070 0.9134 -0.0000
vn 0.4877 -0.0000 0.8730
vn 0.0862 0.1934 -0.9773
vn -0.0862 0.1934 0.9773
vn -0.0000 -0.9134 0.4070
vn 0.0862 0.1934 0.9773
vn -0.0000 -0.9134 -0.4070
vn -0.3499 -0.8690 -0.3499
vn -0.6847 -0.0524 -0.7269
vn 0.6144 0.4949 -0.6144
vn -0.3499 0.8690 0.3499
vn -0.0015 0.7166 0.6975
vn 0.3499 -0.8690 0.3499
vn 0.6847 -0.0524 0.7269
vn -0.6144 0.4949 0.6144
vn 0.3499 0.8690 -0.3499
vn 0.7269 -0.0524 0.6847
vn -0.7269 -0.0524 -0.6847
vn -0.0003 -0.5167 0.8562
vn -0.3874 0.0235 0.9216
vn -0.3874 0.0235 -0.9216
vn 0.3874 0.0235 -0.9216
vn -0.0000 0.8301 0.5576
vn -0.9216 0.0235 -0.3874
vn 0.9216 0.0235 -0.3874
vn 0.9216 0.0235 0.3874
vn -0.5576 0.8301 -0.0000
vn 0.0003 -0.5167 0.8562
vn -0.0003 -0.5167 -0.8562
vn -0.0000 0.8367 0.5476
vn -0.8713 0.0625 0.4868
vn 0.8713 0.0625 -0.4868
vn -0.3223 0.7504 0.5770
vn -0.0000 0.8301 -0.5576
vn -0.8562 -0.5167 -0.0003
vn -0.9216 0.0235 0.3874
vn -0.8562 -0.5167 0.0003
vn 0.8562 -0.5167 -0.0003
vn 0.5476 0.8367 -0.0000
vn -0.4868 0.0625 -0.8713
vn 0.4868 0.0625 0.8713
vn 0.5770 0.7504 0.3223
vn 0.5576 0.8301 -0.0000
vn 0.3874 0.0235 0.9216
vn -0.5234 -0.6724 -0.5234
vn -0.3669 0.8549 -0.3669
vn 0.3669 0.8549 -0.3669
vn 0.5234 -0.6724 -0.5234
vn 0.5234 -0.6724 0.5234
vn 0.3669 0.8549 0.3669
vn -0.3669 0.8549 0.3669
vn -0.5234 -0.6724 0.5234
vn -0.7918 -0.4225 0.4411
vn -0.5770 0.7505 0.3223
vn -0.5770 0.7504 -0.3223
vn -0.4411 -0.4225 -0.7918
vn -0.3223 0.7504 -0.5770
vn 0.3223 0.7504 -0.5770
vn 0.7918 -0.4225 -0.4411
vn 0.5770 0.7505 -0.3223
vn 0.4411 -0.4225 0.7918
vn 0.3223 0.7504 0.5770
vn 0.7918 -0.4225 0.4411
vn 0.4694 -0.7601 0.4493
vn -0.4694 -0.7601 0.4493
vn -0.4694 -0.7602 -0.4493
vn 0.4694 -0.7601 -0.4493
vn 0.3441 0.7334 -0.5863
vn -0.3441 0.7334 -0.5863
vn 0.3441 0.7334 0.5863
vn 0.2904 -0.7324 0.6158
vn -0.2904 -0.7324 0.6158
vn -0.2904 -0.7324 -0.6158
vn 0.2904 -0.7324 -0.6158
vn 0.5631 -0.2377 0.7914
vn -0.5631 -0.2377 0.7915
vn -0.5631 -0.2377 -0.7914
vn 0.5631 -0.2377 -0.7915
vn 0.3177 0.7785 -0.5414
vn -0.3177 0.7785 -0.5414
vn -0.3177 0.7785 0.5414
vn 0.3177 0.7785 0.5414
vn -0.4493 -0.7601 0.4694
vn -0.4493 -0.7601 -0.4694
vn 0.4493 -0.7601 -0.4694
vn 0.4493 -0.7601 0.4694
vn 0.5863 0.7334 -0.3441
vn -0.5863 0.7334 -0.3441
vn -0.5863 0.7334 0.3441
vn 0.2219 0.9495 -0.2219
vn 0.2219 0.9495 0.2219
vn -0.2219 0.9495 -0.2219
vn -0.2219 0.9495 0.2219
vn -0.0000 0.9158 -0.4017
vn -0.0000 0.9158 0.4017
vn -0.6158 -0.7324 0.2904
vn -0.6158 -0.7324 -0.2904
vn 0.6158 -0.7324 -0.2904
vn 0.6158 -0.7324 0.2904
vn -0.7914 -0.2377 0.5631
vn -0.7914 -0.2377 -0.5631
vn 0.7914 -0.2377 -0.5631
vn 0.7914 -0.2377 0.5631
vn 0.5414 0.7785 0.3177
vn 0.5414 0.7785 -0.3177
vn -0.5414 0.7785 -0.3177
vn -0.5414 0.7785 0.3177
vn -0.7071 0.7071 -0.0000
vn 0.7071 0.7071 -0.0000
vn 0.0294 0.7074 0.7062
vn -0.7062 0.7074 0.0294
vn -0.0294 0.7074 -0.7062
vn 0.7062 0.7074 -0.0294
vn 0.0294 -0.7074 0.7062
vn -0.7062 -0.7074 0.0294
vn -0.0294 -0.7074 -0.7062
vn 0.7062 -0.7074 -0.0294
vn -0.0294 0.7074 0.7062
vn -0.0000 0.7071 0.7071
vn 0.0294 0.7074 -0.7062
vn -0.0000 0.7071 -0.7071
vn -0.0294 -0.7074 0.7062
vn -0.0000 -0.7071 0.7071
vn 0.0294 -0.7074 -0.7062
vn -0.0000 -0.7071 -0.7071
vn -0.7062 0.7074 -0.0294
vn 0.7062 0.7074 0.0294
vn -0.7062 -0.7074 -0.0294
vn -0.7071 -0.7071 -0.0000
vn 0.7062 -0.7074 0.0294
vn 0.7071 -0.7071 -0.0000
vn 0.7572 -0.5729 0.3137
vn 0.3137 -0.5730 0.7572
vn -0.3137 -0.5729 0.7573
vn -0.7572 -0.5729 0.3137
vn 0.3137 -0.5729 -0.7573
vn 0.7572 -0.5729 -0.3137
vn -0.7572 -0.5729 -0.3137
vn -0.3137 -0.5730 -0.7572
vn 0.6482 0.7602 -0.0442
vn -0.0442 0.7601 0.6482
vn 0.0442 0.7602 0.6482
vn -0.6482 0.7602 -0.0442
vn -0.6482 0.7602 0.0442
vn 0.0442 0.7601 -0.6482
vn -0.0442 0.7602 -0.6482
vn 0.6482 0.7602 0.0442
vn -0.2638 0.7244 -0.6369
vn -0.6369 0.7244 -0.2638
vn 0.6369 0.7244 -0.2638
vn 0.2638 0.7244 -0.6369
vn 0.2638 0.7244 0.6369
vn 0.6369 0.7244 0.2638
vn -0.6369 0.7244 0.2638
vn -0.2638 0.7244 0.6369
vn -0.2800 0.7266 0.6274
vn -0.6274 0.7266 0.2800
vn -0.2800 0.7266 -0.6274
vn -0.6274 0.7266 -0.2800
vn 0.6274 0.7266 -0.2800
vn 0.2800 0.7266 -0.6274
vn 0.6274 0.7266 0.2800
vn 0.2800 0.7266 0.6274
vn -0.2800 -0.7266 0.6274
vn -0.6274 -0.7266 0.2800
vn -0.6274 -0.7266 -0.2800
vn -0.2800 -0.7266 -0.6274
vn 0.2800 -0.7266 -0.6274
vn 0.6274 -0.7266 -0.2800
vn 0.2800 -0.7266 0.6274
vn 0.6274 -0.7266 0.2800
vn -0.5127 0.3855 0.7672
vn -0.3647 0.8883 0.2790
vn 0.3647 0.8883 0.2790
vn 0.5127 0.3855 0.7672
vn 0.5127 0.3855 -0.7672
vn 0.3647 0.8883 -0.2790
vn -0.3647 0.8883 -0.2790
vn -0.5127 0.3855 -0.7672
vn -0.2222 0.8917 0.3942
vn -0.4828 0.2915 0.8258
vn 0.4828 0.2915 0.8258
vn 0.2222 0.8917 0.3942
vn 0.2222 0.8917 -0.3942
vn 0.4828 0.2915 -0.8258
vn -0.4828 0.2915 -0.8258
vn -0.2222 0.8917 -0.3942
vn -0.7672 0.3855 -0.5127
vn -0.2790 0.8883 -0.3647
vn -0.2790 0.8883 0.3647
vn -0.7672 0.3855 0.5127
vn 0.7672 0.3855 0.5127
vn 0.2790 0.8883 0.3647
vn 0.2790 0.8883 -0.3647
vn 0.7672 0.3855 -0.5127
vn -0.3942 0.8917 -0.2222
vn -0.8258 0.2915 -0.4828
vn -0.8258 0.2915 0.4828
vn -0.3942 0.8917 0.2222
vn 0.3942 0.8917 0.2222
vn 0.8258 0.2915 0.4828
vn 0.8258 0.2915 -0.4828
vn 0.3942 0.8917 -0.2222
vn 0.8319 0.4677 0.2987
vn 0.3283 0.9422 0.0669
vn 0.0669 0.9422 0.3283
vn 0.2987 0.4677 0.8319
vn -0.2987 0.4677 0.8319
vn -0.0669 0.9422 0.3283
vn -0.3283 0.9422 0.0669
vn -0.8319 0.4677 0.2987
vn 0.2987 0.4677 -0.8319
vn 0.0669 0.9422 -0.3283
vn 0.3283 0.9422 -0.0669
vn 0.8319 0.4677 -0.2987
vn -0.8319 0.4677 -0.2987
vn -0.3283 0.9422 -0.0669
vn -0.0669 0.9422 -0.3283
vn -0.2987 0.4677 -0.8319
vn 0.3084 0.8999 -0.3084
vn 0.3084 0.8999 0.3084
vn -0.3084 0.8999 -0.3084
vn -0.3084 0.8999 0.3084
vn 0.4017 0.9158 -0.0000
vn -0.4017 0.9158 -0.0000
vn -0.2699 0.6281 0.7299
vn 0.2699 0.6281 -0.7299
vn 0.2699 0.6281 0.7299
vn -0.3441 0.7334 0.5863
vn -0.2699 0.6281 -0.7299
vn -0.7299 0.6281 -0.2699
vn 0.7299 0.6281 0.2699
vn -0.3574 0.8629 -0.3574
vn 0.3574 0.8629 -0.3574
vn -0.3574 0.8629 0.3574
vn 0.3574 0.8629 0.3574
vn 0.5863 0.7334 0.3441
vn -0.7299 0.6281 0.2699
vn 0.7299 0.6281 -0.2699
vn -0.2977 -0.0477 -0.9535
vn -0.9535 -0.0477 -0.2977
vn 0.9535 -0.0477 -0.2976
vn 0.2977 -0.0477 -0.9535
vn 0.2977 -0.0477 0.9535
vn 0.9535 -0.0477 0.2977
vn -0.9535 -0.0477 0.2976
vn -0.2977 -0.0477 0.9535
vn -0.4420 0.7805 -0.4420
vn -0.0888 0.7419 0.6646
vn 0.4420 0.7805 -0.4420
vn 0.0888 0.7419 0.6646
vn -0.4438 0.7302 0.5194
vn 0.4438 0.7302 0.5194
vn -0.0888 0.7419 -0.6646
vn -0.4420 0.7805 0.4420
vn 0.0888 0.7419 -0.6646
vn 0.4420 0.7805 0.4420
vn -0.4438 0.7302 -0.5194
vn 0.4438 0.7302 -0.5194
vn 0.6646 0.7419 -0.0888
vn 0.6646 0.7419 0.0888
vn -0.6646 0.7419 -0.0888
vn -0.6646 0.7419 0.0888
vn -0.5194 0.7302 -0.4438
vn -0.5194 0.7302 0.4438
vn 0.5194 0.7302 -0.4438
vn 0.5194 0.7302 0.4438
vn 0.7570 0.5733 0.3135
vn 0.3136 0.5733 0.7570
vn -0.3136 0.5733 0.7570
vn -0.7570 0.5733 0.3135
vn -0.7570 0.5733 -0.3135
vn -0.3136 0.5733 -0.7570
vn 0.3136 0.5733 -0.7570
vn 0.7570 0.5733 -0.3135
vn 0.8779 -0.1820 0.4429
vn -0.8779 -0.1820 0.4429
vn -0.8779 -0.1820 -0.4429
vn 0.8779 -0.1820 -0.4429
vn 0.5151 0.6254 0.5861
vn -0.5151 0.6254 0.5861
vn -0.5151 0.6254 -0.5861
vn 0.5151 0.6254 -0.5861
vn -0.4429 -0.1820 0.8779
vn -0.4429 -0.1820 -0.8779
vn 0.4429 -0.1820 -0.8779
vn 0.4429 -0.1820 0.8779
vn -0.5861 0.6254 0.5151
vn -0.5861 0.6254 -0.5151
vn 0.5861 0.6254 -0.5151
vn 0.5861 0.6254 0.5151
vn -0.6411 0.7660 0.0458
vn 0.0458 0.7660 -0.6412
vn -0.3024 -0.0561 -0.9515
vn -0.9515 -0.0561 -0.3024
vn 0.9515 -0.0561 -0.3024
vn 0.3024 -0.0560 -0.9515
vn -0.0444 0.7648 -0.6427
vn 0.6403 0.7669 0.0436
vn 0.6403 0.7669 -0.0437
vn -0.0437 0.7669 0.6403
vn 0.3046 -0.0531 0.9510
vn 0.9508 -0.0555 0.3047
vn -0.9508 -0.0555 0.3047
vn -0.3047 -0.0555 0.9508
vn 0.0437 0.7669 0.6403
vn -0.6403 0.7669 -0.0436
vn -0.6706 0.7223 -0.1690
vn -0.1690 0.7223 -0.6706
vn -0.4034 0.0909 -0.9105
vn -0.9105 0.0909 -0.4034
vn 0.9105 0.0909 -0.4034
vn 0.4034 0.0909 -0.9105
vn 0.1690 0.7224 -0.6705
vn 0.6706 0.7223 -0.1690
vn 0.6706 0.7223 0.1690
vn 0.1690 0.7223 0.6706
vn 0.4034 0.0909 0.9105
vn 0.9105 0.0909 0.4034
vn -0.9105 0.0909 0.4034
vn -0.4034 0.0909 0.9105
vn -0.1690 0.7224 0.6705
vn -0.6706 0.7223 0.1690
vn -0.5845 0.7729 0.2468
vn 0.2468 0.7729 -0.5845
vn -0.1589 -0.2408 -0.9575
vn -0.9575 -0.2408 -0.1588
vn 0.9575 -0.2408 -0.1589
vn 0.1588 -0.2408 -0.9575
vn -0.2492 0.7708 -0.5863
vn 0.5816 0.7748 0.2477
vn 0.5816 0.7748 -0.2477
vn -0.2477 0.7748 0.5816
vn 0.1567 -0.2434 0.9572
vn 0.9566 -0.2438 0.1599
vn -0.9566 -0.2438 0.1599
vn -0.1599 -0.2438 0.9565
vn 0.2477 0.7748 0.5816
vn -0.5816 0.7748 -0.2477
vn -0.3560 -0.8774 0.3217
vn -0.5351 -0.1416 0.8328
vn 0.5351 -0.1416 0.8329
vn 0.3560 -0.8774 0.3217
vn 0.3560 -0.8774 -0.3217
vn 0.5351 -0.1416 -0.8328
vn -0.5351 -0.1416 -0.8329
vn -0.3560 -0.8774 -0.3217
vn 0.4504 0.6110 -0.6510
vn 0.1601 0.9605 -0.2276
vn -0.3217 -0.8774 -0.3560
vn -0.8329 -0.1416 -0.5351
vn -0.8329 -0.1416 0.5351
vn -0.3217 -0.8773 0.3560
vn 0.3217 -0.8774 0.3560
vn 0.8329 -0.1416 0.5351
vn 0.8329 -0.1416 -0.5351
vn 0.3217 -0.8773 -0.3560
vn -0.6511 0.6110 -0.4504
vn -0.2276 0.9605 -0.1601
vn 0.1601 0.9605 0.2276
vn 0.4504 0.6109 0.6510
vn -0.1601 0.9605 -0.2276
vn -0.4504 0.6109 -0.6510
vn -0.4504 0.6110 0.6510
vn -0.1601 0.9605 0.2276
vn -0.2276 0.9605 0.1601
vn -0.6511 0.6110 0.4504
vn 0.2276 0.9605 -0.1601
vn 0.6511 0.6110 -0.4504
vn 0.6511 0.6110 0.4504
vn 0.2276 0.9605 0.1601
vn -0.1949 -0.8384 0.5091
vn -0.4393 -0.0360 0.8976
vn 0.2047 -0.4661 0.8607
vn 0.4393 -0.0360 0.8976
vn 0.1949 -0.8384 0.5090
vn -0.2047 -0.4662 0.8607
vn 0.1949 -0.8384 -0.5091
vn 0.4393 -0.0360 -0.8976
vn -0.2047 -0.4661 -0.8607
vn -0.4393 -0.0360 -0.8976
vn -0.1949 -0.8384 -0.5090
vn 0.2047 -0.4662 -0.8607
vn -0.1364 0.9596 0.2462
vn -0.2415 0.5771 0.7801
vn 0.2415 0.5771 0.7801
vn 0.1364 0.9596 0.2462
vn 0.1364 0.9596 -0.2462
vn 0.2415 0.5771 -0.7801
vn -0.2415 0.5771 -0.7801
vn -0.1364 0.9596 -0.2462
vn -0.5090 -0.8384 -0.1949
vn -0.8976 -0.0361 -0.4393
vn -0.8608 -0.4660 0.2047
vn -0.8976 -0.0361 0.4393
vn -0.5090 -0.8384 0.1949
vn -0.8607 -0.4661 -0.2047
vn 0.5090 -0.8384 0.1949
vn 0.8976 -0.0361 0.4393
vn 0.8608 -0.4660 -0.2047
vn 0.8976 -0.0361 -0.4393
vn 0.5090 -0.8384 -0.1949
vn 0.8607 -0.4661 0.2047
vn -0.2462 0.9596 -0.1364
vn -0.7801 0.5771 -0.2415
vn -0.7801 0.5771 0.2415
vn -0.2462 0.9596 0.1364
vn 0.2462 0.9596 0.1364
vn 0.7801 0.5771 0.2415
vn 0.7801 0.5771 -0.2415
vn 0.2462 0.9596 -0.1364
vn -0.4765 0.0960 -0.8739
vn -0.0964 -0.8980 -0.4294
vn -0.4294 -0.8980 -0.0964
vn -0.8739 0.0960 -0.4765
vn -0.6579 0.6557 -0.3705
vn -0.2393 0.9664 -0.0936
vn -0.0936 0.9664 -0.2393
vn -0.3705 0.6557 -0.6579
vn 0.3705 0.6557 -0.6579
vn 0.0936 0.9664 -0.2393
vn 0.2393 0.9664 -0.0936
vn 0.6579 0.6557 -0.3705
vn 0.8739 0.0960 -0.4765
vn 0.4294 -0.8980 -0.0964
vn 0.0964 -0.8980 -0.4294
vn 0.4765 0.0960 -0.8739
vn 0.4765 0.0960 0.8739
vn 0.0964 -0.8980 0.4294
vn 0.4294 -0.8980 0.0964
vn 0.8739 0.0960 0.4765
vn 0.6579 0.6557 0.3705
vn 0.2393 0.9664 0.0936
vn 0.0936 0.9664 0.2393
vn 0.3705 0.6557 0.6579
vn -0.3705 0.6557 0.6579
vn -0.0936 0.9664 0.2393
vn -0.2393 0.9664 0.0936
vn -0.6579 0.6557 0.3705
vn -0.8739 0.0960 0.4765
vn -0.4294 -0.8980 0.0964
vn -0.0964 -0.8980 0.4294
vn -0.4765 0.0960 0.8739
vn -0.6147 -0.7071 0.3495
vn 0.6147 -0.7071 -0.3495
vn -0.5061 -0.0000 -0.8625
vn 0.8625 -0.0000 0.5061
vn 0.6147 -0.7071 0.3495
vn -0.6147 -0.7071 -0.3495
vn -0.3827 -0.0000 -0.9239
vn -0.3495 -0.7071 -0.6147
vn 0.3495 -0.7071 0.6147
vn 0.5061 -0.0000 -0.8625
vn -0.4308 0.7930 -0.4308
vn -0.9239 -0.0000 -0.3827
vn -0.8625 -0.0000 0.5061
vn 0.5061 -0.0000 0.8625
vn -0.3495 -0.7071 0.6147
vn 0.3495 -0.7071 -0.6147
vn 0.4308 0.7930 0.4308
vn -0.4308 0.7930 0.4308
vn 0.9239 -0.0000 -0.3827
vn 0.3827 -0.0000 -0.9239
vn 0.4308 0.7930 -0.4308
vn 0.0408 -0.0000 0.9992
vn -0.0408 -0.0000 0.9992
vn -0.0408 -0.0000 -0.9992
vn 0.0408 -0.0000 -0.9992
vn -0.9992 -0.0000 0.0408
vn -0.9992 -0.0000 -0.0408
vn 0.9992 -0.0000 -0.0408
vn 0.9992 -0.0000 0.0408
vn 0.5004 -0.7066 0.5004
vn -0.5003 -0.7066 0.5003
vn -0.5004 -0.7066 -0.5004
vn 0.5003 -0.7066 -0.5003
vn 0.5000 0.7071 0.5000
vn -0.5000 0.7071 0.5000
vn 0.5000 -0.7071 0.5000
vn 0.5000 0.7071 -0.5000
vn 0.3447 -0.0000 -0.9387
vn 0.5000 -0.7071 -0.5000
vn 0.9387 -0.0000 -0.3447
vn 0.3447 -0.0000 0.9387
vn 0.9387 -0.0000 0.3447
vn -0.3447 -0.0000 0.9387
vn -0.5000 -0.7071 0.5000
vn -0.9387 -0.0000 0.3447
vn -0.5000 -0.7071 -0.5000
vn -0.3447 -0.0000 -0.9387
vn -0.5000 0.7071 -0.5000
vn -0.9387 -0.0000 -0.3447
vn 0.7048 0.7071 -0.0576
vn -0.0576 0.7071 0.7048
vn 0.0576 0.7071 0.7048
vn -0.7048 0.7071 -0.0576
vn -0.0576 0.7071 -0.7048
vn 0.7048 0.7071 0.0576
vn -0.7048 0.7071 0.0576
vn 0.0576 0.7071 -0.7048
vn 0.7048 -0.7071 -0.0576
vn -0.0576 -0.7071 0.7048
vn 0.0576 -0.7071 0.7048
vn -0.7048 -0.7071 -0.0576
vn -0.7048 -0.7071 0.0576
vn 0.0576 -0.7071 -0.7048
vn -0.0576 -0.7071 -0.7048
vn 0.7048 -0.7071 0.0576
vn 0.4307 0.5640 0.7046
vn 0.4635 0.8525 0.2416
vn 0.4379 0.6487 0.6225
vn 0.8436 0.2419 0.4793
vn -0.4307 0.5640 -0.7046
vn -0.4635 0.8525 -0.2416
vn -0.4379 0.6487 -0.6225
vn -0.8436 0.2419 -0.4793
vn -0.4379 0.6487 0.6225
vn -0.4635 0.8525 0.2416
vn -0.4307 0.5640 0.7046
vn -0.8436 0.2419 0.4793
vn -0.0000 0.8765 0.4813
vn -0.0000 0.2795 0.9602
vn 0.4379 0.6487 -0.6225
vn 0.4635 0.8525 -0.2416
vn 0.4307 0.5640 -0.7046
vn 0.8436 0.2419 -0.4793
vn -0.0000 0.8765 -0.4813
vn -0.0000 0.2795 -0.9602
vn -0.7046 0.5640 0.4307
vn -0.2416 0.8525 0.4635
vn -0.6225 0.6487 0.4379
vn -0.4793 0.2419 0.8436
vn 0.7046 0.5640 -0.4307
vn 0.2416 0.8525 -0.4635
vn 0.6225 0.6487 -0.4379
vn 0.4793 0.2419 -0.8436
vn -0.6225 0.6487 -0.4379
vn -0.2416 0.8525 -0.4635
vn -0.7046 0.5640 -0.4306
vn -0.4793 0.2419 -0.8436
vn -0.4813 0.8765 -0.0000
vn -0.9602 0.2794 -0.0000
vn 0.6225 0.6487 0.4379
vn 0.2416 0.8525 0.4635
vn 0.7046 0.5640 0.4306
vn 0.4793 0.2419 0.8436
vn 0.4813 0.8765 -0.0000
vn 0.9602 0.2794 -0.0000
vn 0.5725 0.7930 0.2082
vn 0.2118 0.9541 0.2118
vn 0.2082 0.7930 0.5725
vn 0.6266 0.4635 0.6266
vn -0.2082 0.7930 0.5725
vn -0.2118 0.9541 0.2118
vn -0.5725 0.7930 0.2082
vn -0.6266 0.4635 0.6266
vn -0.5725 0.7930 -0.2082
vn -0.2118 0.9541 -0.2118
vn -0.2082 0.7930 -0.5725
vn -0.6266 0.4635 -0.6266
vn 0.2082 0.7930 -0.5725
vn 0.2118 0.9541 -0.2118
vn 0.5725 0.7930 -0.2082
vn 0.6266 0.4635 -0.6266
vn -0.0017 0.9263 0.3767
vn -0.0000 0.3891 0.9212
vn 0.3767 0.9263 -0.0017
vn 0.9212 0.3891 -0.0000
vn -0.3767 0.9263 -0.0017
vn -0.9212 0.3891 -0.0000
vn 0.0017 0.9263 0.3767
vn 0.3767 0.9263 0.0017
vn -0.0017 0.9263 -0.3767
vn -0.0000 0.3891 -0.9212
vn 0.0017 0.9263 -0.3767
vn -0.3767 0.9263 0.0017
vn 0.3827 0.0007 0.9239
vn -0.5029 -0.0000 0.8644
vn -0.5028 -0.0000 0.8644
vn 0.5028 -0.0000 0.8644
vn 0.5029 -0.0000 0.8644
vn -0.3827 0.0007 0.9239
vn 0.5029 -0.0000 -0.8644
vn 0.5028 -0.0000 -0.8644
vn -0.3827 0.0007 -0.9239
vn -0.5028 -0.0000 -0.8644
vn -0.5029 -0.0000 -0.8644
vn 0.3827 0.0007 -0.9239
vn -0.8644 -0.0000 -0.5028
vn -0.9239 0.0007 0.3827
vn -0.8644 -0.0000 0.5028
vn -0.9239 0.0007 -0.3827
vn 0.9239 0.0007 -0.3827
vn 0.8644 -0.0000 0.5028
vn 0.8644 -0.0000 -0.5028
vn 0.9239 0.0007 0.3827
vn -0.6173 0.7071 -0.3449
vn 0.6173 0.7071 0.3449
vn 0.6173 0.7071 -0.3449
vn -0.6173 0.7071 0.3449
vn 0.3449 0.7071 -0.6173
vn -0.3449 0.7071 0.6173
vn 0.3449 0.7071 0.6173
vn -0.3449 0.7071 -0.6173
vn 0.8625 -0.0000 -0.5061
vn -0.5061 -0.0000 0.8625
vn -0.8625 -0.0000 -0.5061
vn 0.9239 -0.0000 0.3827
vn 0.3827 -0.0000 0.9239
vn -0.3827 -0.0000 0.9239
vn -0.9239 -0.0000 0.3827
vn -0.0000 -0.7156 0.6985
vn -0.0000 -0.7156 -0.6985
vn -0.0000 0.6985 0.7156
vn -0.0000 0.6985 -0.7156
vn 0.6433 0.3806 -0.6643
vn -0.6433 0.3806 -0.6643
vn -0.6433 0.3806 0.6643
vn 0.6433 0.3806 0.6643
vn -0.6985 -0.7156 -0.0000
vn 0.6985 -0.7156 -0.0000
vn -0.7157 0.6985 -0.0000
vn 0.7156 0.6985 -0.0000
vn 0.6643 0.3806 0.6433
vn 0.6643 0.3806 -0.6433
vn -0.6643 0.3806 -0.6433
vn -0.6643 0.3806 0.6433
vn -0.0000 0.6985 0.7157
vn -0.0000 0.6985 -0.7157
vn -0.6985 -0.7157 -0.0000
vn 0.6985 -0.7157 -0.0000
vn -0.7156 0.6985 -0.0000
vn 0.7784 -0.5734 -0.2555
vn -0.7784 -0.5734 -0.2555
vn -0.3168 0.7110 0.6278
vn 0.2555 -0.5734 0.7784
vn 0.2555 -0.5734 -0.7784
vn -0.7784 -0.5734 0.2555
vn 0.7784 -0.5734 0.2555
vn -0.2555 -0.5734 -0.7784
vn -0.2555 -0.5734 0.7784
vn -0.6278 0.7110 0.3168
vn 0.6278 0.7110 0.3168
vn -0.3168 0.7110 -0.6278
vn 0.6278 0.7110 -0.3168
vn -0.6278 0.7110 -0.3168
vn 0.3168 0.7110 0.6278
vn 0.3168 0.7110 -0.6278
vn -0.1870 0.9644 -0.1870
vn 0.0497 0.3129 -0.9485
vn -0.6819 -0.2645 -0.6819
vn -0.9485 0.3129 0.0497
vn 0.6819 -0.2645 -0.6819
vn -0.0497 0.3129 -0.9485
vn 0.1870 0.9644 -0.1870
vn 0.9485 0.3129 0.0497
vn 0.1870 0.9644 0.1870
vn -0.0497 0.3129 0.9485
vn 0.6819 -0.2645 0.6819
vn 0.9485 0.3129 -0.0497
vn -0.6819 -0.2645 0.6819
vn 0.0497 0.3129 0.9485
vn -0.1870 0.9644 0.1870
vn -0.9485 0.3129 -0.0497
vn -0.7395 -0.6327 0.2299
vn 0.2299 -0.6327 -0.7395
vn 0.7395 -0.6327 -0.2299
vn -0.2299 -0.6327 0.7395
vn -0.2750 0.5957 0.7547
vn 0.2750 0.5957 -0.7547
vn -0.2299 -0.6327 -0.7395
vn 0.7395 -0.6327 0.2299
vn 0.2299 -0.6327 0.7395
vn -0.7395 -0.6327 -0.2299
vn -0.7547 0.5957 -0.2749
vn 0.7547 0.5957 0.2749
vn 0.2750 0.5957 0.7547
vn -0.2750 0.5957 -0.7547
vn 0.7547 0.5957 -0.2749
vn -0.7547 0.5957 0.2749
vn -0.1845 0.9653 -0.1845
vn 0.0531 0.3115 -0.9488
vn -0.6812 -0.2680 -0.6812
vn -0.9488 0.3115 0.0531
vn 0.6812 -0.2680 -0.6812
vn -0.0514 0.3122 -0.9486
vn 0.1858 0.9649 -0.1857
vn 0.9488 0.3115 0.0531
vn -0.0514 0.3122 0.9486
vn 0.9488 0.3115 -0.0531
vn 0.0531 0.3115 0.9488
vn -0.9488 0.3115 -0.0531
vn -0.6144 0.4949 -0.6145
vn -0.6145 0.4949 -0.6144
vn 0.6144 0.4949 -0.6145
vn 0.6144 0.4949 0.6145
vn 0.6145 0.4949 0.6144
vn -0.6144 0.4949 0.6145
vn 0.1859 0.9649 -0.1857
vn 0.1845 0.9653 0.1845
vn 0.6812 -0.2680 0.6812
vn -0.6812 -0.2681 0.6812
vn -0.1845 0.9653 0.1845
vn 0.2875 -0.6658 0.6885
vn -0.3080 -0.2729 0.9114
vn 0.1776 0.3159 0.9320
vn 0.0942 0.2286 0.9690
vn -0.1777 0.3159 0.9320
vn 0.3080 -0.2729 0.9114
vn -0.2875 -0.6658 0.6885
vn -0.0942 0.2286 0.9689
vn -0.2875 -0.6658 -0.6885
vn 0.3080 -0.2729 -0.9114
vn -0.1776 0.3159 -0.9320
vn -0.0942 0.2286 -0.9690
vn 0.1777 0.3159 -0.9320
vn -0.3080 -0.2729 -0.9114
vn 0.2875 -0.6658 -0.6885
vn 0.0942 0.2286 -0.9689
vn -0.6885 -0.6658 0.2875
vn -0.9114 -0.2729 -0.3080
vn -0.9320 0.3159 0.1776
vn -0.9690 0.2286 0.0942
vn -0.9320 0.3159 -0.1776
vn -0.9114 -0.2729 0.3080
vn -0.6885 -0.6658 -0.2875
vn -0.9689 0.2286 -0.0942
vn 0.6885 -0.6658 -0.2875
vn 0.9114 -0.2729 0.3080
vn 0.9320 0.3159 -0.1776
vn 0.9690 0.2286 -0.0942
vn 0.9320 0.3159 0.1776
vn 0.9114 -0.2729 -0.3080
vn 0.6885 -0.6658 0.2875
vn 0.9689 0.2286 0.0942
vn 0.8579 -0.1858 0.4790
vn 0.4452 -0.5249 0.7254
vn 0.4696 -0.8434 0.2611
vn -0.8579 -0.1858 -0.4790
vn -0.4452 -0.5249 -0.7254
vn -0.4696 -0.8434 -0.2611
vn 0.3041 0.8323 0.4635
vn 0.3084 0.9355 0.1723
vn 0.3036 0.8355 0.4580
vn 0.7840 0.4400 0.4379
vn -0.3041 0.8323 -0.4635
vn -0.3084 0.9355 -0.1723
vn -0.3036 0.8355 -0.4580
vn -0.7840 0.4400 -0.4379
vn -0.4452 -0.5249 0.7254
vn -0.8579 -0.1858 0.4790
vn -0.4696 -0.8434 0.2611
vn 0.4452 -0.5249 -0.7254
vn 0.8579 -0.1858 -0.4790
vn 0.4696 -0.8434 -0.2611
vn -0.3036 0.8355 0.4580
vn -0.3084 0.9355 0.1723
vn -0.3041 0.8323 0.4635
vn -0.7840 0.4400 0.4379
vn -0.0000 0.9566 0.2915
vn -0.0000 0.6343 0.7731
vn 0.3036 0.8355 -0.4580
vn 0.3084 0.9355 -0.1723
vn 0.3041 0.8323 -0.4635
vn 0.7840 0.4400 -0.4379
vn -0.0000 0.9566 -0.2915
vn -0.0000 0.6343 -0.7731
vn -0.4790 -0.1858 0.8579
vn -0.7254 -0.5249 0.4452
vn -0.2611 -0.8434 0.4696
vn 0.4790 -0.1858 -0.8579
vn 0.7254 -0.5249 -0.4452
vn 0.2611 -0.8434 -0.4696
vn -0.4635 0.8323 0.3041
vn -0.1722 0.9355 0.3084
vn -0.4580 0.8355 0.3036
vn -0.4379 0.4400 0.7840
vn 0.4635 0.8323 -0.3041
vn 0.1722 0.9355 -0.3084
vn 0.4580 0.8355 -0.3036
vn 0.4379 0.4400 -0.7840
vn -0.7254 -0.5249 -0.4452
vn -0.4790 -0.1858 -0.8579
vn -0.2611 -0.8434 -0.4696
vn 0.7254 -0.5249 0.4452
vn 0.4790 -0.1858 0.8579
vn 0.2611 -0.8434 0.4696
vn -0.4580 0.8355 -0.3036
vn -0.1723 0.9355 -0.3084
vn -0.4635 0.8323 -0.3041
vn -0.4379 0.4400 -0.7840
vn -0.2915 0.9566 -0.0000
vn -0.7731 0.6343 -0.0000
vn 0.4580 0.8355 0.3036
vn 0.1723 0.9355 0.3084
vn 0.4635 0.8323 0.3041
vn 0.4379 0.4400 0.7840
vn 0.2915 0.9566 -0.0000
vn 0.7731 0.6343 -0.0000
vn -0.2762 -0.6249 -0.7302
vn -0.2862 -0.9144 -0.2862
vn -0.7302 -0.6249 -0.2762
vn -0.7028 -0.1097 -0.7028
vn -0.4669 0.8642 -0.1874
vn -0.1905 0.9630 -0.1905
vn -0.1874 0.8642 -0.4669
vn -0.5069 0.6972 -0.5069
vn 0.1874 0.8642 -0.4669
vn 0.1905 0.9630 -0.1905
vn 0.4669 0.8642 -0.1874
vn 0.5069 0.6972 -0.5069
vn 0.7302 -0.6249 -0.2762
vn 0.2862 -0.9144 -0.2862
vn 0.2762 -0.6249 -0.7302
vn 0.7028 -0.1096 -0.7028
vn 0.2762 -0.6249 0.7302
vn 0.2862 -0.9144 0.2862
vn 0.7302 -0.6249 0.2762
vn 0.7028 -0.1097 0.7028
vn 0.4669 0.8642 0.1874
vn 0.1905 0.9630 0.1905
vn 0.1874 0.8642 0.4669
vn 0.5069 0.6972 0.5069
vn -0.1874 0.8642 0.4669
vn -0.1905 0.9630 0.1905
vn -0.4669 0.8642 0.1874
vn -0.5069 0.6972 0.5069
vn -0.7302 -0.6249 0.2762
vn -0.2862 -0.9144 0.2862
vn -0.2762 -0.6249 0.7302
vn -0.7028 -0.1096 0.7028
vn 0.9982 -0.0592 -0.0001
vn 0.4916 -0.8708 -0.0002
vn 0.2857 0.9583 -0.0000
vn 0.7598 0.6502 -0.0000
vn -0.0002 -0.8708 0.4916
vn -0.0001 -0.0593 0.9982
vn -0.0000 0.9583 0.2857
vn -0.0000 0.6502 0.7598
vn 0.0001 -0.0593 0.9982
vn 0.0002 -0.8708 0.4916
vn -0.4916 -0.8708 -0.0002
vn -0.9982 -0.0592 -0.0001
vn -0.2857 0.9583 -0.0000
vn -0.7598 0.6502 -0.0000
vn -0.9982 -0.0592 0.0001
vn -0.4916 -0.8708 0.0002
vn 0.0002 -0.8708 -0.4916
vn 0.0001 -0.0593 -0.9982
vn -0.0000 0.9583 -0.2857
vn -0.0000 0.6502 -0.7598
vn -0.0001 -0.0593 -0.9982
vn -0.0002 -0.8708 -0.4916
vn 0.4916 -0.8708 0.0002
vn 0.9982 -0.0592 0.0001
vn -0.5083 0.2766 0.8156
vn 0.3271 0.4827 0.8124
vn -0.5076 0.2605 0.8213
vn 0.5083 0.2766 0.8156
vn 0.5076 0.2605 0.8213
vn -0.3271 0.4827 0.8124
vn 0.5083 0.2766 -0.8156
vn -0.3271 0.4827 -0.8124
vn 0.5076 0.2605 -0.8213
vn -0.5083 0.2766 -0.8156
vn -0.5076 0.2605 -0.8213
vn 0.3271 0.4827 -0.8124
vn -0.8156 0.2766 -0.5083
vn -0.8124 0.4827 0.3271
vn -0.8213 0.2605 -0.5076
vn -0.8156 0.2766 0.5083
vn -0.8213 0.2605 0.5076
vn -0.8124 0.4827 -0.3271
vn 0.8213 0.2605 0.5076
vn 0.8156 0.2766 0.5083
vn 0.8124 0.4827 -0.3271
vn 0.8156 0.2766 -0.5083
vn 0.8213 0.2605 -0.5076
vn 0.8124 0.4827 0.3271
vn -0.0000 0.3848 0.9230
vn -0.0000 -0.5547 0.8321
vn -0.0000 0.3848 -0.9230
vn -0.0000 -0.5547 -0.8321
vn -0.8321 -0.5546 -0.0000
vn 0.8321 -0.5546 -0.0000
vn 0.6145 0.4949 -0.6144
vn -0.6145 0.4949 0.6144
vn -0.0000 0.9405 -0.3399
vn -0.0000 0.3399 0.9405
vn 0.9468 -0.3026 0.1094
vn -0.0000 -0.9405 0.3399
vn -0.9468 -0.3026 0.1094
vn -0.0000 0.8242 0.5663
vn 0.3739 0.8488 0.3739
vn 0.6296 0.4551 0.6296
vn 0.9405 0.3399 -0.0000
vn -0.3399 0.9405 -0.0000
vn 0.1094 -0.3026 -0.9468
vn 0.3399 -0.9405 -0.0000
vn 0.1094 -0.3026 0.9468
vn 0.5663 0.8242 -0.0000
vn 0.3739 0.8488 -0.3739
vn 0.6296 0.4551 -0.6296
vn -0.0000 0.8242 -0.5663
vn -0.0000 0.3399 -0.9405
vn -0.0000 -0.9405 -0.3399
vn -0.9468 -0.3026 -0.1094
vn -0.0000 0.9405 0.3399
vn 0.9468 -0.3026 -0.1094
vn -0.6296 0.4551 -0.6296
vn -0.9405 0.3399 -0.0000
vn 0.3399 0.9405 -0.0000
vn -0.1094 -0.3026 0.9468
vn -0.3399 -0.9405 -0.0000
vn -0.1094 -0.3026 -0.9468
vn -0.5663 0.8242 -0.0000
vn -0.3739 0.8488 0.3739
vn -0.6296 0.4551 0.6296
vn -0.3739 0.8488 -0.3739
vn 0.4944 0.7149 0.4944
vn 0.7027 0.7115 -0.0000
vn 0.4944 0.7149 -0.4944
vn -0.0000 0.7115 -0.7027
vn -0.4944 0.7149 -0.4944
vn -0.7027 0.7115 -0.0000
vn -0.4944 0.7149 0.4944
vn -0.0000 0.7115 0.7027
vn 0.0872 -0.9924 0.0872
vn -0.1256 -0.9921 -0.0000
vn -0.0000 -0.9921 -0.1256
vn 0.1256 -0.9921 -0.0000
vn -0.3730 0.8495 0.3730
vn -0.5630 -0.6050 -0.5631
vn -0.0000 0.6050 -0.7962
vn 0.5630 -0.6050 0.5631
vn -0.0000 -0.6050 -0.7962
vn -0.0000 -0.6050 0.7962
vn -0.0000 0.6050 0.7962
vn 0.5630 0.6050 -0.5630
vn -0.5630 0.6050 0.5630
vn 0.1682 0.9713 0.1682
vn 0.2379 0.9713 -0.0000
vn 0.1682 0.9713 -0.1682
vn -0.0000 0.9713 -0.2379
vn -0.1682 0.9713 -0.1682
vn -0.2379 0.9713 -0.0000
vn -0.1682 0.9713 0.1682
vn -0.0000 0.9713 0.2379
vn -0.3730 0.8495 -0.3730
vn 0.3730 0.8495 -0.3730
vn 0.3730 0.8495 0.3730
vn -0.0000 0.8405 0.5418
vn -0.5418 0.8405 -0.0000
vn -0.0000 0.8405 -0.5418
vn 0.5418 0.8405 -0.0000
vn 0.9997 -0.0255 -0.0025
vn -0.0000 -0.9921 0.1256
vn -0.0872 -0.9924 0.0872
vn -0.0872 -0.9924 -0.0872
vn 0.0872 -0.9924 -0.0872
vn -0.0149 0.9999 0.0029
vn -0.3793 0.9237 -0.0533
vn 0.0419 0.9273 0.3719
vn 0.2539 0.9134 -0.3183
vn -0.2539 -0.9134 -0.3183
vn 0.0285 0.9994 -0.0190
vn -0.3719 -0.9273 -0.0419
vn 0.3183 0.9134 0.2538
vn 0.3719 0.9273 -0.0419
vn -0.3102 -0.7581 -0.5736
vn 0.0419 -0.9273 -0.3719
vn -0.3183 -0.9134 0.2538
vn 0.2538 0.9134 -0.3183
vn -0.2538 -0.9134 -0.3183
vn -0.5736 0.7581 -0.3102
vn 0.0029 0.9999 0.0149
vn 0.3102 0.7581 -0.5736
vn 0.0149 0.9999 -0.0029
vn -0.3183 -0.9134 0.2539
vn -0.0419 -0.9273 0.3719
vn -0.0190 0.9994 -0.0285
vn -0.0285 0.9994 0.0190
vn -0.0419 0.9273 -0.3719
vn 0.0560 -0.9259 -0.3736
vn 0.2538 -0.9134 0.3183
vn -0.0533 0.9237 0.3793
vn -0.3183 0.9134 -0.2538
vn -0.3736 -0.9259 -0.0560
vn 0.0533 0.9237 -0.3793
vn -0.0740 -0.9971 0.0161
vn 0.3793 -0.9237 -0.0533
vn 0.0533 -0.9237 0.3793
vn -0.3183 0.9134 -0.2539
vn 0.3793 0.9237 0.0533
vn 0.0161 -0.9971 0.0740
vn 0.0740 -0.9971 -0.0161
vn -0.0161 -0.9971 -0.0740
vn 0.3719 -0.9273 0.0419
vn -0.0560 -0.9259 0.3736
vn 0.3736 -0.9259 0.0560
vn -0.3719 0.9273 0.0419
vn 0.3102 -0.7581 0.5736
vn 0.3183 -0.9134 -0.2538
vn -0.9997 0.0255 -0.0025
vn -0.9997 -0.0255 0.0025
vn 0.9997 0.0255 0.0025
vn -0.0025 0.0255 0.9997
vn 0.0025 -0.0255 0.9997
vn 0.0025 0.0255 -0.9997
vn -0.0025 -0.0255 -0.9997
vn 0.6600 -0.0735 0.7477
vn 0.7477 -0.0735 -0.6600
vn -0.6600 -0.0735 -0.7477
vn -0.7477 -0.0735 0.6600
vn -0.6620 0.0778 0.7455
vn -0.7455 0.0778 -0.6620
vn 0.6620 0.0778 -0.7455
vn 0.7455 0.0778 0.6620
vn -0.2538 0.9134 0.3183
vn 0.2539 -0.9134 0.3183
vn 0.3183 -0.9134 -0.2539
vn 0.0190 0.9994 0.0285
vn -0.0029 0.9999 -0.0149
vn 0.3183 0.9134 0.2539
vn -0.3102 0.7581 0.5736
vn 0.5736 0.7581 0.3102
vn -0.2539 0.9134 0.3183
vn -0.0560 0.9259 -0.3736
vn 0.3736 0.9259 -0.0560
vn -0.3793 -0.9237 0.0533
vn 0.5736 -0.7581 -0.3102
vn 0.0560 0.9259 0.3736
vn -0.0533 -0.9237 -0.3793
vn -0.3736 0.9259 0.0560
vn -0.5736 -0.7581 0.3102
vn 0.5378 0.6492 0.5378
vn 0.7606 0.6492 -0.0000
vn 0.5378 0.6492 -0.5378
vn -0.0000 0.6492 -0.7606
vn -0.5378 0.6492 -0.5378
vn -0.7606 0.6492 -0.0000
vn -0.5378 0.6492 0.5378
vn -0.0000 0.6492 0.7606
vn 0.4702 0.7469 0.4702
vn 0.6649 0.7469 -0.0000
vn 0.4701 0.7469 -0.4702
vn -0.0000 0.7469 -0.6649
vn -0.4702 0.7469 -0.4702
vn -0.6649 0.7469 -0.0000
vn -0.4701 0.7469 0.4702
vn -0.0000 0.7469 0.6649
vn -0.5630 0.6050 -0.5631
vn 0.5630 0.6050 0.5630
vn -0.7962 0.6051 -0.0000
vn -0.7962 -0.6050 -0.0000
vn 0.7963 -0.6050 -0.0000
vn 0.7962 0.6051 -0.0000
vn 0.5630 -0.6050 -0.5631
vn -0.5630 -0.6050 0.5631
vt 0.125563 0.584671
vt 0.208043 0.587429
vt 0.208030 0.607014
vt 0.125568 0.609795
vt 0.209671 0.500563
vt 0.234795 0.500568
vt 0.232014 0.583030
vt 0.212429 0.583043
vt 0.376667 0.583992
vt 0.573333 0.583992
vt 0.573333 0.610452
vt 0.376667 0.610452
vt 0.376667 0.833992
vt 0.573333 0.833992
vt 0.573333 0.860452
vt 0.376667 0.860452
vt 0.625000 0.583002
vt 0.625000 0.539248
vt 0.625000 0.539248
vt 0.625000 0.583002
vt 0.625000 0.280829
vt 0.625000 0.332066
vt 0.625000 0.332853
vt 0.625000 0.280275
vt 0.625000 0.583039
vt 0.625000 0.530185
vt 0.625000 0.530159
vt 0.625000 0.582988
vt 0.625000 0.640093
vt 0.625000 0.665278
vt 0.625000 0.662960
vt 0.625000 0.642661
vt 0.625000 0.833039
vt 0.625000 0.780185
vt 0.625000 0.780159
vt 0.625000 0.832988
vt 0.625000 0.862102
vt 0.625000 0.887898
vt 0.625000 0.888527
vt 0.625000 0.888454
vt 0.625000 0.861546
vt 0.625000 0.861473
vt 0.737055 0.519846
vt 0.716325 0.512972
vt 0.713469 0.507806
vt 0.736349 0.511847
vt 0.625000 0.166960
vt 0.625000 0.218814
vt 0.625000 0.210796
vt 0.625000 0.166987
vt 0.625000 0.889529
vt 0.625000 0.915981
vt 0.625000 0.915969
vt 0.625000 0.889541
vt 0.625000 0.333039
vt 0.625000 0.280185
vt 0.625000 0.280159
vt 0.625000 0.332988
vt 0.625000 0.361194
vt 0.625000 0.361550
vt 0.625000 0.388450
vt 0.625000 0.388806
vt 0.625000 0.388808
vt 0.625000 0.361192
vt 0.625000 0.031186
vt 0.625000 0.083040
vt 0.625000 0.083013
vt 0.625000 0.039204
vt 0.265205 0.500568
vt 0.290329 0.500563
vt 0.287571 0.583043
vt 0.267986 0.583030
vt 0.660946 0.742186
vt 0.715114 0.737247
vt 0.712231 0.742359
vt 0.658644 0.745310
vt 0.625000 0.856944
vt 0.625000 0.837500
vt 0.625000 0.861194
vt 0.625000 0.861550
vt 0.625000 0.888450
vt 0.625000 0.888806
vt 0.625000 0.888808
vt 0.625000 0.861192
vt 0.853132 0.637663
vt 0.860710 0.658111
vt 0.860710 0.658111
vt 0.853131 0.637663
vt 0.625000 0.912500
vt 0.625000 0.893055
vt 0.625000 0.916960
vt 0.625000 0.968814
vt 0.625000 0.960796
vt 0.625000 0.916987
vt 0.625000 0.666960
vt 0.625000 0.718814
vt 0.625000 0.710796
vt 0.625000 0.666987
vt 0.716889 0.514290
vt 0.737337 0.521868
vt 0.737337 0.521868
vt 0.716889 0.514290
vt 0.291944 0.666945
vt 0.374722 0.666944
vt 0.374722 0.720078
vt 0.345078 0.749722
vt 0.291944 0.749722
vt 0.376667 0.530085
vt 0.573333 0.530149
vt 0.573333 0.583055
vt 0.376667 0.583056
vt 0.625000 0.664456
vt 0.625000 0.640822
vt 0.625000 0.642694
vt 0.625000 0.662882
vt 0.625000 0.140093
vt 0.625000 0.165278
vt 0.625000 0.162960
vt 0.625000 0.142661
vt 0.625000 0.164456
vt 0.625000 0.140822
vt 0.625000 0.142694
vt 0.625000 0.162882
vt 0.625000 0.412500
vt 0.625000 0.393056
vt 0.625000 0.412500
vt 0.625000 0.084722
vt 0.625000 0.109907
vt 0.625000 0.107339
vt 0.625000 0.087040
vt 0.625000 0.638817
vt 0.625000 0.611183
vt 0.625000 0.611183
vt 0.212429 0.666957
vt 0.232014 0.666970
vt 0.234795 0.749432
vt 0.209671 0.749437
vt 0.291944 0.500278
vt 0.345078 0.500278
vt 0.374722 0.529922
vt 0.374722 0.583056
vt 0.291944 0.583056
vt 0.625000 0.112102
vt 0.625000 0.137898
vt 0.625000 0.138527
vt 0.625000 0.138454
vt 0.625000 0.111546
vt 0.625000 0.111473
vt 0.625000 0.665966
vt 0.625000 0.639587
vt 0.625000 0.639743
vt 0.625000 0.665809
vt 0.625000 0.612108
vt 0.625000 0.611983
vt 0.625000 0.611355
vt 0.625000 0.611193
vt 0.625000 0.611205
vt 0.376667 0.083992
vt 0.573333 0.083992
vt 0.573333 0.110452
vt 0.376667 0.110452
vt 0.625000 0.387799
vt 0.625000 0.387935
vt 0.625000 0.387935
vt 0.625000 0.387799
vt 0.625000 0.637798
vt 0.625000 0.637935
vt 0.625000 0.637798
vt 0.625000 0.662500
vt 0.625000 0.643055
vt 0.625000 0.643055
vt 0.625000 0.662500
vt 0.660268 0.508052
vt 0.633052 0.535268
vt 0.629935 0.532974
vt 0.657974 0.504935
vt 0.645089 0.612882
vt 0.645089 0.637118
vt 0.637045 0.637786
vt 0.637045 0.612214
vt 0.625000 0.165966
vt 0.625000 0.139587
vt 0.625000 0.139743
vt 0.625000 0.165809
vt 0.625000 0.362108
vt 0.625000 0.361983
vt 0.625000 0.361355
vt 0.625000 0.361193
vt 0.625000 0.361205
vt 0.737882 0.729911
vt 0.762118 0.729911
vt 0.762786 0.737955
vt 0.737214 0.737955
vt 0.769336 0.563838
vt 0.836843 0.576950
vt 0.792165 0.582213
vt 0.766956 0.581520
vt 0.855154 0.612055
vt 0.862028 0.591325
vt 0.867194 0.588469
vt 0.863153 0.611350
vt 0.803291 0.688946
vt 0.839271 0.673240
vt 0.795100 0.666367
vt 0.793198 0.645557
vt 0.376667 0.611189
vt 0.573333 0.611189
vt 0.573333 0.638811
vt 0.376667 0.638811
vt 0.212500 0.611183
vt 0.231944 0.611183
vt 0.231944 0.638817
vt 0.212500 0.638817
vt 0.376667 0.139548
vt 0.573333 0.139548
vt 0.573333 0.166008
vt 0.376667 0.166008
vt 0.212500 0.587500
vt 0.231944 0.587500
vt 0.231944 0.606944
vt 0.212500 0.606944
vt 0.125278 0.666944
vt 0.208056 0.666944
vt 0.208056 0.749722
vt 0.154922 0.749722
vt 0.125278 0.720078
vt 0.212500 0.643055
vt 0.231944 0.643055
vt 0.231944 0.662500
vt 0.212500 0.662500
vt 0.291957 0.587429
vt 0.374437 0.584671
vt 0.374432 0.609795
vt 0.291970 0.607014
vt 0.376667 0.389548
vt 0.573333 0.389548
vt 0.573333 0.416008
vt 0.376667 0.416008
vt 0.854911 0.637118
vt 0.854911 0.612882
vt 0.862955 0.612214
vt 0.862955 0.637786
vt 0.736158 0.586071
vt 0.763842 0.586071
vt 0.763842 0.608374
vt 0.736158 0.608374
vt 0.762118 0.520089
vt 0.737882 0.520089
vt 0.737214 0.512045
vt 0.762786 0.512045
vt 0.867186 0.714054
vt 0.862247 0.659886
vt 0.867359 0.662769
vt 0.870310 0.716356
vt 0.625000 0.611194
vt 0.625000 0.611550
vt 0.625000 0.638450
vt 0.625000 0.638806
vt 0.625000 0.638808
vt 0.625000 0.611192
vt 0.625000 0.833050
vt 0.625000 0.780819
vt 0.625000 0.780349
vt 0.625000 0.833050
vt 0.625000 0.083039
vt 0.625000 0.030185
vt 0.625000 0.030159
vt 0.625000 0.082988
vt 0.625000 0.781186
vt 0.625000 0.833040
vt 0.625000 0.833013
vt 0.625000 0.789204
vt 0.625000 0.214866
vt 0.625000 0.166976
vt 0.625000 0.166991
vt 0.625000 0.210781
vt 0.862028 0.658675
vt 0.855154 0.637945
vt 0.863152 0.638650
vt 0.867194 0.661531
vt 0.625000 0.389529
vt 0.625000 0.415981
vt 0.625000 0.415969
vt 0.625000 0.389541
vt 0.625000 0.639529
vt 0.625000 0.665981
vt 0.625000 0.665969
vt 0.625000 0.639541
vt 0.573333 0.279478
vt 0.376667 0.279414
vt 0.376667 0.220586
vt 0.573333 0.220522
vt 0.376667 0.333992
vt 0.573333 0.333992
vt 0.573333 0.360452
vt 0.376667 0.360452
vt 0.125568 0.640205
vt 0.208030 0.642985
vt 0.208043 0.662571
vt 0.125563 0.665329
vt 0.376667 0.780085
vt 0.573333 0.780149
vt 0.573333 0.833056
vt 0.376667 0.833055
vt 0.376667 0.666944
vt 0.573333 0.666944
vt 0.573333 0.719851
vt 0.376667 0.719915
vt 0.625000 0.914456
vt 0.625000 0.890822
vt 0.625000 0.892694
vt 0.625000 0.912882
vt 0.376667 0.166944
vt 0.573333 0.166944
vt 0.573333 0.219851
vt 0.376667 0.219915
vt 0.625000 0.414456
vt 0.625000 0.390822
vt 0.625000 0.392694
vt 0.625000 0.412882
vt 0.625000 0.333002
vt 0.625000 0.289248
vt 0.625000 0.289248
vt 0.625000 0.333002
vt 0.625000 0.362102
vt 0.625000 0.387898
vt 0.625000 0.388527
vt 0.625000 0.388454
vt 0.625000 0.361546
vt 0.625000 0.361473
vt 0.625000 0.833002
vt 0.625000 0.789248
vt 0.625000 0.789248
vt 0.625000 0.833002
vt 0.625000 0.334722
vt 0.625000 0.359907
vt 0.625000 0.357339
vt 0.625000 0.337040
vt 0.376667 0.889548
vt 0.573333 0.889548
vt 0.573333 0.916008
vt 0.376667 0.916008
vt 0.376667 0.861189
vt 0.573333 0.861189
vt 0.573333 0.888811
vt 0.376667 0.888811
vt 0.625000 0.137799
vt 0.625000 0.137935
vt 0.625000 0.137798
vt 0.738034 0.522097
vt 0.761966 0.522097
vt 0.761965 0.522097
vt 0.738034 0.522097
vt 0.376667 0.416944
vt 0.573333 0.416944
vt 0.573333 0.469851
vt 0.376667 0.469915
vt 0.625000 0.888817
vt 0.625000 0.861183
vt 0.625000 0.888817
vt 0.625000 0.505463
vt 0.625000 0.494537
vt 0.625000 0.471314
vt 0.625000 0.528687
vt 0.839271 0.576760
vt 0.803291 0.561053
vt 0.793198 0.604443
vt 0.795100 0.583633
vt 0.625000 0.915966
vt 0.625000 0.889587
vt 0.625000 0.889743
vt 0.625000 0.915809
vt 0.625000 0.387857
vt 0.625000 0.362143
vt 0.625000 0.362143
vt 0.625000 0.387857
vt 0.625000 0.415966
vt 0.625000 0.389587
vt 0.625000 0.389743
vt 0.625000 0.415809
vt 0.625000 0.112108
vt 0.625000 0.111983
vt 0.625000 0.111355
vt 0.625000 0.111193
vt 0.625000 0.111205
vt 0.637753 0.659886
vt 0.632814 0.714054
vt 0.629690 0.716356
vt 0.632641 0.662769
vt 0.697340 0.555962
vt 0.697340 0.694038
vt 0.697340 0.694038
vt 0.697340 0.555962
vt 0.788554 0.666667
vt 0.766993 0.666667
vt 0.767154 0.666667
vt 0.788393 0.666667
vt 0.698525 0.559237
vt 0.702640 0.534850
vt 0.707613 0.580919
vt 0.707396 0.603849
vt 0.376667 0.280085
vt 0.573333 0.280149
vt 0.573333 0.333056
vt 0.376667 0.333055
vt 0.236184 0.666983
vt 0.263816 0.666983
vt 0.263813 0.749684
vt 0.236187 0.749684
vt 0.268056 0.611183
vt 0.287500 0.611183
vt 0.287500 0.638817
vt 0.268056 0.638817
vt 0.236183 0.611183
vt 0.263817 0.611183
vt 0.263817 0.638817
vt 0.236183 0.638817
vt 0.268056 0.643055
vt 0.287500 0.643055
vt 0.287500 0.662500
vt 0.268056 0.662500
vt 0.236183 0.643055
vt 0.263817 0.643055
vt 0.263817 0.662500
vt 0.236183 0.662500
vt 0.801661 0.560937
vt 0.801661 0.689063
vt 0.792665 0.643820
vt 0.792665 0.606180
vt 0.625000 0.162500
vt 0.625000 0.143056
vt 0.625000 0.162500
vt 0.733007 0.666667
vt 0.711446 0.666667
vt 0.711607 0.666667
vt 0.732846 0.666667
vt 0.705067 0.535040
vt 0.732480 0.562022
vt 0.733638 0.580926
vt 0.710549 0.579500
vt 0.736158 0.641626
vt 0.763842 0.641626
vt 0.763842 0.663929
vt 0.736158 0.663929
vt 0.708333 0.638835
vt 0.708333 0.611164
vt 0.708333 0.611166
vt 0.708333 0.638834
vt 0.625000 0.964866
vt 0.625000 0.916976
vt 0.625000 0.916991
vt 0.625000 0.960781
vt 0.625000 0.464866
vt 0.625000 0.416976
vt 0.625000 0.416991
vt 0.625000 0.460781
vt 0.625000 0.714866
vt 0.625000 0.666976
vt 0.625000 0.666991
vt 0.625000 0.710781
vt 0.625000 0.333024
vt 0.625000 0.285134
vt 0.625000 0.289219
vt 0.625000 0.333009
vt 0.625000 0.109178
vt 0.625000 0.085544
vt 0.625000 0.087118
vt 0.625000 0.107306
vt 0.625000 0.833024
vt 0.625000 0.785134
vt 0.625000 0.789220
vt 0.625000 0.833009
vt 0.625000 0.609178
vt 0.625000 0.585544
vt 0.625000 0.587118
vt 0.625000 0.607306
vt 0.625000 0.710752
vt 0.625000 0.666998
vt 0.625000 0.710752
vt 0.625000 0.638809
vt 0.625000 0.611190
vt 0.625000 0.611190
vt 0.625000 0.638810
vt 0.625000 0.210752
vt 0.625000 0.166998
vt 0.625000 0.210752
vt 0.625000 0.138809
vt 0.625000 0.111191
vt 0.625000 0.111190
vt 0.625000 0.138810
vt 0.625000 0.583024
vt 0.625000 0.535134
vt 0.625000 0.539219
vt 0.625000 0.583009
vt 0.625000 0.359178
vt 0.625000 0.335544
vt 0.625000 0.337118
vt 0.625000 0.357306
vt 0.625000 0.083024
vt 0.625000 0.035134
vt 0.625000 0.039220
vt 0.625000 0.083009
vt 0.625000 0.859178
vt 0.625000 0.835544
vt 0.625000 0.837118
vt 0.625000 0.857306
vt 0.625000 0.960752
vt 0.625000 0.916998
vt 0.625000 0.960752
vt 0.625000 0.888809
vt 0.625000 0.861190
vt 0.625000 0.861190
vt 0.625000 0.888810
vt 0.625000 0.460752
vt 0.625000 0.416998
vt 0.625000 0.416998
vt 0.625000 0.460752
vt 0.625000 0.388809
vt 0.625000 0.361191
vt 0.625000 0.361190
vt 0.625000 0.388810
vt 0.376667 0.916944
vt 0.573333 0.916944
vt 0.573333 0.969851
vt 0.376667 0.969915
vt 0.839054 0.507814
vt 0.784886 0.512753
vt 0.787769 0.507641
vt 0.841356 0.504690
vt 0.291970 0.642985
vt 0.374432 0.640205
vt 0.374437 0.665329
vt 0.291957 0.662571
vt 0.376667 0.639548
vt 0.573333 0.639548
vt 0.573333 0.666008
vt 0.376667 0.666008
vt 0.625000 0.083002
vt 0.625000 0.039248
vt 0.625000 0.039248
vt 0.625000 0.583050
vt 0.625000 0.530819
vt 0.625000 0.530349
vt 0.625000 0.583050
vt 0.125316 0.611187
vt 0.208017 0.611184
vt 0.208017 0.638816
vt 0.125316 0.638812
vt 0.625000 0.390093
vt 0.625000 0.415278
vt 0.625000 0.412960
vt 0.625000 0.392661
vt 0.625000 0.388817
vt 0.625000 0.361183
vt 0.625000 0.138817
vt 0.625000 0.111183
vt 0.628440 0.532723
vt 0.630625 0.586145
vt 0.625748 0.583395
vt 0.625462 0.530530
vt 0.236187 0.500316
vt 0.263813 0.500316
vt 0.263816 0.583017
vt 0.236184 0.583017
vt 0.625000 0.531186
vt 0.625000 0.583040
vt 0.625000 0.583013
vt 0.625000 0.539204
vt 0.625000 0.890093
vt 0.625000 0.915278
vt 0.625000 0.912960
vt 0.625000 0.892661
vt 0.625000 0.606944
vt 0.625000 0.587500
vt 0.625000 0.416960
vt 0.625000 0.468814
vt 0.625000 0.460796
vt 0.625000 0.416987
vt 0.291983 0.611184
vt 0.374684 0.611187
vt 0.374684 0.638812
vt 0.291983 0.638816
vt 0.267986 0.666970
vt 0.287571 0.666957
vt 0.290329 0.749437
vt 0.265205 0.749432
vt 0.646869 0.612337
vt 0.639290 0.591889
vt 0.639290 0.591889
vt 0.646868 0.612337
vt 0.625000 0.111194
vt 0.625000 0.111550
vt 0.625000 0.138450
vt 0.625000 0.138806
vt 0.625000 0.138808
vt 0.625000 0.111192
vt 0.625000 0.211679
vt 0.625000 0.219687
vt 0.625000 0.280313
vt 0.625000 0.288321
vt 0.625000 0.038661
vt 0.625000 0.038661
vt 0.625000 0.000256
vt 0.625000 0.000256
vt 0.625000 0.711596
vt 0.625000 0.711596
vt 0.625000 0.788404
vt 0.625000 0.010639
vt 0.625000 0.019234
vt 0.625000 0.029308
vt 0.625000 0.000578
vt 0.625000 0.491405
vt 0.625000 0.508595
vt 0.625000 0.528731
vt 0.625000 0.471269
vt 0.625000 0.244833
vt 0.625000 0.255167
vt 0.625000 0.255167
vt 0.625000 0.244833
vt 0.625000 0.744833
vt 0.625000 0.755167
vt 0.625000 0.755167
vt 0.625000 0.744833
vt 0.625000 0.538404
vt 0.625000 0.461596
vt 0.573333 0.779478
vt 0.376667 0.779414
vt 0.376667 0.720586
vt 0.573333 0.720522
vt 0.625000 0.017743
vt 0.625000 0.019302
vt 0.625000 0.019302
vt 0.625000 0.715812
vt 0.625000 0.711689
vt 0.625000 0.788311
vt 0.625000 0.784188
vt 0.625000 0.000235
vt 0.625000 0.000249
vt 0.625000 0.038560
vt 0.625000 0.034423
vt 0.625000 0.288311
vt 0.625000 0.284188
vt 0.625000 0.215812
vt 0.625000 0.211689
vt 0.625000 0.538311
vt 0.625000 0.534188
vt 0.625000 0.465812
vt 0.625000 0.461689
vt 0.573333 0.529478
vt 0.376667 0.529414
vt 0.376667 0.470586
vt 0.573333 0.470522
vt 0.625000 0.019109
vt 0.625000 0.010763
vt 0.625000 0.010763
vt 0.625000 0.010569
vt 0.625000 0.012080
vt 0.625000 0.012080
vt 0.625000 0.010569
vt 0.625000 0.505663
vt 0.625000 0.508733
vt 0.625000 0.508733
vt 0.376667 0.030085
vt 0.573333 0.030149
vt 0.573333 0.083056
vt 0.376667 0.083056
vt 0.623844 0.166962
vt 0.623831 0.215204
vt 0.576169 0.219675
vt 0.576156 0.166951
vt 0.623844 0.666962
vt 0.623831 0.715204
vt 0.576169 0.719675
vt 0.576156 0.666950
vt 0.623526 0.139926
vt 0.623511 0.165548
vt 0.576480 0.165801
vt 0.576467 0.139684
vt 0.623594 0.611188
vt 0.623594 0.638812
vt 0.576406 0.638811
vt 0.576406 0.611189
vt 0.623526 0.639926
vt 0.623511 0.665548
vt 0.576480 0.665801
vt 0.576467 0.639683
vt 0.623830 0.284795
vt 0.623844 0.333038
vt 0.576156 0.333049
vt 0.576169 0.280325
vt 0.623844 0.416962
vt 0.623831 0.465204
vt 0.576169 0.469675
vt 0.576156 0.416950
vt 0.623844 0.916962
vt 0.623831 0.965205
vt 0.576169 0.969675
vt 0.576156 0.916950
vt 0.623526 0.389926
vt 0.623511 0.415548
vt 0.576480 0.415801
vt 0.576467 0.389684
vt 0.623594 0.861188
vt 0.623594 0.888812
vt 0.576406 0.888811
vt 0.576406 0.861189
vt 0.623526 0.889926
vt 0.623511 0.915548
vt 0.576480 0.915801
vt 0.576467 0.889683
vt 0.624048 0.000220
vt 0.624048 0.034241
vt 0.575952 0.029757
vt 0.575952 0.000204
vt 0.624048 0.215979
vt 0.624048 0.284021
vt 0.575952 0.279552
vt 0.575952 0.220447
vt 0.624048 0.715979
vt 0.624048 0.784021
vt 0.575952 0.779553
vt 0.575952 0.720447
vt 0.766626 0.586071
vt 0.788929 0.586071
vt 0.788929 0.608374
vt 0.766626 0.608374
vt 0.624048 0.465979
vt 0.624048 0.534021
vt 0.575952 0.529553
vt 0.575952 0.470447
vt 0.623511 0.084452
vt 0.623526 0.110074
vt 0.576467 0.110316
vt 0.576480 0.084199
vt 0.623594 0.361188
vt 0.623594 0.388812
vt 0.576406 0.388811
vt 0.576406 0.361189
vt 0.623511 0.334452
vt 0.623526 0.360074
vt 0.576467 0.360316
vt 0.576480 0.334199
vt 0.623830 0.534796
vt 0.623844 0.583038
vt 0.576156 0.583049
vt 0.576169 0.530325
vt 0.623511 0.834452
vt 0.623526 0.860074
vt 0.576467 0.860316
vt 0.576480 0.834199
vt 0.623594 0.111188
vt 0.623594 0.138812
vt 0.576406 0.138811
vt 0.576406 0.111189
vt 0.623511 0.584452
vt 0.623526 0.610074
vt 0.576467 0.610316
vt 0.576480 0.584199
vt 0.623830 0.784796
vt 0.623844 0.833038
vt 0.576156 0.833049
vt 0.576169 0.780325
vt 0.625000 0.106944
vt 0.625000 0.087500
vt 0.711071 0.611158
vt 0.733374 0.611158
vt 0.733374 0.638842
vt 0.711071 0.638842
vt 0.711071 0.586071
vt 0.733374 0.586071
vt 0.733374 0.608374
vt 0.711071 0.608374
vt 0.711071 0.641626
vt 0.733374 0.641626
vt 0.733374 0.663929
vt 0.711071 0.663929
vt 0.766626 0.611158
vt 0.788929 0.611158
vt 0.788929 0.638842
vt 0.766626 0.638842
vt 0.736158 0.611158
vt 0.763842 0.611158
vt 0.763842 0.638842
vt 0.736158 0.638842
vt 0.766626 0.641626
vt 0.788929 0.641626
vt 0.788929 0.663929
vt 0.766626 0.663929
vt 0.763835 0.666667
vt 0.736164 0.666667
vt 0.736166 0.666667
vt 0.763834 0.666667
vt 0.736164 0.583333
vt 0.763835 0.583333
vt 0.763834 0.583333
vt 0.736166 0.583333
vt 0.625000 0.112300
vt 0.625000 0.137700
vt 0.625000 0.112300
vt 0.698339 0.689063
vt 0.698339 0.560937
vt 0.707335 0.606180
vt 0.707335 0.643820
vt 0.836844 0.673050
vt 0.769336 0.686162
vt 0.766956 0.668480
vt 0.792165 0.667787
vt 0.702640 0.715150
vt 0.698525 0.690763
vt 0.707395 0.646151
vt 0.707613 0.669081
vt 0.866400 0.536498
vt 0.860978 0.590884
vt 0.860978 0.590884
vt 0.644846 0.637945
vt 0.637972 0.658675
vt 0.632806 0.661531
vt 0.636847 0.638650
vt 0.860710 0.591889
vt 0.853132 0.612337
vt 0.853131 0.612337
vt 0.860710 0.591889
vt 0.625000 0.362300
vt 0.625000 0.387700
vt 0.625000 0.387700
vt 0.625000 0.362300
vt 0.639023 0.590884
vt 0.633601 0.536498
vt 0.625000 0.834722
vt 0.625000 0.859907
vt 0.625000 0.857339
vt 0.625000 0.837040
vt 0.661498 0.508601
vt 0.715884 0.514023
vt 0.715884 0.514023
vt 0.762945 0.730154
vt 0.783675 0.737028
vt 0.786531 0.742194
vt 0.763650 0.738153
vt 0.711446 0.583333
vt 0.733007 0.583333
vt 0.732846 0.583333
vt 0.711607 0.583333
vt 0.708333 0.663554
vt 0.708333 0.641993
vt 0.708333 0.642154
vt 0.708333 0.663393
vt 0.376667 0.361189
vt 0.573333 0.361189
vt 0.573333 0.388811
vt 0.376667 0.388811
vt 0.791667 0.611164
vt 0.791667 0.638835
vt 0.791667 0.638834
vt 0.791667 0.611166
vt 0.708333 0.608007
vt 0.708333 0.586446
vt 0.708333 0.586607
vt 0.708333 0.607846
vt 0.791667 0.586446
vt 0.791667 0.608007
vt 0.791667 0.607846
vt 0.791667 0.586607
vt 0.268056 0.587500
vt 0.287500 0.587500
vt 0.287500 0.606944
vt 0.268056 0.606944
vt 0.732480 0.687978
vt 0.705067 0.714961
vt 0.710549 0.670500
vt 0.733638 0.669074
vt 0.866948 0.535268
vt 0.839732 0.508052
vt 0.842026 0.504935
vt 0.870065 0.532974
vt 0.702185 0.529213
vt 0.697573 0.554466
vt 0.697573 0.554466
vt 0.702185 0.529213
vt 0.783111 0.735710
vt 0.762663 0.728132
vt 0.762663 0.728131
vt 0.625000 0.491267
vt 0.625000 0.494337
vt 0.625000 0.491267
vt 0.766993 0.583333
vt 0.788554 0.583333
vt 0.788393 0.583333
vt 0.767154 0.583333
vt 0.732508 0.559710
vt 0.703864 0.529465
vt 0.703864 0.529465
vt 0.732508 0.559710
vt 0.791667 0.641993
vt 0.791667 0.663554
vt 0.791667 0.663393
vt 0.791667 0.642154
vt 0.734006 0.688763
vt 0.765994 0.688763
vt 0.765994 0.688763
vt 0.734006 0.688763
vt 0.625000 0.017642
vt 0.625000 0.012180
vt 0.625000 0.000561
vt 0.625000 0.029248
vt 0.866190 0.714139
vt 0.839139 0.741190
vt 0.839139 0.741190
vt 0.866190 0.714139
vt 0.639663 0.591580
vt 0.700333 0.533678
vt 0.696874 0.552346
vt 0.647176 0.611895
vt 0.625000 0.508347
vt 0.625000 0.491653
vt 0.625000 0.491653
vt 0.715884 0.735978
vt 0.661498 0.741400
vt 0.716325 0.737028
vt 0.737055 0.730154
vt 0.736349 0.738152
vt 0.713469 0.742194
vt 0.376667 0.111189
vt 0.573333 0.111189
vt 0.573333 0.138811
vt 0.376667 0.138811
vt 0.633601 0.713502
vt 0.639023 0.659116
vt 0.633601 0.713502
vt 0.838502 0.741400
vt 0.784116 0.735978
vt 0.784116 0.735977
vt 0.838502 0.741399
vt 0.625000 0.281186
vt 0.625000 0.333040
vt 0.625000 0.333013
vt 0.625000 0.289204
vt 0.860978 0.659116
vt 0.866399 0.713502
vt 0.866399 0.713502
vt 0.860978 0.659116
vt 0.625000 0.112065
vt 0.625000 0.112202
vt 0.625000 0.112202
vt 0.625000 0.112065
vt 0.762819 0.522116
vt 0.783288 0.514635
vt 0.832779 0.573550
vt 0.778672 0.562697
vt 0.716889 0.514458
vt 0.737231 0.522066
vt 0.728843 0.555182
vt 0.707764 0.533008
vt 0.778672 0.687303
vt 0.832779 0.676450
vt 0.783288 0.735365
vt 0.762819 0.727884
vt 0.785975 0.514589
vt 0.838472 0.509186
vt 0.865814 0.536528
vt 0.860411 0.589025
vt 0.830092 0.544908
vt 0.734597 0.690771
vt 0.765403 0.690771
vt 0.761800 0.725896
vt 0.738200 0.725896
vt 0.840210 0.574221
vt 0.860515 0.591758
vt 0.852874 0.611945
vt 0.810641 0.559861
vt 0.634186 0.536528
vt 0.661528 0.509186
vt 0.714025 0.514589
vt 0.669908 0.544908
vt 0.639589 0.589025
vt 0.649674 0.611840
vt 0.694763 0.560563
vt 0.694763 0.689437
vt 0.649674 0.638160
vt 0.707764 0.716993
vt 0.728843 0.694818
vt 0.737231 0.727934
vt 0.716889 0.735542
vt 0.830092 0.705092
vt 0.860411 0.660975
vt 0.865814 0.713472
vt 0.838472 0.740814
vt 0.785975 0.735411
vt 0.805237 0.560563
vt 0.850326 0.611840
vt 0.850326 0.638160
vt 0.805237 0.689437
vt 0.647175 0.638104
vt 0.696874 0.697654
vt 0.700333 0.716322
vt 0.639663 0.658420
vt 0.738200 0.524104
vt 0.761800 0.524104
vt 0.765403 0.559229
vt 0.734597 0.559229
vt 0.639589 0.660975
vt 0.669908 0.705092
vt 0.714025 0.735411
vt 0.661528 0.740814
vt 0.634186 0.713472
vt 0.625000 0.137853
vt 0.625000 0.112147
vt 0.625000 0.112296
vt 0.625000 0.137704
vt 0.810641 0.690139
vt 0.852874 0.638055
vt 0.860514 0.658242
vt 0.840210 0.675779
vt 0.843347 0.576676
vt 0.769760 0.561978
vt 0.769760 0.561978
vt 0.843347 0.576676
vt 0.715114 0.512753
vt 0.660946 0.507814
vt 0.658644 0.504690
vt 0.712231 0.507641
vt 0.633052 0.714732
vt 0.660268 0.741948
vt 0.657974 0.745065
vt 0.629935 0.717026
vt 0.765994 0.561236
vt 0.734005 0.561237
vt 0.734005 0.561236
vt 0.784886 0.737247
vt 0.839054 0.742186
vt 0.841356 0.745310
vt 0.787769 0.742359
vt 0.639290 0.658111
vt 0.646868 0.637663
vt 0.639290 0.658111
vt 0.734199 0.563244
vt 0.765801 0.563244
vt 0.764038 0.581326
vt 0.735962 0.581326
vt 0.769760 0.688021
vt 0.843348 0.673324
vt 0.843348 0.673324
vt 0.769760 0.688022
vt 0.737337 0.728132
vt 0.716889 0.735710
vt 0.737337 0.728131
vt 0.765801 0.686756
vt 0.734199 0.686756
vt 0.735962 0.668674
vt 0.764038 0.668674
vt 0.236183 0.587500
vt 0.263817 0.587500
vt 0.263817 0.606944
vt 0.236183 0.606944
vt 0.703864 0.720536
vt 0.732508 0.690290
vt 0.732508 0.690290
vt 0.703864 0.720535
vt 0.802660 0.694038
vt 0.802660 0.555962
vt 0.802660 0.555962
vt 0.802660 0.694038
vt 0.632814 0.535946
vt 0.637753 0.590114
vt 0.632641 0.587231
vt 0.629690 0.533644
vt 0.804696 0.556734
vt 0.845026 0.576424
vt 0.845026 0.576424
vt 0.804696 0.556735
vt 0.625000 0.211596
vt 0.625000 0.211596
vt 0.625000 0.288404
vt 0.625000 0.288404
vt 0.697573 0.695534
vt 0.702185 0.720787
vt 0.697573 0.695534
vt 0.839732 0.741948
vt 0.866948 0.714732
vt 0.870065 0.717026
vt 0.842026 0.745065
vt 0.845026 0.673576
vt 0.804696 0.693265
vt 0.804696 0.693266
vt 0.845026 0.673576
vt 0.862247 0.590114
vt 0.867186 0.535946
vt 0.870310 0.533644
vt 0.867359 0.587231
vt 0.625000 0.584722
vt 0.625000 0.609907
vt 0.625000 0.607339
vt 0.625000 0.587040
vt 0.625000 0.356944
vt 0.625000 0.337500
vt 0.625000 0.356944
vt 0.637972 0.591325
vt 0.644846 0.612055
vt 0.636847 0.611349
vt 0.632806 0.588469
vt 0.647097 0.636965
vt 0.647097 0.613034
vt 0.647097 0.636965
vt 0.625000 0.612300
vt 0.625000 0.637700
vt 0.625000 0.612300
vt 0.852903 0.613034
vt 0.852903 0.636965
vt 0.852903 0.636965
vt 0.625000 0.612065
vt 0.625000 0.612202
vt 0.625000 0.612065
vt 0.625000 0.612102
vt 0.625000 0.637898
vt 0.625000 0.638527
vt 0.625000 0.638454
vt 0.625000 0.611546
vt 0.625000 0.611473
vt 0.625000 0.887857
vt 0.625000 0.862143
vt 0.625000 0.862143
vt 0.625000 0.887857
vt 0.376667 0.000196
vt 0.573333 0.000196
vt 0.573333 0.029675
vt 0.376667 0.029611
vt 0.783675 0.512972
vt 0.762945 0.519846
vt 0.763650 0.511847
vt 0.786531 0.507806
vt 0.761966 0.727903
vt 0.738034 0.727903
vt 0.738034 0.727903
vt 0.761965 0.727903
vt 0.625000 0.862300
vt 0.625000 0.887700
vt 0.625000 0.862300
vt 0.762663 0.521868
vt 0.783111 0.514290
vt 0.783111 0.514290
vt 0.762663 0.521868
vt 0.625000 0.862065
vt 0.625000 0.862202
vt 0.625000 0.862065
vt 0.625000 0.362065
vt 0.625000 0.362202
vt 0.625000 0.362202
vt 0.625000 0.362065
vt 0.625000 0.387853
vt 0.625000 0.362147
vt 0.625000 0.362296
vt 0.625000 0.387704
vt 0.625000 0.637853
vt 0.625000 0.612147
vt 0.625000 0.612296
vt 0.625000 0.637704
vt 0.625000 0.887853
vt 0.625000 0.862147
vt 0.625000 0.862296
vt 0.625000 0.887704
vt 0.625000 0.862108
vt 0.625000 0.861983
vt 0.625000 0.861355
vt 0.625000 0.861193
vt 0.625000 0.861205
vt 0.625000 0.137780
vt 0.625000 0.112220
vt 0.625000 0.111443
vt 0.625000 0.138557
vt 0.625000 0.387780
vt 0.625000 0.362220
vt 0.625000 0.361443
vt 0.625000 0.388557
vt 0.625000 0.637780
vt 0.625000 0.612220
vt 0.625000 0.611443
vt 0.625000 0.638557
vt 0.625000 0.887780
vt 0.625000 0.862220
vt 0.625000 0.861443
vt 0.625000 0.888557
vt 0.625000 0.638017
vt 0.625000 0.637892
vt 0.625000 0.638795
vt 0.625000 0.638807
vt 0.625000 0.638644
vt 0.625000 0.888017
vt 0.625000 0.887892
vt 0.625000 0.888795
vt 0.625000 0.888807
vt 0.625000 0.888644
vt 0.625000 0.637857
vt 0.625000 0.612143
vt 0.625000 0.612143
vt 0.625000 0.637857
vt 0.625000 0.887798
vt 0.625000 0.887935
vt 0.625000 0.887798
vt 0.625000 0.138017
vt 0.625000 0.137892
vt 0.625000 0.138795
vt 0.625000 0.138807
vt 0.625000 0.138645
vt 0.625000 0.388017
vt 0.625000 0.387892
vt 0.625000 0.388795
vt 0.625000 0.388807
vt 0.625000 0.388645
vt 0.625000 0.137857
vt 0.625000 0.112143
vt 0.625000 0.112143
vt 0.625000 0.137857
vt 0.625000 0.711679
vt 0.625000 0.719687
vt 0.625000 0.780313
vt 0.625000 0.788321
vt 0.625000 0.494833
vt 0.625000 0.505167
vt 0.625000 0.505167
vt 0.633810 0.535861
vt 0.660861 0.508810
vt 0.625000 0.755663
vt 0.625000 0.758733
vt 0.625000 0.758733
vt 0.660861 0.741190
vt 0.633810 0.714139
vt 0.625000 0.759153
vt 0.625000 0.756126
vt 0.625000 0.779340
vt 0.625000 0.779472
vt 0.625000 0.030526
vt 0.625000 0.038565
vt 0.625000 0.000244
vt 0.625000 0.000214
vt 0.625000 0.758347
vt 0.625000 0.741653
vt 0.625000 0.741653
vt 0.623830 0.034796
vt 0.623844 0.083038
vt 0.576156 0.083049
vt 0.576169 0.030325
vt 0.625000 0.012328
vt 0.625000 0.017495
vt 0.625000 0.017495
vt 0.839139 0.508810
vt 0.866191 0.535861
vt 0.625000 0.255663
vt 0.625000 0.258733
vt 0.784116 0.514023
vt 0.838502 0.508601
vt 0.784116 0.514023
vt 0.625000 0.259153
vt 0.625000 0.256126
vt 0.625000 0.279340
vt 0.625000 0.279472
vt 0.625000 0.461679
vt 0.625000 0.469687
vt 0.625000 0.530313
vt 0.625000 0.538321
vt 0.625000 0.258347
vt 0.625000 0.241653
vt 0.625000 0.241653
vt 0.625000 0.258347
vt 0.625000 0.502494
vt 0.625000 0.497506
vt 0.625000 0.495463
vt 0.625000 0.504537
vt 0.625000 0.018112
vt 0.625000 0.016500
vt 0.625000 0.017521
vt 0.625000 0.019083
vt 0.625000 0.755463
vt 0.625000 0.744537
vt 0.625000 0.721313
vt 0.625000 0.778686
vt 0.625000 0.255463
vt 0.625000 0.244537
vt 0.625000 0.221314
vt 0.625000 0.278686
vt 0.625000 0.741405
vt 0.625000 0.758595
vt 0.625000 0.778730
vt 0.625000 0.721269
vt 0.625000 0.241405
vt 0.625000 0.258595
vt 0.625000 0.278730
vt 0.625000 0.221270
vt 0.625000 0.741267
vt 0.625000 0.744337
vt 0.625000 0.744337
vt 0.625000 0.741267
vt 0.625000 0.241267
vt 0.625000 0.244337
vt 0.625000 0.244337
vt 0.625000 0.241267
vt 0.625000 0.743874
vt 0.625000 0.740847
vt 0.625000 0.720528
vt 0.625000 0.720660
vt 0.625000 0.509153
vt 0.625000 0.506126
vt 0.625000 0.529340
vt 0.625000 0.529472
vt 0.625000 0.243874
vt 0.625000 0.240847
vt 0.625000 0.220528
vt 0.625000 0.220660
vt 0.625000 0.019512
vt 0.625000 0.017974
vt 0.625000 0.029574
vt 0.625000 0.029679
vt 0.625000 0.493874
vt 0.625000 0.490847
vt 0.625000 0.470528
vt 0.625000 0.470660
vt 0.625000 0.011848
vt 0.625000 0.010360
vt 0.625000 0.000207
vt 0.625000 0.000235
vt 0.625000 0.494209
vt 0.625000 0.505791
vt 0.625000 0.507732
vt 0.625000 0.492268
vt 0.625000 0.012039
vt 0.625000 0.017831
vt 0.625000 0.018802
vt 0.625000 0.011070
vt 0.625000 0.752494
vt 0.625000 0.747506
vt 0.625000 0.745463
vt 0.625000 0.754537
vt 0.625000 0.013324
vt 0.625000 0.011758
vt 0.625000 0.010788
vt 0.625000 0.012302
vt 0.625000 0.494476
vt 0.625000 0.497753
vt 0.625000 0.502247
vt 0.625000 0.505524
vt 0.625000 0.252494
vt 0.625000 0.247506
vt 0.625000 0.245463
vt 0.625000 0.254537
vt 0.625000 0.752247
vt 0.625000 0.755524
vt 0.625000 0.744476
vt 0.625000 0.747753
vt 0.625000 0.012173
vt 0.625000 0.013789
vt 0.625000 0.016036
vt 0.625000 0.017697
vt 0.625000 0.252247
vt 0.625000 0.255524
vt 0.625000 0.244476
vt 0.625000 0.247753
vt 0.625000 0.083050
vt 0.625000 0.030819
vt 0.625000 0.030349
vt 0.625000 0.083051
vt 0.625000 0.016159
vt 0.625000 0.013665
vt 0.625000 0.012643
vt 0.625000 0.017180
vt 0.625000 0.496824
vt 0.625000 0.493646
vt 0.625000 0.491705
vt 0.625000 0.494781
vt 0.625000 0.746825
vt 0.625000 0.743646
vt 0.625000 0.741705
vt 0.625000 0.744781
vt 0.625000 0.246824
vt 0.625000 0.243646
vt 0.625000 0.241705
vt 0.625000 0.244781
vt 0.625000 0.756354
vt 0.625000 0.753176
vt 0.625000 0.755219
vt 0.625000 0.758295
vt 0.625000 0.256354
vt 0.625000 0.253176
vt 0.625000 0.255219
vt 0.625000 0.258295
vt 0.625000 0.744209
vt 0.625000 0.755791
vt 0.625000 0.757732
vt 0.625000 0.742268
vt 0.625000 0.244209
vt 0.625000 0.255791
vt 0.625000 0.257732
vt 0.625000 0.242268
vt 0.625000 0.506354
vt 0.625000 0.503176
vt 0.625000 0.505219
vt 0.625000 0.508295
vt 0.625000 0.138632
vt 0.625000 0.138121
vt 0.625000 0.138444
vt 0.625000 0.138549
vt 0.625000 0.611574
vt 0.625000 0.612484
vt 0.625000 0.611639
vt 0.625000 0.611502
vt 0.625000 0.638631
vt 0.625000 0.638121
vt 0.625000 0.638444
vt 0.625000 0.638548
vt 0.866162 0.638057
vt 0.866162 0.611943
vt 0.873800 0.611309
vt 0.873800 0.638691
vt 0.625000 0.388632
vt 0.625000 0.388121
vt 0.625000 0.388444
vt 0.625000 0.388549
vt 0.625000 0.861574
vt 0.625000 0.862484
vt 0.625000 0.861639
vt 0.625000 0.861502
vt 0.625000 0.888631
vt 0.625000 0.888121
vt 0.625000 0.888444
vt 0.625000 0.888548
vt 0.763057 0.508838
vt 0.736943 0.508838
vt 0.736309 0.501200
vt 0.763691 0.501200
vt 0.625000 0.166949
vt 0.625000 0.219651
vt 0.625000 0.219181
vt 0.625000 0.166950
vt 0.625000 0.666949
vt 0.625000 0.719651
vt 0.625000 0.719181
vt 0.625000 0.666950
vt 0.625000 0.167934
vt 0.625000 0.219171
vt 0.625000 0.219725
vt 0.625000 0.167147
vt 0.630625 0.663855
vt 0.628440 0.717277
vt 0.625462 0.719470
vt 0.625748 0.666605
vt 0.625000 0.110413
vt 0.625000 0.084034
vt 0.625000 0.084191
vt 0.625000 0.110257
vt 0.625000 0.610413
vt 0.625000 0.584034
vt 0.625000 0.584191
vt 0.625000 0.610257
vt 0.625000 0.389784
vt 0.625000 0.413738
vt 0.625000 0.415372
vt 0.625000 0.389809
vt 0.633838 0.611940
vt 0.633838 0.638060
vt 0.626200 0.638714
vt 0.626200 0.611286
vt 0.625000 0.333050
vt 0.625000 0.280819
vt 0.625000 0.280349
vt 0.625000 0.333050
vt 0.625000 0.361574
vt 0.625000 0.362484
vt 0.625000 0.361639
vt 0.625000 0.361502
vt 0.625000 0.416949
vt 0.625000 0.469651
vt 0.625000 0.469181
vt 0.625000 0.416950
vt 0.625000 0.916950
vt 0.625000 0.969651
vt 0.625000 0.969181
vt 0.625000 0.916950
vt 0.625000 0.417934
vt 0.625000 0.469171
vt 0.625000 0.469725
vt 0.625000 0.417147
vt 0.625000 0.917934
vt 0.625000 0.969171
vt 0.625000 0.969725
vt 0.625000 0.917147
vt 0.625000 0.360413
vt 0.625000 0.334034
vt 0.625000 0.334191
vt 0.625000 0.360257
vt 0.625000 0.860413
vt 0.625000 0.834034
vt 0.625000 0.834191
vt 0.625000 0.860257
vt 0.625000 0.139784
vt 0.625000 0.163738
vt 0.625000 0.165372
vt 0.625000 0.139809
vt 0.736943 0.741162
vt 0.763057 0.741162
vt 0.763691 0.748800
vt 0.736309 0.748800
vt 0.625000 0.111574
vt 0.625000 0.112484
vt 0.625000 0.111639
vt 0.625000 0.111502
vt 0.625000 0.530099
vt 0.625000 0.469901
vt 0.625000 0.470467
vt 0.625000 0.529533
vt 0.625000 0.471604
vt 0.625000 0.528396
vt 0.625000 0.529293
vt 0.625000 0.470707
vt 0.625000 0.721603
vt 0.625000 0.778397
vt 0.625000 0.779293
vt 0.625000 0.720707
vt 0.625000 0.780099
vt 0.625000 0.719901
vt 0.625000 0.720467
vt 0.625000 0.779533
vt 0.625000 0.030306
vt 0.625000 0.000207
vt 0.625000 0.000236
vt 0.625000 0.029769
vt 0.625000 0.000705
vt 0.625000 0.029102
vt 0.625000 0.029551
vt 0.625000 0.000258
vt 0.625000 0.221604
vt 0.625000 0.278396
vt 0.625000 0.279293
vt 0.625000 0.220707
vt 0.625000 0.280099
vt 0.625000 0.219901
vt 0.625000 0.220467
vt 0.625000 0.279533
vt 0.625000 0.969815
vt 0.625000 0.916961
vt 0.625000 0.917011
vt 0.625000 0.969841
vt 0.625000 0.780829
vt 0.625000 0.832066
vt 0.625000 0.832853
vt 0.625000 0.780275
vt 0.625000 0.084019
vt 0.625000 0.110471
vt 0.625000 0.110459
vt 0.625000 0.084031
vt 0.625000 0.086262
vt 0.625000 0.110216
vt 0.625000 0.110191
vt 0.625000 0.084628
vt 0.625000 0.219815
vt 0.625000 0.166961
vt 0.625000 0.167012
vt 0.625000 0.219841
vt 0.633502 0.639052
vt 0.630537 0.662637
vt 0.625921 0.665191
vt 0.626352 0.639682
vt 0.625000 0.334019
vt 0.625000 0.360471
vt 0.625000 0.360459
vt 0.625000 0.334031
vt 0.625000 0.336262
vt 0.625000 0.360216
vt 0.625000 0.360191
vt 0.625000 0.334628
vt 0.625000 0.469815
vt 0.625000 0.416961
vt 0.625000 0.417012
vt 0.625000 0.469841
vt 0.625000 0.889784
vt 0.625000 0.913738
vt 0.625000 0.915372
vt 0.625000 0.889809
vt 0.625000 0.584019
vt 0.625000 0.610471
vt 0.625000 0.610459
vt 0.625000 0.584031
vt 0.630537 0.587363
vt 0.633502 0.610948
vt 0.626352 0.610318
vt 0.625921 0.584809
vt 0.625000 0.719815
vt 0.625000 0.666961
vt 0.625000 0.667011
vt 0.625000 0.719841
vt 0.625000 0.030829
vt 0.625000 0.082066
vt 0.625000 0.082853
vt 0.625000 0.030275
vt 0.625000 0.834019
vt 0.625000 0.860471
vt 0.625000 0.860459
vt 0.625000 0.834031
vt 0.625000 0.836262
vt 0.625000 0.860215
vt 0.625000 0.860191
vt 0.625000 0.834628
vt 0.625000 0.139529
vt 0.625000 0.165981
vt 0.625000 0.165969
vt 0.625000 0.139541
vt 0.125278 0.583056
vt 0.126050 0.583333
vt 0.125241 0.583333
vt 0.125000 0.583056
vt 0.125000 0.666008
vt 0.125278 0.666667
vt 0.125000 0.666667
vt 0.125000 0.610452
vt 0.125299 0.611111
vt 0.125000 0.611111
vt 0.376667 0.111111
vt 0.375000 0.111111
vt 0.375000 0.110918
vt 0.291667 0.501050
vt 0.291667 0.500241
vt 0.291944 0.500000
vt 0.208992 0.500000
vt 0.208333 0.500278
vt 0.208333 0.500000
vt 0.208333 0.748950
vt 0.208333 0.749758
vt 0.208056 0.750000
vt 0.291008 0.750000
vt 0.291667 0.749722
vt 0.291667 0.750000
vt 0.208056 0.583056
vt 0.264548 0.500000
vt 0.263889 0.500299
vt 0.263889 0.500000
vt 0.376667 0.361111
vt 0.375000 0.361111
vt 0.375000 0.360918
vt 0.235452 0.750000
vt 0.236111 0.749701
vt 0.236111 0.750000
vt 0.376667 0.861111
vt 0.375000 0.861185
vt 0.375000 0.861111
vt 0.154611 0.749804
vt 0.155085 0.750000
vt 0.376664 0.029807
vt 0.375000 0.029922
vt 0.125196 0.529611
vt 0.125278 0.529922
vt 0.125000 0.530085
vt 0.376670 0.279807
vt 0.375002 0.279644
vt 0.374804 0.720389
vt 0.375000 0.719915
vt 0.376664 0.779807
vt 0.375000 0.779922
vt 0.345389 0.500196
vt 0.344915 0.500000
vt 0.376670 0.529807
vt 0.375002 0.529644
vt 0.625000 0.000000
vt 0.625000 0.000256
vt 0.625000 0.000256
vt 0.576847 0.000000
vt 0.575000 0.000197
vt 0.575007 0.000000
vt 0.625000 0.964720
vt 0.625000 0.965449
vt 0.624048 0.965539
vt 0.671746 0.549758
vt 0.674758 0.546746
vt 0.673306 0.547889
vt 0.672889 0.548306
vt 0.639215 0.591079
vt 0.639061 0.591273
vt 0.702418 0.722062
vt 0.712423 0.711498
vt 0.702418 0.722062
vt 0.639061 0.658727
vt 0.639244 0.658235
vt 0.861207 0.588580
vt 0.860939 0.591273
vt 0.860957 0.591085
vt 0.832976 0.570541
vt 0.847062 0.577418
vt 0.861207 0.661420
vt 0.860957 0.658915
vt 0.860939 0.658727
vt 0.847062 0.672583
vt 0.832976 0.679459
vt 0.847062 0.672583
vt 0.713580 0.513793
vt 0.716273 0.514061
vt 0.716085 0.514043
vt 0.786420 0.513793
vt 0.783915 0.514043
vt 0.783727 0.514061
vt 0.716078 0.735785
vt 0.716273 0.735939
vt 0.715884 0.735977
vt 0.783727 0.735939
vt 0.783915 0.735957
vt 0.786420 0.736207
vt 0.625000 0.505548
vt 0.625000 0.505933
vt 0.625000 0.494452
vt 0.625000 0.494067
vt 0.625000 0.497282
vt 0.625000 0.497778
vt 0.625000 0.502222
vt 0.625000 0.502718
vt 0.625000 0.747778
vt 0.625000 0.747282
vt 0.625000 0.752222
vt 0.625000 0.752718
vt 0.625000 0.755933
vt 0.625000 0.755548
vt 0.625000 0.744452
vt 0.625000 0.744067
vt 0.625000 0.017709
vt 0.625000 0.017901
vt 0.625000 0.012161
vt 0.625000 0.011968
vt 0.625000 0.013553
vt 0.625000 0.013801
vt 0.625000 0.016023
vt 0.625000 0.016271
vt 0.625000 0.247778
vt 0.625000 0.247282
vt 0.625000 0.252222
vt 0.625000 0.252718
vt 0.625000 0.255933
vt 0.625000 0.255548
vt 0.625000 0.244452
vt 0.625000 0.244067
vt 0.625000 0.505548
vt 0.625000 0.505933
vt 0.625000 0.494452
vt 0.625000 0.494067
vt 0.625000 0.497282
vt 0.625000 0.502718
vt 0.625000 0.747778
vt 0.625000 0.747282
vt 0.625000 0.752222
vt 0.625000 0.752718
vt 0.625000 0.755933
vt 0.625000 0.755548
vt 0.625000 0.744452
vt 0.625000 0.017709
vt 0.625000 0.017901
vt 0.625000 0.012161
vt 0.625000 0.011968
vt 0.625000 0.013553
vt 0.625000 0.013801
vt 0.625000 0.016023
vt 0.625000 0.247778
vt 0.625000 0.247282
vt 0.625000 0.252222
vt 0.625000 0.252718
vt 0.625000 0.255933
vt 0.625000 0.255548
vt 0.625000 0.244452
vt 0.625000 0.244067
vt 0.625000 0.333671
vt 0.625000 0.333827
vt 0.625000 0.333333
vt 0.625000 0.331693
vt 0.625000 0.332298
vt 0.625000 0.332364
vt 0.866689 0.588026
vt 0.868626 0.586652
vt 0.868613 0.586940
vt 0.625000 0.167112
vt 0.625000 0.166667
vt 0.625000 0.083671
vt 0.625000 0.083827
vt 0.625000 0.083333
vt 0.625000 0.081693
vt 0.625000 0.082298
vt 0.625000 0.082365
vt 0.713026 0.508311
vt 0.711652 0.506374
vt 0.711940 0.506387
vt 0.625000 0.417112
vt 0.625000 0.416667
vt 0.786974 0.741689
vt 0.788348 0.743626
vt 0.788060 0.743613
vt 0.625000 0.917112
vt 0.625000 0.916667
vt 0.625000 0.833671
vt 0.625000 0.833827
vt 0.625000 0.833333
vt 0.625000 0.831693
vt 0.625000 0.832298
vt 0.625000 0.832364
vt 0.863971 0.637970
vt 0.864972 0.638119
vt 0.865163 0.639427
vt 0.875000 0.638541
vt 0.875000 0.638814
vt 0.875000 0.638889
vt 0.874400 0.638839
vt 0.625000 0.138889
vt 0.625000 0.140094
vt 0.625000 0.139027
vt 0.864963 0.612000
vt 0.864963 0.611948
vt 0.867208 0.611761
vt 0.762970 0.511029
vt 0.763119 0.510028
vt 0.764427 0.509837
vt 0.763541 0.500000
vt 0.763814 0.500000
vt 0.763889 0.500000
vt 0.763839 0.500600
vt 0.736161 0.500600
vt 0.736111 0.500000
vt 0.736186 0.500000
vt 0.736459 0.500000
vt 0.736999 0.510037
vt 0.736948 0.510037
vt 0.736760 0.507792
vt 0.737030 0.738971
vt 0.736881 0.739972
vt 0.735573 0.740163
vt 0.736459 0.750000
vt 0.736186 0.750000
vt 0.736111 0.750000
vt 0.736161 0.749400
vt 0.625000 0.888889
vt 0.625000 0.890094
vt 0.625000 0.889027
vt 0.763000 0.739963
vt 0.763052 0.739963
vt 0.763239 0.742208
vt 0.625000 0.468943
vt 0.625000 0.469467
vt 0.625000 0.469528
vt 0.629965 0.533461
vt 0.628889 0.532669
vt 0.629079 0.532479
vt 0.625000 0.530342
vt 0.625000 0.529809
vt 0.625000 0.529809
vt 0.625000 0.529808
vt 0.625548 0.719789
vt 0.625000 0.720192
vt 0.625000 0.719938
vt 0.628914 0.716781
vt 0.628889 0.717331
vt 0.628567 0.717568
vt 0.658461 0.745035
vt 0.657909 0.746100
vt 0.657669 0.746111
vt 0.625000 0.000212
vt 0.625000 0.969731
vt 0.625000 0.970114
vt 0.625000 0.970001
vt 0.625000 0.970090
vt 0.625000 0.970192
vt 0.625000 0.969938
vt 0.625000 0.968943
vt 0.625000 0.969467
vt 0.625000 0.969528
vt 0.870035 0.716539
vt 0.871100 0.717090
vt 0.871111 0.717331
vt 0.625000 0.218943
vt 0.625000 0.219467
vt 0.625000 0.219528
vt 0.841539 0.504965
vt 0.842331 0.503889
vt 0.842521 0.504079
vt 0.125000 0.639548
vt 0.125000 0.583992
vt 0.125000 0.638811
vt 0.125000 0.611189
vt 0.235452 0.500000
vt 0.264548 0.750000
vt 0.208056 0.500278
vt 0.291008 0.500000
vt 0.236189 0.500000
vt 0.263811 0.500000
vt 0.208992 0.750000
vt 0.263811 0.750000
vt 0.236189 0.750000
vt 0.154611 0.749804
vt 0.125196 0.720389
vt 0.154922 0.500278
vt 0.125196 0.529611
vt 0.154611 0.500196
vt 0.345389 0.500196
vt 0.374804 0.529611
vt 0.374804 0.720389
vt 0.345389 0.749804
vt 0.125000 0.719915
vt 0.125000 0.666944
vt 0.155085 0.500000
vt 0.208056 0.500000
vt 0.344915 0.750000
vt 0.291944 0.750000
vt 0.624511 0.000000
vt 0.376670 0.000000
vt 0.573337 0.000000
vt 0.639215 0.658922
vt 0.671746 0.700242
vt 0.860785 0.591079
vt 0.828254 0.549758
vt 0.828254 0.700242
vt 0.860785 0.658922
vt 0.716078 0.514215
vt 0.825242 0.546746
vt 0.783922 0.514215
vt 0.674758 0.703254
vt 0.783922 0.735785
vt 0.825242 0.703254
vt 0.625000 0.139303
vt 0.625000 0.163087
vt 0.625000 0.164558
vt 0.625000 0.166329
vt 0.625000 0.085442
vt 0.625000 0.086913
vt 0.625000 0.110697
vt 0.625000 0.111111
vt 0.875000 0.611459
vt 0.625000 0.389303
vt 0.625000 0.413087
vt 0.625000 0.414558
vt 0.625000 0.416329
vt 0.625000 0.889303
vt 0.625000 0.913087
vt 0.625000 0.914558
vt 0.625000 0.916329
vt 0.625000 0.335442
vt 0.625000 0.336913
vt 0.625000 0.360697
vt 0.625000 0.361111
vt 0.625000 0.835442
vt 0.625000 0.836913
vt 0.625000 0.860697
vt 0.736760 0.742208
vt 0.763541 0.750000
vt 0.625000 0.471962
vt 0.625000 0.528038
vt 0.625548 0.530211
vt 0.628567 0.532432
vt 0.625000 0.721962
vt 0.625000 0.778038
vt 0.625000 0.000004
vt 0.625000 0.000032
vt 0.625000 0.000884
vt 0.625000 0.028923
vt 0.625000 0.221962
vt 0.625000 0.278038
vt 0.625000 0.918307
vt 0.625000 0.031057
vt 0.625000 0.168307
vt 0.625000 0.281057
vt 0.625000 0.418307
vt 0.625000 0.781057
vt 0.399622 0.932669
vt 0.399622 0.817331
vt 0.375000 0.941100
vt 0.375000 0.808900
vt 0.583366 0.922424
vt 0.607988 0.928930
vt 0.583366 0.827576
vt 0.607988 0.821070
vt 0.625000 0.824323
vt 0.625000 0.925677
vt 0.625000 0.681385
vt 0.625000 0.818615
vt 0.607988 0.821070
vt 0.607988 0.678930
vt 0.375000 0.691100
vt 0.125000 0.558900
vt 0.183900 0.500000
vt 0.316100 0.500000
vt 0.375000 0.558900
vt 0.375000 0.691100
vt 0.316100 0.750000
vt 0.183900 0.750000
vt 0.125000 0.691100
vt 0.399622 0.567331
vt 0.399622 0.682669
vt 0.375000 0.558900
vt 0.583366 0.672424
vt 0.607988 0.678930
vt 0.583366 0.577576
vt 0.607988 0.571070
vt 0.630708 0.574323
vt 0.630708 0.675677
vt 0.625000 0.431385
vt 0.625000 0.568615
vt 0.607988 0.571070
vt 0.607988 0.428930
vt 0.375000 0.441100
vt 0.607988 0.428930
vt 0.607988 0.321070
vt 0.625000 0.324323
vt 0.625000 0.425677
vt 0.583366 0.422424
vt 0.583366 0.327576
vt 0.399622 0.432669
vt 0.399622 0.317331
vt 0.375000 0.308900
vt 0.375000 0.191100
vt 0.607988 0.178930
vt 0.399622 0.067331
vt 0.399622 0.182669
vt 0.375000 0.058900
vt 0.583366 0.172424
vt 0.607988 0.178930
vt 0.583366 0.077576
vt 0.607988 0.071070
vt 0.625000 0.074323
vt 0.625000 0.175677
vt 0.625000 0.001672
vt 0.625000 0.070287
vt 0.612563 0.000000
vt 0.442224 0.000000
vt 0.867223 0.575180
vt 0.867223 0.674820
vt 0.702960 0.514489
vt 0.639489 0.577960
vt 0.852733 0.668818
vt 0.852734 0.581182
vt 0.858442 0.578817
vt 0.858442 0.671183
vt 0.793818 0.727734
vt 0.852734 0.668818
vt 0.796183 0.733442
vt 0.793818 0.522266
vt 0.796183 0.516558
vt 0.632777 0.575180
vt 0.700180 0.507777
vt 0.703817 0.516558
vt 0.706182 0.522266
vt 0.799820 0.742223
vt 0.625000 0.181385
vt 0.625000 0.318615
vt 0.706182 0.522266
vt 0.647266 0.581182
vt 0.641558 0.578817
vt 0.799820 0.507777
vt 0.641558 0.671183
vt 0.641558 0.578817
vt 0.647266 0.668818
vt 0.700180 0.742223
vt 0.706182 0.727734
vt 0.703817 0.733442
vt 0.706182 0.727734
vt 0.793818 0.727734
vt 0.796183 0.733442
vt 0.702960 0.735511
vt 0.797040 0.735511
vt 0.793818 0.727734
vt 0.657897 0.664415
vt 0.710585 0.717103
vt 0.789415 0.717103
vt 0.842103 0.664415
vt 0.842103 0.585585
vt 0.789415 0.532897
vt 0.710585 0.532897
vt 0.657897 0.585585
vt 0.710585 0.532897
vt 0.842103 0.664415
vt 0.672634 0.658310
vt 0.716690 0.702366
vt 0.672634 0.591689
vt 0.716689 0.547634
vt 0.783310 0.547634
vt 0.657897 0.585585
vt 0.657897 0.664415
vt 0.710585 0.717103
vt 0.827366 0.591690
vt 0.827366 0.658310
vt 0.783311 0.702366
vt 0.842103 0.664415
vt 0.842103 0.585585
vt 0.842103 0.664415
vt 0.842103 0.664415
vt 0.710585 0.717103
vt 0.657897 0.585585
vt 0.789415 0.532897
vt 0.869292 0.675677
vt 0.800677 0.744292
vt 0.869292 0.574323
vt 0.869292 0.675677
vt 0.860510 0.672040
vt 0.860511 0.577960
vt 0.797040 0.514489
vt 0.800677 0.505708
vt 0.869292 0.574323
vt 0.699323 0.505708
vt 0.639489 0.672040
vt 0.632777 0.674820
vt 0.699323 0.744292
vt 0.800677 0.744292
vt 0.630708 0.574323
vt 0.699323 0.505708
vt 0.682457 0.654242
vt 0.720758 0.692543
vt 0.682457 0.595758
vt 0.720758 0.557457
vt 0.779242 0.557457
vt 0.817543 0.595758
vt 0.817543 0.654242
vt 0.779242 0.692543
vt 0.798025 0.646157
vt 0.798025 0.622613
vt 0.804833 0.601023
vt 0.810437 0.598702
vt 0.810436 0.651298
vt 0.771157 0.576975
vt 0.747613 0.576975
vt 0.726023 0.570167
vt 0.723702 0.564564
vt 0.776298 0.564564
vt 0.701975 0.603843
vt 0.701975 0.627387
vt 0.695167 0.648977
vt 0.689564 0.651298
vt 0.689564 0.598702
vt 0.723632 0.582187
vt 0.773977 0.679833
vt 0.776368 0.667814
vt 0.776298 0.685437
vt 0.804833 0.601023
vt 0.792813 0.598632
vt 0.810436 0.598702
vt 0.728843 0.673025
vt 0.752387 0.673025
vt 0.723702 0.685437
vt 0.701975 0.603843
vt 0.701975 0.627387
vt 0.798025 0.646157
vt 0.728843 0.673025
vt 0.723632 0.667813
vt 0.701975 0.646157
vt 0.771157 0.673025
vt 0.771157 0.673025
vt 0.792813 0.651368
vt 0.771157 0.576975
vt 0.798025 0.603843
vt 0.776368 0.582187
vt 0.701975 0.603843
vt 0.728843 0.576975
vt 0.707186 0.598632
vt 0.701975 0.622613
vt 0.798025 0.627387
vt 0.752387 0.576975
vt 0.798025 0.627387
vt 0.771157 0.673025
vt 0.752387 0.576975
vt 0.747613 0.673025
vt 0.798024 0.646157
vt 0.798025 0.603843
vt 0.771157 0.576975
vt 0.798025 0.603843
vt 0.773397 0.635956
vt 0.760956 0.648397
vt 0.701975 0.603843
vt 0.792807 0.606050
vt 0.769028 0.582226
vt 0.770622 0.671622
vt 0.729378 0.671622
vt 0.707193 0.643950
vt 0.731050 0.667807
vt 0.731050 0.582193
vt 0.768950 0.667807
vt 0.729378 0.578378
vt 0.770544 0.578346
vt 0.796654 0.645544
vt 0.703346 0.604456
vt 0.726603 0.635956
vt 0.739044 0.648397
vt 0.731585 0.666404
vt 0.708596 0.643415
vt 0.726603 0.614044
vt 0.708596 0.606585
vt 0.739044 0.601603
vt 0.731585 0.583596
vt 0.760956 0.601603
vt 0.768415 0.583596
vt 0.773397 0.614044
vt 0.791404 0.606585
vt 0.791404 0.643415
vt 0.768415 0.666404
vt 0.723632 0.667813
vt 0.771157 0.673025
vt 0.728843 0.576975
vt 0.723632 0.582187
vt 0.701975 0.646157
vt 0.701975 0.646157
vt 0.701975 0.603843
vt 0.792813 0.598632
vt 0.771157 0.576975
vt 0.798025 0.603843
vt 0.773194 0.557457
vt 0.726806 0.557457
vt 0.728843 0.673025
vt 0.728843 0.673025
vt 0.728843 0.576975
vt 0.776368 0.667813
vt 0.747613 0.673025
vt 0.701975 0.603843
vt 0.682457 0.601806
vt 0.682457 0.648194
vt 0.773194 0.692543
vt 0.773194 0.692543
vt 0.729897 0.670632
vt 0.701975 0.603843
vt 0.728843 0.576975
vt 0.728843 0.576975
vt 0.771157 0.576975
vt 0.701975 0.646157
vt 0.798025 0.603843
vt 0.728843 0.576975
vt 0.728843 0.576975
vt 0.704368 0.604897
vt 0.770103 0.579368
vt 0.798025 0.603843
vt 0.771157 0.673025
vt 0.798025 0.603843
vt 0.798025 0.646157
vt 0.795632 0.645103
vt 0.771157 0.673025
vt 0.798025 0.603843
vt 0.798024 0.646157
vt 0.707187 0.651368
vt 0.798025 0.603843
vt 0.728843 0.576975
vt 0.728843 0.576975
vt 0.701975 0.603843
vt 0.701975 0.646157
vt 0.701975 0.646157
vt 0.701975 0.646157
vt 0.701975 0.646157
vt 0.728843 0.673025
vt 0.771157 0.673025
vt 0.728843 0.673025
vt 0.728843 0.576975
vt 0.701975 0.646157
vt 0.701975 0.646157
vt 0.728843 0.673025
vt 0.728843 0.673025
vt 0.798025 0.603843
vt 0.707187 0.651368
vt 0.703378 0.645622
vt 0.707226 0.605972
vt 0.796622 0.604378
vt 0.792774 0.644028
vt 0.720758 0.692543
vt 0.682457 0.654242
vt 0.779242 0.557457
vt 0.817543 0.595758
vt 0.817543 0.654242
vt 0.817543 0.654242
vt 0.682457 0.601806
vt 0.682457 0.648194
vt 0.817543 0.648194
vt 0.817543 0.601806
vt 0.726806 0.692543
vt 0.817544 0.601806
vt 0.817543 0.648194
vt 0.769664 0.692543
vt 0.769664 0.692544
vt 0.730337 0.557457
vt 0.769664 0.557457
vt 0.817543 0.605336
vt 0.817544 0.605337
vt 0.682457 0.605337
vt 0.682457 0.605336
vt 0.682457 0.644664
vt 0.817543 0.644664
vt 0.730337 0.692544
vt 0.682457 0.644663
vt 0.730336 0.557457
vt 0.769663 0.557457
vt 0.817543 0.644663
vt 0.730336 0.692543
vt 0.757508 0.692543
vt 0.742492 0.692544
vt 0.742492 0.692543
vt 0.817543 0.632508
vt 0.817543 0.632508
vt 0.817543 0.617492
vt 0.682457 0.611850
vt 0.682457 0.638150
vt 0.763150 0.557457
vt 0.736850 0.557457
vt 0.817543 0.638150
vt 0.817543 0.611850
vt 0.736850 0.692544
vt 0.763150 0.692544
vt 0.682457 0.638150
vt 0.682457 0.611850
vt 0.736850 0.557457
vt 0.763150 0.557457
vt 0.817543 0.611850
vt 0.817543 0.638150
vt 0.763150 0.692543
vt 0.736850 0.692543
vt 0.682457 0.617492
vt 0.682457 0.632508
vt 0.757508 0.557457
vt 0.742492 0.557457
vt 0.682457 0.632508
vt 0.682457 0.617492
vt 0.757508 0.557457
vt 0.817543 0.617492
vt 0.757508 0.692543
vt 0.755282 0.557457
vt 0.744718 0.557457
vt 0.744718 0.557457
vt 0.682457 0.619718
vt 0.682457 0.630282
vt 0.755282 0.692543
vt 0.755282 0.692544
vt 0.682457 0.619718
vt 0.682457 0.630282
vt 0.755282 0.557457
vt 0.817543 0.630282
vt 0.817543 0.619718
vt 0.744718 0.692544
vt 0.817543 0.619718
vt 0.817543 0.630282
vt 0.744718 0.692543
vt 0.687070 0.658855
vt 0.716145 0.687931
vt 0.716145 0.562070
vt 0.687069 0.591145
vt 0.812931 0.591145
vt 0.783855 0.562070
vt 0.783855 0.687931
vt 0.812930 0.658855
vt 0.716145 0.687931
vt 0.687070 0.658855
vt 0.687070 0.591145
vt 0.812931 0.658855
s 0
usemtl M_Gris_Bleuté
f 2/1/1 128/2/1 141/3/1 30/4/1
f 82/5/1 176/6/1 238/7/1 126/8/1
f 13/9/2 563/10/2 599/11/2 41/12/2
f 89/13/3 627/14/3 663/15/3 181/16/3
f 1680/21/5 1325/22/5 1321/23/5 1682/24/5
f 1270/25/6 1565/26/6 1593/27/6 1284/28/6
f 1424/29/1 1279/30/1 289/31/1 325/32/1
f 1310/33/7 1619/34/7 1611/35/7 1372/36/7
f 205/43/9 93/44/9 1353/45/9 1541/46/9
f 1262/47/1 1697/48/1 514/49/1 282/50/1
f 1513/51/10 1316/52/10 1320/53/10 1515/54/10
f 1294/55/11 1691/56/11 1683/57/11 1324/58/11
f 1469/59/1 1480/60/1 1491/61/1 1489/62/1 368/63/1 386/64/1
f 1639/65/1 1252/66/1 314/67/1 538/68/1
f 170/69/1 78/70/1 124/71/1 236/72/1
f 476/73/9 98/74/9 1374/75/9 1607/76/9
f 1497/79/1 1508/80/1 1519/81/1 1517/82/1 376/83/1 390/84/1
f 64/85/13 18/86/13 963/87/13 978/88/13
f 1318/91/1 1643/92/1 544/93/1 294/94/1
f 1278/95/1 1625/96/1 530/97/1 290/98/1
f 94/99/14 208/100/14 1019/101/14 987/102/14
f 129/103/1 11/104/1 406/105/1 410/106/1 91/107/1
f 415/108/15 734/109/15 564/110/15 16/111/15
f 569/112/9 607/113/9 309/114/9 273/115/9
f 1396/116/1 1263/117/1 281/118/1 317/119/1
f 553/120/9 591/121/9 301/122/9 265/123/9
f 1251/127/1 1378/128/1 337/129/1 315/130/1
f 136/134/1 248/135/1 178/136/1 86/137/1
f 77/138/1 412/139/1 416/140/1 15/141/1 121/142/1
f 1273/149/18 1420/150/18 1462/151/18 1343/152/18
f 5/158/20 547/159/20 583/160/20 33/161/20
f 469/173/9 465/174/9 1588/175/9 1586/176/9
f 72/177/9 76/178/9 1466/179/9 1452/180/9
f 1257/181/23 1392/182/23 1444/183/23 1335/184/23
f 212/190/9 214/191/9 1558/192/9 1544/193/9
f 218/194/9 859/195/9 108/196/9 877/197/9
f 67/198/9 21/199/9 1329/200/9 1449/201/9
f 854/202/9 863/203/9 115/204/9 162/205/9
f 42/206/15 598/207/15 604/208/15 40/209/15
f 143/210/1 253/211/1 261/212/1 151/213/1
f 29/214/25 587/215/25 559/216/25 3/217/25
f 127/218/1 237/219/1 254/220/1 142/221/1
f 7/222/1 133/223/1 85/224/1 394/225/1 398/226/1
f 152/227/1 264/228/1 245/229/1 135/230/1
f 122/231/1 14/232/1 44/233/1 137/234/1
f 169/235/26 651/236/26 623/237/26 79/238/26
f 62/239/9 68/240/9 1448/241/9 1434/242/9
f 770/243/9 768/244/9 783/245/9 787/246/9
f 202/247/9 206/248/9 1540/249/9 1526/250/9
f 450/251/9 20/252/9 1350/253/9 1661/254/9
f 1405/255/1 1416/256/1 1427/257/1 1425/258/1 328/259/1 342/260/1
f 1305/261/27 1620/262/27 1615/263/27 1309/264/27
f 1254/265/28 1637/266/28 1665/267/28 1348/268/28
f 1621/269/1 1308/270/1 370/271/1 534/272/1
f 694/273/9 554/274/9 268/275/9 482/276/9
f 19/277/9 63/278/9 1433/279/9 1351/280/9
f 1485/281/29 1300/282/29 1304/283/29 1487/284/29
f 1421/285/30 1276/286/30 1280/287/30 1423/288/30
f 703/289/31 402/290/31 399/291/31 691/292/31
f 81/293/32 611/294/32 647/295/32 173/296/32
f 36/297/1 149/298/1 134/299/1 6/300/1
f 409/301/12 718/302/12 628/303/12 92/304/12
f 10/305/15 574/306/15 708/307/15 407/308/15
f 633/309/9 671/310/9 357/311/9 277/312/9
f 4/313/33 558/314/33 692/315/33 401/316/33
f 617/317/9 655/318/9 349/319/9 269/320/9
f 1291/335/1 1470/336/1 385/337/1 363/338/1
f 177/339/36 667/340/36 639/341/36 87/342/36
f 182/343/12 662/344/12 668/345/12 180/346/12
f 207/350/12 201/351/12 1025/352/12 1020/353/12
f 80/354/16 622/355/16 724/356/16 413/357/16
f 889/361/38 886/362/38 1581/363/38 1595/364/38
f 858/365/9 851/366/9 156/367/9 105/368/9
f 1313/369/39 1512/370/39 1554/371/39 1367/372/39
f 190/373/40 188/374/40 1081/375/40 1084/376/40
f 1297/377/41 1484/378/41 1536/379/41 1359/380/41
f 26/386/9 478/387/9 1603/388/9 1338/389/9
f 841/390/15 846/391/15 946/392/15 937/393/15
f 113/394/42 884/395/42 776/396/42 743/397/42
f 843/398/9 831/399/9 112/400/9 160/401/9
f 403/402/16 702/403/16 612/404/16 84/405/16
f 247/406/1 243/407/1 183/408/1 179/409/1
f 249/410/1 139/411/1 147/412/1 257/413/1
f 256/414/1 250/415/1 260/416/1 262/417/1
f 258/418/1 146/419/1 131/420/1 241/421/1
f 263/422/1 259/423/1 244/424/1 246/425/1
f 850/426/9 855/427/9 161/428/9 153/429/9
f 834/433/42 120/434/42 748/435/42 778/436/42
f 830/437/9 224/438/9 825/439/9 109/440/9
f 795/441/9 791/442/9 774/443/9 780/444/9
f 166/445/43 158/446/43 756/447/43 762/448/43
f 678/449/9 634/450/9 280/451/9 506/452/9
f 726/453/9 618/454/9 272/455/9 494/456/9
f 710/457/9 570/458/9 276/459/9 502/460/9
f 614/461/9 698/462/9 488/463/9 348/464/9
f 577/465/9 551/466/9 299/467/9 329/468/9
f 630/469/9 714/470/9 500/471/9 356/472/9
f 593/473/9 567/474/9 307/475/9 333/476/9
f 606/480/9 594/481/9 336/482/9 310/483/9
f 590/487/9 578/488/9 332/489/9 302/490/9
f 566/491/9 730/492/9 490/493/9 308/494/9
f 641/495/9 615/496/9 347/497/9 377/498/9
f 550/499/9 682/500/9 512/501/9 300/502/9
f 657/503/9 631/504/9 355/505/9 381/506/9
f 670/510/9 658/511/9 384/512/9 358/513/9
f 654/518/9 642/519/9 380/520/9 350/521/9
f 88/522/12 638/523/12 676/524/12 395/525/12
f 458/526/9 868/527/9 1326/528/9 1679/529/9
f 145/530/1 38/531/1 12/532/1 132/533/1
f 37/534/48 603/535/48 575/536/48 9/537/48
f 1265/541/50 1566/542/50 1561/543/50 1269/544/50
f 31/545/1 144/546/1 150/547/1 35/548/1
f 1488/549/1 1303/550/1 285/551/1 365/552/1
f 1590/557/51 1285/558/51 1281/559/51 1592/560/51
f 175/561/1 171/562/1 235/563/1 239/564/1
f 1567/565/1 1268/566/1 322/567/1 526/568/1
f 1516/569/1 1319/570/1 293/571/1 373/572/1
f 1302/575/1 1571/576/1 524/577/1 286/578/1
f 138/579/1 43/580/1 39/581/1 148/582/1
f 242/583/1 130/584/1 90/585/1 184/586/1
f 70/587/52 812/588/52 924/589/52 941/590/52
f 1377/591/1 1388/592/1 1399/593/1 1397/594/1 320/595/1 338/596/1
f 515/597/1 1696/598/1 1694/599/1 517/600/1
f 421/608/55 417/609/55 1635/610/55 1649/611/55
f 437/612/38 433/613/38 1563/614/38 1577/615/38
f 910/616/56 916/617/56 1201/618/56 1199/619/56
f 894/620/57 900/621/57 1169/622/57 1167/623/57
f 719/626/59 408/627/59 405/628/59 707/629/59
f 907/630/60 419/631/60 1182/632/60 1194/630/60
f 711/633/9 501/634/9 497/635/9 713/636/9
f 679/637/9 505/638/9 509/639/9 681/640/9
f 485/641/9 697/642/9 695/643/9 481/644/9
f 491/645/9 729/646/9 727/647/9 493/648/9
f 735/649/61 414/650/61 411/651/61 723/652/61
f 418/653/62 424/654/62 1185/655/62 1183/653/62
f 423/656/63 904/657/63 1189/658/63 1186/659/63
f 891/660/64 435/661/64 1150/662/64 1162/660/64
f 397/663/33 686/664/33 548/665/33 8/666/33
f 555/667/65 693/668/65 689/669/65 557/670/65
f 571/671/66 709/672/66 705/673/66 573/674/66
f 592/675/67 556/676/67 560/677/67 586/678/67
f 595/679/68 605/680/68 601/681/68 597/682/68
f 608/683/69 572/684/69 576/685/69 602/686/69
f 699/687/70 613/688/70 609/689/70 701/690/70
f 619/691/71 725/692/71 721/693/71 621/694/71
f 635/695/72 677/696/72 673/697/72 637/698/72
f 656/699/73 620/700/73 624/701/73 650/702/73
f 659/703/74 669/704/74 665/705/74 661/706/74
f 672/707/75 636/708/75 640/709/75 666/710/75
f 680/711/76 684/712/76 688/713/76 674/714/76
f 696/715/77 700/716/77 704/717/77 690/718/77
f 712/719/78 716/720/78 720/721/78 706/722/78
f 767/723/9 739/724/9 752/725/9 784/726/9
f 728/727/79 732/728/79 736/729/79 722/730/79
f 552/731/80 580/732/80 584/733/80 546/734/80
f 643/735/81 653/736/81 649/737/81 645/738/81
f 616/739/82 644/740/82 648/741/82 610/742/82
f 731/743/83 565/744/83 561/745/83 733/746/83
f 632/747/84 660/748/84 664/749/84 626/750/84
f 579/751/85 589/752/85 585/753/85 581/754/85
f 568/755/86 596/756/86 600/757/86 562/758/86
f 715/759/87 629/760/87 625/761/87 717/762/87
f 755/765/9 785/766/9 793/767/9 763/768/9
f 742/769/9 771/770/9 786/771/9 754/772/9
f 764/773/9 796/774/9 779/775/9 747/776/9
f 781/777/9 751/778/9 759/779/9 789/780/9
f 788/781/9 782/782/9 792/783/9 794/784/9
f 790/785/9 758/786/9 744/787/9 775/788/9
f 883/789/42 835/790/42 777/791/42 773/792/42
f 827/793/88 879/794/88 765/795/88 769/796/88
f 847/800/9 844/801/9 159/802/9 165/803/9
f 862/804/9 228/805/9 881/806/9 116/807/9
f 838/808/9 848/809/9 168/810/9 118/811/9
f 461/812/15 23/813/15 952/814/15 1051/812/15
f 75/815/9 27/816/9 1337/817/9 1467/818/9
f 22/819/90 66/820/90 972/821/90 953/822/90
f 811/827/33 467/828/33 1038/828/33 925/827/33
f 1307/829/1 1498/830/1 389/831/1 371/832/1
f 471/833/12 95/834/12 986/835/12 1034/833/12
f 213/836/9 103/837/9 1361/838/9 1559/839/9
f 110/840/88 828/841/88 772/842/88 741/843/88
f 119/844/43 167/845/43 761/846/43 746/847/43
f 174/848/16 646/849/16 652/850/16 172/851/16
f 154/852/92 164/853/92 760/854/92 750/855/92
f 157/856/43 111/857/43 740/858/43 753/859/43
f 106/860/92 155/861/92 749/862/92 738/863/92
f 233/864/1 123/865/1 140/866/1 252/867/1
f 230/868/9 839/869/9 117/870/9 833/871/9
f 463/872/9 459/873/9 1678/874/9 1676/875/9
f 832/876/15 842/877/15 936/878/15 921/879/15
f 104/880/93 216/881/93 1015/882/93 998/880/93
f 439/883/94 888/884/94 1157/884/94 1154/885/94
f 878/886/88 107/887/88 737/888/88 766/889/88
f 221/890/16 829/891/16 920/892/16 1023/893/16
f 163/894/92 114/895/92 745/896/92 757/897/92
f 232/898/12 226/899/12 1010/900/12 1004/901/12
f 905/902/55 902/903/55 1653/904/55 1667/905/55
f 452/906/58 454/907/58 1047/908/58 1049/909/58
f 434/914/95 440/915/95 1153/916/95 1151/914/95
f 99/917/16 475/918/16 1044/918/16 996/917/16
f 97/919/9 209/920/9 1543/921/9 1375/922/9
f 34/923/33 582/924/33 588/925/33 32/926/33
f 479/927/33 25/928/33 931/928/33 1040/929/33
f 453/930/16 101/931/16 997/932/16 1045/933/16
f 1693/934/1 1292/935/1 362/936/1 518/937/1
f 17/938/15 449/939/15 1048/940/15 960/941/15
f 860/1014/16 217/1015/16 1031/1016/16 957/1017/16
f 96/1018/9 470/1019/9 1585/1020/9 1354/1021/9
f 477/1022/9 473/1023/9 1606/1024/9 1604/1025/9
f 220/1026/16 222/1027/16 1022/1028/16 1032/1026/16
f 102/1029/9 456/1030/9 1657/1031/9 1362/1032/9
f 28/1033/97 74/1034/97 950/1034/97 932/1035/97
f 223/1036/9 219/1037/9 880/1038/9 826/1039/9
f 225/1040/12 861/1041/12 964/1042/12 1011/1043/12
f 210/1044/98 100/1045/98 995/1045/98 1007/1046/98
f 227/1047/9 231/1048/9 836/1049/9 882/1050/9
f 240/1051/1 234/1052/1 251/1053/1 255/1054/1
f 840/1055/12 229/1056/12 1003/1057/12 927/1058/12
f 856/1059/33 849/1060/33 975/1061/33 982/1062/33
f 468/1063/9 810/1064/9 1286/1065/9 1589/1066/9
f 852/1067/33 857/1068/33 956/1069/33 976/1070/33
f 845/1075/15 837/1076/15 926/1076/15 943/1077/15
f 455/1078/9 451/1079/9 1660/1080/9 1658/1081/9
f 864/1082/33 853/1083/33 981/1084/33 965/1085/33
f 24/1086/9 464/1087/9 1675/1088/9 1330/1089/9
f 1267/1090/1 1406/1091/1 341/1092/1 323/1093/1
f 809/1097/9 69/1098/9 1451/1099/9 1287/1100/9
f 73/1101/33 71/1102/33 940/1102/33 947/1103/33
f 65/1107/15 61/1108/15 977/1109/15 969/1107/15
f 198/1119/102 196/1120/102 1087/1121/102 1090/1122/102
f 393/1123/103 675/1124/103 687/1125/103 396/1126/103
f 867/1127/9 203/1128/9 1525/1129/9 1327/1130/9
f 215/1131/16 211/1132/16 1006/1133/16 1016/1134/16
f 204/1138/105 866/1139/105 992/1140/105 1026/1141/105
f 58/1192/108 56/1193/108 1063/1194/108 1066/1195/108
f 50/1209/110 48/1210/110 1057/1211/110 1060/1212/110
f 531/1213/1 1624/1214/1 1622/1215/1 533/1216/1
f 887/1217/111 892/1218/111 1161/1219/111 1158/1217/111
f 466/1220/53 472/1221/53 1033/1221/53 1036/1220/53
f 899/1222/112 444/1223/112 1173/1224/112 1170/1222/112
f 474/1225/99 480/1226/99 1039/1226/99 1042/1225/99
f 441/1227/113 898/1228/113 1612/1229/113 1618/1230/113
f 1640/1231/1 537/1232/1 541/1233/1 1642/1234/1
f 443/1235/114 448/1236/114 1177/1237/114 1174/1235/114
f 683/1238/115 549/1239/115 545/1240/115 685/1241/115
f 903/1242/116 908/1243/116 1193/1244/116 1190/1242/116
f 460/1245/54 462/1246/54 1053/1246/54 1055/1245/54
f 915/1247/117 428/1248/117 1205/1248/117 1202/1247/117
f 865/1249/12 457/1250/12 1054/1250/12 989/1251/12
f 425/1252/118 914/1253/118 1684/1254/118 1690/1255/118
f 521/1256/1 1570/1257/1 1568/1258/1 525/1259/1
f 427/1260/119 432/1261/119 1209/1262/119 1206/1263/119
f 897/1272/113 893/1273/113 1599/1274/113 1613/1275/113
f 913/1276/118 909/1277/118 1671/1278/118 1685/1279/118
f 445/1280/113 442/1281/113 1617/1282/113 1631/1283/113
f 429/1284/118 426/1285/118 1689/1286/118 1703/1287/118
f 447/1288/120 895/1289/120 1166/1290/120 1178/1291/120
f 431/1292/121 911/1293/121 1198/1294/121 1210/1295/121
f 896/1296/113 446/1297/113 1630/1298/113 1600/1299/113
f 436/1300/38 890/1301/38 1594/1302/38 1564/1303/38
f 912/1304/118 430/1305/118 1702/1306/118 1672/1307/118
f 420/1308/55 906/1309/55 1666/1310/55 1636/1311/55
f 885/1312/38 438/1313/38 1576/1314/38 1582/1315/38
f 901/1316/55 422/1317/55 1648/1318/55 1654/1319/55
f 1249/1356/122 1638/1357/122 1633/1358/122 1253/1359/122
f 1394/1396/123 1398/1397/123 1401/1398/123 1403/1399/123
f 1408/1400/124 1412/1401/124 1415/1402/124 1417/1403/124
f 1422/1404/125 1426/1405/125 1429/1406/125 1431/1407/125
f 1435/1408/126 1447/1409/126 1442/1410/126 1437/1411/126
f 1486/1412/127 1490/1413/127 1493/1414/127 1495/1415/127
f 1500/1416/128 1504/1417/128 1507/1418/128 1509/1419/128
f 1514/1420/129 1518/1421/129 1521/1422/129 1523/1423/129
f 1527/1424/130 1539/1425/130 1534/1426/130 1529/1427/130
f 1259/1428/131 1700/1429/131 1698/1430/131 1261/1431/131
f 1275/1432/132 1628/1433/132 1626/1434/132 1277/1435/132
f 1331/1436/133 1674/1437/133 1669/1438/133 1333/1439/133
f 1339/1440/51 1602/1441/51 1597/1442/51 1341/1443/51
f 1382/1444/134 1255/1445/134 1347/1446/134 1440/1447/134
f 1410/1448/135 1271/1449/135 1283/1450/135 1458/1451/135
f 1542/1452/136 1356/1453/136 1360/1454/136 1535/1455/136
f 1453/1456/137 1465/1457/137 1460/1458/137 1455/1459/137
f 1289/1460/138 1692/1461/138 1687/1462/138 1293/1463/138
f 1472/1464/139 1476/1465/139 1479/1466/139 1481/1467/139
f 1299/1468/140 1574/1469/140 1572/1470/140 1301/1471/140
f 1315/1472/141 1646/1473/141 1644/1474/141 1317/1475/141
f 1355/1476/5 1584/1477/5 1579/1478/5 1357/1479/5
f 1363/1480/142 1656/1481/142 1651/1482/142 1365/1483/142
f 1474/1484/143 1295/1485/143 1323/1486/143 1532/1487/143
f 1502/1488/144 1311/1489/144 1371/1490/144 1550/1491/144
f 1450/1492/145 1332/1493/145 1336/1494/145 1443/1495/145
f 1545/1496/146 1557/1497/146 1552/1498/146 1547/1499/146
f 1380/1500/147 1384/1501/147 1387/1502/147 1389/1503/147
f 1569/1504/148 1573/1505/148 1578/1506/148 1562/1507/148
f 1587/1508/149 1591/1509/149 1596/1510/149 1580/1511/149
f 1605/1512/150 1609/1513/150 1614/1514/150 1598/1515/150
f 1623/1516/151 1627/1517/151 1632/1518/151 1616/1519/151
f 1641/1520/152 1645/1521/152 1650/1522/152 1634/1523/152
f 1659/1524/153 1663/1525/153 1668/1526/153 1652/1527/153
f 1677/1528/154 1681/1529/154 1686/1530/154 1670/1531/154
f 1695/1532/155 1699/1533/155 1704/1534/155 1688/1535/155
f 1647/1536/7 1314/1537/7 1366/1538/7 1655/1539/7
f 1608/1540/142 1373/1541/142 1369/1542/142 1610/1543/142
f 1256/1544/156 1381/1545/156 1379/1546/156 1250/1547/156
f 1352/1548/157 1436/1549/157 1441/1550/157 1346/1551/157
f 1701/1552/28 1258/1553/28 1334/1554/28 1673/1555/28
f 1468/1556/158 1340/1557/158 1344/1558/158 1461/1559/158
f 1296/1560/159 1473/1561/159 1471/1562/159 1290/1563/159
f 1328/1564/160 1528/1565/160 1533/1566/160 1322/1567/160
f 1575/1568/11 1298/1569/11 1358/1570/11 1583/1571/11
f 1560/1572/161 1364/1573/161 1368/1574/161 1553/1575/161
f 1272/1576/162 1409/1577/162 1407/1578/162 1266/1579/162
f 1288/1580/163 1454/1581/163 1459/1582/163 1282/1583/163
f 1629/1584/6 1274/1585/6 1342/1586/6 1601/1587/6
f 1662/1588/133 1349/1589/133 1345/1590/133 1664/1591/133
f 1312/1592/164 1501/1593/164 1499/1594/164 1306/1595/164
f 1376/1596/165 1546/1597/165 1551/1598/165 1370/1599/165
f 1393/1600/166 1260/1601/166 1264/1602/166 1395/1603/166
f 1/1604/167 2/1605/167 3/1606/167 4/1607/167
f 5/1608/168 6/300/168 7/1609/168 8/1610/168
f 9/537/169 10/305/169 11/104/169 12/532/169
f 13/9/170 14/232/170 15/141/170 16/111/170
f 17/938/171 18/86/171 19/277/171 20/252/171
f 21/199/172 22/819/172 23/813/172 24/1086/172
f 25/928/173 26/386/173 27/816/173 28/1033/173
f 29/1611/174 30/4/174 31/1612/174 32/1613/174
f 33/161/175 34/1614/175 35/1615/175 36/1616/175
f 37/534/176 38/531/176 39/581/176 40/209/176
f 41/12/177 42/206/177 43/580/177 44/233/177
f 61/1108/182 62/239/182 63/278/182 64/85/182
f 65/1107/183 66/820/183 67/198/183 68/240/183
f 69/1098/184 70/587/184 71/1102/184 72/177/184
f 73/1101/185 74/1034/185 75/815/185 76/178/185
f 77/138/186 78/1617/186 79/1618/186 80/1619/186
f 81/1620/187 82/5/187 83/1621/187 84/1622/187
f 85/224/188 86/1623/188 87/1624/188 88/1625/188
f 89/1626/189 90/585/189 91/1627/189 92/1628/189
f 93/44/190 94/99/190 95/834/190 96/1018/190
f 97/919/191 98/74/191 99/917/191 100/1045/191
f 101/931/192 102/1029/192 103/837/192 104/880/192
f 105/368/193 106/860/193 107/887/193 108/196/193
f 109/440/194 110/840/194 111/857/194 112/400/194
f 113/394/195 114/895/195 115/204/195 116/807/195
f 117/870/196 118/811/196 119/844/196 120/434/196
f 121/142/1 122/231/1 123/865/1 124/71/1
f 125/1629/1 126/8/1 127/218/1 128/2/1
f 129/103/1 130/584/1 131/420/1 132/533/1
f 133/223/1 134/299/1 135/230/1 136/134/1
f 137/234/1 138/579/1 139/411/1 140/866/1
f 141/3/1 142/221/1 143/210/1 144/546/1
f 145/530/1 146/419/1 147/412/1 148/582/1
f 149/298/1 150/547/1 151/213/1 152/227/1
f 153/429/197 154/852/197 155/861/197 156/367/197
f 157/856/198 158/446/198 159/802/198 160/401/198
f 161/428/197 162/205/197 163/894/197 164/853/197
f 165/803/198 166/445/198 167/845/198 168/810/198
f 169/1630/199 170/69/199 171/1631/199 172/1632/199
f 173/296/200 174/1633/200 175/1634/200 176/1635/200
f 177/1636/201 178/136/201 179/1637/201 180/1638/201
f 181/1639/202 182/343/202 183/1640/202 184/1641/202
f 201/351/207 202/247/207 203/1128/207 204/1138/207
f 205/43/208 206/248/208 207/350/208 208/100/208
f 209/920/209 210/1044/209 211/1132/209 212/190/209
f 213/836/210 214/191/210 215/1131/210 216/881/210
f 217/1015/211 218/194/211 219/1037/211 220/1026/211
f 221/890/211 222/1027/211 223/1036/211 224/438/211
f 225/1040/212 226/899/212 227/1047/212 228/805/212
f 229/1056/212 230/868/212 231/1048/212 232/898/212
f 233/864/1 234/1052/1 235/563/1 236/72/1
f 237/219/1 238/7/1 239/564/1 240/1051/1
f 241/421/1 242/583/1 243/407/1 244/424/1
f 245/229/1 246/425/1 247/406/1 248/135/1
f 249/410/1 250/415/1 251/1053/1 252/867/1
f 253/211/1 254/220/1 255/1054/1 256/414/1
f 257/413/1 258/418/1 259/423/1 260/416/1
f 261/212/1 262/417/1 263/422/1 264/228/1
f 265/123/213 266/430/213 267/485/213 268/275/213
f 269/320/214 270/124/214 271/515/214 272/455/214
f 273/115/215 274/169/215 275/478/215 276/459/215
f 277/312/216 278/89/216 279/508/216 280/451/216
f 281/118/217 282/50/217 283/485/217 284/432/217
f 285/551/218 286/578/218 287/516/218 288/126/218
f 289/31/219 290/98/219 291/478/219 292/172/219
f 293/571/220 294/94/220 295/508/220 296/89/220
f 301/122/222 302/490/222 303/555/222 304/431/222
f 309/114/224 310/483/224 311/131/224 312/170/224
f 317/119/226 318/431/226 319/555/226 320/595/226
f 325/32/228 326/171/228 327/131/228 328/259/228
f 329/468/222 330/763/222 331/556/222 332/489/222
f 333/476/224 334/573/224 335/132/224 336/482/224
f 337/129/226 338/596/226 339/556/226 340/763/226
f 341/1092/228 342/260/228 343/133/228 344/573/228
f 349/319/211 350/521/211 351/553/211 352/125/211
f 357/311/212 358/513/212 359/358/212 360/90/212
f 365/552/232 366/125/232 367/553/232 368/63/232
f 373/572/234 374/90/234 375/360/234 376/83/234
f 377/498/211 378/1094/211 379/554/211 380/520/211
f 381/506/212 382/77/212 383/359/212 384/512/212
f 385/337/232 386/64/232 387/554/232 388/1096/232
f 389/831/234 390/84/234 391/359/234 392/77/234
f 393/1642/235 394/225/235 395/1643/235
f 396/1644/236 397/663/236 398/1645/236
f 399/1646/237 400/1647/237 401/1648/237
f 402/290/238 403/1649/238 404/1650/238
f 405/1651/239 406/105/239 407/1652/239
f 408/1653/240 409/301/240 410/1654/240
f 411/1655/241 412/139/241 413/1656/241
f 414/650/242 415/1657/242 416/1658/242
f 417/609/243 418/653/243 419/631/243 420/1308/243
f 421/608/244 422/1317/244 423/656/244 424/654/244
f 425/1252/245 426/1285/245 427/1260/245 428/1248/245
f 429/1284/246 430/1305/246 431/1292/246 432/1261/246
f 433/613/247 434/914/247 435/661/247 436/1300/247
f 437/612/248 438/1313/248 439/883/248 440/915/248
f 441/1227/249 442/1281/249 443/1235/249 444/1223/249
f 445/1280/250 446/1297/250 447/1288/250 448/1236/250
f 449/939/251 450/251/251 451/1079/251 452/906/251
f 453/930/252 454/907/252 455/1078/252 456/1030/252
f 457/1250/253 458/526/253 459/873/253 460/1245/253
f 461/812/254 462/1246/254 463/872/254 464/1087/254
f 465/174/255 466/1220/255 467/828/255 468/1063/255
f 469/173/256 470/1019/256 471/833/256 472/1221/256
f 473/1023/257 474/1225/257 475/918/257 476/73/257
f 477/1022/258 478/387/258 479/927/258 480/1226/258
f 481/644/259 482/276/259 483/484/259 484/1071/259
f 485/641/260 486/1074/260 487/322/260 488/463/260
f 493/648/262 494/456/262 495/514/262 496/625/262
f 497/635/263 498/607/263 499/332/263 500/471/263
f 501/634/264 502/460/264 503/477/264 504/605/264
f 505/638/265 506/1659/265 507/1659/265 508/1660/265
f 509/639/266 510/602/266 511/539/266 512/501/266
f 517/600/268 518/937/268 519/323/268 520/1073/268
f 521/1256/269 522/625/269 523/517/269 524/577/269
f 525/1259/270 526/568/270 527/19/270 528/624/270
f 533/1216/272 534/272/272 535/333/272 536/607/272
f 537/1232/273 538/68/273 539/540/273 540/601/273
f 541/1233/274 542/1661/274 543/1659/274 544/1659/274
f 545/1240/275 546/734/275 547/159/275 548/665/275
f 549/1239/276 550/499/276 551/466/276 552/731/276
f 553/120/277 554/274/277 555/667/277 556/676/277
f 557/670/278 558/314/278 559/216/278 560/677/278
f 561/745/279 562/758/279 563/10/279 564/110/279
f 565/744/280 566/491/280 567/474/280 568/755/280
f 569/112/281 570/458/281 571/671/281 572/684/281
f 573/674/282 574/306/282 575/536/282 576/685/282
f 577/465/283 578/488/283 579/751/283 580/732/283
f 581/754/284 582/924/284 583/160/284 584/733/284
f 585/753/285 586/678/285 587/215/285 588/925/285
f 589/752/286 590/487/286 591/121/286 592/675/286
f 593/473/287 594/481/287 595/679/287 596/756/287
f 597/682/288 598/207/288 599/11/288 600/757/288
f 601/681/289 602/686/289 603/535/289 604/208/289
f 605/680/290 606/480/290 607/113/290 608/683/290
f 609/689/291 610/742/291 611/294/291 612/404/291
f 613/688/292 614/461/292 615/496/292 616/739/292
f 617/317/293 618/454/293 619/691/293 620/700/293
f 621/694/294 622/355/294 623/237/294 624/701/294
f 625/761/295 626/750/295 627/14/295 628/303/295
f 629/760/296 630/469/296 631/504/296 632/747/296
f 633/309/297 634/450/297 635/695/297 636/708/297
f 637/698/298 638/523/298 639/341/298 640/709/298
f 641/495/299 642/519/299 643/735/299 644/740/299
f 645/738/300 646/849/300 647/295/300 648/741/300
f 649/737/301 650/702/301 651/236/301 652/850/301
f 653/736/302 654/518/302 655/318/302 656/699/302
f 657/503/303 658/511/303 659/703/303 660/748/303
f 661/706/304 662/344/304 663/15/304 664/749/304
f 665/705/305 666/710/305 667/340/305 668/345/305
f 669/704/306 670/510/306 671/310/306 672/707/306
f 673/1662/307 674/714/307 675/1663/307 676/1664/307
f 677/696/308 678/1665/308 679/1666/308 680/1667/308
f 681/640/309 682/500/309 683/1238/309 684/712/309
f 685/1241/310 686/664/310 687/1125/310 688/713/310
f 689/669/311 690/718/311 691/292/311 692/315/311
f 693/668/312 694/273/312 695/643/312 696/715/312
f 697/642/313 698/462/313 699/687/313 700/716/313
f 701/690/314 702/403/314 703/289/314 704/717/314
f 705/673/315 706/722/315 707/629/315 708/307/315
f 709/672/316 710/457/316 711/633/316 712/719/316
f 713/636/317 714/470/317 715/759/317 716/720/317
f 717/762/318 718/302/318 719/626/318 720/721/318
f 721/693/319 722/730/319 723/652/319 724/356/319
f 725/692/320 726/453/320 727/647/320 728/727/320
f 729/646/321 730/492/321 731/743/321 732/728/321
f 733/746/322 734/109/322 735/649/322 736/729/322
f 737/888/323 738/863/323 739/724/323
f 740/858/324 741/843/324 742/769/324
f 743/397/325 744/787/325 745/896/325
f 746/847/326 747/776/326 748/435/326
f 749/862/197 750/855/197 751/778/197 752/725/197
f 753/859/198 754/772/198 755/765/198 756/447/198
f 757/897/197 758/786/197 759/779/197 760/854/197
f 761/846/198 762/448/198 763/768/198 764/773/198
f 765/795/327 766/889/327 767/723/327 768/244/327
f 769/796/327 770/243/327 771/770/327 772/842/327
f 773/792/328 774/443/328 775/788/328 776/396/328
f 777/791/328 778/436/328 779/775/328 780/444/328
f 781/777/9 782/782/9 783/245/9 784/726/9
f 785/766/9 786/771/9 787/246/9 788/781/9
f 789/780/9 790/785/9 791/442/9 792/783/9
f 793/767/9 794/784/9 795/441/9 796/774/9
f 809/1097/332 810/1064/332 811/827/332 812/588/332
f 825/439/327 826/1039/327 827/793/327 828/841/327
f 829/891/336 830/437/336 831/399/336 832/876/336
f 833/871/328 834/433/328 835/790/328 836/1049/328
f 837/1076/337 838/808/337 839/869/337 840/1055/337
f 841/390/224 842/877/224 843/398/224 844/801/224
f 845/1075/224 846/391/224 847/800/224 848/809/224
f 849/1060/222 850/426/222 851/366/222 852/1067/222
f 853/1083/222 854/202/222 855/427/222 856/1059/222
f 857/1068/338 858/365/338 859/195/338 860/1014/338
f 861/1041/339 862/804/339 863/203/339 864/1082/339
f 865/1249/340 866/1139/340 867/1127/340 868/527/340
f 877/197/327 878/886/327 879/794/327 880/1038/327
f 881/806/328 882/1050/328 883/789/328 884/395/328
f 885/1312/343 886/362/343 887/1217/343 888/884/343
f 889/361/344 890/1301/344 891/660/344 892/1218/344
f 893/1273/345 894/620/345 895/1289/345 896/1296/345
f 897/1272/346 898/1228/346 899/1222/346 900/621/346
f 901/1316/347 902/903/347 903/1242/347 904/657/347
f 905/902/348 906/1309/348 907/630/348 908/1243/348
f 909/1277/349 910/616/349 911/1293/349 912/1304/349
f 913/1276/350 914/1253/350 915/1247/350 916/617/350
f 926/1674/353 927/1058/353 928/1675/353 929/1676/353 930/1676/353
f 931/1677/354 932/1035/354 933/1678/354 934/1677/354
f 943/1077/224 944/994/224 945/978/224 946/392/224
f 947/1103/356 948/979/356 949/993/356 950/1034/356
f 951/1679/357 952/814/357 953/1680/357 954/1681/357
f 955/1682/358 956/1069/358 957/1683/358 958/1683/358 959/1683/358
f 960/941/359 961/1684/359 962/1685/359 963/1686/359
f 964/1687/360 965/1085/360 966/1688/360 967/1689/360 968/1689/360
f 969/1107/361 970/990/361 971/969/361 972/821/361
f 977/1109/362 978/88/362 979/1011/362 980/991/362
f 981/1084/222 982/1062/222 983/992/222 984/1010/222
f 985/1690/363 986/835/363 987/1691/363 988/1692/363
f 989/1251/364 990/1693/364 991/1694/364 992/1695/364
f 997/932/366 998/1699/366 999/1700/366 1000/1701/366
f 1025/352/370 1026/1141/370 1027/946/370 1028/998/370
f 1033/1221/371 1034/833/371 1035/972/371
f 1036/1220/372 1037/971/372 1038/828/372
f 1039/1226/373 1040/929/373 1041/1005/373
f 1042/1225/374 1043/1004/374 1044/918/374
f 1045/933/375 1046/987/375 1047/908/375
f 1048/940/376 1049/909/376 1050/986/376
f 1051/812/377 1052/960/377 1053/1246/377
f 1054/1250/378 1055/1245/378 1056/959/378
f 1057/1211/379 1058/945/379 1059/1007/379
f 1060/1212/380 1061/1006/380 1062/348/380
f 1063/1194/381 1064/1112/381 1065/1154/381
f 1066/1195/382 1067/1153/382 1068/167/382
f 1081/375/387 1082/1148/387 1083/1150/387
f 1084/376/388 1085/1149/388 1086/164/388
f 1087/1121/389 1088/1144/389 1089/1158/389
f 1090/1122/390 1091/1157/390 1092/1197/390
f 1249/1356/443 1250/1547/443 1251/127/443 1252/66/443
f 1253/1359/444 1254/265/444 1255/1445/444 1256/1544/444
f 1257/181/445 1258/1553/445 1259/1428/445 1260/1601/445
f 1261/1431/446 1262/47/446 1263/117/446 1264/1602/446
f 1265/541/447 1266/1579/447 1267/1090/447 1268/566/447
f 1269/544/448 1270/25/448 1271/1449/448 1272/1576/448
f 1273/149/449 1274/1585/449 1275/1432/449 1276/286/449
f 1277/1435/450 1278/95/450 1279/30/450 1280/287/450
f 1281/559/451 1282/1583/451 1283/1450/451 1284/28/451
f 1285/558/452 1286/1065/452 1287/1100/452 1288/1580/452
f 1289/1460/453 1290/1563/453 1291/335/453 1292/935/453
f 1293/1463/454 1294/55/454 1295/1485/454 1296/1560/454
f 1297/377/455 1298/1569/455 1299/1468/455 1300/282/455
f 1301/1471/456 1302/575/456 1303/550/456 1304/283/456
f 1305/261/457 1306/1595/457 1307/829/457 1308/270/457
f 1309/264/458 1310/33/458 1311/1489/458 1312/1592/458
f 1313/369/459 1314/1537/459 1315/1472/459 1316/52/459
f 1317/1475/460 1318/91/460 1319/570/460 1320/53/460
f 1321/1762/461 1322/1567/461 1323/1763/461 1324/1764/461
f 1325/22/462 1326/1765/462 1327/1766/462 1328/1767/462
f 1329/1768/463 1330/1089/463 1331/1769/463 1332/1770/463
f 1333/1771/464 1334/1554/464 1335/1772/464 1336/1772/464
f 1337/817/465 1338/389/465 1339/1440/465 1340/1557/465
f 1341/1443/466 1342/1586/466 1343/152/466 1344/1558/466
f 1345/1773/467 1346/1551/467 1347/1774/467 1348/1775/467
f 1349/1589/468 1350/1776/468 1351/1777/468 1352/1778/468
f 1353/1779/469 1354/1021/469 1355/1780/469 1356/1781/469
f 1357/1782/470 1358/1570/470 1359/1783/470 1360/1783/470
f 1361/1784/471 1362/1032/471 1363/1785/471 1364/1786/471
f 1365/1787/472 1366/1538/472 1367/1788/472 1368/1788/472
f 1369/1789/473 1370/1599/473 1371/1790/473 1372/1791/473
f 1373/1541/474 1374/1792/474 1375/1793/474 1376/1794/474
f 1377/591/475 1378/128/475 1379/1546/475 1380/1500/475
f 1381/1545/476 1382/1444/476 1383/384/476 1384/1501/476
f 1388/592/477 1389/1503/477 1390/147/477
f 1395/1603/479 1396/116/479 1397/594/479 1398/1397/479
f 1399/593/480 1400/146/480 1401/1398/480
f 1405/255/481 1406/1091/481 1407/1578/481 1408/1400/481
f 1409/1577/482 1410/1448/482 1411/156/482 1412/1401/482
f 1416/256/483 1417/1403/483 1418/1117/483
f 1423/288/485 1424/29/485 1425/258/485 1426/1405/485
f 1427/257/486 1428/1116/486 1429/1406/486
f 1433/279/487 1434/1795/487 1435/1796/487 1436/1797/487
f 1437/1411/488 1438/1798/488 1439/1799/488 1440/1800/488 1441/1801/488
f 1442/1802/489 1443/1495/489 1444/1803/489 1445/1804/489 1446/1802/489
f 1447/1409/490 1448/1805/490 1449/1806/490 1450/1807/490
f 1451/1099/491 1452/180/491 1453/1456/491 1454/1581/491
f 1455/1459/492 1456/1176/492 1457/157/492 1458/1451/492 1459/1582/492
f 1460/1458/493 1461/1559/493 1462/151/493 1463/1184/493 1464/1177/493
f 1465/1457/494 1466/179/494 1467/818/494 1468/1556/494
f 1469/59/495 1470/336/495 1471/1562/495 1472/1464/495
f 1473/1561/496 1474/1484/496 1475/188/496 1476/1465/496
f 1480/60/497 1481/1467/497 1482/329/497
f 1487/284/499 1488/549/499 1489/62/499 1490/1413/499
f 1491/61/500 1492/328/500 1493/1414/500
f 1497/79/501 1498/830/501 1499/1594/501 1500/1416/501
f 1501/1593/502 1502/1488/502 1503/1164/502 1504/1417/502
f 1508/80/503 1509/1419/503 1510/41/503
f 1515/54/505 1516/569/505 1517/82/505 1518/1421/505
f 1519/81/506 1520/40/506 1521/1422/506
f 1525/1129/507 1526/1808/507 1527/1809/507 1528/1810/507
f 1529/1427/508 1530/1811/508 1531/1812/508 1532/1813/508 1533/1814/508
f 1534/1426/509 1535/1815/509 1536/1816/509 1537/1817/509 1538/1818/509
f 1539/1425/510 1540/1819/510 1541/1820/510 1542/1821/510
f 1543/921/511 1544/1822/511 1545/1823/511 1546/1824/511
f 1547/1499/512 1548/1825/512 1549/1826/512 1550/1827/512 1551/1828/512
f 1552/1829/513 1553/1575/513 1554/1830/513 1555/1831/513 1556/1829/513
f 1557/1497/514 1558/1832/514 1559/1833/514 1560/1834/514
f 1561/543/515 1562/1507/515 1563/614/515 1564/1303/515 1565/26/515
f 1566/542/516 1567/565/516 1568/1258/516 1569/1504/516
f 1570/1257/517 1571/576/517 1572/1470/517 1573/1505/517
f 1574/1469/518 1575/1568/518 1576/1314/518 1577/615/518 1578/1506/518
f 1579/1478/519 1580/1511/519 1581/363/519 1582/1315/519 1583/1571/519
f 1584/1477/520 1585/1835/520 1586/1836/520 1587/1837/520
f 1588/175/521 1589/1838/521 1590/1839/521 1591/1840/521
f 1592/1841/522 1593/27/522 1594/1842/522 1595/1843/522 1596/1844/522
f 1597/1442/523 1598/1845/523 1599/1846/523 1600/1846/523 1601/1847/523
f 1602/1441/524 1603/1848/524 1604/1849/524 1605/1850/524
f 1606/1851/525 1607/76/525 1608/1852/525 1609/1853/525
f 1610/1543/526 1611/35/526 1612/1229/526 1613/1275/526 1614/1514/526
f 1615/263/527 1616/1519/527 1617/1282/527 1618/1230/527 1619/34/527
f 1620/262/528 1621/269/528 1622/1215/528 1623/1516/528
f 1624/1214/529 1625/96/529 1626/1434/529 1627/1517/529
f 1628/1433/530 1629/1584/530 1630/1298/530 1631/1283/530 1632/1518/530
f 1633/1358/531 1634/1523/531 1635/610/531 1636/1311/531 1637/266/531
f 1638/1357/532 1639/65/532 1640/1231/532 1641/1520/532
f 1642/1234/533 1643/1659/533 1644/1659/533 1645/1854/533
f 1646/1473/534 1647/1855/534 1648/1856/534 1649/1856/534 1650/1857/534
f 1651/1482/535 1652/1858/535 1653/1859/535 1654/1859/535 1655/1860/535
f 1656/1481/536 1657/1861/536 1658/1862/536 1659/1863/536
f 1660/1864/537 1661/254/537 1662/1865/537 1663/1866/537
f 1664/1591/538 1665/267/538 1666/1310/538 1667/905/538 1668/1526/538
f 1669/1438/539 1670/1531/539 1671/1278/539 1672/1307/539 1673/1555/539
f 1674/1437/540 1675/1867/540 1676/1868/540 1677/1869/540
f 1678/874/541 1679/1870/541 1680/1871/541 1681/1872/541
f 1682/24/542 1683/57/542 1684/1254/542 1685/1279/542 1686/1530/542
f 1687/1462/543 1688/1535/543 1689/1286/543 1690/1255/543 1691/56/543
f 1692/1461/544 1693/934/544 1694/599/544 1695/1532/544
f 1696/598/545 1697/48/545 1698/1430/545 1699/1533/545
f 1700/1429/546 1701/1552/546 1702/1306/546 1703/1287/546 1704/1534/546
f 36/297/547 6/300/547 5/1608/547 33/1873/547
f 44/233/548 14/232/548 13/9/548 41/12/548
f 972/821/549 66/820/549 65/1107/549 969/1107/549
f 1025/352/550 201/351/550 204/1138/550 1026/1141/550
f 128/2/1 2/1/1 1/1604/1 125/1629/1
f 133/223/1 7/222/1 6/300/1 134/299/1
f 2/1/551 30/4/551 29/1611/551 3/1874/551
f 31/545/226 35/548/226 34/1875/226 32/1876/226
f 12/532/552 38/531/552 37/534/552 9/537/552
f 39/581/228 43/580/228 42/206/228 40/209/228
f 144/546/1 31/545/1 30/4/1 141/3/1
f 149/298/1 36/297/1 35/548/1 150/547/1
f 865/1249/550 989/1251/550 992/1140/550 866/1139/550
f 452/906/553 1049/909/553 1048/940/553 449/939/553
f 176/6/554 82/5/554 81/1620/554 173/1877/554
f 184/586/555 90/585/555 89/1626/555 181/1878/555
f 977/1109/556 61/1108/556 64/85/556 978/88/556
f 828/841/327 110/840/327 109/440/327 825/439/327
f 17/938/556 960/941/556 963/87/556 18/86/556
f 833/871/328 117/870/328 120/434/328 834/433/328
f 14/232/1 122/231/1 121/142/1 15/141/1
f 237/219/1 127/218/1 126/8/1 238/7/1
f 11/104/1 129/103/1 132/533/1 12/532/1
f 248/135/1 136/134/1 135/230/1 245/229/1
f 43/580/1 138/579/1 137/234/1 44/233/1
f 253/211/1 143/210/1 142/221/1 254/220/1
f 38/531/1 145/530/1 148/582/1 39/581/1
f 264/228/1 152/227/1 151/213/1 261/212/1
f 964/1042/53 861/1041/53 864/1082/53 965/1085/53
f 113/394/557 743/397/557 745/896/557 114/895/557
f 856/1059/33 982/1062/33 981/1084/33 853/1083/33
f 756/447/43 158/446/43 157/856/43 753/859/43
f 158/446/198 166/445/198 165/803/198 159/802/198
f 153/429/197 161/428/197 164/853/197 154/852/197
f 111/857/198 157/856/198 160/401/198 112/400/198
f 105/368/197 156/367/197 155/861/197 106/860/197
f 143/210/1 151/213/1 150/547/1 144/546/1
f 138/579/1 148/582/1 147/412/1 139/411/1
f 127/218/1 142/221/1 141/3/1 128/2/1
f 122/231/1 137/234/1 140/866/1 123/865/1
f 152/227/1 135/230/1 134/299/1 149/298/1
f 145/530/1 132/533/1 131/420/1 146/419/1
f 82/5/1 126/8/1 125/1629/1 83/1879/1
f 77/138/1 121/142/1 124/71/1 78/70/1
f 167/845/198 119/844/198 118/811/198 168/810/198
f 162/205/197 115/204/197 114/895/197 163/894/197
f 1047/908/558 454/907/558 453/930/558 1045/933/558
f 104/880/559 998/880/559 997/932/559 101/931/559
f 931/928/560 25/928/560 28/1033/560 932/1035/560
f 73/1101/560 947/1103/560 950/1034/560 74/1034/560
f 136/134/1 86/137/1 85/224/1 133/223/1
f 129/103/1 91/107/1 90/585/1 130/584/1
f 78/70/561 170/69/561 169/1630/561 79/1880/561
f 171/562/232 175/561/232 174/1881/232 172/1882/232
f 86/137/562 178/136/562 177/1636/562 87/1883/562
f 179/409/234 183/408/234 182/1884/234 180/1885/234
f 107/887/327 878/886/327 877/197/327 108/196/327
f 879/794/327 827/793/327 826/1039/327 880/1038/327
f 116/807/328 881/806/328 884/395/328 113/394/328
f 882/1050/328 836/1049/328 835/790/328 883/789/328
f 123/865/1 233/864/1 236/72/1 124/71/1
f 234/1052/1 240/1051/1 239/564/1 235/563/1
f 130/584/1 242/583/1 241/421/1 131/420/1
f 243/407/1 247/406/1 246/425/1 244/424/1
f 139/411/1 249/410/1 252/867/1 140/866/1
f 250/415/1 256/414/1 255/1054/1 251/1053/1
f 146/419/1 258/418/1 257/413/1 147/412/1
f 259/423/1 263/422/1 262/417/1 260/416/1
f 740/858/563 111/857/563 110/840/563 741/843/563
f 827/793/88 769/796/88 772/842/88 828/841/88
f 748/435/564 120/434/564 119/844/564 746/847/564
f 166/445/43 762/448/43 761/846/43 167/845/43
f 247/406/1 179/409/1 178/136/1 248/135/1
f 242/583/1 184/586/1 183/408/1 243/407/1
f 946/392/15 846/391/15 845/1075/15 943/1077/15
f 840/1055/54 927/1058/54 926/1076/54 837/1076/54
f 1054/1250/565 457/1250/565 460/1245/565 1055/1245/565
f 461/812/566 1051/812/566 1053/1246/566 462/1246/566
f 765/795/88 879/794/88 878/886/88 766/889/88
f 106/860/567 738/863/567 737/888/567 107/887/567
f 175/561/1 239/564/1 238/7/1 176/6/1
f 170/69/1 236/72/1 235/563/1 171/562/1
f 263/422/1 246/425/1 245/229/1 264/228/1
f 258/418/1 241/421/1 244/424/1 259/423/1
f 240/1051/1 255/1054/1 254/220/1 237/219/1
f 233/864/1 252/867/1 251/1053/1 234/1052/1
f 256/414/1 262/417/1 261/212/1 253/211/1
f 249/410/1 257/413/1 260/416/1 250/415/1
f 776/396/42 884/395/42 883/789/42 773/792/42
f 834/433/42 778/436/42 777/791/42 835/790/42
f 749/862/92 155/861/92 154/852/92 750/855/92
f 163/894/92 757/897/92 760/854/92 164/853/92
f 317/119/226 281/118/226 284/432/226 318/431/226
f 325/32/228 289/31/228 292/172/228 326/171/228
f 315/130/226 337/129/226 340/763/226 316/764/226
f 338/596/226 320/595/226 319/555/226 339/556/226
f 323/1093/228 341/1092/228 344/573/228 324/574/228
f 342/260/228 328/259/228 327/131/228 343/133/228
f 365/552/232 285/551/232 288/126/232 366/125/232
f 373/572/234 293/571/234 296/89/234 374/90/234
f 363/338/232 385/337/232 388/1096/232 364/1095/232
f 386/64/232 368/63/232 367/553/232 387/554/232
f 371/832/234 389/831/234 392/77/234 372/78/234
f 390/84/234 376/83/234 375/360/234 391/359/234
f 398/226/576 394/225/576 393/1886/576 396/1887/576
f 404/1888/577 400/1647/577 399/1889/577 402/1890/577
f 416/140/578 412/139/578 411/1891/578 414/1892/578
f 410/106/579 406/105/579 405/1893/579 408/1894/579
f 497/635/583 501/634/583 504/605/583 498/607/583
f 531/1213/585 533/1216/585 536/607/585 532/606/585
f 515/597/590 517/600/590 520/1073/590 516/1072/590
f 521/1256/592 525/1259/592 528/624/592 522/625/592
f 491/645/594 493/648/594 496/625/594 492/624/594
f 397/1895/226 8/1896/226 7/222/226 398/226/226
f 88/1625/234 395/1643/234 394/225/234 85/224/234
f 83/1879/232 404/1888/232 403/1897/232 84/1898/232
f 4/1607/226 401/1648/226 400/1647/226 1/1604/226
f 91/107/234 410/106/234 409/1899/234 92/1900/234
f 10/305/228 407/308/228 406/105/228 11/104/228
f 15/141/228 416/140/228 415/108/228 16/111/228
f 80/1619/232 413/1656/232 412/139/232 77/138/232
f 585/753/612 589/752/612 592/675/612 586/678/612
f 591/121/613 553/120/613 556/676/613 592/675/613
f 555/667/614 557/670/614 560/677/614 556/676/614
f 559/216/615 587/215/615 586/678/615 560/677/615
f 601/681/616 605/680/616 608/683/616 602/686/616
f 607/113/617 569/112/617 572/684/617 608/683/617
f 571/671/618 573/674/618 576/685/618 572/684/618
f 575/536/619 603/535/619 602/686/619 576/685/619
f 545/1240/620 549/1239/620 552/731/620 546/734/620
f 551/466/621 577/465/621 580/732/621 552/731/621
f 579/751/622 581/754/622 584/733/622 580/732/622
f 583/160/623 547/159/623 546/734/623 584/733/623
f 578/488/624 590/487/624 589/752/624 579/751/624
f 588/925/625 582/924/625 581/754/625 585/753/625
f 561/745/626 565/744/626 568/755/626 562/758/626
f 567/474/627 593/473/627 596/756/627 568/755/627
f 595/679/628 597/682/628 600/757/628 596/756/628
f 599/11/629 563/10/629 562/758/629 600/757/629
f 594/481/630 606/480/630 605/680/630 595/679/630
f 604/208/631 598/207/631 597/682/631 601/681/631
f 649/737/632 653/736/632 656/699/632 650/702/632
f 655/318/633 617/317/633 620/700/633 656/699/633
f 619/691/634 621/694/634 624/701/634 620/700/634
f 623/237/635 651/236/635 650/702/635 624/701/635
f 665/705/636 669/704/636 672/707/636 666/710/636
f 671/310/637 633/309/637 636/708/637 672/707/637
f 635/695/638 637/698/638 640/709/638 636/708/638
f 639/341/639 667/340/639 666/710/639 640/709/639
f 609/689/640 613/688/640 616/739/640 610/742/640
f 615/496/641 641/495/641 644/740/641 616/739/641
f 643/735/642 645/738/642 648/741/642 644/740/642
f 647/295/643 611/294/643 610/742/643 648/741/643
f 642/519/644 654/518/644 653/736/644 643/735/644
f 652/850/645 646/849/645 645/738/645 649/737/645
f 625/761/646 629/760/646 632/747/646 626/750/646
f 631/504/647 657/503/647 660/748/647 632/747/647
f 659/703/648 661/706/648 664/749/648 660/748/648
f 663/15/649 627/14/649 626/750/649 664/749/649
f 658/511/650 670/510/650 669/704/650 659/703/650
f 668/345/651 662/344/651 661/706/651 665/705/651
f 673/1662/652 677/1901/652 680/711/652 674/714/652
f 679/637/653 681/640/653 684/712/653 680/711/653
f 683/1238/654 685/1241/654 688/713/654 684/712/654
f 687/1125/655 675/1124/655 674/714/655 688/713/655
f 689/669/656 693/668/656 696/715/656 690/718/656
f 695/643/657 697/642/657 700/716/657 696/715/657
f 699/687/658 701/690/658 704/717/658 700/716/658
f 703/289/659 691/292/659 690/718/659 704/717/659
f 721/693/660 725/692/660 728/727/660 722/730/660
f 727/647/661 729/646/661 732/728/661 728/727/661
f 731/743/662 733/746/662 736/729/662 732/728/662
f 735/649/663 723/652/663 722/730/663 736/729/663
f 705/673/664 709/672/664 712/719/664 706/722/664
f 711/633/665 713/636/665 716/720/665 712/719/665
f 715/759/666 717/762/666 720/721/666 716/720/666
f 719/626/667 707/629/667 706/722/667 720/721/667
f 682/500/668 550/499/668 549/1239/668 683/1238/668
f 548/665/669 686/664/669 685/1241/669 545/1240/669
f 634/450/670 678/449/670 677/696/670 635/695/670
f 676/524/671 638/523/671 637/698/671 673/697/671
f 698/462/672 614/461/672 613/688/672 699/687/672
f 612/404/673 702/403/673 701/690/673 609/689/673
f 554/274/674 694/273/674 693/668/674 555/667/674
f 692/315/669 558/314/669 557/670/669 689/669/669
f 714/470/675 630/469/675 629/760/675 715/759/675
f 628/303/671 718/302/671 717/762/671 625/761/671
f 570/458/676 710/457/676 709/672/676 571/671/676
f 708/307/677 574/306/677 573/674/677 705/673/677
f 730/492/678 566/491/678 565/744/678 731/743/678
f 564/110/677 734/109/677 733/746/677 561/745/677
f 618/454/679 726/453/679 725/692/679 619/691/679
f 724/356/673 622/355/673 621/694/673 721/693/673
f 299/467/9 551/466/9 550/499/9 300/502/9
f 681/640/9 509/639/9 512/501/9 682/500/9
f 332/489/9 578/488/9 577/465/9 329/468/9
f 396/1126/680 687/1125/680 686/664/680 397/663/680
f 547/159/681 5/158/681 8/666/681 548/665/681
f 582/924/682 34/923/682 33/161/682 583/160/682
f 268/275/9 554/274/9 553/120/9 265/123/9
f 590/487/9 302/490/9 301/122/9 591/121/9
f 32/926/683 588/925/683 587/215/683 29/214/683
f 558/314/684 4/313/684 3/217/684 559/216/684
f 481/644/9 695/643/9 694/273/9 482/276/9
f 691/292/685 399/291/685 401/316/685 692/315/685
f 16/111/686 564/110/686 563/10/686 13/9/686
f 598/207/687 42/206/687 41/12/687 599/11/687
f 336/482/9 594/481/9 593/473/9 333/476/9
f 566/491/9 308/494/9 307/475/9 567/474/9
f 729/646/9 491/645/9 490/493/9 730/492/9
f 414/650/688 735/649/688 734/109/688 415/108/688
f 276/459/9 570/458/9 569/112/9 273/115/9
f 606/480/9 310/483/9 309/114/9 607/113/9
f 40/209/689 604/208/689 603/535/689 37/534/689
f 574/306/690 10/305/690 9/537/690 575/536/690
f 501/634/9 711/633/9 710/457/9 502/460/9
f 707/629/691 405/628/691 407/308/691 708/307/691
f 84/405/692 612/404/692 611/294/692 81/293/692
f 646/849/692 174/848/692 173/296/692 647/295/692
f 380/520/9 642/519/9 641/495/9 377/498/9
f 614/461/9 348/464/9 347/497/9 615/496/9
f 697/642/9 485/641/9 488/463/9 698/462/9
f 402/290/693 703/289/693 702/403/693 403/402/693
f 272/455/9 618/454/9 617/317/9 269/320/9
f 654/518/9 350/521/9 349/319/9 655/318/9
f 172/851/694 652/850/694 651/236/694 169/235/694
f 622/355/694 80/354/694 79/238/694 623/237/694
f 493/648/9 727/647/9 726/453/9 494/456/9
f 723/652/695 411/651/695 413/357/695 724/356/695
f 408/627/696 719/626/696 718/302/696 409/301/696
f 627/14/697 89/13/697 92/304/697 628/303/697
f 662/344/697 182/343/697 181/16/697 663/15/697
f 384/512/9 658/511/9 657/503/9 381/506/9
f 630/469/9 356/472/9 355/505/9 631/504/9
f 713/636/9 497/635/9 500/471/9 714/470/9
f 180/346/698 668/345/698 667/340/698 177/339/698
f 638/523/698 88/522/698 87/342/698 639/341/698
f 505/638/9 679/637/9 678/1659/9 506/1659/9
f 633/309/9 277/312/9 280/451/9 634/450/9
f 675/1124/699 393/1123/699 395/1902/699 676/1903/699
f 670/510/9 358/513/9 357/311/9 671/310/9
f 771/770/327 742/769/327 741/843/327 772/842/327
f 778/436/328 748/435/328 747/776/328 779/775/328
f 785/766/9 755/765/9 754/772/9 786/771/9
f 796/774/9 764/773/9 763/768/9 793/767/9
f 755/765/198 763/768/198 762/448/198 756/447/198
f 750/855/197 760/854/197 759/779/197 751/778/197
f 742/769/198 754/772/198 753/859/198 740/858/198
f 738/863/197 749/862/197 752/725/197 739/724/197
f 764/773/198 747/776/198 746/847/198 761/846/198
f 757/897/197 745/896/197 744/787/197 758/786/197
f 739/724/327 767/723/327 766/889/327 737/888/327
f 768/244/327 770/243/327 769/796/327 765/795/327
f 743/397/328 776/396/328 775/788/328 744/787/328
f 773/792/328 777/791/328 780/444/328 774/443/328
f 751/778/9 781/777/9 784/726/9 752/725/9
f 782/782/9 788/781/9 787/246/9 783/245/9
f 758/786/9 790/785/9 789/780/9 759/779/9
f 791/442/9 795/441/9 794/784/9 792/783/9
f 795/441/9 780/444/9 779/775/9 796/774/9
f 790/785/9 775/788/9 774/443/9 791/442/9
f 770/243/9 787/246/9 786/771/9 771/770/9
f 767/723/9 784/726/9 783/245/9 768/244/9
f 788/781/9 794/784/9 793/767/9 785/766/9
f 781/777/9 789/780/9 792/783/9 782/782/9
f 66/820/700 22/819/700 21/199/700 67/198/700
f 74/1034/701 28/1033/701 27/816/701 75/815/701
f 18/86/702 64/85/702 63/278/702 19/277/702
f 61/1108/224 65/1107/224 68/240/224 62/239/224
f 812/588/703 70/587/703 69/1098/703 809/1097/703
f 71/1102/222 73/1101/222 76/178/222 72/177/222
f 208/100/704 94/99/704 93/44/704 205/43/704
f 216/881/705 104/880/705 103/837/705 213/836/705
f 224/438/211 830/437/211 829/891/211 221/890/211
f 229/1056/212 840/1055/212 839/869/212 230/868/212
f 844/801/224 847/800/224 846/391/224 841/390/224
f 849/1060/222 856/1059/222 855/427/222 850/426/222
f 831/399/224 843/398/224 842/877/224 832/876/224
f 857/1068/222 852/1067/222 851/366/222 858/365/222
f 848/809/224 838/808/224 837/1076/224 845/1075/224
f 853/1083/222 864/1082/222 863/203/222 854/202/222
f 866/1139/706 204/1138/706 203/1128/706 867/1127/706
f 201/351/212 207/350/212 206/248/212 202/247/212
f 100/1045/707 210/1044/707 209/920/707 97/919/707
f 211/1132/211 215/1131/211 214/191/211 212/190/211
f 859/195/211 218/194/211 217/1015/211 860/1014/211
f 219/1037/211 223/1036/211 222/1027/211 220/1026/211
f 861/1041/212 225/1040/212 228/805/212 862/804/212
f 226/899/212 232/898/212 231/1048/212 227/1047/212
f 472/1221/580 466/1220/580 465/174/580 469/173/580
f 480/1226/581 474/1225/581 473/1023/581 477/1022/581
f 454/907/594 452/906/594 451/1079/594 455/1078/594
f 462/1246/583 460/1245/583 459/873/583 463/872/583
f 101/931/211 453/930/211 456/1030/211 102/1029/211
f 449/939/224 17/938/224 20/252/224 450/251/224
f 23/813/224 461/812/224 464/1087/224 24/1086/224
f 457/1250/212 865/1249/212 868/527/212 458/526/212
f 95/834/212 471/833/212 470/1019/212 96/1018/212
f 467/828/222 811/827/222 810/1064/222 468/1063/222
f 25/928/222 479/927/222 478/387/222 26/386/222
f 475/918/211 99/917/211 98/74/211 476/73/211
f 112/400/9 831/399/9 830/437/9 109/440/9
f 223/1036/9 826/1039/9 825/439/9 224/438/9
f 836/1049/9 231/1048/9 230/868/9 833/871/9
f 838/808/9 118/811/9 117/870/9 839/869/9
f 168/810/9 848/809/9 847/800/9 165/803/9
f 843/398/9 160/401/9 159/802/9 844/801/9
f 156/367/9 851/366/9 850/426/9 153/429/9
f 854/202/9 162/205/9 161/428/9 855/427/9
f 108/196/9 859/195/9 858/365/9 105/368/9
f 862/804/9 116/807/9 115/204/9 863/203/9
f 880/1038/9 219/1037/9 218/194/9 877/197/9
f 227/1047/9 882/1050/9 881/806/9 228/805/9
f 1023/893/211 920/892/211 919/953/211 1024/952/211
f 937/393/224 946/392/224 945/978/224 938/977/224
f 921/879/224 936/878/224 935/912/224 917/911/224
f 943/1077/224 926/1076/224 930/995/224 944/994/224
f 957/1017/211 1031/1016/211 1030/949/211 958/948/211
f 1032/1026/211 1022/1028/211 1021/1000/211 1029/999/211
f 22/819/549 953/822/549 952/814/549 23/813/549
f 1019/101/708 208/100/708 207/350/708 1020/353/708
f 811/827/709 925/827/709 924/589/709 812/588/709
f 940/1102/709 71/1102/709 70/587/709 941/590/709
f 99/917/710 996/917/710 995/1045/710 100/1045/710
f 1006/1133/710 211/1132/710 210/1044/710 1007/1046/710
f 94/99/708 987/102/708 986/835/708 95/834/708
f 1033/1221/711 472/1221/711 471/833/711 1034/833/711
f 1015/882/559 216/881/559 215/1131/559 1016/1134/559
f 466/1220/712 1036/1220/712 1038/828/712 467/828/712
f 220/1026/16 1032/1026/16 1031/1016/16 217/1015/16
f 956/1069/99 857/1068/99 860/1014/99 957/1017/99
f 1039/1226/713 480/1226/713 479/927/713 1040/929/713
f 221/890/16 1023/893/16 1022/1028/16 222/1027/16
f 832/876/58 921/879/58 920/892/58 829/891/58
f 474/1225/714 1042/1225/714 1044/918/714 475/918/714
f 1010/900/12 226/899/12 225/1040/12 1011/1043/12
f 232/898/12 1004/901/12 1003/1057/12 229/1056/12
f 936/878/15 842/877/15 841/390/15 937/393/15
f 852/1067/33 976/1070/33 975/1061/33 849/1060/33
f 48/1210/715 50/1209/715 49/144/715 45/143/715
f 56/1193/716 58/1192/716 57/1114/716 53/1113/716
f 188/374/723 190/373/723 189/326/723 185/325/723
f 196/1120/724 198/1119/724 197/38/724 193/37/724
f 1081/375/739 188/374/739 187/1145/739 1082/1148/739
f 433/613/752 437/612/752 440/915/752 434/914/752
f 438/1313/753 885/1312/753 888/884/753 439/883/753
f 886/362/754 889/361/754 892/1218/754 887/1217/754
f 890/1301/755 436/1300/755 435/661/755 891/660/755
f 893/1273/756 897/1272/756 900/621/756 894/620/756
f 898/1228/757 441/1227/757 444/1223/757 899/1222/757
f 442/1281/758 445/1280/758 448/1236/758 443/1235/758
f 446/1297/759 896/1296/759 895/1289/759 447/1288/759
f 417/609/760 421/608/760 424/654/760 418/653/760
f 422/1317/761 901/1316/761 904/657/761 423/656/761
f 902/903/762 905/902/762 908/1243/762 903/1242/762
f 906/1309/763 420/1308/763 419/631/763 907/630/763
f 909/1277/764 913/1276/764 916/617/764 910/616/764
f 914/1253/765 425/1252/765 428/1248/765 915/1247/765
f 426/1285/766 429/1284/766 432/1261/766 427/1260/766
f 430/1305/767 912/1304/767 911/1293/767 431/1292/767
f 1151/914/752 1153/916/752 1152/1323/752 1148/1322/752
f 1154/885/753 1157/884/753 1156/1367/753 1155/1366/753
f 1158/1217/754 1161/1219/754 1160/1267/754 1159/1266/754
f 1162/660/755 1150/662/755 1149/1395/755 1163/1394/755
f 1167/623/756 1169/622/756 1168/1331/756 1164/1330/756
f 1170/1222/757 1173/1224/757 1172/1379/757 1171/1378/757
f 1174/1235/758 1177/1237/758 1176/1387/758 1175/1386/758
f 1178/1291/759 1166/1290/759 1165/1371/759 1179/1370/759
f 1183/653/760 1185/655/760 1184/1327/760 1180/1326/760
f 1186/659/761 1189/658/761 1188/1335/761 1187/1334/761
f 1190/1242/762 1193/1244/762 1192/1363/762 1191/1362/762
f 1194/630/763 1182/632/763 1181/1271/763 1195/1270/763
f 1199/619/764 1201/618/764 1200/1343/764 1196/1342/764
f 1202/1247/765 1205/1248/765 1204/1383/765 1203/1382/765
f 1206/1263/766 1209/1262/766 1208/1391/766 1207/1390/766
f 1210/1295/767 1198/1294/767 1197/1375/767 1211/1374/767
f 891/660/768 1162/660/768 1161/1219/768 892/1218/768
f 1157/884/769 888/884/769 887/1217/769 1158/1217/769
f 907/630/770 1194/630/770 1193/1244/770 908/1243/770
f 1189/658/771 904/657/771 903/1242/771 1190/1242/771
f 434/914/772 1151/914/772 1150/662/772 435/661/772
f 418/653/773 1183/653/773 1182/632/773 419/631/773
f 899/1222/774 1170/1222/774 1169/622/774 900/621/774
f 1166/1290/775 895/1289/775 894/620/775 1167/623/775
f 915/1247/776 1202/1247/776 1201/618/776 916/617/776
f 1198/1294/777 911/1293/777 910/616/777 1199/619/777
f 443/1235/778 1174/1235/778 1173/1224/778 444/1223/778
f 427/1260/779 1206/1263/779 1205/1248/779 428/1248/779
f 447/1288/780 1178/1291/780 1177/1237/780 448/1236/780
f 431/1292/781 1210/1295/781 1209/1262/781 432/1261/781
f 439/883/782 1154/885/782 1153/916/782 440/915/782
f 423/656/783 1186/659/783 1185/655/783 424/654/783
f 1388/592/807 1377/591/807 1380/1500/807 1389/1503/807
f 1379/1546/808 1381/1545/808 1384/1501/808 1380/1500/808
f 1393/1600/812 1395/1603/812 1398/1397/812 1394/1396/812
f 1397/594/813 1399/593/813 1401/1398/813 1398/1397/813
f 1416/256/815 1405/255/815 1408/1400/815 1417/1403/815
f 1407/1578/816 1409/1577/816 1412/1401/816 1408/1400/816
f 1421/285/820 1423/288/820 1426/1405/820 1422/1404/820
f 1425/258/821 1427/257/821 1429/1406/821 1426/1405/821
f 1480/60/823 1469/59/823 1472/1464/823 1481/1467/823
f 1471/1562/824 1473/1561/824 1476/1465/824 1472/1464/824
f 1485/281/828 1487/284/828 1490/1413/828 1486/1412/828
f 1489/62/829 1491/61/829 1493/1414/829 1490/1413/829
f 1508/80/831 1497/79/831 1500/1416/831 1509/1419/831
f 1499/1594/832 1501/1593/832 1504/1417/832 1500/1416/832
f 1513/51/836 1515/54/836 1518/1421/836 1514/1420/836
f 1517/82/837 1519/81/837 1521/1422/837 1518/1421/837
f 1392/182/839 1257/181/839 1260/1601/839 1393/1600/839
f 1259/1428/840 1261/1431/840 1264/1602/840 1260/1601/840
f 1263/117/841 1396/116/841 1395/1603/841 1264/1602/841
f 1420/150/842 1273/149/842 1276/286/842 1421/285/842
f 1275/1432/843 1277/1435/843 1280/287/843 1276/286/843
f 1279/30/844 1424/29/844 1423/288/844 1280/287/844
f 1442/1802/845 1447/1802/845 1450/1492/845 1443/1495/845
f 1449/1916/846 1329/1917/846 1332/1493/846 1450/1492/846
f 1331/1918/847 1333/1919/847 1336/1494/847 1332/1493/847
f 1335/184/848 1444/183/848 1443/1495/848 1336/1494/848
f 1460/1458/849 1465/1457/849 1468/1556/849 1461/1559/849
f 1467/818/850 1337/817/850 1340/1557/850 1468/1556/850
f 1339/1440/851 1341/1443/851 1344/1558/851 1340/1557/851
f 1343/152/852 1462/151/852 1461/1559/852 1344/1558/852
f 1249/1356/853 1253/1359/853 1256/1544/853 1250/1547/853
f 1255/1445/854 1382/1444/854 1381/1545/854 1256/1544/854
f 1378/128/855 1251/127/855 1250/1547/855 1379/1546/855
f 1265/541/856 1269/544/856 1272/1576/856 1266/1579/856
f 1271/1449/857 1410/1448/857 1409/1577/857 1272/1576/857
f 1406/1091/858 1267/1090/858 1266/1579/858 1407/1578/858
f 1345/1773/859 1349/1920/859 1352/1548/859 1346/1551/859
f 1351/1921/860 1433/1922/860 1436/1549/860 1352/1548/860
f 1435/1923/861 1437/1923/861 1441/1550/861 1436/1549/861
f 1440/1447/862 1347/1446/862 1346/1551/862 1441/1550/862
f 1434/242/863 1448/241/863 1447/1409/863 1435/1408/863
f 1446/1924/864 1438/1798/864 1437/1411/864 1442/1410/864
f 1281/559/865 1285/558/865 1288/1580/865 1282/1583/865
f 1287/1100/866 1451/1099/866 1454/1581/866 1288/1580/866
f 1453/1456/867 1455/1459/867 1459/1582/867 1454/1581/867
f 1458/1451/868 1283/1450/868 1282/1583/868 1459/1582/868
f 1452/180/869 1466/179/869 1465/1457/869 1453/1456/869
f 1484/378/871 1297/377/871 1300/282/871 1485/281/871
f 1299/1468/872 1301/1471/872 1304/283/872 1300/282/872
f 1303/550/873 1488/549/873 1487/284/873 1304/283/873
f 1512/370/874 1313/369/874 1316/52/874 1513/51/874
f 1315/1472/875 1317/1475/875 1320/53/875 1316/52/875
f 1319/570/876 1516/569/876 1515/54/876 1320/53/876
f 1534/1426/877 1539/1425/877 1542/1821/877 1535/1815/877
f 1541/1925/878 1353/1926/878 1356/1453/878 1542/1452/878
f 1355/1927/879 1357/1928/879 1360/1454/879 1356/1453/879
f 1359/380/880 1536/379/880 1535/1455/880 1360/1454/880
f 1552/1829/881 1557/1829/881 1560/1572/881 1553/1575/881
f 1559/1929/882 1361/1930/882 1364/1573/882 1560/1572/882
f 1363/1931/883 1365/1932/883 1368/1574/883 1364/1573/883
f 1367/372/884 1554/371/884 1553/1575/884 1368/1574/884
f 1289/1460/885 1293/1463/885 1296/1560/885 1290/1563/885
f 1295/1485/886 1474/1484/886 1473/1561/886 1296/1560/886
f 1470/336/887 1291/335/887 1290/1563/887 1471/1562/887
f 1305/261/888 1309/264/888 1312/1592/888 1306/1595/888
f 1311/1489/889 1502/1488/889 1501/1593/889 1312/1592/889
f 1498/830/890 1307/829/890 1306/1595/890 1499/1594/890
f 1321/1762/891 1325/1933/891 1328/1564/891 1322/1567/891
f 1327/1934/892 1525/1935/892 1528/1565/892 1328/1564/892
f 1527/1936/893 1529/1936/893 1533/1566/893 1528/1565/893
f 1532/1487/894 1323/1486/894 1322/1567/894 1533/1566/894
f 1526/250/895 1540/249/895 1539/1425/895 1527/1424/895
f 1538/1818/896 1530/1811/896 1529/1427/896 1534/1426/896
f 1369/1789/897 1373/1937/897 1376/1596/897 1370/1599/897
f 1375/1938/898 1543/1939/898 1546/1597/898 1376/1596/898
f 1545/1496/899 1547/1499/899 1551/1828/899 1546/1940/899
f 1550/1491/900 1371/1490/900 1370/1599/900 1551/1598/900
f 1544/193/901 1558/192/901 1557/1497/901 1545/1496/901
f 1556/1941/902 1548/1825/902 1547/1499/902 1552/1498/902
f 1561/543/903 1566/542/903 1569/1504/903 1562/1507/903
f 1568/1258/904 1570/1257/904 1573/1505/904 1569/1504/904
f 1572/1470/905 1574/1469/905 1578/1506/905 1573/1505/905
f 1577/615/906 1563/614/906 1562/1507/906 1578/1506/906
f 1579/1478/907 1584/1477/907 1587/1508/907 1580/1511/907
f 1586/1942/908 1588/1943/908 1591/1509/908 1587/1508/908
f 1590/557/909 1592/560/909 1596/1944/909 1591/1945/909
f 1595/364/910 1581/363/910 1580/1511/910 1596/1510/910
f 1597/1442/911 1602/1441/911 1605/1850/911 1598/1845/911
f 1604/1946/912 1606/1947/912 1609/1513/912 1605/1512/912
f 1608/1540/913 1610/1543/913 1614/1514/913 1609/1513/913
f 1613/1275/914 1599/1274/914 1598/1515/914 1614/1514/914
f 1615/263/915 1620/262/915 1623/1516/915 1616/1519/915
f 1622/1215/916 1624/1214/916 1627/1517/916 1623/1516/916
f 1626/1434/917 1628/1433/917 1632/1518/917 1627/1517/917
f 1631/1283/918 1617/1282/918 1616/1519/918 1632/1518/918
f 1633/1358/919 1638/1357/919 1641/1520/919 1634/1523/919
f 1640/1231/920 1642/1234/920 1645/1521/920 1641/1520/920
f 1644/1948/921 1646/1949/921 1650/1522/921 1645/1521/921
f 1649/611/922 1635/610/922 1634/1523/922 1650/1522/922
f 1651/1482/923 1656/1481/923 1659/1863/923 1652/1858/923
f 1658/1950/924 1660/1951/924 1663/1525/924 1659/1524/924
f 1662/1588/925 1664/1591/925 1668/1526/925 1663/1525/925
f 1667/905/926 1653/904/926 1652/1527/926 1668/1526/926
f 1669/1438/927 1674/1437/927 1677/1528/927 1670/1531/927
f 1676/1952/928 1678/1953/928 1681/1529/928 1677/1528/928
f 1680/21/929 1682/24/929 1686/1530/929 1681/1529/929
f 1685/1279/930 1671/1278/930 1670/1531/930 1686/1530/930
f 1687/1462/931 1692/1461/931 1695/1532/931 1688/1535/931
f 1694/599/932 1696/598/932 1699/1533/932 1695/1532/932
f 1698/1430/933 1700/1429/933 1704/1534/933 1699/1533/933
f 1703/1287/934 1689/1286/934 1688/1535/934 1704/1534/934
f 1314/1537/935 1647/1536/935 1646/1473/935 1315/1472/935
f 1643/92/936 1318/91/936 1317/1475/936 1644/1474/936
f 1362/1954/937 1657/1861/937 1656/1481/937 1363/1480/937
f 1655/1539/938 1366/1538/938 1365/1483/938 1651/1482/938
f 1252/66/939 1639/65/939 1638/1357/939 1249/1356/939
f 1637/266/940 1254/265/940 1253/1359/940 1633/1358/940
f 1661/1955/941 1350/1776/941 1349/1589/941 1662/1588/941
f 1348/268/942 1665/267/942 1664/1591/942 1345/1590/942
f 1258/1553/943 1701/1552/943 1700/1429/943 1259/1428/943
f 1697/48/944 1262/47/944 1261/1431/944 1698/1430/944
f 1330/1956/941 1675/1867/941 1674/1437/941 1331/1436/941
f 1673/1555/942 1334/1554/942 1333/1439/942 1669/1438/942
f 1292/935/945 1693/934/945 1692/1461/945 1289/1460/945
f 1691/56/946 1294/55/946 1293/1463/946 1687/1462/946
f 1679/1957/947 1326/1765/947 1325/22/947 1680/21/947
f 1324/58/948 1683/57/948 1682/24/948 1321/23/948
f 1298/1569/949 1575/1568/949 1574/1469/949 1299/1468/949
f 1571/576/950 1302/575/950 1301/1471/950 1572/1470/950
f 1354/1958/947 1585/1835/947 1584/1477/947 1355/1476/947
f 1583/1571/948 1358/1570/948 1357/1479/948 1579/1478/948
f 1268/566/951 1567/565/951 1566/542/951 1265/541/951
f 1565/26/952 1270/25/952 1269/544/952 1561/543/952
f 1589/1066/953 1286/1065/953 1285/558/953 1590/557/953
f 1284/28/954 1593/27/954 1592/560/954 1281/559/954
f 1274/1585/955 1629/1584/955 1628/1433/955 1275/1432/955
f 1625/96/956 1278/95/956 1277/1435/956 1626/1434/956
f 1338/389/953 1603/388/953 1602/1441/953 1339/1440/953
f 1601/1587/954 1342/1586/954 1341/1443/954 1597/1442/954
f 1308/270/957 1621/269/957 1620/262/957 1305/261/957
f 1619/34/958 1310/33/958 1309/264/958 1615/263/958
f 1607/1959/937 1374/1792/937 1373/1541/937 1608/1540/937
f 1372/36/938 1611/35/938 1610/1543/938 1369/1542/938
f 1347/1446/959 1255/1445/959 1254/265/959 1348/268/959
f 1636/1311/960 1666/1310/960 1665/267/960 1637/266/960
f 314/67/1 1252/66/1 1251/127/1 315/130/1
f 1377/591/1 338/596/1 337/129/1 1378/128/1
f 537/1232/1 1640/1231/1 1639/65/1 538/68/1
f 320/595/1 1397/594/1 1396/116/1 317/119/1
f 1262/47/1 282/50/1 281/118/1 1263/117/1
f 1696/598/1 515/597/1 514/49/1 1697/48/1
f 1334/1554/962 1258/1553/962 1257/181/962 1335/184/962
f 1672/1307/964 1702/1306/964 1701/1552/964 1673/1555/964
f 322/567/1 1268/566/1 1267/1090/1 323/1093/1
f 1405/255/1 342/260/1 341/1092/1 1406/1091/1
f 1283/1450/965 1271/1449/965 1270/25/965 1284/28/965
f 1564/1303/966 1594/1302/966 1593/27/966 1565/26/966
f 525/1259/1 1568/1258/1 1567/565/1 526/568/1
f 328/259/1 1425/258/1 1424/29/1 325/32/1
f 1278/95/1 290/98/1 289/31/1 1279/30/1
f 1624/1214/1 531/1213/1 530/97/1 1625/96/1
f 1342/1586/968 1274/1585/968 1273/149/968 1343/152/968
f 1600/1299/970 1630/1298/970 1629/1584/970 1601/1587/970
f 1286/1065/9 810/1064/9 809/1097/9 1287/1100/9
f 72/177/9 1452/180/9 1451/1099/9 69/1098/9
f 1588/175/9 465/174/9 468/1063/9 1589/1066/9
f 362/936/1 1292/935/1 1291/335/1 363/338/1
f 1469/59/1 386/64/1 385/337/1 1470/336/1
f 1323/1486/971 1295/1485/971 1294/55/971 1324/58/971
f 1690/1255/972 1684/1254/972 1683/57/972 1691/56/972
f 517/600/1 1694/599/1 1693/934/1 518/937/1
f 1358/1570/974 1298/1569/974 1297/377/974 1359/380/974
f 1582/1315/976 1576/1314/976 1575/1568/976 1583/1571/976
f 368/63/1 1489/62/1 1488/549/1 365/552/1
f 1302/575/1 286/578/1 285/551/1 1303/550/1
f 1570/1257/1 521/1256/1 524/577/1 1571/576/1
f 1310/33/978 1372/36/978 1371/1490/978 1311/1489/978
f 370/271/1 1308/270/1 1307/829/1 371/832/1
f 1497/79/1 390/84/1 389/831/1 1498/830/1
f 533/1216/1 1622/1215/1 1621/269/1 534/272/1
f 1618/1230/979 1612/1229/979 1611/35/979 1619/34/979
f 376/83/1 1517/82/1 1516/569/1 373/572/1
f 1318/91/1 294/94/1 293/571/1 1319/570/1
f 1642/1234/1 541/1233/1 544/1659/1 1643/1659/1
f 1366/1538/980 1314/1537/980 1313/369/980 1367/372/980
f 1654/1319/982 1648/1318/982 1647/1659/982 1655/1659/982
f 1326/528/9 868/527/9 867/1127/9 1327/1130/9
f 202/247/9 1526/250/9 1525/1129/9 203/1128/9
f 1678/874/9 459/873/9 458/526/9 1679/529/9
f 1448/241/9 68/240/9 67/198/9 1449/201/9
f 24/1086/9 1330/1089/9 1329/200/9 21/199/9
f 463/872/9 1676/875/9 1675/1088/9 464/1087/9
f 1466/179/9 76/178/9 75/815/9 1467/818/9
f 26/386/9 1338/389/9 1337/817/9 27/816/9
f 477/1022/9 1604/1025/9 1603/388/9 478/387/9
f 1350/253/9 20/252/9 19/277/9 1351/280/9
f 62/239/9 1434/242/9 1433/279/9 63/278/9
f 1660/1080/9 451/1079/9 450/251/9 1661/254/9
f 1540/249/9 206/248/9 205/43/9 1541/46/9
f 96/1018/9 1354/1021/9 1353/45/9 93/44/9
f 469/173/9 1586/176/9 1585/1020/9 470/1019/9
f 1558/192/9 214/191/9 213/836/9 1559/839/9
f 102/1029/9 1362/1032/9 1361/838/9 103/837/9
f 455/1078/9 1658/1081/9 1657/1031/9 456/1030/9
f 1374/75/9 98/74/9 97/919/9 1375/922/9
f 212/190/9 1544/193/9 1543/921/9 209/920/9
f 1606/1024/9 473/1023/9 476/73/9 1607/76/9
f 1399/593/984 1388/592/984 1390/147/984 1400/146/984
f 1427/257/986 1416/256/986 1418/1117/986 1428/1116/986
f 1519/81/988 1508/80/988 1510/41/988 1520/40/988
f 1576/1314/797 438/1313/797 437/612/797 1577/615/797
f 436/1300/38 1564/1303/38 1563/614/38 433/613/38
f 889/361/38 1595/364/38 1594/1302/38 890/1301/38
f 1581/363/38 886/362/38 885/1312/38 1582/1315/38
f 1612/1229/113 898/1228/113 897/1272/113 1613/1275/113
f 896/1296/113 1600/1299/113 1599/1274/113 893/1273/113
f 445/1280/113 1631/1283/113 1630/1298/113 446/1297/113
f 1617/1282/989 442/1281/989 441/1227/989 1618/1230/989
f 1648/1318/800 422/1317/800 421/608/800 1649/611/800
f 420/1308/55 1636/1311/55 1635/610/55 417/609/55
f 905/902/55 1667/905/55 1666/1310/55 906/1309/55
f 1653/904/55 902/903/55 901/1316/55 1654/1319/55
f 1684/1254/118 914/1253/118 913/1276/118 1685/1279/118
f 912/1304/118 1672/1307/118 1671/1278/118 909/1277/118
f 429/1284/118 1703/1287/118 1702/1306/118 430/1305/118
f 1689/1286/990 426/1285/990 425/1252/990 1690/1255/990
f 400/1647/1 404/1888/1 83/1879/1 125/1629/1 1/1604/1
f 1705/1960/991 1706/1961/991 1710/1961/991 1709/1960/991
f 1706/1961/992 1705/1960/992 1708/1962/992 1718/1963/992
f 1707/1964/993 1705/1960/993 1709/1960/993 1711/1964/993
f 1705/1960/992 1707/1964/992 1717/1965/992 1708/1962/992
f 1710/1961/992 1712/1966/992 1711/1964/992 1709/1960/992
f 1713/1966/994 1707/1964/994 1711/1964/994 1712/1966/994
f 1706/1961/995 1713/1966/995 1712/1966/995 1710/1961/995
f 1707/1964/992 1713/1966/992 1714/1967/992 1717/1965/992
f 1713/1966/992 1706/1961/992 1718/1963/992 1714/1967/992
f 2087/1968/996 2073/1969/996 1717/1965/996 1714/1967/996
f 1774/1970/997 2087/1971/997 1714/1972/997 1716/1973/997
f 1714/1972/998 1718/1963/998 1719/1974/998 1716/1973/998
f 1744/1975/1 1743/1976/1 1734/1977/1 1720/1978/1 1719/1979/1 1718/1980/1 1708/1981/1 1745/1982/1
f 1722/1983/999 1721/1984/999 1719/1974/999 1720/1985/999
f 1721/1984/999 1723/1986/999 1716/1987/999 1719/1974/999
f 1721/1984/1000 1722/1983/1000 1725/1983/1000 1724/1984/1000
f 1723/1986/1001 1721/1984/1001 1724/1984/1001 1726/1986/1001
f 1725/1983/999 1727/1988/999 1726/1986/999 1724/1984/999
f 1728/1988/1002 1723/1986/1002 1726/1986/1002 1727/1988/1002
f 1722/1983/1003 1728/1988/1003 1727/1988/1003 1725/1983/1003
f 1723/1986/999 1728/1988/999 1729/1989/999 1716/1987/999
f 1728/1988/999 1722/1983/999 1720/1985/999 1729/1989/999
f 1716/1987/1004 1729/1989/1004 2088/1990/1004 1774/1991/1004
f 2082/1992/1005 2088/1993/1005 1729/1994/1005 1731/1995/1005
f 1729/1994/1006 1720/1985/1006 1734/1996/1006 1731/1995/1006
f 1731/1997/1007 1733/1998/1007 1767/1999/1007 2082/2000/1007
f 1735/2001/1008 1736/2002/1008 1733/1998/1008 1731/1997/1008
f 1737/2003/1008 1735/2001/1008 1731/1997/1008 1734/1996/1008
f 1736/2002/1009 1735/2001/1009 1738/2001/1009 1739/2002/1009
f 1735/2001/1010 1737/2003/1010 1740/2003/1010 1738/2001/1010
f 1741/2004/1008 1739/2002/1008 1738/2001/1008 1740/2003/1008
f 1737/2003/1011 1742/2004/1011 1741/2004/1011 1740/2003/1011
f 1742/2004/1012 1736/2002/1012 1739/2002/1012 1741/2004/1012
f 1742/2004/1008 1737/2003/1008 1734/1996/1008 1743/2005/1008
f 1736/2002/1008 1742/2004/1008 1743/2005/1008 1733/1998/1008
f 1733/1998/1013 1743/2005/1013 1744/2006/1013 1746/2007/1013
f 1748/2008/1014 1747/2009/1014 1744/2006/1014 1745/2010/1014
f 1747/2009/1014 1749/2011/1014 1746/2012/1014 1744/2006/1014
f 1747/2009/1015 1748/2008/1015 1751/2008/1015 1750/2009/1015
f 1749/2011/1016 1747/2009/1016 1750/2009/1016 1752/2011/1016
f 1751/2008/1014 1753/2013/1014 1752/2011/1014 1750/2009/1014
f 1754/2013/1017 1749/2011/1017 1752/2011/1017 1753/2013/1017
f 1748/2008/1018 1754/2013/1018 1753/2013/1018 1751/2008/1018
f 1749/2011/1014 1754/2013/1014 1755/2014/1014 1746/2012/1014
f 1754/2013/1014 1748/2008/1014 1745/2010/1014 1755/2014/1014
f 2074/2015/1019 2075/2016/1019 1746/2012/1019 1755/2014/1019
f 2073/2017/1020 2074/2018/1020 1755/2014/1020 1717/2019/1020
f 1708/2020/1021 1717/2019/1021 1755/2014/1021 1745/2010/1021
f 1758/2021/12 1756/2022/12 2089/2022/12 2092/2021/12
f 1766/2023/54 1769/2024/54 2098/2024/54 2095/2023/54
f 1760/2025/212 1763/2026/212 2078/2027/212 1759/2028/212
f 1776/2029/583 1760/2030/583 1759/2028/583 2077/2031/583
f 1763/2026/580 1765/2032/580 2079/2033/580 2078/2027/580
f 1730/2034/99 1732/2035/99 2096/2035/99 2097/2034/99
f 2080/2036/222 2079/2033/222 1765/2032/222 1768/2037/222
f 1756/2022/54 1757/2038/54 2103/2038/54 2089/2022/54
f 2075/2039/1022 1767/2040/1022 1733/1998/1022 1746/2007/1022
f 1768/2041/581 1770/2042/581 2083/2043/581 2080/2036/581
f 1732/2035/33 2081/2044/33 2093/2044/33 2096/2035/33
f 2084/2045/211 2083/2046/211 1770/2042/211 1772/2047/211
f 1757/2038/15 1715/2048/15 2101/2048/15 2103/2038/15
f 1772/2047/594 1775/2049/594 2085/2050/594 2084/2045/594
f 2081/2044/53 1758/2021/53 2092/2021/53 2093/2044/53
f 1775/2051/224 1776/2052/224 2077/2053/224 2085/2050/224
f 1773/2054/33 1761/2055/33 2104/2055/33 2102/2054/33
f 1775/2049/58 1772/2047/58 1778/2047/58 1777/2049/58
f 1776/2052/15 1775/2051/15 1777/2049/15 1779/2056/15
f 1760/2030/54 1776/2029/54 1779/2056/54 1785/2030/54
f 1763/2026/12 1760/2025/12 1785/2030/12 1786/2026/12
f 1765/2032/53 1763/2026/53 1786/2026/53 1787/2032/53
f 1768/2037/33 1765/2032/33 1787/2032/33 1788/2037/33
f 1770/2042/99 1768/2041/99 1788/2037/99 1792/2042/99
f 1772/2047/16 1770/2042/16 1792/2042/16 1778/2047/16
f 1789/2062/15 1857/2062/15 1865/2065/15 1790/2063/15
f 1856/2061/16 1903/2066/16 1809/2060/16 1808/2061/16
f 1794/2058/1023 1793/2057/1023 1796/2057/1023 1797/2058/1023
f 1793/2057/1024 1795/2064/1024 1798/2064/1024 1796/2057/1024
f 1799/2067/9 1800/2068/9 1797/2058/9 1796/2057/9
f 1801/2069/9 1799/2067/9 1796/2057/9 1798/2064/9
f 1802/2070/9 1801/2069/9 1798/2064/9 1804/2063/9
f 1803/2071/9 1802/2070/9 1804/2063/9 1805/2062/9
f 1795/2064/1025 1806/2063/1025 1804/2063/1025 1798/2064/1025
f 1806/2063/1026 1807/2062/1026 1805/2062/1026 1804/2063/1026
f 1791/2064/54 1790/2063/54 1865/2063/54 1873/2064/54
f 1791/2064/12 1873/2072/12 1881/2073/12 1781/2057/12
f 1780/2058/53 1781/2057/53 1881/2057/53 1889/2074/53
f 1782/2059/33 1780/2058/33 1889/2058/33 1905/2059/33
f 1807/2062/1027 1808/2061/1027 1810/2061/1027 1805/2062/1027
f 1808/2061/1028 1809/2060/1028 1811/2060/1028 1810/2061/1028
f 1812/2075/9 1803/2071/9 1805/2062/9 1810/2061/9
f 1813/2076/9 1812/2075/9 1810/2061/9 1811/2060/9
f 1802/2070/33 1803/2071/33 2117/2071/33 2116/2070/33
f 1814/2077/9 1813/2076/9 1811/2060/9 1815/2059/9
f 1800/2068/9 1814/2077/9 1815/2059/9 1797/2058/9
f 1809/2060/1029 1816/2059/1029 1815/2059/1029 1811/2060/1029
f 1816/2059/1030 1794/2058/1030 1797/2058/1030 1815/2059/1030
f 1783/2060/99 1782/2059/99 1905/2059/99 1898/2078/99
f 1897/2080/99 1906/2059/99 1907/2059/99 1900/2078/99
f 1899/2078/99 1908/2059/99 1909/2059/99 1902/2066/99
f 1901/2066/99 1910/2059/99 1911/2059/99 1904/2066/99
f 1903/2081/99 1912/2059/99 1816/2059/99 1809/2060/99
f 1906/2059/33 1890/2074/33 1891/2058/33 1907/2059/33
f 1908/2059/33 1892/2074/33 1893/2074/33 1909/2059/33
f 1910/2059/33 1894/2082/33 1895/2074/33 1911/2059/33
f 1912/2059/33 1896/2074/33 1794/2058/33 1816/2059/33
f 1890/2058/53 1882/2073/53 1883/2057/53 1891/2074/53
f 1892/2058/53 1884/2073/53 1885/2073/53 1893/2074/53
f 1894/2074/53 1886/2073/53 1887/2073/53 1895/2082/53
f 1896/2074/53 1888/2073/53 1793/2057/53 1794/2058/53
f 1874/2064/12 1875/2064/12 1883/2073/12 1882/2057/12
f 1876/2083/12 1877/2083/12 1885/2073/12 1884/2057/12
f 1878/2083/12 1879/2083/12 1887/2073/12 1886/2073/12
f 1880/2083/12 1795/2064/12 1793/2057/12 1888/2073/12
f 1874/2072/54 1866/2065/54 1867/2063/54 1875/2064/54
f 1876/2064/54 1868/2063/54 1869/2063/54 1877/2083/54
f 1878/2083/54 1870/2063/54 1871/2063/54 1879/2083/54
f 1880/2083/54 1872/2063/54 1806/2063/54 1795/2064/54
f 1858/2084/15 1859/2084/15 1867/2063/15 1866/2063/15
f 1860/2084/15 1861/2084/15 1869/2063/15 1868/2063/15
f 1862/2062/15 1863/2062/15 1871/2063/15 1870/2063/15
f 1864/2062/15 1807/2062/15 1806/2063/15 1872/2063/15
f 1850/2061/16 1897/2078/16 1900/2080/16 1851/2079/16
f 1789/2062/58 1784/2061/58 1849/2061/58 1857/2084/58
f 1854/2061/16 1901/2066/16 1904/2066/16 1855/2079/16
f 1864/2062/58 1856/2079/58 1808/2061/58 1807/2062/58
f 1858/2084/58 1850/2079/58 1851/2061/58 1859/2084/58
f 1852/2061/16 1899/2066/16 1902/2081/16 1853/2079/16
f 1860/2062/58 1852/2079/58 1853/2061/58 1861/2062/58
f 1862/2062/58 1854/2079/58 1855/2061/58 1863/2062/58
f 1886/2073/1 1894/2074/1 1967/2074/1 1966/2073/1
f 1863/2062/9 1855/2061/9 1943/2061/9 2000/2062/9
f 1877/2083/9 1869/2063/9 1925/2063/9 1962/2083/9
f 1856/2079/1 1864/2062/1 1999/2062/1 1944/2079/1
f 1900/2078/9 1907/2059/9 1971/2059/9 1841/2078/9
f 1891/2074/9 1883/2057/9 1950/2057/9 1949/2074/9
f 1870/2063/1 1878/2083/1 1918/2083/1 1956/2063/1
f 1884/2073/1 1892/2058/1 1829/2058/1 1964/2073/1
f 1861/2062/9 1853/2061/9 1941/2061/9 1933/2062/9
f 1908/2059/1 1899/2078/1 1842/2078/1 1843/2059/1
f 1875/2064/9 1867/2063/9 1958/2063/9 1957/2064/9
f 1854/2079/1 1862/2062/1 1955/2062/1 1942/2079/1
f 1889/2074/9 1881/2057/9 1947/2057/9 1968/2074/9
f 1868/2063/1 1876/2064/1 1963/2064/1 1924/2063/1
f 1898/2078/9 1905/2059/9 1848/2059/9 1975/2078/9
f 1882/2073/1 1890/2058/1 1972/2058/1 1823/2073/1
f 1859/2084/9 1851/2061/9 2004/2061/9 1931/2084/9
f 1873/2064/9 1865/2063/9 1989/2063/9 1948/2064/9
f 1852/2079/1 1860/2062/1 1932/2062/1 2003/2079/1
f 1906/2059/1 1897/2080/1 1846/2080/1 1847/2059/1
f 1911/2059/9 1895/2074/9 1965/2074/9 1954/2059/9
f 1866/2065/1 1874/2072/1 1960/2072/1 1959/2065/1
f 1896/2074/1 1912/2059/1 1970/2059/1 1969/2074/1
f 1857/2084/9 1849/2061/9 2002/2061/9 1929/2084/9
f 1887/2073/9 1879/2083/9 1946/2083/9 1945/2073/9
f 1850/2079/1 1858/2084/1 1930/2084/1 2001/2079/1
f 1909/2059/9 1893/2074/9 1952/2074/9 1951/2059/9
f 1880/2083/1 1888/2073/1 1817/2073/1 1920/2083/1
f 1894/2082/1 1910/2059/1 1839/2059/1 1967/2082/1
f 1871/2063/9 1863/2062/9 2000/2062/9 1927/2063/9
f 1885/2073/9 1877/2083/9 1962/2083/9 1961/2073/9
f 1864/2062/1 1872/2063/1 1928/2063/1 1999/2062/1
f 1784/2061/16 1783/2060/16 1898/2080/16 1849/2079/16
f 1910/2059/1 1901/2066/1 1838/2066/1 1839/2059/1
f 1897/2078/1 1850/2061/1 2001/2061/1 1846/2078/1
f 1872/2063/1 1880/2083/1 1920/2083/1 1928/2063/1
f 1893/2074/9 1885/2073/9 1961/2073/9 1952/2074/9
f 1849/2079/9 1898/2080/9 1975/2080/9 2002/2079/9
f 1879/2083/9 1871/2063/9 1927/2063/9 1946/2083/9
f 1902/2066/9 1909/2059/9 1951/2059/9 1837/2066/9
f 1899/2066/1 1852/2061/1 2003/2061/1 1842/2066/1
f 1888/2073/1 1896/2074/1 1969/2074/1 1817/2073/1
f 1851/2079/9 1900/2080/9 1841/2080/9 2004/2079/9
f 1858/2084/1 1866/2063/1 1959/2063/1 1930/2084/1
f 1895/2082/9 1887/2073/9 1945/2073/9 1965/2082/9
f 1912/2059/1 1903/2081/1 1974/2081/1 1970/2059/1
f 1901/2066/1 1854/2061/1 1942/2061/1 1838/2066/1
f 1865/2065/9 1857/2062/9 1929/2062/9 1989/2065/9
f 1853/2079/9 1902/2081/9 1837/2081/9 1941/2079/9
f 1874/2064/1 1882/2057/1 1823/2057/1 1960/2064/1
f 1904/2066/9 1911/2059/9 1954/2059/9 1953/2066/9
f 1903/2066/1 1856/2061/1 1944/2061/1 1974/2066/1
f 1860/2084/1 1868/2063/1 1924/2063/1 1932/2084/1
f 1881/2073/9 1873/2072/9 1948/2072/9 1947/2073/9
f 1855/2079/9 1904/2066/9 1953/2066/9 1943/2079/9
f 1867/2063/9 1859/2084/9 1931/2084/9 1958/2063/9
f 1890/2074/1 1906/2059/1 1847/2059/1 1972/2074/1
f 1876/2083/1 1884/2057/1 1964/2057/1 1963/2083/1
f 1905/2059/9 1889/2058/9 1968/2058/9 1848/2059/9
f 1862/2062/1 1870/2063/1 1956/2063/1 1955/2062/1
f 1883/2073/9 1875/2064/9 1957/2064/9 1950/2073/9
f 1869/2063/9 1861/2084/9 1933/2084/9 1925/2063/9
f 1892/2074/1 1908/2059/1 1843/2059/1 1829/2074/1
f 1878/2083/1 1886/2073/1 1966/2073/1 1918/2083/1
f 1907/2059/9 1891/2058/9 1949/2058/9 1971/2059/9
f 1757/2038/9 1756/2022/9 2074/2085/9 2073/2086/9
f 1756/2022/9 1758/2021/9 2075/2087/9 2074/2088/9
f 2076/2089/9 1761/2055/9 2077/2031/9 1759/2028/9
f 1762/2090/9 2076/2089/9 1759/2028/9 2078/2027/9
f 1764/2091/9 1762/2090/9 2078/2027/9 2079/2033/9
f 1766/2023/9 1764/2091/9 2079/2033/9 2080/2036/9
f 1758/2021/9 2081/2044/9 1767/2092/9 2075/2093/9
f 2081/2044/9 1732/2035/9 2082/2094/9 1767/2092/9
f 1769/2024/9 1766/2023/9 2080/2036/9 2083/2043/9
f 1771/2095/9 1769/2024/9 2083/2046/9 2084/2045/9
f 1773/2054/9 1771/2095/9 2084/2045/9 2085/2050/9
f 2086/2096/9 1715/2048/9 2087/2097/9 1774/1991/9
f 1730/2034/9 2086/2096/9 1774/1991/9 2088/1990/9
f 1761/2055/9 1773/2054/9 2085/2050/9 2077/2053/9
f 1715/2048/9 1757/2038/9 2073/2098/9 2087/2097/9
f 1732/2035/9 1730/2034/9 2088/2099/9 2082/2100/9
f 1769/2024/12 1771/2095/12 2100/2095/12 2098/2024/12
f 1761/2055/99 2076/2089/99 2090/2089/99 2104/2055/99
f 1771/2095/53 1773/2054/53 2102/2054/53 2100/2095/53
f 2076/2089/16 1762/2090/16 2091/2090/16 2090/2089/16
f 1715/2048/58 2086/2096/58 2099/2096/58 2101/2048/58
f 1762/2090/58 1764/2091/58 2094/2091/58 2091/2090/58
f 2086/2096/16 1730/2034/16 2097/2034/16 2099/2096/16
f 1764/2091/15 1766/2023/15 2095/2023/15 2094/2091/15
f 1799/2067/16 1801/2069/16 2115/2069/16 2113/2067/16
f 1814/2077/15 1800/2068/15 2114/2068/15 2120/2077/15
f 1812/2075/12 1813/2076/12 2119/2076/12 2118/2075/12
f 1801/2069/99 1802/2070/99 2116/2070/99 2115/2069/99
f 1800/2068/58 1799/2067/58 2113/2067/58 2114/2068/58
f 1813/2076/54 1814/2077/54 2120/2077/54 2119/2076/54
f 1803/2071/53 1812/2075/53 2118/2075/53 2117/2071/53
f 2123/2109/9 2288/2110/9 2177/2111/9 2444/2112/9 2446/2113/9
f 2122/2114/9 2172/2115/9 2174/2116/9 2440/2117/9 2442/2118/9
f 2124/2119/9 2169/2120/9 2171/2121/9 2434/2122/9 2438/2123/9
f 2174/2116/9 2285/2124/9 2124/2119/9 2438/2123/9 2440/2117/9
f 2180/2125/9 2179/2126/9 2123/2109/9 2446/2113/9 2448/2127/9
f 2177/2128/9 2176/2129/9 2122/2114/9 2442/2118/9 2444/2130/9
f 2121/2131/9 2286/2132/9 2180/2125/9 2448/2127/9 2435/2133/9
f 2183/2131/1031 2182/2138/1031 2125/2139/1031 2129/2139/1031 2130/2131/1031
f 2127/2144/1032 2190/2152/1032 2192/2109/1032 2135/2109/1032 2134/2144/1032
f 2135/2109/99 2136/2141/99 2151/2153/99 2149/2136/99
f 2126/2147/1033 2278/2154/1033 2189/2114/1033 2133/2114/1033 2132/2147/1033
f 2125/2139/1034 2184/2149/1034 2187/2119/1034 2131/2119/1034 2129/2139/1034
f 2129/2139/12 2131/2119/12 2405/2119/12 2137/2139/12
f 2133/2114/58 2134/2144/58 2147/2144/58 2409/2158/58
f 2136/2141/33 2130/2131/33 2140/2131/33 2151/2141/33
f 2134/2144/16 2135/2109/16 2149/2109/16 2147/2159/16
f 2132/2147/15 2133/2114/15 2409/2114/15 2143/2147/15
f 2131/2119/54 2132/2147/54 2143/2147/54 2405/2162/54
f 2411/2163/1036 2410/2164/1036 2426/2164/1036 2428/2163/1036
f 2416/2165/1037 2403/2166/1037 2420/2166/1037 2431/2165/1037
f 2401/2167/1038 2154/2168/1038 2419/2168/1038 2418/2167/1038
f 2410/2164/1039 2407/2169/1039 2424/2169/1039 2426/2164/1039
f 2154/2168/1040 2415/2170/1040 2432/2170/1040 2419/2168/1040
f 2408/2171/1041 2145/2172/1041 2425/2172/1041 2423/2171/1041
f 2414/2173/1042 2416/2165/1042 2431/2165/1042 2429/2173/1042
f 2141/2174/1043 2408/2171/1043 2423/2171/1043 2421/2174/1043
f 2130/2131/53 2129/2139/53 2137/2139/53 2140/2131/53
f 2138/2175/1044 2139/2176/1044 2402/2177/1044 2153/2178/1044
f 2142/2179/1045 2138/2175/1045 2153/2178/1045 2155/2180/1045
f 2144/2181/1046 2142/2179/1046 2155/2180/1046 2156/2182/1046
f 2146/2183/1047 2144/2181/1047 2156/2182/1047 2157/2184/1047
f 2148/2185/1048 2146/2183/1048 2157/2184/1048 2158/2186/1048
f 2150/2160/1049 2148/2185/1049 2158/2186/1049 2159/2187/1049
f 2152/2161/1050 2150/2160/1050 2159/2187/1050 2160/2188/1050
f 2139/2176/1051 2152/2161/1051 2160/2188/1051 2402/2177/1051
f 2298/2119/1059 2400/2119/1059 2297/2149/1059 2327/2139/1059 2328/2139/1059
f 2441/2199/1 2439/2200/1 2485/2200/1 2486/2199/1
f 2128/2141/1060 2181/2205/1060 2183/2131/1060 2130/2131/1060 2136/2141/1060
f 2439/2200/16 2108/2200/16 2477/2200/16 2485/2200/16
f 2192/2109/1061 2191/2142/1061 2128/2141/1061 2136/2141/1061 2135/2109/1061
f 2189/2114/1062 2282/2145/1062 2127/2144/1062 2134/2144/1062 2133/2114/1062
f 2187/2206/1063 2186/2148/1063 2126/2147/1063 2132/2147/1063 2131/2119/1063
f 2437/2207/1 2433/2208/1 2483/2208/1 2484/2207/1
f 2447/2209/12 2112/2210/12 2482/2210/12 2489/2209/12
f 2275/2211/1064 2181/2205/1064 2300/2205/1064 2383/2211/1064
f 2181/2155/1065 2253/2140/1065 2301/2140/1065 2300/2155/1065
f 2223/2206/1066 2239/2193/1066 2339/2193/1066 2337/2206/1066
f 2193/2198/1067 2211/2114/1067 2373/2114/1067 2363/2198/1067
f 2276/2144/1 2288/2110/1 2395/2110/1 2388/2144/1
f 2224/2212/1068 2222/2147/1068 2325/2147/1068 2338/2212/1068
f 2182/2138/1069 2275/2211/1069 2383/2211/1069 2384/2138/1069
f 2214/2213/1070 2210/2114/1070 2370/2114/1070 2372/2213/1070
f 2277/2153/1 2286/2132/1 2396/2132/1 2387/2153/1
f 2221/2214/1071 2223/2146/1071 2337/2146/1071 2324/2214/1071
f 2209/2215/1072 2213/2191/1072 2371/2191/1072 2369/2215/1072
f 2284/2139/1 2169/2120/1 2289/2120/1 2391/2139/1
f 2185/2119/1073 2186/2148/1073 2299/2148/1073 2298/2119/1073
f 2238/2216/1074 2226/2146/1074 2334/2146/1074 2336/2216/1074
f 2210/2114/1075 2196/2198/1075 2360/2198/1075 2370/2114/1075
f 2225/2146/1066 2237/2193/1066 2335/2193/1066 2333/2146/1066
f 2195/2217/1076 2209/2114/1076 2369/2114/1076 2359/2217/1076
f 2226/2206/1077 2220/2147/1077 2332/2147/1077 2334/2206/1077
f 2216/2218/1070 2208/2114/1070 2366/2114/1070 2368/2218/1070
f 2283/2147/1 2172/2115/1 2291/2115/1 2389/2147/1
f 2219/2219/1071 2225/2146/1071 2333/2146/1071 2331/2219/1071
f 2207/2158/1072 2215/2191/1072 2367/2191/1072 2365/2158/1072
f 2178/2141/1078 2179/2204/1078 2296/2204/1078 2295/2141/1078
f 2220/2147/1070 2204/2143/1070 2330/2143/1070 2332/2147/1070
f 2208/2158/1075 2198/2157/1075 2356/2157/1075 2366/2158/1075
f 2273/2220/1079 2184/2149/1079 2297/2149/1079 2400/2220/1079
f 2175/2157/1080 2176/2196/1080 2294/2196/1080 2293/2157/1080
f 2203/2197/1072 2219/2147/1072 2331/2147/1072 2329/2197/1072
f 2197/2159/1076 2207/2114/1076 2365/2114/1076 2355/2159/1076
f 2274/2221/1081 2278/2154/1081 2397/2154/1081 2399/2221/1081
f 2204/2197/1082 2202/2157/1082 2323/2157/1082 2330/2197/1082
f 2194/2222/1083 2266/2109/1083 2362/2109/1083 2364/2222/1083
f 2186/2148/1084 2273/2220/1084 2400/2220/1084 2299/2148/1084
f 2282/2145/1085 2274/2221/1085 2399/2221/1085 2398/2145/1085
f 2201/2144/1076 2203/2143/1076 2329/2143/1076 2322/2144/1076
f 2265/2136/1086 2193/2198/1086 2363/2198/1086 2361/2136/1086
f 2242/2139/1087 2185/2119/1087 2298/2119/1087 2328/2139/1087
f 2266/2136/1088 2260/2140/1088 2352/2140/1088 2362/2136/1088
f 2184/2149/1089 2241/2139/1089 2327/2139/1089 2297/2149/1089
f 2259/2223/1090 2265/2109/1090 2361/2109/1090 2351/2223/1090
f 2222/2147/1091 2188/2114/1091 2326/2114/1091 2325/2147/1091
f 2196/2224/1083 2268/2109/1083 2358/2109/1083 2360/2224/1083
f 2267/2225/1086 2195/2144/1086 2359/2144/1086 2357/2225/1086
f 2190/2150/1092 2201/2144/1092 2322/2144/1092 2321/2150/1092
f 2191/2142/1093 2192/2109/1093 2190/2152/1093 2280/2226/1093
f 2268/2109/1088 2258/2153/1088 2348/2153/1088 2358/2109/1088
f 2264/2136/1088 2262/2141/1088 2318/2141/1088 2320/2136/1088
f 2286/2132/1094 2252/2137/1094 2382/2137/1094 2396/2132/1094
f 2257/2153/1090 2267/2136/1090 2357/2136/1090 2347/2153/1090
f 2288/2110/1095 2264/2136/1095 2320/2136/1095 2395/2110/1095
f 2261/2190/1096 2263/2156/1096 2319/2156/1096 2317/2190/1096
f 2198/2198/1083 2270/2109/1083 2354/2109/1083 2356/2198/1083
f 2278/2151/1097 2221/2147/1097 2324/2147/1097 2397/2151/1097
f 2182/2138/1098 2183/2131/1098 2181/2205/1098 2275/2211/1098
f 2186/2148/1099 2187/2119/1099 2184/2149/1099 2273/2220/1099
f 2189/2114/1100 2278/2154/1100 2274/2221/1100 2282/2145/1100
f 2262/2227/1101 2250/2131/1101 2316/2131/1101 2318/2227/1101
f 2202/2228/1102 2281/2136/1102 2385/2136/1102 2323/2228/1102
f 2269/2136/1086 2197/2157/1086 2355/2157/1086 2353/2136/1086
f 2254/2190/1103 2279/2131/1103 2394/2131/1103 2302/2190/1103
f 2249/2131/1104 2261/2140/1104 2317/2140/1104 2315/2131/1104
f 2270/2229/1088 2256/2190/1088 2344/2190/1088 2354/2229/1088
f 2281/2136/1105 2191/2142/1105 2393/2142/1105 2385/2136/1105
f 2250/2131/1106 2236/2194/1106 2314/2194/1106 2316/2131/1106
f 2179/2126/9 2180/2125/9 2286/2132/9 2277/2153/9
f 2176/2129/9 2177/2128/9 2288/2110/9 2276/2144/9
f 2174/2116/9 2172/2115/9 2283/2147/9 2285/2124/9
f 2287/2230/9 2171/2121/9 2169/2120/9 2284/2139/9
f 2388/2157/1107 2395/2110/1107 2320/2136/1107 2319/2229/1107 2293/2157/1107
f 2301/2190/99 2303/2136/99 2304/2136/99 2302/2140/99
f 2303/2136/16 2305/2157/16 2306/2144/16 2304/2136/16
f 2305/2231/58 2307/2197/58 2308/2197/58 2306/2157/58
f 2307/2114/15 2309/2191/15 2310/2232/15 2308/2197/15
f 2309/2233/54 2311/2134/54 2312/2234/54 2310/2191/54
f 2311/2195/12 2313/2194/12 2314/2235/12 2312/2134/12
f 2313/2236/53 2315/2131/53 2316/2131/53 2314/2194/53
f 2315/2131/33 2317/2140/33 2318/2227/33 2316/2131/33
f 2317/2190/99 2319/2156/99 2320/2136/99 2318/2141/99
f 2386/2136/1108 2321/2150/1108 2322/2144/1108 2323/2228/1108 2385/2136/1108
f 2290/2139/1109 2391/2139/1109 2289/2135/1109 2380/2134/1109 2379/2134/1109
f 2322/2144/58 2329/2143/58 2330/2197/58 2323/2157/58
f 2329/2197/15 2331/2147/15 2332/2147/15 2330/2143/15
f 2331/2219/54 2333/2146/54 2334/2206/54 2332/2147/54
f 2333/2146/12 2335/2193/12 2336/2216/12 2334/2146/12
f 2324/2214/54 2337/2146/54 2338/2212/54 2325/2147/54
f 2337/2206/12 2339/2193/12 2340/2237/12 2338/2146/12
f 2327/2238/53 2341/2137/53 2342/2239/53 2328/2139/53
f 2341/2131/33 2343/2190/33 2344/2227/33 2342/2131/33
f 2339/2235/53 2345/2201/53 2346/2202/53 2340/2193/53
f 2345/2201/33 2347/2141/33 2348/2240/33 2346/2201/33
f 2335/2235/53 2349/2201/53 2350/2241/53 2336/2193/53
f 2349/2131/33 2351/2190/33 2352/2190/33 2350/2201/33
f 2343/2190/99 2353/2136/99 2354/2229/99 2344/2190/99
f 2353/2136/16 2355/2157/16 2356/2198/16 2354/2109/16
f 2347/2153/99 2357/2136/99 2358/2109/99 2348/2153/99
f 2357/2225/16 2359/2144/16 2360/2224/16 2358/2109/16
f 2351/2223/99 2361/2109/99 2362/2136/99 2352/2140/99
f 2361/2136/16 2363/2198/16 2364/2222/16 2362/2109/16
f 2355/2159/58 2365/2114/58 2366/2158/58 2356/2157/58
f 2365/2158/15 2367/2191/15 2368/2218/15 2366/2114/15
f 2359/2217/58 2369/2114/58 2370/2114/58 2360/2198/58
f 2369/2215/15 2371/2191/15 2372/2213/15 2370/2114/15
f 2363/2198/58 2373/2114/58 2374/2114/58 2364/2144/58
f 2367/2242/54 2375/2134/54 2376/2162/54 2368/2191/54
f 2375/2162/12 2377/2139/12 2378/2243/12 2376/2119/12
f 2371/2191/54 2379/2134/54 2380/2146/54 2372/2191/54
f 2377/2244/53 2381/2131/53 2382/2245/53 2378/2139/53
f 2295/2141/1110 2387/2141/1110 2396/2132/1110 2382/2137/1110 2381/2246/1110
f 2394/2131/1111 2383/2131/1111 2300/2155/1111 2301/2140/1111 2302/2190/1111
f 2389/2147/1112 2291/2115/1112 2374/2114/1112 2373/2114/1112 2292/2147/1112
f 2399/2114/1113 2397/2151/1113 2324/2147/1113 2325/2147/1113 2326/2114/1113
f 2383/2131/1114 2394/2131/1114 2384/2189/1114
f 2298/2119/1115 2299/2148/1115 2400/2206/1115
f 2326/2114/1116 2398/2145/1116 2399/2114/1116
f 2386/2136/1117 2385/2136/1117 2393/2142/1117
f 2295/2141/1118 2296/2204/1118 2387/2141/1118
f 2293/2157/1119 2294/2196/1119 2388/2247/1119
f 2389/2147/1120 2292/2147/1120 2390/2192/1120
f 2391/2139/1121 2290/2139/1121 2392/2248/1121
f 2212/2114/1075 2194/2144/1075 2364/2144/1075 2374/2114/1075
f 2240/2237/1074 2224/2146/1074 2338/2146/1074 2340/2237/1074
f 2179/2126/1 2277/2153/1 2387/2153/1 2296/2126/1
f 2253/2190/1090 2271/2136/1090 2303/2136/1090 2301/2190/1090
f 2215/2242/1071 2229/2134/1071 2375/2134/1071 2367/2242/1071
f 2241/2238/1122 2243/2137/1122 2341/2137/1122 2327/2238/1122
f 2176/2129/1 2276/2144/1 2388/2144/1 2294/2129/1
f 2285/2124/1 2283/2147/1 2389/2147/1 2390/2124/1
f 2272/2136/1123 2254/2140/1123 2302/2140/1123 2304/2136/1123
f 2230/2162/1077 2216/2191/1077 2368/2191/1077 2376/2162/1077
f 2244/2239/1124 2242/2139/1124 2328/2139/1124 2342/2239/1124
f 2287/2230/1 2284/2139/1 2391/2139/1 2392/2230/1
f 2271/2136/1086 2199/2157/1086 2305/2157/1086 2303/2136/1086
f 2229/2162/1066 2233/2139/1066 2377/2139/1066 2375/2162/1066
f 2243/2131/1104 2255/2190/1104 2343/2190/1104 2341/2131/1104
f 2191/2142/1125 2280/2226/1125 2386/2226/1125 2393/2142/1125
f 2200/2144/1083 2272/2136/1083 2304/2136/1083 2306/2144/1083
f 2234/2243/1074 2230/2119/1074 2376/2119/1074 2378/2243/1074
f 2256/2227/1101 2244/2131/1101 2342/2131/1101 2344/2227/1101
f 2280/2226/1126 2190/2152/1126 2321/2152/1126 2386/2226/1126
f 2199/2231/1076 2205/2197/1076 2307/2197/1076 2305/2231/1076
f 2213/2191/1127 2231/2134/1127 2379/2134/1127 2371/2191/1127
f 2239/2235/1122 2245/2201/1122 2345/2201/1122 2339/2235/1122
f 2170/2139/1128 2287/2248/1128 2392/2248/1128 2290/2139/1128
f 2206/2197/1075 2200/2157/1075 2306/2157/1075 2308/2197/1075
f 2232/2146/1077 2214/2191/1077 2372/2191/1077 2380/2146/1077
f 2246/2202/1106 2240/2193/1106 2340/2193/1106 2346/2202/1106
f 2173/2147/1129 2285/2192/1129 2390/2192/1129 2292/2147/1129
f 2205/2114/1072 2217/2191/1072 2309/2191/1072 2307/2114/1072
f 2233/2244/1130 2251/2131/1130 2381/2131/1130 2377/2244/1130
f 2245/2201/1104 2257/2141/1104 2347/2141/1104 2345/2201/1104
f 2218/2232/1070 2206/2197/1070 2308/2197/1070 2310/2232/1070
f 2252/2245/1106 2234/2139/1106 2378/2139/1106 2382/2245/1106
f 2258/2240/1101 2246/2201/1101 2346/2201/1101 2348/2240/1101
f 2217/2233/1071 2227/2134/1071 2311/2134/1071 2309/2233/1071
f 2263/2229/1131 2175/2157/1131 2293/2157/1131 2319/2229/1131
f 2237/2235/1122 2247/2201/1122 2349/2201/1122 2335/2235/1122
f 2211/2114/1132 2173/2147/1132 2292/2147/1132 2373/2114/1132
f 2228/2234/1077 2218/2191/1077 2310/2191/1077 2312/2234/1077
f 2172/2115/1133 2212/2114/1133 2374/2114/1133 2291/2115/1133
f 2248/2241/1106 2238/2193/1106 2336/2193/1106 2350/2241/1106
f 2279/2131/1134 2182/2189/1134 2384/2189/1134 2394/2131/1134
f 2227/2195/1066 2235/2194/1066 2313/2194/1066 2311/2195/1066
f 2231/2134/1135 2170/2139/1135 2290/2139/1135 2379/2134/1135
f 2247/2131/1104 2259/2190/1104 2351/2190/1104 2349/2131/1104
f 2169/2135/1136 2232/2134/1136 2380/2134/1136 2289/2135/1136
f 2236/2235/1074 2228/2134/1074 2312/2134/1074 2314/2235/1074
f 2251/2246/1137 2178/2141/1137 2295/2141/1137 2381/2246/1137
f 2260/2190/1101 2248/2201/1101 2350/2201/1101 2352/2190/1101
f 2188/2114/1138 2282/2145/1138 2398/2145/1138 2326/2114/1138
f 2235/2236/1122 2249/2131/1122 2315/2131/1122 2313/2236/1122
f 2255/2190/1090 2269/2136/1090 2353/2136/1090 2343/2190/1090
f 2154/2168/1139 2401/2167/1139 2153/2178/1139 2402/2177/1139
f 2404/2249/1139 2403/2166/1139 2140/2131/1139 2137/2139/1139
f 2141/2174/1140 2404/2249/1140 2137/2139/1140 2405/2119/1140
f 2401/2167/1140 2406/2250/1140 2155/2180/1140 2153/2178/1140
f 2406/2250/1141 2407/2169/1141 2156/2182/1141 2155/2180/1141
f 2408/2171/1141 2141/2174/1141 2405/2162/1141 2143/2147/1141
f 2145/2172/1142 2408/2171/1142 2143/2147/1142 2409/2114/1142
f 2407/2169/1142 2410/2164/1142 2157/2184/1142 2156/2182/1142
f 2410/2164/1143 2411/2163/1143 2158/2186/1143 2157/2184/1143
f 2412/2251/1143 2145/2172/1143 2409/2158/1143 2147/2144/1143
f 2411/2163/1144 2413/2252/1144 2159/2187/1144 2158/2186/1144
f 2414/2173/1144 2412/2251/1144 2147/2159/1144 2149/2109/1144
f 2413/2252/1145 2415/2170/1145 2160/2188/1145 2159/2187/1145
f 2416/2165/1145 2414/2173/1145 2149/2136/1145 2151/2153/1145
f 2415/2170/1146 2154/2168/1146 2402/2177/1146 2160/2188/1146
f 2403/2166/1146 2416/2165/1146 2151/2141/1146 2140/2131/1146
f 2403/2166/1155 2404/2249/1155 2417/2249/1155 2420/2166/1155
f 2145/2172/1156 2412/2251/1156 2427/2251/1156 2425/2172/1156
f 2404/2249/1157 2141/2174/1157 2421/2174/1157 2417/2249/1157
f 2413/2252/1158 2411/2163/1158 2428/2163/1158 2430/2252/1158
f 2406/2250/1159 2401/2167/1159 2418/2167/1159 2422/2250/1159
f 2412/2251/1160 2414/2173/1160 2429/2173/1160 2427/2251/1160
f 2407/2169/1161 2406/2250/1161 2422/2250/1161 2424/2169/1161
f 2415/2170/1162 2413/2252/1162 2430/2252/1162 2432/2170/1162
f 2434/2122/580 2435/2133/580 2595/2253/580 2596/2254/580
f 2596/2101/212 2597/2103/212 2438/2123/212 2434/2122/212
f 2440/2117/583 2438/2123/583 2597/2103/583 2598/2104/583
f 2598/2104/224 2599/2255/224 2442/2118/224 2440/2117/224
f 2444/2130/594 2442/2118/594 2599/2105/594 2600/2106/594
f 2446/2113/211 2444/2112/211 2600/2256/211 2601/2257/211
f 2448/2127/581 2446/2113/581 2601/2258/581 2602/2108/581
f 2435/2133/222 2448/2127/222 2602/2108/222 2595/2102/222
f 2171/2121/9 2287/2230/9 2121/2131/9 2435/2133/9 2434/2122/9
f 2107/2259/12 2105/2260/12 2587/2101/12 2590/2103/12
f 2109/2199/15 2108/2200/15 2589/2104/15 2592/2105/15
f 2111/2261/16 2110/2262/16 2591/2106/16 2594/2107/16
f 2106/2263/33 2112/2210/33 2593/2108/33 2588/2102/33
f 2433/2208/12 2437/2207/12 2597/2103/12 2596/2101/12
f 2439/2200/15 2441/2199/15 2599/2255/15 2598/2104/15
f 2443/2264/16 2445/2265/16 2601/2257/16 2600/2256/16
f 2447/2209/33 2436/2263/33 2595/2102/33 2602/2108/33
f 2436/2263/33 2106/2263/33 2588/2102/33 2595/2102/33
f 2105/2260/12 2433/2208/12 2596/2101/12 2587/2101/12
f 2437/2207/12 2107/2259/12 2590/2103/12 2597/2103/12
f 2112/2210/33 2447/2209/33 2602/2108/33 2593/2108/33
f 2108/2200/15 2439/2200/15 2598/2104/15 2589/2104/15
f 2441/2199/15 2109/2199/15 2592/2105/15 2599/2255/15
f 2110/2262/16 2443/2264/16 2600/2256/16 2591/2106/16
f 2445/2265/16 2111/2261/16 2594/2107/16 2601/2257/16
f 2109/2199/12 2441/2199/12 2486/2199/12 2478/2199/12
f 2445/2265/1 2443/2264/1 2487/2264/1 2488/2265/1
f 2443/2264/33 2110/2262/33 2480/2262/33 2487/2264/33
f 2436/2263/1 2447/2209/1 2489/2209/1 2490/2263/1
f 2105/2260/9 2107/2259/9 2476/2259/9 2475/2260/9
f 2111/2261/15 2445/2265/15 2488/2265/15 2479/2261/15
f 2106/2263/16 2436/2263/16 2490/2263/16 2481/2263/16
f 2108/2200/9 2109/2199/9 2478/2199/9 2477/2200/9
f 2433/2208/15 2105/2260/15 2475/2260/15 2483/2208/15
f 2110/2262/9 2111/2261/9 2479/2261/9 2480/2262/9
f 2107/2259/33 2437/2207/33 2484/2207/33 2476/2259/33
f 2112/2210/9 2106/2263/9 2481/2263/9 2482/2210/9
f 2449/2329/53 2603/2330/53 2588/2102/53 2587/2101/53
f 2604/2331/54 2605/2332/54 2590/2103/54 2589/2104/54
f 2452/2333/58 2450/2334/58 2592/2105/58 2591/2106/58
f 2453/2335/99 2451/2336/99 2594/2107/99 2593/2108/99
f 2606/2337/53 2454/2338/53 2596/2254/53 2595/2253/53
f 2455/2339/54 2456/2331/54 2598/2104/54 2597/2103/54
f 2457/2334/58 2607/2333/58 2600/2106/58 2599/2105/58
f 2458/2340/99 2608/2335/99 2602/2108/99 2601/2258/99
f 2603/2330/53 2606/2337/53 2595/2253/53 2588/2102/53
f 2454/2338/53 2449/2329/53 2587/2101/53 2596/2254/53
f 2605/2332/54 2455/2339/54 2597/2103/54 2590/2103/54
f 2608/2335/99 2453/2335/99 2593/2108/99 2602/2108/99
f 2456/2331/54 2604/2331/54 2589/2104/54 2598/2104/54
f 2450/2334/58 2457/2334/58 2599/2105/58 2592/2105/58
f 2607/2333/58 2452/2333/58 2591/2106/58 2600/2106/58
f 2451/2336/99 2458/2340/99 2601/2258/99 2594/2107/99
f 2603/2330/9 2449/2329/9 2609/2329/9 2610/2330/9
f 2608/2335/1 2458/2340/1 2623/2340/1 2624/2335/1
f 2452/2333/54 2607/2333/54 2622/2333/54 2613/2333/54
f 2607/2333/1 2457/2334/1 2621/2334/1 2622/2333/1
f 2458/2340/53 2451/2336/53 2616/2336/53 2623/2340/53
f 2606/2337/54 2603/2330/54 2610/2330/54 2617/2337/54
f 2605/2332/9 2604/2331/9 2611/2331/9 2612/2332/9
f 2449/2329/99 2454/2338/99 2618/2338/99 2609/2329/99
f 2450/2334/9 2452/2333/9 2613/2333/9 2614/2334/9
f 2455/2339/58 2605/2332/58 2612/2332/58 2619/2339/58
f 2451/2336/9 2453/2335/9 2615/2335/9 2616/2336/9
f 2453/2335/58 2608/2335/58 2624/2335/58 2615/2335/58
f 2454/2338/1 2606/2337/1 2617/2337/1 2618/2338/1
f 2604/2331/53 2456/2331/53 2620/2331/53 2611/2331/53
f 2456/2331/1 2455/2339/1 2619/2339/1 2620/2331/1
f 2457/2334/99 2450/2334/99 2614/2334/99 2621/2334/99
usemtl M_Noir_Profond
f 305/17/4 489/18/4 527/19/4 321/20/4
f 193/37/8 197/38/8 1524/39/8 1520/40/8 1510/41/8 1506/42/8
f 382/77/12 354/78/12 372/78/12 392/77/12
f 278/89/12 360/90/12 374/90/12 296/89/12
f 270/124/16 352/125/16 366/125/16 288/126/16
f 311/131/15 335/132/15 343/133/15 327/131/15
f 45/143/17 49/144/17 1404/145/17 1400/146/17 1390/147/17 1386/148/17
f 816/153/19 54/154/19 1413/155/19 1411/156/19 1457/157/19
f 274/169/15 312/170/15 326/171/15 292/172/15
f 872/185/24 186/186/24 1477/187/24 1475/188/24 1531/189/24
f 345/321/34 487/322/34 519/323/34 361/324/34
f 185/325/24 189/326/24 1496/327/24 1492/328/24 1482/329/24 1478/330/24
f 353/331/35 499/332/35 535/333/35 369/334/35
f 359/358/12 383/359/12 391/359/12 375/360/12
f 808/381/17 46/382/17 1385/383/17 1383/384/17 1439/385/17
f 266/430/33 304/431/33 318/431/33 284/432/33
f 503/477/44 275/478/44 291/478/44 529/479/44
f 483/484/45 267/485/45 283/485/45 513/486/45
f 507/507/46 279/508/46 295/508/46 543/509/46
f 495/514/47 271/515/47 287/516/47 523/517/47
f 297/538/49 511/539/49 539/540/49 313/538/49
f 351/553/16 379/554/16 387/554/16 367/553/16
f 303/555/33 331/556/33 339/556/33 319/555/33
f 334/573/15 306/574/15 324/574/15 344/573/15
f 540/601/53 510/602/53 508/603/53 542/604/53
f 504/605/54 532/606/54 536/607/54 498/607/54
f 528/624/58 492/624/58 496/625/58 522/625/58
f 330/763/33 298/764/33 316/764/33 340/763/33
f 484/1071/99 516/1072/99 520/1073/99 486/1074/99
f 378/1094/16 346/1095/16 364/1095/16 388/1096/16
f 53/1113/19 57/1114/19 1432/1115/19 1428/1116/19 1418/1117/19 1414/1118/19
f 876/1161/8 194/1162/8 1505/1163/8 1503/1164/8 1549/1165/8
f 797/1166/17 805/1167/17 1438/1168/17 1446/1169/17
f 817/1170/24 869/1171/24 1530/1172/24 1538/1173/24
f 801/1174/19 813/1175/19 1456/1176/19 1464/1177/19
f 821/1178/8 873/1179/8 1548/1180/8 1556/1181/8
f 60/1182/19 802/1183/19 1463/1184/19 1419/1185/19 1430/1186/19
f 200/1187/8 822/1188/8 1555/1189/8 1511/1190/8 1522/1191/8
f 52/1199/17 798/1200/17 1445/1201/17 1391/1202/17 1402/1203/17
f 192/1204/24 818/1205/24 1537/1206/24 1483/1207/24 1494/1208/24
f 1111/1264/38 1110/1265/38 1159/1266/38 1160/1267/38
f 1124/1268/55 1135/1269/55 1195/1270/55 1181/1271/55
f 1107/1320/38 1106/1321/38 1148/1322/38 1152/1323/38
f 1127/1324/55 1125/1325/55 1180/1326/55 1184/1327/55
f 1115/1328/113 1114/1329/113 1164/1330/113 1168/1331/113
f 1130/1332/55 1128/1333/55 1187/1334/55 1188/1335/55
f 1140/1340/118 1138/1341/118 1196/1342/118 1200/1343/118
f 1134/1360/55 1131/1361/55 1191/1362/55 1192/1363/55
f 1109/1364/38 1108/1365/38 1155/1366/38 1156/1367/38
f 1113/1368/113 1122/1369/113 1179/1370/113 1165/1371/113
f 1137/1372/118 1147/1373/118 1211/1374/118 1197/1375/118
f 1118/1376/113 1116/1377/113 1171/1378/113 1172/1379/113
f 1142/1380/118 1141/1381/118 1203/1382/118 1204/1383/118
f 1121/1384/113 1119/1385/113 1175/1386/113 1176/1387/113
f 1146/1388/118 1143/1389/118 1207/1390/118 1208/1391/118
f 1105/1392/38 1112/1393/38 1163/1394/38 1149/1395/38
f 45/143/178 46/382/178 47/942/178 48/1210/178
f 49/144/179 50/1209/179 51/348/179 52/1199/179
f 53/1113/180 54/154/180 55/1110/180 56/1193/180
f 57/1114/181 58/1192/181 59/167/181 60/1182/181
f 185/325/203 186/186/203 187/1145/203 188/374/203
f 189/326/204 190/373/204 191/163/204 192/1204/204
f 193/37/205 194/1162/205 195/1142/205 196/1120/205
f 197/38/206 198/1119/206 199/1197/206 200/1187/206
f 297/538/221 298/764/221 299/467/221 300/502/221
f 305/17/223 306/574/223 307/475/223 308/494/223
f 313/538/225 314/67/225 315/130/225 316/764/225
f 321/20/227 322/567/227 323/1093/227 324/574/227
f 345/321/229 346/1095/229 347/497/229 348/464/229
f 353/331/230 354/78/230 355/505/230 356/472/230
f 361/324/231 362/936/231 363/338/231 364/1095/231
f 369/334/233 370/271/233 371/832/233 372/78/233
f 489/18/261 490/493/261 491/645/261 492/624/261
f 513/486/267 514/49/267 515/597/267 516/1072/267
f 529/479/271 530/97/271 531/1213/271 532/606/271
f 797/1166/329 798/1200/329 799/347/329 800/798/329
f 801/1174/330 802/1183/330 803/166/330 804/1105/330
f 805/1167/331 806/797/331 807/943/331 808/381/331
f 813/1175/333 814/1104/333 815/1111/333 816/153/333
f 817/1170/334 818/1205/334 819/162/334 820/824/334
f 821/1178/335 822/1188/335 823/1196/335 824/1136/335
f 869/1171/341 870/823/341 871/1146/341 872/185/341
f 873/1179/342 874/1135/342 875/1143/342 876/1161/342
f 1212/1702/395 1214/1703/395 1105/1392/395 1106/1321/395
f 1215/1704/396 1107/1320/396 1108/1365/396 1216/1705/396
f 1218/1706/397 1109/1364/397 1110/1265/397 1219/1707/397
f 1221/1708/398 1111/1264/398 1112/1393/398 1222/1709/398
f 1224/1710/399 1226/1711/399 1113/1368/399 1114/1329/399
f 1227/1712/400 1115/1328/400 1116/1377/400 1228/1713/400
f 1117/1714/401 1118/1376/401 1119/1385/401 1230/1715/401
f 1120/1716/402 1121/1384/402 1122/1369/402 1232/1717/402
f 1123/1718/403 1235/1719/403 1124/1268/403 1125/1325/403
f 1126/1720/404 1127/1324/404 1128/1333/404 1236/1721/404
f 1129/1722/405 1130/1332/405 1131/1361/405 1132/1723/405
f 1133/1724/406 1134/1360/406 1135/1269/406 1239/1725/406
f 1136/1726/407 1242/1727/407 1137/1372/407 1138/1341/407
f 1139/1728/408 1140/1340/408 1141/1381/408 1243/1729/408
f 1245/1730/409 1142/1380/409 1143/1389/409 1144/1731/409
f 1145/1732/410 1146/1388/410 1147/1373/410 1247/1733/410
f 1148/1322/411 1149/1395/411 1150/662/411 1151/914/411
f 1152/1323/412 1153/916/412 1154/885/412 1155/1366/412
f 1156/1367/413 1157/884/413 1158/1217/413 1159/1266/413
f 1160/1267/414 1161/1219/414 1162/660/414 1163/1394/414
f 1164/1330/415 1165/1371/415 1166/1290/415 1167/623/415
f 1168/1331/416 1169/622/416 1170/1222/416 1171/1378/416
f 1172/1379/417 1173/1224/417 1174/1235/417 1175/1386/417
f 1176/1387/418 1177/1237/418 1178/1291/418 1179/1370/418
f 1180/1326/419 1181/1271/419 1182/632/419 1183/653/419
f 1184/1327/420 1185/655/420 1186/659/420 1187/1334/420
f 1188/1335/421 1189/658/421 1190/1242/421 1191/1362/421
f 1192/1363/422 1193/1244/422 1194/630/422 1195/1270/422
f 1196/1342/423 1197/1375/423 1198/1294/423 1199/619/423
f 1200/1343/424 1201/618/424 1202/1247/424 1203/1382/424
f 1204/1383/425 1205/1248/425 1206/1263/425 1207/1390/425
f 1208/1391/426 1209/1262/426 1210/1295/426 1211/1374/426
f 1212/1734/427 1213/1339/427 1214/1735/427
f 1215/1736/428 1216/1737/428 1217/1336/428
f 1218/1738/429 1219/1707/429 1220/1337/429
f 1221/1708/430 1222/1739/430 1223/1338/430
f 1224/1740/431 1225/1347/431 1226/1741/431
f 1227/1742/432 1228/1743/432 1229/1344/432
f 1117/1744/433 1230/1745/433 1231/1345/433
f 1120/1746/434 1232/1717/434 1233/1346/434
f 1123/1747/435 1234/1351/435 1235/1748/435
f 1126/1749/436 1236/1750/436 1237/1348/436
f 1129/1751/437 1132/1752/437 1238/1349/437
f 1133/1753/438 1239/1725/438 1240/1350/438
f 1136/1754/439 1241/1355/439 1242/1755/439
f 1139/1756/440 1243/1757/440 1244/1352/440
f 1245/1758/441 1144/1759/441 1246/1353/441
f 1145/1760/442 1247/1761/442 1248/1354/442
f 1385/383/17 1386/148/17 1387/1502/17
f 1391/1202/478 1392/182/478 1393/1600/478 1394/1396/478
f 1402/1203/17 1403/1399/17 1404/145/17
f 1413/155/19 1414/1118/19 1415/1402/19
f 1419/1185/484 1420/150/484 1421/285/484 1422/1404/484
f 1430/1186/19 1431/1407/19 1432/1115/19
f 1477/187/24 1478/330/24 1479/1466/24
f 1483/1207/498 1484/378/498 1485/281/498 1486/1412/498
f 1494/1208/24 1495/1415/24 1496/327/24
f 1505/1163/8 1506/42/8 1507/1418/8
f 1511/1190/504 1512/370/504 1513/51/504 1514/1420/504
f 1522/1191/8 1523/1423/8 1524/39/8
f 304/431/222 266/430/222 265/123/222 301/122/222
f 312/170/224 274/169/224 273/115/224 309/114/224
f 266/430/568 284/432/568 283/485/568 267/485/568
f 297/538/569 313/538/569 316/764/569 298/764/569
f 274/169/570 292/172/570 291/478/570 275/478/570
f 305/17/571 321/20/571 324/574/571 306/574/571
f 298/764/222 330/763/222 329/468/222 299/467/222
f 331/556/222 303/555/222 302/490/222 332/489/222
f 306/574/224 334/573/224 333/476/224 307/475/224
f 335/132/224 311/131/224 310/483/224 336/482/224
f 311/131/15 327/131/15 326/171/15 312/170/15
f 334/573/15 344/573/15 343/133/15 335/132/15
f 303/555/33 319/555/33 318/431/33 304/431/33
f 330/763/33 340/763/33 339/556/33 331/556/33
f 352/125/211 270/124/211 269/320/211 349/319/211
f 360/90/212 278/89/212 277/312/212 357/311/212
f 270/124/572 288/126/572 287/516/572 271/515/572
f 345/321/573 361/324/573 364/1095/573 346/1095/573
f 278/89/574 296/89/574 295/508/574 279/508/574
f 353/331/575 369/334/575 372/78/575 354/78/575
f 346/1095/211 378/1094/211 377/498/211 347/497/211
f 379/554/211 351/553/211 350/521/211 380/520/211
f 354/78/212 382/77/212 381/506/212 355/505/212
f 383/359/212 359/358/212 358/513/212 384/512/212
f 359/358/12 375/360/12 374/90/12 360/90/12
f 382/77/12 392/77/12 391/359/12 383/359/12
f 351/553/16 367/553/16 366/125/16 352/125/16
f 378/1094/16 388/1096/16 387/554/16 379/554/16
f 508/603/580 510/602/580 509/639/580 505/638/580
f 484/1071/581 486/1074/581 485/641/581 481/644/581
f 540/601/582 542/604/582 541/1233/582 537/1232/582
f 503/477/584 529/479/584 532/606/584 504/605/584
f 535/333/586 499/332/586 498/607/586 536/607/586
f 539/540/587 511/539/587 510/602/587 540/601/587
f 507/1659/588 543/1659/588 542/604/588 508/603/588
f 483/484/589 513/486/589 516/1072/589 484/1071/589
f 519/323/591 487/322/591 486/1074/591 520/1073/591
f 527/19/593 489/18/593 492/624/593 528/624/593
f 495/514/595 523/517/595 522/625/595 496/625/595
f 279/508/596 507/507/596 506/452/596 280/451/596
f 511/539/597 297/538/597 300/502/597 512/501/597
f 267/485/598 483/484/598 482/276/598 268/275/598
f 487/322/599 345/321/599 348/464/599 488/463/599
f 275/478/600 503/477/600 502/460/600 276/459/600
f 499/332/601 353/331/601 356/472/601 500/471/601
f 271/515/602 495/514/602 494/456/602 272/455/602
f 489/18/603 305/17/603 308/494/603 490/493/603
f 543/509/604 295/508/604 294/94/604 544/93/604
f 313/538/605 539/540/605 538/68/605 314/67/605
f 513/486/606 283/485/606 282/50/606 514/49/606
f 361/324/607 519/323/607 518/937/607 362/936/607
f 523/517/608 287/516/608 286/578/608 524/577/608
f 321/20/609 527/19/609 526/568/609 322/567/609
f 529/479/610 291/478/610 290/98/610 530/97/610
f 369/334/611 535/333/611 534/272/611 370/271/611
f 805/1167/717 797/1166/717 800/798/717 806/797/717
f 813/1175/718 801/1174/718 804/1105/718 814/1104/718
f 59/167/719 803/166/719 802/1183/719 60/1182/719
f 54/154/720 816/153/720 815/1111/720 55/1110/720
f 51/348/721 799/347/721 798/1200/721 52/1199/721
f 46/382/722 808/381/722 807/943/722 47/942/722
f 869/1171/725 817/1170/725 820/824/725 870/823/725
f 873/1179/726 821/1178/726 824/1136/726 874/1135/726
f 199/1197/727 823/1196/727 822/1188/727 200/1187/727
f 194/1162/728 876/1161/728 875/1143/728 195/1142/728
f 191/163/729 819/162/729 818/1205/729 192/1204/729
f 186/186/730 872/185/730 871/1146/730 187/1145/730
f 1106/1321/784 1107/1320/784 1215/1704/784 1212/1702/784
f 1108/1365/785 1109/1364/785 1218/1706/785 1216/1705/785
f 1110/1265/786 1111/1264/786 1221/1708/786 1219/1707/786
f 1112/1393/787 1105/1392/787 1214/1703/787 1222/1709/787
f 1114/1329/788 1115/1328/788 1227/1712/788 1224/1710/788
f 1116/1377/789 1118/1376/789 1117/1714/789 1228/1713/789
f 1119/1385/790 1121/1384/790 1120/1716/790 1230/1715/790
f 1122/1369/791 1113/1368/791 1226/1711/791 1232/1717/791
f 1125/1325/760 1127/1324/760 1126/1720/760 1123/1718/760
f 1128/1333/792 1130/1332/792 1129/1722/792 1236/1721/792
f 1131/1361/762 1134/1360/762 1133/1724/762 1132/1723/762
f 1135/1269/793 1124/1268/793 1235/1719/793 1239/1725/793
f 1138/1341/764 1140/1340/764 1139/1728/764 1136/1726/764
f 1141/1381/794 1142/1380/794 1245/1730/794 1243/1729/794
f 1143/1389/766 1146/1388/766 1145/1732/766 1144/1731/766
f 1147/1373/795 1137/1372/795 1242/1727/795 1247/1733/795
f 1155/1366/796 1108/1365/796 1107/1320/796 1152/1323/796
f 1105/1392/797 1149/1395/797 1148/1322/797 1106/1321/797
f 1159/1266/38 1110/1265/38 1109/1364/38 1156/1367/38
f 1163/1394/797 1112/1393/797 1111/1264/797 1160/1267/797
f 1171/1378/113 1116/1377/113 1115/1328/113 1168/1331/113
f 1113/1368/113 1165/1371/113 1164/1330/113 1114/1329/113
f 1175/1386/798 1119/1385/798 1118/1376/798 1172/1379/798
f 1179/1370/113 1122/1369/113 1121/1384/113 1176/1387/113
f 1187/1334/799 1128/1333/799 1127/1324/799 1184/1327/799
f 1124/1268/800 1181/1271/800 1180/1326/800 1125/1325/800
f 1191/1362/55 1131/1361/55 1130/1332/55 1188/1335/55
f 1195/1270/800 1135/1269/800 1134/1360/800 1192/1363/800
f 1203/1382/118 1141/1381/118 1140/1340/118 1200/1343/118
f 1137/1372/118 1197/1375/118 1196/1342/118 1138/1341/118
f 1207/1390/801 1143/1389/801 1142/1380/801 1204/1383/801
f 1211/1374/118 1147/1373/118 1146/1388/118 1208/1391/118
f 1212/1734/752 1215/1736/752 1217/1336/752 1213/1339/752
f 1216/1737/753 1218/1738/753 1220/1337/753 1217/1336/753
f 1219/1707/754 1221/1708/754 1223/1338/754 1220/1337/754
f 1222/1739/755 1214/1735/755 1213/1339/755 1223/1338/755
f 1224/1740/756 1227/1742/756 1229/1344/756 1225/1347/756
f 1228/1743/789 1117/1744/789 1231/1345/789 1229/1344/789
f 1230/1745/802 1120/1746/802 1233/1346/802 1231/1345/802
f 1232/1717/759 1226/1741/759 1225/1347/759 1233/1346/759
f 1123/1747/803 1126/1749/803 1237/1348/803 1234/1351/803
f 1236/1750/792 1129/1751/792 1238/1349/792 1237/1348/792
f 1132/1752/804 1133/1753/804 1240/1350/804 1238/1349/804
f 1239/1725/763 1235/1748/763 1234/1351/763 1240/1350/763
f 1136/1754/805 1139/1756/805 1244/1352/805 1241/1355/805
f 1243/1757/765 1245/1758/765 1246/1353/765 1244/1352/765
f 1144/1759/806 1145/1760/806 1248/1354/806 1246/1353/806
f 1247/1761/767 1242/1755/767 1241/1355/767 1248/1354/767
f 1383/384/809 1385/383/809 1387/1502/809 1384/1501/809
f 1386/148/810 1390/147/810 1389/1503/810 1387/1502/810
f 1402/1203/811 1391/1202/811 1394/1396/811 1403/1399/811
f 1400/146/814 1404/145/814 1403/1399/814 1401/1398/814
f 1411/156/817 1413/155/817 1415/1402/817 1412/1401/817
f 1414/1118/818 1418/1117/818 1417/1403/818 1415/1402/818
f 1430/1186/819 1419/1185/819 1422/1404/819 1431/1407/819
f 1428/1116/822 1432/1115/822 1431/1407/822 1429/1406/822
f 1475/188/825 1477/187/825 1479/1466/825 1476/1465/825
f 1478/330/826 1482/329/826 1481/1467/826 1479/1466/826
f 1494/1208/827 1483/1207/827 1486/1412/827 1495/1415/827
f 1492/328/830 1496/327/830 1495/1415/830 1493/1414/830
f 1503/1164/833 1505/1163/833 1507/1418/833 1504/1417/833
f 1506/42/834 1510/41/834 1509/1419/834 1507/1418/834
f 1522/1191/835 1511/1190/835 1514/1420/835 1523/1423/835
f 1520/40/838 1524/39/838 1523/1423/838 1521/1422/838
f 1464/1177/870 1456/1176/870 1455/1459/870 1460/1458/870
f 1439/385/961 1383/384/961 1382/1444/961 1440/1447/961
f 1391/1202/963 1445/1201/963 1444/183/963 1392/182/963
f 1457/157/967 1411/156/967 1410/1448/967 1458/1451/967
f 1419/1185/969 1463/1184/969 1462/151/969 1420/150/969
f 1531/189/973 1475/188/973 1474/1484/973 1532/1487/973
f 1483/1207/975 1537/1206/975 1536/379/975 1484/378/975
f 1549/1165/977 1503/1164/977 1502/1488/977 1550/1491/977
f 1511/1190/981 1555/1189/981 1554/371/981 1512/370/981
f 1385/383/983 46/382/983 45/143/983 1386/148/983
f 52/1199/17 1402/1203/17 1404/145/17 49/144/17
f 1438/1168/17 805/1167/17 808/381/17 1439/385/17
f 797/1166/17 1446/1169/17 1445/1201/17 798/1200/17
f 1413/155/985 54/154/985 53/1113/985 1414/1118/985
f 60/1182/19 1430/1186/19 1432/1115/19 57/1114/19
f 1456/1176/19 813/1175/19 816/153/19 1457/157/19
f 801/1174/19 1464/1177/19 1463/1184/19 802/1183/19
f 1482/329/987 1492/328/987 1491/61/987 1480/60/987
f 1530/1172/24 869/1171/24 872/185/24 1531/189/24
f 185/325/24 1478/330/24 1477/187/24 186/186/24
f 192/1204/24 1494/1208/24 1496/327/24 189/326/24
f 817/1170/24 1538/1173/24 1537/1206/24 818/1205/24
f 1505/1163/8 194/1162/8 193/37/8 1506/42/8
f 200/1187/8 1522/1191/8 1524/39/8 197/38/8
f 1548/1180/8 873/1179/8 876/1161/8 1549/1165/8
f 821/1178/8 1556/1181/8 1555/1189/8 822/1188/8
f 1781/2057/9 1780/2058/9 1777/2049/9 1778/2047/9
f 1780/2058/9 1782/2059/9 1779/2056/9 1777/2049/9
f 1782/2059/9 1783/2060/9 1785/2030/9 1779/2056/9
f 1783/2060/9 1784/2061/9 1786/2026/9 1785/2030/9
f 1784/2061/9 1789/2062/9 1787/2032/9 1786/2026/9
f 1789/2062/9 1790/2063/9 1788/2037/9 1787/2032/9
f 1790/2063/9 1791/2064/9 1792/2042/9 1788/2037/9
f 1791/2064/9 1781/2057/9 1778/2047/9 1792/2042/9
f 1939/2079/9 1981/2080/9 2012/2080/9 2067/2079/9
f 1915/2064/9 1923/2063/9 2023/2063/9 2059/2064/9
f 1822/2073/9 1915/2064/9 2059/2064/9 2033/2073/9
f 1983/2060/1 1940/2061/1 2068/2061/1 2011/2060/1
f 1934/2084/1 1926/2063/1 2022/2063/1 2016/2084/1
f 1987/2083/1 1819/2073/1 2058/2073/1 2028/2083/1
f 1937/2079/9 1845/2080/9 2050/2080/9 2065/2079/9
f 1833/2066/9 1836/2059/9 2041/2059/9 2054/2066/9
f 1821/2073/1 1984/2058/1 2040/2058/1 2034/2073/1
f 1977/2060/1 1938/2061/1 2066/2061/1 2049/2060/1
f 1840/2059/9 1828/2074/9 2037/2074/9 2045/2059/9
f 1828/2074/9 1820/2073/9 2057/2073/9 2037/2074/9
f 1935/2062/9 2008/2079/9 2071/2079/9 2063/2062/9
f 1830/2058/9 1822/2073/9 2033/2073/9 2039/2058/9
f 1986/2073/1 1825/2074/1 2056/2074/1 2032/2073/1
f 2007/2061/1 1936/2084/1 2064/2084/1 2072/2061/1
f 1824/2057/9 1913/2064/9 2029/2064/9 2035/2057/9
f 1827/2082/1 1979/2059/1 2046/2059/1 2038/2082/1
f 1998/2062/9 2006/2079/9 2069/2079/9 2015/2062/9
f 1818/2073/9 1919/2083/9 2025/2083/9 2031/2073/9
f 1836/2059/9 1826/2058/9 2055/2058/9 2041/2059/9
f 2005/2061/1 1934/2084/1 2016/2084/1 2070/2061/1
f 1985/2057/1 1831/2058/1 2052/2058/1 2036/2057/1
f 1991/2084/9 1939/2079/9 2067/2079/9 2017/2084/9
f 1976/2059/9 1832/2058/9 2051/2058/9 2013/2059/9
f 1940/2061/1 1995/2084/1 2018/2084/1 2068/2061/1
f 1984/2058/1 1982/2059/1 2048/2059/1 2040/2058/1
f 1992/2084/9 1937/2079/9 2065/2079/9 2019/2084/9
f 1982/2059/1 1983/2060/1 2011/2060/1 2048/2059/1
f 1938/2061/1 1996/2084/1 2020/2084/1 2066/2061/1
f 1981/2080/9 1844/2059/9 2047/2059/9 2012/2080/9
f 1993/2063/9 1935/2062/9 2063/2062/9 2009/2063/9
f 1919/2083/12 1818/2073/12 1945/2073/12 1946/2083/12
f 1913/2064/12 1824/2057/12 1947/2073/12 1948/2072/12
f 1822/2073/53 1830/2058/53 1949/2074/53 1950/2057/53
f 1828/2074/33 1840/2059/33 1951/2059/33 1952/2074/33
f 1836/2059/99 1833/2066/99 1953/2066/99 1954/2059/99
f 1926/2063/15 1934/2084/15 1955/2062/15 1956/2063/15
f 1923/2063/54 1915/2064/54 1957/2064/54 1958/2063/54
f 1914/2064/54 1922/2063/54 1959/2065/54 1960/2072/54
f 1917/2083/12 1820/2073/12 1961/2073/12 1962/2083/12
f 1821/2073/12 1916/2064/12 1963/2083/12 1964/2057/12
f 1818/2073/53 1826/2058/53 1965/2082/53 1945/2073/53
f 1827/2082/53 1819/2073/53 1966/2073/53 1967/2074/53
f 1824/2057/53 1832/2058/53 1968/2074/53 1947/2057/53
f 1835/2059/33 1825/2074/33 1969/2074/33 1970/2059/33
f 1830/2058/33 1844/2059/33 1971/2059/33 1949/2058/33
f 1973/2059/33 1831/2058/33 1972/2074/33 1847/2059/33
f 1834/2066/99 1835/2059/99 1970/2059/99 1974/2081/99
f 1976/2059/99 1845/2080/99 1975/2078/99 1848/2059/99
f 1977/2060/99 1973/2059/99 1847/2059/99 1846/2080/99
f 1840/2059/99 1978/2081/99 1837/2066/99 1951/2059/99
f 1980/2081/99 1979/2059/99 1839/2059/99 1838/2066/99
f 1844/2059/99 1981/2080/99 1841/2078/99 1971/2059/99
f 1983/2060/99 1982/2059/99 1843/2059/99 1842/2078/99
f 1982/2059/33 1984/2058/33 1829/2074/33 1843/2059/33
f 1832/2058/33 1976/2059/33 1848/2059/33 1968/2058/33
f 1831/2058/53 1985/2057/53 1823/2073/53 1972/2058/53
f 1826/2058/33 1836/2059/33 1954/2059/33 1965/2074/33
f 1979/2059/33 1827/2082/33 1967/2082/33 1839/2059/33
f 1825/2074/53 1986/2073/53 1817/2073/53 1969/2074/53
f 1820/2073/53 1828/2074/53 1952/2074/53 1961/2073/53
f 1984/2058/53 1821/2073/53 1964/2073/53 1829/2058/53
f 1819/2073/12 1987/2083/12 1918/2083/12 1966/2073/12
f 1915/2064/12 1822/2073/12 1950/2073/12 1957/2064/12
f 1985/2057/12 1914/2064/12 1960/2064/12 1823/2057/12
f 1916/2064/54 1988/2063/54 1924/2063/54 1963/2064/54
f 1921/2065/54 1913/2064/54 1948/2064/54 1989/2063/54
f 1986/2073/12 1990/2083/12 1920/2083/12 1817/2073/12
f 1991/2084/15 1923/2063/15 1958/2063/15 1931/2084/15
f 1992/2084/15 1921/2065/15 1989/2065/15 1929/2062/15
f 1993/2063/54 1919/2083/54 1946/2083/54 1927/2063/54
f 1994/2063/54 1917/2083/54 1962/2083/54 1925/2063/54
f 1988/2063/15 1995/2084/15 1932/2084/15 1924/2063/15
f 1922/2063/15 1996/2084/15 1930/2084/15 1959/2063/15
f 1990/2083/54 1997/2063/54 1928/2063/54 1920/2083/54
f 1987/2083/54 1926/2063/54 1956/2063/54 1918/2083/54
f 1998/2062/15 1994/2063/15 1925/2063/15 1933/2084/15
f 1997/2063/15 1936/2084/15 1999/2062/15 1928/2063/15
f 1935/2062/15 1993/2063/15 1927/2063/15 2000/2062/15
f 1996/2084/58 1938/2061/58 2001/2079/58 1930/2084/58
f 1937/2079/58 1992/2084/58 1929/2084/58 2002/2061/58
f 1995/2084/58 1940/2061/58 2003/2079/58 1932/2062/58
f 1939/2079/58 1991/2084/58 1931/2084/58 2004/2061/58
f 1934/2084/58 2005/2061/58 1942/2079/58 1955/2062/58
f 2006/2079/58 1998/2062/58 1933/2062/58 1941/2061/58
f 1936/2084/58 2007/2061/58 1944/2079/58 1999/2062/58
f 2008/2079/58 1935/2062/58 2000/2062/58 1943/2061/58
f 1938/2061/16 1977/2060/16 1846/2078/16 2001/2061/16
f 1845/2080/16 1937/2079/16 2002/2079/16 1975/2080/16
f 1940/2061/16 1983/2060/16 1842/2066/16 2003/2061/16
f 1981/2080/16 1939/2079/16 2004/2079/16 1841/2080/16
f 2005/2061/16 1980/2081/16 1838/2066/16 1942/2061/16
f 1978/2081/16 2006/2079/16 1941/2079/16 1837/2081/16
f 2007/2061/16 1834/2066/16 1974/2066/16 1944/2061/16
f 1833/2066/16 2008/2079/16 1943/2079/16 1953/2066/16
f 1914/2064/1 1985/2057/1 2036/2057/1 2030/2064/1
f 1922/2063/1 1914/2064/1 2030/2064/1 2062/2063/1
f 1980/2081/1 2005/2061/1 2070/2061/1 2043/2081/1
f 1988/2063/1 1916/2064/1 2060/2064/1 2024/2063/1
f 1820/2073/9 1917/2083/9 2027/2083/9 2057/2073/9
f 2006/2079/9 1978/2081/9 2044/2081/9 2069/2079/9
f 1913/2064/9 1921/2065/9 2061/2065/9 2029/2064/9
f 1916/2064/1 1821/2073/1 2034/2073/1 2060/2064/1
f 1834/2066/1 2007/2061/1 2072/2061/1 2053/2066/1
f 1990/2083/1 1986/2073/1 2032/2073/1 2026/2083/1
f 1826/2058/9 1818/2073/9 2031/2073/9 2055/2058/9
f 2008/2079/9 1833/2066/9 2054/2066/9 2071/2079/9
f 1923/2063/9 1991/2084/9 2017/2084/9 2023/2063/9
f 1819/2073/1 1827/2082/1 2038/2082/1 2058/2073/1
f 1921/2065/9 1992/2084/9 2019/2084/9 2061/2065/9
f 1832/2058/9 1824/2057/9 2035/2057/9 2051/2058/9
f 1919/2083/9 1993/2063/9 2009/2063/9 2025/2083/9
f 1825/2074/1 1835/2059/1 2042/2059/1 2056/2074/1
f 1917/2083/9 1994/2063/9 2021/2063/9 2027/2083/9
f 1844/2059/9 1830/2058/9 2039/2058/9 2047/2059/9
f 1995/2084/1 1988/2063/1 2024/2063/1 2018/2084/1
f 1831/2058/1 1973/2059/1 2014/2059/1 2052/2058/1
f 1996/2084/1 1922/2063/1 2062/2063/1 2020/2084/1
f 1835/2059/1 1834/2066/1 2053/2066/1 2042/2059/1
f 1997/2063/1 1990/2083/1 2026/2083/1 2010/2063/1
f 1845/2080/9 1976/2059/9 2013/2059/9 2050/2080/9
f 1926/2063/1 1987/2083/1 2028/2083/1 2022/2063/1
f 1973/2059/1 1977/2060/1 2049/2060/1 2014/2059/1
f 1994/2063/9 1998/2062/9 2015/2062/9 2021/2063/9
f 1978/2081/9 1840/2059/9 2045/2059/9 2044/2081/9
f 1936/2084/1 1997/2063/1 2010/2063/1 2064/2084/1
f 1979/2059/1 1980/2081/1 2043/2081/1 2046/2059/1
f 2587/2101/9 2588/2102/9 2114/2068/9 2113/2067/9
f 2590/2103/9 2587/2101/9 2113/2067/9 2115/2069/9
f 2589/2104/9 2590/2103/9 2115/2069/9 2116/2070/9
f 2592/2105/9 2589/2104/9 2116/2070/9 2117/2071/9
f 2591/2106/9 2592/2105/9 2117/2071/9 2118/2075/9
f 2594/2107/9 2591/2106/9 2118/2075/9 2119/2076/9
f 2593/2108/9 2594/2107/9 2119/2076/9 2120/2077/9
f 2588/2102/9 2593/2108/9 2120/2077/9 2114/2068/9
f 2473/2266/16 2466/2267/16 2506/2267/16 2519/2266/16
f 2461/2268/1 2462/2269/1 2497/2269/1 2496/2268/1
f 2471/2270/15 2464/2271/15 2502/2271/15 2515/2270/15
f 2460/2272/15 2468/2273/15 2510/2273/15 2493/2272/15
f 2460/2272/12 2459/2274/12 2475/2260/12 2476/2259/12
f 2462/2269/15 2461/2268/15 2477/2200/15 2478/2199/15
f 2463/2275/16 2464/2271/16 2480/2262/16 2479/2261/16
f 2465/2276/33 2466/2267/33 2482/2210/33 2481/2263/33
f 2467/2277/12 2468/2273/12 2484/2207/12 2483/2208/12
f 2469/2278/15 2470/2279/15 2486/2199/15 2485/2200/15
f 2471/2270/16 2472/2280/16 2488/2265/16 2487/2264/16
f 2473/2266/33 2474/2281/33 2490/2263/33 2489/2209/33
f 2474/2281/33 2465/2276/33 2481/2263/33 2490/2263/33
f 2459/2274/12 2467/2277/12 2483/2208/12 2475/2260/12
f 2468/2273/12 2460/2272/12 2476/2259/12 2484/2207/12
f 2466/2267/33 2473/2266/33 2489/2209/33 2482/2210/33
f 2461/2268/15 2469/2278/15 2485/2200/15 2477/2200/15
f 2470/2279/15 2462/2269/15 2478/2199/15 2486/2199/15
f 2464/2271/16 2471/2270/16 2487/2264/16 2480/2262/16
f 2472/2280/16 2463/2275/16 2479/2261/16 2488/2265/16
f 2465/2276/12 2474/2281/12 2522/2281/12 2503/2276/12
f 2463/2275/33 2472/2280/33 2518/2280/33 2499/2275/33
f 2469/2278/12 2461/2268/12 2496/2268/12 2511/2278/12
f 2467/2277/33 2459/2274/33 2492/2274/33 2507/2277/33
f 2468/2273/9 2467/2277/9 2507/2277/9 2510/2273/9
f 2470/2279/9 2469/2278/9 2511/2278/9 2514/2279/9
f 2462/2269/16 2470/2279/16 2514/2279/16 2497/2269/16
f 2472/2280/9 2471/2270/9 2515/2270/9 2518/2280/9
f 2505/2282/9 2504/2283/9 2561/2283/9 2562/2282/9
f 2474/2281/9 2473/2266/9 2519/2266/9 2522/2281/9
f 2504/2283/16 2521/2284/16 2570/2284/16 2561/2283/16
f 2500/2285/15 2517/2286/15 2568/2286/15 2559/2285/15
f 2464/2271/1 2463/2275/1 2499/2275/1 2502/2271/1
f 2466/2267/1 2465/2276/1 2503/2276/1 2506/2267/1
f 2501/2287/9 2500/2285/9 2559/2285/9 2560/2287/9
f 2492/2274/234 2493/2272/234 2523/2288/234 2524/2289/234
f 2496/2268/228 2497/2269/228 2525/2290/228 2526/2291/228
f 2527/2292/232 2528/2293/232 2502/2271/232 2499/2275/232
f 2529/2294/226 2530/2295/226 2506/2267/226 2503/2276/226
f 2531/2296/212 2532/2297/212 2510/2273/212 2507/2277/212
f 2533/2298/224 2534/2299/224 2514/2279/224 2511/2278/224
f 2535/2300/211 2536/2301/211 2518/2280/211 2515/2270/211
f 2537/2302/222 2538/2303/222 2522/2281/222 2519/2266/222
f 2538/2303/53 2529/2294/53 2503/2276/53 2522/2281/53
f 2524/2289/53 2531/2296/53 2507/2277/53 2492/2274/53
f 2493/2272/54 2510/2273/54 2532/2297/54 2523/2288/54
f 2519/2266/99 2506/2267/99 2530/2295/99 2537/2302/99
f 2526/2291/54 2533/2298/54 2511/2278/54 2496/2268/54
f 2497/2269/58 2514/2279/58 2534/2299/58 2525/2290/58
f 2528/2293/58 2535/2300/58 2515/2270/58 2502/2271/58
f 2499/2275/99 2518/2280/99 2536/2301/99 2527/2292/99
f 2459/2274/1 2460/2272/1 2493/2272/1 2492/2274/1
f 2494/2304/12 2491/2305/12 2524/2289/12 2523/2288/12
f 2498/2306/15 2495/2307/15 2526/2291/15 2525/2290/15
f 2500/2285/16 2501/2287/16 2528/2293/16 2527/2292/16
f 2504/2283/33 2505/2282/33 2530/2295/33 2529/2294/33
f 2508/2308/12 2509/2309/12 2532/2297/12 2531/2296/12
f 2512/2307/15 2513/2310/15 2534/2299/15 2533/2298/15
f 2516/2311/16 2517/2286/16 2536/2301/16 2535/2300/16
f 2520/2312/33 2521/2284/33 2538/2303/33 2537/2302/33
f 2521/2284/33 2504/2283/33 2529/2294/33 2538/2303/33
f 2491/2305/12 2508/2308/12 2531/2296/12 2524/2289/12
f 2509/2309/12 2494/2304/12 2523/2288/12 2532/2297/12
f 2505/2282/33 2520/2312/33 2537/2302/33 2530/2295/33
f 2495/2307/15 2512/2307/15 2533/2298/15 2526/2291/15
f 2513/2310/15 2498/2306/15 2525/2290/15 2534/2299/15
f 2501/2287/16 2516/2311/16 2535/2300/16 2528/2293/16
f 2517/2286/16 2500/2285/16 2527/2292/16 2536/2301/16
f 2550/2313/1 2549/2314/1 2581/2314/1 2582/2313/1
f 2549/2314/16 2542/2315/16 2574/2315/16 2581/2314/16
f 2548/2316/1 2547/2317/1 2579/2317/1 2580/2316/1
f 2553/2318/12 2546/2319/12 2578/2319/12 2585/2318/12
f 2508/2308/15 2491/2305/15 2556/2305/15 2563/2308/15
f 2509/2309/1 2508/2308/1 2563/2308/1 2564/2309/1
f 2494/2304/33 2509/2309/33 2564/2309/33 2555/2304/33
f 2513/2310/1 2512/2307/1 2565/2307/1 2566/2310/1
f 2520/2312/12 2505/2282/12 2562/2282/12 2569/2312/12
f 2512/2307/16 2495/2307/16 2558/2307/16 2565/2307/16
f 2491/2305/9 2494/2304/9 2555/2304/9 2556/2305/9
f 2498/2306/12 2513/2310/12 2566/2310/12 2557/2306/12
f 2517/2286/1 2516/2311/1 2567/2311/1 2568/2286/1
f 2495/2307/9 2498/2306/9 2557/2306/9 2558/2307/9
f 2516/2311/33 2501/2287/33 2560/2287/33 2567/2311/33
f 2521/2284/1 2520/2312/1 2569/2312/1 2570/2284/1
f 2539/2320/12 2540/2321/12 2556/2305/12 2555/2304/12
f 2541/2322/15 2542/2315/15 2558/2307/15 2557/2306/15
f 2543/2323/16 2544/2324/16 2560/2287/16 2559/2285/16
f 2545/2325/33 2546/2319/33 2562/2282/33 2561/2283/33
f 2547/2317/12 2548/2316/12 2564/2309/12 2563/2308/12
f 2549/2314/15 2550/2313/15 2566/2310/15 2565/2307/15
f 2551/2326/16 2552/2327/16 2568/2286/16 2567/2311/16
f 2553/2318/33 2554/2328/33 2570/2284/33 2569/2312/33
f 2554/2328/33 2545/2325/33 2561/2283/33 2570/2284/33
f 2540/2321/12 2547/2317/12 2563/2308/12 2556/2305/12
f 2548/2316/12 2539/2320/12 2555/2304/12 2564/2309/12
f 2546/2319/33 2553/2318/33 2569/2312/33 2562/2282/33
f 2542/2315/15 2549/2314/15 2565/2307/15 2558/2307/15
f 2550/2313/15 2541/2322/15 2557/2306/15 2566/2310/15
f 2544/2324/16 2551/2326/16 2567/2311/16 2560/2287/16
f 2552/2327/16 2543/2323/16 2559/2285/16 2568/2286/16
f 2541/2322/12 2550/2313/12 2582/2313/12 2573/2322/12
f 2552/2327/1 2551/2326/1 2583/2326/1 2584/2327/1
f 2551/2326/33 2544/2324/33 2576/2324/33 2583/2326/33
f 2554/2328/1 2553/2318/1 2585/2318/1 2586/2328/1
f 2540/2321/9 2539/2320/9 2571/2320/9 2572/2321/9
f 2543/2323/15 2552/2327/15 2584/2327/15 2575/2323/15
f 2545/2325/16 2554/2328/16 2586/2328/16 2577/2325/16
f 2542/2315/9 2541/2322/9 2573/2322/9 2574/2315/9
f 2547/2317/15 2540/2321/15 2572/2321/15 2579/2317/15
f 2544/2324/9 2543/2323/9 2575/2323/9 2576/2324/9
f 2539/2320/33 2548/2316/33 2580/2316/33 2571/2320/33
f 2546/2319/9 2545/2325/9 2577/2325/9 2578/2319/9
usemtl M_Orange
f 923/910/9 917/911/9 935/912/9 942/913/9
f 1027/946/9 991/947/9 958/948/9 1030/949/9
f 988/950/9 1018/951/9 1024/952/9 919/953/9
f 1012/954/9 968/955/9 999/956/9 1014/957/9
f 990/958/9 1056/959/9 1052/960/9 951/961/9 959/962/9
f 1001/963/9 1009/964/9 1013/965/9 1005/966/9
f 955/967/9 954/968/9 971/969/9 973/970/9
f 1037/971/9 1035/972/9 985/973/9 918/974/9 922/975/9
f 939/976/9 938/977/9 945/978/9 948/979/9
f 928/980/9 1002/981/9 1008/982/9 994/983/9
f 967/984/9 961/985/9 1050/986/9 1046/987/9 1000/988/9
f 974/989/9 970/990/9 980/991/9 983/992/9
f 949/993/9 944/994/9 930/995/9 933/996/9
f 1017/997/9 1028/998/9 1029/999/9 1021/1000/9
f 934/1001/9 929/1002/9 993/1003/9 1043/1004/9 1041/1005/9
f 984/1010/9 979/1011/9 962/1012/9 966/1013/9
f 917/1668/351 918/974/351 919/1669/351 920/1670/351 921/1671/351
f 922/975/352 923/1672/352 924/1673/352 925/827/352
f 935/912/224 936/878/224 937/393/224 938/977/224
f 939/976/355 940/1102/355 941/590/355 942/913/355
f 973/970/222 974/989/222 975/1061/222 976/1070/222
f 993/1003/365 994/1696/365 995/1697/365 996/1698/365
f 1001/963/212 1002/981/212 1003/1057/212 1004/901/212
f 1005/966/367 1006/1133/367 1007/1046/367 1008/982/367
f 1009/964/212 1010/900/212 1011/1043/212 1012/954/212
f 1013/965/368 1014/957/368 1015/882/368 1016/1134/368
f 1017/997/369 1018/951/369 1019/101/369 1020/353/369
f 1021/1000/211 1022/1028/211 1023/893/211 1024/952/211
f 1029/999/211 1030/949/211 1031/1016/211 1032/1026/211
f 917/1668/9 923/1672/9 922/975/9 918/974/9
f 929/1002/9 934/1001/9 933/1904/9 930/1905/9
f 938/977/9 939/976/9 942/913/9 935/912/9
f 944/994/9 949/993/9 948/979/9 945/978/9
f 954/1906/9 955/1907/9 959/962/9 951/961/9
f 961/985/9 967/984/9 966/1908/9 962/1909/9
f 970/990/9 974/989/9 973/970/9 971/969/9
f 979/1011/9 984/1010/9 983/992/9 980/991/9
f 988/1910/9 919/1669/9 918/974/9 985/973/9
f 990/958/9 959/962/9 958/1911/9 991/1912/9
f 928/1913/9 994/1696/9 993/1003/9 929/1002/9
f 967/984/9 1000/988/9 999/1914/9 968/1915/9
f 1001/963/9 1005/966/9 1008/982/9 1002/981/9
f 1012/954/9 1014/957/9 1013/965/9 1009/964/9
f 1017/997/9 1021/1000/9 1024/952/9 1018/951/9
f 1027/946/9 1030/949/9 1029/999/9 1028/998/9
f 971/969/700 954/968/700 953/822/700 972/821/700
f 949/993/701 933/996/701 932/1035/701 950/1034/701
f 962/1012/702 979/1011/702 978/88/702 963/87/702
f 980/991/224 970/990/224 969/1107/224 977/1109/224
f 923/910/703 942/913/703 941/590/703 924/589/703
f 939/976/222 948/979/222 947/1103/222 940/1102/222
f 1018/951/704 988/950/704 987/102/704 1019/101/704
f 1014/957/705 999/956/705 998/880/705 1015/882/705
f 1002/981/212 928/980/212 927/1058/212 1003/1057/212
f 974/989/222 983/992/222 982/1062/222 975/1061/222
f 955/967/222 973/970/222 976/1070/222 956/1069/222
f 984/1010/222 966/1013/222 965/1085/222 981/1084/222
f 991/947/706 1027/946/706 1026/1141/706 992/1140/706
f 1028/998/212 1017/997/212 1020/353/212 1025/352/212
f 994/983/707 1008/982/707 1007/1046/707 995/1045/707
f 1005/966/211 1013/965/211 1016/1134/211 1006/1133/211
f 968/955/212 1012/954/212 1011/1043/212 964/1042/212
f 1009/964/212 1001/963/212 1004/901/212 1010/900/212
f 1035/972/580 1037/971/580 1036/1220/580 1033/1221/580
f 1041/1005/581 1043/1004/581 1042/1225/581 1039/1226/581
f 1046/987/594 1050/986/594 1049/909/594 1047/908/594
f 1052/960/583 1056/959/583 1055/1245/583 1053/1246/583
f 1000/988/211 1046/987/211 1045/933/211 997/932/211
f 1050/986/224 961/985/224 960/941/224 1048/940/224
f 951/961/224 1052/960/224 1051/812/224 952/814/224
f 1056/959/212 990/958/212 989/1251/212 1054/1250/212
f 985/973/212 1035/972/212 1034/833/212 986/835/212
f 1037/971/222 922/975/222 925/827/222 1038/828/222
f 934/1001/222 1041/1005/222 1040/929/222 931/928/222
f 1043/1004/211 993/1003/211 996/917/211 1044/918/211
f 2104/2055/9 2090/2089/9 2089/2022/9 2103/2038/9
f 2090/2089/9 2091/2090/9 2092/2021/9 2089/2022/9
f 2091/2090/9 2094/2091/9 2093/2044/9 2092/2021/9
f 2094/2091/9 2095/2023/9 2096/2035/9 2093/2044/9
f 2095/2023/9 2098/2024/9 2097/2034/9 2096/2035/9
f 2098/2024/9 2100/2095/9 2099/2096/9 2097/2034/9
f 2100/2095/9 2102/2054/9 2101/2048/9 2099/2096/9
f 2102/2054/9 2104/2055/9 2103/2038/9 2101/2048/9
f 2418/2167/1147 2419/2168/1147 2420/2166/1147 2417/2249/1147
f 2417/2249/1148 2421/2174/1148 2422/2250/1148 2418/2167/1148
f 2424/2169/1149 2422/2250/1149 2421/2174/1149 2423/2171/1149
f 2423/2171/1150 2425/2172/1150 2426/2164/1150 2424/2169/1150
f 2428/2163/1151 2426/2164/1151 2425/2172/1151 2427/2251/1151
f 2430/2252/1152 2428/2163/1152 2427/2251/1152 2429/2173/1152
f 2432/2170/1153 2430/2252/1153 2429/2173/1153 2431/2165/1153
f 2419/2168/1154 2432/2170/1154 2431/2165/1154 2420/2166/1154
f 2610/2330/53 2609/2329/53 2618/2338/53 2617/2337/53
f 2612/2332/54 2611/2331/54 2620/2331/54 2619/2339/54
f 2614/2334/58 2613/2333/58 2622/2333/58 2621/2334/58
f 2616/2336/99 2615/2335/99 2624/2335/99 2623/2340/99
usemtl M_Gris_Métal
f 819/162/21 191/163/21 1086/164/21 1097/165/21
f 803/166/22 59/167/22 1068/167/22 1079/168/22
f 799/347/37 51/348/37 1062/348/37 1073/349/37
f 806/797/89 800/798/89 1072/798/89 1069/799/89
f 870/823/91 820/824/91 1096/825/91 1093/826/91
f 47/942/96 807/943/96 1071/944/96 1058/945/96
f 1061/1006/17 1059/1007/17 1070/1008/17 1074/1009/17
f 814/1104/100 804/1105/100 1078/1105/100 1075/1106/100
f 55/1110/101 815/1111/101 1077/1111/101 1064/1112/101
f 874/1135/104 824/1136/104 1102/1136/104 1099/1137/104
f 195/1142/106 875/1143/106 1101/1143/106 1088/1144/106
f 187/1145/107 871/1146/107 1095/1147/107 1082/1148/107
f 1085/1149/24 1083/1150/24 1094/1151/24 1098/1152/24
f 1067/1153/19 1065/1154/19 1076/1155/19 1080/1156/19
f 1091/1157/8 1089/1158/8 1100/1159/8 1104/1160/8
f 823/1196/109 199/1197/109 1092/1197/109 1103/1198/109
f 1069/799/383 1070/1008/383 1071/944/383
f 1072/798/384 1073/349/384 1074/1009/384
f 1075/1106/385 1076/1155/385 1077/1111/385
f 1078/1105/386 1079/168/386 1080/1156/386
f 1093/826/391 1094/1151/391 1095/1147/391
f 1096/825/392 1097/165/392 1098/1152/392
f 1099/1137/393 1100/1159/393 1101/1143/393
f 1102/1136/394 1103/1198/394 1104/1160/394
f 1059/1007/715 1061/1006/715 1060/1212/715 1057/1211/715
f 1065/1154/716 1067/1153/716 1066/1195/716 1063/1194/716
f 1069/799/731 1072/798/731 1074/1009/731 1070/1008/731
f 1075/1106/732 1078/1105/732 1080/1156/732 1076/1155/732
f 1067/1153/719 1080/1156/719 1079/168/719 1068/167/719
f 1064/1112/720 1077/1111/720 1076/1155/720 1065/1154/720
f 1061/1006/721 1074/1009/721 1073/349/721 1062/348/721
f 1058/945/722 1071/944/722 1070/1008/722 1059/1007/722
f 1083/1150/733 1085/1149/733 1084/376/733 1081/375/733
f 1089/1158/734 1091/1157/734 1090/1122/734 1087/1121/734
f 1093/826/735 1096/825/735 1098/1152/735 1094/1151/735
f 1099/1137/726 1102/1136/726 1104/1160/726 1100/1159/726
f 1091/1157/727 1104/1160/727 1103/1198/727 1092/1197/727
f 1088/1144/728 1101/1143/728 1100/1159/728 1089/1158/728
f 1085/1149/729 1098/1152/729 1097/165/729 1086/164/729
f 1082/1148/730 1095/1147/730 1094/1151/730 1083/1150/730
f 47/942/736 1058/945/736 1057/1211/736 48/1210/736
f 1062/348/737 51/348/737 50/1209/737 1060/1212/737
f 870/823/738 1093/826/738 1095/1147/738 871/1146/738
f 1086/164/740 191/163/740 190/373/740 1084/376/740
f 55/1110/741 1064/1112/741 1063/1194/741 56/1193/741
f 1068/167/742 59/167/742 58/1192/742 1066/1195/742
f 195/1142/743 1088/1144/743 1087/1121/743 196/1120/743
f 1092/1197/744 199/1197/744 198/1119/744 1090/1122/744
f 799/347/745 1073/349/745 1072/798/745 800/798/745
f 1071/944/746 807/943/746 806/797/746 1069/799/746
f 819/162/747 1097/165/747 1096/825/747 820/824/747
f 803/166/748 1079/168/748 1078/1105/748 804/1105/748
f 1077/1111/749 815/1111/749 814/1104/749 1075/1106/749
f 823/1196/750 1103/1198/750 1102/1136/750 824/1136/750
f 1101/1143/751 875/1143/751 874/1135/751 1099/1137/751
usemtl M_Cyan
f 1217/1336/38 1220/1337/38 1223/1338/38 1213/1339/38
f 1229/1344/113 1231/1345/113 1233/1346/113 1225/1347/113
f 1237/1348/55 1238/1349/55 1240/1350/55 1234/1351/55
f 1244/1352/118 1246/1353/118 1248/1354/118 1241/1355/118
f 2014/2059/99 2049/2060/99 2050/2080/99 2013/2059/99
f 2048/2059/99 2011/2060/99 2012/2080/99 2047/2059/99
f 2046/2059/99 2043/2081/99 2044/2081/99 2045/2059/99
f 2042/2059/99 2053/2066/99 2054/2066/99 2041/2059/99
f 2052/2058/33 2014/2059/33 2013/2059/33 2051/2058/33
f 2040/2058/33 2048/2059/33 2047/2059/33 2039/2058/33
f 2038/2082/33 2046/2059/33 2045/2059/33 2037/2074/33
f 2056/2074/33 2042/2059/33 2041/2059/33 2055/2058/33
f 2036/2057/53 2052/2058/53 2051/2058/53 2035/2057/53
f 2034/2073/53 2040/2058/53 2039/2058/53 2033/2073/53
f 2058/2073/53 2038/2082/53 2037/2074/53 2057/2073/53
f 2032/2073/53 2056/2074/53 2055/2058/53 2031/2073/53
f 2030/2064/12 2036/2057/12 2035/2057/12 2029/2064/12
f 2060/2064/12 2034/2073/12 2033/2073/12 2059/2064/12
f 2028/2083/12 2058/2073/12 2057/2073/12 2027/2083/12
f 2026/2083/12 2032/2073/12 2031/2073/12 2025/2083/12
f 2062/2063/54 2030/2064/54 2029/2064/54 2061/2065/54
f 2024/2063/54 2060/2064/54 2059/2064/54 2023/2063/54
f 2022/2063/54 2028/2083/54 2027/2083/54 2021/2063/54
f 2010/2063/54 2026/2083/54 2025/2083/54 2009/2063/54
f 2020/2084/15 2062/2063/15 2061/2065/15 2019/2084/15
f 2018/2084/15 2024/2063/15 2023/2063/15 2017/2084/15
f 2016/2084/15 2022/2063/15 2021/2063/15 2015/2062/15
f 2064/2084/15 2010/2063/15 2009/2063/15 2063/2062/15
f 2066/2061/58 2020/2084/58 2019/2084/58 2065/2079/58
f 2068/2061/58 2018/2084/58 2017/2084/58 2067/2079/58
f 2070/2061/58 2016/2084/58 2015/2062/58 2069/2079/58
f 2072/2061/58 2064/2084/58 2063/2062/58 2071/2079/58
f 2049/2060/16 2066/2061/16 2065/2079/16 2050/2080/16
f 2011/2060/16 2068/2061/16 2067/2079/16 2012/2080/16
f 2043/2081/16 2070/2061/16 2069/2079/16 2044/2081/16
f 2053/2066/16 2072/2061/16 2071/2079/16 2054/2066/16
f 2232/2134/12 2169/2135/12 2124/2119/12
f 2212/2114/15 2172/2115/15 2122/2114/15
f 2264/2136/16 2288/2110/16 2123/2109/16
f 2286/2132/33 2121/2131/33 2252/2137/33
f 2271/2136/99 2253/2140/99 2128/2141/99 2191/2142/99 2281/2136/99
f 2188/2114/58 2203/2143/58 2201/2144/58 2127/2144/58 2282/2145/58
f 2185/2119/54 2223/2146/54 2221/2147/54 2126/2147/54 2186/2148/54
f 2184/2149/12 2125/2139/12 2241/2139/12
f 2190/2150/16 2127/2144/16 2201/2144/16
f 2278/2151/15 2126/2147/15 2221/2147/15
f 2181/2155/33 2128/2141/33 2253/2140/33
f 2263/2156/16 2266/2109/16 2194/2144/16 2175/2157/16
f 2150/2160/1035 2152/2161/1035 2168/2161/1035 2167/2160/1035
f 2161/2175/9 2163/2179/9 2164/2181/9 2165/2183/9 2166/2185/9 2167/2160/9 2168/2161/9 2162/2176/9
f 2146/2183/1052 2148/2185/1052 2166/2185/1052 2165/2183/1052
f 2142/2179/1053 2144/2181/1053 2164/2181/1053 2163/2179/1053
f 2139/2176/1054 2138/2175/1054 2161/2175/1054 2162/2176/1054
f 2152/2161/1055 2139/2176/1055 2162/2176/1055 2168/2161/1055
f 2148/2185/1056 2150/2160/1056 2167/2160/1056 2166/2185/1056
f 2144/2181/1057 2146/2183/1057 2165/2183/1057 2164/2181/1057
f 2138/2175/1058 2142/2179/1058 2163/2179/1058 2161/2175/1058
f 2243/2137/53 2241/2139/53 2125/2139/53 2182/2189/53 2279/2131/53
f 2260/2140/99 2266/2109/99 2263/2156/99 2261/2140/99
f 2258/2153/99 2268/2109/99 2265/2109/99 2259/2190/99
f 2256/2190/99 2270/2136/99 2267/2136/99 2257/2141/99
f 2173/2147/54 2214/2191/54 2232/2134/54 2124/2119/54 2285/2192/54
f 2170/2139/12 2231/2134/12 2230/2119/12 2234/2139/12
f 2228/2134/12 2236/2139/12 2233/2139/12 2229/2134/12
f 2226/2146/12 2238/2193/12 2235/2194/12 2227/2195/12
f 2224/2146/12 2240/2194/12 2237/2193/12 2225/2146/12
f 2175/2157/58 2194/2144/58 2212/2114/58 2122/2114/58 2176/2196/58
f 2173/2147/15 2211/2114/15 2210/2114/15 2214/2191/15
f 2208/2114/15 2216/2191/15 2213/2191/15 2209/2114/15
f 2206/2197/15 2218/2191/15 2215/2191/15 2207/2114/15
f 2204/2143/15 2220/2147/15 2217/2191/15 2205/2143/15
f 2210/2114/58 2211/2114/58 2193/2198/58 2196/2198/58
f 2208/2114/58 2209/2114/58 2195/2157/58 2198/2157/58
f 2206/2143/58 2207/2114/58 2197/2157/58 2200/2157/58
f 2204/2114/58 2205/2197/58 2199/2157/58 2202/2157/58
f 2255/2140/99 2254/2140/99 2272/2136/99 2269/2136/99
f 2251/2131/33 2250/2131/33 2262/2141/33 2178/2141/33
f 2248/2201/33 2260/2140/33 2261/2140/33 2249/2131/33
f 2246/2201/33 2258/2141/33 2259/2190/33 2247/2201/33
f 2244/2131/33 2256/2140/33 2257/2141/33 2245/2201/33
f 2250/2131/53 2251/2131/53 2233/2139/53 2236/2194/53
f 2248/2201/53 2249/2131/53 2235/2139/53 2238/2193/53
f 2246/2202/53 2247/2201/53 2237/2193/53 2240/2193/53
f 2244/2131/53 2245/2201/53 2239/2194/53 2242/2139/53
f 2230/2119/54 2231/2134/54 2213/2191/54 2216/2191/54
f 2228/2134/54 2229/2134/54 2215/2203/54 2218/2191/54
f 2226/2146/54 2227/2134/54 2217/2191/54 2220/2147/54
f 2224/2146/54 2225/2146/54 2219/2147/54 2222/2147/54
f 2178/2141/99 2262/2141/99 2264/2136/99 2123/2109/99 2179/2204/99
f 2193/2198/16 2265/2109/16 2268/2109/16 2196/2198/16
f 2195/2144/16 2267/2109/16 2270/2109/16 2198/2157/16
f 2197/2157/16 2269/2136/16 2272/2136/16 2200/2157/16
f 2271/2136/16 2281/2136/16 2202/2157/16 2199/2157/16
f 2203/2114/15 2188/2114/15 2222/2147/15 2219/2147/15
f 2223/2206/12 2185/2119/12 2242/2139/12 2239/2193/12
f 2243/2131/33 2279/2131/33 2254/2140/33 2255/2190/33
f 2121/2131/53 2287/2248/53 2170/2139/53 2234/2139/53 2252/2137/53
f 2576/2324/16 2575/2323/16 2584/2327/16 2583/2326/16
f 2578/2319/33 2577/2325/33 2586/2328/33 2585/2318/33
f 2572/2321/12 2571/2320/12 2580/2316/12 2579/2317/12
f 2574/2315/15 2573/2322/15 2582/2313/15 2581/2314/15
